year,tournament_type,district,match_no,round,round_code,team1,team1_id,team1_prefecture,team1_region,score1,team2,team2_id,team2_prefecture,team2_region,score2,result_team1,margin,note,exclude_from_rating,source_dataset
2017,選抜,,1,１ 回 戦,1R,市呉,4874,広島,中国,6,至学館,4857,愛知,東海,5,1,1,延長12回,0,v1_3_workcopy.xlsx
2017,選抜,,2,１ 回 戦,1R,履正社,432,大阪,近畿,12,日大三,171,東京,東京,5,1,7,,0,v1_3_workcopy.xlsx
2017,選抜,,3,１ 回 戦,1R,智弁学園,3009,奈良,近畿,9,熊本工,422,熊本,九州,0,1,9,,0,v1_3_workcopy.xlsx
2017,選抜,,4,１ 回 戦,1R,盛岡大付,3833,岩手,東北,10,高岡商,425,富山,北信越,9,1,1,延長10回逆転サヨナラ,0,v1_3_workcopy.xlsx
2017,選抜,,5,１ 回 戦,1R,報徳学園,793,兵庫,近畿,21,多治見,981,岐阜,東海,0,1,21,,0,v1_3_workcopy.xlsx
2017,選抜,,6,１ 回 戦,1R,前橋育英,2803,群馬,関東,5,中村,1709,高知,四国,1,1,4,,0,v1_3_workcopy.xlsx
2017,選抜,,7,１ 回 戦,1R,福岡大大濠,2143,福岡,九州,6,創志学園,4917,岡山,中国,3,1,3,,0,v1_3_workcopy.xlsx
2017,選抜,,8,１ 回 戦,1R,滋賀学園,4703,滋賀,近畿,6,東海大市原望洋,4399,千葉,関東,2,1,4,延長14回,0,v1_3_workcopy.xlsx
2017,選抜,,9,１ 回 戦,1R,健大高崎,4784,群馬,関東,11,札幌第一,2430,北海道,北海道,1,1,10,,0,v1_3_workcopy.xlsx
2017,選抜,,10,１ 回 戦,1R,福井工大福井,2467,福井,北信越,6,仙台育英,646,宮城,東北,4,1,2,,0,v1_3_workcopy.xlsx
2017,選抜,,11,１ 回 戦,1R,秀岳館,2337,熊本,九州,11,高田商,2278,奈良,近畿,1,1,10,,0,v1_3_workcopy.xlsx
2017,選抜,,12,１ 回 戦,1R,作新学院,387,栃木,関東,9,帝京五,2771,愛媛,四国,1,1,8,,0,v1_3_workcopy.xlsx
2017,選抜,,13,１ 回 戦,1R,東海大福岡,3160,福岡,九州,2,神戸国際大付,2799,兵庫,近畿,1,1,1,サヨナラ,0,v1_3_workcopy.xlsx
2017,選抜,,14,１ 回 戦,1R,早稲田実,14,東京,東京,5,明徳義塾,3461,高知,四国,4,1,1,延長10回,0,v1_3_workcopy.xlsx
2017,選抜,,15,１ 回 戦,1R,静岡,162,静岡,東海,12,不来方,4471,岩手,東北,3,1,9,,0,v1_3_workcopy.xlsx
2017,選抜,,16,１ 回 戦,1R,大阪桐蔭,4498,大阪,近畿,11,宇部鴻城,2800,山口,中国,0,1,11,,0,v1_3_workcopy.xlsx
2017,選抜,,17,２ 回 戦,2R,履正社,432,大阪,近畿,1,市呉,4874,広島,中国,0,1,1,,0,v1_3_workcopy.xlsx
2017,選抜,,18,２ 回 戦,2R,盛岡大付,3833,岩手,東北,5,智弁学園,3009,奈良,近畿,1,1,4,,0,v1_3_workcopy.xlsx
2017,選抜,,19,２ 回 戦,2R,報徳学園,793,兵庫,近畿,4,前橋育英,2803,群馬,関東,0,1,4,,0,v1_3_workcopy.xlsx
2017,選抜,,20,２ 回 戦,2R,福岡大大濠,2143,福岡,九州,1,滋賀学園,4703,滋賀,近畿,1,0.5,0,延長15回引分け,0,v1_3_workcopy.xlsx
2017,選抜,,21,２ 回 戦,2R,福井工大福井,2467,福井,北信越,7,健大高崎,4784,群馬,関東,7,0.5,0,延長15回引分け,0,v1_3_workcopy.xlsx
2017,選抜,,22,２ 回 戦,2R,秀岳館,2337,熊本,九州,3,作新学院,387,栃木,関東,2,1,1,,0,v1_3_workcopy.xlsx
2017,選抜,,23,２ 回 戦,2R,東海大福岡,3160,福岡,九州,11,早稲田実,14,東京,東京,8,1,3,,0,v1_3_workcopy.xlsx
2017,選抜,,24,２ 回 戦,2R,大阪桐蔭,4498,大阪,近畿,11,静岡,162,静岡,東海,8,1,3,,0,v1_3_workcopy.xlsx
2017,選抜,,25,２ 回 戦,2R,福岡大大濠,2143,福岡,九州,5,滋賀学園,4703,滋賀,近畿,3,1,2,,0,v1_3_workcopy.xlsx
2017,選抜,,26,２ 回 戦,2R,健大高崎,4784,群馬,関東,10,福井工大福井,2467,福井,北信越,2,1,8,,0,v1_3_workcopy.xlsx
2017,選抜,,27,準々決勝,QF,履正社,432,大阪,近畿,8,盛岡大付,3833,岩手,東北,1,1,7,,0,v1_3_workcopy.xlsx
2017,選抜,,28,準々決勝,QF,報徳学園,793,兵庫,近畿,8,福岡大大濠,2143,福岡,九州,3,1,5,,0,v1_3_workcopy.xlsx
2017,選抜,,29,準々決勝,QF,秀岳館,2337,熊本,九州,9,健大高崎,4784,群馬,関東,2,1,7,,0,v1_3_workcopy.xlsx
2017,選抜,,30,準々決勝,QF,大阪桐蔭,4498,大阪,近畿,4,東海大福岡,3160,福岡,九州,2,1,2,,0,v1_3_workcopy.xlsx
2017,選抜,,31,準 決 勝,SF,履正社,432,大阪,近畿,6,報徳学園,793,兵庫,近畿,4,1,2,,0,v1_3_workcopy.xlsx
2017,選抜,,32,準 決 勝,SF,大阪桐蔭,4498,大阪,近畿,2,秀岳館,2337,熊本,九州,1,1,1,,0,v1_3_workcopy.xlsx
2017,選抜,,33, 決  勝,F,大阪桐蔭,4498,大阪,近畿,8,履正社,432,大阪,近畿,3,1,5,,0,v1_3_workcopy.xlsx
2017,春季地区,北海道,1,１ 回 戦,1R,札幌日大,4447,北海道,北海道,13,鵡川,4502,北海道,北海道,9,1,4,,0,v1_3_workcopy.xlsx
2017,春季地区,北海道,2,１ 回 戦,1R,稚内大谷,3092,北海道,北海道,3,旭川実,2513,北海道,北海道,2,1,1,,0,v1_3_workcopy.xlsx
2017,春季地区,北海道,3,１ 回 戦,1R,北照,399,北海道,北海道,4,札幌南,244,北海道,北海道,1,1,3,,0,v1_3_workcopy.xlsx
2017,春季地区,北海道,4,１ 回 戦,1R,函館大有斗,1517,北海道,北海道,10,遠軽,1353,北海道,北海道,9,1,1,延長10回サヨナラ,0,v1_3_workcopy.xlsx
2017,春季地区,北海道,5,１ 回 戦,1R,札幌第一,2430,北海道,北海道,11,旭川大高,2769,北海道,北海道,1,1,10,7回コールド,0,v1_3_workcopy.xlsx
2017,春季地区,北海道,6,１ 回 戦,1R,駒大苫小牧,2767,北海道,北海道,3,東海大札幌,2889,北海道,北海道,1,1,2,,0,v1_3_workcopy.xlsx
2017,春季地区,北海道,7,１ 回 戦,1R,武修館,3379,北海道,北海道,10,北広島,3745,北海道,北海道,9,1,1,,0,v1_3_workcopy.xlsx
2017,春季地区,北海道,8,１ 回 戦,1R,帯広大谷,4688,北海道,北海道,8,滝川西,2426,北海道,北海道,3,1,5,,0,v1_3_workcopy.xlsx
2017,春季地区,北海道,9,準々決勝,QF,稚内大谷,3092,北海道,北海道,4,札幌日大,4447,北海道,北海道,2,1,2,,0,v1_3_workcopy.xlsx
2017,春季地区,北海道,10,準々決勝,QF,函館大有斗,1517,北海道,北海道,4,北照,399,北海道,北海道,2,1,2,,0,v1_3_workcopy.xlsx
2017,春季地区,北海道,11,準々決勝,QF,駒大苫小牧,2767,北海道,北海道,14,札幌第一,2430,北海道,北海道,4,1,10,7回コールド,0,v1_3_workcopy.xlsx
2017,春季地区,北海道,12,準々決勝,QF,帯広大谷,4688,北海道,北海道,8,武修館,3379,北海道,北海道,1,1,7,7回コールド,0,v1_3_workcopy.xlsx
2017,春季地区,北海道,13,準 決 勝,SF,函館大有斗,1517,北海道,北海道,4,稚内大谷,3092,北海道,北海道,2,1,2,,0,v1_3_workcopy.xlsx
2017,春季地区,北海道,14,準 決 勝,SF,駒大苫小牧,2767,北海道,北海道,9,帯広大谷,4688,北海道,北海道,8,1,1,延長13回サヨナラ、タイブレーク,0,v1_3_workcopy.xlsx
2017,春季地区,北海道,15, 決  勝,F,駒大苫小牧,2767,北海道,北海道,6,函館大有斗,1517,北海道,北海道,4,1,2,,0,v1_3_workcopy.xlsx
2017,春季地区,東北,1,１ 回 戦,1R,東日大昌平,4758,福島,東北,7,大船渡東,2912,岩手,東北,3,1,4,,0,v1_3_workcopy.xlsx
2017,春季地区,東北,2,１ 回 戦,1R,九里学園,4711,山形,東北,7,角館,720,秋田,東北,5,1,2,延長10回、タイブレーク,0,v1_3_workcopy.xlsx
2017,春季地区,東北,3,２ 回 戦,2R,八戸学院光星,2310,青森,東北,3,明桜,2201,秋田,東北,2,1,1,,0,v1_3_workcopy.xlsx
2017,春季地区,東北,4,２ 回 戦,2R,東陵,4098,宮城,東北,2,青森山田,2309,青森,東北,1,1,1,,0,v1_3_workcopy.xlsx
2017,春季地区,東北,5,２ 回 戦,2R,仙台育英,646,宮城,東北,3,聖光学院,2638,福島,東北,1,1,2,,0,v1_3_workcopy.xlsx
2017,春季地区,東北,6,２ 回 戦,2R,聖愛,4759,青森,東北,7,盛岡大付,3833,岩手,東北,4,1,3,延長10回、タイブレーク,0,v1_3_workcopy.xlsx
2017,春季地区,東北,7,２ 回 戦,2R,東北,291,宮城,東北,4,九里学園,4711,山形,東北,3,1,1,,0,v1_3_workcopy.xlsx
2017,春季地区,東北,8,２ 回 戦,2R,東日大昌平,4758,福島,東北,3,日大山形,2421,山形,東北,0,1,3,,0,v1_3_workcopy.xlsx
2017,春季地区,東北,9,２ 回 戦,2R,いわき光洋,4709,福島,東北,8,久慈,2064,岩手,東北,1,1,7,7回コールド,0,v1_3_workcopy.xlsx
2017,春季地区,東北,10,２ 回 戦,2R,羽黒,2801,山形,東北,5,能代松陽,910,秋田,東北,2,1,3,,0,v1_3_workcopy.xlsx
2017,春季地区,東北,11,準々決勝,QF,東日大昌平,4758,福島,東北,7,いわき光洋,4709,福島,東北,0,1,7,8回コールド,0,v1_3_workcopy.xlsx
2017,春季地区,東北,12,準々決勝,QF,八戸学院光星,2310,青森,東北,4,東陵,4098,宮城,東北,3,1,1,サヨナラ,0,v1_3_workcopy.xlsx
2017,春季地区,東北,13,準々決勝,QF,仙台育英,646,宮城,東北,8,聖愛,4759,青森,東北,1,1,7,8回コールド,0,v1_3_workcopy.xlsx
2017,春季地区,東北,14,準々決勝,QF,東北,291,宮城,東北,11,羽黒,2801,山形,東北,3,1,8,8回コールド,0,v1_3_workcopy.xlsx
2017,春季地区,東北,15,準 決 勝,SF,八戸学院光星,2310,青森,東北,7,東日大昌平,4758,福島,東北,0,1,7,8回コールド,0,v1_3_workcopy.xlsx
2017,春季地区,東北,16,準 決 勝,SF,仙台育英,646,宮城,東北,7,東北,291,宮城,東北,5,1,2,サヨナラ,0,v1_3_workcopy.xlsx
2017,春季地区,東北,17, 決  勝,F,仙台育英,646,宮城,東北,1,八戸学院光星,2310,青森,東北,0,1,1,,0,v1_3_workcopy.xlsx
2017,春季地区,関東,1,１ 回 戦,1R,健大高崎,4784,群馬,関東,7,石岡一,411,茨城,関東,0,1,7,8回コールド,0,v1_3_workcopy.xlsx
2017,春季地区,関東,2,１ 回 戦,1R,横浜,1041,神奈川,関東,10,土浦湖北,4232,茨城,関東,0,1,10,7回コールド,0,v1_3_workcopy.xlsx
2017,春季地区,関東,3,２ 回 戦,2R,前橋育英,2803,群馬,関東,1,駿台甲府,2344,山梨,関東,0,1,1,延長10回サヨナラ、タイブレーク,0,v1_3_workcopy.xlsx
2017,春季地区,関東,4,２ 回 戦,2R,東海大相模,2773,神奈川,関東,14,千葉敬愛,552,千葉,関東,4,1,10,5回コールド,0,v1_3_workcopy.xlsx
2017,春季地区,関東,5,２ 回 戦,2R,浦和学院,3733,埼玉,関東,2,横浜,1041,神奈川,関東,0,1,2,,0,v1_3_workcopy.xlsx
2017,春季地区,関東,6,２ 回 戦,2R,霞ヶ浦,1719,茨城,関東,8,白鴎大足利,2509,栃木,関東,1,1,7,8回コールド,0,v1_3_workcopy.xlsx
2017,春季地区,関東,7,２ 回 戦,2R,日大三,171,東京,東京,10,専大松戸,2480,千葉,関東,9,1,1,,0,v1_3_workcopy.xlsx
2017,春季地区,関東,8,２ 回 戦,2R,作新学院,387,栃木,関東,17,明秀日立,4652,茨城,関東,2,1,15,5回コールド,0,v1_3_workcopy.xlsx
2017,春季地区,関東,9,２ 回 戦,2R,早稲田実,14,東京,東京,10,花咲徳栄,4107,埼玉,関東,9,1,1,延長10回サヨナラ、タイブレーク,0,v1_3_workcopy.xlsx
2017,春季地区,関東,10,２ 回 戦,2R,健大高崎,4784,群馬,関東,4,山梨学院,2336,山梨,関東,3,1,1,,0,v1_3_workcopy.xlsx
2017,春季地区,関東,11,準々決勝,QF,浦和学院,3733,埼玉,関東,2,前橋育英,2803,群馬,関東,0,1,2,,0,v1_3_workcopy.xlsx
2017,春季地区,関東,12,準々決勝,QF,作新学院,387,栃木,関東,8,早稲田実,14,東京,東京,4,1,4,,0,v1_3_workcopy.xlsx
2017,春季地区,関東,13,準々決勝,QF,日大三,171,東京,東京,8,霞ヶ浦,1719,茨城,関東,6,1,2,,0,v1_3_workcopy.xlsx
2017,春季地区,関東,14,準々決勝,QF,東海大相模,2773,神奈川,関東,3,健大高崎,4784,群馬,関東,2,1,1,,0,v1_3_workcopy.xlsx
2017,春季地区,関東,15,準 決 勝,SF,浦和学院,3733,埼玉,関東,6,日大三,171,東京,東京,4,1,2,,0,v1_3_workcopy.xlsx
2017,春季地区,関東,16,準 決 勝,SF,東海大相模,2773,神奈川,関東,5,作新学院,387,栃木,関東,4,1,1,延長10回サヨナラ、タイブレーク,0,v1_3_workcopy.xlsx
2017,春季地区,関東,17, 決  勝,F,浦和学院,3733,埼玉,関東,3,東海大相模,2773,神奈川,関東,2,1,1,,0,v1_3_workcopy.xlsx
2017,春季地区,北信越,1,１ 回 戦,1R,啓新,4943,福井,北信越,9,関根学園,2579,新潟,北信越,0,1,9,8回コールド,0,v1_3_workcopy.xlsx
2017,春季地区,北信越,2,１ 回 戦,1R,星稜,2627,石川,北信越,7,新潟明訓,1526,新潟,北信越,0,1,7,7回コールド,0,v1_3_workcopy.xlsx
2017,春季地区,北信越,3,１ 回 戦,1R,中越,2307,新潟,北信越,6,砺波工,3125,富山,北信越,4,1,2,,0,v1_3_workcopy.xlsx
2017,春季地区,北信越,4,１ 回 戦,1R,東海大諏訪,2785,長野,北信越,4,福井工大福井,2467,福井,北信越,2,1,2,,0,v1_3_workcopy.xlsx
2017,春季地区,北信越,5,準々決勝,QF,星稜,2627,石川,北信越,7,高岡商,425,富山,北信越,0,1,7,7回コールド,0,v1_3_workcopy.xlsx
2017,春季地区,北信越,6,準々決勝,QF,金沢,645,石川,北信越,13,啓新,4943,福井,北信越,5,1,8,,0,v1_3_workcopy.xlsx
2017,春季地区,北信越,7,準々決勝,QF,日本文理,4328,新潟,北信越,8,東海大諏訪,2785,長野,北信越,3,1,5,,0,v1_3_workcopy.xlsx
2017,春季地区,北信越,8,準々決勝,QF,小諸商,266,長野,北信越,2,中越,2307,新潟,北信越,1,1,1,サヨナラ,0,v1_3_workcopy.xlsx
2017,春季地区,北信越,9,準 決 勝,SF,星稜,2627,石川,北信越,5,日本文理,4328,新潟,北信越,2,1,3,,0,v1_3_workcopy.xlsx
2017,春季地区,北信越,10,準 決 勝,SF,金沢,645,石川,北信越,5,小諸商,266,長野,北信越,2,1,3,,0,v1_3_workcopy.xlsx
2017,春季地区,北信越,11, 決  勝,F,星稜,2627,石川,北信越,5,金沢,645,石川,北信越,0,1,5,,0,v1_3_workcopy.xlsx
2017,春季地区,東海,1,準々決勝,QF,至学館,4857,愛知,東海,6,中京,2628,岐阜,東海,4,1,2,,0,v1_3_workcopy.xlsx
2017,春季地区,東海,2,準々決勝,QF,静岡,162,静岡,東海,7,近大高専,2680,三重,東海,3,1,4,,0,v1_3_workcopy.xlsx
2017,春季地区,東海,3,準々決勝,QF,大垣日大,2639,岐阜,東海,12,津田学園,4572,三重,東海,0,1,12,6回コールド,0,v1_3_workcopy.xlsx
2017,春季地区,東海,4,準々決勝,QF,東邦,641,愛知,東海,8,東海大静岡翔洋,1044,静岡,東海,0,1,8,7回コールド,0,v1_3_workcopy.xlsx
2017,春季地区,東海,5,準 決 勝,SF,大垣日大,2639,岐阜,東海,8,東邦,641,愛知,東海,5,1,3,,0,v1_3_workcopy.xlsx
2017,春季地区,東海,6,準 決 勝,SF,至学館,4857,愛知,東海,13,静岡,162,静岡,東海,0,1,13,7回コールド,0,v1_3_workcopy.xlsx
2017,春季地区,東海,7, 決  勝,F,至学館,4857,愛知,東海,4,大垣日大,2639,岐阜,東海,1,1,3,,0,v1_3_workcopy.xlsx
2017,春季地区,近畿,1,準々決勝,QF,大体大浪商,418,大阪,近畿,3,智弁学園,3009,奈良,近畿,2,1,1,延長13回サヨナラ、タイブレーク,0,v1_3_workcopy.xlsx
2017,春季地区,近畿,2,準々決勝,QF,東海大仰星,4229,大阪,近畿,4,報徳学園,793,兵庫,近畿,3,1,1,,0,v1_3_workcopy.xlsx
2017,春季地区,近畿,3,準々決勝,QF,彦根東,106,滋賀,近畿,3,龍谷大平安,97,京都,近畿,2,1,1,,0,v1_3_workcopy.xlsx
2017,春季地区,近畿,4,準々決勝,QF,大阪桐蔭,4498,大阪,近畿,6,智弁和歌山,3732,和歌山,近畿,3,1,3,,0,v1_3_workcopy.xlsx
2017,春季地区,近畿,5,準 決 勝,SF,東海大仰星,4229,大阪,近畿,3,大体大浪商,418,大阪,近畿,0,1,3,,0,v1_3_workcopy.xlsx
2017,春季地区,近畿,6,準 決 勝,SF,大阪桐蔭,4498,大阪,近畿,4,彦根東,106,滋賀,近畿,3,1,1,,0,v1_3_workcopy.xlsx
2017,春季地区,近畿,7, 決  勝,F,大阪桐蔭,4498,大阪,近畿,18,東海大仰星,4229,大阪,近畿,0,1,18,,0,v1_3_workcopy.xlsx
2017,春季地区,中国,1,準々決勝,QF,宇部鴻城,2800,山口,中国,8,浜田,108,島根,中国,2,1,6,,0,v1_3_workcopy.xlsx
2017,春季地区,中国,2,準々決勝,QF,広島新庄,780,広島,中国,8,石見智翠館,3013,島根,中国,3,1,5,,0,v1_3_workcopy.xlsx
2017,春季地区,中国,3,準々決勝,QF,創志学園,4917,岡山,中国,11,大社,32,島根,中国,1,1,10,6回コールド,0,v1_3_workcopy.xlsx
2017,春季地区,中国,4,準々決勝,QF,鳥取城北,3124,鳥取,中国,6,益田東,3832,島根,中国,4,1,2,,0,v1_3_workcopy.xlsx
2017,春季地区,中国,5,準 決 勝,SF,広島新庄,780,広島,中国,7,宇部鴻城,2800,山口,中国,3,1,4,,0,v1_3_workcopy.xlsx
2017,春季地区,中国,6,準 決 勝,SF,鳥取城北,3124,鳥取,中国,5,創志学園,4917,岡山,中国,4,1,1,,0,v1_3_workcopy.xlsx
2017,春季地区,中国,7, 決  勝,F,鳥取城北,3124,鳥取,中国,2,広島新庄,780,広島,中国,1,1,1,,0,v1_3_workcopy.xlsx
2017,春季地区,四国,1,準々決勝,QF,明徳義塾,3461,高知,四国,4,鳴門渦潮,2629,徳島,四国,0,1,4,,0,v1_3_workcopy.xlsx
2017,春季地区,四国,2,準々決勝,QF,帝京五,2771,愛媛,四国,9,英明,4840,香川,四国,4,1,5,,0,v1_3_workcopy.xlsx
2017,春季地区,四国,3,準々決勝,QF,松山聖陵,3128,愛媛,四国,1,徳島商,43,徳島,四国,0,1,1,,0,v1_3_workcopy.xlsx
2017,春季地区,四国,4,準々決勝,QF,三本松,59,香川,四国,9,高知,643,高知,四国,2,1,7,,0,v1_3_workcopy.xlsx
2017,春季地区,四国,5,準 決 勝,SF,松山聖陵,3128,愛媛,四国,4,三本松,59,香川,四国,2,1,2,,0,v1_3_workcopy.xlsx
2017,春季地区,四国,6,準 決 勝,SF,明徳義塾,3461,高知,四国,8,帝京五,2771,愛媛,四国,5,1,3,,0,v1_3_workcopy.xlsx
2017,春季地区,四国,7, 決  勝,F,明徳義塾,3461,高知,四国,8,松山聖陵,3128,愛媛,四国,7,1,1,延長11回サヨナラ,0,v1_3_workcopy.xlsx
2017,春季地区,九州,1,１ 回 戦,1R,鹿児島実,429,鹿児島,九州,2,興南,2550,沖縄,九州,1,1,1,,0,v1_3_workcopy.xlsx
2017,春季地区,九州,2,１ 回 戦,1R,美来工科,2784,沖縄,九州,11,九州国際大付,2553,福岡,九州,1,1,10,7回コールド,0,v1_3_workcopy.xlsx
2017,春季地区,九州,3,２ 回 戦,2R,沖縄尚学,2370,沖縄,九州,6,鹿町工,2744,長崎,九州,1,1,5,,0,v1_3_workcopy.xlsx
2017,春季地区,九州,4,２ 回 戦,2R,福岡大大濠,2143,福岡,九州,10,明豊,2152,大分,九州,0,1,10,6回コールド,0,v1_3_workcopy.xlsx
2017,春季地区,九州,5,２ 回 戦,2R,神村学園,4804,鹿児島,九州,14,東海大福岡,3160,福岡,九州,4,1,10,6回コールド,0,v1_3_workcopy.xlsx
2017,春季地区,九州,6,２ 回 戦,2R,秀岳館,2337,熊本,九州,7,西日本短大付,2635,福岡,九州,0,1,7,,0,v1_3_workcopy.xlsx
2017,春季地区,九州,7,２ 回 戦,2R,鹿児島実,429,鹿児島,九州,2,日南学園,3018,宮崎,九州,0,1,2,,0,v1_3_workcopy.xlsx
2017,春季地区,九州,8,２ 回 戦,2R,美里工,3127,沖縄,九州,2,熊本工,422,熊本,九州,1,1,1,,0,v1_3_workcopy.xlsx
2017,春季地区,九州,9,２ 回 戦,2R,九産大九州,2897,福岡,九州,7,佐賀北,2798,佐賀,九州,1,1,6,,0,v1_3_workcopy.xlsx
2017,春季地区,九州,10,２ 回 戦,2R,美来工科,2784,沖縄,九州,2,文徳,3014,熊本,九州,1,1,1,延長11回,0,v1_3_workcopy.xlsx
2017,春季地区,九州,11,準々決勝,QF,鹿児島実,429,鹿児島,九州,6,福岡大大濠,2143,福岡,九州,1,1,5,,0,v1_3_workcopy.xlsx
2017,春季地区,九州,12,準々決勝,QF,秀岳館,2337,熊本,九州,3,沖縄尚学,2370,沖縄,九州,1,1,2,,0,v1_3_workcopy.xlsx
2017,春季地区,九州,13,準々決勝,QF,美里工,3127,沖縄,九州,4,九産大九州,2897,福岡,九州,3,1,1,,0,v1_3_workcopy.xlsx
2017,春季地区,九州,14,準々決勝,QF,神村学園,4804,鹿児島,九州,3,美来工科,2784,沖縄,九州,0,1,3,,0,v1_3_workcopy.xlsx
2017,春季地区,九州,15,準 決 勝,SF,鹿児島実,429,鹿児島,九州,3,秀岳館,2337,熊本,九州,2,1,1,,0,v1_3_workcopy.xlsx
2017,春季地区,九州,16,準 決 勝,SF,神村学園,4804,鹿児島,九州,7,美里工,3127,沖縄,九州,0,1,7,7回コールド,0,v1_3_workcopy.xlsx
2017,春季地区,九州,17, 決  勝,F,神村学園,4804,鹿児島,九州,3,鹿児島実,429,鹿児島,九州,1,1,2,,0,v1_3_workcopy.xlsx
2017,選手権,,1,１ 回 戦,1R,彦根東,106,滋賀,近畿,6,波佐見,3735,長崎,九州,5,1,1,サヨナラ,0,v1_3_workcopy.xlsx
2017,選手権,,2,１ 回 戦,1R,済美,4781,愛媛,四国,10,東筑,175,福岡,九州,4,1,6,,0,v1_3_workcopy.xlsx
2017,選手権,,3,１ 回 戦,1R,津田学園,4572,三重,東海,7,藤枝明誠,4310,静岡,東海,6,1,1,延長11回サヨナラ,0,v1_3_workcopy.xlsx
2017,選手権,,4,１ 回 戦,1R,盛岡大付,3833,岩手,東北,4,作新学院,387,栃木,関東,1,1,3,,0,v1_3_workcopy.xlsx
2017,選手権,,5,１ 回 戦,1R,松商学園,191,長野,北信越,12,土浦日大,2779,茨城,関東,3,1,9,,0,v1_3_workcopy.xlsx
2017,選手権,,6,１ 回 戦,1R,前橋育英,2803,群馬,関東,12,山梨学院,2336,山梨,関東,5,1,7,,0,v1_3_workcopy.xlsx
2017,選手権,,7,１ 回 戦,1R,明徳義塾,3461,高知,四国,6,日大山形,2421,山形,東北,3,1,3,延長12回,0,v1_3_workcopy.xlsx
2017,選手権,,8,１ 回 戦,1R,日本航空石川,4805,石川,北信越,6,木更津総合,2775,千葉,関東,5,1,1,,0,v1_3_workcopy.xlsx
2017,選手権,,9,１ 回 戦,1R,花咲徳栄,4107,埼玉,関東,9,開星,4499,島根,中国,0,1,9,,0,v1_3_workcopy.xlsx
2017,選手権,,10,１ 回 戦,1R,聖光学院,2638,福島,東北,6,おかやま山陽,1396,岡山,中国,0,1,6,,0,v1_3_workcopy.xlsx
2017,選手権,,11,１ 回 戦,1R,聖心ウルスラ,4782,宮崎,九州,5,早稲田佐賀,4911,佐賀,九州,2,1,3,,0,v1_3_workcopy.xlsx
2017,選手権,,12,１ 回 戦,1R,広陵,94,広島,中国,10,中京大中京,377,愛知,東海,6,1,4,,0,v1_3_workcopy.xlsx
2017,選手権,,13,１ 回 戦,1R,秀岳館,2337,熊本,九州,6,横浜,1041,神奈川,関東,4,1,2,,0,v1_3_workcopy.xlsx
2017,選手権,,14,１ 回 戦,1R,智弁和歌山,3732,和歌山,近畿,9,興南,2550,沖縄,九州,6,1,3,,0,v1_3_workcopy.xlsx
2017,選手権,,15,１ 回 戦,1R,大阪桐蔭,4498,大阪,近畿,8,米子松蔭,3016,鳥取,中国,1,1,7,,0,v1_3_workcopy.xlsx
2017,選手権,,16,１ 回 戦,1R,仙台育英,646,宮城,東北,15,滝川西,2426,北海道,北海道,3,1,12,,0,v1_3_workcopy.xlsx
2017,選手権,,17,１ 回 戦,1R,日本文理,4328,新潟,北信越,9,鳴門渦潮,2629,徳島,四国,5,1,4,,0,v1_3_workcopy.xlsx
2017,選手権,,18,２ 回 戦,2R,神戸国際大付,2799,兵庫,近畿,5,北海,212,北海道,北海道,4,1,1,,0,v1_3_workcopy.xlsx
2017,選手権,,19,２ 回 戦,2R,天理,848,奈良,近畿,6,大垣日大,2639,岐阜,東海,0,1,6,,0,v1_3_workcopy.xlsx
2017,選手権,,20,２ 回 戦,2R,三本松,59,香川,四国,9,下関国際,2930,山口,中国,4,1,5,,0,v1_3_workcopy.xlsx
2017,選手権,,21,２ 回 戦,2R,二松学舎大付,2380,東京,東京,14,明桜,2201,秋田,東北,2,1,12,,0,v1_3_workcopy.xlsx
2017,選手権,,22,２ 回 戦,2R,明豊,2152,大分,九州,7,坂井,4973,福井,北信越,6,1,1,,0,v1_3_workcopy.xlsx
2017,選手権,,23,２ 回 戦,2R,神村学園,4804,鹿児島,九州,3,京都成章,4398,京都,近畿,2,1,1,サヨナラ,0,v1_3_workcopy.xlsx
2017,選手権,,24,２ 回 戦,2R,東海大菅生,4104,東京,東京,11,高岡商,425,富山,北信越,1,1,10,,0,v1_3_workcopy.xlsx
2017,選手権,,25,２ 回 戦,2R,青森山田,2309,青森,東北,6,彦根東,106,滋賀,近畿,2,1,4,,0,v1_3_workcopy.xlsx
2017,選手権,,26,２ 回 戦,2R,済美,4781,愛媛,四国,7,津田学園,4572,三重,東海,1,1,6,,0,v1_3_workcopy.xlsx
2017,選手権,,27,２ 回 戦,2R,盛岡大付,3833,岩手,東北,6,松商学園,191,長野,北信越,3,1,3,,0,v1_3_workcopy.xlsx
2017,選手権,,28,２ 回 戦,2R,前橋育英,2803,群馬,関東,3,明徳義塾,3461,高知,四国,1,1,2,,0,v1_3_workcopy.xlsx
2017,選手権,,29,２ 回 戦,2R,花咲徳栄,4107,埼玉,関東,9,日本航空石川,4805,石川,北信越,3,1,6,,0,v1_3_workcopy.xlsx
2017,選手権,,30,２ 回 戦,2R,聖光学院,2638,福島,東北,5,聖心ウルスラ,4782,宮崎,九州,4,1,1,,0,v1_3_workcopy.xlsx
2017,選手権,,31,２ 回 戦,2R,広陵,94,広島,中国,6,秀岳館,2337,熊本,九州,1,1,5,,0,v1_3_workcopy.xlsx
2017,選手権,,32,２ 回 戦,2R,大阪桐蔭,4498,大阪,近畿,2,智弁和歌山,3732,和歌山,近畿,1,1,1,,0,v1_3_workcopy.xlsx
2017,選手権,,33,２ 回 戦,2R,仙台育英,646,宮城,東北,1,日本文理,4328,新潟,北信越,0,1,1,,0,v1_3_workcopy.xlsx
2017,選手権,,34,３ 回 戦,3R,天理,848,奈良,近畿,2,神戸国際大付,2799,兵庫,近畿,1,1,1,延長11回,0,v1_3_workcopy.xlsx
2017,選手権,,35,３ 回 戦,3R,三本松,59,香川,四国,5,二松学舎大付,2380,東京,東京,2,1,3,,0,v1_3_workcopy.xlsx
2017,選手権,,36,３ 回 戦,3R,明豊,2152,大分,九州,9,神村学園,4804,鹿児島,九州,8,1,1,延長12回逆転サヨナラ,0,v1_3_workcopy.xlsx
2017,選手権,,37,３ 回 戦,3R,東海大菅生,4104,東京,東京,9,青森山田,2309,青森,東北,1,1,8,,0,v1_3_workcopy.xlsx
2017,選手権,,38,３ 回 戦,3R,盛岡大付,3833,岩手,東北,12,済美,4781,愛媛,四国,7,1,5,延長10回,0,v1_3_workcopy.xlsx
2017,選手権,,39,３ 回 戦,3R,花咲徳栄,4107,埼玉,関東,10,前橋育英,2803,群馬,関東,4,1,6,,0,v1_3_workcopy.xlsx
2017,選手権,,40,３ 回 戦,3R,広陵,94,広島,中国,6,聖光学院,2638,福島,東北,4,1,2,,0,v1_3_workcopy.xlsx
2017,選手権,,41,３ 回 戦,3R,仙台育英,646,宮城,東北,2,大阪桐蔭,4498,大阪,近畿,1,1,1,逆転サヨナラ,0,v1_3_workcopy.xlsx
2017,選手権,,42,準々決勝,QF,東海大菅生,4104,東京,東京,9,三本松,59,香川,四国,1,1,8,,0,v1_3_workcopy.xlsx
2017,選手権,,43,準々決勝,QF,天理,848,奈良,近畿,13,明豊,2152,大分,九州,9,1,4,,0,v1_3_workcopy.xlsx
2017,選手権,,44,準々決勝,QF,広陵,94,広島,中国,10,仙台育英,646,宮城,東北,4,1,6,,0,v1_3_workcopy.xlsx
2017,選手権,,45,準々決勝,QF,花咲徳栄,4107,埼玉,関東,10,盛岡大付,3833,岩手,東北,1,1,9,,0,v1_3_workcopy.xlsx
2017,選手権,,46,準 決 勝,SF,広陵,94,広島,中国,12,天理,848,奈良,近畿,9,1,3,,0,v1_3_workcopy.xlsx
2017,選手権,,47,準 決 勝,SF,花咲徳栄,4107,埼玉,関東,9,東海大菅生,4104,東京,東京,6,1,3,延長11回,0,v1_3_workcopy.xlsx
2017,選手権,,48, 決  勝,F,花咲徳栄,4107,埼玉,関東,14,広陵,94,広島,中国,4,1,10,,0,v1_3_workcopy.xlsx
2017,秋季地区,北海道,1,１ 回 戦,1R,函館工,789,北海道,北海道,6,札幌創成,2909,北海道,北海道,2,1,4,,0,v1_3_workcopy.xlsx
2017,秋季地区,北海道,2,１ 回 戦,1R,旭川実,2513,北海道,北海道,2,北照,399,北海道,北海道,1,1,1,,0,v1_3_workcopy.xlsx
2017,秋季地区,北海道,3,１ 回 戦,1R,立命館慶祥,1096,北海道,北海道,7,北広島,3745,北海道,北海道,0,1,7,8回コールド,0,v1_3_workcopy.xlsx
2017,秋季地区,北海道,4,１ 回 戦,1R,旭川龍谷,2376,北海道,北海道,11,函館大柏稜,4689,北海道,北海道,0,1,11,7回コールド,0,v1_3_workcopy.xlsx
2017,秋季地区,北海道,5,２ 回 戦,2R,北海道栄,2780,北海道,北海道,4,帯広農,608,北海道,北海道,0,1,4,,0,v1_3_workcopy.xlsx
2017,秋季地区,北海道,6,２ 回 戦,2R,稚内大谷,3092,北海道,北海道,6,札幌山の手,4531,北海道,北海道,3,1,3,,0,v1_3_workcopy.xlsx
2017,秋季地区,北海道,7,２ 回 戦,2R,函館工,789,北海道,北海道,9,武修館,3379,北海道,北海道,4,1,5,,0,v1_3_workcopy.xlsx
2017,秋季地区,北海道,8,２ 回 戦,2R,旭川実,2513,北海道,北海道,8,札幌大谷,4893,北海道,北海道,3,1,5,延長10回,0,v1_3_workcopy.xlsx
2017,秋季地区,北海道,9,２ 回 戦,2R,立命館慶祥,1096,北海道,北海道,6,釧路明輝,3874,北海道,北海道,3,1,3,,0,v1_3_workcopy.xlsx
2017,秋季地区,北海道,10,２ 回 戦,2R,駒大苫小牧,2767,北海道,北海道,8,白樺学園,2385,北海道,北海道,1,1,7,8回コールド,0,v1_3_workcopy.xlsx
2017,秋季地区,北海道,11,２ 回 戦,2R,旭川龍谷,2376,北海道,北海道,8,遠軽,1353,北海道,北海道,6,1,2,,0,v1_3_workcopy.xlsx
2017,秋季地区,北海道,12,２ 回 戦,2R,札幌日大,4447,北海道,北海道,9,クラーク国際,4959,北海道,北海道,5,1,4,,0,v1_3_workcopy.xlsx
2017,秋季地区,北海道,13,準々決勝,QF,北海道栄,2780,北海道,北海道,8,函館工,789,北海道,北海道,1,1,7,7回コールド,0,v1_3_workcopy.xlsx
2017,秋季地区,北海道,14,準々決勝,QF,旭川実,2513,北海道,北海道,2,稚内大谷,3092,北海道,北海道,0,1,2,,0,v1_3_workcopy.xlsx
2017,秋季地区,北海道,15,準々決勝,QF,駒大苫小牧,2767,北海道,北海道,5,立命館慶祥,1096,北海道,北海道,3,1,2,,0,v1_3_workcopy.xlsx
2017,秋季地区,北海道,16,準々決勝,QF,札幌日大,4447,北海道,北海道,12,旭川龍谷,2376,北海道,北海道,6,1,6,,0,v1_3_workcopy.xlsx
2017,秋季地区,北海道,17,準 決 勝,SF,旭川実,2513,北海道,北海道,4,北海道栄,2780,北海道,北海道,3,1,1,,0,v1_3_workcopy.xlsx
2017,秋季地区,北海道,18,準 決 勝,SF,駒大苫小牧,2767,北海道,北海道,7,札幌日大,4447,北海道,北海道,6,1,1,延長12回サヨナラ,0,v1_3_workcopy.xlsx
2017,秋季地区,北海道,19, 決  勝,F,駒大苫小牧,2767,北海道,北海道,12,旭川実,2513,北海道,北海道,10,1,2,,0,v1_3_workcopy.xlsx
2017,秋季地区,東北,1,１ 回 戦,1R,八戸学院光星,2310,青森,東北,9,一関学院,1295,岩手,東北,2,1,7,8回コールド,0,v1_3_workcopy.xlsx
2017,秋季地区,東北,2,１ 回 戦,1R,日大山形,2421,山形,東北,7,学法石川,796,福島,東北,2,1,5,,0,v1_3_workcopy.xlsx
2017,秋季地区,東北,3,２ 回 戦,2R,利府,4235,宮城,東北,7,青森山田,2309,青森,東北,6,1,1,,0,v1_3_workcopy.xlsx
2017,秋季地区,東北,4,２ 回 戦,2R,聖光学院,2638,福島,東北,7,仙台南,3494,宮城,東北,0,1,7,7回コールド,0,v1_3_workcopy.xlsx
2017,秋季地区,東北,5,２ 回 戦,2R,由利工,2587,秋田,東北,5,弘前東,3673,青森,東北,4,1,1,,0,v1_3_workcopy.xlsx
2017,秋季地区,東北,6,２ 回 戦,2R,花巻東,2305,岩手,東北,5,角館,720,秋田,東北,2,1,3,,0,v1_3_workcopy.xlsx
2017,秋季地区,東北,7,２ 回 戦,2R,日大山形,2421,山形,東北,1,仙台育英,646,宮城,東北,0,1,1,,0,v1_3_workcopy.xlsx
2017,秋季地区,東北,8,２ 回 戦,2R,能代松陽,910,秋田,東北,2,八戸学院光星,2310,青森,東北,1,1,1,,0,v1_3_workcopy.xlsx
2017,秋季地区,東北,9,２ 回 戦,2R,黒沢尻工,1032,岩手,東北,4,東海大山形,2963,山形,東北,2,1,2,,0,v1_3_workcopy.xlsx
2017,秋季地区,東北,10,２ 回 戦,2R,酒田南,2637,山形,東北,8,光南,3648,福島,東北,6,1,2,,0,v1_3_workcopy.xlsx
2017,秋季地区,東北,11,準々決勝,QF,能代松陽,910,秋田,東北,7,黒沢尻工,1032,岩手,東北,0,1,7,8回コールド,0,v1_3_workcopy.xlsx
2017,秋季地区,東北,12,準々決勝,QF,聖光学院,2638,福島,東北,15,利府,4235,宮城,東北,0,1,15,5回コールド,0,v1_3_workcopy.xlsx
2017,秋季地区,東北,13,準々決勝,QF,花巻東,2305,岩手,東北,4,由利工,2587,秋田,東北,2,1,2,,0,v1_3_workcopy.xlsx
2017,秋季地区,東北,14,準々決勝,QF,日大山形,2421,山形,東北,7,酒田南,2637,山形,東北,0,1,7,7回コールド,0,v1_3_workcopy.xlsx
2017,秋季地区,東北,15,準 決 勝,SF,聖光学院,2638,福島,東北,16,能代松陽,910,秋田,東北,2,1,14,,0,v1_3_workcopy.xlsx
2017,秋季地区,東北,16,準 決 勝,SF,花巻東,2305,岩手,東北,6,日大山形,2421,山形,東北,4,1,2,,0,v1_3_workcopy.xlsx
2017,秋季地区,東北,17, 決  勝,F,聖光学院,2638,福島,東北,6,花巻東,2305,岩手,東北,4,1,2,,0,v1_3_workcopy.xlsx
2017,秋季地区,関東,1,１ 回 戦,1R,国学院栃木,2511,栃木,関東,2,市川越,655,埼玉,関東,1,1,1,,0,v1_3_workcopy.xlsx
2017,秋季地区,関東,2,１ 回 戦,1R,作新学院,387,栃木,関東,9,関東学園大付,2425,群馬,関東,4,1,5,,0,v1_3_workcopy.xlsx
2017,秋季地区,関東,3,１ 回 戦,1R,慶応,23,神奈川,関東,5,拓大紅陵,3642,千葉,関東,4,1,1,,0,v1_3_workcopy.xlsx
2017,秋季地区,関東,4,１ 回 戦,1R,明秀日立,4652,茨城,関東,7,山梨学院,2336,山梨,関東,3,1,4,,0,v1_3_workcopy.xlsx
2017,秋季地区,関東,5,１ 回 戦,1R,健大高崎,4784,群馬,関東,3,桐光学園,3646,神奈川,関東,1,1,2,,0,v1_3_workcopy.xlsx
2017,秋季地区,関東,6,１ 回 戦,1R,中央学院,3164,千葉,関東,6,花咲徳栄,4107,埼玉,関東,3,1,3,,0,v1_3_workcopy.xlsx
2017,秋季地区,関東,7,１ 回 戦,1R,霞ヶ浦,1719,茨城,関東,13,東海大甲府,2422,山梨,関東,9,1,4,,0,v1_3_workcopy.xlsx
2017,秋季地区,関東,8,準々決勝,QF,慶応,23,神奈川,関東,3,国学院栃木,2511,栃木,関東,2,1,1,,0,v1_3_workcopy.xlsx
2017,秋季地区,関東,9,準々決勝,QF,中央学院,3164,千葉,関東,5,霞ヶ浦,1719,茨城,関東,1,1,4,,0,v1_3_workcopy.xlsx
2017,秋季地区,関東,10,準々決勝,QF,明秀日立,4652,茨城,関東,7,健大高崎,4784,群馬,関東,5,1,2,,0,v1_3_workcopy.xlsx
2017,秋季地区,関東,11,準々決勝,QF,東海大相模,2773,神奈川,関東,12,作新学院,387,栃木,関東,1,1,11,5回コールド,0,v1_3_workcopy.xlsx
2017,秋季地区,関東,12,準 決 勝,SF,明秀日立,4652,茨城,関東,7,慶応,23,神奈川,関東,4,1,3,,0,v1_3_workcopy.xlsx
2017,秋季地区,関東,13,準 決 勝,SF,中央学院,3164,千葉,関東,3,東海大相模,2773,神奈川,関東,2,1,1,延長10回,0,v1_3_workcopy.xlsx
2017,秋季地区,関東,14, 決  勝,F,中央学院,3164,千葉,関東,6,明秀日立,4652,茨城,関東,5,1,1,,0,v1_3_workcopy.xlsx
2017,秋季地区,東京,1,１ 回 戦,1R,東海大高輪台,3024,東京,東京,9,明治,703,東京,東京,7,1,2,,0,v1_3_workcopy.xlsx
2017,秋季地区,東京,2,１ 回 戦,1R,日野,3129,東京,東京,8,東京成徳大高,4751,東京,東京,7,1,1,延長10回,0,v1_3_workcopy.xlsx
2017,秋季地区,東京,3,１ 回 戦,1R,国士舘,1525,東京,東京,7,早大学院,1953,東京,東京,0,1,7,7回コールド,0,v1_3_workcopy.xlsx
2017,秋季地区,東京,4,１ 回 戦,1R,関東一,761,東京,東京,11,専大付,728,東京,東京,4,1,7,7回コールド,0,v1_3_workcopy.xlsx
2017,秋季地区,東京,5,１ 回 戦,1R,高島,3384,東京,東京,5,江戸川,1378,東京,東京,2,1,3,,0,v1_3_workcopy.xlsx
2017,秋季地区,東京,6,１ 回 戦,1R,郁文館,732,東京,東京,8,総合工科,1366,東京,東京,1,1,7,7回コールド,0,v1_3_workcopy.xlsx
2017,秋季地区,東京,7,１ 回 戦,1R,佼成学園,2333,東京,東京,3,堀越,2372,東京,東京,2,1,1,,0,v1_3_workcopy.xlsx
2017,秋季地区,東京,8,１ 回 戦,1R,東大和,3205,東京,東京,9,保谷,4337,東京,東京,6,1,3,,0,v1_3_workcopy.xlsx
2017,秋季地区,東京,9,１ 回 戦,1R,錦城学園,84,東京,東京,6,雪谷,2153,東京,東京,4,1,2,,0,v1_3_workcopy.xlsx
2017,秋季地区,東京,10,１ 回 戦,1R,中大付,203,東京,東京,1,片倉,3255,東京,東京,0,1,1,,0,v1_3_workcopy.xlsx
2017,秋季地区,東京,11,１ 回 戦,1R,聖パウロ学園,4575,東京,東京,7,多摩大聖ヶ丘,4533,東京,東京,0,1,7,8回コールド,0,v1_3_workcopy.xlsx
2017,秋季地区,東京,12,１ 回 戦,1R,立正大立正,731,東京,東京,8,富士,4724,東京,東京,1,1,7,7回コールド,0,v1_3_workcopy.xlsx
2017,秋季地区,東京,13,１ 回 戦,1R,昭和,2157,東京,東京,10,石神井,1379,東京,東京,5,1,5,,0,v1_3_workcopy.xlsx
2017,秋季地区,東京,14,１ 回 戦,1R,共栄学園,4839,東京,東京,5,城西,2334,東京,東京,3,1,2,,0,v1_3_workcopy.xlsx
2017,秋季地区,東京,15,１ 回 戦,1R,日大三,171,東京,東京,7,城東,3736,東京,東京,1,1,6,,0,v1_3_workcopy.xlsx
2017,秋季地区,東京,16,１ 回 戦,1R,修徳,2197,東京,東京,6,国学院久我山,1299,東京,東京,1,1,5,,0,v1_3_workcopy.xlsx
2017,秋季地区,東京,17,１ 回 戦,1R,駿台学園,2349,東京,東京,11,学習院,727,東京,東京,1,1,10,8回コールド,0,v1_3_workcopy.xlsx
2017,秋季地区,東京,18,１ 回 戦,1R,明大中野,769,東京,東京,9,府中工,2827,東京,東京,2,1,7,7回コールド,0,v1_3_workcopy.xlsx
2017,秋季地区,東京,19,１ 回 戦,1R,帝京,1297,東京,東京,9,練馬,3365,東京,東京,1,1,8,8回コールド,0,v1_3_workcopy.xlsx
2017,秋季地区,東京,20,１ 回 戦,1R,創価,3204,東京,東京,8,駒大高,1915,東京,東京,1,1,7,7回コールド,0,v1_3_workcopy.xlsx
2017,秋季地区,東京,21,１ 回 戦,1R,明大中野八王子,4335,東京,東京,9,日野台,4010,東京,東京,0,1,9,7回コールド,0,v1_3_workcopy.xlsx
2017,秋季地区,東京,22,１ 回 戦,1R,葛飾野,1954,東京,東京,5,工学院大付,1763,東京,東京,3,1,2,,0,v1_3_workcopy.xlsx
2017,秋季地区,東京,23,１ 回 戦,1R,東京,730,東京,東京,9,ＩＣＵ,3629,東京,東京,2,1,7,7回コールド,0,v1_3_workcopy.xlsx
2017,秋季地区,東京,24,１ 回 戦,1R,早稲田実,14,東京,東京,10,東京実,884,東京,東京,0,1,10,5回コールド,0,v1_3_workcopy.xlsx
2017,秋季地区,東京,25,１ 回 戦,1R,秋留台,3638,東京,東京,5,成蹊,1330,東京,東京,2,1,3,,0,v1_3_workcopy.xlsx
2017,秋季地区,東京,26,１ 回 戦,1R,日本ウェルネス,4922,東京,東京,10,大崎,4946,東京,東京,0,1,10,6回コールド,0,v1_3_workcopy.xlsx
2017,秋季地区,東京,27,１ 回 戦,1R,日大豊山,1322,東京,東京,4,成立学園,729,東京,東京,3,1,1,,0,v1_3_workcopy.xlsx
2017,秋季地区,東京,28,１ 回 戦,1R,桜美林,2059,東京,東京,2,二松学舎大付,2380,東京,東京,1,1,1,延長10回,0,v1_3_workcopy.xlsx
2017,秋季地区,東京,29,１ 回 戦,1R,世田谷学園,911,東京,東京,3,上野学園,4889,東京,東京,0,1,3,,0,v1_3_workcopy.xlsx
2017,秋季地区,東京,30,１ 回 戦,1R,明星,1559,東京,東京,8,紅葉川,4396,東京,東京,0,1,8,7回コールド,0,v1_3_workcopy.xlsx
2017,秋季地区,東京,31,１ 回 戦,1R,八王子,1544,東京,東京,6,日大二,644,東京,東京,4,1,2,,0,v1_3_workcopy.xlsx
2017,秋季地区,東京,32,１ 回 戦,1R,岩倉,1907,東京,東京,12,多摩大目黒,4729,東京,東京,8,1,4,,0,v1_3_workcopy.xlsx
2017,秋季地区,東京,33,２ 回 戦,2R,日大三,171,東京,東京,10,修徳,2197,東京,東京,3,1,7,7回コールド,0,v1_3_workcopy.xlsx
2017,秋季地区,東京,34,２ 回 戦,2R,帝京,1297,東京,東京,9,創価,3204,東京,東京,3,1,6,,0,v1_3_workcopy.xlsx
2017,秋季地区,東京,35,２ 回 戦,2R,日本ウェルネス,4922,東京,東京,9,秋留台,3638,東京,東京,1,1,8,7回コールド,0,v1_3_workcopy.xlsx
2017,秋季地区,東京,36,２ 回 戦,2R,日大豊山,1322,東京,東京,3,桜美林,2059,東京,東京,1,1,2,,0,v1_3_workcopy.xlsx
2017,秋季地区,東京,37,２ 回 戦,2R,岩倉,1907,東京,東京,4,八王子,1544,東京,東京,3,1,1,サヨナラ,0,v1_3_workcopy.xlsx
2017,秋季地区,東京,38,２ 回 戦,2R,東海大高輪台,3024,東京,東京,6,葛飾野,1954,東京,東京,2,1,4,,0,v1_3_workcopy.xlsx
2017,秋季地区,東京,39,２ 回 戦,2R,東大和,3205,東京,東京,5,東京,730,東京,東京,4,1,1,サヨナラ,0,v1_3_workcopy.xlsx
2017,秋季地区,東京,40,２ 回 戦,2R,高島,3384,東京,東京,3,郁文館,732,東京,東京,2,1,1,,0,v1_3_workcopy.xlsx
2017,秋季地区,東京,41,２ 回 戦,2R,佼成学園,2333,東京,東京,2,明大中野八王子,4335,東京,東京,0,1,2,,0,v1_3_workcopy.xlsx
2017,秋季地区,東京,42,２ 回 戦,2R,錦城学園,84,東京,東京,7,中大付,203,東京,東京,0,1,7,7回コールド,0,v1_3_workcopy.xlsx
2017,秋季地区,東京,43,２ 回 戦,2R,立正大立正,731,東京,東京,3,聖パウロ学園,4575,東京,東京,2,1,1,,0,v1_3_workcopy.xlsx
2017,秋季地区,東京,44,２ 回 戦,2R,昭和,2157,東京,東京,3,共栄学園,4839,東京,東京,2,1,1,,0,v1_3_workcopy.xlsx
2017,秋季地区,東京,45,２ 回 戦,2R,明大中野,769,東京,東京,9,駿台学園,2349,東京,東京,2,1,7,7回コールド,0,v1_3_workcopy.xlsx
2017,秋季地区,東京,46,２ 回 戦,2R,明星,1559,東京,東京,7,世田谷学園,911,東京,東京,1,1,6,,0,v1_3_workcopy.xlsx
2017,秋季地区,東京,47,２ 回 戦,2R,国士舘,1525,東京,東京,4,日野,3129,東京,東京,0,1,4,,0,v1_3_workcopy.xlsx
2017,秋季地区,東京,48,２ 回 戦,2R,早稲田実,14,東京,東京,5,関東一,761,東京,東京,1,1,4,,0,v1_3_workcopy.xlsx
2017,秋季地区,東京,49,３ 回 戦,3R,日大豊山,1322,東京,東京,3,日本ウェルネス,4922,東京,東京,0,1,3,,0,v1_3_workcopy.xlsx
2017,秋季地区,東京,50,３ 回 戦,3R,東海大高輪台,3024,東京,東京,11,東大和,3205,東京,東京,0,1,11,,0,v1_3_workcopy.xlsx
2017,秋季地区,東京,51,３ 回 戦,3R,佼成学園,2333,東京,東京,7,高島,3384,東京,東京,0,1,7,8回コールド,0,v1_3_workcopy.xlsx
2017,秋季地区,東京,52,３ 回 戦,3R,明星,1559,東京,東京,3,岩倉,1907,東京,東京,2,1,1,,0,v1_3_workcopy.xlsx
2017,秋季地区,東京,53,３ 回 戦,3R,帝京,1297,東京,東京,9,明大中野,769,東京,東京,4,1,5,,0,v1_3_workcopy.xlsx
2017,秋季地区,東京,54,３ 回 戦,3R,日大三,171,東京,東京,8,昭和,2157,東京,東京,1,1,7,7回コールド,0,v1_3_workcopy.xlsx
2017,秋季地区,東京,55,３ 回 戦,3R,国士舘,1525,東京,東京,1,早稲田実,14,東京,東京,0,1,1,,0,v1_3_workcopy.xlsx
2017,秋季地区,東京,56,３ 回 戦,3R,立正大立正,731,東京,東京,10,錦城学園,84,東京,東京,9,1,1,,0,v1_3_workcopy.xlsx
2017,秋季地区,東京,57,準々決勝,QF,日大三,171,東京,東京,12,帝京,1297,東京,東京,5,1,7,7回コールド,0,v1_3_workcopy.xlsx
2017,秋季地区,東京,58,準々決勝,QF,日大豊山,1322,東京,東京,4,明星,1559,東京,東京,2,1,2,,0,v1_3_workcopy.xlsx
2017,秋季地区,東京,59,準々決勝,QF,佼成学園,2333,東京,東京,8,東海大高輪台,3024,東京,東京,2,1,6,,0,v1_3_workcopy.xlsx
2017,秋季地区,東京,60,準々決勝,QF,国士舘,1525,東京,東京,4,立正大立正,731,東京,東京,1,1,3,,0,v1_3_workcopy.xlsx
2017,秋季地区,東京,61,準 決 勝,SF,日大三,171,東京,東京,12,日大豊山,1322,東京,東京,2,1,10,7回コールド,0,v1_3_workcopy.xlsx
2017,秋季地区,東京,62,準 決 勝,SF,佼成学園,2333,東京,東京,3,国士舘,1525,東京,東京,2,1,1,,0,v1_3_workcopy.xlsx
2017,秋季地区,東京,63, 決  勝,F,日大三,171,東京,東京,11,佼成学園,2333,東京,東京,5,1,6,,0,v1_3_workcopy.xlsx
2017,秋季地区,北信越,1,１ 回 戦,1R,富山商,252,富山,北信越,6,金沢学院,4640,石川,北信越,3,1,3,,0,v1_3_workcopy.xlsx
2017,秋季地区,北信越,2,１ 回 戦,1R,坂井,4973,福井,北信越,2,佐久長聖,2895,長野,北信越,1,1,1,サヨナラ,0,v1_3_workcopy.xlsx
2017,秋季地区,北信越,3,１ 回 戦,1R,日本航空石川,4805,石川,北信越,4,高岡商,425,富山,北信越,0,1,4,,0,v1_3_workcopy.xlsx
2017,秋季地区,北信越,4,１ 回 戦,1R,日本文理,4328,新潟,北信越,6,福井工大福井,2467,福井,北信越,4,1,2,,0,v1_3_workcopy.xlsx
2017,秋季地区,北信越,5,１ 回 戦,1R,北越,1534,新潟,北信越,5,日本ウェルネス筑北,4980,長野,北信越,0,1,5,,0,v1_3_workcopy.xlsx
2017,秋季地区,北信越,6,１ 回 戦,1R,星稜,2627,石川,北信越,1,北陸,476,福井,北信越,0,1,1,,0,v1_3_workcopy.xlsx
2017,秋季地区,北信越,7,１ 回 戦,1R,松商学園,191,長野,北信越,11,金津,4139,福井,北信越,1,1,10,7回コールド,0,v1_3_workcopy.xlsx
2017,秋季地区,北信越,8,１ 回 戦,1R,富山国際大付,4691,富山,北信越,4,中越,2307,新潟,北信越,3,1,1,,0,v1_3_workcopy.xlsx
2017,秋季地区,北信越,9,準々決勝,QF,富山商,252,富山,北信越,6,坂井,4973,福井,北信越,1,1,5,,0,v1_3_workcopy.xlsx
2017,秋季地区,北信越,10,準々決勝,QF,日本航空石川,4805,石川,北信越,7,日本文理,4328,新潟,北信越,1,1,6,,0,v1_3_workcopy.xlsx
2017,秋季地区,北信越,11,準々決勝,QF,星稜,2627,石川,北信越,7,北越,1534,新潟,北信越,5,1,2,延長12回,0,v1_3_workcopy.xlsx
2017,秋季地区,北信越,12,準々決勝,QF,富山国際大付,4691,富山,北信越,2,松商学園,191,長野,北信越,0,1,2,,0,v1_3_workcopy.xlsx
2017,秋季地区,北信越,13,準 決 勝,SF,日本航空石川,4805,石川,北信越,7,富山商,252,富山,北信越,2,1,5,,0,v1_3_workcopy.xlsx
2017,秋季地区,北信越,14,準 決 勝,SF,星稜,2627,石川,北信越,7,富山国際大付,4691,富山,北信越,0,1,7,7回コールド,0,v1_3_workcopy.xlsx
2017,秋季地区,北信越,15, 決  勝,F,日本航空石川,4805,石川,北信越,10,星稜,2627,石川,北信越,0,1,10,,0,v1_3_workcopy.xlsx
2017,秋季地区,東海,1,１ 回 戦,1R,常葉大橘,2641,静岡,東海,2,愛産大三河,4106,愛知,東海,1,1,1,,0,v1_3_workcopy.xlsx
2017,秋季地区,東海,2,１ 回 戦,1R,いなべ総合,2248,三重,東海,5,岐阜各務野,3812,岐阜,東海,4,1,1,延長10回サヨナラ,0,v1_3_workcopy.xlsx
2017,秋季地区,東海,3,１ 回 戦,1R,常葉大菊川,4105,静岡,東海,8,松阪商,389,三重,東海,4,1,4,,0,v1_3_workcopy.xlsx
2017,秋季地区,東海,4,１ 回 戦,1R,大垣西,3844,岐阜,東海,8,中京大中京,377,愛知,東海,7,1,1,,0,v1_3_workcopy.xlsx
2017,秋季地区,東海,5,準々決勝,QF,中京学院大中京,2628,岐阜,東海,8,常葉大橘,2641,静岡,東海,1,1,7,8回コールド,0,v1_3_workcopy.xlsx
2017,秋季地区,東海,6,準々決勝,QF,静岡,162,静岡,東海,1,いなべ総合,2248,三重,東海,0,1,1,,0,v1_3_workcopy.xlsx
2017,秋季地区,東海,7,準々決勝,QF,東邦,641,愛知,東海,10,常葉大菊川,4105,静岡,東海,6,1,4,,0,v1_3_workcopy.xlsx
2017,秋季地区,東海,8,準々決勝,QF,三重,2507,三重,東海,5,大垣西,3844,岐阜,東海,0,1,5,,0,v1_3_workcopy.xlsx
2017,秋季地区,東海,9,準 決 勝,SF,静岡,162,静岡,東海,7,中京学院大中京,2628,岐阜,東海,4,1,3,,0,v1_3_workcopy.xlsx
2017,秋季地区,東海,10,準 決 勝,SF,東邦,641,愛知,東海,10,三重,2507,三重,東海,9,1,1,,0,v1_3_workcopy.xlsx
2017,秋季地区,東海,11, 決  勝,F,静岡,162,静岡,東海,6,東邦,641,愛知,東海,5,1,1,,0,v1_3_workcopy.xlsx
2017,秋季地区,近畿,1,１ 回 戦,1R,智弁和歌山,3732,和歌山,近畿,12,履正社,432,大阪,近畿,8,1,4,,0,v1_3_workcopy.xlsx
2017,秋季地区,近畿,2,１ 回 戦,1R,法隆寺国際,3647,奈良,近畿,9,比叡山,57,滋賀,近畿,0,1,9,7回コールド,0,v1_3_workcopy.xlsx
2017,秋季地区,近畿,3,１ 回 戦,1R,乙訓,2905,京都,近畿,8,神港学園,531,兵庫,近畿,1,1,7,7回コールド,0,v1_3_workcopy.xlsx
2017,秋季地区,近畿,4,１ 回 戦,1R,智弁学園,3009,奈良,近畿,6,西脇工,2597,兵庫,近畿,4,1,2,サヨナラ,0,v1_3_workcopy.xlsx
2017,秋季地区,近畿,5,１ 回 戦,1R,近江,2335,滋賀,近畿,10,日高中津,4327,和歌山,近畿,0,1,10,5回コールド,0,v1_3_workcopy.xlsx
2017,秋季地区,近畿,6,１ 回 戦,1R,彦根東,106,滋賀,近畿,4,明石商,2258,兵庫,近畿,3,1,1,,0,v1_3_workcopy.xlsx
2017,秋季地区,近畿,7,１ 回 戦,1R,大阪桐蔭,4498,大阪,近畿,12,京都翔英,4623,京都,近畿,0,1,12,7回コールド,0,v1_3_workcopy.xlsx
2017,秋季地区,近畿,8,１ 回 戦,1R,近大付,1048,大阪,近畿,4,高田商,2278,奈良,近畿,1,1,3,,0,v1_3_workcopy.xlsx
2017,秋季地区,近畿,9,準々決勝,QF,智弁和歌山,3732,和歌山,近畿,11,法隆寺国際,3647,奈良,近畿,4,1,7,7回コールド,0,v1_3_workcopy.xlsx
2017,秋季地区,近畿,10,準々決勝,QF,乙訓,2905,京都,近畿,9,智弁学園,3009,奈良,近畿,4,1,5,,0,v1_3_workcopy.xlsx
2017,秋季地区,近畿,11,準々決勝,QF,近江,2335,滋賀,近畿,4,彦根東,106,滋賀,近畿,3,1,1,,0,v1_3_workcopy.xlsx
2017,秋季地区,近畿,12,準々決勝,QF,大阪桐蔭,4498,大阪,近畿,10,近大付,1048,大阪,近畿,1,1,9,7回コールド,0,v1_3_workcopy.xlsx
2017,秋季地区,近畿,13,準 決 勝,SF,智弁和歌山,3732,和歌山,近畿,5,乙訓,2905,京都,近畿,4,1,1,サヨナラ,0,v1_3_workcopy.xlsx
2017,秋季地区,近畿,14,準 決 勝,SF,大阪桐蔭,4498,大阪,近畿,5,近江,2335,滋賀,近畿,0,1,5,,0,v1_3_workcopy.xlsx
2017,秋季地区,近畿,15, 決  勝,F,大阪桐蔭,4498,大阪,近畿,1,智弁和歌山,3732,和歌山,近畿,0,1,1,,0,v1_3_workcopy.xlsx
2017,秋季地区,中国,1,１ 回 戦,1R,尾道,2393,広島,中国,5,鳥取城北,3124,鳥取,中国,4,1,1,,0,v1_3_workcopy.xlsx
2017,秋季地区,中国,2,１ 回 戦,1R,高川学園,609,山口,中国,3,岡山学芸館,3161,岡山,中国,1,1,2,,0,v1_3_workcopy.xlsx
2017,秋季地区,中国,3,１ 回 戦,1R,盈進,524,広島,中国,5,倉敷商,792,岡山,中国,3,1,2,,0,v1_3_workcopy.xlsx
2017,秋季地区,中国,4,１ 回 戦,1R,おかやま山陽,1396,岡山,中国,7,石見智翠館,3013,島根,中国,3,1,4,,0,v1_3_workcopy.xlsx
2017,秋季地区,中国,5,１ 回 戦,1R,下関国際,2930,山口,中国,4,益田東,3832,島根,中国,1,1,3,,0,v1_3_workcopy.xlsx
2017,秋季地区,中国,6,１ 回 戦,1R,鳥取商,763,鳥取,中国,11,広島国際学院,2282,広島,中国,7,1,4,,0,v1_3_workcopy.xlsx
2017,秋季地区,中国,7,１ 回 戦,1R,開星,4499,島根,中国,3,下関西,602,山口,中国,1,1,2,,0,v1_3_workcopy.xlsx
2017,秋季地区,中国,8,１ 回 戦,1R,瀬戸内,303,広島,中国,23,米子松蔭,3016,鳥取,中国,3,1,20,,0,v1_3_workcopy.xlsx
2017,秋季地区,中国,9,準々決勝,QF,尾道,2393,広島,中国,6,盈進,524,広島,中国,3,1,3,延長10回,0,v1_3_workcopy.xlsx
2017,秋季地区,中国,10,準々決勝,QF,おかやま山陽,1396,岡山,中国,7,高川学園,609,山口,中国,0,1,7,,0,v1_3_workcopy.xlsx
2017,秋季地区,中国,11,準々決勝,QF,下関国際,2930,山口,中国,10,開星,4499,島根,中国,0,1,10,6回コールド,0,v1_3_workcopy.xlsx
2017,秋季地区,中国,12,準々決勝,QF,瀬戸内,303,広島,中国,10,鳥取商,763,鳥取,中国,1,1,9,,0,v1_3_workcopy.xlsx
2017,秋季地区,中国,13,準 決 勝,SF,下関国際,2930,山口,中国,7,尾道,2393,広島,中国,0,1,7,8回コールド,0,v1_3_workcopy.xlsx
2017,秋季地区,中国,14,準 決 勝,SF,おかやま山陽,1396,岡山,中国,7,瀬戸内,303,広島,中国,4,1,3,,0,v1_3_workcopy.xlsx
2017,秋季地区,中国,15, 決  勝,F,おかやま山陽,1396,岡山,中国,12,下関国際,2930,山口,中国,11,1,1,延長10回サヨナラ,0,v1_3_workcopy.xlsx
2017,秋季地区,四国,1,１ 回 戦,1R,生光学園,3951,徳島,四国,6,小松,968,愛媛,四国,4,1,2,,0,v1_3_workcopy.xlsx
2017,秋季地区,四国,2,１ 回 戦,1R,高知,643,高知,四国,2,鳴門渦潮,2629,徳島,四国,0,1,2,,0,v1_3_workcopy.xlsx
2017,秋季地区,四国,3,１ 回 戦,1R,大手前高松,2361,香川,四国,3,高知追手前,296,高知,四国,2,1,1,延長14回サヨナラ,0,v1_3_workcopy.xlsx
2017,秋季地区,四国,4,１ 回 戦,1R,高松商,28,香川,四国,7,西条,344,愛媛,四国,3,1,4,,0,v1_3_workcopy.xlsx
2017,秋季地区,四国,5,準々決勝,QF,明徳義塾,3461,高知,四国,13,生光学園,3951,徳島,四国,0,1,13,5回コールド,0,v1_3_workcopy.xlsx
2017,秋季地区,四国,6,準々決勝,QF,英明,4840,香川,四国,8,高知,643,高知,四国,7,1,1,,0,v1_3_workcopy.xlsx
2017,秋季地区,四国,7,準々決勝,QF,松山聖陵,3128,愛媛,四国,8,大手前高松,2361,香川,四国,6,1,2,,0,v1_3_workcopy.xlsx
2017,秋季地区,四国,8,準々決勝,QF,高松商,28,香川,四国,9,鳴門,44,徳島,四国,5,1,4,,0,v1_3_workcopy.xlsx
2017,秋季地区,四国,9,準 決 勝,SF,明徳義塾,3461,高知,四国,3,松山聖陵,3128,愛媛,四国,1,1,2,,0,v1_3_workcopy.xlsx
2017,秋季地区,四国,10,準 決 勝,SF,英明,4840,香川,四国,12,高松商,28,香川,四国,2,1,10,6回コールド,0,v1_3_workcopy.xlsx
2017,秋季地区,四国,11, 決  勝,F,明徳義塾,3461,高知,四国,2,英明,4840,香川,四国,1,1,1,,0,v1_3_workcopy.xlsx
2017,秋季地区,九州,1,１ 回 戦,1R,都城東,3030,宮崎,九州,3,九州学院,221,熊本,九州,2,1,1,,0,v1_3_workcopy.xlsx
2017,秋季地区,九州,2,１ 回 戦,1R,興南,2550,沖縄,九州,2,宮崎日大,2796,宮崎,九州,1,1,1,,0,v1_3_workcopy.xlsx
2017,秋季地区,九州,3,２ 回 戦,2R,延岡学園,2890,宮崎,九州,5,筑陽学園,2471,福岡,九州,2,1,3,,0,v1_3_workcopy.xlsx
2017,秋季地区,九州,4,２ 回 戦,2R,沖縄尚学,2370,沖縄,九州,8,伊万里,1399,佐賀,九州,0,1,8,,0,v1_3_workcopy.xlsx
2017,秋季地区,九州,5,２ 回 戦,2R,神村学園,4804,鹿児島,九州,12,鶴崎工,1514,大分,九州,0,1,12,5回コールド,0,v1_3_workcopy.xlsx
2017,秋季地区,九州,6,２ 回 戦,2R,創成館,2652,長崎,九州,8,都城東,3030,宮崎,九州,1,1,7,7回コールド,0,v1_3_workcopy.xlsx
2017,秋季地区,九州,7,２ 回 戦,2R,明豊,2152,大分,九州,10,鹿児島実,429,鹿児島,九州,1,1,9,7回コールド,0,v1_3_workcopy.xlsx
2017,秋季地区,九州,8,２ 回 戦,2R,長崎商,243,長崎,九州,5,佐賀学園,2424,佐賀,九州,0,1,5,,0,v1_3_workcopy.xlsx
2017,秋季地区,九州,9,２ 回 戦,2R,富島,1652,宮崎,九州,4,文徳,3014,熊本,九州,1,1,3,,0,v1_3_workcopy.xlsx
2017,秋季地区,九州,10,２ 回 戦,2R,東筑,175,福岡,九州,4,興南,2550,沖縄,九州,1,1,3,,0,v1_3_workcopy.xlsx
2017,秋季地区,九州,11,準々決勝,QF,創成館,2652,長崎,九州,8,沖縄尚学,2370,沖縄,九州,3,1,5,,0,v1_3_workcopy.xlsx
2017,秋季地区,九州,12,準々決勝,QF,延岡学園,2890,宮崎,九州,10,明豊,2152,大分,九州,6,1,4,,0,v1_3_workcopy.xlsx
2017,秋季地区,九州,13,準々決勝,QF,富島,1652,宮崎,九州,9,長崎商,243,長崎,九州,2,1,7,7回コールド,0,v1_3_workcopy.xlsx
2017,秋季地区,九州,14,準々決勝,QF,東筑,175,福岡,九州,2,神村学園,4804,鹿児島,九州,0,1,2,,0,v1_3_workcopy.xlsx
2017,秋季地区,九州,15,準 決 勝,SF,創成館,2652,長崎,九州,2,延岡学園,2890,宮崎,九州,0,1,2,,0,v1_3_workcopy.xlsx
2017,秋季地区,九州,16,準 決 勝,SF,富島,1652,宮崎,九州,6,東筑,175,福岡,九州,5,1,1,,0,v1_3_workcopy.xlsx
2017,秋季地区,九州,17, 決  勝,F,創成館,2652,長崎,九州,7,富島,1652,宮崎,九州,4,1,3,,0,v1_3_workcopy.xlsx
2017,明治神宮,,1,１ 回 戦,1R,創成館,2652,長崎,九州,5,おかやま山陽,1396,岡山,中国,1,1,4,,0,v1_3_workcopy.xlsx
2017,明治神宮,,2,１ 回 戦,1R,日本航空石川,4805,石川,北信越,7,日大三,171,東京,東京,6,1,1,延長10回、タイブレーク,0,v1_3_workcopy.xlsx
2017,明治神宮,,3,準々決勝,QF,大阪桐蔭,4498,大阪,近畿,4,駒大苫小牧,2767,北海道,北海道,2,1,2,,0,v1_3_workcopy.xlsx
2017,明治神宮,,4,準々決勝,QF,明徳義塾,3461,高知,四国,5,中央学院,3164,千葉,関東,3,1,2,,0,v1_3_workcopy.xlsx
2017,明治神宮,,5,準々決勝,QF,創成館,2652,長崎,九州,6,聖光学院,2638,福島,東北,4,1,2,,0,v1_3_workcopy.xlsx
2017,明治神宮,,6,準々決勝,QF,静岡,162,静岡,東海,6,日本航空石川,4805,石川,北信越,4,1,2,,0,v1_3_workcopy.xlsx
2017,明治神宮,,7,準 決 勝,SF,創成館,2652,長崎,九州,7,大阪桐蔭,4498,大阪,近畿,4,1,3,,0,v1_3_workcopy.xlsx
2017,明治神宮,,8,準 決 勝,SF,明徳義塾,3461,高知,四国,5,静岡,162,静岡,東海,3,1,2,,0,v1_3_workcopy.xlsx
2017,明治神宮,,9, 決  勝,F,明徳義塾,3461,高知,四国,4,創成館,2652,長崎,九州,0,1,4,,0,v1_3_workcopy.xlsx
2018,選抜,,1,１ 回 戦,1R,聖光学院,2638,福島,東北,5,東筑,175,福岡,九州,3,1,2,,0,v1_3_workcopy.xlsx
2018,選抜,,2,１ 回 戦,1R,国学院栃木,2511,栃木,関東,3,英明,4840,香川,四国,2,1,1,,0,v1_3_workcopy.xlsx
2018,選抜,,3,１ 回 戦,1R,明秀日立,4652,茨城,関東,4,瀬戸内,303,広島,中国,3,1,1,,0,v1_3_workcopy.xlsx
2018,選抜,,4,１ 回 戦,1R,日大三,171,東京,東京,5,由利工,2587,秋田,東北,0,1,5,,0,v1_3_workcopy.xlsx
2018,選抜,,5,２ 回 戦,2R,静岡,162,静岡,東海,7,駒大苫小牧,2767,北海道,北海道,0,1,7,,0,v1_3_workcopy.xlsx
2018,選抜,,6,２ 回 戦,2R,日本航空石川,4805,石川,北信越,10,膳所,218,滋賀,近畿,0,1,10,,0,v1_3_workcopy.xlsx
2018,選抜,,7,２ 回 戦,2R,明徳義塾,3461,高知,四国,7,中央学院,3164,千葉,関東,5,1,2,逆転サヨナラ,0,v1_3_workcopy.xlsx
2018,選抜,,8,２ 回 戦,2R,智弁和歌山,3732,和歌山,近畿,4,富山商,252,富山,北信越,2,1,2,,0,v1_3_workcopy.xlsx
2018,選抜,,9,２ 回 戦,2R,智弁学園,3009,奈良,近畿,5,日大山形,2421,山形,東北,3,1,2,,0,v1_3_workcopy.xlsx
2018,選抜,,10,２ 回 戦,2R,創成館,2652,長崎,九州,3,下関国際,2930,山口,中国,1,1,2,,0,v1_3_workcopy.xlsx
2018,選抜,,11,２ 回 戦,2R,大阪桐蔭,4498,大阪,近畿,14,伊万里,1399,佐賀,九州,2,1,12,,0,v1_3_workcopy.xlsx
2018,選抜,,12,２ 回 戦,2R,花巻東,2305,岩手,東北,5,東邦,641,愛知,東海,3,1,2,,0,v1_3_workcopy.xlsx
2018,選抜,,13,２ 回 戦,2R,東海大相模,2773,神奈川,関東,12,聖光学院,2638,福島,東北,3,1,9,,0,v1_3_workcopy.xlsx
2018,選抜,,14,２ 回 戦,2R,国学院栃木,2511,栃木,関東,9,延岡学園,2890,宮崎,九州,5,1,4,,0,v1_3_workcopy.xlsx
2018,選抜,,15,２ 回 戦,2R,明秀日立,4652,茨城,関東,10,高知,643,高知,四国,1,1,9,,0,v1_3_workcopy.xlsx
2018,選抜,,16,２ 回 戦,2R,彦根東,106,滋賀,近畿,4,慶応,23,神奈川,関東,3,1,1,,0,v1_3_workcopy.xlsx
2018,選抜,,17,２ 回 戦,2R,乙訓,2905,京都,近畿,7,おかやま山陽,1396,岡山,中国,2,1,5,,0,v1_3_workcopy.xlsx
2018,選抜,,18,２ 回 戦,2R,近江,2335,滋賀,近畿,8,松山聖陵,3128,愛媛,四国,5,1,3,,0,v1_3_workcopy.xlsx
2018,選抜,,19,２ 回 戦,2R,星稜,2627,石川,北信越,11,富島,1652,宮崎,九州,2,1,9,,0,v1_3_workcopy.xlsx
2018,選抜,,20,２ 回 戦,2R,三重,2507,三重,東海,8,日大三,171,東京,東京,0,1,8,,0,v1_3_workcopy.xlsx
2018,選抜,,21,３ 回 戦,3R,東海大相模,2773,神奈川,関東,8,静岡,162,静岡,東海,1,1,7,,0,v1_3_workcopy.xlsx
2018,選抜,,22,３ 回 戦,3R,日本航空石川,4805,石川,北信越,3,明徳義塾,3461,高知,四国,1,1,2,サヨナラ,0,v1_3_workcopy.xlsx
2018,選抜,,23,３ 回 戦,3R,智弁和歌山,3732,和歌山,近畿,7,国学院栃木,2511,栃木,関東,4,1,3,,0,v1_3_workcopy.xlsx
2018,選抜,,24,３ 回 戦,3R,創成館,2652,長崎,九州,2,智弁学園,3009,奈良,近畿,1,1,1,延長10回サヨナラ,0,v1_3_workcopy.xlsx
2018,選抜,,25,３ 回 戦,3R,大阪桐蔭,4498,大阪,近畿,5,明秀日立,4652,茨城,関東,1,1,4,,0,v1_3_workcopy.xlsx
2018,選抜,,26,３ 回 戦,3R,花巻東,2305,岩手,東北,1,彦根東,106,滋賀,近畿,0,1,1,延長10回サヨナラ,0,v1_3_workcopy.xlsx
2018,選抜,,27,３ 回 戦,3R,三重,2507,三重,東海,2,乙訓,2905,京都,近畿,1,1,1,,0,v1_3_workcopy.xlsx
2018,選抜,,28,３ 回 戦,3R,星稜,2627,石川,北信越,4,近江,2335,滋賀,近畿,3,1,1,延長10回サヨナラ,0,v1_3_workcopy.xlsx
2018,選抜,,29,準々決勝,QF,東海大相模,2773,神奈川,関東,3,日本航空石川,4805,石川,北信越,1,1,2,,0,v1_3_workcopy.xlsx
2018,選抜,,30,準々決勝,QF,智弁和歌山,3732,和歌山,近畿,11,創成館,2652,長崎,九州,10,1,1,延長11回逆転サヨナラ,0,v1_3_workcopy.xlsx
2018,選抜,,31,準々決勝,QF,大阪桐蔭,4498,大阪,近畿,19,花巻東,2305,岩手,東北,0,1,19,,0,v1_3_workcopy.xlsx
2018,選抜,,32,準々決勝,QF,三重,2507,三重,東海,14,星稜,2627,石川,北信越,9,1,5,,0,v1_3_workcopy.xlsx
2018,選抜,,33,準 決 勝,SF,智弁和歌山,3732,和歌山,近畿,12,東海大相模,2773,神奈川,関東,10,1,2,延長10回,0,v1_3_workcopy.xlsx
2018,選抜,,34,準 決 勝,SF,大阪桐蔭,4498,大阪,近畿,3,三重,2507,三重,東海,2,1,1,延長12回サヨナラ,0,v1_3_workcopy.xlsx
2018,選抜,,35, 決  勝,F,大阪桐蔭,4498,大阪,近畿,5,智弁和歌山,3732,和歌山,近畿,2,1,3,,0,v1_3_workcopy.xlsx
2018,春季地区,北海道,1,１ 回 戦,1R,札幌日大,4447,北海道,北海道,9,富良野,1553,北海道,北海道,6,1,3,,0,v1_3_workcopy.xlsx
2018,春季地区,北海道,2,１ 回 戦,1R,北海,212,北海道,北海道,11,釧路明輝,3874,北海道,北海道,0,1,11,5回コールド,0,v1_3_workcopy.xlsx
2018,春季地区,北海道,3,１ 回 戦,1R,北照,399,北海道,北海道,10,室蘭清水丘,1924,北海道,北海道,0,1,10,5回コールド,0,v1_3_workcopy.xlsx
2018,春季地区,北海道,4,１ 回 戦,1R,クラーク国際,4959,北海道,北海道,5,駒大苫小牧,2767,北海道,北海道,3,1,2,,0,v1_3_workcopy.xlsx
2018,春季地区,北海道,5,１ 回 戦,1R,旭川実,2513,北海道,北海道,11,札幌国際情報,4639,北海道,北海道,2,1,9,7回コールド,0,v1_3_workcopy.xlsx
2018,春季地区,北海道,6,１ 回 戦,1R,札幌第一,2430,北海道,北海道,12,白樺学園,2385,北海道,北海道,8,1,4,,0,v1_3_workcopy.xlsx
2018,春季地区,北海道,7,１ 回 戦,1R,士別翔雲,1545,北海道,北海道,11,遠軽,1353,北海道,北海道,1,1,10,5回コールド,0,v1_3_workcopy.xlsx
2018,春季地区,北海道,8,１ 回 戦,1R,大谷室蘭,2379,北海道,北海道,3,函館大有斗,1517,北海道,北海道,2,1,1,,0,v1_3_workcopy.xlsx
2018,春季地区,北海道,9,準々決勝,QF,札幌日大,4447,北海道,北海道,9,北海,212,北海道,北海道,1,1,8,7回コールド,0,v1_3_workcopy.xlsx
2018,春季地区,北海道,10,準々決勝,QF,北照,399,北海道,北海道,2,クラーク国際,4959,北海道,北海道,0,1,2,,0,v1_3_workcopy.xlsx
2018,春季地区,北海道,11,準々決勝,QF,札幌第一,2430,北海道,北海道,10,旭川実,2513,北海道,北海道,8,1,2,,0,v1_3_workcopy.xlsx
2018,春季地区,北海道,12,準々決勝,QF,大谷室蘭,2379,北海道,北海道,6,士別翔雲,1545,北海道,北海道,3,1,3,,0,v1_3_workcopy.xlsx
2018,春季地区,北海道,13,準 決 勝,SF,札幌日大,4447,北海道,北海道,6,北照,399,北海道,北海道,5,1,1,,0,v1_3_workcopy.xlsx
2018,春季地区,北海道,14,準 決 勝,SF,札幌第一,2430,北海道,北海道,4,大谷室蘭,2379,北海道,北海道,2,1,2,,0,v1_3_workcopy.xlsx
2018,春季地区,北海道,15, 決  勝,F,札幌第一,2430,北海道,北海道,11,札幌日大,4447,北海道,北海道,0,1,11,,0,v1_3_workcopy.xlsx
2018,春季地区,東北,1,１ 回 戦,1R,弘前工,653,青森,東北,6,利府,4235,宮城,東北,5,1,1,,0,v1_3_workcopy.xlsx
2018,春季地区,東北,2,１ 回 戦,1R,明桜,2201,秋田,東北,8,磐城,177,福島,東北,1,1,7,7回コールド,0,v1_3_workcopy.xlsx
2018,春季地区,東北,3,２ 回 戦,2R,弘前東,3673,青森,東北,8,古川学園,2318,宮城,東北,1,1,7,7回コールド,0,v1_3_workcopy.xlsx
2018,春季地区,東北,4,２ 回 戦,2R,山形城北,4783,山形,東北,5,花巻東,2305,岩手,東北,3,1,2,,0,v1_3_workcopy.xlsx
2018,春季地区,東北,5,２ 回 戦,2R,八戸学院光星,2310,青森,東北,7,盛岡中央,2898,岩手,東北,4,1,3,,0,v1_3_workcopy.xlsx
2018,春季地区,東北,6,２ 回 戦,2R,聖光学院,2638,福島,東北,6,弘前工,653,青森,東北,4,1,2,延長11回,0,v1_3_workcopy.xlsx
2018,春季地区,東北,7,２ 回 戦,2R,福島商,428,福島,東北,8,山形中央,1728,山形,東北,4,1,4,,0,v1_3_workcopy.xlsx
2018,春季地区,東北,8,２ 回 戦,2R,羽黒,2801,山形,東北,2,由利工,2587,秋田,東北,1,1,1,,0,v1_3_workcopy.xlsx
2018,春季地区,東北,9,２ 回 戦,2R,東北,291,宮城,東北,8,明桜,2201,秋田,東北,6,1,2,延長10回,0,v1_3_workcopy.xlsx
2018,春季地区,東北,10,２ 回 戦,2R,金足農,818,秋田,東北,4,専大北上,2375,岩手,東北,1,1,3,,0,v1_3_workcopy.xlsx
2018,春季地区,東北,11,準々決勝,QF,聖光学院,2638,福島,東北,4,羽黒,2801,山形,東北,1,1,3,,0,v1_3_workcopy.xlsx
2018,春季地区,東北,12,準々決勝,QF,八戸学院光星,2310,青森,東北,16,福島商,428,福島,東北,1,1,15,5回コールド,0,v1_3_workcopy.xlsx
2018,春季地区,東北,13,準々決勝,QF,弘前東,3673,青森,東北,14,山形城北,4783,山形,東北,4,1,10,5回コールド,0,v1_3_workcopy.xlsx
2018,春季地区,東北,14,準々決勝,QF,東北,291,宮城,東北,3,金足農,818,秋田,東北,0,1,3,,0,v1_3_workcopy.xlsx
2018,春季地区,東北,15,準 決 勝,SF,聖光学院,2638,福島,東北,10,弘前東,3673,青森,東北,4,1,6,8回コールド,0,v1_3_workcopy.xlsx
2018,春季地区,東北,16,準 決 勝,SF,東北,291,宮城,東北,9,八戸学院光星,2310,青森,東北,6,1,3,,0,v1_3_workcopy.xlsx
2018,春季地区,東北,17, 決  勝,F,聖光学院,2638,福島,東北,2,東北,291,宮城,東北,1,1,1,延長10回サヨナラ,0,v1_3_workcopy.xlsx
2018,春季地区,関東,1,１ 回 戦,1R,花咲徳栄,4107,埼玉,関東,14,専大松戸,2480,千葉,関東,9,1,5,,0,v1_3_workcopy.xlsx
2018,春季地区,関東,2,１ 回 戦,1R,日大三,171,東京,東京,5,桐光学園,3646,神奈川,関東,3,1,2,延長10回,0,v1_3_workcopy.xlsx
2018,春季地区,関東,3,１ 回 戦,1R,千葉黎明,670,千葉,関東,4,青藍泰斗,1314,栃木,関東,3,1,1,,0,v1_3_workcopy.xlsx
2018,春季地区,関東,4,２ 回 戦,2R,木更津総合,2775,千葉,関東,10,国士舘,1525,東京,東京,2,1,8,7回コールド,0,v1_3_workcopy.xlsx
2018,春季地区,関東,5,２ 回 戦,2R,東海大相模,2773,神奈川,関東,8,花咲徳栄,4107,埼玉,関東,7,1,1,サヨナラ,0,v1_3_workcopy.xlsx
2018,春季地区,関東,6,２ 回 戦,2R,常総学院,4225,茨城,関東,7,関東学園大付,2425,群馬,関東,2,1,5,,0,v1_3_workcopy.xlsx
2018,春季地区,関東,7,２ 回 戦,2R,横浜,1041,神奈川,関東,6,明秀日立,4652,茨城,関東,1,1,5,,0,v1_3_workcopy.xlsx
2018,春季地区,関東,8,２ 回 戦,2R,習志野,2330,千葉,関東,7,作新学院,387,栃木,関東,2,1,5,,0,v1_3_workcopy.xlsx
2018,春季地区,関東,9,２ 回 戦,2R,健大高崎,4784,群馬,関東,8,東海大甲府,2422,山梨,関東,2,1,6,,0,v1_3_workcopy.xlsx
2018,春季地区,関東,10,２ 回 戦,2R,日大三,171,東京,東京,8,山梨学院,2336,山梨,関東,5,1,3,,0,v1_3_workcopy.xlsx
2018,春季地区,関東,11,２ 回 戦,2R,浦和学院,3733,埼玉,関東,5,千葉黎明,670,千葉,関東,2,1,3,,0,v1_3_workcopy.xlsx
2018,春季地区,関東,12,準々決勝,QF,常総学院,4225,茨城,関東,7,東海大相模,2773,神奈川,関東,3,1,4,,0,v1_3_workcopy.xlsx
2018,春季地区,関東,13,準々決勝,QF,日大三,171,東京,東京,9,習志野,2330,千葉,関東,2,1,7,7回コールド,0,v1_3_workcopy.xlsx
2018,春季地区,関東,14,準々決勝,QF,木更津総合,2775,千葉,関東,13,横浜,1041,神奈川,関東,5,1,8,7回コールド,0,v1_3_workcopy.xlsx
2018,春季地区,関東,15,準々決勝,QF,健大高崎,4784,群馬,関東,7,浦和学院,3733,埼玉,関東,6,1,1,,0,v1_3_workcopy.xlsx
2018,春季地区,関東,16,準 決 勝,SF,日大三,171,東京,東京,9,常総学院,4225,茨城,関東,8,1,1,サヨナラ,0,v1_3_workcopy.xlsx
2018,春季地区,関東,17,準 決 勝,SF,健大高崎,4784,群馬,関東,9,木更津総合,2775,千葉,関東,8,1,1,サヨナラ,0,v1_3_workcopy.xlsx
2018,春季地区,関東,18, 決  勝,F,健大高崎,4784,群馬,関東,15,日大三,171,東京,東京,10,1,5,,0,v1_3_workcopy.xlsx
2018,春季地区,北信越,1,１ 回 戦,1R,関根学園,2579,新潟,北信越,5,福井商,380,福井,北信越,2,1,3,,0,v1_3_workcopy.xlsx
2018,春季地区,北信越,2,１ 回 戦,1R,金沢,645,石川,北信越,1,上田西,2519,長野,北信越,0,1,1,延長11回,0,v1_3_workcopy.xlsx
2018,春季地区,北信越,3,１ 回 戦,1R,日本航空石川,4805,石川,北信越,5,富山商,252,富山,北信越,2,1,3,,0,v1_3_workcopy.xlsx
2018,春季地区,北信越,4,１ 回 戦,1R,日本文理,4328,新潟,北信越,7,金沢学院,4640,石川,北信越,1,1,6,,0,v1_3_workcopy.xlsx
2018,春季地区,北信越,5,準々決勝,QF,日本文理,4328,新潟,北信越,3,坂井,4973,福井,北信越,2,1,1,,0,v1_3_workcopy.xlsx
2018,春季地区,北信越,6,準々決勝,QF,高岡商,425,富山,北信越,14,金沢,645,石川,北信越,6,1,8,7回コールド,0,v1_3_workcopy.xlsx
2018,春季地区,北信越,7,準々決勝,QF,星稜,2627,石川,北信越,7,関根学園,2579,新潟,北信越,0,1,7,7回コールド,0,v1_3_workcopy.xlsx
2018,春季地区,北信越,8,準々決勝,QF,佐久長聖,2895,長野,北信越,3,日本航空石川,4805,石川,北信越,2,1,1,サヨナラ,0,v1_3_workcopy.xlsx
2018,春季地区,北信越,9,準 決 勝,SF,星稜,2627,石川,北信越,10,高岡商,425,富山,北信越,5,1,5,,0,v1_3_workcopy.xlsx
2018,春季地区,北信越,10,準 決 勝,SF,佐久長聖,2895,長野,北信越,7,日本文理,4328,新潟,北信越,6,1,1,,0,v1_3_workcopy.xlsx
2018,春季地区,北信越,11, 決  勝,F,星稜,2627,石川,北信越,9,佐久長聖,2895,長野,北信越,5,1,4,,0,v1_3_workcopy.xlsx
2018,春季地区,東海,1,準々決勝,QF,東邦,641,愛知,東海,11,津田学園,4572,三重,東海,4,1,7,8回コールド,0,v1_3_workcopy.xlsx
2018,春季地区,東海,2,準々決勝,QF,静岡,162,静岡,東海,3,帝京大可児,4557,岐阜,東海,0,1,3,,0,v1_3_workcopy.xlsx
2018,春季地区,東海,3,準々決勝,QF,東海大静岡翔洋,1044,静岡,東海,6,誉,4315,愛知,東海,5,1,1,,0,v1_3_workcopy.xlsx
2018,春季地区,東海,4,準々決勝,QF,いなべ総合,2248,三重,東海,3,中京学院大中京,2628,岐阜,東海,2,1,1,サヨナラ,0,v1_3_workcopy.xlsx
2018,春季地区,東海,5,準 決 勝,SF,東邦,641,愛知,東海,9,静岡,162,静岡,東海,7,1,2,,0,v1_3_workcopy.xlsx
2018,春季地区,東海,6,準 決 勝,SF,いなべ総合,2248,三重,東海,13,東海大静岡翔洋,1044,静岡,東海,6,1,7,7回コールド,0,v1_3_workcopy.xlsx
2018,春季地区,東海,7, 決  勝,F,東邦,641,愛知,東海,2,いなべ総合,2248,三重,東海,0,1,2,,0,v1_3_workcopy.xlsx
2018,春季地区,近畿,1,準々決勝,QF,大阪桐蔭,4498,大阪,近畿,7,明石商,2258,兵庫,近畿,6,1,1,延長10回,0,v1_3_workcopy.xlsx
2018,春季地区,近畿,2,準々決勝,QF,智弁学園,3009,奈良,近畿,7,市尼崎,1523,兵庫,近畿,0,1,7,7回コールド,0,v1_3_workcopy.xlsx
2018,春季地区,近畿,3,準々決勝,QF,智弁和歌山,3732,和歌山,近畿,9,比叡山,57,滋賀,近畿,0,1,9,7回コールド,0,v1_3_workcopy.xlsx
2018,春季地区,近畿,4,準々決勝,QF,滝川二,4324,兵庫,近畿,3,乙訓,2905,京都,近畿,1,1,2,,0,v1_3_workcopy.xlsx
2018,春季地区,近畿,5,準 決 勝,SF,大阪桐蔭,4498,大阪,近畿,6,智弁学園,3009,奈良,近畿,3,1,3,,0,v1_3_workcopy.xlsx
2018,春季地区,近畿,6,準 決 勝,SF,智弁和歌山,3732,和歌山,近畿,9,滝川二,4324,兵庫,近畿,7,1,2,,0,v1_3_workcopy.xlsx
2018,春季地区,近畿,7, 決  勝,F,大阪桐蔭,4498,大阪,近畿,3,智弁和歌山,3732,和歌山,近畿,1,1,2,,0,v1_3_workcopy.xlsx
2018,春季地区,中国,1,準々決勝,QF,広島新庄,780,広島,中国,8,早鞆,2139,山口,中国,2,1,6,,0,v1_3_workcopy.xlsx
2018,春季地区,中国,2,準々決勝,QF,下関国際,2930,山口,中国,9,八頭,2146,鳥取,中国,7,1,2,,0,v1_3_workcopy.xlsx
2018,春季地区,中国,3,準々決勝,QF,倉敷商,792,岡山,中国,11,宇部工,882,山口,中国,3,1,8,7回コールド,0,v1_3_workcopy.xlsx
2018,春季地区,中国,4,準々決勝,QF,宇部鴻城,2800,山口,中国,10,石見智翠館,3013,島根,中国,7,1,3,,0,v1_3_workcopy.xlsx
2018,春季地区,中国,5,準 決 勝,SF,下関国際,2930,山口,中国,6,宇部鴻城,2800,山口,中国,2,1,4,,0,v1_3_workcopy.xlsx
2018,春季地区,中国,6,準 決 勝,SF,広島新庄,780,広島,中国,3,倉敷商,792,岡山,中国,1,1,2,,0,v1_3_workcopy.xlsx
2018,春季地区,中国,7, 決  勝,F,広島新庄,780,広島,中国,8,下関国際,2930,山口,中国,2,1,6,,0,v1_3_workcopy.xlsx
2018,春季地区,四国,1,準々決勝,QF,明徳義塾,3461,高知,四国,11,松山聖陵,3128,愛媛,四国,4,1,7,7回コールド,0,v1_3_workcopy.xlsx
2018,春季地区,四国,2,準々決勝,QF,大手前高松,2361,香川,四国,7,小松島,2151,徳島,四国,0,1,7,7回コールド,0,v1_3_workcopy.xlsx
2018,春季地区,四国,3,準々決勝,QF,鳴門,44,徳島,四国,8,高知商,219,高知,四国,0,1,8,7回コールド,0,v1_3_workcopy.xlsx
2018,春季地区,四国,4,準々決勝,QF,聖カタリナ,4985,愛媛,四国,5,英明,4840,香川,四国,4,1,1,,0,v1_3_workcopy.xlsx
2018,春季地区,四国,5,準 決 勝,SF,聖カタリナ,4985,愛媛,四国,9,鳴門,44,徳島,四国,8,1,1,,0,v1_3_workcopy.xlsx
2018,春季地区,四国,6,準 決 勝,SF,大手前高松,2361,香川,四国,6,明徳義塾,3461,高知,四国,4,1,2,,0,v1_3_workcopy.xlsx
2018,春季地区,四国,7, 決  勝,F,大手前高松,2361,香川,四国,13,聖カタリナ,4985,愛媛,四国,9,1,4,,0,v1_3_workcopy.xlsx
2018,春季地区,九州,1,１ 回 戦,1R,未来沖縄,4966,沖縄,九州,4,れいめい,2891,鹿児島,九州,2,1,2,,0,v1_3_workcopy.xlsx
2018,春季地区,九州,2,１ 回 戦,1R,八幡,750,福岡,九州,3,富島,1652,宮崎,九州,2,1,1,,0,v1_3_workcopy.xlsx
2018,春季地区,九州,3,１ 回 戦,1R,創成館,2652,長崎,九州,5,文徳,3014,熊本,九州,4,1,1,,0,v1_3_workcopy.xlsx
2018,春季地区,九州,4,１ 回 戦,1R,九州国際大付,2553,福岡,九州,2,東明館,4519,佐賀,九州,1,1,1,,0,v1_3_workcopy.xlsx
2018,春季地区,九州,5,１ 回 戦,1R,伊万里,1399,佐賀,九州,10,東筑紫学園,4571,福岡,九州,3,1,7,,0,v1_3_workcopy.xlsx
2018,春季地区,九州,6,１ 回 戦,1R,明豊,2152,大分,九州,4,聖心ウルスラ,4782,宮崎,九州,3,1,1,,0,v1_3_workcopy.xlsx
2018,春季地区,九州,7,１ 回 戦,1R,東筑,175,福岡,九州,6,長崎総大付,2880,長崎,九州,0,1,6,,0,v1_3_workcopy.xlsx
2018,春季地区,九州,8,１ 回 戦,1R,樟南,2247,鹿児島,九州,6,延岡学園,2890,宮崎,九州,3,1,3,,0,v1_3_workcopy.xlsx
2018,春季地区,九州,9,準々決勝,QF,未来沖縄,4966,沖縄,九州,9,八幡,750,福岡,九州,1,1,8,,0,v1_3_workcopy.xlsx
2018,春季地区,九州,10,準々決勝,QF,九州国際大付,2553,福岡,九州,5,創成館,2652,長崎,九州,1,1,4,,0,v1_3_workcopy.xlsx
2018,春季地区,九州,11,準々決勝,QF,明豊,2152,大分,九州,5,伊万里,1399,佐賀,九州,4,1,1,サヨナラ,0,v1_3_workcopy.xlsx
2018,春季地区,九州,12,準々決勝,QF,東筑,175,福岡,九州,6,樟南,2247,鹿児島,九州,3,1,3,,0,v1_3_workcopy.xlsx
2018,春季地区,九州,13,準 決 勝,SF,九州国際大付,2553,福岡,九州,2,未来沖縄,4966,沖縄,九州,1,1,1,,0,v1_3_workcopy.xlsx
2018,春季地区,九州,14,準 決 勝,SF,明豊,2152,大分,九州,9,東筑,175,福岡,九州,7,1,2,,0,v1_3_workcopy.xlsx
2018,春季地区,九州,15, 決  勝,F,九州国際大付,2553,福岡,九州,13,明豊,2152,大分,九州,0,1,13,,0,v1_3_workcopy.xlsx
2018,選手権,,1,１ 回 戦,1R,星稜,2627,石川,北信越,9,藤蔭,3943,大分,九州,4,1,5,,0,v1_3_workcopy.xlsx
2018,選手権,,2,１ 回 戦,1R,済美,4781,愛媛,四国,5,中央学院,3164,千葉,関東,4,1,1,,0,v1_3_workcopy.xlsx
2018,選手権,,3,１ 回 戦,1R,慶応,23,神奈川,関東,3,中越,2307,新潟,北信越,2,1,1,サヨナラ,0,v1_3_workcopy.xlsx
2018,選手権,,4,１ 回 戦,1R,高知商,219,高知,四国,14,山梨学院,2336,山梨,関東,12,1,2,,0,v1_3_workcopy.xlsx
2018,選手権,,5,１ 回 戦,1R,大阪桐蔭,4498,大阪,近畿,3,作新学院,387,栃木,関東,1,1,2,,0,v1_3_workcopy.xlsx
2018,選手権,,6,１ 回 戦,1R,沖学園,2434,福岡,九州,4,北照,399,北海道,北海道,2,1,2,,0,v1_3_workcopy.xlsx
2018,選手権,,7,１ 回 戦,1R,佐久長聖,2895,長野,北信越,5,旭川大高,2769,北海道,北海道,4,1,1,延長14回、タイブレーク,0,v1_3_workcopy.xlsx
2018,選手権,,8,１ 回 戦,1R,高岡商,425,富山,北信越,4,佐賀商,248,佐賀,九州,1,1,3,,0,v1_3_workcopy.xlsx
2018,選手権,,9,１ 回 戦,1R,近江,2335,滋賀,近畿,7,智弁和歌山,3732,和歌山,近畿,3,1,4,,0,v1_3_workcopy.xlsx
2018,選手権,,10,１ 回 戦,1R,前橋育英,2803,群馬,関東,2,近大付,1048,大阪,近畿,0,1,2,,0,v1_3_workcopy.xlsx
2018,選手権,,11,１ 回 戦,1R,常葉大菊川,4105,静岡,東海,8,益田東,3832,島根,中国,7,1,1,,0,v1_3_workcopy.xlsx
2018,選手権,,12,１ 回 戦,1R,日南学園,3018,宮崎,九州,2,丸亀城西,600,香川,四国,0,1,2,,0,v1_3_workcopy.xlsx
2018,選手権,,13,１ 回 戦,1R,金足農,818,秋田,東北,5,鹿児島実,429,鹿児島,九州,1,1,4,,0,v1_3_workcopy.xlsx
2018,選手権,,14,１ 回 戦,1R,大垣日大,2639,岐阜,東海,9,東海大星翔,2554,熊本,九州,3,1,6,,0,v1_3_workcopy.xlsx
2018,選手権,,15,１ 回 戦,1R,花咲徳栄,4107,埼玉,関東,8,鳴門,44,徳島,四国,5,1,3,,0,v1_3_workcopy.xlsx
2018,選手権,,16,１ 回 戦,1R,横浜,1041,神奈川,関東,7,愛産大三河,4106,愛知,東海,0,1,7,,0,v1_3_workcopy.xlsx
2018,選手権,,17,１ 回 戦,1R,下関国際,2930,山口,中国,4,花巻東,2305,岩手,東北,2,1,2,延長10回,0,v1_3_workcopy.xlsx
2018,選手権,,18,１ 回 戦,1R,創志学園,4917,岡山,中国,7,創成館,2652,長崎,九州,0,1,7,,0,v1_3_workcopy.xlsx
2018,選手権,,19,１ 回 戦,1R,興南,2550,沖縄,九州,6,土浦日大,2779,茨城,関東,2,1,4,,0,v1_3_workcopy.xlsx
2018,選手権,,20,１ 回 戦,1R,木更津総合,2775,千葉,関東,10,敦賀気比,4446,福井,北信越,1,1,9,,0,v1_3_workcopy.xlsx
2018,選手権,,21,１ 回 戦,1R,日大三,171,東京,東京,16,折尾愛真,4835,福岡,九州,3,1,13,,0,v1_3_workcopy.xlsx
2018,選手権,,22,１ 回 戦,1R,奈良大付,2475,奈良,近畿,4,羽黒,2801,山形,東北,1,1,3,,0,v1_3_workcopy.xlsx
2018,選手権,,23,１ 回 戦,1R,龍谷大平安,97,京都,近畿,3,鳥取城北,3124,鳥取,中国,2,1,1,サヨナラ,0,v1_3_workcopy.xlsx
2018,選手権,,24,１ 回 戦,1R,八戸学院光星,2310,青森,東北,9,明石商,2258,兵庫,近畿,8,1,1,延長10回,0,v1_3_workcopy.xlsx
2018,選手権,,25,２ 回 戦,2R,報徳学園,793,兵庫,近畿,3,聖光学院,2638,福島,東北,2,1,1,,0,v1_3_workcopy.xlsx
2018,選手権,,26,２ 回 戦,2R,愛工大名電,2306,愛知,東海,10,白山,2460,三重,東海,0,1,10,,0,v1_3_workcopy.xlsx
2018,選手権,,27,２ 回 戦,2R,二松学舎大付,2380,東京,東京,5,広陵,94,広島,中国,2,1,3,,0,v1_3_workcopy.xlsx
2018,選手権,,28,２ 回 戦,2R,浦和学院,3733,埼玉,関東,9,仙台育英,646,宮城,東北,0,1,9,,0,v1_3_workcopy.xlsx
2018,選手権,,29,２ 回 戦,2R,済美,4781,愛媛,四国,13,星稜,2627,石川,北信越,11,1,2,延長13回サヨナラ、タイブレーク,0,v1_3_workcopy.xlsx
2018,選手権,,30,２ 回 戦,2R,高知商,219,高知,四国,12,慶応,23,神奈川,関東,6,1,6,,0,v1_3_workcopy.xlsx
2018,選手権,,31,２ 回 戦,2R,大阪桐蔭,4498,大阪,近畿,10,沖学園,2434,福岡,九州,4,1,6,,0,v1_3_workcopy.xlsx
2018,選手権,,32,２ 回 戦,2R,高岡商,425,富山,北信越,5,佐久長聖,2895,長野,北信越,4,1,1,,0,v1_3_workcopy.xlsx
2018,選手権,,33,２ 回 戦,2R,近江,2335,滋賀,近畿,4,前橋育英,2803,群馬,関東,3,1,1,サヨナラ,0,v1_3_workcopy.xlsx
2018,選手権,,34,２ 回 戦,2R,常葉大菊川,4105,静岡,東海,3,日南学園,3018,宮崎,九州,0,1,3,,0,v1_3_workcopy.xlsx
2018,選手権,,35,２ 回 戦,2R,金足農,818,秋田,東北,6,大垣日大,2639,岐阜,東海,3,1,3,,0,v1_3_workcopy.xlsx
2018,選手権,,36,２ 回 戦,2R,横浜,1041,神奈川,関東,8,花咲徳栄,4107,埼玉,関東,6,1,2,,0,v1_3_workcopy.xlsx
2018,選手権,,37,２ 回 戦,2R,下関国際,2930,山口,中国,5,創志学園,4917,岡山,中国,4,1,1,,0,v1_3_workcopy.xlsx
2018,選手権,,38,２ 回 戦,2R,木更津総合,2775,千葉,関東,7,興南,2550,沖縄,九州,0,1,7,,0,v1_3_workcopy.xlsx
2018,選手権,,39,２ 回 戦,2R,日大三,171,東京,東京,8,奈良大付,2475,奈良,近畿,4,1,4,,0,v1_3_workcopy.xlsx
2018,選手権,,40,２ 回 戦,2R,龍谷大平安,97,京都,近畿,14,八戸学院光星,2310,青森,東北,1,1,13,,0,v1_3_workcopy.xlsx
2018,選手権,,41,３ 回 戦,3R,報徳学園,793,兵庫,近畿,7,愛工大名電,2306,愛知,東海,2,1,5,,0,v1_3_workcopy.xlsx
2018,選手権,,42,３ 回 戦,3R,浦和学院,3733,埼玉,関東,6,二松学舎大付,2380,東京,東京,0,1,6,,0,v1_3_workcopy.xlsx
2018,選手権,,43,３ 回 戦,3R,済美,4781,愛媛,四国,3,高知商,219,高知,四国,1,1,2,,0,v1_3_workcopy.xlsx
2018,選手権,,44,３ 回 戦,3R,大阪桐蔭,4498,大阪,近畿,3,高岡商,425,富山,北信越,1,1,2,,0,v1_3_workcopy.xlsx
2018,選手権,,45,３ 回 戦,3R,近江,2335,滋賀,近畿,9,常葉大菊川,4105,静岡,東海,4,1,5,,0,v1_3_workcopy.xlsx
2018,選手権,,46,３ 回 戦,3R,金足農,818,秋田,東北,5,横浜,1041,神奈川,関東,4,1,1,,0,v1_3_workcopy.xlsx
2018,選手権,,47,３ 回 戦,3R,下関国際,2930,山口,中国,4,木更津総合,2775,千葉,関東,1,1,3,,0,v1_3_workcopy.xlsx
2018,選手権,,48,３ 回 戦,3R,日大三,171,東京,東京,4,龍谷大平安,97,京都,近畿,3,1,1,,0,v1_3_workcopy.xlsx
2018,選手権,,49,準々決勝,QF,大阪桐蔭,4498,大阪,近畿,11,浦和学院,3733,埼玉,関東,2,1,9,,0,v1_3_workcopy.xlsx
2018,選手権,,50,準々決勝,QF,済美,4781,愛媛,四国,3,報徳学園,793,兵庫,近畿,2,1,1,,0,v1_3_workcopy.xlsx
2018,選手権,,51,準々決勝,QF,日大三,171,東京,東京,3,下関国際,2930,山口,中国,2,1,1,,0,v1_3_workcopy.xlsx
2018,選手権,,52,準々決勝,QF,金足農,818,秋田,東北,3,近江,2335,滋賀,近畿,2,1,1,サヨナラ,0,v1_3_workcopy.xlsx
2018,選手権,,53,準 決 勝,SF,金足農,818,秋田,東北,2,日大三,171,東京,東京,1,1,1,,0,v1_3_workcopy.xlsx
2018,選手権,,54,準 決 勝,SF,大阪桐蔭,4498,大阪,近畿,5,済美,4781,愛媛,四国,2,1,3,,0,v1_3_workcopy.xlsx
2018,選手権,,55, 決  勝,F,大阪桐蔭,4498,大阪,近畿,13,金足農,818,秋田,東北,2,1,11,,0,v1_3_workcopy.xlsx
2018,秋季地区,北海道,1,１ 回 戦,1R,駒大苫小牧,2767,北海道,北海道,11,釧路工,1301,北海道,北海道,3,1,8,7回コールド,0,v1_3_workcopy.xlsx
2018,秋季地区,北海道,2,１ 回 戦,1R,白樺学園,2385,北海道,北海道,4,札幌光星,879,北海道,北海道,3,1,1,延長10回サヨナラ,0,v1_3_workcopy.xlsx
2018,秋季地区,北海道,3,１ 回 戦,1R,函館工,789,北海道,北海道,5,大谷室蘭,2379,北海道,北海道,4,1,1,延長10回,0,v1_3_workcopy.xlsx
2018,秋季地区,北海道,4,１ 回 戦,1R,旭川大高,2769,北海道,北海道,15,北照,399,北海道,北海道,8,1,7,7回コールド,0,v1_3_workcopy.xlsx
2018,秋季地区,北海道,5,２ 回 戦,2R,札幌新川,2386,北海道,北海道,6,旭川明成,4690,北海道,北海道,4,1,2,,0,v1_3_workcopy.xlsx
2018,秋季地区,北海道,6,２ 回 戦,2R,札幌大谷,4893,北海道,北海道,5,滝川西,2426,北海道,北海道,2,1,3,,0,v1_3_workcopy.xlsx
2018,秋季地区,北海道,7,２ 回 戦,2R,駒大苫小牧,2767,北海道,北海道,6,函館大柏稜,4689,北海道,北海道,0,1,6,,0,v1_3_workcopy.xlsx
2018,秋季地区,北海道,8,２ 回 戦,2R,釧路湖陵,441,北海道,北海道,14,札幌英藍,4403,北海道,北海道,12,1,2,,0,v1_3_workcopy.xlsx
2018,秋季地区,北海道,9,２ 回 戦,2R,白樺学園,2385,北海道,北海道,7,北見工,2777,北海道,北海道,4,1,3,,0,v1_3_workcopy.xlsx
2018,秋季地区,北海道,10,２ 回 戦,2R,札幌第一,2430,北海道,北海道,15,札幌日大,4447,北海道,北海道,3,1,12,7回コールド,0,v1_3_workcopy.xlsx
2018,秋季地区,北海道,11,２ 回 戦,2R,稚内大谷,3092,北海道,北海道,2,函館工,789,北海道,北海道,1,1,1,,0,v1_3_workcopy.xlsx
2018,秋季地区,北海道,12,２ 回 戦,2R,旭川大高,2769,北海道,北海道,3,帯広大谷,4688,北海道,北海道,2,1,1,,0,v1_3_workcopy.xlsx
2018,秋季地区,北海道,13,準々決勝,QF,駒大苫小牧,2767,北海道,北海道,3,札幌新川,2386,北海道,北海道,0,1,3,,0,v1_3_workcopy.xlsx
2018,秋季地区,北海道,14,準々決勝,QF,札幌大谷,4893,北海道,北海道,5,白樺学園,2385,北海道,北海道,1,1,4,,0,v1_3_workcopy.xlsx
2018,秋季地区,北海道,15,準々決勝,QF,釧路湖陵,441,北海道,北海道,10,稚内大谷,3092,北海道,北海道,0,1,10,6回コールド,0,v1_3_workcopy.xlsx
2018,秋季地区,北海道,16,準々決勝,QF,札幌第一,2430,北海道,北海道,10,旭川大高,2769,北海道,北海道,8,1,2,,0,v1_3_workcopy.xlsx
2018,秋季地区,北海道,17,準 決 勝,SF,札幌大谷,4893,北海道,北海道,7,駒大苫小牧,2767,北海道,北海道,6,1,1,延長10回,0,v1_3_workcopy.xlsx
2018,秋季地区,北海道,18,準 決 勝,SF,札幌第一,2430,北海道,北海道,5,釧路湖陵,441,北海道,北海道,1,1,4,,0,v1_3_workcopy.xlsx
2018,秋季地区,北海道,19, 決  勝,F,札幌大谷,4893,北海道,北海道,9,札幌第一,2430,北海道,北海道,6,1,3,,0,v1_3_workcopy.xlsx
2018,秋季地区,東北,1,１ 回 戦,1R,大崎中央,2977,宮城,東北,4,青森山田,2309,青森,東北,3,1,1,サヨナラ,0,v1_3_workcopy.xlsx
2018,秋季地区,東北,2,１ 回 戦,1R,専大北上,2375,岩手,東北,6,秋田商,332,秋田,東北,1,1,5,,0,v1_3_workcopy.xlsx
2018,秋季地区,東北,3,２ 回 戦,2R,酒田南,2637,山形,東北,4,日大東北,2145,福島,東北,1,1,3,延長12回,0,v1_3_workcopy.xlsx
2018,秋季地区,東北,4,２ 回 戦,2R,盛岡大付,3833,岩手,東北,8,山形城北,4783,山形,東北,2,1,6,,0,v1_3_workcopy.xlsx
2018,秋季地区,東北,5,２ 回 戦,2R,仙台育英,646,宮城,東北,10,福島商,428,福島,東北,2,1,8,7回コールド,0,v1_3_workcopy.xlsx
2018,秋季地区,東北,6,２ 回 戦,2R,秋田修英,2689,秋田,東北,9,大崎中央,2977,宮城,東北,1,1,8,7回コールド,0,v1_3_workcopy.xlsx
2018,秋季地区,東北,7,２ 回 戦,2R,花巻東,2305,岩手,東北,12,聖光学院,2638,福島,東北,10,1,2,,0,v1_3_workcopy.xlsx
2018,秋季地区,東北,8,２ 回 戦,2R,古川,362,宮城,東北,4,弘前東,3673,青森,東北,3,1,1,延長10回サヨナラ,0,v1_3_workcopy.xlsx
2018,秋季地区,東北,9,２ 回 戦,2R,八戸学院光星,2310,青森,東北,9,専大北上,2375,岩手,東北,2,1,7,8回コールド,0,v1_3_workcopy.xlsx
2018,秋季地区,東北,10,２ 回 戦,2R,羽黒,2801,山形,東北,14,横手,58,秋田,東北,6,1,8,,0,v1_3_workcopy.xlsx
2018,秋季地区,東北,11,準々決勝,QF,古川,362,宮城,東北,3,秋田修英,2689,秋田,東北,1,1,2,,0,v1_3_workcopy.xlsx
2018,秋季地区,東北,12,準々決勝,QF,盛岡大付,3833,岩手,東北,7,酒田南,2637,山形,東北,0,1,7,7回コールド,0,v1_3_workcopy.xlsx
2018,秋季地区,東北,13,準々決勝,QF,花巻東,2305,岩手,東北,6,仙台育英,646,宮城,東北,5,1,1,延長10回サヨナラ,0,v1_3_workcopy.xlsx
2018,秋季地区,東北,14,準々決勝,QF,八戸学院光星,2310,青森,東北,3,羽黒,2801,山形,東北,2,1,1,,0,v1_3_workcopy.xlsx
2018,秋季地区,東北,15,準 決 勝,SF,盛岡大付,3833,岩手,東北,10,古川,362,宮城,東北,0,1,10,6回コールド,0,v1_3_workcopy.xlsx
2018,秋季地区,東北,16,準 決 勝,SF,八戸学院光星,2310,青森,東北,7,花巻東,2305,岩手,東北,3,1,4,,0,v1_3_workcopy.xlsx
2018,秋季地区,東北,17, 決  勝,F,八戸学院光星,2310,青森,東北,5,盛岡大付,3833,岩手,東北,3,1,2,,0,v1_3_workcopy.xlsx
2018,秋季地区,関東,1,１ 回 戦,1R,前橋育英,2803,群馬,関東,1,作新学院,387,栃木,関東,0,1,1,,0,v1_3_workcopy.xlsx
2018,秋季地区,関東,2,１ 回 戦,1R,山梨学院,2336,山梨,関東,7,中央学院,3164,千葉,関東,2,1,5,,0,v1_3_workcopy.xlsx
2018,秋季地区,関東,3,１ 回 戦,1R,習志野,2330,千葉,関東,3,桐生第一,4326,群馬,関東,1,1,2,延長14回、タイブレーク,0,v1_3_workcopy.xlsx
2018,秋季地区,関東,4,１ 回 戦,1R,佐野日大,2964,栃木,関東,5,東農大三,4405,埼玉,関東,2,1,3,,0,v1_3_workcopy.xlsx
2018,秋季地区,関東,5,１ 回 戦,1R,桐蔭学園,3012,神奈川,関東,7,常総学院,4225,茨城,関東,5,1,2,サヨナラ,0,v1_3_workcopy.xlsx
2018,秋季地区,関東,6,１ 回 戦,1R,横浜,1041,神奈川,関東,8,甲府工,706,山梨,関東,2,1,6,,0,v1_3_workcopy.xlsx
2018,秋季地区,関東,7,１ 回 戦,1R,春日部共栄,3944,埼玉,関東,7,藤代,3296,茨城,関東,6,1,1,,0,v1_3_workcopy.xlsx
2018,秋季地区,関東,8,準々決勝,QF,山梨学院,2336,山梨,関東,9,前橋育英,2803,群馬,関東,1,1,8,7回コールド,0,v1_3_workcopy.xlsx
2018,秋季地区,関東,9,準々決勝,QF,習志野,2330,千葉,関東,8,東海大甲府,2422,山梨,関東,4,1,4,,0,v1_3_workcopy.xlsx
2018,秋季地区,関東,10,準々決勝,QF,桐蔭学園,3012,神奈川,関東,8,佐野日大,2964,栃木,関東,1,1,7,,0,v1_3_workcopy.xlsx
2018,秋季地区,関東,11,準々決勝,QF,春日部共栄,3944,埼玉,関東,9,横浜,1041,神奈川,関東,2,1,7,7回コールド,0,v1_3_workcopy.xlsx
2018,秋季地区,関東,12,準 決 勝,SF,桐蔭学園,3012,神奈川,関東,4,習志野,2330,千葉,関東,2,1,2,,0,v1_3_workcopy.xlsx
2018,秋季地区,関東,13,準 決 勝,SF,春日部共栄,3944,埼玉,関東,1,山梨学院,2336,山梨,関東,1,0.5,0,,0,v1_3_workcopy.xlsx
2018,秋季地区,関東,14, 決  勝,F,桐蔭学園,3012,神奈川,関東,9,春日部共栄,3944,埼玉,関東,6,1,3,,0,v1_3_workcopy.xlsx
2018,秋季地区,東京,1,１ 回 戦,1R,岩倉,1907,東京,東京,4,立志舎,4727,東京,東京,1,1,3,,0,v1_3_workcopy.xlsx
2018,秋季地区,東京,2,１ 回 戦,1R,八王子,1544,東京,東京,2,明星,1559,東京,東京,0,1,2,,0,v1_3_workcopy.xlsx
2018,秋季地区,東京,3,１ 回 戦,1R,立正大立正,731,東京,東京,3,錦城学園,84,東京,東京,0,1,3,,0,v1_3_workcopy.xlsx
2018,秋季地区,東京,4,１ 回 戦,1R,大森学園,1342,東京,東京,4,駒大高,1915,東京,東京,0,1,4,,0,v1_3_workcopy.xlsx
2018,秋季地区,東京,5,１ 回 戦,1R,東海大菅生,4104,東京,東京,20,東京成徳大高,4751,東京,東京,2,1,18,5回コールド,0,v1_3_workcopy.xlsx
2018,秋季地区,東京,6,１ 回 戦,1R,桜美林,2059,東京,東京,8,八王子北,4249,東京,東京,1,1,7,7回コールド,0,v1_3_workcopy.xlsx
2018,秋季地区,東京,7,１ 回 戦,1R,二松学舎大付,2380,東京,東京,10,共栄学園,4839,東京,東京,0,1,10,5回コールド,0,v1_3_workcopy.xlsx
2018,秋季地区,東京,8,１ 回 戦,1R,東大和,3205,東京,東京,2,葛飾野,1954,東京,東京,1,1,1,,0,v1_3_workcopy.xlsx
2018,秋季地区,東京,9,１ 回 戦,1R,墨田工,836,東京,東京,7,板橋,4820,東京,東京,6,1,1,延長14回サヨナラ、タイブレーク,0,v1_3_workcopy.xlsx
2018,秋季地区,東京,10,１ 回 戦,1R,日体大荏原,55,東京,東京,5,成瀬,3731,東京,東京,0,1,5,,0,v1_3_workcopy.xlsx
2018,秋季地区,東京,11,１ 回 戦,1R,啓明学園,4590,東京,東京,6,国立,1304,東京,東京,5,1,1,延長13回サヨナラ、タイブレーク,0,v1_3_workcopy.xlsx
2018,秋季地区,東京,12,１ 回 戦,1R,文京,1558,東京,東京,9,南平,4323,東京,東京,5,1,4,,0,v1_3_workcopy.xlsx
2018,秋季地区,東京,13,１ 回 戦,1R,帝京,1297,東京,東京,8,雪谷,2153,東京,東京,3,1,5,,0,v1_3_workcopy.xlsx
2018,秋季地区,東京,14,１ 回 戦,1R,創価,3204,東京,東京,7,佼成学園,2333,東京,東京,6,1,1,サヨナラ,0,v1_3_workcopy.xlsx
2018,秋季地区,東京,15,１ 回 戦,1R,早稲田実,14,東京,東京,7,明学東村山,2766,東京,東京,0,1,7,7回コールド,0,v1_3_workcopy.xlsx
2018,秋季地区,東京,16,１ 回 戦,1R,拓大一,2068,東京,東京,9,府中西,4455,東京,東京,2,1,7,8回コールド,0,v1_3_workcopy.xlsx
2018,秋季地区,東京,17,１ 回 戦,1R,正則学園,868,東京,東京,5,田無,4621,東京,東京,1,1,4,,0,v1_3_workcopy.xlsx
2018,秋季地区,東京,18,１ 回 戦,1R,城東,3736,東京,東京,8,早大学院,1953,東京,東京,1,1,7,8回コールド,0,v1_3_workcopy.xlsx
2018,秋季地区,東京,19,１ 回 戦,1R,日大一,709,東京,東京,9,安田学園,800,東京,東京,4,1,5,,0,v1_3_workcopy.xlsx
2018,秋季地区,東京,20,１ 回 戦,1R,足立新田,3749,東京,東京,10,足立学園,777,東京,東京,5,1,5,,0,v1_3_workcopy.xlsx
2018,秋季地区,東京,21,１ 回 戦,1R,明大中野,769,東京,東京,10,東京都市大等々力,4918,東京,東京,1,1,9,7回コールド,0,v1_3_workcopy.xlsx
2018,秋季地区,東京,22,１ 回 戦,1R,関東一,761,東京,東京,3,成蹊,1330,東京,東京,2,1,1,サヨナラ,0,v1_3_workcopy.xlsx
2018,秋季地区,東京,23,１ 回 戦,1R,国士舘,1525,東京,東京,8,ＩＣＵ,3629,東京,東京,1,1,7,7回コールド,0,v1_3_workcopy.xlsx
2018,秋季地区,東京,24,１ 回 戦,1R,昭和一学園,1374,東京,東京,3,小山台,1326,東京,東京,2,1,1,延長11回サヨナラ,0,v1_3_workcopy.xlsx
2018,秋季地区,東京,25,１ 回 戦,1R,日本ウェルネス,4922,東京,東京,17,大山･蒲田･目黒学院･六郷工科,3250,東京,東京,0,1,17,5回コールド,0,v1_3_workcopy.xlsx
2018,秋季地区,東京,25,１ 回 戦,1R,日本ウェルネス,4922,東京,東京,17,大山･蒲田･目黒学院･六郷工科,3250,東京,東京,0,1,17,5回コールド,0,v1_3_workcopy.xlsx
2018,秋季地区,東京,25,１ 回 戦,1R,日本ウェルネス,4922,東京,東京,17,大山･蒲田･目黒学院･六郷工科,3250,東京,東京,0,1,17,5回コールド,0,v1_3_workcopy.xlsx
2018,秋季地区,東京,25,１ 回 戦,1R,日本ウェルネス,4922,東京,東京,17,大山･蒲田･目黒学院･六郷工科,3250,東京,東京,0,1,17,5回コールド,0,v1_3_workcopy.xlsx
2018,秋季地区,東京,25,１ 回 戦,1R,日本ウェルネス,4922,東京,東京,17,大山･蒲田･目黒学院･六郷工科,4818,東京,東京,0,1,17,5回コールド,0,v1_3_workcopy.xlsx
2018,秋季地区,東京,25,１ 回 戦,1R,日本ウェルネス,4922,東京,東京,17,大山･蒲田･目黒学院･六郷工科,4818,東京,東京,0,1,17,5回コールド,0,v1_3_workcopy.xlsx
2018,秋季地区,東京,25,１ 回 戦,1R,日本ウェルネス,4922,東京,東京,17,大山･蒲田･目黒学院･六郷工科,4818,東京,東京,0,1,17,5回コールド,0,v1_3_workcopy.xlsx
2018,秋季地区,東京,25,１ 回 戦,1R,日本ウェルネス,4922,東京,東京,17,大山･蒲田･目黒学院･六郷工科,4818,東京,東京,0,1,17,5回コールド,0,v1_3_workcopy.xlsx
2018,秋季地区,東京,25,１ 回 戦,1R,日本ウェルネス,4922,東京,東京,17,大山･蒲田･目黒学院･六郷工科,1104,東京,東京,0,1,17,5回コールド,0,v1_3_workcopy.xlsx
2018,秋季地区,東京,25,１ 回 戦,1R,日本ウェルネス,4922,東京,東京,17,大山･蒲田･目黒学院･六郷工科,1104,東京,東京,0,1,17,5回コールド,0,v1_3_workcopy.xlsx
2018,秋季地区,東京,25,１ 回 戦,1R,日本ウェルネス,4922,東京,東京,17,大山･蒲田･目黒学院･六郷工科,1104,東京,東京,0,1,17,5回コールド,0,v1_3_workcopy.xlsx
2018,秋季地区,東京,25,１ 回 戦,1R,日本ウェルネス,4922,東京,東京,17,大山･蒲田･目黒学院･六郷工科,1104,東京,東京,0,1,17,5回コールド,0,v1_3_workcopy.xlsx
2018,秋季地区,東京,25,１ 回 戦,1R,日本ウェルネス,4922,東京,東京,17,大山･蒲田･目黒学院･六郷工科,2302,東京,東京,0,1,17,5回コールド,0,v1_3_workcopy.xlsx
2018,秋季地区,東京,25,１ 回 戦,1R,日本ウェルネス,4922,東京,東京,17,大山･蒲田･目黒学院･六郷工科,2302,東京,東京,0,1,17,5回コールド,0,v1_3_workcopy.xlsx
2018,秋季地区,東京,25,１ 回 戦,1R,日本ウェルネス,4922,東京,東京,17,大山･蒲田･目黒学院･六郷工科,2302,東京,東京,0,1,17,5回コールド,0,v1_3_workcopy.xlsx
2018,秋季地区,東京,25,１ 回 戦,1R,日本ウェルネス,4922,東京,東京,17,大山･蒲田･目黒学院･六郷工科,2302,東京,東京,0,1,17,5回コールド,0,v1_3_workcopy.xlsx
2018,秋季地区,東京,26,１ 回 戦,1R,片倉,3255,東京,東京,2,修徳,2197,東京,東京,1,1,1,,0,v1_3_workcopy.xlsx
2018,秋季地区,東京,27,１ 回 戦,1R,目白研心,714,東京,東京,7,日大三,171,東京,東京,5,1,2,,0,v1_3_workcopy.xlsx
2018,秋季地区,東京,28,１ 回 戦,1R,東亜学園,2555,東京,東京,10,淵江,4338,東京,東京,4,1,6,,0,v1_3_workcopy.xlsx
2018,秋季地区,東京,29,１ 回 戦,1R,小平西,4406,東京,東京,6,海城,1560,東京,東京,2,1,4,,0,v1_3_workcopy.xlsx
2018,秋季地区,東京,30,１ 回 戦,1R,国学院久我山,1299,東京,東京,4,実践学園,2389,東京,東京,1,1,3,,0,v1_3_workcopy.xlsx
2018,秋季地区,東京,31,１ 回 戦,1R,成立学園,729,東京,東京,10,城北,2256,東京,東京,4,1,6,,0,v1_3_workcopy.xlsx
2018,秋季地区,東京,32,１ 回 戦,1R,世田谷学園,911,東京,東京,4,江戸川,1378,東京,東京,2,1,2,,0,v1_3_workcopy.xlsx
2018,秋季地区,東京,33,２ 回 戦,2R,城東,3736,東京,東京,6,正則学園,868,東京,東京,4,1,2,,0,v1_3_workcopy.xlsx
2018,秋季地区,東京,34,２ 回 戦,2R,足立新田,3749,東京,東京,3,日大一,709,東京,東京,1,1,2,,0,v1_3_workcopy.xlsx
2018,秋季地区,東京,35,２ 回 戦,2R,関東一,761,東京,東京,4,明大中野,769,東京,東京,0,1,4,,0,v1_3_workcopy.xlsx
2018,秋季地区,東京,36,２ 回 戦,2R,国士舘,1525,東京,東京,4,昭和一学園,1374,東京,東京,2,1,2,,0,v1_3_workcopy.xlsx
2018,秋季地区,東京,37,２ 回 戦,2R,日本ウェルネス,4922,東京,東京,2,目白研心,714,東京,東京,1,1,1,,0,v1_3_workcopy.xlsx
2018,秋季地区,東京,38,２ 回 戦,2R,東亜学園,2555,東京,東京,4,片倉,3255,東京,東京,2,1,2,,0,v1_3_workcopy.xlsx
2018,秋季地区,東京,39,２ 回 戦,2R,国学院久我山,1299,東京,東京,14,小平西,4406,東京,東京,6,1,8,7回コールド,0,v1_3_workcopy.xlsx
2018,秋季地区,東京,40,２ 回 戦,2R,世田谷学園,911,東京,東京,9,成立学園,729,東京,東京,3,1,6,,0,v1_3_workcopy.xlsx
2018,秋季地区,東京,41,２ 回 戦,2R,岩倉,1907,東京,東京,3,八王子,1544,東京,東京,2,1,1,,0,v1_3_workcopy.xlsx
2018,秋季地区,東京,42,２ 回 戦,2R,立正大立正,731,東京,東京,10,大森学園,1342,東京,東京,3,1,7,8回コールド,0,v1_3_workcopy.xlsx
2018,秋季地区,東京,43,２ 回 戦,2R,東海大菅生,4104,東京,東京,11,桜美林,2059,東京,東京,4,1,7,8回コールド,0,v1_3_workcopy.xlsx
2018,秋季地区,東京,44,２ 回 戦,2R,二松学舎大付,2380,東京,東京,10,東大和,3205,東京,東京,0,1,10,6回コールド,0,v1_3_workcopy.xlsx
2018,秋季地区,東京,45,２ 回 戦,2R,日体大荏原,55,東京,東京,9,墨田工,836,東京,東京,3,1,6,,0,v1_3_workcopy.xlsx
2018,秋季地区,東京,46,２ 回 戦,2R,文京,1558,東京,東京,4,啓明学園,4590,東京,東京,1,1,3,延長11回,0,v1_3_workcopy.xlsx
2018,秋季地区,東京,47,２ 回 戦,2R,帝京,1297,東京,東京,6,創価,3204,東京,東京,5,1,1,サヨナラ,0,v1_3_workcopy.xlsx
2018,秋季地区,東京,48,２ 回 戦,2R,早稲田実,14,東京,東京,5,拓大一,2068,東京,東京,0,1,5,,0,v1_3_workcopy.xlsx
2018,秋季地区,東京,49,３ 回 戦,3R,岩倉,1907,東京,東京,3,立正大立正,731,東京,東京,1,1,2,,0,v1_3_workcopy.xlsx
2018,秋季地区,東京,50,３ 回 戦,3R,東海大菅生,4104,東京,東京,2,二松学舎大付,2380,東京,東京,1,1,1,,0,v1_3_workcopy.xlsx
2018,秋季地区,東京,51,３ 回 戦,3R,日体大荏原,55,東京,東京,9,文京,1558,東京,東京,8,1,1,,0,v1_3_workcopy.xlsx
2018,秋季地区,東京,52,３ 回 戦,3R,早稲田実,14,東京,東京,3,帝京,1297,東京,東京,1,1,2,,0,v1_3_workcopy.xlsx
2018,秋季地区,東京,53,３ 回 戦,3R,城東,3736,東京,東京,7,足立新田,3749,東京,東京,6,1,1,延長10回サヨナラ,0,v1_3_workcopy.xlsx
2018,秋季地区,東京,54,３ 回 戦,3R,東亜学園,2555,東京,東京,11,日本ウェルネス,4922,東京,東京,7,1,4,,0,v1_3_workcopy.xlsx
2018,秋季地区,東京,55,３ 回 戦,3R,国士舘,1525,東京,東京,5,関東一,761,東京,東京,1,1,4,,0,v1_3_workcopy.xlsx
2018,秋季地区,東京,56,３ 回 戦,3R,国学院久我山,1299,東京,東京,12,世田谷学園,911,東京,東京,1,1,11,5回コールド,0,v1_3_workcopy.xlsx
2018,秋季地区,東京,57,準々決勝,QF,国士舘,1525,東京,東京,9,城東,3736,東京,東京,1,1,8,7回コールド,0,v1_3_workcopy.xlsx
2018,秋季地区,東京,58,準々決勝,QF,東亜学園,2555,東京,東京,10,国学院久我山,1299,東京,東京,7,1,3,,0,v1_3_workcopy.xlsx
2018,秋季地区,東京,59,準々決勝,QF,東海大菅生,4104,東京,東京,3,岩倉,1907,東京,東京,1,1,2,,0,v1_3_workcopy.xlsx
2018,秋季地区,東京,60,準々決勝,QF,早稲田実,14,東京,東京,10,日体大荏原,55,東京,東京,1,1,9,7回コールド,0,v1_3_workcopy.xlsx
2018,秋季地区,東京,61,準 決 勝,SF,東海大菅生,4104,東京,東京,3,早稲田実,14,東京,東京,0,1,3,,0,v1_3_workcopy.xlsx
2018,秋季地区,東京,62,準 決 勝,SF,国士舘,1525,東京,東京,5,東亜学園,2555,東京,東京,1,1,4,,0,v1_3_workcopy.xlsx
2018,秋季地区,東京,63, 決  勝,F,国士舘,1525,東京,東京,4,東海大菅生,4104,東京,東京,3,1,1,,0,v1_3_workcopy.xlsx
2018,秋季地区,北信越,1,１ 回 戦,1R,啓新,4943,福井,北信越,6,富山第一,2476,富山,北信越,2,1,4,,0,v1_3_workcopy.xlsx
2018,秋季地区,北信越,2,１ 回 戦,1R,遊学館,4755,石川,北信越,8,新潟南,1311,新潟,北信越,1,1,7,7回コールド,0,v1_3_workcopy.xlsx
2018,秋季地区,北信越,3,１ 回 戦,1R,福井工大福井,2467,福井,北信越,8,高岡第一,2423,富山,北信越,2,1,6,,0,v1_3_workcopy.xlsx
2018,秋季地区,北信越,4,１ 回 戦,1R,上田西,2519,長野,北信越,9,帝京長岡,4506,新潟,北信越,0,1,9,7回コールド,0,v1_3_workcopy.xlsx
2018,秋季地区,北信越,5,１ 回 戦,1R,星稜,2627,石川,北信越,9,関根学園,2579,新潟,北信越,0,1,9,7回コールド,0,v1_3_workcopy.xlsx
2018,秋季地区,北信越,6,１ 回 戦,1R,松本第一,2520,長野,北信越,6,金津,4139,福井,北信越,0,1,6,,0,v1_3_workcopy.xlsx
2018,秋季地区,北信越,7,１ 回 戦,1R,日本文理,4328,新潟,北信越,10,小松商,575,石川,北信越,0,1,10,5回コールド,0,v1_3_workcopy.xlsx
2018,秋季地区,北信越,8,１ 回 戦,1R,東海大諏訪,2785,長野,北信越,8,高岡商,425,富山,北信越,7,1,1,延長10回サヨナラ,0,v1_3_workcopy.xlsx
2018,秋季地区,北信越,9,準々決勝,QF,東海大諏訪,2785,長野,北信越,2,日本文理,4328,新潟,北信越,1,1,1,サヨナラ,0,v1_3_workcopy.xlsx
2018,秋季地区,北信越,10,準々決勝,QF,星稜,2627,石川,北信越,11,松本第一,2520,長野,北信越,0,1,11,5回コールド,0,v1_3_workcopy.xlsx
2018,秋季地区,北信越,11,準々決勝,QF,啓新,4943,福井,北信越,3,遊学館,4755,石川,北信越,2,1,1,,0,v1_3_workcopy.xlsx
2018,秋季地区,北信越,12,準々決勝,QF,上田西,2519,長野,北信越,8,福井工大福井,2467,福井,北信越,1,1,7,7回コールド,0,v1_3_workcopy.xlsx
2018,秋季地区,北信越,13,準 決 勝,SF,啓新,4943,福井,北信越,4,上田西,2519,長野,北信越,3,1,1,,0,v1_3_workcopy.xlsx
2018,秋季地区,北信越,14,準 決 勝,SF,星稜,2627,石川,北信越,4,東海大諏訪,2785,長野,北信越,0,1,4,,0,v1_3_workcopy.xlsx
2018,秋季地区,北信越,15, 決  勝,F,啓新,4943,福井,北信越,2,星稜,2627,石川,北信越,2,0.5,0,延長15回引分け,0,v1_3_workcopy.xlsx
2018,秋季地区,北信越,16, 決  勝,F,星稜,2627,石川,北信越,7,啓新,4943,福井,北信越,4,1,3,,0,v1_3_workcopy.xlsx
2018,秋季地区,東海,1,１ 回 戦,1R,津田学園,4572,三重,東海,10,大垣日大,2639,岐阜,東海,3,1,7,7回コールド,0,v1_3_workcopy.xlsx
2018,秋季地区,東海,2,１ 回 戦,1R,中京大中京,377,愛知,東海,11,静岡,162,静岡,東海,2,1,9,7回コールド,0,v1_3_workcopy.xlsx
2018,秋季地区,東海,3,１ 回 戦,1R,三重,2507,三重,東海,2,中部大春日丘,2978,愛知,東海,1,1,1,,0,v1_3_workcopy.xlsx
2018,秋季地区,東海,4,１ 回 戦,1R,岐阜第一,2332,岐阜,東海,5,清水桜が丘,469,静岡,東海,4,1,1,延長11回サヨナラ,0,v1_3_workcopy.xlsx
2018,秋季地区,東海,5,準々決勝,QF,津田学園,4572,三重,東海,7,御殿場西,3058,静岡,東海,2,1,5,,0,v1_3_workcopy.xlsx
2018,秋季地区,東海,6,準々決勝,QF,中京学院大中京,2628,岐阜,東海,7,三重,2507,三重,東海,0,1,7,7回コールド,0,v1_3_workcopy.xlsx
2018,秋季地区,東海,7,準々決勝,QF,中京大中京,377,愛知,東海,4,菰野,2338,三重,東海,3,1,1,サヨナラ,0,v1_3_workcopy.xlsx
2018,秋季地区,東海,8,準々決勝,QF,東邦,641,愛知,東海,7,岐阜第一,2332,岐阜,東海,0,1,7,7回コールド,0,v1_3_workcopy.xlsx
2018,秋季地区,東海,9,準 決 勝,SF,津田学園,4572,三重,東海,13,中京大中京,377,愛知,東海,2,1,11,5回コールド,0,v1_3_workcopy.xlsx
2018,秋季地区,東海,10,準 決 勝,SF,東邦,641,愛知,東海,10,中京学院大中京,2628,岐阜,東海,9,1,1,延長10回サヨナラ,0,v1_3_workcopy.xlsx
2018,秋季地区,東海,11, 決  勝,F,東邦,641,愛知,東海,10,津田学園,4572,三重,東海,2,1,8,,0,v1_3_workcopy.xlsx
2018,秋季地区,近畿,1,１ 回 戦,1R,龍谷大平安,97,京都,近畿,4,天理,848,奈良,近畿,3,1,1,,0,v1_3_workcopy.xlsx
2018,秋季地区,近畿,2,１ 回 戦,1R,市和歌山,2331,和歌山,近畿,8,近江兄弟社,3555,滋賀,近畿,4,1,4,,0,v1_3_workcopy.xlsx
2018,秋季地区,近畿,3,１ 回 戦,1R,履正社,432,大阪,近畿,11,南部,563,和歌山,近畿,2,1,9,7回コールド,0,v1_3_workcopy.xlsx
2018,秋季地区,近畿,4,１ 回 戦,1R,福知山成美,400,京都,近畿,5,神戸国際大付,2799,兵庫,近畿,4,1,1,,0,v1_3_workcopy.xlsx
2018,秋季地区,近畿,5,１ 回 戦,1R,報徳学園,793,兵庫,近畿,5,近江,2335,滋賀,近畿,2,1,3,,0,v1_3_workcopy.xlsx
2018,秋季地区,近畿,6,１ 回 戦,1R,明石商,2258,兵庫,近畿,6,京都国際,4707,京都,近畿,4,1,2,,0,v1_3_workcopy.xlsx
2018,秋季地区,近畿,7,１ 回 戦,1R,智弁和歌山,3732,和歌山,近畿,12,大阪偕星,636,大阪,近畿,5,1,7,8回コールド,0,v1_3_workcopy.xlsx
2018,秋季地区,近畿,8,１ 回 戦,1R,大阪桐蔭,4498,大阪,近畿,10,橿原,3370,奈良,近畿,0,1,10,6回コールド,0,v1_3_workcopy.xlsx
2018,秋季地区,近畿,9,準々決勝,QF,龍谷大平安,97,京都,近畿,5,市和歌山,2331,和歌山,近畿,4,1,1,サヨナラ,0,v1_3_workcopy.xlsx
2018,秋季地区,近畿,10,準々決勝,QF,履正社,432,大阪,近畿,5,福知山成美,400,京都,近畿,0,1,5,,0,v1_3_workcopy.xlsx
2018,秋季地区,近畿,11,準々決勝,QF,明石商,2258,兵庫,近畿,4,報徳学園,793,兵庫,近畿,0,1,4,,0,v1_3_workcopy.xlsx
2018,秋季地区,近畿,12,準々決勝,QF,智弁和歌山,3732,和歌山,近畿,5,大阪桐蔭,4498,大阪,近畿,2,1,3,,0,v1_3_workcopy.xlsx
2018,秋季地区,近畿,13,準 決 勝,SF,龍谷大平安,97,京都,近畿,7,履正社,432,大阪,近畿,0,1,7,7回コールド,0,v1_3_workcopy.xlsx
2018,秋季地区,近畿,14,準 決 勝,SF,明石商,2258,兵庫,近畿,12,智弁和歌山,3732,和歌山,近畿,0,1,12,5回コールド,0,v1_3_workcopy.xlsx
2018,秋季地区,近畿,15, 決  勝,F,龍谷大平安,97,京都,近畿,2,明石商,2258,兵庫,近畿,1,1,1,延長12回サヨナラ,0,v1_3_workcopy.xlsx
2018,秋季地区,中国,1,１ 回 戦,1R,米子東,40,鳥取,中国,7,開星,4499,島根,中国,6,1,1,延長10回サヨナラ,0,v1_3_workcopy.xlsx
2018,秋季地区,中国,2,１ 回 戦,1R,創志学園,4917,岡山,中国,9,鳥取城北,3124,鳥取,中国,3,1,6,,0,v1_3_workcopy.xlsx
2018,秋季地区,中国,3,１ 回 戦,1R,崇徳,1286,広島,中国,12,平田,2074,島根,中国,5,1,7,7回コールド,0,v1_3_workcopy.xlsx
2018,秋季地区,中国,4,１ 回 戦,1R,市呉,4874,広島,中国,6,岩国商,866,山口,中国,1,1,5,,0,v1_3_workcopy.xlsx
2018,秋季地区,中国,5,１ 回 戦,1R,関西,47,岡山,中国,7,聖光,2484,山口,中国,6,1,1,,0,v1_3_workcopy.xlsx
2018,秋季地区,中国,6,１ 回 戦,1R,岡山理大付,2633,岡山,中国,4,大社,32,島根,中国,3,1,1,延長10回サヨナラ,0,v1_3_workcopy.xlsx
2018,秋季地区,中国,7,１ 回 戦,1R,広陵,94,広島,中国,2,鳥取商,763,鳥取,中国,1,1,1,,0,v1_3_workcopy.xlsx
2018,秋季地区,中国,8,準々決勝,QF,米子東,40,鳥取,中国,8,倉敷商,792,岡山,中国,6,1,2,,0,v1_3_workcopy.xlsx
2018,秋季地区,中国,9,準々決勝,QF,創志学園,4917,岡山,中国,6,崇徳,1286,広島,中国,4,1,2,,0,v1_3_workcopy.xlsx
2018,秋季地区,中国,10,準々決勝,QF,市呉,4874,広島,中国,11,岡山理大付,2633,岡山,中国,3,1,8,7回コールド,0,v1_3_workcopy.xlsx
2018,秋季地区,中国,11,準々決勝,QF,広陵,94,広島,中国,13,関西,47,岡山,中国,8,1,5,,0,v1_3_workcopy.xlsx
2018,秋季地区,中国,12,準 決 勝,SF,米子東,40,鳥取,中国,6,市呉,4874,広島,中国,5,1,1,延長13回、タイブレーク,0,v1_3_workcopy.xlsx
2018,秋季地区,中国,13,準 決 勝,SF,広陵,94,広島,中国,7,創志学園,4917,岡山,中国,0,1,7,8回コールド,0,v1_3_workcopy.xlsx
2018,秋季地区,中国,14, 決  勝,F,広陵,94,広島,中国,6,米子東,40,鳥取,中国,2,1,4,,0,v1_3_workcopy.xlsx
2018,秋季地区,四国,1,１ 回 戦,1R,富岡西,227,徳島,四国,8,高知,643,高知,四国,7,1,1,,0,v1_3_workcopy.xlsx
2018,秋季地区,四国,2,１ 回 戦,1R,明徳義塾,3461,高知,四国,2,聖カタリナ,4985,愛媛,四国,0,1,2,,0,v1_3_workcopy.xlsx
2018,秋季地区,四国,3,１ 回 戦,1R,松山聖陵,3128,愛媛,四国,11,志度,464,香川,四国,3,1,8,7回コールド,0,v1_3_workcopy.xlsx
2018,秋季地区,四国,4,１ 回 戦,1R,徳島商,43,徳島,四国,6,英明,4840,香川,四国,4,1,2,延長11回,0,v1_3_workcopy.xlsx
2018,秋季地区,四国,5,準々決勝,QF,富岡西,227,徳島,四国,10,帝京五,2771,愛媛,四国,6,1,4,,0,v1_3_workcopy.xlsx
2018,秋季地区,四国,6,準々決勝,QF,高松商,28,香川,四国,4,明徳義塾,3461,高知,四国,2,1,2,,0,v1_3_workcopy.xlsx
2018,秋季地区,四国,7,準々決勝,QF,松山聖陵,3128,愛媛,四国,5,川島,765,徳島,四国,1,1,4,,0,v1_3_workcopy.xlsx
2018,秋季地区,四国,8,準々決勝,QF,高知商,219,高知,四国,2,徳島商,43,徳島,四国,1,1,1,,0,v1_3_workcopy.xlsx
2018,秋季地区,四国,9,準 決 勝,SF,松山聖陵,3128,愛媛,四国,5,富岡西,227,徳島,四国,3,1,2,,0,v1_3_workcopy.xlsx
2018,秋季地区,四国,10,準 決 勝,SF,高松商,28,香川,四国,10,高知商,219,高知,四国,4,1,6,,0,v1_3_workcopy.xlsx
2018,秋季地区,四国,11, 決  勝,F,高松商,28,香川,四国,3,松山聖陵,3128,愛媛,四国,1,1,2,,0,v1_3_workcopy.xlsx
2018,秋季地区,九州,1,１ 回 戦,1R,長崎商,243,長崎,九州,8,沖縄水産,760,沖縄,九州,4,1,4,,0,v1_3_workcopy.xlsx
2018,秋季地区,九州,2,１ 回 戦,1R,明豊,2152,大分,九州,7,鹿屋中央,3165,鹿児島,九州,3,1,4,,0,v1_3_workcopy.xlsx
2018,秋季地区,九州,3,１ 回 戦,1R,日章学園,2965,宮崎,九州,7,九州国際大付,2553,福岡,九州,5,1,2,,0,v1_3_workcopy.xlsx
2018,秋季地区,九州,4,１ 回 戦,1R,熊本西,3462,熊本,九州,3,佐賀学園,2424,佐賀,九州,2,1,1,,0,v1_3_workcopy.xlsx
2018,秋季地区,九州,5,１ 回 戦,1R,神村学園,4804,鹿児島,九州,12,北陵,3240,佐賀,九州,4,1,8,7回コールド,0,v1_3_workcopy.xlsx
2018,秋季地区,九州,6,１ 回 戦,1R,興南,2550,沖縄,九州,5,熊本国府,4859,熊本,九州,2,1,3,,0,v1_3_workcopy.xlsx
2018,秋季地区,九州,7,１ 回 戦,1R,大分,2213,大分,九州,4,長崎南山,1282,長崎,九州,1,1,3,,0,v1_3_workcopy.xlsx
2018,秋季地区,九州,8,１ 回 戦,1R,筑陽学園,2471,福岡,九州,1,小林西,3017,宮崎,九州,0,1,1,サヨナラ,0,v1_3_workcopy.xlsx
2018,秋季地区,九州,9,準々決勝,QF,明豊,2152,大分,九州,10,長崎商,243,長崎,九州,1,1,9,8回コールド,0,v1_3_workcopy.xlsx
2018,秋季地区,九州,10,準々決勝,QF,日章学園,2965,宮崎,九州,8,熊本西,3462,熊本,九州,1,1,7,7回コールド,0,v1_3_workcopy.xlsx
2018,秋季地区,九州,11,準々決勝,QF,大分,2213,大分,九州,8,神村学園,4804,鹿児島,九州,1,1,7,8回コールド,0,v1_3_workcopy.xlsx
2018,秋季地区,九州,12,準々決勝,QF,筑陽学園,2471,福岡,九州,1,興南,2550,沖縄,九州,0,1,1,延長13回サヨナラ、タイブレーク,0,v1_3_workcopy.xlsx
2018,秋季地区,九州,13,準 決 勝,SF,明豊,2152,大分,九州,10,日章学園,2965,宮崎,九州,4,1,6,,0,v1_3_workcopy.xlsx
2018,秋季地区,九州,14,準 決 勝,SF,筑陽学園,2471,福岡,九州,5,大分,2213,大分,九州,3,1,2,延長12回,0,v1_3_workcopy.xlsx
2018,秋季地区,九州,15, 決  勝,F,筑陽学園,2471,福岡,九州,7,明豊,2152,大分,九州,5,1,2,,0,v1_3_workcopy.xlsx
2018,明治神宮,,1,１ 回 戦,1R,八戸学院光星,2310,青森,東北,7,東邦,641,愛知,東海,3,1,4,,0,v1_3_workcopy.xlsx
2018,明治神宮,,2,１ 回 戦,1R,札幌大谷,4893,北海道,北海道,6,龍谷大平安,97,京都,近畿,5,1,1,,0,v1_3_workcopy.xlsx
2018,明治神宮,,3,準々決勝,QF,星稜,2627,石川,北信越,9,広陵,94,広島,中国,0,1,9,7回コールド,0,v1_3_workcopy.xlsx
2018,明治神宮,,4,準々決勝,QF,筑陽学園,2471,福岡,九州,10,桐蔭学園,3012,神奈川,関東,1,1,9,7回コールド,0,v1_3_workcopy.xlsx
2018,明治神宮,,5,準々決勝,QF,高松商,28,香川,四国,9,八戸学院光星,2310,青森,東北,6,1,3,,0,v1_3_workcopy.xlsx
2018,明治神宮,,6,準々決勝,QF,札幌大谷,4893,北海道,北海道,7,国士舘,1525,東京,東京,3,1,4,,0,v1_3_workcopy.xlsx
2018,明治神宮,,7,準 決 勝,SF,星稜,2627,石川,北信越,7,高松商,28,香川,四国,4,1,3,,0,v1_3_workcopy.xlsx
2018,明治神宮,,8,準 決 勝,SF,札幌大谷,4893,北海道,北海道,5,筑陽学園,2471,福岡,九州,2,1,3,,0,v1_3_workcopy.xlsx
2018,明治神宮,,9, 決  勝,F,札幌大谷,4893,北海道,北海道,2,星稜,2627,石川,北信越,1,1,1,,0,v1_3_workcopy.xlsx
2019,選抜,,1,１ 回 戦,1R,市和歌山,2331,和歌山,近畿,3,市呉,4874,広島,中国,2,1,1,延長11回サヨナラ,0,v1_3_workcopy.xlsx
2019,選抜,,2,１ 回 戦,1R,高松商,28,香川,四国,8,春日部共栄,3944,埼玉,関東,0,1,8,,0,v1_3_workcopy.xlsx
2019,選抜,,3,１ 回 戦,1R,星稜,2627,石川,北信越,3,履正社,432,大阪,近畿,0,1,3,,0,v1_3_workcopy.xlsx
2019,選抜,,4,１ 回 戦,1R,習志野,2330,千葉,関東,8,日章学園,2965,宮崎,九州,2,1,6,,0,v1_3_workcopy.xlsx
2019,選抜,,5,１ 回 戦,1R,明豊,2152,大分,九州,13,横浜,1041,神奈川,関東,5,1,8,,0,v1_3_workcopy.xlsx
2019,選抜,,6,１ 回 戦,1R,札幌大谷,4893,北海道,北海道,4,米子東,40,鳥取,中国,1,1,3,,0,v1_3_workcopy.xlsx
2019,選抜,,7,１ 回 戦,1R,龍谷大平安,97,京都,近畿,2,津田学園,4572,三重,東海,0,1,2,延長11回,0,v1_3_workcopy.xlsx
2019,選抜,,8,１ 回 戦,1R,盛岡大付,3833,岩手,東北,3,石岡一,411,茨城,関東,2,1,1,延長11回サヨナラ,0,v1_3_workcopy.xlsx
2019,選抜,,9,１ 回 戦,1R,山梨学院,2336,山梨,関東,24,札幌第一,2430,北海道,北海道,5,1,19,,0,v1_3_workcopy.xlsx
2019,選抜,,10,１ 回 戦,1R,筑陽学園,2471,福岡,九州,3,福知山成美,400,京都,近畿,2,1,1,,0,v1_3_workcopy.xlsx
2019,選抜,,11,１ 回 戦,1R,広陵,94,広島,中国,2,八戸学院光星,2310,青森,東北,0,1,2,,0,v1_3_workcopy.xlsx
2019,選抜,,12,１ 回 戦,1R,東邦,641,愛知,東海,3,富岡西,227,徳島,四国,1,1,2,,0,v1_3_workcopy.xlsx
2019,選抜,,13,１ 回 戦,1R,明石商,2258,兵庫,近畿,7,国士舘,1525,東京,東京,1,1,6,,0,v1_3_workcopy.xlsx
2019,選抜,,14,１ 回 戦,1R,大分,2213,大分,九州,4,松山聖陵,3128,愛媛,四国,1,1,3,,0,v1_3_workcopy.xlsx
2019,選抜,,15,１ 回 戦,1R,啓新,4943,福井,北信越,5,桐蔭学園,3012,神奈川,関東,3,1,2,,0,v1_3_workcopy.xlsx
2019,選抜,,16,１ 回 戦,1R,智弁和歌山,3732,和歌山,近畿,13,熊本西,3462,熊本,九州,2,1,11,,0,v1_3_workcopy.xlsx
2019,選抜,,17,２ 回 戦,2R,市和歌山,2331,和歌山,近畿,6,高松商,28,香川,四国,2,1,4,,0,v1_3_workcopy.xlsx
2019,選抜,,18,２ 回 戦,2R,習志野,2330,千葉,関東,3,星稜,2627,石川,北信越,1,1,2,,0,v1_3_workcopy.xlsx
2019,選抜,,19,２ 回 戦,2R,明豊,2152,大分,九州,2,札幌大谷,4893,北海道,北海道,1,1,1,,0,v1_3_workcopy.xlsx
2019,選抜,,20,２ 回 戦,2R,龍谷大平安,97,京都,近畿,9,盛岡大付,3833,岩手,東北,1,1,8,,0,v1_3_workcopy.xlsx
2019,選抜,,21,２ 回 戦,2R,筑陽学園,2471,福岡,九州,3,山梨学院,2336,山梨,関東,2,1,1,,0,v1_3_workcopy.xlsx
2019,選抜,,22,２ 回 戦,2R,東邦,641,愛知,東海,12,広陵,94,広島,中国,2,1,10,,0,v1_3_workcopy.xlsx
2019,選抜,,23,２ 回 戦,2R,明石商,2258,兵庫,近畿,13,大分,2213,大分,九州,4,1,9,,0,v1_3_workcopy.xlsx
2019,選抜,,24,２ 回 戦,2R,智弁和歌山,3732,和歌山,近畿,5,啓新,4943,福井,北信越,2,1,3,,0,v1_3_workcopy.xlsx
2019,選抜,,25,準々決勝,QF,習志野,2330,千葉,関東,4,市和歌山,2331,和歌山,近畿,3,1,1,,0,v1_3_workcopy.xlsx
2019,選抜,,26,準々決勝,QF,明豊,2152,大分,九州,1,龍谷大平安,97,京都,近畿,0,1,1,延長11回サヨナラ,0,v1_3_workcopy.xlsx
2019,選抜,,27,準々決勝,QF,東邦,641,愛知,東海,7,筑陽学園,2471,福岡,九州,2,1,5,,0,v1_3_workcopy.xlsx
2019,選抜,,28,準々決勝,QF,明石商,2258,兵庫,近畿,4,智弁和歌山,3732,和歌山,近畿,3,1,1,サヨナラ,0,v1_3_workcopy.xlsx
2019,選抜,,29,準 決 勝,SF,習志野,2330,千葉,関東,6,明豊,2152,大分,九州,4,1,2,,0,v1_3_workcopy.xlsx
2019,選抜,,30,準 決 勝,SF,東邦,641,愛知,東海,4,明石商,2258,兵庫,近畿,2,1,2,,0,v1_3_workcopy.xlsx
2019,選抜,,31, 決  勝,F,東邦,641,愛知,東海,6,習志野,2330,千葉,関東,0,1,6,,0,v1_3_workcopy.xlsx
2019,春季地区,北海道,1,１ 回 戦,1R,札幌光星,879,北海道,北海道,10,帯広大谷,4688,北海道,北海道,5,1,5,,0,v1_3_workcopy.xlsx
2019,春季地区,北海道,2,１ 回 戦,1R,札幌国際情報,4639,北海道,北海道,4,札幌英藍,4403,北海道,北海道,2,1,2,,0,v1_3_workcopy.xlsx
2019,春季地区,北海道,3,１ 回 戦,1R,苫小牧工,751,北海道,北海道,13,函館大有斗,1517,北海道,北海道,7,1,6,,0,v1_3_workcopy.xlsx
2019,春季地区,北海道,4,１ 回 戦,1R,釧路湖陵,441,北海道,北海道,10,士別翔雲,1545,北海道,北海道,9,1,1,延長12回サヨナラ,0,v1_3_workcopy.xlsx
2019,春季地区,北海道,5,１ 回 戦,1R,滝川西,2426,北海道,北海道,7,遠軽,1353,北海道,北海道,4,1,3,,0,v1_3_workcopy.xlsx
2019,春季地区,北海道,6,１ 回 戦,1R,札幌第一,2430,北海道,北海道,3,札幌大谷,4893,北海道,北海道,2,1,1,,0,v1_3_workcopy.xlsx
2019,春季地区,北海道,7,１ 回 戦,1R,旭川大高,2769,北海道,北海道,6,札幌新川,2386,北海道,北海道,4,1,2,,0,v1_3_workcopy.xlsx
2019,春季地区,北海道,8,１ 回 戦,1R,駒大苫小牧,2767,北海道,北海道,4,小樽双葉,4761,北海道,北海道,3,1,1,,0,v1_3_workcopy.xlsx
2019,春季地区,北海道,9,準々決勝,QF,札幌国際情報,4639,北海道,北海道,3,札幌光星,879,北海道,北海道,2,1,1,延長10回サヨナラ,0,v1_3_workcopy.xlsx
2019,春季地区,北海道,10,準々決勝,QF,苫小牧工,751,北海道,北海道,13,釧路湖陵,441,北海道,北海道,3,1,10,6回コールド,0,v1_3_workcopy.xlsx
2019,春季地区,北海道,11,準々決勝,QF,札幌第一,2430,北海道,北海道,7,滝川西,2426,北海道,北海道,3,1,4,,0,v1_3_workcopy.xlsx
2019,春季地区,北海道,12,準々決勝,QF,駒大苫小牧,2767,北海道,北海道,6,旭川大高,2769,北海道,北海道,3,1,3,,0,v1_3_workcopy.xlsx
2019,春季地区,北海道,13,準 決 勝,SF,苫小牧工,751,北海道,北海道,4,札幌国際情報,4639,北海道,北海道,2,1,2,,0,v1_3_workcopy.xlsx
2019,春季地区,北海道,14,準 決 勝,SF,駒大苫小牧,2767,北海道,北海道,12,札幌第一,2430,北海道,北海道,9,1,3,,0,v1_3_workcopy.xlsx
2019,春季地区,北海道,15, 決  勝,F,駒大苫小牧,2767,北海道,北海道,7,苫小牧工,751,北海道,北海道,0,1,7,,0,v1_3_workcopy.xlsx
2019,春季地区,東北,1,１ 回 戦,1R,東北学院,274,宮城,東北,10,山形学院,4262,山形,東北,3,1,7,7回コールド,0,v1_3_workcopy.xlsx
2019,春季地区,東北,2,１ 回 戦,1R,盛岡大付,3833,岩手,東北,5,日大東北,2145,福島,東北,1,1,4,,0,v1_3_workcopy.xlsx
2019,春季地区,東北,3,２ 回 戦,2R,東日大昌平,4758,福島,東北,8,能代,755,秋田,東北,1,1,7,8回コールド,0,v1_3_workcopy.xlsx
2019,春季地区,東北,4,２ 回 戦,2R,仙台育英,646,宮城,東北,13,秋田中央,1049,秋田,東北,6,1,7,7回コールド,0,v1_3_workcopy.xlsx
2019,春季地区,東北,5,２ 回 戦,2R,明桜,2201,秋田,東北,3,弘前東,3673,青森,東北,1,1,2,,0,v1_3_workcopy.xlsx
2019,春季地区,東北,6,２ 回 戦,2R,東北学院,274,宮城,東北,9,花巻東,2305,岩手,東北,5,1,4,,0,v1_3_workcopy.xlsx
2019,春季地区,東北,7,２ 回 戦,2R,学法石川,796,福島,東北,3,東北,291,宮城,東北,2,1,1,,0,v1_3_workcopy.xlsx
2019,春季地区,東北,8,２ 回 戦,2R,聖愛,4759,青森,東北,13,日大東北,2145,福島,東北,1,1,12,5回コールド,0,v1_3_workcopy.xlsx
2019,春季地区,東北,9,２ 回 戦,2R,鶴岡東,3057,山形,東北,10,盛岡大付,3833,岩手,東北,5,1,5,,0,v1_3_workcopy.xlsx
2019,春季地区,東北,10,２ 回 戦,2R,青森山田,2309,青森,東北,9,盛岡四,2894,岩手,東北,0,1,9,8回コールド,0,v1_3_workcopy.xlsx
2019,春季地区,東北,11,準々決勝,QF,聖愛,4759,青森,東北,4,東北学院,274,宮城,東北,3,1,1,サヨナラ,0,v1_3_workcopy.xlsx
2019,春季地区,東北,12,準々決勝,QF,明桜,2201,秋田,東北,4,学法石川,796,福島,東北,3,1,1,,0,v1_3_workcopy.xlsx
2019,春季地区,東北,13,準々決勝,QF,仙台育英,646,宮城,東北,11,東日大昌平,4758,福島,東北,1,1,10,5回コールド,0,v1_3_workcopy.xlsx
2019,春季地区,東北,14,準々決勝,QF,鶴岡東,3057,山形,東北,13,青森山田,2309,青森,東北,1,1,12,,0,v1_3_workcopy.xlsx
2019,春季地区,東北,15,準 決 勝,SF,聖愛,4759,青森,東北,7,仙台育英,646,宮城,東北,6,1,1,,0,v1_3_workcopy.xlsx
2019,春季地区,東北,16,準 決 勝,SF,明桜,2201,秋田,東北,3,鶴岡東,3057,山形,東北,2,1,1,,0,v1_3_workcopy.xlsx
2019,春季地区,東北,17, 決  勝,F,聖愛,4759,青森,東北,5,明桜,2201,秋田,東北,4,1,1,延長10回サヨナラ,0,v1_3_workcopy.xlsx
2019,春季地区,関東,1,１ 回 戦,1R,東海大相模,2773,神奈川,関東,4,木更津総合,2775,千葉,関東,3,1,1,,0,v1_3_workcopy.xlsx
2019,春季地区,関東,2,１ 回 戦,1R,山村学園,4897,埼玉,関東,6,水戸商,139,茨城,関東,5,1,1,サヨナラ,0,v1_3_workcopy.xlsx
2019,春季地区,関東,3,１ 回 戦,1R,桐光学園,3646,神奈川,関東,11,東農大三,4405,埼玉,関東,2,1,9,7回コールド,0,v1_3_workcopy.xlsx
2019,春季地区,関東,4,２ 回 戦,2R,専大松戸,2480,千葉,関東,2,健大高崎,4784,群馬,関東,0,1,2,,0,v1_3_workcopy.xlsx
2019,春季地区,関東,5,２ 回 戦,2R,国士舘,1525,東京,東京,8,佐野日大,2964,栃木,関東,0,1,8,7回コールド,0,v1_3_workcopy.xlsx
2019,春季地区,関東,6,２ 回 戦,2R,山村学園,4897,埼玉,関東,13,習志野,2330,千葉,関東,2,1,11,7回コールド,0,v1_3_workcopy.xlsx
2019,春季地区,関東,7,２ 回 戦,2R,浦和実,3378,埼玉,関東,8,山梨学院,2336,山梨,関東,3,1,5,,0,v1_3_workcopy.xlsx
2019,春季地区,関東,8,２ 回 戦,2R,春日部共栄,3944,埼玉,関東,11,栃木工,2661,栃木,関東,0,1,11,5回コールド,0,v1_3_workcopy.xlsx
2019,春季地区,関東,9,２ 回 戦,2R,桐光学園,3646,神奈川,関東,4,藤代,3296,茨城,関東,3,1,1,延長12回サヨナラ,0,v1_3_workcopy.xlsx
2019,春季地区,関東,10,２ 回 戦,2R,東海大菅生,4104,東京,東京,7,駿台甲府,2344,山梨,関東,0,1,7,7回コールド,0,v1_3_workcopy.xlsx
2019,春季地区,関東,11,２ 回 戦,2R,東海大相模,2773,神奈川,関東,7,前橋育英,2803,群馬,関東,6,1,1,,0,v1_3_workcopy.xlsx
2019,春季地区,関東,12,準々決勝,QF,山村学園,4897,埼玉,関東,10,国士舘,1525,東京,東京,5,1,5,,0,v1_3_workcopy.xlsx
2019,春季地区,関東,13,準々決勝,QF,東海大相模,2773,神奈川,関東,8,浦和実,3378,埼玉,関東,1,1,7,8回コールド,0,v1_3_workcopy.xlsx
2019,春季地区,関東,14,準々決勝,QF,東海大菅生,4104,東京,東京,6,春日部共栄,3944,埼玉,関東,1,1,5,,0,v1_3_workcopy.xlsx
2019,春季地区,関東,15,準々決勝,QF,専大松戸,2480,千葉,関東,10,桐光学園,3646,神奈川,関東,6,1,4,,0,v1_3_workcopy.xlsx
2019,春季地区,関東,16,準 決 勝,SF,東海大相模,2773,神奈川,関東,4,山村学園,4897,埼玉,関東,1,1,3,延長10回,0,v1_3_workcopy.xlsx
2019,春季地区,関東,17,準 決 勝,SF,東海大菅生,4104,東京,東京,4,専大松戸,2480,千葉,関東,0,1,4,,0,v1_3_workcopy.xlsx
2019,春季地区,関東,18, 決  勝,F,東海大相模,2773,神奈川,関東,7,東海大菅生,4104,東京,東京,3,1,4,,0,v1_3_workcopy.xlsx
2019,春季地区,北信越,1,１ 回 戦,1R,星稜,2627,石川,北信越,6,砺波工,3125,富山,北信越,0,1,6,,0,v1_3_workcopy.xlsx
2019,春季地区,北信越,2,１ 回 戦,1R,富山第一,2476,富山,北信越,5,三条,1382,新潟,北信越,1,1,4,,0,v1_3_workcopy.xlsx
2019,春季地区,北信越,3,１ 回 戦,1R,富山国際大付,4691,富山,北信越,11,東京都市大塩尻,2645,長野,北信越,10,1,1,,0,v1_3_workcopy.xlsx
2019,春季地区,北信越,4,１ 回 戦,1R,敦賀気比,4446,福井,北信越,1,日本航空石川,4805,石川,北信越,0,1,1,,0,v1_3_workcopy.xlsx
2019,春季地区,北信越,5,準々決勝,QF,星稜,2627,石川,北信越,4,東海大諏訪,2785,長野,北信越,2,1,2,,0,v1_3_workcopy.xlsx
2019,春季地区,北信越,6,準々決勝,QF,日本文理,4328,新潟,北信越,8,富山国際大付,4691,富山,北信越,3,1,5,,0,v1_3_workcopy.xlsx
2019,春季地区,北信越,7,準々決勝,QF,富山第一,2476,富山,北信越,5,福井工大福井,2467,福井,北信越,2,1,3,,0,v1_3_workcopy.xlsx
2019,春季地区,北信越,8,準々決勝,QF,敦賀気比,4446,福井,北信越,5,高岡第一,2423,富山,北信越,3,1,2,,0,v1_3_workcopy.xlsx
2019,春季地区,北信越,9,準 決 勝,SF,星稜,2627,石川,北信越,5,富山第一,2476,富山,北信越,2,1,3,,0,v1_3_workcopy.xlsx
2019,春季地区,北信越,10,準 決 勝,SF,敦賀気比,4446,福井,北信越,8,日本文理,4328,新潟,北信越,3,1,5,,0,v1_3_workcopy.xlsx
2019,春季地区,北信越,11, 決  勝,F,星稜,2627,石川,北信越,3,敦賀気比,4446,福井,北信越,1,1,2,,0,v1_3_workcopy.xlsx
2019,春季地区,東海,1,準々決勝,QF,浜松商,385,静岡,東海,5,愛知黎明,2899,愛知,東海,4,1,1,サヨナラ,0,v1_3_workcopy.xlsx
2019,春季地区,東海,2,準々決勝,QF,県岐阜商,459,岐阜,東海,6,中部大一,1346,愛知,東海,2,1,4,,0,v1_3_workcopy.xlsx
2019,春季地区,東海,3,準々決勝,QF,津田学園,4572,三重,東海,7,加藤学園,4654,静岡,東海,3,1,4,,0,v1_3_workcopy.xlsx
2019,春季地区,東海,4,準々決勝,QF,菰野,2338,三重,東海,6,大垣日大,2639,岐阜,東海,1,1,5,,0,v1_3_workcopy.xlsx
2019,春季地区,東海,5,準 決 勝,SF,浜松商,385,静岡,東海,9,菰野,2338,三重,東海,3,1,6,,0,v1_3_workcopy.xlsx
2019,春季地区,東海,6,準 決 勝,SF,津田学園,4572,三重,東海,3,県岐阜商,459,岐阜,東海,2,1,1,,0,v1_3_workcopy.xlsx
2019,春季地区,東海,7, 決  勝,F,津田学園,4572,三重,東海,5,浜松商,385,静岡,東海,4,1,1,サヨナラ,0,v1_3_workcopy.xlsx
2019,春季地区,近畿,1,準々決勝,QF,智弁学園,3009,奈良,近畿,9,智弁和歌山,3732,和歌山,近畿,7,1,2,,0,v1_3_workcopy.xlsx
2019,春季地区,近畿,2,準々決勝,QF,近江,2335,滋賀,近畿,7,高田,1693,奈良,近畿,4,1,3,,0,v1_3_workcopy.xlsx
2019,春季地区,近畿,3,準々決勝,QF,郡山,166,奈良,近畿,10,大阪商大高,697,大阪,近畿,7,1,3,,0,v1_3_workcopy.xlsx
2019,春季地区,近畿,4,準々決勝,QF,神戸国際大付,2799,兵庫,近畿,9,京都国際,4707,京都,近畿,5,1,4,,0,v1_3_workcopy.xlsx
2019,春季地区,近畿,5,準 決 勝,SF,近江,2335,滋賀,近畿,3,智弁学園,3009,奈良,近畿,2,1,1,サヨナラ,0,v1_3_workcopy.xlsx
2019,春季地区,近畿,6,準 決 勝,SF,神戸国際大付,2799,兵庫,近畿,8,郡山,166,奈良,近畿,0,1,8,7回コールド,0,v1_3_workcopy.xlsx
2019,春季地区,近畿,7, 決  勝,F,近江,2335,滋賀,近畿,7,神戸国際大付,2799,兵庫,近畿,5,1,2,延長11回,0,v1_3_workcopy.xlsx
2019,春季地区,中国,1,準々決勝,QF,関西,47,岡山,中国,11,広,924,広島,中国,0,1,11,5回コールド,0,v1_3_workcopy.xlsx
2019,春季地区,中国,2,準々決勝,QF,広島商,27,広島,中国,11,米子東,40,鳥取,中国,1,1,10,5回コールド,0,v1_3_workcopy.xlsx
2019,春季地区,中国,3,準々決勝,QF,如水館,1914,広島,中国,4,大社,32,島根,中国,3,1,1,,0,v1_3_workcopy.xlsx
2019,春季地区,中国,4,準々決勝,QF,高川学園,609,山口,中国,10,崇徳,1286,広島,中国,4,1,6,,0,v1_3_workcopy.xlsx
2019,春季地区,中国,5,準 決 勝,SF,関西,47,岡山,中国,7,広島商,27,広島,中国,3,1,4,,0,v1_3_workcopy.xlsx
2019,春季地区,中国,6,準 決 勝,SF,高川学園,609,山口,中国,7,如水館,1914,広島,中国,0,1,7,7回コールド,0,v1_3_workcopy.xlsx
2019,春季地区,中国,7, 決  勝,F,関西,47,岡山,中国,9,高川学園,609,山口,中国,8,1,1,延長11回,0,v1_3_workcopy.xlsx
2019,春季地区,四国,1,準々決勝,QF,明徳義塾,3461,高知,四国,8,徳島北,4673,徳島,四国,1,1,7,7回コールド,0,v1_3_workcopy.xlsx
2019,春季地区,四国,2,準々決勝,QF,松山聖陵,3128,愛媛,四国,8,四国学院大香川西,3371,香川,四国,6,1,2,,0,v1_3_workcopy.xlsx
2019,春季地区,四国,3,準々決勝,QF,高松商,28,香川,四国,8,高知,643,高知,四国,6,1,2,,0,v1_3_workcopy.xlsx
2019,春季地区,四国,4,準々決勝,QF,富岡西,227,徳島,四国,6,今治西,158,愛媛,四国,4,1,2,,0,v1_3_workcopy.xlsx
2019,春季地区,四国,5,準 決 勝,SF,明徳義塾,3461,高知,四国,10,松山聖陵,3128,愛媛,四国,0,1,10,6回コールド,0,v1_3_workcopy.xlsx
2019,春季地区,四国,6,準 決 勝,SF,富岡西,227,徳島,四国,4,高松商,28,香川,四国,3,1,1,サヨナラ,0,v1_3_workcopy.xlsx
2019,春季地区,四国,7, 決  勝,F,明徳義塾,3461,高知,四国,7,富岡西,227,徳島,四国,3,1,4,,0,v1_3_workcopy.xlsx
2019,春季地区,九州,1,１ 回 戦,1R,真颯館,2374,福岡,九州,12,鹿児島商,289,鹿児島,九州,3,1,9,7回コールド,0,v1_3_workcopy.xlsx
2019,春季地区,九州,2,１ 回 戦,1R,福岡大大濠,2143,福岡,九州,7,尚志館,3212,鹿児島,九州,0,1,7,7回コールド,0,v1_3_workcopy.xlsx
2019,春季地区,九州,3,２ 回 戦,2R,大分工,762,大分,九州,6,長崎商,243,長崎,九州,0,1,6,,0,v1_3_workcopy.xlsx
2019,春季地区,九州,4,２ 回 戦,2R,西日本短大付,2635,福岡,九州,2,日章学園,2965,宮崎,九州,0,1,2,,0,v1_3_workcopy.xlsx
2019,春季地区,九州,5,２ 回 戦,2R,大分,2213,大分,九州,9,小林西,3017,宮崎,九州,8,1,1,,0,v1_3_workcopy.xlsx
2019,春季地区,九州,6,２ 回 戦,2R,熊本西,3462,熊本,九州,9,真颯館,2374,福岡,九州,6,1,3,,0,v1_3_workcopy.xlsx
2019,春季地区,九州,7,２ 回 戦,2R,明豊,2152,大分,九州,11,鹿児島実,429,鹿児島,九州,4,1,7,8回コールド,0,v1_3_workcopy.xlsx
2019,春季地区,九州,8,２ 回 戦,2R,興南,2550,沖縄,九州,5,神村学園,4804,鹿児島,九州,4,1,1,サヨナラ,0,v1_3_workcopy.xlsx
2019,春季地区,九州,9,２ 回 戦,2R,筑陽学園,2471,福岡,九州,8,佐賀商,248,佐賀,九州,2,1,6,,0,v1_3_workcopy.xlsx
2019,春季地区,九州,10,２ 回 戦,2R,福岡大大濠,2143,福岡,九州,5,球磨工,2741,熊本,九州,1,1,4,延長10回,0,v1_3_workcopy.xlsx
2019,春季地区,九州,11,準々決勝,QF,熊本西,3462,熊本,九州,2,大分工,762,大分,九州,1,1,1,,0,v1_3_workcopy.xlsx
2019,春季地区,九州,12,準々決勝,QF,西日本短大付,2635,福岡,九州,7,明豊,2152,大分,九州,0,1,7,7回コールド,0,v1_3_workcopy.xlsx
2019,春季地区,九州,13,準々決勝,QF,興南,2550,沖縄,九州,5,筑陽学園,2471,福岡,九州,1,1,4,,0,v1_3_workcopy.xlsx
2019,春季地区,九州,14,準々決勝,QF,大分,2213,大分,九州,11,福岡大大濠,2143,福岡,九州,10,1,1,サヨナラ,0,v1_3_workcopy.xlsx
2019,春季地区,九州,15,準 決 勝,SF,西日本短大付,2635,福岡,九州,6,熊本西,3462,熊本,九州,4,1,2,,0,v1_3_workcopy.xlsx
2019,春季地区,九州,16,準 決 勝,SF,興南,2550,沖縄,九州,7,大分,2213,大分,九州,5,1,2,,0,v1_3_workcopy.xlsx
2019,春季地区,九州,17, 決  勝,F,西日本短大付,2635,福岡,九州,5,興南,2550,沖縄,九州,1,1,4,,0,v1_3_workcopy.xlsx
2019,選手権,,1,１ 回 戦,1R,八戸学院光星,2310,青森,東北,9,誉,4315,愛知,東海,0,1,9,,0,v1_3_workcopy.xlsx
2019,選手権,,2,１ 回 戦,1R,神村学園,4804,鹿児島,九州,7,佐賀北,2798,佐賀,九州,2,1,5,,0,v1_3_workcopy.xlsx
2019,選手権,,3,１ 回 戦,1R,高岡商,425,富山,北信越,6,石見智翠館,3013,島根,中国,4,1,2,延長10回,0,v1_3_workcopy.xlsx
2019,選手権,,4,１ 回 戦,1R,履正社,432,大阪,近畿,11,霞ヶ浦,1719,茨城,関東,6,1,5,,0,v1_3_workcopy.xlsx
2019,選手権,,5,１ 回 戦,1R,津田学園,4572,三重,東海,3,静岡,162,静岡,東海,1,1,2,,0,v1_3_workcopy.xlsx
2019,選手権,,6,１ 回 戦,1R,星稜,2627,石川,北信越,1,旭川大高,2769,北海道,北海道,0,1,1,,0,v1_3_workcopy.xlsx
2019,選手権,,7,１ 回 戦,1R,立命館宇治,3088,京都,近畿,1,秋田中央,1049,秋田,東北,0,1,1,,0,v1_3_workcopy.xlsx
2019,選手権,,8,１ 回 戦,1R,智弁和歌山,3732,和歌山,近畿,8,米子東,40,鳥取,中国,1,1,7,,0,v1_3_workcopy.xlsx
2019,選手権,,9,１ 回 戦,1R,明徳義塾,3461,高知,四国,6,藤蔭,3943,大分,九州,4,1,2,,0,v1_3_workcopy.xlsx
2019,選手権,,10,１ 回 戦,1R,国学院久我山,1299,東京,東京,7,前橋育英,2803,群馬,関東,5,1,2,,0,v1_3_workcopy.xlsx
2019,選手権,,11,１ 回 戦,1R,敦賀気比,4446,福井,北信越,5,富島,1652,宮崎,九州,1,1,4,,0,v1_3_workcopy.xlsx
2019,選手権,,12,１ 回 戦,1R,鳴門,44,徳島,四国,10,花巻東,2305,岩手,東北,4,1,6,,0,v1_3_workcopy.xlsx
2019,選手権,,13,１ 回 戦,1R,仙台育英,646,宮城,東北,20,飯山,5020,長野,北信越,1,1,19,,0,v1_3_workcopy.xlsx
2019,選手権,,14,１ 回 戦,1R,習志野,2330,千葉,関東,5,沖縄尚学,2370,沖縄,九州,4,1,1,延長10回,0,v1_3_workcopy.xlsx
2019,選手権,,15,１ 回 戦,1R,鶴岡東,3057,山形,東北,6,高松商,28,香川,四国,4,1,2,,0,v1_3_workcopy.xlsx
2019,選手権,,16,１ 回 戦,1R,関東一,761,東京,東京,10,日本文理,4328,新潟,北信越,6,1,4,,0,v1_3_workcopy.xlsx
2019,選手権,,17,１ 回 戦,1R,熊本工,422,熊本,九州,3,山梨学院,2336,山梨,関東,2,1,1,延長12回サヨナラ,0,v1_3_workcopy.xlsx
2019,選手権,,18,２ 回 戦,2R,岡山学芸館,3161,岡山,中国,6,広島商,27,広島,中国,5,1,1,,0,v1_3_workcopy.xlsx
2019,選手権,,19,２ 回 戦,2R,作新学院,387,栃木,関東,5,筑陽学園,2471,福岡,九州,3,1,2,延長10回,0,v1_3_workcopy.xlsx
2019,選手権,,20,２ 回 戦,2R,東海大相模,2773,神奈川,関東,6,近江,2335,滋賀,近畿,1,1,5,,0,v1_3_workcopy.xlsx
2019,選手権,,21,２ 回 戦,2R,中京学院大中京,2628,岐阜,東海,4,北照,399,北海道,北海道,3,1,1,,0,v1_3_workcopy.xlsx
2019,選手権,,22,２ 回 戦,2R,明石商,2258,兵庫,近畿,4,花咲徳栄,4107,埼玉,関東,3,1,1,,0,v1_3_workcopy.xlsx
2019,選手権,,23,２ 回 戦,2R,宇部鴻城,2800,山口,中国,7,宇和島東,398,愛媛,四国,3,1,4,,0,v1_3_workcopy.xlsx
2019,選手権,,24,２ 回 戦,2R,海星,346,長崎,九州,3,聖光学院,2638,福島,東北,2,1,1,,0,v1_3_workcopy.xlsx
2019,選手権,,25,２ 回 戦,2R,八戸学院光星,2310,青森,東北,10,智弁学園,3009,奈良,近畿,8,1,2,,0,v1_3_workcopy.xlsx
2019,選手権,,26,２ 回 戦,2R,高岡商,425,富山,北信越,4,神村学園,4804,鹿児島,九州,3,1,1,,0,v1_3_workcopy.xlsx
2019,選手権,,27,２ 回 戦,2R,履正社,432,大阪,近畿,7,津田学園,4572,三重,東海,3,1,4,,0,v1_3_workcopy.xlsx
2019,選手権,,28,２ 回 戦,2R,星稜,2627,石川,北信越,6,立命館宇治,3088,京都,近畿,3,1,3,,0,v1_3_workcopy.xlsx
2019,選手権,,29,２ 回 戦,2R,智弁和歌山,3732,和歌山,近畿,7,明徳義塾,3461,高知,四国,1,1,6,,0,v1_3_workcopy.xlsx
2019,選手権,,30,２ 回 戦,2R,敦賀気比,4446,福井,北信越,19,国学院久我山,1299,東京,東京,3,1,16,,0,v1_3_workcopy.xlsx
2019,選手権,,31,２ 回 戦,2R,仙台育英,646,宮城,東北,8,鳴門,44,徳島,四国,5,1,3,,0,v1_3_workcopy.xlsx
2019,選手権,,32,２ 回 戦,2R,鶴岡東,3057,山形,東北,9,習志野,2330,千葉,関東,5,1,4,,0,v1_3_workcopy.xlsx
2019,選手権,,33,２ 回 戦,2R,関東一,761,東京,東京,6,熊本工,422,熊本,九州,5,1,1,,0,v1_3_workcopy.xlsx
2019,選手権,,34,３ 回 戦,3R,作新学院,387,栃木,関東,18,岡山学芸館,3161,岡山,中国,0,1,18,,0,v1_3_workcopy.xlsx
2019,選手権,,35,３ 回 戦,3R,中京学院大中京,2628,岐阜,東海,9,東海大相模,2773,神奈川,関東,4,1,5,,0,v1_3_workcopy.xlsx
2019,選手権,,36,３ 回 戦,3R,明石商,2258,兵庫,近畿,3,宇部鴻城,2800,山口,中国,2,1,1,延長10回サヨナラ,0,v1_3_workcopy.xlsx
2019,選手権,,37,３ 回 戦,3R,八戸学院光星,2310,青森,東北,7,海星,346,長崎,九州,6,1,1,サヨナラ,0,v1_3_workcopy.xlsx
2019,選手権,,38,３ 回 戦,3R,履正社,432,大阪,近畿,9,高岡商,425,富山,北信越,4,1,5,,0,v1_3_workcopy.xlsx
2019,選手権,,39,３ 回 戦,3R,星稜,2627,石川,北信越,4,智弁和歌山,3732,和歌山,近畿,1,1,3,延長14回サヨナラ、タイブレーク,0,v1_3_workcopy.xlsx
2019,選手権,,40,３ 回 戦,3R,仙台育英,646,宮城,東北,4,敦賀気比,4446,福井,北信越,3,1,1,,0,v1_3_workcopy.xlsx
2019,選手権,,41,３ 回 戦,3R,関東一,761,東京,東京,7,鶴岡東,3057,山形,東北,6,1,1,延長11回サヨナラ,0,v1_3_workcopy.xlsx
2019,選手権,,42,準々決勝,QF,明石商,2258,兵庫,近畿,7,八戸学院光星,2310,青森,東北,6,1,1,,0,v1_3_workcopy.xlsx
2019,選手権,,43,準々決勝,QF,中京学院大中京,2628,岐阜,東海,6,作新学院,387,栃木,関東,3,1,3,,0,v1_3_workcopy.xlsx
2019,選手権,,44,準々決勝,QF,星稜,2627,石川,北信越,17,仙台育英,646,宮城,東北,1,1,16,,0,v1_3_workcopy.xlsx
2019,選手権,,45,準々決勝,QF,履正社,432,大阪,近畿,7,関東一,761,東京,東京,3,1,4,,0,v1_3_workcopy.xlsx
2019,選手権,,46,準 決 勝,SF,履正社,432,大阪,近畿,7,明石商,2258,兵庫,近畿,1,1,6,,0,v1_3_workcopy.xlsx
2019,選手権,,47,準 決 勝,SF,星稜,2627,石川,北信越,9,中京学院大中京,2628,岐阜,東海,0,1,9,,0,v1_3_workcopy.xlsx
2019,選手権,,48, 決  勝,F,履正社,432,大阪,近畿,5,星稜,2627,石川,北信越,3,1,2,,0,v1_3_workcopy.xlsx
2019,秋季地区,北海道,1,１ 回 戦,1R,帯広農,608,北海道,北海道,8,武修館,3379,北海道,北海道,7,1,1,,0,v1_3_workcopy.xlsx
2019,秋季地区,北海道,2,１ 回 戦,1R,札幌大谷,4893,北海道,北海道,8,北見工,2777,北海道,北海道,7,1,1,延長11回サヨナラ,0,v1_3_workcopy.xlsx
2019,秋季地区,北海道,3,１ 回 戦,1R,東海大札幌,2889,北海道,北海道,6,岩内,1554,北海道,北海道,3,1,3,,0,v1_3_workcopy.xlsx
2019,秋季地区,北海道,4,１ 回 戦,1R,札幌国際情報,4639,北海道,北海道,12,滝川西,2426,北海道,北海道,2,1,10,,0,v1_3_workcopy.xlsx
2019,秋季地区,北海道,5,２ 回 戦,2R,北海道栄,2780,北海道,北海道,5,旭川大高,2769,北海道,北海道,3,1,2,,0,v1_3_workcopy.xlsx
2019,秋季地区,北海道,6,２ 回 戦,2R,札幌日大,4447,北海道,北海道,4,函館工,789,北海道,北海道,0,1,4,,0,v1_3_workcopy.xlsx
2019,秋季地区,北海道,7,２ 回 戦,2R,帯広農,608,北海道,北海道,7,札幌山の手,4531,北海道,北海道,3,1,4,,0,v1_3_workcopy.xlsx
2019,秋季地区,北海道,8,２ 回 戦,2R,札幌大谷,4893,北海道,北海道,3,稚内大谷,3092,北海道,北海道,2,1,1,,0,v1_3_workcopy.xlsx
2019,秋季地区,北海道,9,２ 回 戦,2R,白樺学園,2385,北海道,北海道,13,旭川実,2513,北海道,北海道,8,1,5,,0,v1_3_workcopy.xlsx
2019,秋季地区,北海道,10,２ 回 戦,2R,東海大札幌,2889,北海道,北海道,7,別海,3744,北海道,北海道,0,1,7,8回コールド,0,v1_3_workcopy.xlsx
2019,秋季地区,北海道,11,２ 回 戦,2R,札幌国際情報,4639,北海道,北海道,11,鵡川,4502,北海道,北海道,1,1,10,5回コールド,0,v1_3_workcopy.xlsx
2019,秋季地区,北海道,12,２ 回 戦,2R,札幌龍谷,4694,北海道,北海道,8,函館大柏稜,4689,北海道,北海道,0,1,8,8回コールド,0,v1_3_workcopy.xlsx
2019,秋季地区,北海道,13,準々決勝,QF,帯広農,608,北海道,北海道,5,北海道栄,2780,北海道,北海道,0,1,5,,0,v1_3_workcopy.xlsx
2019,秋季地区,北海道,14,準々決勝,QF,白樺学園,2385,北海道,北海道,4,東海大札幌,2889,北海道,北海道,0,1,4,,0,v1_3_workcopy.xlsx
2019,秋季地区,北海道,15,準々決勝,QF,札幌日大,4447,北海道,北海道,9,札幌大谷,4893,北海道,北海道,4,1,5,,0,v1_3_workcopy.xlsx
2019,秋季地区,北海道,16,準々決勝,QF,札幌龍谷,4694,北海道,北海道,4,札幌国際情報,4639,北海道,北海道,2,1,2,,0,v1_3_workcopy.xlsx
2019,秋季地区,北海道,17,準 決 勝,SF,札幌日大,4447,北海道,北海道,11,帯広農,608,北海道,北海道,2,1,9,7回コールド,0,v1_3_workcopy.xlsx
2019,秋季地区,北海道,18,準 決 勝,SF,白樺学園,2385,北海道,北海道,13,札幌龍谷,4694,北海道,北海道,3,1,10,7回コールド,0,v1_3_workcopy.xlsx
2019,秋季地区,北海道,19, 決  勝,F,白樺学園,2385,北海道,北海道,12,札幌日大,4447,北海道,北海道,8,1,4,,0,v1_3_workcopy.xlsx
2019,秋季地区,東北,1,１ 回 戦,1R,東奥義塾,604,青森,東北,6,秋田商,332,秋田,東北,3,1,3,,0,v1_3_workcopy.xlsx
2019,秋季地区,東北,2,１ 回 戦,1R,磐城,177,福島,東北,6,東海大山形,2963,山形,東北,0,1,6,,0,v1_3_workcopy.xlsx
2019,秋季地区,東北,3,２ 回 戦,2R,仙台育英,646,宮城,東北,9,明桜,2201,秋田,東北,8,1,1,延長11回,0,v1_3_workcopy.xlsx
2019,秋季地区,東北,4,２ 回 戦,2R,一関学院,1295,岩手,東北,9,日大山形,2421,山形,東北,5,1,4,,0,v1_3_workcopy.xlsx
2019,秋季地区,東北,5,２ 回 戦,2R,東奥義塾,604,青森,東北,3,学法福島,1604,福島,東北,2,1,1,,0,v1_3_workcopy.xlsx
2019,秋季地区,東北,6,２ 回 戦,2R,青森山田,2309,青森,東北,1,仙台商,301,宮城,東北,0,1,1,サヨナラ,0,v1_3_workcopy.xlsx
2019,秋季地区,東北,7,２ 回 戦,2R,盛岡大付,3833,岩手,東北,3,弘前東,3673,青森,東北,0,1,3,,0,v1_3_workcopy.xlsx
2019,秋季地区,東北,8,２ 回 戦,2R,鶴岡東,3057,山形,東北,10,福島成蹊,4862,福島,東北,0,1,10,6回コールド,0,v1_3_workcopy.xlsx
2019,秋季地区,東北,9,２ 回 戦,2R,仙台城南,2529,宮城,東北,3,花巻東,2305,岩手,東北,2,1,1,延長11回,0,v1_3_workcopy.xlsx
2019,秋季地区,東北,10,２ 回 戦,2R,磐城,177,福島,東北,2,能代松陽,910,秋田,東北,1,1,1,,0,v1_3_workcopy.xlsx
2019,秋季地区,東北,11,準々決勝,QF,盛岡大付,3833,岩手,東北,3,東奥義塾,604,青森,東北,0,1,3,,0,v1_3_workcopy.xlsx
2019,秋季地区,東北,12,準々決勝,QF,鶴岡東,3057,山形,東北,10,青森山田,2309,青森,東北,5,1,5,,0,v1_3_workcopy.xlsx
2019,秋季地区,東北,13,準々決勝,QF,仙台育英,646,宮城,東北,6,一関学院,1295,岩手,東北,1,1,5,,0,v1_3_workcopy.xlsx
2019,秋季地区,東北,14,準々決勝,QF,仙台城南,2529,宮城,東北,6,磐城,177,福島,東北,3,1,3,,0,v1_3_workcopy.xlsx
2019,秋季地区,東北,15,準 決 勝,SF,仙台育英,646,宮城,東北,9,盛岡大付,3833,岩手,東北,2,1,7,8回コールド,0,v1_3_workcopy.xlsx
2019,秋季地区,東北,16,準 決 勝,SF,鶴岡東,3057,山形,東北,10,仙台城南,2529,宮城,東北,0,1,10,6回コールド,0,v1_3_workcopy.xlsx
2019,秋季地区,東北,17, 決  勝,F,仙台育英,646,宮城,東北,11,鶴岡東,3057,山形,東北,8,1,3,,0,v1_3_workcopy.xlsx
2019,秋季地区,関東,1,１ 回 戦,1R,東海大相模,2773,神奈川,関東,14,駿台甲府,2344,山梨,関東,2,1,12,7回コールド,0,v1_3_workcopy.xlsx
2019,秋季地区,関東,2,１ 回 戦,1R,桐光学園,3646,神奈川,関東,4,霞ヶ浦,1719,茨城,関東,2,1,2,,0,v1_3_workcopy.xlsx
2019,秋季地区,関東,3,１ 回 戦,1R,習志野,2330,千葉,関東,7,前橋育英,2803,群馬,関東,3,1,4,,0,v1_3_workcopy.xlsx
2019,秋季地区,関東,4,１ 回 戦,1R,健大高崎,4784,群馬,関東,5,常総学院,4225,茨城,関東,4,1,1,,0,v1_3_workcopy.xlsx
2019,秋季地区,関東,5,１ 回 戦,1R,花咲徳栄,4107,埼玉,関東,11,拓大紅陵,3642,千葉,関東,1,1,10,7回コールド,0,v1_3_workcopy.xlsx
2019,秋季地区,関東,6,１ 回 戦,1R,西武台,4011,埼玉,関東,9,青藍泰斗,1314,栃木,関東,6,1,3,,0,v1_3_workcopy.xlsx
2019,秋季地区,関東,7,１ 回 戦,1R,山梨学院,2336,山梨,関東,11,文星芸大付,392,栃木,関東,6,1,5,,0,v1_3_workcopy.xlsx
2019,秋季地区,関東,8,準々決勝,QF,東海大相模,2773,神奈川,関東,12,習志野,2330,千葉,関東,6,1,6,,0,v1_3_workcopy.xlsx
2019,秋季地区,関東,9,準々決勝,QF,健大高崎,4784,群馬,関東,3,西武台,4011,埼玉,関東,2,1,1,サヨナラ,0,v1_3_workcopy.xlsx
2019,秋季地区,関東,10,準々決勝,QF,山梨学院,2336,山梨,関東,2,花咲徳栄,4107,埼玉,関東,1,1,1,,0,v1_3_workcopy.xlsx
2019,秋季地区,関東,11,準々決勝,QF,桐生第一,4326,群馬,関東,10,桐光学園,3646,神奈川,関東,4,1,6,,0,v1_3_workcopy.xlsx
2019,秋季地区,関東,12,準 決 勝,SF,山梨学院,2336,山梨,関東,6,桐生第一,4326,群馬,関東,5,1,1,,0,v1_3_workcopy.xlsx
2019,秋季地区,関東,13,準 決 勝,SF,健大高崎,4784,群馬,関東,8,東海大相模,2773,神奈川,関東,2,1,6,,0,v1_3_workcopy.xlsx
2019,秋季地区,関東,14, 決  勝,F,健大高崎,4784,群馬,関東,3,山梨学院,2336,山梨,関東,0,1,3,,0,v1_3_workcopy.xlsx
2019,秋季地区,東京,1,１ 回 戦,1R,大森学園,1342,東京,東京,7,東京成徳大高,4751,東京,東京,0,1,7,8回コールド,0,v1_3_workcopy.xlsx
2019,秋季地区,東京,2,１ 回 戦,1R,国立,1304,東京,東京,8,岩倉,1907,東京,東京,7,1,1,,0,v1_3_workcopy.xlsx
2019,秋季地区,東京,3,１ 回 戦,1R,佼成学園,2333,東京,東京,8,片倉,3255,東京,東京,1,1,7,7回コールド,0,v1_3_workcopy.xlsx
2019,秋季地区,東京,4,１ 回 戦,1R,日大二,644,東京,東京,10,小山台,1326,東京,東京,7,1,3,,0,v1_3_workcopy.xlsx
2019,秋季地区,東京,5,１ 回 戦,1R,修徳,2197,東京,東京,4,日大一,709,東京,東京,3,1,1,延長12回サヨナラ,0,v1_3_workcopy.xlsx
2019,秋季地区,東京,6,１ 回 戦,1R,紅葉川,4396,東京,東京,7,武蔵村山,3475,東京,東京,2,1,5,,0,v1_3_workcopy.xlsx
2019,秋季地区,東京,7,１ 回 戦,1R,創価,3204,東京,東京,15,目白研心,714,東京,東京,0,1,15,5回コールド,0,v1_3_workcopy.xlsx
2019,秋季地区,東京,8,１ 回 戦,1R,明学東村山,2766,東京,東京,9,八王子実践,4341,東京,東京,2,1,7,8回コールド,0,v1_3_workcopy.xlsx
2019,秋季地区,東京,9,１ 回 戦,1R,堀越,2372,東京,東京,11,目黒日大,4924,東京,東京,1,1,10,7回コールド,0,v1_3_workcopy.xlsx
2019,秋季地区,東京,10,１ 回 戦,1R,工学院大付,1763,東京,東京,5,立正大立正,731,東京,東京,2,1,3,,0,v1_3_workcopy.xlsx
2019,秋季地区,東京,11,１ 回 戦,1R,桜美林,2059,東京,東京,7,練馬,3365,東京,東京,2,1,5,延長14回、タイブレーク,0,v1_3_workcopy.xlsx
2019,秋季地区,東京,12,１ 回 戦,1R,錦城学園,84,東京,東京,9,立教池袋,4726,東京,東京,3,1,6,,0,v1_3_workcopy.xlsx
2019,秋季地区,東京,13,１ 回 戦,1R,富士森,2838,東京,東京,6,足立西,3377,東京,東京,2,1,4,,0,v1_3_workcopy.xlsx
2019,秋季地区,東京,14,１ 回 戦,1R,明大中野八王子,4335,東京,東京,7,二松学舎大付,2380,東京,東京,4,1,3,,0,v1_3_workcopy.xlsx
2019,秋季地区,東京,15,１ 回 戦,1R,城東,3736,東京,東京,1,日体大荏原,55,東京,東京,0,1,1,,0,v1_3_workcopy.xlsx
2019,秋季地区,東京,16,１ 回 戦,1R,関東一,761,東京,東京,4,日大鶴ヶ丘,1524,東京,東京,2,1,2,,0,v1_3_workcopy.xlsx
2019,秋季地区,東京,17,１ 回 戦,1R,日大三,171,東京,東京,3,八王子,1544,東京,東京,1,1,2,,0,v1_3_workcopy.xlsx
2019,秋季地区,東京,18,１ 回 戦,1R,安田学園,800,東京,東京,2,青山,1106,東京,東京,1,1,1,,0,v1_3_workcopy.xlsx
2019,秋季地区,東京,19,１ 回 戦,1R,成立学園,729,東京,東京,3,鷺宮,2505,東京,東京,2,1,1,延長11回サヨナラ,0,v1_3_workcopy.xlsx
2019,秋季地区,東京,20,１ 回 戦,1R,帝京,1297,東京,東京,15,法政大高,894,東京,東京,3,1,12,5回コールド,0,v1_3_workcopy.xlsx
2019,秋季地区,東京,21,１ 回 戦,1R,国学院久我山,1299,東京,東京,6,明星,1559,東京,東京,4,1,2,延長13回,0,v1_3_workcopy.xlsx
2019,秋季地区,東京,22,１ 回 戦,1R,東京実,884,東京,東京,5,雪谷,2153,東京,東京,3,1,2,,0,v1_3_workcopy.xlsx
2019,秋季地区,東京,23,１ 回 戦,1R,駒込学園,2222,東京,東京,5,聖徳学園,2444,東京,東京,2,1,3,,0,v1_3_workcopy.xlsx
2019,秋季地区,東京,24,１ 回 戦,1R,東亜学園,2555,東京,東京,8,学習院,727,東京,東京,1,1,7,7回コールド,0,v1_3_workcopy.xlsx
2019,秋季地区,東京,25,１ 回 戦,1R,日本学園,70,東京,東京,11,篠崎,3548,東京,東京,0,1,11,5回コールド,0,v1_3_workcopy.xlsx
2019,秋季地区,東京,26,１ 回 戦,1R,日本ウェルネス,4922,東京,東京,5,明治,703,東京,東京,4,1,1,,0,v1_3_workcopy.xlsx
2019,秋季地区,東京,27,１ 回 戦,1R,日野,3129,東京,東京,5,明大中野,769,東京,東京,1,1,4,,0,v1_3_workcopy.xlsx
2019,秋季地区,東京,28,１ 回 戦,1R,東海大菅生,4104,東京,東京,10,福生,3662,東京,東京,0,1,10,5回コールド,0,v1_3_workcopy.xlsx
2019,秋季地区,東京,29,１ 回 戦,1R,東海大高輪台,3024,東京,東京,10,府中工,2827,東京,東京,0,1,10,6回コールド,0,v1_3_workcopy.xlsx
2019,秋季地区,東京,30,１ 回 戦,1R,早大学院,1953,東京,東京,9,文京,1558,東京,東京,2,1,7,8回コールド,0,v1_3_workcopy.xlsx
2019,秋季地区,東京,31,１ 回 戦,1R,共栄学園,4839,東京,東京,8,南平,4323,東京,東京,1,1,7,7回コールド,0,v1_3_workcopy.xlsx
2019,秋季地区,東京,32,１ 回 戦,1R,国士舘,1525,東京,東京,6,世田谷学園,911,東京,東京,0,1,6,,0,v1_3_workcopy.xlsx
2019,秋季地区,東京,33,２ 回 戦,2R,錦城学園,84,東京,東京,6,国学院久我山,1299,東京,東京,2,1,4,,0,v1_3_workcopy.xlsx
2019,秋季地区,東京,34,２ 回 戦,2R,堀越,2372,東京,東京,11,東京実,884,東京,東京,4,1,7,8回コールド,0,v1_3_workcopy.xlsx
2019,秋季地区,東京,35,２ 回 戦,2R,明大中野八王子,4335,東京,東京,10,工学院大付,1763,東京,東京,0,1,10,,0,v1_3_workcopy.xlsx
2019,秋季地区,東京,36,２ 回 戦,2R,修徳,2197,東京,東京,14,国立,1304,東京,東京,6,1,8,,0,v1_3_workcopy.xlsx
2019,秋季地区,東京,37,２ 回 戦,2R,日大二,644,東京,東京,6,桜美林,2059,東京,東京,1,1,5,,0,v1_3_workcopy.xlsx
2019,秋季地区,東京,38,２ 回 戦,2R,日本ウェルネス,4922,東京,東京,4,日野,3129,東京,東京,3,1,1,サヨナラ,0,v1_3_workcopy.xlsx
2019,秋季地区,東京,39,２ 回 戦,2R,日大三,171,東京,東京,2,安田学園,800,東京,東京,0,1,2,,0,v1_3_workcopy.xlsx
2019,秋季地区,東京,40,２ 回 戦,2R,東海大菅生,4104,東京,東京,11,東海大高輪台,3024,東京,東京,1,1,10,6回コールド,0,v1_3_workcopy.xlsx
2019,秋季地区,東京,41,２ 回 戦,2R,関東一,761,東京,東京,13,駒込学園,2222,東京,東京,0,1,13,5回コールド,0,v1_3_workcopy.xlsx
2019,秋季地区,東京,42,２ 回 戦,2R,帝京,1297,東京,東京,7,早大学院,1953,東京,東京,0,1,7,8回コールド,0,v1_3_workcopy.xlsx
2019,秋季地区,東京,43,２ 回 戦,2R,日本学園,70,東京,東京,4,東亜学園,2555,東京,東京,3,1,1,,0,v1_3_workcopy.xlsx
2019,秋季地区,東京,44,２ 回 戦,2R,創価,3204,東京,東京,6,大森学園,1342,東京,東京,2,1,4,,0,v1_3_workcopy.xlsx
2019,秋季地区,東京,45,２ 回 戦,2R,城東,3736,東京,東京,3,明学東村山,2766,東京,東京,2,1,1,,0,v1_3_workcopy.xlsx
2019,秋季地区,東京,46,２ 回 戦,2R,共栄学園,4839,東京,東京,12,成立学園,729,東京,東京,2,1,10,8回コールド,0,v1_3_workcopy.xlsx
2019,秋季地区,東京,47,２ 回 戦,2R,国士舘,1525,東京,東京,11,富士森,2838,東京,東京,9,1,2,,0,v1_3_workcopy.xlsx
2019,秋季地区,東京,48,２ 回 戦,2R,佼成学園,2333,東京,東京,7,紅葉川,4396,東京,東京,2,1,5,,0,v1_3_workcopy.xlsx
2019,秋季地区,東京,49,３ 回 戦,3R,日大二,644,東京,東京,9,日本ウェルネス,4922,東京,東京,4,1,5,,0,v1_3_workcopy.xlsx
2019,秋季地区,東京,50,３ 回 戦,3R,帝京,1297,東京,東京,9,関東一,761,東京,東京,7,1,2,,0,v1_3_workcopy.xlsx
2019,秋季地区,東京,51,３ 回 戦,3R,創価,3204,東京,東京,10,日本学園,70,東京,東京,0,1,10,5回コールド,0,v1_3_workcopy.xlsx
2019,秋季地区,東京,52,３ 回 戦,3R,日大三,171,東京,東京,7,東海大菅生,4104,東京,東京,5,1,2,,0,v1_3_workcopy.xlsx
2019,秋季地区,東京,53,３ 回 戦,3R,城東,3736,東京,東京,5,錦城学園,84,東京,東京,1,1,4,,0,v1_3_workcopy.xlsx
2019,秋季地区,東京,54,３ 回 戦,3R,共栄学園,4839,東京,東京,4,堀越,2372,東京,東京,2,1,2,,0,v1_3_workcopy.xlsx
2019,秋季地区,東京,55,３ 回 戦,3R,国士舘,1525,東京,東京,7,明大中野八王子,4335,東京,東京,6,1,1,,0,v1_3_workcopy.xlsx
2019,秋季地区,東京,56,３ 回 戦,3R,修徳,2197,東京,東京,5,佼成学園,2333,東京,東京,2,1,3,,0,v1_3_workcopy.xlsx
2019,秋季地区,東京,57,準々決勝,QF,城東,3736,東京,東京,7,共栄学園,4839,東京,東京,4,1,3,,0,v1_3_workcopy.xlsx
2019,秋季地区,東京,58,準々決勝,QF,国士舘,1525,東京,東京,8,修徳,2197,東京,東京,4,1,4,サヨナラ,0,v1_3_workcopy.xlsx
2019,秋季地区,東京,59,準々決勝,QF,帝京,1297,東京,東京,2,日大三,171,東京,東京,1,1,1,,0,v1_3_workcopy.xlsx
2019,秋季地区,東京,60,準々決勝,QF,創価,3204,東京,東京,6,日大二,644,東京,東京,2,1,4,,0,v1_3_workcopy.xlsx
2019,秋季地区,東京,61,準 決 勝,SF,国士舘,1525,東京,東京,5,城東,3736,東京,東京,0,1,5,,0,v1_3_workcopy.xlsx
2019,秋季地区,東京,62,準 決 勝,SF,帝京,1297,東京,東京,3,創価,3204,東京,東京,2,1,1,サヨナラ,0,v1_3_workcopy.xlsx
2019,秋季地区,東京,63, 決  勝,F,国士舘,1525,東京,東京,6,帝京,1297,東京,東京,0,1,6,,0,v1_3_workcopy.xlsx
2019,秋季地区,北信越,1,１ 回 戦,1R,日本航空石川,4805,石川,北信越,11,高岡商,425,富山,北信越,9,1,2,,0,v1_3_workcopy.xlsx
2019,秋季地区,北信越,2,１ 回 戦,1R,敦賀気比,4446,福井,北信越,10,加茂暁星,2399,新潟,北信越,0,1,10,5回コールド,0,v1_3_workcopy.xlsx
2019,秋季地区,北信越,3,１ 回 戦,1R,北越,1534,新潟,北信越,3,北陸,476,福井,北信越,2,1,1,サヨナラ,0,v1_3_workcopy.xlsx
2019,秋季地区,北信越,4,１ 回 戦,1R,金沢商,93,石川,北信越,13,高岡向陵,2648,富山,北信越,1,1,12,8回コールド,0,v1_3_workcopy.xlsx
2019,秋季地区,北信越,5,１ 回 戦,1R,佐久長聖,2895,長野,北信越,6,新潟産大付,2398,新潟,北信越,0,1,6,,0,v1_3_workcopy.xlsx
2019,秋季地区,北信越,6,１ 回 戦,1R,上田西,2519,長野,北信越,9,津幡,1750,石川,北信越,7,1,2,,0,v1_3_workcopy.xlsx
2019,秋季地区,北信越,7,１ 回 戦,1R,星稜,2627,石川,北信越,5,高岡第一,2423,富山,北信越,3,1,2,,0,v1_3_workcopy.xlsx
2019,秋季地区,北信越,8,１ 回 戦,1R,敦賀,163,福井,北信越,4,長野日大,2515,長野,北信越,1,1,3,,0,v1_3_workcopy.xlsx
2019,秋季地区,北信越,9,準々決勝,QF,佐久長聖,2895,長野,北信越,1,金沢商,93,石川,北信越,0,1,1,,0,v1_3_workcopy.xlsx
2019,秋季地区,北信越,10,準々決勝,QF,星稜,2627,石川,北信越,10,敦賀,163,福井,北信越,2,1,8,7回コールド,0,v1_3_workcopy.xlsx
2019,秋季地区,北信越,11,準々決勝,QF,日本航空石川,4805,石川,北信越,7,敦賀気比,4446,福井,北信越,3,1,4,,0,v1_3_workcopy.xlsx
2019,秋季地区,北信越,12,準々決勝,QF,北越,1534,新潟,北信越,3,上田西,2519,長野,北信越,2,1,1,,0,v1_3_workcopy.xlsx
2019,秋季地区,北信越,13,準 決 勝,SF,日本航空石川,4805,石川,北信越,9,北越,1534,新潟,北信越,1,1,8,,0,v1_3_workcopy.xlsx
2019,秋季地区,北信越,14,準 決 勝,SF,星稜,2627,石川,北信越,10,佐久長聖,2895,長野,北信越,3,1,7,7回コールド,0,v1_3_workcopy.xlsx
2019,秋季地区,北信越,15, 決  勝,F,星稜,2627,石川,北信越,19,日本航空石川,4805,石川,北信越,1,1,18,,0,v1_3_workcopy.xlsx
2019,秋季地区,東海,1,１ 回 戦,1R,豊川,1092,愛知,東海,13,大垣商,393,岐阜,東海,8,1,5,,0,v1_3_workcopy.xlsx
2019,秋季地区,東海,2,１ 回 戦,1R,津商,534,三重,東海,11,静岡商,557,静岡,東海,2,1,9,7回コールド,0,v1_3_workcopy.xlsx
2019,秋季地区,東海,3,１ 回 戦,1R,愛工大名電,2306,愛知,東海,6,三重,2507,三重,東海,2,1,4,,0,v1_3_workcopy.xlsx
2019,秋季地区,東海,4,１ 回 戦,1R,加藤学園,4654,静岡,東海,6,大垣西,3844,岐阜,東海,1,1,5,,0,v1_3_workcopy.xlsx
2019,秋季地区,東海,5,準々決勝,QF,藤枝明誠,4310,静岡,東海,6,豊川,1092,愛知,東海,4,1,2,,0,v1_3_workcopy.xlsx
2019,秋季地区,東海,6,準々決勝,QF,中京大中京,377,愛知,東海,7,津商,534,三重,東海,0,1,7,7回コールド,0,v1_3_workcopy.xlsx
2019,秋季地区,東海,7,準々決勝,QF,県岐阜商,459,岐阜,東海,5,愛工大名電,2306,愛知,東海,3,1,2,,0,v1_3_workcopy.xlsx
2019,秋季地区,東海,8,準々決勝,QF,加藤学園,4654,静岡,東海,5,近大高専,2680,三重,東海,4,1,1,延長10回,0,v1_3_workcopy.xlsx
2019,秋季地区,東海,9,準 決 勝,SF,中京大中京,377,愛知,東海,12,藤枝明誠,4310,静岡,東海,5,1,7,8回コールド,0,v1_3_workcopy.xlsx
2019,秋季地区,東海,10,準 決 勝,SF,県岐阜商,459,岐阜,東海,4,加藤学園,4654,静岡,東海,3,1,1,延長10回サヨナラ,0,v1_3_workcopy.xlsx
2019,秋季地区,東海,11, 決  勝,F,中京大中京,377,愛知,東海,9,県岐阜商,459,岐阜,東海,6,1,3,,0,v1_3_workcopy.xlsx
2019,秋季地区,近畿,1,１ 回 戦,1R,大阪桐蔭,4498,大阪,近畿,19,立命館守山,4982,滋賀,近畿,1,1,18,5回コールド,0,v1_3_workcopy.xlsx
2019,秋季地区,近畿,2,１ 回 戦,1R,智弁学園,3009,奈良,近畿,4,神戸国際大付,2799,兵庫,近畿,2,1,2,,0,v1_3_workcopy.xlsx
2019,秋季地区,近畿,3,１ 回 戦,1R,智弁和歌山,3732,和歌山,近畿,8,初芝立命館,896,大阪,近畿,3,1,5,,0,v1_3_workcopy.xlsx
2019,秋季地区,近畿,4,１ 回 戦,1R,明石商,2258,兵庫,近畿,8,東山,195,京都,近畿,3,1,5,,0,v1_3_workcopy.xlsx
2019,秋季地区,近畿,5,１ 回 戦,1R,奈良大付,2475,奈良,近畿,12,近江,2335,滋賀,近畿,7,1,5,,0,v1_3_workcopy.xlsx
2019,秋季地区,近畿,6,１ 回 戦,1R,天理,848,奈良,近畿,7,報徳学園,793,兵庫,近畿,1,1,6,,0,v1_3_workcopy.xlsx
2019,秋季地区,近畿,7,１ 回 戦,1R,履正社,432,大阪,近畿,13,綾羽,4704,滋賀,近畿,4,1,9,7回コールド,0,v1_3_workcopy.xlsx
2019,秋季地区,近畿,8,１ 回 戦,1R,京都翔英,4623,京都,近畿,6,和歌山南陵,4553,和歌山,近畿,2,1,4,,0,v1_3_workcopy.xlsx
2019,秋季地区,近畿,9,準々決勝,QF,智弁学園,3009,奈良,近畿,17,智弁和歌山,3732,和歌山,近畿,13,1,4,,0,v1_3_workcopy.xlsx
2019,秋季地区,近畿,10,準々決勝,QF,履正社,432,大阪,近畿,10,京都翔英,4623,京都,近畿,3,1,7,8回コールド,0,v1_3_workcopy.xlsx
2019,秋季地区,近畿,11,準々決勝,QF,天理,848,奈良,近畿,14,奈良大付,2475,奈良,近畿,0,1,14,6回コールド,0,v1_3_workcopy.xlsx
2019,秋季地区,近畿,12,準々決勝,QF,大阪桐蔭,4498,大阪,近畿,4,明石商,2258,兵庫,近畿,3,1,1,,0,v1_3_workcopy.xlsx
2019,秋季地区,近畿,13,準 決 勝,SF,天理,848,奈良,近畿,5,履正社,432,大阪,近畿,4,1,1,サヨナラ,0,v1_3_workcopy.xlsx
2019,秋季地区,近畿,14,準 決 勝,SF,大阪桐蔭,4498,大阪,近畿,6,智弁学園,3009,奈良,近畿,5,1,1,サヨナラ,0,v1_3_workcopy.xlsx
2019,秋季地区,近畿,15, 決  勝,F,天理,848,奈良,近畿,12,大阪桐蔭,4498,大阪,近畿,4,1,8,,0,v1_3_workcopy.xlsx
2019,秋季地区,中国,1,１ 回 戦,1R,鳥取城北,3124,鳥取,中国,3,南陽工,2631,山口,中国,2,1,1,,0,v1_3_workcopy.xlsx
2019,秋季地区,中国,2,１ 回 戦,1R,平田,2074,島根,中国,2,尾道商,605,広島,中国,0,1,2,,0,v1_3_workcopy.xlsx
2019,秋季地区,中国,3,１ 回 戦,1R,倉敷商,792,岡山,中国,2,境,1275,鳥取,中国,0,1,2,,0,v1_3_workcopy.xlsx
2019,秋季地区,中国,4,１ 回 戦,1R,創志学園,4917,岡山,中国,9,倉吉東,60,鳥取,中国,0,1,9,7回コールド,0,v1_3_workcopy.xlsx
2019,秋季地区,中国,5,１ 回 戦,1R,矢上,4529,島根,中国,6,盈進,524,広島,中国,3,1,3,延長13回,0,v1_3_workcopy.xlsx
2019,秋季地区,中国,6,１ 回 戦,1R,出雲西,2980,島根,中国,5,豊浦,190,山口,中国,4,1,1,延長10回サヨナラ,0,v1_3_workcopy.xlsx
2019,秋季地区,中国,7,１ 回 戦,1R,広島新庄,780,広島,中国,3,八頭,2146,鳥取,中国,1,1,2,,0,v1_3_workcopy.xlsx
2019,秋季地区,中国,8,１ 回 戦,1R,高川学園,609,山口,中国,7,おかやま山陽,1396,岡山,中国,5,1,2,,0,v1_3_workcopy.xlsx
2019,秋季地区,中国,9,準々決勝,QF,創志学園,4917,岡山,中国,5,出雲西,2980,島根,中国,1,1,4,,0,v1_3_workcopy.xlsx
2019,秋季地区,中国,10,準々決勝,QF,鳥取城北,3124,鳥取,中国,9,平田,2074,島根,中国,2,1,7,8回コールド,0,v1_3_workcopy.xlsx
2019,秋季地区,中国,11,準々決勝,QF,広島新庄,780,広島,中国,5,高川学園,609,山口,中国,4,1,1,,0,v1_3_workcopy.xlsx
2019,秋季地区,中国,12,準々決勝,QF,倉敷商,792,岡山,中国,10,矢上,4529,島根,中国,9,1,1,延長11回,0,v1_3_workcopy.xlsx
2019,秋季地区,中国,13,準 決 勝,SF,鳥取城北,3124,鳥取,中国,13,創志学園,4917,岡山,中国,6,1,7,7回コールド,0,v1_3_workcopy.xlsx
2019,秋季地区,中国,14,準 決 勝,SF,倉敷商,792,岡山,中国,7,広島新庄,780,広島,中国,4,1,3,延長11回,0,v1_3_workcopy.xlsx
2019,秋季地区,中国,15, 決  勝,F,倉敷商,792,岡山,中国,9,鳥取城北,3124,鳥取,中国,7,1,2,,0,v1_3_workcopy.xlsx
2019,秋季地区,四国,1,１ 回 戦,1R,新田,1313,愛媛,四国,6,川島,765,徳島,四国,0,1,6,,0,v1_3_workcopy.xlsx
2019,秋季地区,四国,2,１ 回 戦,1R,城東,1723,徳島,四国,6,大手前高松,2361,香川,四国,4,1,2,,0,v1_3_workcopy.xlsx
2019,秋季地区,四国,3,１ 回 戦,1R,岡豊,4241,高知,四国,5,英明,4840,香川,四国,1,1,4,,0,v1_3_workcopy.xlsx
2019,秋季地区,四国,4,１ 回 戦,1R,明徳義塾,3461,高知,四国,8,小松,968,愛媛,四国,1,1,7,7回コールド,0,v1_3_workcopy.xlsx
2019,秋季地区,四国,5,準々決勝,QF,尽誠学園,1522,香川,四国,7,新田,1313,愛媛,四国,3,1,4,,0,v1_3_workcopy.xlsx
2019,秋季地区,四国,6,準々決勝,QF,高知中央,3064,高知,四国,13,城東,1723,徳島,四国,3,1,10,5回コールド,0,v1_3_workcopy.xlsx
2019,秋季地区,四国,7,準々決勝,QF,明徳義塾,3461,高知,四国,8,徳島北,4673,徳島,四国,1,1,7,,0,v1_3_workcopy.xlsx
2019,秋季地区,四国,8,準々決勝,QF,岡豊,4241,高知,四国,5,済美,4781,愛媛,四国,4,1,1,延長10回,0,v1_3_workcopy.xlsx
2019,秋季地区,四国,9,準 決 勝,SF,明徳義塾,3461,高知,四国,16,高知中央,3064,高知,四国,1,1,15,5回コールド,0,v1_3_workcopy.xlsx
2019,秋季地区,四国,10,準 決 勝,SF,尽誠学園,1522,香川,四国,13,岡豊,4241,高知,四国,2,1,11,6回コールド,0,v1_3_workcopy.xlsx
2019,秋季地区,四国,11, 決  勝,F,明徳義塾,3461,高知,四国,8,尽誠学園,1522,香川,四国,1,1,7,,0,v1_3_workcopy.xlsx
2019,秋季地区,九州,1,１ 回 戦,1R,宮崎日大,2796,宮崎,九州,3,鹿児島実,429,鹿児島,九州,2,1,1,,0,v1_3_workcopy.xlsx
2019,秋季地区,九州,2,１ 回 戦,1R,創成館,2652,長崎,九州,4,熊本国府,4859,熊本,九州,2,1,2,,0,v1_3_workcopy.xlsx
2019,秋季地区,九州,3,１ 回 戦,1R,明豊,2152,大分,九州,20,唐津商,812,佐賀,九州,14,1,6,,0,v1_3_workcopy.xlsx
2019,秋季地区,九州,4,１ 回 戦,1R,沖縄尚学,2370,沖縄,九州,2,福岡工大城東,2427,福岡,九州,1,1,1,,0,v1_3_workcopy.xlsx
2019,秋季地区,九州,5,１ 回 戦,1R,福岡第一,2377,福岡,九州,8,八重山農林,2500,沖縄,九州,1,1,7,7回コールド,0,v1_3_workcopy.xlsx
2019,秋季地区,九州,6,１ 回 戦,1R,城北,3123,熊本,九州,8,富島,1652,宮崎,九州,7,1,1,サヨナラ,0,v1_3_workcopy.xlsx
2019,秋季地区,九州,7,１ 回 戦,1R,大分商,378,大分,九州,4,大崎,2517,長崎,九州,3,1,1,延長10回,0,v1_3_workcopy.xlsx
2019,秋季地区,九州,8,１ 回 戦,1R,鹿児島城西,2249,鹿児島,九州,7,佐賀学園,2424,佐賀,九州,0,1,7,7回コールド,0,v1_3_workcopy.xlsx
2019,秋季地区,九州,9,準々決勝,QF,創成館,2652,長崎,九州,4,宮崎日大,2796,宮崎,九州,3,1,1,サヨナラ,0,v1_3_workcopy.xlsx
2019,秋季地区,九州,10,準々決勝,QF,明豊,2152,大分,九州,7,沖縄尚学,2370,沖縄,九州,6,1,1,,0,v1_3_workcopy.xlsx
2019,秋季地区,九州,11,準々決勝,QF,鹿児島城西,2249,鹿児島,九州,8,城北,3123,熊本,九州,0,1,8,,0,v1_3_workcopy.xlsx
2019,秋季地区,九州,12,準々決勝,QF,大分商,378,大分,九州,5,福岡第一,2377,福岡,九州,2,1,3,,0,v1_3_workcopy.xlsx
2019,秋季地区,九州,13,準 決 勝,SF,大分商,378,大分,九州,6,鹿児島城西,2249,鹿児島,九州,3,1,3,,0,v1_3_workcopy.xlsx
2019,秋季地区,九州,14,準 決 勝,SF,明豊,2152,大分,九州,3,創成館,2652,長崎,九州,2,1,1,,0,v1_3_workcopy.xlsx
2019,秋季地区,九州,15, 決  勝,F,明豊,2152,大分,九州,13,大分商,378,大分,九州,5,1,8,,0,v1_3_workcopy.xlsx
2019,明治神宮,,1,１ 回 戦,1R,健大高崎,4784,群馬,関東,7,倉敷商,792,岡山,中国,1,1,6,延長10回、タイブレーク,0,v1_3_workcopy.xlsx
2019,明治神宮,,2,１ 回 戦,1R,明徳義塾,3461,高知,四国,8,星稜,2627,石川,北信越,5,1,3,,0,v1_3_workcopy.xlsx
2019,明治神宮,,3,準々決勝,QF,白樺学園,2385,北海道,北海道,4,国士舘,1525,東京,東京,3,1,1,,0,v1_3_workcopy.xlsx
2019,明治神宮,,4,準々決勝,QF,天理,848,奈良,近畿,8,仙台育英,646,宮城,東北,6,1,2,,0,v1_3_workcopy.xlsx
2019,明治神宮,,5,準々決勝,QF,健大高崎,4784,群馬,関東,5,明豊,2152,大分,九州,4,1,1,延長10回サヨナラ、タイブレーク,0,v1_3_workcopy.xlsx
2019,明治神宮,,6,準々決勝,QF,中京大中京,377,愛知,東海,8,明徳義塾,3461,高知,四国,0,1,8,7回コールド,0,v1_3_workcopy.xlsx
2019,明治神宮,,7,準 決 勝,SF,健大高崎,4784,群馬,関東,3,白樺学園,2385,北海道,北海道,2,1,1,,0,v1_3_workcopy.xlsx
2019,明治神宮,,8,準 決 勝,SF,中京大中京,377,愛知,東海,10,天理,848,奈良,近畿,9,1,1,サヨナラ,0,v1_3_workcopy.xlsx
2019,明治神宮,,9, 決  勝,F,中京大中京,377,愛知,東海,4,健大高崎,4784,群馬,関東,3,1,1,,0,v1_3_workcopy.xlsx
2020,秋季地区,北海道,1,１ 回 戦,1R,函館大有斗,1517,北海道,北海道,8,遠軽,1353,北海道,北海道,7,1,1,,0,v1_3_workcopy.xlsx
2020,秋季地区,北海道,2,１ 回 戦,1R,札幌第一,2430,北海道,北海道,10,稚内大谷,3092,北海道,北海道,0,1,10,5回コールド,0,v1_3_workcopy.xlsx
2020,秋季地区,北海道,3,１ 回 戦,1R,北海,212,北海道,北海道,4,帯広農,608,北海道,北海道,0,1,4,,0,v1_3_workcopy.xlsx
2020,秋季地区,北海道,4,１ 回 戦,1R,札幌光星,879,北海道,北海道,5,千歳,2158,北海道,北海道,3,1,2,,0,v1_3_workcopy.xlsx
2020,秋季地区,北海道,5,２ 回 戦,2R,知内,4101,北海道,北海道,10,中標津,1720,北海道,北海道,3,1,7,7回コールド,0,v1_3_workcopy.xlsx
2020,秋季地区,北海道,6,２ 回 戦,2R,旭川実,2513,北海道,北海道,7,白樺学園,2385,北海道,北海道,1,1,6,,0,v1_3_workcopy.xlsx
2020,秋季地区,北海道,7,２ 回 戦,2R,札幌日大,4447,北海道,北海道,6,クラーク国際,4959,北海道,北海道,2,1,4,,0,v1_3_workcopy.xlsx
2020,秋季地区,北海道,8,２ 回 戦,2R,武修館,3379,北海道,北海道,12,小樽双葉,4761,北海道,北海道,5,1,7,7回コールド,0,v1_3_workcopy.xlsx
2020,秋季地区,北海道,9,２ 回 戦,2R,函館大有斗,1517,北海道,北海道,6,札幌国際情報,4639,北海道,北海道,4,1,2,延長11回,0,v1_3_workcopy.xlsx
2020,秋季地区,北海道,10,２ 回 戦,2R,駒大苫小牧,2767,北海道,北海道,5,札幌第一,2430,北海道,北海道,4,1,1,,0,v1_3_workcopy.xlsx
2020,秋季地区,北海道,11,２ 回 戦,2R,札幌光星,879,北海道,北海道,4,北海道栄,2780,北海道,北海道,0,1,4,,0,v1_3_workcopy.xlsx
2020,秋季地区,北海道,12,２ 回 戦,2R,北海,212,北海道,北海道,7,旭川大高,2769,北海道,北海道,1,1,6,,0,v1_3_workcopy.xlsx
2020,秋季地区,北海道,13,準々決勝,QF,旭川実,2513,北海道,北海道,11,函館大有斗,1517,北海道,北海道,2,1,9,7回コールド,0,v1_3_workcopy.xlsx
2020,秋季地区,北海道,14,準々決勝,QF,武修館,3379,北海道,北海道,11,札幌光星,879,北海道,北海道,10,1,1,延長10回サヨナラ,0,v1_3_workcopy.xlsx
2020,秋季地区,北海道,15,準々決勝,QF,知内,4101,北海道,北海道,3,駒大苫小牧,2767,北海道,北海道,2,1,1,,0,v1_3_workcopy.xlsx
2020,秋季地区,北海道,16,準々決勝,QF,北海,212,北海道,北海道,10,札幌日大,4447,北海道,北海道,0,1,10,7回コールド,0,v1_3_workcopy.xlsx
2020,秋季地区,北海道,17,準 決 勝,SF,北海,212,北海道,北海道,6,知内,4101,北海道,北海道,0,1,6,,0,v1_3_workcopy.xlsx
2020,秋季地区,北海道,18,準 決 勝,SF,旭川実,2513,北海道,北海道,10,武修館,3379,北海道,北海道,1,1,9,7回コールド,0,v1_3_workcopy.xlsx
2020,秋季地区,北海道,19, 決  勝,F,北海,212,北海道,北海道,1,旭川実,2513,北海道,北海道,0,1,1,,0,v1_3_workcopy.xlsx
2020,秋季地区,東北,1,１ 回 戦,1R,花巻東,2305,岩手,東北,7,鶴岡東,3057,山形,東北,2,1,5,,0,v1_3_workcopy.xlsx
2020,秋季地区,東北,2,１ 回 戦,1R,柴田,4401,宮城,東北,7,学法石川,796,福島,東北,2,1,5,,0,v1_3_workcopy.xlsx
2020,秋季地区,東北,3,２ 回 戦,2R,仙台育英,646,宮城,東北,7,湯沢翔北,2934,秋田,東北,0,1,7,8回コールド,0,v1_3_workcopy.xlsx
2020,秋季地区,東北,4,２ 回 戦,2R,羽黒,2801,山形,東北,10,盛岡大付,3833,岩手,東北,7,1,3,,0,v1_3_workcopy.xlsx
2020,秋季地区,東北,5,２ 回 戦,2R,日大山形,2421,山形,東北,5,聖愛,4759,青森,東北,3,1,2,,0,v1_3_workcopy.xlsx
2020,秋季地区,東北,6,２ 回 戦,2R,東北,291,宮城,東北,4,由利工,2587,秋田,東北,1,1,3,,0,v1_3_workcopy.xlsx
2020,秋季地区,東北,7,２ 回 戦,2R,花巻東,2305,岩手,東北,2,角館,720,秋田,東北,1,1,1,サヨナラ,0,v1_3_workcopy.xlsx
2020,秋季地区,東北,8,２ 回 戦,2R,八戸西,3373,青森,東北,10,福島商,428,福島,東北,3,1,7,7回コールド,0,v1_3_workcopy.xlsx
2020,秋季地区,東北,9,２ 回 戦,2R,柴田,4401,宮城,東北,6,八戸学院光星,2310,青森,東北,2,1,4,,0,v1_3_workcopy.xlsx
2020,秋季地区,東北,10,２ 回 戦,2R,東日大昌平,4758,福島,東北,9,一関学院,1295,岩手,東北,6,1,3,,0,v1_3_workcopy.xlsx
2020,秋季地区,東北,11,準々決勝,QF,仙台育英,646,宮城,東北,11,羽黒,2801,山形,東北,2,1,9,7回コールド,0,v1_3_workcopy.xlsx
2020,秋季地区,東北,12,準々決勝,QF,花巻東,2305,岩手,東北,2,八戸西,3373,青森,東北,1,1,1,,0,v1_3_workcopy.xlsx
2020,秋季地区,東北,13,準々決勝,QF,柴田,4401,宮城,東北,15,東日大昌平,4758,福島,東北,10,1,5,,0,v1_3_workcopy.xlsx
2020,秋季地区,東北,14,準々決勝,QF,日大山形,2421,山形,東北,7,東北,291,宮城,東北,4,1,3,,0,v1_3_workcopy.xlsx
2020,秋季地区,東北,15,準 決 勝,SF,仙台育英,646,宮城,東北,1,花巻東,2305,岩手,東北,0,1,1,,0,v1_3_workcopy.xlsx
2020,秋季地区,東北,16,準 決 勝,SF,柴田,4401,宮城,東北,6,日大山形,2421,山形,東北,0,1,6,,0,v1_3_workcopy.xlsx
2020,秋季地区,東北,17, 決  勝,F,仙台育英,646,宮城,東北,18,柴田,4401,宮城,東北,1,1,17,,0,v1_3_workcopy.xlsx
2020,秋季地区,関東,1,１ 回 戦,1R,国学院栃木,2511,栃木,関東,6,東京学館,3696,千葉,関東,5,1,1,,0,v1_3_workcopy.xlsx
2020,秋季地区,関東,2,１ 回 戦,1R,常総学院,4225,茨城,関東,9,前橋商,457,群馬,関東,0,1,9,7回コールド,0,v1_3_workcopy.xlsx
2020,秋季地区,関東,3,１ 回 戦,1R,健大高崎,4784,群馬,関東,6,日本航空,2559,山梨,関東,1,1,5,,0,v1_3_workcopy.xlsx
2020,秋季地区,関東,4,１ 回 戦,1R,専大松戸,2480,千葉,関東,8,鹿島学園,4554,茨城,関東,0,1,8,,0,v1_3_workcopy.xlsx
2020,秋季地区,関東,5,１ 回 戦,1R,東海大相模,2773,神奈川,関東,7,石橋,587,栃木,関東,0,1,7,7回コールド,0,v1_3_workcopy.xlsx
2020,秋季地区,関東,6,１ 回 戦,1R,鎌倉学園,753,神奈川,関東,11,昌平,3842,埼玉,関東,7,1,4,,0,v1_3_workcopy.xlsx
2020,秋季地区,関東,7,１ 回 戦,1R,東海大甲府,2422,山梨,関東,8,細田学園,4969,埼玉,関東,1,1,7,,0,v1_3_workcopy.xlsx
2020,秋季地区,関東,8,準々決勝,QF,健大高崎,4784,群馬,関東,8,国学院栃木,2511,栃木,関東,1,1,7,8回コールド,0,v1_3_workcopy.xlsx
2020,秋季地区,関東,9,準々決勝,QF,専大松戸,2480,千葉,関東,6,鎌倉学園,753,神奈川,関東,0,1,6,,0,v1_3_workcopy.xlsx
2020,秋季地区,関東,10,準々決勝,QF,東海大甲府,2422,山梨,関東,2,東海大相模,2773,神奈川,関東,1,1,1,サヨナラ,0,v1_3_workcopy.xlsx
2020,秋季地区,関東,11,準々決勝,QF,常総学院,4225,茨城,関東,9,木更津総合,2775,千葉,関東,1,1,8,,0,v1_3_workcopy.xlsx
2020,秋季地区,関東,12,準 決 勝,SF,健大高崎,4784,群馬,関東,9,専大松戸,2480,千葉,関東,2,1,7,7回コールド,0,v1_3_workcopy.xlsx
2020,秋季地区,関東,13,準 決 勝,SF,常総学院,4225,茨城,関東,10,東海大甲府,2422,山梨,関東,0,1,10,6回コールド,0,v1_3_workcopy.xlsx
2020,秋季地区,関東,14, 決  勝,F,健大高崎,4784,群馬,関東,9,常総学院,4225,茨城,関東,7,1,2,延長11回,0,v1_3_workcopy.xlsx
2020,秋季地区,東京,1,１ 回 戦,1R,佼成学園,2333,東京,東京,10,小平西,4406,東京,東京,0,1,10,5回コールド,0,v1_3_workcopy.xlsx
2020,秋季地区,東京,2,１ 回 戦,1R,共栄学園,4839,東京,東京,7,専大付,728,東京,東京,5,1,2,延長13回、タイブレーク,0,v1_3_workcopy.xlsx
2020,秋季地区,東京,3,１ 回 戦,1R,郁文館,732,東京,東京,11,駒場学園,1563,東京,東京,0,1,11,5回コールド,0,v1_3_workcopy.xlsx
2020,秋季地区,東京,4,１ 回 戦,1R,錦城学園,84,東京,東京,3,東京成徳大高,4751,東京,東京,1,1,2,,0,v1_3_workcopy.xlsx
2020,秋季地区,東京,5,１ 回 戦,1R,二松学舎大付,2380,東京,東京,6,成立学園,729,東京,東京,4,1,2,サヨナラ,0,v1_3_workcopy.xlsx
2020,秋季地区,東京,6,１ 回 戦,1R,帝京,1297,東京,東京,4,堀越,2372,東京,東京,2,1,2,,0,v1_3_workcopy.xlsx
2020,秋季地区,東京,7,１ 回 戦,1R,日大豊山,1322,東京,東京,9,江戸川,1378,東京,東京,0,1,9,7回コールド,0,v1_3_workcopy.xlsx
2020,秋季地区,東京,8,１ 回 戦,1R,大森学園,1342,東京,東京,9,海城,1560,東京,東京,1,1,8,,0,v1_3_workcopy.xlsx
2020,秋季地区,東京,9,１ 回 戦,1R,小山台,1326,東京,東京,11,青山学院,126,東京,東京,0,1,11,5回コールド,0,v1_3_workcopy.xlsx
2020,秋季地区,東京,10,１ 回 戦,1R,千歳丘,2095,東京,東京,6,東洋,186,東京,東京,5,1,1,,0,v1_3_workcopy.xlsx
2020,秋季地区,東京,11,１ 回 戦,1R,早稲田実,14,東京,東京,9,修徳,2197,東京,東京,2,1,7,7回コールド,0,v1_3_workcopy.xlsx
2020,秋季地区,東京,12,１ 回 戦,1R,明大中野八王子,4335,東京,東京,8,東京実,884,東京,東京,1,1,7,7回コールド,0,v1_3_workcopy.xlsx
2020,秋季地区,東京,13,１ 回 戦,1R,岩倉,1907,東京,東京,5,豊多摩,1267,東京,東京,2,1,3,,0,v1_3_workcopy.xlsx
2020,秋季地区,東京,14,１ 回 戦,1R,創価,3204,東京,東京,10,文京,1558,東京,東京,0,1,10,5回コールド,0,v1_3_workcopy.xlsx
2020,秋季地区,東京,15,１ 回 戦,1R,上野学園,4889,東京,東京,6,成瀬,3731,東京,東京,4,1,2,,0,v1_3_workcopy.xlsx
2020,秋季地区,東京,16,１ 回 戦,1R,桜美林,2059,東京,東京,1,啓明学園,4590,東京,東京,0,1,1,,0,v1_3_workcopy.xlsx
2020,秋季地区,東京,17,１ 回 戦,1R,日大三,171,東京,東京,13,明法,2958,東京,東京,3,1,10,5回コールド,0,v1_3_workcopy.xlsx
2020,秋季地区,東京,18,１ 回 戦,1R,小松川,3459,東京,東京,11,松原,4653,東京,東京,1,1,10,6回コールド,0,v1_3_workcopy.xlsx
2020,秋季地区,東京,19,１ 回 戦,1R,東海大菅生,4104,東京,東京,15,本郷,1269,東京,東京,1,1,14,5回コールド,0,v1_3_workcopy.xlsx
2020,秋季地区,東京,20,１ 回 戦,1R,目黒日大,4924,東京,東京,6,日野台,4010,東京,東京,4,1,2,,0,v1_3_workcopy.xlsx
2020,秋季地区,東京,21,１ 回 戦,1R,早大学院,1953,東京,東京,6,小平,4555,東京,東京,1,1,5,,0,v1_3_workcopy.xlsx
2020,秋季地区,東京,22,１ 回 戦,1R,東亜学園,2555,東京,東京,9,八王子北,4249,東京,東京,8,1,1,,0,v1_3_workcopy.xlsx
2020,秋季地区,東京,23,１ 回 戦,1R,八王子,1544,東京,東京,11,富士森,2838,東京,東京,3,1,8,,0,v1_3_workcopy.xlsx
2020,秋季地区,東京,24,１ 回 戦,1R,日大鶴ヶ丘,1524,東京,東京,1,東大和,3205,東京,東京,0,1,1,サヨナラ,0,v1_3_workcopy.xlsx
2020,秋季地区,東京,25,１ 回 戦,1R,東海大高輪台,3024,東京,東京,11,実践学園,2389,東京,東京,4,1,7,7回コールド,0,v1_3_workcopy.xlsx
2020,秋季地区,東京,26,１ 回 戦,1R,日野,3129,東京,東京,13,駒込学園,2222,東京,東京,2,1,11,8回コールド,0,v1_3_workcopy.xlsx
2020,秋季地区,東京,27,１ 回 戦,1R,城北,2256,東京,東京,18,国学院久我山,1299,東京,東京,17,1,1,,0,v1_3_workcopy.xlsx
2020,秋季地区,東京,28,１ 回 戦,1R,関東一,761,東京,東京,5,駒大高,1915,東京,東京,3,1,2,,0,v1_3_workcopy.xlsx
2020,秋季地区,東京,29,１ 回 戦,1R,日本学園,70,東京,東京,2,立正大立正,731,東京,東京,0,1,2,,0,v1_3_workcopy.xlsx
2020,秋季地区,東京,30,１ 回 戦,1R,城西,2334,東京,東京,4,世田谷学園,911,東京,東京,1,1,3,,0,v1_3_workcopy.xlsx
2020,秋季地区,東京,31,１ 回 戦,1R,日大二,644,東京,東京,12,目白研心,714,東京,東京,10,1,2,,0,v1_3_workcopy.xlsx
2020,秋季地区,東京,32,１ 回 戦,1R,国士舘,1525,東京,東京,12,立教池袋,4726,東京,東京,2,1,10,5回コールド,0,v1_3_workcopy.xlsx
2020,秋季地区,東京,33,２ 回 戦,2R,佼成学園,2333,東京,東京,32,小松川,3459,東京,東京,0,1,32,5回コールド,0,v1_3_workcopy.xlsx
2020,秋季地区,東京,34,２ 回 戦,2R,早稲田実,14,東京,東京,6,郁文館,732,東京,東京,2,1,4,,0,v1_3_workcopy.xlsx
2020,秋季地区,東京,35,２ 回 戦,2R,創価,3204,東京,東京,7,共栄学園,4839,東京,東京,0,1,7,7回コールド,0,v1_3_workcopy.xlsx
2020,秋季地区,東京,36,２ 回 戦,2R,日大三,171,東京,東京,10,千歳丘,2095,東京,東京,0,1,10,5回コールド,0,v1_3_workcopy.xlsx
2020,秋季地区,東京,37,２ 回 戦,2R,二松学舎大付,2380,東京,東京,9,岩倉,1907,東京,東京,1,1,8,7回コールド,0,v1_3_workcopy.xlsx
2020,秋季地区,東京,38,２ 回 戦,2R,大森学園,1342,東京,東京,9,上野学園,4889,東京,東京,1,1,8,7回コールド,0,v1_3_workcopy.xlsx
2020,秋季地区,東京,39,２ 回 戦,2R,日大豊山,1322,東京,東京,4,明大中野八王子,4335,東京,東京,3,1,1,,0,v1_3_workcopy.xlsx
2020,秋季地区,東京,40,２ 回 戦,2R,小山台,1326,東京,東京,10,帝京,1297,東京,東京,0,1,10,6回コールド,0,v1_3_workcopy.xlsx
2020,秋季地区,東京,41,２ 回 戦,2R,東海大菅生,4104,東京,東京,10,目黒日大,4924,東京,東京,0,1,10,5回コールド,0,v1_3_workcopy.xlsx
2020,秋季地区,東京,42,２ 回 戦,2R,日大二,644,東京,東京,9,早大学院,1953,東京,東京,3,1,6,,0,v1_3_workcopy.xlsx
2020,秋季地区,東京,43,２ 回 戦,2R,八王子,1544,東京,東京,2,国士舘,1525,東京,東京,1,1,1,サヨナラ,0,v1_3_workcopy.xlsx
2020,秋季地区,東京,44,２ 回 戦,2R,日野,3129,東京,東京,3,城西,2334,東京,東京,2,1,1,延長10回サヨナラ,0,v1_3_workcopy.xlsx
2020,秋季地区,東京,45,２ 回 戦,2R,桜美林,2059,東京,東京,1,錦城学園,84,東京,東京,0,1,1,,0,v1_3_workcopy.xlsx
2020,秋季地区,東京,46,２ 回 戦,2R,日本学園,70,東京,東京,12,東亜学園,2555,東京,東京,7,1,5,,0,v1_3_workcopy.xlsx
2020,秋季地区,東京,47,２ 回 戦,2R,日大鶴ヶ丘,1524,東京,東京,14,東海大高輪台,3024,東京,東京,6,1,8,8回コールド,0,v1_3_workcopy.xlsx
2020,秋季地区,東京,48,２ 回 戦,2R,関東一,761,東京,東京,5,城北,2256,東京,東京,0,1,5,,0,v1_3_workcopy.xlsx
2020,秋季地区,東京,49,３ 回 戦,3R,東海大菅生,4104,東京,東京,10,桜美林,2059,東京,東京,2,1,8,8回コールド,0,v1_3_workcopy.xlsx
2020,秋季地区,東京,50,３ 回 戦,3R,日大二,644,東京,東京,16,日本学園,70,東京,東京,0,1,16,6回コールド,0,v1_3_workcopy.xlsx
2020,秋季地区,東京,51,３ 回 戦,3R,八王子,1544,東京,東京,3,日大鶴ヶ丘,1524,東京,東京,1,1,2,,0,v1_3_workcopy.xlsx
2020,秋季地区,東京,52,３ 回 戦,3R,関東一,761,東京,東京,4,日野,3129,東京,東京,1,1,3,,0,v1_3_workcopy.xlsx
2020,秋季地区,東京,53,３ 回 戦,3R,二松学舎大付,2380,東京,東京,12,佼成学園,2333,東京,東京,0,1,12,5回コールド,0,v1_3_workcopy.xlsx
2020,秋季地区,東京,54,３ 回 戦,3R,早稲田実,14,東京,東京,7,大森学園,1342,東京,東京,1,1,6,,0,v1_3_workcopy.xlsx
2020,秋季地区,東京,55,３ 回 戦,3R,日大豊山,1322,東京,東京,4,創価,3204,東京,東京,2,1,2,,0,v1_3_workcopy.xlsx
2020,秋季地区,東京,56,３ 回 戦,3R,日大三,171,東京,東京,1,小山台,1326,東京,東京,0,1,1,,0,v1_3_workcopy.xlsx
2020,秋季地区,東京,57,準々決勝,QF,日大三,171,東京,東京,6,日大豊山,1322,東京,東京,2,1,4,,0,v1_3_workcopy.xlsx
2020,秋季地区,東京,58,準々決勝,QF,二松学舎大付,2380,東京,東京,6,早稲田実,14,東京,東京,4,1,2,,0,v1_3_workcopy.xlsx
2020,秋季地区,東京,59,準々決勝,QF,関東一,761,東京,東京,7,八王子,1544,東京,東京,0,1,7,7回コールド,0,v1_3_workcopy.xlsx
2020,秋季地区,東京,60,準々決勝,QF,東海大菅生,4104,東京,東京,5,日大二,644,東京,東京,1,1,4,,0,v1_3_workcopy.xlsx
2020,秋季地区,東京,61,準 決 勝,SF,東海大菅生,4104,東京,東京,7,関東一,761,東京,東京,5,1,2,,0,v1_3_workcopy.xlsx
2020,秋季地区,東京,62,準 決 勝,SF,日大三,171,東京,東京,3,二松学舎大付,2380,東京,東京,2,1,1,,0,v1_3_workcopy.xlsx
2020,秋季地区,東京,63, 決  勝,F,東海大菅生,4104,東京,東京,6,日大三,171,東京,東京,1,1,5,,0,v1_3_workcopy.xlsx
2020,秋季地区,北信越,1,１ 回 戦,1R,東京都市大塩尻,2645,長野,北信越,9,加茂暁星,2399,新潟,北信越,3,1,6,,0,v1_3_workcopy.xlsx
2020,秋季地区,北信越,2,１ 回 戦,1R,佐久長聖,2895,長野,北信越,11,北陸,476,福井,北信越,1,1,10,7回コールド,0,v1_3_workcopy.xlsx
2020,秋季地区,北信越,3,１ 回 戦,1R,関根学園,2579,新潟,北信越,9,新湊,758,富山,北信越,2,1,7,8回コールド,0,v1_3_workcopy.xlsx
2020,秋季地区,北信越,4,１ 回 戦,1R,星稜,2627,石川,北信越,17,富山商,252,富山,北信越,0,1,17,6回コールド,0,v1_3_workcopy.xlsx
2020,秋季地区,北信越,5,１ 回 戦,1R,新潟明訓,1526,新潟,北信越,5,小松大谷,2791,石川,北信越,3,1,2,,0,v1_3_workcopy.xlsx
2020,秋季地区,北信越,6,１ 回 戦,1R,上田西,2519,長野,北信越,10,福井商,380,福井,北信越,1,1,9,7回コールド,0,v1_3_workcopy.xlsx
2020,秋季地区,北信越,7,１ 回 戦,1R,日本航空石川,4805,石川,北信越,11,高岡商,425,富山,北信越,1,1,10,5回コールド,0,v1_3_workcopy.xlsx
2020,秋季地区,北信越,8,１ 回 戦,1R,敦賀気比,4446,福井,北信越,5,富山北部・水橋,1291,富山,北信越,0,1,5,,0,v1_3_workcopy.xlsx
2020,秋季地区,北信越,8,１ 回 戦,1R,敦賀気比,4446,福井,北信越,5,富山北部・水橋,1291,富山,北信越,0,1,5,,0,v1_3_workcopy.xlsx
2020,秋季地区,北信越,8,１ 回 戦,1R,敦賀気比,4446,福井,北信越,5,富山北部・水橋,4136,富山,北信越,0,1,5,,0,v1_3_workcopy.xlsx
2020,秋季地区,北信越,8,１ 回 戦,1R,敦賀気比,4446,福井,北信越,5,富山北部・水橋,4136,富山,北信越,0,1,5,,0,v1_3_workcopy.xlsx
2020,秋季地区,北信越,9,準々決勝,QF,星稜,2627,石川,北信越,9,東京都市大塩尻,2645,長野,北信越,2,1,7,8回コールド,0,v1_3_workcopy.xlsx
2020,秋季地区,北信越,10,準々決勝,QF,上田西,2519,長野,北信越,10,日本航空石川,4805,石川,北信越,3,1,7,8回コールド,0,v1_3_workcopy.xlsx
2020,秋季地区,北信越,11,準々決勝,QF,関根学園,2579,新潟,北信越,7,佐久長聖,2895,長野,北信越,5,1,2,,0,v1_3_workcopy.xlsx
2020,秋季地区,北信越,12,準々決勝,QF,敦賀気比,4446,福井,北信越,7,新潟明訓,1526,新潟,北信越,4,1,3,延長10回,0,v1_3_workcopy.xlsx
2020,秋季地区,北信越,13,準 決 勝,SF,敦賀気比,4446,福井,北信越,5,関根学園,2579,新潟,北信越,4,1,1,延長10回サヨナラ,0,v1_3_workcopy.xlsx
2020,秋季地区,北信越,14,準 決 勝,SF,上田西,2519,長野,北信越,5,星稜,2627,石川,北信越,4,1,1,,0,v1_3_workcopy.xlsx
2020,秋季地区,北信越,15, 決  勝,F,敦賀気比,4446,福井,北信越,16,上田西,2519,長野,北信越,5,1,11,,0,v1_3_workcopy.xlsx
2020,秋季地区,東海,1,１ 回 戦,1R,東邦,641,愛知,東海,5,加藤学園,4654,静岡,東海,4,1,1,,0,v1_3_workcopy.xlsx
2020,秋季地区,東海,2,１ 回 戦,1R,至学館,4857,愛知,東海,6,大垣商,393,岐阜,東海,4,1,2,,0,v1_3_workcopy.xlsx
2020,秋季地区,東海,3,１ 回 戦,1R,海星,2058,三重,東海,7,常葉大菊川,4105,静岡,東海,6,1,1,,0,v1_3_workcopy.xlsx
2020,秋季地区,東海,4,１ 回 戦,1R,岐阜第一,2332,岐阜,東海,9,松阪商,389,三重,東海,5,1,4,,0,v1_3_workcopy.xlsx
2020,秋季地区,東海,5,準々決勝,QF,岐阜第一,2332,岐阜,東海,3,藤枝明誠,4310,静岡,東海,2,1,1,,0,v1_3_workcopy.xlsx
2020,秋季地区,東海,6,準々決勝,QF,県岐阜商,459,岐阜,東海,7,東邦,641,愛知,東海,0,1,7,8回コールド,0,v1_3_workcopy.xlsx
2020,秋季地区,東海,7,準々決勝,QF,三重,2507,三重,東海,7,至学館,4857,愛知,東海,0,1,7,8回コールド,0,v1_3_workcopy.xlsx
2020,秋季地区,東海,8,準々決勝,QF,中京大中京,377,愛知,東海,7,海星,2058,三重,東海,0,1,7,7回コールド,0,v1_3_workcopy.xlsx
2020,秋季地区,東海,9,準 決 勝,SF,中京大中京,377,愛知,東海,7,三重,2507,三重,東海,0,1,7,7回コールド,0,v1_3_workcopy.xlsx
2020,秋季地区,東海,10,準 決 勝,SF,県岐阜商,459,岐阜,東海,6,岐阜第一,2332,岐阜,東海,0,1,6,,0,v1_3_workcopy.xlsx
2020,秋季地区,東海,11, 決  勝,F,中京大中京,377,愛知,東海,7,県岐阜商,459,岐阜,東海,6,1,1,サヨナラ,0,v1_3_workcopy.xlsx
2020,秋季地区,近畿,1,１ 回 戦,1R,市和歌山,2331,和歌山,近畿,2,東播磨,3323,兵庫,近畿,1,1,1,,0,v1_3_workcopy.xlsx
2020,秋季地区,近畿,2,１ 回 戦,1R,龍谷大平安,97,京都,近畿,4,山田,4222,大阪,近畿,1,1,3,,0,v1_3_workcopy.xlsx
2020,秋季地区,近畿,3,１ 回 戦,1R,智弁学園,3009,奈良,近畿,9,滋賀学園,4703,滋賀,近畿,8,1,1,延長10回サヨナラ,0,v1_3_workcopy.xlsx
2020,秋季地区,近畿,4,１ 回 戦,1R,智弁和歌山,3732,和歌山,近畿,8,東海大仰星,4229,大阪,近畿,1,1,7,7回コールド,0,v1_3_workcopy.xlsx
2020,秋季地区,近畿,5,１ 回 戦,1R,京都国際,4707,京都,近畿,4,和歌山東,4903,和歌山,近畿,3,1,1,,0,v1_3_workcopy.xlsx
2020,秋季地区,近畿,6,１ 回 戦,1R,神戸国際大付,2799,兵庫,近畿,5,近江,2335,滋賀,近畿,2,1,3,,0,v1_3_workcopy.xlsx
2020,秋季地区,近畿,7,１ 回 戦,1R,天理,848,奈良,近畿,2,乙訓,2905,京都,近畿,1,1,1,,0,v1_3_workcopy.xlsx
2020,秋季地区,近畿,8,１ 回 戦,1R,大阪桐蔭,4498,大阪,近畿,8,長田,445,兵庫,近畿,0,1,8,7回コールド,0,v1_3_workcopy.xlsx
2020,秋季地区,近畿,9,準々決勝,QF,智弁学園,3009,奈良,近畿,8,龍谷大平安,97,京都,近畿,3,1,5,,0,v1_3_workcopy.xlsx
2020,秋季地区,近畿,10,準々決勝,QF,大阪桐蔭,4498,大阪,近畿,11,天理,848,奈良,近畿,4,1,7,7回コールド,0,v1_3_workcopy.xlsx
2020,秋季地区,近畿,11,準々決勝,QF,京都国際,4707,京都,近畿,6,神戸国際大付,2799,兵庫,近畿,5,1,1,,0,v1_3_workcopy.xlsx
2020,秋季地区,近畿,12,準々決勝,QF,市和歌山,2331,和歌山,近畿,2,智弁和歌山,3732,和歌山,近畿,0,1,2,,0,v1_3_workcopy.xlsx
2020,秋季地区,近畿,13,準 決 勝,SF,智弁学園,3009,奈良,近畿,4,市和歌山,2331,和歌山,近畿,1,1,3,,0,v1_3_workcopy.xlsx
2020,秋季地区,近畿,14,準 決 勝,SF,大阪桐蔭,4498,大阪,近畿,12,京都国際,4707,京都,近畿,5,1,7,7回コールド,0,v1_3_workcopy.xlsx
2020,秋季地区,近畿,15, 決  勝,F,智弁学園,3009,奈良,近畿,7,大阪桐蔭,4498,大阪,近畿,3,1,4,,0,v1_3_workcopy.xlsx
2020,秋季地区,中国,1,１ 回 戦,1R,鳥取城北,3124,鳥取,中国,7,浜田,108,島根,中国,4,1,3,,0,v1_3_workcopy.xlsx
2020,秋季地区,中国,2,１ 回 戦,1R,下関国際,2930,山口,中国,8,西条農,1910,広島,中国,1,1,7,7回コールド,0,v1_3_workcopy.xlsx
2020,秋季地区,中国,3,１ 回 戦,1R,岡山学芸館,3161,岡山,中国,11,石見智翠館,3013,島根,中国,7,1,4,,0,v1_3_workcopy.xlsx
2020,秋季地区,中国,4,１ 回 戦,1R,宇部鴻城,2800,山口,中国,7,創志学園,4917,岡山,中国,2,1,5,,0,v1_3_workcopy.xlsx
2020,秋季地区,中国,5,１ 回 戦,1R,米子東,40,鳥取,中国,3,立正大淞南,2516,島根,中国,2,1,1,延長11回サヨナラ,0,v1_3_workcopy.xlsx
2020,秋季地区,中国,6,１ 回 戦,1R,桜ヶ丘,2204,山口,中国,5,矢上,4529,島根,中国,3,1,2,,0,v1_3_workcopy.xlsx
2020,秋季地区,中国,7,１ 回 戦,1R,盈進,524,広島,中国,7,関西,47,岡山,中国,6,1,1,延長13回、タイブレーク,0,v1_3_workcopy.xlsx
2020,秋季地区,中国,8,１ 回 戦,1R,広島新庄,780,広島,中国,10,鳥取西,20,鳥取,中国,0,1,10,5回コールド,0,v1_3_workcopy.xlsx
2020,秋季地区,中国,9,準々決勝,QF,米子東,40,鳥取,中国,10,盈進,524,広島,中国,8,1,2,延長11回,0,v1_3_workcopy.xlsx
2020,秋季地区,中国,10,準々決勝,QF,広島新庄,780,広島,中国,3,桜ヶ丘,2204,山口,中国,2,1,1,,0,v1_3_workcopy.xlsx
2020,秋季地区,中国,11,準々決勝,QF,下関国際,2930,山口,中国,5,岡山学芸館,3161,岡山,中国,1,1,4,,0,v1_3_workcopy.xlsx
2020,秋季地区,中国,12,準々決勝,QF,鳥取城北,3124,鳥取,中国,7,宇部鴻城,2800,山口,中国,4,1,3,サヨナラ,0,v1_3_workcopy.xlsx
2020,秋季地区,中国,13,準 決 勝,SF,下関国際,2930,山口,中国,12,米子東,40,鳥取,中国,0,1,12,7回コールド,0,v1_3_workcopy.xlsx
2020,秋季地区,中国,14,準 決 勝,SF,広島新庄,780,広島,中国,4,鳥取城北,3124,鳥取,中国,3,1,1,,0,v1_3_workcopy.xlsx
2020,秋季地区,中国,15, 決  勝,F,広島新庄,780,広島,中国,3,下関国際,2930,山口,中国,2,1,1,,0,v1_3_workcopy.xlsx
2020,秋季地区,四国,1,１ 回 戦,1R,英明,4840,香川,四国,7,徳島北,4673,徳島,四国,0,1,7,8回コールド,0,v1_3_workcopy.xlsx
2020,秋季地区,四国,2,１ 回 戦,1R,高松商,28,香川,四国,5,高知,643,高知,四国,2,1,3,,0,v1_3_workcopy.xlsx
2020,秋季地区,四国,3,１ 回 戦,1R,小松,968,愛媛,四国,6,鳴門渦潮,2629,徳島,四国,2,1,4,,0,v1_3_workcopy.xlsx
2020,秋季地区,四国,4,１ 回 戦,1R,高知中央,3064,高知,四国,5,松山城南,2412,愛媛,四国,0,1,5,,0,v1_3_workcopy.xlsx
2020,秋季地区,四国,5,準々決勝,QF,明徳義塾,3461,高知,四国,5,英明,4840,香川,四国,0,1,5,,0,v1_3_workcopy.xlsx
2020,秋季地区,四国,6,準々決勝,QF,聖カタリナ,4985,愛媛,四国,4,高松商,28,香川,四国,1,1,3,,0,v1_3_workcopy.xlsx
2020,秋季地区,四国,7,準々決勝,QF,鳴門,44,徳島,四国,8,高知中央,3064,高知,四国,4,1,4,,0,v1_3_workcopy.xlsx
2020,秋季地区,四国,8,準々決勝,QF,小松,968,愛媛,四国,3,寒川,3372,香川,四国,2,1,1,,0,v1_3_workcopy.xlsx
2020,秋季地区,四国,9,準 決 勝,SF,明徳義塾,3461,高知,四国,9,鳴門,44,徳島,四国,2,1,7,7回コールド,0,v1_3_workcopy.xlsx
2020,秋季地区,四国,10,準 決 勝,SF,聖カタリナ,4985,愛媛,四国,3,小松,968,愛媛,四国,2,1,1,延長12回サヨナラ,0,v1_3_workcopy.xlsx
2020,秋季地区,四国,11, 決  勝,F,明徳義塾,3461,高知,四国,5,聖カタリナ,4985,愛媛,四国,1,1,4,,0,v1_3_workcopy.xlsx
2020,秋季地区,九州,1,１ 回 戦,1R,明豊,2152,大分,九州,4,九州国際大付,2553,福岡,九州,1,1,3,,0,v1_3_workcopy.xlsx
2020,秋季地区,九州,2,１ 回 戦,1R,延岡学園,2890,宮崎,九州,6,沖縄尚学,2370,沖縄,九州,5,1,1,延長12回サヨナラ,0,v1_3_workcopy.xlsx
2020,秋季地区,九州,3,１ 回 戦,1R,神村学園,4804,鹿児島,九州,5,唐津商,812,佐賀,九州,1,1,4,,0,v1_3_workcopy.xlsx
2020,秋季地区,九州,4,１ 回 戦,1R,大崎,2517,長崎,九州,9,開新,2312,熊本,九州,2,1,7,8回コールド,0,v1_3_workcopy.xlsx
2020,秋季地区,九州,5,１ 回 戦,1R,宮崎商,564,宮崎,九州,8,長崎日大,3090,長崎,九州,1,1,7,7回コールド,0,v1_3_workcopy.xlsx
2020,秋季地区,九州,6,１ 回 戦,1R,福岡大大濠,2143,福岡,九州,3,大分商,378,大分,九州,1,1,2,,0,v1_3_workcopy.xlsx
2020,秋季地区,九州,7,１ 回 戦,1R,東明館,4519,佐賀,九州,3,樟南,2247,鹿児島,九州,2,1,1,,0,v1_3_workcopy.xlsx
2020,秋季地区,九州,8,１ 回 戦,1R,具志川商,3533,沖縄,九州,4,東海大星翔,2554,熊本,九州,2,1,2,,0,v1_3_workcopy.xlsx
2020,秋季地区,九州,9,準々決勝,QF,明豊,2152,大分,九州,6,神村学園,4804,鹿児島,九州,4,1,2,,0,v1_3_workcopy.xlsx
2020,秋季地区,九州,10,準々決勝,QF,大崎,2517,長崎,九州,3,延岡学園,2890,宮崎,九州,2,1,1,,0,v1_3_workcopy.xlsx
2020,秋季地区,九州,11,準々決勝,QF,福岡大大濠,2143,福岡,九州,3,具志川商,3533,沖縄,九州,0,1,3,,0,v1_3_workcopy.xlsx
2020,秋季地区,九州,12,準々決勝,QF,宮崎商,564,宮崎,九州,9,東明館,4519,佐賀,九州,3,1,6,,0,v1_3_workcopy.xlsx
2020,秋季地区,九州,13,準 決 勝,SF,大崎,2517,長崎,九州,3,明豊,2152,大分,九州,2,1,1,延長12回サヨナラ,0,v1_3_workcopy.xlsx
2020,秋季地区,九州,14,準 決 勝,SF,福岡大大濠,2143,福岡,九州,2,宮崎商,564,宮崎,九州,0,1,2,,0,v1_3_workcopy.xlsx
2020,秋季地区,九州,15, 決  勝,F,大崎,2517,長崎,九州,5,福岡大大濠,2143,福岡,九州,1,1,4,,0,v1_3_workcopy.xlsx
2021,選抜,,1,１ 回 戦,1R,神戸国際大付,2799,兵庫,近畿,3,北海,212,北海道,北海道,2,1,1,延長10回サヨナラ,0,v1_3_workcopy.xlsx
2021,選抜,,2,１ 回 戦,1R,仙台育英,646,宮城,東北,1,明徳義塾,3461,高知,四国,0,1,1,,0,v1_3_workcopy.xlsx
2021,選抜,,3,１ 回 戦,1R,健大高崎,4784,群馬,関東,6,下関国際,2930,山口,中国,2,1,4,,0,v1_3_workcopy.xlsx
2021,選抜,,4,１ 回 戦,1R,天理,848,奈良,近畿,7,宮崎商,564,宮崎,九州,1,1,6,,0,v1_3_workcopy.xlsx
2021,選抜,,5,１ 回 戦,1R,鳥取城北,3124,鳥取,中国,6,三島南,734,静岡,東海,2,1,4,,0,v1_3_workcopy.xlsx
2021,選抜,,6,１ 回 戦,1R,東海大相模,2773,神奈川,関東,3,東海大甲府,2422,山梨,関東,1,1,2,延長11回,0,v1_3_workcopy.xlsx
2021,選抜,,7,１ 回 戦,1R,具志川商,3533,沖縄,九州,8,八戸西,3373,青森,東北,3,1,5,,0,v1_3_workcopy.xlsx
2021,選抜,,8,１ 回 戦,1R,福岡大大濠,2143,福岡,九州,2,大崎,2517,長崎,九州,1,1,1,,0,v1_3_workcopy.xlsx
2021,選抜,,9,１ 回 戦,1R,明豊,2152,大分,九州,10,東播磨,3323,兵庫,近畿,9,1,1,延長11回サヨナラ,0,v1_3_workcopy.xlsx
2021,選抜,,10,１ 回 戦,1R,市和歌山,2331,和歌山,近畿,1,県岐阜商,459,岐阜,東海,0,1,1,サヨナラ,0,v1_3_workcopy.xlsx
2021,選抜,,11,１ 回 戦,1R,智弁学園,3009,奈良,近畿,8,大阪桐蔭,4498,大阪,近畿,6,1,2,,0,v1_3_workcopy.xlsx
2021,選抜,,12,１ 回 戦,1R,広島新庄,780,広島,中国,1,上田西,2519,長野,北信越,0,1,1,延長12回サヨナラ,0,v1_3_workcopy.xlsx
2021,選抜,,13,１ 回 戦,1R,東海大菅生,4104,東京,東京,4,聖カタリナ,4985,愛媛,四国,3,1,1,,0,v1_3_workcopy.xlsx
2021,選抜,,14,１ 回 戦,1R,京都国際,4707,京都,近畿,5,柴田,4401,宮城,東北,4,1,1,延長10回,0,v1_3_workcopy.xlsx
2021,選抜,,15,１ 回 戦,1R,常総学院,4225,茨城,関東,9,敦賀気比,4446,福井,北信越,5,1,4,延長13回、タイブレーク,0,v1_3_workcopy.xlsx
2021,選抜,,16,１ 回 戦,1R,中京大中京,377,愛知,東海,2,専大松戸,2480,千葉,関東,0,1,2,,0,v1_3_workcopy.xlsx
2021,選抜,,17,２ 回 戦,2R,仙台育英,646,宮城,東北,13,神戸国際大付,2799,兵庫,近畿,5,1,8,,0,v1_3_workcopy.xlsx
2021,選抜,,18,２ 回 戦,2R,天理,848,奈良,近畿,4,健大高崎,4784,群馬,関東,0,1,4,,0,v1_3_workcopy.xlsx
2021,選抜,,19,２ 回 戦,2R,東海大相模,2773,神奈川,関東,1,鳥取城北,3124,鳥取,中国,0,1,1,,0,v1_3_workcopy.xlsx
2021,選抜,,20,２ 回 戦,2R,福岡大大濠,2143,福岡,九州,8,具志川商,3533,沖縄,九州,4,1,4,延長11回,0,v1_3_workcopy.xlsx
2021,選抜,,21,２ 回 戦,2R,明豊,2152,大分,九州,2,市和歌山,2331,和歌山,近畿,1,1,1,,0,v1_3_workcopy.xlsx
2021,選抜,,22,２ 回 戦,2R,智弁学園,3009,奈良,近畿,5,広島新庄,780,広島,中国,2,1,3,,0,v1_3_workcopy.xlsx
2021,選抜,,23,２ 回 戦,2R,東海大菅生,4104,東京,東京,5,京都国際,4707,京都,近畿,4,1,1,サヨナラ,0,v1_3_workcopy.xlsx
2021,選抜,,24,２ 回 戦,2R,中京大中京,377,愛知,東海,15,常総学院,4225,茨城,関東,5,1,10,,0,v1_3_workcopy.xlsx
2021,選抜,,25,準々決勝,QF,天理,848,奈良,近畿,10,仙台育英,646,宮城,東北,3,1,7,,0,v1_3_workcopy.xlsx
2021,選抜,,26,準々決勝,QF,東海大相模,2773,神奈川,関東,8,福岡大大濠,2143,福岡,九州,0,1,8,,0,v1_3_workcopy.xlsx
2021,選抜,,27,準々決勝,QF,明豊,2152,大分,九州,6,智弁学園,3009,奈良,近畿,4,1,2,,0,v1_3_workcopy.xlsx
2021,選抜,,28,準々決勝,QF,中京大中京,377,愛知,東海,6,東海大菅生,4104,東京,東京,0,1,6,,0,v1_3_workcopy.xlsx
2021,選抜,,29,準 決 勝,SF,東海大相模,2773,神奈川,関東,2,天理,848,奈良,近畿,0,1,2,,0,v1_3_workcopy.xlsx
2021,選抜,,30,準 決 勝,SF,明豊,2152,大分,九州,5,中京大中京,377,愛知,東海,4,1,1,,0,v1_3_workcopy.xlsx
2021,選抜,,31, 決  勝,F,東海大相模,2773,神奈川,関東,3,明豊,2152,大分,九州,2,1,1,サヨナラ,0,v1_3_workcopy.xlsx
2021,春季地区,北海道,1,１ 回 戦,1R,札幌静修,4738,北海道,北海道,5,釧路北陽,2388,北海道,北海道,3,1,2,,0,v1_3_workcopy.xlsx
2021,春季地区,北海道,2,１ 回 戦,1R,東海大札幌,2889,北海道,北海道,2,駒大苫小牧,2767,北海道,北海道,1,1,1,,0,v1_3_workcopy.xlsx
2021,春季地区,北海道,3,１ 回 戦,1R,北照,399,北海道,北海道,5,士別翔雲,1545,北海道,北海道,1,1,4,,0,v1_3_workcopy.xlsx
2021,春季地区,北海道,4,１ 回 戦,1R,北海道栄,2780,北海道,北海道,6,遠軽,1353,北海道,北海道,5,1,1,延長10回サヨナラ,0,v1_3_workcopy.xlsx
2021,春季地区,北海道,5,１ 回 戦,1R,クラーク国際,4959,北海道,北海道,10,札幌平岸,3875,北海道,北海道,0,1,10,5回コールド,0,v1_3_workcopy.xlsx
2021,春季地区,北海道,6,１ 回 戦,1R,白樺学園,2385,北海道,北海道,6,札幌光星,879,北海道,北海道,4,1,2,,0,v1_3_workcopy.xlsx
2021,春季地区,北海道,7,１ 回 戦,1R,旭川大高,2769,北海道,北海道,5,北海,212,北海道,北海道,4,1,1,サヨナラ,0,v1_3_workcopy.xlsx
2021,春季地区,北海道,8,１ 回 戦,1R,札幌日大,4447,北海道,北海道,7,函館工,789,北海道,北海道,5,1,2,,0,v1_3_workcopy.xlsx
2021,春季地区,北海道,9,準々決勝,QF,札幌静修,4738,北海道,北海道,2,東海大札幌,2889,北海道,北海道,1,1,1,サヨナラ,0,v1_3_workcopy.xlsx
2021,春季地区,北海道,10,準々決勝,QF,北海道栄,2780,北海道,北海道,8,北照,399,北海道,北海道,1,1,7,7回コールド,0,v1_3_workcopy.xlsx
2021,春季地区,北海道,11,準々決勝,QF,クラーク国際,4959,北海道,北海道,3,白樺学園,2385,北海道,北海道,1,1,2,,0,v1_3_workcopy.xlsx
2021,春季地区,北海道,12,準々決勝,QF,札幌日大,4447,北海道,北海道,3,旭川大高,2769,北海道,北海道,2,1,1,サヨナラ,0,v1_3_workcopy.xlsx
2021,春季地区,北海道,13,準 決 勝,SF,北海道栄,2780,北海道,北海道,10,札幌静修,4738,北海道,北海道,0,1,10,6回コールド,0,v1_3_workcopy.xlsx
2021,春季地区,北海道,14,準 決 勝,SF,札幌日大,4447,北海道,北海道,5,クラーク国際,4959,北海道,北海道,3,1,2,延長10回,0,v1_3_workcopy.xlsx
2021,春季地区,北海道,15, 決  勝,F,札幌日大,4447,北海道,北海道,3,北海道栄,2780,北海道,北海道,2,1,1,,0,v1_3_workcopy.xlsx
2021,春季地区,関東,1,１ 回 戦,1R,花咲徳栄,4107,埼玉,関東,10,東海大甲府,2422,山梨,関東,0,1,10,5回コールド,0,v1_3_workcopy.xlsx
2021,春季地区,関東,2,２ 回 戦,2R,日本航空,2559,山梨,関東,5,東海大相模,2773,神奈川,関東,3,1,2,,0,v1_3_workcopy.xlsx
2021,春季地区,関東,3,２ 回 戦,2R,関東学園大付,2425,群馬,関東,8,常磐大高,4757,茨城,関東,4,1,4,,0,v1_3_workcopy.xlsx
2021,春季地区,関東,4,２ 回 戦,2R,関東一,761,東京,東京,3,千葉学芸,4715,千葉,関東,2,1,1,サヨナラ,0,v1_3_workcopy.xlsx
2021,春季地区,関東,5,２ 回 戦,2R,桐光学園,3646,神奈川,関東,13,日大三,171,東京,東京,9,1,4,,0,v1_3_workcopy.xlsx
2021,春季地区,関東,6,２ 回 戦,2R,常総学院,4225,茨城,関東,10,東農大二,2624,群馬,関東,2,1,8,7回コールド,0,v1_3_workcopy.xlsx
2021,春季地区,関東,7,２ 回 戦,2R,専大松戸,2480,千葉,関東,6,駿台甲府,2344,山梨,関東,0,1,6,,0,v1_3_workcopy.xlsx
2021,春季地区,関東,8,２ 回 戦,2R,花咲徳栄,4107,埼玉,関東,7,佐野日大,2964,栃木,関東,4,1,3,,0,v1_3_workcopy.xlsx
2021,春季地区,関東,9,２ 回 戦,2R,浦和学院,3733,埼玉,関東,8,作新学院,387,栃木,関東,1,1,7,7回コールド,0,v1_3_workcopy.xlsx
2021,春季地区,関東,10,準々決勝,QF,桐光学園,3646,神奈川,関東,1,関東学園大付,2425,群馬,関東,0,1,1,,0,v1_3_workcopy.xlsx
2021,春季地区,関東,11,準々決勝,QF,関東一,761,東京,東京,7,日本航空,2559,山梨,関東,3,1,4,,0,v1_3_workcopy.xlsx
2021,春季地区,関東,12,準々決勝,QF,専大松戸,2480,千葉,関東,9,浦和学院,3733,埼玉,関東,5,1,4,,0,v1_3_workcopy.xlsx
2021,春季地区,関東,13,準々決勝,QF,常総学院,4225,茨城,関東,10,花咲徳栄,4107,埼玉,関東,8,1,2,,0,v1_3_workcopy.xlsx
2021,春季地区,関東,14,準 決 勝,SF,専大松戸,2480,千葉,関東,3,桐光学園,3646,神奈川,関東,2,1,1,延長10回サヨナラ,0,v1_3_workcopy.xlsx
2021,春季地区,関東,15,準 決 勝,SF,関東一,761,東京,東京,6,常総学院,4225,茨城,関東,5,1,1,サヨナラ,0,v1_3_workcopy.xlsx
2021,春季地区,関東,16, 決  勝,F,専大松戸,2480,千葉,関東,7,関東一,761,東京,東京,6,1,1,,0,v1_3_workcopy.xlsx
2021,春季地区,北信越,1,準々決勝,QF,新潟産大付,2398,新潟,北信越,3,小松大谷,2791,石川,北信越,2,1,1,,0,v1_3_workcopy.xlsx
2021,春季地区,北信越,2,準々決勝,QF,敦賀気比,4446,福井,北信越,16,新潟,121,新潟,北信越,2,1,14,5回コールド,0,v1_3_workcopy.xlsx
2021,春季地区,北信越,3,準々決勝,QF,松商学園,191,長野,北信越,6,関根学園,2579,新潟,北信越,2,1,4,,0,v1_3_workcopy.xlsx
2021,春季地区,北信越,4,準々決勝,QF,新潟明訓,1526,新潟,北信越,7,高岡第一,2423,富山,北信越,0,1,7,7回コールド,0,v1_3_workcopy.xlsx
2021,春季地区,北信越,5,準 決 勝,SF,敦賀気比,4446,福井,北信越,9,松商学園,191,長野,北信越,8,1,1,サヨナラ,0,v1_3_workcopy.xlsx
2021,春季地区,北信越,6,準 決 勝,SF,新潟明訓,1526,新潟,北信越,7,新潟産大付,2398,新潟,北信越,2,1,5,,0,v1_3_workcopy.xlsx
2021,春季地区,北信越,7, 決  勝,F,敦賀気比,4446,福井,北信越,6,新潟明訓,1526,新潟,北信越,5,1,1,,0,v1_3_workcopy.xlsx
2021,春季地区,東海,1,準々決勝,QF,享栄,639,愛知,東海,8,藤枝明誠,4310,静岡,東海,3,1,5,,0,v1_3_workcopy.xlsx
2021,春季地区,東海,2,準々決勝,QF,掛川西,340,静岡,東海,5,津商,534,三重,東海,1,1,4,,0,v1_3_workcopy.xlsx
2021,春季地区,東海,3,準々決勝,QF,愛工大名電,2306,愛知,東海,6,岐阜第一,2332,岐阜,東海,4,1,2,延長12回,0,v1_3_workcopy.xlsx
2021,春季地区,東海,4,準々決勝,QF,中京,2628,岐阜,東海,11,津田学園,4572,三重,東海,9,1,2,,0,v1_3_workcopy.xlsx
2021,春季地区,東海,5,準 決 勝,SF,享栄,639,愛知,東海,12,中京,2628,岐阜,東海,3,1,9,7回コールド,0,v1_3_workcopy.xlsx
2021,春季地区,東海,6,準 決 勝,SF,掛川西,340,静岡,東海,6,愛工大名電,2306,愛知,東海,1,1,5,,0,v1_3_workcopy.xlsx
2021,春季地区,東海,7, 決  勝,F,掛川西,340,静岡,東海,5,享栄,639,愛知,東海,1,1,4,,0,v1_3_workcopy.xlsx
2021,春季地区,近畿,1,準々決勝,QF,智弁和歌山,3732,和歌山,近畿,1,神港学園,531,兵庫,近畿,0,1,1,,0,v1_3_workcopy.xlsx
2021,春季地区,近畿,2,準々決勝,QF,大阪桐蔭,4498,大阪,近畿,7,綾羽,4704,滋賀,近畿,5,1,2,,0,v1_3_workcopy.xlsx
2021,春季地区,近畿,3,準々決勝,QF,智弁学園,3009,奈良,近畿,15,滋賀学園,4703,滋賀,近畿,0,1,15,6回コールド,0,v1_3_workcopy.xlsx
2021,春季地区,近畿,4,準々決勝,QF,京都国際,4707,京都,近畿,9,立命館守山,4982,滋賀,近畿,1,1,8,7回コールド,0,v1_3_workcopy.xlsx
2021,春季地区,近畿,5,準 決 勝,SF,大阪桐蔭,4498,大阪,近畿,3,智弁和歌山,3732,和歌山,近畿,2,1,1,サヨナラ,0,v1_3_workcopy.xlsx
2021,春季地区,近畿,6,準 決 勝,SF,智弁学園,3009,奈良,近畿,4,京都国際,4707,京都,近畿,2,1,2,,0,v1_3_workcopy.xlsx
2021,春季地区,近畿,7, 決  勝,F,大阪桐蔭,4498,大阪,近畿,4,智弁学園,3009,奈良,近畿,2,1,2,延長10回サヨナラ,0,v1_3_workcopy.xlsx
2021,春季地区,中国,1,準々決勝,QF,創志学園,4917,岡山,中国,9,鳥取城北,3124,鳥取,中国,2,1,7,7回コールド,0,v1_3_workcopy.xlsx
2021,春季地区,中国,2,準々決勝,QF,広島新庄,780,広島,中国,2,米子東,40,鳥取,中国,1,1,1,サヨナラ,0,v1_3_workcopy.xlsx
2021,春季地区,中国,3,準々決勝,QF,下関国際,2930,山口,中国,7,米子松蔭,3016,鳥取,中国,0,1,7,8回コールド,0,v1_3_workcopy.xlsx
2021,春季地区,中国,4,準々決勝,QF,立正大淞南,2516,島根,中国,9,鳥取商,763,鳥取,中国,1,1,8,8回コールド,0,v1_3_workcopy.xlsx
2021,春季地区,中国,5,準 決 勝,SF,創志学園,4917,岡山,中国,7,広島新庄,780,広島,中国,0,1,7,7回コールド,0,v1_3_workcopy.xlsx
2021,春季地区,中国,6,準 決 勝,SF,下関国際,2930,山口,中国,8,立正大淞南,2516,島根,中国,2,1,6,,0,v1_3_workcopy.xlsx
2021,春季地区,中国,7, 決  勝,F,創志学園,4917,岡山,中国,5,下関国際,2930,山口,中国,0,1,5,,0,v1_3_workcopy.xlsx
2021,春季地区,四国,1,準々決勝,QF,新田,1313,愛媛,四国,6,徳島商,43,徳島,四国,4,1,2,,0,v1_3_workcopy.xlsx
2021,春季地区,四国,2,準々決勝,QF,高知,643,高知,四国,3,鳴門,44,徳島,四国,2,1,1,,0,v1_3_workcopy.xlsx
2021,春季地区,四国,3,準々決勝,QF,明徳義塾,3461,高知,四国,12,藤井,3279,香川,四国,4,1,8,7回コールド,0,v1_3_workcopy.xlsx
2021,春季地区,四国,4,準々決勝,QF,聖カタリナ,4985,愛媛,四国,9,英明,4840,香川,四国,4,1,5,,0,v1_3_workcopy.xlsx
2021,春季地区,四国,5,準 決 勝,SF,高知,643,高知,四国,8,聖カタリナ,4985,愛媛,四国,1,1,7,8回コールド,0,v1_3_workcopy.xlsx
2021,春季地区,四国,6,準 決 勝,SF,明徳義塾,3461,高知,四国,3,新田,1313,愛媛,四国,0,1,3,,0,v1_3_workcopy.xlsx
2021,春季地区,四国,7, 決  勝,F,高知,643,高知,四国,6,明徳義塾,3461,高知,四国,2,1,4,,0,v1_3_workcopy.xlsx
2021,春季地区,九州,1,１ 回 戦,1R,津久見,1276,大分,九州,4,鹿屋中央,3165,鹿児島,九州,1,1,3,,0,v1_3_workcopy.xlsx
2021,春季地区,九州,2,１ 回 戦,1R,藤蔭,3943,大分,九州,8,東福岡,2469,福岡,九州,5,1,3,,0,v1_3_workcopy.xlsx
2021,春季地区,九州,3,１ 回 戦,1R,柳ヶ浦,2962,大分,九州,2,真颯館,2374,福岡,九州,0,1,2,,0,v1_3_workcopy.xlsx
2021,春季地区,九州,4,２ 回 戦,2R,興南,2550,沖縄,九州,8,大崎,2517,長崎,九州,2,1,6,,0,v1_3_workcopy.xlsx
2021,春季地区,九州,5,２ 回 戦,2R,具志川商,3533,沖縄,九州,3,東明館,4519,佐賀,九州,0,1,3,,0,v1_3_workcopy.xlsx
2021,春季地区,九州,6,２ 回 戦,2R,明豊,2152,大分,九州,12,日南学園,3018,宮崎,九州,1,1,11,6回コールド,0,v1_3_workcopy.xlsx
2021,春季地区,九州,7,２ 回 戦,2R,福岡大大濠,2143,福岡,九州,2,津久見,1276,大分,九州,1,1,1,延長13回サヨナラ,0,v1_3_workcopy.xlsx
2021,春季地区,九州,8,２ 回 戦,2R,長崎商,243,長崎,九州,4,柳ヶ浦,2962,大分,九州,0,1,4,,0,v1_3_workcopy.xlsx
2021,春季地区,九州,9,２ 回 戦,2R,九州国際大付,2553,福岡,九州,2,大分舞鶴,2155,大分,九州,0,1,2,,0,v1_3_workcopy.xlsx
2021,春季地区,九州,10,２ 回 戦,2R,宮崎商,564,宮崎,九州,7,東海大星翔,2554,熊本,九州,3,1,4,,0,v1_3_workcopy.xlsx
2021,春季地区,九州,11,２ 回 戦,2R,鹿児島実,429,鹿児島,九州,7,藤蔭,3943,大分,九州,3,1,4,,0,v1_3_workcopy.xlsx
2021,春季地区,九州,12,準々決勝,QF,具志川商,3533,沖縄,九州,8,長崎商,243,長崎,九州,4,1,4,,0,v1_3_workcopy.xlsx
2021,春季地区,九州,13,準々決勝,QF,福岡大大濠,2143,福岡,九州,4,明豊,2152,大分,九州,0,1,4,,0,v1_3_workcopy.xlsx
2021,春季地区,九州,14,準々決勝,QF,九州国際大付,2553,福岡,九州,7,宮崎商,564,宮崎,九州,0,1,7,8回コールド,0,v1_3_workcopy.xlsx
2021,春季地区,九州,15,準々決勝,QF,興南,2550,沖縄,九州,4,鹿児島実,429,鹿児島,九州,2,1,2,サヨナラ,0,v1_3_workcopy.xlsx
2021,春季地区,九州,16,準 決 勝,SF,九州国際大付,2553,福岡,九州,2,興南,2550,沖縄,九州,1,1,1,,0,v1_3_workcopy.xlsx
2021,春季地区,九州,17,準 決 勝,SF,具志川商,3533,沖縄,九州,8,福岡大大濠,2143,福岡,九州,0,1,8,7回コールド,0,v1_3_workcopy.xlsx
2021,春季地区,九州,18, 決  勝,F,具志川商,3533,沖縄,九州,3,九州国際大付,2553,福岡,九州,1,1,2,,0,v1_3_workcopy.xlsx
2021,選手権,,1,１ 回 戦,1R,日大山形,2421,山形,東北,4,米子東,40,鳥取,中国,1,1,3,,0,v1_3_workcopy.xlsx
2021,選手権,,2,１ 回 戦,1R,新田,1313,愛媛,四国,4,静岡,162,静岡,東海,2,1,2,,0,v1_3_workcopy.xlsx
2021,選手権,,3,１ 回 戦,1R,日本航空,2559,山梨,関東,4,東明館,4519,佐賀,九州,0,1,4,,0,v1_3_workcopy.xlsx
2021,選手権,,4,１ 回 戦,1R,智弁学園,3009,奈良,近畿,10,倉敷商,792,岡山,中国,3,1,7,,0,v1_3_workcopy.xlsx
2021,選手権,,5,１ 回 戦,1R,横浜,1041,神奈川,関東,3,広島新庄,780,広島,中国,2,1,1,サヨナラ,0,v1_3_workcopy.xlsx
2021,選手権,,6,１ 回 戦,1R,松商学園,191,長野,北信越,17,高岡商,425,富山,北信越,4,1,13,,0,v1_3_workcopy.xlsx
2021,選手権,,7,１ 回 戦,1R,東北学院,274,宮城,東北,5,愛工大名電,2306,愛知,東海,3,1,2,,0,v1_3_workcopy.xlsx
2021,選手権,,8,１ 回 戦,1R,明桜,2201,秋田,東北,4,帯広農,608,北海道,北海道,2,1,2,,0,v1_3_workcopy.xlsx
2021,選手権,,9,１ 回 戦,1R,明徳義塾,3461,高知,四国,3,県岐阜商,459,岐阜,東海,2,1,1,サヨナラ,0,v1_3_workcopy.xlsx
2021,選手権,,10,１ 回 戦,1R,神戸国際大付,2799,兵庫,近畿,2,北海,212,北海道,北海道,1,1,1,,0,v1_3_workcopy.xlsx
2021,選手権,,11,１ 回 戦,1R,高川学園,609,山口,中国,7,小松大谷,2791,石川,北信越,6,1,1,サヨナラ,0,v1_3_workcopy.xlsx
2021,選手権,,12,１ 回 戦,1R,長崎商,243,長崎,九州,8,熊本工,422,熊本,九州,4,1,4,,0,v1_3_workcopy.xlsx
2021,選手権,,13,１ 回 戦,1R,専大松戸,2480,千葉,関東,6,明豊,2152,大分,九州,0,1,6,,0,v1_3_workcopy.xlsx
2021,選手権,,14,１ 回 戦,1R,沖縄尚学,2370,沖縄,九州,8,阿南光,1912,徳島,四国,0,1,8,,0,v1_3_workcopy.xlsx
2021,選手権,,15,１ 回 戦,1R,盛岡大付,3833,岩手,東北,7,鹿島学園,4554,茨城,関東,0,1,7,,0,v1_3_workcopy.xlsx
2021,選手権,,16,１ 回 戦,1R,大阪桐蔭,4498,大阪,近畿,7,東海大菅生,4104,東京,東京,4,1,3,8回表降雨コールド,0,v1_3_workcopy.xlsx
2021,選手権,,17,１ 回 戦,1R,近江,2335,滋賀,近畿,8,日大東北,2145,福島,東北,2,1,6,,0,v1_3_workcopy.xlsx
2021,選手権,,18,２ 回 戦,2R,京都国際,4707,京都,近畿,1,前橋育英,2803,群馬,関東,0,1,1,,0,v1_3_workcopy.xlsx
2021,選手権,,19,２ 回 戦,2R,高松商,28,香川,四国,10,作新学院,387,栃木,関東,7,1,3,,0,v1_3_workcopy.xlsx
2021,選手権,,20,２ 回 戦,2R,智弁和歌山,3732,和歌山,近畿,,宮崎商,564,宮崎,九州,,,,不戦勝,1,v1_3_workcopy.xlsx
2021,選手権,,21,２ 回 戦,2R,二松学舎大付,2380,東京,東京,2,西日本短大付,2635,福岡,九州,0,1,2,,0,v1_3_workcopy.xlsx
2021,選手権,,22,２ 回 戦,2R,三重,2507,三重,東海,2,樟南,2247,鹿児島,九州,0,1,2,,0,v1_3_workcopy.xlsx
2021,選手権,,23,２ 回 戦,2R,敦賀気比,4446,福井,北信越,8,日本文理,4328,新潟,北信越,6,1,2,,0,v1_3_workcopy.xlsx
2021,選手権,,24,２ 回 戦,2R,石見智翠館,3013,島根,中国,4,聖愛,4759,青森,東北,3,1,1,,0,v1_3_workcopy.xlsx
2021,選手権,,25,２ 回 戦,2R,日大山形,2421,山形,東北,4,浦和学院,3733,埼玉,関東,3,1,1,,0,v1_3_workcopy.xlsx
2021,選手権,,26,２ 回 戦,2R,日本航空,2559,山梨,関東,5,新田,1313,愛媛,四国,3,1,2,,0,v1_3_workcopy.xlsx
2021,選手権,,27,２ 回 戦,2R,智弁学園,3009,奈良,近畿,5,横浜,1041,神奈川,関東,0,1,5,,0,v1_3_workcopy.xlsx
2021,選手権,,28,２ 回 戦,2R,松商学園,191,長野,北信越,,東北学院,274,宮城,東北,,,,不戦勝,1,v1_3_workcopy.xlsx
2021,選手権,,29,２ 回 戦,2R,明徳義塾,3461,高知,四国,8,明桜,2201,秋田,東北,2,1,6,,0,v1_3_workcopy.xlsx
2021,選手権,,30,２ 回 戦,2R,神戸国際大付,2799,兵庫,近畿,4,高川学園,609,山口,中国,3,1,1,,0,v1_3_workcopy.xlsx
2021,選手権,,31,２ 回 戦,2R,長崎商,243,長崎,九州,6,専大松戸,2480,千葉,関東,2,1,4,,0,v1_3_workcopy.xlsx
2021,選手権,,32,２ 回 戦,2R,盛岡大付,3833,岩手,東北,4,沖縄尚学,2370,沖縄,九州,0,1,4,,0,v1_3_workcopy.xlsx
2021,選手権,,33,２ 回 戦,2R,近江,2335,滋賀,近畿,6,大阪桐蔭,4498,大阪,近畿,4,1,2,,0,v1_3_workcopy.xlsx
2021,選手権,,34,３ 回 戦,3R,京都国際,4707,京都,近畿,6,二松学舎大付,2380,東京,東京,4,1,2,延長10回,0,v1_3_workcopy.xlsx
2021,選手権,,35,３ 回 戦,3R,智弁和歌山,3732,和歌山,近畿,5,高松商,28,香川,四国,3,1,2,,0,v1_3_workcopy.xlsx
2021,選手権,,36,３ 回 戦,3R,敦賀気比,4446,福井,北信越,6,三重,2507,三重,東海,3,1,3,,0,v1_3_workcopy.xlsx
2021,選手権,,37,３ 回 戦,3R,石見智翠館,3013,島根,中国,5,日大山形,2421,山形,東北,4,1,1,サヨナラ,0,v1_3_workcopy.xlsx
2021,選手権,,38,３ 回 戦,3R,智弁学園,3009,奈良,近畿,7,日本航空,2559,山梨,関東,1,1,6,,0,v1_3_workcopy.xlsx
2021,選手権,,39,３ 回 戦,3R,明徳義塾,3461,高知,四国,2,松商学園,191,長野,北信越,0,1,2,,0,v1_3_workcopy.xlsx
2021,選手権,,40,３ 回 戦,3R,神戸国際大付,2799,兵庫,近畿,6,長崎商,243,長崎,九州,5,1,1,延長10回サヨナラ,0,v1_3_workcopy.xlsx
2021,選手権,,41,３ 回 戦,3R,近江,2335,滋賀,近畿,7,盛岡大付,3833,岩手,東北,4,1,3,,0,v1_3_workcopy.xlsx
2021,選手権,,42,準々決勝,QF,京都国際,4707,京都,近畿,3,敦賀気比,4446,福井,北信越,2,1,1,サヨナラ,0,v1_3_workcopy.xlsx
2021,選手権,,43,準々決勝,QF,智弁和歌山,3732,和歌山,近畿,9,石見智翠館,3013,島根,中国,1,1,8,,0,v1_3_workcopy.xlsx
2021,選手権,,44,準々決勝,QF,智弁学園,3009,奈良,近畿,3,明徳義塾,3461,高知,四国,2,1,1,サヨナラ,0,v1_3_workcopy.xlsx
2021,選手権,,45,準々決勝,QF,近江,2335,滋賀,近畿,7,神戸国際大付,2799,兵庫,近畿,6,1,1,サヨナラ,0,v1_3_workcopy.xlsx
2021,選手権,,46,準 決 勝,SF,智弁和歌山,3732,和歌山,近畿,5,近江,2335,滋賀,近畿,1,1,4,,0,v1_3_workcopy.xlsx
2021,選手権,,47,準 決 勝,SF,智弁学園,3009,奈良,近畿,3,京都国際,4707,京都,近畿,1,1,2,,0,v1_3_workcopy.xlsx
2021,選手権,,48, 決  勝,F,智弁和歌山,3732,和歌山,近畿,9,智弁学園,3009,奈良,近畿,2,1,7,,0,v1_3_workcopy.xlsx
2021,秋季地区,北海道,1,１ 回 戦,1R,クラーク国際,4959,北海道,北海道,4,駒大苫小牧,2767,北海道,北海道,1,1,3,,0,v1_3_workcopy.xlsx
2021,秋季地区,北海道,2,１ 回 戦,1R,滝川西,2426,北海道,北海道,5,苫小牧中央,3503,北海道,北海道,0,1,5,,0,v1_3_workcopy.xlsx
2021,秋季地区,北海道,3,１ 回 戦,1R,札幌国際情報,4639,北海道,北海道,13,遠軽,1353,北海道,北海道,1,1,12,5回コールド,0,v1_3_workcopy.xlsx
2021,秋季地区,北海道,4,１ 回 戦,1R,白樺学園,2385,北海道,北海道,9,帯広工,2786,北海道,北海道,4,1,5,,0,v1_3_workcopy.xlsx
2021,秋季地区,北海道,5,２ 回 戦,2R,旭川実,2513,北海道,北海道,5,函館工,789,北海道,北海道,4,1,1,延長11回サヨナラ,0,v1_3_workcopy.xlsx
2021,秋季地区,北海道,6,２ 回 戦,2R,立命館慶祥,1096,北海道,北海道,3,北照,399,北海道,北海道,1,1,2,延長11回,0,v1_3_workcopy.xlsx
2021,秋季地区,北海道,7,２ 回 戦,2R,東海大札幌,2889,北海道,北海道,10,札幌静修,4738,北海道,北海道,3,1,7,7回コールド,0,v1_3_workcopy.xlsx
2021,秋季地区,北海道,8,２ 回 戦,2R,士別翔雲,1545,北海道,北海道,2,知内,4101,北海道,北海道,1,1,1,サヨナラ,0,v1_3_workcopy.xlsx
2021,秋季地区,北海道,9,２ 回 戦,2R,旭川明成,4690,北海道,北海道,5,滝川西,2426,北海道,北海道,0,1,5,,0,v1_3_workcopy.xlsx
2021,秋季地区,北海道,10,２ 回 戦,2R,クラーク国際,4959,北海道,北海道,6,北海,212,北海道,北海道,2,1,4,,0,v1_3_workcopy.xlsx
2021,秋季地区,北海道,11,２ 回 戦,2R,札幌国際情報,4639,北海道,北海道,15,釧路江南,1893,北海道,北海道,3,1,12,5回コールド,0,v1_3_workcopy.xlsx
2021,秋季地区,北海道,12,２ 回 戦,2R,白樺学園,2385,北海道,北海道,2,札幌第一,2430,北海道,北海道,1,1,1,,0,v1_3_workcopy.xlsx
2021,秋季地区,北海道,13,準々決勝,QF,クラーク国際,4959,北海道,北海道,5,立命館慶祥,1096,北海道,北海道,1,1,4,,0,v1_3_workcopy.xlsx
2021,秋季地区,北海道,14,準々決勝,QF,旭川実,2513,北海道,北海道,3,旭川明成,4690,北海道,北海道,2,1,1,,0,v1_3_workcopy.xlsx
2021,秋季地区,北海道,15,準々決勝,QF,札幌国際情報,4639,北海道,北海道,18,士別翔雲,1545,北海道,北海道,0,1,18,6回コールド,0,v1_3_workcopy.xlsx
2021,秋季地区,北海道,16,準々決勝,QF,東海大札幌,2889,北海道,北海道,6,白樺学園,2385,北海道,北海道,1,1,5,,0,v1_3_workcopy.xlsx
2021,秋季地区,北海道,17,準 決 勝,SF,旭川実,2513,北海道,北海道,4,札幌国際情報,4639,北海道,北海道,3,1,1,,0,v1_3_workcopy.xlsx
2021,秋季地区,北海道,18,準 決 勝,SF,クラーク国際,4959,北海道,北海道,5,東海大札幌,2889,北海道,北海道,1,1,4,,0,v1_3_workcopy.xlsx
2021,秋季地区,北海道,19, 決  勝,F,クラーク国際,4959,北海道,北海道,3,旭川実,2513,北海道,北海道,1,1,2,,0,v1_3_workcopy.xlsx
2021,秋季地区,東北,1,１ 回 戦,1R,盛岡大付,3833,岩手,東北,9,学法石川,796,福島,東北,2,1,7,8回コールド,0,v1_3_workcopy.xlsx
2021,秋季地区,東北,2,１ 回 戦,1R,東奥義塾,604,青森,東北,10,大曲工,2691,秋田,東北,0,1,10,5回コールド,0,v1_3_workcopy.xlsx
2021,秋季地区,東北,3,２ 回 戦,2R,大館桂桜,2254,秋田,東北,6,聖和学園,4841,宮城,東北,4,1,2,,0,v1_3_workcopy.xlsx
2021,秋季地区,東北,4,２ 回 戦,2R,八戸工大一,2510,青森,東北,7,酒田南,2637,山形,東北,0,1,7,7回コールド,0,v1_3_workcopy.xlsx
2021,秋季地区,東北,5,２ 回 戦,2R,聖光学院,2638,福島,東北,3,東奥義塾,604,青森,東北,2,1,1,,0,v1_3_workcopy.xlsx
2021,秋季地区,東北,6,２ 回 戦,2R,能代松陽,910,秋田,東北,11,久慈東,3945,岩手,東北,0,1,11,5回コールド,0,v1_3_workcopy.xlsx
2021,秋季地区,東北,7,２ 回 戦,2R,青森山田,2309,青森,東北,3,鶴岡東,3057,山形,東北,2,1,1,サヨナラ,0,v1_3_workcopy.xlsx
2021,秋季地区,東北,8,２ 回 戦,2R,山形中央,1728,山形,東北,7,東北,291,宮城,東北,2,1,5,,0,v1_3_workcopy.xlsx
2021,秋季地区,東北,9,２ 回 戦,2R,仙台育英,646,宮城,東北,7,盛岡大付,3833,岩手,東北,4,1,3,,0,v1_3_workcopy.xlsx
2021,秋季地区,東北,10,２ 回 戦,2R,花巻東,2305,岩手,東北,11,東日大昌平,4758,福島,東北,1,1,10,6回コールド,0,v1_3_workcopy.xlsx
2021,秋季地区,東北,11,準々決勝,QF,聖光学院,2638,福島,東北,13,能代松陽,910,秋田,東北,1,1,12,5回コールド,0,v1_3_workcopy.xlsx
2021,秋季地区,東北,12,準々決勝,QF,青森山田,2309,青森,東北,4,山形中央,1728,山形,東北,3,1,1,,0,v1_3_workcopy.xlsx
2021,秋季地区,東北,13,準々決勝,QF,八戸工大一,2510,青森,東北,5,大館桂桜,2254,秋田,東北,2,1,3,,0,v1_3_workcopy.xlsx
2021,秋季地区,東北,14,準々決勝,QF,花巻東,2305,岩手,東北,8,仙台育英,646,宮城,東北,2,1,6,,0,v1_3_workcopy.xlsx
2021,秋季地区,東北,15,準 決 勝,SF,聖光学院,2638,福島,東北,5,青森山田,2309,青森,東北,2,1,3,,0,v1_3_workcopy.xlsx
2021,秋季地区,東北,16,準 決 勝,SF,花巻東,2305,岩手,東北,4,八戸工大一,2510,青森,東北,3,1,1,延長10回サヨナラ,0,v1_3_workcopy.xlsx
2021,秋季地区,東北,17, 決  勝,F,花巻東,2305,岩手,東北,4,聖光学院,2638,福島,東北,1,1,3,,0,v1_3_workcopy.xlsx
2021,秋季地区,関東,1,１ 回 戦,1R,白鴎大足利,2509,栃木,関東,9,藤代,3296,茨城,関東,1,1,8,7回コールド,0,v1_3_workcopy.xlsx
2021,秋季地区,関東,2,１ 回 戦,1R,山梨学院,2336,山梨,関東,12,拓大紅陵,3642,千葉,関東,3,1,9,8回コールド,0,v1_3_workcopy.xlsx
2021,秋季地区,関東,3,１ 回 戦,1R,健大高崎,4784,群馬,関東,8,文星芸大付,392,栃木,関東,2,1,6,,0,v1_3_workcopy.xlsx
2021,秋季地区,関東,4,１ 回 戦,1R,桐生第一,4326,群馬,関東,3,土浦日大,2779,茨城,関東,2,1,1,,0,v1_3_workcopy.xlsx
2021,秋季地区,関東,5,１ 回 戦,1R,東海大相模,2773,神奈川,関東,9,花咲徳栄,4107,埼玉,関東,4,1,5,,0,v1_3_workcopy.xlsx
2021,秋季地区,関東,6,１ 回 戦,1R,浦和学院,3733,埼玉,関東,7,向上,2970,神奈川,関東,5,1,2,,0,v1_3_workcopy.xlsx
2021,秋季地区,関東,7,１ 回 戦,1R,木更津総合,2775,千葉,関東,3,帝京三,2564,山梨,関東,0,1,3,,0,v1_3_workcopy.xlsx
2021,秋季地区,関東,8,準々決勝,QF,明秀日立,4652,茨城,関東,11,健大高崎,4784,群馬,関東,4,1,7,,0,v1_3_workcopy.xlsx
2021,秋季地区,関東,9,準々決勝,QF,浦和学院,3733,埼玉,関東,5,桐生第一,4326,群馬,関東,0,1,5,,0,v1_3_workcopy.xlsx
2021,秋季地区,関東,10,準々決勝,QF,山梨学院,2336,山梨,関東,9,白鴎大足利,2509,栃木,関東,0,1,9,7回コールド,0,v1_3_workcopy.xlsx
2021,秋季地区,関東,11,準々決勝,QF,木更津総合,2775,千葉,関東,4,東海大相模,2773,神奈川,関東,1,1,3,,0,v1_3_workcopy.xlsx
2021,秋季地区,関東,12,準 決 勝,SF,明秀日立,4652,茨城,関東,5,木更津総合,2775,千葉,関東,2,1,3,,0,v1_3_workcopy.xlsx
2021,秋季地区,関東,13,準 決 勝,SF,山梨学院,2336,山梨,関東,9,浦和学院,3733,埼玉,関東,2,1,7,延長10回,0,v1_3_workcopy.xlsx
2021,秋季地区,関東,14, 決  勝,F,明秀日立,4652,茨城,関東,9,山梨学院,2336,山梨,関東,7,1,2,,0,v1_3_workcopy.xlsx
2021,秋季地区,東京,1,１ 回 戦,1R,二松学舎大付,2380,東京,東京,12,錦城,1562,東京,東京,2,1,10,8回コールド,0,v1_3_workcopy.xlsx
2021,秋季地区,東京,2,１ 回 戦,1R,早大学院,1953,東京,東京,3,江戸川,1378,東京,東京,2,1,1,延長12回サヨナラ,0,v1_3_workcopy.xlsx
2021,秋季地区,東京,3,１ 回 戦,1R,郁文館,732,東京,東京,4,明星,1559,東京,東京,1,1,3,,0,v1_3_workcopy.xlsx
2021,秋季地区,東京,4,１ 回 戦,1R,安田学園,800,東京,東京,16,東農大一,2348,東京,東京,5,1,11,7回コールド,0,v1_3_workcopy.xlsx
2021,秋季地区,東京,5,１ 回 戦,1R,明大中野八王子,4335,東京,東京,11,東洋,186,東京,東京,4,1,7,,0,v1_3_workcopy.xlsx
2021,秋季地区,東京,6,１ 回 戦,1R,豊南,2342,東京,東京,5,法政大高,894,東京,東京,4,1,1,,0,v1_3_workcopy.xlsx
2021,秋季地区,東京,7,１ 回 戦,1R,国立,1304,東京,東京,5,武蔵村山,3475,東京,東京,3,1,2,,0,v1_3_workcopy.xlsx
2021,秋季地区,東京,8,１ 回 戦,1R,狛江,3291,東京,東京,2,中大杉並,2825,東京,東京,1,1,1,サヨナラ,0,v1_3_workcopy.xlsx
2021,秋季地区,東京,9,１ 回 戦,1R,修徳,2197,東京,東京,9,紅葉川,4396,東京,東京,2,1,7,7回コールド,0,v1_3_workcopy.xlsx
2021,秋季地区,東京,10,１ 回 戦,1R,足立学園,777,東京,東京,7,大島,1952,東京,東京,5,1,2,,0,v1_3_workcopy.xlsx
2021,秋季地区,東京,11,１ 回 戦,1R,佼成学園,2333,東京,東京,8,日大鶴ヶ丘,1524,東京,東京,1,1,7,7回コールド,0,v1_3_workcopy.xlsx
2021,秋季地区,東京,12,１ 回 戦,1R,駒大高,1915,東京,東京,10,大森学園,1342,東京,東京,8,1,2,,0,v1_3_workcopy.xlsx
2021,秋季地区,東京,13,１ 回 戦,1R,東海大菅生,4104,東京,東京,7,豊多摩,1267,東京,東京,0,1,7,7回コールド,0,v1_3_workcopy.xlsx
2021,秋季地区,東京,14,１ 回 戦,1R,海城,1560,東京,東京,7,練馬,3365,東京,東京,5,1,2,,0,v1_3_workcopy.xlsx
2021,秋季地区,東京,15,１ 回 戦,1R,早稲田実,14,東京,東京,10,新宿,1103,東京,東京,0,1,10,5回コールド,0,v1_3_workcopy.xlsx
2021,秋季地区,東京,16,１ 回 戦,1R,八王子実践,4341,東京,東京,8,八王子北,4249,東京,東京,6,1,2,,0,v1_3_workcopy.xlsx
2021,秋季地区,東京,17,１ 回 戦,1R,東京,730,東京,東京,5,東亜学園,2555,東京,東京,3,1,2,,0,v1_3_workcopy.xlsx
2021,秋季地区,東京,18,１ 回 戦,1R,堀越,2372,東京,東京,6,東大和,3205,東京,東京,5,1,1,延長11回サヨナラ,0,v1_3_workcopy.xlsx
2021,秋季地区,東京,19,１ 回 戦,1R,関東一,761,東京,東京,2,東京成徳大高,4751,東京,東京,0,1,2,,0,v1_3_workcopy.xlsx
2021,秋季地区,東京,20,１ 回 戦,1R,城東,3736,東京,東京,4,私武蔵,1377,東京,東京,3,1,1,延長11回サヨナラ,0,v1_3_workcopy.xlsx
2021,秋季地区,東京,21,１ 回 戦,1R,八王子,1544,東京,東京,10,創価,3204,東京,東京,9,1,1,,0,v1_3_workcopy.xlsx
2021,秋季地区,東京,22,１ 回 戦,1R,日野台,4010,東京,東京,4,専大付,728,東京,東京,0,1,4,,0,v1_3_workcopy.xlsx
2021,秋季地区,東京,23,１ 回 戦,1R,国士舘,1525,東京,東京,14,拓大一,2068,東京,東京,6,1,8,,0,v1_3_workcopy.xlsx
2021,秋季地区,東京,24,１ 回 戦,1R,帝京,1297,東京,東京,11,目黒日大,4924,東京,東京,3,1,8,7回コールド,0,v1_3_workcopy.xlsx
2021,秋季地区,東京,25,１ 回 戦,1R,小山台,1326,東京,東京,6,立正大立正,731,東京,東京,1,1,5,,0,v1_3_workcopy.xlsx
2021,秋季地区,東京,26,１ 回 戦,1R,駿台学園,2349,東京,東京,9,桐朋,1376,東京,東京,7,1,2,延長10回,0,v1_3_workcopy.xlsx
2021,秋季地区,東京,27,１ 回 戦,1R,共栄学園,4839,東京,東京,4,工学院大付,1763,東京,東京,0,1,4,,0,v1_3_workcopy.xlsx
2021,秋季地区,東京,28,１ 回 戦,1R,上野学園,4889,東京,東京,6,小平南,4497,東京,東京,5,1,1,サヨナラ,0,v1_3_workcopy.xlsx
2021,秋季地区,東京,29,１ 回 戦,1R,駒場学園,1563,東京,東京,8,片倉,3255,東京,東京,5,1,3,,0,v1_3_workcopy.xlsx
2021,秋季地区,東京,30,１ 回 戦,1R,東大和南,4397,東京,東京,12,調布南,3656,東京,東京,6,1,6,,0,v1_3_workcopy.xlsx
2021,秋季地区,東京,31,１ 回 戦,1R,日大三,171,東京,東京,8,立志舎,4727,東京,東京,0,1,8,7回コールド,0,v1_3_workcopy.xlsx
2021,秋季地区,東京,32,１ 回 戦,1R,国学院久我山,1299,東京,東京,10,日体大荏原,55,東京,東京,3,1,7,7回コールド,0,v1_3_workcopy.xlsx
2021,秋季地区,東京,33,２ 回 戦,2R,安田学園,800,東京,東京,5,郁文館,732,東京,東京,3,1,2,,0,v1_3_workcopy.xlsx
2021,秋季地区,東京,34,２ 回 戦,2R,関東一,761,東京,東京,6,早稲田実,14,東京,東京,0,1,6,,0,v1_3_workcopy.xlsx
2021,秋季地区,東京,35,２ 回 戦,2R,明大中野八王子,4335,東京,東京,8,豊南,2342,東京,東京,0,1,8,7回コールド,0,v1_3_workcopy.xlsx
2021,秋季地区,東京,36,２ 回 戦,2R,狛江,3291,東京,東京,8,国立,1304,東京,東京,6,1,2,延長10回,0,v1_3_workcopy.xlsx
2021,秋季地区,東京,37,２ 回 戦,2R,二松学舎大付,2380,東京,東京,11,早大学院,1953,東京,東京,1,1,10,5回コールド,0,v1_3_workcopy.xlsx
2021,秋季地区,東京,38,２ 回 戦,2R,城東,3736,東京,東京,4,東京,730,東京,東京,1,1,3,,0,v1_3_workcopy.xlsx
2021,秋季地区,東京,39,２ 回 戦,2R,東海大菅生,4104,東京,東京,13,海城,1560,東京,東京,2,1,11,5回コールド,0,v1_3_workcopy.xlsx
2021,秋季地区,東京,40,２ 回 戦,2R,修徳,2197,東京,東京,6,足立学園,777,東京,東京,0,1,6,,0,v1_3_workcopy.xlsx
2021,秋季地区,東京,41,２ 回 戦,2R,堀越,2372,東京,東京,6,八王子実践,4341,東京,東京,5,1,1,,0,v1_3_workcopy.xlsx
2021,秋季地区,東京,42,２ 回 戦,2R,佼成学園,2333,東京,東京,6,駒大高,1915,東京,東京,4,1,2,,0,v1_3_workcopy.xlsx
2021,秋季地区,東京,43,２ 回 戦,2R,八王子,1544,東京,東京,8,国士舘,1525,東京,東京,5,1,3,,0,v1_3_workcopy.xlsx
2021,秋季地区,東京,44,２ 回 戦,2R,国学院久我山,1299,東京,東京,6,共栄学園,4839,東京,東京,3,1,3,,0,v1_3_workcopy.xlsx
2021,秋季地区,東京,45,２ 回 戦,2R,日野台,4010,東京,東京,8,上野学園,4889,東京,東京,4,1,4,,0,v1_3_workcopy.xlsx
2021,秋季地区,東京,46,２ 回 戦,2R,日大三,171,東京,東京,9,駿台学園,2349,東京,東京,2,1,7,8回コールド,0,v1_3_workcopy.xlsx
2021,秋季地区,東京,47,２ 回 戦,2R,小山台,1326,東京,東京,8,東大和南,4397,東京,東京,0,1,8,7回コールド,0,v1_3_workcopy.xlsx
2021,秋季地区,東京,48,２ 回 戦,2R,帝京,1297,東京,東京,6,駒場学園,1563,東京,東京,0,1,6,,0,v1_3_workcopy.xlsx
2021,秋季地区,東京,49,３ 回 戦,3R,狛江,3291,東京,東京,6,明大中野八王子,4335,東京,東京,5,1,1,延長10回サヨナラ,0,v1_3_workcopy.xlsx
2021,秋季地区,東京,50,３ 回 戦,3R,二松学舎大付,2380,東京,東京,7,安田学園,800,東京,東京,3,1,4,,0,v1_3_workcopy.xlsx
2021,秋季地区,東京,51,３ 回 戦,3R,関東一,761,東京,東京,8,城東,3736,東京,東京,7,1,1,,0,v1_3_workcopy.xlsx
2021,秋季地区,東京,52,３ 回 戦,3R,修徳,2197,東京,東京,5,佼成学園,2333,東京,東京,4,1,1,,0,v1_3_workcopy.xlsx
2021,秋季地区,東京,53,３ 回 戦,3R,国学院久我山,1299,東京,東京,9,日野台,4010,東京,東京,0,1,9,7回コールド,0,v1_3_workcopy.xlsx
2021,秋季地区,東京,54,３ 回 戦,3R,帝京,1297,東京,東京,6,小山台,1326,東京,東京,2,1,4,,0,v1_3_workcopy.xlsx
2021,秋季地区,東京,55,３ 回 戦,3R,日大三,171,東京,東京,7,八王子,1544,東京,東京,0,1,7,,0,v1_3_workcopy.xlsx
2021,秋季地区,東京,56,３ 回 戦,3R,東海大菅生,4104,東京,東京,9,堀越,2372,東京,東京,2,1,7,7回コールド,0,v1_3_workcopy.xlsx
2021,秋季地区,東京,57,準々決勝,QF,国学院久我山,1299,東京,東京,7,帝京,1297,東京,東京,4,1,3,,0,v1_3_workcopy.xlsx
2021,秋季地区,東京,58,準々決勝,QF,日大三,171,東京,東京,8,東海大菅生,4104,東京,東京,7,1,1,サヨナラ,0,v1_3_workcopy.xlsx
2021,秋季地区,東京,59,準々決勝,QF,関東一,761,東京,東京,11,修徳,2197,東京,東京,1,1,10,5回コールド,0,v1_3_workcopy.xlsx
2021,秋季地区,東京,60,準々決勝,QF,二松学舎大付,2380,東京,東京,4,狛江,3291,東京,東京,2,1,2,,0,v1_3_workcopy.xlsx
2021,秋季地区,東京,61,準 決 勝,SF,国学院久我山,1299,東京,東京,14,日大三,171,東京,東京,3,1,11,5回コールド,0,v1_3_workcopy.xlsx
2021,秋季地区,東京,62,準 決 勝,SF,二松学舎大付,2380,東京,東京,6,関東一,761,東京,東京,1,1,5,,0,v1_3_workcopy.xlsx
2021,秋季地区,東京,63, 決  勝,F,国学院久我山,1299,東京,東京,4,二松学舎大付,2380,東京,東京,3,1,1,サヨナラ,0,v1_3_workcopy.xlsx
2021,秋季地区,北信越,1,１ 回 戦,1R,松商学園,191,長野,北信越,3,帝京長岡,4506,新潟,北信越,2,1,1,,0,v1_3_workcopy.xlsx
2021,秋季地区,北信越,2,１ 回 戦,1R,敦賀気比,4446,福井,北信越,8,富山第一,2476,富山,北信越,1,1,7,7回コールド,0,v1_3_workcopy.xlsx
2021,秋季地区,北信越,3,１ 回 戦,1R,東京都市大塩尻,2645,長野,北信越,12,遊学館,4755,石川,北信越,4,1,8,6回コールド,0,v1_3_workcopy.xlsx
2021,秋季地区,北信越,4,１ 回 戦,1R,星稜,2627,石川,北信越,5,東海大諏訪,2785,長野,北信越,4,1,1,サヨナラ,0,v1_3_workcopy.xlsx
2021,秋季地区,北信越,5,１ 回 戦,1R,富山商,252,富山,北信越,6,福井工大福井,2467,福井,北信越,4,1,2,延長11回,0,v1_3_workcopy.xlsx
2021,秋季地区,北信越,6,１ 回 戦,1R,小松大谷,2791,石川,北信越,7,啓新,4943,福井,北信越,2,1,5,,0,v1_3_workcopy.xlsx
2021,秋季地区,北信越,7,１ 回 戦,1R,日本文理,4328,新潟,北信越,4,高岡商,425,富山,北信越,2,1,2,,0,v1_3_workcopy.xlsx
2021,秋季地区,北信越,8,１ 回 戦,1R,北越,1534,新潟,北信越,13,長野日大,2515,長野,北信越,3,1,10,5回コールド,0,v1_3_workcopy.xlsx
2021,秋季地区,北信越,9,準々決勝,QF,小松大谷,2791,石川,北信越,8,松商学園,191,長野,北信越,6,1,2,,0,v1_3_workcopy.xlsx
2021,秋季地区,北信越,10,準々決勝,QF,星稜,2627,石川,北信越,3,日本文理,4328,新潟,北信越,1,1,2,,0,v1_3_workcopy.xlsx
2021,秋季地区,北信越,11,準々決勝,QF,敦賀気比,4446,福井,北信越,10,北越,1534,新潟,北信越,2,1,8,7回コールド,0,v1_3_workcopy.xlsx
2021,秋季地区,北信越,12,準々決勝,QF,富山商,252,富山,北信越,4,東京都市大塩尻,2645,長野,北信越,3,1,1,,0,v1_3_workcopy.xlsx
2021,秋季地区,北信越,13,準 決 勝,SF,敦賀気比,4446,福井,北信越,10,小松大谷,2791,石川,北信越,8,1,2,,0,v1_3_workcopy.xlsx
2021,秋季地区,北信越,14,準 決 勝,SF,星稜,2627,石川,北信越,5,富山商,252,富山,北信越,4,1,1,,0,v1_3_workcopy.xlsx
2021,秋季地区,北信越,15, 決  勝,F,敦賀気比,4446,福井,北信越,6,星稜,2627,石川,北信越,0,1,6,,0,v1_3_workcopy.xlsx
2021,秋季地区,東海,1,１ 回 戦,1R,大垣日大,2639,岐阜,東海,7,静岡,162,静岡,東海,2,1,5,,0,v1_3_workcopy.xlsx
2021,秋季地区,東海,2,１ 回 戦,1R,津商,534,三重,東海,6,中部大春日丘,2978,愛知,東海,3,1,3,,0,v1_3_workcopy.xlsx
2021,秋季地区,東海,3,１ 回 戦,1R,聖隷クリストファー,4312,静岡,東海,11,津田学園,4572,三重,東海,4,1,7,8回コールド,0,v1_3_workcopy.xlsx
2021,秋季地区,東海,4,１ 回 戦,1R,至学館,4857,愛知,東海,5,岐阜第一,2332,岐阜,東海,3,1,2,,0,v1_3_workcopy.xlsx
2021,秋季地区,東海,5,準々決勝,QF,日大三島,2468,静岡,東海,5,津商,534,三重,東海,2,1,3,,0,v1_3_workcopy.xlsx
2021,秋季地区,東海,6,準々決勝,QF,大垣日大,2639,岐阜,東海,3,享栄,639,愛知,東海,2,1,1,,0,v1_3_workcopy.xlsx
2021,秋季地区,東海,7,準々決勝,QF,聖隷クリストファー,4312,静岡,東海,4,中京,2628,岐阜,東海,3,1,1,,0,v1_3_workcopy.xlsx
2021,秋季地区,東海,8,準々決勝,QF,至学館,4857,愛知,東海,4,三重,2507,三重,東海,1,1,3,,0,v1_3_workcopy.xlsx
2021,秋季地区,東海,9,準 決 勝,SF,聖隷クリストファー,4312,静岡,東海,9,至学館,4857,愛知,東海,8,1,1,サヨナラ,0,v1_3_workcopy.xlsx
2021,秋季地区,東海,10,準 決 勝,SF,日大三島,2468,静岡,東海,10,大垣日大,2639,岐阜,東海,4,1,6,,0,v1_3_workcopy.xlsx
2021,秋季地区,東海,11, 決  勝,F,日大三島,2468,静岡,東海,6,聖隷クリストファー,4312,静岡,東海,3,1,3,,0,v1_3_workcopy.xlsx
2021,秋季地区,近畿,1,１ 回 戦,1R,市和歌山,2331,和歌山,近畿,2,神戸学院大付,4984,兵庫,近畿,1,1,1,,0,v1_3_workcopy.xlsx
2021,秋季地区,近畿,2,１ 回 戦,1R,天理,848,奈良,近畿,3,滋賀学園,4703,滋賀,近畿,2,1,1,延長10回,0,v1_3_workcopy.xlsx
2021,秋季地区,近畿,3,１ 回 戦,1R,大阪桐蔭,4498,大阪,近畿,7,塔南,2669,京都,近畿,0,1,7,7回コールド,0,v1_3_workcopy.xlsx
2021,秋季地区,近畿,4,１ 回 戦,1R,東洋大姫路,2774,兵庫,近畿,2,智弁学園,3009,奈良,近畿,0,1,2,,0,v1_3_workcopy.xlsx
2021,秋季地区,近畿,5,１ 回 戦,1R,金光大阪,4108,大阪,近畿,2,高田商,2278,奈良,近畿,0,1,2,,0,v1_3_workcopy.xlsx
2021,秋季地区,近畿,6,１ 回 戦,1R,近江,2335,滋賀,近畿,11,社,1918,兵庫,近畿,10,1,1,,0,v1_3_workcopy.xlsx
2021,秋季地区,近畿,7,１ 回 戦,1R,京都国際,4707,京都,近畿,3,履正社,432,大阪,近畿,0,1,3,,0,v1_3_workcopy.xlsx
2021,秋季地区,近畿,8,１ 回 戦,1R,和歌山東,4903,和歌山,近畿,3,八幡商,50,滋賀,近畿,1,1,2,,0,v1_3_workcopy.xlsx
2021,秋季地区,近畿,9,準々決勝,QF,和歌山東,4903,和歌山,近畿,3,京都国際,4707,京都,近畿,2,1,1,,0,v1_3_workcopy.xlsx
2021,秋季地区,近畿,10,準々決勝,QF,金光大阪,4108,大阪,近畿,7,近江,2335,滋賀,近畿,6,1,1,,0,v1_3_workcopy.xlsx
2021,秋季地区,近畿,11,準々決勝,QF,大阪桐蔭,4498,大阪,近畿,5,東洋大姫路,2774,兵庫,近畿,0,1,5,,0,v1_3_workcopy.xlsx
2021,秋季地区,近畿,12,準々決勝,QF,天理,848,奈良,近畿,5,市和歌山,2331,和歌山,近畿,1,1,4,,0,v1_3_workcopy.xlsx
2021,秋季地区,近畿,13,準 決 勝,SF,和歌山東,4903,和歌山,近畿,8,金光大阪,4108,大阪,近畿,1,1,7,7回コールド,0,v1_3_workcopy.xlsx
2021,秋季地区,近畿,14,準 決 勝,SF,大阪桐蔭,4498,大阪,近畿,9,天理,848,奈良,近畿,1,1,8,7回コールド,0,v1_3_workcopy.xlsx
2021,秋季地区,近畿,15, 決  勝,F,大阪桐蔭,4498,大阪,近畿,10,和歌山東,4903,和歌山,近畿,1,1,9,,0,v1_3_workcopy.xlsx
2021,秋季地区,中国,1,１ 回 戦,1R,広陵,94,広島,中国,6,倉吉総合産,3022,鳥取,中国,0,1,6,,0,v1_3_workcopy.xlsx
2021,秋季地区,中国,2,１ 回 戦,1R,宇部商,849,山口,中国,7,出雲西,2980,島根,中国,5,1,2,,0,v1_3_workcopy.xlsx
2021,秋季地区,中国,3,１ 回 戦,1R,下関国際,2930,山口,中国,8,創志学園,4917,岡山,中国,0,1,8,7回コールド,0,v1_3_workcopy.xlsx
2021,秋季地区,中国,4,１ 回 戦,1R,倉敷工,915,岡山,中国,5,米子西,1937,鳥取,中国,0,1,5,,0,v1_3_workcopy.xlsx
2021,秋季地区,中国,5,１ 回 戦,1R,鳥取商,763,鳥取,中国,3,宇部工,882,山口,中国,2,1,1,サヨナラ,0,v1_3_workcopy.xlsx
2021,秋季地区,中国,6,１ 回 戦,1R,立正大淞南,2516,島根,中国,8,岩国商,866,山口,中国,0,1,8,,0,v1_3_workcopy.xlsx
2021,秋季地区,中国,7,１ 回 戦,1R,岡山学芸館,3161,岡山,中国,12,尾道商,605,広島,中国,5,1,7,7回コールド,0,v1_3_workcopy.xlsx
2021,秋季地区,中国,8,１ 回 戦,1R,広島商,27,広島,中国,8,益田東,3832,島根,中国,7,1,1,サヨナラ,0,v1_3_workcopy.xlsx
2021,秋季地区,中国,9,準々決勝,QF,岡山学芸館,3161,岡山,中国,6,立正大淞南,2516,島根,中国,0,1,6,,0,v1_3_workcopy.xlsx
2021,秋季地区,中国,10,準々決勝,QF,広島商,27,広島,中国,6,鳥取商,763,鳥取,中国,2,1,4,,0,v1_3_workcopy.xlsx
2021,秋季地区,中国,11,準々決勝,QF,広陵,94,広島,中国,3,下関国際,2930,山口,中国,0,1,3,,0,v1_3_workcopy.xlsx
2021,秋季地区,中国,12,準々決勝,QF,倉敷工,915,岡山,中国,10,宇部商,849,山口,中国,2,1,8,7回コールド,0,v1_3_workcopy.xlsx
2021,秋季地区,中国,13,準 決 勝,SF,広島商,27,広島,中国,9,倉敷工,915,岡山,中国,6,1,3,,0,v1_3_workcopy.xlsx
2021,秋季地区,中国,14,準 決 勝,SF,広陵,94,広島,中国,7,岡山学芸館,3161,岡山,中国,4,1,3,,0,v1_3_workcopy.xlsx
2021,秋季地区,中国,15, 決  勝,F,広陵,94,広島,中国,7,広島商,27,広島,中国,0,1,7,,0,v1_3_workcopy.xlsx
2021,秋季地区,四国,1,１ 回 戦,1R,阿南光,1912,徳島,四国,2,西条,344,愛媛,四国,0,1,2,,0,v1_3_workcopy.xlsx
2021,秋季地区,四国,2,１ 回 戦,1R,高知,643,高知,四国,4,済美,4781,愛媛,四国,1,1,3,,0,v1_3_workcopy.xlsx
2021,秋季地区,四国,3,１ 回 戦,1R,尽誠学園,1522,香川,四国,5,高知中央,3064,高知,四国,4,1,1,,0,v1_3_workcopy.xlsx
2021,秋季地区,四国,4,１ 回 戦,1R,徳島商,43,徳島,四国,3,四国学院大香川西,3371,香川,四国,1,1,2,,0,v1_3_workcopy.xlsx
2021,秋季地区,四国,5,準々決勝,QF,高知,643,高知,四国,2,英明,4840,香川,四国,1,1,1,,0,v1_3_workcopy.xlsx
2021,秋季地区,四国,6,準々決勝,QF,明徳義塾,3461,高知,四国,8,阿南光,1912,徳島,四国,1,1,7,8回コールド,0,v1_3_workcopy.xlsx
2021,秋季地区,四国,7,準々決勝,QF,鳴門,44,徳島,四国,2,尽誠学園,1522,香川,四国,0,1,2,,0,v1_3_workcopy.xlsx
2021,秋季地区,四国,8,準々決勝,QF,徳島商,43,徳島,四国,5,新田,1313,愛媛,四国,4,1,1,,0,v1_3_workcopy.xlsx
2021,秋季地区,四国,9,準 決 勝,SF,高知,643,高知,四国,11,徳島商,43,徳島,四国,4,1,7,8回コールド,0,v1_3_workcopy.xlsx
2021,秋季地区,四国,10,準 決 勝,SF,鳴門,44,徳島,四国,3,明徳義塾,3461,高知,四国,2,1,1,延長11回,0,v1_3_workcopy.xlsx
2021,秋季地区,四国,11, 決  勝,F,高知,643,高知,四国,7,鳴門,44,徳島,四国,3,1,4,,0,v1_3_workcopy.xlsx
2021,秋季地区,九州,1,１ 回 戦,1R,大分舞鶴,2155,大分,九州,4,大島,3237,鹿児島,九州,4,0.5,0,延長10回降雨引分け,0,v1_3_workcopy.xlsx
2021,秋季地区,九州,2,１ 回 戦,1R,有田工,205,佐賀,九州,3,秀岳館,2337,熊本,九州,0,1,3,,0,v1_3_workcopy.xlsx
2021,秋季地区,九州,3,１ 回 戦,1R,海星,346,長崎,九州,5,福岡第一,2377,福岡,九州,4,1,1,サヨナラ,0,v1_3_workcopy.xlsx
2021,秋季地区,九州,4,１ 回 戦,1R,興南,2550,沖縄,九州,5,日章学園,2965,宮崎,九州,0,1,5,,0,v1_3_workcopy.xlsx
2021,秋季地区,九州,5,１ 回 戦,1R,大島,3237,鹿児島,九州,3,大分舞鶴,2155,大分,九州,2,1,1,,0,v1_3_workcopy.xlsx
2021,秋季地区,九州,6,１ 回 戦,1R,長崎日大,3090,長崎,九州,15,小林秀峰,2610,宮崎,九州,6,1,9,8回コールド,0,v1_3_workcopy.xlsx
2021,秋季地区,九州,7,１ 回 戦,1R,九州国際大付,2553,福岡,九州,6,鹿児島城西,2249,鹿児島,九州,4,1,2,,0,v1_3_workcopy.xlsx
2021,秋季地区,九州,8,１ 回 戦,1R,明豊,2152,大分,九州,14,前原,2200,沖縄,九州,4,1,10,7回コールド,0,v1_3_workcopy.xlsx
2021,秋季地区,九州,9,１ 回 戦,1R,佐賀商,248,佐賀,九州,4,熊本工,422,熊本,九州,3,1,1,,0,v1_3_workcopy.xlsx
2021,秋季地区,九州,10,準々決勝,QF,長崎日大,3090,長崎,九州,7,佐賀商,248,佐賀,九州,1,1,6,,0,v1_3_workcopy.xlsx
2021,秋季地区,九州,11,準々決勝,QF,九州国際大付,2553,福岡,九州,13,明豊,2152,大分,九州,0,1,13,5回コールド,0,v1_3_workcopy.xlsx
2021,秋季地区,九州,12,準々決勝,QF,有田工,205,佐賀,九州,2,海星,346,長崎,九州,0,1,2,,0,v1_3_workcopy.xlsx
2021,秋季地区,九州,13,準々決勝,QF,大島,3237,鹿児島,九州,3,興南,2550,沖縄,九州,0,1,3,,0,v1_3_workcopy.xlsx
2021,秋季地区,九州,14,準 決 勝,SF,九州国際大付,2553,福岡,九州,12,長崎日大,3090,長崎,九州,2,1,10,7回コールド,0,v1_3_workcopy.xlsx
2021,秋季地区,九州,15,準 決 勝,SF,大島,3237,鹿児島,九州,11,有田工,205,佐賀,九州,7,1,4,,0,v1_3_workcopy.xlsx
2021,秋季地区,九州,16, 決  勝,F,九州国際大付,2553,福岡,九州,12,大島,3237,鹿児島,九州,6,1,6,,0,v1_3_workcopy.xlsx
2021,明治神宮,,1,１ 回 戦,1R,九州国際大付,2553,福岡,九州,5,クラーク国際,4959,北海道,北海道,1,1,4,,0,v1_3_workcopy.xlsx
2021,明治神宮,,2,１ 回 戦,1R,花巻東,2305,岩手,東北,6,国学院久我山,1299,東京,東京,3,1,3,,0,v1_3_workcopy.xlsx
2021,明治神宮,,3,準々決勝,QF,大阪桐蔭,4498,大阪,近畿,8,敦賀気比,4446,福井,北信越,4,1,4,,0,v1_3_workcopy.xlsx
2021,明治神宮,,4,準々決勝,QF,広陵,94,広島,中国,5,明秀日立,4652,茨城,関東,3,1,2,,0,v1_3_workcopy.xlsx
2021,明治神宮,,5,準々決勝,QF,九州国際大付,2553,福岡,九州,2,日大三島,2468,静岡,東海,1,1,1,,0,v1_3_workcopy.xlsx
2021,明治神宮,,6,準々決勝,QF,花巻東,2305,岩手,東北,6,高知,643,高知,四国,2,1,4,,0,v1_3_workcopy.xlsx
2021,明治神宮,,7,準 決 勝,SF,大阪桐蔭,4498,大阪,近畿,9,九州国際大付,2553,福岡,九州,2,1,7,7回コールド,0,v1_3_workcopy.xlsx
2021,明治神宮,,8,準 決 勝,SF,広陵,94,広島,中国,10,花巻東,2305,岩手,東北,9,1,1,,0,v1_3_workcopy.xlsx
2021,明治神宮,,9, 決  勝,F,大阪桐蔭,4498,大阪,近畿,11,広陵,94,広島,中国,7,1,4,,0,v1_3_workcopy.xlsx
2022,選抜,,1,１ 回 戦,1R,浦和学院,3733,埼玉,関東,4,大分舞鶴,2155,大分,九州,0,1,4,,0,v1_3_workcopy.xlsx
2022,選抜,,2,１ 回 戦,1R,和歌山東,4903,和歌山,近畿,8,倉敷工,915,岡山,中国,2,1,6,延長11回,0,v1_3_workcopy.xlsx
2022,選抜,,3,１ 回 戦,1R,九州国際大付,2553,福岡,九州,3,クラーク国際,4959,北海道,北海道,2,1,1,延長10回サヨナラ,0,v1_3_workcopy.xlsx
2022,選抜,,4,１ 回 戦,1R,広陵,94,広島,中国,9,敦賀気比,4446,福井,北信越,0,1,9,,0,v1_3_workcopy.xlsx
2022,選抜,,5,１ 回 戦,1R,近江,2335,滋賀,近畿,6,長崎日大,3090,長崎,九州,2,1,4,延長13回、タイブレーク,0,v1_3_workcopy.xlsx
2022,選抜,,6,１ 回 戦,1R,聖光学院,2638,福島,東北,9,二松学舎大付,2380,東京,東京,3,1,6,,0,v1_3_workcopy.xlsx
2022,選抜,,7,１ 回 戦,1R,木更津総合,2775,千葉,関東,2,山梨学院,2336,山梨,関東,1,1,1,延長13回サヨナラ、タイブレーク,0,v1_3_workcopy.xlsx
2022,選抜,,8,１ 回 戦,1R,金光大阪,4108,大阪,近畿,4,日大三島,2468,静岡,東海,0,1,4,,0,v1_3_workcopy.xlsx
2022,選抜,,9,１ 回 戦,1R,高知,643,高知,四国,4,東洋大姫路,2774,兵庫,近畿,2,1,2,,0,v1_3_workcopy.xlsx
2022,選抜,,10,１ 回 戦,1R,国学院久我山,1299,東京,東京,4,有田工,205,佐賀,九州,2,1,2,,0,v1_3_workcopy.xlsx
2022,選抜,,11,１ 回 戦,1R,星稜,2627,石川,北信越,5,天理,848,奈良,近畿,4,1,1,延長11回,0,v1_3_workcopy.xlsx
2022,選抜,,12,１ 回 戦,1R,大垣日大,2639,岐阜,東海,6,只見,3492,福島,東北,1,1,5,,0,v1_3_workcopy.xlsx
2022,選抜,,13,１ 回 戦,1R,市和歌山,2331,和歌山,近畿,5,花巻東,2305,岩手,東北,4,1,1,,0,v1_3_workcopy.xlsx
2022,選抜,,14,１ 回 戦,1R,明秀日立,4652,茨城,関東,8,大島,3237,鹿児島,九州,0,1,8,,0,v1_3_workcopy.xlsx
2022,選抜,,15,１ 回 戦,1R,広島商,27,広島,中国,22,丹生,1755,福井,北信越,7,1,15,,0,v1_3_workcopy.xlsx
2022,選抜,,16,１ 回 戦,1R,大阪桐蔭,4498,大阪,近畿,3,鳴門,44,徳島,四国,1,1,2,,0,v1_3_workcopy.xlsx
2022,選抜,,17,２ 回 戦,2R,浦和学院,3733,埼玉,関東,7,和歌山東,4903,和歌山,近畿,0,1,7,,0,v1_3_workcopy.xlsx
2022,選抜,,18,２ 回 戦,2R,九州国際大付,2553,福岡,九州,4,広陵,94,広島,中国,1,1,3,,0,v1_3_workcopy.xlsx
2022,選抜,,19,２ 回 戦,2R,近江,2335,滋賀,近畿,7,聖光学院,2638,福島,東北,2,1,5,,0,v1_3_workcopy.xlsx
2022,選抜,,20,２ 回 戦,2R,金光大阪,4108,大阪,近畿,4,木更津総合,2775,千葉,関東,3,1,1,延長13回サヨナラ、タイブレーク,0,v1_3_workcopy.xlsx
2022,選抜,,21,２ 回 戦,2R,国学院久我山,1299,東京,東京,6,高知,643,高知,四国,3,1,3,,0,v1_3_workcopy.xlsx
2022,選抜,,22,２ 回 戦,2R,星稜,2627,石川,北信越,6,大垣日大,2639,岐阜,東海,2,1,4,,0,v1_3_workcopy.xlsx
2022,選抜,,23,２ 回 戦,2R,市和歌山,2331,和歌山,近畿,2,明秀日立,4652,茨城,関東,1,1,1,サヨナラ,0,v1_3_workcopy.xlsx
2022,選抜,,24,２ 回 戦,2R,大阪桐蔭,4498,大阪,近畿,,広島商,27,広島,中国,,,,不戦勝,1,v1_3_workcopy.xlsx
2022,選抜,,25,準々決勝,QF,浦和学院,3733,埼玉,関東,6,九州国際大付,2553,福岡,九州,3,1,3,,0,v1_3_workcopy.xlsx
2022,選抜,,26,準々決勝,QF,近江,2335,滋賀,近畿,6,金光大阪,4108,大阪,近畿,1,1,5,,0,v1_3_workcopy.xlsx
2022,選抜,,27,準々決勝,QF,国学院久我山,1299,東京,東京,4,星稜,2627,石川,北信越,2,1,2,,0,v1_3_workcopy.xlsx
2022,選抜,,28,準々決勝,QF,大阪桐蔭,4498,大阪,近畿,17,市和歌山,2331,和歌山,近畿,0,1,17,,0,v1_3_workcopy.xlsx
2022,選抜,,29,準 決 勝,SF,近江,2335,滋賀,近畿,5,浦和学院,3733,埼玉,関東,2,1,3,延長11回サヨナラ,0,v1_3_workcopy.xlsx
2022,選抜,,30,準 決 勝,SF,大阪桐蔭,4498,大阪,近畿,13,国学院久我山,1299,東京,東京,4,1,9,,0,v1_3_workcopy.xlsx
2022,選抜,,31, 決  勝,F,大阪桐蔭,4498,大阪,近畿,18,近江,2335,滋賀,近畿,1,1,17,,0,v1_3_workcopy.xlsx
2022,春季地区,北海道,1,１ 回 戦,1R,札幌日大,4447,北海道,北海道,3,旭川明成,4690,北海道,北海道,2,1,1,,0,v1_3_workcopy.xlsx
2022,春季地区,北海道,2,１ 回 戦,1R,北照,399,北海道,北海道,7,白樺学園,2385,北海道,北海道,3,1,4,,0,v1_3_workcopy.xlsx
2022,春季地区,北海道,3,１ 回 戦,1R,東海大札幌,2889,北海道,北海道,7,稚内大谷,3092,北海道,北海道,4,1,3,,0,v1_3_workcopy.xlsx
2022,春季地区,北海道,4,１ 回 戦,1R,知内,4101,北海道,北海道,6,駒大苫小牧,2767,北海道,北海道,4,1,2,,0,v1_3_workcopy.xlsx
2022,春季地区,北海道,5,１ 回 戦,1R,釧路工,1301,北海道,北海道,10,北見緑陵,4242,北海道,北海道,0,1,10,6回コールド,0,v1_3_workcopy.xlsx
2022,春季地区,北海道,6,１ 回 戦,1R,苫小牧中央,3503,北海道,北海道,3,北海,212,北海道,北海道,2,1,1,,0,v1_3_workcopy.xlsx
2022,春季地区,北海道,7,１ 回 戦,1R,札幌第一,2430,北海道,北海道,7,滝川西,2426,北海道,北海道,4,1,3,,0,v1_3_workcopy.xlsx
2022,春季地区,北海道,8,１ 回 戦,1R,クラーク国際,4959,北海道,北海道,8,北星大付,2653,北海道,北海道,1,1,7,8回コールド,0,v1_3_workcopy.xlsx
2022,春季地区,北海道,9,準々決勝,QF,北照,399,北海道,北海道,11,札幌日大,4447,北海道,北海道,1,1,10,,0,v1_3_workcopy.xlsx
2022,春季地区,北海道,10,準々決勝,QF,東海大札幌,2889,北海道,北海道,4,知内,4101,北海道,北海道,2,1,2,,0,v1_3_workcopy.xlsx
2022,春季地区,北海道,11,準々決勝,QF,苫小牧中央,3503,北海道,北海道,4,釧路工,1301,北海道,北海道,2,1,2,,0,v1_3_workcopy.xlsx
2022,春季地区,北海道,12,準々決勝,QF,札幌第一,2430,北海道,北海道,5,クラーク国際,4959,北海道,北海道,4,1,1,延長11回サヨナラ,0,v1_3_workcopy.xlsx
2022,春季地区,北海道,13,準 決 勝,SF,北照,399,北海道,北海道,6,東海大札幌,2889,北海道,北海道,0,1,6,,0,v1_3_workcopy.xlsx
2022,春季地区,北海道,14,準 決 勝,SF,札幌第一,2430,北海道,北海道,8,苫小牧中央,3503,北海道,北海道,7,1,1,延長13回サヨナラ、タイブレーク,0,v1_3_workcopy.xlsx
2022,春季地区,北海道,15, 決  勝,F,札幌第一,2430,北海道,北海道,9,北照,399,北海道,北海道,3,1,6,,0,v1_3_workcopy.xlsx
2022,春季地区,東北,1,１ 回 戦,1R,聖愛,4759,青森,東北,5,学法石川,796,福島,東北,0,1,5,,0,v1_3_workcopy.xlsx
2022,春季地区,東北,2,１ 回 戦,1R,東北,291,宮城,東北,11,光南,3648,福島,東北,1,1,10,5回コールド,0,v1_3_workcopy.xlsx
2022,春季地区,東北,3,１ 回 戦,1R,聖光学院,2638,福島,東北,9,盛岡大付,3833,岩手,東北,0,1,9,7回コールド,0,v1_3_workcopy.xlsx
2022,春季地区,東北,4,１ 回 戦,1R,秋田商,332,秋田,東北,7,酒田南,2637,山形,東北,4,1,3,,0,v1_3_workcopy.xlsx
2022,春季地区,東北,5,１ 回 戦,1R,羽黒,2801,山形,東北,5,久慈,2064,岩手,東北,4,1,1,サヨナラ,0,v1_3_workcopy.xlsx
2022,春季地区,東北,6,１ 回 戦,1R,青森山田,2309,青森,東北,4,明桜,2201,秋田,東北,2,1,2,延長13回、タイブレーク,0,v1_3_workcopy.xlsx
2022,春季地区,東北,7,準々決勝,QF,聖愛,4759,青森,東北,7,仙台育英,646,宮城,東北,6,1,1,延長11回,0,v1_3_workcopy.xlsx
2022,春季地区,東北,8,準々決勝,QF,東北,291,宮城,東北,3,花巻東,2305,岩手,東北,1,1,2,,0,v1_3_workcopy.xlsx
2022,春季地区,東北,9,準々決勝,QF,聖光学院,2638,福島,東北,5,秋田商,332,秋田,東北,4,1,1,サヨナラ,0,v1_3_workcopy.xlsx
2022,春季地区,東北,10,準々決勝,QF,青森山田,2309,青森,東北,4,羽黒,2801,山形,東北,3,1,1,延長10回サヨナラ,0,v1_3_workcopy.xlsx
2022,春季地区,東北,11,準 決 勝,SF,聖光学院,2638,福島,東北,5,聖愛,4759,青森,東北,3,1,2,延長12回,0,v1_3_workcopy.xlsx
2022,春季地区,東北,12,準 決 勝,SF,東北,291,宮城,東北,3,青森山田,2309,青森,東北,1,1,2,,0,v1_3_workcopy.xlsx
2022,春季地区,東北,13, 決  勝,F,聖光学院,2638,福島,東北,4,東北,291,宮城,東北,3,1,1,,0,v1_3_workcopy.xlsx
2022,春季地区,関東,1,１ 回 戦,1R,銚子商,174,千葉,関東,4,青藍泰斗,1314,栃木,関東,3,1,1,,0,v1_3_workcopy.xlsx
2022,春季地区,関東,2,２ 回 戦,2R,前橋育英,2803,群馬,関東,5,佐野日大,2964,栃木,関東,3,1,2,,0,v1_3_workcopy.xlsx
2022,春季地区,関東,3,２ 回 戦,2R,関東一,761,東京,東京,4,甲府城西,4934,山梨,関東,0,1,4,,0,v1_3_workcopy.xlsx
2022,春季地区,関東,4,２ 回 戦,2R,山梨学院,2336,山梨,関東,7,二松学舎大付,2380,東京,東京,4,1,3,,0,v1_3_workcopy.xlsx
2022,春季地区,関東,5,２ 回 戦,2R,健大高崎,4784,群馬,関東,6,桐光学園,3646,神奈川,関東,1,1,5,,0,v1_3_workcopy.xlsx
2022,春季地区,関東,6,２ 回 戦,2R,浦和学院,3733,埼玉,関東,4,桐蔭学園,3012,神奈川,関東,2,1,2,,0,v1_3_workcopy.xlsx
2022,春季地区,関東,7,２ 回 戦,2R,山村学園,4897,埼玉,関東,12,市船橋,2383,千葉,関東,2,1,10,7回コールド,0,v1_3_workcopy.xlsx
2022,春季地区,関東,8,２ 回 戦,2R,作新学院,387,栃木,関東,10,つくば秀英,4695,茨城,関東,3,1,7,8回コールド,0,v1_3_workcopy.xlsx
2022,春季地区,関東,9,２ 回 戦,2R,明秀日立,4652,茨城,関東,8,銚子商,174,千葉,関東,1,1,7,8回コールド,0,v1_3_workcopy.xlsx
2022,春季地区,関東,10,準々決勝,QF,関東一,761,東京,東京,10,健大高崎,4784,群馬,関東,0,1,10,5回コールド,0,v1_3_workcopy.xlsx
2022,春季地区,関東,11,準々決勝,QF,山梨学院,2336,山梨,関東,8,前橋育英,2803,群馬,関東,0,1,8,7回コールド,0,v1_3_workcopy.xlsx
2022,春季地区,関東,12,準々決勝,QF,山村学園,4897,埼玉,関東,5,作新学院,387,栃木,関東,1,1,4,,0,v1_3_workcopy.xlsx
2022,春季地区,関東,13,準々決勝,QF,浦和学院,3733,埼玉,関東,9,明秀日立,4652,茨城,関東,7,1,2,,0,v1_3_workcopy.xlsx
2022,春季地区,関東,14,準 決 勝,SF,関東一,761,東京,東京,9,山村学園,4897,埼玉,関東,2,1,7,7回コールド,0,v1_3_workcopy.xlsx
2022,春季地区,関東,15,準 決 勝,SF,浦和学院,3733,埼玉,関東,7,山梨学院,2336,山梨,関東,0,1,7,7回コールド,0,v1_3_workcopy.xlsx
2022,春季地区,関東,16, 決  勝,F,浦和学院,3733,埼玉,関東,4,関東一,761,東京,東京,1,1,3,,0,v1_3_workcopy.xlsx
2022,春季地区,北信越,1,準々決勝,QF,啓新,4943,福井,北信越,11,高岡商,425,富山,北信越,1,1,10,6回コールド,0,v1_3_workcopy.xlsx
2022,春季地区,北信越,2,準々決勝,QF,日本航空石川,4805,石川,北信越,11,敦賀工,2668,福井,北信越,3,1,8,8回コールド,0,v1_3_workcopy.xlsx
2022,春季地区,北信越,3,準々決勝,QF,上田西,2519,長野,北信越,7,福井工大福井,2467,福井,北信越,6,1,1,,0,v1_3_workcopy.xlsx
2022,春季地区,北信越,4,準々決勝,QF,丹生,1755,福井,北信越,8,東京学館新潟,4339,新潟,北信越,1,1,7,8回コールド,0,v1_3_workcopy.xlsx
2022,春季地区,北信越,5,準 決 勝,SF,日本航空石川,4805,石川,北信越,9,啓新,4943,福井,北信越,0,1,9,7回コールド,0,v1_3_workcopy.xlsx
2022,春季地区,北信越,6,準 決 勝,SF,上田西,2519,長野,北信越,12,丹生,1755,福井,北信越,3,1,9,7回コールド,0,v1_3_workcopy.xlsx
2022,春季地区,北信越,7, 決  勝,F,日本航空石川,4805,石川,北信越,10,上田西,2519,長野,北信越,5,1,5,,0,v1_3_workcopy.xlsx
2022,春季地区,東海,1,準々決勝,QF,津田学園,4572,三重,東海,3,東邦,641,愛知,東海,2,1,1,,0,v1_3_workcopy.xlsx
2022,春季地区,東海,2,準々決勝,QF,浜松開誠館,4682,静岡,東海,3,愛工大名電,2306,愛知,東海,1,1,2,,0,v1_3_workcopy.xlsx
2022,春季地区,東海,3,準々決勝,QF,岐阜第一,2332,岐阜,東海,3,静岡,162,静岡,東海,2,1,1,サヨナラ,0,v1_3_workcopy.xlsx
2022,春季地区,東海,4,準々決勝,QF,津商,534,三重,東海,5,大垣日大,2639,岐阜,東海,4,1,1,延長11回サヨナラ,0,v1_3_workcopy.xlsx
2022,春季地区,東海,5,準 決 勝,SF,岐阜第一,2332,岐阜,東海,11,津田学園,4572,三重,東海,4,1,7,7回コールド,0,v1_3_workcopy.xlsx
2022,春季地区,東海,6,準 決 勝,SF,浜松開誠館,4682,静岡,東海,5,津商,534,三重,東海,3,1,2,,0,v1_3_workcopy.xlsx
2022,春季地区,東海,7, 決  勝,F,浜松開誠館,4682,静岡,東海,7,岐阜第一,2332,岐阜,東海,2,1,5,,0,v1_3_workcopy.xlsx
2022,春季地区,近畿,1,準々決勝,QF,智弁和歌山,3732,和歌山,近畿,10,西城陽,4103,京都,近畿,0,1,10,6回コールド,0,v1_3_workcopy.xlsx
2022,春季地区,近畿,2,準々決勝,QF,報徳学園,793,兵庫,近畿,8,市和歌山,2331,和歌山,近畿,2,1,6,,0,v1_3_workcopy.xlsx
2022,春季地区,近畿,3,準々決勝,QF,近江,2335,滋賀,近畿,6,奈良大付,2475,奈良,近畿,0,1,6,,0,v1_3_workcopy.xlsx
2022,春季地区,近畿,4,準々決勝,QF,大阪桐蔭,4498,大阪,近畿,9,和歌山商,294,和歌山,近畿,0,1,9,7回コールド,0,v1_3_workcopy.xlsx
2022,春季地区,近畿,5,準 決 勝,SF,大阪桐蔭,4498,大阪,近畿,11,近江,2335,滋賀,近畿,2,1,9,,0,v1_3_workcopy.xlsx
2022,春季地区,近畿,6,準 決 勝,SF,智弁和歌山,3732,和歌山,近畿,5,報徳学園,793,兵庫,近畿,4,1,1,,0,v1_3_workcopy.xlsx
2022,春季地区,近畿,7, 決  勝,F,智弁和歌山,3732,和歌山,近畿,3,大阪桐蔭,4498,大阪,近畿,2,1,1,,0,v1_3_workcopy.xlsx
2022,春季地区,中国,1,準々決勝,QF,大東,2394,島根,中国,8,宇部工,882,山口,中国,1,1,7,7回コールド,0,v1_3_workcopy.xlsx
2022,春季地区,中国,2,準々決勝,QF,広陵,94,広島,中国,9,立正大淞南,2516,島根,中国,0,1,9,7回コールド,0,v1_3_workcopy.xlsx
2022,春季地区,中国,3,準々決勝,QF,創志学園,4917,岡山,中国,6,石見智翠館,3013,島根,中国,0,1,6,,0,v1_3_workcopy.xlsx
2022,春季地区,中国,4,準々決勝,QF,益田東,3832,島根,中国,6,鳥取城北,3124,鳥取,中国,3,1,3,,0,v1_3_workcopy.xlsx
2022,春季地区,中国,5,準 決 勝,SF,広陵,94,広島,中国,13,大東,2394,島根,中国,2,1,11,5回コールド,0,v1_3_workcopy.xlsx
2022,春季地区,中国,6,準 決 勝,SF,創志学園,4917,岡山,中国,7,益田東,3832,島根,中国,0,1,7,,0,v1_3_workcopy.xlsx
2022,春季地区,中国,7, 決  勝,F,創志学園,4917,岡山,中国,5,広陵,94,広島,中国,4,1,1,,0,v1_3_workcopy.xlsx
2022,春季地区,四国,1,準々決勝,QF,英明,4840,香川,四国,3,徳島商,43,徳島,四国,2,1,1,延長10回,0,v1_3_workcopy.xlsx
2022,春季地区,四国,2,準々決勝,QF,鳴門,44,徳島,四国,3,高知,643,高知,四国,0,1,3,,0,v1_3_workcopy.xlsx
2022,春季地区,四国,3,準々決勝,QF,明徳義塾,3461,高知,四国,6,松山聖陵,3128,愛媛,四国,2,1,4,,0,v1_3_workcopy.xlsx
2022,春季地区,四国,4,準々決勝,QF,高松商,28,香川,四国,7,松山商,159,愛媛,四国,0,1,7,8回コールド,0,v1_3_workcopy.xlsx
2022,春季地区,四国,5,準 決 勝,SF,明徳義塾,3461,高知,四国,4,英明,4840,香川,四国,0,1,4,,0,v1_3_workcopy.xlsx
2022,春季地区,四国,6,準 決 勝,SF,鳴門,44,徳島,四国,7,高松商,28,香川,四国,0,1,7,8回コールド,0,v1_3_workcopy.xlsx
2022,春季地区,四国,7, 決  勝,F,鳴門,44,徳島,四国,6,明徳義塾,3461,高知,四国,5,1,1,タイブレーク、延長14回サヨナラ,0,v1_3_workcopy.xlsx
2022,春季地区,九州,1,１ 回 戦,1R,神村学園,4804,鹿児島,九州,14,宮崎学園,4806,宮崎,九州,1,1,13,5回コールド,0,v1_3_workcopy.xlsx
2022,春季地区,九州,2,１ 回 戦,1R,大分舞鶴,2155,大分,九州,3,九州学院,221,熊本,九州,0,1,3,,0,v1_3_workcopy.xlsx
2022,春季地区,九州,3,１ 回 戦,1R,九州国際大付,2553,福岡,九州,9,東明館,4519,佐賀,九州,1,1,8,7回コールド,0,v1_3_workcopy.xlsx
2022,春季地区,九州,4,１ 回 戦,1R,長崎日大,3090,長崎,九州,2,沖縄水産,760,沖縄,九州,1,1,1,延長10回サヨナラ,0,v1_3_workcopy.xlsx
2022,春季地区,九州,5,１ 回 戦,1R,明豊,2152,大分,九州,7,小倉工,515,福岡,九州,6,1,1,,0,v1_3_workcopy.xlsx
2022,春季地区,九州,6,１ 回 戦,1R,西日本短大付,2635,福岡,九州,5,有田工,205,佐賀,九州,2,1,3,,0,v1_3_workcopy.xlsx
2022,春季地区,九州,7,１ 回 戦,1R,小林西,3017,宮崎,九州,8,大島,3237,鹿児島,九州,3,1,5,,0,v1_3_workcopy.xlsx
2022,春季地区,九州,8,１ 回 戦,1R,波佐見,3735,長崎,九州,10,日章学園,2965,宮崎,九州,5,1,5,7回降雨中止継続試合,0,v1_3_workcopy.xlsx
2022,春季地区,九州,9,準々決勝,QF,小林西,3017,宮崎,九州,2,明豊,2152,大分,九州,1,1,1,,0,v1_3_workcopy.xlsx
2022,春季地区,九州,10,準々決勝,QF,西日本短大付,2635,福岡,九州,5,長崎日大,3090,長崎,九州,3,1,2,,0,v1_3_workcopy.xlsx
2022,春季地区,九州,11,準々決勝,QF,神村学園,4804,鹿児島,九州,11,大分舞鶴,2155,大分,九州,4,1,7,8回コールド,0,v1_3_workcopy.xlsx
2022,春季地区,九州,12,準々決勝,QF,九州国際大付,2553,福岡,九州,1,波佐見,3735,長崎,九州,0,1,1,,0,v1_3_workcopy.xlsx
2022,春季地区,九州,13,準 決 勝,SF,西日本短大付,2635,福岡,九州,7,小林西,3017,宮崎,九州,6,1,1,,0,v1_3_workcopy.xlsx
2022,春季地区,九州,14,準 決 勝,SF,神村学園,4804,鹿児島,九州,3,九州国際大付,2553,福岡,九州,2,1,1,,0,v1_3_workcopy.xlsx
2022,春季地区,九州,15, 決  勝,F,神村学園,4804,鹿児島,九州,8,西日本短大付,2635,福岡,九州,4,1,4,,0,v1_3_workcopy.xlsx
2022,選手権,,1,１ 回 戦,1R,国学院栃木,2511,栃木,関東,10,日大三島,2468,静岡,東海,3,1,7,,0,v1_3_workcopy.xlsx
2022,選手権,,2,１ 回 戦,1R,明豊,2152,大分,九州,7,樹徳,3122,群馬,関東,3,1,4,,0,v1_3_workcopy.xlsx
2022,選手権,,3,１ 回 戦,1R,一関学院,1295,岩手,東北,6,京都国際,4707,京都,近畿,5,1,1,延長11回サヨナラ,0,v1_3_workcopy.xlsx
2022,選手権,,4,１ 回 戦,1R,八戸学院光星,2310,青森,東北,7,創志学園,4917,岡山,中国,3,1,4,,0,v1_3_workcopy.xlsx
2022,選手権,,5,１ 回 戦,1R,愛工大名電,2306,愛知,東海,14,星稜,2627,石川,北信越,2,1,12,,0,v1_3_workcopy.xlsx
2022,選手権,,6,１ 回 戦,1R,鶴岡東,3057,山形,東北,12,盈進,524,広島,中国,7,1,5,,0,v1_3_workcopy.xlsx
2022,選手権,,7,１ 回 戦,1R,近江,2335,滋賀,近畿,8,鳴門,44,徳島,四国,2,1,6,,0,v1_3_workcopy.xlsx
2022,選手権,,8,１ 回 戦,1R,海星,346,長崎,九州,11,日本文理,4328,新潟,北信越,0,1,11,,0,v1_3_workcopy.xlsx
2022,選手権,,9,１ 回 戦,1R,天理,848,奈良,近畿,2,山梨学院,2336,山梨,関東,1,1,1,,0,v1_3_workcopy.xlsx
2022,選手権,,10,１ 回 戦,1R,敦賀気比,4446,福井,北信越,13,高岡商,425,富山,北信越,3,1,10,,0,v1_3_workcopy.xlsx
2022,選手権,,11,１ 回 戦,1R,市船橋,2383,千葉,関東,6,興南,2550,沖縄,九州,5,1,1,サヨナラ,0,v1_3_workcopy.xlsx
2022,選手権,,12,１ 回 戦,1R,横浜,1041,神奈川,関東,4,三重,2507,三重,東海,2,1,2,,0,v1_3_workcopy.xlsx
2022,選手権,,13,１ 回 戦,1R,聖光学院,2638,福島,東北,4,日大三,171,東京,東京,2,1,2,,0,v1_3_workcopy.xlsx
2022,選手権,,14,１ 回 戦,1R,二松学舎大付,2380,東京,東京,3,札幌大谷,4893,北海道,北海道,2,1,1,サヨナラ,0,v1_3_workcopy.xlsx
2022,選手権,,15,１ 回 戦,1R,社,1918,兵庫,近畿,10,県岐阜商,459,岐阜,東海,1,1,9,,0,v1_3_workcopy.xlsx
2022,選手権,,16,１ 回 戦,1R,大阪桐蔭,4498,大阪,近畿,6,旭川大高,2769,北海道,北海道,3,1,3,,0,v1_3_workcopy.xlsx
2022,選手権,,17,１ 回 戦,1R,聖望学園,1321,埼玉,関東,8,能代松陽,910,秋田,東北,2,1,6,,0,v1_3_workcopy.xlsx
2022,選手権,,18,２ 回 戦,2R,明秀日立,4652,茨城,関東,2,鹿児島実,429,鹿児島,九州,1,1,1,,0,v1_3_workcopy.xlsx
2022,選手権,,19,２ 回 戦,2R,仙台育英,646,宮城,東北,10,鳥取商,763,鳥取,中国,0,1,10,,0,v1_3_workcopy.xlsx
2022,選手権,,20,２ 回 戦,2R,高松商,28,香川,四国,14,佐久長聖,2895,長野,北信越,4,1,10,,0,v1_3_workcopy.xlsx
2022,選手権,,21,２ 回 戦,2R,九州国際大付,2553,福岡,九州,2,明徳義塾,3461,高知,四国,1,1,1,,0,v1_3_workcopy.xlsx
2022,選手権,,22,２ 回 戦,2R,下関国際,2930,山口,中国,5,富島,1652,宮崎,九州,0,1,5,,0,v1_3_workcopy.xlsx
2022,選手権,,23,２ 回 戦,2R,明豊,2152,大分,九州,7,一関学院,1295,岩手,東北,5,1,2,,0,v1_3_workcopy.xlsx
2022,選手権,,24,２ 回 戦,2R,愛工大名電,2306,愛知,東海,6,八戸学院光星,2310,青森,東北,5,1,1,延長10回サヨナラ,0,v1_3_workcopy.xlsx
2022,選手権,,25,２ 回 戦,2R,近江,2335,滋賀,近畿,8,鶴岡東,3057,山形,東北,3,1,5,,0,v1_3_workcopy.xlsx
2022,選手権,,26,２ 回 戦,2R,海星,346,長崎,九州,4,天理,848,奈良,近畿,2,1,2,,0,v1_3_workcopy.xlsx
2022,選手権,,27,２ 回 戦,2R,浜田,108,島根,中国,5,有田工,205,佐賀,九州,3,1,2,,0,v1_3_workcopy.xlsx
2022,選手権,,28,２ 回 戦,2R,九州学院,221,熊本,九州,14,帝京五,2771,愛媛,四国,4,1,10,,0,v1_3_workcopy.xlsx
2022,選手権,,29,２ 回 戦,2R,国学院栃木,2511,栃木,関東,5,智弁和歌山,3732,和歌山,近畿,3,1,2,,0,v1_3_workcopy.xlsx
2022,選手権,,30,２ 回 戦,2R,敦賀気比,4446,福井,北信越,8,市船橋,2383,千葉,関東,6,1,2,,0,v1_3_workcopy.xlsx
2022,選手権,,31,２ 回 戦,2R,聖光学院,2638,福島,東北,3,横浜,1041,神奈川,関東,2,1,1,,0,v1_3_workcopy.xlsx
2022,選手権,,32,２ 回 戦,2R,二松学舎大付,2380,東京,東京,7,社,1918,兵庫,近畿,5,1,2,,0,v1_3_workcopy.xlsx
2022,選手権,,33,２ 回 戦,2R,大阪桐蔭,4498,大阪,近畿,19,聖望学園,1321,埼玉,関東,0,1,19,,0,v1_3_workcopy.xlsx
2022,選手権,,34,３ 回 戦,3R,仙台育英,646,宮城,東北,5,明秀日立,4652,茨城,関東,4,1,1,,0,v1_3_workcopy.xlsx
2022,選手権,,35,３ 回 戦,3R,高松商,28,香川,四国,2,九州国際大付,2553,福岡,九州,1,1,1,,0,v1_3_workcopy.xlsx
2022,選手権,,36,３ 回 戦,3R,愛工大名電,2306,愛知,東海,5,明豊,2152,大分,九州,2,1,3,,0,v1_3_workcopy.xlsx
2022,選手権,,37,３ 回 戦,3R,近江,2335,滋賀,近畿,7,海星,346,長崎,九州,1,1,6,,0,v1_3_workcopy.xlsx
2022,選手権,,38,３ 回 戦,3R,下関国際,2930,山口,中国,9,浜田,108,島根,中国,3,1,6,,0,v1_3_workcopy.xlsx
2022,選手権,,39,３ 回 戦,3R,九州学院,221,熊本,九州,4,国学院栃木,2511,栃木,関東,0,1,4,,0,v1_3_workcopy.xlsx
2022,選手権,,40,３ 回 戦,3R,聖光学院,2638,福島,東北,8,敦賀気比,4446,福井,北信越,1,1,7,,0,v1_3_workcopy.xlsx
2022,選手権,,41,３ 回 戦,3R,大阪桐蔭,4498,大阪,近畿,4,二松学舎大付,2380,東京,東京,0,1,4,,0,v1_3_workcopy.xlsx
2022,選手権,,42,準々決勝,QF,仙台育英,646,宮城,東北,6,愛工大名電,2306,愛知,東海,2,1,4,,0,v1_3_workcopy.xlsx
2022,選手権,,43,準々決勝,QF,近江,2335,滋賀,近畿,7,高松商,28,香川,四国,6,1,1,,0,v1_3_workcopy.xlsx
2022,選手権,,44,準々決勝,QF,下関国際,2930,山口,中国,5,大阪桐蔭,4498,大阪,近畿,4,1,1,,0,v1_3_workcopy.xlsx
2022,選手権,,45,準々決勝,QF,聖光学院,2638,福島,東北,10,九州学院,221,熊本,九州,5,1,5,,0,v1_3_workcopy.xlsx
2022,選手権,,46,準 決 勝,SF,仙台育英,646,宮城,東北,18,聖光学院,2638,福島,東北,4,1,14,,0,v1_3_workcopy.xlsx
2022,選手権,,47,準 決 勝,SF,下関国際,2930,山口,中国,8,近江,2335,滋賀,近畿,2,1,6,,0,v1_3_workcopy.xlsx
2022,選手権,,48, 決  勝,F,仙台育英,646,宮城,東北,8,下関国際,2930,山口,中国,1,1,7,,0,v1_3_workcopy.xlsx
2022,秋季地区,北海道,1,１ 回 戦,1R,北海,212,北海道,北海道,7,帯広農,608,北海道,北海道,0,1,7,7回コールド,0,v1_3_workcopy.xlsx
2022,秋季地区,北海道,2,１ 回 戦,1R,北照,399,北海道,北海道,3,駒大苫小牧,2767,北海道,北海道,1,1,2,,0,v1_3_workcopy.xlsx
2022,秋季地区,北海道,3,１ 回 戦,1R,東海大札幌,2889,北海道,北海道,9,北海道栄,2780,北海道,北海道,2,1,7,8回コールド,0,v1_3_workcopy.xlsx
2022,秋季地区,北海道,4,１ 回 戦,1R,旭川龍谷,2376,北海道,北海道,7,釧路工,1301,北海道,北海道,6,1,1,,0,v1_3_workcopy.xlsx
2022,秋季地区,北海道,5,２ 回 戦,2R,クラーク国際,4959,北海道,北海道,3,旭川明成,4690,北海道,北海道,1,1,2,,0,v1_3_workcopy.xlsx
2022,秋季地区,北海道,6,２ 回 戦,2R,札幌日大,4447,北海道,北海道,4,札幌新川,2386,北海道,北海道,1,1,3,,0,v1_3_workcopy.xlsx
2022,秋季地区,北海道,7,２ 回 戦,2R,立命館慶祥,1096,北海道,北海道,8,稚内大谷,3092,北海道,北海道,7,1,1,延長10回サヨナラ,0,v1_3_workcopy.xlsx
2022,秋季地区,北海道,8,２ 回 戦,2R,函館大柏稜,4689,北海道,北海道,3,函館大有斗,1517,北海道,北海道,2,1,1,,0,v1_3_workcopy.xlsx
2022,秋季地区,北海道,9,２ 回 戦,2R,北海,212,北海道,北海道,4,滝川,1921,北海道,北海道,2,1,2,,0,v1_3_workcopy.xlsx
2022,秋季地区,北海道,10,２ 回 戦,2R,北照,399,北海道,北海道,6,北見柏陽,1897,北海道,北海道,0,1,6,,0,v1_3_workcopy.xlsx
2022,秋季地区,北海道,11,２ 回 戦,2R,白樺学園,2385,北海道,北海道,3,東海大札幌,2889,北海道,北海道,2,1,1,,0,v1_3_workcopy.xlsx
2022,秋季地区,北海道,12,２ 回 戦,2R,札幌龍谷,4694,北海道,北海道,4,旭川龍谷,2376,北海道,北海道,0,1,4,,0,v1_3_workcopy.xlsx
2022,秋季地区,北海道,13,準々決勝,QF,北海,212,北海道,北海道,7,札幌日大,4447,北海道,北海道,0,1,7,7回コールド,0,v1_3_workcopy.xlsx
2022,秋季地区,北海道,14,準々決勝,QF,クラーク国際,4959,北海道,北海道,3,北照,399,北海道,北海道,2,1,1,,0,v1_3_workcopy.xlsx
2022,秋季地区,北海道,15,準々決勝,QF,立命館慶祥,1096,北海道,北海道,7,白樺学園,2385,北海道,北海道,3,1,4,,0,v1_3_workcopy.xlsx
2022,秋季地区,北海道,16,準々決勝,QF,函館大柏稜,4689,北海道,北海道,8,札幌龍谷,4694,北海道,北海道,6,1,2,,0,v1_3_workcopy.xlsx
2022,秋季地区,北海道,17,準 決 勝,SF,北海,212,北海道,北海道,12,函館大柏稜,4689,北海道,北海道,2,1,10,6回コールド,0,v1_3_workcopy.xlsx
2022,秋季地区,北海道,18,準 決 勝,SF,クラーク国際,4959,北海道,北海道,7,立命館慶祥,1096,北海道,北海道,0,1,7,7回コールド,0,v1_3_workcopy.xlsx
2022,秋季地区,北海道,19, 決  勝,F,クラーク国際,4959,北海道,北海道,3,北海,212,北海道,北海道,1,1,2,延長10回,0,v1_3_workcopy.xlsx
2022,秋季地区,東北,1,１ 回 戦,1R,東北文教大山形城北,4783,山形,東北,7,田村,662,福島,東北,2,1,5,,0,v1_3_workcopy.xlsx
2022,秋季地区,東北,2,１ 回 戦,1R,八戸工大一,2510,青森,東北,7,明桜,2201,秋田,東北,6,1,1,サヨナラ,0,v1_3_workcopy.xlsx
2022,秋季地区,東北,3,２ 回 戦,2R,由利,4864,秋田,東北,9,弘前東,3673,青森,東北,5,1,4,,0,v1_3_workcopy.xlsx
2022,秋季地区,東北,4,２ 回 戦,2R,聖光学院,2638,福島,東北,9,利府,4235,宮城,東北,6,1,3,,0,v1_3_workcopy.xlsx
2022,秋季地区,東北,5,２ 回 戦,2R,学法石川,796,福島,東北,7,盛岡大付,3833,岩手,東北,5,1,2,,0,v1_3_workcopy.xlsx
2022,秋季地区,東北,6,２ 回 戦,2R,能代松陽,910,秋田,東北,11,東北文教大山形城北,4783,山形,東北,3,1,8,7回コールド,0,v1_3_workcopy.xlsx
2022,秋季地区,東北,7,２ 回 戦,2R,仙台育英,646,宮城,東北,2,青森山田,2309,青森,東北,1,1,1,,0,v1_3_workcopy.xlsx
2022,秋季地区,東北,8,２ 回 戦,2R,鶴岡東,3057,山形,東北,8,花巻東,2305,岩手,東北,3,1,5,,0,v1_3_workcopy.xlsx
2022,秋季地区,東北,9,２ 回 戦,2R,東北,291,宮城,東北,3,八戸工大一,2510,青森,東北,2,1,1,サヨナラ,0,v1_3_workcopy.xlsx
2022,秋季地区,東北,10,２ 回 戦,2R,山形中央,1728,山形,東北,2,専大北上,2375,岩手,東北,1,1,1,,0,v1_3_workcopy.xlsx
2022,秋季地区,東北,11,準々決勝,QF,能代松陽,910,秋田,東北,6,学法石川,796,福島,東北,5,1,1,延長12回サヨナラ,0,v1_3_workcopy.xlsx
2022,秋季地区,東北,12,準々決勝,QF,仙台育英,646,宮城,東北,3,鶴岡東,3057,山形,東北,0,1,3,,0,v1_3_workcopy.xlsx
2022,秋季地区,東北,13,準々決勝,QF,聖光学院,2638,福島,東北,3,由利,4864,秋田,東北,2,1,1,延長11回サヨナラ,0,v1_3_workcopy.xlsx
2022,秋季地区,東北,14,準々決勝,QF,東北,291,宮城,東北,4,山形中央,1728,山形,東北,2,1,2,,0,v1_3_workcopy.xlsx
2022,秋季地区,東北,15,準 決 勝,SF,東北,291,宮城,東北,6,聖光学院,2638,福島,東北,2,1,4,,0,v1_3_workcopy.xlsx
2022,秋季地区,東北,16,準 決 勝,SF,仙台育英,646,宮城,東北,2,能代松陽,910,秋田,東北,1,1,1,,0,v1_3_workcopy.xlsx
2022,秋季地区,東北,17, 決  勝,F,仙台育英,646,宮城,東北,6,東北,291,宮城,東北,3,1,3,,0,v1_3_workcopy.xlsx
2022,秋季地区,関東,1,１ 回 戦,1R,健大高崎,4784,群馬,関東,4,青藍泰斗,1314,栃木,関東,2,1,2,,0,v1_3_workcopy.xlsx
2022,秋季地区,関東,2,１ 回 戦,1R,慶応,23,神奈川,関東,5,常磐大高,4757,茨城,関東,3,1,2,,0,v1_3_workcopy.xlsx
2022,秋季地区,関東,3,１ 回 戦,1R,横浜,1041,神奈川,関東,2,浦和学院,3733,埼玉,関東,0,1,2,,0,v1_3_workcopy.xlsx
2022,秋季地区,関東,4,１ 回 戦,1R,専大松戸,2480,千葉,関東,7,明和県央,4168,群馬,関東,0,1,7,7回コールド,0,v1_3_workcopy.xlsx
2022,秋季地区,関東,5,１ 回 戦,1R,山村学園,4897,埼玉,関東,6,土浦日大,2779,茨城,関東,4,1,2,,0,v1_3_workcopy.xlsx
2022,秋季地区,関東,6,１ 回 戦,1R,作新学院,387,栃木,関東,10,駿台甲府,2344,山梨,関東,0,1,10,5回コールド,0,v1_3_workcopy.xlsx
2022,秋季地区,関東,7,１ 回 戦,1R,山梨学院,2336,山梨,関東,3,成田,199,千葉,関東,0,1,3,,0,v1_3_workcopy.xlsx
2022,秋季地区,関東,8,準々決勝,QF,専大松戸,2480,千葉,関東,4,作新学院,387,栃木,関東,3,1,1,,0,v1_3_workcopy.xlsx
2022,秋季地区,関東,9,準々決勝,QF,健大高崎,4784,群馬,関東,5,横浜,1041,神奈川,関東,2,1,3,,0,v1_3_workcopy.xlsx
2022,秋季地区,関東,10,準々決勝,QF,山梨学院,2336,山梨,関東,9,山村学園,4897,埼玉,関東,1,1,8,8回コールド,0,v1_3_workcopy.xlsx
2022,秋季地区,関東,11,準々決勝,QF,慶応,23,神奈川,関東,7,昌平,3842,埼玉,関東,3,1,4,,0,v1_3_workcopy.xlsx
2022,秋季地区,関東,12,準 決 勝,SF,山梨学院,2336,山梨,関東,5,健大高崎,4784,群馬,関東,2,1,3,,0,v1_3_workcopy.xlsx
2022,秋季地区,関東,13,準 決 勝,SF,専大松戸,2480,千葉,関東,5,慶応,23,神奈川,関東,3,1,2,延長10回,0,v1_3_workcopy.xlsx
2022,秋季地区,関東,14, 決  勝,F,山梨学院,2336,山梨,関東,9,専大松戸,2480,千葉,関東,3,1,6,,0,v1_3_workcopy.xlsx
2022,秋季地区,東京,1,１ 回 戦,1R,二松学舎大付,2380,東京,東京,11,東大和南,4397,東京,東京,0,1,11,5回コールド,0,v1_3_workcopy.xlsx
2022,秋季地区,東京,2,１ 回 戦,1R,帝京,1297,東京,東京,10,豊多摩,1267,東京,東京,2,1,8,7回コールド,0,v1_3_workcopy.xlsx
2022,秋季地区,東京,3,１ 回 戦,1R,関東一,761,東京,東京,10,立川,821,東京,東京,0,1,10,5回コールド,0,v1_3_workcopy.xlsx
2022,秋季地区,東京,4,１ 回 戦,1R,日本ウェルネス,4922,東京,東京,9,篠崎,3548,東京,東京,2,1,7,7回コールド,0,v1_3_workcopy.xlsx
2022,秋季地区,東京,5,１ 回 戦,1R,国学院久我山,1299,東京,東京,3,創価,3204,東京,東京,2,1,1,,0,v1_3_workcopy.xlsx
2022,秋季地区,東京,6,１ 回 戦,1R,世田谷学園,911,東京,東京,10,狛江,3291,東京,東京,9,1,1,延長11回サヨナラ,0,v1_3_workcopy.xlsx
2022,秋季地区,東京,7,１ 回 戦,1R,実践学園,2389,東京,東京,20,東村山西,4395,東京,東京,1,1,19,5回コールド,0,v1_3_workcopy.xlsx
2022,秋季地区,東京,8,１ 回 戦,1R,王子総合,4923,東京,東京,14,大森,1504,東京,東京,0,1,14,6回コールド,0,v1_3_workcopy.xlsx
2022,秋季地区,東京,9,１ 回 戦,1R,日野,3129,東京,東京,6,駒場学園,1563,東京,東京,5,1,1,延長10回サヨナラ,0,v1_3_workcopy.xlsx
2022,秋季地区,東京,10,１ 回 戦,1R,片倉,3255,東京,東京,8,青山,1106,東京,東京,7,1,1,延長10回,0,v1_3_workcopy.xlsx
2022,秋季地区,東京,11,１ 回 戦,1R,東亜学園,2555,東京,東京,7,開成,1263,東京,東京,0,1,7,7回コールド,0,v1_3_workcopy.xlsx
2022,秋季地区,東京,12,１ 回 戦,1R,多摩大目黒,4729,東京,東京,2,東京成徳大高,4751,東京,東京,0,1,2,,0,v1_3_workcopy.xlsx
2022,秋季地区,東京,13,１ 回 戦,1R,早稲田実,14,東京,東京,10,東京都市大付,2221,東京,東京,8,1,2,,0,v1_3_workcopy.xlsx
2022,秋季地区,東京,14,１ 回 戦,1R,目黒,4754,東京,東京,6,明法,2958,東京,東京,3,1,3,延長10回,0,v1_3_workcopy.xlsx
2022,秋季地区,東京,15,１ 回 戦,1R,日体大荏原,55,東京,東京,4,小川,3938,東京,東京,3,1,1,,0,v1_3_workcopy.xlsx
2022,秋季地区,東京,16,１ 回 戦,1R,大森学園,1342,東京,東京,21,大崎,4946,東京,東京,0,1,21,5回コールド,0,v1_3_workcopy.xlsx
2022,秋季地区,東京,17,１ 回 戦,1R,岩倉,1907,東京,東京,8,日大鶴ヶ丘,1524,東京,東京,1,1,7,8回コールド,0,v1_3_workcopy.xlsx
2022,秋季地区,東京,18,１ 回 戦,1R,海城,1560,東京,東京,9,日比谷,851,東京,東京,3,1,6,,0,v1_3_workcopy.xlsx
2022,秋季地区,東京,19,１ 回 戦,1R,東海大菅生,4104,東京,東京,7,日大豊山,1322,東京,東京,5,1,2,,0,v1_3_workcopy.xlsx
2022,秋季地区,東京,20,１ 回 戦,1R,八王子,1544,東京,東京,7,小平,4555,東京,東京,0,1,7,7回コールド,0,v1_3_workcopy.xlsx
2022,秋季地区,東京,21,１ 回 戦,1R,堀越,2372,東京,東京,11,小岩,3937,東京,東京,8,1,3,,0,v1_3_workcopy.xlsx
2022,秋季地区,東京,22,１ 回 戦,1R,足立新田,3749,東京,東京,9,三鷹,1889,東京,東京,5,1,4,,0,v1_3_workcopy.xlsx
2022,秋季地区,東京,23,１ 回 戦,1R,桜美林,2059,東京,東京,5,駒込学園,2222,東京,東京,1,1,4,,0,v1_3_workcopy.xlsx
2022,秋季地区,東京,24,１ 回 戦,1R,立正大立正,731,東京,東京,4,町田,1691,東京,東京,3,1,1,,0,v1_3_workcopy.xlsx
2022,秋季地区,東京,25,１ 回 戦,1R,国士舘,1525,東京,東京,4,駿台学園,2349,東京,東京,2,1,2,,0,v1_3_workcopy.xlsx
2022,秋季地区,東京,26,１ 回 戦,1R,佼成学園,2333,東京,東京,12,国分寺,4023,東京,東京,1,1,11,5回コールド,0,v1_3_workcopy.xlsx
2022,秋季地区,東京,27,１ 回 戦,1R,明治,703,東京,東京,3,聖パウロ学園,4575,東京,東京,0,1,3,,0,v1_3_workcopy.xlsx
2022,秋季地区,東京,28,１ 回 戦,1R,東農大一,2348,東京,東京,7,日大桜丘,2466,東京,東京,6,1,1,,0,v1_3_workcopy.xlsx
2022,秋季地区,東京,29,１ 回 戦,1R,錦城学園,84,東京,東京,5,紅葉川,4396,東京,東京,4,1,1,延長10回サヨナラ,0,v1_3_workcopy.xlsx
2022,秋季地区,東京,30,１ 回 戦,1R,修徳,2197,東京,東京,8,郁文館,732,東京,東京,0,1,8,7回コールド,0,v1_3_workcopy.xlsx
2022,秋季地区,東京,31,１ 回 戦,1R,日大三,171,東京,東京,11,豊島学院,862,東京,東京,1,1,10,6回コールド,0,v1_3_workcopy.xlsx
2022,秋季地区,東京,32,１ 回 戦,1R,明大中野八王子,4335,東京,東京,14,拓大一,2068,東京,東京,2,1,12,5回コールド,0,v1_3_workcopy.xlsx
2022,秋季地区,東京,33,２ 回 戦,2R,桜美林,2059,東京,東京,7,東農大一,2348,東京,東京,0,1,7,7回コールド,0,v1_3_workcopy.xlsx
2022,秋季地区,東京,34,２ 回 戦,2R,修徳,2197,東京,東京,5,錦城学園,84,東京,東京,0,1,5,,0,v1_3_workcopy.xlsx
2022,秋季地区,東京,35,２ 回 戦,2R,海城,1560,東京,東京,6,堀越,2372,東京,東京,5,1,1,,0,v1_3_workcopy.xlsx
2022,秋季地区,東京,36,２ 回 戦,2R,岩倉,1907,東京,東京,3,八王子,1544,東京,東京,2,1,1,サヨナラ,0,v1_3_workcopy.xlsx
2022,秋季地区,東京,37,２ 回 戦,2R,日大三,171,東京,東京,10,明大中野八王子,4335,東京,東京,3,1,7,8回コールド,0,v1_3_workcopy.xlsx
2022,秋季地区,東京,38,２ 回 戦,2R,国士舘,1525,東京,東京,,立正大立正,731,東京,東京,,,,不戦勝,1,v1_3_workcopy.xlsx
2022,秋季地区,東京,39,２ 回 戦,2R,佼成学園,2333,東京,東京,9,大森学園,1342,東京,東京,1,1,8,,0,v1_3_workcopy.xlsx
2022,秋季地区,東京,40,２ 回 戦,2R,帝京,1297,東京,東京,7,片倉,3255,東京,東京,0,1,7,7回コールド,0,v1_3_workcopy.xlsx
2022,秋季地区,東京,41,２ 回 戦,2R,日本ウェルネス,4922,東京,東京,6,早稲田実,14,東京,東京,4,1,2,サヨナラ,0,v1_3_workcopy.xlsx
2022,秋季地区,東京,42,２ 回 戦,2R,二松学舎大付,2380,東京,東京,5,東亜学園,2555,東京,東京,3,1,2,,0,v1_3_workcopy.xlsx
2022,秋季地区,東京,43,２ 回 戦,2R,国学院久我山,1299,東京,東京,14,王子総合,4923,東京,東京,1,1,13,5回コールド,0,v1_3_workcopy.xlsx
2022,秋季地区,東京,44,２ 回 戦,2R,世田谷学園,911,東京,東京,3,関東一,761,東京,東京,2,1,1,,0,v1_3_workcopy.xlsx
2022,秋季地区,東京,45,２ 回 戦,2R,日体大荏原,55,東京,東京,10,足立新田,3749,東京,東京,1,1,9,8回コールド,0,v1_3_workcopy.xlsx
2022,秋季地区,東京,46,２ 回 戦,2R,多摩大目黒,4729,東京,東京,4,実践学園,2389,東京,東京,3,1,1,,0,v1_3_workcopy.xlsx
2022,秋季地区,東京,47,２ 回 戦,2R,日野,3129,東京,東京,8,目黒,4754,東京,東京,1,1,7,7回コールド,0,v1_3_workcopy.xlsx
2022,秋季地区,東京,48,３ 回 戦,3R,二松学舎大付,2380,東京,東京,4,多摩大目黒,4729,東京,東京,1,1,3,,0,v1_3_workcopy.xlsx
2022,秋季地区,東京,49,３ 回 戦,3R,日体大荏原,55,東京,東京,6,日野,3129,東京,東京,1,1,5,,0,v1_3_workcopy.xlsx
2022,秋季地区,東京,50,３ 回 戦,3R,帝京,1297,東京,東京,9,国学院久我山,1299,東京,東京,2,1,7,,0,v1_3_workcopy.xlsx
2022,秋季地区,東京,51,３ 回 戦,3R,世田谷学園,911,東京,東京,3,早稲田実,14,東京,東京,0,1,3,,0,v1_3_workcopy.xlsx
2022,秋季地区,東京,52,３ 回 戦,3R,日大三,171,東京,東京,6,修徳,2197,東京,東京,1,1,5,,0,v1_3_workcopy.xlsx
2022,秋季地区,東京,53,３ 回 戦,3R,国士舘,1525,東京,東京,8,岩倉,1907,東京,東京,6,1,2,,0,v1_3_workcopy.xlsx
2022,秋季地区,東京,54,３ 回 戦,3R,東海大菅生,4104,東京,東京,5,佼成学園,2333,東京,東京,1,1,4,,0,v1_3_workcopy.xlsx
2022,秋季地区,東京,55,３ 回 戦,3R,桜美林,2059,東京,東京,12,海城,1560,東京,東京,3,1,9,7回コールド,0,v1_3_workcopy.xlsx
2022,秋季地区,東京,56,準々決勝,QF,日大三,171,東京,東京,3,桜美林,2059,東京,東京,2,1,1,延長10回,0,v1_3_workcopy.xlsx
2022,秋季地区,東京,57,準々決勝,QF,東海大菅生,4104,東京,東京,2,国士舘,1525,東京,東京,1,1,1,延長12回,0,v1_3_workcopy.xlsx
2022,秋季地区,東京,58,準々決勝,QF,二松学舎大付,2380,東京,東京,6,世田谷学園,911,東京,東京,2,1,4,,0,v1_3_workcopy.xlsx
2022,秋季地区,東京,59,準々決勝,QF,帝京,1297,東京,東京,10,日体大荏原,55,東京,東京,0,1,10,5回コールド,0,v1_3_workcopy.xlsx
2022,秋季地区,東京,60,準 決 勝,SF,二松学舎大付,2380,東京,東京,8,帝京,1297,東京,東京,3,1,5,,0,v1_3_workcopy.xlsx
2022,秋季地区,東京,61,準 決 勝,SF,東海大菅生,4104,東京,東京,3,日大三,171,東京,東京,2,1,1,,0,v1_3_workcopy.xlsx
2022,秋季地区,東京,62, 決  勝,F,東海大菅生,4104,東京,東京,8,二松学舎大付,2380,東京,東京,2,1,6,,0,v1_3_workcopy.xlsx
2022,秋季地区,北信越,1,１ 回 戦,1R,福井商,380,福井,北信越,9,佐久長聖,2895,長野,北信越,2,1,7,7回コールド,0,v1_3_workcopy.xlsx
2022,秋季地区,北信越,2,１ 回 戦,1R,富山第一,2476,富山,北信越,11,新潟明訓,1526,新潟,北信越,5,1,6,,0,v1_3_workcopy.xlsx
2022,秋季地区,北信越,3,１ 回 戦,1R,中越,2307,新潟,北信越,3,星稜,2627,石川,北信越,2,1,1,,0,v1_3_workcopy.xlsx
2022,秋季地区,北信越,4,１ 回 戦,1R,北陸,476,福井,北信越,10,新湊,758,富山,北信越,1,1,9,7回コールド,0,v1_3_workcopy.xlsx
2022,秋季地区,北信越,5,１ 回 戦,1R,敦賀気比,4446,福井,北信越,4,松本国際,2464,長野,北信越,2,1,2,,0,v1_3_workcopy.xlsx
2022,秋季地区,北信越,6,１ 回 戦,1R,氷見,815,富山,北信越,2,遊学館,4755,石川,北信越,0,1,2,延長12回,0,v1_3_workcopy.xlsx
2022,秋季地区,北信越,7,１ 回 戦,1R,松商学園,191,長野,北信越,5,日本文理,4328,新潟,北信越,4,1,1,サヨナラ,0,v1_3_workcopy.xlsx
2022,秋季地区,北信越,8,１ 回 戦,1R,日本航空石川,4805,石川,北信越,5,東京学館新潟,4339,新潟,北信越,1,1,4,,0,v1_3_workcopy.xlsx
2022,秋季地区,北信越,9,準々決勝,QF,松商学園,191,長野,北信越,7,氷見,815,富山,北信越,2,1,5,,0,v1_3_workcopy.xlsx
2022,秋季地区,北信越,10,準々決勝,QF,北陸,476,福井,北信越,5,日本航空石川,4805,石川,北信越,0,1,5,,0,v1_3_workcopy.xlsx
2022,秋季地区,北信越,11,準々決勝,QF,福井商,380,福井,北信越,5,富山第一,2476,富山,北信越,0,1,5,,0,v1_3_workcopy.xlsx
2022,秋季地区,北信越,12,準々決勝,QF,敦賀気比,4446,福井,北信越,11,中越,2307,新潟,北信越,8,1,3,,0,v1_3_workcopy.xlsx
2022,秋季地区,北信越,13,準 決 勝,SF,北陸,476,福井,北信越,4,福井商,380,福井,北信越,3,1,1,,0,v1_3_workcopy.xlsx
2022,秋季地区,北信越,14,準 決 勝,SF,敦賀気比,4446,福井,北信越,3,松商学園,191,長野,北信越,0,1,3,,0,v1_3_workcopy.xlsx
2022,秋季地区,北信越,15, 決  勝,F,北陸,476,福井,北信越,2,敦賀気比,4446,福井,北信越,1,1,1,延長13回、タイブレーク,0,v1_3_workcopy.xlsx
2022,秋季地区,東海,1,１ 回 戦,1R,加藤学園,4654,静岡,東海,6,至学館,4857,愛知,東海,5,1,1,サヨナラ,0,v1_3_workcopy.xlsx
2022,秋季地区,東海,2,１ 回 戦,1R,海星,2058,三重,東海,4,常葉大橘,2641,静岡,東海,2,1,2,,0,v1_3_workcopy.xlsx
2022,秋季地区,東海,3,１ 回 戦,1R,津商,534,三重,東海,10,市岐阜商,3087,岐阜,東海,2,1,8,,0,v1_3_workcopy.xlsx
2022,秋季地区,東海,4,１ 回 戦,1R,大垣日大,2639,岐阜,東海,1,愛工大名電,2306,愛知,東海,0,1,1,,0,v1_3_workcopy.xlsx
2022,秋季地区,東海,5,準々決勝,QF,常葉大菊川,4105,静岡,東海,5,津商,534,三重,東海,4,1,1,,0,v1_3_workcopy.xlsx
2022,秋季地区,東海,6,準々決勝,QF,大垣日大,2639,岐阜,東海,4,三重,2507,三重,東海,2,1,2,,0,v1_3_workcopy.xlsx
2022,秋季地区,東海,7,準々決勝,QF,東邦,641,愛知,東海,11,海星,2058,三重,東海,1,1,10,5回コールド,0,v1_3_workcopy.xlsx
2022,秋季地区,東海,8,準々決勝,QF,加藤学園,4654,静岡,東海,9,中京,2628,岐阜,東海,2,1,7,7回コールド,0,v1_3_workcopy.xlsx
2022,秋季地区,東海,9,準 決 勝,SF,東邦,641,愛知,東海,7,大垣日大,2639,岐阜,東海,4,1,3,,0,v1_3_workcopy.xlsx
2022,秋季地区,東海,10,準 決 勝,SF,常葉大菊川,4105,静岡,東海,2,加藤学園,4654,静岡,東海,0,1,2,,0,v1_3_workcopy.xlsx
2022,秋季地区,東海,11, 決  勝,F,東邦,641,愛知,東海,7,常葉大菊川,4105,静岡,東海,2,1,5,,0,v1_3_workcopy.xlsx
2022,秋季地区,近畿,1,１ 回 戦,1R,彦根総合,4894,滋賀,近畿,4,近大新宮,4828,和歌山,近畿,2,1,2,,0,v1_3_workcopy.xlsx
2022,秋季地区,近畿,2,１ 回 戦,1R,高田商,2278,奈良,近畿,1,乙訓,2905,京都,近畿,0,1,1,サヨナラ,0,v1_3_workcopy.xlsx
2022,秋季地区,近畿,3,１ 回 戦,1R,龍谷大平安,97,京都,近畿,17,海南,460,和歌山,近畿,0,1,17,5回コールド,0,v1_3_workcopy.xlsx
2022,秋季地区,近畿,4,１ 回 戦,1R,大阪桐蔭,4498,大阪,近畿,6,神戸国際大付,2799,兵庫,近畿,3,1,3,,0,v1_3_workcopy.xlsx
2022,秋季地区,近畿,5,１ 回 戦,1R,履正社,432,大阪,近畿,10,瀬田工,1055,滋賀,近畿,2,1,8,7回コールド,0,v1_3_workcopy.xlsx
2022,秋季地区,近畿,6,１ 回 戦,1R,報徳学園,793,兵庫,近畿,11,箕面学園,2621,大阪,近畿,0,1,11,7回コールド,0,v1_3_workcopy.xlsx
2022,秋季地区,近畿,7,準々決勝,QF,龍谷大平安,97,京都,近畿,5,高田商,2278,奈良,近畿,0,1,5,,0,v1_3_workcopy.xlsx
2022,秋季地区,近畿,8,準々決勝,QF,智弁和歌山,3732,和歌山,近畿,7,社,1918,兵庫,近畿,0,1,7,7回コールド,0,v1_3_workcopy.xlsx
2022,秋季地区,近畿,9,準々決勝,QF,報徳学園,793,兵庫,近畿,9,履正社,432,大阪,近畿,6,1,3,,0,v1_3_workcopy.xlsx
2022,秋季地区,近畿,10,準々決勝,QF,大阪桐蔭,4498,大阪,近畿,9,彦根総合,4894,滋賀,近畿,4,1,5,,0,v1_3_workcopy.xlsx
2022,秋季地区,近畿,11,準 決 勝,SF,報徳学園,793,兵庫,近畿,9,智弁和歌山,3732,和歌山,近畿,5,1,4,,0,v1_3_workcopy.xlsx
2022,秋季地区,近畿,12,準 決 勝,SF,大阪桐蔭,4498,大阪,近畿,5,龍谷大平安,97,京都,近畿,3,1,2,,0,v1_3_workcopy.xlsx
2022,秋季地区,近畿,13, 決  勝,F,大阪桐蔭,4498,大阪,近畿,1,報徳学園,793,兵庫,近畿,0,1,1,,0,v1_3_workcopy.xlsx
2022,秋季地区,中国,1,１ 回 戦,1R,広陵,94,広島,中国,5,米子東,40,鳥取,中国,1,1,4,,0,v1_3_workcopy.xlsx
2022,秋季地区,中国,2,１ 回 戦,1R,光,1064,山口,中国,3,浜田,108,島根,中国,0,1,3,,0,v1_3_workcopy.xlsx
2022,秋季地区,中国,3,１ 回 戦,1R,宇部鴻城,2800,山口,中国,9,三刀屋,530,島根,中国,3,1,6,,0,v1_3_workcopy.xlsx
2022,秋季地区,中国,4,１ 回 戦,1R,創志学園,4917,岡山,中国,10,広島商,27,広島,中国,2,1,8,7回コールド,0,v1_3_workcopy.xlsx
2022,秋季地区,中国,5,１ 回 戦,1R,鳥取城北,3124,鳥取,中国,6,益田,1902,島根,中国,1,1,5,,0,v1_3_workcopy.xlsx
2022,秋季地区,中国,6,１ 回 戦,1R,岡山学芸館,3161,岡山,中国,10,米子松蔭,3016,鳥取,中国,4,1,6,,0,v1_3_workcopy.xlsx
2022,秋季地区,中国,7,１ 回 戦,1R,おかやま山陽,1396,岡山,中国,14,神辺旭,3852,広島,中国,4,1,10,6回コールド,0,v1_3_workcopy.xlsx
2022,秋季地区,中国,8,１ 回 戦,1R,高川学園,609,山口,中国,7,広島新庄,780,広島,中国,5,1,2,,0,v1_3_workcopy.xlsx
2022,秋季地区,中国,9,準々決勝,QF,高川学園,609,山口,中国,5,岡山学芸館,3161,岡山,中国,1,1,4,,0,v1_3_workcopy.xlsx
2022,秋季地区,中国,10,準々決勝,QF,鳥取城北,3124,鳥取,中国,4,おかやま山陽,1396,岡山,中国,0,1,4,,0,v1_3_workcopy.xlsx
2022,秋季地区,中国,11,準々決勝,QF,光,1064,山口,中国,6,創志学園,4917,岡山,中国,5,1,1,,0,v1_3_workcopy.xlsx
2022,秋季地区,中国,12,準々決勝,QF,広陵,94,広島,中国,11,宇部鴻城,2800,山口,中国,0,1,11,5回コールド,0,v1_3_workcopy.xlsx
2022,秋季地区,中国,13,準 決 勝,SF,光,1064,山口,中国,2,高川学園,609,山口,中国,1,1,1,,0,v1_3_workcopy.xlsx
2022,秋季地区,中国,14,準 決 勝,SF,広陵,94,広島,中国,8,鳥取城北,3124,鳥取,中国,6,1,2,,0,v1_3_workcopy.xlsx
2022,秋季地区,中国,15, 決  勝,F,広陵,94,広島,中国,13,光,1064,山口,中国,0,1,13,,0,v1_3_workcopy.xlsx
2022,秋季地区,四国,1,１ 回 戦,1R,宇和島東,398,愛媛,四国,6,鳴門渦潮,2629,徳島,四国,5,1,1,,0,v1_3_workcopy.xlsx
2022,秋季地区,四国,2,１ 回 戦,1R,高松商,28,香川,四国,9,徳島商,43,徳島,四国,1,1,8,7回コールド,0,v1_3_workcopy.xlsx
2022,秋季地区,四国,3,１ 回 戦,1R,済美,4781,愛媛,四国,6,高知中央,3064,高知,四国,5,1,1,,0,v1_3_workcopy.xlsx
2022,秋季地区,四国,4,１ 回 戦,1R,高知,643,高知,四国,7,尽誠学園,1522,香川,四国,2,1,5,,0,v1_3_workcopy.xlsx
2022,秋季地区,四国,5,準々決勝,QF,高松商,28,香川,四国,4,明徳義塾,3461,高知,四国,3,1,1,,0,v1_3_workcopy.xlsx
2022,秋季地区,四国,6,準々決勝,QF,英明,4840,香川,四国,2,宇和島東,398,愛媛,四国,0,1,2,,0,v1_3_workcopy.xlsx
2022,秋季地区,四国,7,準々決勝,QF,高知,643,高知,四国,10,今治西,158,愛媛,四国,4,1,6,,0,v1_3_workcopy.xlsx
2022,秋季地区,四国,8,準々決勝,QF,鳴門,44,徳島,四国,11,済美,4781,愛媛,四国,4,1,7,8回コールド,0,v1_3_workcopy.xlsx
2022,秋季地区,四国,9,準 決 勝,SF,高松商,28,香川,四国,4,鳴門,44,徳島,四国,1,1,3,,0,v1_3_workcopy.xlsx
2022,秋季地区,四国,10,準 決 勝,SF,英明,4840,香川,四国,4,高知,643,高知,四国,2,1,2,,0,v1_3_workcopy.xlsx
2022,秋季地区,四国,11, 決  勝,F,英明,4840,香川,四国,5,高松商,28,香川,四国,4,1,1,,0,v1_3_workcopy.xlsx
2022,秋季地区,九州,1,１ 回 戦,1R,東福岡,2469,福岡,九州,7,宮崎商,564,宮崎,九州,0,1,7,7回コールド,0,v1_3_workcopy.xlsx
2022,秋季地区,九州,2,１ 回 戦,1R,長崎日大,3090,長崎,九州,4,文徳,3014,熊本,九州,3,1,1,,0,v1_3_workcopy.xlsx
2022,秋季地区,九州,3,１ 回 戦,1R,大分商,378,大分,九州,10,神村学園,4804,鹿児島,九州,0,1,10,6回コールド,0,v1_3_workcopy.xlsx
2022,秋季地区,九州,4,１ 回 戦,1R,ウェルネス沖縄,4993,沖縄,九州,6,佐賀北,2798,佐賀,九州,2,1,4,,0,v1_3_workcopy.xlsx
2022,秋季地区,九州,5,１ 回 戦,1R,西日本短大付,2635,福岡,九州,6,鹿屋中央,3165,鹿児島,九州,5,1,1,サヨナラ,0,v1_3_workcopy.xlsx
2022,秋季地区,九州,6,１ 回 戦,1R,沖縄尚学,2370,沖縄,九州,8,鳥栖,1716,佐賀,九州,2,1,6,,0,v1_3_workcopy.xlsx
2022,秋季地区,九州,7,１ 回 戦,1R,海星,346,長崎,九州,4,東海大熊本星翔,2554,熊本,九州,3,1,1,,0,v1_3_workcopy.xlsx
2022,秋季地区,九州,8,１ 回 戦,1R,明豊,2152,大分,九州,2,高鍋,1029,宮崎,九州,0,1,2,,0,v1_3_workcopy.xlsx
2022,秋季地区,九州,9,準々決勝,QF,長崎日大,3090,長崎,九州,11,ウェルネス沖縄,4993,沖縄,九州,4,1,7,7回コールド,0,v1_3_workcopy.xlsx
2022,秋季地区,九州,10,準々決勝,QF,大分商,378,大分,九州,2,東福岡,2469,福岡,九州,1,1,1,,0,v1_3_workcopy.xlsx
2022,秋季地区,九州,11,準々決勝,QF,沖縄尚学,2370,沖縄,九州,3,明豊,2152,大分,九州,2,1,1,サヨナラ,0,v1_3_workcopy.xlsx
2022,秋季地区,九州,12,準々決勝,QF,海星,346,長崎,九州,3,西日本短大付,2635,福岡,九州,2,1,1,,0,v1_3_workcopy.xlsx
2022,秋季地区,九州,13,準 決 勝,SF,長崎日大,3090,長崎,九州,4,大分商,378,大分,九州,1,1,3,,0,v1_3_workcopy.xlsx
2022,秋季地区,九州,14,準 決 勝,SF,沖縄尚学,2370,沖縄,九州,7,海星,346,長崎,九州,6,1,1,サヨナラ,0,v1_3_workcopy.xlsx
2022,秋季地区,九州,15, 決  勝,F,沖縄尚学,2370,沖縄,九州,8,長崎日大,3090,長崎,九州,5,1,3,,0,v1_3_workcopy.xlsx
2022,明治神宮,,1,１ 回 戦,1R,英明,4840,香川,四国,10,山梨学院,2336,山梨,関東,7,1,3,,0,v1_3_workcopy.xlsx
2022,明治神宮,,2,１ 回 戦,1R,大阪桐蔭,4498,大阪,近畿,9,東邦,641,愛知,東海,1,1,8,,0,v1_3_workcopy.xlsx
2022,明治神宮,,3,準々決勝,QF,広陵,94,広島,中国,6,東海大菅生,4104,東京,東京,2,1,4,,0,v1_3_workcopy.xlsx
2022,明治神宮,,4,準々決勝,QF,仙台育英,646,宮城,東北,5,沖縄尚学,2370,沖縄,九州,4,1,1,サヨナラ,0,v1_3_workcopy.xlsx
2022,明治神宮,,5,準々決勝,QF,北陸,476,福井,北信越,4,英明,4840,香川,四国,3,1,1,,0,v1_3_workcopy.xlsx
2022,明治神宮,,6,準々決勝,QF,大阪桐蔭,4498,大阪,近畿,12,クラーク国際,4959,北海道,北海道,2,1,10,6回コールド,0,v1_3_workcopy.xlsx
2022,明治神宮,,7,準 決 勝,SF,大阪桐蔭,4498,大阪,近畿,5,仙台育英,646,宮城,東北,4,1,1,,0,v1_3_workcopy.xlsx
2022,明治神宮,,8,準 決 勝,SF,広陵,94,広島,中国,5,北陸,476,福井,北信越,0,1,5,,0,v1_3_workcopy.xlsx
2022,明治神宮,,9, 決  勝,F,大阪桐蔭,4498,大阪,近畿,6,広陵,94,広島,中国,5,1,1,,0,v1_3_workcopy.xlsx
2023,選抜,,1,１ 回 戦,1R,山梨学院,2336,山梨,関東,3,東北,291,宮城,東北,1,1,2,,0,v1_3_workcopy.xlsx
2023,選抜,,2,１ 回 戦,1R,高知,643,高知,四国,4,北陸,476,福井,北信越,1,1,3,,0,v1_3_workcopy.xlsx
2023,選抜,,3,１ 回 戦,1R,沖縄尚学,2370,沖縄,九州,4,大垣日大,2639,岐阜,東海,3,1,1,,0,v1_3_workcopy.xlsx
2023,選抜,,4,１ 回 戦,1R,東邦,641,愛知,東海,6,鳥取城北,3124,鳥取,中国,3,1,3,,0,v1_3_workcopy.xlsx
2023,選抜,,5,２ 回 戦,2R,作新学院,387,栃木,関東,8,大分商,378,大分,九州,6,1,2,,0,v1_3_workcopy.xlsx
2023,選抜,,6,２ 回 戦,2R,英明,4840,香川,四国,3,智弁和歌山,3732,和歌山,近畿,2,1,1,,0,v1_3_workcopy.xlsx
2023,選抜,,7,２ 回 戦,2R,海星,346,長崎,九州,5,社,1918,兵庫,近畿,1,1,4,,0,v1_3_workcopy.xlsx
2023,選抜,,8,２ 回 戦,2R,広陵,94,広島,中国,5,二松学舎大付,2380,東京,東京,0,1,5,,0,v1_3_workcopy.xlsx
2023,選抜,,9,２ 回 戦,2R,大阪桐蔭,4498,大阪,近畿,3,敦賀気比,4446,福井,北信越,1,1,2,,0,v1_3_workcopy.xlsx
2023,選抜,,10,２ 回 戦,2R,能代松陽,910,秋田,東北,3,石橋,587,栃木,関東,0,1,3,,0,v1_3_workcopy.xlsx
2023,選抜,,11,２ 回 戦,2R,龍谷大平安,97,京都,近畿,4,長崎日大,3090,長崎,九州,3,1,1,,0,v1_3_workcopy.xlsx
2023,選抜,,12,２ 回 戦,2R,仙台育英,646,宮城,東北,2,慶応,23,神奈川,関東,1,1,1,延長10回サヨナラ、タイブレーク,0,v1_3_workcopy.xlsx
2023,選抜,,13,２ 回 戦,2R,光,1064,山口,中国,2,彦根総合,4894,滋賀,近畿,0,1,2,,0,v1_3_workcopy.xlsx
2023,選抜,,14,２ 回 戦,2R,専大松戸,2480,千葉,関東,3,常葉大菊川,4105,静岡,東海,0,1,3,,0,v1_3_workcopy.xlsx
2023,選抜,,15,２ 回 戦,2R,東海大菅生,4104,東京,東京,5,城東,1723,徳島,四国,2,1,3,,0,v1_3_workcopy.xlsx
2023,選抜,,16,２ 回 戦,2R,報徳学園,793,兵庫,近畿,7,健大高崎,4784,群馬,関東,2,1,5,,0,v1_3_workcopy.xlsx
2023,選抜,,17,２ 回 戦,2R,山梨学院,2336,山梨,関東,4,氷見,815,富山,北信越,1,1,3,,0,v1_3_workcopy.xlsx
2023,選抜,,18,２ 回 戦,2R,高知,643,高知,四国,3,履正社,432,大阪,近畿,2,1,1,,0,v1_3_workcopy.xlsx
2023,選抜,,19,２ 回 戦,2R,沖縄尚学,2370,沖縄,九州,3,クラーク国際,4959,北海道,北海道,1,1,2,,0,v1_3_workcopy.xlsx
2023,選抜,,20,２ 回 戦,2R,東邦,641,愛知,東海,6,高松商,28,香川,四国,3,1,3,,0,v1_3_workcopy.xlsx
2023,選抜,,21,３ 回 戦,3R,作新学院,387,栃木,関東,9,英明,4840,香川,四国,8,1,1,,0,v1_3_workcopy.xlsx
2023,選抜,,22,３ 回 戦,3R,山梨学院,2336,山梨,関東,7,光,1064,山口,中国,1,1,6,,0,v1_3_workcopy.xlsx
2023,選抜,,23,３ 回 戦,3R,専大松戸,2480,千葉,関東,6,高知,643,高知,四国,4,1,2,,0,v1_3_workcopy.xlsx
2023,選抜,,24,３ 回 戦,3R,広陵,94,広島,中国,3,海星,346,長崎,九州,2,1,1,,0,v1_3_workcopy.xlsx
2023,選抜,,25,３ 回 戦,3R,大阪桐蔭,4498,大阪,近畿,1,能代松陽,910,秋田,東北,0,1,1,,0,v1_3_workcopy.xlsx
2023,選抜,,26,３ 回 戦,3R,東海大菅生,4104,東京,東京,1,沖縄尚学,2370,沖縄,九州,0,1,1,,0,v1_3_workcopy.xlsx
2023,選抜,,27,３ 回 戦,3R,報徳学園,793,兵庫,近畿,5,東邦,641,愛知,東海,4,1,1,延長10回サヨナラ、タイブレーク,0,v1_3_workcopy.xlsx
2023,選抜,,28,３ 回 戦,3R,仙台育英,646,宮城,東北,6,龍谷大平安,97,京都,近畿,1,1,5,,0,v1_3_workcopy.xlsx
2023,選抜,,29,準々決勝,QF,山梨学院,2336,山梨,関東,12,作新学院,387,栃木,関東,3,1,9,,0,v1_3_workcopy.xlsx
2023,選抜,,30,準々決勝,QF,広陵,94,広島,中国,9,専大松戸,2480,千葉,関東,2,1,7,,0,v1_3_workcopy.xlsx
2023,選抜,,31,準々決勝,QF,大阪桐蔭,4498,大阪,近畿,6,東海大菅生,4104,東京,東京,1,1,5,,0,v1_3_workcopy.xlsx
2023,選抜,,32,準々決勝,QF,報徳学園,793,兵庫,近畿,5,仙台育英,646,宮城,東北,4,1,1,延長10回サヨナラ、タイブレーク,0,v1_3_workcopy.xlsx
2023,選抜,,33,準 決 勝,SF,山梨学院,2336,山梨,関東,6,広陵,94,広島,中国,1,1,5,,0,v1_3_workcopy.xlsx
2023,選抜,,34,準 決 勝,SF,報徳学園,793,兵庫,近畿,7,大阪桐蔭,4498,大阪,近畿,5,1,2,,0,v1_3_workcopy.xlsx
2023,選抜,,35, 決  勝,F,山梨学院,2336,山梨,関東,7,報徳学園,793,兵庫,近畿,3,1,4,,0,v1_3_workcopy.xlsx
2023,春季地区,北海道,1,１ 回 戦,1R,北海道栄,2780,北海道,北海道,12,札幌第一,2430,北海道,北海道,5,1,7,7回コールド,0,v1_3_workcopy.xlsx
2023,春季地区,北海道,2,１ 回 戦,1R,旭川明成,4690,北海道,北海道,8,稚内大谷,3092,北海道,北海道,2,1,6,,0,v1_3_workcopy.xlsx
2023,春季地区,北海道,3,１ 回 戦,1R,立命館慶祥,1096,北海道,北海道,11,駒大苫小牧,2767,北海道,北海道,10,1,1,,0,v1_3_workcopy.xlsx
2023,春季地区,北海道,4,１ 回 戦,1R,白樺学園,2385,北海道,北海道,7,函館大有斗,1517,北海道,北海道,1,1,6,,0,v1_3_workcopy.xlsx
2023,春季地区,北海道,5,１ 回 戦,1R,札幌日大,4447,北海道,北海道,7,小樽双葉,4761,北海道,北海道,0,1,7,7回コールド,0,v1_3_workcopy.xlsx
2023,春季地区,北海道,6,１ 回 戦,1R,北海,212,北海道,北海道,10,遠軽,1353,北海道,北海道,9,1,1,延長10回サヨナラ、タイブレーク,0,v1_3_workcopy.xlsx
2023,春季地区,北海道,7,１ 回 戦,1R,札幌大谷,4893,北海道,北海道,6,岩見沢東,618,北海道,北海道,2,1,4,,0,v1_3_workcopy.xlsx
2023,春季地区,北海道,8,１ 回 戦,1R,クラーク国際,4959,北海道,北海道,8,武修館,3379,北海道,北海道,1,1,7,8回コールド,0,v1_3_workcopy.xlsx
2023,春季地区,北海道,9,準々決勝,QF,立命館慶祥,1096,北海道,北海道,9,白樺学園,2385,北海道,北海道,2,1,7,8回コールド,0,v1_3_workcopy.xlsx
2023,春季地区,北海道,10,準々決勝,QF,北海,212,北海道,北海道,5,札幌日大,4447,北海道,北海道,0,1,5,,0,v1_3_workcopy.xlsx
2023,春季地区,北海道,11,準々決勝,QF,札幌大谷,4893,北海道,北海道,6,クラーク国際,4959,北海道,北海道,5,1,1,,0,v1_3_workcopy.xlsx
2023,春季地区,北海道,12,準々決勝,QF,北海道栄,2780,北海道,北海道,2,旭川明成,4690,北海道,北海道,0,1,2,,0,v1_3_workcopy.xlsx
2023,春季地区,北海道,13,準 決 勝,SF,北海道栄,2780,北海道,北海道,8,立命館慶祥,1096,北海道,北海道,7,1,1,延長10回、タイブレーク,0,v1_3_workcopy.xlsx
2023,春季地区,北海道,14,準 決 勝,SF,北海,212,北海道,北海道,4,札幌大谷,4893,北海道,北海道,0,1,4,,0,v1_3_workcopy.xlsx
2023,春季地区,北海道,15, 決  勝,F,北海,212,北海道,北海道,13,北海道栄,2780,北海道,北海道,2,1,11,,0,v1_3_workcopy.xlsx
2023,春季地区,東北,1,１ 回 戦,1R,八戸学院光星,2310,青森,東北,12,仙台一,92,宮城,東北,2,1,10,5回コールド,0,v1_3_workcopy.xlsx
2023,春季地区,東北,2,１ 回 戦,1R,一関学院,1295,岩手,東北,5,秋田商,332,秋田,東北,4,1,1,,0,v1_3_workcopy.xlsx
2023,春季地区,東北,3,１ 回 戦,1R,盛岡三,2778,岩手,東北,8,八戸工大一,2510,青森,東北,1,1,7,7回コールド,0,v1_3_workcopy.xlsx
2023,春季地区,東北,4,１ 回 戦,1R,日大山形,2421,山形,東北,6,聖光学院,2638,福島,東北,5,1,1,延長10回サヨナラ、タイブレーク,0,v1_3_workcopy.xlsx
2023,春季地区,東北,5,１ 回 戦,1R,明桜,2201,秋田,東北,8,日大東北,2145,福島,東北,5,1,3,,0,v1_3_workcopy.xlsx
2023,春季地区,東北,6,１ 回 戦,1R,花巻東,2305,岩手,東北,2,仙台商,301,宮城,東北,0,1,2,,0,v1_3_workcopy.xlsx
2023,春季地区,東北,7,準々決勝,QF,仙台育英,646,宮城,東北,8,一関学院,1295,岩手,東北,0,1,8,7回コールド,0,v1_3_workcopy.xlsx
2023,春季地区,東北,8,準々決勝,QF,盛岡三,2778,岩手,東北,6,日大山形,2421,山形,東北,2,1,4,,0,v1_3_workcopy.xlsx
2023,春季地区,東北,9,準々決勝,QF,八戸学院光星,2310,青森,東北,7,鶴岡東,3057,山形,東北,0,1,7,8回コールド,0,v1_3_workcopy.xlsx
2023,春季地区,東北,10,準々決勝,QF,明桜,2201,秋田,東北,5,花巻東,2305,岩手,東北,2,1,3,,0,v1_3_workcopy.xlsx
2023,春季地区,東北,11,準 決 勝,SF,仙台育英,646,宮城,東北,3,盛岡三,2778,岩手,東北,0,1,3,,0,v1_3_workcopy.xlsx
2023,春季地区,東北,12,準 決 勝,SF,八戸学院光星,2310,青森,東北,8,明桜,2201,秋田,東北,5,1,3,,0,v1_3_workcopy.xlsx
2023,春季地区,東北,13, 決  勝,F,八戸学院光星,2310,青森,東北,3,仙台育英,646,宮城,東北,2,1,1,,0,v1_3_workcopy.xlsx
2023,春季地区,関東,1,１ 回 戦,1R,山梨学院,2336,山梨,関東,12,横浜隼人,3738,神奈川,関東,0,1,12,5回コールド,0,v1_3_workcopy.xlsx
2023,春季地区,関東,2,２ 回 戦,2R,相洋,1108,神奈川,関東,5,作新学院,387,栃木,関東,4,1,1,延長11回サヨナラ、タイブレーク,0,v1_3_workcopy.xlsx
2023,春季地区,関東,3,２ 回 戦,2R,常総学院,4225,茨城,関東,7,関東一,761,東京,東京,3,1,4,,0,v1_3_workcopy.xlsx
2023,春季地区,関東,4,２ 回 戦,2R,専大松戸,2480,千葉,関東,4,浦和学院,3733,埼玉,関東,3,1,1,,0,v1_3_workcopy.xlsx
2023,春季地区,関東,5,２ 回 戦,2R,明和県央,4168,群馬,関東,6,甲府工,706,山梨,関東,3,1,3,,0,v1_3_workcopy.xlsx
2023,春季地区,関東,6,２ 回 戦,2R,帝京,1297,東京,東京,9,山梨学院,2336,山梨,関東,8,1,1,,0,v1_3_workcopy.xlsx
2023,春季地区,関東,7,２ 回 戦,2R,昌平,3842,埼玉,関東,4,文星芸大付,392,栃木,関東,0,1,4,,0,v1_3_workcopy.xlsx
2023,春季地区,関東,8,２ 回 戦,2R,健大高崎,4784,群馬,関東,6,土浦日大,2779,茨城,関東,5,1,1,延長10回サヨナラ、タイブレーク,0,v1_3_workcopy.xlsx
2023,春季地区,関東,9,２ 回 戦,2R,木更津総合,2775,千葉,関東,3,慶応,23,神奈川,関東,2,1,1,,0,v1_3_workcopy.xlsx
2023,春季地区,関東,10,準々決勝,QF,木更津総合,2775,千葉,関東,7,昌平,3842,埼玉,関東,2,1,5,,0,v1_3_workcopy.xlsx
2023,春季地区,関東,11,準々決勝,QF,健大高崎,4784,群馬,関東,2,帝京,1297,東京,東京,0,1,2,,0,v1_3_workcopy.xlsx
2023,春季地区,関東,12,準々決勝,QF,常総学院,4225,茨城,関東,7,明和県央,4168,群馬,関東,0,1,7,7回コールド,0,v1_3_workcopy.xlsx
2023,春季地区,関東,13,準々決勝,QF,専大松戸,2480,千葉,関東,5,相洋,1108,神奈川,関東,4,1,1,,0,v1_3_workcopy.xlsx
2023,春季地区,関東,14,準 決 勝,SF,木更津総合,2775,千葉,関東,3,常総学院,4225,茨城,関東,0,1,3,,0,v1_3_workcopy.xlsx
2023,春季地区,関東,15,準 決 勝,SF,健大高崎,4784,群馬,関東,6,専大松戸,2480,千葉,関東,4,1,2,,0,v1_3_workcopy.xlsx
2023,春季地区,関東,16, 決  勝,F,健大高崎,4784,群馬,関東,10,木更津総合,2775,千葉,関東,7,1,3,,0,v1_3_workcopy.xlsx
2023,春季地区,北信越,1,準々決勝,QF,遊学館,4755,石川,北信越,5,上田西,2519,長野,北信越,4,1,1,サヨナラ,0,v1_3_workcopy.xlsx
2023,春季地区,北信越,2,準々決勝,QF,日本航空石川,4805,石川,北信越,4,富山商,252,富山,北信越,1,1,3,,0,v1_3_workcopy.xlsx
2023,春季地区,北信越,3,準々決勝,QF,帝京長岡,4506,新潟,北信越,9,小松大谷,2791,石川,北信越,6,1,3,,0,v1_3_workcopy.xlsx
2023,春季地区,北信越,4,準々決勝,QF,星稜,2627,石川,北信越,6,丹生,1755,福井,北信越,0,1,6,,0,v1_3_workcopy.xlsx
2023,春季地区,北信越,5,準 決 勝,SF,日本航空石川,4805,石川,北信越,7,遊学館,4755,石川,北信越,6,1,1,,0,v1_3_workcopy.xlsx
2023,春季地区,北信越,6,準 決 勝,SF,星稜,2627,石川,北信越,2,帝京長岡,4506,新潟,北信越,1,1,1,,0,v1_3_workcopy.xlsx
2023,春季地区,北信越,7, 決  勝,F,日本航空石川,4805,石川,北信越,7,星稜,2627,石川,北信越,3,1,4,,0,v1_3_workcopy.xlsx
2023,春季地区,東海,1,準々決勝,QF,県岐阜商,459,岐阜,東海,3,津商,534,三重,東海,0,1,3,,0,v1_3_workcopy.xlsx
2023,春季地区,東海,2,準々決勝,QF,東邦,641,愛知,東海,2,日大三島,2468,静岡,東海,1,1,1,サヨナラ,0,v1_3_workcopy.xlsx
2023,春季地区,東海,3,準々決勝,QF,加藤学園,4654,静岡,東海,5,大垣日大,2639,岐阜,東海,4,1,1,,0,v1_3_workcopy.xlsx
2023,春季地区,東海,4,準々決勝,QF,至学館,4857,愛知,東海,5,いなべ総合,2248,三重,東海,1,1,4,,0,v1_3_workcopy.xlsx
2023,春季地区,東海,5,準 決 勝,SF,県岐阜商,459,岐阜,東海,4,東邦,641,愛知,東海,3,1,1,,0,v1_3_workcopy.xlsx
2023,春季地区,東海,6,準 決 勝,SF,加藤学園,4654,静岡,東海,3,至学館,4857,愛知,東海,1,1,2,,0,v1_3_workcopy.xlsx
2023,春季地区,東海,7, 決  勝,F,加藤学園,4654,静岡,東海,8,県岐阜商,459,岐阜,東海,6,1,2,,0,v1_3_workcopy.xlsx
2023,春季地区,近畿,1,準々決勝,QF,智弁学園,3009,奈良,近畿,8,大阪桐蔭,4498,大阪,近畿,6,1,2,,0,v1_3_workcopy.xlsx
2023,春季地区,近畿,2,準々決勝,QF,市和歌山,2331,和歌山,近畿,7,報徳学園,793,兵庫,近畿,4,1,3,,0,v1_3_workcopy.xlsx
2023,春季地区,近畿,3,準々決勝,QF,金光大阪,4108,大阪,近畿,3,近江,2335,滋賀,近畿,2,1,1,,0,v1_3_workcopy.xlsx
2023,春季地区,近畿,4,準々決勝,QF,京都国際,4707,京都,近畿,2,近大付,1048,大阪,近畿,0,1,2,,0,v1_3_workcopy.xlsx
2023,春季地区,近畿,5,準 決 勝,SF,金光大阪,4108,大阪,近畿,6,京都国際,4707,京都,近畿,5,1,1,サヨナラ,0,v1_3_workcopy.xlsx
2023,春季地区,近畿,6,準 決 勝,SF,智弁学園,3009,奈良,近畿,10,市和歌山,2331,和歌山,近畿,3,1,7,7回コールド,0,v1_3_workcopy.xlsx
2023,春季地区,近畿,7, 決  勝,F,智弁学園,3009,奈良,近畿,10,金光大阪,4108,大阪,近畿,0,1,10,,0,v1_3_workcopy.xlsx
2023,春季地区,中国,1,準々決勝,QF,下関国際,2930,山口,中国,10,大社,32,島根,中国,1,1,9,8回コールド,0,v1_3_workcopy.xlsx
2023,春季地区,中国,2,準々決勝,QF,岡山学芸館,3161,岡山,中国,3,高川学園,609,山口,中国,1,1,2,,0,v1_3_workcopy.xlsx
2023,春季地区,中国,3,準々決勝,QF,宇部鴻城,2800,山口,中国,12,鳥取城北,3124,鳥取,中国,8,1,4,延長12回、タイブレーク,0,v1_3_workcopy.xlsx
2023,春季地区,中国,4,準々決勝,QF,広陵,94,広島,中国,6,柳井,333,山口,中国,0,1,6,,0,v1_3_workcopy.xlsx
2023,春季地区,中国,5,準 決 勝,SF,宇部鴻城,2800,山口,中国,10,下関国際,2930,山口,中国,2,1,8,7回コールド,0,v1_3_workcopy.xlsx
2023,春季地区,中国,6,準 決 勝,SF,広陵,94,広島,中国,1,岡山学芸館,3161,岡山,中国,0,1,1,,0,v1_3_workcopy.xlsx
2023,春季地区,中国,7, 決  勝,F,広陵,94,広島,中国,9,宇部鴻城,2800,山口,中国,1,1,8,,0,v1_3_workcopy.xlsx
2023,春季地区,四国,1,準々決勝,QF,丸亀城西,600,香川,四国,4,帝京五,2771,愛媛,四国,1,1,3,,0,v1_3_workcopy.xlsx
2023,春季地区,四国,2,準々決勝,QF,城東,1723,徳島,四国,8,高松商,28,香川,四国,6,1,2,延長10回、タイブレーク,0,v1_3_workcopy.xlsx
2023,春季地区,四国,3,準々決勝,QF,高知,643,高知,四国,7,阿南光,1912,徳島,四国,6,1,1,,0,v1_3_workcopy.xlsx
2023,春季地区,四国,4,準々決勝,QF,明徳義塾,3461,高知,四国,5,松山商,159,愛媛,四国,4,1,1,延長10回サヨナラ、タイブレーク,0,v1_3_workcopy.xlsx
2023,春季地区,四国,5,準 決 勝,SF,明徳義塾,3461,高知,四国,2,城東,1723,徳島,四国,1,1,1,,0,v1_3_workcopy.xlsx
2023,春季地区,四国,6,準 決 勝,SF,高知,643,高知,四国,5,丸亀城西,600,香川,四国,2,1,3,,0,v1_3_workcopy.xlsx
2023,春季地区,四国,7, 決  勝,F,明徳義塾,3461,高知,四国,2,高知,643,高知,四国,0,1,2,,0,v1_3_workcopy.xlsx
2023,春季地区,九州,1,１ 回 戦,1R,有明,2673,熊本,九州,7,日南学園,3018,宮崎,九州,5,1,2,,0,v1_3_workcopy.xlsx
2023,春季地区,九州,2,１ 回 戦,1R,福岡大大濠,2143,福岡,九州,10,海星,346,長崎,九州,1,1,9,7回コールド,0,v1_3_workcopy.xlsx
2023,春季地区,九州,3,１ 回 戦,1R,大分商,378,大分,九州,8,大崎,2517,長崎,九州,6,1,2,延長10回、タイブレーク,0,v1_3_workcopy.xlsx
2023,春季地区,九州,4,１ 回 戦,1R,ウェルネス沖縄,4993,沖縄,九州,6,城北,3123,熊本,九州,1,1,5,,0,v1_3_workcopy.xlsx
2023,春季地区,九州,5,１ 回 戦,1R,文徳,3014,熊本,九州,9,沖縄尚学,2370,沖縄,九州,4,1,5,,0,v1_3_workcopy.xlsx
2023,春季地区,九州,6,１ 回 戦,1R,佐賀北,2798,佐賀,九州,7,熊本商,416,熊本,九州,0,1,7,7回コールド,0,v1_3_workcopy.xlsx
2023,春季地区,九州,7,１ 回 戦,1R,西日本短大付,2635,福岡,九州,4,長崎日大,3090,長崎,九州,0,1,4,,0,v1_3_workcopy.xlsx
2023,春季地区,九州,8,１ 回 戦,1R,大分舞鶴,2155,大分,九州,6,鹿児島城西,2249,鹿児島,九州,3,1,3,,0,v1_3_workcopy.xlsx
2023,春季地区,九州,9,準々決勝,QF,有明,2673,熊本,九州,4,大分商,378,大分,九州,1,1,3,,0,v1_3_workcopy.xlsx
2023,春季地区,九州,10,準々決勝,QF,福岡大大濠,2143,福岡,九州,9,ウェルネス沖縄,4993,沖縄,九州,2,1,7,7回コールド,0,v1_3_workcopy.xlsx
2023,春季地区,九州,11,準々決勝,QF,大分舞鶴,2155,大分,九州,6,文徳,3014,熊本,九州,2,1,4,,0,v1_3_workcopy.xlsx
2023,春季地区,九州,12,準々決勝,QF,西日本短大付,2635,福岡,九州,6,佐賀北,2798,佐賀,九州,0,1,6,,0,v1_3_workcopy.xlsx
2023,春季地区,九州,13,準 決 勝,SF,有明,2673,熊本,九州,3,福岡大大濠,2143,福岡,九州,2,1,1,,0,v1_3_workcopy.xlsx
2023,春季地区,九州,14,準 決 勝,SF,大分舞鶴,2155,大分,九州,7,西日本短大付,2635,福岡,九州,0,1,7,7回コールド,0,v1_3_workcopy.xlsx
2023,春季地区,九州,15, 決  勝,F,有明,2673,熊本,九州,16,大分舞鶴,2155,大分,九州,3,1,13,,0,v1_3_workcopy.xlsx
2023,選手権,,1,１ 回 戦,1R,土浦日大,2779,茨城,関東,8,上田西,2519,長野,北信越,3,1,5,延長10回、タイブレーク,0,v1_3_workcopy.xlsx
2023,選手権,,2,１ 回 戦,1R,聖光学院,2638,福島,東北,9,共栄学園,4839,東京,東京,3,1,6,,0,v1_3_workcopy.xlsx
2023,選手権,,3,１ 回 戦,1R,仙台育英,646,宮城,東北,19,浦和学院,3733,埼玉,関東,9,1,10,,0,v1_3_workcopy.xlsx
2023,選手権,,4,１ 回 戦,1R,高知中央,3064,高知,四国,9,川之江,1904,愛媛,四国,4,1,5,,0,v1_3_workcopy.xlsx
2023,選手権,,5,１ 回 戦,1R,履正社,432,大阪,近畿,6,鳥取商,763,鳥取,中国,0,1,6,,0,v1_3_workcopy.xlsx
2023,選手権,,6,１ 回 戦,1R,智弁学園,3009,奈良,近畿,7,英明,4840,香川,四国,6,1,1,延長10回サヨナラ、タイブレーク,0,v1_3_workcopy.xlsx
2023,選手権,,7,１ 回 戦,1R,徳島商,43,徳島,四国,2,愛工大名電,2306,愛知,東海,1,1,1,,0,v1_3_workcopy.xlsx
2023,選手権,,8,１ 回 戦,1R,花巻東,2305,岩手,東北,4,宇部鴻城,2800,山口,中国,1,1,3,,0,v1_3_workcopy.xlsx
2023,選手権,,9,１ 回 戦,1R,クラーク国際,4959,北海道,北海道,7,前橋商,457,群馬,関東,1,1,6,,0,v1_3_workcopy.xlsx
2023,選手権,,10,１ 回 戦,1R,おかやま山陽,1396,岡山,中国,9,日大山形,2421,山形,東北,2,1,7,,0,v1_3_workcopy.xlsx
2023,選手権,,11,１ 回 戦,1R,大垣日大,2639,岐阜,東海,7,近江,2335,滋賀,近畿,2,1,5,,0,v1_3_workcopy.xlsx
2023,選手権,,12,１ 回 戦,1R,鳥栖工,1082,佐賀,九州,3,富山商,252,富山,北信越,2,1,1,延長12回サヨナラ、タイブレーク,0,v1_3_workcopy.xlsx
2023,選手権,,13,１ 回 戦,1R,日大三,171,東京,東京,3,社,1918,兵庫,近畿,0,1,3,,0,v1_3_workcopy.xlsx
2023,選手権,,14,１ 回 戦,1R,市和歌山,2331,和歌山,近畿,5,東京学館新潟,4339,新潟,北信越,4,1,1,,0,v1_3_workcopy.xlsx
2023,選手権,,15,１ 回 戦,1R,神村学園,4804,鹿児島,九州,10,立命館宇治,3088,京都,近畿,2,1,8,,0,v1_3_workcopy.xlsx
2023,選手権,,16,１ 回 戦,1R,浜松開誠館,4682,静岡,東海,5,東海大熊本星翔,2554,熊本,九州,2,1,3,,0,v1_3_workcopy.xlsx
2023,選手権,,17,１ 回 戦,1R,北海,212,北海道,北海道,9,明豊,2152,大分,九州,8,1,1,延長10回サヨナラ、タイブレーク,0,v1_3_workcopy.xlsx
2023,選手権,,18,２ 回 戦,2R,創成館,2652,長崎,九州,6,星稜,2627,石川,北信越,3,1,3,,0,v1_3_workcopy.xlsx
2023,選手権,,19,２ 回 戦,2R,沖縄尚学,2370,沖縄,九州,3,いなべ総合,2248,三重,東海,0,1,3,,0,v1_3_workcopy.xlsx
2023,選手権,,20,２ 回 戦,2R,広陵,94,広島,中国,8,立正大淞南,2516,島根,中国,3,1,5,,0,v1_3_workcopy.xlsx
2023,選手権,,21,２ 回 戦,2R,慶応,23,神奈川,関東,9,北陸,476,福井,北信越,4,1,5,,0,v1_3_workcopy.xlsx
2023,選手権,,22,２ 回 戦,2R,文星芸大付,392,栃木,関東,9,宮崎学園,4806,宮崎,九州,7,1,2,,0,v1_3_workcopy.xlsx
2023,選手権,,23,２ 回 戦,2R,八戸学院光星,2310,青森,東北,7,明桜,2201,秋田,東北,0,1,7,,0,v1_3_workcopy.xlsx
2023,選手権,,24,２ 回 戦,2R,専大松戸,2480,千葉,関東,7,東海大甲府,2422,山梨,関東,5,1,2,,0,v1_3_workcopy.xlsx
2023,選手権,,25,２ 回 戦,2R,土浦日大,2779,茨城,関東,3,九州国際大付,2553,福岡,九州,0,1,3,,0,v1_3_workcopy.xlsx
2023,選手権,,26,２ 回 戦,2R,仙台育英,646,宮城,東北,8,聖光学院,2638,福島,東北,2,1,6,,0,v1_3_workcopy.xlsx
2023,選手権,,27,２ 回 戦,2R,履正社,432,大阪,近畿,10,高知中央,3064,高知,四国,4,1,6,,0,v1_3_workcopy.xlsx
2023,選手権,,28,２ 回 戦,2R,智弁学園,3009,奈良,近畿,12,徳島商,43,徳島,四国,6,1,6,,0,v1_3_workcopy.xlsx
2023,選手権,,29,２ 回 戦,2R,花巻東,2305,岩手,東北,2,クラーク国際,4959,北海道,北海道,1,1,1,,0,v1_3_workcopy.xlsx
2023,選手権,,30,２ 回 戦,2R,おかやま山陽,1396,岡山,中国,4,大垣日大,2639,岐阜,東海,3,1,1,延長10回サヨナラ、タイブレーク,0,v1_3_workcopy.xlsx
2023,選手権,,31,２ 回 戦,2R,日大三,171,東京,東京,3,鳥栖工,1082,佐賀,九州,1,1,2,,0,v1_3_workcopy.xlsx
2023,選手権,,32,２ 回 戦,2R,神村学園,4804,鹿児島,九州,11,市和歌山,2331,和歌山,近畿,1,1,10,,0,v1_3_workcopy.xlsx
2023,選手権,,33,２ 回 戦,2R,北海,212,北海道,北海道,3,浜松開誠館,4682,静岡,東海,2,1,1,サヨナラ,0,v1_3_workcopy.xlsx
2023,選手権,,34,３ 回 戦,3R,沖縄尚学,2370,沖縄,九州,5,創成館,2652,長崎,九州,1,1,4,,0,v1_3_workcopy.xlsx
2023,選手権,,35,３ 回 戦,3R,慶応,23,神奈川,関東,6,広陵,94,広島,中国,3,1,3,延長10回、タイブレーク,0,v1_3_workcopy.xlsx
2023,選手権,,36,３ 回 戦,3R,八戸学院光星,2310,青森,東北,6,文星芸大付,392,栃木,関東,3,1,3,,0,v1_3_workcopy.xlsx
2023,選手権,,37,３ 回 戦,3R,土浦日大,2779,茨城,関東,10,専大松戸,2480,千葉,関東,6,1,4,,0,v1_3_workcopy.xlsx
2023,選手権,,38,３ 回 戦,3R,仙台育英,646,宮城,東北,4,履正社,432,大阪,近畿,3,1,1,,0,v1_3_workcopy.xlsx
2023,選手権,,39,３ 回 戦,3R,花巻東,2305,岩手,東北,5,智弁学園,3009,奈良,近畿,2,1,3,,0,v1_3_workcopy.xlsx
2023,選手権,,40,３ 回 戦,3R,おかやま山陽,1396,岡山,中国,7,日大三,171,東京,東京,2,1,5,,0,v1_3_workcopy.xlsx
2023,選手権,,41,３ 回 戦,3R,神村学園,4804,鹿児島,九州,10,北海,212,北海道,北海道,4,1,6,,0,v1_3_workcopy.xlsx
2023,選手権,,42,準々決勝,QF,慶応,23,神奈川,関東,7,沖縄尚学,2370,沖縄,九州,2,1,5,,0,v1_3_workcopy.xlsx
2023,選手権,,43,準々決勝,QF,土浦日大,2779,茨城,関東,9,八戸学院光星,2310,青森,東北,2,1,7,,0,v1_3_workcopy.xlsx
2023,選手権,,44,準々決勝,QF,仙台育英,646,宮城,東北,9,花巻東,2305,岩手,東北,4,1,5,,0,v1_3_workcopy.xlsx
2023,選手権,,45,準々決勝,QF,神村学園,4804,鹿児島,九州,6,おかやま山陽,1396,岡山,中国,0,1,6,,0,v1_3_workcopy.xlsx
2023,選手権,,46,準 決 勝,SF,仙台育英,646,宮城,東北,6,神村学園,4804,鹿児島,九州,2,1,4,,0,v1_3_workcopy.xlsx
2023,選手権,,47,準 決 勝,SF,慶応,23,神奈川,関東,2,土浦日大,2779,茨城,関東,0,1,2,,0,v1_3_workcopy.xlsx
2023,選手権,,48, 決  勝,F,慶応,23,神奈川,関東,8,仙台育英,646,宮城,東北,2,1,6,,0,v1_3_workcopy.xlsx
2023,秋季地区,北海道,1,１ 回 戦,1R,駒大苫小牧,2767,北海道,北海道,4,北星大付,2653,北海道,北海道,1,1,3,,0,v1_3_workcopy.xlsx
2023,秋季地区,北海道,2,１ 回 戦,1R,札幌第一,2430,北海道,北海道,6,函館大柏稜,4689,北海道,北海道,5,1,1,,0,v1_3_workcopy.xlsx
2023,秋季地区,北海道,3,１ 回 戦,1R,旭川実,2513,北海道,北海道,4,北照,399,北海道,北海道,3,1,1,延長10回サヨナラ、タイブレーク,0,v1_3_workcopy.xlsx
2023,秋季地区,北海道,4,１ 回 戦,1R,札幌国際情報,4639,北海道,北海道,6,白樺学園,2385,北海道,北海道,5,1,1,サヨナラ,0,v1_3_workcopy.xlsx
2023,秋季地区,北海道,5,２ 回 戦,2R,北海,212,北海道,北海道,9,稚内大谷,3092,北海道,北海道,0,1,9,7回コールド,0,v1_3_workcopy.xlsx
2023,秋季地区,北海道,6,２ 回 戦,2R,別海,3744,北海道,北海道,4,苫小牧中央,3503,北海道,北海道,3,1,1,サヨナラ,0,v1_3_workcopy.xlsx
2023,秋季地区,北海道,7,２ 回 戦,2R,とわの森三愛,4537,北海道,北海道,5,札幌大谷,4893,北海道,北海道,1,1,4,,0,v1_3_workcopy.xlsx
2023,秋季地区,北海道,8,２ 回 戦,2R,帯広大谷,4688,北海道,北海道,9,北見柏陽,1897,北海道,北海道,2,1,7,8回コールド,0,v1_3_workcopy.xlsx
2023,秋季地区,北海道,9,２ 回 戦,2R,クラーク国際,4959,北海道,北海道,3,駒大苫小牧,2767,北海道,北海道,2,1,1,,0,v1_3_workcopy.xlsx
2023,秋季地区,北海道,10,２ 回 戦,2R,知内,4101,北海道,北海道,4,札幌第一,2430,北海道,北海道,3,1,1,サヨナラ,0,v1_3_workcopy.xlsx
2023,秋季地区,北海道,11,２ 回 戦,2R,東海大札幌,2889,北海道,北海道,5,旭川実,2513,北海道,北海道,3,1,2,,0,v1_3_workcopy.xlsx
2023,秋季地区,北海道,12,２ 回 戦,2R,札幌国際情報,4639,北海道,北海道,7,旭川北,1035,北海道,北海道,2,1,5,,0,v1_3_workcopy.xlsx
2023,秋季地区,北海道,13,準々決勝,QF,北海,212,北海道,北海道,10,クラーク国際,4959,北海道,北海道,0,1,10,7回コールド,0,v1_3_workcopy.xlsx
2023,秋季地区,北海道,14,準々決勝,QF,別海,3744,北海道,北海道,4,知内,4101,北海道,北海道,3,1,1,延長10回、タイブレーク,0,v1_3_workcopy.xlsx
2023,秋季地区,北海道,15,準々決勝,QF,東海大札幌,2889,北海道,北海道,8,とわの森三愛,4537,北海道,北海道,2,1,6,,0,v1_3_workcopy.xlsx
2023,秋季地区,北海道,16,準々決勝,QF,帯広大谷,4688,北海道,北海道,4,札幌国際情報,4639,北海道,北海道,2,1,2,,0,v1_3_workcopy.xlsx
2023,秋季地区,北海道,17,準 決 勝,SF,北海,212,北海道,北海道,6,別海,3744,北海道,北海道,1,1,5,,0,v1_3_workcopy.xlsx
2023,秋季地区,北海道,18,準 決 勝,SF,東海大札幌,2889,北海道,北海道,4,帯広大谷,4688,北海道,北海道,2,1,2,,0,v1_3_workcopy.xlsx
2023,秋季地区,北海道,19, 決  勝,F,北海,212,北海道,北海道,8,東海大札幌,2889,北海道,北海道,4,1,4,延長10回,0,v1_3_workcopy.xlsx
2023,秋季地区,東北,1,１ 回 戦,1R,学法石川,796,福島,東北,8,盛岡中央,2898,岩手,東北,5,1,3,,0,v1_3_workcopy.xlsx
2023,秋季地区,東北,2,１ 回 戦,1R,聖愛,4759,青森,東北,6,明桜,2201,秋田,東北,4,1,2,延長11回、タイブレーク,0,v1_3_workcopy.xlsx
2023,秋季地区,東北,3,２ 回 戦,2R,秋田修英,2689,秋田,東北,9,古川学園,2318,宮城,東北,6,1,3,延長11回、タイブレーク,0,v1_3_workcopy.xlsx
2023,秋季地区,東北,4,２ 回 戦,2R,学法石川,796,福島,東北,2,聖和学園,4841,宮城,東北,1,1,1,,0,v1_3_workcopy.xlsx
2023,秋季地区,東北,5,２ 回 戦,2R,日大山形,2421,山形,東北,7,聖光学院,2638,福島,東北,3,1,4,,0,v1_3_workcopy.xlsx
2023,秋季地区,東北,6,２ 回 戦,2R,一関学院,1295,岩手,東北,3,光南,3648,福島,東北,0,1,3,,0,v1_3_workcopy.xlsx
2023,秋季地区,東北,7,２ 回 戦,2R,青森山田,2309,青森,東北,9,羽黒,2801,山形,東北,8,1,1,延長13回サヨナラ、タイブレーク,0,v1_3_workcopy.xlsx
2023,秋季地区,東北,8,２ 回 戦,2R,金足農,818,秋田,東北,3,久慈,2064,岩手,東北,2,1,1,延長10回、タイブレーク,0,v1_3_workcopy.xlsx
2023,秋季地区,東北,9,２ 回 戦,2R,八戸学院光星,2310,青森,東北,5,仙台一,92,宮城,東北,2,1,3,,0,v1_3_workcopy.xlsx
2023,秋季地区,東北,10,２ 回 戦,2R,鶴岡東,3057,山形,東北,7,聖愛,4759,青森,東北,5,1,2,延長10回、タイブレーク,0,v1_3_workcopy.xlsx
2023,秋季地区,東北,11,準々決勝,QF,学法石川,796,福島,東北,3,金足農,818,秋田,東北,1,1,2,,0,v1_3_workcopy.xlsx
2023,秋季地区,東北,12,準々決勝,QF,八戸学院光星,2310,青森,東北,8,日大山形,2421,山形,東北,1,1,7,7回コールド,0,v1_3_workcopy.xlsx
2023,秋季地区,東北,13,準々決勝,QF,青森山田,2309,青森,東北,5,鶴岡東,3057,山形,東北,1,1,4,,0,v1_3_workcopy.xlsx
2023,秋季地区,東北,14,準々決勝,QF,一関学院,1295,岩手,東北,4,秋田修英,2689,秋田,東北,1,1,3,,0,v1_3_workcopy.xlsx
2023,秋季地区,東北,15,準 決 勝,SF,八戸学院光星,2310,青森,東北,1,学法石川,796,福島,東北,0,1,1,,0,v1_3_workcopy.xlsx
2023,秋季地区,東北,16,準 決 勝,SF,青森山田,2309,青森,東北,4,一関学院,1295,岩手,東北,0,1,4,,0,v1_3_workcopy.xlsx
2023,秋季地区,東北,17, 決  勝,F,青森山田,2309,青森,東北,3,八戸学院光星,2310,青森,東北,0,1,3,,0,v1_3_workcopy.xlsx
2023,秋季地区,関東,1,１ 回 戦,1R,花咲徳栄,4107,埼玉,関東,8,横浜,1041,神奈川,関東,6,1,2,,0,v1_3_workcopy.xlsx
2023,秋季地区,関東,2,１ 回 戦,1R,帝京三,2564,山梨,関東,5,明和県央,4168,群馬,関東,0,1,5,,0,v1_3_workcopy.xlsx
2023,秋季地区,関東,3,１ 回 戦,1R,常総学院,4225,茨城,関東,9,専大松戸,2480,千葉,関東,2,1,7,8回コールド,0,v1_3_workcopy.xlsx
2023,秋季地区,関東,4,１ 回 戦,1R,山梨学院,2336,山梨,関東,2,昌平,3842,埼玉,関東,1,1,1,延長11回、タイブレーク,0,v1_3_workcopy.xlsx
2023,秋季地区,関東,5,１ 回 戦,1R,健大高崎,4784,群馬,関東,7,鹿島学園,4554,茨城,関東,5,1,2,,0,v1_3_workcopy.xlsx
2023,秋季地区,関東,6,１ 回 戦,1R,中央学院,3164,千葉,関東,10,白鴎大足利,2509,栃木,関東,2,1,8,8回コールド,0,v1_3_workcopy.xlsx
2023,秋季地区,関東,7,１ 回 戦,1R,桐光学園,3646,神奈川,関東,6,文星芸大付,392,栃木,関東,3,1,3,,0,v1_3_workcopy.xlsx
2023,秋季地区,関東,8,準々決勝,QF,常総学院,4225,茨城,関東,10,花咲徳栄,4107,埼玉,関東,5,1,5,,0,v1_3_workcopy.xlsx
2023,秋季地区,関東,9,準々決勝,QF,作新学院,387,栃木,関東,7,帝京三,2564,山梨,関東,2,1,5,,0,v1_3_workcopy.xlsx
2023,秋季地区,関東,10,準々決勝,QF,山梨学院,2336,山梨,関東,4,桐光学園,3646,神奈川,関東,2,1,2,延長11回、タイブレーク,0,v1_3_workcopy.xlsx
2023,秋季地区,関東,11,準々決勝,QF,健大高崎,4784,群馬,関東,4,中央学院,3164,千葉,関東,3,1,1,,0,v1_3_workcopy.xlsx
2023,秋季地区,関東,12,準 決 勝,SF,山梨学院,2336,山梨,関東,3,健大高崎,4784,群馬,関東,2,1,1,,0,v1_3_workcopy.xlsx
2023,秋季地区,関東,13,準 決 勝,SF,作新学院,387,栃木,関東,7,常総学院,4225,茨城,関東,2,1,5,,0,v1_3_workcopy.xlsx
2023,秋季地区,関東,14, 決  勝,F,作新学院,387,栃木,関東,13,山梨学院,2336,山梨,関東,4,1,9,,0,v1_3_workcopy.xlsx
2023,秋季地区,東京,1,１ 回 戦,1R,修徳,2197,東京,東京,4,片倉,3255,東京,東京,1,1,3,,0,v1_3_workcopy.xlsx
2023,秋季地区,東京,2,１ 回 戦,1R,共栄学園,4839,東京,東京,3,板橋,4820,東京,東京,0,1,3,,0,v1_3_workcopy.xlsx
2023,秋季地区,東京,3,１ 回 戦,1R,東海大菅生,4104,東京,東京,5,桐朋,1376,東京,東京,2,1,3,,0,v1_3_workcopy.xlsx
2023,秋季地区,東京,4,１ 回 戦,1R,武蔵丘,2390,東京,東京,8,淵江,4338,東京,東京,5,1,3,,0,v1_3_workcopy.xlsx
2023,秋季地区,東京,5,１ 回 戦,1R,岩倉,1907,東京,東京,12,東農大一,2348,東京,東京,0,1,12,5回コールド,0,v1_3_workcopy.xlsx
2023,秋季地区,東京,6,１ 回 戦,1R,城西,2334,東京,東京,9,明学東村山,2766,東京,東京,7,1,2,,0,v1_3_workcopy.xlsx
2023,秋季地区,東京,7,１ 回 戦,1R,豊南,2342,東京,東京,9,明星,1559,東京,東京,2,1,7,8回コールド,0,v1_3_workcopy.xlsx
2023,秋季地区,東京,8,１ 回 戦,1R,関東一,761,東京,東京,12,駒大高,1915,東京,東京,0,1,12,5回コールド,0,v1_3_workcopy.xlsx
2023,秋季地区,東京,9,１ 回 戦,1R,日体大荏原,55,東京,東京,9,桜丘,4817,東京,東京,0,1,9,7回コールド,0,v1_3_workcopy.xlsx
2023,秋季地区,東京,10,１ 回 戦,1R,高島,3384,東京,東京,5,篠崎,3548,東京,東京,1,1,4,,0,v1_3_workcopy.xlsx
2023,秋季地区,東京,11,１ 回 戦,1R,工学院大付,1763,東京,東京,3,日野,3129,東京,東京,2,1,1,,0,v1_3_workcopy.xlsx
2023,秋季地区,東京,12,１ 回 戦,1R,早稲田実,14,東京,東京,13,東京実,884,東京,東京,1,1,12,5回コールド,0,v1_3_workcopy.xlsx
2023,秋季地区,東京,13,１ 回 戦,1R,創価,3204,東京,東京,12,府中工科,2827,東京,東京,2,1,10,5回コールド,0,v1_3_workcopy.xlsx
2023,秋季地区,東京,14,１ 回 戦,1R,聖パウロ学園,4575,東京,東京,4,八王子実践,4341,東京,東京,2,1,2,,0,v1_3_workcopy.xlsx
2023,秋季地区,東京,15,１ 回 戦,1R,安田学園,800,東京,東京,6,総合工科,1366,東京,東京,1,1,5,,0,v1_3_workcopy.xlsx
2023,秋季地区,東京,16,１ 回 戦,1R,日大鶴ヶ丘,1524,東京,東京,5,拓大一,2068,東京,東京,0,1,5,,0,v1_3_workcopy.xlsx
2023,秋季地区,東京,17,１ 回 戦,1R,昭和,2157,東京,東京,2,大東大一,3460,東京,東京,1,1,1,,0,v1_3_workcopy.xlsx
2023,秋季地区,東京,18,１ 回 戦,1R,早大学院,1953,東京,東京,10,日比谷,851,東京,東京,0,1,10,5回コールド,0,v1_3_workcopy.xlsx
2023,秋季地区,東京,19,１ 回 戦,1R,桜美林,2059,東京,東京,9,東京,730,東京,東京,2,1,7,7回コールド,0,v1_3_workcopy.xlsx
2023,秋季地区,東京,20,１ 回 戦,1R,文京,1558,東京,東京,7,法政大高,894,東京,東京,0,1,7,7回コールド,0,v1_3_workcopy.xlsx
2023,秋季地区,東京,21,１ 回 戦,1R,紅葉川,4396,東京,東京,3,明治,703,東京,東京,1,1,2,,0,v1_3_workcopy.xlsx
2023,秋季地区,東京,22,１ 回 戦,1R,国士舘,1525,東京,東京,10,八王子北,4249,東京,東京,0,1,10,5回コールド,0,v1_3_workcopy.xlsx
2023,秋季地区,東京,23,１ 回 戦,1R,専大付,728,東京,東京,5,京華商,2286,東京,東京,4,1,1,サヨナラ,0,v1_3_workcopy.xlsx
2023,秋季地区,東京,24,１ 回 戦,1R,小平南,4497,東京,東京,6,麻布,63,東京,東京,3,1,3,,0,v1_3_workcopy.xlsx
2023,秋季地区,東京,25,１ 回 戦,1R,日大三,171,東京,東京,10,小山台,1326,東京,東京,4,1,6,,0,v1_3_workcopy.xlsx
2023,秋季地区,東京,26,１ 回 戦,1R,日大豊山,1322,東京,東京,10,立川,821,東京,東京,0,1,10,6回コールド,0,v1_3_workcopy.xlsx
2023,秋季地区,東京,27,１ 回 戦,1R,二松学舎大付,2380,東京,東京,15,駒場学園,1563,東京,東京,8,1,7,7回コールド,0,v1_3_workcopy.xlsx
2023,秋季地区,東京,28,１ 回 戦,1R,佼成学園,2333,東京,東京,8,清瀬,4706,東京,東京,0,1,8,7回コールド,0,v1_3_workcopy.xlsx
2023,秋季地区,東京,29,１ 回 戦,1R,明大中野,769,東京,東京,10,葛飾商,2663,東京,東京,0,1,10,5回コールド,0,v1_3_workcopy.xlsx
2023,秋季地区,東京,30,１ 回 戦,1R,明大中野八王子,4335,東京,東京,3,上野学園,4889,東京,東京,1,1,2,,0,v1_3_workcopy.xlsx
2023,秋季地区,東京,31,１ 回 戦,1R,日大一,709,東京,東京,9,城北,2256,東京,東京,8,1,1,,0,v1_3_workcopy.xlsx
2023,秋季地区,東京,32,１ 回 戦,1R,日大二,644,東京,東京,14,青山学院,126,東京,東京,2,1,12,5回コールド,0,v1_3_workcopy.xlsx
2023,秋季地区,東京,33,２ 回 戦,2R,日大二,644,東京,東京,2,佼成学園,2333,東京,東京,1,1,1,延長10回、タイブレーク,0,v1_3_workcopy.xlsx
2023,秋季地区,東京,34,２ 回 戦,2R,二松学舎大付,2380,東京,東京,15,日大三,171,東京,東京,8,1,7,8回コールド,0,v1_3_workcopy.xlsx
2023,秋季地区,東京,35,２ 回 戦,2R,早大学院,1953,東京,東京,14,小平南,4497,東京,東京,0,1,14,5回コールド,0,v1_3_workcopy.xlsx
2023,秋季地区,東京,36,２ 回 戦,2R,日大豊山,1322,東京,東京,9,日大一,709,東京,東京,2,1,7,7回コールド,0,v1_3_workcopy.xlsx
2023,秋季地区,東京,37,２ 回 戦,2R,昭和,2157,東京,東京,8,紅葉川,4396,東京,東京,0,1,8,7回コールド,0,v1_3_workcopy.xlsx
2023,秋季地区,東京,38,２ 回 戦,2R,国士舘,1525,東京,東京,11,聖パウロ学園,4575,東京,東京,0,1,11,6回コールド,0,v1_3_workcopy.xlsx
2023,秋季地区,東京,39,２ 回 戦,2R,明大中野,769,東京,東京,7,明大中野八王子,4335,東京,東京,2,1,5,,0,v1_3_workcopy.xlsx
2023,秋季地区,東京,40,２ 回 戦,2R,創価,3204,東京,東京,15,専大付,728,東京,東京,8,1,7,,0,v1_3_workcopy.xlsx
2023,秋季地区,東京,41,２ 回 戦,2R,日大鶴ヶ丘,1524,東京,東京,16,安田学園,800,東京,東京,0,1,16,5回コールド,0,v1_3_workcopy.xlsx
2023,秋季地区,東京,42,２ 回 戦,2R,東海大菅生,4104,東京,東京,7,共栄学園,4839,東京,東京,4,1,3,,0,v1_3_workcopy.xlsx
2023,秋季地区,東京,43,２ 回 戦,2R,城西,2334,東京,東京,5,工学院大付,1763,東京,東京,3,1,2,,0,v1_3_workcopy.xlsx
2023,秋季地区,東京,44,２ 回 戦,2R,関東一,761,東京,東京,8,日体大荏原,55,東京,東京,3,1,5,,0,v1_3_workcopy.xlsx
2023,秋季地区,東京,45,２ 回 戦,2R,桜美林,2059,東京,東京,9,文京,1558,東京,東京,3,1,6,,0,v1_3_workcopy.xlsx
2023,秋季地区,東京,46,２ 回 戦,2R,岩倉,1907,東京,東京,12,豊南,2342,東京,東京,1,1,11,6回コールド,0,v1_3_workcopy.xlsx
2023,秋季地区,東京,47,２ 回 戦,2R,修徳,2197,東京,東京,9,武蔵丘,2390,東京,東京,0,1,9,7回コールド,0,v1_3_workcopy.xlsx
2023,秋季地区,東京,48,２ 回 戦,2R,早稲田実,14,東京,東京,5,高島,3384,東京,東京,0,1,5,,0,v1_3_workcopy.xlsx
2023,秋季地区,東京,49,３ 回 戦,3R,日大鶴ヶ丘,1524,東京,東京,10,桜美林,2059,東京,東京,0,1,10,6回コールド,0,v1_3_workcopy.xlsx
2023,秋季地区,東京,50,３ 回 戦,3R,東海大菅生,4104,東京,東京,4,修徳,2197,東京,東京,3,1,1,,0,v1_3_workcopy.xlsx
2023,秋季地区,東京,51,３ 回 戦,3R,早稲田実,14,東京,東京,11,岩倉,1907,東京,東京,10,1,1,サヨナラ,0,v1_3_workcopy.xlsx
2023,秋季地区,東京,52,３ 回 戦,3R,関東一,761,東京,東京,3,城西,2334,東京,東京,2,1,1,,0,v1_3_workcopy.xlsx
2023,秋季地区,東京,53,３ 回 戦,3R,二松学舎大付,2380,東京,東京,4,日大豊山,1322,東京,東京,1,1,3,,0,v1_3_workcopy.xlsx
2023,秋季地区,東京,54,３ 回 戦,3R,早大学院,1953,東京,東京,10,昭和,2157,東京,東京,0,1,10,6回コールド,0,v1_3_workcopy.xlsx
2023,秋季地区,東京,55,３ 回 戦,3R,創価,3204,東京,東京,22,国士舘,1525,東京,東京,11,1,11,7回コールド,0,v1_3_workcopy.xlsx
2023,秋季地区,東京,56,３ 回 戦,3R,日大二,644,東京,東京,10,明大中野,769,東京,東京,0,1,10,5回コールド,0,v1_3_workcopy.xlsx
2023,秋季地区,東京,57,準々決勝,QF,日大二,644,東京,東京,4,二松学舎大付,2380,東京,東京,3,1,1,延長12回、タイブレーク,0,v1_3_workcopy.xlsx
2023,秋季地区,東京,58,準々決勝,QF,創価,3204,東京,東京,11,早大学院,1953,東京,東京,2,1,9,,0,v1_3_workcopy.xlsx
2023,秋季地区,東京,59,準々決勝,QF,関東一,761,東京,東京,9,東海大菅生,4104,東京,東京,3,1,6,,0,v1_3_workcopy.xlsx
2023,秋季地区,東京,60,準々決勝,QF,早稲田実,14,東京,東京,5,日大鶴ヶ丘,1524,東京,東京,4,1,1,,0,v1_3_workcopy.xlsx
2023,秋季地区,東京,61,準 決 勝,SF,関東一,761,東京,東京,5,早稲田実,14,東京,東京,1,1,4,,0,v1_3_workcopy.xlsx
2023,秋季地区,東京,62,準 決 勝,SF,創価,3204,東京,東京,7,日大二,644,東京,東京,0,1,7,7回コールド,0,v1_3_workcopy.xlsx
2023,秋季地区,東京,63, 決  勝,F,関東一,761,東京,東京,4,創価,3204,東京,東京,1,1,3,,0,v1_3_workcopy.xlsx
2023,秋季地区,北信越,1,１ 回 戦,1R,星稜,2627,石川,北信越,9,松商学園,191,長野,北信越,3,1,6,,0,v1_3_workcopy.xlsx
2023,秋季地区,北信越,2,１ 回 戦,1R,敦賀,163,福井,北信越,2,日本文理,4328,新潟,北信越,1,1,1,,0,v1_3_workcopy.xlsx
2023,秋季地区,北信越,3,１ 回 戦,1R,東京都市大塩尻,2645,長野,北信越,10,富山北部,1291,富山,北信越,7,1,3,延長10回,0,v1_3_workcopy.xlsx
2023,秋季地区,北信越,4,１ 回 戦,1R,北陸,476,福井,北信越,5,小松大谷,2791,石川,北信越,4,1,1,,0,v1_3_workcopy.xlsx
2023,秋季地区,北信越,5,１ 回 戦,1R,関根学園,2579,新潟,北信越,2,高岡商,425,富山,北信越,1,1,1,,0,v1_3_workcopy.xlsx
2023,秋季地区,北信越,6,１ 回 戦,1R,日本航空石川,4805,石川,北信越,3,福井商,380,福井,北信越,1,1,2,,0,v1_3_workcopy.xlsx
2023,秋季地区,北信越,7,１ 回 戦,1R,敦賀気比,4446,福井,北信越,5,上田西,2519,長野,北信越,1,1,4,,0,v1_3_workcopy.xlsx
2023,秋季地区,北信越,8,１ 回 戦,1R,帝京長岡,4506,新潟,北信越,7,高岡第一,2423,富山,北信越,0,1,7,8回コールド,0,v1_3_workcopy.xlsx
2023,秋季地区,北信越,9,準々決勝,QF,北陸,476,福井,北信越,1,東京都市大塩尻,2645,長野,北信越,0,1,1,,0,v1_3_workcopy.xlsx
2023,秋季地区,北信越,10,準々決勝,QF,星稜,2627,石川,北信越,10,敦賀,163,福井,北信越,0,1,10,5回コールド,0,v1_3_workcopy.xlsx
2023,秋季地区,北信越,11,準々決勝,QF,日本航空石川,4805,石川,北信越,13,関根学園,2579,新潟,北信越,6,1,7,7回コールド,0,v1_3_workcopy.xlsx
2023,秋季地区,北信越,12,準々決勝,QF,敦賀気比,4446,福井,北信越,11,帝京長岡,4506,新潟,北信越,5,1,6,延長10回,0,v1_3_workcopy.xlsx
2023,秋季地区,北信越,13,準 決 勝,SF,星稜,2627,石川,北信越,6,北陸,476,福井,北信越,1,1,5,,0,v1_3_workcopy.xlsx
2023,秋季地区,北信越,14,準 決 勝,SF,敦賀気比,4446,福井,北信越,4,日本航空石川,4805,石川,北信越,3,1,1,延長10回、タイブレーク,0,v1_3_workcopy.xlsx
2023,秋季地区,北信越,15, 決  勝,F,星稜,2627,石川,北信越,1,敦賀気比,4446,福井,北信越,0,1,1,延長10回サヨナラ、タイブレーク,0,v1_3_workcopy.xlsx
2023,秋季地区,東海,1,１ 回 戦,1R,中京,2628,岐阜,東海,6,浜松開誠館,4682,静岡,東海,0,1,6,,0,v1_3_workcopy.xlsx
2023,秋季地区,東海,2,１ 回 戦,1R,豊川,1092,愛知,東海,7,神村学園伊賀,5015,三重,東海,0,1,7,7回コールド,0,v1_3_workcopy.xlsx
2023,秋季地区,東海,3,１ 回 戦,1R,日大三島,2468,静岡,東海,7,鈴鹿,2797,三重,東海,1,1,6,,0,v1_3_workcopy.xlsx
2023,秋季地区,東海,4,１ 回 戦,1R,県岐阜商,459,岐阜,東海,4,豊橋中央,4800,愛知,東海,0,1,4,,0,v1_3_workcopy.xlsx
2023,秋季地区,東海,5,準々決勝,QF,宇治山田商,430,三重,東海,10,中京,2628,岐阜,東海,6,1,4,,0,v1_3_workcopy.xlsx
2023,秋季地区,東海,6,準々決勝,QF,豊川,1092,愛知,東海,13,岐阜第一,2332,岐阜,東海,3,1,10,5回コールド,0,v1_3_workcopy.xlsx
2023,秋季地区,東海,7,準々決勝,QF,愛工大名電,2306,愛知,東海,7,日大三島,2468,静岡,東海,4,1,3,,0,v1_3_workcopy.xlsx
2023,秋季地区,東海,8,準々決勝,QF,藤枝明誠,4310,静岡,東海,6,県岐阜商,459,岐阜,東海,3,1,3,,0,v1_3_workcopy.xlsx
2023,秋季地区,東海,9,準 決 勝,SF,豊川,1092,愛知,東海,6,宇治山田商,430,三重,東海,5,1,1,サヨナラ,0,v1_3_workcopy.xlsx
2023,秋季地区,東海,10,準 決 勝,SF,愛工大名電,2306,愛知,東海,10,藤枝明誠,4310,静岡,東海,6,1,4,,0,v1_3_workcopy.xlsx
2023,秋季地区,東海,11, 決  勝,F,豊川,1092,愛知,東海,8,愛工大名電,2306,愛知,東海,7,1,1,,0,v1_3_workcopy.xlsx
2023,秋季地区,近畿,1,１ 回 戦,1R,近江,2335,滋賀,近畿,2,興国,597,大阪,近畿,0,1,2,,0,v1_3_workcopy.xlsx
2023,秋季地区,近畿,2,１ 回 戦,1R,報徳学園,793,兵庫,近畿,2,奈良大付,2475,奈良,近畿,0,1,2,,0,v1_3_workcopy.xlsx
2023,秋季地区,近畿,3,１ 回 戦,1R,大阪桐蔭,4498,大阪,近畿,6,高田商,2278,奈良,近畿,0,1,6,,0,v1_3_workcopy.xlsx
2023,秋季地区,近畿,4,１ 回 戦,1R,履正社,432,大阪,近畿,8,滋賀学園,4703,滋賀,近畿,1,1,7,,0,v1_3_workcopy.xlsx
2023,秋季地区,近畿,5,１ 回 戦,1R,京都外大西,2381,京都,近畿,7,彦根総合,4894,滋賀,近畿,5,1,2,延長10回、タイブレーク,0,v1_3_workcopy.xlsx
2023,秋季地区,近畿,6,１ 回 戦,1R,京都国際,4707,京都,近畿,3,田辺,105,和歌山,近畿,2,1,1,延長10回サヨナラ、タイブレーク,0,v1_3_workcopy.xlsx
2023,秋季地区,近畿,7,準々決勝,QF,大阪桐蔭,4498,大阪,近畿,4,報徳学園,793,兵庫,近畿,3,1,1,,0,v1_3_workcopy.xlsx
2023,秋季地区,近畿,8,準々決勝,QF,耐久,72,和歌山,近畿,4,須磨翔風,2598,兵庫,近畿,1,1,3,,0,v1_3_workcopy.xlsx
2023,秋季地区,近畿,9,準々決勝,QF,京都外大西,2381,京都,近畿,10,履正社,432,大阪,近畿,7,1,3,,0,v1_3_workcopy.xlsx
2023,秋季地区,近畿,10,準々決勝,QF,京都国際,4707,京都,近畿,1,近江,2335,滋賀,近畿,0,1,1,サヨナラ,0,v1_3_workcopy.xlsx
2023,秋季地区,近畿,11,準 決 勝,SF,京都外大西,2381,京都,近畿,1,耐久,72,和歌山,近畿,0,1,1,,0,v1_3_workcopy.xlsx
2023,秋季地区,近畿,12,準 決 勝,SF,大阪桐蔭,4498,大阪,近畿,4,京都国際,4707,京都,近畿,0,1,4,,0,v1_3_workcopy.xlsx
2023,秋季地区,近畿,13, 決  勝,F,大阪桐蔭,4498,大阪,近畿,2,京都外大西,2381,京都,近畿,1,1,1,,0,v1_3_workcopy.xlsx
2023,秋季地区,中国,1,１ 回 戦,1R,尾道,2393,広島,中国,3,浜田,108,島根,中国,1,1,2,,0,v1_3_workcopy.xlsx
2023,秋季地区,中国,2,１ 回 戦,1R,創志学園,4917,岡山,中国,8,米子北,4238,鳥取,中国,1,1,7,7回コールド,0,v1_3_workcopy.xlsx
2023,秋季地区,中国,3,１ 回 戦,1R,広陵,94,広島,中国,6,岡山学芸館,3161,岡山,中国,3,1,3,,0,v1_3_workcopy.xlsx
2023,秋季地区,中国,4,１ 回 戦,1R,高川学園,609,山口,中国,4,総社南,4344,岡山,中国,1,1,3,,0,v1_3_workcopy.xlsx
2023,秋季地区,中国,5,１ 回 戦,1R,下関国際,2930,山口,中国,10,鳥取城北,3124,鳥取,中国,1,1,9,7回コールド,0,v1_3_workcopy.xlsx
2023,秋季地区,中国,6,１ 回 戦,1R,米子松蔭,3016,鳥取,中国,4,大社,32,島根,中国,2,1,2,,0,v1_3_workcopy.xlsx
2023,秋季地区,中国,7,１ 回 戦,1R,宇部鴻城,2800,山口,中国,7,岡山城東,4445,岡山,中国,3,1,4,,0,v1_3_workcopy.xlsx
2023,秋季地区,中国,8,１ 回 戦,1R,広島新庄,780,広島,中国,13,矢上,4529,島根,中国,1,1,12,7回コールド,0,v1_3_workcopy.xlsx
2023,秋季地区,中国,9,準々決勝,QF,高川学園,609,山口,中国,5,米子松蔭,3016,鳥取,中国,4,1,1,,0,v1_3_workcopy.xlsx
2023,秋季地区,中国,10,準々決勝,QF,広陵,94,広島,中国,4,下関国際,2930,山口,中国,0,1,4,,0,v1_3_workcopy.xlsx
2023,秋季地区,中国,11,準々決勝,QF,宇部鴻城,2800,山口,中国,5,尾道,2393,広島,中国,4,1,1,,0,v1_3_workcopy.xlsx
2023,秋季地区,中国,12,準々決勝,QF,創志学園,4917,岡山,中国,1,広島新庄,780,広島,中国,0,1,1,サヨナラ,0,v1_3_workcopy.xlsx
2023,秋季地区,中国,13,準 決 勝,SF,広陵,94,広島,中国,8,宇部鴻城,2800,山口,中国,4,1,4,,0,v1_3_workcopy.xlsx
2023,秋季地区,中国,14,準 決 勝,SF,創志学園,4917,岡山,中国,7,高川学園,609,山口,中国,0,1,7,7回コールド,0,v1_3_workcopy.xlsx
2023,秋季地区,中国,15, 決  勝,F,広陵,94,広島,中国,2,創志学園,4917,岡山,中国,1,1,1,,0,v1_3_workcopy.xlsx
2023,秋季地区,四国,1,１ 回 戦,1R,高知商,219,高知,四国,8,宇和島東,398,愛媛,四国,5,1,3,,0,v1_3_workcopy.xlsx
2023,秋季地区,四国,2,１ 回 戦,1R,今治西,158,愛媛,四国,13,高松中央,4832,香川,四国,0,1,13,5回コールド,0,v1_3_workcopy.xlsx
2023,秋季地区,四国,3,１ 回 戦,1R,阿南光,1912,徳島,四国,6,丸亀城西,600,香川,四国,2,1,4,,0,v1_3_workcopy.xlsx
2023,秋季地区,四国,4,１ 回 戦,1R,明徳義塾,3461,高知,四国,7,池田,1292,徳島,四国,1,1,6,,0,v1_3_workcopy.xlsx
2023,秋季地区,四国,5,準々決勝,QF,鳴門,44,徳島,四国,12,高知商,219,高知,四国,8,1,4,,0,v1_3_workcopy.xlsx
2023,秋季地区,四国,6,準々決勝,QF,高知,643,高知,四国,10,今治西,158,愛媛,四国,3,1,7,8回コールド,0,v1_3_workcopy.xlsx
2023,秋季地区,四国,7,準々決勝,QF,阿南光,1912,徳島,四国,6,松山商,159,愛媛,四国,1,1,5,,0,v1_3_workcopy.xlsx
2023,秋季地区,四国,8,準々決勝,QF,明徳義塾,3461,高知,四国,10,大手前高松,2361,香川,四国,3,1,7,8回コールド,0,v1_3_workcopy.xlsx
2023,秋季地区,四国,9,準 決 勝,SF,阿南光,1912,徳島,四国,6,鳴門,44,徳島,四国,3,1,3,,0,v1_3_workcopy.xlsx
2023,秋季地区,四国,10,準 決 勝,SF,高知,643,高知,四国,3,明徳義塾,3461,高知,四国,2,1,1,,0,v1_3_workcopy.xlsx
2023,秋季地区,四国,11, 決  勝,F,高知,643,高知,四国,5,阿南光,1912,徳島,四国,1,1,4,,0,v1_3_workcopy.xlsx
2023,秋季地区,九州,1,１ 回 戦,1R,神村学園,4804,鹿児島,九州,9,沖縄尚学,2370,沖縄,九州,1,1,8,7回コールド,0,v1_3_workcopy.xlsx
2023,秋季地区,九州,2,１ 回 戦,1R,熊本国府,4859,熊本,九州,6,飯塚,2901,福岡,九州,2,1,4,,0,v1_3_workcopy.xlsx
2023,秋季地区,九州,3,１ 回 戦,1R,日南学園,3018,宮崎,九州,10,有田工,205,佐賀,九州,9,1,1,延長11回サヨナラ、タイブレーク,0,v1_3_workcopy.xlsx
2023,秋季地区,九州,4,１ 回 戦,1R,大分舞鶴,2155,大分,九州,2,長崎日大,3090,長崎,九州,1,1,1,,0,v1_3_workcopy.xlsx
2023,秋季地区,九州,5,１ 回 戦,1R,延岡学園,2890,宮崎,九州,4,れいめい,2891,鹿児島,九州,1,1,3,,0,v1_3_workcopy.xlsx
2023,秋季地区,九州,6,１ 回 戦,1R,唐津商,812,佐賀,九州,1,興南,2550,沖縄,九州,0,1,1,,0,v1_3_workcopy.xlsx
2023,秋季地区,九州,7,１ 回 戦,1R,明豊,2152,大分,九州,8,海星,346,長崎,九州,7,1,1,,0,v1_3_workcopy.xlsx
2023,秋季地区,九州,8,１ 回 戦,1R,東海大福岡,3160,福岡,九州,10,九州学院,221,熊本,九州,8,1,2,延長10回、タイブレーク,0,v1_3_workcopy.xlsx
2023,秋季地区,九州,9,準々決勝,QF,東海大福岡,3160,福岡,九州,10,延岡学園,2890,宮崎,九州,8,1,2,,0,v1_3_workcopy.xlsx
2023,秋季地区,九州,10,準々決勝,QF,明豊,2152,大分,九州,10,唐津商,812,佐賀,九州,1,1,9,7回コールド,0,v1_3_workcopy.xlsx
2023,秋季地区,九州,11,準々決勝,QF,熊本国府,4859,熊本,九州,7,大分舞鶴,2155,大分,九州,6,1,1,延長10回サヨナラ、タイブレーク,0,v1_3_workcopy.xlsx
2023,秋季地区,九州,12,準々決勝,QF,神村学園,4804,鹿児島,九州,10,日南学園,3018,宮崎,九州,0,1,10,6回コールド,0,v1_3_workcopy.xlsx
2023,秋季地区,九州,13,準 決 勝,SF,明豊,2152,大分,九州,5,東海大福岡,3160,福岡,九州,1,1,4,,0,v1_3_workcopy.xlsx
2023,秋季地区,九州,14,準 決 勝,SF,熊本国府,4859,熊本,九州,7,神村学園,4804,鹿児島,九州,1,1,6,,0,v1_3_workcopy.xlsx
2023,秋季地区,九州,15, 決  勝,F,熊本国府,4859,熊本,九州,5,明豊,2152,大分,九州,1,1,4,,0,v1_3_workcopy.xlsx
2023,明治神宮,,1,１ 回 戦,1R,関東一,761,東京,東京,6,熊本国府,4859,熊本,九州,2,1,4,,0,v1_3_workcopy.xlsx
2023,明治神宮,,2,１ 回 戦,1R,星稜,2627,石川,北信越,7,広陵,94,広島,中国,6,1,1,,0,v1_3_workcopy.xlsx
2023,明治神宮,,3,準々決勝,QF,作新学院,387,栃木,関東,2,北海,212,北海道,北海道,1,1,1,延長10回サヨナラ、タイブレーク,0,v1_3_workcopy.xlsx
2023,明治神宮,,4,準々決勝,QF,豊川,1092,愛知,東海,9,高知,643,高知,四国,8,1,1,延長11回サヨナラ、タイブレーク,0,v1_3_workcopy.xlsx
2023,明治神宮,,5,準々決勝,QF,関東一,761,東京,東京,9,大阪桐蔭,4498,大阪,近畿,5,1,4,,0,v1_3_workcopy.xlsx
2023,明治神宮,,6,準々決勝,QF,星稜,2627,石川,北信越,3,青森山田,2309,青森,東北,2,1,1,,0,v1_3_workcopy.xlsx
2023,明治神宮,,7,準 決 勝,SF,星稜,2627,石川,北信越,15,豊川,1092,愛知,東海,3,1,12,5回コールド,0,v1_3_workcopy.xlsx
2023,明治神宮,,8,準 決 勝,SF,作新学院,387,栃木,関東,8,関東一,761,東京,東京,6,1,2,,0,v1_3_workcopy.xlsx
2023,明治神宮,,9, 決  勝,F,星稜,2627,石川,北信越,3,作新学院,387,栃木,関東,1,1,2,,0,v1_3_workcopy.xlsx
2024,選抜,,1,１ 回 戦,1R,八戸学院光星,2310,青森,東北,5,関東一,761,東京,東京,3,1,2,延長11回、タイブレーク,0,v1_3_workcopy.xlsx
2024,選抜,,2,１ 回 戦,1R,星稜,2627,石川,北信越,4,田辺,105,和歌山,近畿,2,1,2,,0,v1_3_workcopy.xlsx
2024,選抜,,3,１ 回 戦,1R,熊本国府,4859,熊本,九州,2,近江,2335,滋賀,近畿,1,1,1,延長10回サヨナラ、タイブレーク,0,v1_3_workcopy.xlsx
2024,選抜,,4,１ 回 戦,1R,阿南光,1912,徳島,四国,11,豊川,1092,愛知,東海,4,1,7,,0,v1_3_workcopy.xlsx
2024,選抜,,5,１ 回 戦,1R,明豊,2152,大分,九州,1,敦賀気比,4446,福井,北信越,0,1,1,サヨナラ,0,v1_3_workcopy.xlsx
2024,選抜,,6,１ 回 戦,1R,健大高崎,4784,群馬,関東,4,学法石川,796,福島,東北,0,1,4,,0,v1_3_workcopy.xlsx
2024,選抜,,7,１ 回 戦,1R,創志学園,4917,岡山,中国,7,別海,3744,北海道,北海道,0,1,7,,0,v1_3_workcopy.xlsx
2024,選抜,,8,１ 回 戦,1R,山梨学院,2336,山梨,関東,7,京都外大西,2381,京都,近畿,1,1,6,,0,v1_3_workcopy.xlsx
2024,選抜,,9,１ 回 戦,1R,中央学院,3164,千葉,関東,7,耐久,72,和歌山,近畿,1,1,6,,0,v1_3_workcopy.xlsx
2024,選抜,,10,１ 回 戦,1R,宇治山田商,430,三重,東海,5,東海大福岡,3160,福岡,九州,4,1,1,,0,v1_3_workcopy.xlsx
2024,選抜,,11,１ 回 戦,1R,広陵,94,広島,中国,3,高知,643,高知,四国,1,1,2,,0,v1_3_workcopy.xlsx
2024,選抜,,12,１ 回 戦,1R,青森山田,2309,青森,東北,4,京都国際,4707,京都,近畿,3,1,1,サヨナラ,0,v1_3_workcopy.xlsx
2024,選抜,,13,１ 回 戦,1R,神村学園,4804,鹿児島,九州,6,作新学院,387,栃木,関東,3,1,3,,0,v1_3_workcopy.xlsx
2024,選抜,,14,１ 回 戦,1R,大阪桐蔭,4498,大阪,近畿,7,北海,212,北海道,北海道,1,1,6,,0,v1_3_workcopy.xlsx
2024,選抜,,15,１ 回 戦,1R,報徳学園,793,兵庫,近畿,3,愛工大名電,2306,愛知,東海,2,1,1,延長10回サヨナラ、タイブレーク,0,v1_3_workcopy.xlsx
2024,選抜,,16,１ 回 戦,1R,常総学院,4225,茨城,関東,1,日本航空石川,4805,石川,北信越,0,1,1,,0,v1_3_workcopy.xlsx
2024,選抜,,17,２ 回 戦,2R,星稜,2627,石川,北信越,3,八戸学院光星,2310,青森,東北,2,1,1,,0,v1_3_workcopy.xlsx
2024,選抜,,18,２ 回 戦,2R,阿南光,1912,徳島,四国,3,熊本国府,4859,熊本,九州,0,1,3,,0,v1_3_workcopy.xlsx
2024,選抜,,19,２ 回 戦,2R,健大高崎,4784,群馬,関東,4,明豊,2152,大分,九州,0,1,4,,0,v1_3_workcopy.xlsx
2024,選抜,,20,２ 回 戦,2R,山梨学院,2336,山梨,関東,4,創志学園,4917,岡山,中国,0,1,4,,0,v1_3_workcopy.xlsx
2024,選抜,,21,２ 回 戦,2R,中央学院,3164,千葉,関東,7,宇治山田商,430,三重,東海,6,1,1,,0,v1_3_workcopy.xlsx
2024,選抜,,22,２ 回 戦,2R,青森山田,2309,青森,東北,6,広陵,94,広島,中国,5,1,1,延長10回サヨナラ、タイブレーク,0,v1_3_workcopy.xlsx
2024,選抜,,23,２ 回 戦,2R,大阪桐蔭,4498,大阪,近畿,4,神村学園,4804,鹿児島,九州,2,1,2,,0,v1_3_workcopy.xlsx
2024,選抜,,24,２ 回 戦,2R,報徳学園,793,兵庫,近畿,6,常総学院,4225,茨城,関東,1,1,5,,0,v1_3_workcopy.xlsx
2024,選抜,,25,準々決勝,QF,星稜,2627,石川,北信越,5,阿南光,1912,徳島,四国,0,1,5,,0,v1_3_workcopy.xlsx
2024,選抜,,26,準々決勝,QF,健大高崎,4784,群馬,関東,6,山梨学院,2336,山梨,関東,1,1,5,,0,v1_3_workcopy.xlsx
2024,選抜,,27,準々決勝,QF,中央学院,3164,千葉,関東,5,青森山田,2309,青森,東北,2,1,3,,0,v1_3_workcopy.xlsx
2024,選抜,,28,準々決勝,QF,報徳学園,793,兵庫,近畿,4,大阪桐蔭,4498,大阪,近畿,1,1,3,,0,v1_3_workcopy.xlsx
2024,選抜,,29,準 決 勝,SF,健大高崎,4784,群馬,関東,5,星稜,2627,石川,北信越,4,1,1,,0,v1_3_workcopy.xlsx
2024,選抜,,30,準 決 勝,SF,報徳学園,793,兵庫,近畿,4,中央学院,3164,千葉,関東,2,1,2,,0,v1_3_workcopy.xlsx
2024,選抜,,31, 決  勝,F,健大高崎,4784,群馬,関東,3,報徳学園,793,兵庫,近畿,2,1,1,,0,v1_3_workcopy.xlsx
2024,春季地区,北海道,1,１ 回 戦,1R,遠軽,1353,北海道,北海道,14,稚内大谷,3092,北海道,北海道,4,1,10,7回コールド,0,v1_3_workcopy.xlsx
2024,春季地区,北海道,2,１ 回 戦,1R,札幌国際情報,4639,北海道,北海道,2,別海,3744,北海道,北海道,1,1,1,,0,v1_3_workcopy.xlsx
2024,春季地区,北海道,3,１ 回 戦,1R,クラーク国際,4959,北海道,北海道,5,函館大柏稜,4689,北海道,北海道,0,1,5,,0,v1_3_workcopy.xlsx
2024,春季地区,北海道,4,１ 回 戦,1R,駒大苫小牧,2767,北海道,北海道,11,札幌第一,2430,北海道,北海道,2,1,9,7回コールド,0,v1_3_workcopy.xlsx
2024,春季地区,北海道,5,１ 回 戦,1R,旭川実,2513,北海道,北海道,5,札幌大谷,4893,北海道,北海道,3,1,2,,0,v1_3_workcopy.xlsx
2024,春季地区,北海道,6,１ 回 戦,1R,北海,212,北海道,北海道,5,帯広大谷,4688,北海道,北海道,4,1,1,延長10回サヨナラ、タイブレーク,0,v1_3_workcopy.xlsx
2024,春季地区,北海道,7,１ 回 戦,1R,東海大札幌,2889,北海道,北海道,4,北照,399,北海道,北海道,3,1,1,,0,v1_3_workcopy.xlsx
2024,春季地区,北海道,8,１ 回 戦,1R,釧路江南,1893,北海道,北海道,13,大麻,4243,北海道,北海道,1,1,12,8回コールド,0,v1_3_workcopy.xlsx
2024,春季地区,北海道,9,準々決勝,QF,遠軽,1353,北海道,北海道,5,札幌国際情報,4639,北海道,北海道,1,1,4,,0,v1_3_workcopy.xlsx
2024,春季地区,北海道,10,準々決勝,QF,クラーク国際,4959,北海道,北海道,8,駒大苫小牧,2767,北海道,北海道,6,1,2,延長10回、タイブレーク,0,v1_3_workcopy.xlsx
2024,春季地区,北海道,11,準々決勝,QF,北海,212,北海道,北海道,3,旭川実,2513,北海道,北海道,1,1,2,,0,v1_3_workcopy.xlsx
2024,春季地区,北海道,12,準々決勝,QF,東海大札幌,2889,北海道,北海道,10,釧路江南,1893,北海道,北海道,3,1,7,7回コールド,0,v1_3_workcopy.xlsx
2024,春季地区,北海道,13,準 決 勝,SF,クラーク国際,4959,北海道,北海道,3,遠軽,1353,北海道,北海道,2,1,1,延長11回サヨナラ。タイブレーク,0,v1_3_workcopy.xlsx
2024,春季地区,北海道,14,準 決 勝,SF,北海,212,北海道,北海道,4,東海大札幌,2889,北海道,北海道,2,1,2,,0,v1_3_workcopy.xlsx
2024,春季地区,北海道,15, 決  勝,F,北海,212,北海道,北海道,3,クラーク国際,4959,北海道,北海道,2,1,1,,0,v1_3_workcopy.xlsx
2024,春季地区,東北,1,１ 回 戦,1R,盛岡大付,3833,岩手,東北,11,日大山形,2421,山形,東北,10,1,1,,0,v1_3_workcopy.xlsx
2024,春季地区,東北,2,１ 回 戦,1R,秋田商,332,秋田,東北,10,仙台城南,2529,宮城,東北,5,1,5,,0,v1_3_workcopy.xlsx
2024,春季地区,東北,3,１ 回 戦,1R,鶴岡東,3057,山形,東北,7,聖和学園,4841,宮城,東北,4,1,3,,0,v1_3_workcopy.xlsx
2024,春季地区,東北,4,１ 回 戦,1R,青森山田,2309,青森,東北,2,聖光学院,2638,福島,東北,1,1,1,サヨナラ,0,v1_3_workcopy.xlsx
2024,春季地区,東北,5,１ 回 戦,1R,聖愛,4759,青森,東北,3,東北文教大山形城北,4783,山形,東北,1,1,2,,0,v1_3_workcopy.xlsx
2024,春季地区,東北,6,１ 回 戦,1R,仙台育英,646,宮城,東北,8,光南,3648,福島,東北,3,1,5,,0,v1_3_workcopy.xlsx
2024,春季地区,東北,7,準々決勝,QF,盛岡大付,3833,岩手,東北,8,明桜,2201,秋田,東北,1,1,7,,0,v1_3_workcopy.xlsx
2024,春季地区,東北,8,準々決勝,QF,聖愛,4759,青森,東北,7,仙台育英,646,宮城,東北,6,1,1,,0,v1_3_workcopy.xlsx
2024,春季地区,東北,9,準々決勝,QF,花巻東,2305,岩手,東北,8,秋田商,332,秋田,東北,4,1,4,,0,v1_3_workcopy.xlsx
2024,春季地区,東北,10,準々決勝,QF,青森山田,2309,青森,東北,5,鶴岡東,3057,山形,東北,0,1,5,,0,v1_3_workcopy.xlsx
2024,春季地区,東北,11,準 決 勝,SF,聖愛,4759,青森,東北,7,盛岡大付,3833,岩手,東北,0,1,7,8回コールド,0,v1_3_workcopy.xlsx
2024,春季地区,東北,12,準 決 勝,SF,花巻東,2305,岩手,東北,2,青森山田,2309,青森,東北,0,1,2,,0,v1_3_workcopy.xlsx
2024,春季地区,東北,13, 決  勝,F,花巻東,2305,岩手,東北,3,聖愛,4759,青森,東北,2,1,1,延長10回サヨナラ、タイブレーク,0,v1_3_workcopy.xlsx
2024,春季地区,関東,1,１ 回 戦,1R,鹿島学園,4554,茨城,関東,2,樹徳,3122,群馬,関東,1,1,1,,0,v1_3_workcopy.xlsx
2024,春季地区,関東,2,２ 回 戦,2R,白鴎大足利,2509,栃木,関東,9,前橋商,457,群馬,関東,2,1,7,8回コールド,0,v1_3_workcopy.xlsx
2024,春季地区,関東,3,２ 回 戦,2R,東海大相模,2773,神奈川,関東,9,専大松戸,2480,千葉,関東,3,1,6,,0,v1_3_workcopy.xlsx
2024,春季地区,関東,4,２ 回 戦,2R,東海大菅生,4104,東京,東京,2,山梨学院,2336,山梨,関東,0,1,2,,0,v1_3_workcopy.xlsx
2024,春季地区,関東,5,２ 回 戦,2R,昌平,3842,埼玉,関東,8,武相,1290,神奈川,関東,0,1,8,7回コールド,0,v1_3_workcopy.xlsx
2024,春季地区,関東,6,２ 回 戦,2R,健大高崎,4784,群馬,関東,10,宇都宮商,328,栃木,関東,0,1,10,5回コールド,0,v1_3_workcopy.xlsx
2024,春季地区,関東,7,２ 回 戦,2R,花咲徳栄,4107,埼玉,関東,10,日大明誠,2558,山梨,関東,0,1,10,5回コールド,0,v1_3_workcopy.xlsx
2024,春季地区,関東,8,２ 回 戦,2R,常総学院,4225,茨城,関東,10,中央学院,3164,千葉,関東,3,1,7,8回コールド,0,v1_3_workcopy.xlsx
2024,春季地区,関東,9,２ 回 戦,2R,帝京,1297,東京,東京,9,鹿島学園,4554,茨城,関東,2,1,7,7回コールド,0,v1_3_workcopy.xlsx
2024,春季地区,関東,10,準々決勝,QF,常総学院,4225,茨城,関東,6,健大高崎,4784,群馬,関東,5,1,1,,0,v1_3_workcopy.xlsx
2024,春季地区,関東,11,準々決勝,QF,帝京,1297,東京,東京,12,花咲徳栄,4107,埼玉,関東,5,1,7,8回コールド,0,v1_3_workcopy.xlsx
2024,春季地区,関東,12,準々決勝,QF,東海大菅生,4104,東京,東京,3,昌平,3842,埼玉,関東,2,1,1,,0,v1_3_workcopy.xlsx
2024,春季地区,関東,13,準々決勝,QF,白鴎大足利,2509,栃木,関東,5,東海大相模,2773,神奈川,関東,0,1,5,,0,v1_3_workcopy.xlsx
2024,春季地区,関東,14,準 決 勝,SF,常総学院,4225,茨城,関東,9,東海大菅生,4104,東京,東京,8,1,1,サヨナラ,0,v1_3_workcopy.xlsx
2024,春季地区,関東,15,準 決 勝,SF,白鴎大足利,2509,栃木,関東,3,帝京,1297,東京,東京,1,1,2,,0,v1_3_workcopy.xlsx
2024,春季地区,関東,16, 決  勝,F,白鴎大足利,2509,栃木,関東,5,常総学院,4225,茨城,関東,4,1,1,延長10回サヨナラ、タイブレーク,0,v1_3_workcopy.xlsx
2024,春季地区,北信越,1,準々決勝,QF,帝京長岡,4506,新潟,北信越,10,氷見,815,富山,北信越,0,1,10,,0,v1_3_workcopy.xlsx
2024,春季地区,北信越,2,準々決勝,QF,福井工大福井,2467,福井,北信越,5,高岡商,425,富山,北信越,2,1,3,,0,v1_3_workcopy.xlsx
2024,春季地区,北信越,3,準々決勝,QF,星稜,2627,石川,北信越,4,富山商,252,富山,北信越,1,1,3,,0,v1_3_workcopy.xlsx
2024,春季地区,北信越,4,準々決勝,QF,東京都市大塩尻,2645,長野,北信越,8,高朋,2928,富山,北信越,1,1,7,8回コールド,0,v1_3_workcopy.xlsx
2024,春季地区,北信越,5,準 決 勝,SF,帝京長岡,4506,新潟,北信越,4,福井工大福井,2467,福井,北信越,2,1,2,,0,v1_3_workcopy.xlsx
2024,春季地区,北信越,6,準 決 勝,SF,東京都市大塩尻,2645,長野,北信越,9,星稜,2627,石川,北信越,7,1,2,延長11回、タイブレーク,0,v1_3_workcopy.xlsx
2024,春季地区,北信越,7, 決  勝,F,帝京長岡,4506,新潟,北信越,2,東京都市大塩尻,2645,長野,北信越,0,1,2,,0,v1_3_workcopy.xlsx
2024,春季地区,東海,1,準々決勝,QF,津田学園,4572,三重,東海,7,市岐阜商,3087,岐阜,東海,6,1,1,サヨナラ,0,v1_3_workcopy.xlsx
2024,春季地区,東海,2,準々決勝,QF,中京大中京,377,愛知,東海,1,加藤学園,4654,静岡,東海,0,1,1,,0,v1_3_workcopy.xlsx
2024,春季地区,東海,3,準々決勝,QF,菰野,2338,三重,東海,9,享栄,639,愛知,東海,7,1,2,,0,v1_3_workcopy.xlsx
2024,春季地区,東海,4,準々決勝,QF,県岐阜商,459,岐阜,東海,2,静岡,162,静岡,東海,1,1,1,,0,v1_3_workcopy.xlsx
2024,春季地区,東海,5,準 決 勝,SF,中京大中京,377,愛知,東海,7,津田学園,4572,三重,東海,0,1,7,7回コールド,0,v1_3_workcopy.xlsx
2024,春季地区,東海,6,準 決 勝,SF,菰野,2338,三重,東海,6,県岐阜商,459,岐阜,東海,5,1,1,延長10回、タイブレーク,0,v1_3_workcopy.xlsx
2024,春季地区,東海,7, 決  勝,F,中京大中京,377,愛知,東海,4,菰野,2338,三重,東海,3,1,1,,0,v1_3_workcopy.xlsx
2024,春季地区,近畿,1,準々決勝,QF,天理,848,奈良,近畿,11,社,1918,兵庫,近畿,0,1,11,,0,v1_3_workcopy.xlsx
2024,春季地区,近畿,2,準々決勝,QF,京都国際,4707,京都,近畿,8,明石商,2258,兵庫,近畿,1,1,7,7回コールド,0,v1_3_workcopy.xlsx
2024,春季地区,近畿,3,準々決勝,QF,智弁和歌山,3732,和歌山,近畿,4,滋賀学園,4703,滋賀,近畿,0,1,4,,0,v1_3_workcopy.xlsx
2024,春季地区,近畿,4,準々決勝,QF,須磨翔風,2598,兵庫,近畿,3,大阪学院大高,2428,大阪,近畿,1,1,2,,0,v1_3_workcopy.xlsx
2024,春季地区,近畿,5,準 決 勝,SF,智弁和歌山,3732,和歌山,近畿,12,須磨翔風,2598,兵庫,近畿,0,1,12,,0,v1_3_workcopy.xlsx
2024,春季地区,近畿,6,準 決 勝,SF,京都国際,4707,京都,近畿,5,天理,848,奈良,近畿,1,1,4,,0,v1_3_workcopy.xlsx
2024,春季地区,近畿,7, 決  勝,F,京都国際,4707,京都,近畿,3,智弁和歌山,3732,和歌山,近畿,2,1,1,サヨナラ,0,v1_3_workcopy.xlsx
2024,春季地区,中国,1,準々決勝,QF,広陵,94,広島,中国,8,鳥取城北,3124,鳥取,中国,6,1,2,,0,v1_3_workcopy.xlsx
2024,春季地区,中国,2,準々決勝,QF,尾道,2393,広島,中国,3,宇部鴻城,2800,山口,中国,2,1,1,,0,v1_3_workcopy.xlsx
2024,春季地区,中国,3,準々決勝,QF,倉敷商,792,岡山,中国,7,崇徳,1286,広島,中国,1,1,6,,0,v1_3_workcopy.xlsx
2024,春季地区,中国,4,準々決勝,QF,海田,2227,広島,中国,5,益田東,3832,島根,中国,4,1,1,,0,v1_3_workcopy.xlsx
2024,春季地区,中国,5,準 決 勝,SF,尾道,2393,広島,中国,7,海田,2227,広島,中国,0,1,7,8回コールド,0,v1_3_workcopy.xlsx
2024,春季地区,中国,6,準 決 勝,SF,倉敷商,792,岡山,中国,2,広陵,94,広島,中国,1,1,1,,0,v1_3_workcopy.xlsx
2024,春季地区,中国,7, 決  勝,F,尾道,2393,広島,中国,6,倉敷商,792,岡山,中国,5,1,1,延長10回サヨナラ、タイブレーク,0,v1_3_workcopy.xlsx
2024,春季地区,四国,1,準々決勝,QF,高知,643,高知,四国,7,松山商,159,愛媛,四国,0,1,7,7回コールド,0,v1_3_workcopy.xlsx
2024,春季地区,四国,2,準々決勝,QF,高松商,28,香川,四国,3,徳島商,43,徳島,四国,2,1,1,,0,v1_3_workcopy.xlsx
2024,春季地区,四国,3,準々決勝,QF,阿南光,1912,徳島,四国,5,済美,4781,愛媛,四国,0,1,5,,0,v1_3_workcopy.xlsx
2024,春季地区,四国,4,準々決勝,QF,尽誠学園,1522,香川,四国,4,明徳義塾,3461,高知,四国,2,1,2,,0,v1_3_workcopy.xlsx
2024,春季地区,四国,5,準 決 勝,SF,高松商,28,香川,四国,4,高知,643,高知,四国,2,1,2,,0,v1_3_workcopy.xlsx
2024,春季地区,四国,6,準 決 勝,SF,尽誠学園,1522,香川,四国,7,阿南光,1912,徳島,四国,2,1,5,,0,v1_3_workcopy.xlsx
2024,春季地区,四国,7, 決  勝,F,高松商,28,香川,四国,2,尽誠学園,1522,香川,四国,0,1,2,,0,v1_3_workcopy.xlsx
2024,春季地区,九州,1,１ 回 戦,1R,唐津商,812,佐賀,九州,5,文徳,3014,熊本,九州,2,1,3,,0,v1_3_workcopy.xlsx
2024,春季地区,九州,2,１ 回 戦,1R,宮崎商,564,宮崎,九州,16,東海大福岡,3160,福岡,九州,3,1,13,6回コールド,0,v1_3_workcopy.xlsx
2024,春季地区,九州,3,１ 回 戦,1R,大分,2213,大分,九州,2,北陵,3240,佐賀,九州,1,1,1,延長11回サヨナラ、タイブレーク,0,v1_3_workcopy.xlsx
2024,春季地区,九州,4,１ 回 戦,1R,佐賀北,2798,佐賀,九州,5,春日,4518,福岡,九州,4,1,1,,0,v1_3_workcopy.xlsx
2024,春季地区,九州,5,１ 回 戦,1R,明豊,2152,大分,九州,2,エナジックスポーツ,5031,沖縄,九州,0,1,2,,0,v1_3_workcopy.xlsx
2024,春季地区,九州,6,１ 回 戦,1R,神村学園,4804,鹿児島,九州,8,大牟田,1530,福岡,九州,1,1,7,7回コールド,0,v1_3_workcopy.xlsx
2024,春季地区,九州,7,１ 回 戦,1R,熊本国府,4859,熊本,九州,2,長崎日大,3090,長崎,九州,1,1,1,延長11回サヨナラ、タイブレーク,0,v1_3_workcopy.xlsx
2024,春季地区,九州,8,１ 回 戦,1R,鹿児島実,429,鹿児島,九州,3,東明館,4519,佐賀,九州,2,1,1,サヨナラ,0,v1_3_workcopy.xlsx
2024,春季地区,九州,9,準々決勝,QF,唐津商,812,佐賀,九州,3,宮崎商,564,宮崎,九州,2,1,1,,0,v1_3_workcopy.xlsx
2024,春季地区,九州,10,準々決勝,QF,鹿児島実,429,鹿児島,九州,5,熊本国府,4859,熊本,九州,0,1,5,,0,v1_3_workcopy.xlsx
2024,春季地区,九州,11,準々決勝,QF,明豊,2152,大分,九州,3,佐賀北,2798,佐賀,九州,1,1,2,,0,v1_3_workcopy.xlsx
2024,春季地区,九州,12,準々決勝,QF,神村学園,4804,鹿児島,九州,4,大分,2213,大分,九州,3,1,1,,0,v1_3_workcopy.xlsx
2024,春季地区,九州,13,準 決 勝,SF,明豊,2152,大分,九州,5,鹿児島実,429,鹿児島,九州,3,1,2,,0,v1_3_workcopy.xlsx
2024,春季地区,九州,14,準 決 勝,SF,神村学園,4804,鹿児島,九州,2,唐津商,812,佐賀,九州,1,1,1,延長10回サヨナラ、タイブレーク,0,v1_3_workcopy.xlsx
2024,春季地区,九州,15, 決  勝,F,明豊,2152,大分,九州,6,神村学園,4804,鹿児島,九州,0,1,6,,0,v1_3_workcopy.xlsx
2024,選手権,,1,１ 回 戦,1R,滋賀学園,4703,滋賀,近畿,10,有田工,205,佐賀,九州,6,1,4,,0,v1_3_workcopy.xlsx
2024,選手権,,2,１ 回 戦,1R,健大高崎,4784,群馬,関東,1,英明,4840,香川,四国,0,1,1,,0,v1_3_workcopy.xlsx
2024,選手権,,3,１ 回 戦,1R,智弁学園,3009,奈良,近畿,9,岐阜城北,4231,岐阜,東海,6,1,3,延長11回、タイブレーク,0,v1_3_workcopy.xlsx
2024,選手権,,4,１ 回 戦,1R,大阪桐蔭,4498,大阪,近畿,5,興南,2550,沖縄,九州,0,1,5,,0,v1_3_workcopy.xlsx
2024,選手権,,5,１ 回 戦,1R,小松大谷,2791,石川,北信越,8,明豊,2152,大分,九州,4,1,4,,0,v1_3_workcopy.xlsx
2024,選手権,,6,１ 回 戦,1R,京都国際,4707,京都,近畿,7,札幌日大,4447,北海道,北海道,3,1,4,,0,v1_3_workcopy.xlsx
2024,選手権,,7,１ 回 戦,1R,新潟産大付,2398,新潟,北信越,2,花咲徳栄,4107,埼玉,関東,1,1,1,,0,v1_3_workcopy.xlsx
2024,選手権,,8,１ 回 戦,1R,西日本短大付,2635,福岡,九州,6,金足農,818,秋田,東北,4,1,2,,0,v1_3_workcopy.xlsx
2024,選手権,,9,１ 回 戦,1R,菰野,2338,三重,東海,6,南陽工,2631,山口,中国,2,1,4,,0,v1_3_workcopy.xlsx
2024,選手権,,10,１ 回 戦,1R,中京大中京,377,愛知,東海,4,宮崎商,564,宮崎,九州,3,1,1,,0,v1_3_workcopy.xlsx
2024,選手権,,11,１ 回 戦,1R,神村学園,4804,鹿児島,九州,8,木更津総合,2775,千葉,関東,5,1,3,,0,v1_3_workcopy.xlsx
2024,選手権,,12,１ 回 戦,1R,岡山学芸館,3161,岡山,中国,1,聖カタリナ,4985,愛媛,四国,0,1,1,,0,v1_3_workcopy.xlsx
2024,選手権,,13,１ 回 戦,1R,掛川西,340,静岡,東海,8,日本航空,2559,山梨,関東,4,1,4,,0,v1_3_workcopy.xlsx
2024,選手権,,14,１ 回 戦,1R,早稲田実,14,東京,東京,8,鳴門渦潮,2629,徳島,四国,4,1,4,,0,v1_3_workcopy.xlsx
2024,選手権,,15,１ 回 戦,1R,鶴岡東,3057,山形,東北,2,聖光学院,2638,福島,東北,1,1,1,,0,v1_3_workcopy.xlsx
2024,選手権,,16,１ 回 戦,1R,大社,32,島根,中国,3,報徳学園,793,兵庫,近畿,1,1,2,,0,v1_3_workcopy.xlsx
2024,選手権,,17,１ 回 戦,1R,創成館,2652,長崎,九州,1,白樺学園,2385,北海道,北海道,0,1,1,,0,v1_3_workcopy.xlsx
2024,選手権,,18,２ 回 戦,2R,広陵,94,広島,中国,2,熊本工,422,熊本,九州,1,1,1,,0,v1_3_workcopy.xlsx
2024,選手権,,19,２ 回 戦,2R,東海大相模,2773,神奈川,関東,4,富山商,252,富山,北信越,0,1,4,,0,v1_3_workcopy.xlsx
2024,選手権,,20,２ 回 戦,2R,明徳義塾,3461,高知,四国,7,鳥取城北,3124,鳥取,中国,0,1,7,,0,v1_3_workcopy.xlsx
2024,選手権,,21,２ 回 戦,2R,関東一,761,東京,東京,7,北陸,476,福井,北信越,1,1,6,,0,v1_3_workcopy.xlsx
2024,選手権,,22,２ 回 戦,2R,青森山田,2309,青森,東北,9,長野日大,2515,長野,北信越,1,1,8,,0,v1_3_workcopy.xlsx
2024,選手権,,23,２ 回 戦,2R,石橋,587,栃木,関東,5,聖和学園,4841,宮城,東北,0,1,5,,0,v1_3_workcopy.xlsx
2024,選手権,,24,２ 回 戦,2R,霞ヶ浦,1719,茨城,関東,5,智弁和歌山,3732,和歌山,近畿,4,1,1,延長11回、タイブレーク,0,v1_3_workcopy.xlsx
2024,選手権,,25,２ 回 戦,2R,滋賀学園,4703,滋賀,近畿,5,花巻東,2305,岩手,東北,0,1,5,,0,v1_3_workcopy.xlsx
2024,選手権,,26,２ 回 戦,2R,智弁学園,3009,奈良,近畿,2,健大高崎,4784,群馬,関東,1,1,1,,0,v1_3_workcopy.xlsx
2024,選手権,,27,２ 回 戦,2R,小松大谷,2791,石川,北信越,3,大阪桐蔭,4498,大阪,近畿,0,1,3,,0,v1_3_workcopy.xlsx
2024,選手権,,28,２ 回 戦,2R,京都国際,4707,京都,近畿,4,新潟産大付,2398,新潟,北信越,0,1,4,,0,v1_3_workcopy.xlsx
2024,選手権,,29,２ 回 戦,2R,西日本短大付,2635,福岡,九州,13,菰野,2338,三重,東海,0,1,13,,0,v1_3_workcopy.xlsx
2024,選手権,,30,２ 回 戦,2R,神村学園,4804,鹿児島,九州,4,中京大中京,377,愛知,東海,3,1,1,,0,v1_3_workcopy.xlsx
2024,選手権,,31,２ 回 戦,2R,岡山学芸館,3161,岡山,中国,2,掛川西,340,静岡,東海,0,1,2,,0,v1_3_workcopy.xlsx
2024,選手権,,32,２ 回 戦,2R,早稲田実,14,東京,東京,1,鶴岡東,3057,山形,東北,0,1,1,延長10回サヨナラ、タイブレーク,0,v1_3_workcopy.xlsx
2024,選手権,,33,２ 回 戦,2R,大社,32,島根,中国,5,創成館,2652,長崎,九州,4,1,1,延長10回、タイブレーク,0,v1_3_workcopy.xlsx
2024,選手権,,34,３ 回 戦,3R,東海大相模,2773,神奈川,関東,8,広陵,94,広島,中国,1,1,7,,0,v1_3_workcopy.xlsx
2024,選手権,,35,３ 回 戦,3R,関東一,761,東京,東京,3,明徳義塾,3461,高知,四国,2,1,1,,0,v1_3_workcopy.xlsx
2024,選手権,,36,３ 回 戦,3R,青森山田,2309,青森,東北,5,石橋,587,栃木,関東,0,1,5,,0,v1_3_workcopy.xlsx
2024,選手権,,37,３ 回 戦,3R,滋賀学園,4703,滋賀,近畿,6,霞ヶ浦,1719,茨城,関東,2,1,4,,0,v1_3_workcopy.xlsx
2024,選手権,,38,３ 回 戦,3R,智弁学園,3009,奈良,近畿,6,小松大谷,2791,石川,北信越,3,1,3,,0,v1_3_workcopy.xlsx
2024,選手権,,39,３ 回 戦,3R,京都国際,4707,京都,近畿,4,西日本短大付,2635,福岡,九州,0,1,4,,0,v1_3_workcopy.xlsx
2024,選手権,,40,３ 回 戦,3R,神村学園,4804,鹿児島,九州,7,岡山学芸館,3161,岡山,中国,1,1,6,,0,v1_3_workcopy.xlsx
2024,選手権,,41,３ 回 戦,3R,大社,32,島根,中国,3,早稲田実,14,東京,東京,2,1,1,延長11回サヨナラ、タイブレーク,0,v1_3_workcopy.xlsx
2024,選手権,,42,準々決勝,QF,関東一,761,東京,東京,2,東海大相模,2773,神奈川,関東,1,1,1,,0,v1_3_workcopy.xlsx
2024,選手権,,43,準々決勝,QF,青森山田,2309,青森,東北,1,滋賀学園,4703,滋賀,近畿,0,1,1,,0,v1_3_workcopy.xlsx
2024,選手権,,44,準々決勝,QF,京都国際,4707,京都,近畿,4,智弁学園,3009,奈良,近畿,0,1,4,,0,v1_3_workcopy.xlsx
2024,選手権,,45,準々決勝,QF,神村学園,4804,鹿児島,九州,8,大社,32,島根,中国,2,1,6,,0,v1_3_workcopy.xlsx
2024,選手権,,46,準 決 勝,SF,関東一,761,東京,東京,2,神村学園,4804,鹿児島,九州,1,1,1,,0,v1_3_workcopy.xlsx
2024,選手権,,47,準 決 勝,SF,京都国際,4707,京都,近畿,3,青森山田,2309,青森,東北,2,1,1,,0,v1_3_workcopy.xlsx
2024,選手権,,48, 決  勝,F,京都国際,4707,京都,近畿,2,関東一,761,東京,東京,1,1,1,延長10回、タイブレーク,0,v1_3_workcopy.xlsx
2024,秋季地区,北海道,1,１ 回 戦,1R,東海大札幌,2889,北海道,北海道,5,鵡川,4502,北海道,北海道,1,1,4,,0,v1_3_workcopy.xlsx
2024,秋季地区,北海道,2,１ 回 戦,1R,北照,399,北海道,北海道,9,帯広工,2786,北海道,北海道,1,1,8,7回コールド,0,v1_3_workcopy.xlsx
2024,秋季地区,北海道,3,１ 回 戦,1R,釧路江南,1893,北海道,北海道,2,帯広大谷,4688,北海道,北海道,1,1,1,,0,v1_3_workcopy.xlsx
2024,秋季地区,北海道,4,１ 回 戦,1R,駒大苫小牧,2767,北海道,北海道,2,士別翔雲,1545,北海道,北海道,1,1,1,,0,v1_3_workcopy.xlsx
2024,秋季地区,北海道,5,２ 回 戦,2R,クラーク国際,4959,北海道,北海道,2,旭川実,2513,北海道,北海道,0,1,2,,0,v1_3_workcopy.xlsx
2024,秋季地区,北海道,6,２ 回 戦,2R,北星大付,2653,北海道,北海道,8,札幌創成,2909,北海道,北海道,2,1,6,,0,v1_3_workcopy.xlsx
2024,秋季地区,北海道,7,２ 回 戦,2R,北海,212,北海道,北海道,11,函館中部,214,北海道,北海道,1,1,10,6回コールド,0,v1_3_workcopy.xlsx
2024,秋季地区,北海道,8,２ 回 戦,2R,札幌南,244,北海道,北海道,5,函館大柏稜,4689,北海道,北海道,3,1,2,延長10回、タイブレーク,0,v1_3_workcopy.xlsx
2024,秋季地区,北海道,9,２ 回 戦,2R,東海大札幌,2889,北海道,北海道,2,札幌光星,879,北海道,北海道,1,1,1,,0,v1_3_workcopy.xlsx
2024,秋季地区,北海道,10,２ 回 戦,2R,札幌日大,4447,北海道,北海道,6,北照,399,北海道,北海道,2,1,4,,0,v1_3_workcopy.xlsx
2024,秋季地区,北海道,11,２ 回 戦,2R,釧路江南,1893,北海道,北海道,2,遠軽,1353,北海道,北海道,1,1,1,サヨナラ,0,v1_3_workcopy.xlsx
2024,秋季地区,北海道,12,２ 回 戦,2R,駒大苫小牧,2767,北海道,北海道,3,旭川志峯,2769,北海道,北海道,2,1,1,,0,v1_3_workcopy.xlsx
2024,秋季地区,北海道,13,準々決勝,QF,東海大札幌,2889,北海道,北海道,3,クラーク国際,4959,北海道,北海道,1,1,2,,0,v1_3_workcopy.xlsx
2024,秋季地区,北海道,14,準々決勝,QF,札幌日大,4447,北海道,北海道,9,北星大付,2653,北海道,北海道,4,1,5,,0,v1_3_workcopy.xlsx
2024,秋季地区,北海道,15,準々決勝,QF,北海,212,北海道,北海道,1,釧路江南,1893,北海道,北海道,0,1,1,,0,v1_3_workcopy.xlsx
2024,秋季地区,北海道,16,準々決勝,QF,駒大苫小牧,2767,北海道,北海道,8,札幌南,244,北海道,北海道,1,1,7,7回コールド,0,v1_3_workcopy.xlsx
2024,秋季地区,北海道,17,準 決 勝,SF,東海大札幌,2889,北海道,北海道,5,札幌日大,4447,北海道,北海道,2,1,3,,0,v1_3_workcopy.xlsx
2024,秋季地区,北海道,18,準 決 勝,SF,北海,212,北海道,北海道,6,駒大苫小牧,2767,北海道,北海道,2,1,4,,0,v1_3_workcopy.xlsx
2024,秋季地区,北海道,19, 決  勝,F,東海大札幌,2889,北海道,北海道,2,北海,212,北海道,北海道,0,1,2,,0,v1_3_workcopy.xlsx
2024,秋季地区,東北,1,１ 回 戦,1R,久慈,2064,岩手,東北,7,学法石川,796,福島,東北,2,1,5,,0,v1_3_workcopy.xlsx
2024,秋季地区,東北,2,１ 回 戦,1R,山形中央,1728,山形,東北,1,大曲工,2691,秋田,東北,0,1,1,延長10回サヨナラ、タイブレーク,0,v1_3_workcopy.xlsx
2024,秋季地区,東北,3,２ 回 戦,2R,青森山田,2309,青森,東北,8,古川学園,2318,宮城,東北,2,1,6,,0,v1_3_workcopy.xlsx
2024,秋季地区,東北,4,２ 回 戦,2R,聖光学院,2638,福島,東北,5,能代松陽,910,秋田,東北,1,1,4,,0,v1_3_workcopy.xlsx
2024,秋季地区,東北,5,２ 回 戦,2R,東日大昌平,4758,福島,東北,11,東北学院榴ヶ岡,4333,宮城,東北,7,1,4,,0,v1_3_workcopy.xlsx
2024,秋季地区,東北,6,２ 回 戦,2R,仙台育英,646,宮城,東北,4,聖愛,4759,青森,東北,0,1,4,,0,v1_3_workcopy.xlsx
2024,秋季地区,東北,7,２ 回 戦,2R,日大山形,2421,山形,東北,3,八戸学院光星,2310,青森,東北,2,1,1,,0,v1_3_workcopy.xlsx
2024,秋季地区,東北,8,２ 回 戦,2R,鶴岡東,3057,山形,東北,8,久慈,2064,岩手,東北,1,1,7,7回コールド,0,v1_3_workcopy.xlsx
2024,秋季地区,東北,9,２ 回 戦,2R,山形中央,1728,山形,東北,3,一関学院,1295,岩手,東北,1,1,2,,0,v1_3_workcopy.xlsx
2024,秋季地区,東北,10,２ 回 戦,2R,花巻東,2305,岩手,東北,8,秋田商,332,秋田,東北,0,1,8,7回コールド,0,v1_3_workcopy.xlsx
2024,秋季地区,東北,11,準々決勝,QF,聖光学院,2638,福島,東北,3,仙台育英,646,宮城,東北,2,1,1,,0,v1_3_workcopy.xlsx
2024,秋季地区,東北,12,準々決勝,QF,山形中央,1728,山形,東北,3,日大山形,2421,山形,東北,1,1,2,,0,v1_3_workcopy.xlsx
2024,秋季地区,東北,13,準々決勝,QF,花巻東,2305,岩手,東北,2,鶴岡東,3057,山形,東北,1,1,1,,0,v1_3_workcopy.xlsx
2024,秋季地区,東北,14,準々決勝,QF,青森山田,2309,青森,東北,4,東日大昌平,4758,福島,東北,0,1,4,,0,v1_3_workcopy.xlsx
2024,秋季地区,東北,15,準 決 勝,SF,青森山田,2309,青森,東北,4,花巻東,2305,岩手,東北,1,1,3,,0,v1_3_workcopy.xlsx
2024,秋季地区,東北,16,準 決 勝,SF,聖光学院,2638,福島,東北,7,山形中央,1728,山形,東北,1,1,6,,0,v1_3_workcopy.xlsx
2024,秋季地区,東北,17, 決  勝,F,聖光学院,2638,福島,東北,3,青森山田,2309,青森,東北,2,1,1,,0,v1_3_workcopy.xlsx
2024,秋季地区,関東,1,１ 回 戦,1R,浦和実,3378,埼玉,関東,4,宇都宮工,601,栃木,関東,2,1,2,,0,v1_3_workcopy.xlsx
2024,秋季地区,関東,2,１ 回 戦,1R,東農大二,2624,群馬,関東,10,帝京三,2564,山梨,関東,3,1,7,7回コールド,0,v1_3_workcopy.xlsx
2024,秋季地区,関東,3,１ 回 戦,1R,つくば秀英,4695,茨城,関東,5,拓大紅陵,3642,千葉,関東,3,1,2,,0,v1_3_workcopy.xlsx
2024,秋季地区,関東,4,１ 回 戦,1R,千葉黎明,670,千葉,関東,3,西武台,4011,埼玉,関東,2,1,1,,0,v1_3_workcopy.xlsx
2024,秋季地区,関東,5,１ 回 戦,1R,健大高崎,4784,群馬,関東,9,霞ヶ浦,1719,茨城,関東,0,1,9,7回コールド,0,v1_3_workcopy.xlsx
2024,秋季地区,関東,6,１ 回 戦,1R,山梨学院,2336,山梨,関東,6,東海大相模,2773,神奈川,関東,5,1,1,延長10回サヨナラ、タイブレーク,0,v1_3_workcopy.xlsx
2024,秋季地区,関東,7,１ 回 戦,1R,佐野日大,2964,栃木,関東,6,平塚学園,4329,神奈川,関東,5,1,1,,0,v1_3_workcopy.xlsx
2024,秋季地区,関東,8,準々決勝,QF,浦和実,3378,埼玉,関東,2,つくば秀英,4695,茨城,関東,0,1,2,,0,v1_3_workcopy.xlsx
2024,秋季地区,関東,9,準々決勝,QF,横浜,1041,神奈川,関東,2,東農大二,2624,群馬,関東,0,1,2,,0,v1_3_workcopy.xlsx
2024,秋季地区,関東,10,準々決勝,QF,千葉黎明,670,千葉,関東,5,山梨学院,2336,山梨,関東,2,1,3,,0,v1_3_workcopy.xlsx
2024,秋季地区,関東,11,準々決勝,QF,健大高崎,4784,群馬,関東,10,佐野日大,2964,栃木,関東,3,1,7,7回コールド,0,v1_3_workcopy.xlsx
2024,秋季地区,関東,12,準 決 勝,SF,横浜,1041,神奈川,関東,3,浦和実,3378,埼玉,関東,2,1,1,,0,v1_3_workcopy.xlsx
2024,秋季地区,関東,13,準 決 勝,SF,健大高崎,4784,群馬,関東,6,千葉黎明,670,千葉,関東,0,1,6,,0,v1_3_workcopy.xlsx
2024,秋季地区,関東,14, 決  勝,F,横浜,1041,神奈川,関東,4,健大高崎,4784,群馬,関東,3,1,1,延長10回サヨナラ、タイブレーク,0,v1_3_workcopy.xlsx
2024,秋季地区,東京,1,１ 回 戦,1R,国学院久我山,1299,東京,東京,4,東海大菅生,4104,東京,東京,0,1,4,,0,v1_3_workcopy.xlsx
2024,秋季地区,東京,2,１ 回 戦,1R,東京,730,東京,東京,11,東京実,884,東京,東京,5,1,6,,0,v1_3_workcopy.xlsx
2024,秋季地区,東京,3,１ 回 戦,1R,修徳,2197,東京,東京,8,日野台,4010,東京,東京,1,1,7,7回コールド,0,v1_3_workcopy.xlsx
2024,秋季地区,東京,4,１ 回 戦,1R,早稲田実,14,東京,東京,12,東京都市大付,2221,東京,東京,4,1,8,7回コールド,0,v1_3_workcopy.xlsx
2024,秋季地区,東京,5,１ 回 戦,1R,小平南,4497,東京,東京,6,実践学園,2389,東京,東京,5,1,1,4回から継続試合,0,v1_3_workcopy.xlsx
2024,秋季地区,東京,6,１ 回 戦,1R,堀越,2372,東京,東京,4,城西,2334,東京,東京,2,1,2,6回から継続試合,0,v1_3_workcopy.xlsx
2024,秋季地区,東京,7,１ 回 戦,1R,日大三,171,東京,東京,5,日大鶴ヶ丘,1524,東京,東京,3,1,2,,0,v1_3_workcopy.xlsx
2024,秋季地区,東京,8,１ 回 戦,1R,昭和,2157,東京,東京,1,駒大高,1915,東京,東京,0,1,1,,0,v1_3_workcopy.xlsx
2024,秋季地区,東京,9,１ 回 戦,1R,錦城,1562,東京,東京,3,創価,3204,東京,東京,0,1,3,,0,v1_3_workcopy.xlsx
2024,秋季地区,東京,10,１ 回 戦,1R,明星,1559,東京,東京,3,聖パウロ学園,4575,東京,東京,0,1,3,,0,v1_3_workcopy.xlsx
2024,秋季地区,東京,11,１ 回 戦,1R,東大和,3205,東京,東京,1,府中工科,2827,東京,東京,0,1,1,,0,v1_3_workcopy.xlsx
2024,秋季地区,東京,12,１ 回 戦,1R,八王子,1544,東京,東京,8,成城学園,1266,東京,東京,1,1,7,7回コールド,0,v1_3_workcopy.xlsx
2024,秋季地区,東京,13,１ 回 戦,1R,世田谷学園,911,東京,東京,10,拓大一,2068,東京,東京,2,1,8,7回コールド,0,v1_3_workcopy.xlsx
2024,秋季地区,東京,14,１ 回 戦,1R,駿台学園,2349,東京,東京,9,桜美林,2059,東京,東京,8,1,1,サヨナラ,0,v1_3_workcopy.xlsx
2024,秋季地区,東京,15,１ 回 戦,1R,明大八王子,4335,東京,東京,6,東京成徳大高,4751,東京,東京,2,1,4,,0,v1_3_workcopy.xlsx
2024,秋季地区,東京,16,１ 回 戦,1R,昭和一学園,1374,東京,東京,5,大森学園,1342,東京,東京,4,1,1,,0,v1_3_workcopy.xlsx
2024,秋季地区,東京,17,１ 回 戦,1R,二松学舎大付,2380,東京,東京,7,日体大荏原,55,東京,東京,4,1,3,,0,v1_3_workcopy.xlsx
2024,秋季地区,東京,18,１ 回 戦,1R,大東大一,3460,東京,東京,2,新宿,1103,東京,東京,1,1,1,,0,v1_3_workcopy.xlsx
2024,秋季地区,東京,19,１ 回 戦,1R,成城,12,東京,東京,9,国学院,1557,東京,東京,1,1,8,7回コールド,0,v1_3_workcopy.xlsx
2024,秋季地区,東京,20,１ 回 戦,1R,立教池袋,4726,東京,東京,6,国立,1304,東京,東京,0,1,6,,0,v1_3_workcopy.xlsx
2024,秋季地区,東京,21,１ 回 戦,1R,東亜学園,2555,東京,東京,4,東海大高輪台,3024,東京,東京,3,1,1,サヨナラ,0,v1_3_workcopy.xlsx
2024,秋季地区,東京,22,１ 回 戦,1R,雪谷,2153,東京,東京,10,日大二,644,東京,東京,3,1,7,7回コールド,0,v1_3_workcopy.xlsx
2024,秋季地区,東京,23,１ 回 戦,1R,小山台,1326,東京,東京,8,府中西,4455,東京,東京,0,1,8,,0,v1_3_workcopy.xlsx
2024,秋季地区,東京,24,１ 回 戦,1R,淑徳,4636,東京,東京,6,成立学園,729,東京,東京,2,1,4,,0,v1_3_workcopy.xlsx
2024,秋季地区,東京,25,１ 回 戦,1R,関東一,761,東京,東京,7,府中東,4505,東京,東京,1,1,6,,0,v1_3_workcopy.xlsx
2024,秋季地区,東京,26,１ 回 戦,1R,佼成学園,2333,東京,東京,12,狛江,3291,東京,東京,1,1,11,5回コールド,0,v1_3_workcopy.xlsx
2024,秋季地区,東京,27,１ 回 戦,1R,正則,272,東京,東京,4,法政大高,894,東京,東京,3,1,1,,0,v1_3_workcopy.xlsx
2024,秋季地区,東京,28,１ 回 戦,1R,国士舘,1525,東京,東京,11,立正大立正,731,東京,東京,3,1,8,8回コールド,0,v1_3_workcopy.xlsx
2024,秋季地区,東京,29,１ 回 戦,1R,共栄学園,4839,東京,東京,4,岩倉,1907,東京,東京,3,1,1,,0,v1_3_workcopy.xlsx
2024,秋季地区,東京,30,１ 回 戦,1R,帝京,1297,東京,東京,10,練馬,3365,東京,東京,0,1,10,5回コールド,0,v1_3_workcopy.xlsx
2024,秋季地区,東京,31,１ 回 戦,1R,早大学院,1953,東京,東京,10,朋優学院,4753,東京,東京,0,1,10,5回コールド,0,v1_3_workcopy.xlsx
2024,秋季地区,東京,32,１ 回 戦,1R,安田学園,800,東京,東京,6,桐朋,1376,東京,東京,0,1,6,,0,v1_3_workcopy.xlsx
2024,秋季地区,東京,33,２ 回 戦,2R,小山台,1326,東京,東京,7,東亜学園,2555,東京,東京,4,1,3,,0,v1_3_workcopy.xlsx
2024,秋季地区,東京,34,２ 回 戦,2R,明大八王子,4335,東京,東京,6,明星,1559,東京,東京,3,1,3,延長11回、タイブレーク,0,v1_3_workcopy.xlsx
2024,秋季地区,東京,35,２ 回 戦,2R,大東大一,3460,東京,東京,11,成城,12,東京,東京,4,1,7,8回コールド,0,v1_3_workcopy.xlsx
2024,秋季地区,東京,36,２ 回 戦,2R,堀越,2372,東京,東京,14,立教池袋,4726,東京,東京,2,1,12,7回コールド,0,v1_3_workcopy.xlsx
2024,秋季地区,東京,37,２ 回 戦,2R,国学院久我山,1299,東京,東京,5,東京,730,東京,東京,4,1,1,,0,v1_3_workcopy.xlsx
2024,秋季地区,東京,38,２ 回 戦,2R,淑徳,4636,東京,東京,9,小平南,4497,東京,東京,4,1,5,,0,v1_3_workcopy.xlsx
2024,秋季地区,東京,39,２ 回 戦,2R,昭和,2157,東京,東京,9,雪谷,2153,東京,東京,6,1,3,,0,v1_3_workcopy.xlsx
2024,秋季地区,東京,40,２ 回 戦,2R,早稲田実,14,東京,東京,5,修徳,2197,東京,東京,2,1,3,,0,v1_3_workcopy.xlsx
2024,秋季地区,東京,41,２ 回 戦,2R,日大三,171,東京,東京,13,錦城,1562,東京,東京,0,1,13,6回コールド,0,v1_3_workcopy.xlsx
2024,秋季地区,東京,42,２ 回 戦,2R,関東一,761,東京,東京,5,国士舘,1525,東京,東京,1,1,4,,0,v1_3_workcopy.xlsx
2024,秋季地区,東京,43,２ 回 戦,2R,世田谷学園,911,東京,東京,3,東大和,3205,東京,東京,0,1,3,7回コールド,0,v1_3_workcopy.xlsx
2024,秋季地区,東京,44,２ 回 戦,2R,帝京,1297,東京,東京,1,佼成学園,2333,東京,東京,0,1,1,,0,v1_3_workcopy.xlsx
2024,秋季地区,東京,45,２ 回 戦,2R,早大学院,1953,東京,東京,6,正則,272,東京,東京,0,1,6,,0,v1_3_workcopy.xlsx
2024,秋季地区,東京,46,２ 回 戦,2R,駿台学園,2349,東京,東京,11,昭和一学園,1374,東京,東京,4,1,7,8回コールド,0,v1_3_workcopy.xlsx
2024,秋季地区,東京,47,２ 回 戦,2R,二松学舎大付,2380,東京,東京,9,八王子,1544,東京,東京,5,1,4,,0,v1_3_workcopy.xlsx
2024,秋季地区,東京,48,２ 回 戦,2R,共栄学園,4839,東京,東京,6,安田学園,800,東京,東京,2,1,4,延長10回、タイブレーク,0,v1_3_workcopy.xlsx
2024,秋季地区,東京,49,３ 回 戦,3R,早稲田実,14,東京,東京,7,昭和,2157,東京,東京,0,1,7,7回コールド,0,v1_3_workcopy.xlsx
2024,秋季地区,東京,50,３ 回 戦,3R,明大八王子,4335,東京,東京,5,堀越,2372,東京,東京,3,1,2,,0,v1_3_workcopy.xlsx
2024,秋季地区,東京,51,３ 回 戦,3R,小山台,1326,東京,東京,3,大東大一,3460,東京,東京,0,1,3,,0,v1_3_workcopy.xlsx
2024,秋季地区,東京,52,３ 回 戦,3R,淑徳,4636,東京,東京,3,国学院久我山,1299,東京,東京,1,1,2,,0,v1_3_workcopy.xlsx
2024,秋季地区,東京,53,３ 回 戦,3R,日大三,171,東京,東京,10,駿台学園,2349,東京,東京,1,1,9,7回コールド,0,v1_3_workcopy.xlsx
2024,秋季地区,東京,54,３ 回 戦,3R,帝京,1297,東京,東京,3,関東一,761,東京,東京,2,1,1,,0,v1_3_workcopy.xlsx
2024,秋季地区,東京,55,３ 回 戦,3R,二松学舎大付,2380,東京,東京,10,世田谷学園,911,東京,東京,2,1,8,7回コールド,0,v1_3_workcopy.xlsx
2024,秋季地区,東京,56,３ 回 戦,3R,共栄学園,4839,東京,東京,6,早大学院,1953,東京,東京,3,1,3,,0,v1_3_workcopy.xlsx
2024,秋季地区,東京,57,準々決勝,QF,二松学舎大付,2380,東京,東京,8,日大三,171,東京,東京,1,1,7,7回コールド,0,v1_3_workcopy.xlsx
2024,秋季地区,東京,58,準々決勝,QF,帝京,1297,東京,東京,3,共栄学園,4839,東京,東京,2,1,1,延長10回サヨナラ、タイブレーク,0,v1_3_workcopy.xlsx
2024,秋季地区,東京,59,準々決勝,QF,早稲田実,14,東京,東京,3,小山台,1326,東京,東京,2,1,1,,0,v1_3_workcopy.xlsx
2024,秋季地区,東京,60,準々決勝,QF,淑徳,4636,東京,東京,7,明大八王子,4335,東京,東京,6,1,1,,0,v1_3_workcopy.xlsx
2024,秋季地区,東京,61,準 決 勝,SF,早稲田実,14,東京,東京,6,淑徳,4636,東京,東京,0,1,6,,0,v1_3_workcopy.xlsx
2024,秋季地区,東京,62,準 決 勝,SF,二松学舎大付,2380,東京,東京,7,帝京,1297,東京,東京,0,1,7,8回コールド,0,v1_3_workcopy.xlsx
2024,秋季地区,東京,63, 決  勝,F,二松学舎大付,2380,東京,東京,6,早稲田実,14,東京,東京,5,1,1,延長12回サヨナラ、タイブレーク,0,v1_3_workcopy.xlsx
2024,秋季地区,北信越,1,１ 回 戦,1R,松本第一,2520,長野,北信越,3,小松大谷,2791,石川,北信越,1,1,2,,0,v1_3_workcopy.xlsx
2024,秋季地区,北信越,2,１ 回 戦,1R,敦賀気比,4446,福井,北信越,9,帝京長岡,4506,新潟,北信越,2,1,7,7回コールド,0,v1_3_workcopy.xlsx
2024,秋季地区,北信越,3,１ 回 戦,1R,小松工,1043,石川,北信越,8,富山北部,1291,富山,北信越,7,1,1,延長11回サヨナラ、タイブレーク,0,v1_3_workcopy.xlsx
2024,秋季地区,北信越,4,１ 回 戦,1R,日本航空石川,4805,石川,北信越,6,富山第一,2476,富山,北信越,1,1,5,,0,v1_3_workcopy.xlsx
2024,秋季地区,北信越,5,１ 回 戦,1R,大野,431,福井,北信越,2,中越,2307,新潟,北信越,0,1,2,,0,v1_3_workcopy.xlsx
2024,秋季地区,北信越,6,１ 回 戦,1R,福井工大福井,2467,福井,北信越,4,松本国際,2464,長野,北信越,1,1,3,,0,v1_3_workcopy.xlsx
2024,秋季地区,北信越,7,１ 回 戦,1R,高岡第一,2423,富山,北信越,5,金沢,645,石川,北信越,2,1,3,,0,v1_3_workcopy.xlsx
2024,秋季地区,北信越,8,１ 回 戦,1R,新潟明訓,1526,新潟,北信越,7,長野商,241,長野,北信越,3,1,4,,0,v1_3_workcopy.xlsx
2024,秋季地区,北信越,9,準々決勝,QF,敦賀気比,4446,福井,北信越,3,松本第一,2520,長野,北信越,0,1,3,,0,v1_3_workcopy.xlsx
2024,秋季地区,北信越,10,準々決勝,QF,小松工,1043,石川,北信越,7,新潟明訓,1526,新潟,北信越,0,1,7,7回コールド,0,v1_3_workcopy.xlsx
2024,秋季地区,北信越,11,準々決勝,QF,高岡第一,2423,富山,北信越,9,大野,431,福井,北信越,6,1,3,延長10回、タイブレーク,0,v1_3_workcopy.xlsx
2024,秋季地区,北信越,12,準々決勝,QF,日本航空石川,4805,石川,北信越,2,福井工大福井,2467,福井,北信越,1,1,1,サヨナラ,0,v1_3_workcopy.xlsx
2024,秋季地区,北信越,13,準 決 勝,SF,敦賀気比,4446,福井,北信越,9,小松工,1043,石川,北信越,4,1,5,,0,v1_3_workcopy.xlsx
2024,秋季地区,北信越,14,準 決 勝,SF,日本航空石川,4805,石川,北信越,7,高岡第一,2423,富山,北信越,0,1,7,8回コールド,0,v1_3_workcopy.xlsx
2024,秋季地区,北信越,15, 決  勝,F,敦賀気比,4446,福井,北信越,6,日本航空石川,4805,石川,北信越,5,1,1,,0,v1_3_workcopy.xlsx
2024,秋季地区,東海,1,１ 回 戦,1R,中京,2628,岐阜,東海,4,名古屋たちばな,3288,愛知,東海,1,1,3,,0,v1_3_workcopy.xlsx
2024,秋季地区,東海,2,１ 回 戦,1R,聖隷クリストファー,4312,静岡,東海,5,菰野,2338,三重,東海,1,1,4,,0,v1_3_workcopy.xlsx
2024,秋季地区,東海,3,１ 回 戦,1R,中京大中京,377,愛知,東海,1,宇治山田商,430,三重,東海,0,1,1,,0,v1_3_workcopy.xlsx
2024,秋季地区,東海,4,１ 回 戦,1R,岐阜第一,2332,岐阜,東海,8,掛川西,340,静岡,東海,1,1,7,7回コールド,0,v1_3_workcopy.xlsx
2024,秋季地区,東海,5,準々決勝,QF,大垣日大,2639,岐阜,東海,3,中京大中京,377,愛知,東海,2,1,1,延長10回,0,v1_3_workcopy.xlsx
2024,秋季地区,東海,6,準々決勝,QF,岐阜第一,2332,岐阜,東海,7,海星,2058,三重,東海,0,1,7,8回コールド,0,v1_3_workcopy.xlsx
2024,秋季地区,東海,7,準々決勝,QF,至学館,4857,愛知,東海,2,聖隷クリストファー,4312,静岡,東海,0,1,2,,0,v1_3_workcopy.xlsx
2024,秋季地区,東海,8,準々決勝,QF,常葉大菊川,4105,静岡,東海,4,中京,2628,岐阜,東海,1,1,3,,0,v1_3_workcopy.xlsx
2024,秋季地区,東海,9,準 決 勝,SF,大垣日大,2639,岐阜,東海,7,岐阜第一,2332,岐阜,東海,6,1,1,,0,v1_3_workcopy.xlsx
2024,秋季地区,東海,10,準 決 勝,SF,常葉大菊川,4105,静岡,東海,5,至学館,4857,愛知,東海,4,1,1,,0,v1_3_workcopy.xlsx
2024,秋季地区,東海,11, 決  勝,F,大垣日大,2639,岐阜,東海,7,常葉大菊川,4105,静岡,東海,4,1,3,,0,v1_3_workcopy.xlsx
2024,秋季地区,近畿,1,１ 回 戦,1R,滋賀短大付,4895,滋賀,近畿,4,履正社,432,大阪,近畿,1,1,3,,0,v1_3_workcopy.xlsx
2024,秋季地区,近畿,2,１ 回 戦,1R,立命館宇治,3088,京都,近畿,4,奈良,1062,奈良,近畿,1,1,3,,0,v1_3_workcopy.xlsx
2024,秋季地区,近畿,3,１ 回 戦,1R,市和歌山,2331,和歌山,近畿,1,三田学園,351,兵庫,近畿,0,1,1,,0,v1_3_workcopy.xlsx
2024,秋季地区,近畿,4,１ 回 戦,1R,東洋大姫路,2774,兵庫,近畿,9,龍谷大平安,97,京都,近畿,0,1,9,7回コールド,0,v1_3_workcopy.xlsx
2024,秋季地区,近畿,5,１ 回 戦,1R,大阪学院大高,2428,大阪,近畿,1,北稜,3774,京都,近畿,0,1,1,,0,v1_3_workcopy.xlsx
2024,秋季地区,近畿,6,１ 回 戦,1R,天理,848,奈良,近畿,5,和歌山東,4903,和歌山,近畿,1,1,4,,0,v1_3_workcopy.xlsx
2024,秋季地区,近畿,7,１ 回 戦,1R,智弁和歌山,3732,和歌山,近畿,5,神戸学院大付,4984,兵庫,近畿,0,1,5,,0,v1_3_workcopy.xlsx
2024,秋季地区,近畿,8,１ 回 戦,1R,滋賀学園,4703,滋賀,近畿,3,大阪桐蔭,4498,大阪,近畿,2,1,1,,0,v1_3_workcopy.xlsx
2024,秋季地区,近畿,9,準々決勝,QF,天理,848,奈良,近畿,4,滋賀短大付,4895,滋賀,近畿,1,1,3,,0,v1_3_workcopy.xlsx
2024,秋季地区,近畿,10,準々決勝,QF,智弁和歌山,3732,和歌山,近畿,7,滋賀学園,4703,滋賀,近畿,2,1,5,,0,v1_3_workcopy.xlsx
2024,秋季地区,近畿,11,準々決勝,QF,市和歌山,2331,和歌山,近畿,10,立命館宇治,3088,京都,近畿,0,1,10,6回コールド,0,v1_3_workcopy.xlsx
2024,秋季地区,近畿,12,準々決勝,QF,東洋大姫路,2774,兵庫,近畿,4,大阪学院大高,2428,大阪,近畿,0,1,4,,0,v1_3_workcopy.xlsx
2024,秋季地区,近畿,13,準 決 勝,SF,東洋大姫路,2774,兵庫,近畿,11,天理,848,奈良,近畿,3,1,8,7回コールド,0,v1_3_workcopy.xlsx
2024,秋季地区,近畿,14,準 決 勝,SF,智弁和歌山,3732,和歌山,近畿,6,市和歌山,2331,和歌山,近畿,1,1,5,,0,v1_3_workcopy.xlsx
2024,秋季地区,近畿,15, 決  勝,F,東洋大姫路,2774,兵庫,近畿,5,智弁和歌山,3732,和歌山,近畿,1,1,4,,0,v1_3_workcopy.xlsx
2024,秋季地区,中国,1,１ 回 戦,1R,開星,4499,島根,中国,8,下関国際,2930,山口,中国,1,1,7,7回コールド,0,v1_3_workcopy.xlsx
2024,秋季地区,中国,2,１ 回 戦,1R,米子松蔭,3016,鳥取,中国,8,創志学園,4917,岡山,中国,0,1,8,7回コールド,0,v1_3_workcopy.xlsx
2024,秋季地区,中国,3,１ 回 戦,1R,広島商,27,広島,中国,7,米子東,40,鳥取,中国,2,1,5,,0,v1_3_workcopy.xlsx
2024,秋季地区,中国,4,１ 回 戦,1R,盈進,524,広島,中国,3,出雲商,1036,島根,中国,1,1,2,,0,v1_3_workcopy.xlsx
2024,秋季地区,中国,5,１ 回 戦,1R,矢上,4529,島根,中国,6,高川学園,609,山口,中国,5,1,1,サヨナラ,0,v1_3_workcopy.xlsx
2024,秋季地区,中国,6,１ 回 戦,1R,大田,788,島根,中国,8,境,1275,鳥取,中国,1,1,7,7回コールド,0,v1_3_workcopy.xlsx
2024,秋季地区,中国,7,１ 回 戦,1R,倉敷商,792,岡山,中国,6,如水館,1914,広島,中国,1,1,5,,0,v1_3_workcopy.xlsx
2024,秋季地区,中国,8,１ 回 戦,1R,岡山学芸館,3161,岡山,中国,9,西京,4501,山口,中国,0,1,9,7回コールド,0,v1_3_workcopy.xlsx
2024,秋季地区,中国,9,準々決勝,QF,矢上,4529,島根,中国,6,倉敷商,792,岡山,中国,5,1,1,,0,v1_3_workcopy.xlsx
2024,秋季地区,中国,10,準々決勝,QF,岡山学芸館,3161,岡山,中国,9,大田,788,島根,中国,2,1,7,8回コールド,0,v1_3_workcopy.xlsx
2024,秋季地区,中国,11,準々決勝,QF,米子松蔭,3016,鳥取,中国,4,盈進,524,広島,中国,3,1,1,延長11回サヨナラ、タイブレーク,0,v1_3_workcopy.xlsx
2024,秋季地区,中国,12,準々決勝,QF,広島商,27,広島,中国,2,開星,4499,島根,中国,1,1,1,,0,v1_3_workcopy.xlsx
2024,秋季地区,中国,13,準 決 勝,SF,米子松蔭,3016,鳥取,中国,2,矢上,4529,島根,中国,0,1,2,,0,v1_3_workcopy.xlsx
2024,秋季地区,中国,14,準 決 勝,SF,広島商,27,広島,中国,6,岡山学芸館,3161,岡山,中国,3,1,3,,0,v1_3_workcopy.xlsx
2024,秋季地区,中国,15, 決  勝,F,広島商,27,広島,中国,6,米子松蔭,3016,鳥取,中国,3,1,3,,0,v1_3_workcopy.xlsx
2024,秋季地区,四国,1,１ 回 戦,1R,高知中央,3064,高知,四国,5,今治西,158,愛媛,四国,2,1,3,,0,v1_3_workcopy.xlsx
2024,秋季地区,四国,2,１ 回 戦,1R,尽誠学園,1522,香川,四国,2,高知,643,高知,四国,0,1,2,,0,v1_3_workcopy.xlsx
2024,秋季地区,四国,3,１ 回 戦,1R,英明,4840,香川,四国,4,小松島,2151,徳島,四国,2,1,2,,0,v1_3_workcopy.xlsx
2024,秋季地区,四国,4,１ 回 戦,1R,鳴門,44,徳島,四国,4,松山商,159,愛媛,四国,2,1,2,,0,v1_3_workcopy.xlsx
2024,秋季地区,四国,5,準々決勝,QF,高松商,28,香川,四国,8,高知中央,3064,高知,四国,0,1,8,7回コールド,0,v1_3_workcopy.xlsx
2024,秋季地区,四国,6,準々決勝,QF,鳴門渦潮,2629,徳島,四国,3,尽誠学園,1522,香川,四国,2,1,1,,0,v1_3_workcopy.xlsx
2024,秋季地区,四国,7,準々決勝,QF,新田,1313,愛媛,四国,4,英明,4840,香川,四国,3,1,1,,0,v1_3_workcopy.xlsx
2024,秋季地区,四国,8,準々決勝,QF,明徳義塾,3461,高知,四国,6,鳴門,44,徳島,四国,0,1,6,,0,v1_3_workcopy.xlsx
2024,秋季地区,四国,9,準 決 勝,SF,高松商,28,香川,四国,5,新田,1313,愛媛,四国,3,1,2,,0,v1_3_workcopy.xlsx
2024,秋季地区,四国,10,準 決 勝,SF,明徳義塾,3461,高知,四国,6,鳴門渦潮,2629,徳島,四国,3,1,3,,0,v1_3_workcopy.xlsx
2024,秋季地区,四国,11, 決  勝,F,明徳義塾,3461,高知,四国,5,高松商,28,香川,四国,3,1,2,,0,v1_3_workcopy.xlsx
2024,秋季地区,九州,1,１ 回 戦,1R,壱岐,3558,長崎,九州,6,専大熊本,3023,熊本,九州,3,1,3,,0,v1_3_workcopy.xlsx
2024,秋季地区,九州,2,１ 回 戦,1R,柳ヶ浦,2962,大分,九州,5,龍谷,1057,佐賀,九州,3,1,2,,0,v1_3_workcopy.xlsx
2024,秋季地区,九州,3,１ 回 戦,1R,エナジックスポーツ,5031,沖縄,九州,2,神村学園,4804,鹿児島,九州,1,1,1,,0,v1_3_workcopy.xlsx
2024,秋季地区,九州,4,１ 回 戦,1R,育徳館,81,福岡,九州,2,日南学園,3018,宮崎,九州,1,1,1,サヨナラ,0,v1_3_workcopy.xlsx
2024,秋季地区,九州,5,１ 回 戦,1R,鹿児島実,429,鹿児島,九州,2,明豊,2152,大分,九州,1,1,1,,0,v1_3_workcopy.xlsx
2024,秋季地区,九州,6,１ 回 戦,1R,西日本短大付,2635,福岡,九州,14,聖心ウルスラ,4782,宮崎,九州,2,1,12,7回コールド,0,v1_3_workcopy.xlsx
2024,秋季地区,九州,7,１ 回 戦,1R,有明,2673,熊本,九州,7,海星,346,長崎,九州,6,1,1,延長11回サヨナラ、タイブレーク,0,v1_3_workcopy.xlsx
2024,秋季地区,九州,8,１ 回 戦,1R,沖縄尚学,2370,沖縄,九州,3,佐賀北,2798,佐賀,九州,2,1,1,,0,v1_3_workcopy.xlsx
2024,秋季地区,九州,9,準々決勝,QF,西日本短大付,2635,福岡,九州,4,有明,2673,熊本,九州,0,1,4,,0,v1_3_workcopy.xlsx
2024,秋季地区,九州,10,準々決勝,QF,エナジックスポーツ,5031,沖縄,九州,9,壱岐,3558,長崎,九州,2,1,7,7回コールド,0,v1_3_workcopy.xlsx
2024,秋季地区,九州,11,準々決勝,QF,柳ヶ浦,2962,大分,九州,3,育徳館,81,福岡,九州,0,1,3,,0,v1_3_workcopy.xlsx
2024,秋季地区,九州,12,準々決勝,QF,沖縄尚学,2370,沖縄,九州,5,鹿児島実,429,鹿児島,九州,0,1,5,,0,v1_3_workcopy.xlsx
2024,秋季地区,九州,13,準 決 勝,SF,エナジックスポーツ,5031,沖縄,九州,4,柳ヶ浦,2962,大分,九州,2,1,2,,0,v1_3_workcopy.xlsx
2024,秋季地区,九州,14,準 決 勝,SF,沖縄尚学,2370,沖縄,九州,11,西日本短大付,2635,福岡,九州,1,1,10,6回コールド,0,v1_3_workcopy.xlsx
2024,秋季地区,九州,15, 決  勝,F,沖縄尚学,2370,沖縄,九州,6,エナジックスポーツ,5031,沖縄,九州,2,1,4,,0,v1_3_workcopy.xlsx
2024,明治神宮,,1,１ 回 戦,1R,東洋大姫路,2774,兵庫,近畿,10,聖光学院,2638,福島,東北,0,1,10,5回コールド,0,v1_3_workcopy.xlsx
2024,明治神宮,,2,１ 回 戦,1R,東海大札幌,2889,北海道,北海道,3,大垣日大,2639,岐阜,東海,0,1,3,,0,v1_3_workcopy.xlsx
2024,明治神宮,,3,準々決勝,QF,横浜,1041,神奈川,関東,2,明徳義塾,3461,高知,四国,0,1,2,,0,v1_3_workcopy.xlsx
2024,明治神宮,,4,準々決勝,QF,敦賀気比,4446,福井,北信越,11,沖縄尚学,2370,沖縄,九州,5,1,6,,0,v1_3_workcopy.xlsx
2024,明治神宮,,5,準々決勝,QF,東洋大姫路,2774,兵庫,近畿,6,二松学舎大付,2380,東京,東京,0,1,6,,0,v1_3_workcopy.xlsx
2024,明治神宮,,6,準々決勝,QF,広島商,27,広島,中国,3,東海大札幌,2889,北海道,北海道,0,1,3,,0,v1_3_workcopy.xlsx
2024,明治神宮,,7,準 決 勝,SF,横浜,1041,神奈川,関東,3,東洋大姫路,2774,兵庫,近畿,1,1,2,延長11回、タイブレーク,0,v1_3_workcopy.xlsx
2024,明治神宮,,8,準 決 勝,SF,広島商,27,広島,中国,11,敦賀気比,4446,福井,北信越,9,1,2,延長11回、タイブレーク,0,v1_3_workcopy.xlsx
2024,明治神宮,,9, 決  勝,F,横浜,1041,神奈川,関東,4,広島商,27,広島,中国,3,1,1,,0,v1_3_workcopy.xlsx
