year,season,region,prefecture,tournament,round,date,team1,score1,team2,score2,source_url,note,_source_file
2025,spring,hokkaido,北海道,春季北海道大会 2025 日程・結果,F,2025-06-01,旭川実業,4,北海,5,https://koshien89.com/blog-entry-3506.html,,data/01_hokkaido/hokkaido_2025.csv
2025,spring,hokkaido,北海道,春季北海道大会 2025 日程・結果,SF,2025-05-31,北海,6,白樺学園,0,https://koshien89.com/blog-entry-3506.html,,data/01_hokkaido/hokkaido_2025.csv
2025,spring,hokkaido,北海道,春季北海道大会 2025 日程・結果,SF,2025-05-31,知内,0,旭川実業,4,https://koshien89.com/blog-entry-3506.html,,data/01_hokkaido/hokkaido_2025.csv
2025,spring,hokkaido,北海道,春季北海道大会 2025 日程・結果,QF,2025-05-29,白樺学園,13,士別翔雲,1,https://koshien89.com/blog-entry-3506.html,5innings,data/01_hokkaido/hokkaido_2025.csv
2025,spring,hokkaido,北海道,春季北海道大会 2025 日程・結果,QF,2025-05-29,北海,3,東海大札幌,2,https://koshien89.com/blog-entry-3506.html,,data/01_hokkaido/hokkaido_2025.csv
2025,spring,hokkaido,北海道,春季北海道大会 2025 日程・結果,QF,2025-05-29,旭川実業,7,札幌大谷,4,https://koshien89.com/blog-entry-3506.html,,data/01_hokkaido/hokkaido_2025.csv
2025,spring,hokkaido,北海道,春季北海道大会 2025 日程・結果,QF,2025-05-28,知内,5,北見北斗,3,https://koshien89.com/blog-entry-3506.html,10innings,data/01_hokkaido/hokkaido_2025.csv
2025,spring,hokkaido,北海道,春季北海道大会 2025 日程・結果,1R,2025-05-28,立命館慶祥,2,白樺学園,6,https://koshien89.com/blog-entry-3506.html,,data/01_hokkaido/hokkaido_2025.csv
2025,spring,hokkaido,北海道,春季北海道大会 2025 日程・結果,1R,2025-05-28,士別翔雲,2,北海道栄,0,https://koshien89.com/blog-entry-3506.html,,data/01_hokkaido/hokkaido_2025.csv
2025,spring,hokkaido,北海道,春季北海道大会 2025 日程・結果,1R,2025-05-27,札幌大谷,7,苫小牧中央,2,https://koshien89.com/blog-entry-3506.html,,data/01_hokkaido/hokkaido_2025.csv
2025,spring,hokkaido,北海道,春季北海道大会 2025 日程・結果,1R,2025-05-27,北海,2,札幌日大,0,https://koshien89.com/blog-entry-3506.html,,data/01_hokkaido/hokkaido_2025.csv
2025,spring,hokkaido,北海道,春季北海道大会 2025 日程・結果,1R,2025-05-27,滝川西,3,東海大札幌,5,https://koshien89.com/blog-entry-3506.html,,data/01_hokkaido/hokkaido_2025.csv
2025,spring,hokkaido,北海道,春季北海道大会 2025 日程・結果,1R,2025-05-26,知内,3,北照,2,https://koshien89.com/blog-entry-3506.html,11innings,data/01_hokkaido/hokkaido_2025.csv
2025,spring,hokkaido,北海道,春季北海道大会 2025 日程・結果,1R,2025-05-26,北見北斗,13,釧路北陽,3,https://koshien89.com/blog-entry-3506.html,5innings,data/01_hokkaido/hokkaido_2025.csv
2025,spring,hokkaido,北海道,春季北海道大会 2025 日程・結果,1R,2025-05-26,札幌光星,0,旭川実業,5,https://koshien89.com/blog-entry-3506.html,,data/01_hokkaido/hokkaido_2025.csv
2025,spring,tohoku,秋田,春季山形大会 2025 日程・結果,F,2025-05-25,酒田南,9,山形中央,5,https://koshien89.com/blog-entry-3505.html,,data/02_tohoku/akita_2025.csv
2025,spring,tohoku,秋田,春季山形大会 2025 日程・結果,3P,2025-05-25,羽黒,3,山形城北,8,https://koshien89.com/blog-entry-3505.html,,data/02_tohoku/akita_2025.csv
2025,spring,tohoku,秋田,春季山形大会 2025 日程・結果,SF,2025-05-24,山形中央,5,山形城北,2,https://koshien89.com/blog-entry-3505.html,,data/02_tohoku/akita_2025.csv
2025,spring,tohoku,秋田,春季山形大会 2025 日程・結果,SF,2025-05-24,酒田南,11,羽黒,10,https://koshien89.com/blog-entry-3505.html,,data/02_tohoku/akita_2025.csv
2025,spring,tohoku,秋田,春季山形大会 2025 日程・結果,QF,2025-05-19,惺山,3,羽黒,8,https://koshien89.com/blog-entry-3505.html,,data/02_tohoku/akita_2025.csv
2025,spring,tohoku,秋田,春季山形大会 2025 日程・結果,QF,2025-05-19,山形中央,2,山形商業,1,https://koshien89.com/blog-entry-3505.html,,data/02_tohoku/akita_2025.csv
2025,spring,tohoku,秋田,春季山形大会 2025 日程・結果,QF,2025-05-18,山形学院,1,山形城北,10,https://koshien89.com/blog-entry-3505.html,7innings,data/02_tohoku/akita_2025.csv
2025,spring,tohoku,秋田,春季山形大会 2025 日程・結果,QF,2025-05-18,日大山形,3,酒田南,6,https://koshien89.com/blog-entry-3505.html,,data/02_tohoku/akita_2025.csv
2025,spring,tohoku,秋田,春季山形大会 2025 日程・結果,3R,2025-05-18,山形南,1,惺山,5,https://koshien89.com/blog-entry-3505.html,,data/02_tohoku/akita_2025.csv
2025,spring,tohoku,秋田,春季山形大会 2025 日程・結果,3R,2025-05-18,米沢興譲館,8,羽黒,16,https://koshien89.com/blog-entry-3505.html,7innings,data/02_tohoku/akita_2025.csv
2025,spring,tohoku,秋田,春季山形大会 2025 日程・結果,3R,2025-05-17,山形学院,7,致道館,5,https://koshien89.com/blog-entry-3505.html,,data/02_tohoku/akita_2025.csv
2025,spring,tohoku,秋田,春季山形大会 2025 日程・結果,3R,2025-05-17,九里学園,4,山形城北,6,https://koshien89.com/blog-entry-3505.html,,data/02_tohoku/akita_2025.csv
2025,spring,tohoku,秋田,春季山形大会 2025 日程・結果,3R,2025-05-16,日大山形,8,米沢鶴城,1,https://koshien89.com/blog-entry-3505.html,7innings,data/02_tohoku/akita_2025.csv
2025,spring,tohoku,秋田,春季山形大会 2025 日程・結果,3R,2025-05-16,鶴岡東,7,山形中央,8,https://koshien89.com/blog-entry-3505.html,,data/02_tohoku/akita_2025.csv
2025,spring,tohoku,秋田,春季山形大会 2025 日程・結果,3R,2025-05-16,新庄神室,0,酒田南,4,https://koshien89.com/blog-entry-3505.html,,data/02_tohoku/akita_2025.csv
2025,spring,tohoku,秋田,春季山形大会 2025 日程・結果,3R,2025-05-16,山形商業,3,酒田光陵,0,https://koshien89.com/blog-entry-3505.html,,data/02_tohoku/akita_2025.csv
2025,spring,tohoku,秋田,春季山形大会 2025 日程・結果,2R,2025-05-12,日大山形,13,山形明正,0,https://koshien89.com/blog-entry-3505.html,5innings,data/02_tohoku/akita_2025.csv
2025,spring,tohoku,秋田,春季山形大会 2025 日程・結果,2R,2025-05-12,長井・南陽,1,米沢鶴城,7,https://koshien89.com/blog-entry-3505.html,,data/02_tohoku/akita_2025.csv
2025,spring,tohoku,秋田,春季山形大会 2025 日程・結果,2R,2025-05-12,山形学院,5,新庄東,1,https://koshien89.com/blog-entry-3505.html,,data/02_tohoku/akita_2025.csv
2025,spring,tohoku,秋田,春季山形大会 2025 日程・結果,2R,2025-05-11,高畠,1,新庄神室産業,11,https://koshien89.com/blog-entry-3505.html,5innings,data/02_tohoku/akita_2025.csv
2025,spring,tohoku,秋田,春季山形大会 2025 日程・結果,2R,2025-05-11,東海大山形,2,山形南,3,https://koshien89.com/blog-entry-3505.html,,data/02_tohoku/akita_2025.csv
2025,spring,tohoku,秋田,春季山形大会 2025 日程・結果,2R,2025-05-11,鶴岡東,15,山形東,0,https://koshien89.com/blog-entry-3505.html,5innings,data/02_tohoku/akita_2025.csv
2025,spring,tohoku,秋田,春季山形大会 2025 日程・結果,2R,2025-05-11,寒河江工業,9,酒田南,20,https://koshien89.com/blog-entry-3505.html,5innings,data/02_tohoku/akita_2025.csv
2025,spring,tohoku,秋田,春季山形大会 2025 日程・結果,2R,2025-05-11,長井工業・左沢,4,惺山,11,https://koshien89.com/blog-entry-3505.html,7innings,data/02_tohoku/akita_2025.csv
2025,spring,tohoku,秋田,春季山形大会 2025 日程・結果,2R,2025-05-11,米沢東,1,山形中央,8,https://koshien89.com/blog-entry-3505.html,8innings,data/02_tohoku/akita_2025.csv
2025,spring,tohoku,秋田,春季山形大会 2025 日程・結果,2R,2025-05-11,鶴岡工業,8,致道館,9,https://koshien89.com/blog-entry-3505.html,,data/02_tohoku/akita_2025.csv
2025,spring,tohoku,秋田,春季山形大会 2025 日程・結果,2R,2025-05-11,創学館,6,山形城北,15,https://koshien89.com/blog-entry-3505.html,7innings,data/02_tohoku/akita_2025.csv
2025,spring,tohoku,秋田,春季山形大会 2025 日程・結果,2R,2025-05-10,東桜学館,6,米沢興譲館,7,https://koshien89.com/blog-entry-3505.html,,data/02_tohoku/akita_2025.csv
2025,spring,tohoku,秋田,春季山形大会 2025 日程・結果,2R,2025-05-10,山形商業,8,山形工業,1,https://koshien89.com/blog-entry-3505.html,8innings,data/02_tohoku/akita_2025.csv
2025,spring,tohoku,秋田,春季山形大会 2025 日程・結果,2R,2025-05-10,寒河江,0,羽黒,9,https://koshien89.com/blog-entry-3505.html,7innings,data/02_tohoku/akita_2025.csv
2025,spring,tohoku,秋田,春季山形大会 2025 日程・結果,2R,2025-05-10,米沢中央,0,酒田光陵,10,https://koshien89.com/blog-entry-3505.html,6innings,data/02_tohoku/akita_2025.csv
2025,spring,tohoku,秋田,春季山形大会 2025 日程・結果,2R,2025-05-10,北村山・谷地・天童・上山明新館,0,九里学園,15,https://koshien89.com/blog-entry-3505.html,6innings,data/02_tohoku/akita_2025.csv
2025,spring,tohoku,秋田,春季山形大会 2025 日程・結果,1R,2025-05-09,山形明正,6,酒田東・酒田西,3,https://koshien89.com/blog-entry-3505.html,,data/02_tohoku/akita_2025.csv
2025,spring,tohoku,秋田,春季山形大会 2025 日程・結果,1R,2025-05-09,新庄東,5,新庄北,2,https://koshien89.com/blog-entry-3505.html,,data/02_tohoku/akita_2025.csv
2025,spring,tohoku,秋田,春季山形大会 2025 日程・結果,1R,2025-05-09,山形南,10,鶴岡高専,2,https://koshien89.com/blog-entry-3505.html,,data/02_tohoku/akita_2025.csv
2025,spring,tohoku,秋田,春季山形大会 2025 日程・結果,1R,2025-05-09,創学館,12,鶴岡中央,2,https://koshien89.com/blog-entry-3505.html,6innings,data/02_tohoku/akita_2025.csv
2025,spring,tohoku,秋田,春季山形大会 2025 日程・結果,1R,2025-05-09,山形東,8,村山産業,3,https://koshien89.com/blog-entry-3505.html,,data/02_tohoku/akita_2025.csv
2025,spring,tohoku,青森,春季青森大会 2025 日程・結果,F,2025-05-26,八戸学院光星,2,青森山田,9,https://koshien89.com/blog-entry-3504.html,,data/02_tohoku/aomori_2025.csv
2025,spring,tohoku,青森,春季青森大会 2025 日程・結果,3P,2025-05-26,聖愛,0,青森北,1,https://koshien89.com/blog-entry-3504.html,,data/02_tohoku/aomori_2025.csv
2025,spring,tohoku,青森,春季青森大会 2025 日程・結果,SF,2025-05-24,聖愛,0,青森山田,4,https://koshien89.com/blog-entry-3504.html,,data/02_tohoku/aomori_2025.csv
2025,spring,tohoku,青森,春季青森大会 2025 日程・結果,SF,2025-05-24,八戸学院光星,4,青森北,2,https://koshien89.com/blog-entry-3504.html,,data/02_tohoku/aomori_2025.csv
2025,spring,tohoku,青森,春季青森大会 2025 日程・結果,QF,2025-05-18,聖愛,6,八工大二,0,https://koshien89.com/blog-entry-3504.html,,data/02_tohoku/aomori_2025.csv
2025,spring,tohoku,青森,春季青森大会 2025 日程・結果,QF,2025-05-18,青森山田,8,八戸聖ウルスラ,0,https://koshien89.com/blog-entry-3504.html,7innings,data/02_tohoku/aomori_2025.csv
2025,spring,tohoku,青森,春季青森大会 2025 日程・結果,QF,2025-05-18,弘前工業,8,青森北,9,https://koshien89.com/blog-entry-3504.html,,data/02_tohoku/aomori_2025.csv
2025,spring,tohoku,青森,春季青森大会 2025 日程・結果,QF,2025-05-18,八工大一,2,八戸学院光星,3,https://koshien89.com/blog-entry-3504.html,,data/02_tohoku/aomori_2025.csv
2025,spring,tohoku,青森,春季青森大会 2025 日程・結果,3R,2025-05-17,八戸聖ウルスラ,11,青森南,1,https://koshien89.com/blog-entry-3504.html,6innings,data/02_tohoku/aomori_2025.csv
2025,spring,tohoku,青森,春季青森大会 2025 日程・結果,3R,2025-05-17,八工大一,13,大湊,3,https://koshien89.com/blog-entry-3504.html,5innings,data/02_tohoku/aomori_2025.csv
2025,spring,tohoku,青森,春季青森大会 2025 日程・結果,3R,2025-05-17,八戸工業,0,青森北,4,https://koshien89.com/blog-entry-3504.html,,data/02_tohoku/aomori_2025.csv
2025,spring,tohoku,青森,春季青森大会 2025 日程・結果,3R,2025-05-17,聖愛,8,青森明の星,2,https://koshien89.com/blog-entry-3504.html,,data/02_tohoku/aomori_2025.csv
2025,spring,tohoku,青森,春季青森大会 2025 日程・結果,3R,2025-05-17,東奥義塾,2,青森山田,4,https://koshien89.com/blog-entry-3504.html,,data/02_tohoku/aomori_2025.csv
2025,spring,tohoku,青森,春季青森大会 2025 日程・結果,3R,2025-05-17,八学光星,11,弘前東,6,https://koshien89.com/blog-entry-3504.html,,data/02_tohoku/aomori_2025.csv
2025,spring,tohoku,青森,春季青森大会 2025 日程・結果,3R,2025-05-17,八戸,5,八工大二,9,https://koshien89.com/blog-entry-3504.html,,data/02_tohoku/aomori_2025.csv
2025,spring,tohoku,青森,春季青森大会 2025 日程・結果,3R,2025-05-17,十和田工業,0,弘前工業,7,https://koshien89.com/blog-entry-3504.html,7innings,data/02_tohoku/aomori_2025.csv
2025,spring,tohoku,青森,春季青森大会 2025 日程・結果,2R,2025-05-12,八学光星,6,八戸西,3,https://koshien89.com/blog-entry-3504.html,,data/02_tohoku/aomori_2025.csv
2025,spring,tohoku,青森,春季青森大会 2025 日程・結果,2R,2025-05-12,大湊,10,田名部,4,https://koshien89.com/blog-entry-3504.html,,data/02_tohoku/aomori_2025.csv
2025,spring,tohoku,青森,春季青森大会 2025 日程・結果,2R,2025-05-12,むつ工業,1,弘前工業,8,https://koshien89.com/blog-entry-3504.html,8innings,data/02_tohoku/aomori_2025.csv
2025,spring,tohoku,青森,春季青森大会 2025 日程・結果,2R,2025-05-12,三本木,0,八戸工業,3,https://koshien89.com/blog-entry-3504.html,,data/02_tohoku/aomori_2025.csv
2025,spring,tohoku,青森,春季青森大会 2025 日程・結果,2R,2025-05-12,八戸聖ウルスラ,9,三農恵拓,3,https://koshien89.com/blog-entry-3504.html,,data/02_tohoku/aomori_2025.csv
2025,spring,tohoku,青森,春季青森大会 2025 日程・結果,2R,2025-05-12,弘前南,2,八戸,3,https://koshien89.com/blog-entry-3504.html,,data/02_tohoku/aomori_2025.csv
2025,spring,tohoku,青森,春季青森大会 2025 日程・結果,2R,2025-05-12,五所川原工科・柏木農業,1,青森明の星,9,https://koshien89.com/blog-entry-3504.html,8innings,data/02_tohoku/aomori_2025.csv
2025,spring,tohoku,青森,春季青森大会 2025 日程・結果,2R,2025-05-12,黒石,0,青森山田,18,https://koshien89.com/blog-entry-3504.html,5innings,data/02_tohoku/aomori_2025.csv
2025,spring,tohoku,青森,春季青森大会 2025 日程・結果,2R,2025-05-11,八工大一,4,木造,3,https://koshien89.com/blog-entry-3504.html,,data/02_tohoku/aomori_2025.csv
2025,spring,tohoku,青森,春季青森大会 2025 日程・結果,2R,2025-05-11,聖愛,10,五所川原農林,0,https://koshien89.com/blog-entry-3504.html,5innings,data/02_tohoku/aomori_2025.csv
2025,spring,tohoku,青森,春季青森大会 2025 日程・結果,2R,2025-05-11,青森南,11,三沢商業,7,https://koshien89.com/blog-entry-3504.html,,data/02_tohoku/aomori_2025.csv
2025,spring,tohoku,青森,春季青森大会 2025 日程・結果,2R,2025-05-11,八戸北,1,青森北,10,https://koshien89.com/blog-entry-3504.html,7innings,data/02_tohoku/aomori_2025.csv
2025,spring,tohoku,青森,春季青森大会 2025 日程・結果,2R,2025-05-11,名久井農・八戸商・八戸高専,1,八工大二,11,https://koshien89.com/blog-entry-3504.html,7innings,data/02_tohoku/aomori_2025.csv
2025,spring,tohoku,青森,春季青森大会 2025 日程・結果,2R,2025-05-11,八戸東,1,弘前東,11,https://koshien89.com/blog-entry-3504.html,5innings,data/02_tohoku/aomori_2025.csv
2025,spring,tohoku,青森,春季青森大会 2025 日程・結果,2R,2025-05-11,十和田工業,5,五所川原,4,https://koshien89.com/blog-entry-3504.html,,data/02_tohoku/aomori_2025.csv
2025,spring,tohoku,青森,春季青森大会 2025 日程・結果,2R,2025-05-11,青森商業,1,東奥義塾,2,https://koshien89.com/blog-entry-3504.html,,data/02_tohoku/aomori_2025.csv
2025,spring,tohoku,青森,春季青森大会 2025 日程・結果,1R,2025-05-10,八戸工業,3,弘前実業,2,https://koshien89.com/blog-entry-3504.html,,data/02_tohoku/aomori_2025.csv
2025,spring,tohoku,青森,春季青森大会 2025 日程・結果,1R,2025-05-10,青森,0,八戸西,6,https://koshien89.com/blog-entry-3504.html,,data/02_tohoku/aomori_2025.csv
2025,spring,tohoku,青森,春季青森大会 2025 日程・結果,1R,2025-05-10,青森中央・松風塾,7,むつ工業,10,https://koshien89.com/blog-entry-3504.html,,data/02_tohoku/aomori_2025.csv
2025,spring,tohoku,青森,春季青森大会 2025 日程・結果,1R,2025-05-10,三沢,1,五所川原工科・柏木農業,2,https://koshien89.com/blog-entry-3504.html,,data/02_tohoku/aomori_2025.csv
2025,spring,tohoku,青森,春季青森大会 2025 日程・結果,1R,2025-05-10,黒石,8,弘前中央,7,https://koshien89.com/blog-entry-3504.html,10innings,data/02_tohoku/aomori_2025.csv
2025,spring,tohoku,青森,春季青森大会 2025 日程・結果,1R,2025-05-10,八戸,8,青森東,5,https://koshien89.com/blog-entry-3504.html,,data/02_tohoku/aomori_2025.csv
2025,spring,tohoku,青森,春季青森大会 2025 日程・結果,1R,2025-05-09,八戸東,12,大間,3,https://koshien89.com/blog-entry-3504.html,7innings,data/02_tohoku/aomori_2025.csv
2025,spring,tohoku,青森,春季青森大会 2025 日程・結果,1R,2025-05-09,五所川原農林,10,東奥学園,9,https://koshien89.com/blog-entry-3504.html,,data/02_tohoku/aomori_2025.csv
2025,spring,tohoku,青森,春季青森大会 2025 日程・結果,1R,2025-05-09,野辺地西,0,青森南,7,https://koshien89.com/blog-entry-3504.html,7innings,data/02_tohoku/aomori_2025.csv
2025,spring,tohoku,青森,春季青森大会 2025 日程・結果,1R,2025-05-09,名久井農・八戸商・八戸高専,9,青森西,0,https://koshien89.com/blog-entry-3504.html,7innings,data/02_tohoku/aomori_2025.csv
2025,spring,tohoku,青森,春季青森大会 2025 日程・結果,1R,2025-05-09,下山学園,13,八戸北,3,https://koshien89.com/blog-entry-3504.html,5innings,data/02_tohoku/aomori_2025.csv
2025,spring,tohoku,青森,春季青森大会 2025 日程・結果,1R,2025-05-09,五所川原,4,六ケ所・七戸・野辺地,2,https://koshien89.com/blog-entry-3504.html,,data/02_tohoku/aomori_2025.csv
2025,spring,tohoku,青森,春季青森大会 2025 日程・結果,1R,2025-05-09,木造,10,弘前,0,https://koshien89.com/blog-entry-3504.html,5innings,data/02_tohoku/aomori_2025.csv
2025,spring,tohoku,青森,春季青森大会 2025 日程・結果,1R,2025-05-09,東奥義塾,7,青森工業,0,https://koshien89.com/blog-entry-3504.html,7innings,data/02_tohoku/aomori_2025.csv
2025,spring,tohoku,福島,春季福島大会 2025 日程・結果,F,2025-05-25,学法石川,4,聖光学院,10,https://koshien89.com/blog-entry-3500.html,,data/02_tohoku/fukushima_2025.csv
2025,spring,tohoku,福島,春季福島大会 2025 日程・結果,3P,2025-05-25,田村,2,光南,1,https://koshien89.com/blog-entry-3500.html,,data/02_tohoku/fukushima_2025.csv
2025,spring,tohoku,福島,春季福島大会 2025 日程・結果,SF,2025-05-24,光南,4,聖光学院,5,https://koshien89.com/blog-entry-3500.html,team2_sayonara,data/02_tohoku/fukushima_2025.csv
2025,spring,tohoku,福島,春季福島大会 2025 日程・結果,SF,2025-05-24,学法石川,5,田村,3,https://koshien89.com/blog-entry-3500.html,10innings,data/02_tohoku/fukushima_2025.csv
2025,spring,tohoku,福島,春季福島大会 2025 日程・結果,QF,2025-05-21,安積黎明,3,聖光学院,8,https://koshien89.com/blog-entry-3500.html,,data/02_tohoku/fukushima_2025.csv
2025,spring,tohoku,福島,春季福島大会 2025 日程・結果,QF,2025-05-21,ふたば未来,0,光南,3,https://koshien89.com/blog-entry-3500.html,,data/02_tohoku/fukushima_2025.csv
2025,spring,tohoku,福島,春季福島大会 2025 日程・結果,QF,2025-05-21,田村,6,東日大昌平,5,https://koshien89.com/blog-entry-3500.html,team1_sayonara,data/02_tohoku/fukushima_2025.csv
2025,spring,tohoku,福島,春季福島大会 2025 日程・結果,QF,2025-05-21,福島商,2,学法石川,9,https://koshien89.com/blog-entry-3500.html,7innings,data/02_tohoku/fukushima_2025.csv
2025,spring,tohoku,福島,春季福島大会 2025 日程・結果,2R,2025-05-19,東日大昌平,6,小高産業技術,0,https://koshien89.com/blog-entry-3500.html,,data/02_tohoku/fukushima_2025.csv
2025,spring,tohoku,福島,春季福島大会 2025 日程・結果,2R,2025-05-19,会津学鳳,0,福島商,3,https://koshien89.com/blog-entry-3500.html,,data/02_tohoku/fukushima_2025.csv
2025,spring,tohoku,福島,春季福島大会 2025 日程・結果,2R,2025-05-19,学法石川,3,日大東北,2,https://koshien89.com/blog-entry-3500.html,12innings,data/02_tohoku/fukushima_2025.csv
2025,spring,tohoku,福島,春季福島大会 2025 日程・結果,2R,2025-05-19,白河,4,光南,7,https://koshien89.com/blog-entry-3500.html,,data/02_tohoku/fukushima_2025.csv
2025,spring,tohoku,福島,春季福島大会 2025 日程・結果,2R,2025-05-19,福島,2,田村,8,https://koshien89.com/blog-entry-3500.html,,data/02_tohoku/fukushima_2025.csv
2025,spring,tohoku,福島,春季福島大会 2025 日程・結果,2R,2025-05-19,安積黎明,11,勿来工,1,https://koshien89.com/blog-entry-3500.html,6innings,data/02_tohoku/fukushima_2025.csv
2025,spring,tohoku,福島,春季福島大会 2025 日程・結果,2R,2025-05-19,聖光学院,10,会津工,0,https://koshien89.com/blog-entry-3500.html,5innings,data/02_tohoku/fukushima_2025.csv
2025,spring,tohoku,福島,春季福島大会 2025 日程・結果,2R,2025-05-19,ふたば未来,4,いわき湯本,2,https://koshien89.com/blog-entry-3500.html,,data/02_tohoku/fukushima_2025.csv
2025,spring,tohoku,福島,春季福島大会 2025 日程・結果,1R,2025-05-18,学法石川,8,磐城,2,https://koshien89.com/blog-entry-3500.html,,data/02_tohoku/fukushima_2025.csv
2025,spring,tohoku,福島,春季福島大会 2025 日程・結果,1R,2025-05-18,小高産業技術,3,学法福島,2,https://koshien89.com/blog-entry-3500.html,,data/02_tohoku/fukushima_2025.csv
2025,spring,tohoku,福島,春季福島大会 2025 日程・結果,1R,2025-05-18,福島商,6,只見,5,https://koshien89.com/blog-entry-3500.html,10innings,data/02_tohoku/fukushima_2025.csv
2025,spring,tohoku,福島,春季福島大会 2025 日程・結果,1R,2025-05-18,日大東北,4,会津,0,https://koshien89.com/blog-entry-3500.html,,data/02_tohoku/fukushima_2025.csv
2025,spring,tohoku,福島,春季福島大会 2025 日程・結果,1R,2025-05-18,福島工,1,いわき湯本,5,https://koshien89.com/blog-entry-3500.html,,data/02_tohoku/fukushima_2025.csv
2025,spring,tohoku,福島,春季福島大会 2025 日程・結果,1R,2025-05-18,会津北嶺,12,会津工,14,https://koshien89.com/blog-entry-3500.html,,data/02_tohoku/fukushima_2025.csv
2025,spring,tohoku,福島,春季福島大会 2025 日程・結果,1R,2025-05-18,修明,4,勿来工,5,https://koshien89.com/blog-entry-3500.html,,data/02_tohoku/fukushima_2025.csv
2025,spring,tohoku,福島,春季福島大会 2025 日程・結果,1R,2025-05-16,須賀川桐陽,1,福島,4,https://koshien89.com/blog-entry-3500.html,,data/02_tohoku/fukushima_2025.csv
2025,spring,tohoku,福島,春季福島大会 2025 日程・結果,1R,2025-05-16,白河,1,郡山北工,0,https://koshien89.com/blog-entry-3500.html,,data/02_tohoku/fukushima_2025.csv
2025,spring,tohoku,福島,春季福島大会 2025 日程・結果,1R,2025-05-16,田村,10,福島明成,0,https://koshien89.com/blog-entry-3500.html,5innings,data/02_tohoku/fukushima_2025.csv
2025,spring,tohoku,福島,春季福島大会 2025 日程・結果,1R,2025-05-16,安積,2,光南,9,https://koshien89.com/blog-entry-3500.html,8innings,data/02_tohoku/fukushima_2025.csv
2025,spring,tohoku,岩手,春季秋田大会 2025 日程・結果,F,2025-05-26,明桜,2,能代松陽,3,https://koshien89.com/blog-entry-3503.html,,data/02_tohoku/iwate_2025.csv
2025,spring,tohoku,岩手,春季秋田大会 2025 日程・結果,SF,2025-05-24,秋田西,0,能代松陽,7,https://koshien89.com/blog-entry-3503.html,8innings,data/02_tohoku/iwate_2025.csv
2025,spring,tohoku,岩手,春季秋田大会 2025 日程・結果,SF,2025-05-24,明桜,4,秋田南,0,https://koshien89.com/blog-entry-3503.html,,data/02_tohoku/iwate_2025.csv
2025,spring,tohoku,岩手,春季秋田大会 2025 日程・結果,QF,2025-05-19,大館鳳鳴,2,能代松陽,11,https://koshien89.com/blog-entry-3503.html,,data/02_tohoku/iwate_2025.csv
2025,spring,tohoku,岩手,春季秋田大会 2025 日程・結果,QF,2025-05-19,横手,1,秋田西,5,https://koshien89.com/blog-entry-3503.html,,data/02_tohoku/iwate_2025.csv
2025,spring,tohoku,岩手,春季秋田大会 2025 日程・結果,QF,2025-05-18,鹿角,1,秋田南,9,https://koshien89.com/blog-entry-3503.html,7innings,data/02_tohoku/iwate_2025.csv
2025,spring,tohoku,岩手,春季秋田大会 2025 日程・結果,QF,2025-05-18,明桜,5,金足農業,0,https://koshien89.com/blog-entry-3503.html,,data/02_tohoku/iwate_2025.csv
2025,spring,tohoku,岩手,春季秋田大会 2025 日程・結果,3R,2025-05-18,秋田西,4,角館,2,https://koshien89.com/blog-entry-3503.html,,data/02_tohoku/iwate_2025.csv
2025,spring,tohoku,岩手,春季秋田大会 2025 日程・結果,3R,2025-05-17,大館鳳鳴,8,秋田中央,3,https://koshien89.com/blog-entry-3503.html,,data/02_tohoku/iwate_2025.csv
2025,spring,tohoku,岩手,春季秋田大会 2025 日程・結果,3R,2025-05-17,金足農業,1,秋田工業,0,https://koshien89.com/blog-entry-3503.html,,data/02_tohoku/iwate_2025.csv
2025,spring,tohoku,岩手,春季秋田大会 2025 日程・結果,3R,2025-05-17,鹿角,12,能代,4,https://koshien89.com/blog-entry-3503.html,7innings,data/02_tohoku/iwate_2025.csv
2025,spring,tohoku,岩手,春季秋田大会 2025 日程・結果,3R,2025-05-16,男鹿工業,2,能代松陽,9,https://koshien89.com/blog-entry-3503.html,7innings,data/02_tohoku/iwate_2025.csv
2025,spring,tohoku,岩手,春季秋田大会 2025 日程・結果,3R,2025-05-16,明桜,7,大曲農業,0,https://koshien89.com/blog-entry-3503.html,8innings,data/02_tohoku/iwate_2025.csv
2025,spring,tohoku,岩手,春季秋田大会 2025 日程・結果,3R,2025-05-16,横手,12,大館国際,2,https://koshien89.com/blog-entry-3503.html,5innings,data/02_tohoku/iwate_2025.csv
2025,spring,tohoku,岩手,春季秋田大会 2025 日程・結果,3R,2025-05-16,秋田南,9,大曲工業,4,https://koshien89.com/blog-entry-3503.html,,data/02_tohoku/iwate_2025.csv
2025,spring,tohoku,岩手,春季秋田大会 2025 日程・結果,2R,2025-05-14,大曲,0,秋田西,7,https://koshien89.com/blog-entry-3503.html,7innings,data/02_tohoku/iwate_2025.csv
2025,spring,tohoku,岩手,春季秋田大会 2025 日程・結果,2R,2025-05-14,秋田中央,4,秋田,3,https://koshien89.com/blog-entry-3503.html,,data/02_tohoku/iwate_2025.csv
2025,spring,tohoku,岩手,春季秋田大会 2025 日程・結果,2R,2025-05-14,大館鳳鳴,9,秋田高専,0,https://koshien89.com/blog-entry-3503.html,7innings,data/02_tohoku/iwate_2025.csv
2025,spring,tohoku,岩手,春季秋田大会 2025 日程・結果,2R,2025-05-14,角館,6,横手清陵,0,https://koshien89.com/blog-entry-3503.html,,data/02_tohoku/iwate_2025.csv
2025,spring,tohoku,岩手,春季秋田大会 2025 日程・結果,2R,2025-05-13,秋田修英,0,金足農業,7,https://koshien89.com/blog-entry-3503.html,7innings,data/02_tohoku/iwate_2025.csv
2025,spring,tohoku,岩手,春季秋田大会 2025 日程・結果,2R,2025-05-13,能代,3,平成,0,https://koshien89.com/blog-entry-3503.html,,data/02_tohoku/iwate_2025.csv
2025,spring,tohoku,岩手,春季秋田大会 2025 日程・結果,2R,2025-05-13,本荘,4,横手,16,https://koshien89.com/blog-entry-3503.html,8innings,data/02_tohoku/iwate_2025.csv
2025,spring,tohoku,岩手,春季秋田大会 2025 日程・結果,2R,2025-05-13,新屋,0,能代松陽,1,https://koshien89.com/blog-entry-3503.html,,data/02_tohoku/iwate_2025.csv
2025,spring,tohoku,岩手,春季秋田大会 2025 日程・結果,2R,2025-05-13,横手城南,2,秋田工業,4,https://koshien89.com/blog-entry-3503.html,,data/02_tohoku/iwate_2025.csv
2025,spring,tohoku,岩手,春季秋田大会 2025 日程・結果,2R,2025-05-13,湯沢翔北,0,鹿角,3,https://koshien89.com/blog-entry-3503.html,,data/02_tohoku/iwate_2025.csv
2025,spring,tohoku,岩手,春季秋田大会 2025 日程・結果,2R,2025-05-13,五城目・西目,1,男鹿工業,10,https://koshien89.com/blog-entry-3503.html,7innings,data/02_tohoku/iwate_2025.csv
2025,spring,tohoku,岩手,春季秋田大会 2025 日程・結果,2R,2025-05-13,湯沢,4,大館国際,5,https://koshien89.com/blog-entry-3503.html,,data/02_tohoku/iwate_2025.csv
2025,spring,tohoku,岩手,春季秋田大会 2025 日程・結果,1R,2025-05-13,秋田西,6,能代科技,1,https://koshien89.com/blog-entry-3503.html,,data/02_tohoku/iwate_2025.csv
2025,spring,tohoku,岩手,春季秋田大会 2025 日程・結果,1R,2025-05-13,秋田北鷹,0,秋田中央,5,https://koshien89.com/blog-entry-3503.html,,data/02_tohoku/iwate_2025.csv
2025,spring,tohoku,岩手,春季秋田大会 2025 日程・結果,2R,2025-05-12,由利,0,大曲工業,10,https://koshien89.com/blog-entry-3503.html,5innings,data/02_tohoku/iwate_2025.csv
2025,spring,tohoku,岩手,春季秋田大会 2025 日程・結果,2R,2025-05-12,秋田商業,0,明桜,6,https://koshien89.com/blog-entry-3503.html,,data/02_tohoku/iwate_2025.csv
2025,spring,tohoku,岩手,春季秋田大会 2025 日程・結果,2R,2025-05-12,大館桂桜,2,秋田南,5,https://koshien89.com/blog-entry-3503.html,,data/02_tohoku/iwate_2025.csv
2025,spring,tohoku,岩手,春季秋田大会 2025 日程・結果,2R,2025-05-12,大曲農業,5,増田・羽後,3,https://koshien89.com/blog-entry-3503.html,,data/02_tohoku/iwate_2025.csv
2025,spring,tohoku,岩手,春季秋田大会 2025 日程・結果,1R,2025-05-11,金足農業,13,男鹿海洋・西仙北・大農太田・六郷,0,https://koshien89.com/blog-entry-3503.html,5innings,data/02_tohoku/iwate_2025.csv
2025,spring,tohoku,岩手,春季秋田大会 2025 日程・結果,1R,2025-05-10,能代,3,由利工業,2,https://koshien89.com/blog-entry-3503.html,,data/02_tohoku/iwate_2025.csv
2025,spring,tohoku,宮城,春季岩手大会 2025 日程・結果,F,2025-05-26,久慈,4,盛岡大附,5,https://koshien89.com/blog-entry-3502.html,team2_sayonara,data/02_tohoku/miyagi_2025.csv
2025,spring,tohoku,宮城,春季岩手大会 2025 日程・結果,3P,2025-05-26,盛岡誠桜,0,専大北上,2,https://koshien89.com/blog-entry-3502.html,,data/02_tohoku/miyagi_2025.csv
2025,spring,tohoku,宮城,春季岩手大会 2025 日程・結果,SF,2025-05-24,専大北上,2,盛岡大附,3,https://koshien89.com/blog-entry-3502.html,,data/02_tohoku/miyagi_2025.csv
2025,spring,tohoku,宮城,春季岩手大会 2025 日程・結果,SF,2025-05-24,盛岡誠桜,0,久慈,11,https://koshien89.com/blog-entry-3502.html,5innings,data/02_tohoku/miyagi_2025.csv
2025,spring,tohoku,宮城,春季岩手大会 2025 日程・結果,QF,2025-05-22,一関学院,10,盛岡大附,14,https://koshien89.com/blog-entry-3502.html,,data/02_tohoku/miyagi_2025.csv
2025,spring,tohoku,宮城,春季岩手大会 2025 日程・結果,QF,2025-05-22,釜石,3,専大北上,11,https://koshien89.com/blog-entry-3502.html,8innings,data/02_tohoku/miyagi_2025.csv
2025,spring,tohoku,宮城,春季岩手大会 2025 日程・結果,QF,2025-05-22,盛岡第一,0,久慈,2,https://koshien89.com/blog-entry-3502.html,,data/02_tohoku/miyagi_2025.csv
2025,spring,tohoku,宮城,春季岩手大会 2025 日程・結果,QF,2025-05-22,水沢工業,2,盛岡誠桜,5,https://koshien89.com/blog-entry-3502.html,,data/02_tohoku/miyagi_2025.csv
2025,spring,tohoku,宮城,春季岩手大会 2025 日程・結果,2R,2025-05-21,釜石,6,盛岡市立,5,https://koshien89.com/blog-entry-3502.html,,data/02_tohoku/miyagi_2025.csv
2025,spring,tohoku,宮城,春季岩手大会 2025 日程・結果,2R,2025-05-21,専大北上,3,福岡,1,https://koshien89.com/blog-entry-3502.html,,data/02_tohoku/miyagi_2025.csv
2025,spring,tohoku,宮城,春季岩手大会 2025 日程・結果,2R,2025-05-21,盛岡工業,0,盛岡大附,3,https://koshien89.com/blog-entry-3502.html,,data/02_tohoku/miyagi_2025.csv
2025,spring,tohoku,宮城,春季岩手大会 2025 日程・結果,2R,2025-05-21,水沢,1,一関学院,4,https://koshien89.com/blog-entry-3502.html,,data/02_tohoku/miyagi_2025.csv
2025,spring,tohoku,宮城,春季岩手大会 2025 日程・結果,2R,2025-05-20,水沢工業,3,盛岡中央,0,https://koshien89.com/blog-entry-3502.html,,data/02_tohoku/miyagi_2025.csv
2025,spring,tohoku,宮城,春季岩手大会 2025 日程・結果,2R,2025-05-20,盛岡誠桜,10,盛岡第三,3,https://koshien89.com/blog-entry-3502.html,7innings,data/02_tohoku/miyagi_2025.csv
2025,spring,tohoku,宮城,春季岩手大会 2025 日程・結果,2R,2025-05-20,花巻東,6,盛岡第一,7,https://koshien89.com/blog-entry-3502.html,,data/02_tohoku/miyagi_2025.csv
2025,spring,tohoku,宮城,春季岩手大会 2025 日程・結果,2R,2025-05-20,花巻南,2,久慈,9,https://koshien89.com/blog-entry-3502.html,7innings,data/02_tohoku/miyagi_2025.csv
2025,spring,tohoku,宮城,春季岩手大会 2025 日程・結果,1R,2025-05-19,一関学院,12,花北青雲,1,https://koshien89.com/blog-entry-3502.html,5innings,data/02_tohoku/miyagi_2025.csv
2025,spring,tohoku,宮城,春季岩手大会 2025 日程・結果,1R,2025-05-19,一関第二,2,盛岡工業,6,https://koshien89.com/blog-entry-3502.html,,data/02_tohoku/miyagi_2025.csv
2025,spring,tohoku,宮城,春季岩手大会 2025 日程・結果,1R,2025-05-18,盛岡市立,9,一関第一,7,https://koshien89.com/blog-entry-3502.html,10innings,data/02_tohoku/miyagi_2025.csv
2025,spring,tohoku,宮城,春季岩手大会 2025 日程・結果,1R,2025-05-18,専大北上,11,花巻北,1,https://koshien89.com/blog-entry-3502.html,5innings,data/02_tohoku/miyagi_2025.csv
2025,spring,tohoku,宮城,春季岩手大会 2025 日程・結果,1R,2025-05-16,一関修紅,2,盛岡中央,14,https://koshien89.com/blog-entry-3502.html,6innings,data/02_tohoku/miyagi_2025.csv
2025,spring,tohoku,宮城,春季岩手大会 2025 日程・結果,1R,2025-05-16,高田,4,盛岡第一,5,https://koshien89.com/blog-entry-3502.html,10innings,data/02_tohoku/miyagi_2025.csv
2025,spring,tohoku,宮城,春季岩手大会 2025 日程・結果,1R,2025-05-16,盛岡誠桜,10,千厩,1,https://koshien89.com/blog-entry-3502.html,7innings,data/02_tohoku/miyagi_2025.csv
2025,spring,tohoku,宮城,春季岩手大会 2025 日程・結果,1R,2025-05-16,大船渡,0,花巻南,1,https://koshien89.com/blog-entry-3502.html,,data/02_tohoku/miyagi_2025.csv
2025,spring,tohoku,宮城,春季岩手大会 2025 日程・結果,1R,2025-05-16,盛岡第三,9,宮古,0,https://koshien89.com/blog-entry-3502.html,7innings,data/02_tohoku/miyagi_2025.csv
2025,spring,tohoku,山形,春季宮城大会 2025 日程・結果,F,2025-05-25,仙台育英,10,聖和学園,2,https://koshien89.com/blog-entry-3499.html,,data/02_tohoku/yamagata_2025.csv
2025,spring,tohoku,山形,春季宮城大会 2025 日程・結果,3P,2025-05-25,石巻工,2,東陵,5,https://koshien89.com/blog-entry-3499.html,,data/02_tohoku/yamagata_2025.csv
2025,spring,tohoku,山形,春季宮城大会 2025 日程・結果,SF,2025-05-24,東陵,2,聖和学園,5,https://koshien89.com/blog-entry-3499.html,11innings,data/02_tohoku/yamagata_2025.csv
2025,spring,tohoku,山形,春季宮城大会 2025 日程・結果,SF,2025-05-24,仙台育英,7,石巻工,0,https://koshien89.com/blog-entry-3499.html,7innings,data/02_tohoku/yamagata_2025.csv
2025,spring,tohoku,山形,春季宮城大会 2025 日程・結果,QF,2025-05-22,聖和学園,9,利府,0,https://koshien89.com/blog-entry-3499.html,7innings,data/02_tohoku/yamagata_2025.csv
2025,spring,tohoku,山形,春季宮城大会 2025 日程・結果,QF,2025-05-22,東陵,4,東北,0,https://koshien89.com/blog-entry-3499.html,,data/02_tohoku/yamagata_2025.csv
2025,spring,tohoku,山形,春季宮城大会 2025 日程・結果,QF,2025-05-21,石巻,6,石巻工,7,https://koshien89.com/blog-entry-3499.html,,data/02_tohoku/yamagata_2025.csv
2025,spring,tohoku,山形,春季宮城大会 2025 日程・結果,QF,2025-05-21,仙台育英,7,仙台城南,0,https://koshien89.com/blog-entry-3499.html,8innings,data/02_tohoku/yamagata_2025.csv
2025,spring,tohoku,山形,春季宮城大会 2025 日程・結果,2R,2025-05-20,大崎中央,1,東北,2,https://koshien89.com/blog-entry-3499.html,,data/02_tohoku/yamagata_2025.csv
2025,spring,tohoku,山形,春季宮城大会 2025 日程・結果,2R,2025-05-20,東陵,3,仙台第一,2,https://koshien89.com/blog-entry-3499.html,,data/02_tohoku/yamagata_2025.csv
2025,spring,tohoku,山形,春季宮城大会 2025 日程・結果,2R,2025-05-20,石巻西,0,聖和学園,3,https://koshien89.com/blog-entry-3499.html,,data/02_tohoku/yamagata_2025.csv
2025,spring,tohoku,山形,春季宮城大会 2025 日程・結果,2R,2025-05-20,利府,9,古川学園,8,https://koshien89.com/blog-entry-3499.html,,data/02_tohoku/yamagata_2025.csv
2025,spring,tohoku,山形,春季宮城大会 2025 日程・結果,2R,2025-05-19,築館,4,仙台城南,6,https://koshien89.com/blog-entry-3499.html,,data/02_tohoku/yamagata_2025.csv
2025,spring,tohoku,山形,春季宮城大会 2025 日程・結果,2R,2025-05-19,仙台育英,8,東北学院,1,https://koshien89.com/blog-entry-3499.html,7innings,data/02_tohoku/yamagata_2025.csv
2025,spring,tohoku,山形,春季宮城大会 2025 日程・結果,2R,2025-05-19,仙台南,3,石巻工業,10,https://koshien89.com/blog-entry-3499.html,7innings,data/02_tohoku/yamagata_2025.csv
2025,spring,tohoku,山形,春季宮城大会 2025 日程・結果,2R,2025-05-19,柴田,3,石巻,4,https://koshien89.com/blog-entry-3499.html,,data/02_tohoku/yamagata_2025.csv
2025,spring,tohoku,山形,春季宮城大会 2025 日程・結果,1R,2025-05-18,仙台第二,3,仙台第一,8,https://koshien89.com/blog-entry-3499.html,,data/02_tohoku/yamagata_2025.csv
2025,spring,tohoku,山形,春季宮城大会 2025 日程・結果,1R,2025-05-18,仙台第三,2,大崎中央,6,https://koshien89.com/blog-entry-3499.html,,data/02_tohoku/yamagata_2025.csv
2025,spring,tohoku,山形,春季宮城大会 2025 日程・結果,1R,2025-05-18,聖和学園,6,富谷,4,https://koshien89.com/blog-entry-3499.html,10innings,data/02_tohoku/yamagata_2025.csv
2025,spring,tohoku,山形,春季宮城大会 2025 日程・結果,1R,2025-05-18,利府,9,仙台商業,5,https://koshien89.com/blog-entry-3499.html,,data/02_tohoku/yamagata_2025.csv
2025,spring,tohoku,山形,春季宮城大会 2025 日程・結果,1R,2025-05-16,東北学院,2,日本ウェルネス宮城,0,https://koshien89.com/blog-entry-3499.html,,data/02_tohoku/yamagata_2025.csv
2025,spring,tohoku,山形,春季宮城大会 2025 日程・結果,1R,2025-05-16,白石,0,石巻,7,https://koshien89.com/blog-entry-3499.html,7innings,data/02_tohoku/yamagata_2025.csv
2025,spring,tohoku,山形,春季宮城大会 2025 日程・結果,1R,2025-05-16,伊具・名取・仙台工業,1,築館,8,https://koshien89.com/blog-entry-3499.html,8innings,data/02_tohoku/yamagata_2025.csv
2025,spring,tohoku,山形,春季宮城大会 2025 日程・結果,1R,2025-05-16,仙台南,7,気仙沼,2,https://koshien89.com/blog-entry-3499.html,,data/02_tohoku/yamagata_2025.csv
2025,spring,tohoku,山形,春季宮城大会 2025 日程・結果,1R,2025-05-16,仙台城南,2,名取北,1,https://koshien89.com/blog-entry-3499.html,,data/02_tohoku/yamagata_2025.csv
2025,spring,kanto_tokyo,千葉,春季千葉大会 2025 日程・結果,F,2025-05-04,専修大松戸,6,習志野,3,https://koshien89.com/blog-entry-3430.html,,data/03_kanto_tokyo/chiba_2025.csv
2025,spring,kanto_tokyo,千葉,春季千葉大会 2025 日程・結果,SF,2025-05-03,専修大松戸,10,拓殖大紅陵,2,https://koshien89.com/blog-entry-3430.html,7innings,data/03_kanto_tokyo/chiba_2025.csv
2025,spring,kanto_tokyo,千葉,春季千葉大会 2025 日程・結果,SF,2025-05-03,市立船橋,0,習志野,4,https://koshien89.com/blog-entry-3430.html,,data/03_kanto_tokyo/chiba_2025.csv
2025,spring,kanto_tokyo,千葉,春季千葉大会 2025 日程・結果,QF,2025-04-27,四街道,1,習志野,3,https://koshien89.com/blog-entry-3430.html,,data/03_kanto_tokyo/chiba_2025.csv
2025,spring,kanto_tokyo,千葉,春季千葉大会 2025 日程・結果,QF,2025-04-27,市立船橋,2,千葉黎明,0,https://koshien89.com/blog-entry-3430.html,,data/03_kanto_tokyo/chiba_2025.csv
2025,spring,kanto_tokyo,千葉,春季千葉大会 2025 日程・結果,QF,2025-04-27,専修大松戸,2,東京学館浦安,0,https://koshien89.com/blog-entry-3430.html,,data/03_kanto_tokyo/chiba_2025.csv
2025,spring,kanto_tokyo,千葉,春季千葉大会 2025 日程・結果,QF,2025-04-27,拓殖大紅陵,5,流経大柏,1,https://koshien89.com/blog-entry-3430.html,,data/03_kanto_tokyo/chiba_2025.csv
2025,spring,kanto_tokyo,千葉,春季千葉大会 2025 日程・結果,3R,2025-04-26,専修大松戸,8,中央学院,5,https://koshien89.com/blog-entry-3430.html,,data/03_kanto_tokyo/chiba_2025.csv
2025,spring,kanto_tokyo,千葉,春季千葉大会 2025 日程・結果,3R,2025-04-26,拓殖大紅陵,5,志学館,4,https://koshien89.com/blog-entry-3430.html,,data/03_kanto_tokyo/chiba_2025.csv
2025,spring,kanto_tokyo,千葉,春季千葉大会 2025 日程・結果,3R,2025-04-26,東京学館浦安,7,木更津総合,3,https://koshien89.com/blog-entry-3430.html,,data/03_kanto_tokyo/chiba_2025.csv
2025,spring,kanto_tokyo,千葉,春季千葉大会 2025 日程・結果,3R,2025-04-26,日体大柏,6,四街道,9,https://koshien89.com/blog-entry-3430.html,,data/03_kanto_tokyo/chiba_2025.csv
2025,spring,kanto_tokyo,千葉,春季千葉大会 2025 日程・結果,3R,2025-04-26,習志野,10,東海大望洋,0,https://koshien89.com/blog-entry-3430.html,6innings,data/03_kanto_tokyo/chiba_2025.csv
2025,spring,kanto_tokyo,千葉,春季千葉大会 2025 日程・結果,3R,2025-04-26,柏南,0,流経大柏,3,https://koshien89.com/blog-entry-3430.html,,data/03_kanto_tokyo/chiba_2025.csv
2025,spring,kanto_tokyo,千葉,春季千葉大会 2025 日程・結果,3R,2025-04-26,西武台千葉,9,千葉黎明,10,https://koshien89.com/blog-entry-3430.html,13innings,data/03_kanto_tokyo/chiba_2025.csv
2025,spring,kanto_tokyo,千葉,春季千葉大会 2025 日程・結果,3R,2025-04-26,八千代松陰,8,市立船橋,9,https://koshien89.com/blog-entry-3430.html,,data/03_kanto_tokyo/chiba_2025.csv
2025,spring,kanto_tokyo,千葉,春季千葉大会 2025 日程・結果,2R,2025-04-20,学館浦安,8,学館船橋,0,https://koshien89.com/blog-entry-3430.html,8innings,data/03_kanto_tokyo/chiba_2025.csv
2025,spring,kanto_tokyo,千葉,春季千葉大会 2025 日程・結果,2R,2025-04-20,東京学館,2,八千代松陰,6,https://koshien89.com/blog-entry-3430.html,,data/03_kanto_tokyo/chiba_2025.csv
2025,spring,kanto_tokyo,千葉,春季千葉大会 2025 日程・結果,2R,2025-04-20,日体大柏,16,船橋啓明,6,https://koshien89.com/blog-entry-3430.html,6innings,data/03_kanto_tokyo/chiba_2025.csv
2025,spring,kanto_tokyo,千葉,春季千葉大会 2025 日程・結果,2R,2025-04-20,習志野,2,千葉商業,1,https://koshien89.com/blog-entry-3430.html,,data/03_kanto_tokyo/chiba_2025.csv
2025,spring,kanto_tokyo,千葉,春季千葉大会 2025 日程・結果,2R,2025-04-20,市原中央,0,東海大市原望洋,1,https://koshien89.com/blog-entry-3430.html,,data/03_kanto_tokyo/chiba_2025.csv
2025,spring,kanto_tokyo,千葉,春季千葉大会 2025 日程・結果,2R,2025-04-20,千葉敬愛,4,中央学院,5,https://koshien89.com/blog-entry-3430.html,,data/03_kanto_tokyo/chiba_2025.csv
2025,spring,kanto_tokyo,千葉,春季千葉大会 2025 日程・結果,2R,2025-04-20,拓殖大紅陵,4,千葉明徳,0,https://koshien89.com/blog-entry-3430.html,,data/03_kanto_tokyo/chiba_2025.csv
2025,spring,kanto_tokyo,千葉,春季千葉大会 2025 日程・結果,2R,2025-04-20,成田,5,千葉黎明,6,https://koshien89.com/blog-entry-3430.html,10innings,data/03_kanto_tokyo/chiba_2025.csv
2025,spring,kanto_tokyo,千葉,春季千葉大会 2025 日程・結果,2R,2025-04-20,市立柏,0,木更津総合,5,https://koshien89.com/blog-entry-3430.html,,data/03_kanto_tokyo/chiba_2025.csv
2025,spring,kanto_tokyo,千葉,春季千葉大会 2025 日程・結果,2R,2025-04-20,志学館,9,野田中央,2,https://koshien89.com/blog-entry-3430.html,7innings,data/03_kanto_tokyo/chiba_2025.csv
2025,spring,kanto_tokyo,千葉,春季千葉大会 2025 日程・結果,2R,2025-04-20,柏南,4,成東,1,https://koshien89.com/blog-entry-3430.html,,data/03_kanto_tokyo/chiba_2025.csv
2025,spring,kanto_tokyo,千葉,春季千葉大会 2025 日程・結果,2R,2025-04-20,市立松戸,2,流経大柏,3,https://koshien89.com/blog-entry-3430.html,10innings,data/03_kanto_tokyo/chiba_2025.csv
2025,spring,kanto_tokyo,千葉,春季千葉大会 2025 日程・結果,2R,2025-04-20,市立船橋,7,銚子商業,2,https://koshien89.com/blog-entry-3430.html,,data/03_kanto_tokyo/chiba_2025.csv
2025,spring,kanto_tokyo,千葉,春季千葉大会 2025 日程・結果,2R,2025-04-20,佐原,1,西武台千葉,5,https://koshien89.com/blog-entry-3430.html,,data/03_kanto_tokyo/chiba_2025.csv
2025,spring,kanto_tokyo,千葉,春季千葉大会 2025 日程・結果,2R,2025-04-20,四街道,4,東海大浦安,2,https://koshien89.com/blog-entry-3430.html,10innings,data/03_kanto_tokyo/chiba_2025.csv
2025,spring,kanto_tokyo,千葉,春季千葉大会 2025 日程・結果,2R,2025-04-20,専修大松戸,6,千葉学芸,2,https://koshien89.com/blog-entry-3430.html,,data/03_kanto_tokyo/chiba_2025.csv
2025,spring,kanto_tokyo,千葉,春季千葉大会 2025 日程・結果,1R,2025-04-19,学館船橋,1,市川,0,https://koshien89.com/blog-entry-3430.html,,data/03_kanto_tokyo/chiba_2025.csv
2025,spring,kanto_tokyo,千葉,春季千葉大会 2025 日程・結果,1R,2025-04-19,市原中央,4,東総工業,1,https://koshien89.com/blog-entry-3430.html,,data/03_kanto_tokyo/chiba_2025.csv
2025,spring,kanto_tokyo,千葉,春季千葉大会 2025 日程・結果,1R,2025-04-19,あずさ第一,1,市立船橋,11,https://koshien89.com/blog-entry-3430.html,6innings,data/03_kanto_tokyo/chiba_2025.csv
2025,spring,kanto_tokyo,千葉,春季千葉大会 2025 日程・結果,1R,2025-04-19,千葉敬愛,8,袖ヶ浦,1,https://koshien89.com/blog-entry-3430.html,8innings,data/03_kanto_tokyo/chiba_2025.csv
2025,spring,kanto_tokyo,千葉,春季千葉大会 2025 日程・結果,1R,2025-04-19,茂原北陵,2,成東,9,https://koshien89.com/blog-entry-3430.html,7innings,data/03_kanto_tokyo/chiba_2025.csv
2025,spring,kanto_tokyo,千葉,春季千葉大会 2025 日程・結果,1R,2025-04-19,八千代松陰,4,柏井,1,https://koshien89.com/blog-entry-3430.html,,data/03_kanto_tokyo/chiba_2025.csv
2025,spring,kanto_tokyo,千葉,春季千葉大会 2025 日程・結果,1R,2025-04-19,千葉英和,3,市立柏,11,https://koshien89.com/blog-entry-3430.html,7innings,data/03_kanto_tokyo/chiba_2025.csv
2025,spring,kanto_tokyo,千葉,春季千葉大会 2025 日程・結果,1R,2025-04-19,千葉学芸,9,木更津,0,https://koshien89.com/blog-entry-3430.html,7innings,data/03_kanto_tokyo/chiba_2025.csv
2025,spring,kanto_tokyo,千葉,春季千葉大会 2025 日程・結果,1R,2025-04-19,千葉明徳,9,千葉北,2,https://koshien89.com/blog-entry-3430.html,7innings,data/03_kanto_tokyo/chiba_2025.csv
2025,spring,kanto_tokyo,千葉,春季千葉大会 2025 日程・結果,1R,2025-04-19,志学館,10,船橋東,0,https://koshien89.com/blog-entry-3430.html,6innings,data/03_kanto_tokyo/chiba_2025.csv
2025,spring,kanto_tokyo,千葉,春季千葉大会 2025 日程・結果,1R,2025-04-19,姉崎,4,市立松戸,6,https://koshien89.com/blog-entry-3430.html,,data/03_kanto_tokyo/chiba_2025.csv
2025,spring,kanto_tokyo,千葉,春季千葉大会 2025 日程・結果,1R,2025-04-19,西武台千葉,2,千葉工業,0,https://koshien89.com/blog-entry-3430.html,,data/03_kanto_tokyo/chiba_2025.csv
2025,spring,kanto_tokyo,千葉,春季千葉大会 2025 日程・結果,1R,2025-04-19,船橋啓明,4,渋谷幕張,3,https://koshien89.com/blog-entry-3430.html,,data/03_kanto_tokyo/chiba_2025.csv
2025,spring,kanto_tokyo,千葉,春季千葉大会 2025 日程・結果,1R,2025-04-19,芝浦工大柏,1,四街道,8,https://koshien89.com/blog-entry-3430.html,7innings,data/03_kanto_tokyo/chiba_2025.csv
2025,spring,kanto_tokyo,千葉,春季千葉大会 2025 日程・結果,1R,2025-04-19,千葉商大付,0,千葉商業,2,https://koshien89.com/blog-entry-3430.html,,data/03_kanto_tokyo/chiba_2025.csv
2025,spring,kanto_tokyo,千葉,春季千葉大会 2025 日程・結果,1R,2025-04-19,成田,8,長狭,2,https://koshien89.com/blog-entry-3430.html,,data/03_kanto_tokyo/chiba_2025.csv
2025,spring,kanto_tokyo,群馬,春季群馬大会 2025 日程・結果,F,2025-05-04,健大高崎,12,桐生第一,0,https://koshien89.com/blog-entry-3449.html,,data/03_kanto_tokyo/gunma_2025.csv
2025,spring,kanto_tokyo,群馬,春季群馬大会 2025 日程・結果,SF,2025-05-03,健大高崎,10,前橋育英,2,https://koshien89.com/blog-entry-3449.html,7innings,data/03_kanto_tokyo/gunma_2025.csv
2025,spring,kanto_tokyo,群馬,春季群馬大会 2025 日程・結果,SF,2025-05-03,東農大二,3,桐生第一,7,https://koshien89.com/blog-entry-3449.html,,data/03_kanto_tokyo/gunma_2025.csv
2025,spring,kanto_tokyo,群馬,春季群馬大会 2025 日程・結果,QF,2025-04-27,東農大二,7,桐生市商,2,https://koshien89.com/blog-entry-3449.html,,data/03_kanto_tokyo/gunma_2025.csv
2025,spring,kanto_tokyo,群馬,春季群馬大会 2025 日程・結果,QF,2025-04-27,利根商,1,桐生第一,9,https://koshien89.com/blog-entry-3449.html,7innings,data/03_kanto_tokyo/gunma_2025.csv
2025,spring,kanto_tokyo,群馬,春季群馬大会 2025 日程・結果,QF,2025-04-26,健大高崎,7,前橋,1,https://koshien89.com/blog-entry-3449.html,,data/03_kanto_tokyo/gunma_2025.csv
2025,spring,kanto_tokyo,群馬,春季群馬大会 2025 日程・結果,QF,2025-04-26,前橋育英,9,前橋商,3,https://koshien89.com/blog-entry-3449.html,,data/03_kanto_tokyo/gunma_2025.csv
2025,spring,kanto_tokyo,群馬,春季群馬大会 2025 日程・結果,3R,2025-04-23,健大高崎,5,市立太田,0,https://koshien89.com/blog-entry-3449.html,,data/03_kanto_tokyo/gunma_2025.csv
2025,spring,kanto_tokyo,群馬,春季群馬大会 2025 日程・結果,3R,2025-04-23,前橋育英,18,藤岡中央,0,https://koshien89.com/blog-entry-3449.html,5innings,data/03_kanto_tokyo/gunma_2025.csv
2025,spring,kanto_tokyo,群馬,春季群馬大会 2025 日程・結果,3R,2025-04-23,東農大二,7,商大附,5,https://koshien89.com/blog-entry-3449.html,,data/03_kanto_tokyo/gunma_2025.csv
2025,spring,kanto_tokyo,群馬,春季群馬大会 2025 日程・結果,3R,2025-04-23,利根商,4,桐生,3,https://koshien89.com/blog-entry-3449.html,,data/03_kanto_tokyo/gunma_2025.csv
2025,spring,kanto_tokyo,群馬,春季群馬大会 2025 日程・結果,3R,2025-04-23,前橋,6,明和県央,1,https://koshien89.com/blog-entry-3449.html,,data/03_kanto_tokyo/gunma_2025.csv
2025,spring,kanto_tokyo,群馬,春季群馬大会 2025 日程・結果,3R,2025-04-23,前橋商,7,新田暁,2,https://koshien89.com/blog-entry-3449.html,,data/03_kanto_tokyo/gunma_2025.csv
2025,spring,kanto_tokyo,群馬,春季群馬大会 2025 日程・結果,3R,2025-04-23,関学大附,1,桐生第一,11,https://koshien89.com/blog-entry-3449.html,5innings,data/03_kanto_tokyo/gunma_2025.csv
2025,spring,kanto_tokyo,群馬,春季群馬大会 2025 日程・結果,3R,2025-04-23,桐生市商,3,樹徳,2,https://koshien89.com/blog-entry-3449.html,,data/03_kanto_tokyo/gunma_2025.csv
2025,spring,kanto_tokyo,群馬,春季群馬大会 2025 日程・結果,2R,2025-04-20,前橋育英,8,安中総合,1,https://koshien89.com/blog-entry-3449.html,7innings,data/03_kanto_tokyo/gunma_2025.csv
2025,spring,kanto_tokyo,群馬,春季群馬大会 2025 日程・結果,2R,2025-04-20,高崎東,0,桐生市商,4,https://koshien89.com/blog-entry-3449.html,,data/03_kanto_tokyo/gunma_2025.csv
2025,spring,kanto_tokyo,群馬,春季群馬大会 2025 日程・結果,2R,2025-04-20,関東学園大付,12,高崎工,1,https://koshien89.com/blog-entry-3449.html,5innings,data/03_kanto_tokyo/gunma_2025.csv
2025,spring,kanto_tokyo,群馬,春季群馬大会 2025 日程・結果,2R,2025-04-20,太田工,1,藤岡中央,11,https://koshien89.com/blog-entry-3449.html,6innings,data/03_kanto_tokyo/gunma_2025.csv
2025,spring,kanto_tokyo,群馬,春季群馬大会 2025 日程・結果,2R,2025-04-20,桐生第一,11,富岡,1,https://koshien89.com/blog-entry-3449.html,6innings,data/03_kanto_tokyo/gunma_2025.csv
2025,spring,kanto_tokyo,群馬,春季群馬大会 2025 日程・結果,2R,2025-04-20,樹徳,5,前橋南,2,https://koshien89.com/blog-entry-3449.html,,data/03_kanto_tokyo/gunma_2025.csv
2025,spring,kanto_tokyo,群馬,春季群馬大会 2025 日程・結果,2R,2025-04-19,健大高崎,9,館林商工,2,https://koshien89.com/blog-entry-3449.html,7innings,data/03_kanto_tokyo/gunma_2025.csv
2025,spring,kanto_tokyo,群馬,春季群馬大会 2025 日程・結果,2R,2025-04-19,利根商,4,太田東,2,https://koshien89.com/blog-entry-3449.html,,data/03_kanto_tokyo/gunma_2025.csv
2025,spring,kanto_tokyo,群馬,春季群馬大会 2025 日程・結果,2R,2025-04-19,前橋,7,沼田,3,https://koshien89.com/blog-entry-3449.html,,data/03_kanto_tokyo/gunma_2025.csv
2025,spring,kanto_tokyo,群馬,春季群馬大会 2025 日程・結果,2R,2025-04-19,前橋商,11,前橋東,0,https://koshien89.com/blog-entry-3449.html,6innings,data/03_kanto_tokyo/gunma_2025.csv
2025,spring,kanto_tokyo,群馬,春季群馬大会 2025 日程・結果,2R,2025-04-19,東農大二,15,常磐,0,https://koshien89.com/blog-entry-3449.html,5innings,data/03_kanto_tokyo/gunma_2025.csv
2025,spring,kanto_tokyo,群馬,春季群馬大会 2025 日程・結果,2R,2025-04-19,商大附,7,渋川青翠,2,https://koshien89.com/blog-entry-3449.html,,data/03_kanto_tokyo/gunma_2025.csv
2025,spring,kanto_tokyo,群馬,春季群馬大会 2025 日程・結果,2R,2025-04-19,勢多農林,1,新田暁,2,https://koshien89.com/blog-entry-3449.html,,data/03_kanto_tokyo/gunma_2025.csv
2025,spring,kanto_tokyo,群馬,春季群馬大会 2025 日程・結果,2R,2025-04-19,桐生,8,高崎,2,https://koshien89.com/blog-entry-3449.html,,data/03_kanto_tokyo/gunma_2025.csv
2025,spring,kanto_tokyo,群馬,春季群馬大会 2025 日程・結果,2R,2025-04-19,明和県央,11,前橋工,1,https://koshien89.com/blog-entry-3449.html,6innings,data/03_kanto_tokyo/gunma_2025.csv
2025,spring,kanto_tokyo,群馬,春季群馬大会 2025 日程・結果,2R,2025-04-19,市立太田,14,伊勢崎商,6,https://koshien89.com/blog-entry-3449.html,8innings,data/03_kanto_tokyo/gunma_2025.csv
2025,spring,kanto_tokyo,群馬,春季群馬大会 2025 日程・結果,1R,2025-04-15,高崎東,7,中央中等,0,https://koshien89.com/blog-entry-3449.html,8innings,data/03_kanto_tokyo/gunma_2025.csv
2025,spring,kanto_tokyo,群馬,春季群馬大会 2025 日程・結果,1R,2025-04-15,明和県央,1,渋川,0,https://koshien89.com/blog-entry-3449.html,,data/03_kanto_tokyo/gunma_2025.csv
2025,spring,kanto_tokyo,群馬,春季群馬大会 2025 日程・結果,1R,2025-04-15,伊勢崎清明,2,安中総合,8,https://koshien89.com/blog-entry-3449.html,,data/03_kanto_tokyo/gunma_2025.csv
2025,spring,kanto_tokyo,群馬,春季群馬大会 2025 日程・結果,1R,2025-04-15,西邑楽,8,前橋東,9,https://koshien89.com/blog-entry-3449.html,10innings,data/03_kanto_tokyo/gunma_2025.csv
2025,spring,kanto_tokyo,群馬,春季群馬大会 2025 日程・結果,1R,2025-04-15,高崎北,3,商大附,6,https://koshien89.com/blog-entry-3449.html,,data/03_kanto_tokyo/gunma_2025.csv
2025,spring,kanto_tokyo,群馬,春季群馬大会 2025 日程・結果,1R,2025-04-15,樹徳,7,伊勢崎工,0,https://koshien89.com/blog-entry-3449.html,8innings,data/03_kanto_tokyo/gunma_2025.csv
2025,spring,kanto_tokyo,群馬,春季群馬大会 2025 日程・結果,1R,2025-04-15,桐生,15,松井田,3,https://koshien89.com/blog-entry-3449.html,5innings,data/03_kanto_tokyo/gunma_2025.csv
2025,spring,kanto_tokyo,群馬,春季群馬大会 2025 日程・結果,1R,2025-04-15,桐生市商,7,太田,0,https://koshien89.com/blog-entry-3449.html,7innings,data/03_kanto_tokyo/gunma_2025.csv
2025,spring,kanto_tokyo,群馬,春季群馬大会 2025 日程・結果,1R,2025-04-15,渋川工,1,渋川青翠,10,https://koshien89.com/blog-entry-3449.html,7innings,data/03_kanto_tokyo/gunma_2025.csv
2025,spring,kanto_tokyo,群馬,春季群馬大会 2025 日程・結果,1R,2025-04-15,大間々,7,前橋工,8,https://koshien89.com/blog-entry-3449.html,,data/03_kanto_tokyo/gunma_2025.csv
2025,spring,kanto_tokyo,群馬,春季群馬大会 2025 日程・結果,1R,2025-04-15,吾妻中央,3,高崎工,13,https://koshien89.com/blog-entry-3449.html,6innings,data/03_kanto_tokyo/gunma_2025.csv
2025,spring,kanto_tokyo,群馬,春季群馬大会 2025 日程・結果,1R,2025-04-15,太田東,11,四ツ葉・玉村・榛名・藤岡工・長野原,1,https://koshien89.com/blog-entry-3449.html,5innings,data/03_kanto_tokyo/gunma_2025.csv
2025,spring,kanto_tokyo,群馬,春季群馬大会 2025 日程・結果,1R,2025-04-15,前橋西・利根実・尾瀬,1,前橋南,11,https://koshien89.com/blog-entry-3449.html,5innings,data/03_kanto_tokyo/gunma_2025.csv
2025,spring,kanto_tokyo,群馬,春季群馬大会 2025 日程・結果,1R,2025-04-15,高崎,4,桐生工,0,https://koshien89.com/blog-entry-3449.html,,data/03_kanto_tokyo/gunma_2025.csv
2025,spring,kanto_tokyo,群馬,春季群馬大会 2025 日程・結果,1R,2025-04-14,市前橋,2,富岡,12,https://koshien89.com/blog-entry-3449.html,5innings,data/03_kanto_tokyo/gunma_2025.csv
2025,spring,kanto_tokyo,群馬,春季群馬大会 2025 日程・結果,1R,2025-04-14,館林商工,3,伊勢崎,0,https://koshien89.com/blog-entry-3449.html,,data/03_kanto_tokyo/gunma_2025.csv
2025,spring,kanto_tokyo,群馬,春季群馬大会 2025 日程・結果,1R,2025-04-13,興陽,0,桐生第一,12,https://koshien89.com/blog-entry-3449.html,6innings,data/03_kanto_tokyo/gunma_2025.csv
2025,spring,kanto_tokyo,群馬,春季群馬大会 2025 日程・結果,1R,2025-04-12,市立太田,6,桐生清桜,3,https://koshien89.com/blog-entry-3449.html,10innings,data/03_kanto_tokyo/gunma_2025.csv
2025,spring,kanto_tokyo,群馬,春季群馬大会 2025 日程・結果,1R,2025-04-12,高経大附,5,前橋,6,https://koshien89.com/blog-entry-3449.html,,data/03_kanto_tokyo/gunma_2025.csv
2025,spring,kanto_tokyo,群馬,春季群馬大会 2025 日程・結果,1R,2025-04-12,太田工,7,富岡実,2,https://koshien89.com/blog-entry-3449.html,,data/03_kanto_tokyo/gunma_2025.csv
2025,spring,kanto_tokyo,群馬,春季群馬大会 2025 日程・結果,1R,2025-04-12,勢多農林,11,大泉,1,https://koshien89.com/blog-entry-3449.html,5innings,data/03_kanto_tokyo/gunma_2025.csv
2025,spring,kanto_tokyo,群馬,春季群馬大会 2025 日程・結果,1R,2025-04-12,館林,1,伊勢崎商,2,https://koshien89.com/blog-entry-3449.html,10innings,data/03_kanto_tokyo/gunma_2025.csv
2025,spring,kanto_tokyo,群馬,春季群馬大会 2025 日程・結果,1R,2025-04-12,高崎商,1,沼田,3,https://koshien89.com/blog-entry-3449.html,,data/03_kanto_tokyo/gunma_2025.csv
2025,spring,kanto_tokyo,群馬,春季群馬大会 2025 日程・結果,1R,2025-04-12,藤岡北,7,藤岡中央,10,https://koshien89.com/blog-entry-3449.html,,data/03_kanto_tokyo/gunma_2025.csv
2025,spring,kanto_tokyo,群馬,春季群馬大会 2025 日程・結果,1R,2025-04-12,新田暁,3,群馬高専,2,https://koshien89.com/blog-entry-3449.html,10innings,data/03_kanto_tokyo/gunma_2025.csv
2025,spring,kanto_tokyo,茨城,春季茨城大会 2025 日程・結果,F,2025-05-05,常総学院,3,境,1,https://koshien89.com/blog-entry-3488.html,,data/03_kanto_tokyo/ibaraki_2025.csv
2025,spring,kanto_tokyo,茨城,春季茨城大会 2025 日程・結果,3P,2025-05-05,藤代,6,水城,4,https://koshien89.com/blog-entry-3488.html,,data/03_kanto_tokyo/ibaraki_2025.csv
2025,spring,kanto_tokyo,茨城,春季茨城大会 2025 日程・結果,SF,2025-05-03,藤代,1,常総学院,5,https://koshien89.com/blog-entry-3488.html,,data/03_kanto_tokyo/ibaraki_2025.csv
2025,spring,kanto_tokyo,茨城,春季茨城大会 2025 日程・結果,SF,2025-05-03,水城,7,境,8,https://koshien89.com/blog-entry-3488.html,10innings,data/03_kanto_tokyo/ibaraki_2025.csv
2025,spring,kanto_tokyo,茨城,春季茨城大会 2025 日程・結果,QF,2025-04-29,藤代,7,土浦三,4,https://koshien89.com/blog-entry-3488.html,,data/03_kanto_tokyo/ibaraki_2025.csv
2025,spring,kanto_tokyo,茨城,春季茨城大会 2025 日程・結果,QF,2025-04-29,水城,9,下妻二,2,https://koshien89.com/blog-entry-3488.html,7innings,data/03_kanto_tokyo/ibaraki_2025.csv
2025,spring,kanto_tokyo,茨城,春季茨城大会 2025 日程・結果,QF,2025-04-29,境,9,水戸啓明,2,https://koshien89.com/blog-entry-3488.html,10innings,data/03_kanto_tokyo/ibaraki_2025.csv
2025,spring,kanto_tokyo,茨城,春季茨城大会 2025 日程・結果,QF,2025-04-29,常総学院,7,土浦日大,3,https://koshien89.com/blog-entry-3488.html,,data/03_kanto_tokyo/ibaraki_2025.csv
2025,spring,kanto_tokyo,茨城,春季茨城大会 2025 日程・結果,3R,2025-04-27,常総学院,6,守谷,0,https://koshien89.com/blog-entry-3488.html,,data/03_kanto_tokyo/ibaraki_2025.csv
2025,spring,kanto_tokyo,茨城,春季茨城大会 2025 日程・結果,3R,2025-04-27,東洋大牛久,4,境,6,https://koshien89.com/blog-entry-3488.html,,data/03_kanto_tokyo/ibaraki_2025.csv
2025,spring,kanto_tokyo,茨城,春季茨城大会 2025 日程・結果,3R,2025-04-27,土浦日大,9,水戸桜ノ牧,0,https://koshien89.com/blog-entry-3488.html,7innings,data/03_kanto_tokyo/ibaraki_2025.csv
2025,spring,kanto_tokyo,茨城,春季茨城大会 2025 日程・結果,3R,2025-04-27,下館工,1,水戸啓明,5,https://koshien89.com/blog-entry-3488.html,,data/03_kanto_tokyo/ibaraki_2025.csv
2025,spring,kanto_tokyo,茨城,春季茨城大会 2025 日程・結果,3R,2025-04-26,明秀日立,4,水城,5,https://koshien89.com/blog-entry-3488.html,10innings,data/03_kanto_tokyo/ibaraki_2025.csv
2025,spring,kanto_tokyo,茨城,春季茨城大会 2025 日程・結果,3R,2025-04-26,つくば秀英,0,藤代,1,https://koshien89.com/blog-entry-3488.html,,data/03_kanto_tokyo/ibaraki_2025.csv
2025,spring,kanto_tokyo,茨城,春季茨城大会 2025 日程・結果,3R,2025-04-26,取手一,3,土浦三,4,https://koshien89.com/blog-entry-3488.html,,data/03_kanto_tokyo/ibaraki_2025.csv
2025,spring,kanto_tokyo,茨城,春季茨城大会 2025 日程・結果,3R,2025-04-26,下妻二,10,茨城キリスト,2,https://koshien89.com/blog-entry-3488.html,7innings,data/03_kanto_tokyo/ibaraki_2025.csv
2025,spring,kanto_tokyo,茨城,春季茨城大会 2025 日程・結果,2R,2025-04-24,日立一,0,藤代,4,https://koshien89.com/blog-entry-3488.html,,data/03_kanto_tokyo/ibaraki_2025.csv
2025,spring,kanto_tokyo,茨城,春季茨城大会 2025 日程・結果,2R,2025-04-24,勝田工,3,守谷,6,https://koshien89.com/blog-entry-3488.html,,data/03_kanto_tokyo/ibaraki_2025.csv
2025,spring,kanto_tokyo,茨城,春季茨城大会 2025 日程・結果,2R,2025-04-22,常総学院,11,水戸一,0,https://koshien89.com/blog-entry-3488.html,5innings,data/03_kanto_tokyo/ibaraki_2025.csv
2025,spring,kanto_tokyo,茨城,春季茨城大会 2025 日程・結果,2R,2025-04-22,水城,13,下館一,3,https://koshien89.com/blog-entry-3488.html,5innings,data/03_kanto_tokyo/ibaraki_2025.csv
2025,spring,kanto_tokyo,茨城,春季茨城大会 2025 日程・結果,2R,2025-04-22,東洋大牛久,1,常磐大高,0,https://koshien89.com/blog-entry-3488.html,,data/03_kanto_tokyo/ibaraki_2025.csv
2025,spring,kanto_tokyo,茨城,春季茨城大会 2025 日程・結果,2R,2025-04-22,石岡商,1,水戸桜ノ牧,8,https://koshien89.com/blog-entry-3488.html,7innings,data/03_kanto_tokyo/ibaraki_2025.csv
2025,spring,kanto_tokyo,茨城,春季茨城大会 2025 日程・結果,2R,2025-04-22,土浦三,7,岩瀬日大,0,https://koshien89.com/blog-entry-3488.html,7innings,data/03_kanto_tokyo/ibaraki_2025.csv
2025,spring,kanto_tokyo,茨城,春季茨城大会 2025 日程・結果,2R,2025-04-21,つくば秀英,5,水戸商,0,https://koshien89.com/blog-entry-3488.html,,data/03_kanto_tokyo/ibaraki_2025.csv
2025,spring,kanto_tokyo,茨城,春季茨城大会 2025 日程・結果,2R,2025-04-21,下妻一,2,茨城キリスト,3,https://koshien89.com/blog-entry-3488.html,,data/03_kanto_tokyo/ibaraki_2025.csv
2025,spring,kanto_tokyo,茨城,春季茨城大会 2025 日程・結果,2R,2025-04-21,霞ヶ浦,0,明秀日立,8,https://koshien89.com/blog-entry-3488.html,8innings,data/03_kanto_tokyo/ibaraki_2025.csv
2025,spring,kanto_tokyo,茨城,春季茨城大会 2025 日程・結果,2R,2025-04-21,石岡一,3,水戸啓明,7,https://koshien89.com/blog-entry-3488.html,,data/03_kanto_tokyo/ibaraki_2025.csv
2025,spring,kanto_tokyo,茨城,春季茨城大会 2025 日程・結果,2R,2025-04-20,下妻二,14,土浦湖北,3,https://koshien89.com/blog-entry-3488.html,5innings,data/03_kanto_tokyo/ibaraki_2025.csv
2025,spring,kanto_tokyo,茨城,春季茨城大会 2025 日程・結果,2R,2025-04-20,取手一,12,緑岡,6,https://koshien89.com/blog-entry-3488.html,,data/03_kanto_tokyo/ibaraki_2025.csv
2025,spring,kanto_tokyo,茨城,春季茨城大会 2025 日程・結果,2R,2025-04-20,取手松陽,2,下館工,3,https://koshien89.com/blog-entry-3488.html,,data/03_kanto_tokyo/ibaraki_2025.csv
2025,spring,kanto_tokyo,茨城,春季茨城大会 2025 日程・結果,2R,2025-04-20,土浦日大,5,太田一,1,https://koshien89.com/blog-entry-3488.html,,data/03_kanto_tokyo/ibaraki_2025.csv
2025,spring,kanto_tokyo,茨城,春季茨城大会 2025 日程・結果,1R,2025-04-19,土浦三,11,多賀,7,https://koshien89.com/blog-entry-3488.html,,data/03_kanto_tokyo/ibaraki_2025.csv
2025,spring,kanto_tokyo,茨城,春季茨城大会 2025 日程・結果,1R,2025-04-19,鹿島学園,1,下妻一,3,https://koshien89.com/blog-entry-3488.html,,data/03_kanto_tokyo/ibaraki_2025.csv
2025,spring,kanto_tokyo,茨城,春季茨城大会 2025 日程・結果,1R,2025-04-19,石岡商,9,伊奈,2,https://koshien89.com/blog-entry-3488.html,7innings,data/03_kanto_tokyo/ibaraki_2025.csv
2025,spring,kanto_tokyo,茨城,春季茨城大会 2025 日程・結果,1R,2025-04-19,磯原郷英,4,石岡一,9,https://koshien89.com/blog-entry-3488.html,,data/03_kanto_tokyo/ibaraki_2025.csv
2025,spring,kanto_tokyo,神奈川,春季神奈川大会 2025 日程・結果,F,2025-05-07,横浜,5,東海大相模,4,https://koshien89.com/blog-entry-3487.html,team1_sayonara;10innings,data/03_kanto_tokyo/kanagawa_2025.csv
2025,spring,kanto_tokyo,神奈川,春季神奈川大会 2025 日程・結果,SF,2025-05-05,横浜,7,相洋,2,https://koshien89.com/blog-entry-3487.html,,data/03_kanto_tokyo/kanagawa_2025.csv
2025,spring,kanto_tokyo,神奈川,春季神奈川大会 2025 日程・結果,SF,2025-05-05,三浦学苑,1,東海大相模,11,https://koshien89.com/blog-entry-3487.html,7innings,data/03_kanto_tokyo/kanagawa_2025.csv
2025,spring,kanto_tokyo,神奈川,春季神奈川大会 2025 日程・結果,QF,2025-04-27,川和,2,三浦学苑,8,https://koshien89.com/blog-entry-3487.html,,data/03_kanto_tokyo/kanagawa_2025.csv
2025,spring,kanto_tokyo,神奈川,春季神奈川大会 2025 日程・結果,QF,2025-04-27,日大,0,東海大相模,10,https://koshien89.com/blog-entry-3487.html,7innings,data/03_kanto_tokyo/kanagawa_2025.csv
2025,spring,kanto_tokyo,神奈川,春季神奈川大会 2025 日程・結果,QF,2025-04-26,横浜,5,立花学園,1,https://koshien89.com/blog-entry-3487.html,,data/03_kanto_tokyo/kanagawa_2025.csv
2025,spring,kanto_tokyo,神奈川,春季神奈川大会 2025 日程・結果,QF,2025-04-26,相洋,8,湘南学院,0,https://koshien89.com/blog-entry-3487.html,8innings,data/03_kanto_tokyo/kanagawa_2025.csv
2025,spring,kanto_tokyo,神奈川,春季神奈川大会 2025 日程・結果,4R,2025-04-19,横浜清陵,0,川和,7,https://koshien89.com/blog-entry-3487.html,7innings,data/03_kanto_tokyo/kanagawa_2025.csv
2025,spring,kanto_tokyo,神奈川,春季神奈川大会 2025 日程・結果,4R,2025-04-19,武相,0,相洋,6,https://koshien89.com/blog-entry-3487.html,,data/03_kanto_tokyo/kanagawa_2025.csv
2025,spring,kanto_tokyo,神奈川,春季神奈川大会 2025 日程・結果,4R,2025-04-19,横浜商大,3,日大,7,https://koshien89.com/blog-entry-3487.html,,data/03_kanto_tokyo/kanagawa_2025.csv
2025,spring,kanto_tokyo,神奈川,春季神奈川大会 2025 日程・結果,4R,2025-04-19,横浜,7,横須賀学院,0,https://koshien89.com/blog-entry-3487.html,8innings,data/03_kanto_tokyo/kanagawa_2025.csv
2025,spring,kanto_tokyo,神奈川,春季神奈川大会 2025 日程・結果,4R,2025-04-19,湘南工大附,2,三浦学苑,5,https://koshien89.com/blog-entry-3487.html,,data/03_kanto_tokyo/kanagawa_2025.csv
2025,spring,kanto_tokyo,神奈川,春季神奈川大会 2025 日程・結果,4R,2025-04-19,横浜隼人,6,湘南学院,8,https://koshien89.com/blog-entry-3487.html,,data/03_kanto_tokyo/kanagawa_2025.csv
2025,spring,kanto_tokyo,神奈川,春季神奈川大会 2025 日程・結果,4R,2025-04-19,東海大相模,8,藤嶺藤沢,7,https://koshien89.com/blog-entry-3487.html,10innings,data/03_kanto_tokyo/kanagawa_2025.csv
2025,spring,kanto_tokyo,神奈川,春季神奈川大会 2025 日程・結果,4R,2025-04-19,向上,3,立花学園,4,https://koshien89.com/blog-entry-3487.html,10innings,data/03_kanto_tokyo/kanagawa_2025.csv
2025,spring,kanto_tokyo,神奈川,春季神奈川大会 2025 日程・結果,3R,2025-04-15,相洋,10,住吉,1,https://koshien89.com/blog-entry-3487.html,,data/03_kanto_tokyo/kanagawa_2025.csv
2025,spring,kanto_tokyo,神奈川,春季神奈川大会 2025 日程・結果,3R,2025-04-15,平塚学園,3,湘南工大附,5,https://koshien89.com/blog-entry-3487.html,,data/03_kanto_tokyo/kanagawa_2025.csv
2025,spring,kanto_tokyo,神奈川,春季神奈川大会 2025 日程・結果,3R,2025-04-12,横浜,11,市ケ尾,0,https://koshien89.com/blog-entry-3487.html,5innings,data/03_kanto_tokyo/kanagawa_2025.csv
2025,spring,kanto_tokyo,神奈川,春季神奈川大会 2025 日程・結果,3R,2025-04-12,藤沢翔陵,0,川和,2,https://koshien89.com/blog-entry-3487.html,,data/03_kanto_tokyo/kanagawa_2025.csv
2025,spring,kanto_tokyo,神奈川,春季神奈川大会 2025 日程・結果,3R,2025-04-12,横浜創学館,1,藤嶺藤沢,8,https://koshien89.com/blog-entry-3487.html,7innings,data/03_kanto_tokyo/kanagawa_2025.csv
2025,spring,kanto_tokyo,神奈川,春季神奈川大会 2025 日程・結果,3R,2025-04-12,柏木学園,1,立花学園,9,https://koshien89.com/blog-entry-3487.html,8innings,data/03_kanto_tokyo/kanagawa_2025.csv
2025,spring,kanto_tokyo,神奈川,春季神奈川大会 2025 日程・結果,3R,2025-04-12,向上,13,希望ケ丘,6,https://koshien89.com/blog-entry-3487.html,8innings,data/03_kanto_tokyo/kanagawa_2025.csv
2025,spring,kanto_tokyo,神奈川,春季神奈川大会 2025 日程・結果,3R,2025-04-12,東海大相模,4,桐蔭学園,1,https://koshien89.com/blog-entry-3487.html,,data/03_kanto_tokyo/kanagawa_2025.csv
2025,spring,kanto_tokyo,神奈川,春季神奈川大会 2025 日程・結果,3R,2025-04-12,横浜隼人,7,大師,3,https://koshien89.com/blog-entry-3487.html,,data/03_kanto_tokyo/kanagawa_2025.csv
2025,spring,kanto_tokyo,神奈川,春季神奈川大会 2025 日程・結果,3R,2025-04-12,横浜清陵,3,横浜栄,2,https://koshien89.com/blog-entry-3487.html,10innings,data/03_kanto_tokyo/kanagawa_2025.csv
2025,spring,kanto_tokyo,神奈川,春季神奈川大会 2025 日程・結果,3R,2025-04-12,上矢部,2,横須賀学院,12,https://koshien89.com/blog-entry-3487.html,6innings,data/03_kanto_tokyo/kanagawa_2025.csv
2025,spring,kanto_tokyo,神奈川,春季神奈川大会 2025 日程・結果,3R,2025-04-12,アレセイア湘南,4,日大,8,https://koshien89.com/blog-entry-3487.html,,data/03_kanto_tokyo/kanagawa_2025.csv
2025,spring,kanto_tokyo,神奈川,春季神奈川大会 2025 日程・結果,3R,2025-04-12,茅ケ崎北陵,2,三浦学苑,3,https://koshien89.com/blog-entry-3487.html,,data/03_kanto_tokyo/kanagawa_2025.csv
2025,spring,kanto_tokyo,神奈川,春季神奈川大会 2025 日程・結果,3R,2025-04-12,慶應義塾,3,横浜商大,5,https://koshien89.com/blog-entry-3487.html,,data/03_kanto_tokyo/kanagawa_2025.csv
2025,spring,kanto_tokyo,神奈川,春季神奈川大会 2025 日程・結果,3R,2025-04-12,武相,5,藤沢西,0,https://koshien89.com/blog-entry-3487.html,,data/03_kanto_tokyo/kanagawa_2025.csv
2025,spring,kanto_tokyo,神奈川,春季神奈川大会 2025 日程・結果,3R,2025-04-12,横浜商,2,湘南学院,3,https://koshien89.com/blog-entry-3487.html,10innings,data/03_kanto_tokyo/kanagawa_2025.csv
2025,spring,kanto_tokyo,神奈川,春季神奈川大会 2025 日程・結果,2R,2025-04-12,藤沢清流,2,住吉,8,https://koshien89.com/blog-entry-3487.html,,data/03_kanto_tokyo/kanagawa_2025.csv
2025,spring,kanto_tokyo,神奈川,春季神奈川大会 2025 日程・結果,2R,2025-04-12,桜丘,1,湘南工大附,8,https://koshien89.com/blog-entry-3487.html,8innings,data/03_kanto_tokyo/kanagawa_2025.csv
2025,spring,kanto_tokyo,神奈川,春季神奈川大会 2025 日程・結果,2R,2025-04-06,相洋,10,県商工,0,https://koshien89.com/blog-entry-3487.html,6innings,data/03_kanto_tokyo/kanagawa_2025.csv
2025,spring,kanto_tokyo,神奈川,春季神奈川大会 2025 日程・結果,2R,2025-04-06,平塚学園,8,金井,0,https://koshien89.com/blog-entry-3487.html,7innings,data/03_kanto_tokyo/kanagawa_2025.csv
2025,spring,kanto_tokyo,神奈川,春季神奈川大会 2025 日程・結果,2R,2025-04-06,東海大相模,17,旭,0,https://koshien89.com/blog-entry-3487.html,5innings,data/03_kanto_tokyo/kanagawa_2025.csv
2025,spring,kanto_tokyo,神奈川,春季神奈川大会 2025 日程・結果,2R,2025-04-06,神奈川工業,1,柏木学園,8,https://koshien89.com/blog-entry-3487.html,,data/03_kanto_tokyo/kanagawa_2025.csv
2025,spring,kanto_tokyo,神奈川,春季神奈川大会 2025 日程・結果,2R,2025-04-06,横浜創学館,3,星槎国際湘南,0,https://koshien89.com/blog-entry-3487.html,,data/03_kanto_tokyo/kanagawa_2025.csv
2025,spring,kanto_tokyo,神奈川,春季神奈川大会 2025 日程・結果,2R,2025-04-06,武相,5,総合科学,1,https://koshien89.com/blog-entry-3487.html,,data/03_kanto_tokyo/kanagawa_2025.csv
2025,spring,kanto_tokyo,神奈川,春季神奈川大会 2025 日程・結果,2R,2025-04-06,向上,7,相模原城山,2,https://koshien89.com/blog-entry-3487.html,,data/03_kanto_tokyo/kanagawa_2025.csv
2025,spring,kanto_tokyo,神奈川,春季神奈川大会 2025 日程・結果,2R,2025-04-06,藤沢翔陵,9,横浜翠嵐,2,https://koshien89.com/blog-entry-3487.html,,data/03_kanto_tokyo/kanagawa_2025.csv
2025,spring,kanto_tokyo,神奈川,春季神奈川大会 2025 日程・結果,2R,2025-04-06,川和,4,日大藤沢,3,https://koshien89.com/blog-entry-3487.html,11innings,data/03_kanto_tokyo/kanagawa_2025.csv
2025,spring,kanto_tokyo,神奈川,春季神奈川大会 2025 日程・結果,2R,2025-04-06,慶應義塾,7,橘,0,https://koshien89.com/blog-entry-3487.html,7innings,data/03_kanto_tokyo/kanagawa_2025.csv
2025,spring,kanto_tokyo,神奈川,春季神奈川大会 2025 日程・結果,2R,2025-04-06,藤嶺藤沢,7,川崎工科,2,https://koshien89.com/blog-entry-3487.html,,data/03_kanto_tokyo/kanagawa_2025.csv
2025,spring,kanto_tokyo,神奈川,春季神奈川大会 2025 日程・結果,2R,2025-04-06,法政二,8,藤沢西,9,https://koshien89.com/blog-entry-3487.html,10innings,data/03_kanto_tokyo/kanagawa_2025.csv
2025,spring,kanto_tokyo,神奈川,春季神奈川大会 2025 日程・結果,2R,2025-04-06,横浜隼人,13,戸塚,1,https://koshien89.com/blog-entry-3487.html,5innings,data/03_kanto_tokyo/kanagawa_2025.csv
2025,spring,kanto_tokyo,神奈川,春季神奈川大会 2025 日程・結果,2R,2025-04-06,光明相模原,1,立花学園,6,https://koshien89.com/blog-entry-3487.html,,data/03_kanto_tokyo/kanagawa_2025.csv
2025,spring,kanto_tokyo,神奈川,春季神奈川大会 2025 日程・結果,2R,2025-04-06,桐光学園,1,大師,2,https://koshien89.com/blog-entry-3487.html,,data/03_kanto_tokyo/kanagawa_2025.csv
2025,spring,kanto_tokyo,神奈川,春季神奈川大会 2025 日程・結果,2R,2025-04-06,旭丘,2,横浜栄,4,https://koshien89.com/blog-entry-3487.html,,data/03_kanto_tokyo/kanagawa_2025.csv
2025,spring,kanto_tokyo,神奈川,春季神奈川大会 2025 日程・結果,2R,2025-04-06,山北,4,市ヶ尾,6,https://koshien89.com/blog-entry-3487.html,,data/03_kanto_tokyo/kanagawa_2025.csv
2025,spring,kanto_tokyo,神奈川,春季神奈川大会 2025 日程・結果,2R,2025-04-06,上溝南,1,茅ヶ崎北陵,4,https://koshien89.com/blog-entry-3487.html,,data/03_kanto_tokyo/kanagawa_2025.csv
2025,spring,kanto_tokyo,神奈川,春季神奈川大会 2025 日程・結果,2R,2025-04-06,日大,5,相模原弥栄,4,https://koshien89.com/blog-entry-3487.html,10innings,data/03_kanto_tokyo/kanagawa_2025.csv
2025,spring,kanto_tokyo,神奈川,春季神奈川大会 2025 日程・結果,2R,2025-04-06,上矢部,5,横浜翠陵,2,https://koshien89.com/blog-entry-3487.html,,data/03_kanto_tokyo/kanagawa_2025.csv
2025,spring,kanto_tokyo,神奈川,春季神奈川大会 2025 日程・結果,2R,2025-04-06,横浜商業,10,有馬,0,https://koshien89.com/blog-entry-3487.html,7innings,data/03_kanto_tokyo/kanagawa_2025.csv
2025,spring,kanto_tokyo,神奈川,春季神奈川大会 2025 日程・結果,2R,2025-04-06,大和,5,アレセイア湘南,14,https://koshien89.com/blog-entry-3487.html,7innings,data/03_kanto_tokyo/kanagawa_2025.csv
2025,spring,kanto_tokyo,神奈川,春季神奈川大会 2025 日程・結果,2R,2025-04-05,大和西,0,湘南学院,10,https://koshien89.com/blog-entry-3487.html,7innings,data/03_kanto_tokyo/kanagawa_2025.csv
2025,spring,kanto_tokyo,神奈川,春季神奈川大会 2025 日程・結果,2R,2025-04-05,三浦学苑,10,相模原,2,https://koshien89.com/blog-entry-3487.html,8innings,data/03_kanto_tokyo/kanagawa_2025.csv
2025,spring,kanto_tokyo,神奈川,春季神奈川大会 2025 日程・結果,2R,2025-04-05,麻溝台,1,桐蔭学園,7,https://koshien89.com/blog-entry-3487.html,,data/03_kanto_tokyo/kanagawa_2025.csv
2025,spring,kanto_tokyo,神奈川,春季神奈川大会 2025 日程・結果,2R,2025-04-05,横浜瀬谷,4,横浜商大,6,https://koshien89.com/blog-entry-3487.html,,data/03_kanto_tokyo/kanagawa_2025.csv
2025,spring,kanto_tokyo,神奈川,春季神奈川大会 2025 日程・結果,2R,2025-04-05,磯子工業,0,横須賀学院,10,https://koshien89.com/blog-entry-3487.html,5innings,data/03_kanto_tokyo/kanagawa_2025.csv
2025,spring,kanto_tokyo,神奈川,春季神奈川大会 2025 日程・結果,2R,2025-04-05,金沢,5,希望ヶ丘,6,https://koshien89.com/blog-entry-3487.html,,data/03_kanto_tokyo/kanagawa_2025.csv
2025,spring,kanto_tokyo,神奈川,春季神奈川大会 2025 日程・結果,1R,2025-04-05,旭丘,14,西湘,1,https://koshien89.com/blog-entry-3487.html,5innings,data/03_kanto_tokyo/kanagawa_2025.csv
2025,spring,kanto_tokyo,神奈川,春季神奈川大会 2025 日程・結果,1R,2025-04-05,城郷,0,柏木学園,13,https://koshien89.com/blog-entry-3487.html,7innings,data/03_kanto_tokyo/kanagawa_2025.csv
2025,spring,kanto_tokyo,神奈川,春季神奈川大会 2025 日程・結果,1R,2025-04-05,茅ヶ崎北陵,9,中大横浜,2,https://koshien89.com/blog-entry-3487.html,7innings,data/03_kanto_tokyo/kanagawa_2025.csv
2025,spring,kanto_tokyo,神奈川,春季神奈川大会 2025 日程・結果,1R,2025-04-05,有馬,4,伊志田,3,https://koshien89.com/blog-entry-3487.html,,data/03_kanto_tokyo/kanagawa_2025.csv
2025,spring,kanto_tokyo,神奈川,春季神奈川大会 2025 日程・結果,1R,2025-04-05,山手学院,2,旭,3,https://koshien89.com/blog-entry-3487.html,,data/03_kanto_tokyo/kanagawa_2025.csv
2025,spring,kanto_tokyo,神奈川,春季神奈川大会 2025 日程・結果,1R,2025-04-05,光陵,4,横浜翠陵,5,https://koshien89.com/blog-entry-3487.html,,data/03_kanto_tokyo/kanagawa_2025.csv
2025,spring,kanto_tokyo,神奈川,春季神奈川大会 2025 日程・結果,1R,2025-04-05,相模原城山,12,横須賀大津,5,https://koshien89.com/blog-entry-3487.html,7innings,data/03_kanto_tokyo/kanagawa_2025.csv
2025,spring,kanto_tokyo,神奈川,春季神奈川大会 2025 日程・結果,1R,2025-04-05,座間,0,星槎国際湘南,10,https://koshien89.com/blog-entry-3487.html,5innings,data/03_kanto_tokyo/kanagawa_2025.csv
2025,spring,kanto_tokyo,神奈川,春季神奈川大会 2025 日程・結果,1R,2025-04-05,総合科学,2,小田原,1,https://koshien89.com/blog-entry-3487.html,,data/03_kanto_tokyo/kanagawa_2025.csv
2025,spring,kanto_tokyo,神奈川,春季神奈川大会 2025 日程・結果,1R,2025-04-05,横浜南陵,5,アレセイア湘南,10,https://koshien89.com/blog-entry-3487.html,,data/03_kanto_tokyo/kanagawa_2025.csv
2025,spring,kanto_tokyo,神奈川,春季神奈川大会 2025 日程・結果,1R,2025-04-05,市ヶ尾,5,大船,3,https://koshien89.com/blog-entry-3487.html,,data/03_kanto_tokyo/kanagawa_2025.csv
2025,spring,kanto_tokyo,神奈川,春季神奈川大会 2025 日程・結果,1R,2025-04-05,上溝,1,横浜翠嵐,4,https://koshien89.com/blog-entry-3487.html,,data/03_kanto_tokyo/kanagawa_2025.csv
2025,spring,kanto_tokyo,神奈川,春季神奈川大会 2025 日程・結果,1R,2025-04-05,山北,8,菅,1,https://koshien89.com/blog-entry-3487.html,8innings,data/03_kanto_tokyo/kanagawa_2025.csv
2025,spring,kanto_tokyo,神奈川,春季神奈川大会 2025 日程・結果,1R,2025-04-05,戸塚,14,港北,7,https://koshien89.com/blog-entry-3487.html,7innings,data/03_kanto_tokyo/kanagawa_2025.csv
2025,spring,kanto_tokyo,神奈川,春季神奈川大会 2025 日程・結果,1R,2025-04-05,座間総合,2,横浜栄,6,https://koshien89.com/blog-entry-3487.html,,data/03_kanto_tokyo/kanagawa_2025.csv
2025,spring,kanto_tokyo,神奈川,春季神奈川大会 2025 日程・結果,1R,2025-04-05,金井,11,秦野曽屋・二宮,9,https://koshien89.com/blog-entry-3487.html,,data/03_kanto_tokyo/kanagawa_2025.csv
2025,spring,kanto_tokyo,神奈川,春季神奈川大会 2025 日程・結果,1R,2025-04-05,県商工,8,新羽,1,https://koshien89.com/blog-entry-3487.html,,data/03_kanto_tokyo/kanagawa_2025.csv
2025,spring,kanto_tokyo,埼玉,春季埼玉大会 2025 日程・結果,F,2025-05-04,叡明,2,浦和学院,7,https://koshien89.com/blog-entry-3486.html,,data/03_kanto_tokyo/saitama_2025.csv
2025,spring,kanto_tokyo,埼玉,春季埼玉大会 2025 日程・結果,SF,2025-05-03,市立川越,1,叡明,2,https://koshien89.com/blog-entry-3486.html,,data/03_kanto_tokyo/saitama_2025.csv
2025,spring,kanto_tokyo,埼玉,春季埼玉大会 2025 日程・結果,SF,2025-05-03,浦和学院,5,川越東,2,https://koshien89.com/blog-entry-3486.html,,data/03_kanto_tokyo/saitama_2025.csv
2025,spring,kanto_tokyo,埼玉,春季埼玉大会 2025 日程・結果,QF,2025-05-01,早大本庄,2,市立川越,4,https://koshien89.com/blog-entry-3486.html,,data/03_kanto_tokyo/saitama_2025.csv
2025,spring,kanto_tokyo,埼玉,春季埼玉大会 2025 日程・結果,QF,2025-05-01,大宮北,0,叡明,7,https://koshien89.com/blog-entry-3486.html,7innings,data/03_kanto_tokyo/saitama_2025.csv
2025,spring,kanto_tokyo,埼玉,春季埼玉大会 2025 日程・結果,QF,2025-05-01,花咲徳栄,1,浦和学院,11,https://koshien89.com/blog-entry-3486.html,7innings,data/03_kanto_tokyo/saitama_2025.csv
2025,spring,kanto_tokyo,埼玉,春季埼玉大会 2025 日程・結果,QF,2025-05-01,松山,2,川越東,11,https://koshien89.com/blog-entry-3486.html,7innings,data/03_kanto_tokyo/saitama_2025.csv
2025,spring,kanto_tokyo,埼玉,春季埼玉大会 2025 日程・結果,3R,2025-04-29,叡明,7,狭山ヶ丘,0,https://koshien89.com/blog-entry-3486.html,8innings,data/03_kanto_tokyo/saitama_2025.csv
2025,spring,kanto_tokyo,埼玉,春季埼玉大会 2025 日程・結果,3R,2025-04-29,市立浦和,1,市立川越,8,https://koshien89.com/blog-entry-3486.html,8innings,data/03_kanto_tokyo/saitama_2025.csv
2025,spring,kanto_tokyo,埼玉,春季埼玉大会 2025 日程・結果,3R,2025-04-29,聖望学園,4,早大本庄,6,https://koshien89.com/blog-entry-3486.html,,data/03_kanto_tokyo/saitama_2025.csv
2025,spring,kanto_tokyo,埼玉,春季埼玉大会 2025 日程・結果,3R,2025-04-29,大宮北,10,伊奈学園,1,https://koshien89.com/blog-entry-3486.html,6innings,data/03_kanto_tokyo/saitama_2025.csv
2025,spring,kanto_tokyo,埼玉,春季埼玉大会 2025 日程・結果,3R,2025-04-29,川口工業,2,松山,9,https://koshien89.com/blog-entry-3486.html,8innings,data/03_kanto_tokyo/saitama_2025.csv
2025,spring,kanto_tokyo,埼玉,春季埼玉大会 2025 日程・結果,3R,2025-04-29,川越東,7,西武台,2,https://koshien89.com/blog-entry-3486.html,,data/03_kanto_tokyo/saitama_2025.csv
2025,spring,kanto_tokyo,埼玉,春季埼玉大会 2025 日程・結果,3R,2025-04-29,上尾,1,浦和学院,15,https://koshien89.com/blog-entry-3486.html,7innings,data/03_kanto_tokyo/saitama_2025.csv
2025,spring,kanto_tokyo,埼玉,春季埼玉大会 2025 日程・結果,3R,2025-04-29,山村学園,2,花咲徳栄,14,https://koshien89.com/blog-entry-3486.html,7innings,data/03_kanto_tokyo/saitama_2025.csv
2025,spring,kanto_tokyo,埼玉,春季埼玉大会 2025 日程・結果,2R,2025-04-27,市立浦和,4,川越,0,https://koshien89.com/blog-entry-3486.html,,data/03_kanto_tokyo/saitama_2025.csv
2025,spring,kanto_tokyo,埼玉,春季埼玉大会 2025 日程・結果,2R,2025-04-27,武南,4,伊奈学園,5,https://koshien89.com/blog-entry-3486.html,,data/03_kanto_tokyo/saitama_2025.csv
2025,spring,kanto_tokyo,埼玉,春季埼玉大会 2025 日程・結果,2R,2025-04-27,早大本庄,6,富士見,2,https://koshien89.com/blog-entry-3486.html,,data/03_kanto_tokyo/saitama_2025.csv
2025,spring,kanto_tokyo,埼玉,春季埼玉大会 2025 日程・結果,2R,2025-04-27,正智深谷,2,川越東,6,https://koshien89.com/blog-entry-3486.html,,data/03_kanto_tokyo/saitama_2025.csv
2025,spring,kanto_tokyo,埼玉,春季埼玉大会 2025 日程・結果,2R,2025-04-27,花咲徳栄,5,本庄第一,2,https://koshien89.com/blog-entry-3486.html,,data/03_kanto_tokyo/saitama_2025.csv
2025,spring,kanto_tokyo,埼玉,春季埼玉大会 2025 日程・結果,2R,2025-04-27,叡明,8,大宮南,1,https://koshien89.com/blog-entry-3486.html,8innings,data/03_kanto_tokyo/saitama_2025.csv
2025,spring,kanto_tokyo,埼玉,春季埼玉大会 2025 日程・結果,2R,2025-04-27,埼玉平成,3,松山,4,https://koshien89.com/blog-entry-3486.html,,data/03_kanto_tokyo/saitama_2025.csv
2025,spring,kanto_tokyo,埼玉,春季埼玉大会 2025 日程・結果,2R,2025-04-27,上尾,14,久喜北陽,4,https://koshien89.com/blog-entry-3486.html,7innings,data/03_kanto_tokyo/saitama_2025.csv
2025,spring,kanto_tokyo,埼玉,春季埼玉大会 2025 日程・結果,2R,2025-04-26,山村学園,9,滑川総合,0,https://koshien89.com/blog-entry-3486.html,7innings,data/03_kanto_tokyo/saitama_2025.csv
2025,spring,kanto_tokyo,埼玉,春季埼玉大会 2025 日程・結果,2R,2025-04-26,浦和実業,1,聖望学園,4,https://koshien89.com/blog-entry-3486.html,,data/03_kanto_tokyo/saitama_2025.csv
2025,spring,kanto_tokyo,埼玉,春季埼玉大会 2025 日程・結果,2R,2025-04-26,西武文理,7,狭山ヶ丘,12,https://koshien89.com/blog-entry-3486.html,,data/03_kanto_tokyo/saitama_2025.csv
2025,spring,kanto_tokyo,埼玉,春季埼玉大会 2025 日程・結果,2R,2025-04-26,春日部,1,西武台,6,https://koshien89.com/blog-entry-3486.html,,data/03_kanto_tokyo/saitama_2025.csv
2025,spring,kanto_tokyo,埼玉,春季埼玉大会 2025 日程・結果,2R,2025-04-26,川口市立,1,大宮北,7,https://koshien89.com/blog-entry-3486.html,,data/03_kanto_tokyo/saitama_2025.csv
2025,spring,kanto_tokyo,埼玉,春季埼玉大会 2025 日程・結果,2R,2025-04-26,坂戸,3,川口工業,10,https://koshien89.com/blog-entry-3486.html,7innings,data/03_kanto_tokyo/saitama_2025.csv
2025,spring,kanto_tokyo,埼玉,春季埼玉大会 2025 日程・結果,2R,2025-04-26,市立川越,8,川越工業,1,https://koshien89.com/blog-entry-3486.html,8innings,data/03_kanto_tokyo/saitama_2025.csv
2025,spring,kanto_tokyo,埼玉,春季埼玉大会 2025 日程・結果,2R,2025-04-26,浦和,0,浦和学院,7,https://koshien89.com/blog-entry-3486.html,8innings,data/03_kanto_tokyo/saitama_2025.csv
2025,spring,kanto_tokyo,埼玉,春季埼玉大会 2025 日程・結果,1R,2025-04-25,花咲徳栄,6,埼玉栄,3,https://koshien89.com/blog-entry-3486.html,,data/03_kanto_tokyo/saitama_2025.csv
2025,spring,kanto_tokyo,埼玉,春季埼玉大会 2025 日程・結果,1R,2025-04-25,伊奈学園,8,蕨,5,https://koshien89.com/blog-entry-3486.html,,data/03_kanto_tokyo/saitama_2025.csv
2025,spring,kanto_tokyo,埼玉,春季埼玉大会 2025 日程・結果,1R,2025-04-25,昌平,0,本庄第一,6,https://koshien89.com/blog-entry-3486.html,,data/03_kanto_tokyo/saitama_2025.csv
2025,spring,kanto_tokyo,埼玉,春季埼玉大会 2025 日程・結果,1R,2025-04-25,武南,6,草加,5,https://koshien89.com/blog-entry-3486.html,,data/03_kanto_tokyo/saitama_2025.csv
2025,spring,kanto_tokyo,埼玉,春季埼玉大会 2025 日程・結果,1R,2025-04-25,草加西,0,叡明,8,https://koshien89.com/blog-entry-3486.html,7innings,data/03_kanto_tokyo/saitama_2025.csv
2025,spring,kanto_tokyo,埼玉,春季埼玉大会 2025 日程・結果,1R,2025-04-25,上尾,5,武蔵越生,1,https://koshien89.com/blog-entry-3486.html,,data/03_kanto_tokyo/saitama_2025.csv
2025,spring,kanto_tokyo,埼玉,春季埼玉大会 2025 日程・結果,1R,2025-04-25,大宮南,1,川口,0,https://koshien89.com/blog-entry-3486.html,,data/03_kanto_tokyo/saitama_2025.csv
2025,spring,kanto_tokyo,埼玉,春季埼玉大会 2025 日程・結果,1R,2025-04-25,久喜北陽,7,熊谷商業,5,https://koshien89.com/blog-entry-3486.html,,data/03_kanto_tokyo/saitama_2025.csv
2025,spring,kanto_tokyo,埼玉,春季埼玉大会 2025 日程・結果,1R,2025-04-24,埼玉平成,8,星野,1,https://koshien89.com/blog-entry-3486.html,7innings,data/03_kanto_tokyo/saitama_2025.csv
2025,spring,kanto_tokyo,埼玉,春季埼玉大会 2025 日程・結果,1R,2025-04-24,越ヶ谷,1,富士見,8,https://koshien89.com/blog-entry-3486.html,7innings,data/03_kanto_tokyo/saitama_2025.csv
2025,spring,kanto_tokyo,埼玉,春季埼玉大会 2025 日程・結果,1R,2025-04-24,大宮東,1,川越,3,https://koshien89.com/blog-entry-3486.html,,data/03_kanto_tokyo/saitama_2025.csv
2025,spring,kanto_tokyo,埼玉,春季埼玉大会 2025 日程・結果,1R,2025-04-24,細田学園,0,早大本庄,4,https://koshien89.com/blog-entry-3486.html,,data/03_kanto_tokyo/saitama_2025.csv
2025,spring,kanto_tokyo,埼玉,春季埼玉大会 2025 日程・結果,1R,2025-04-24,立教新座,1,松山,6,https://koshien89.com/blog-entry-3486.html,,data/03_kanto_tokyo/saitama_2025.csv
2025,spring,kanto_tokyo,埼玉,春季埼玉大会 2025 日程・結果,1R,2025-04-24,川越東,8,ふじみ野,1,https://koshien89.com/blog-entry-3486.html,7innings,data/03_kanto_tokyo/saitama_2025.csv
2025,spring,kanto_tokyo,埼玉,春季埼玉大会 2025 日程・結果,1R,2025-04-24,本庄東,5,市立浦和,7,https://koshien89.com/blog-entry-3486.html,10innings,data/03_kanto_tokyo/saitama_2025.csv
2025,spring,kanto_tokyo,埼玉,春季埼玉大会 2025 日程・結果,1R,2025-04-24,正智深谷,9,越谷南,4,https://koshien89.com/blog-entry-3486.html,,data/03_kanto_tokyo/saitama_2025.csv
2025,spring,kanto_tokyo,栃木,春季栃木大会 2025 日程・結果,F,2025-05-04,佐野日大,10,作新学院,9,https://koshien89.com/blog-entry-3450.html,,data/03_kanto_tokyo/tochigi_2025.csv
2025,spring,kanto_tokyo,栃木,春季栃木大会 2025 日程・結果,SF,2025-05-03,佐野日大,7,文星芸大附,0,https://koshien89.com/blog-entry-3450.html,7innings,data/03_kanto_tokyo/tochigi_2025.csv
2025,spring,kanto_tokyo,栃木,春季栃木大会 2025 日程・結果,SF,2025-05-03,作新学院,7,宇都宮工,0,https://koshien89.com/blog-entry-3450.html,7innings,data/03_kanto_tokyo/tochigi_2025.csv
2025,spring,kanto_tokyo,栃木,春季栃木大会 2025 日程・結果,QF,2025-04-29,國學院栃木,1,文星芸大附,6,https://koshien89.com/blog-entry-3450.html,,data/03_kanto_tokyo/tochigi_2025.csv
2025,spring,kanto_tokyo,栃木,春季栃木大会 2025 日程・結果,QF,2025-04-29,幸福学園,4,佐野日大,17,https://koshien89.com/blog-entry-3450.html,6innings,data/03_kanto_tokyo/tochigi_2025.csv
2025,spring,kanto_tokyo,栃木,春季栃木大会 2025 日程・結果,QF,2025-04-29,矢板中央,1,作新学院,9,https://koshien89.com/blog-entry-3450.html,7innings,data/03_kanto_tokyo/tochigi_2025.csv
2025,spring,kanto_tokyo,栃木,春季栃木大会 2025 日程・結果,QF,2025-04-29,宇都宮工,2,青藍泰斗,1,https://koshien89.com/blog-entry-3450.html,,data/03_kanto_tokyo/tochigi_2025.csv
2025,spring,kanto_tokyo,栃木,春季栃木大会 2025 日程・結果,3R,2025-04-26,國學院栃木,5,真岡,2,https://koshien89.com/blog-entry-3450.html,,data/03_kanto_tokyo/tochigi_2025.csv
2025,spring,kanto_tokyo,栃木,春季栃木大会 2025 日程・結果,3R,2025-04-26,宇都宮南,0,幸福学園,3,https://koshien89.com/blog-entry-3450.html,,data/03_kanto_tokyo/tochigi_2025.csv
2025,spring,kanto_tokyo,栃木,春季栃木大会 2025 日程・結果,3R,2025-04-26,栃木工,6,文星芸大附,9,https://koshien89.com/blog-entry-3450.html,,data/03_kanto_tokyo/tochigi_2025.csv
2025,spring,kanto_tokyo,栃木,春季栃木大会 2025 日程・結果,3R,2025-04-26,烏山,1,佐野日大,11,https://koshien89.com/blog-entry-3450.html,5innings,data/03_kanto_tokyo/tochigi_2025.csv
2025,spring,kanto_tokyo,栃木,春季栃木大会 2025 日程・結果,3R,2025-04-26,宇都宮白楊,1,作新学院,10,https://koshien89.com/blog-entry-3450.html,7innings,data/03_kanto_tokyo/tochigi_2025.csv
2025,spring,kanto_tokyo,栃木,春季栃木大会 2025 日程・結果,3R,2025-04-26,矢板中央,5,茂木,0,https://koshien89.com/blog-entry-3450.html,,data/03_kanto_tokyo/tochigi_2025.csv
2025,spring,kanto_tokyo,栃木,春季栃木大会 2025 日程・結果,3R,2025-04-26,宇都宮工,6,栃木,2,https://koshien89.com/blog-entry-3450.html,,data/03_kanto_tokyo/tochigi_2025.csv
2025,spring,kanto_tokyo,栃木,春季栃木大会 2025 日程・結果,3R,2025-04-26,足利工,2,青藍泰斗,12,https://koshien89.com/blog-entry-3450.html,6innings,data/03_kanto_tokyo/tochigi_2025.csv
2025,spring,kanto_tokyo,栃木,春季栃木大会 2025 日程・結果,2R,2025-04-20,矢板中央,12,栃木商,2,https://koshien89.com/blog-entry-3450.html,7innings,data/03_kanto_tokyo/tochigi_2025.csv
2025,spring,kanto_tokyo,栃木,春季栃木大会 2025 日程・結果,2R,2025-04-20,茂木,8,鹿沼商工,1,https://koshien89.com/blog-entry-3450.html,7innings,data/03_kanto_tokyo/tochigi_2025.csv
2025,spring,kanto_tokyo,栃木,春季栃木大会 2025 日程・結果,2R,2025-04-20,宇都宮白楊,7,宇都宮,6,https://koshien89.com/blog-entry-3450.html,,data/03_kanto_tokyo/tochigi_2025.csv
2025,spring,kanto_tokyo,栃木,春季栃木大会 2025 日程・結果,2R,2025-04-20,那須清峰,0,栃木,7,https://koshien89.com/blog-entry-3450.html,7innings,data/03_kanto_tokyo/tochigi_2025.csv
2025,spring,kanto_tokyo,栃木,春季栃木大会 2025 日程・結果,2R,2025-04-20,宇都宮工,5,足利,1,https://koshien89.com/blog-entry-3450.html,,data/03_kanto_tokyo/tochigi_2025.csv
2025,spring,kanto_tokyo,栃木,春季栃木大会 2025 日程・結果,2R,2025-04-20,足利工,8,真岡工,7,https://koshien89.com/blog-entry-3450.html,,data/03_kanto_tokyo/tochigi_2025.csv
2025,spring,kanto_tokyo,栃木,春季栃木大会 2025 日程・結果,2R,2025-04-20,黒磯,0,作新学院,10,https://koshien89.com/blog-entry-3450.html,6innings,data/03_kanto_tokyo/tochigi_2025.csv
2025,spring,kanto_tokyo,栃木,春季栃木大会 2025 日程・結果,2R,2025-04-20,大田原,0,青藍泰斗,5,https://koshien89.com/blog-entry-3450.html,,data/03_kanto_tokyo/tochigi_2025.csv
2025,spring,kanto_tokyo,栃木,春季栃木大会 2025 日程・結果,2R,2025-04-19,幸福学園,9,小山西,1,https://koshien89.com/blog-entry-3450.html,7innings,data/03_kanto_tokyo/tochigi_2025.csv
2025,spring,kanto_tokyo,栃木,春季栃木大会 2025 日程・結果,2R,2025-04-19,宇都宮商,0,佐野日大,7,https://koshien89.com/blog-entry-3450.html,7innings,data/03_kanto_tokyo/tochigi_2025.csv
2025,spring,kanto_tokyo,栃木,春季栃木大会 2025 日程・結果,2R,2025-04-19,宇都宮清陵・さくら清修,3,真岡,7,https://koshien89.com/blog-entry-3450.html,,data/03_kanto_tokyo/tochigi_2025.csv
2025,spring,kanto_tokyo,栃木,春季栃木大会 2025 日程・結果,2R,2025-04-19,宇都宮中央,0,栃木工,10,https://koshien89.com/blog-entry-3450.html,6innings,data/03_kanto_tokyo/tochigi_2025.csv
2025,spring,kanto_tokyo,栃木,春季栃木大会 2025 日程・結果,2R,2025-04-19,宇都宮南,11,那須拓陽,3,https://koshien89.com/blog-entry-3450.html,,data/03_kanto_tokyo/tochigi_2025.csv
2025,spring,kanto_tokyo,栃木,春季栃木大会 2025 日程・結果,2R,2025-04-19,鹿沼,1,烏山,7,https://koshien89.com/blog-entry-3450.html,,data/03_kanto_tokyo/tochigi_2025.csv
2025,spring,kanto_tokyo,栃木,春季栃木大会 2025 日程・結果,2R,2025-04-19,國學院栃木,10,宇短大附,3,https://koshien89.com/blog-entry-3450.html,8innings,data/03_kanto_tokyo/tochigi_2025.csv
2025,spring,kanto_tokyo,栃木,春季栃木大会 2025 日程・結果,2R,2025-04-19,石橋,3,文星芸大附,5,https://koshien89.com/blog-entry-3450.html,,data/03_kanto_tokyo/tochigi_2025.csv
2025,spring,kanto_tokyo,栃木,春季栃木大会 2025 日程・結果,1R,2025-04-14,足利,12,小山南,5,https://koshien89.com/blog-entry-3450.html,7innings,data/03_kanto_tokyo/tochigi_2025.csv
2025,spring,kanto_tokyo,栃木,春季栃木大会 2025 日程・結果,1R,2025-04-14,足利大附,10,那須清峰,11,https://koshien89.com/blog-entry-3450.html,,data/03_kanto_tokyo/tochigi_2025.csv
2025,spring,kanto_tokyo,栃木,春季栃木大会 2025 日程・結果,1R,2025-04-14,宇都宮北,3,真岡工,11,https://koshien89.com/blog-entry-3450.html,8innings,data/03_kanto_tokyo/tochigi_2025.csv
2025,spring,kanto_tokyo,栃木,春季栃木大会 2025 日程・結果,1R,2025-04-13,鹿沼商工,5,鹿沼東,2,https://koshien89.com/blog-entry-3450.html,,data/03_kanto_tokyo/tochigi_2025.csv
2025,spring,kanto_tokyo,栃木,春季栃木大会 2025 日程・結果,1R,2025-04-13,今市,5,宇都宮,7,https://koshien89.com/blog-entry-3450.html,,data/03_kanto_tokyo/tochigi_2025.csv
2025,spring,kanto_tokyo,栃木,春季栃木大会 2025 日程・結果,1R,2025-04-13,茂木,17,矢板・矢板東・黒磯南・黒羽,1,https://koshien89.com/blog-entry-3450.html,5innings,data/03_kanto_tokyo/tochigi_2025.csv
2025,spring,kanto_tokyo,栃木,春季栃木大会 2025 日程・結果,1R,2025-04-13,鹿沼南,2,黒磯,14,https://koshien89.com/blog-entry-3450.html,6innings,data/03_kanto_tokyo/tochigi_2025.csv
2025,spring,kanto_tokyo,栃木,春季栃木大会 2025 日程・結果,1R,2025-04-13,小山,4,大田原,5,https://koshien89.com/blog-entry-3450.html,,data/03_kanto_tokyo/tochigi_2025.csv
2025,spring,kanto_tokyo,栃木,春季栃木大会 2025 日程・結果,1R,2025-04-12,宇都宮商,12,佐野,1,https://koshien89.com/blog-entry-3450.html,5innings,data/03_kanto_tokyo/tochigi_2025.csv
2025,spring,kanto_tokyo,栃木,春季栃木大会 2025 日程・結果,1R,2025-04-12,白鷗大足利,3,烏山,4,https://koshien89.com/blog-entry-3450.html,,data/03_kanto_tokyo/tochigi_2025.csv
2025,spring,kanto_tokyo,栃木,春季栃木大会 2025 日程・結果,1R,2025-04-12,栃木商,7,上三川,2,https://koshien89.com/blog-entry-3450.html,,data/03_kanto_tokyo/tochigi_2025.csv
2025,spring,kanto_tokyo,栃木,春季栃木大会 2025 日程・結果,1R,2025-04-12,石橋,23,壬生・小山高専・栃木農・足利南,2,https://koshien89.com/blog-entry-3450.html,5innings,data/03_kanto_tokyo/tochigi_2025.csv
2025,spring,kanto_tokyo,栃木,春季栃木大会 2025 日程・結果,1R,2025-04-12,高根沢,1,宇短大附,8,https://koshien89.com/blog-entry-3450.html,7innings,data/03_kanto_tokyo/tochigi_2025.csv
2025,spring,kanto_tokyo,栃木,春季栃木大会 2025 日程・結果,1R,2025-04-12,宇都宮清陵・さくら清修,5,今市工・真岡北陵,0,https://koshien89.com/blog-entry-3450.html,,data/03_kanto_tokyo/tochigi_2025.csv
2025,spring,kanto_tokyo,栃木,春季栃木大会 2025 日程・結果,1R,2025-04-12,小山西,14,足利清風・佐野東・栃木翔南,1,https://koshien89.com/blog-entry-3450.html,5innings,data/03_kanto_tokyo/tochigi_2025.csv
2025,spring,kanto_tokyo,栃木,春季栃木大会 2025 日程・結果,1R,2025-04-12,栃木工,13,佐野松桜,3,https://koshien89.com/blog-entry-3450.html,6innings,data/03_kanto_tokyo/tochigi_2025.csv
2025,spring,kanto_tokyo,栃木,春季栃木大会 2025 日程・結果,1R,2025-04-12,那須拓陽,6,小山北桜,2,https://koshien89.com/blog-entry-3450.html,,data/03_kanto_tokyo/tochigi_2025.csv
2025,spring,kanto_tokyo,栃木,春季栃木大会 2025 日程・結果,1R,2025-04-12,宇都宮東,3,幸福学園,19,https://koshien89.com/blog-entry-3450.html,5innings,data/03_kanto_tokyo/tochigi_2025.csv
2025,spring,kanto_tokyo,東京,春季東京大会 2025 日程・結果,F,2025-05-04,東亜学園,7,東海大菅生,1,https://koshien89.com/blog-entry-3426.html,,data/03_kanto_tokyo/tokyo_2025.csv
2025,spring,kanto_tokyo,東京,春季東京大会 2025 日程・結果,SF,2025-05-03,八王子,3,東亜学園,4,https://koshien89.com/blog-entry-3426.html,team2_sayonara;10innings,data/03_kanto_tokyo/tokyo_2025.csv
2025,spring,kanto_tokyo,東京,春季東京大会 2025 日程・結果,SF,2025-05-03,東海大菅生,4,日大三,3,https://koshien89.com/blog-entry-3426.html,,data/03_kanto_tokyo/tokyo_2025.csv
2025,spring,kanto_tokyo,東京,春季東京大会 2025 日程・結果,QF,2025-04-27,帝京,5,東海大菅生,7,https://koshien89.com/blog-entry-3426.html,,data/03_kanto_tokyo/tokyo_2025.csv
2025,spring,kanto_tokyo,東京,春季東京大会 2025 日程・結果,QF,2025-04-27,東亜学園,5,国学院久我山,3,https://koshien89.com/blog-entry-3426.html,,data/03_kanto_tokyo/tokyo_2025.csv
2025,spring,kanto_tokyo,東京,春季東京大会 2025 日程・結果,QF,2025-04-26,八王子,5,小山台,0,https://koshien89.com/blog-entry-3426.html,,data/03_kanto_tokyo/tokyo_2025.csv
2025,spring,kanto_tokyo,東京,春季東京大会 2025 日程・結果,QF,2025-04-26,日大三,6,早稲田実,1,https://koshien89.com/blog-entry-3426.html,,data/03_kanto_tokyo/tokyo_2025.csv
2025,spring,kanto_tokyo,東京,春季東京大会 2025 日程・結果,4R,2025-04-20,八王子,10,駿台学園,0,https://koshien89.com/blog-entry-3426.html,6innings,data/03_kanto_tokyo/tokyo_2025.csv
2025,spring,kanto_tokyo,東京,春季東京大会 2025 日程・結果,4R,2025-04-20,大東大第一,0,早稲田実,12,https://koshien89.com/blog-entry-3426.html,7innings,data/03_kanto_tokyo/tokyo_2025.csv
2025,spring,kanto_tokyo,東京,春季東京大会 2025 日程・結果,4R,2025-04-20,帝京,11,日大鶴ヶ丘,7,https://koshien89.com/blog-entry-3426.html,,data/03_kanto_tokyo/tokyo_2025.csv
2025,spring,kanto_tokyo,東京,春季東京大会 2025 日程・結果,4R,2025-04-19,国学院久我山,14,法政,2,https://koshien89.com/blog-entry-3426.html,7innings,data/03_kanto_tokyo/tokyo_2025.csv
2025,spring,kanto_tokyo,東京,春季東京大会 2025 日程・結果,4R,2025-04-19,江戸川,3,小山台,7,https://koshien89.com/blog-entry-3426.html,10innings,data/03_kanto_tokyo/tokyo_2025.csv
2025,spring,kanto_tokyo,東京,春季東京大会 2025 日程・結果,4R,2025-04-19,日大三,8,府中東,0,https://koshien89.com/blog-entry-3426.html,7innings,data/03_kanto_tokyo/tokyo_2025.csv
2025,spring,kanto_tokyo,東京,春季東京大会 2025 日程・結果,4R,2025-04-19,東海大菅生,5,共栄学園,4,https://koshien89.com/blog-entry-3426.html,,data/03_kanto_tokyo/tokyo_2025.csv
2025,spring,kanto_tokyo,東京,春季東京大会 2025 日程・結果,4R,2025-04-19,明大八王子,1,東亜学園,6,https://koshien89.com/blog-entry-3426.html,,data/03_kanto_tokyo/tokyo_2025.csv
2025,spring,kanto_tokyo,東京,春季東京大会 2025 日程・結果,3R,2025-04-15,東京成徳大高,2,共栄学園,8,https://koshien89.com/blog-entry-3426.html,,data/03_kanto_tokyo/tokyo_2025.csv
2025,spring,kanto_tokyo,東京,春季東京大会 2025 日程・結果,3R,2025-04-15,帝京,13,成立学園,1,https://koshien89.com/blog-entry-3426.html,5innings,data/03_kanto_tokyo/tokyo_2025.csv
2025,spring,kanto_tokyo,東京,春季東京大会 2025 日程・結果,3R,2025-04-15,国士舘,1,法政,2,https://koshien89.com/blog-entry-3426.html,,data/03_kanto_tokyo/tokyo_2025.csv
2025,spring,kanto_tokyo,東京,春季東京大会 2025 日程・結果,3R,2025-04-15,明大八王子,12,拓大第一,4,https://koshien89.com/blog-entry-3426.html,,data/03_kanto_tokyo/tokyo_2025.csv
2025,spring,kanto_tokyo,東京,春季東京大会 2025 日程・結果,3R,2025-04-15,東海大菅生,10,桜美林,0,https://koshien89.com/blog-entry-3426.html,7innings,data/03_kanto_tokyo/tokyo_2025.csv
2025,spring,kanto_tokyo,東京,春季東京大会 2025 日程・結果,3R,2025-04-14,郁文館,1,駿台学園,4,https://koshien89.com/blog-entry-3426.html,,data/03_kanto_tokyo/tokyo_2025.csv
2025,spring,kanto_tokyo,東京,春季東京大会 2025 日程・結果,3R,2025-04-14,大東大第一,2,岩倉,1,https://koshien89.com/blog-entry-3426.html,,data/03_kanto_tokyo/tokyo_2025.csv
2025,spring,kanto_tokyo,東京,春季東京大会 2025 日程・結果,3R,2025-04-14,日大鶴ヶ丘,8,工学院大付,0,https://koshien89.com/blog-entry-3426.html,7innings,data/03_kanto_tokyo/tokyo_2025.csv
2025,spring,kanto_tokyo,東京,春季東京大会 2025 日程・結果,3R,2025-04-12,八王子,14,実践学園,2,https://koshien89.com/blog-entry-3426.html,7innings,data/03_kanto_tokyo/tokyo_2025.csv
2025,spring,kanto_tokyo,東京,春季東京大会 2025 日程・結果,3R,2025-04-12,立教池袋,1,早稲田実,11,https://koshien89.com/blog-entry-3426.html,6innings,data/03_kanto_tokyo/tokyo_2025.csv
2025,spring,kanto_tokyo,東京,春季東京大会 2025 日程・結果,3R,2025-04-12,文京,4,小山台,5,https://koshien89.com/blog-entry-3426.html,,data/03_kanto_tokyo/tokyo_2025.csv
2025,spring,kanto_tokyo,東京,春季東京大会 2025 日程・結果,3R,2025-04-12,日大三,10,八王子実践,1,https://koshien89.com/blog-entry-3426.html,7innings,data/03_kanto_tokyo/tokyo_2025.csv
2025,spring,kanto_tokyo,東京,春季東京大会 2025 日程・結果,3R,2025-04-12,日体大荏原,2,江戸川,7,https://koshien89.com/blog-entry-3426.html,,data/03_kanto_tokyo/tokyo_2025.csv
2025,spring,kanto_tokyo,東京,春季東京大会 2025 日程・結果,3R,2025-04-12,創価,4,東亜学園,7,https://koshien89.com/blog-entry-3426.html,,data/03_kanto_tokyo/tokyo_2025.csv
2025,spring,kanto_tokyo,東京,春季東京大会 2025 日程・結果,2R,2025-04-08,早稲田実,10,順天,0,https://koshien89.com/blog-entry-3426.html,5innings,data/03_kanto_tokyo/tokyo_2025.csv
2025,spring,kanto_tokyo,東京,春季東京大会 2025 日程・結果,2R,2025-04-08,国学院久我山,9,明大中野,2,https://koshien89.com/blog-entry-3426.html,8innings,data/03_kanto_tokyo/tokyo_2025.csv
2025,spring,kanto_tokyo,東京,春季東京大会 2025 日程・結果,2R,2025-04-08,淑徳,7,法政,8,https://koshien89.com/blog-entry-3426.html,,data/03_kanto_tokyo/tokyo_2025.csv
2025,spring,kanto_tokyo,東京,春季東京大会 2025 日程・結果,2R,2025-04-08,府中東,3,早大学院,2,https://koshien89.com/blog-entry-3426.html,,data/03_kanto_tokyo/tokyo_2025.csv
2025,spring,kanto_tokyo,東京,春季東京大会 2025 日程・結果,2R,2025-04-08,大森学園,1,創価,14,https://koshien89.com/blog-entry-3426.html,5innings,data/03_kanto_tokyo/tokyo_2025.csv
2025,spring,kanto_tokyo,東京,春季東京大会 2025 日程・結果,2R,2025-04-07,昭和,0,日体大荏原,7,https://koshien89.com/blog-entry-3426.html,7innings,data/03_kanto_tokyo/tokyo_2025.csv
2025,spring,kanto_tokyo,東京,春季東京大会 2025 日程・結果,2R,2025-04-07,錦城,0,桜美林,7,https://koshien89.com/blog-entry-3426.html,8innings,data/03_kanto_tokyo/tokyo_2025.csv
2025,spring,kanto_tokyo,東京,春季東京大会 2025 日程・結果,2R,2025-04-07,関東第一,4,東亜学園,5,https://koshien89.com/blog-entry-3426.html,,data/03_kanto_tokyo/tokyo_2025.csv
2025,spring,kanto_tokyo,東京,春季東京大会 2025 日程・結果,2R,2025-04-07,大東大第一,8,新宿,0,https://koshien89.com/blog-entry-3426.html,7innings,data/03_kanto_tokyo/tokyo_2025.csv
2025,spring,kanto_tokyo,東京,春季東京大会 2025 日程・結果,2R,2025-04-07,岩倉,2,城西大城西,1,https://koshien89.com/blog-entry-3426.html,,data/03_kanto_tokyo/tokyo_2025.csv
2025,spring,kanto_tokyo,東京,春季東京大会 2025 日程・結果,2R,2025-04-07,国士舘,6,杉並,0,https://koshien89.com/blog-entry-3426.html,,data/03_kanto_tokyo/tokyo_2025.csv
2025,spring,kanto_tokyo,東京,春季東京大会 2025 日程・結果,2R,2025-04-07,駿台学園,4,小岩,2,https://koshien89.com/blog-entry-3426.html,,data/03_kanto_tokyo/tokyo_2025.csv
2025,spring,kanto_tokyo,東京,春季東京大会 2025 日程・結果,2R,2025-04-07,日大二,0,拓大第一,4,https://koshien89.com/blog-entry-3426.html,,data/03_kanto_tokyo/tokyo_2025.csv
2025,spring,kanto_tokyo,東京,春季東京大会 2025 日程・結果,2R,2025-04-07,安田学園,3,文京,6,https://koshien89.com/blog-entry-3426.html,,data/03_kanto_tokyo/tokyo_2025.csv
2025,spring,kanto_tokyo,東京,春季東京大会 2025 日程・結果,2R,2025-04-07,堀越,0,工学院大付,7,https://koshien89.com/blog-entry-3426.html,8innings,data/03_kanto_tokyo/tokyo_2025.csv
2025,spring,kanto_tokyo,東京,春季東京大会 2025 日程・結果,2R,2025-04-07,東京成徳大高,10,聖パウロ学園,3,https://koshien89.com/blog-entry-3426.html,7innings,data/03_kanto_tokyo/tokyo_2025.csv
2025,spring,kanto_tokyo,東京,春季東京大会 2025 日程・結果,2R,2025-04-07,佼成学園,0,成立学園,1,https://koshien89.com/blog-entry-3426.html,,data/03_kanto_tokyo/tokyo_2025.csv
2025,spring,kanto_tokyo,東京,春季東京大会 2025 日程・結果,2R,2025-04-07,八王子実践,9,東京都市大付,4,https://koshien89.com/blog-entry-3426.html,,data/03_kanto_tokyo/tokyo_2025.csv
2025,spring,kanto_tokyo,東京,春季東京大会 2025 日程・結果,2R,2025-04-07,大成,3,立教池袋,5,https://koshien89.com/blog-entry-3426.html,,data/03_kanto_tokyo/tokyo_2025.csv
2025,spring,kanto_tokyo,東京,春季東京大会 2025 日程・結果,2R,2025-04-07,日大鶴ヶ丘,5,足立西,1,https://koshien89.com/blog-entry-3426.html,,data/03_kanto_tokyo/tokyo_2025.csv
2025,spring,kanto_tokyo,東京,春季東京大会 2025 日程・結果,2R,2025-04-06,実践学園,7,府中工,4,https://koshien89.com/blog-entry-3426.html,,data/03_kanto_tokyo/tokyo_2025.csv
2025,spring,kanto_tokyo,東京,春季東京大会 2025 日程・結果,2R,2025-04-06,日大三,13,正則,0,https://koshien89.com/blog-entry-3426.html,5innings,data/03_kanto_tokyo/tokyo_2025.csv
2025,spring,kanto_tokyo,東京,春季東京大会 2025 日程・結果,2R,2025-04-06,小山台,10,成瀬,3,https://koshien89.com/blog-entry-3426.html,8innings,data/03_kanto_tokyo/tokyo_2025.csv
2025,spring,kanto_tokyo,東京,春季東京大会 2025 日程・結果,2R,2025-04-06,明大中野,10,片倉,0,https://koshien89.com/blog-entry-3426.html,8innings,data/03_kanto_tokyo/tokyo_2025.csv
2025,spring,kanto_tokyo,東京,春季東京大会 2025 日程・結果,2R,2025-04-06,府中東,8,立正大立正,3,https://koshien89.com/blog-entry-3426.html,,data/03_kanto_tokyo/tokyo_2025.csv
2025,spring,kanto_tokyo,東京,春季東京大会 2025 日程・結果,2R,2025-04-06,明大八王子,6,東大和,3,https://koshien89.com/blog-entry-3426.html,,data/03_kanto_tokyo/tokyo_2025.csv
2025,spring,kanto_tokyo,東京,春季東京大会 2025 日程・結果,2R,2025-04-06,二松学舎大付,0,八王子,4,https://koshien89.com/blog-entry-3426.html,,data/03_kanto_tokyo/tokyo_2025.csv
2025,spring,kanto_tokyo,東京,春季東京大会 2025 日程・結果,2R,2025-04-06,狛江,6,江戸川,8,https://koshien89.com/blog-entry-3426.html,,data/03_kanto_tokyo/tokyo_2025.csv
2025,spring,kanto_tokyo,東京,春季東京大会 2025 日程・結果,2R,2025-04-06,国学院久我山,15,明星,1,https://koshien89.com/blog-entry-3426.html,5innings,data/03_kanto_tokyo/tokyo_2025.csv
2025,spring,kanto_tokyo,東京,春季東京大会 2025 日程・結果,2R,2025-04-06,共栄学園,6,日大豊山,4,https://koshien89.com/blog-entry-3426.html,,data/03_kanto_tokyo/tokyo_2025.csv
2025,spring,kanto_tokyo,東京,春季東京大会 2025 日程・結果,2R,2025-04-06,帝京,5,修徳,1,https://koshien89.com/blog-entry-3426.html,,data/03_kanto_tokyo/tokyo_2025.csv
2025,spring,kanto_tokyo,東京,春季東京大会 2025 日程・結果,2R,2025-04-06,世田谷学園,0,東海大菅生,5,https://koshien89.com/blog-entry-3426.html,,data/03_kanto_tokyo/tokyo_2025.csv
2025,spring,kanto_tokyo,東京,春季東京大会 2025 日程・結果,2R,2025-04-06,早大学院,5,駒大,1,https://koshien89.com/blog-entry-3426.html,,data/03_kanto_tokyo/tokyo_2025.csv
2025,spring,kanto_tokyo,東京,春季東京大会 2025 日程・結果,2R,2025-04-06,広尾,4,郁文館,8,https://koshien89.com/blog-entry-3426.html,,data/03_kanto_tokyo/tokyo_2025.csv
2025,spring,kanto_tokyo,東京,春季東京大会 2025 日程・結果,1R,2025-04-06,大森学園,6,富士森,1,https://koshien89.com/blog-entry-3426.html,,data/03_kanto_tokyo/tokyo_2025.csv
2025,spring,kanto_tokyo,東京,春季東京大会 2025 日程・結果,1R,2025-04-06,朋優学院,3,順天,4,https://koshien89.com/blog-entry-3426.html,10innings,data/03_kanto_tokyo/tokyo_2025.csv
2025,spring,kanto_tokyo,東京,春季東京大会 2025 日程・結果,1R,2025-04-06,法政,4,目黒日大,3,https://koshien89.com/blog-entry-3426.html,,data/03_kanto_tokyo/tokyo_2025.csv
2025,spring,kanto_tokyo,東京,春季東京大会 2025 日程・結果,1R,2025-04-06,日大桜丘,2,城西大城西,3,https://koshien89.com/blog-entry-3426.html,,data/03_kanto_tokyo/tokyo_2025.csv
2025,spring,kanto_tokyo,東京,春季東京大会 2025 日程・結果,1R,2025-04-05,学芸大附,0,八王子,11,https://koshien89.com/blog-entry-3426.html,5innings,data/03_kanto_tokyo/tokyo_2025.csv
2025,spring,kanto_tokyo,東京,春季東京大会 2025 日程・結果,1R,2025-04-05,郁文館,11,府中西,1,https://koshien89.com/blog-entry-3426.html,7innings,data/03_kanto_tokyo/tokyo_2025.csv
2025,spring,kanto_tokyo,東京,春季東京大会 2025 日程・結果,1R,2025-04-05,片倉,2,成城,1,https://koshien89.com/blog-entry-3426.html,,data/03_kanto_tokyo/tokyo_2025.csv
2025,spring,kanto_tokyo,東京,春季東京大会 2025 日程・結果,1R,2025-04-05,錦城,3,専大附,1,https://koshien89.com/blog-entry-3426.html,,data/03_kanto_tokyo/tokyo_2025.csv
2025,spring,kanto_tokyo,東京,春季東京大会 2025 日程・結果,1R,2025-04-05,九段中等,1,正則,7,https://koshien89.com/blog-entry-3426.html,,data/03_kanto_tokyo/tokyo_2025.csv
2025,spring,kanto_tokyo,東京,春季東京大会 2025 日程・結果,1R,2025-04-05,国立,4,日大豊山,5,https://koshien89.com/blog-entry-3426.html,,data/03_kanto_tokyo/tokyo_2025.csv
2025,spring,kanto_tokyo,東京,春季東京大会 2025 日程・結果,1R,2025-04-05,東京実,3,広尾,4,https://koshien89.com/blog-entry-3426.html,10innings,data/03_kanto_tokyo/tokyo_2025.csv
2025,spring,kanto_tokyo,東京,春季東京大会 2025 日程・結果,1R,2025-04-05,日本学園,5,桜美林,6,https://koshien89.com/blog-entry-3426.html,,data/03_kanto_tokyo/tokyo_2025.csv
2025,spring,kanto_tokyo,東京,春季東京大会 2025 日程・結果,1R,2025-04-05,明法,0,創価,6,https://koshien89.com/blog-entry-3426.html,,data/03_kanto_tokyo/tokyo_2025.csv
2025,spring,kanto_tokyo,東京,春季東京大会 2025 日程・結果,1R,2025-04-05,高島,4,成立学園,6,https://koshien89.com/blog-entry-3426.html,,data/03_kanto_tokyo/tokyo_2025.csv
2025,spring,kanto_tokyo,東京,春季東京大会 2025 日程・結果,1R,2025-04-05,東京成徳大高,9,攻玉社,0,https://koshien89.com/blog-entry-3426.html,8innings,data/03_kanto_tokyo/tokyo_2025.csv
2025,spring,kanto_tokyo,東京,春季東京大会 2025 日程・結果,1R,2025-04-05,佼成学園,19,保谷,0,https://koshien89.com/blog-entry-3426.html,5innings,data/03_kanto_tokyo/tokyo_2025.csv
2025,spring,kanto_tokyo,東京,春季東京大会 2025 日程・結果,1R,2025-04-05,日大二,13,国分寺,4,https://koshien89.com/blog-entry-3426.html,,data/03_kanto_tokyo/tokyo_2025.csv
2025,spring,kanto_tokyo,東京,春季東京大会 2025 日程・結果,1R,2025-04-05,岩倉,11,正則学園,0,https://koshien89.com/blog-entry-3426.html,6innings,data/03_kanto_tokyo/tokyo_2025.csv
2025,spring,kanto_tokyo,東京,春季東京大会 2025 日程・結果,1R,2025-04-05,目白研心,0,聖パウロ学園,7,https://koshien89.com/blog-entry-3426.html,8innings,data/03_kanto_tokyo/tokyo_2025.csv
2025,spring,kanto_tokyo,東京,春季東京大会 2025 日程・結果,1R,2025-04-05,大森,0,拓大一,10,https://koshien89.com/blog-entry-3426.html,6innings,data/03_kanto_tokyo/tokyo_2025.csv
2025,spring,kanto_tokyo,東京,春季東京大会 2025 日程・結果,1R,2025-04-05,高輪,0,修徳,9,https://koshien89.com/blog-entry-3426.html,7innings,data/03_kanto_tokyo/tokyo_2025.csv
2025,spring,kanto_tokyo,東京,春季東京大会 2025 日程・結果,1R,2025-04-05,立志舎,2,府中工科,7,https://koshien89.com/blog-entry-3426.html,,data/03_kanto_tokyo/tokyo_2025.csv
2025,spring,kanto_tokyo,東京,春季東京大会 2025 日程・結果,1R,2025-04-05,江戸川,5,小平南,0,https://koshien89.com/blog-entry-3426.html,,data/03_kanto_tokyo/tokyo_2025.csv
2025,spring,kanto_tokyo,東京,春季東京大会 2025 日程・結果,1R,2025-04-05,成蹊,14,都市大高,15,https://koshien89.com/blog-entry-3426.html,,data/03_kanto_tokyo/tokyo_2025.csv
2025,spring,kanto_tokyo,東京,春季東京大会 2025 日程・結果,1R,2025-04-05,文京,6,東海大高輪台,5,https://koshien89.com/blog-entry-3426.html,10innings,data/03_kanto_tokyo/tokyo_2025.csv
2025,spring,kanto_tokyo,東京,春季東京大会 2025 日程・結果,1R,2025-04-04,実践学園,8,開成,1,https://koshien89.com/blog-entry-3426.html,7innings,data/03_kanto_tokyo/tokyo_2025.csv
2025,spring,kanto_tokyo,東京,春季東京大会 2025 日程・結果,1R,2025-04-04,駒大高,12,四商,0,https://koshien89.com/blog-entry-3426.html,5innings,data/03_kanto_tokyo/tokyo_2025.csv
2025,spring,kanto_tokyo,東京,春季東京大会 2025 日程・結果,1R,2025-04-04,日大一,1,東海大菅生,9,https://koshien89.com/blog-entry-3426.html,7innings,data/03_kanto_tokyo/tokyo_2025.csv
2025,spring,kanto_tokyo,東京,春季東京大会 2025 日程・結果,1R,2025-04-04,安田学園,5,城北,1,https://koshien89.com/blog-entry-3426.html,,data/03_kanto_tokyo/tokyo_2025.csv
2025,spring,kanto_tokyo,東京,春季東京大会 2025 日程・結果,1R,2025-04-04,狛江,7,足立学園,6,https://koshien89.com/blog-entry-3426.html,,data/03_kanto_tokyo/tokyo_2025.csv
2025,spring,kanto_tokyo,東京,春季東京大会 2025 日程・結果,1R,2025-04-04,府中東,5,総合工科,2,https://koshien89.com/blog-entry-3426.html,,data/03_kanto_tokyo/tokyo_2025.csv
2025,spring,kanto_tokyo,東京,春季東京大会 2025 日程・結果,1R,2025-04-04,足立西,8,桐朋,7,https://koshien89.com/blog-entry-3426.html,,data/03_kanto_tokyo/tokyo_2025.csv
2025,spring,kanto_tokyo,東京,春季東京大会 2025 日程・結果,1R,2025-04-04,東亜学園,16,東洋,1,https://koshien89.com/blog-entry-3426.html,5innings,data/03_kanto_tokyo/tokyo_2025.csv
2025,spring,kanto_tokyo,東京,春季東京大会 2025 日程・結果,1R,2025-04-04,成城学園,0,大成,10,https://koshien89.com/blog-entry-3426.html,6innings,data/03_kanto_tokyo/tokyo_2025.csv
2025,spring,kanto_tokyo,東京,春季東京大会 2025 日程・結果,1R,2025-04-04,板橋,8,東大和,12,https://koshien89.com/blog-entry-3426.html,,data/03_kanto_tokyo/tokyo_2025.csv
2025,spring,kanto_tokyo,東京,春季東京大会 2025 日程・結果,1R,2025-04-04,東京,2,工学院大附,9,https://koshien89.com/blog-entry-3426.html,7innings,data/03_kanto_tokyo/tokyo_2025.csv
2025,spring,kanto_tokyo,東京,春季東京大会 2025 日程・結果,1R,2025-04-04,日野台,7,八王子実践,9,https://koshien89.com/blog-entry-3426.html,,data/03_kanto_tokyo/tokyo_2025.csv
2025,spring,kanto_tokyo,東京,春季東京大会 2025 日程・結果,1R,2025-04-04,玉川学園,0,立正大立正,2,https://koshien89.com/blog-entry-3426.html,,data/03_kanto_tokyo/tokyo_2025.csv
2025,spring,kanto_tokyo,東京,春季東京大会 2025 日程・結果,1R,2025-04-04,國學院,2,小岩,12,https://koshien89.com/blog-entry-3426.html,6innings,data/03_kanto_tokyo/tokyo_2025.csv
2025,spring,kanto_tokyo,東京,春季東京大会 2025 日程・結果,1R,2025-04-04,学習院,7,明星,8,https://koshien89.com/blog-entry-3426.html,,data/03_kanto_tokyo/tokyo_2025.csv
2025,spring,kanto_tokyo,東京,春季東京大会 2025 日程・結果,1R,2025-04-04,錦城学園,0,立教池袋,11,https://koshien89.com/blog-entry-3426.html,5innings,data/03_kanto_tokyo/tokyo_2025.csv
2025,spring,kanto_tokyo,東京,春季東京大会 2025 日程・結果,1R,2025-04-04,練馬,4,成瀬,7,https://koshien89.com/blog-entry-3426.html,,data/03_kanto_tokyo/tokyo_2025.csv
2025,spring,kanto_tokyo,東京,春季東京大会 2025 日程・結果,1R,2025-04-04,多摩大目黒,5,新宿,10,https://koshien89.com/blog-entry-3426.html,,data/03_kanto_tokyo/tokyo_2025.csv
2025,spring,kanto_tokyo,東京,春季東京大会 2025 日程・結果,1R,2025-04-04,日本ウェルネス,4,日体大荏原,5,https://koshien89.com/blog-entry-3426.html,,data/03_kanto_tokyo/tokyo_2025.csv
2025,spring,kanto_tokyo,東京,春季東京大会 2025 日程・結果,1R,2025-04-04,雪谷,2,明大中野,10,https://koshien89.com/blog-entry-3426.html,7innings,data/03_kanto_tokyo/tokyo_2025.csv
2025,spring,kanto_tokyo,東京,春季東京大会 2025 日程・結果,1R,2025-04-04,国士舘,12,大山,2,https://koshien89.com/blog-entry-3426.html,7innings,data/03_kanto_tokyo/tokyo_2025.csv
2025,spring,kanto_tokyo,東京,春季東京大会 2025 日程・結果,1R,2025-04-04,杉並,6,昭和一学園,4,https://koshien89.com/blog-entry-3426.html,,data/03_kanto_tokyo/tokyo_2025.csv
2025,spring,kanto_tokyo,東京,春季東京大会 2025 日程・結果,1R,2025-04-04,日大鶴ヶ丘,10,豊多摩,2,https://koshien89.com/blog-entry-3426.html,7innings,data/03_kanto_tokyo/tokyo_2025.csv
2025,spring,kanto_tokyo,山梨,春季山梨大会 2025 日程・結果,F,2025-05-07,山梨学院,11,帝京三,2,https://koshien89.com/blog-entry-3483.html,,data/03_kanto_tokyo/yamanashi_2025.csv
2025,spring,kanto_tokyo,山梨,春季山梨大会 2025 日程・結果,SF,2025-05-05,山梨学院,9,駿台甲府,0,https://koshien89.com/blog-entry-3483.html,7innings,data/03_kanto_tokyo/yamanashi_2025.csv
2025,spring,kanto_tokyo,山梨,春季山梨大会 2025 日程・結果,SF,2025-05-05,帝京三,10,甲府西,6,https://koshien89.com/blog-entry-3483.html,,data/03_kanto_tokyo/yamanashi_2025.csv
2025,spring,kanto_tokyo,山梨,春季山梨大会 2025 日程・結果,QF,2025-05-03,山梨学院,7,富士学苑,0,https://koshien89.com/blog-entry-3483.html,8innings,data/03_kanto_tokyo/yamanashi_2025.csv
2025,spring,kanto_tokyo,山梨,春季山梨大会 2025 日程・結果,QF,2025-05-03,駿台甲府,5,東海大甲府,2,https://koshien89.com/blog-entry-3483.html,,data/03_kanto_tokyo/yamanashi_2025.csv
2025,spring,kanto_tokyo,山梨,春季山梨大会 2025 日程・結果,QF,2025-05-03,帝京三,12,甲府工,8,https://koshien89.com/blog-entry-3483.html,,data/03_kanto_tokyo/yamanashi_2025.csv
2025,spring,kanto_tokyo,山梨,春季山梨大会 2025 日程・結果,QF,2025-05-03,身延,2,甲府西,6,https://koshien89.com/blog-entry-3483.html,,data/03_kanto_tokyo/yamanashi_2025.csv
2025,spring,kanto_tokyo,山梨,春季山梨大会 2025 日程・結果,2R,2025-04-29,甲府城西,0,身延,7,https://koshien89.com/blog-entry-3483.html,8innings,data/03_kanto_tokyo/yamanashi_2025.csv
2025,spring,kanto_tokyo,山梨,春季山梨大会 2025 日程・結果,2R,2025-04-29,甲府西,11,都留,1,https://koshien89.com/blog-entry-3483.html,5innings,data/03_kanto_tokyo/yamanashi_2025.csv
2025,spring,kanto_tokyo,山梨,春季山梨大会 2025 日程・結果,2R,2025-04-27,帝京第三,5,日大明誠,2,https://koshien89.com/blog-entry-3483.html,,data/03_kanto_tokyo/yamanashi_2025.csv
2025,spring,kanto_tokyo,山梨,春季山梨大会 2025 日程・結果,2R,2025-04-27,青洲,4,東海大甲府,10,https://koshien89.com/blog-entry-3483.html,,data/03_kanto_tokyo/yamanashi_2025.csv
2025,spring,kanto_tokyo,山梨,春季山梨大会 2025 日程・結果,2R,2025-04-27,甲府工業,12,山梨,3,https://koshien89.com/blog-entry-3483.html,7innings,data/03_kanto_tokyo/yamanashi_2025.csv
2025,spring,kanto_tokyo,山梨,春季山梨大会 2025 日程・結果,2R,2025-04-26,山梨学院,2,日本航空,0,https://koshien89.com/blog-entry-3483.html,,data/03_kanto_tokyo/yamanashi_2025.csv
2025,spring,kanto_tokyo,山梨,春季山梨大会 2025 日程・結果,2R,2025-04-26,駿台甲府,3,甲府東,1,https://koshien89.com/blog-entry-3483.html,,data/03_kanto_tokyo/yamanashi_2025.csv
2025,spring,kanto_tokyo,山梨,春季山梨大会 2025 日程・結果,2R,2025-04-26,富士学苑,12,都留興譲館,2,https://koshien89.com/blog-entry-3483.html,5innings,data/03_kanto_tokyo/yamanashi_2025.csv
2025,spring,kanto_tokyo,山梨,春季山梨大会 2025 日程・結果,1R,2025-04-20,甲府西,26,農林・塩山,3,https://koshien89.com/blog-entry-3483.html,5innings,data/03_kanto_tokyo/yamanashi_2025.csv
2025,spring,kanto_tokyo,山梨,春季山梨大会 2025 日程・結果,1R,2025-04-20,白根,2,都留,9,https://koshien89.com/blog-entry-3483.html,7innings,data/03_kanto_tokyo/yamanashi_2025.csv
2025,spring,kanto_tokyo,山梨,春季山梨大会 2025 日程・結果,1R,2025-04-19,甲府城西,5,韮崎工業,4,https://koshien89.com/blog-entry-3483.html,,data/03_kanto_tokyo/yamanashi_2025.csv
2025,spring,kanto_tokyo,山梨,春季山梨大会 2025 日程・結果,1R,2025-04-19,吉田,4,山梨,7,https://koshien89.com/blog-entry-3483.html,,data/03_kanto_tokyo/yamanashi_2025.csv
2025,spring,kanto_tokyo,山梨,春季山梨大会 2025 日程・結果,1R,2025-04-19,甲府工業,19,富士北稜,0,https://koshien89.com/blog-entry-3483.html,5innings,data/03_kanto_tokyo/yamanashi_2025.csv
2025,spring,kanto_tokyo,山梨,春季山梨大会 2025 日程・結果,1R,2025-04-19,富士河口湖,1,身延,8,https://koshien89.com/blog-entry-3483.html,7innings,data/03_kanto_tokyo/yamanashi_2025.csv
2025,spring,kanto_tokyo,山梨,春季山梨大会 2025 日程・結果,1R,2025-04-19,日大明誠,9,甲府商業,6,https://koshien89.com/blog-entry-3483.html,,data/03_kanto_tokyo/yamanashi_2025.csv
2025,spring,kanto_tokyo,山梨,春季山梨大会 2025 日程・結果,1R,2025-04-15,青洲,11,甲府昭和,6,https://koshien89.com/blog-entry-3483.html,,data/03_kanto_tokyo/yamanashi_2025.csv
2025,spring,kanto_tokyo,山梨,春季山梨大会 2025 日程・結果,1R,2025-04-15,甲府東,10,北杜,4,https://koshien89.com/blog-entry-3483.html,,data/03_kanto_tokyo/yamanashi_2025.csv
2025,spring,kanto_tokyo,山梨,春季山梨大会 2025 日程・結果,1R,2025-04-15,東海大甲府,10,笛吹,3,https://koshien89.com/blog-entry-3483.html,7innings,data/03_kanto_tokyo/yamanashi_2025.csv
2025,spring,kanto_tokyo,山梨,春季山梨大会 2025 日程・結果,1R,2025-04-13,帝京第三,30,韮崎・上野原,1,https://koshien89.com/blog-entry-3483.html,5innings,data/03_kanto_tokyo/yamanashi_2025.csv
2025,spring,kanto_tokyo,山梨,春季山梨大会 2025 日程・結果,1R,2025-04-13,駿台甲府,13,巨摩,3,https://koshien89.com/blog-entry-3483.html,6innings,data/03_kanto_tokyo/yamanashi_2025.csv
2025,spring,kanto_tokyo,山梨,春季山梨大会 2025 日程・結果,1R,2025-04-12,富士学苑,2,日川,0,https://koshien89.com/blog-entry-3483.html,,data/03_kanto_tokyo/yamanashi_2025.csv
2025,spring,kanto_tokyo,山梨,春季山梨大会 2025 日程・結果,1R,2025-04-12,甲府南,0,日本航空,10,https://koshien89.com/blog-entry-3483.html,5innings,data/03_kanto_tokyo/yamanashi_2025.csv
2025,spring,kanto_tokyo,山梨,春季山梨大会 2025 日程・結果,1R,2025-04-12,都留興譲館,10,甲府第一,3,https://koshien89.com/blog-entry-3483.html,8innings,data/03_kanto_tokyo/yamanashi_2025.csv
2025,spring,tokai,愛知,春季愛知大会 2025 日程・結果,F,2025-05-04,豊川,4,東邦,1,https://koshien89.com/blog-entry-3428.html,,data/04_tokai/aichi_2025.csv
2025,spring,tokai,愛知,春季愛知大会 2025 日程・結果,SF,2025-05-03,豊川,3,至学館,2,https://koshien89.com/blog-entry-3428.html,,data/04_tokai/aichi_2025.csv
2025,spring,tokai,愛知,春季愛知大会 2025 日程・結果,SF,2025-05-03,中京大中京,2,東邦,5,https://koshien89.com/blog-entry-3428.html,10innings,data/04_tokai/aichi_2025.csv
2025,spring,tokai,愛知,春季愛知大会 2025 日程・結果,QF,2025-04-29,杜若,2,中京大中京,3,https://koshien89.com/blog-entry-3428.html,,data/04_tokai/aichi_2025.csv
2025,spring,tokai,愛知,春季愛知大会 2025 日程・結果,QF,2025-04-29,東邦,2,西尾東,0,https://koshien89.com/blog-entry-3428.html,,data/04_tokai/aichi_2025.csv
2025,spring,tokai,愛知,春季愛知大会 2025 日程・結果,QF,2025-04-27,三好,0,豊川,7,https://koshien89.com/blog-entry-3428.html,7innings,data/04_tokai/aichi_2025.csv
2025,spring,tokai,愛知,春季愛知大会 2025 日程・結果,QF,2025-04-27,誠信,0,至学館,15,https://koshien89.com/blog-entry-3428.html,7innings,data/04_tokai/aichi_2025.csv
2025,spring,tokai,愛知,春季愛知大会 2025 日程・結果,3R,2025-04-27,大府,1,杜若,8,https://koshien89.com/blog-entry-3428.html,7innings,data/04_tokai/aichi_2025.csv
2025,spring,tokai,愛知,春季愛知大会 2025 日程・結果,3R,2025-04-27,西尾,1,中京大中京,6,https://koshien89.com/blog-entry-3428.html,,data/04_tokai/aichi_2025.csv
2025,spring,tokai,愛知,春季愛知大会 2025 日程・結果,3R,2025-04-27,東邦,10,愛知啓成,0,https://koshien89.com/blog-entry-3428.html,5innings,data/04_tokai/aichi_2025.csv
2025,spring,tokai,愛知,春季愛知大会 2025 日程・結果,3R,2025-04-27,西尾東,2,誉,1,https://koshien89.com/blog-entry-3428.html,,data/04_tokai/aichi_2025.csv
2025,spring,tokai,愛知,春季愛知大会 2025 日程・結果,3R,2025-04-26,日本福祉大付,2,至学館,12,https://koshien89.com/blog-entry-3428.html,6innings,data/04_tokai/aichi_2025.csv
2025,spring,tokai,愛知,春季愛知大会 2025 日程・結果,3R,2025-04-26,東海南,5,誠信,8,https://koshien89.com/blog-entry-3428.html,,data/04_tokai/aichi_2025.csv
2025,spring,tokai,愛知,春季愛知大会 2025 日程・結果,3R,2025-04-26,三好,3,名古屋たちばな,2,https://koshien89.com/blog-entry-3428.html,,data/04_tokai/aichi_2025.csv
2025,spring,tokai,愛知,春季愛知大会 2025 日程・結果,3R,2025-04-26,豊川,3,愛工大名電,1,https://koshien89.com/blog-entry-3428.html,,data/04_tokai/aichi_2025.csv
2025,spring,tokai,愛知,春季愛知大会 2025 日程・結果,2R,2025-04-20,東海南,4,栄徳,2,https://koshien89.com/blog-entry-3428.html,,data/04_tokai/aichi_2025.csv
2025,spring,tokai,愛知,春季愛知大会 2025 日程・結果,2R,2025-04-20,西尾,2,中部大春日丘,0,https://koshien89.com/blog-entry-3428.html,,data/04_tokai/aichi_2025.csv
2025,spring,tokai,愛知,春季愛知大会 2025 日程・結果,2R,2025-04-20,誠信,3,小牧南,0,https://koshien89.com/blog-entry-3428.html,,data/04_tokai/aichi_2025.csv
2025,spring,tokai,愛知,春季愛知大会 2025 日程・結果,2R,2025-04-20,中京大中京,8,愛産大三河,3,https://koshien89.com/blog-entry-3428.html,,data/04_tokai/aichi_2025.csv
2025,spring,tokai,愛知,春季愛知大会 2025 日程・結果,2R,2025-04-20,向陽,0,名古屋たちばな,9,https://koshien89.com/blog-entry-3428.html,7innings,data/04_tokai/aichi_2025.csv
2025,spring,tokai,愛知,春季愛知大会 2025 日程・結果,2R,2025-04-20,高蔵寺,0,日本福祉大付,1,https://koshien89.com/blog-entry-3428.html,,data/04_tokai/aichi_2025.csv
2025,spring,tokai,愛知,春季愛知大会 2025 日程・結果,2R,2025-04-20,西尾東,8,時習館,1,https://koshien89.com/blog-entry-3428.html,8innings,data/04_tokai/aichi_2025.csv
2025,spring,tokai,愛知,春季愛知大会 2025 日程・結果,2R,2025-04-20,知多翔洋,1,杜若,2,https://koshien89.com/blog-entry-3428.html,,data/04_tokai/aichi_2025.csv
2025,spring,tokai,愛知,春季愛知大会 2025 日程・結果,2R,2025-04-19,三好,5,刈谷,3,https://koshien89.com/blog-entry-3428.html,,data/04_tokai/aichi_2025.csv
2025,spring,tokai,愛知,春季愛知大会 2025 日程・結果,2R,2025-04-19,名経大高蔵,3,至学館,13,https://koshien89.com/blog-entry-3428.html,6innings,data/04_tokai/aichi_2025.csv
2025,spring,tokai,愛知,春季愛知大会 2025 日程・結果,2R,2025-04-19,名経大市邨,0,愛工大名電,9,https://koshien89.com/blog-entry-3428.html,7innings,data/04_tokai/aichi_2025.csv
2025,spring,tokai,愛知,春季愛知大会 2025 日程・結果,2R,2025-04-19,大府,6,星城,4,https://koshien89.com/blog-entry-3428.html,,data/04_tokai/aichi_2025.csv
2025,spring,tokai,愛知,春季愛知大会 2025 日程・結果,2R,2025-04-19,愛知啓成,3,享栄,1,https://koshien89.com/blog-entry-3428.html,,data/04_tokai/aichi_2025.csv
2025,spring,tokai,愛知,春季愛知大会 2025 日程・結果,2R,2025-04-19,豊橋中央,0,東邦,1,https://koshien89.com/blog-entry-3428.html,,data/04_tokai/aichi_2025.csv
2025,spring,tokai,愛知,春季愛知大会 2025 日程・結果,2R,2025-04-19,豊川,7,一宮西,0,https://koshien89.com/blog-entry-3428.html,7innings,data/04_tokai/aichi_2025.csv
2025,spring,tokai,愛知,春季愛知大会 2025 日程・結果,2R,2025-04-19,渥美農業,1,誉,2,https://koshien89.com/blog-entry-3428.html,,data/04_tokai/aichi_2025.csv
2025,spring,tokai,愛知,春季愛知大会 2025 日程・結果,1R,2025-04-19,日本福祉大付,11,新川,0,https://koshien89.com/blog-entry-3428.html,5innings,data/04_tokai/aichi_2025.csv
2025,spring,tokai,愛知,春季愛知大会 2025 日程・結果,1R,2025-04-19,高蔵寺,7,安城,3,https://koshien89.com/blog-entry-3428.html,,data/04_tokai/aichi_2025.csv
2025,spring,tokai,愛知,春季愛知大会 2025 日程・結果,1R,2025-04-19,中部大春日丘,3,大成,2,https://koshien89.com/blog-entry-3428.html,,data/04_tokai/aichi_2025.csv
2025,spring,tokai,愛知,春季愛知大会 2025 日程・結果,1R,2025-04-19,愛産大三河,3,菊里,1,https://koshien89.com/blog-entry-3428.html,,data/04_tokai/aichi_2025.csv
2025,spring,tokai,愛知,春季愛知大会 2025 日程・結果,1R,2025-04-12,西春,2,時習館,11,https://koshien89.com/blog-entry-3428.html,7innings,data/04_tokai/aichi_2025.csv
2025,spring,tokai,愛知,春季愛知大会 2025 日程・結果,1R,2025-04-12,桜丘,0,名古屋たちばな,3,https://koshien89.com/blog-entry-3428.html,,data/04_tokai/aichi_2025.csv
2025,spring,tokai,愛知,春季愛知大会 2025 日程・結果,1R,2025-04-12,小牧工科,6,一宮西,7,https://koshien89.com/blog-entry-3428.html,,data/04_tokai/aichi_2025.csv
2025,spring,tokai,愛知,春季愛知大会 2025 日程・結果,1R,2025-04-12,名経大市邨,5,名古屋工業,4,https://koshien89.com/blog-entry-3428.html,,data/04_tokai/aichi_2025.csv
2025,spring,tokai,愛知,春季愛知大会 2025 日程・結果,1R,2025-04-12,小牧南,4,豊田北,1,https://koshien89.com/blog-entry-3428.html,,data/04_tokai/aichi_2025.csv
2025,spring,tokai,愛知,春季愛知大会 2025 日程・結果,1R,2025-04-12,刈谷工科,0,星城,3,https://koshien89.com/blog-entry-3428.html,,data/04_tokai/aichi_2025.csv
2025,spring,tokai,愛知,春季愛知大会 2025 日程・結果,1R,2025-04-12,修文学院,1,愛知啓成,4,https://koshien89.com/blog-entry-3428.html,,data/04_tokai/aichi_2025.csv
2025,spring,tokai,愛知,春季愛知大会 2025 日程・結果,1R,2025-04-12,栄徳,5,岡崎工科,4,https://koshien89.com/blog-entry-3428.html,,data/04_tokai/aichi_2025.csv
2025,spring,tokai,愛知,春季愛知大会 2025 日程・結果,1R,2025-04-12,刈谷北,4,名経大高蔵,6,https://koshien89.com/blog-entry-3428.html,,data/04_tokai/aichi_2025.csv
2025,spring,tokai,愛知,春季愛知大会 2025 日程・結果,1R,2025-04-12,杜若,10,東浦,0,https://koshien89.com/blog-entry-3428.html,,data/04_tokai/aichi_2025.csv
2025,spring,tokai,愛知,春季愛知大会 2025 日程・結果,1R,2025-04-12,渥美農業,5,愛知,4,https://koshien89.com/blog-entry-3428.html,,data/04_tokai/aichi_2025.csv
2025,spring,tokai,愛知,春季愛知大会 2025 日程・結果,1R,2025-04-12,名古屋,4,刈谷,11,https://koshien89.com/blog-entry-3428.html,8innings,data/04_tokai/aichi_2025.csv
2025,spring,tokai,愛知,春季愛知大会 2025 日程・結果,1R,2025-04-12,豊丘,7,東邦,8,https://koshien89.com/blog-entry-3428.html,,data/04_tokai/aichi_2025.csv
2025,spring,tokai,岐阜,春季岐阜大会 2025 日程・結果,F,2025-04-29,中京,2,岐阜城北,3,https://koshien89.com/blog-entry-3447.html,,data/04_tokai/gifu_2025.csv
2025,spring,tokai,岐阜,春季岐阜大会 2025 日程・結果,3P,2025-04-29,岐阜第一,11,大垣商,1,https://koshien89.com/blog-entry-3447.html,5innings,data/04_tokai/gifu_2025.csv
2025,spring,tokai,岐阜,春季岐阜大会 2025 日程・結果,SF,2025-04-26,中京,2,岐阜第一,1,https://koshien89.com/blog-entry-3447.html,team1_sayonara,data/04_tokai/gifu_2025.csv
2025,spring,tokai,岐阜,春季岐阜大会 2025 日程・結果,SF,2025-04-26,大垣商,1,岐阜城北,5,https://koshien89.com/blog-entry-3447.html,,data/04_tokai/gifu_2025.csv
2025,spring,tokai,岐阜,春季岐阜大会 2025 日程・結果,QF,2025-04-20,美濃加茂,1,岐阜第一,8,https://koshien89.com/blog-entry-3447.html,7innings,data/04_tokai/gifu_2025.csv
2025,spring,tokai,岐阜,春季岐阜大会 2025 日程・結果,QF,2025-04-20,県岐阜商,3,中京,4,https://koshien89.com/blog-entry-3447.html,,data/04_tokai/gifu_2025.csv
2025,spring,tokai,岐阜,春季岐阜大会 2025 日程・結果,QF,2025-04-20,岐阜総合学園,1,岐阜城北,2,https://koshien89.com/blog-entry-3447.html,,data/04_tokai/gifu_2025.csv
2025,spring,tokai,岐阜,春季岐阜大会 2025 日程・結果,QF,2025-04-20,大垣商,2,帝京大可児,1,https://koshien89.com/blog-entry-3447.html,,data/04_tokai/gifu_2025.csv
2025,spring,tokai,岐阜,春季岐阜大会 2025 日程・結果,2R,2025-04-19,高山西,1,岐阜第一,10,https://koshien89.com/blog-entry-3447.html,7innings,data/04_tokai/gifu_2025.csv
2025,spring,tokai,岐阜,春季岐阜大会 2025 日程・結果,2R,2025-04-19,岐阜工,0,中京,7,https://koshien89.com/blog-entry-3447.html,8innings,data/04_tokai/gifu_2025.csv
2025,spring,tokai,岐阜,春季岐阜大会 2025 日程・結果,2R,2025-04-19,県岐阜商,5,中津商,0,https://koshien89.com/blog-entry-3447.html,,data/04_tokai/gifu_2025.csv
2025,spring,tokai,岐阜,春季岐阜大会 2025 日程・結果,2R,2025-04-19,美濃加茂,5,岐阜,3,https://koshien89.com/blog-entry-3447.html,,data/04_tokai/gifu_2025.csv
2025,spring,tokai,岐阜,春季岐阜大会 2025 日程・結果,2R,2025-04-19,大垣商,7,各務原,2,https://koshien89.com/blog-entry-3447.html,,data/04_tokai/gifu_2025.csv
2025,spring,tokai,岐阜,春季岐阜大会 2025 日程・結果,2R,2025-04-19,帝京大可児,2,大垣日大,1,https://koshien89.com/blog-entry-3447.html,,data/04_tokai/gifu_2025.csv
2025,spring,tokai,岐阜,春季岐阜大会 2025 日程・結果,2R,2025-04-19,土岐商,1,岐阜総合,2,https://koshien89.com/blog-entry-3447.html,,data/04_tokai/gifu_2025.csv
2025,spring,tokai,岐阜,春季岐阜大会 2025 日程・結果,2R,2025-04-19,多治見工,1,岐阜城北,10,https://koshien89.com/blog-entry-3447.html,7innings,data/04_tokai/gifu_2025.csv
2025,spring,tokai,岐阜,春季岐阜大会 2025 日程・結果,1R,2025-04-12,関有知,1,岐阜,11,https://koshien89.com/blog-entry-3447.html,5innings,data/04_tokai/gifu_2025.csv
2025,spring,tokai,岐阜,春季岐阜大会 2025 日程・結果,1R,2025-04-12,関商工,3,岐阜工,5,https://koshien89.com/blog-entry-3447.html,,data/04_tokai/gifu_2025.csv
2025,spring,tokai,岐阜,春季岐阜大会 2025 日程・結果,1R,2025-04-12,高山西,6,大垣西,1,https://koshien89.com/blog-entry-3447.html,,data/04_tokai/gifu_2025.csv
2025,spring,tokai,岐阜,春季岐阜大会 2025 日程・結果,1R,2025-04-12,中津商,8,岐阜聖徳,7,https://koshien89.com/blog-entry-3447.html,10innings,data/04_tokai/gifu_2025.csv
2025,spring,tokai,岐阜,春季岐阜大会 2025 日程・結果,1R,2025-04-12,長良,0,帝京大可児,4,https://koshien89.com/blog-entry-3447.html,,data/04_tokai/gifu_2025.csv
2025,spring,tokai,岐阜,春季岐阜大会 2025 日程・結果,1R,2025-04-12,各務原,6,大垣南,1,https://koshien89.com/blog-entry-3447.html,,data/04_tokai/gifu_2025.csv
2025,spring,tokai,岐阜,春季岐阜大会 2025 日程・結果,1R,2025-04-12,岐阜総合,5,東濃実業,3,https://koshien89.com/blog-entry-3447.html,,data/04_tokai/gifu_2025.csv
2025,spring,tokai,岐阜,春季岐阜大会 2025 日程・結果,1R,2025-04-12,大垣北,2,多治見工,6,https://koshien89.com/blog-entry-3447.html,,data/04_tokai/gifu_2025.csv
2025,spring,tokai,三重,春季三重大会 2025 日程・結果,F,2025-05-07,三重,1,津田学園,5,https://koshien89.com/blog-entry-3442.html,,data/04_tokai/mie_2025.csv
2025,spring,tokai,三重,春季三重大会 2025 日程・結果,3P,2025-05-07,海星,6,菰野,3,https://koshien89.com/blog-entry-3442.html,,data/04_tokai/mie_2025.csv
2025,spring,tokai,三重,春季三重大会 2025 日程・結果,SF,2025-04-29,三重,11,海星,6,https://koshien89.com/blog-entry-3442.html,,data/04_tokai/mie_2025.csv
2025,spring,tokai,三重,春季三重大会 2025 日程・結果,SF,2025-04-29,津田学園,6,菰野,1,https://koshien89.com/blog-entry-3442.html,,data/04_tokai/mie_2025.csv
2025,spring,tokai,三重,春季三重大会 2025 日程・結果,QF,2025-04-27,三重,9,久居農林,3,https://koshien89.com/blog-entry-3442.html,,data/04_tokai/mie_2025.csv
2025,spring,tokai,三重,春季三重大会 2025 日程・結果,QF,2025-04-27,海星,3,松阪商,2,https://koshien89.com/blog-entry-3442.html,10innings,data/04_tokai/mie_2025.csv
2025,spring,tokai,三重,春季三重大会 2025 日程・結果,QF,2025-04-26,津商業,1,津田学園,6,https://koshien89.com/blog-entry-3442.html,,data/04_tokai/mie_2025.csv
2025,spring,tokai,三重,春季三重大会 2025 日程・結果,QF,2025-04-26,宇治山田商,3,菰野,11,https://koshien89.com/blog-entry-3442.html,7innings,data/04_tokai/mie_2025.csv
2025,spring,tokai,三重,春季三重大会 2025 日程・結果,2R,2025-04-20,三重,8,昴学園,0,https://koshien89.com/blog-entry-3442.html,7innings,data/04_tokai/mie_2025.csv
2025,spring,tokai,三重,春季三重大会 2025 日程・結果,2R,2025-04-20,津商,5,四日市,2,https://koshien89.com/blog-entry-3442.html,,data/04_tokai/mie_2025.csv
2025,spring,tokai,三重,春季三重大会 2025 日程・結果,2R,2025-04-20,宇治山田商,6,近大高専,2,https://koshien89.com/blog-entry-3442.html,,data/04_tokai/mie_2025.csv
2025,spring,tokai,三重,春季三重大会 2025 日程・結果,2R,2025-04-20,海星,5,津西,0,https://koshien89.com/blog-entry-3442.html,,data/04_tokai/mie_2025.csv
2025,spring,tokai,三重,春季三重大会 2025 日程・結果,2R,2025-04-20,久居農林,5,高田,4,https://koshien89.com/blog-entry-3442.html,,data/04_tokai/mie_2025.csv
2025,spring,tokai,三重,春季三重大会 2025 日程・結果,2R,2025-04-20,皇學館,3,津田学園,8,https://koshien89.com/blog-entry-3442.html,,data/04_tokai/mie_2025.csv
2025,spring,tokai,三重,春季三重大会 2025 日程・結果,2R,2025-04-20,菰野,8,久居,0,https://koshien89.com/blog-entry-3442.html,7innings,data/04_tokai/mie_2025.csv
2025,spring,tokai,三重,春季三重大会 2025 日程・結果,2R,2025-04-20,相可,1,松阪商,2,https://koshien89.com/blog-entry-3442.html,,data/04_tokai/mie_2025.csv
2025,spring,tokai,三重,春季三重大会 2025 日程・結果,1R,2025-04-19,伊賀白鳳,0,昴学園,9,https://koshien89.com/blog-entry-3442.html,7innings,data/04_tokai/mie_2025.csv
2025,spring,tokai,三重,春季三重大会 2025 日程・結果,1R,2025-04-19,四日市南,4,久居,6,https://koshien89.com/blog-entry-3442.html,,data/04_tokai/mie_2025.csv
2025,spring,tokai,三重,春季三重大会 2025 日程・結果,1R,2025-04-19,津西,7,四日市商,6,https://koshien89.com/blog-entry-3442.html,,data/04_tokai/mie_2025.csv
2025,spring,tokai,三重,春季三重大会 2025 日程・結果,1R,2025-04-19,四日市,7,松阪,4,https://koshien89.com/blog-entry-3442.html,,data/04_tokai/mie_2025.csv
2025,spring,tokai,三重,春季三重大会 2025 日程・結果,1R,2025-04-12,四日市工,1,皇學館,11,https://koshien89.com/blog-entry-3442.html,5innings,data/04_tokai/mie_2025.csv
2025,spring,tokai,三重,春季三重大会 2025 日程・結果,1R,2025-04-12,相可,3,津,1,https://koshien89.com/blog-entry-3442.html,,data/04_tokai/mie_2025.csv
2025,spring,tokai,三重,春季三重大会 2025 日程・結果,1R,2025-04-12,松阪商,5,鈴鹿,4,https://koshien89.com/blog-entry-3442.html,10innings,data/04_tokai/mie_2025.csv
2025,spring,tokai,三重,春季三重大会 2025 日程・結果,1R,2025-04-12,久居農林,2,津工,0,https://koshien89.com/blog-entry-3442.html,,data/04_tokai/mie_2025.csv
2025,spring,tokai,三重,春季三重大会 2025 日程・結果,1R,2025-04-12,津田学園,3,伊勢工,2,https://koshien89.com/blog-entry-3442.html,,data/04_tokai/mie_2025.csv
2025,spring,tokai,三重,春季三重大会 2025 日程・結果,1R,2025-04-12,いなべ総合,3,近大高専,6,https://koshien89.com/blog-entry-3442.html,,data/04_tokai/mie_2025.csv
2025,spring,tokai,静岡,春季静岡大会 2025 日程・結果,F,2025-05-05,桐陽,0,聖隷クリストファー,3,https://koshien89.com/blog-entry-3427.html,,data/04_tokai/shizuoka_2025.csv
2025,spring,tokai,静岡,春季静岡大会 2025 日程・結果,3P,2025-05-05,日大三島,3,磐田南,2,https://koshien89.com/blog-entry-3427.html,team1_sayonara,data/04_tokai/shizuoka_2025.csv
2025,spring,tokai,静岡,春季静岡大会 2025 日程・結果,SF,2025-05-03,桐陽,5,日大三島,2,https://koshien89.com/blog-entry-3427.html,,data/04_tokai/shizuoka_2025.csv
2025,spring,tokai,静岡,春季静岡大会 2025 日程・結果,SF,2025-05-03,磐田南,2,聖隷クリストファー,3,https://koshien89.com/blog-entry-3427.html,,data/04_tokai/shizuoka_2025.csv
2025,spring,tokai,静岡,春季静岡大会 2025 日程・結果,QF,2025-04-27,御殿場西,1,聖隷クリストファー,5,https://koshien89.com/blog-entry-3427.html,,data/04_tokai/shizuoka_2025.csv
2025,spring,tokai,静岡,春季静岡大会 2025 日程・結果,QF,2025-04-27,磐田南,5,浜松商,3,https://koshien89.com/blog-entry-3427.html,11innings,data/04_tokai/shizuoka_2025.csv
2025,spring,tokai,静岡,春季静岡大会 2025 日程・結果,QF,2025-04-27,桐陽,6,常葉大菊川,2,https://koshien89.com/blog-entry-3427.html,,data/04_tokai/shizuoka_2025.csv
2025,spring,tokai,静岡,春季静岡大会 2025 日程・結果,QF,2025-04-27,日大三島,4,静岡商,1,https://koshien89.com/blog-entry-3427.html,,data/04_tokai/shizuoka_2025.csv
2025,spring,tokai,静岡,春季静岡大会 2025 日程・結果,3R,2025-04-26,磐田南,7,富士,0,https://koshien89.com/blog-entry-3427.html,7innings,data/04_tokai/shizuoka_2025.csv
2025,spring,tokai,静岡,春季静岡大会 2025 日程・結果,3R,2025-04-26,桐陽,4,浜松湖北,1,https://koshien89.com/blog-entry-3427.html,,data/04_tokai/shizuoka_2025.csv
2025,spring,tokai,静岡,春季静岡大会 2025 日程・結果,3R,2025-04-26,浜松商,5,静岡,1,https://koshien89.com/blog-entry-3427.html,,data/04_tokai/shizuoka_2025.csv
2025,spring,tokai,静岡,春季静岡大会 2025 日程・結果,3R,2025-04-26,聖隷クリストファー,5,島田樟誠,0,https://koshien89.com/blog-entry-3427.html,,data/04_tokai/shizuoka_2025.csv
2025,spring,tokai,静岡,春季静岡大会 2025 日程・結果,3R,2025-04-26,御殿場西,5,浜名,3,https://koshien89.com/blog-entry-3427.html,,data/04_tokai/shizuoka_2025.csv
2025,spring,tokai,静岡,春季静岡大会 2025 日程・結果,3R,2025-04-26,常葉大菊川,5,東海大静岡翔洋,2,https://koshien89.com/blog-entry-3427.html,,data/04_tokai/shizuoka_2025.csv
2025,spring,tokai,静岡,春季静岡大会 2025 日程・結果,3R,2025-04-26,日大三島,5,掛川西,4,https://koshien89.com/blog-entry-3427.html,,data/04_tokai/shizuoka_2025.csv
2025,spring,tokai,静岡,春季静岡大会 2025 日程・結果,3R,2025-04-26,静岡商,4,加藤学園,3,https://koshien89.com/blog-entry-3427.html,,data/04_tokai/shizuoka_2025.csv
2025,spring,tokai,静岡,春季静岡大会 2025 日程・結果,2R,2025-04-20,富士市立,0,東海大静岡翔洋,3,https://koshien89.com/blog-entry-3427.html,,data/04_tokai/shizuoka_2025.csv
2025,spring,tokai,静岡,春季静岡大会 2025 日程・結果,2R,2025-04-20,桐陽,8,掛川東,0,https://koshien89.com/blog-entry-3427.html,7innings,data/04_tokai/shizuoka_2025.csv
2025,spring,tokai,静岡,春季静岡大会 2025 日程・結果,2R,2025-04-20,浜松城北工,0,静岡,5,https://koshien89.com/blog-entry-3427.html,,data/04_tokai/shizuoka_2025.csv
2025,spring,tokai,静岡,春季静岡大会 2025 日程・結果,2R,2025-04-20,加藤学園,3,浜松工,0,https://koshien89.com/blog-entry-3427.html,,data/04_tokai/shizuoka_2025.csv
2025,spring,tokai,静岡,春季静岡大会 2025 日程・結果,2R,2025-04-20,御殿場西,2,浜松日体,1,https://koshien89.com/blog-entry-3427.html,,data/04_tokai/shizuoka_2025.csv
2025,spring,tokai,静岡,春季静岡大会 2025 日程・結果,2R,2025-04-20,日大三島,7,静清,3,https://koshien89.com/blog-entry-3427.html,,data/04_tokai/shizuoka_2025.csv
2025,spring,tokai,静岡,春季静岡大会 2025 日程・結果,2R,2025-04-20,磐田南,7,静岡学園,0,https://koshien89.com/blog-entry-3427.html,,data/04_tokai/shizuoka_2025.csv
2025,spring,tokai,静岡,春季静岡大会 2025 日程・結果,2R,2025-04-20,袋井,1,島田樟誠,4,https://koshien89.com/blog-entry-3427.html,,data/04_tokai/shizuoka_2025.csv
2025,spring,tokai,静岡,春季静岡大会 2025 日程・結果,2R,2025-04-19,常葉大菊川,11,沼津商,1,https://koshien89.com/blog-entry-3427.html,6innings,data/04_tokai/shizuoka_2025.csv
2025,spring,tokai,静岡,春季静岡大会 2025 日程・結果,2R,2025-04-19,御殿場南,0,掛川西,2,https://koshien89.com/blog-entry-3427.html,,data/04_tokai/shizuoka_2025.csv
2025,spring,tokai,静岡,春季静岡大会 2025 日程・結果,2R,2025-04-19,浜松商,4,駿河総合,1,https://koshien89.com/blog-entry-3427.html,,data/04_tokai/shizuoka_2025.csv
2025,spring,tokai,静岡,春季静岡大会 2025 日程・結果,2R,2025-04-19,知徳,2,聖隷クリストファー,7,https://koshien89.com/blog-entry-3427.html,,data/04_tokai/shizuoka_2025.csv
2025,spring,tokai,静岡,春季静岡大会 2025 日程・結果,2R,2025-04-19,浜松湖北,8,藤枝東,2,https://koshien89.com/blog-entry-3427.html,,data/04_tokai/shizuoka_2025.csv
2025,spring,tokai,静岡,春季静岡大会 2025 日程・結果,2R,2025-04-19,静岡商,6,磐田西,3,https://koshien89.com/blog-entry-3427.html,,data/04_tokai/shizuoka_2025.csv
2025,spring,tokai,静岡,春季静岡大会 2025 日程・結果,2R,2025-04-19,浜松北,1,富士,8,https://koshien89.com/blog-entry-3427.html,8innings,data/04_tokai/shizuoka_2025.csv
2025,spring,tokai,静岡,春季静岡大会 2025 日程・結果,2R,2025-04-19,富士東,8,浜名,11,https://koshien89.com/blog-entry-3427.html,,data/04_tokai/shizuoka_2025.csv
2025,spring,tokai,静岡,春季静岡大会 2025 日程・結果,1R,2025-04-19,浜松南,0,静清,8,https://koshien89.com/blog-entry-3427.html,7innings,data/04_tokai/shizuoka_2025.csv
2025,spring,tokai,静岡,春季静岡大会 2025 日程・結果,1R,2025-04-19,清水東,0,浜松日体,1,https://koshien89.com/blog-entry-3427.html,,data/04_tokai/shizuoka_2025.csv
2025,spring,tokai,静岡,春季静岡大会 2025 日程・結果,1R,2025-04-19,掛川東,8,科学技術,1,https://koshien89.com/blog-entry-3427.html,7innings,data/04_tokai/shizuoka_2025.csv
2025,spring,tokai,静岡,春季静岡大会 2025 日程・結果,1R,2025-04-19,磐田東,2,富士市立,6,https://koshien89.com/blog-entry-3427.html,,data/04_tokai/shizuoka_2025.csv
2025,spring,tokai,静岡,春季静岡大会 2025 日程・結果,1R,2025-04-19,静岡学園,7,三島南,3,https://koshien89.com/blog-entry-3427.html,,data/04_tokai/shizuoka_2025.csv
2025,spring,tokai,静岡,春季静岡大会 2025 日程・結果,1R,2025-04-19,島田工,0,加藤学園,8,https://koshien89.com/blog-entry-3427.html,7innings,data/04_tokai/shizuoka_2025.csv
2025,spring,tokai,静岡,春季静岡大会 2025 日程・結果,1R,2025-04-19,誠恵,1,袋井,3,https://koshien89.com/blog-entry-3427.html,,data/04_tokai/shizuoka_2025.csv
2025,spring,tokai,静岡,春季静岡大会 2025 日程・結果,1R,2025-04-19,星陵,1,浜松城北工,2,https://koshien89.com/blog-entry-3427.html,10innings,data/04_tokai/shizuoka_2025.csv
2025,spring,hokushinetsu,福井,春季福井大会 2025 日程・結果,F,2025-05-05,敦賀気比,3,工大福井,2,https://koshien89.com/blog-entry-3494.html,,data/05_hokushinetsu/fukui_2025.csv
2025,spring,hokushinetsu,福井,春季福井大会 2025 日程・結果,SF,2025-05-03,敦賀気比,7,若狭,2,https://koshien89.com/blog-entry-3494.html,,data/05_hokushinetsu/fukui_2025.csv
2025,spring,hokushinetsu,福井,春季福井大会 2025 日程・結果,SF,2025-05-03,北陸,4,工大福井,15,https://koshien89.com/blog-entry-3494.html,8innings,data/05_hokushinetsu/fukui_2025.csv
2025,spring,hokushinetsu,福井,春季福井大会 2025 日程・結果,QF,2025-04-29,敦賀気比,8,福井商,3,https://koshien89.com/blog-entry-3494.html,,data/05_hokushinetsu/fukui_2025.csv
2025,spring,hokushinetsu,福井,春季福井大会 2025 日程・結果,QF,2025-04-29,若狭,13,坂井,12,https://koshien89.com/blog-entry-3494.html,,data/05_hokushinetsu/fukui_2025.csv
2025,spring,hokushinetsu,福井,春季福井大会 2025 日程・結果,QF,2025-04-29,三国,2,工大福井,7,https://koshien89.com/blog-entry-3494.html,,data/05_hokushinetsu/fukui_2025.csv
2025,spring,hokushinetsu,福井,春季福井大会 2025 日程・結果,QF,2025-04-29,大野,1,北陸,2,https://koshien89.com/blog-entry-3494.html,,data/05_hokushinetsu/fukui_2025.csv
2025,spring,hokushinetsu,福井,春季福井大会 2025 日程・結果,2R,2025-04-27,三国,4,敦賀工業,3,https://koshien89.com/blog-entry-3494.html,,data/05_hokushinetsu/fukui_2025.csv
2025,spring,hokushinetsu,福井,春季福井大会 2025 日程・結果,2R,2025-04-27,科学技術,3,北陸,6,https://koshien89.com/blog-entry-3494.html,,data/05_hokushinetsu/fukui_2025.csv
2025,spring,hokushinetsu,福井,春季福井大会 2025 日程・結果,2R,2025-04-27,藤島,4,福井商業,6,https://koshien89.com/blog-entry-3494.html,,data/05_hokushinetsu/fukui_2025.csv
2025,spring,hokushinetsu,福井,春季福井大会 2025 日程・結果,2R,2025-04-27,若狭,5,武生商工,3,https://koshien89.com/blog-entry-3494.html,,data/05_hokushinetsu/fukui_2025.csv
2025,spring,hokushinetsu,福井,春季福井大会 2025 日程・結果,2R,2025-04-26,敦賀気比,14,敦賀,0,https://koshien89.com/blog-entry-3494.html,5innings,data/05_hokushinetsu/fukui_2025.csv
2025,spring,hokushinetsu,福井,春季福井大会 2025 日程・結果,2R,2025-04-26,丹生,0,工大福井,7,https://koshien89.com/blog-entry-3494.html,7innings,data/05_hokushinetsu/fukui_2025.csv
2025,spring,hokushinetsu,福井,春季福井大会 2025 日程・結果,2R,2025-04-26,坂井,5,金津,1,https://koshien89.com/blog-entry-3494.html,,data/05_hokushinetsu/fukui_2025.csv
2025,spring,hokushinetsu,福井,春季福井大会 2025 日程・結果,2R,2025-04-26,大野,6,羽水,2,https://koshien89.com/blog-entry-3494.html,,data/05_hokushinetsu/fukui_2025.csv
2025,spring,hokushinetsu,福井,春季福井大会 2025 日程・結果,1R,2025-04-20,足羽,2,武生商工,9,https://koshien89.com/blog-entry-3494.html,8innings,data/05_hokushinetsu/fukui_2025.csv
2025,spring,hokushinetsu,福井,春季福井大会 2025 日程・結果,1R,2025-04-20,若狭,4,武生東,3,https://koshien89.com/blog-entry-3494.html,,data/05_hokushinetsu/fukui_2025.csv
2025,spring,hokushinetsu,福井,春季福井大会 2025 日程・結果,1R,2025-04-20,科学技術,14,福井高専,1,https://koshien89.com/blog-entry-3494.html,5innings,data/05_hokushinetsu/fukui_2025.csv
2025,spring,hokushinetsu,福井,春季福井大会 2025 日程・結果,1R,2025-04-20,北陸,7,美方,0,https://koshien89.com/blog-entry-3494.html,7innings,data/05_hokushinetsu/fukui_2025.csv
2025,spring,hokushinetsu,福井,春季福井大会 2025 日程・結果,1R,2025-04-20,丸岡,5,三国,16,https://koshien89.com/blog-entry-3494.html,5innings,data/05_hokushinetsu/fukui_2025.csv
2025,spring,hokushinetsu,福井,春季福井大会 2025 日程・結果,1R,2025-04-20,福井農林,4,敦賀工業,12,https://koshien89.com/blog-entry-3494.html,7innings,data/05_hokushinetsu/fukui_2025.csv
2025,spring,hokushinetsu,福井,春季福井大会 2025 日程・結果,1R,2025-04-19,鯖江,2,敦賀,10,https://koshien89.com/blog-entry-3494.html,7innings,data/05_hokushinetsu/fukui_2025.csv
2025,spring,hokushinetsu,福井,春季福井大会 2025 日程・結果,1R,2025-04-19,武生,0,丹生,7,https://koshien89.com/blog-entry-3494.html,7innings,data/05_hokushinetsu/fukui_2025.csv
2025,spring,hokushinetsu,福井,春季福井大会 2025 日程・結果,1R,2025-04-19,坂井,10,高志,1,https://koshien89.com/blog-entry-3494.html,,data/05_hokushinetsu/fukui_2025.csv
2025,spring,hokushinetsu,福井,春季福井大会 2025 日程・結果,1R,2025-04-19,羽水,5,奥越明成,2,https://koshien89.com/blog-entry-3494.html,,data/05_hokushinetsu/fukui_2025.csv
2025,spring,hokushinetsu,福井,春季福井大会 2025 日程・結果,1R,2025-04-19,啓新,1,福井商業,2,https://koshien89.com/blog-entry-3494.html,,data/05_hokushinetsu/fukui_2025.csv
2025,spring,hokushinetsu,福井,春季福井大会 2025 日程・結果,1R,2025-04-19,勝山,2,藤島,7,https://koshien89.com/blog-entry-3494.html,,data/05_hokushinetsu/fukui_2025.csv
2025,spring,hokushinetsu,石川,春季石川大会 2025 日程・結果,F,2025-05-06,金沢,1,小松工,7,https://koshien89.com/blog-entry-3493.html,,data/05_hokushinetsu/ishikawa_2025.csv
2025,spring,hokushinetsu,石川,春季石川大会 2025 日程・結果,SF,2025-05-05,金沢,6,小松大谷,0,https://koshien89.com/blog-entry-3493.html,,data/05_hokushinetsu/ishikawa_2025.csv
2025,spring,hokushinetsu,石川,春季石川大会 2025 日程・結果,SF,2025-05-05,星稜,3,小松工,4,https://koshien89.com/blog-entry-3493.html,,data/05_hokushinetsu/ishikawa_2025.csv
2025,spring,hokushinetsu,石川,春季石川大会 2025 日程・結果,QF,2025-05-03,金沢,2,金沢学院大附,0,https://koshien89.com/blog-entry-3493.html,,data/05_hokushinetsu/ishikawa_2025.csv
2025,spring,hokushinetsu,石川,春季石川大会 2025 日程・結果,QF,2025-05-03,羽咋工,1,小松工,2,https://koshien89.com/blog-entry-3493.html,team2_sayonara,data/05_hokushinetsu/ishikawa_2025.csv
2025,spring,hokushinetsu,石川,春季石川大会 2025 日程・結果,QF,2025-05-03,門前,1,小松大谷,5,https://koshien89.com/blog-entry-3493.html,,data/05_hokushinetsu/ishikawa_2025.csv
2025,spring,hokushinetsu,石川,春季石川大会 2025 日程・結果,QF,2025-05-03,日本航空石川,5,星稜,12,https://koshien89.com/blog-entry-3493.html,8innings,data/05_hokushinetsu/ishikawa_2025.csv
2025,spring,hokushinetsu,石川,春季石川大会 2025 日程・結果,3R,2025-04-30,羽咋工,7,金沢桜丘,0,https://koshien89.com/blog-entry-3493.html,8innings,data/05_hokushinetsu/ishikawa_2025.csv
2025,spring,hokushinetsu,石川,春季石川大会 2025 日程・結果,3R,2025-04-30,金沢二水,0,金沢学院大附,6,https://koshien89.com/blog-entry-3493.html,,data/05_hokushinetsu/ishikawa_2025.csv
2025,spring,hokushinetsu,石川,春季石川大会 2025 日程・結果,3R,2025-04-29,石川高専,0,小松大谷,8,https://koshien89.com/blog-entry-3493.html,7innings,data/05_hokushinetsu/ishikawa_2025.csv
2025,spring,hokushinetsu,石川,春季石川大会 2025 日程・結果,3R,2025-04-29,金沢,9,金沢錦丘,2,https://koshien89.com/blog-entry-3493.html,7innings,data/05_hokushinetsu/ishikawa_2025.csv
2025,spring,hokushinetsu,石川,春季石川大会 2025 日程・結果,3R,2025-04-29,金沢西,0,小松工,8,https://koshien89.com/blog-entry-3493.html,7innings,data/05_hokushinetsu/ishikawa_2025.csv
2025,spring,hokushinetsu,石川,春季石川大会 2025 日程・結果,3R,2025-04-29,門前,10,金沢泉丘,3,https://koshien89.com/blog-entry-3493.html,8innings,data/05_hokushinetsu/ishikawa_2025.csv
2025,spring,hokushinetsu,石川,春季石川大会 2025 日程・結果,3R,2025-04-29,日本航空石川,2,遊学館,1,https://koshien89.com/blog-entry-3493.html,,data/05_hokushinetsu/ishikawa_2025.csv
2025,spring,hokushinetsu,石川,春季石川大会 2025 日程・結果,3R,2025-04-29,北陸学院,0,星稜,5,https://koshien89.com/blog-entry-3493.html,,data/05_hokushinetsu/ishikawa_2025.csv
2025,spring,hokushinetsu,石川,春季石川大会 2025 日程・結果,2R,2025-04-27,鵬学園,0,金沢学院大附,9,https://koshien89.com/blog-entry-3493.html,8innings,data/05_hokushinetsu/ishikawa_2025.csv
2025,spring,hokushinetsu,石川,春季石川大会 2025 日程・結果,2R,2025-04-27,門前,7,県立工業,3,https://koshien89.com/blog-entry-3493.html,,data/05_hokushinetsu/ishikawa_2025.csv
2025,spring,hokushinetsu,石川,春季石川大会 2025 日程・結果,2R,2025-04-27,金沢龍谷,2,金沢桜丘,3,https://koshien89.com/blog-entry-3493.html,10innings,data/05_hokushinetsu/ishikawa_2025.csv
2025,spring,hokushinetsu,石川,春季石川大会 2025 日程・結果,2R,2025-04-27,小松明峰,4,金沢泉丘,7,https://koshien89.com/blog-entry-3493.html,10innings,data/05_hokushinetsu/ishikawa_2025.csv
2025,spring,hokushinetsu,石川,春季石川大会 2025 日程・結果,2R,2025-04-27,輪島,2,星稜,3,https://koshien89.com/blog-entry-3493.html,,data/05_hokushinetsu/ishikawa_2025.csv
2025,spring,hokushinetsu,石川,春季石川大会 2025 日程・結果,2R,2025-04-27,金沢二水,6,小松商業,4,https://koshien89.com/blog-entry-3493.html,,data/05_hokushinetsu/ishikawa_2025.csv
2025,spring,hokushinetsu,石川,春季石川大会 2025 日程・結果,2R,2025-04-27,北陸学院,9,寺井,5,https://koshien89.com/blog-entry-3493.html,,data/05_hokushinetsu/ishikawa_2025.csv
2025,spring,hokushinetsu,石川,春季石川大会 2025 日程・結果,2R,2025-04-27,金沢市立工業,6,羽咋工業,8,https://koshien89.com/blog-entry-3493.html,,data/05_hokushinetsu/ishikawa_2025.csv
2025,spring,hokushinetsu,石川,春季石川大会 2025 日程・結果,2R,2025-04-26,金沢,5,小松,2,https://koshien89.com/blog-entry-3493.html,,data/05_hokushinetsu/ishikawa_2025.csv
2025,spring,hokushinetsu,石川,春季石川大会 2025 日程・結果,2R,2025-04-26,津幡,1,小松大谷,2,https://koshien89.com/blog-entry-3493.html,,data/05_hokushinetsu/ishikawa_2025.csv
2025,spring,hokushinetsu,石川,春季石川大会 2025 日程・結果,2R,2025-04-26,石川高専,4,金沢商業,3,https://koshien89.com/blog-entry-3493.html,,data/05_hokushinetsu/ishikawa_2025.csv
2025,spring,hokushinetsu,石川,春季石川大会 2025 日程・結果,2R,2025-04-26,穴水,0,金沢錦丘,7,https://koshien89.com/blog-entry-3493.html,7innings,data/05_hokushinetsu/ishikawa_2025.csv
2025,spring,hokushinetsu,石川,春季石川大会 2025 日程・結果,2R,2025-04-26,金沢伏見,0,小松工業,10,https://koshien89.com/blog-entry-3493.html,6innings,data/05_hokushinetsu/ishikawa_2025.csv
2025,spring,hokushinetsu,石川,春季石川大会 2025 日程・結果,2R,2025-04-26,遊学館,7,小松市立,0,https://koshien89.com/blog-entry-3493.html,7innings,data/05_hokushinetsu/ishikawa_2025.csv
2025,spring,hokushinetsu,石川,春季石川大会 2025 日程・結果,2R,2025-04-26,日本航空石川,8,七尾,1,https://koshien89.com/blog-entry-3493.html,7innings,data/05_hokushinetsu/ishikawa_2025.csv
2025,spring,hokushinetsu,石川,春季石川大会 2025 日程・結果,2R,2025-04-26,金沢西,5,金沢北陵,3,https://koshien89.com/blog-entry-3493.html,,data/05_hokushinetsu/ishikawa_2025.csv
2025,spring,hokushinetsu,石川,春季石川大会 2025 日程・結果,1R,2025-04-20,小松明峰,10,翠星,0,https://koshien89.com/blog-entry-3493.html,6innings,data/05_hokushinetsu/ishikawa_2025.csv
2025,spring,hokushinetsu,石川,春季石川大会 2025 日程・結果,1R,2025-04-20,寺井,8,大聖寺,3,https://koshien89.com/blog-entry-3493.html,,data/05_hokushinetsu/ishikawa_2025.csv
2025,spring,hokushinetsu,石川,春季石川大会 2025 日程・結果,1R,2025-04-20,金沢泉丘,9,鶴来,1,https://koshien89.com/blog-entry-3493.html,,data/05_hokushinetsu/ishikawa_2025.csv
2025,spring,hokushinetsu,石川,春季石川大会 2025 日程・結果,1R,2025-04-20,飯田,1,金沢商業,12,https://koshien89.com/blog-entry-3493.html,5innings,data/05_hokushinetsu/ishikawa_2025.csv
2025,spring,hokushinetsu,石川,春季石川大会 2025 日程・結果,1R,2025-04-20,七尾東雲,0,北陸学院,17,https://koshien89.com/blog-entry-3493.html,6innings,data/05_hokushinetsu/ishikawa_2025.csv
2025,spring,hokushinetsu,石川,春季石川大会 2025 日程・結果,1R,2025-04-19,鹿西,0,金沢二水,11,https://koshien89.com/blog-entry-3493.html,5innings,data/05_hokushinetsu/ishikawa_2025.csv
2025,spring,hokushinetsu,石川,春季石川大会 2025 日程・結果,1R,2025-04-19,金沢大学附属,0,金沢龍谷,19,https://koshien89.com/blog-entry-3493.html,5innings,data/05_hokushinetsu/ishikawa_2025.csv
2025,spring,hokushinetsu,石川,春季石川大会 2025 日程・結果,1R,2025-04-19,羽咋,3,小松商業,6,https://koshien89.com/blog-entry-3493.html,,data/05_hokushinetsu/ishikawa_2025.csv
2025,spring,hokushinetsu,石川,春季石川大会 2025 日程・結果,1R,2025-04-19,遊学館,11,野々市明倫,0,https://koshien89.com/blog-entry-3493.html,7innings,data/05_hokushinetsu/ishikawa_2025.csv
2025,spring,hokushinetsu,石川,春季石川大会 2025 日程・結果,1R,2025-04-19,能登,0,小松市立,7,https://koshien89.com/blog-entry-3493.html,7innings,data/05_hokushinetsu/ishikawa_2025.csv
2025,spring,hokushinetsu,石川,春季石川大会 2025 日程・結果,1R,2025-04-19,金沢桜丘,7,大聖寺実業,4,https://koshien89.com/blog-entry-3493.html,,data/05_hokushinetsu/ishikawa_2025.csv
2025,spring,hokushinetsu,長野,春季長野大会 2025 日程・結果,F,2025-05-19,松本国際,2,長野商業,6,https://koshien89.com/blog-entry-3498.html,,data/05_hokushinetsu/nagano_2025.csv
2025,spring,hokushinetsu,長野,春季長野大会 2025 日程・結果,3P,2025-05-19,上田西,0,東京都市大塩尻,7,https://koshien89.com/blog-entry-3498.html,,data/05_hokushinetsu/nagano_2025.csv
2025,spring,hokushinetsu,長野,春季長野大会 2025 日程・結果,SF,2025-05-18,長野商業,4,東京都市大塩尻,2,https://koshien89.com/blog-entry-3498.html,,data/05_hokushinetsu/nagano_2025.csv
2025,spring,hokushinetsu,長野,春季長野大会 2025 日程・結果,SF,2025-05-18,上田西,1,松本国際,2,https://koshien89.com/blog-entry-3498.html,team2_sayonara,data/05_hokushinetsu/nagano_2025.csv
2025,spring,hokushinetsu,長野,春季長野大会 2025 日程・結果,QF,2025-05-11,長野日大,5,松本国際,6,https://koshien89.com/blog-entry-3498.html,,data/05_hokushinetsu/nagano_2025.csv
2025,spring,hokushinetsu,長野,春季長野大会 2025 日程・結果,QF,2025-05-11,東京都市大塩尻,9,東海大諏訪,2,https://koshien89.com/blog-entry-3498.html,8innings,data/05_hokushinetsu/nagano_2025.csv
2025,spring,hokushinetsu,長野,春季長野大会 2025 日程・結果,QF,2025-05-11,上田西,7,長野俊英,5,https://koshien89.com/blog-entry-3498.html,,data/05_hokushinetsu/nagano_2025.csv
2025,spring,hokushinetsu,長野,春季長野大会 2025 日程・結果,QF,2025-05-11,長野商業,8,赤穂,1,https://koshien89.com/blog-entry-3498.html,8innings,data/05_hokushinetsu/nagano_2025.csv
2025,spring,hokushinetsu,長野,春季長野大会 2025 日程・結果,1R,2025-05-10,長野商業,7,佐久平総合技術,0,https://koshien89.com/blog-entry-3498.html,7innings,data/05_hokushinetsu/nagano_2025.csv
2025,spring,hokushinetsu,長野,春季長野大会 2025 日程・結果,1R,2025-05-10,赤穂,2,松本第一,1,https://koshien89.com/blog-entry-3498.html,,data/05_hokushinetsu/nagano_2025.csv
2025,spring,hokushinetsu,長野,春季長野大会 2025 日程・結果,1R,2025-05-10,上田西,6,日本ウェルネス長野,3,https://koshien89.com/blog-entry-3498.html,,data/05_hokushinetsu/nagano_2025.csv
2025,spring,hokushinetsu,長野,春季長野大会 2025 日程・結果,1R,2025-05-10,上田東,0,東京都市大塩尻,11,https://koshien89.com/blog-entry-3498.html,5innings,data/05_hokushinetsu/nagano_2025.csv
2025,spring,hokushinetsu,長野,春季長野大会 2025 日程・結果,1R,2025-05-10,長野日大,11,小諸商業,1,https://koshien89.com/blog-entry-3498.html,6innings,data/05_hokushinetsu/nagano_2025.csv
2025,spring,hokushinetsu,長野,春季長野大会 2025 日程・結果,1R,2025-05-10,長野俊英,7,諏訪清陵,5,https://koshien89.com/blog-entry-3498.html,10innings,data/05_hokushinetsu/nagano_2025.csv
2025,spring,hokushinetsu,長野,春季長野大会 2025 日程・結果,1R,2025-05-10,篠ノ井,4,東海大諏訪,13,https://koshien89.com/blog-entry-3498.html,,data/05_hokushinetsu/nagano_2025.csv
2025,spring,hokushinetsu,長野,春季長野大会 2025 日程・結果,1R,2025-05-10,伊那北,0,松本国際,5,https://koshien89.com/blog-entry-3498.html,,data/05_hokushinetsu/nagano_2025.csv
2025,spring,hokushinetsu,新潟,春季新潟大会 2025 日程・結果,F,2025-05-11,北越,0,中越,12,https://koshien89.com/blog-entry-3501.html,,data/05_hokushinetsu/niigata_2025.csv
2025,spring,hokushinetsu,新潟,春季新潟大会 2025 日程・結果,SF,2025-05-10,新潟明訓,3,北越,4,https://koshien89.com/blog-entry-3501.html,,data/05_hokushinetsu/niigata_2025.csv
2025,spring,hokushinetsu,新潟,春季新潟大会 2025 日程・結果,SF,2025-05-10,中越,4,関根学園,3,https://koshien89.com/blog-entry-3501.html,team1_sayonara,data/05_hokushinetsu/niigata_2025.csv
2025,spring,hokushinetsu,新潟,春季新潟大会 2025 日程・結果,QF,2025-05-08,中越,5,新潟,3,https://koshien89.com/blog-entry-3501.html,,data/05_hokushinetsu/niigata_2025.csv
2025,spring,hokushinetsu,新潟,春季新潟大会 2025 日程・結果,QF,2025-05-08,新潟明訓,10,六日町,0,https://koshien89.com/blog-entry-3501.html,6innings,data/05_hokushinetsu/niigata_2025.csv
2025,spring,hokushinetsu,新潟,春季新潟大会 2025 日程・結果,QF,2025-05-08,北越,2,柏崎,1,https://koshien89.com/blog-entry-3501.html,,data/05_hokushinetsu/niigata_2025.csv
2025,spring,hokushinetsu,新潟,春季新潟大会 2025 日程・結果,QF,2025-05-08,関根学園,2,新発田農,1,https://koshien89.com/blog-entry-3501.html,,data/05_hokushinetsu/niigata_2025.csv
2025,spring,hokushinetsu,新潟,春季新潟大会 2025 日程・結果,3R,2025-05-06,関根学園,7,日本文理,5,https://koshien89.com/blog-entry-3501.html,,data/05_hokushinetsu/niigata_2025.csv
2025,spring,hokushinetsu,新潟,春季新潟大会 2025 日程・結果,3R,2025-05-06,三条,2,北越,6,https://koshien89.com/blog-entry-3501.html,,data/05_hokushinetsu/niigata_2025.csv
2025,spring,hokushinetsu,新潟,春季新潟大会 2025 日程・結果,3R,2025-05-06,糸魚川,1,新発田農,3,https://koshien89.com/blog-entry-3501.html,,data/05_hokushinetsu/niigata_2025.csv
2025,spring,hokushinetsu,新潟,春季新潟大会 2025 日程・結果,3R,2025-05-06,新潟第一,3,柏崎,13,https://koshien89.com/blog-entry-3501.html,,data/05_hokushinetsu/niigata_2025.csv
2025,spring,hokushinetsu,新潟,春季新潟大会 2025 日程・結果,3R,2025-05-05,新潟明訓,8,長岡大手,0,https://koshien89.com/blog-entry-3501.html,8innings,data/05_hokushinetsu/niigata_2025.csv
2025,spring,hokushinetsu,新潟,春季新潟大会 2025 日程・結果,3R,2025-05-05,中越,2,東京学館新潟,1,https://koshien89.com/blog-entry-3501.html,,data/05_hokushinetsu/niigata_2025.csv
2025,spring,hokushinetsu,新潟,春季新潟大会 2025 日程・結果,3R,2025-05-05,六日町,4,村上桜ヶ丘,1,https://koshien89.com/blog-entry-3501.html,,data/05_hokushinetsu/niigata_2025.csv
2025,spring,hokushinetsu,新潟,春季新潟大会 2025 日程・結果,3R,2025-05-05,新潟,7,長岡,4,https://koshien89.com/blog-entry-3501.html,,data/05_hokushinetsu/niigata_2025.csv
2025,spring,hokushinetsu,新潟,春季新潟大会 2025 日程・結果,2R,2025-05-03,新発田南,0,新発田農,5,https://koshien89.com/blog-entry-3501.html,,data/05_hokushinetsu/niigata_2025.csv
2025,spring,hokushinetsu,新潟,春季新潟大会 2025 日程・結果,2R,2025-05-03,新潟第一,8,佐渡総合,1,https://koshien89.com/blog-entry-3501.html,7innings,data/05_hokushinetsu/niigata_2025.csv
2025,spring,hokushinetsu,新潟,春季新潟大会 2025 日程・結果,2R,2025-05-03,柏崎,6,十日町,0,https://koshien89.com/blog-entry-3501.html,,data/05_hokushinetsu/niigata_2025.csv
2025,spring,hokushinetsu,新潟,春季新潟大会 2025 日程・結果,2R,2025-05-03,新潟県央工,7,長岡,11,https://koshien89.com/blog-entry-3501.html,,data/05_hokushinetsu/niigata_2025.csv
2025,spring,hokushinetsu,新潟,春季新潟大会 2025 日程・結果,2R,2025-05-03,三条東,0,糸魚川,12,https://koshien89.com/blog-entry-3501.html,5innings,data/05_hokushinetsu/niigata_2025.csv
2025,spring,hokushinetsu,新潟,春季新潟大会 2025 日程・結果,2R,2025-05-03,村上桜ヶ丘,5,巻,3,https://koshien89.com/blog-entry-3501.html,,data/05_hokushinetsu/niigata_2025.csv
2025,spring,hokushinetsu,新潟,春季新潟大会 2025 日程・結果,2R,2025-05-03,村上,2,新潟,10,https://koshien89.com/blog-entry-3501.html,7innings,data/05_hokushinetsu/niigata_2025.csv
2025,spring,hokushinetsu,新潟,春季新潟大会 2025 日程・結果,2R,2025-05-03,長岡向陵,0,六日町,10,https://koshien89.com/blog-entry-3501.html,6innings,data/05_hokushinetsu/niigata_2025.csv
2025,spring,hokushinetsu,新潟,春季新潟大会 2025 日程・結果,2R,2025-05-02,加茂暁星,2,新潟明訓,7,https://koshien89.com/blog-entry-3501.html,,data/05_hokushinetsu/niigata_2025.csv
2025,spring,hokushinetsu,新潟,春季新潟大会 2025 日程・結果,2R,2025-05-02,新発田,0,北越,7,https://koshien89.com/blog-entry-3501.html,8innings,data/05_hokushinetsu/niigata_2025.csv
2025,spring,hokushinetsu,新潟,春季新潟大会 2025 日程・結果,2R,2025-05-02,上越,0,中越,7,https://koshien89.com/blog-entry-3501.html,7innings,data/05_hokushinetsu/niigata_2025.csv
2025,spring,hokushinetsu,新潟,春季新潟大会 2025 日程・結果,2R,2025-05-02,関根学園,3,帝京長岡,2,https://koshien89.com/blog-entry-3501.html,10innings,data/05_hokushinetsu/niigata_2025.csv
2025,spring,hokushinetsu,新潟,春季新潟大会 2025 日程・結果,2R,2025-05-02,長岡大手,6,小千谷,3,https://koshien89.com/blog-entry-3501.html,,data/05_hokushinetsu/niigata_2025.csv
2025,spring,hokushinetsu,新潟,春季新潟大会 2025 日程・結果,2R,2025-05-02,開志学園,4,日本文理,5,https://koshien89.com/blog-entry-3501.html,,data/05_hokushinetsu/niigata_2025.csv
2025,spring,hokushinetsu,新潟,春季新潟大会 2025 日程・結果,2R,2025-05-02,東京学館新潟,6,新発田中央,0,https://koshien89.com/blog-entry-3501.html,,data/05_hokushinetsu/niigata_2025.csv
2025,spring,hokushinetsu,新潟,春季新潟大会 2025 日程・結果,2R,2025-05-02,三条,4,長岡高専,1,https://koshien89.com/blog-entry-3501.html,,data/05_hokushinetsu/niigata_2025.csv
2025,spring,hokushinetsu,新潟,春季新潟大会 2025 日程・結果,1R,2025-04-28,新潟南,5,佐渡総合,7,https://koshien89.com/blog-entry-3501.html,,data/05_hokushinetsu/niigata_2025.csv
2025,spring,hokushinetsu,新潟,春季新潟大会 2025 日程・結果,1R,2025-04-28,十日町,13,小千谷西,0,https://koshien89.com/blog-entry-3501.html,8innings,data/05_hokushinetsu/niigata_2025.csv
2025,spring,hokushinetsu,新潟,春季新潟大会 2025 日程・結果,1R,2025-04-28,糸魚川,7,上越総合技術,0,https://koshien89.com/blog-entry-3501.html,7innings,data/05_hokushinetsu/niigata_2025.csv
2025,spring,hokushinetsu,新潟,春季新潟大会 2025 日程・結果,1R,2025-04-28,新潟工,2,新発田農,18,https://koshien89.com/blog-entry-3501.html,7innings,data/05_hokushinetsu/niigata_2025.csv
2025,spring,hokushinetsu,新潟,春季新潟大会 2025 日程・結果,1R,2025-04-28,小出,1,柏崎,7,https://koshien89.com/blog-entry-3501.html,,data/05_hokushinetsu/niigata_2025.csv
2025,spring,hokushinetsu,新潟,春季新潟大会 2025 日程・結果,1R,2025-04-28,柏崎常盤・柏崎総合,1,三条東,8,https://koshien89.com/blog-entry-3501.html,7innings,data/05_hokushinetsu/niigata_2025.csv
2025,spring,hokushinetsu,新潟,春季新潟大会 2025 日程・結果,1R,2025-04-28,新潟第一,11,新津,8,https://koshien89.com/blog-entry-3501.html,,data/05_hokushinetsu/niigata_2025.csv
2025,spring,hokushinetsu,新潟,春季新潟大会 2025 日程・結果,1R,2025-04-28,新発田南,12,五泉,4,https://koshien89.com/blog-entry-3501.html,8innings,data/05_hokushinetsu/niigata_2025.csv
2025,spring,hokushinetsu,新潟,春季新潟大会 2025 日程・結果,1R,2025-04-27,長岡農・正徳館・栃尾・分水・三条商・塩沢商工・十日町総合,1,長岡,11,https://koshien89.com/blog-entry-3501.html,5innings,data/05_hokushinetsu/niigata_2025.csv
2025,spring,hokushinetsu,新潟,春季新潟大会 2025 日程・結果,1R,2025-04-27,日本文理,12,新潟青陵,3,https://koshien89.com/blog-entry-3501.html,7innings,data/05_hokushinetsu/niigata_2025.csv
2025,spring,hokushinetsu,新潟,春季新潟大会 2025 日程・結果,1R,2025-04-27,新潟商,3,村上桜ヶ丘,4,https://koshien89.com/blog-entry-3501.html,10innings,data/05_hokushinetsu/niigata_2025.csv
2025,spring,hokushinetsu,新潟,春季新潟大会 2025 日程・結果,1R,2025-04-27,三条,3,高田北城,1,https://koshien89.com/blog-entry-3501.html,,data/05_hokushinetsu/niigata_2025.csv
2025,spring,hokushinetsu,新潟,春季新潟大会 2025 日程・結果,1R,2025-04-27,新潟,11,敬和学園,0,https://koshien89.com/blog-entry-3501.html,5innings,data/05_hokushinetsu/niigata_2025.csv
2025,spring,hokushinetsu,新潟,春季新潟大会 2025 日程・結果,1R,2025-04-27,六日町,10,高田農,0,https://koshien89.com/blog-entry-3501.html,6innings,data/05_hokushinetsu/niigata_2025.csv
2025,spring,hokushinetsu,新潟,春季新潟大会 2025 日程・結果,1R,2025-04-27,新潟東・新潟向陽・新津南・新発田商・加茂,0,巻,8,https://koshien89.com/blog-entry-3501.html,7innings,data/05_hokushinetsu/niigata_2025.csv
2025,spring,hokushinetsu,新潟,春季新潟大会 2025 日程・結果,1R,2025-04-27,新潟県央工,7,高田,0,https://koshien89.com/blog-entry-3501.html,7innings,data/05_hokushinetsu/niigata_2025.csv
2025,spring,hokushinetsu,新潟,春季新潟大会 2025 日程・結果,1R,2025-04-27,万代,0,開志学園,10,https://koshien89.com/blog-entry-3501.html,6innings,data/05_hokushinetsu/niigata_2025.csv
2025,spring,hokushinetsu,新潟,春季新潟大会 2025 日程・結果,1R,2025-04-27,村上,11,新潟北・中条,1,https://koshien89.com/blog-entry-3501.html,6innings,data/05_hokushinetsu/niigata_2025.csv
2025,spring,hokushinetsu,新潟,春季新潟大会 2025 日程・結果,1R,2025-04-27,長岡向陵,9,海洋,2,https://koshien89.com/blog-entry-3501.html,8innings,data/05_hokushinetsu/niigata_2025.csv
2025,spring,hokushinetsu,新潟,春季新潟大会 2025 日程・結果,1R,2025-04-27,見附,4,長岡高専,11,https://koshien89.com/blog-entry-3501.html,8innings,data/05_hokushinetsu/niigata_2025.csv
2025,spring,hokushinetsu,新潟,春季新潟大会 2025 日程・結果,1R,2025-04-26,長岡大手,3,長岡商,1,https://koshien89.com/blog-entry-3501.html,,data/05_hokushinetsu/niigata_2025.csv
2025,spring,hokushinetsu,新潟,春季新潟大会 2025 日程・結果,1R,2025-04-26,新潟江南,0,北越,10,https://koshien89.com/blog-entry-3501.html,5innings,data/05_hokushinetsu/niigata_2025.csv
2025,spring,hokushinetsu,新潟,春季新潟大会 2025 日程・結果,1R,2025-04-26,新潟西,2,新発田中央,4,https://koshien89.com/blog-entry-3501.html,,data/05_hokushinetsu/niigata_2025.csv
2025,spring,hokushinetsu,新潟,春季新潟大会 2025 日程・結果,1R,2025-04-26,高田商・新井・糸魚川白嶺,0,帝京長岡,13,https://koshien89.com/blog-entry-3501.html,5innings,data/05_hokushinetsu/niigata_2025.csv
2025,spring,hokushinetsu,新潟,春季新潟大会 2025 日程・結果,1R,2025-04-26,新発田,20,新津工,1,https://koshien89.com/blog-entry-3501.html,5innings,data/05_hokushinetsu/niigata_2025.csv
2025,spring,hokushinetsu,新潟,春季新潟大会 2025 日程・結果,1R,2025-04-26,新潟産大附,2,上越,3,https://koshien89.com/blog-entry-3501.html,10innings,data/05_hokushinetsu/niigata_2025.csv
2025,spring,hokushinetsu,新潟,春季新潟大会 2025 日程・結果,1R,2025-04-26,佐渡,6,東京学館新潟,9,https://koshien89.com/blog-entry-3501.html,,data/05_hokushinetsu/niigata_2025.csv
2025,spring,hokushinetsu,新潟,春季新潟大会 2025 日程・結果,1R,2025-04-26,小千谷,14,柏崎工,9,https://koshien89.com/blog-entry-3501.html,11innings,data/05_hokushinetsu/niigata_2025.csv
2025,spring,hokushinetsu,新潟,春季新潟大会 2025 日程・結果,1R,2025-04-26,巻総合,0,加茂暁星,10,https://koshien89.com/blog-entry-3501.html,6innings,data/05_hokushinetsu/niigata_2025.csv
2025,spring,hokushinetsu,新潟,春季新潟大会 2025 日程・結果,1R,2025-04-26,長岡工,3,関根学園,10,https://koshien89.com/blog-entry-3501.html,7innings,data/05_hokushinetsu/niigata_2025.csv
2025,spring,hokushinetsu,富山,春季富山大会 2025 日程・結果,F,2025-05-04,富山第一,2,富山北部,0,https://koshien89.com/blog-entry-3497.html,,data/05_hokushinetsu/toyama_2025.csv
2025,spring,hokushinetsu,富山,春季富山大会 2025 日程・結果,SF,2025-05-03,富山第一,3,高岡商業,2,https://koshien89.com/blog-entry-3497.html,,data/05_hokushinetsu/toyama_2025.csv
2025,spring,hokushinetsu,富山,春季富山大会 2025 日程・結果,SF,2025-05-03,富山北部,13,不二越工業,9,https://koshien89.com/blog-entry-3497.html,,data/05_hokushinetsu/toyama_2025.csv
2025,spring,hokushinetsu,富山,春季富山大会 2025 日程・結果,QF,2025-04-29,富山第一,7,氷見,2,https://koshien89.com/blog-entry-3497.html,,data/05_hokushinetsu/toyama_2025.csv
2025,spring,hokushinetsu,富山,春季富山大会 2025 日程・結果,QF,2025-04-29,富山北部,2,富山商,1,https://koshien89.com/blog-entry-3497.html,,data/05_hokushinetsu/toyama_2025.csv
2025,spring,hokushinetsu,富山,春季富山大会 2025 日程・結果,QF,2025-04-29,不二越工業,1,石動,0,https://koshien89.com/blog-entry-3497.html,,data/05_hokushinetsu/toyama_2025.csv
2025,spring,hokushinetsu,富山,春季富山大会 2025 日程・結果,QF,2025-04-29,高岡商業,4,桜井,1,https://koshien89.com/blog-entry-3497.html,,data/05_hokushinetsu/toyama_2025.csv
2025,spring,hokushinetsu,富山,春季富山大会 2025 日程・結果,3R,2025-04-27,富山第一,12,小杉,2,https://koshien89.com/blog-entry-3497.html,5innings,data/05_hokushinetsu/toyama_2025.csv
2025,spring,hokushinetsu,富山,春季富山大会 2025 日程・結果,3R,2025-04-27,高岡商業,7,未来富山,0,https://koshien89.com/blog-entry-3497.html,,data/05_hokushinetsu/toyama_2025.csv
2025,spring,hokushinetsu,富山,春季富山大会 2025 日程・結果,3R,2025-04-27,不二越工業,6,富山東,3,https://koshien89.com/blog-entry-3497.html,,data/05_hokushinetsu/toyama_2025.csv
2025,spring,hokushinetsu,富山,春季富山大会 2025 日程・結果,3R,2025-04-27,富山北部,4,高岡南,0,https://koshien89.com/blog-entry-3497.html,,data/05_hokushinetsu/toyama_2025.csv
2025,spring,hokushinetsu,富山,春季富山大会 2025 日程・結果,3R,2025-04-27,桜井,6,富山中部,2,https://koshien89.com/blog-entry-3497.html,,data/05_hokushinetsu/toyama_2025.csv
2025,spring,hokushinetsu,富山,春季富山大会 2025 日程・結果,3R,2025-04-27,国際大付,1,氷見,4,https://koshien89.com/blog-entry-3497.html,,data/05_hokushinetsu/toyama_2025.csv
2025,spring,hokushinetsu,富山,春季富山大会 2025 日程・結果,3R,2025-04-27,福岡,0,富山商,7,https://koshien89.com/blog-entry-3497.html,,data/05_hokushinetsu/toyama_2025.csv
2025,spring,hokushinetsu,富山,春季富山大会 2025 日程・結果,3R,2025-04-27,富山工業,3,石動,4,https://koshien89.com/blog-entry-3497.html,,data/05_hokushinetsu/toyama_2025.csv
2025,spring,hokushinetsu,富山,春季富山大会 2025 日程・結果,2R,2025-04-26,高岡向陵,0,小杉,1,https://koshien89.com/blog-entry-3497.html,,data/05_hokushinetsu/toyama_2025.csv
2025,spring,hokushinetsu,富山,春季富山大会 2025 日程・結果,2R,2025-04-26,富山西・呉羽・富山南,1,未来富山,11,https://koshien89.com/blog-entry-3497.html,6innings,data/05_hokushinetsu/toyama_2025.csv
2025,spring,hokushinetsu,富山,春季富山大会 2025 日程・結果,2R,2025-04-26,高岡南,4,滑川,1,https://koshien89.com/blog-entry-3497.html,,data/05_hokushinetsu/toyama_2025.csv
2025,spring,hokushinetsu,富山,春季富山大会 2025 日程・結果,2R,2025-04-26,南砺福野,5,富山東,6,https://koshien89.com/blog-entry-3497.html,,data/05_hokushinetsu/toyama_2025.csv
2025,spring,hokushinetsu,富山,春季富山大会 2025 日程・結果,2R,2025-04-26,入善,3,氷見,15,https://koshien89.com/blog-entry-3497.html,,data/05_hokushinetsu/toyama_2025.csv
2025,spring,hokushinetsu,富山,春季富山大会 2025 日程・結果,2R,2025-04-26,富山中部,5,富山,1,https://koshien89.com/blog-entry-3497.html,,data/05_hokushinetsu/toyama_2025.csv
2025,spring,hokushinetsu,富山,春季富山大会 2025 日程・結果,2R,2025-04-26,砺波工業,3,富山商業,5,https://koshien89.com/blog-entry-3497.html,,data/05_hokushinetsu/toyama_2025.csv
2025,spring,hokushinetsu,富山,春季富山大会 2025 日程・結果,2R,2025-04-26,魚津,1,石動,5,https://koshien89.com/blog-entry-3497.html,,data/05_hokushinetsu/toyama_2025.csv
2025,spring,hokushinetsu,富山,春季富山大会 2025 日程・結果,2R,2025-04-20,富山第一,10,大門,0,https://koshien89.com/blog-entry-3497.html,5innings,data/05_hokushinetsu/toyama_2025.csv
2025,spring,hokushinetsu,富山,春季富山大会 2025 日程・結果,2R,2025-04-20,砺波,1,高岡商業,11,https://koshien89.com/blog-entry-3497.html,6innings,data/05_hokushinetsu/toyama_2025.csv
2025,spring,hokushinetsu,富山,春季富山大会 2025 日程・結果,2R,2025-04-20,富山北部,9,魚津工業,0,https://koshien89.com/blog-entry-3497.html,7innings,data/05_hokushinetsu/toyama_2025.csv
2025,spring,hokushinetsu,富山,春季富山大会 2025 日程・結果,2R,2025-04-20,高岡第一,4,不二越工業,5,https://koshien89.com/blog-entry-3497.html,,data/05_hokushinetsu/toyama_2025.csv
2025,spring,hokushinetsu,富山,春季富山大会 2025 日程・結果,2R,2025-04-20,桜井,7,高岡工芸,1,https://koshien89.com/blog-entry-3497.html,,data/05_hokushinetsu/toyama_2025.csv
2025,spring,hokushinetsu,富山,春季富山大会 2025 日程・結果,2R,2025-04-20,富山工業,10,中央農業・上市・雄山,2,https://koshien89.com/blog-entry-3497.html,7innings,data/05_hokushinetsu/toyama_2025.csv
2025,spring,hokushinetsu,富山,春季富山大会 2025 日程・結果,2R,2025-04-20,国際大付,6,高岡,1,https://koshien89.com/blog-entry-3497.html,,data/05_hokushinetsu/toyama_2025.csv
2025,spring,hokushinetsu,富山,春季富山大会 2025 日程・結果,2R,2025-04-20,福岡,4,高岡龍谷,2,https://koshien89.com/blog-entry-3497.html,,data/05_hokushinetsu/toyama_2025.csv
2025,spring,hokushinetsu,富山,春季富山大会 2025 日程・結果,1R,2025-04-19,八尾,5,氷見,16,https://koshien89.com/blog-entry-3497.html,7innings,data/05_hokushinetsu/toyama_2025.csv
2025,spring,hokushinetsu,富山,春季富山大会 2025 日程・結果,1R,2025-04-19,高朋,1,富山商業,2,https://koshien89.com/blog-entry-3497.html,10innings,data/05_hokushinetsu/toyama_2025.csv
2025,spring,hokushinetsu,富山,春季富山大会 2025 日程・結果,1R,2025-04-19,未来富山,3,新湊,2,https://koshien89.com/blog-entry-3497.html,,data/05_hokushinetsu/toyama_2025.csv
2025,spring,hokushinetsu,富山,春季富山大会 2025 日程・結果,1R,2025-04-19,富山高専,2,富山東,4,https://koshien89.com/blog-entry-3497.html,,data/05_hokushinetsu/toyama_2025.csv
2025,spring,hokushinetsu,富山,春季富山大会 2025 日程・結果,1R,2025-04-19,新川,1,富山,2,https://koshien89.com/blog-entry-3497.html,,data/05_hokushinetsu/toyama_2025.csv
2025,spring,hokushinetsu,富山,春季富山大会 2025 日程・結果,1R,2025-04-19,富山いずみ,3,石動,4,https://koshien89.com/blog-entry-3497.html,,data/05_hokushinetsu/toyama_2025.csv
2025,spring,kinki,兵庫,春季兵庫大会 2025 日程・結果,F,2025-05-10,東洋大姫路,2,報徳学園,1,https://koshien89.com/blog-entry-3448.html,,data/06_kinki/hyogo_2025.csv
2025,spring,kinki,兵庫,春季兵庫大会 2025 日程・結果,3P,2025-05-10,明石商,5,神戸国際大附,3,https://koshien89.com/blog-entry-3448.html,,data/06_kinki/hyogo_2025.csv
2025,spring,kinki,兵庫,春季兵庫大会 2025 日程・結果,SF,2025-05-05,東洋大姫路,10,明石商,0,https://koshien89.com/blog-entry-3448.html,5innings,data/06_kinki/hyogo_2025.csv
2025,spring,kinki,兵庫,春季兵庫大会 2025 日程・結果,SF,2025-05-05,神戸国際大附,4,報徳学園,5,https://koshien89.com/blog-entry-3448.html,,data/06_kinki/hyogo_2025.csv
2025,spring,kinki,兵庫,春季兵庫大会 2025 日程・結果,QF,2025-05-03,東洋大姫路,5,姫路西,0,https://koshien89.com/blog-entry-3448.html,,data/06_kinki/hyogo_2025.csv
2025,spring,kinki,兵庫,春季兵庫大会 2025 日程・結果,QF,2025-05-03,滝川第二,3,明石商,4,https://koshien89.com/blog-entry-3448.html,,data/06_kinki/hyogo_2025.csv
2025,spring,kinki,兵庫,春季兵庫大会 2025 日程・結果,QF,2025-05-03,報徳学園,1,三田学園,0,https://koshien89.com/blog-entry-3448.html,team1_sayonara;11innings,data/06_kinki/hyogo_2025.csv
2025,spring,kinki,兵庫,春季兵庫大会 2025 日程・結果,QF,2025-05-03,六甲アイランド,1,神戸国際大附,11,https://koshien89.com/blog-entry-3448.html,5innings,data/06_kinki/hyogo_2025.csv
2025,spring,kinki,兵庫,春季兵庫大会 2025 日程・結果,3R,2025-04-29,網干,2,六甲アイランド,4,https://koshien89.com/blog-entry-3448.html,,data/06_kinki/hyogo_2025.csv
2025,spring,kinki,兵庫,春季兵庫大会 2025 日程・結果,3R,2025-04-29,川西北陵,0,神戸国際大附,13,https://koshien89.com/blog-entry-3448.html,6innings,data/06_kinki/hyogo_2025.csv
2025,spring,kinki,兵庫,春季兵庫大会 2025 日程・結果,3R,2025-04-29,明石清水,1,姫路西,2,https://koshien89.com/blog-entry-3448.html,,data/06_kinki/hyogo_2025.csv
2025,spring,kinki,兵庫,春季兵庫大会 2025 日程・結果,3R,2025-04-29,東洋大姫路,4,篠山産,0,https://koshien89.com/blog-entry-3448.html,,data/06_kinki/hyogo_2025.csv
2025,spring,kinki,兵庫,春季兵庫大会 2025 日程・結果,3R,2025-04-27,報徳学園,5,滝川,0,https://koshien89.com/blog-entry-3448.html,,data/06_kinki/hyogo_2025.csv
2025,spring,kinki,兵庫,春季兵庫大会 2025 日程・結果,3R,2025-04-27,姫路工,7,三田学園,11,https://koshien89.com/blog-entry-3448.html,,data/06_kinki/hyogo_2025.csv
2025,spring,kinki,兵庫,春季兵庫大会 2025 日程・結果,3R,2025-04-27,育英,2,滝川第二,7,https://koshien89.com/blog-entry-3448.html,,data/06_kinki/hyogo_2025.csv
2025,spring,kinki,兵庫,春季兵庫大会 2025 日程・結果,3R,2025-04-27,明石商,5,神戸学院大附,4,https://koshien89.com/blog-entry-3448.html,10innings,data/06_kinki/hyogo_2025.csv
2025,spring,kinki,兵庫,春季兵庫大会 2025 日程・結果,2R,2025-04-26,尼崎工業,3,明石清水,8,https://koshien89.com/blog-entry-3448.html,,data/06_kinki/hyogo_2025.csv
2025,spring,kinki,兵庫,春季兵庫大会 2025 日程・結果,2R,2025-04-26,姫路西,3,西脇工業,0,https://koshien89.com/blog-entry-3448.html,,data/06_kinki/hyogo_2025.csv
2025,spring,kinki,兵庫,春季兵庫大会 2025 日程・結果,2R,2025-04-26,東洋大姫路,4,三木,1,https://koshien89.com/blog-entry-3448.html,,data/06_kinki/hyogo_2025.csv
2025,spring,kinki,兵庫,春季兵庫大会 2025 日程・結果,2R,2025-04-26,篠山産業,12,福崎,0,https://koshien89.com/blog-entry-3448.html,7innings,data/06_kinki/hyogo_2025.csv
2025,spring,kinki,兵庫,春季兵庫大会 2025 日程・結果,2R,2025-04-26,網干,1,姫路東,0,https://koshien89.com/blog-entry-3448.html,,data/06_kinki/hyogo_2025.csv
2025,spring,kinki,兵庫,春季兵庫大会 2025 日程・結果,2R,2025-04-26,琴丘,1,川西北陵,7,https://koshien89.com/blog-entry-3448.html,,data/06_kinki/hyogo_2025.csv
2025,spring,kinki,兵庫,春季兵庫大会 2025 日程・結果,2R,2025-04-26,六甲アイランド,8,関西学院,5,https://koshien89.com/blog-entry-3448.html,11innings,data/06_kinki/hyogo_2025.csv
2025,spring,kinki,兵庫,春季兵庫大会 2025 日程・結果,2R,2025-04-26,神戸国際大附,9,豊岡総合,2,https://koshien89.com/blog-entry-3448.html,8innings,data/06_kinki/hyogo_2025.csv
2025,spring,kinki,兵庫,春季兵庫大会 2025 日程・結果,2R,2025-04-20,明石商業,1,神港学園,0,https://koshien89.com/blog-entry-3448.html,,data/06_kinki/hyogo_2025.csv
2025,spring,kinki,兵庫,春季兵庫大会 2025 日程・結果,2R,2025-04-20,伊丹,1,神戸学院大附,2,https://koshien89.com/blog-entry-3448.html,,data/06_kinki/hyogo_2025.csv
2025,spring,kinki,兵庫,春季兵庫大会 2025 日程・結果,2R,2025-04-20,武庫荘総合,2,育英,3,https://koshien89.com/blog-entry-3448.html,,data/06_kinki/hyogo_2025.csv
2025,spring,kinki,兵庫,春季兵庫大会 2025 日程・結果,2R,2025-04-20,西宮東,1,滝川,6,https://koshien89.com/blog-entry-3448.html,,data/06_kinki/hyogo_2025.csv
2025,spring,kinki,兵庫,春季兵庫大会 2025 日程・結果,2R,2025-04-20,姫路工業,5,東播磨,0,https://koshien89.com/blog-entry-3448.html,,data/06_kinki/hyogo_2025.csv
2025,spring,kinki,兵庫,春季兵庫大会 2025 日程・結果,2R,2025-04-20,彩星工科,1,三田学園,5,https://koshien89.com/blog-entry-3448.html,,data/06_kinki/hyogo_2025.csv
2025,spring,kinki,兵庫,春季兵庫大会 2025 日程・結果,2R,2025-04-20,報徳学園,13,市立尼崎,1,https://koshien89.com/blog-entry-3448.html,5innings,data/06_kinki/hyogo_2025.csv
2025,spring,kinki,兵庫,春季兵庫大会 2025 日程・結果,1R,2025-04-19,三木,5,小野,1,https://koshien89.com/blog-entry-3448.html,,data/06_kinki/hyogo_2025.csv
2025,spring,kinki,兵庫,春季兵庫大会 2025 日程・結果,1R,2025-04-19,須磨学園,1,篠山産業,4,https://koshien89.com/blog-entry-3448.html,,data/06_kinki/hyogo_2025.csv
2025,spring,kinki,兵庫,春季兵庫大会 2025 日程・結果,1R,2025-04-19,明石清水,4,三田松聖,3,https://koshien89.com/blog-entry-3448.html,,data/06_kinki/hyogo_2025.csv
2025,spring,kinki,兵庫,春季兵庫大会 2025 日程・結果,1R,2025-04-19,氷上,1,関西学院,2,https://koshien89.com/blog-entry-3448.html,,data/06_kinki/hyogo_2025.csv
2025,spring,kinki,兵庫,春季兵庫大会 2025 日程・結果,1R,2025-04-19,網干,1,洲本,0,https://koshien89.com/blog-entry-3448.html,,data/06_kinki/hyogo_2025.csv
2025,spring,kinki,京都,春季京都大会 2025 日程・結果,F,2025-05-19,東山,7,京都共栄,11,https://koshien89.com/blog-entry-3490.html,10innings,data/06_kinki/kyoto_2025.csv
2025,spring,kinki,京都,春季京都大会 2025 日程・結果,3P,2025-05-19,龍谷大平安,8,城南菱創,0,https://koshien89.com/blog-entry-3490.html,7innings,data/06_kinki/kyoto_2025.csv
2025,spring,kinki,京都,春季京都大会 2025 日程・結果,SF,2025-05-18,京都共栄,9,城南菱創,1,https://koshien89.com/blog-entry-3490.html,,data/06_kinki/kyoto_2025.csv
2025,spring,kinki,京都,春季京都大会 2025 日程・結果,SF,2025-05-18,龍谷大平安,1,東山,2,https://koshien89.com/blog-entry-3490.html,,data/06_kinki/kyoto_2025.csv
2025,spring,kinki,京都,春季京都大会 2025 日程・結果,QF,2025-05-11,城南菱創,1,鳥羽,0,https://koshien89.com/blog-entry-3490.html,,data/06_kinki/kyoto_2025.csv
2025,spring,kinki,京都,春季京都大会 2025 日程・結果,QF,2025-05-11,京都共栄,6,京都工学院,0,https://koshien89.com/blog-entry-3490.html,,data/06_kinki/kyoto_2025.csv
2025,spring,kinki,京都,春季京都大会 2025 日程・結果,QF,2025-05-10,龍谷大平安,5,乙訓,4,https://koshien89.com/blog-entry-3490.html,team1_sayonara,data/06_kinki/kyoto_2025.csv
2025,spring,kinki,京都,春季京都大会 2025 日程・結果,QF,2025-05-10,東山,5,北稜,1,https://koshien89.com/blog-entry-3490.html,,data/06_kinki/kyoto_2025.csv
2025,spring,kinki,京都,春季京都大会 2025 日程・結果,4R,2025-05-04,城南菱創,8,京都外大西,6,https://koshien89.com/blog-entry-3490.html,,data/06_kinki/kyoto_2025.csv
2025,spring,kinki,京都,春季京都大会 2025 日程・結果,4R,2025-05-04,京都両洋,2,京都共栄,5,https://koshien89.com/blog-entry-3490.html,,data/06_kinki/kyoto_2025.csv
2025,spring,kinki,京都,春季京都大会 2025 日程・結果,4R,2025-05-04,福知山成美,0,鳥羽,2,https://koshien89.com/blog-entry-3490.html,,data/06_kinki/kyoto_2025.csv
2025,spring,kinki,京都,春季京都大会 2025 日程・結果,4R,2025-05-04,京都工学院,4,久御山,2,https://koshien89.com/blog-entry-3490.html,,data/06_kinki/kyoto_2025.csv
2025,spring,kinki,京都,春季京都大会 2025 日程・結果,4R,2025-05-03,龍谷大平安,1,京都国際,0,https://koshien89.com/blog-entry-3490.html,,data/06_kinki/kyoto_2025.csv
2025,spring,kinki,京都,春季京都大会 2025 日程・結果,4R,2025-05-03,東山,8,東稜,1,https://koshien89.com/blog-entry-3490.html,7innings,data/06_kinki/kyoto_2025.csv
2025,spring,kinki,京都,春季京都大会 2025 日程・結果,4R,2025-05-03,日星,1,乙訓,8,https://koshien89.com/blog-entry-3490.html,7innings,data/06_kinki/kyoto_2025.csv
2025,spring,kinki,京都,春季京都大会 2025 日程・結果,4R,2025-05-03,京都成章,4,北稜,5,https://koshien89.com/blog-entry-3490.html,,data/06_kinki/kyoto_2025.csv
2025,spring,kinki,京都,春季京都大会 2025 日程・結果,3R,2025-04-26,東山,2,京都翔英,0,https://koshien89.com/blog-entry-3490.html,,data/06_kinki/kyoto_2025.csv
2025,spring,kinki,京都,春季京都大会 2025 日程・結果,3R,2025-04-26,京都外大西,9,洛水,8,https://koshien89.com/blog-entry-3490.html,,data/06_kinki/kyoto_2025.csv
2025,spring,kinki,京都,春季京都大会 2025 日程・結果,3R,2025-04-26,乙訓,10,花園,0,https://koshien89.com/blog-entry-3490.html,5innings,data/06_kinki/kyoto_2025.csv
2025,spring,kinki,京都,春季京都大会 2025 日程・結果,3R,2025-04-26,鳥羽,5,西城陽,4,https://koshien89.com/blog-entry-3490.html,,data/06_kinki/kyoto_2025.csv
2025,spring,kinki,京都,春季京都大会 2025 日程・結果,3R,2025-04-26,城南菱創,6,山城,4,https://koshien89.com/blog-entry-3490.html,,data/06_kinki/kyoto_2025.csv
2025,spring,kinki,京都,春季京都大会 2025 日程・結果,3R,2025-04-26,洛北,3,京都両洋,7,https://koshien89.com/blog-entry-3490.html,,data/06_kinki/kyoto_2025.csv
2025,spring,kinki,京都,春季京都大会 2025 日程・結果,3R,2025-04-26,東稜,10,日吉ケ丘,3,https://koshien89.com/blog-entry-3490.html,8innings,data/06_kinki/kyoto_2025.csv
2025,spring,kinki,京都,春季京都大会 2025 日程・結果,3R,2025-04-26,京都成章,10,亀岡,0,https://koshien89.com/blog-entry-3490.html,6innings,data/06_kinki/kyoto_2025.csv
2025,spring,kinki,京都,春季京都大会 2025 日程・結果,3R,2025-04-26,紫野,6,京都工学院,11,https://koshien89.com/blog-entry-3490.html,,data/06_kinki/kyoto_2025.csv
2025,spring,kinki,京都,春季京都大会 2025 日程・結果,3R,2025-04-26,北稜,6,嵯峨野,0,https://koshien89.com/blog-entry-3490.html,,data/06_kinki/kyoto_2025.csv
2025,spring,kinki,京都,春季京都大会 2025 日程・結果,3R,2025-04-26,久御山,3,立命館宇治,1,https://koshien89.com/blog-entry-3490.html,,data/06_kinki/kyoto_2025.csv
2025,spring,kinki,京都,春季京都大会 2025 日程・結果,3R,2025-04-26,京都国際,7,京産大附属,0,https://koshien89.com/blog-entry-3490.html,7innings,data/06_kinki/kyoto_2025.csv
2025,spring,kinki,京都,春季京都大会 2025 日程・結果,3R,2025-04-26,龍谷大平安,2,東宇治,1,https://koshien89.com/blog-entry-3490.html,,data/06_kinki/kyoto_2025.csv
2025,spring,kinki,京都,春季京都大会 2025 日程・結果,3R,2025-04-26,福知山成美,7,綾部,2,https://koshien89.com/blog-entry-3490.html,,data/06_kinki/kyoto_2025.csv
2025,spring,kinki,京都,春季京都大会 2025 日程・結果,3R,2025-04-26,京都共栄,6,宮津天橋,4,https://koshien89.com/blog-entry-3490.html,,data/06_kinki/kyoto_2025.csv
2025,spring,kinki,京都,春季京都大会 2025 日程・結果,3R,2025-04-26,日星,12,府立工業,1,https://koshien89.com/blog-entry-3490.html,5innings,data/06_kinki/kyoto_2025.csv
2025,spring,kinki,京都,春季京都大会 2025 日程・結果,2R,2025-04-20,大谷,0,東山,15,https://koshien89.com/blog-entry-3490.html,,data/06_kinki/kyoto_2025.csv
2025,spring,kinki,京都,春季京都大会 2025 日程・結果,2R,2025-04-20,京都外大西,2,北嵯峨,0,https://koshien89.com/blog-entry-3490.html,,data/06_kinki/kyoto_2025.csv
2025,spring,kinki,京都,春季京都大会 2025 日程・結果,2R,2025-04-20,木津,2,乙訓,12,https://koshien89.com/blog-entry-3490.html,,data/06_kinki/kyoto_2025.csv
2025,spring,kinki,京都,春季京都大会 2025 日程・結果,2R,2025-04-20,洛星,4,鳥羽,8,https://koshien89.com/blog-entry-3490.html,,data/06_kinki/kyoto_2025.csv
2025,spring,kinki,京都,春季京都大会 2025 日程・結果,2R,2025-04-20,西城陽,13,南丹,0,https://koshien89.com/blog-entry-3490.html,,data/06_kinki/kyoto_2025.csv
2025,spring,kinki,京都,春季京都大会 2025 日程・結果,2R,2025-04-20,莵道,2,城南菱創,7,https://koshien89.com/blog-entry-3490.html,,data/06_kinki/kyoto_2025.csv
2025,spring,kinki,京都,春季京都大会 2025 日程・結果,2R,2025-04-20,京都文教,3,山城,4,https://koshien89.com/blog-entry-3490.html,,data/06_kinki/kyoto_2025.csv
2025,spring,kinki,京都,春季京都大会 2025 日程・結果,2R,2025-04-20,京都廣学館,2,洛北,9,https://koshien89.com/blog-entry-3490.html,,data/06_kinki/kyoto_2025.csv
2025,spring,kinki,京都,春季京都大会 2025 日程・結果,2R,2025-04-20,京先端附属,4,京都両洋,7,https://koshien89.com/blog-entry-3490.html,,data/06_kinki/kyoto_2025.csv
2025,spring,kinki,京都,春季京都大会 2025 日程・結果,2R,2025-04-20,京都すばる,3,東稜,7,https://koshien89.com/blog-entry-3490.html,,data/06_kinki/kyoto_2025.csv
2025,spring,kinki,京都,春季京都大会 2025 日程・結果,2R,2025-04-20,城陽,0,京都成章,7,https://koshien89.com/blog-entry-3490.html,,data/06_kinki/kyoto_2025.csv
2025,spring,kinki,京都,春季京都大会 2025 日程・結果,2R,2025-04-20,嵯峨野,5,堀川,5,https://koshien89.com/blog-entry-3490.html,,data/06_kinki/kyoto_2025.csv
2025,spring,kinki,京都,春季京都大会 2025 日程・結果,2R,2025-04-20,京都国際,4,桃山,0,https://koshien89.com/blog-entry-3490.html,,data/06_kinki/kyoto_2025.csv
2025,spring,kinki,京都,春季京都大会 2025 日程・結果,2R,2025-04-20,東宇治,10,京都明徳,0,https://koshien89.com/blog-entry-3490.html,,data/06_kinki/kyoto_2025.csv
2025,spring,kinki,京都,春季京都大会 2025 日程・結果,2R,2025-04-20,海洋,2,日星,9,https://koshien89.com/blog-entry-3490.html,,data/06_kinki/kyoto_2025.csv
2025,spring,kinki,京都,春季京都大会 2025 日程・結果,2R,2025-04-20,西舞鶴,5,府立工業,6,https://koshien89.com/blog-entry-3490.html,,data/06_kinki/kyoto_2025.csv
2025,spring,kinki,京都,春季京都大会 2025 日程・結果,2R,2025-04-19,京都翔英,4,桂,2,https://koshien89.com/blog-entry-3490.html,,data/06_kinki/kyoto_2025.csv
2025,spring,kinki,京都,春季京都大会 2025 日程・結果,2R,2025-04-19,南陽,3,洛水,27,https://koshien89.com/blog-entry-3490.html,,data/06_kinki/kyoto_2025.csv
2025,spring,kinki,京都,春季京都大会 2025 日程・結果,2R,2025-04-19,朱雀・西乙訓・京教大附・大江,0,花園,21,https://koshien89.com/blog-entry-3490.html,,data/06_kinki/kyoto_2025.csv
2025,spring,kinki,京都,春季京都大会 2025 日程・結果,2R,2025-04-19,洛南,2,日吉ケ丘,3,https://koshien89.com/blog-entry-3490.html,,data/06_kinki/kyoto_2025.csv
2025,spring,kinki,京都,春季京都大会 2025 日程・結果,2R,2025-04-19,西京,1,亀岡,8,https://koshien89.com/blog-entry-3490.html,,data/06_kinki/kyoto_2025.csv
2025,spring,kinki,京都,春季京都大会 2025 日程・結果,2R,2025-04-19,園部農芸,5,紫野,16,https://koshien89.com/blog-entry-3490.html,,data/06_kinki/kyoto_2025.csv
2025,spring,kinki,京都,春季京都大会 2025 日程・結果,2R,2025-04-19,京都工学院,11,立命館,3,https://koshien89.com/blog-entry-3490.html,,data/06_kinki/kyoto_2025.csv
2025,spring,kinki,京都,春季京都大会 2025 日程・結果,2R,2025-04-19,北桑田,1,北稜,5,https://koshien89.com/blog-entry-3490.html,,data/06_kinki/kyoto_2025.csv
2025,spring,kinki,京都,春季京都大会 2025 日程・結果,2R,2025-04-19,久御山,7,京都精華,0,https://koshien89.com/blog-entry-3490.html,,data/06_kinki/kyoto_2025.csv
2025,spring,kinki,京都,春季京都大会 2025 日程・結果,2R,2025-04-19,立命館宇治,6,同志社,1,https://koshien89.com/blog-entry-3490.html,,data/06_kinki/kyoto_2025.csv
2025,spring,kinki,京都,春季京都大会 2025 日程・結果,2R,2025-04-19,京産大附属,10,洛東,7,https://koshien89.com/blog-entry-3490.html,,data/06_kinki/kyoto_2025.csv
2025,spring,kinki,京都,春季京都大会 2025 日程・結果,2R,2025-04-19,洛西,0,龍谷大平安,10,https://koshien89.com/blog-entry-3490.html,,data/06_kinki/kyoto_2025.csv
2025,spring,kinki,京都,春季京都大会 2025 日程・結果,2R,2025-04-19,舞鶴高専,0,福知山成美,15,https://koshien89.com/blog-entry-3490.html,,data/06_kinki/kyoto_2025.csv
2025,spring,kinki,京都,春季京都大会 2025 日程・結果,2R,2025-04-19,福知山,10,綾部,12,https://koshien89.com/blog-entry-3490.html,,data/06_kinki/kyoto_2025.csv
2025,spring,kinki,京都,春季京都大会 2025 日程・結果,2R,2025-04-19,京都共栄,10,須知・東舞鶴・丹後緑風,0,https://koshien89.com/blog-entry-3490.html,,data/06_kinki/kyoto_2025.csv
2025,spring,kinki,京都,春季京都大会 2025 日程・結果,2R,2025-04-19,峰山,3,宮津天橋,10,https://koshien89.com/blog-entry-3490.html,,data/06_kinki/kyoto_2025.csv
2025,spring,kinki,京都,春季京都大会 2025 日程・結果,1R,2025-04-19,東山,11,向陽・京都八幡,0,https://koshien89.com/blog-entry-3490.html,,data/06_kinki/kyoto_2025.csv
2025,spring,kinki,京都,春季京都大会 2025 日程・結果,1R,2025-04-19,開建,10,北嵯峨,11,https://koshien89.com/blog-entry-3490.html,,data/06_kinki/kyoto_2025.csv
2025,spring,kinki,京都,春季京都大会 2025 日程・結果,1R,2025-04-19,鴨沂,0,乙訓,9,https://koshien89.com/blog-entry-3490.html,,data/06_kinki/kyoto_2025.csv
2025,spring,kinki,京都,春季京都大会 2025 日程・結果,1R,2025-04-19,鳥羽,5,同志社国際,3,https://koshien89.com/blog-entry-3490.html,,data/06_kinki/kyoto_2025.csv
2025,spring,kinki,京都,春季京都大会 2025 日程・結果,1R,2025-04-19,田辺,1,城南菱創,8,https://koshien89.com/blog-entry-3490.html,,data/06_kinki/kyoto_2025.csv
2025,spring,kinki,奈良,春季奈良大会 2025 日程・結果,F,2025-05-10,奈良大附,0,天理,1,https://koshien89.com/blog-entry-3441.html,,data/06_kinki/nara_2025.csv
2025,spring,kinki,奈良,春季奈良大会 2025 日程・結果,3P,2025-05-10,奈良,6,橿原学院,3,https://koshien89.com/blog-entry-3441.html,,data/06_kinki/nara_2025.csv
2025,spring,kinki,奈良,春季奈良大会 2025 日程・結果,SF,2025-05-08,奈良,1,奈良大附,2,https://koshien89.com/blog-entry-3441.html,,data/06_kinki/nara_2025.csv
2025,spring,kinki,奈良,春季奈良大会 2025 日程・結果,SF,2025-05-08,天理,8,橿原学院,0,https://koshien89.com/blog-entry-3441.html,7innings,data/06_kinki/nara_2025.csv
2025,spring,kinki,奈良,春季奈良大会 2025 日程・結果,QF,2025-05-03,奈良,4,生駒,2,https://koshien89.com/blog-entry-3441.html,,data/06_kinki/nara_2025.csv
2025,spring,kinki,奈良,春季奈良大会 2025 日程・結果,QF,2025-05-03,奈良大附,3,畝傍,1,https://koshien89.com/blog-entry-3441.html,,data/06_kinki/nara_2025.csv
2025,spring,kinki,奈良,春季奈良大会 2025 日程・結果,QF,2025-05-03,橿原,0,天理,13,https://koshien89.com/blog-entry-3441.html,7innings,data/06_kinki/nara_2025.csv
2025,spring,kinki,奈良,春季奈良大会 2025 日程・結果,QF,2025-05-03,御所実業,2,橿原学院,5,https://koshien89.com/blog-entry-3441.html,,data/06_kinki/nara_2025.csv
2025,spring,kinki,奈良,春季奈良大会 2025 日程・結果,3R,2025-04-29,御所実業,11,奈良高専,1,https://koshien89.com/blog-entry-3441.html,5innings,data/06_kinki/nara_2025.csv
2025,spring,kinki,奈良,春季奈良大会 2025 日程・結果,3R,2025-04-29,橿原学院,9,磯城野,4,https://koshien89.com/blog-entry-3441.html,,data/06_kinki/nara_2025.csv
2025,spring,kinki,奈良,春季奈良大会 2025 日程・結果,3R,2025-04-27,奈良北,0,奈良大附,4,https://koshien89.com/blog-entry-3441.html,,data/06_kinki/nara_2025.csv
2025,spring,kinki,奈良,春季奈良大会 2025 日程・結果,3R,2025-04-27,生駒,10,法隆寺国際,0,https://koshien89.com/blog-entry-3441.html,6innings,data/06_kinki/nara_2025.csv
2025,spring,kinki,奈良,春季奈良大会 2025 日程・結果,3R,2025-04-27,橿原,12,王寺工業,1,https://koshien89.com/blog-entry-3441.html,6innings,data/06_kinki/nara_2025.csv
2025,spring,kinki,奈良,春季奈良大会 2025 日程・結果,3R,2025-04-27,畝傍,8,智辯学園,1,https://koshien89.com/blog-entry-3441.html,7innings,data/06_kinki/nara_2025.csv
2025,spring,kinki,奈良,春季奈良大会 2025 日程・結果,3R,2025-04-27,天理,15,西大和学園,0,https://koshien89.com/blog-entry-3441.html,5innings,data/06_kinki/nara_2025.csv
2025,spring,kinki,奈良,春季奈良大会 2025 日程・結果,3R,2025-04-26,奈良,3,五條,2,https://koshien89.com/blog-entry-3441.html,,data/06_kinki/nara_2025.csv
2025,spring,kinki,奈良,春季奈良大会 2025 日程・結果,2R,2025-04-26,県大附属,0,橿原学院,10,https://koshien89.com/blog-entry-3441.html,6innings,data/06_kinki/nara_2025.csv
2025,spring,kinki,奈良,春季奈良大会 2025 日程・結果,2R,2025-04-26,磯城野,3,一条,1,https://koshien89.com/blog-entry-3441.html,,data/06_kinki/nara_2025.csv
2025,spring,kinki,奈良,春季奈良大会 2025 日程・結果,2R,2025-04-20,高田,0,天理,10,https://koshien89.com/blog-entry-3441.html,7innings,data/06_kinki/nara_2025.csv
2025,spring,kinki,奈良,春季奈良大会 2025 日程・結果,2R,2025-04-20,奈良商工,1,御所実業,5,https://koshien89.com/blog-entry-3441.html,,data/06_kinki/nara_2025.csv
2025,spring,kinki,奈良,春季奈良大会 2025 日程・結果,2R,2025-04-20,奈良高専,4,桜井,3,https://koshien89.com/blog-entry-3441.html,,data/06_kinki/nara_2025.csv
2025,spring,kinki,奈良,春季奈良大会 2025 日程・結果,2R,2025-04-19,宇陀,2,奈良北,17,https://koshien89.com/blog-entry-3441.html,5innings,data/06_kinki/nara_2025.csv
2025,spring,kinki,奈良,春季奈良大会 2025 日程・結果,2R,2025-04-19,西大和学園,5,香芝,4,https://koshien89.com/blog-entry-3441.html,,data/06_kinki/nara_2025.csv
2025,spring,kinki,奈良,春季奈良大会 2025 日程・結果,2R,2025-04-19,大和広陵,3,奈良大附,4,https://koshien89.com/blog-entry-3441.html,10innings,data/06_kinki/nara_2025.csv
2025,spring,kinki,奈良,春季奈良大会 2025 日程・結果,2R,2025-04-19,青翔・奈良南・十津川,1,王寺工業,2,https://koshien89.com/blog-entry-3441.html,,data/06_kinki/nara_2025.csv
2025,spring,kinki,奈良,春季奈良大会 2025 日程・結果,2R,2025-04-19,奈女大附,7,橿原,8,https://koshien89.com/blog-entry-3441.html,10innings,data/06_kinki/nara_2025.csv
2025,spring,kinki,奈良,春季奈良大会 2025 日程・結果,2R,2025-04-19,帝塚山,0,生駒,6,https://koshien89.com/blog-entry-3441.html,,data/06_kinki/nara_2025.csv
2025,spring,kinki,奈良,春季奈良大会 2025 日程・結果,2R,2025-04-13,法隆寺国際,6,高円芸術・国際・二階堂・山辺,1,https://koshien89.com/blog-entry-3441.html,,data/06_kinki/nara_2025.csv
2025,spring,kinki,奈良,春季奈良大会 2025 日程・結果,2R,2025-04-13,畝傍,5,高田商業,3,https://koshien89.com/blog-entry-3441.html,,data/06_kinki/nara_2025.csv
2025,spring,kinki,奈良,春季奈良大会 2025 日程・結果,2R,2025-04-13,西和清陵,0,智辯学園,19,https://koshien89.com/blog-entry-3441.html,5innings,data/06_kinki/nara_2025.csv
2025,spring,kinki,奈良,春季奈良大会 2025 日程・結果,2R,2025-04-12,郡山,2,奈良,6,https://koshien89.com/blog-entry-3441.html,,data/06_kinki/nara_2025.csv
2025,spring,kinki,奈良,春季奈良大会 2025 日程・結果,2R,2025-04-12,五條,12,添上,3,https://koshien89.com/blog-entry-3441.html,7innings,data/06_kinki/nara_2025.csv
2025,spring,kinki,奈良,春季奈良大会 2025 日程・結果,1R,2025-04-12,県立商業,2,大和広陵,9,https://koshien89.com/blog-entry-3441.html,,data/06_kinki/nara_2025.csv
2025,spring,kinki,奈良,春季奈良大会 2025 日程・結果,1R,2025-04-12,橿原,6,高取国際,1,https://koshien89.com/blog-entry-3441.html,,data/06_kinki/nara_2025.csv
2025,spring,kinki,大阪,春季大阪大会 2025 日程・結果,F,2025-05-18,大阪桐蔭,6,履正社,2,https://koshien89.com/blog-entry-3460.html,,data/06_kinki/osaka_2025.csv
2025,spring,kinki,大阪,春季大阪大会 2025 日程・結果,SF,2025-05-11,関大北陽,2,履正社,4,https://koshien89.com/blog-entry-3460.html,11innings,data/06_kinki/osaka_2025.csv
2025,spring,kinki,大阪,春季大阪大会 2025 日程・結果,SF,2025-05-11,大阪桐蔭,11,大体大浪商,0,https://koshien89.com/blog-entry-3460.html,5innings,data/06_kinki/osaka_2025.csv
2025,spring,kinki,大阪,春季大阪大会 2025 日程・結果,QF,2025-05-10,大阪桐蔭,15,堺東,1,https://koshien89.com/blog-entry-3460.html,6innings,data/06_kinki/osaka_2025.csv
2025,spring,kinki,大阪,春季大阪大会 2025 日程・結果,QF,2025-05-10,大体大浪商,6,東海大仰星,1,https://koshien89.com/blog-entry-3460.html,,data/06_kinki/osaka_2025.csv
2025,spring,kinki,大阪,春季大阪大会 2025 日程・結果,QF,2025-05-10,興國,1,関大北陽,3,https://koshien89.com/blog-entry-3460.html,,data/06_kinki/osaka_2025.csv
2025,spring,kinki,大阪,春季大阪大会 2025 日程・結果,QF,2025-05-10,履正社,4,東大阪大柏原,0,https://koshien89.com/blog-entry-3460.html,,data/06_kinki/osaka_2025.csv
2025,spring,kinki,大阪,春季大阪大会 2025 日程・結果,5R,2025-05-05,精華,2,大阪桐蔭,7,https://koshien89.com/blog-entry-3460.html,,data/06_kinki/osaka_2025.csv
2025,spring,kinki,大阪,春季大阪大会 2025 日程・結果,5R,2025-05-05,履正社,4,大阪学院大高,3,https://koshien89.com/blog-entry-3460.html,10innings,data/06_kinki/osaka_2025.csv
2025,spring,kinki,大阪,春季大阪大会 2025 日程・結果,5R,2025-05-05,香里丘,4,大体大浪商,7,https://koshien89.com/blog-entry-3460.html,,data/06_kinki/osaka_2025.csv
2025,spring,kinki,大阪,春季大阪大会 2025 日程・結果,5R,2025-05-05,東大阪大柏原,11,都島工,0,https://koshien89.com/blog-entry-3460.html,6innings,data/06_kinki/osaka_2025.csv
2025,spring,kinki,大阪,春季大阪大会 2025 日程・結果,5R,2025-05-05,大商大堺,2,東海大仰星,5,https://koshien89.com/blog-entry-3460.html,10innings,data/06_kinki/osaka_2025.csv
2025,spring,kinki,大阪,春季大阪大会 2025 日程・結果,5R,2025-05-05,箕面学園,7,堺東,8,https://koshien89.com/blog-entry-3460.html,10innings,data/06_kinki/osaka_2025.csv
2025,spring,kinki,大阪,春季大阪大会 2025 日程・結果,5R,2025-05-05,関大一,2,関大北陽,4,https://koshien89.com/blog-entry-3460.html,,data/06_kinki/osaka_2025.csv
2025,spring,kinki,大阪,春季大阪大会 2025 日程・結果,5R,2025-05-05,阪南大高,5,興國,6,https://koshien89.com/blog-entry-3460.html,12innings,data/06_kinki/osaka_2025.csv
2025,spring,kinki,大阪,春季大阪大会 2025 日程・結果,4R,2025-05-03,岸和田産,0,阪南大高,8,https://koshien89.com/blog-entry-3460.html,7innings,data/06_kinki/osaka_2025.csv
2025,spring,kinki,大阪,春季大阪大会 2025 日程・結果,4R,2025-05-03,興國,6,山本,5,https://koshien89.com/blog-entry-3460.html,,data/06_kinki/osaka_2025.csv
2025,spring,kinki,大阪,春季大阪大会 2025 日程・結果,4R,2025-05-03,大阪学院大高,10,大阪電通大高,0,https://koshien89.com/blog-entry-3460.html,6innings,data/06_kinki/osaka_2025.csv
2025,spring,kinki,大阪,春季大阪大会 2025 日程・結果,4R,2025-05-03,東大阪大柏原,10,高津,0,https://koshien89.com/blog-entry-3460.html,6innings,data/06_kinki/osaka_2025.csv
2025,spring,kinki,大阪,春季大阪大会 2025 日程・結果,4R,2025-05-03,城東工科,8,精華,9,https://koshien89.com/blog-entry-3460.html,10innings,data/06_kinki/osaka_2025.csv
2025,spring,kinki,大阪,春季大阪大会 2025 日程・結果,4R,2025-05-03,関大北陽,11,八尾,1,https://koshien89.com/blog-entry-3460.html,7innings,data/06_kinki/osaka_2025.csv
2025,spring,kinki,大阪,春季大阪大会 2025 日程・結果,4R,2025-05-03,都島工,2,大阪偕星学園,1,https://koshien89.com/blog-entry-3460.html,,data/06_kinki/osaka_2025.csv
2025,spring,kinki,大阪,春季大阪大会 2025 日程・結果,4R,2025-05-03,上宮,2,履正社,6,https://koshien89.com/blog-entry-3460.html,,data/06_kinki/osaka_2025.csv
2025,spring,kinki,大阪,春季大阪大会 2025 日程・結果,4R,2025-05-03,箕面学園,13,星翔,0,https://koshien89.com/blog-entry-3460.html,6innings,data/06_kinki/osaka_2025.csv
2025,spring,kinki,大阪,春季大阪大会 2025 日程・結果,4R,2025-05-03,東海大仰星,5,上宮太子,2,https://koshien89.com/blog-entry-3460.html,,data/06_kinki/osaka_2025.csv
2025,spring,kinki,大阪,春季大阪大会 2025 日程・結果,4R,2025-05-03,関大一,8,近大附,7,https://koshien89.com/blog-entry-3460.html,,data/06_kinki/osaka_2025.csv
2025,spring,kinki,大阪,春季大阪大会 2025 日程・結果,4R,2025-05-03,大阪桐蔭,20,和泉,3,https://koshien89.com/blog-entry-3460.html,6innings,data/06_kinki/osaka_2025.csv
2025,spring,kinki,大阪,春季大阪大会 2025 日程・結果,4R,2025-05-03,大商大堺,4,明星,1,https://koshien89.com/blog-entry-3460.html,,data/06_kinki/osaka_2025.csv
2025,spring,kinki,大阪,春季大阪大会 2025 日程・結果,4R,2025-05-03,堺東,10,旭,6,https://koshien89.com/blog-entry-3460.html,,data/06_kinki/osaka_2025.csv
2025,spring,kinki,大阪,春季大阪大会 2025 日程・結果,4R,2025-05-03,大体大浪商,4,浪速,2,https://koshien89.com/blog-entry-3460.html,,data/06_kinki/osaka_2025.csv
2025,spring,kinki,大阪,春季大阪大会 2025 日程・結果,4R,2025-05-03,香里丘,5,生野,2,https://koshien89.com/blog-entry-3460.html,,data/06_kinki/osaka_2025.csv
2025,spring,kinki,大阪,春季大阪大会 2025 日程・結果,3R,2025-04-29,今宮,0,箕面学園,7,https://koshien89.com/blog-entry-3460.html,7innings,data/06_kinki/osaka_2025.csv
2025,spring,kinki,大阪,春季大阪大会 2025 日程・結果,3R,2025-04-29,城東工科,10,汎愛,5,https://koshien89.com/blog-entry-3460.html,,data/06_kinki/osaka_2025.csv
2025,spring,kinki,大阪,春季大阪大会 2025 日程・結果,3R,2025-04-29,関西大倉,2,大阪偕星学園,11,https://koshien89.com/blog-entry-3460.html,7innings,data/06_kinki/osaka_2025.csv
2025,spring,kinki,大阪,春季大阪大会 2025 日程・結果,3R,2025-04-29,大阪電通大高,8,大阪学芸,5,https://koshien89.com/blog-entry-3460.html,,data/06_kinki/osaka_2025.csv
2025,spring,kinki,大阪,春季大阪大会 2025 日程・結果,3R,2025-04-29,大阪学院大高,9,金光八尾,0,https://koshien89.com/blog-entry-3460.html,7innings,data/06_kinki/osaka_2025.csv
2025,spring,kinki,大阪,春季大阪大会 2025 日程・結果,3R,2025-04-29,早稲田大阪,1,都島工,8,https://koshien89.com/blog-entry-3460.html,,data/06_kinki/osaka_2025.csv
2025,spring,kinki,大阪,春季大阪大会 2025 日程・結果,3R,2025-04-29,阪南大高,2,布施,1,https://koshien89.com/blog-entry-3460.html,,data/06_kinki/osaka_2025.csv
2025,spring,kinki,大阪,春季大阪大会 2025 日程・結果,3R,2025-04-29,池田,2,明星,3,https://koshien89.com/blog-entry-3460.html,,data/06_kinki/osaka_2025.csv
2025,spring,kinki,大阪,春季大阪大会 2025 日程・結果,3R,2025-04-29,大産大附,5,大商大堺,6,https://koshien89.com/blog-entry-3460.html,10innings,data/06_kinki/osaka_2025.csv
2025,spring,kinki,大阪,春季大阪大会 2025 日程・結果,3R,2025-04-29,茨木,3,岸和田産,6,https://koshien89.com/blog-entry-3460.html,,data/06_kinki/osaka_2025.csv
2025,spring,kinki,大阪,春季大阪大会 2025 日程・結果,3R,2025-04-29,精華,8,羽衣学園,1,https://koshien89.com/blog-entry-3460.html,7innings,data/06_kinki/osaka_2025.csv
2025,spring,kinki,大阪,春季大阪大会 2025 日程・結果,3R,2025-04-29,浪速,2,登美丘,1,https://koshien89.com/blog-entry-3460.html,,data/06_kinki/osaka_2025.csv
2025,spring,kinki,大阪,春季大阪大会 2025 日程・結果,3R,2025-04-29,大体大浪商,11,岸和田,0,https://koshien89.com/blog-entry-3460.html,5innings,data/06_kinki/osaka_2025.csv
2025,spring,kinki,大阪,春季大阪大会 2025 日程・結果,3R,2025-04-29,久米田,0,香里丘,4,https://koshien89.com/blog-entry-3460.html,,data/06_kinki/osaka_2025.csv
2025,spring,kinki,大阪,春季大阪大会 2025 日程・結果,3R,2025-04-27,東海大仰星,4,大冠,3,https://koshien89.com/blog-entry-3460.html,,data/06_kinki/osaka_2025.csv
2025,spring,kinki,大阪,春季大阪大会 2025 日程・結果,3R,2025-04-27,関大北陽,10,門真なみはや,0,https://koshien89.com/blog-entry-3460.html,6innings,data/06_kinki/osaka_2025.csv
2025,spring,kinki,大阪,春季大阪大会 2025 日程・結果,3R,2025-04-27,興國,4,同志社香里,0,https://koshien89.com/blog-entry-3460.html,,data/06_kinki/osaka_2025.csv
2025,spring,kinki,大阪,春季大阪大会 2025 日程・結果,3R,2025-04-27,市岡,3,関大一,12,https://koshien89.com/blog-entry-3460.html,7innings,data/06_kinki/osaka_2025.csv
2025,spring,kinki,大阪,春季大阪大会 2025 日程・結果,3R,2025-04-27,近大附,7,山田,0,https://koshien89.com/blog-entry-3460.html,7innings,data/06_kinki/osaka_2025.csv
2025,spring,kinki,大阪,春季大阪大会 2025 日程・結果,3R,2025-04-27,三島,1,上宮,11,https://koshien89.com/blog-entry-3460.html,6innings,data/06_kinki/osaka_2025.csv
2025,spring,kinki,大阪,春季大阪大会 2025 日程・結果,3R,2025-04-27,近大泉州,4,堺東,7,https://koshien89.com/blog-entry-3460.html,10innings,data/06_kinki/osaka_2025.csv
2025,spring,kinki,大阪,春季大阪大会 2025 日程・結果,3R,2025-04-27,上宮太子,9,桃山学院,1,https://koshien89.com/blog-entry-3460.html,7innings,data/06_kinki/osaka_2025.csv
2025,spring,kinki,大阪,春季大阪大会 2025 日程・結果,3R,2025-04-27,堺西,0,東大阪大柏原,8,https://koshien89.com/blog-entry-3460.html,8innings,data/06_kinki/osaka_2025.csv
2025,spring,kinki,大阪,春季大阪大会 2025 日程・結果,2R,2025-04-27,渋谷,1,関西大倉,2,https://koshien89.com/blog-entry-3460.html,10innings,data/06_kinki/osaka_2025.csv
2025,spring,kinki,大阪,春季大阪大会 2025 日程・結果,2R,2025-04-27,汎愛,3,大阪,1,https://koshien89.com/blog-entry-3460.html,,data/06_kinki/osaka_2025.csv
2025,spring,kinki,大阪,春季大阪大会 2025 日程・結果,2R,2025-04-27,大商大堺,10,今宮工科,0,https://koshien89.com/blog-entry-3460.html,6innings,data/06_kinki/osaka_2025.csv
2025,spring,kinki,大阪,春季大阪大会 2025 日程・結果,2R,2025-04-27,羽衣学園,11,箕面自由学園,2,https://koshien89.com/blog-entry-3460.html,7innings,data/06_kinki/osaka_2025.csv
2025,spring,kinki,大阪,春季大阪大会 2025 日程・結果,2R,2025-04-27,大阪国際,10,金光八尾,13,https://koshien89.com/blog-entry-3460.html,11innings,data/06_kinki/osaka_2025.csv
2025,spring,kinki,大阪,春季大阪大会 2025 日程・結果,2R,2025-04-27,懐風館,2,早稲田大阪,12,https://koshien89.com/blog-entry-3460.html,6innings,data/06_kinki/osaka_2025.csv
2025,spring,kinki,大阪,春季大阪大会 2025 日程・結果,2R,2025-04-27,岸和田産,8,堺市立堺,1,https://koshien89.com/blog-entry-3460.html,8innings,data/06_kinki/osaka_2025.csv
2025,spring,kinki,大阪,春季大阪大会 2025 日程・結果,3R,2025-04-26,履正社,24,港,0,https://koshien89.com/blog-entry-3460.html,5innings,data/06_kinki/osaka_2025.csv
2025,spring,kinki,大阪,春季大阪大会 2025 日程・結果,3R,2025-04-26,星翔,8,北野,1,https://koshien89.com/blog-entry-3460.html,7innings,data/06_kinki/osaka_2025.csv
2025,spring,kinki,大阪,春季大阪大会 2025 日程・結果,3R,2025-04-26,生野,15,佐野工科・堺工科,0,https://koshien89.com/blog-entry-3460.html,5innings,data/06_kinki/osaka_2025.csv
2025,spring,kinki,大阪,春季大阪大会 2025 日程・結果,3R,2025-04-26,八尾,7,太成学院大高,5,https://koshien89.com/blog-entry-3460.html,,data/06_kinki/osaka_2025.csv
2025,spring,kinki,大阪,春季大阪大会 2025 日程・結果,3R,2025-04-26,大商大高,0,大阪桐蔭,11,https://koshien89.com/blog-entry-3460.html,5innings,data/06_kinki/osaka_2025.csv
2025,spring,kinki,大阪,春季大阪大会 2025 日程・結果,2R,2025-04-26,箕面学園,12,天王寺,2,https://koshien89.com/blog-entry-3460.html,6innings,data/06_kinki/osaka_2025.csv
2025,spring,kinki,大阪,春季大阪大会 2025 日程・結果,2R,2025-04-26,緑風冠,3,香里丘,7,https://koshien89.com/blog-entry-3460.html,,data/06_kinki/osaka_2025.csv
2025,spring,kinki,大阪,春季大阪大会 2025 日程・結果,2R,2025-04-26,淀川工科,0,今宮,7,https://koshien89.com/blog-entry-3460.html,8innings,data/06_kinki/osaka_2025.csv
2025,spring,kinki,大阪,春季大阪大会 2025 日程・結果,3R,2025-04-20,高津,5,東,3,https://koshien89.com/blog-entry-3460.html,,data/06_kinki/osaka_2025.csv
2025,spring,kinki,大阪,春季大阪大会 2025 日程・結果,2R,2025-04-20,大阪学院大高,10,清水谷,0,https://koshien89.com/blog-entry-3460.html,5innings,data/06_kinki/osaka_2025.csv
2025,spring,kinki,大阪,春季大阪大会 2025 日程・結果,2R,2025-04-20,清教学園,4,堺東,5,https://koshien89.com/blog-entry-3460.html,10innings,data/06_kinki/osaka_2025.csv
2025,spring,kinki,大阪,春季大阪大会 2025 日程・結果,2R,2025-04-20,関西創価,0,大阪電通大高,5,https://koshien89.com/blog-entry-3460.html,,data/06_kinki/osaka_2025.csv
2025,spring,kinki,大阪,春季大阪大会 2025 日程・結果,2R,2025-04-20,関大一,12,茨木工科・北摂つばさ・箕面東,2,https://koshien89.com/blog-entry-3460.html,7innings,data/06_kinki/osaka_2025.csv
2025,spring,kinki,大阪,春季大阪大会 2025 日程・結果,2R,2025-04-20,東海大仰星,12,富田林・藤井寺,0,https://koshien89.com/blog-entry-3460.html,5innings,data/06_kinki/osaka_2025.csv
2025,spring,kinki,大阪,春季大阪大会 2025 日程・結果,2R,2025-04-20,関大北陽,8,摂津,1,https://koshien89.com/blog-entry-3460.html,7innings,data/06_kinki/osaka_2025.csv
2025,spring,kinki,大阪,春季大阪大会 2025 日程・結果,2R,2025-04-20,桃山学院,8,刀根山,3,https://koshien89.com/blog-entry-3460.html,,data/06_kinki/osaka_2025.csv
2025,spring,kinki,大阪,春季大阪大会 2025 日程・結果,2R,2025-04-20,大商大高,10,大手前,0,https://koshien89.com/blog-entry-3460.html,6innings,data/06_kinki/osaka_2025.csv
2025,spring,kinki,大阪,春季大阪大会 2025 日程・結果,2R,2025-04-20,大阪立命館,2,上宮,9,https://koshien89.com/blog-entry-3460.html,8innings,data/06_kinki/osaka_2025.csv
2025,spring,kinki,大阪,春季大阪大会 2025 日程・結果,2R,2025-04-20,大産大附,11,追手門学院,2,https://koshien89.com/blog-entry-3460.html,7innings,data/06_kinki/osaka_2025.csv
2025,spring,kinki,大阪,春季大阪大会 2025 日程・結果,2R,2025-04-20,八尾,13,泉陽,6,https://koshien89.com/blog-entry-3460.html,8innings,data/06_kinki/osaka_2025.csv
2025,spring,kinki,大阪,春季大阪大会 2025 日程・結果,2R,2025-04-20,阪南大高,12,阪南,0,https://koshien89.com/blog-entry-3460.html,6innings,data/06_kinki/osaka_2025.csv
2025,spring,kinki,大阪,春季大阪大会 2025 日程・結果,2R,2025-04-20,生野,20,住吉,0,https://koshien89.com/blog-entry-3460.html,5innings,data/06_kinki/osaka_2025.csv
2025,spring,kinki,大阪,春季大阪大会 2025 日程・結果,2R,2025-04-20,上宮太子,14,泉大津,0,https://koshien89.com/blog-entry-3460.html,5innings,data/06_kinki/osaka_2025.csv
2025,spring,kinki,大阪,春季大阪大会 2025 日程・結果,2R,2025-04-20,東大阪大柏原,11,桜宮,0,https://koshien89.com/blog-entry-3460.html,5innings,data/06_kinki/osaka_2025.csv
2025,spring,kinki,大阪,春季大阪大会 2025 日程・結果,2R,2025-04-20,豊中,0,同志社香里,3,https://koshien89.com/blog-entry-3460.html,,data/06_kinki/osaka_2025.csv
2025,spring,kinki,大阪,春季大阪大会 2025 日程・結果,1R,2025-04-20,大商大堺,4,寝屋川,1,https://koshien89.com/blog-entry-3460.html,,data/06_kinki/osaka_2025.csv
2025,spring,kinki,大阪,春季大阪大会 2025 日程・結果,1R,2025-04-20,岸和田産,13,常翔啓光学園,5,https://koshien89.com/blog-entry-3460.html,8innings,data/06_kinki/osaka_2025.csv
2025,spring,kinki,大阪,春季大阪大会 2025 日程・結果,1R,2025-04-20,千里青雲,3,汎愛,5,https://koshien89.com/blog-entry-3460.html,10innings,data/06_kinki/osaka_2025.csv
2025,spring,kinki,大阪,春季大阪大会 2025 日程・結果,3R,2025-04-19,八尾翠翔,1,山本,8,https://koshien89.com/blog-entry-3460.html,8innings,data/06_kinki/osaka_2025.csv
2025,spring,kinki,大阪,春季大阪大会 2025 日程・結果,3R,2025-04-19,和泉,12,佐野,7,https://koshien89.com/blog-entry-3460.html,,data/06_kinki/osaka_2025.csv
2025,spring,kinki,大阪,春季大阪大会 2025 日程・結果,2R,2025-04-19,成城,1,港,8,https://koshien89.com/blog-entry-3460.html,7innings,data/06_kinki/osaka_2025.csv
2025,spring,kinki,大阪,春季大阪大会 2025 日程・結果,2R,2025-04-19,大冠,9,東住吉,1,https://koshien89.com/blog-entry-3460.html,7innings,data/06_kinki/osaka_2025.csv
2025,spring,kinki,大阪,春季大阪大会 2025 日程・結果,2R,2025-04-19,門真なみはや,10,河南,7,https://koshien89.com/blog-entry-3460.html,,data/06_kinki/osaka_2025.csv
2025,spring,kinki,大阪,春季大阪大会 2025 日程・結果,2R,2025-04-19,高槻,0,久米田,10,https://koshien89.com/blog-entry-3460.html,5innings,data/06_kinki/osaka_2025.csv
2025,spring,kinki,大阪,春季大阪大会 2025 日程・結果,2R,2025-04-19,履正社,10,春日丘,0,https://koshien89.com/blog-entry-3460.html,5innings,data/06_kinki/osaka_2025.csv
2025,spring,kinki,大阪,春季大阪大会 2025 日程・結果,2R,2025-04-19,守口東,0,都島工,6,https://koshien89.com/blog-entry-3460.html,,data/06_kinki/osaka_2025.csv
2025,spring,kinki,大阪,春季大阪大会 2025 日程・結果,2R,2025-04-19,浪速,9,桜塚,1,https://koshien89.com/blog-entry-3460.html,8innings,data/06_kinki/osaka_2025.csv
2025,spring,kinki,大阪,春季大阪大会 2025 日程・結果,2R,2025-04-19,夕陽丘,1,大阪学芸,10,https://koshien89.com/blog-entry-3460.html,7innings,data/06_kinki/osaka_2025.csv
2025,spring,kinki,大阪,春季大阪大会 2025 日程・結果,2R,2025-04-19,太成学院大高,13,大阪星光学院,0,https://koshien89.com/blog-entry-3460.html,7innings,data/06_kinki/osaka_2025.csv
2025,spring,kinki,大阪,春季大阪大会 2025 日程・結果,1R,2025-04-19,緑風冠,9,大教大池田,6,https://koshien89.com/blog-entry-3460.html,,data/06_kinki/osaka_2025.csv
2025,spring,kinki,大阪,春季大阪大会 2025 日程・結果,2R,2025-04-12,興國,13,工業高専,0,https://koshien89.com/blog-entry-3460.html,5innings,data/06_kinki/osaka_2025.csv
2025,spring,kinki,大阪,春季大阪大会 2025 日程・結果,2R,2025-04-12,城東工科,3,牧野,1,https://koshien89.com/blog-entry-3460.html,,data/06_kinki/osaka_2025.csv
2025,spring,kinki,大阪,春季大阪大会 2025 日程・結果,2R,2025-04-12,精華,2,英真学園,1,https://koshien89.com/blog-entry-3460.html,,data/06_kinki/osaka_2025.csv
2025,spring,kinki,大阪,春季大阪大会 2025 日程・結果,2R,2025-04-12,三国丘,0,大阪桐蔭,7,https://koshien89.com/blog-entry-3460.html,8innings,data/06_kinki/osaka_2025.csv
2025,spring,kinki,大阪,春季大阪大会 2025 日程・結果,2R,2025-04-12,和泉,15,高槻北,0,https://koshien89.com/blog-entry-3460.html,5innings,data/06_kinki/osaka_2025.csv
2025,spring,kinki,大阪,春季大阪大会 2025 日程・結果,2R,2025-04-12,佐野,19,東住吉総合・大正白稜・泉尾工・柴島・東淀工・淀川清流,0,https://koshien89.com/blog-entry-3460.html,5innings,data/06_kinki/osaka_2025.csv
2025,spring,kinki,大阪,春季大阪大会 2025 日程・結果,2R,2025-04-12,北野,30,枚方なぎさ,0,https://koshien89.com/blog-entry-3460.html,5innings,data/06_kinki/osaka_2025.csv
2025,spring,kinki,大阪,春季大阪大会 2025 日程・結果,2R,2025-04-12,阿倍野,1,岸和田,8,https://koshien89.com/blog-entry-3460.html,7innings,data/06_kinki/osaka_2025.csv
2025,spring,kinki,大阪,春季大阪大会 2025 日程・結果,2R,2025-04-12,登美丘,8,千里,5,https://koshien89.com/blog-entry-3460.html,,data/06_kinki/osaka_2025.csv
2025,spring,kinki,大阪,春季大阪大会 2025 日程・結果,2R,2025-04-12,狭山・藤井寺工科・金剛,2,茨木,8,https://koshien89.com/blog-entry-3460.html,,data/06_kinki/osaka_2025.csv
2025,spring,kinki,大阪,春季大阪大会 2025 日程・結果,2R,2025-04-12,淀商,7,布施,14,https://koshien89.com/blog-entry-3460.html,8innings,data/06_kinki/osaka_2025.csv
2025,spring,kinki,大阪,春季大阪大会 2025 日程・結果,2R,2025-04-12,大阪ﾋﾞｼﾞﾈｽﾌﾛﾝﾃｨｱ,2,東,10,https://koshien89.com/blog-entry-3460.html,,data/06_kinki/osaka_2025.csv
2025,spring,kinki,大阪,春季大阪大会 2025 日程・結果,2R,2025-04-12,大阪偕星学園,11,大塚,2,https://koshien89.com/blog-entry-3460.html,7innings,data/06_kinki/osaka_2025.csv
2025,spring,kinki,大阪,春季大阪大会 2025 日程・結果,1R,2025-04-12,太成学院大高,25,野崎,2,https://koshien89.com/blog-entry-3460.html,5innings,data/06_kinki/osaka_2025.csv
2025,spring,kinki,大阪,春季大阪大会 2025 日程・結果,2R,2025-04-06,金光大阪,1,池田,2,https://koshien89.com/blog-entry-3460.html,,data/06_kinki/osaka_2025.csv
2025,spring,kinki,大阪,春季大阪大会 2025 日程・結果,2R,2025-04-06,星翔,5,高石,0,https://koshien89.com/blog-entry-3460.html,,data/06_kinki/osaka_2025.csv
2025,spring,kinki,大阪,春季大阪大会 2025 日程・結果,2R,2025-04-06,近大泉州,8,枚方津田,0,https://koshien89.com/blog-entry-3460.html,7innings,data/06_kinki/osaka_2025.csv
2025,spring,kinki,大阪,春季大阪大会 2025 日程・結果,2R,2025-04-06,桜和,1,佐野工科・堺工科,14,https://koshien89.com/blog-entry-3460.html,5innings,data/06_kinki/osaka_2025.csv
2025,spring,kinki,大阪,春季大阪大会 2025 日程・結果,2R,2025-04-06,大体大浪商,10,大阪教育センター附,0,https://koshien89.com/blog-entry-3460.html,6innings,data/06_kinki/osaka_2025.csv
2025,spring,kinki,大阪,春季大阪大会 2025 日程・結果,2R,2025-04-06,明星,7,大阪青凌,6,https://koshien89.com/blog-entry-3460.html,,data/06_kinki/osaka_2025.csv
2025,spring,kinki,大阪,春季大阪大会 2025 日程・結果,2R,2025-04-06,豊島,12,八尾翠翔,7,https://koshien89.com/blog-entry-3460.html,,data/06_kinki/osaka_2025.csv
2025,spring,kinki,大阪,春季大阪大会 2025 日程・結果,2R,2025-04-06,山本,15,大教大天王寺,5,https://koshien89.com/blog-entry-3460.html,5innings,data/06_kinki/osaka_2025.csv
2025,spring,kinki,大阪,春季大阪大会 2025 日程・結果,2R,2025-04-06,東淀川,4,市岡,13,https://koshien89.com/blog-entry-3460.html,7innings,data/06_kinki/osaka_2025.csv
2025,spring,kinki,大阪,春季大阪大会 2025 日程・結果,2R,2025-04-06,近大附,10,布施工科,0,https://koshien89.com/blog-entry-3460.html,6innings,data/06_kinki/osaka_2025.csv
2025,spring,kinki,大阪,春季大阪大会 2025 日程・結果,2R,2025-04-06,北かわち皐が丘,2,山田,20,https://koshien89.com/blog-entry-3460.html,5innings,data/06_kinki/osaka_2025.csv
2025,spring,kinki,大阪,春季大阪大会 2025 日程・結果,2R,2025-04-06,園芸,0,三島,8,https://koshien89.com/blog-entry-3460.html,7innings,data/06_kinki/osaka_2025.csv
2025,spring,kinki,大阪,春季大阪大会 2025 日程・結果,2R,2025-04-06,槻の木,5,高津,12,https://koshien89.com/blog-entry-3460.html,8innings,data/06_kinki/osaka_2025.csv
2025,spring,kinki,大阪,春季大阪大会 2025 日程・結果,1R,2025-04-06,三国丘,6,花園,0,https://koshien89.com/blog-entry-3460.html,,data/06_kinki/osaka_2025.csv
2025,spring,kinki,大阪,春季大阪大会 2025 日程・結果,1R,2025-04-06,箕面学園,12,阿武野,5,https://koshien89.com/blog-entry-3460.html,7innings,data/06_kinki/osaka_2025.csv
2025,spring,kinki,大阪,春季大阪大会 2025 日程・結果,1R,2025-04-06,清教学園,12,日新,0,https://koshien89.com/blog-entry-3460.html,5innings,data/06_kinki/osaka_2025.csv
2025,spring,kinki,大阪,春季大阪大会 2025 日程・結果,1R,2025-04-06,常翔学園,3,桃山学院,4,https://koshien89.com/blog-entry-3460.html,,data/06_kinki/osaka_2025.csv
2025,spring,kinki,大阪,春季大阪大会 2025 日程・結果,1R,2025-04-06,関大一,10,いちりつ,1,https://koshien89.com/blog-entry-3460.html,7innings,data/06_kinki/osaka_2025.csv
2025,spring,kinki,大阪,春季大阪大会 2025 日程・結果,1R,2025-04-06,交野,1,大阪立命館,9,https://koshien89.com/blog-entry-3460.html,7innings,data/06_kinki/osaka_2025.csv
2025,spring,kinki,大阪,春季大阪大会 2025 日程・結果,1R,2025-04-06,東大阪大柏原,10,大商学園,0,https://koshien89.com/blog-entry-3460.html,6innings,data/06_kinki/osaka_2025.csv
2025,spring,kinki,大阪,春季大阪大会 2025 日程・結果,2R,2025-04-05,信太,3,旭,17,https://koshien89.com/blog-entry-3460.html,5innings,data/06_kinki/osaka_2025.csv
2025,spring,kinki,大阪,春季大阪大会 2025 日程・結果,2R,2025-04-05,みどり清朋,12,咲くやこの花,5,https://koshien89.com/blog-entry-3460.html,8innings,data/06_kinki/osaka_2025.csv
2025,spring,kinki,大阪,春季大阪大会 2025 日程・結果,1R,2025-04-05,堺上・和泉総合,3,阿倍野,10,https://koshien89.com/blog-entry-3460.html,8innings,data/06_kinki/osaka_2025.csv
2025,spring,kinki,大阪,春季大阪大会 2025 日程・結果,1R,2025-04-05,長野,0,大冠,25,https://koshien89.com/blog-entry-3460.html,5innings,data/06_kinki/osaka_2025.csv
2025,spring,kinki,大阪,春季大阪大会 2025 日程・結果,1R,2025-04-05,四條畷,8,豊中,11,https://koshien89.com/blog-entry-3460.html,,data/06_kinki/osaka_2025.csv
2025,spring,kinki,大阪,春季大阪大会 2025 日程・結果,1R,2025-04-05,伯太,5,門真なみはや,10,https://koshien89.com/blog-entry-3460.html,,data/06_kinki/osaka_2025.csv
2025,spring,kinki,大阪,春季大阪大会 2025 日程・結果,1R,2025-04-05,八尾北・門真西・開明・布施北・西成,0,大阪国際,11,https://koshien89.com/blog-entry-3460.html,5innings,data/06_kinki/osaka_2025.csv
2025,spring,kinki,大阪,春季大阪大会 2025 日程・結果,1R,2025-04-05,西野田工科,1,守口東,6,https://koshien89.com/blog-entry-3460.html,,data/06_kinki/osaka_2025.csv
2025,spring,kinki,大阪,春季大阪大会 2025 日程・結果,1R,2025-04-05,大阪偕星学園,2,吹田,1,https://koshien89.com/blog-entry-3460.html,,data/06_kinki/osaka_2025.csv
2025,spring,kinki,滋賀,春季滋賀大会 2025 日程・結果,F,2025-05-10,滋賀学園,8,近江,0,https://koshien89.com/blog-entry-3489.html,,data/06_kinki/shiga_2025.csv
2025,spring,kinki,滋賀,春季滋賀大会 2025 日程・結果,3P,2025-05-10,綾羽,3,彦根総合,0,https://koshien89.com/blog-entry-3489.html,,data/06_kinki/shiga_2025.csv
2025,spring,kinki,滋賀,春季滋賀大会 2025 日程・結果,SF,2025-05-04,滋賀学園,4,綾羽,1,https://koshien89.com/blog-entry-3489.html,,data/06_kinki/shiga_2025.csv
2025,spring,kinki,滋賀,春季滋賀大会 2025 日程・結果,SF,2025-05-04,彦根総合,2,近江,4,https://koshien89.com/blog-entry-3489.html,,data/06_kinki/shiga_2025.csv
2025,spring,kinki,滋賀,春季滋賀大会 2025 日程・結果,QF,2025-05-03,八幡工業,0,滋賀学園,8,https://koshien89.com/blog-entry-3489.html,8innings,data/06_kinki/shiga_2025.csv
2025,spring,kinki,滋賀,春季滋賀大会 2025 日程・結果,QF,2025-05-03,彦根総合,5,滋賀短大附属,0,https://koshien89.com/blog-entry-3489.html,,data/06_kinki/shiga_2025.csv
2025,spring,kinki,滋賀,春季滋賀大会 2025 日程・結果,QF,2025-05-03,綾羽,7,光泉カトリック,2,https://koshien89.com/blog-entry-3489.html,,data/06_kinki/shiga_2025.csv
2025,spring,kinki,滋賀,春季滋賀大会 2025 日程・結果,QF,2025-05-03,近江,5,八幡商業,3,https://koshien89.com/blog-entry-3489.html,,data/06_kinki/shiga_2025.csv
2025,spring,kinki,滋賀,春季滋賀大会 2025 日程・結果,3R,2025-04-29,近江,12,米原,3,https://koshien89.com/blog-entry-3489.html,7innings,data/06_kinki/shiga_2025.csv
2025,spring,kinki,滋賀,春季滋賀大会 2025 日程・結果,3R,2025-04-29,滋賀短大附属,8,石山,2,https://koshien89.com/blog-entry-3489.html,,data/06_kinki/shiga_2025.csv
2025,spring,kinki,滋賀,春季滋賀大会 2025 日程・結果,3R,2025-04-29,玉川,1,八幡商業,11,https://koshien89.com/blog-entry-3489.html,5innings,data/06_kinki/shiga_2025.csv
2025,spring,kinki,滋賀,春季滋賀大会 2025 日程・結果,3R,2025-04-29,彦根総合,6,東大津,0,https://koshien89.com/blog-entry-3489.html,,data/06_kinki/shiga_2025.csv
2025,spring,kinki,滋賀,春季滋賀大会 2025 日程・結果,3R,2025-04-27,滋賀学園,1,近江兄弟社,0,https://koshien89.com/blog-entry-3489.html,,data/06_kinki/shiga_2025.csv
2025,spring,kinki,滋賀,春季滋賀大会 2025 日程・結果,3R,2025-04-27,瀬田工業,0,綾羽,7,https://koshien89.com/blog-entry-3489.html,7innings,data/06_kinki/shiga_2025.csv
2025,spring,kinki,滋賀,春季滋賀大会 2025 日程・結果,3R,2025-04-27,八幡工業,7,伊香,3,https://koshien89.com/blog-entry-3489.html,,data/06_kinki/shiga_2025.csv
2025,spring,kinki,滋賀,春季滋賀大会 2025 日程・結果,3R,2025-04-27,光泉カトリック,7,伊吹,0,https://koshien89.com/blog-entry-3489.html,,data/06_kinki/shiga_2025.csv
2025,spring,kinki,滋賀,春季滋賀大会 2025 日程・結果,2R,2025-04-26,東大津,7,大津商業,5,https://koshien89.com/blog-entry-3489.html,,data/06_kinki/shiga_2025.csv
2025,spring,kinki,滋賀,春季滋賀大会 2025 日程・結果,2R,2025-04-26,近江,10,日野,0,https://koshien89.com/blog-entry-3489.html,5innings,data/06_kinki/shiga_2025.csv
2025,spring,kinki,滋賀,春季滋賀大会 2025 日程・結果,2R,2025-04-26,八日市南,4,玉川,5,https://koshien89.com/blog-entry-3489.html,,data/06_kinki/shiga_2025.csv
2025,spring,kinki,滋賀,春季滋賀大会 2025 日程・結果,2R,2025-04-26,石山,10,甲西,5,https://koshien89.com/blog-entry-3489.html,,data/06_kinki/shiga_2025.csv
2025,spring,kinki,滋賀,春季滋賀大会 2025 日程・結果,2R,2025-04-26,米原,11,安曇川・湖南農業・守山・愛知,4,https://koshien89.com/blog-entry-3489.html,7innings,data/06_kinki/shiga_2025.csv
2025,spring,kinki,滋賀,春季滋賀大会 2025 日程・結果,2R,2025-04-26,北大津,1,八幡商業,8,https://koshien89.com/blog-entry-3489.html,,data/06_kinki/shiga_2025.csv
2025,spring,kinki,滋賀,春季滋賀大会 2025 日程・結果,2R,2025-04-26,彦根総合,13,水口東,2,https://koshien89.com/blog-entry-3489.html,5innings,data/06_kinki/shiga_2025.csv
2025,spring,kinki,滋賀,春季滋賀大会 2025 日程・結果,2R,2025-04-26,滋賀短大附属,8,虎姫,2,https://koshien89.com/blog-entry-3489.html,,data/06_kinki/shiga_2025.csv
2025,spring,kinki,滋賀,春季滋賀大会 2025 日程・結果,2R,2025-04-20,滋賀学園,7,彦根翔西館,0,https://koshien89.com/blog-entry-3489.html,8innings,data/06_kinki/shiga_2025.csv
2025,spring,kinki,滋賀,春季滋賀大会 2025 日程・結果,2R,2025-04-20,伊香,5,比叡山,1,https://koshien89.com/blog-entry-3489.html,,data/06_kinki/shiga_2025.csv
2025,spring,kinki,滋賀,春季滋賀大会 2025 日程・結果,2R,2025-04-20,光泉カトリック,6,草津東,0,https://koshien89.com/blog-entry-3489.html,,data/06_kinki/shiga_2025.csv
2025,spring,kinki,滋賀,春季滋賀大会 2025 日程・結果,2R,2025-04-20,近江兄弟社,14,大津,0,https://koshien89.com/blog-entry-3489.html,6innings,data/06_kinki/shiga_2025.csv
2025,spring,kinki,滋賀,春季滋賀大会 2025 日程・結果,2R,2025-04-20,綾羽,5,河瀬,0,https://koshien89.com/blog-entry-3489.html,,data/06_kinki/shiga_2025.csv
2025,spring,kinki,滋賀,春季滋賀大会 2025 日程・結果,2R,2025-04-20,伊吹,4,彦根東,2,https://koshien89.com/blog-entry-3489.html,,data/06_kinki/shiga_2025.csv
2025,spring,kinki,滋賀,春季滋賀大会 2025 日程・結果,2R,2025-04-20,八幡工業,5,水口,2,https://koshien89.com/blog-entry-3489.html,,data/06_kinki/shiga_2025.csv
2025,spring,kinki,滋賀,春季滋賀大会 2025 日程・結果,2R,2025-04-20,堅田,1,瀬田工業,6,https://koshien89.com/blog-entry-3489.html,,data/06_kinki/shiga_2025.csv
2025,spring,kinki,滋賀,春季滋賀大会 2025 日程・結果,1R,2025-04-19,光泉カトリック,8,栗東・石部・信楽,0,https://koshien89.com/blog-entry-3489.html,7innings,data/06_kinki/shiga_2025.csv
2025,spring,kinki,滋賀,春季滋賀大会 2025 日程・結果,1R,2025-04-19,彦根総合,5,彦根工業,0,https://koshien89.com/blog-entry-3489.html,,data/06_kinki/shiga_2025.csv
2025,spring,kinki,滋賀,春季滋賀大会 2025 日程・結果,1R,2025-04-19,守山北,0,石山,4,https://koshien89.com/blog-entry-3489.html,,data/06_kinki/shiga_2025.csv
2025,spring,kinki,滋賀,春季滋賀大会 2025 日程・結果,1R,2025-04-19,水口東,10,高島,3,https://koshien89.com/blog-entry-3489.html,7innings,data/06_kinki/shiga_2025.csv
2025,spring,kinki,滋賀,春季滋賀大会 2025 日程・結果,1R,2025-04-19,米原,10,野洲,0,https://koshien89.com/blog-entry-3489.html,5innings,data/06_kinki/shiga_2025.csv
2025,spring,kinki,滋賀,春季滋賀大会 2025 日程・結果,1R,2025-04-19,八日市南,5,草津,1,https://koshien89.com/blog-entry-3489.html,,data/06_kinki/shiga_2025.csv
2025,spring,kinki,滋賀,春季滋賀大会 2025 日程・結果,1R,2025-04-19,能登川,5,甲西,9,https://koshien89.com/blog-entry-3489.html,,data/06_kinki/shiga_2025.csv
2025,spring,kinki,滋賀,春季滋賀大会 2025 日程・結果,1R,2025-04-19,安曇川・湖南農業・守山・愛知,9,膳所,5,https://koshien89.com/blog-entry-3489.html,,data/06_kinki/shiga_2025.csv
2025,spring,kinki,滋賀,春季滋賀大会 2025 日程・結果,1R,2025-04-12,立命館守山,12,水口,13,https://koshien89.com/blog-entry-3489.html,11innings,data/06_kinki/shiga_2025.csv
2025,spring,kinki,滋賀,春季滋賀大会 2025 日程・結果,1R,2025-04-12,長浜北,6,堅田,13,https://koshien89.com/blog-entry-3489.html,8innings,data/06_kinki/shiga_2025.csv
2025,spring,kinki,滋賀,春季滋賀大会 2025 日程・結果,1R,2025-04-12,近江兄弟社,11,八幡,4,https://koshien89.com/blog-entry-3489.html,8innings,data/06_kinki/shiga_2025.csv
2025,spring,kinki,滋賀,春季滋賀大会 2025 日程・結果,1R,2025-04-12,長浜北星,5,大津,7,https://koshien89.com/blog-entry-3489.html,,data/06_kinki/shiga_2025.csv
2025,spring,kinki,滋賀,春季滋賀大会 2025 日程・結果,1R,2025-04-12,国際情報,0,八幡工業,1,https://koshien89.com/blog-entry-3489.html,,data/06_kinki/shiga_2025.csv
2025,spring,kinki,滋賀,春季滋賀大会 2025 日程・結果,1R,2025-04-12,瀬田工業,2,八日市,0,https://koshien89.com/blog-entry-3489.html,,data/06_kinki/shiga_2025.csv
2025,spring,kinki,和歌山,春季和歌山大会 2025 日程・結果,F,2025-05-11,智弁和歌山,12,星林,0,https://koshien89.com/blog-entry-3444.html,,data/06_kinki/wakayama_2025.csv
2025,spring,kinki,和歌山,春季和歌山大会 2025 日程・結果,SF,2025-05-10,智弁和歌山,8,日高,1,https://koshien89.com/blog-entry-3444.html,8innings,data/06_kinki/wakayama_2025.csv
2025,spring,kinki,和歌山,春季和歌山大会 2025 日程・結果,SF,2025-05-10,初芝橋本,1,星林,2,https://koshien89.com/blog-entry-3444.html,,data/06_kinki/wakayama_2025.csv
2025,spring,kinki,和歌山,春季和歌山大会 2025 日程・結果,QF,2025-04-27,耐久,0,初芝橋本,1,https://koshien89.com/blog-entry-3444.html,,data/06_kinki/wakayama_2025.csv
2025,spring,kinki,和歌山,春季和歌山大会 2025 日程・結果,QF,2025-04-27,星林,6,市和歌山,5,https://koshien89.com/blog-entry-3444.html,team1_sayonara;10innings,data/06_kinki/wakayama_2025.csv
2025,spring,kinki,和歌山,春季和歌山大会 2025 日程・結果,QF,2025-04-26,和歌山工,2,智弁和歌山,8,https://koshien89.com/blog-entry-3444.html,,data/06_kinki/wakayama_2025.csv
2025,spring,kinki,和歌山,春季和歌山大会 2025 日程・結果,QF,2025-04-26,神島,6,日高,7,https://koshien89.com/blog-entry-3444.html,,data/06_kinki/wakayama_2025.csv
2025,spring,kinki,和歌山,春季和歌山大会 2025 日程・結果,3R,2025-04-20,智弁和歌山,7,粉河,0,https://koshien89.com/blog-entry-3444.html,7innings,data/06_kinki/wakayama_2025.csv
2025,spring,kinki,和歌山,春季和歌山大会 2025 日程・結果,3R,2025-04-20,初芝橋本,5,和歌山商,0,https://koshien89.com/blog-entry-3444.html,,data/06_kinki/wakayama_2025.csv
2025,spring,kinki,和歌山,春季和歌山大会 2025 日程・結果,3R,2025-04-20,和歌山高専,2,神島,9,https://koshien89.com/blog-entry-3444.html,8innings,data/06_kinki/wakayama_2025.csv
2025,spring,kinki,和歌山,春季和歌山大会 2025 日程・結果,3R,2025-04-20,星林,5,海南,4,https://koshien89.com/blog-entry-3444.html,,data/06_kinki/wakayama_2025.csv
2025,spring,kinki,和歌山,春季和歌山大会 2025 日程・結果,3R,2025-04-20,日高,8,向陽,5,https://koshien89.com/blog-entry-3444.html,10innings,data/06_kinki/wakayama_2025.csv
2025,spring,kinki,和歌山,春季和歌山大会 2025 日程・結果,3R,2025-04-20,南部龍神,0,市和歌山,7,https://koshien89.com/blog-entry-3444.html,7innings,data/06_kinki/wakayama_2025.csv
2025,spring,kinki,和歌山,春季和歌山大会 2025 日程・結果,3R,2025-04-19,和歌山工,2,桐蔭,1,https://koshien89.com/blog-entry-3444.html,,data/06_kinki/wakayama_2025.csv
2025,spring,kinki,和歌山,春季和歌山大会 2025 日程・結果,3R,2025-04-19,和歌山東,0,耐久,3,https://koshien89.com/blog-entry-3444.html,,data/06_kinki/wakayama_2025.csv
2025,spring,kinki,和歌山,春季和歌山大会 2025 日程・結果,2R,2025-04-19,南部龍神,4,和歌山北,2,https://koshien89.com/blog-entry-3444.html,,data/06_kinki/wakayama_2025.csv
2025,spring,kinki,和歌山,春季和歌山大会 2025 日程・結果,2R,2025-04-19,橋本,3,日高,13,https://koshien89.com/blog-entry-3444.html,6innings,data/06_kinki/wakayama_2025.csv
2025,spring,kinki,和歌山,春季和歌山大会 2025 日程・結果,2R,2025-04-19,向陽,6,那賀,2,https://koshien89.com/blog-entry-3444.html,,data/06_kinki/wakayama_2025.csv
2025,spring,kinki,和歌山,春季和歌山大会 2025 日程・結果,2R,2025-04-19,市和歌山,19,紀北農芸・笠田,0,https://koshien89.com/blog-entry-3444.html,5innings,data/06_kinki/wakayama_2025.csv
2025,spring,kinki,和歌山,春季和歌山大会 2025 日程・結果,2R,2025-04-15,神島,2,熊野,1,https://koshien89.com/blog-entry-3444.html,10innings,data/06_kinki/wakayama_2025.csv
2025,spring,kinki,和歌山,春季和歌山大会 2025 日程・結果,2R,2025-04-15,紀央館,2,海南,4,https://koshien89.com/blog-entry-3444.html,,data/06_kinki/wakayama_2025.csv
2025,spring,kinki,和歌山,春季和歌山大会 2025 日程・結果,2R,2025-04-14,和歌山商,12,県和歌山,11,https://koshien89.com/blog-entry-3444.html,13innings,data/06_kinki/wakayama_2025.csv
2025,spring,kinki,和歌山,春季和歌山大会 2025 日程・結果,2R,2025-04-14,慶風,0,星林,4,https://koshien89.com/blog-entry-3444.html,,data/06_kinki/wakayama_2025.csv
2025,spring,kinki,和歌山,春季和歌山大会 2025 日程・結果,2R,2025-04-13,紀北工,5,粉河,7,https://koshien89.com/blog-entry-3444.html,,data/06_kinki/wakayama_2025.csv
2025,spring,kinki,和歌山,春季和歌山大会 2025 日程・結果,2R,2025-04-13,新宮・新翔・串本古座,3,和歌山高専,4,https://koshien89.com/blog-entry-3444.html,10innings,data/06_kinki/wakayama_2025.csv
2025,spring,kinki,和歌山,春季和歌山大会 2025 日程・結果,2R,2025-04-12,田辺工,1,和歌山東,7,https://koshien89.com/blog-entry-3444.html,,data/06_kinki/wakayama_2025.csv
2025,spring,kinki,和歌山,春季和歌山大会 2025 日程・結果,2R,2025-04-12,和歌山工,4,田辺,0,https://koshien89.com/blog-entry-3444.html,,data/06_kinki/wakayama_2025.csv
2025,spring,kinki,和歌山,春季和歌山大会 2025 日程・結果,2R,2025-04-12,耐久,7,日高中津,6,https://koshien89.com/blog-entry-3444.html,,data/06_kinki/wakayama_2025.csv
2025,spring,kinki,和歌山,春季和歌山大会 2025 日程・結果,2R,2025-04-12,桐蔭,8,有田中央・南部,6,https://koshien89.com/blog-entry-3444.html,,data/06_kinki/wakayama_2025.csv
2025,spring,kinki,和歌山,春季和歌山大会 2025 日程・結果,2R,2025-04-12,初芝橋本,4,高野山,0,https://koshien89.com/blog-entry-3444.html,,data/06_kinki/wakayama_2025.csv
2025,spring,kinki,和歌山,春季和歌山大会 2025 日程・結果,2R,2025-04-12,箕島,0,智辯和歌山,6,https://koshien89.com/blog-entry-3444.html,,data/06_kinki/wakayama_2025.csv
2025,spring,kinki,和歌山,春季和歌山大会 2025 日程・結果,1R,2025-04-12,近大新宮,7,那賀,8,https://koshien89.com/blog-entry-3444.html,,data/06_kinki/wakayama_2025.csv
2025,spring,chugoku,広島,春季島根大会 2025 日程・結果,F,2025-05-03,大社,1,矢上,3,https://koshien89.com/blog-entry-3495.html,,data/07_chugoku/hiroshima_2025.csv
2025,spring,chugoku,広島,春季島根大会 2025 日程・結果,3P,2025-05-03,三刀屋,2,開星,9,https://koshien89.com/blog-entry-3495.html,7innings,data/07_chugoku/hiroshima_2025.csv
2025,spring,chugoku,広島,春季島根大会 2025 日程・結果,SF,2025-05-02,大社,2,三刀屋,1,https://koshien89.com/blog-entry-3495.html,team1_sayonara,data/07_chugoku/hiroshima_2025.csv
2025,spring,chugoku,広島,春季島根大会 2025 日程・結果,SF,2025-05-02,開星,6,矢上,10,https://koshien89.com/blog-entry-3495.html,,data/07_chugoku/hiroshima_2025.csv
2025,spring,chugoku,広島,春季島根大会 2025 日程・結果,QF,2025-04-27,大社,7,出雲商業,0,https://koshien89.com/blog-entry-3495.html,8innings,data/07_chugoku/hiroshima_2025.csv
2025,spring,chugoku,広島,春季島根大会 2025 日程・結果,QF,2025-04-27,開星,6,石見智翠館,4,https://koshien89.com/blog-entry-3495.html,,data/07_chugoku/hiroshima_2025.csv
2025,spring,chugoku,広島,春季島根大会 2025 日程・結果,QF,2025-04-27,三刀屋,5,立正大淞南,2,https://koshien89.com/blog-entry-3495.html,,data/07_chugoku/hiroshima_2025.csv
2025,spring,chugoku,広島,春季島根大会 2025 日程・結果,QF,2025-04-27,矢上,6,出雲,5,https://koshien89.com/blog-entry-3495.html,,data/07_chugoku/hiroshima_2025.csv
2025,spring,chugoku,広島,春季島根大会 2025 日程・結果,3R,2025-04-26,大田,3,三刀屋,4,https://koshien89.com/blog-entry-3495.html,,data/07_chugoku/hiroshima_2025.csv
2025,spring,chugoku,広島,春季島根大会 2025 日程・結果,3R,2025-04-26,矢上,3,出雲工業,0,https://koshien89.com/blog-entry-3495.html,,data/07_chugoku/hiroshima_2025.csv
2025,spring,chugoku,広島,春季島根大会 2025 日程・結果,3R,2025-04-26,隠岐,3,立正大淞南,8,https://koshien89.com/blog-entry-3495.html,,data/07_chugoku/hiroshima_2025.csv
2025,spring,chugoku,広島,春季島根大会 2025 日程・結果,3R,2025-04-26,出雲,2,益田翔陽,0,https://koshien89.com/blog-entry-3495.html,,data/07_chugoku/hiroshima_2025.csv
2025,spring,chugoku,広島,春季島根大会 2025 日程・結果,3R,2025-04-25,開星,11,浜田,1,https://koshien89.com/blog-entry-3495.html,6innings,data/07_chugoku/hiroshima_2025.csv
2025,spring,chugoku,広島,春季島根大会 2025 日程・結果,3R,2025-04-25,出雲商業,7,邇摩,0,https://koshien89.com/blog-entry-3495.html,7innings,data/07_chugoku/hiroshima_2025.csv
2025,spring,chugoku,広島,春季島根大会 2025 日程・結果,3R,2025-04-25,大社,7,松江南,0,https://koshien89.com/blog-entry-3495.html,7innings,data/07_chugoku/hiroshima_2025.csv
2025,spring,chugoku,広島,春季島根大会 2025 日程・結果,3R,2025-04-25,安来,4,石見智翠館,8,https://koshien89.com/blog-entry-3495.html,,data/07_chugoku/hiroshima_2025.csv
2025,spring,chugoku,広島,春季島根大会 2025 日程・結果,2R,2025-04-20,出雲,4,松江工業,3,https://koshien89.com/blog-entry-3495.html,,data/07_chugoku/hiroshima_2025.csv
2025,spring,chugoku,広島,春季島根大会 2025 日程・結果,2R,2025-04-20,益田,0,松江南,1,https://koshien89.com/blog-entry-3495.html,,data/07_chugoku/hiroshima_2025.csv
2025,spring,chugoku,広島,春季島根大会 2025 日程・結果,2R,2025-04-20,立正大淞南,7,松江高専,0,https://koshien89.com/blog-entry-3495.html,7innings,data/07_chugoku/hiroshima_2025.csv
2025,spring,chugoku,広島,春季島根大会 2025 日程・結果,2R,2025-04-20,矢上,8,松江東,0,https://koshien89.com/blog-entry-3495.html,7innings,data/07_chugoku/hiroshima_2025.csv
2025,spring,chugoku,広島,春季島根大会 2025 日程・結果,2R,2025-04-20,石見智翠館,9,飯南,2,https://koshien89.com/blog-entry-3495.html,8innings,data/07_chugoku/hiroshima_2025.csv
2025,spring,chugoku,広島,春季島根大会 2025 日程・結果,2R,2025-04-20,三刀屋,1,島根中央,0,https://koshien89.com/blog-entry-3495.html,10innings,data/07_chugoku/hiroshima_2025.csv
2025,spring,chugoku,広島,春季島根大会 2025 日程・結果,2R,2025-04-20,益田翔陽,8,江津工業,7,https://koshien89.com/blog-entry-3495.html,,data/07_chugoku/hiroshima_2025.csv
2025,spring,chugoku,広島,春季島根大会 2025 日程・結果,2R,2025-04-19,隠岐,9,松江北,6,https://koshien89.com/blog-entry-3495.html,10innings,data/07_chugoku/hiroshima_2025.csv
2025,spring,chugoku,広島,春季島根大会 2025 日程・結果,2R,2025-04-19,松西･江津・浜水,1,邇摩,6,https://koshien89.com/blog-entry-3495.html,,data/07_chugoku/hiroshima_2025.csv
2025,spring,chugoku,広島,春季島根大会 2025 日程・結果,2R,2025-04-19,大田,3,益田東,2,https://koshien89.com/blog-entry-3495.html,,data/07_chugoku/hiroshima_2025.csv
2025,spring,chugoku,広島,春季島根大会 2025 日程・結果,2R,2025-04-19,開星,5,松江農林,0,https://koshien89.com/blog-entry-3495.html,,data/07_chugoku/hiroshima_2025.csv
2025,spring,chugoku,広島,春季島根大会 2025 日程・結果,2R,2025-04-19,平田,0,浜田,3,https://koshien89.com/blog-entry-3495.html,,data/07_chugoku/hiroshima_2025.csv
2025,spring,chugoku,広島,春季島根大会 2025 日程・結果,2R,2025-04-19,明誠,1,出雲工業,11,https://koshien89.com/blog-entry-3495.html,5innings,data/07_chugoku/hiroshima_2025.csv
2025,spring,chugoku,広島,春季島根大会 2025 日程・結果,2R,2025-04-19,松江商業,4,安来,7,https://koshien89.com/blog-entry-3495.html,,data/07_chugoku/hiroshima_2025.csv
2025,spring,chugoku,広島,春季島根大会 2025 日程・結果,2R,2025-04-18,出雲商業,9,情報科学,2,https://koshien89.com/blog-entry-3495.html,7innings,data/07_chugoku/hiroshima_2025.csv
2025,spring,chugoku,広島,春季島根大会 2025 日程・結果,2R,2025-04-18,浜田商業,0,大社,10,https://koshien89.com/blog-entry-3495.html,6innings,data/07_chugoku/hiroshima_2025.csv
2025,spring,chugoku,広島,春季島根大会 2025 日程・結果,1R,2025-04-18,松江高専,11,出雲西,1,https://koshien89.com/blog-entry-3495.html,5innings,data/07_chugoku/hiroshima_2025.csv
2025,spring,chugoku,広島,春季島根大会 2025 日程・結果,1R,2025-04-18,松江南,11,出雲北陵,0,https://koshien89.com/blog-entry-3495.html,5innings,data/07_chugoku/hiroshima_2025.csv
2025,spring,chugoku,広島,春季島根大会 2025 日程・結果,1R,2025-04-18,津和野,5,飯南,6,https://koshien89.com/blog-entry-3495.html,,data/07_chugoku/hiroshima_2025.csv
2025,spring,chugoku,広島,春季島根大会 2025 日程・結果,1R,2025-04-18,島根中央,13,大東,1,https://koshien89.com/blog-entry-3495.html,5innings,data/07_chugoku/hiroshima_2025.csv
2025,spring,chugoku,広島,春季島根大会 2025 日程・結果,1R,2025-04-18,出雲農林,9,江津工業,16,https://koshien89.com/blog-entry-3495.html,,data/07_chugoku/hiroshima_2025.csv
2025,spring,chugoku,岡山,春季鳥取大会 2025 日程・結果,F,2025-04-29,鳥取城北,7,米子東,1,https://koshien89.com/blog-entry-3496.html,,data/07_chugoku/okayama_2025.csv
2025,spring,chugoku,岡山,春季鳥取大会 2025 日程・結果,3P,2025-04-29,鳥取西,9,鳥取中央育英,3,https://koshien89.com/blog-entry-3496.html,,data/07_chugoku/okayama_2025.csv
2025,spring,chugoku,岡山,春季鳥取大会 2025 日程・結果,SF,2025-04-27,鳥取西,1,鳥取城北,9,https://koshien89.com/blog-entry-3496.html,,data/07_chugoku/okayama_2025.csv
2025,spring,chugoku,岡山,春季鳥取大会 2025 日程・結果,SF,2025-04-27,米子東,13,鳥取中央育英,1,https://koshien89.com/blog-entry-3496.html,7innings,data/07_chugoku/okayama_2025.csv
2025,spring,chugoku,岡山,春季鳥取大会 2025 日程・結果,QF,2025-04-26,米子西,1,鳥取西,6,https://koshien89.com/blog-entry-3496.html,,data/07_chugoku/okayama_2025.csv
2025,spring,chugoku,岡山,春季鳥取大会 2025 日程・結果,QF,2025-04-26,鳥取城北,8,鳥取商業,3,https://koshien89.com/blog-entry-3496.html,,data/07_chugoku/okayama_2025.csv
2025,spring,chugoku,岡山,春季鳥取大会 2025 日程・結果,QF,2025-04-26,米子東,7,米子北,6,https://koshien89.com/blog-entry-3496.html,,data/07_chugoku/okayama_2025.csv
2025,spring,chugoku,岡山,春季鳥取大会 2025 日程・結果,QF,2025-04-26,鳥取中央育英,3,米子松陰,2,https://koshien89.com/blog-entry-3496.html,,data/07_chugoku/okayama_2025.csv
2025,spring,chugoku,岡山,春季鳥取大会 2025 日程・結果,2R,2025-04-21,米子,0,鳥取西,10,https://koshien89.com/blog-entry-3496.html,5innings,data/07_chugoku/okayama_2025.csv
2025,spring,chugoku,岡山,春季鳥取大会 2025 日程・結果,2R,2025-04-21,鳥取中央育英,7,倉吉東,1,https://koshien89.com/blog-entry-3496.html,,data/07_chugoku/okayama_2025.csv
2025,spring,chugoku,岡山,春季鳥取大会 2025 日程・結果,2R,2025-04-21,境港総合技術,0,鳥取城北,8,https://koshien89.com/blog-entry-3496.html,7innings,data/07_chugoku/okayama_2025.csv
2025,spring,chugoku,岡山,春季鳥取大会 2025 日程・結果,2R,2025-04-21,米子高専,2,米子北,11,https://koshien89.com/blog-entry-3496.html,8innings,data/07_chugoku/okayama_2025.csv
2025,spring,chugoku,岡山,春季鳥取大会 2025 日程・結果,2R,2025-04-20,米子東,9,岩美,0,https://koshien89.com/blog-entry-3496.html,7innings,data/07_chugoku/okayama_2025.csv
2025,spring,chugoku,岡山,春季鳥取大会 2025 日程・結果,2R,2025-04-20,鳥取東,3,米子松陰,8,https://koshien89.com/blog-entry-3496.html,,data/07_chugoku/okayama_2025.csv
2025,spring,chugoku,岡山,春季鳥取大会 2025 日程・結果,2R,2025-04-20,鳥取商業,2,八頭,1,https://koshien89.com/blog-entry-3496.html,,data/07_chugoku/okayama_2025.csv
2025,spring,chugoku,岡山,春季鳥取大会 2025 日程・結果,1R,2025-04-20,鳥取城北,9,鳥取工業,0,https://koshien89.com/blog-entry-3496.html,7innings,data/07_chugoku/okayama_2025.csv
2025,spring,chugoku,岡山,春季鳥取大会 2025 日程・結果,1R,2025-04-20,倉吉西,0,米子高専,7,https://koshien89.com/blog-entry-3496.html,8innings,data/07_chugoku/okayama_2025.csv
2025,spring,chugoku,岡山,春季鳥取大会 2025 日程・結果,1R,2025-04-19,倉吉農業,1,米子西,26,https://koshien89.com/blog-entry-3496.html,5innings,data/07_chugoku/okayama_2025.csv
2025,spring,chugoku,岡山,春季鳥取大会 2025 日程・結果,1R,2025-04-19,鳥取商業,9,倉吉北,5,https://koshien89.com/blog-entry-3496.html,,data/07_chugoku/okayama_2025.csv
2025,spring,chugoku,岡山,春季鳥取大会 2025 日程・結果,1R,2025-04-19,倉吉総合産業,5,岩美,9,https://koshien89.com/blog-entry-3496.html,10innings,data/07_chugoku/okayama_2025.csv
2025,spring,chugoku,岡山,春季鳥取大会 2025 日程・結果,1R,2025-04-19,米子工業,12,鳥取東,13,https://koshien89.com/blog-entry-3496.html,,data/07_chugoku/okayama_2025.csv
2025,spring,chugoku,島根,春季広島大会 2025 日程・結果,F,2025-05-11,広陵,1,英数学館,2,https://koshien89.com/blog-entry-3429.html,,data/07_chugoku/shimane_2025.csv
2025,spring,chugoku,島根,春季広島大会 2025 日程・結果,SF,2025-05-10,盈進,2,広陵,7,https://koshien89.com/blog-entry-3429.html,,data/07_chugoku/shimane_2025.csv
2025,spring,chugoku,島根,春季広島大会 2025 日程・結果,SF,2025-05-10,尾道,0,英数学館,3,https://koshien89.com/blog-entry-3429.html,,data/07_chugoku/shimane_2025.csv
2025,spring,chugoku,島根,春季広島大会 2025 日程・結果,QF,2025-04-27,近大福山,3,盈進,5,https://koshien89.com/blog-entry-3429.html,,data/07_chugoku/shimane_2025.csv
2025,spring,chugoku,島根,春季広島大会 2025 日程・結果,QF,2025-04-27,尾道商,0,広陵,8,https://koshien89.com/blog-entry-3429.html,7innings,data/07_chugoku/shimane_2025.csv
2025,spring,chugoku,島根,春季広島大会 2025 日程・結果,QF,2025-04-27,英数学館,3,広島新庄,1,https://koshien89.com/blog-entry-3429.html,,data/07_chugoku/shimane_2025.csv
2025,spring,chugoku,島根,春季広島大会 2025 日程・結果,QF,2025-04-27,瀬戸内,5,尾道,8,https://koshien89.com/blog-entry-3429.html,,data/07_chugoku/shimane_2025.csv
2025,spring,chugoku,島根,春季広島大会 2025 日程・結果,2R,2025-04-26,広島商,2,近大福山,5,https://koshien89.com/blog-entry-3429.html,,data/07_chugoku/shimane_2025.csv
2025,spring,chugoku,島根,春季広島大会 2025 日程・結果,2R,2025-04-26,広島工,1,尾道商業,3,https://koshien89.com/blog-entry-3429.html,,data/07_chugoku/shimane_2025.csv
2025,spring,chugoku,島根,春季広島大会 2025 日程・結果,2R,2025-04-26,広陵,5,呉港,2,https://koshien89.com/blog-entry-3429.html,,data/07_chugoku/shimane_2025.csv
2025,spring,chugoku,島根,春季広島大会 2025 日程・結果,2R,2025-04-26,神辺旭,3,盈進,10,https://koshien89.com/blog-entry-3429.html,,data/07_chugoku/shimane_2025.csv
2025,spring,chugoku,島根,春季広島大会 2025 日程・結果,2R,2025-04-26,広島新庄,9,高陽東,2,https://koshien89.com/blog-entry-3429.html,8innings,data/07_chugoku/shimane_2025.csv
2025,spring,chugoku,島根,春季広島大会 2025 日程・結果,2R,2025-04-26,工大高,2,英数学館,6,https://koshien89.com/blog-entry-3429.html,,data/07_chugoku/shimane_2025.csv
2025,spring,chugoku,島根,春季広島大会 2025 日程・結果,2R,2025-04-26,瀬戸内,4,三次,0,https://koshien89.com/blog-entry-3429.html,,data/07_chugoku/shimane_2025.csv
2025,spring,chugoku,島根,春季広島大会 2025 日程・結果,2R,2025-04-26,市立福山,0,尾道,7,https://koshien89.com/blog-entry-3429.html,8innings,data/07_chugoku/shimane_2025.csv
2025,spring,chugoku,島根,春季広島大会 2025 日程・結果,1R,2025-04-20,廿日市,0,尾道,3,https://koshien89.com/blog-entry-3429.html,,data/07_chugoku/shimane_2025.csv
2025,spring,chugoku,島根,春季広島大会 2025 日程・結果,1R,2025-04-20,広島新庄,3,山陽,1,https://koshien89.com/blog-entry-3429.html,,data/07_chugoku/shimane_2025.csv
2025,spring,chugoku,島根,春季広島大会 2025 日程・結果,1R,2025-04-20,高陽東,6,崇徳,4,https://koshien89.com/blog-entry-3429.html,10innings,data/07_chugoku/shimane_2025.csv
2025,spring,chugoku,島根,春季広島大会 2025 日程・結果,1R,2025-04-20,市立福山,13,宮島工業,6,https://koshien89.com/blog-entry-3429.html,7innings,data/07_chugoku/shimane_2025.csv
2025,spring,chugoku,島根,春季広島大会 2025 日程・結果,1R,2025-04-20,西条農業,4,瀬戸内,6,https://koshien89.com/blog-entry-3429.html,,data/07_chugoku/shimane_2025.csv
2025,spring,chugoku,島根,春季広島大会 2025 日程・結果,1R,2025-04-20,英数学館,9,海田,2,https://koshien89.com/blog-entry-3429.html,8innings,data/07_chugoku/shimane_2025.csv
2025,spring,chugoku,島根,春季広島大会 2025 日程・結果,1R,2025-04-20,熊野,0,三次,5,https://koshien89.com/blog-entry-3429.html,,data/07_chugoku/shimane_2025.csv
2025,spring,chugoku,島根,春季広島大会 2025 日程・結果,1R,2025-04-20,市立呉,2,工大高,7,https://koshien89.com/blog-entry-3429.html,,data/07_chugoku/shimane_2025.csv
2025,spring,chugoku,島根,春季広島大会 2025 日程・結果,1R,2025-04-19,庄原格致,1,神辺旭,8,https://koshien89.com/blog-entry-3429.html,7innings,data/07_chugoku/shimane_2025.csv
2025,spring,chugoku,島根,春季広島大会 2025 日程・結果,1R,2025-04-19,廿日市西,4,広島工業,11,https://koshien89.com/blog-entry-3429.html,7innings,data/07_chugoku/shimane_2025.csv
2025,spring,chugoku,島根,春季広島大会 2025 日程・結果,1R,2025-04-19,如水館,0,呉港,7,https://koshien89.com/blog-entry-3429.html,8innings,data/07_chugoku/shimane_2025.csv
2025,spring,chugoku,島根,春季広島大会 2025 日程・結果,1R,2025-04-19,盈進,6,賀茂,2,https://koshien89.com/blog-entry-3429.html,,data/07_chugoku/shimane_2025.csv
2025,spring,chugoku,島根,春季広島大会 2025 日程・結果,1R,2025-04-19,広陵,7,竹原,0,https://koshien89.com/blog-entry-3429.html,7innings,data/07_chugoku/shimane_2025.csv
2025,spring,chugoku,島根,春季広島大会 2025 日程・結果,1R,2025-04-19,広島商業,4,総合技術,2,https://koshien89.com/blog-entry-3429.html,,data/07_chugoku/shimane_2025.csv
2025,spring,chugoku,島根,春季広島大会 2025 日程・結果,1R,2025-04-19,近大福山,8,祇園北,2,https://koshien89.com/blog-entry-3429.html,,data/07_chugoku/shimane_2025.csv
2025,spring,chugoku,島根,春季広島大会 2025 日程・結果,1R,2025-04-19,可部,0,尾道商業,1,https://koshien89.com/blog-entry-3429.html,,data/07_chugoku/shimane_2025.csv
2025,spring,chugoku,鳥取,春季岡山大会 2025 日程・結果,F,2025-05-04,創志学園,1,倉敷商業,17,https://koshien89.com/blog-entry-3461.html,,data/07_chugoku/tottori_2025.csv
2025,spring,chugoku,鳥取,春季岡山大会 2025 日程・結果,3P,2025-05-04,玉野光南,0,岡山東商業,5,https://koshien89.com/blog-entry-3461.html,,data/07_chugoku/tottori_2025.csv
2025,spring,chugoku,鳥取,春季岡山大会 2025 日程・結果,SF,2025-05-03,創志学園,8,玉野光南,1,https://koshien89.com/blog-entry-3461.html,,data/07_chugoku/tottori_2025.csv
2025,spring,chugoku,鳥取,春季岡山大会 2025 日程・結果,SF,2025-05-03,岡山東商業,0,倉敷商業,2,https://koshien89.com/blog-entry-3461.html,,data/07_chugoku/tottori_2025.csv
2025,spring,chugoku,鳥取,春季岡山大会 2025 日程・結果,QF,2025-04-29,創志学園,5,岡山学芸館,4,https://koshien89.com/blog-entry-3461.html,,data/07_chugoku/tottori_2025.csv
2025,spring,chugoku,鳥取,春季岡山大会 2025 日程・結果,QF,2025-04-29,玉野光南,9,倉敷工業,2,https://koshien89.com/blog-entry-3461.html,7innings,data/07_chugoku/tottori_2025.csv
2025,spring,chugoku,鳥取,春季岡山大会 2025 日程・結果,QF,2025-04-29,岡山東商業,6,おかやま山陽,5,https://koshien89.com/blog-entry-3461.html,10innings,data/07_chugoku/tottori_2025.csv
2025,spring,chugoku,鳥取,春季岡山大会 2025 日程・結果,QF,2025-04-29,岡山商大附,2,倉敷商業,5,https://koshien89.com/blog-entry-3461.html,10innings,data/07_chugoku/tottori_2025.csv
2025,spring,chugoku,鳥取,春季岡山大会 2025 日程・結果,2R,2025-04-27,岡山学芸館,2,岡山理大附,1,https://koshien89.com/blog-entry-3461.html,,data/07_chugoku/tottori_2025.csv
2025,spring,chugoku,鳥取,春季岡山大会 2025 日程・結果,2R,2025-04-27,玉野光南,5,総社南,1,https://koshien89.com/blog-entry-3461.html,,data/07_chugoku/tottori_2025.csv
2025,spring,chugoku,鳥取,春季岡山大会 2025 日程・結果,2R,2025-04-27,西大寺園,0,おかやま山陽,6,https://koshien89.com/blog-entry-3461.html,,data/07_chugoku/tottori_2025.csv
2025,spring,chugoku,鳥取,春季岡山大会 2025 日程・結果,2R,2025-04-27,岡山朝日,0,創志学園,11,https://koshien89.com/blog-entry-3461.html,5innings,data/07_chugoku/tottori_2025.csv
2025,spring,chugoku,鳥取,春季岡山大会 2025 日程・結果,2R,2025-04-27,倉敷商業,10,東岡山工業,0,https://koshien89.com/blog-entry-3461.html,5innings,data/07_chugoku/tottori_2025.csv
2025,spring,chugoku,鳥取,春季岡山大会 2025 日程・結果,2R,2025-04-27,岡山工業,2,倉敷工業,4,https://koshien89.com/blog-entry-3461.html,,data/07_chugoku/tottori_2025.csv
2025,spring,chugoku,鳥取,春季岡山大会 2025 日程・結果,2R,2025-04-27,岡山東商業,7,就実,0,https://koshien89.com/blog-entry-3461.html,7innings,data/07_chugoku/tottori_2025.csv
2025,spring,chugoku,鳥取,春季岡山大会 2025 日程・結果,2R,2025-04-27,岡山県美作,2,岡山商大附,7,https://koshien89.com/blog-entry-3461.html,,data/07_chugoku/tottori_2025.csv
2025,spring,chugoku,鳥取,春季岡山大会 2025 日程・結果,1R,2025-04-26,西大寺,8,作陽学園,0,https://koshien89.com/blog-entry-3461.html,7innings,data/07_chugoku/tottori_2025.csv
2025,spring,chugoku,鳥取,春季岡山大会 2025 日程・結果,1R,2025-04-26,岡山理大附,4,玉島商業,2,https://koshien89.com/blog-entry-3461.html,,data/07_chugoku/tottori_2025.csv
2025,spring,chugoku,鳥取,春季岡山大会 2025 日程・結果,1R,2025-04-26,岡山城東,4,総社南,6,https://koshien89.com/blog-entry-3461.html,,data/07_chugoku/tottori_2025.csv
2025,spring,chugoku,鳥取,春季岡山大会 2025 日程・結果,1R,2025-04-26,東岡山工業,4,玉野,3,https://koshien89.com/blog-entry-3461.html,,data/07_chugoku/tottori_2025.csv
2025,spring,chugoku,鳥取,春季岡山大会 2025 日程・結果,1R,2025-04-26,岡山朝日,2,津山商業,1,https://koshien89.com/blog-entry-3461.html,10innings,data/07_chugoku/tottori_2025.csv
2025,spring,chugoku,鳥取,春季岡山大会 2025 日程・結果,1R,2025-04-26,岡山工業,3,玉野商工,2,https://koshien89.com/blog-entry-3461.html,,data/07_chugoku/tottori_2025.csv
2025,spring,chugoku,鳥取,春季岡山大会 2025 日程・結果,1R,2025-04-26,就実,4,金光学園,2,https://koshien89.com/blog-entry-3461.html,,data/07_chugoku/tottori_2025.csv
2025,spring,chugoku,鳥取,春季岡山大会 2025 日程・結果,1R,2025-04-26,岡山県美作,5,方谷學舎,3,https://koshien89.com/blog-entry-3461.html,,data/07_chugoku/tottori_2025.csv
2025,spring,chugoku,山口,春季山口大会 2025 日程・結果,F,2025-04-30,南陽工,4,下関国際,1,https://koshien89.com/blog-entry-3485.html,,data/07_chugoku/yamaguchi_2025.csv
2025,spring,chugoku,山口,春季山口大会 2025 日程・結果,SF,2025-04-28,南陽工,4,宇部商,2,https://koshien89.com/blog-entry-3485.html,,data/07_chugoku/yamaguchi_2025.csv
2025,spring,chugoku,山口,春季山口大会 2025 日程・結果,SF,2025-04-28,柳井,4,下関国際,11,https://koshien89.com/blog-entry-3485.html,,data/07_chugoku/yamaguchi_2025.csv
2025,spring,chugoku,山口,春季山口大会 2025 日程・結果,QF,2025-04-27,誠英,1,下関国際,10,https://koshien89.com/blog-entry-3485.html,7innings,data/07_chugoku/yamaguchi_2025.csv
2025,spring,chugoku,山口,春季山口大会 2025 日程・結果,QF,2025-04-27,光,0,柳井,2,https://koshien89.com/blog-entry-3485.html,,data/07_chugoku/yamaguchi_2025.csv
2025,spring,chugoku,山口,春季山口大会 2025 日程・結果,QF,2025-04-26,南陽工,7,山口県桜ケ丘,0,https://koshien89.com/blog-entry-3485.html,7innings,data/07_chugoku/yamaguchi_2025.csv
2025,spring,chugoku,山口,春季山口大会 2025 日程・結果,QF,2025-04-26,岩国工,0,宇部商,4,https://koshien89.com/blog-entry-3485.html,,data/07_chugoku/yamaguchi_2025.csv
2025,spring,chugoku,山口,春季山口大会 2025 日程・結果,3R,2025-04-22,宇部工,0,岩国工,8,https://koshien89.com/blog-entry-3485.html,7innings,data/07_chugoku/yamaguchi_2025.csv
2025,spring,chugoku,山口,春季山口大会 2025 日程・結果,3R,2025-04-21,岩国,0,柳井,4,https://koshien89.com/blog-entry-3485.html,,data/07_chugoku/yamaguchi_2025.csv
2025,spring,chugoku,山口,春季山口大会 2025 日程・結果,3R,2025-04-21,宇部,2,下関国際,3,https://koshien89.com/blog-entry-3485.html,,data/07_chugoku/yamaguchi_2025.csv
2025,spring,chugoku,山口,春季山口大会 2025 日程・結果,3R,2025-04-21,宇部鴻城,0,山口県桜ケ丘,7,https://koshien89.com/blog-entry-3485.html,8innings,data/07_chugoku/yamaguchi_2025.csv
2025,spring,chugoku,山口,春季山口大会 2025 日程・結果,3R,2025-04-21,下関商,0,宇部商,8,https://koshien89.com/blog-entry-3485.html,7innings,data/07_chugoku/yamaguchi_2025.csv
2025,spring,chugoku,山口,春季山口大会 2025 日程・結果,3R,2025-04-21,南陽工,9,早鞆,1,https://koshien89.com/blog-entry-3485.html,7innings,data/07_chugoku/yamaguchi_2025.csv
2025,spring,chugoku,山口,春季山口大会 2025 日程・結果,3R,2025-04-21,柳井学園,4,誠英,5,https://koshien89.com/blog-entry-3485.html,,data/07_chugoku/yamaguchi_2025.csv
2025,spring,chugoku,山口,春季山口大会 2025 日程・結果,2R,2025-04-21,岩国工,8,宇部高専,1,https://koshien89.com/blog-entry-3485.html,7innings,data/07_chugoku/yamaguchi_2025.csv
2025,spring,chugoku,山口,春季山口大会 2025 日程・結果,2R,2025-04-20,華陵,2,下関商,6,https://koshien89.com/blog-entry-3485.html,,data/07_chugoku/yamaguchi_2025.csv
2025,spring,chugoku,山口,春季山口大会 2025 日程・結果,2R,2025-04-20,山口県桜ケ丘,6,周防大島,3,https://koshien89.com/blog-entry-3485.html,,data/07_chugoku/yamaguchi_2025.csv
2025,spring,chugoku,山口,春季山口大会 2025 日程・結果,2R,2025-04-20,宇部工,10,豊浦,3,https://koshien89.com/blog-entry-3485.html,,data/07_chugoku/yamaguchi_2025.csv
2025,spring,chugoku,山口,春季山口大会 2025 日程・結果,2R,2025-04-20,柳井学園,6,長門,5,https://koshien89.com/blog-entry-3485.html,,data/07_chugoku/yamaguchi_2025.csv
2025,spring,chugoku,山口,春季山口大会 2025 日程・結果,2R,2025-04-20,誠英,10,萩商工,0,https://koshien89.com/blog-entry-3485.html,6innings,data/07_chugoku/yamaguchi_2025.csv
2025,spring,chugoku,山口,春季山口大会 2025 日程・結果,2R,2025-04-20,下松,1,防府,2,https://koshien89.com/blog-entry-3485.html,,data/07_chugoku/yamaguchi_2025.csv
2025,spring,chugoku,山口,春季山口大会 2025 日程・結果,2R,2025-04-20,下関工科,4,岩国,8,https://koshien89.com/blog-entry-3485.html,,data/07_chugoku/yamaguchi_2025.csv
2025,spring,chugoku,山口,春季山口大会 2025 日程・結果,2R,2025-04-19,柳井商工・熊毛南,0,下関国際,11,https://koshien89.com/blog-entry-3485.html,5innings,data/07_chugoku/yamaguchi_2025.csv
2025,spring,chugoku,山口,春季山口大会 2025 日程・結果,2R,2025-04-19,山口県鴻城,0,柳井,3,https://koshien89.com/blog-entry-3485.html,,data/07_chugoku/yamaguchi_2025.csv
2025,spring,chugoku,山口,春季山口大会 2025 日程・結果,2R,2025-04-19,高川学園,3,南陽工,4,https://koshien89.com/blog-entry-3485.html,,data/07_chugoku/yamaguchi_2025.csv
2025,spring,chugoku,山口,春季山口大会 2025 日程・結果,2R,2025-04-19,西京,2,光,4,https://koshien89.com/blog-entry-3485.html,,data/07_chugoku/yamaguchi_2025.csv
2025,spring,chugoku,山口,春季山口大会 2025 日程・結果,2R,2025-04-19,早鞆,4,岩国商,0,https://koshien89.com/blog-entry-3485.html,,data/07_chugoku/yamaguchi_2025.csv
2025,spring,chugoku,山口,春季山口大会 2025 日程・結果,2R,2025-04-19,厚狭・厚狭明進,4,宇部鴻城,5,https://koshien89.com/blog-entry-3485.html,,data/07_chugoku/yamaguchi_2025.csv
2025,spring,chugoku,山口,春季山口大会 2025 日程・結果,2R,2025-04-19,宇部西,2,宇部商,7,https://koshien89.com/blog-entry-3485.html,,data/07_chugoku/yamaguchi_2025.csv
2025,spring,chugoku,山口,春季山口大会 2025 日程・結果,2R,2025-04-19,徳山,6,宇部,8,https://koshien89.com/blog-entry-3485.html,10innings,data/07_chugoku/yamaguchi_2025.csv
2025,spring,chugoku,山口,春季山口大会 2025 日程・結果,1R,2025-04-13,山口県桜ケ丘,12,下関中等教育・下関北,0,https://koshien89.com/blog-entry-3485.html,5innings,data/07_chugoku/yamaguchi_2025.csv
2025,spring,chugoku,山口,春季山口大会 2025 日程・結果,1R,2025-04-13,山口県鴻城,11,美祢青嶺,4,https://koshien89.com/blog-entry-3485.html,7innings,data/07_chugoku/yamaguchi_2025.csv
2025,spring,chugoku,山口,春季山口大会 2025 日程・結果,1R,2025-04-13,下松,11,徳山高専,0,https://koshien89.com/blog-entry-3485.html,5innings,data/07_chugoku/yamaguchi_2025.csv
2025,spring,chugoku,山口,春季山口大会 2025 日程・結果,1R,2025-04-13,宇部鴻城,4,萩,0,https://koshien89.com/blog-entry-3485.html,,data/07_chugoku/yamaguchi_2025.csv
2025,spring,chugoku,山口,春季山口大会 2025 日程・結果,1R,2025-04-13,岩国工業,12,防府商工,5,https://koshien89.com/blog-entry-3485.html,7innings,data/07_chugoku/yamaguchi_2025.csv
2025,spring,chugoku,山口,春季山口大会 2025 日程・結果,1R,2025-04-13,慶進,4,長門,14,https://koshien89.com/blog-entry-3485.html,5innings,data/07_chugoku/yamaguchi_2025.csv
2025,spring,chugoku,山口,春季山口大会 2025 日程・結果,1R,2025-04-13,岩国,11,大島商船・岩国総合・高森,1,https://koshien89.com/blog-entry-3485.html,5innings,data/07_chugoku/yamaguchi_2025.csv
2025,spring,chugoku,山口,春季山口大会 2025 日程・結果,1R,2025-04-13,誠英,7,下松工業,0,https://koshien89.com/blog-entry-3485.html,8innings,data/07_chugoku/yamaguchi_2025.csv
2025,spring,chugoku,山口,春季山口大会 2025 日程・結果,1R,2025-04-12,早鞆,12,下関西,0,https://koshien89.com/blog-entry-3485.html,5innings,data/07_chugoku/yamaguchi_2025.csv
2025,spring,chugoku,山口,春季山口大会 2025 日程・結果,1R,2025-04-12,南陽工業,8,新南陽,0,https://koshien89.com/blog-entry-3485.html,7innings,data/07_chugoku/yamaguchi_2025.csv
2025,spring,chugoku,山口,春季山口大会 2025 日程・結果,1R,2025-04-12,小野田工業,1,防府,2,https://koshien89.com/blog-entry-3485.html,,data/07_chugoku/yamaguchi_2025.csv
2025,spring,chugoku,山口,春季山口大会 2025 日程・結果,1R,2025-04-12,聖光,0,岩国商業,7,https://koshien89.com/blog-entry-3485.html,8innings,data/07_chugoku/yamaguchi_2025.csv
2025,spring,chugoku,山口,春季山口大会 2025 日程・結果,1R,2025-04-12,宇部西,1,小野田,0,https://koshien89.com/blog-entry-3485.html,,data/07_chugoku/yamaguchi_2025.csv
2025,spring,chugoku,山口,春季山口大会 2025 日程・結果,1R,2025-04-12,大津緑洋,3,宇部,8,https://koshien89.com/blog-entry-3485.html,,data/07_chugoku/yamaguchi_2025.csv
2025,spring,chugoku,山口,春季山口大会 2025 日程・結果,1R,2025-04-12,柳井商工・熊毛南,7,山口,6,https://koshien89.com/blog-entry-3485.html,,data/07_chugoku/yamaguchi_2025.csv
2025,spring,chugoku,山口,春季山口大会 2025 日程・結果,1R,2025-04-12,防府西,4,光,11,https://koshien89.com/blog-entry-3485.html,7innings,data/07_chugoku/yamaguchi_2025.csv
2025,spring,chugoku,山口,春季山口大会 2025 日程・結果,1R,2025-04-12,宇部フロンティア大香川,0,豊浦,7,https://koshien89.com/blog-entry-3485.html,7innings,data/07_chugoku/yamaguchi_2025.csv
2025,spring,chugoku,山口,春季山口大会 2025 日程・結果,1R,2025-04-12,下関商業,11,高水,1,https://koshien89.com/blog-entry-3485.html,5innings,data/07_chugoku/yamaguchi_2025.csv
2025,spring,chugoku,山口,春季山口大会 2025 日程・結果,1R,2025-04-12,徳山,7,徳山商工,0,https://koshien89.com/blog-entry-3485.html,7innings,data/07_chugoku/yamaguchi_2025.csv
2025,spring,shikoku,愛媛,春季愛媛大会 2025 日程・結果,F,2025-04-01,新田,10,今治西,1,https://koshien89.com/blog-entry-3433.html,,data/08_shikoku/ehime_2025.csv
2025,spring,shikoku,愛媛,春季愛媛大会 2025 日程・結果,SF,2025-03-30,新田,4,済美,3,https://koshien89.com/blog-entry-3433.html,,data/08_shikoku/ehime_2025.csv
2025,spring,shikoku,愛媛,春季愛媛大会 2025 日程・結果,SF,2025-03-30,今治西,1,西条,0,https://koshien89.com/blog-entry-3433.html,,data/08_shikoku/ehime_2025.csv
2025,spring,shikoku,愛媛,春季愛媛大会 2025 日程・結果,QF,2025-03-27,新田,3,宇和島東,2,https://koshien89.com/blog-entry-3433.html,,data/08_shikoku/ehime_2025.csv
2025,spring,shikoku,愛媛,春季愛媛大会 2025 日程・結果,QF,2025-03-27,松山北,0,今治西,2,https://koshien89.com/blog-entry-3433.html,,data/08_shikoku/ehime_2025.csv
2025,spring,shikoku,愛媛,春季愛媛大会 2025 日程・結果,QF,2025-03-27,済美,6,帝京第五,2,https://koshien89.com/blog-entry-3433.html,,data/08_shikoku/ehime_2025.csv
2025,spring,shikoku,愛媛,春季愛媛大会 2025 日程・結果,QF,2025-03-27,西条,7,宇和,4,https://koshien89.com/blog-entry-3433.html,,data/08_shikoku/ehime_2025.csv
2025,spring,shikoku,愛媛,春季愛媛大会 2025 日程・結果,3R,2025-03-24,今治西,4,三島,0,https://koshien89.com/blog-entry-3433.html,,data/08_shikoku/ehime_2025.csv
2025,spring,shikoku,愛媛,春季愛媛大会 2025 日程・結果,3R,2025-03-24,宇和島東,7,聖カタリナ学園,0,https://koshien89.com/blog-entry-3433.html,7innings,data/08_shikoku/ehime_2025.csv
2025,spring,shikoku,愛媛,春季愛媛大会 2025 日程・結果,3R,2025-03-24,西条,4,大洲,0,https://koshien89.com/blog-entry-3433.html,,data/08_shikoku/ehime_2025.csv
2025,spring,shikoku,愛媛,春季愛媛大会 2025 日程・結果,3R,2025-03-24,松山中央,1,宇和,11,https://koshien89.com/blog-entry-3433.html,5innings,data/08_shikoku/ehime_2025.csv
2025,spring,shikoku,愛媛,春季愛媛大会 2025 日程・結果,3R,2025-03-24,帝京第五,3,野村・大洲農,1,https://koshien89.com/blog-entry-3433.html,,data/08_shikoku/ehime_2025.csv
2025,spring,shikoku,愛媛,春季愛媛大会 2025 日程・結果,3R,2025-03-24,新田,10,内子小田・上浮穴済美平成・北条,0,https://koshien89.com/blog-entry-3433.html,6innings,data/08_shikoku/ehime_2025.csv
2025,spring,shikoku,愛媛,春季愛媛大会 2025 日程・結果,3R,2025-03-24,済美,6,新居浜南,2,https://koshien89.com/blog-entry-3433.html,,data/08_shikoku/ehime_2025.csv
2025,spring,shikoku,愛媛,春季愛媛大会 2025 日程・結果,3R,2025-03-24,丹原,1,松山北,8,https://koshien89.com/blog-entry-3433.html,8innings,data/08_shikoku/ehime_2025.csv
2025,spring,shikoku,愛媛,春季愛媛大会 2025 日程・結果,2R,2025-03-23,宇和,15,今治北大三島・今治南・今治東・東予,5,https://koshien89.com/blog-entry-3433.html,10innings,data/08_shikoku/ehime_2025.csv
2025,spring,shikoku,愛媛,春季愛媛大会 2025 日程・結果,2R,2025-03-23,野村・大洲農,6,新居浜西,2,https://koshien89.com/blog-entry-3433.html,,data/08_shikoku/ehime_2025.csv
2025,spring,shikoku,愛媛,春季愛媛大会 2025 日程・結果,2R,2025-03-23,新居浜南,9,松山西,5,https://koshien89.com/blog-entry-3433.html,,data/08_shikoku/ehime_2025.csv
2025,spring,shikoku,愛媛,春季愛媛大会 2025 日程・結果,2R,2025-03-23,八幡浜,3,聖カタリナ学園,9,https://koshien89.com/blog-entry-3433.html,,data/08_shikoku/ehime_2025.csv
2025,spring,shikoku,愛媛,春季愛媛大会 2025 日程・結果,2R,2025-03-22,三島,9,伊予農,2,https://koshien89.com/blog-entry-3433.html,7innings,data/08_shikoku/ehime_2025.csv
2025,spring,shikoku,愛媛,春季愛媛大会 2025 日程・結果,2R,2025-03-22,松山学院,1,済美,8,https://koshien89.com/blog-entry-3433.html,7innings,data/08_shikoku/ehime_2025.csv
2025,spring,shikoku,愛媛,春季愛媛大会 2025 日程・結果,2R,2025-03-22,宇和島東,8,吉田,1,https://koshien89.com/blog-entry-3433.html,8innings,data/08_shikoku/ehime_2025.csv
2025,spring,shikoku,愛媛,春季愛媛大会 2025 日程・結果,2R,2025-03-22,松山聖陵,2,松山中央,3,https://koshien89.com/blog-entry-3433.html,,data/08_shikoku/ehime_2025.csv
2025,spring,shikoku,愛媛,春季愛媛大会 2025 日程・結果,2R,2025-03-22,今治北,6,帝京第五,8,https://koshien89.com/blog-entry-3433.html,,data/08_shikoku/ehime_2025.csv
2025,spring,shikoku,愛媛,春季愛媛大会 2025 日程・結果,2R,2025-03-22,内子小田・上浮穴済美平成・北条,9,川之石,7,https://koshien89.com/blog-entry-3433.html,11innings,data/08_shikoku/ehime_2025.csv
2025,spring,shikoku,愛媛,春季愛媛大会 2025 日程・結果,2R,2025-03-22,松山南,2,大洲,9,https://koshien89.com/blog-entry-3433.html,,data/08_shikoku/ehime_2025.csv
2025,spring,shikoku,愛媛,春季愛媛大会 2025 日程・結果,2R,2025-03-22,内子,9,松山北,16,https://koshien89.com/blog-entry-3433.html,8innings,data/08_shikoku/ehime_2025.csv
2025,spring,shikoku,愛媛,春季愛媛大会 2025 日程・結果,2R,2025-03-21,松山商,6,西条,7,https://koshien89.com/blog-entry-3433.html,10innings,data/08_shikoku/ehime_2025.csv
2025,spring,shikoku,愛媛,春季愛媛大会 2025 日程・結果,2R,2025-03-21,新田,7,伊予,0,https://koshien89.com/blog-entry-3433.html,8innings,data/08_shikoku/ehime_2025.csv
2025,spring,shikoku,愛媛,春季愛媛大会 2025 日程・結果,2R,2025-03-21,今治西,11,松山工,1,https://koshien89.com/blog-entry-3433.html,6innings,data/08_shikoku/ehime_2025.csv
2025,spring,shikoku,愛媛,春季愛媛大会 2025 日程・結果,2R,2025-03-21,小松,3,丹原,11,https://koshien89.com/blog-entry-3433.html,8innings,data/08_shikoku/ehime_2025.csv
2025,spring,shikoku,愛媛,春季愛媛大会 2025 日程・結果,1R,2025-03-21,聖カタリナ学園,10,西条農・土居,2,https://koshien89.com/blog-entry-3433.html,7innings,data/08_shikoku/ehime_2025.csv
2025,spring,shikoku,愛媛,春季愛媛大会 2025 日程・結果,1R,2025-03-21,帝京第五,11,北宇和,6,https://koshien89.com/blog-entry-3433.html,,data/08_shikoku/ehime_2025.csv
2025,spring,shikoku,愛媛,春季愛媛大会 2025 日程・結果,1R,2025-03-21,新居浜西,10,新居浜高専,1,https://koshien89.com/blog-entry-3433.html,7innings,data/08_shikoku/ehime_2025.csv
2025,spring,shikoku,愛媛,春季愛媛大会 2025 日程・結果,1R,2025-03-21,川之石,4,愛大附,3,https://koshien89.com/blog-entry-3433.html,,data/08_shikoku/ehime_2025.csv
2025,spring,shikoku,愛媛,春季愛媛大会 2025 日程・結果,1R,2025-03-21,松山西,12,南宇和,10,https://koshien89.com/blog-entry-3433.html,,data/08_shikoku/ehime_2025.csv
2025,spring,shikoku,愛媛,春季愛媛大会 2025 日程・結果,1R,2025-03-20,新居浜商,2,松山中央,5,https://koshien89.com/blog-entry-3433.html,,data/08_shikoku/ehime_2025.csv
2025,spring,shikoku,愛媛,春季愛媛大会 2025 日程・結果,1R,2025-03-20,東温,3,伊予,4,https://koshien89.com/blog-entry-3433.html,,data/08_shikoku/ehime_2025.csv
2025,spring,shikoku,愛媛,春季愛媛大会 2025 日程・結果,1R,2025-03-20,済美,8,今治工,1,https://koshien89.com/blog-entry-3433.html,7innings,data/08_shikoku/ehime_2025.csv
2025,spring,shikoku,愛媛,春季愛媛大会 2025 日程・結果,1R,2025-03-20,川之江,6,松山工,8,https://koshien89.com/blog-entry-3433.html,,data/08_shikoku/ehime_2025.csv
2025,spring,shikoku,愛媛,春季愛媛大会 2025 日程・結果,1R,2025-03-20,西条,8,新居浜東,7,https://koshien89.com/blog-entry-3433.html,,data/08_shikoku/ehime_2025.csv
2025,spring,shikoku,愛媛,春季愛媛大会 2025 日程・結果,1R,2025-03-20,新居浜工,9,大洲,10,https://koshien89.com/blog-entry-3433.html,,data/08_shikoku/ehime_2025.csv
2025,spring,shikoku,愛媛,春季愛媛大会 2025 日程・結果,1R,2025-03-20,丹原,15,宇和島南,7,https://koshien89.com/blog-entry-3433.html,,data/08_shikoku/ehime_2025.csv
2025,spring,shikoku,愛媛,春季愛媛大会 2025 日程・結果,1R,2025-03-20,松山東,3,松山北,5,https://koshien89.com/blog-entry-3433.html,,data/08_shikoku/ehime_2025.csv
2025,spring,shikoku,愛媛,春季愛媛大会 2025 日程・結果,1R,2025-03-20,弓削商船高専,6,吉田,13,https://koshien89.com/blog-entry-3433.html,8innings,data/08_shikoku/ehime_2025.csv
2025,spring,shikoku,香川,春季徳島大会 2025 日程・結果,F,2025-04-03,徳島商業,3,鳴門,2,https://koshien89.com/blog-entry-3432.html,,data/08_shikoku/kagawa_2025.csv
2025,spring,shikoku,香川,春季徳島大会 2025 日程・結果,SF,2025-04-02,鳴門渦潮,1,徳島商業,4,https://koshien89.com/blog-entry-3432.html,,data/08_shikoku/kagawa_2025.csv
2025,spring,shikoku,香川,春季徳島大会 2025 日程・結果,SF,2025-04-02,鳴門,5,生光学園,0,https://koshien89.com/blog-entry-3432.html,,data/08_shikoku/kagawa_2025.csv
2025,spring,shikoku,香川,春季徳島大会 2025 日程・結果,QF,2025-03-30,阿波,3,生光学園,5,https://koshien89.com/blog-entry-3432.html,10innings,data/08_shikoku/kagawa_2025.csv
2025,spring,shikoku,香川,春季徳島大会 2025 日程・結果,QF,2025-03-30,海部,2,徳島商業,12,https://koshien89.com/blog-entry-3432.html,5innings,data/08_shikoku/kagawa_2025.csv
2025,spring,shikoku,香川,春季徳島大会 2025 日程・結果,QF,2025-03-29,鳴門渦潮,4,池田,1,https://koshien89.com/blog-entry-3432.html,,data/08_shikoku/kagawa_2025.csv
2025,spring,shikoku,香川,春季徳島大会 2025 日程・結果,QF,2025-03-29,鳴門,6,徳島科技,0,https://koshien89.com/blog-entry-3432.html,,data/08_shikoku/kagawa_2025.csv
2025,spring,shikoku,香川,春季徳島大会 2025 日程・結果,2R,2025-03-28,穴吹,1,徳島商業,11,https://koshien89.com/blog-entry-3432.html,5innings,data/08_shikoku/kagawa_2025.csv
2025,spring,shikoku,香川,春季徳島大会 2025 日程・結果,2R,2025-03-27,小松島,3,阿波,4,https://koshien89.com/blog-entry-3432.html,10innings,data/08_shikoku/kagawa_2025.csv
2025,spring,shikoku,香川,春季徳島大会 2025 日程・結果,2R,2025-03-27,川島,6,海部,10,https://koshien89.com/blog-entry-3432.html,,data/08_shikoku/kagawa_2025.csv
2025,spring,shikoku,香川,春季徳島大会 2025 日程・結果,2R,2025-03-27,富岡西,2,生光学園,3,https://koshien89.com/blog-entry-3432.html,10innings,data/08_shikoku/kagawa_2025.csv
2025,spring,shikoku,香川,春季徳島大会 2025 日程・結果,2R,2025-03-26,鳴門渦潮,4,阿南光,0,https://koshien89.com/blog-entry-3432.html,,data/08_shikoku/kagawa_2025.csv
2025,spring,shikoku,香川,春季徳島大会 2025 日程・結果,2R,2025-03-26,鳴門,6,名西,2,https://koshien89.com/blog-entry-3432.html,,data/08_shikoku/kagawa_2025.csv
2025,spring,shikoku,香川,春季徳島大会 2025 日程・結果,2R,2025-03-26,城北,2,池田,6,https://koshien89.com/blog-entry-3432.html,,data/08_shikoku/kagawa_2025.csv
2025,spring,shikoku,香川,春季徳島大会 2025 日程・結果,2R,2025-03-26,城南,4,徳島科技,8,https://koshien89.com/blog-entry-3432.html,,data/08_shikoku/kagawa_2025.csv
2025,spring,shikoku,香川,春季徳島大会 2025 日程・結果,1R,2025-03-23,穴吹,8,つるぎ,2,https://koshien89.com/blog-entry-3432.html,,data/08_shikoku/kagawa_2025.csv
2025,spring,shikoku,香川,春季徳島大会 2025 日程・結果,1R,2025-03-23,海部,5,徳島北,4,https://koshien89.com/blog-entry-3432.html,,data/08_shikoku/kagawa_2025.csv
2025,spring,shikoku,香川,春季徳島大会 2025 日程・結果,1R,2025-03-23,阿南高専,1,徳島商業,5,https://koshien89.com/blog-entry-3432.html,,data/08_shikoku/kagawa_2025.csv
2025,spring,shikoku,香川,春季徳島大会 2025 日程・結果,1R,2025-03-22,阿波,10,吉野川,0,https://koshien89.com/blog-entry-3432.html,5innings,data/08_shikoku/kagawa_2025.csv
2025,spring,shikoku,香川,春季徳島大会 2025 日程・結果,1R,2025-03-22,名西,6,那賀,2,https://koshien89.com/blog-entry-3432.html,,data/08_shikoku/kagawa_2025.csv
2025,spring,shikoku,香川,春季徳島大会 2025 日程・結果,1R,2025-03-22,小松島西,1,富岡西,8,https://koshien89.com/blog-entry-3432.html,7innings,data/08_shikoku/kagawa_2025.csv
2025,spring,shikoku,香川,春季徳島大会 2025 日程・結果,1R,2025-03-22,城西,4,城南,9,https://koshien89.com/blog-entry-3432.html,,data/08_shikoku/kagawa_2025.csv
2025,spring,shikoku,香川,春季徳島大会 2025 日程・結果,1R,2025-03-22,生光学園,7,城東,2,https://koshien89.com/blog-entry-3432.html,,data/08_shikoku/kagawa_2025.csv
2025,spring,shikoku,香川,春季徳島大会 2025 日程・結果,1R,2025-03-22,徳島科技,18,脇町,6,https://koshien89.com/blog-entry-3432.html,7innings,data/08_shikoku/kagawa_2025.csv
2025,spring,shikoku,香川,春季徳島大会 2025 日程・結果,1R,2025-03-20,阿南光,6,徳島市立,3,https://koshien89.com/blog-entry-3432.html,,data/08_shikoku/kagawa_2025.csv
2025,spring,shikoku,香川,春季徳島大会 2025 日程・結果,1R,2025-03-20,城ノ内,3,城北,6,https://koshien89.com/blog-entry-3432.html,,data/08_shikoku/kagawa_2025.csv
2025,spring,shikoku,香川,春季徳島大会 2025 日程・結果,1R,2025-03-20,板野,1,池田,2,https://koshien89.com/blog-entry-3432.html,,data/08_shikoku/kagawa_2025.csv
2025,spring,shikoku,高知,春季高知大会 2025 日程・結果,F,2025-03-30,高知中央,5,高知,7,https://koshien89.com/blog-entry-3446.html,team2_sayonara,data/08_shikoku/kochi_2025.csv
2025,spring,shikoku,高知,春季高知大会 2025 日程・結果,SF,2025-03-28,梼原,0,高知中央,10,https://koshien89.com/blog-entry-3446.html,5innings,data/08_shikoku/kochi_2025.csv
2025,spring,shikoku,高知,春季高知大会 2025 日程・結果,SF,2025-03-28,高知,8,高知商業,2,https://koshien89.com/blog-entry-3446.html,,data/08_shikoku/kochi_2025.csv
2025,spring,shikoku,高知,春季高知大会 2025 日程・結果,QF,2025-03-25,高知,4,東工業,0,https://koshien89.com/blog-entry-3446.html,,data/08_shikoku/kochi_2025.csv
2025,spring,shikoku,高知,春季高知大会 2025 日程・結果,QF,2025-03-25,高知商業,7,須崎総合,0,https://koshien89.com/blog-entry-3446.html,8innings,data/08_shikoku/kochi_2025.csv
2025,spring,shikoku,高知,春季高知大会 2025 日程・結果,QF,2025-03-24,梼原,12,宿毛工業,2,https://koshien89.com/blog-entry-3446.html,5innings,data/08_shikoku/kochi_2025.csv
2025,spring,shikoku,高知,春季高知大会 2025 日程・結果,QF,2025-03-24,高知工業,1,高知中央,17,https://koshien89.com/blog-entry-3446.html,5innings,data/08_shikoku/kochi_2025.csv
2025,spring,shikoku,高知,春季高知大会 2025 日程・結果,2R,2025-03-22,伊野商,1,高知商業,14,https://koshien89.com/blog-entry-3446.html,5innings,data/08_shikoku/kochi_2025.csv
2025,spring,shikoku,高知,春季高知大会 2025 日程・結果,2R,2025-03-22,須崎総合,6,中村,0,https://koshien89.com/blog-entry-3446.html,,data/08_shikoku/kochi_2025.csv
2025,spring,shikoku,高知,春季高知大会 2025 日程・結果,2R,2025-03-21,梼原,10,岡豊,5,https://koshien89.com/blog-entry-3446.html,,data/08_shikoku/kochi_2025.csv
2025,spring,shikoku,高知,春季高知大会 2025 日程・結果,2R,2025-03-21,高知中央,3,小津,1,https://koshien89.com/blog-entry-3446.html,,data/08_shikoku/kochi_2025.csv
2025,spring,shikoku,高知,春季高知大会 2025 日程・結果,2R,2025-03-21,高知高専,0,高知,10,https://koshien89.com/blog-entry-3446.html,5innings,data/08_shikoku/kochi_2025.csv
2025,spring,shikoku,高知,春季高知大会 2025 日程・結果,2R,2025-03-21,宿毛工業,5,安芸,3,https://koshien89.com/blog-entry-3446.html,,data/08_shikoku/kochi_2025.csv
2025,spring,shikoku,高知,春季高知大会 2025 日程・結果,2R,2025-03-21,高知工業,4,高知農業,1,https://koshien89.com/blog-entry-3446.html,,data/08_shikoku/kochi_2025.csv
2025,spring,shikoku,高知,春季高知大会 2025 日程・結果,2R,2025-03-21,追手前,5,東工業,6,https://koshien89.com/blog-entry-3446.html,,data/08_shikoku/kochi_2025.csv
2025,spring,shikoku,高知,春季高知大会 2025 日程・結果,1R,2025-03-20,高知東,6,東工業,7,https://koshien89.com/blog-entry-3446.html,10innings,data/08_shikoku/kochi_2025.csv
2025,spring,shikoku,高知,春季高知大会 2025 日程・結果,1R,2025-03-20,安芸,5,高知国際,3,https://koshien89.com/blog-entry-3446.html,,data/08_shikoku/kochi_2025.csv
2025,spring,shikoku,高知,春季高知大会 2025 日程・結果,1R,2025-03-20,高知商業,12,土佐,0,https://koshien89.com/blog-entry-3446.html,5innings,data/08_shikoku/kochi_2025.csv
2025,spring,shikoku,高知,春季高知大会 2025 日程・結果,1R,2025-03-20,高知農業,7,土佐塾,0,https://koshien89.com/blog-entry-3446.html,7innings,data/08_shikoku/kochi_2025.csv
2025,spring,shikoku,高知,春季高知大会 2025 日程・結果,1R,2025-03-20,丸の内,0,中村,6,https://koshien89.com/blog-entry-3446.html,,data/08_shikoku/kochi_2025.csv
2025,spring,shikoku,徳島,春季香川大会 2025 日程・結果,F,2025-04-06,高松工芸,3,英明,4,https://koshien89.com/blog-entry-3431.html,11innings,data/08_shikoku/tokushima_2025.csv
2025,spring,shikoku,徳島,春季香川大会 2025 日程・結果,3P,2025-04-06,坂出商,3,四学大香川西,5,https://koshien89.com/blog-entry-3431.html,,data/08_shikoku/tokushima_2025.csv
2025,spring,shikoku,徳島,春季香川大会 2025 日程・結果,SF,2025-04-05,坂出商,2,高松工芸,5,https://koshien89.com/blog-entry-3431.html,10innings,data/08_shikoku/tokushima_2025.csv
2025,spring,shikoku,徳島,春季香川大会 2025 日程・結果,SF,2025-04-05,英明,7,四学大香川西,0,https://koshien89.com/blog-entry-3431.html,8innings,data/08_shikoku/tokushima_2025.csv
2025,spring,shikoku,徳島,春季香川大会 2025 日程・結果,QF,2025-03-30,高松工芸,1,藤井学園寒川,0,https://koshien89.com/blog-entry-3431.html,,data/08_shikoku/tokushima_2025.csv
2025,spring,shikoku,徳島,春季香川大会 2025 日程・結果,QF,2025-03-30,坂出商,6,坂出,1,https://koshien89.com/blog-entry-3431.html,,data/08_shikoku/tokushima_2025.csv
2025,spring,shikoku,徳島,春季香川大会 2025 日程・結果,QF,2025-03-30,高松東,0,四学大香川西,2,https://koshien89.com/blog-entry-3431.html,,data/08_shikoku/tokushima_2025.csv
2025,spring,shikoku,徳島,春季香川大会 2025 日程・結果,QF,2025-03-30,英明,6,観音寺総合,0,https://koshien89.com/blog-entry-3431.html,,data/08_shikoku/tokushima_2025.csv
2025,spring,shikoku,徳島,春季香川大会 2025 日程・結果,3R,2025-03-28,三本松,2,四学大香川西,5,https://koshien89.com/blog-entry-3431.html,,data/08_shikoku/tokushima_2025.csv
2025,spring,shikoku,徳島,春季香川大会 2025 日程・結果,3R,2025-03-28,大手前高松,0,藤井学園寒川,1,https://koshien89.com/blog-entry-3431.html,,data/08_shikoku/tokushima_2025.csv
2025,spring,shikoku,徳島,春季香川大会 2025 日程・結果,3R,2025-03-27,観音寺総合,4,高瀬,3,https://koshien89.com/blog-entry-3431.html,10innings,data/08_shikoku/tokushima_2025.csv
2025,spring,shikoku,徳島,春季香川大会 2025 日程・結果,3R,2025-03-27,丸亀城西,4,坂出,5,https://koshien89.com/blog-entry-3431.html,11innings,data/08_shikoku/tokushima_2025.csv
2025,spring,shikoku,徳島,春季香川大会 2025 日程・結果,3R,2025-03-26,高松東,10,志度,6,https://koshien89.com/blog-entry-3431.html,,data/08_shikoku/tokushima_2025.csv
2025,spring,shikoku,徳島,春季香川大会 2025 日程・結果,3R,2025-03-26,藤井,1,高松工芸,11,https://koshien89.com/blog-entry-3431.html,8innings,data/08_shikoku/tokushima_2025.csv
2025,spring,shikoku,徳島,春季香川大会 2025 日程・結果,3R,2025-03-25,尽誠学園,3,坂出商,4,https://koshien89.com/blog-entry-3431.html,,data/08_shikoku/tokushima_2025.csv
2025,spring,shikoku,徳島,春季香川大会 2025 日程・結果,3R,2025-03-25,英明,5,高松北,1,https://koshien89.com/blog-entry-3431.html,,data/08_shikoku/tokushima_2025.csv
2025,spring,shikoku,徳島,春季香川大会 2025 日程・結果,2R,2025-03-23,高松第一,2,志度,12,https://koshien89.com/blog-entry-3431.html,5innings,data/08_shikoku/tokushima_2025.csv
2025,spring,shikoku,徳島,春季香川大会 2025 日程・結果,2R,2025-03-23,香川中央,5,高松工芸,10,https://koshien89.com/blog-entry-3431.html,11innings,data/08_shikoku/tokushima_2025.csv
2025,spring,shikoku,徳島,春季香川大会 2025 日程・結果,2R,2025-03-23,石田・善通寺一・飯山,3,高瀬,6,https://koshien89.com/blog-entry-3431.html,,data/08_shikoku/tokushima_2025.csv
2025,spring,shikoku,徳島,春季香川大会 2025 日程・結果,2R,2025-03-23,四学大香川西,10,高松,0,https://koshien89.com/blog-entry-3431.html,5innings,data/08_shikoku/tokushima_2025.csv
2025,spring,shikoku,徳島,春季香川大会 2025 日程・結果,2R,2025-03-23,笠田,0,坂出,12,https://koshien89.com/blog-entry-3431.html,5innings,data/08_shikoku/tokushima_2025.csv
2025,spring,shikoku,徳島,春季香川大会 2025 日程・結果,2R,2025-03-23,藤井学園寒川,3,高松桜井,0,https://koshien89.com/blog-entry-3431.html,,data/08_shikoku/tokushima_2025.csv
2025,spring,shikoku,徳島,春季香川大会 2025 日程・結果,2R,2025-03-22,大手前高松,6,高松中央,4,https://koshien89.com/blog-entry-3431.html,10innings,data/08_shikoku/tokushima_2025.csv
2025,spring,shikoku,徳島,春季香川大会 2025 日程・結果,2R,2025-03-22,観音寺総合,7,多度津,0,https://koshien89.com/blog-entry-3431.html,,data/08_shikoku/tokushima_2025.csv
2025,spring,shikoku,徳島,春季香川大会 2025 日程・結果,2R,2025-03-22,三木,0,丸亀城西,3,https://koshien89.com/blog-entry-3431.html,,data/08_shikoku/tokushima_2025.csv
2025,spring,shikoku,徳島,春季香川大会 2025 日程・結果,2R,2025-03-22,観音寺一,2,三本松,8,https://koshien89.com/blog-entry-3431.html,,data/08_shikoku/tokushima_2025.csv
2025,spring,shikoku,徳島,春季香川大会 2025 日程・結果,2R,2025-03-22,坂出商業,6,高松南,3,https://koshien89.com/blog-entry-3431.html,,data/08_shikoku/tokushima_2025.csv
2025,spring,shikoku,徳島,春季香川大会 2025 日程・結果,2R,2025-03-22,高松北,9,琴平,4,https://koshien89.com/blog-entry-3431.html,,data/08_shikoku/tokushima_2025.csv
2025,spring,shikoku,徳島,春季香川大会 2025 日程・結果,2R,2025-03-21,高松東,3,小豆島中央,1,https://koshien89.com/blog-entry-3431.html,,data/08_shikoku/tokushima_2025.csv
2025,spring,shikoku,徳島,春季香川大会 2025 日程・結果,2R,2025-03-21,丸亀,0,藤井,1,https://koshien89.com/blog-entry-3431.html,,data/08_shikoku/tokushima_2025.csv
2025,spring,shikoku,徳島,春季香川大会 2025 日程・結果,2R,2025-03-20,尽誠学園,2,高松西,1,https://koshien89.com/blog-entry-3431.html,10innings,data/08_shikoku/tokushima_2025.csv
2025,spring,shikoku,徳島,春季香川大会 2025 日程・結果,2R,2025-03-20,英明,7,津田,1,https://koshien89.com/blog-entry-3431.html,,data/08_shikoku/tokushima_2025.csv
2025,spring,shikoku,徳島,春季香川大会 2025 日程・結果,1R,2025-03-20,坂出工業,2,藤井学園寒川,8,https://koshien89.com/blog-entry-3431.html,,data/08_shikoku/tokushima_2025.csv
2025,spring,shikoku,徳島,春季香川大会 2025 日程・結果,1R,2025-03-20,香川高専高松,3,四学大香川西,4,https://koshien89.com/blog-entry-3431.html,,data/08_shikoku/tokushima_2025.csv
2025,spring,kyushu,福岡,春季福岡大会 2025 日程・結果,F,2025-04-05,東筑,7,福岡大大濠,4,https://koshien89.com/blog-entry-3434.html,,data/09_kyushu/fukuoka_2025.csv
2025,spring,kyushu,福岡,春季福岡大会 2025 日程・結果,3P,2025-04-05,祐誠,4,久留米商,3,https://koshien89.com/blog-entry-3434.html,team1_sayonara,data/09_kyushu/fukuoka_2025.csv
2025,spring,kyushu,福岡,春季福岡大会 2025 日程・結果,SF,2025-04-04,東筑,10,祐誠,2,https://koshien89.com/blog-entry-3434.html,7innings,data/09_kyushu/fukuoka_2025.csv
2025,spring,kyushu,福岡,春季福岡大会 2025 日程・結果,SF,2025-04-04,福岡大大濠,7,久留米商,0,https://koshien89.com/blog-entry-3434.html,8innings,data/09_kyushu/fukuoka_2025.csv
2025,spring,kyushu,福岡,春季福岡大会 2025 日程・結果,QF,2025-04-02,九産大九州,3,東筑,6,https://koshien89.com/blog-entry-3434.html,,data/09_kyushu/fukuoka_2025.csv
2025,spring,kyushu,福岡,春季福岡大会 2025 日程・結果,QF,2025-04-02,祐誠,2,東海大福岡,1,https://koshien89.com/blog-entry-3434.html,,data/09_kyushu/fukuoka_2025.csv
2025,spring,kyushu,福岡,春季福岡大会 2025 日程・結果,QF,2025-04-02,久留米商,13,東筑紫学園,8,https://koshien89.com/blog-entry-3434.html,10innings,data/09_kyushu/fukuoka_2025.csv
2025,spring,kyushu,福岡,春季福岡大会 2025 日程・結果,QF,2025-04-02,福岡大大濠,5,飯塚,2,https://koshien89.com/blog-entry-3434.html,,data/09_kyushu/fukuoka_2025.csv
2025,spring,kyushu,福岡,春季福岡大会 2025 日程・結果,5R,2025-03-31,福翔,4,九産大九州,7,https://koshien89.com/blog-entry-3434.html,,data/09_kyushu/fukuoka_2025.csv
2025,spring,kyushu,福岡,春季福岡大会 2025 日程・結果,5R,2025-03-31,祐誠,4,福岡舞鶴,1,https://koshien89.com/blog-entry-3434.html,,data/09_kyushu/fukuoka_2025.csv
2025,spring,kyushu,福岡,春季福岡大会 2025 日程・結果,5R,2025-03-30,飯塚,5,八幡南,2,https://koshien89.com/blog-entry-3434.html,,data/09_kyushu/fukuoka_2025.csv
2025,spring,kyushu,福岡,春季福岡大会 2025 日程・結果,5R,2025-03-30,福岡大大濠,2,武蔵台,0,https://koshien89.com/blog-entry-3434.html,,data/09_kyushu/fukuoka_2025.csv
2025,spring,kyushu,福岡,春季福岡大会 2025 日程・結果,5R,2025-03-30,光陵,0,東筑紫学園,7,https://koshien89.com/blog-entry-3434.html,8innings,data/09_kyushu/fukuoka_2025.csv
2025,spring,kyushu,福岡,春季福岡大会 2025 日程・結果,5R,2025-03-30,久留米商,8,浮羽究真館,4,https://koshien89.com/blog-entry-3434.html,,data/09_kyushu/fukuoka_2025.csv
2025,spring,kyushu,福岡,春季福岡大会 2025 日程・結果,5R,2025-03-29,東筑,2,九州国際大付,1,https://koshien89.com/blog-entry-3434.html,,data/09_kyushu/fukuoka_2025.csv
2025,spring,kyushu,福岡,春季福岡大会 2025 日程・結果,5R,2025-03-29,希望が丘,1,東海大福岡,3,https://koshien89.com/blog-entry-3434.html,10innings,data/09_kyushu/fukuoka_2025.csv
2025,spring,kyushu,福岡,春季福岡大会 2025 日程・結果,4R,2025-03-29,祐誠,7,柳川,6,https://koshien89.com/blog-entry-3434.html,10innings,data/09_kyushu/fukuoka_2025.csv
2025,spring,kyushu,福岡,春季福岡大会 2025 日程・結果,4R,2025-03-29,福岡舞鶴,11,福岡中央,7,https://koshien89.com/blog-entry-3434.html,,data/09_kyushu/fukuoka_2025.csv
2025,spring,kyushu,福岡,春季福岡大会 2025 日程・結果,4R,2025-03-28,福翔,10,筑紫中央,3,https://koshien89.com/blog-entry-3434.html,8innings,data/09_kyushu/fukuoka_2025.csv
2025,spring,kyushu,福岡,春季福岡大会 2025 日程・結果,4R,2025-03-28,城南,1,武蔵台,5,https://koshien89.com/blog-entry-3434.html,,data/09_kyushu/fukuoka_2025.csv
2025,spring,kyushu,福岡,春季福岡大会 2025 日程・結果,4R,2025-03-28,東福岡,0,福岡大大濠,5,https://koshien89.com/blog-entry-3434.html,,data/09_kyushu/fukuoka_2025.csv
2025,spring,kyushu,福岡,春季福岡大会 2025 日程・結果,4R,2025-03-28,沖学園,1,九産大九州,2,https://koshien89.com/blog-entry-3434.html,,data/09_kyushu/fukuoka_2025.csv
2025,spring,kyushu,福岡,春季福岡大会 2025 日程・結果,4R,2025-03-28,久留米商,2,九産大九産,1,https://koshien89.com/blog-entry-3434.html,,data/09_kyushu/fukuoka_2025.csv
2025,spring,kyushu,福岡,春季福岡大会 2025 日程・結果,4R,2025-03-28,中村学園三陽,3,浮羽究真館,5,https://koshien89.com/blog-entry-3434.html,,data/09_kyushu/fukuoka_2025.csv
2025,spring,kyushu,福岡,春季福岡大会 2025 日程・結果,4R,2025-03-27,星琳,4,八幡南,7,https://koshien89.com/blog-entry-3434.html,10innings,data/09_kyushu/fukuoka_2025.csv
2025,spring,kyushu,福岡,春季福岡大会 2025 日程・結果,4R,2025-03-27,折尾愛真,2,飯塚,4,https://koshien89.com/blog-entry-3434.html,,data/09_kyushu/fukuoka_2025.csv
2025,spring,kyushu,福岡,春季福岡大会 2025 日程・結果,4R,2025-03-27,須恵,2,東筑紫学園,8,https://koshien89.com/blog-entry-3434.html,,data/09_kyushu/fukuoka_2025.csv
2025,spring,kyushu,福岡,春季福岡大会 2025 日程・結果,4R,2025-03-27,苅田工,0,光陵,6,https://koshien89.com/blog-entry-3434.html,,data/09_kyushu/fukuoka_2025.csv
2025,spring,kyushu,福岡,春季福岡大会 2025 日程・結果,4R,2025-03-26,育徳館,2,東筑,3,https://koshien89.com/blog-entry-3434.html,10innings,data/09_kyushu/fukuoka_2025.csv
2025,spring,kyushu,福岡,春季福岡大会 2025 日程・結果,4R,2025-03-26,九州国際大付,10,自由ケ丘,9,https://koshien89.com/blog-entry-3434.html,,data/09_kyushu/fukuoka_2025.csv
2025,spring,kyushu,福岡,春季福岡大会 2025 日程・結果,4R,2025-03-26,東海大福岡,7,古賀竟成館,0,https://koshien89.com/blog-entry-3434.html,8innings,data/09_kyushu/fukuoka_2025.csv
2025,spring,kyushu,福岡,春季福岡大会 2025 日程・結果,4R,2025-03-26,希望が丘,9,折尾,5,https://koshien89.com/blog-entry-3434.html,,data/09_kyushu/fukuoka_2025.csv
2025,spring,kyushu,福岡,春季福岡大会 2025 日程・結果,3R,2025-03-26,博多工,1,城南,10,https://koshien89.com/blog-entry-3434.html,7innings,data/09_kyushu/fukuoka_2025.csv
2025,spring,kyushu,福岡,春季福岡大会 2025 日程・結果,3R,2025-03-26,久留米,2,武蔵台,5,https://koshien89.com/blog-entry-3434.html,,data/09_kyushu/fukuoka_2025.csv
2025,spring,kyushu,福岡,春季福岡大会 2025 日程・結果,3R,2025-03-26,福岡工大城東,3,九産大九産,7,https://koshien89.com/blog-entry-3434.html,,data/09_kyushu/fukuoka_2025.csv
2025,spring,kyushu,福岡,春季福岡大会 2025 日程・結果,3R,2025-03-26,浮羽究真館,15,八女工,14,https://koshien89.com/blog-entry-3434.html,10innings,data/09_kyushu/fukuoka_2025.csv
2025,spring,kyushu,福岡,春季福岡大会 2025 日程・結果,3R,2025-03-26,浮羽工,1,中村学園三陽,2,https://koshien89.com/blog-entry-3434.html,,data/09_kyushu/fukuoka_2025.csv
2025,spring,kyushu,福岡,春季福岡大会 2025 日程・結果,3R,2025-03-25,祐誠,4,香住丘,2,https://koshien89.com/blog-entry-3434.html,,data/09_kyushu/fukuoka_2025.csv
2025,spring,kyushu,福岡,春季福岡大会 2025 日程・結果,3R,2025-03-25,嘉穂,2,飯塚,4,https://koshien89.com/blog-entry-3434.html,,data/09_kyushu/fukuoka_2025.csv
2025,spring,kyushu,福岡,春季福岡大会 2025 日程・結果,3R,2025-03-25,星琳,9,北九州,2,https://koshien89.com/blog-entry-3434.html,7innings,data/09_kyushu/fukuoka_2025.csv
2025,spring,kyushu,福岡,春季福岡大会 2025 日程・結果,3R,2025-03-25,折尾愛真,6,戸畑,5,https://koshien89.com/blog-entry-3434.html,10innings,data/09_kyushu/fukuoka_2025.csv
2025,spring,kyushu,福岡,春季福岡大会 2025 日程・結果,3R,2025-03-25,久留米高専・久留米築水,4,福岡中央,11,https://koshien89.com/blog-entry-3434.html,,data/09_kyushu/fukuoka_2025.csv
2025,spring,kyushu,福岡,春季福岡大会 2025 日程・結果,3R,2025-03-25,久留米学園,2,柳川,11,https://koshien89.com/blog-entry-3434.html,,data/09_kyushu/fukuoka_2025.csv
2025,spring,kyushu,福岡,春季福岡大会 2025 日程・結果,3R,2025-03-25,苅田工,7,鞍手竜徳,6,https://koshien89.com/blog-entry-3434.html,,data/09_kyushu/fukuoka_2025.csv
2025,spring,kyushu,福岡,春季福岡大会 2025 日程・結果,3R,2025-03-25,東福岡,6,大牟田,3,https://koshien89.com/blog-entry-3434.html,,data/09_kyushu/fukuoka_2025.csv
2025,spring,kyushu,福岡,春季福岡大会 2025 日程・結果,3R,2025-03-25,小倉商,2,八幡南,9,https://koshien89.com/blog-entry-3434.html,7innings,data/09_kyushu/fukuoka_2025.csv
2025,spring,kyushu,福岡,春季福岡大会 2025 日程・結果,3R,2025-03-25,光陵,1,真颯館,0,https://koshien89.com/blog-entry-3434.html,,data/09_kyushu/fukuoka_2025.csv
2025,spring,kyushu,福岡,春季福岡大会 2025 日程・結果,3R,2025-03-25,福岡大大濠,6,八女,3,https://koshien89.com/blog-entry-3434.html,,data/09_kyushu/fukuoka_2025.csv
2025,spring,kyushu,福岡,春季福岡大会 2025 日程・結果,3R,2025-03-25,久留米商,13,春日,9,https://koshien89.com/blog-entry-3434.html,,data/09_kyushu/fukuoka_2025.csv
2025,spring,kyushu,福岡,春季福岡大会 2025 日程・結果,3R,2025-03-25,田川,1,東筑紫学園,11,https://koshien89.com/blog-entry-3434.html,6innings,data/09_kyushu/fukuoka_2025.csv
2025,spring,kyushu,福岡,春季福岡大会 2025 日程・結果,3R,2025-03-25,北九州市立,5,須恵,6,https://koshien89.com/blog-entry-3434.html,,data/09_kyushu/fukuoka_2025.csv
2025,spring,kyushu,福岡,春季福岡大会 2025 日程・結果,3R,2025-03-25,福岡舞鶴,15,西南学院,7,https://koshien89.com/blog-entry-3434.html,,data/09_kyushu/fukuoka_2025.csv
2025,spring,kyushu,福岡,春季福岡大会 2025 日程・結果,3R,2025-03-24,小倉工,0,東筑,8,https://koshien89.com/blog-entry-3434.html,7innings,data/09_kyushu/fukuoka_2025.csv
2025,spring,kyushu,福岡,春季福岡大会 2025 日程・結果,3R,2025-03-24,育徳館,8,宗像,3,https://koshien89.com/blog-entry-3434.html,10innings,data/09_kyushu/fukuoka_2025.csv
2025,spring,kyushu,福岡,春季福岡大会 2025 日程・結果,3R,2025-03-24,高稜,2,九州国際大付,13,https://koshien89.com/blog-entry-3434.html,5innings,data/09_kyushu/fukuoka_2025.csv
2025,spring,kyushu,福岡,春季福岡大会 2025 日程・結果,3R,2025-03-24,希望が丘,10,直方,0,https://koshien89.com/blog-entry-3434.html,5innings,data/09_kyushu/fukuoka_2025.csv
2025,spring,kyushu,福岡,春季福岡大会 2025 日程・結果,3R,2025-03-24,太宰府,0,福翔,10,https://koshien89.com/blog-entry-3434.html,5innings,data/09_kyushu/fukuoka_2025.csv
2025,spring,kyushu,福岡,春季福岡大会 2025 日程・結果,3R,2025-03-24,筑紫中央,3,福岡工,2,https://koshien89.com/blog-entry-3434.html,,data/09_kyushu/fukuoka_2025.csv
2025,spring,kyushu,福岡,春季福岡大会 2025 日程・結果,3R,2025-03-24,田川科技・東鷹,1,自由ケ丘,8,https://koshien89.com/blog-entry-3434.html,7innings,data/09_kyushu/fukuoka_2025.csv
2025,spring,kyushu,福岡,春季福岡大会 2025 日程・結果,3R,2025-03-24,折尾,7,小倉西,2,https://koshien89.com/blog-entry-3434.html,,data/09_kyushu/fukuoka_2025.csv
2025,spring,kyushu,福岡,春季福岡大会 2025 日程・結果,3R,2025-03-24,八女学院,3,沖学園,10,https://koshien89.com/blog-entry-3434.html,8innings,data/09_kyushu/fukuoka_2025.csv
2025,spring,kyushu,福岡,春季福岡大会 2025 日程・結果,3R,2025-03-24,八幡,1,古賀竟成館,5,https://koshien89.com/blog-entry-3434.html,,data/09_kyushu/fukuoka_2025.csv
2025,spring,kyushu,福岡,春季福岡大会 2025 日程・結果,3R,2025-03-24,東海大福岡,5,門司大翔館,0,https://koshien89.com/blog-entry-3434.html,,data/09_kyushu/fukuoka_2025.csv
2025,spring,kyushu,福岡,春季福岡大会 2025 日程・結果,3R,2025-03-24,明善,1,九産大九州,6,https://koshien89.com/blog-entry-3434.html,,data/09_kyushu/fukuoka_2025.csv
2025,spring,kyushu,福岡,春季福岡大会 2025 日程・結果,2R,2025-03-24,福岡第一,1,九産大九産,2,https://koshien89.com/blog-entry-3434.html,,data/09_kyushu/fukuoka_2025.csv
2025,spring,kyushu,福岡,春季福岡大会 2025 日程・結果,2R,2025-03-24,浮羽工業,5,福岡西陵,4,https://koshien89.com/blog-entry-3434.html,,data/09_kyushu/fukuoka_2025.csv
2025,spring,kyushu,福岡,春季福岡大会 2025 日程・結果,2R,2025-03-24,三潴,0,福工大城東,7,https://koshien89.com/blog-entry-3434.html,8innings,data/09_kyushu/fukuoka_2025.csv
2025,spring,kyushu,福岡,春季福岡大会 2025 日程・結果,2R,2025-03-24,伝習館,6,中村三陽,10,https://koshien89.com/blog-entry-3434.html,,data/09_kyushu/fukuoka_2025.csv
2025,spring,kyushu,福岡,春季福岡大会 2025 日程・結果,2R,2025-03-23,小倉,4,苅田工業,9,https://koshien89.com/blog-entry-3434.html,,data/09_kyushu/fukuoka_2025.csv
2025,spring,kyushu,福岡,春季福岡大会 2025 日程・結果,2R,2025-03-23,大和青藍,3,鞍手竜徳,4,https://koshien89.com/blog-entry-3434.html,,data/09_kyushu/fukuoka_2025.csv
2025,spring,kyushu,福岡,春季福岡大会 2025 日程・結果,2R,2025-03-23,福大大濠,11,香椎,1,https://koshien89.com/blog-entry-3434.html,6innings,data/09_kyushu/fukuoka_2025.csv
2025,spring,kyushu,福岡,春季福岡大会 2025 日程・結果,2R,2025-03-23,八女,7,朝倉,0,https://koshien89.com/blog-entry-3434.html,7innings,data/09_kyushu/fukuoka_2025.csv
2025,spring,kyushu,福岡,春季福岡大会 2025 日程・結果,2R,2025-03-23,嘉穂総合,1,光陵,2,https://koshien89.com/blog-entry-3434.html,10innings,data/09_kyushu/fukuoka_2025.csv
2025,spring,kyushu,福岡,春季福岡大会 2025 日程・結果,2R,2025-03-23,博多工業,7,早良,6,https://koshien89.com/blog-entry-3434.html,,data/09_kyushu/fukuoka_2025.csv
2025,spring,kyushu,福岡,春季福岡大会 2025 日程・結果,2R,2025-03-23,浮羽究真館,10,筑紫台,0,https://koshien89.com/blog-entry-3434.html,6innings,data/09_kyushu/fukuoka_2025.csv
2025,spring,kyushu,福岡,春季福岡大会 2025 日程・結果,2R,2025-03-23,豊国学園,2,真颯館,10,https://koshien89.com/blog-entry-3434.html,,data/09_kyushu/fukuoka_2025.csv
2025,spring,kyushu,福岡,春季福岡大会 2025 日程・結果,2R,2025-03-23,柏陵,0,城南,4,https://koshien89.com/blog-entry-3434.html,,data/09_kyushu/fukuoka_2025.csv
2025,spring,kyushu,福岡,春季福岡大会 2025 日程・結果,2R,2025-03-23,嘉穂東,7,北九州市立,8,https://koshien89.com/blog-entry-3434.html,,data/09_kyushu/fukuoka_2025.csv
2025,spring,kyushu,福岡,春季福岡大会 2025 日程・結果,2R,2025-03-23,須恵,30,北九州高専,2,https://koshien89.com/blog-entry-3434.html,5innings,data/09_kyushu/fukuoka_2025.csv
2025,spring,kyushu,福岡,春季福岡大会 2025 日程・結果,2R,2025-03-23,八女工業,4,筑前,3,https://koshien89.com/blog-entry-3434.html,,data/09_kyushu/fukuoka_2025.csv
2025,spring,kyushu,福岡,春季福岡大会 2025 日程・結果,2R,2025-03-23,東筑紫学園,3,中間,0,https://koshien89.com/blog-entry-3434.html,,data/09_kyushu/fukuoka_2025.csv
2025,spring,kyushu,福岡,春季福岡大会 2025 日程・結果,2R,2025-03-23,田川,2,京都,1,https://koshien89.com/blog-entry-3434.html,,data/09_kyushu/fukuoka_2025.csv
2025,spring,kyushu,福岡,春季福岡大会 2025 日程・結果,2R,2025-03-22,福大若葉,3,九産大九州,6,https://koshien89.com/blog-entry-3434.html,,data/09_kyushu/fukuoka_2025.csv
2025,spring,kyushu,福岡,春季福岡大会 2025 日程・結果,2R,2025-03-22,稲築志耕館,0,飯塚,21,https://koshien89.com/blog-entry-3434.html,5innings,data/09_kyushu/fukuoka_2025.csv
2025,spring,kyushu,福岡,春季福岡大会 2025 日程・結果,2R,2025-03-22,明善,10,筑陽学園,0,https://koshien89.com/blog-entry-3434.html,8innings,data/09_kyushu/fukuoka_2025.csv
2025,spring,kyushu,福岡,春季福岡大会 2025 日程・結果,2R,2025-03-22,北筑,2,戸畑,7,https://koshien89.com/blog-entry-3434.html,,data/09_kyushu/fukuoka_2025.csv
2025,spring,kyushu,福岡,春季福岡大会 2025 日程・結果,2R,2025-03-22,福島,8,福岡舞鶴,9,https://koshien89.com/blog-entry-3434.html,,data/09_kyushu/fukuoka_2025.csv
2025,spring,kyushu,福岡,春季福岡大会 2025 日程・結果,2R,2025-03-22,八幡工業,1,嘉穂,8,https://koshien89.com/blog-entry-3434.html,7innings,data/09_kyushu/fukuoka_2025.csv
2025,spring,kyushu,福岡,春季福岡大会 2025 日程・結果,2R,2025-03-22,小倉東,2,星琳,5,https://koshien89.com/blog-entry-3434.html,,data/09_kyushu/fukuoka_2025.csv
2025,spring,kyushu,福岡,春季福岡大会 2025 日程・結果,2R,2025-03-22,三池,1,西南学院,8,https://koshien89.com/blog-entry-3434.html,8innings,data/09_kyushu/fukuoka_2025.csv
2025,spring,kyushu,福岡,春季福岡大会 2025 日程・結果,2R,2025-03-22,糸島,2,福岡中央,9,https://koshien89.com/blog-entry-3434.html,8innings,data/09_kyushu/fukuoka_2025.csv
2025,spring,kyushu,福岡,春季福岡大会 2025 日程・結果,2R,2025-03-22,門司学園,0,小倉商業,9,https://koshien89.com/blog-entry-3434.html,7innings,data/09_kyushu/fukuoka_2025.csv
2025,spring,kyushu,福岡,春季福岡大会 2025 日程・結果,2R,2025-03-22,福岡農業・輝翔館,1,久留米高専・久留米筑水,8,https://koshien89.com/blog-entry-3434.html,7innings,data/09_kyushu/fukuoka_2025.csv
2025,spring,kyushu,福岡,春季福岡大会 2025 日程・結果,2R,2025-03-22,若松商業,6,北九州,7,https://koshien89.com/blog-entry-3434.html,,data/09_kyushu/fukuoka_2025.csv
2025,spring,kyushu,福岡,春季福岡大会 2025 日程・結果,2R,2025-03-22,三井,4,武蔵台,5,https://koshien89.com/blog-entry-3434.html,,data/09_kyushu/fukuoka_2025.csv
2025,spring,kyushu,福岡,春季福岡大会 2025 日程・結果,2R,2025-03-22,福岡,1,久留米,5,https://koshien89.com/blog-entry-3434.html,,data/09_kyushu/fukuoka_2025.csv
2025,spring,kyushu,福岡,春季福岡大会 2025 日程・結果,2R,2025-03-22,八幡南,14,新宮,6,https://koshien89.com/blog-entry-3434.html,8innings,data/09_kyushu/fukuoka_2025.csv
2025,spring,kyushu,福岡,春季福岡大会 2025 日程・結果,2R,2025-03-21,福翔,22,大川樟風,3,https://koshien89.com/blog-entry-3434.html,5innings,data/09_kyushu/fukuoka_2025.csv
2025,spring,kyushu,福岡,春季福岡大会 2025 日程・結果,2R,2025-03-21,ありあけ新世,1,太宰府,11,https://koshien89.com/blog-entry-3434.html,6innings,data/09_kyushu/fukuoka_2025.csv
2025,spring,kyushu,福岡,春季福岡大会 2025 日程・結果,2R,2025-03-21,筑紫中央,10,玄洋,0,https://koshien89.com/blog-entry-3434.html,5innings,data/09_kyushu/fukuoka_2025.csv
2025,spring,kyushu,福岡,春季福岡大会 2025 日程・結果,2R,2025-03-21,直方,9,玄界,4,https://koshien89.com/blog-entry-3434.html,,data/09_kyushu/fukuoka_2025.csv
2025,spring,kyushu,福岡,春季福岡大会 2025 日程・結果,2R,2025-03-21,福岡講倫館,0,春日,15,https://koshien89.com/blog-entry-3434.html,5innings,data/09_kyushu/fukuoka_2025.csv
2025,spring,kyushu,福岡,春季福岡大会 2025 日程・結果,2R,2025-03-21,鞍手,3,小倉西,5,https://koshien89.com/blog-entry-3434.html,,data/09_kyushu/fukuoka_2025.csv
2025,spring,kyushu,福岡,春季福岡大会 2025 日程・結果,2R,2025-03-21,宇美商業,0,折尾,7,https://koshien89.com/blog-entry-3434.html,7innings,data/09_kyushu/fukuoka_2025.csv
2025,spring,kyushu,福岡,春季福岡大会 2025 日程・結果,2R,2025-03-21,博多,1,沖学園,3,https://koshien89.com/blog-entry-3434.html,,data/09_kyushu/fukuoka_2025.csv
2025,spring,kyushu,福岡,春季福岡大会 2025 日程・結果,2R,2025-03-21,東海大福岡,15,八幡中央,0,https://koshien89.com/blog-entry-3434.html,5innings,data/09_kyushu/fukuoka_2025.csv
2025,spring,kyushu,福岡,春季福岡大会 2025 日程・結果,2R,2025-03-21,柳川,7,八女農業,0,https://koshien89.com/blog-entry-3434.html,7innings,data/09_kyushu/fukuoka_2025.csv
2025,spring,kyushu,福岡,春季福岡大会 2025 日程・結果,2R,2025-03-21,福岡工業,13,福岡常葉,0,https://koshien89.com/blog-entry-3434.html,5innings,data/09_kyushu/fukuoka_2025.csv
2025,spring,kyushu,福岡,春季福岡大会 2025 日程・結果,2R,2025-03-21,筑紫,4,八女学院,5,https://koshien89.com/blog-entry-3434.html,,data/09_kyushu/fukuoka_2025.csv
2025,spring,kyushu,福岡,春季福岡大会 2025 日程・結果,2R,2025-03-21,門司大翔館,4,青豊,1,https://koshien89.com/blog-entry-3434.html,,data/09_kyushu/fukuoka_2025.csv
2025,spring,kyushu,福岡,春季福岡大会 2025 日程・結果,2R,2025-03-21,久留米学園,9,朝倉光陽,0,https://koshien89.com/blog-entry-3434.html,7innings,data/09_kyushu/fukuoka_2025.csv
2025,spring,kyushu,福岡,春季福岡大会 2025 日程・結果,2R,2025-03-21,若松・行橋,2,古賀竟成館,7,https://koshien89.com/blog-entry-3434.html,,data/09_kyushu/fukuoka_2025.csv
2025,spring,kyushu,福岡,春季福岡大会 2025 日程・結果,2R,2025-03-20,常磐,3,宗像,5,https://koshien89.com/blog-entry-3434.html,,data/09_kyushu/fukuoka_2025.csv
2025,spring,kyushu,福岡,春季福岡大会 2025 日程・結果,2R,2025-03-20,小倉工業,3,福岡魁誠,2,https://koshien89.com/blog-entry-3434.html,,data/09_kyushu/fukuoka_2025.csv
2025,spring,kyushu,福岡,春季福岡大会 2025 日程・結果,2R,2025-03-20,東筑,10,戸畑工業,3,https://koshien89.com/blog-entry-3434.html,7innings,data/09_kyushu/fukuoka_2025.csv
2025,spring,kyushu,福岡,春季福岡大会 2025 日程・結果,2R,2025-03-20,香住丘,17,三池工業,1,https://koshien89.com/blog-entry-3434.html,5innings,data/09_kyushu/fukuoka_2025.csv
2025,spring,kyushu,福岡,春季福岡大会 2025 日程・結果,2R,2025-03-20,東福岡,10,山門,0,https://koshien89.com/blog-entry-3434.html,5innings,data/09_kyushu/fukuoka_2025.csv
2025,spring,kyushu,福岡,春季福岡大会 2025 日程・結果,2R,2025-03-20,慶成,3,高稜,4,https://koshien89.com/blog-entry-3434.html,,data/09_kyushu/fukuoka_2025.csv
2025,spring,kyushu,福岡,春季福岡大会 2025 日程・結果,2R,2025-03-20,南筑,2,大牟田,10,https://koshien89.com/blog-entry-3434.html,7innings,data/09_kyushu/fukuoka_2025.csv
2025,spring,kyushu,福岡,春季福岡大会 2025 日程・結果,2R,2025-03-20,九国大付,7,小倉南,0,https://koshien89.com/blog-entry-3434.html,7innings,data/09_kyushu/fukuoka_2025.csv
2025,spring,kyushu,福岡,春季福岡大会 2025 日程・結果,2R,2025-03-20,遠賀・築上西・水産,8,田川科学技術・東鷹,3,https://koshien89.com/blog-entry-3434.html,,data/09_kyushu/fukuoka_2025.csv
2025,spring,kyushu,福岡,春季福岡大会 2025 日程・結果,2R,2025-03-20,修猷館,1,祐誠,4,https://koshien89.com/blog-entry-3434.html,,data/09_kyushu/fukuoka_2025.csv
2025,spring,kyushu,福岡,春季福岡大会 2025 日程・結果,2R,2025-03-20,築豊,0,自由ヶ丘,15,https://koshien89.com/blog-entry-3434.html,5innings,data/09_kyushu/fukuoka_2025.csv
2025,spring,kyushu,福岡,春季福岡大会 2025 日程・結果,2R,2025-03-20,久留米商業,11,純真,0,https://koshien89.com/blog-entry-3434.html,7innings,data/09_kyushu/fukuoka_2025.csv
2025,spring,kyushu,福岡,春季福岡大会 2025 日程・結果,1R,2025-03-20,香椎工業,3,福大若葉,6,https://koshien89.com/blog-entry-3434.html,,data/09_kyushu/fukuoka_2025.csv
2025,spring,kyushu,福岡,春季福岡大会 2025 日程・結果,1R,2025-03-20,小郡,9,糸島,10,https://koshien89.com/blog-entry-3434.html,10innings,data/09_kyushu/fukuoka_2025.csv
2025,spring,kyushu,福岡,春季福岡大会 2025 日程・結果,1R,2025-03-20,三井,7,有明高専,6,https://koshien89.com/blog-entry-3434.html,,data/09_kyushu/fukuoka_2025.csv
2025,spring,kyushu,福岡,春季福岡大会 2025 日程・結果,1R,2025-03-20,八女工業,6,筑紫丘,5,https://koshien89.com/blog-entry-3434.html,10innings,data/09_kyushu/fukuoka_2025.csv
2025,spring,kyushu,鹿児島,春季鹿児島大会 2025 日程・結果,F,2025-04-05,神村学園,11,鹿児島工,4,https://koshien89.com/blog-entry-3439.html,,data/09_kyushu/kagoshima_2025.csv
2025,spring,kyushu,鹿児島,春季鹿児島大会 2025 日程・結果,SF,2025-04-04,神村学園,7,出水中央,4,https://koshien89.com/blog-entry-3439.html,,data/09_kyushu/kagoshima_2025.csv
2025,spring,kyushu,鹿児島,春季鹿児島大会 2025 日程・結果,SF,2025-04-04,鹿児島工,4,鹿屋中央,3,https://koshien89.com/blog-entry-3439.html,10innings,data/09_kyushu/kagoshima_2025.csv
2025,spring,kyushu,鹿児島,春季鹿児島大会 2025 日程・結果,QF,2025-04-02,鹿児島工,3,樟南,2,https://koshien89.com/blog-entry-3439.html,,data/09_kyushu/kagoshima_2025.csv
2025,spring,kyushu,鹿児島,春季鹿児島大会 2025 日程・結果,QF,2025-04-02,枕崎,0,出水中央,7,https://koshien89.com/blog-entry-3439.html,7innings,data/09_kyushu/kagoshima_2025.csv
2025,spring,kyushu,鹿児島,春季鹿児島大会 2025 日程・結果,QF,2025-03-31,神村学園,7,鹿児島,0,https://koshien89.com/blog-entry-3439.html,7innings,data/09_kyushu/kagoshima_2025.csv
2025,spring,kyushu,鹿児島,春季鹿児島大会 2025 日程・結果,QF,2025-03-31,鹿屋中央,6,鹿児島城西,1,https://koshien89.com/blog-entry-3439.html,,data/09_kyushu/kagoshima_2025.csv
2025,spring,kyushu,鹿児島,春季鹿児島大会 2025 日程・結果,3R,2025-03-30,徳之島,0,樟南,10,https://koshien89.com/blog-entry-3439.html,5innings,data/09_kyushu/kagoshima_2025.csv
2025,spring,kyushu,鹿児島,春季鹿児島大会 2025 日程・結果,3R,2025-03-30,枕崎,6,種子島・屋久島,0,https://koshien89.com/blog-entry-3439.html,,data/09_kyushu/kagoshima_2025.csv
2025,spring,kyushu,鹿児島,春季鹿児島大会 2025 日程・結果,3R,2025-03-30,川内商工,0,出水中央,10,https://koshien89.com/blog-entry-3439.html,5innings,data/09_kyushu/kagoshima_2025.csv
2025,spring,kyushu,鹿児島,春季鹿児島大会 2025 日程・結果,3R,2025-03-30,鹿児島工,9,加治木,8,https://koshien89.com/blog-entry-3439.html,,data/09_kyushu/kagoshima_2025.csv
2025,spring,kyushu,鹿児島,春季鹿児島大会 2025 日程・結果,3R,2025-03-29,神村学園,7,鹿児島南,0,https://koshien89.com/blog-entry-3439.html,8innings,data/09_kyushu/kagoshima_2025.csv
2025,spring,kyushu,鹿児島,春季鹿児島大会 2025 日程・結果,3R,2025-03-29,鹿児島城西,10,鹿児島実,2,https://koshien89.com/blog-entry-3439.html,7innings,data/09_kyushu/kagoshima_2025.csv
2025,spring,kyushu,鹿児島,春季鹿児島大会 2025 日程・結果,3R,2025-03-29,鹿児島水産,0,鹿児島,7,https://koshien89.com/blog-entry-3439.html,7innings,data/09_kyushu/kagoshima_2025.csv
2025,spring,kyushu,鹿児島,春季鹿児島大会 2025 日程・結果,3R,2025-03-29,鹿屋中央,12,武岡台,5,https://koshien89.com/blog-entry-3439.html,,data/09_kyushu/kagoshima_2025.csv
2025,spring,kyushu,鹿児島,春季鹿児島大会 2025 日程・結果,2R,2025-03-28,加治木,4,鹿屋農,3,https://koshien89.com/blog-entry-3439.html,,data/09_kyushu/kagoshima_2025.csv
2025,spring,kyushu,鹿児島,春季鹿児島大会 2025 日程・結果,2R,2025-03-28,川内商工,10,鹿児島中央,9,https://koshien89.com/blog-entry-3439.html,,data/09_kyushu/kagoshima_2025.csv
2025,spring,kyushu,鹿児島,春季鹿児島大会 2025 日程・結果,2R,2025-03-28,鹿児島工,6,鹿児島情報,5,https://koshien89.com/blog-entry-3439.html,,data/09_kyushu/kagoshima_2025.csv
2025,spring,kyushu,鹿児島,春季鹿児島大会 2025 日程・結果,2R,2025-03-28,川内,0,出水中央,9,https://koshien89.com/blog-entry-3439.html,7innings,data/09_kyushu/kagoshima_2025.csv
2025,spring,kyushu,鹿児島,春季鹿児島大会 2025 日程・結果,2R,2025-03-26,鹿屋中央,9,錦江湾,0,https://koshien89.com/blog-entry-3439.html,7innings,data/09_kyushu/kagoshima_2025.csv
2025,spring,kyushu,鹿児島,春季鹿児島大会 2025 日程・結果,2R,2025-03-26,鹿児島,5,尚志館,4,https://koshien89.com/blog-entry-3439.html,,data/09_kyushu/kagoshima_2025.csv
2025,spring,kyushu,鹿児島,春季鹿児島大会 2025 日程・結果,2R,2025-03-26,大島,2,樟南,5,https://koshien89.com/blog-entry-3439.html,,data/09_kyushu/kagoshima_2025.csv
2025,spring,kyushu,鹿児島,春季鹿児島大会 2025 日程・結果,2R,2025-03-26,国分中央,1,枕崎,6,https://koshien89.com/blog-entry-3439.html,,data/09_kyushu/kagoshima_2025.csv
2025,spring,kyushu,鹿児島,春季鹿児島大会 2025 日程・結果,2R,2025-03-26,甲南,6,徳之島,13,https://koshien89.com/blog-entry-3439.html,7innings,data/09_kyushu/kagoshima_2025.csv
2025,spring,kyushu,鹿児島,春季鹿児島大会 2025 日程・結果,2R,2025-03-26,種子島・屋久島,11,指宿,8,https://koshien89.com/blog-entry-3439.html,,data/09_kyushu/kagoshima_2025.csv
2025,spring,kyushu,鹿児島,春季鹿児島大会 2025 日程・結果,2R,2025-03-25,神村学園,2,伊集院,0,https://koshien89.com/blog-entry-3439.html,,data/09_kyushu/kagoshima_2025.csv
2025,spring,kyushu,鹿児島,春季鹿児島大会 2025 日程・結果,2R,2025-03-25,鹿児島玉龍,1,鹿児島実業,8,https://koshien89.com/blog-entry-3439.html,8innings,data/09_kyushu/kagoshima_2025.csv
2025,spring,kyushu,鹿児島,春季鹿児島大会 2025 日程・結果,2R,2025-03-25,鹿児島商業,1,鹿児島南,2,https://koshien89.com/blog-entry-3439.html,,data/09_kyushu/kagoshima_2025.csv
2025,spring,kyushu,鹿児島,春季鹿児島大会 2025 日程・結果,2R,2025-03-25,鹿児島城西,7,加治木工業,0,https://koshien89.com/blog-entry-3439.html,8innings,data/09_kyushu/kagoshima_2025.csv
2025,spring,kyushu,鹿児島,春季鹿児島大会 2025 日程・結果,2R,2025-03-25,鹿屋,4,鹿児島水産,13,https://koshien89.com/blog-entry-3439.html,8innings,data/09_kyushu/kagoshima_2025.csv
2025,spring,kyushu,鹿児島,春季鹿児島大会 2025 日程・結果,2R,2025-03-25,武岡台,3,鶴丸,1,https://koshien89.com/blog-entry-3439.html,,data/09_kyushu/kagoshima_2025.csv
2025,spring,kyushu,鹿児島,春季鹿児島大会 2025 日程・結果,1R,2025-03-24,加治木,8,吹上,0,https://koshien89.com/blog-entry-3439.html,7innings,data/09_kyushu/kagoshima_2025.csv
2025,spring,kyushu,鹿児島,春季鹿児島大会 2025 日程・結果,1R,2025-03-24,川薩清修館,0,鹿児島中央,2,https://koshien89.com/blog-entry-3439.html,,data/09_kyushu/kagoshima_2025.csv
2025,spring,kyushu,鹿児島,春季鹿児島大会 2025 日程・結果,1R,2025-03-24,鹿児島情報,12,指宿商業,1,https://koshien89.com/blog-entry-3439.html,5innings,data/09_kyushu/kagoshima_2025.csv
2025,spring,kyushu,鹿児島,春季鹿児島大会 2025 日程・結果,1R,2025-03-24,川内,3,鹿屋工業,0,https://koshien89.com/blog-entry-3439.html,,data/09_kyushu/kagoshima_2025.csv
2025,spring,kyushu,鹿児島,春季鹿児島大会 2025 日程・結果,1R,2025-03-24,隼人工業,7,鹿児島工業,0,https://koshien89.com/blog-entry-3439.html,,data/09_kyushu/kagoshima_2025.csv
2025,spring,kyushu,鹿児島,春季鹿児島大会 2025 日程・結果,1R,2025-03-23,川辺・串木野・薩摩中央・鶴翔・喜界,0,種子島・屋久島,1,https://koshien89.com/blog-entry-3439.html,,data/09_kyushu/kagoshima_2025.csv
2025,spring,kyushu,鹿児島,春季鹿児島大会 2025 日程・結果,1R,2025-03-23,池田,5,徳之島,13,https://koshien89.com/blog-entry-3439.html,,data/09_kyushu/kagoshima_2025.csv
2025,spring,kyushu,鹿児島,春季鹿児島大会 2025 日程・結果,1R,2025-03-23,指宿,11,出水商業,4,https://koshien89.com/blog-entry-3439.html,8innings,data/09_kyushu/kagoshima_2025.csv
2025,spring,kyushu,鹿児島,春季鹿児島大会 2025 日程・結果,1R,2025-03-23,甲南,10,国分,0,https://koshien89.com/blog-entry-3439.html,6innings,data/09_kyushu/kagoshima_2025.csv
2025,spring,kyushu,鹿児島,春季鹿児島大会 2025 日程・結果,1R,2025-03-23,頴娃,1,鹿屋農業,5,https://koshien89.com/blog-entry-3439.html,,data/09_kyushu/kagoshima_2025.csv
2025,spring,kyushu,鹿児島,春季鹿児島大会 2025 日程・結果,1R,2025-03-23,川内商工,8,薩南工業,3,https://koshien89.com/blog-entry-3439.html,,data/09_kyushu/kagoshima_2025.csv
2025,spring,kyushu,鹿児島,春季鹿児島大会 2025 日程・結果,1R,2025-03-22,錦江湾,10,志布志,1,https://koshien89.com/blog-entry-3439.html,7innings,data/09_kyushu/kagoshima_2025.csv
2025,spring,kyushu,鹿児島,春季鹿児島大会 2025 日程・結果,1R,2025-03-22,鹿屋中央,10,沖永良部,0,https://koshien89.com/blog-entry-3439.html,5innings,data/09_kyushu/kagoshima_2025.csv
2025,spring,kyushu,鹿児島,春季鹿児島大会 2025 日程・結果,1R,2025-03-22,尚志館,6,れいめい,5,https://koshien89.com/blog-entry-3439.html,,data/09_kyushu/kagoshima_2025.csv
2025,spring,kyushu,鹿児島,春季鹿児島大会 2025 日程・結果,1R,2025-03-22,枕崎,15,大口・蒲生・霧島・串良商業,0,https://koshien89.com/blog-entry-3439.html,5innings,data/09_kyushu/kagoshima_2025.csv
2025,spring,kyushu,鹿児島,春季鹿児島大会 2025 日程・結果,1R,2025-03-22,大島,7,鹿児島高専,0,https://koshien89.com/blog-entry-3439.html,7innings,data/09_kyushu/kagoshima_2025.csv
2025,spring,kyushu,鹿児島,春季鹿児島大会 2025 日程・結果,1R,2025-03-21,出水,2,鶴丸,12,https://koshien89.com/blog-entry-3439.html,6innings,data/09_kyushu/kagoshima_2025.csv
2025,spring,kyushu,鹿児島,春季鹿児島大会 2025 日程・結果,1R,2025-03-21,鹿屋,12,加世田,6,https://koshien89.com/blog-entry-3439.html,,data/09_kyushu/kagoshima_2025.csv
2025,spring,kyushu,鹿児島,春季鹿児島大会 2025 日程・結果,1R,2025-03-21,奄美,0,鹿児島水産,8,https://koshien89.com/blog-entry-3439.html,7innings,data/09_kyushu/kagoshima_2025.csv
2025,spring,kyushu,鹿児島,春季鹿児島大会 2025 日程・結果,1R,2025-03-21,種子島中央,2,武岡台,10,https://koshien89.com/blog-entry-3439.html,,data/09_kyushu/kagoshima_2025.csv
2025,spring,kyushu,鹿児島,春季鹿児島大会 2025 日程・結果,1R,2025-03-20,松陽,1,鹿児島玉龍,9,https://koshien89.com/blog-entry-3439.html,,data/09_kyushu/kagoshima_2025.csv
2025,spring,kyushu,鹿児島,春季鹿児島大会 2025 日程・結果,1R,2025-03-20,鹿児島商業,11,ラ・サール,0,https://koshien89.com/blog-entry-3439.html,6innings,data/09_kyushu/kagoshima_2025.csv
2025,spring,kyushu,鹿児島,春季鹿児島大会 2025 日程・結果,1R,2025-03-20,加治木工業,9,曽於,1,https://koshien89.com/blog-entry-3439.html,7innings,data/09_kyushu/kagoshima_2025.csv
2025,spring,kyushu,鹿児島,春季鹿児島大会 2025 日程・結果,1R,2025-03-20,鹿児島南,10,志學館・鹿児島修学館・明桜館・鹿児島高特支,0,https://koshien89.com/blog-entry-3439.html,5innings,data/09_kyushu/kagoshima_2025.csv
2025,spring,kyushu,鹿児島,春季鹿児島大会 2025 日程・結果,1R,2025-03-20,出水工業,1,鹿児島城西,5,https://koshien89.com/blog-entry-3439.html,,data/09_kyushu/kagoshima_2025.csv
2025,spring,kyushu,熊本,春季熊本大会 2025 日程・結果,F,2025-04-05,東海大星翔,4,文徳,1,https://koshien89.com/blog-entry-3437.html,,data/09_kyushu/kumamoto_2025.csv
2025,spring,kyushu,熊本,春季熊本大会 2025 日程・結果,SF,2025-04-02,ルーテル学院,1,東海大星翔,4,https://koshien89.com/blog-entry-3437.html,,data/09_kyushu/kumamoto_2025.csv
2025,spring,kyushu,熊本,春季熊本大会 2025 日程・結果,SF,2025-04-02,文徳,9,城北,1,https://koshien89.com/blog-entry-3437.html,7innings,data/09_kyushu/kumamoto_2025.csv
2025,spring,kyushu,熊本,春季熊本大会 2025 日程・結果,QF,2025-03-31,文徳,7,学園大付属,2,https://koshien89.com/blog-entry-3437.html,,data/09_kyushu/kumamoto_2025.csv
2025,spring,kyushu,熊本,春季熊本大会 2025 日程・結果,QF,2025-03-31,城北,7,菊池,0,https://koshien89.com/blog-entry-3437.html,8innings,data/09_kyushu/kumamoto_2025.csv
2025,spring,kyushu,熊本,春季熊本大会 2025 日程・結果,QF,2025-03-30,九州学院,2,ルーテル学院,3,https://koshien89.com/blog-entry-3437.html,,data/09_kyushu/kumamoto_2025.csv
2025,spring,kyushu,熊本,春季熊本大会 2025 日程・結果,QF,2025-03-30,熊本工業,0,東海大星翔,1,https://koshien89.com/blog-entry-3437.html,,data/09_kyushu/kumamoto_2025.csv
2025,spring,kyushu,熊本,春季熊本大会 2025 日程・結果,3R,2025-03-29,文徳,3,有明,2,https://koshien89.com/blog-entry-3437.html,,data/09_kyushu/kumamoto_2025.csv
2025,spring,kyushu,熊本,春季熊本大会 2025 日程・結果,3R,2025-03-29,城北,10,天草工業,4,https://koshien89.com/blog-entry-3437.html,,data/09_kyushu/kumamoto_2025.csv
2025,spring,kyushu,熊本,春季熊本大会 2025 日程・結果,3R,2025-03-29,菊池,2,岱志,1,https://koshien89.com/blog-entry-3437.html,,data/09_kyushu/kumamoto_2025.csv
2025,spring,kyushu,熊本,春季熊本大会 2025 日程・結果,3R,2025-03-29,学園大付属,7,熊本国府,4,https://koshien89.com/blog-entry-3437.html,12innings,data/09_kyushu/kumamoto_2025.csv
2025,spring,kyushu,熊本,春季熊本大会 2025 日程・結果,3R,2025-03-28,九州学院,5,八代東,4,https://koshien89.com/blog-entry-3437.html,,data/09_kyushu/kumamoto_2025.csv
2025,spring,kyushu,熊本,春季熊本大会 2025 日程・結果,3R,2025-03-28,熊本工業,11,南稜,1,https://koshien89.com/blog-entry-3437.html,5innings,data/09_kyushu/kumamoto_2025.csv
2025,spring,kyushu,熊本,春季熊本大会 2025 日程・結果,3R,2025-03-28,必由館,0,東海大星翔,2,https://koshien89.com/blog-entry-3437.html,,data/09_kyushu/kumamoto_2025.csv
2025,spring,kyushu,熊本,春季熊本大会 2025 日程・結果,3R,2025-03-28,ルーテル学院,7,済々黌,6,https://koshien89.com/blog-entry-3437.html,,data/09_kyushu/kumamoto_2025.csv
2025,spring,kyushu,熊本,春季熊本大会 2025 日程・結果,2R,2025-03-26,熊本商業,1,城北,8,https://koshien89.com/blog-entry-3437.html,7innings,data/09_kyushu/kumamoto_2025.csv
2025,spring,kyushu,熊本,春季熊本大会 2025 日程・結果,2R,2025-03-26,高専八代,1,菊池,7,https://koshien89.com/blog-entry-3437.html,,data/09_kyushu/kumamoto_2025.csv
2025,spring,kyushu,熊本,春季熊本大会 2025 日程・結果,2R,2025-03-26,天草工業,7,宇土,0,https://koshien89.com/blog-entry-3437.html,7innings,data/09_kyushu/kumamoto_2025.csv
2025,spring,kyushu,熊本,春季熊本大会 2025 日程・結果,2R,2025-03-26,熊本北,0,岱志,2,https://koshien89.com/blog-entry-3437.html,,data/09_kyushu/kumamoto_2025.csv
2025,spring,kyushu,熊本,春季熊本大会 2025 日程・結果,2R,2025-03-25,必由館,8,小川工業,1,https://koshien89.com/blog-entry-3437.html,7innings,data/09_kyushu/kumamoto_2025.csv
2025,spring,kyushu,熊本,春季熊本大会 2025 日程・結果,2R,2025-03-25,八代,0,有明,8,https://koshien89.com/blog-entry-3437.html,8innings,data/09_kyushu/kumamoto_2025.csv
2025,spring,kyushu,熊本,春季熊本大会 2025 日程・結果,2R,2025-03-25,玉名・高専熊本・菊池農業,0,東海大星翔,4,https://koshien89.com/blog-entry-3437.html,,data/09_kyushu/kumamoto_2025.csv
2025,spring,kyushu,熊本,春季熊本大会 2025 日程・結果,2R,2025-03-25,学園大付属,4,秀岳館,2,https://koshien89.com/blog-entry-3437.html,,data/09_kyushu/kumamoto_2025.csv
2025,spring,kyushu,熊本,春季熊本大会 2025 日程・結果,2R,2025-03-25,文徳,9,鎮西,1,https://koshien89.com/blog-entry-3437.html,7innings,data/09_kyushu/kumamoto_2025.csv
2025,spring,kyushu,熊本,春季熊本大会 2025 日程・結果,2R,2025-03-25,開新,2,熊本国府,9,https://koshien89.com/blog-entry-3437.html,7innings,data/09_kyushu/kumamoto_2025.csv
2025,spring,kyushu,熊本,春季熊本大会 2025 日程・結果,2R,2025-03-24,阿蘇中央,0,済々黌,6,https://koshien89.com/blog-entry-3437.html,,data/09_kyushu/kumamoto_2025.csv
2025,spring,kyushu,熊本,春季熊本大会 2025 日程・結果,2R,2025-03-24,専大熊本,0,九州学院,9,https://koshien89.com/blog-entry-3437.html,,data/09_kyushu/kumamoto_2025.csv
2025,spring,kyushu,熊本,春季熊本大会 2025 日程・結果,2R,2025-03-24,熊本,1,八代東,16,https://koshien89.com/blog-entry-3437.html,7innings,data/09_kyushu/kumamoto_2025.csv
2025,spring,kyushu,熊本,春季熊本大会 2025 日程・結果,2R,2025-03-24,熊本工業,7,八代工業,0,https://koshien89.com/blog-entry-3437.html,8innings,data/09_kyushu/kumamoto_2025.csv
2025,spring,kyushu,熊本,春季熊本大会 2025 日程・結果,2R,2025-03-24,南稜,14,人吉,7,https://koshien89.com/blog-entry-3437.html,8innings,data/09_kyushu/kumamoto_2025.csv
2025,spring,kyushu,熊本,春季熊本大会 2025 日程・結果,2R,2025-03-24,ルーテル学院,5,千原台,4,https://koshien89.com/blog-entry-3437.html,10innings,data/09_kyushu/kumamoto_2025.csv
2025,spring,kyushu,熊本,春季熊本大会 2025 日程・結果,1R,2025-03-23,菊池,6,熊本西,4,https://koshien89.com/blog-entry-3437.html,,data/09_kyushu/kumamoto_2025.csv
2025,spring,kyushu,熊本,春季熊本大会 2025 日程・結果,1R,2025-03-23,熊本農業,0,開新,5,https://koshien89.com/blog-entry-3437.html,,data/09_kyushu/kumamoto_2025.csv
2025,spring,kyushu,熊本,春季熊本大会 2025 日程・結果,1R,2025-03-23,東稜,1,城北,11,https://koshien89.com/blog-entry-3437.html,7innings,data/09_kyushu/kumamoto_2025.csv
2025,spring,kyushu,熊本,春季熊本大会 2025 日程・結果,1R,2025-03-23,熊本北,11,水俣,1,https://koshien89.com/blog-entry-3437.html,6innings,data/09_kyushu/kumamoto_2025.csv
2025,spring,kyushu,熊本,春季熊本大会 2025 日程・結果,1R,2025-03-23,天草工業,12,真和,2,https://koshien89.com/blog-entry-3437.html,5innings,data/09_kyushu/kumamoto_2025.csv
2025,spring,kyushu,熊本,春季熊本大会 2025 日程・結果,1R,2025-03-22,鎮西,8,大津,1,https://koshien89.com/blog-entry-3437.html,7innings,data/09_kyushu/kumamoto_2025.csv
2025,spring,kyushu,熊本,春季熊本大会 2025 日程・結果,1R,2025-03-22,南稜,11,御船・矢部・甲佐・湧心館・松橋・八代農業,4,https://koshien89.com/blog-entry-3437.html,8innings,data/09_kyushu/kumamoto_2025.csv
2025,spring,kyushu,熊本,春季熊本大会 2025 日程・結果,1R,2025-03-22,球磨工業,3,八代,5,https://koshien89.com/blog-entry-3437.html,,data/09_kyushu/kumamoto_2025.csv
2025,spring,kyushu,熊本,春季熊本大会 2025 日程・結果,1R,2025-03-22,小国,1,小川工業,8,https://koshien89.com/blog-entry-3437.html,7innings,data/09_kyushu/kumamoto_2025.csv
2025,spring,kyushu,熊本,春季熊本大会 2025 日程・結果,1R,2025-03-22,鹿本商工・鹿本,0,秀岳館,11,https://koshien89.com/blog-entry-3437.html,5innings,data/09_kyushu/kumamoto_2025.csv
2025,spring,kyushu,熊本,春季熊本大会 2025 日程・結果,1R,2025-03-22,玉名・高専熊本・菊池農業,8,芦北,2,https://koshien89.com/blog-entry-3437.html,,data/09_kyushu/kumamoto_2025.csv
2025,spring,kyushu,熊本,春季熊本大会 2025 日程・結果,1R,2025-03-20,翔陽,1,九州学院,9,https://koshien89.com/blog-entry-3437.html,7innings,data/09_kyushu/kumamoto_2025.csv
2025,spring,kyushu,熊本,春季熊本大会 2025 日程・結果,1R,2025-03-20,千原台,2,第二,1,https://koshien89.com/blog-entry-3437.html,,data/09_kyushu/kumamoto_2025.csv
2025,spring,kyushu,熊本,春季熊本大会 2025 日程・結果,1R,2025-03-20,熊本,9,第一,3,https://koshien89.com/blog-entry-3437.html,,data/09_kyushu/kumamoto_2025.csv
2025,spring,kyushu,熊本,春季熊本大会 2025 日程・結果,1R,2025-03-20,天草・天草拓心・上天草,7,阿蘇中央,11,https://koshien89.com/blog-entry-3437.html,,data/09_kyushu/kumamoto_2025.csv
2025,spring,kyushu,熊本,春季熊本大会 2025 日程・結果,1R,2025-03-20,八代東,6,玉名工業,0,https://koshien89.com/blog-entry-3437.html,,data/09_kyushu/kumamoto_2025.csv
2025,spring,kyushu,熊本,春季熊本大会 2025 日程・結果,1R,2025-03-20,八代工業,6,八代清流,2,https://koshien89.com/blog-entry-3437.html,,data/09_kyushu/kumamoto_2025.csv
2025,spring,kyushu,宮崎,春季宮崎大会 2025 日程・結果,F,2025-04-04,延岡学園,3,宮崎商業,4,https://koshien89.com/blog-entry-3438.html,,data/09_kyushu/miyazaki_2025.csv
2025,spring,kyushu,宮崎,春季宮崎大会 2025 日程・結果,3P,2025-04-04,富島,4,都城,3,https://koshien89.com/blog-entry-3438.html,team1_sayonara,data/09_kyushu/miyazaki_2025.csv
2025,spring,kyushu,宮崎,春季宮崎大会 2025 日程・結果,SF,2025-04-02,延岡学園,4,富島,2,https://koshien89.com/blog-entry-3438.html,,data/09_kyushu/miyazaki_2025.csv
2025,spring,kyushu,宮崎,春季宮崎大会 2025 日程・結果,SF,2025-04-02,宮崎商業,10,都城,0,https://koshien89.com/blog-entry-3438.html,7innings,data/09_kyushu/miyazaki_2025.csv
2025,spring,kyushu,宮崎,春季宮崎大会 2025 日程・結果,QF,2025-03-31,都城,4,都城東,1,https://koshien89.com/blog-entry-3438.html,,data/09_kyushu/miyazaki_2025.csv
2025,spring,kyushu,宮崎,春季宮崎大会 2025 日程・結果,QF,2025-03-31,日南学園,1,延岡学園,4,https://koshien89.com/blog-entry-3438.html,,data/09_kyushu/miyazaki_2025.csv
2025,spring,kyushu,宮崎,春季宮崎大会 2025 日程・結果,QF,2025-03-31,日章学園,1,富島,9,https://koshien89.com/blog-entry-3438.html,7innings,data/09_kyushu/miyazaki_2025.csv
2025,spring,kyushu,宮崎,春季宮崎大会 2025 日程・結果,QF,2025-03-31,宮崎学園,0,宮崎商業,13,https://koshien89.com/blog-entry-3438.html,5innings,data/09_kyushu/miyazaki_2025.csv
2025,spring,kyushu,宮崎,春季宮崎大会 2025 日程・結果,3R,2025-03-29,都城農業,0,延岡学園,8,https://koshien89.com/blog-entry-3438.html,8innings,data/09_kyushu/miyazaki_2025.csv
2025,spring,kyushu,宮崎,春季宮崎大会 2025 日程・結果,3R,2025-03-29,都城,12,佐土原,11,https://koshien89.com/blog-entry-3438.html,,data/09_kyushu/miyazaki_2025.csv
2025,spring,kyushu,宮崎,春季宮崎大会 2025 日程・結果,3R,2025-03-29,宮崎商業,12,宮崎工業,3,https://koshien89.com/blog-entry-3438.html,7innings,data/09_kyushu/miyazaki_2025.csv
2025,spring,kyushu,宮崎,春季宮崎大会 2025 日程・結果,3R,2025-03-29,都城商業,0,日章学園,4,https://koshien89.com/blog-entry-3438.html,,data/09_kyushu/miyazaki_2025.csv
2025,spring,kyushu,宮崎,春季宮崎大会 2025 日程・結果,3R,2025-03-28,日南学園,7,小林秀峰,0,https://koshien89.com/blog-entry-3438.html,7innings,data/09_kyushu/miyazaki_2025.csv
2025,spring,kyushu,宮崎,春季宮崎大会 2025 日程・結果,3R,2025-03-28,都城東,3,宮崎日大,1,https://koshien89.com/blog-entry-3438.html,,data/09_kyushu/miyazaki_2025.csv
2025,spring,kyushu,宮崎,春季宮崎大会 2025 日程・結果,3R,2025-03-28,宮崎学園,2,延岡商業,1,https://koshien89.com/blog-entry-3438.html,,data/09_kyushu/miyazaki_2025.csv
2025,spring,kyushu,宮崎,春季宮崎大会 2025 日程・結果,3R,2025-03-28,都城西,0,富島,1,https://koshien89.com/blog-entry-3438.html,11innings,data/09_kyushu/miyazaki_2025.csv
2025,spring,kyushu,宮崎,春季宮崎大会 2025 日程・結果,2R,2025-03-25,都城農業,10,宮崎大宮,0,https://koshien89.com/blog-entry-3438.html,5innings,data/09_kyushu/miyazaki_2025.csv
2025,spring,kyushu,宮崎,春季宮崎大会 2025 日程・結果,2R,2025-03-25,佐土原,5,鵬翔,4,https://koshien89.com/blog-entry-3438.html,,data/09_kyushu/miyazaki_2025.csv
2025,spring,kyushu,宮崎,春季宮崎大会 2025 日程・結果,2R,2025-03-25,宮崎商業,18,都城工業,0,https://koshien89.com/blog-entry-3438.html,5innings,data/09_kyushu/miyazaki_2025.csv
2025,spring,kyushu,宮崎,春季宮崎大会 2025 日程・結果,2R,2025-03-25,日章学園,9,延岡,4,https://koshien89.com/blog-entry-3438.html,,data/09_kyushu/miyazaki_2025.csv
2025,spring,kyushu,宮崎,春季宮崎大会 2025 日程・結果,2R,2025-03-24,延岡工業,2,都城商業,4,https://koshien89.com/blog-entry-3438.html,,data/09_kyushu/miyazaki_2025.csv
2025,spring,kyushu,宮崎,春季宮崎大会 2025 日程・結果,2R,2025-03-24,都城泉ヶ丘,3,宮崎工業,8,https://koshien89.com/blog-entry-3438.html,,data/09_kyushu/miyazaki_2025.csv
2025,spring,kyushu,宮崎,春季宮崎大会 2025 日程・結果,2R,2025-03-24,小林西,0,都城東,3,https://koshien89.com/blog-entry-3438.html,,data/09_kyushu/miyazaki_2025.csv
2025,spring,kyushu,宮崎,春季宮崎大会 2025 日程・結果,2R,2025-03-24,日南振徳,4,小林秀峰,6,https://koshien89.com/blog-entry-3438.html,10innings,data/09_kyushu/miyazaki_2025.csv
2025,spring,kyushu,宮崎,春季宮崎大会 2025 日程・結果,2R,2025-03-24,延岡商業,9,日向学院,4,https://koshien89.com/blog-entry-3438.html,,data/09_kyushu/miyazaki_2025.csv
2025,spring,kyushu,宮崎,春季宮崎大会 2025 日程・結果,2R,2025-03-23,日南学園,9,本庄,2,https://koshien89.com/blog-entry-3438.html,7innings,data/09_kyushu/miyazaki_2025.csv
2025,spring,kyushu,宮崎,春季宮崎大会 2025 日程・結果,2R,2025-03-23,宮崎日大,8,聖心ウルスラ,4,https://koshien89.com/blog-entry-3438.html,,data/09_kyushu/miyazaki_2025.csv
2025,spring,kyushu,宮崎,春季宮崎大会 2025 日程・結果,2R,2025-03-23,宮崎学園,7,宮崎西,6,https://koshien89.com/blog-entry-3438.html,10innings,data/09_kyushu/miyazaki_2025.csv
2025,spring,kyushu,宮崎,春季宮崎大会 2025 日程・結果,2R,2025-03-23,日向,5,富島,6,https://koshien89.com/blog-entry-3438.html,,data/09_kyushu/miyazaki_2025.csv
2025,spring,kyushu,宮崎,春季宮崎大会 2025 日程・結果,2R,2025-03-23,延岡学園,7,日南,0,https://koshien89.com/blog-entry-3438.html,7innings,data/09_kyushu/miyazaki_2025.csv
2025,spring,kyushu,宮崎,春季宮崎大会 2025 日程・結果,2R,2025-03-23,都城,10,高千穂,0,https://koshien89.com/blog-entry-3438.html,6innings,data/09_kyushu/miyazaki_2025.csv
2025,spring,kyushu,宮崎,春季宮崎大会 2025 日程・結果,1R,2025-03-22,宮崎商業,11,都城高専,0,https://koshien89.com/blog-entry-3438.html,5innings,data/09_kyushu/miyazaki_2025.csv
2025,spring,kyushu,宮崎,春季宮崎大会 2025 日程・結果,1R,2025-03-22,都城工業,7,宮崎北,4,https://koshien89.com/blog-entry-3438.html,,data/09_kyushu/miyazaki_2025.csv
2025,spring,kyushu,宮崎,春季宮崎大会 2025 日程・結果,1R,2025-03-22,門川,0,日章学園,9,https://koshien89.com/blog-entry-3438.html,7innings,data/09_kyushu/miyazaki_2025.csv
2025,spring,kyushu,宮崎,春季宮崎大会 2025 日程・結果,1R,2025-03-22,延岡星雲,11,延岡,15,https://koshien89.com/blog-entry-3438.html,,data/09_kyushu/miyazaki_2025.csv
2025,spring,kyushu,宮崎,春季宮崎大会 2025 日程・結果,1R,2025-03-21,宮崎海洋,0,宮崎大宮,10,https://koshien89.com/blog-entry-3438.html,5innings,data/09_kyushu/miyazaki_2025.csv
2025,spring,kyushu,宮崎,春季宮崎大会 2025 日程・結果,1R,2025-03-21,都城農業,8,小林,0,https://koshien89.com/blog-entry-3438.html,7innings,data/09_kyushu/miyazaki_2025.csv
2025,spring,kyushu,宮崎,春季宮崎大会 2025 日程・結果,1R,2025-03-21,日向工業,0,佐土原,10,https://koshien89.com/blog-entry-3438.html,6innings,data/09_kyushu/miyazaki_2025.csv
2025,spring,kyushu,宮崎,春季宮崎大会 2025 日程・結果,1R,2025-03-21,飯野・福島,3,鵬翔,10,https://koshien89.com/blog-entry-3438.html,8innings,data/09_kyushu/miyazaki_2025.csv
2025,spring,kyushu,宮崎,春季宮崎大会 2025 日程・結果,1R,2025-03-20,日南振徳,11,宮崎第一,10,https://koshien89.com/blog-entry-3438.html,10innings,data/09_kyushu/miyazaki_2025.csv
2025,spring,kyushu,宮崎,春季宮崎大会 2025 日程・結果,1R,2025-03-20,都城東,5,高鍋,1,https://koshien89.com/blog-entry-3438.html,10innings,data/09_kyushu/miyazaki_2025.csv
2025,spring,kyushu,宮崎,春季宮崎大会 2025 日程・結果,1R,2025-03-20,宮崎農業,0,延岡商業,10,https://koshien89.com/blog-entry-3438.html,6innings,data/09_kyushu/miyazaki_2025.csv
2025,spring,kyushu,宮崎,春季宮崎大会 2025 日程・結果,1R,2025-03-20,宮崎南,2,妻,3,https://koshien89.com/blog-entry-3438.html,,data/09_kyushu/miyazaki_2025.csv
2025,spring,kyushu,長崎,春季長崎大会 2025 日程・結果,F,2025-04-06,海星,8,創成館,1,https://koshien89.com/blog-entry-3445.html,,data/09_kyushu/nagasaki_2025.csv
2025,spring,kyushu,長崎,春季長崎大会 2025 日程・結果,3P,2025-04-06,長崎商,6,大村工,5,https://koshien89.com/blog-entry-3445.html,,data/09_kyushu/nagasaki_2025.csv
2025,spring,kyushu,長崎,春季長崎大会 2025 日程・結果,SF,2025-04-05,海星,2,長崎商,1,https://koshien89.com/blog-entry-3445.html,team1_sayonara,data/09_kyushu/nagasaki_2025.csv
2025,spring,kyushu,長崎,春季長崎大会 2025 日程・結果,SF,2025-04-05,創成館,7,大村工,0,https://koshien89.com/blog-entry-3445.html,7innings,data/09_kyushu/nagasaki_2025.csv
2025,spring,kyushu,長崎,春季長崎大会 2025 日程・結果,QF,2025-04-02,海星,10,清峰,1,https://koshien89.com/blog-entry-3445.html,7innings,data/09_kyushu/nagasaki_2025.csv
2025,spring,kyushu,長崎,春季長崎大会 2025 日程・結果,QF,2025-04-02,長崎商,6,長崎南山,1,https://koshien89.com/blog-entry-3445.html,,data/09_kyushu/nagasaki_2025.csv
2025,spring,kyushu,長崎,春季長崎大会 2025 日程・結果,QF,2025-04-02,大崎,5,創成館,7,https://koshien89.com/blog-entry-3445.html,10innings,data/09_kyushu/nagasaki_2025.csv
2025,spring,kyushu,長崎,春季長崎大会 2025 日程・結果,QF,2025-04-02,長崎工,0,大村工,6,https://koshien89.com/blog-entry-3445.html,,data/09_kyushu/nagasaki_2025.csv
2025,spring,kyushu,長崎,春季長崎大会 2025 日程・結果,3R,2025-03-31,大崎,4,瓊浦,3,https://koshien89.com/blog-entry-3445.html,,data/09_kyushu/nagasaki_2025.csv
2025,spring,kyushu,長崎,春季長崎大会 2025 日程・結果,3R,2025-03-31,小浜,1,長崎工,6,https://koshien89.com/blog-entry-3445.html,,data/09_kyushu/nagasaki_2025.csv
2025,spring,kyushu,長崎,春季長崎大会 2025 日程・結果,3R,2025-03-31,海星,7,佐世保北,0,https://koshien89.com/blog-entry-3445.html,7innings,data/09_kyushu/nagasaki_2025.csv
2025,spring,kyushu,長崎,春季長崎大会 2025 日程・結果,3R,2025-03-31,大村工,8,波佐見,3,https://koshien89.com/blog-entry-3445.html,,data/09_kyushu/nagasaki_2025.csv
2025,spring,kyushu,長崎,春季長崎大会 2025 日程・結果,3R,2025-03-31,長崎商,8,鎮西学院,1,https://koshien89.com/blog-entry-3445.html,7innings,data/09_kyushu/nagasaki_2025.csv
2025,spring,kyushu,長崎,春季長崎大会 2025 日程・結果,3R,2025-03-31,諫早農,4,創成館,5,https://koshien89.com/blog-entry-3445.html,,data/09_kyushu/nagasaki_2025.csv
2025,spring,kyushu,長崎,春季長崎大会 2025 日程・結果,3R,2025-03-31,清峰,10,佐世保実,0,https://koshien89.com/blog-entry-3445.html,6innings,data/09_kyushu/nagasaki_2025.csv
2025,spring,kyushu,長崎,春季長崎大会 2025 日程・結果,3R,2025-03-31,長崎南山,7,長崎西,4,https://koshien89.com/blog-entry-3445.html,,data/09_kyushu/nagasaki_2025.csv
2025,spring,kyushu,長崎,春季長崎大会 2025 日程・結果,2R,2025-03-29,長崎南,0,長崎南山,3,https://koshien89.com/blog-entry-3445.html,,data/09_kyushu/nagasaki_2025.csv
2025,spring,kyushu,長崎,春季長崎大会 2025 日程・結果,2R,2025-03-29,佐世保実,9,川棚,0,https://koshien89.com/blog-entry-3445.html,7innings,data/09_kyushu/nagasaki_2025.csv
2025,spring,kyushu,長崎,春季長崎大会 2025 日程・結果,2R,2025-03-29,西陵,3,諫早農,7,https://koshien89.com/blog-entry-3445.html,,data/09_kyushu/nagasaki_2025.csv
2025,spring,kyushu,長崎,春季長崎大会 2025 日程・結果,2R,2025-03-29,島原工,0,佐世保北,2,https://koshien89.com/blog-entry-3445.html,,data/09_kyushu/nagasaki_2025.csv
2025,spring,kyushu,長崎,春季長崎大会 2025 日程・結果,2R,2025-03-29,長崎工,7,猶興館,3,https://koshien89.com/blog-entry-3445.html,,data/09_kyushu/nagasaki_2025.csv
2025,spring,kyushu,長崎,春季長崎大会 2025 日程・結果,2R,2025-03-29,大村工,10,島原中央,0,https://koshien89.com/blog-entry-3445.html,6innings,data/09_kyushu/nagasaki_2025.csv
2025,spring,kyushu,長崎,春季長崎大会 2025 日程・結果,2R,2025-03-29,島原,0,鎮西学院,6,https://koshien89.com/blog-entry-3445.html,,data/09_kyushu/nagasaki_2025.csv
2025,spring,kyushu,長崎,春季長崎大会 2025 日程・結果,2R,2025-03-29,瓊浦,3,九州文化学園,2,https://koshien89.com/blog-entry-3445.html,,data/09_kyushu/nagasaki_2025.csv
2025,spring,kyushu,長崎,春季長崎大会 2025 日程・結果,2R,2025-03-28,諫早,0,波佐見,8,https://koshien89.com/blog-entry-3445.html,7innings,data/09_kyushu/nagasaki_2025.csv
2025,spring,kyushu,長崎,春季長崎大会 2025 日程・結果,2R,2025-03-28,海星,3,長崎日大,2,https://koshien89.com/blog-entry-3445.html,,data/09_kyushu/nagasaki_2025.csv
2025,spring,kyushu,長崎,春季長崎大会 2025 日程・結果,2R,2025-03-28,長崎東・西彼杵・鶴洋・海陽・五島,0,創成館,10,https://koshien89.com/blog-entry-3445.html,6innings,data/09_kyushu/nagasaki_2025.csv
2025,spring,kyushu,長崎,春季長崎大会 2025 日程・結果,2R,2025-03-28,大崎,4,長崎北,0,https://koshien89.com/blog-entry-3445.html,,data/09_kyushu/nagasaki_2025.csv
2025,spring,kyushu,長崎,春季長崎大会 2025 日程・結果,2R,2025-03-28,長崎商業,3,鹿町工,2,https://koshien89.com/blog-entry-3445.html,10innings,data/09_kyushu/nagasaki_2025.csv
2025,spring,kyushu,長崎,春季長崎大会 2025 日程・結果,2R,2025-03-28,佐世保商・佐世保西・平戸,0,清峰,37,https://koshien89.com/blog-entry-3445.html,5innings,data/09_kyushu/nagasaki_2025.csv
2025,spring,kyushu,長崎,春季長崎大会 2025 日程・結果,2R,2025-03-28,小浜,4,佐世保工,1,https://koshien89.com/blog-entry-3445.html,,data/09_kyushu/nagasaki_2025.csv
2025,spring,kyushu,長崎,春季長崎大会 2025 日程・結果,2R,2025-03-28,長崎北陽台,2,長崎西,5,https://koshien89.com/blog-entry-3445.html,,data/09_kyushu/nagasaki_2025.csv
2025,spring,kyushu,長崎,春季長崎大会 2025 日程・結果,1R,2025-03-26,長崎北,9,対馬・上対馬・壱岐商,2,https://koshien89.com/blog-entry-3445.html,7innings,data/09_kyushu/nagasaki_2025.csv
2025,spring,kyushu,長崎,春季長崎大会 2025 日程・結果,1R,2025-03-26,長崎東・西彼杵・鶴洋・海陽・五島,3,長崎明誠,0,https://koshien89.com/blog-entry-3445.html,,data/09_kyushu/nagasaki_2025.csv
2025,spring,kyushu,長崎,春季長崎大会 2025 日程・結果,1R,2025-03-25,西海学園,0,長崎日大,7,https://koshien89.com/blog-entry-3445.html,7innings,data/09_kyushu/nagasaki_2025.csv
2025,spring,kyushu,長崎,春季長崎大会 2025 日程・結果,1R,2025-03-25,島原工,3,大村,2,https://koshien89.com/blog-entry-3445.html,,data/09_kyushu/nagasaki_2025.csv
2025,spring,kyushu,長崎,春季長崎大会 2025 日程・結果,1R,2025-03-25,佐世保工,9,上五島,2,https://koshien89.com/blog-entry-3445.html,7innings,data/09_kyushu/nagasaki_2025.csv
2025,spring,kyushu,長崎,春季長崎大会 2025 日程・結果,1R,2025-03-25,諫早東・口加・島原翔南・島原農,2,佐世保実,14,https://koshien89.com/blog-entry-3445.html,5innings,data/09_kyushu/nagasaki_2025.csv
2025,spring,kyushu,長崎,春季長崎大会 2025 日程・結果,1R,2025-03-25,佐世保高専,0,鹿町工,4,https://koshien89.com/blog-entry-3445.html,,data/09_kyushu/nagasaki_2025.csv
2025,spring,kyushu,長崎,春季長崎大会 2025 日程・結果,1R,2025-03-25,長崎北陽台,7,長総大附,4,https://koshien89.com/blog-entry-3445.html,,data/09_kyushu/nagasaki_2025.csv
2025,spring,kyushu,長崎,春季長崎大会 2025 日程・結果,1R,2025-03-25,諫早,10,佐世保南,6,https://koshien89.com/blog-entry-3445.html,,data/09_kyushu/nagasaki_2025.csv
2025,spring,kyushu,大分,春季大分大会 2025 日程・結果,F,2025-04-05,明豊,15,佐伯鶴城,6,https://koshien89.com/blog-entry-3436.html,,data/09_kyushu/oita_2025.csv
2025,spring,kyushu,大分,春季大分大会 2025 日程・結果,SF,2025-04-03,明豊,4,大分,3,https://koshien89.com/blog-entry-3436.html,,data/09_kyushu/oita_2025.csv
2025,spring,kyushu,大分,春季大分大会 2025 日程・結果,SF,2025-04-03,佐伯鶴城,3,鶴崎工,1,https://koshien89.com/blog-entry-3436.html,,data/09_kyushu/oita_2025.csv
2025,spring,kyushu,大分,春季大分大会 2025 日程・結果,QF,2025-04-01,大分,1,杵築,0,https://koshien89.com/blog-entry-3436.html,,data/09_kyushu/oita_2025.csv
2025,spring,kyushu,大分,春季大分大会 2025 日程・結果,QF,2025-04-01,中津東,4,鶴崎工,6,https://koshien89.com/blog-entry-3436.html,,data/09_kyushu/oita_2025.csv
2025,spring,kyushu,大分,春季大分大会 2025 日程・結果,QF,2025-03-31,明豊,11,大分西,3,https://koshien89.com/blog-entry-3436.html,7innings,data/09_kyushu/oita_2025.csv
2025,spring,kyushu,大分,春季大分大会 2025 日程・結果,QF,2025-03-31,大分舞鶴,3,佐伯鶴城,5,https://koshien89.com/blog-entry-3436.html,11innings,data/09_kyushu/oita_2025.csv
2025,spring,kyushu,大分,春季大分大会 2025 日程・結果,3R,2025-03-30,中津東,11,国東,2,https://koshien89.com/blog-entry-3436.html,7innings,data/09_kyushu/oita_2025.csv
2025,spring,kyushu,大分,春季大分大会 2025 日程・結果,3R,2025-03-30,大分,6,大分東明,5,https://koshien89.com/blog-entry-3436.html,,data/09_kyushu/oita_2025.csv
2025,spring,kyushu,大分,春季大分大会 2025 日程・結果,3R,2025-03-30,鶴崎工,17,楊志館,8,https://koshien89.com/blog-entry-3436.html,7innings,data/09_kyushu/oita_2025.csv
2025,spring,kyushu,大分,春季大分大会 2025 日程・結果,3R,2025-03-30,杵築,5,臼杵,3,https://koshien89.com/blog-entry-3436.html,,data/09_kyushu/oita_2025.csv
2025,spring,kyushu,大分,春季大分大会 2025 日程・結果,3R,2025-03-29,大分舞鶴,8,三重総合,0,https://koshien89.com/blog-entry-3436.html,8innings,data/09_kyushu/oita_2025.csv
2025,spring,kyushu,大分,春季大分大会 2025 日程・結果,3R,2025-03-29,明豊,10,中津南,0,https://koshien89.com/blog-entry-3436.html,6innings,data/09_kyushu/oita_2025.csv
2025,spring,kyushu,大分,春季大分大会 2025 日程・結果,3R,2025-03-29,大分西,9,情報科学,2,https://koshien89.com/blog-entry-3436.html,7innings,data/09_kyushu/oita_2025.csv
2025,spring,kyushu,大分,春季大分大会 2025 日程・結果,3R,2025-03-29,佐伯鶴城,1,大分工,0,https://koshien89.com/blog-entry-3436.html,,data/09_kyushu/oita_2025.csv
2025,spring,kyushu,大分,春季大分大会 2025 日程・結果,2R,2025-03-28,杵築,5,大分雄城台,1,https://koshien89.com/blog-entry-3436.html,,data/09_kyushu/oita_2025.csv
2025,spring,kyushu,大分,春季大分大会 2025 日程・結果,2R,2025-03-28,宇佐,2,鶴崎工業,9,https://koshien89.com/blog-entry-3436.html,7innings,data/09_kyushu/oita_2025.csv
2025,spring,kyushu,大分,春季大分大会 2025 日程・結果,2R,2025-03-28,別府鶴見丘,2,楊志館,10,https://koshien89.com/blog-entry-3436.html,7innings,data/09_kyushu/oita_2025.csv
2025,spring,kyushu,大分,春季大分大会 2025 日程・結果,2R,2025-03-28,臼杵,11,日田,3,https://koshien89.com/blog-entry-3436.html,7innings,data/09_kyushu/oita_2025.csv
2025,spring,kyushu,大分,春季大分大会 2025 日程・結果,2R,2025-03-27,大分,7,別府翔青,0,https://koshien89.com/blog-entry-3436.html,7innings,data/09_kyushu/oita_2025.csv
2025,spring,kyushu,大分,春季大分大会 2025 日程・結果,2R,2025-03-27,大分豊府,0,中津東,4,https://koshien89.com/blog-entry-3436.html,,data/09_kyushu/oita_2025.csv
2025,spring,kyushu,大分,春季大分大会 2025 日程・結果,2R,2025-03-27,大分上野丘,0,大分東明,3,https://koshien89.com/blog-entry-3436.html,,data/09_kyushu/oita_2025.csv
2025,spring,kyushu,大分,春季大分大会 2025 日程・結果,2R,2025-03-27,国東,6,大分南,4,https://koshien89.com/blog-entry-3436.html,,data/09_kyushu/oita_2025.csv
2025,spring,kyushu,大分,春季大分大会 2025 日程・結果,2R,2025-03-26,日本文理大附,1,大分西,8,https://koshien89.com/blog-entry-3436.html,7innings,data/09_kyushu/oita_2025.csv
2025,spring,kyushu,大分,春季大分大会 2025 日程・結果,2R,2025-03-26,佐伯豊南,3,佐伯鶴城,5,https://koshien89.com/blog-entry-3436.html,,data/09_kyushu/oita_2025.csv
2025,spring,kyushu,大分,春季大分大会 2025 日程・結果,2R,2025-03-26,情報科学,8,日出総合,1,https://koshien89.com/blog-entry-3436.html,7innings,data/09_kyushu/oita_2025.csv
2025,spring,kyushu,大分,春季大分大会 2025 日程・結果,2R,2025-03-26,宇佐産業科学,0,大分工業,10,https://koshien89.com/blog-entry-3436.html,5innings,data/09_kyushu/oita_2025.csv
2025,spring,kyushu,大分,春季大分大会 2025 日程・結果,2R,2025-03-25,明豊,10,津久見,3,https://koshien89.com/blog-entry-3436.html,8innings,data/09_kyushu/oita_2025.csv
2025,spring,kyushu,大分,春季大分大会 2025 日程・結果,2R,2025-03-25,藤蔭,4,大分舞鶴,5,https://koshien89.com/blog-entry-3436.html,,data/09_kyushu/oita_2025.csv
2025,spring,kyushu,大分,春季大分大会 2025 日程・結果,2R,2025-03-25,三重総合,9,大分高専,3,https://koshien89.com/blog-entry-3436.html,,data/09_kyushu/oita_2025.csv
2025,spring,kyushu,大分,春季大分大会 2025 日程・結果,2R,2025-03-25,日田林工,7,中津南,8,https://koshien89.com/blog-entry-3436.html,,data/09_kyushu/oita_2025.csv
2025,spring,kyushu,大分,春季大分大会 2025 日程・結果,1R,2025-03-23,中津東,8,大分国際情報,0,https://koshien89.com/blog-entry-3436.html,7innings,data/09_kyushu/oita_2025.csv
2025,spring,kyushu,大分,春季大分大会 2025 日程・結果,1R,2025-03-23,大分鶴崎,2,大分西,7,https://koshien89.com/blog-entry-3436.html,,data/09_kyushu/oita_2025.csv
2025,spring,kyushu,大分,春季大分大会 2025 日程・結果,1R,2025-03-23,別府翔青,11,中津北,4,https://koshien89.com/blog-entry-3436.html,7innings,data/09_kyushu/oita_2025.csv
2025,spring,kyushu,大分,春季大分大会 2025 日程・結果,1R,2025-03-23,鶴崎工業,17,竹田,5,https://koshien89.com/blog-entry-3436.html,,data/09_kyushu/oita_2025.csv
2025,spring,kyushu,大分,春季大分大会 2025 日程・結果,1R,2025-03-22,大分舞鶴,5,大分商業,2,https://koshien89.com/blog-entry-3436.html,,data/09_kyushu/oita_2025.csv
2025,spring,kyushu,大分,春季大分大会 2025 日程・結果,1R,2025-03-22,玖珠美山・大分東・安心院・由布,0,津久見,3,https://koshien89.com/blog-entry-3436.html,,data/09_kyushu/oita_2025.csv
2025,spring,kyushu,大分,春季大分大会 2025 日程・結果,1R,2025-03-22,高田,0,佐伯鶴城,7,https://koshien89.com/blog-entry-3436.html,7innings,data/09_kyushu/oita_2025.csv
2025,spring,kyushu,沖縄,春季沖縄大会 2025 日程・結果,F,2025-04-05,宜野座,2,興南,0,https://koshien89.com/blog-entry-3440.html,,data/09_kyushu/okinawa_2025.csv
2025,spring,kyushu,沖縄,春季沖縄大会 2025 日程・結果,3P,2025-04-05,コザ,2,ウェルネス,5,https://koshien89.com/blog-entry-3440.html,,data/09_kyushu/okinawa_2025.csv
2025,spring,kyushu,沖縄,春季沖縄大会 2025 日程・結果,SF,2025-03-31,コザ,1,宜野座,2,https://koshien89.com/blog-entry-3440.html,,data/09_kyushu/okinawa_2025.csv
2025,spring,kyushu,沖縄,春季沖縄大会 2025 日程・結果,SF,2025-03-31,ウェルネス,7,興南,8,https://koshien89.com/blog-entry-3440.html,11innings,data/09_kyushu/okinawa_2025.csv
2025,spring,kyushu,沖縄,春季沖縄大会 2025 日程・結果,QF,2025-03-29,宮古,4,コザ,10,https://koshien89.com/blog-entry-3440.html,,data/09_kyushu/okinawa_2025.csv
2025,spring,kyushu,沖縄,春季沖縄大会 2025 日程・結果,QF,2025-03-29,前原,2,宜野座,4,https://koshien89.com/blog-entry-3440.html,,data/09_kyushu/okinawa_2025.csv
2025,spring,kyushu,沖縄,春季沖縄大会 2025 日程・結果,QF,2025-03-29,興南,3,沖縄工業,0,https://koshien89.com/blog-entry-3440.html,,data/09_kyushu/okinawa_2025.csv
2025,spring,kyushu,沖縄,春季沖縄大会 2025 日程・結果,QF,2025-03-29,ウェルネス,4,美里工業,3,https://koshien89.com/blog-entry-3440.html,,data/09_kyushu/okinawa_2025.csv
2025,spring,kyushu,沖縄,春季沖縄大会 2025 日程・結果,3R,2025-03-27,美里工業,1,ＫＢＣ,0,https://koshien89.com/blog-entry-3440.html,,data/09_kyushu/okinawa_2025.csv
2025,spring,kyushu,沖縄,春季沖縄大会 2025 日程・結果,3R,2025-03-27,ウェルネス,7,北山,0,https://koshien89.com/blog-entry-3440.html,8innings,data/09_kyushu/okinawa_2025.csv
2025,spring,kyushu,沖縄,春季沖縄大会 2025 日程・結果,3R,2025-03-27,首里,0,沖縄工業,7,https://koshien89.com/blog-entry-3440.html,7innings,data/09_kyushu/okinawa_2025.csv
2025,spring,kyushu,沖縄,春季沖縄大会 2025 日程・結果,3R,2025-03-27,八重山商工,3,興南,7,https://koshien89.com/blog-entry-3440.html,,data/09_kyushu/okinawa_2025.csv
2025,spring,kyushu,沖縄,春季沖縄大会 2025 日程・結果,3R,2025-03-26,宮古,11,中部商業,3,https://koshien89.com/blog-entry-3440.html,7innings,data/09_kyushu/okinawa_2025.csv
2025,spring,kyushu,沖縄,春季沖縄大会 2025 日程・結果,3R,2025-03-26,北中城,4,コザ,6,https://koshien89.com/blog-entry-3440.html,,data/09_kyushu/okinawa_2025.csv
2025,spring,kyushu,沖縄,春季沖縄大会 2025 日程・結果,3R,2025-03-26,宜野湾,0,宜野座,7,https://koshien89.com/blog-entry-3440.html,7innings,data/09_kyushu/okinawa_2025.csv
2025,spring,kyushu,沖縄,春季沖縄大会 2025 日程・結果,3R,2025-03-26,前原,1,カトリック,0,https://koshien89.com/blog-entry-3440.html,,data/09_kyushu/okinawa_2025.csv
2025,spring,kyushu,沖縄,春季沖縄大会 2025 日程・結果,2R,2025-03-24,ウェルネス,14,開邦・真和志・豊見城南・那覇工業,0,https://koshien89.com/blog-entry-3440.html,5innings,data/09_kyushu/okinawa_2025.csv
2025,spring,kyushu,沖縄,春季沖縄大会 2025 日程・結果,2R,2025-03-24,浦添商業,4,美里工業,8,https://koshien89.com/blog-entry-3440.html,,data/09_kyushu/okinawa_2025.csv
2025,spring,kyushu,沖縄,春季沖縄大会 2025 日程・結果,2R,2025-03-24,北山,5,沖縄水産,1,https://koshien89.com/blog-entry-3440.html,,data/09_kyushu/okinawa_2025.csv
2025,spring,kyushu,沖縄,春季沖縄大会 2025 日程・結果,2R,2025-03-24,宮古総実・宮古工業,2,興南,18,https://koshien89.com/blog-entry-3440.html,5innings,data/09_kyushu/okinawa_2025.csv
2025,spring,kyushu,沖縄,春季沖縄大会 2025 日程・結果,2R,2025-03-24,首里,2,普天間,0,https://koshien89.com/blog-entry-3440.html,,data/09_kyushu/okinawa_2025.csv
2025,spring,kyushu,沖縄,春季沖縄大会 2025 日程・結果,2R,2025-03-24,本部,5,ＫＢＣ,10,https://koshien89.com/blog-entry-3440.html,,data/09_kyushu/okinawa_2025.csv
2025,spring,kyushu,沖縄,春季沖縄大会 2025 日程・結果,2R,2025-03-24,八重山商工,14,石川,0,https://koshien89.com/blog-entry-3440.html,5innings,data/09_kyushu/okinawa_2025.csv
2025,spring,kyushu,沖縄,春季沖縄大会 2025 日程・結果,2R,2025-03-24,糸満,6,沖縄工業,7,https://koshien89.com/blog-entry-3440.html,,data/09_kyushu/okinawa_2025.csv
2025,spring,kyushu,沖縄,春季沖縄大会 2025 日程・結果,2R,2025-03-23,宮古,4,小禄,3,https://koshien89.com/blog-entry-3440.html,,data/09_kyushu/okinawa_2025.csv
2025,spring,kyushu,沖縄,春季沖縄大会 2025 日程・結果,2R,2025-03-23,北中城,10,知念,0,https://koshien89.com/blog-entry-3440.html,5innings,data/09_kyushu/okinawa_2025.csv
2025,spring,kyushu,沖縄,春季沖縄大会 2025 日程・結果,2R,2025-03-23,コザ,8,那覇,1,https://koshien89.com/blog-entry-3440.html,,data/09_kyushu/okinawa_2025.csv
2025,spring,kyushu,沖縄,春季沖縄大会 2025 日程・結果,2R,2025-03-23,中部商業,11,昭和薬大附,0,https://koshien89.com/blog-entry-3440.html,5innings,data/09_kyushu/okinawa_2025.csv
2025,spring,kyushu,沖縄,春季沖縄大会 2025 日程・結果,2R,2025-03-23,美来工科,0,前原,1,https://koshien89.com/blog-entry-3440.html,10innings,data/09_kyushu/okinawa_2025.csv
2025,spring,kyushu,沖縄,春季沖縄大会 2025 日程・結果,2R,2025-03-23,球陽,0,宜野座,10,https://koshien89.com/blog-entry-3440.html,5innings,data/09_kyushu/okinawa_2025.csv
2025,spring,kyushu,沖縄,春季沖縄大会 2025 日程・結果,2R,2025-03-23,浦添,2,カトリック,5,https://koshien89.com/blog-entry-3440.html,,data/09_kyushu/okinawa_2025.csv
2025,spring,kyushu,沖縄,春季沖縄大会 2025 日程・結果,2R,2025-03-23,宜野湾,4,南部工業・向陽,2,https://koshien89.com/blog-entry-3440.html,,data/09_kyushu/okinawa_2025.csv
2025,spring,kyushu,沖縄,春季沖縄大会 2025 日程・結果,1R,2025-03-22,那覇商業,6,美里工業,8,https://koshien89.com/blog-entry-3440.html,,data/09_kyushu/okinawa_2025.csv
2025,spring,kyushu,沖縄,春季沖縄大会 2025 日程・結果,1R,2025-03-22,陽明,0,本部,7,https://koshien89.com/blog-entry-3440.html,7innings,data/09_kyushu/okinawa_2025.csv
2025,spring,kyushu,沖縄,春季沖縄大会 2025 日程・結果,1R,2025-03-22,読谷,1,ＫＢＣ,2,https://koshien89.com/blog-entry-3440.html,,data/09_kyushu/okinawa_2025.csv
2025,spring,kyushu,沖縄,春季沖縄大会 2025 日程・結果,1R,2025-03-22,浦添工業,0,石川,10,https://koshien89.com/blog-entry-3440.html,5innings,data/09_kyushu/okinawa_2025.csv
2025,spring,kyushu,沖縄,春季沖縄大会 2025 日程・結果,1R,2025-03-22,糸満,17,久米島,0,https://koshien89.com/blog-entry-3440.html,,data/09_kyushu/okinawa_2025.csv
2025,spring,kyushu,沖縄,春季沖縄大会 2025 日程・結果,1R,2025-03-22,与勝,2,興南,7,https://koshien89.com/blog-entry-3440.html,,data/09_kyushu/okinawa_2025.csv
2025,spring,kyushu,沖縄,春季沖縄大会 2025 日程・結果,1R,2025-03-22,沖縄工業,4,首里東・八重山農林,2,https://koshien89.com/blog-entry-3440.html,,data/09_kyushu/okinawa_2025.csv
2025,spring,kyushu,沖縄,春季沖縄大会 2025 日程・結果,1R,2025-03-22,嘉手納,0,普天間,6,https://koshien89.com/blog-entry-3440.html,,data/09_kyushu/okinawa_2025.csv
2025,spring,kyushu,沖縄,春季沖縄大会 2025 日程・結果,1R,2025-03-21,宜野座,1,豊見城,0,https://koshien89.com/blog-entry-3440.html,,data/09_kyushu/okinawa_2025.csv
2025,spring,kyushu,沖縄,春季沖縄大会 2025 日程・結果,1R,2025-03-21,美里,2,カトリック,9,https://koshien89.com/blog-entry-3440.html,8innings,data/09_kyushu/okinawa_2025.csv
2025,spring,kyushu,沖縄,春季沖縄大会 2025 日程・結果,1R,2025-03-21,南部工業・向陽,1,八重山,0,https://koshien89.com/blog-entry-3440.html,,data/09_kyushu/okinawa_2025.csv
2025,spring,kyushu,沖縄,春季沖縄大会 2025 日程・結果,1R,2025-03-21,那覇国際・那覇西,2,球陽,9,https://koshien89.com/blog-entry-3440.html,7innings,data/09_kyushu/okinawa_2025.csv
2025,spring,kyushu,沖縄,春季沖縄大会 2025 日程・結果,1R,2025-03-21,開邦・真和志・豊見城南・那覇工業,5,中部農林・名護商工,1,https://koshien89.com/blog-entry-3440.html,,data/09_kyushu/okinawa_2025.csv
2025,spring,kyushu,沖縄,春季沖縄大会 2025 日程・結果,1R,2025-03-21,沖縄水産,11,辺土名,1,https://koshien89.com/blog-entry-3440.html,6innings,data/09_kyushu/okinawa_2025.csv
2025,spring,kyushu,沖縄,春季沖縄大会 2025 日程・結果,1R,2025-03-20,具志川商業,1,コザ,6,https://koshien89.com/blog-entry-3440.html,,data/09_kyushu/okinawa_2025.csv
2025,spring,kyushu,沖縄,春季沖縄大会 2025 日程・結果,1R,2025-03-20,西原,2,小禄,7,https://koshien89.com/blog-entry-3440.html,,data/09_kyushu/okinawa_2025.csv
2025,spring,kyushu,沖縄,春季沖縄大会 2025 日程・結果,1R,2025-03-20,昭和薬大附,7,南風原,4,https://koshien89.com/blog-entry-3440.html,,data/09_kyushu/okinawa_2025.csv
2025,spring,kyushu,沖縄,春季沖縄大会 2025 日程・結果,1R,2025-03-20,北谷,6,知念,10,https://koshien89.com/blog-entry-3440.html,,data/09_kyushu/okinawa_2025.csv
2025,spring,kyushu,沖縄,春季沖縄大会 2025 日程・結果,1R,2025-03-20,那覇,9,具志川,6,https://koshien89.com/blog-entry-3440.html,,data/09_kyushu/okinawa_2025.csv
2025,spring,kyushu,沖縄,春季沖縄大会 2025 日程・結果,1R,2025-03-20,前原,4,名護,2,https://koshien89.com/blog-entry-3440.html,,data/09_kyushu/okinawa_2025.csv
2025,spring,kyushu,佐賀,春季佐賀大会 2025 日程・結果,F,2025-04-04,龍谷,2,唐津商業,1,https://koshien89.com/blog-entry-3435.html,,data/09_kyushu/saga_2025.csv
2025,spring,kyushu,佐賀,春季佐賀大会 2025 日程・結果,SF,2025-04-02,龍谷,6,有田工業,3,https://koshien89.com/blog-entry-3435.html,,data/09_kyushu/saga_2025.csv
2025,spring,kyushu,佐賀,春季佐賀大会 2025 日程・結果,SF,2025-04-02,神埼清明,1,唐津商業,5,https://koshien89.com/blog-entry-3435.html,11innings,data/09_kyushu/saga_2025.csv
2025,spring,kyushu,佐賀,春季佐賀大会 2025 日程・結果,QF,2025-03-30,敬徳,2,神埼清明,8,https://koshien89.com/blog-entry-3435.html,,data/09_kyushu/saga_2025.csv
2025,spring,kyushu,佐賀,春季佐賀大会 2025 日程・結果,QF,2025-03-30,鳥栖工業,0,唐津商業,2,https://koshien89.com/blog-entry-3435.html,,data/09_kyushu/saga_2025.csv
2025,spring,kyushu,佐賀,春季佐賀大会 2025 日程・結果,QF,2025-03-29,龍谷,4,唐津南,0,https://koshien89.com/blog-entry-3435.html,,data/09_kyushu/saga_2025.csv
2025,spring,kyushu,佐賀,春季佐賀大会 2025 日程・結果,QF,2025-03-29,小城,2,有田工業,6,https://koshien89.com/blog-entry-3435.html,,data/09_kyushu/saga_2025.csv
2025,spring,kyushu,佐賀,春季佐賀大会 2025 日程・結果,2R,2025-03-26,東明館,3,鳥栖工業,4,https://koshien89.com/blog-entry-3435.html,,data/09_kyushu/saga_2025.csv
2025,spring,kyushu,佐賀,春季佐賀大会 2025 日程・結果,2R,2025-03-26,唐津商業,4,佐賀東,1,https://koshien89.com/blog-entry-3435.html,,data/09_kyushu/saga_2025.csv
2025,spring,kyushu,佐賀,春季佐賀大会 2025 日程・結果,2R,2025-03-25,有田工業,10,早稲田佐賀,3,https://koshien89.com/blog-entry-3435.html,8innings,data/09_kyushu/saga_2025.csv
2025,spring,kyushu,佐賀,春季佐賀大会 2025 日程・結果,2R,2025-03-25,嬉野,0,敬徳,3,https://koshien89.com/blog-entry-3435.html,,data/09_kyushu/saga_2025.csv
2025,spring,kyushu,佐賀,春季佐賀大会 2025 日程・結果,2R,2025-03-25,佐賀北,2,神埼清明,8,https://koshien89.com/blog-entry-3435.html,,data/09_kyushu/saga_2025.csv
2025,spring,kyushu,佐賀,春季佐賀大会 2025 日程・結果,2R,2025-03-23,高志館,2,龍谷,6,https://koshien89.com/blog-entry-3435.html,,data/09_kyushu/saga_2025.csv
2025,spring,kyushu,佐賀,春季佐賀大会 2025 日程・結果,2R,2025-03-23,伊万里,2,唐津南,4,https://koshien89.com/blog-entry-3435.html,,data/09_kyushu/saga_2025.csv
2025,spring,kyushu,佐賀,春季佐賀大会 2025 日程・結果,2R,2025-03-23,小城,12,白石,2,https://koshien89.com/blog-entry-3435.html,7innings,data/09_kyushu/saga_2025.csv
2025,spring,kyushu,佐賀,春季佐賀大会 2025 日程・結果,1R,2025-03-22,伊万里実業,3,早稲田佐賀,4,https://koshien89.com/blog-entry-3435.html,10innings,data/09_kyushu/saga_2025.csv
2025,spring,kyushu,佐賀,春季佐賀大会 2025 日程・結果,1R,2025-03-22,唐津西,3,鳥栖工業,4,https://koshien89.com/blog-entry-3435.html,,data/09_kyushu/saga_2025.csv
2025,spring,kyushu,佐賀,春季佐賀大会 2025 日程・結果,1R,2025-03-22,佐賀学園,6,神埼清明,7,https://koshien89.com/blog-entry-3435.html,,data/09_kyushu/saga_2025.csv
2025,spring,kyushu,佐賀,春季佐賀大会 2025 日程・結果,1R,2025-03-22,唐津商業,8,佐賀西,2,https://koshien89.com/blog-entry-3435.html,,data/09_kyushu/saga_2025.csv
2025,spring,kyushu,佐賀,春季佐賀大会 2025 日程・結果,1R,2025-03-22,鳥栖,3,佐賀東,6,https://koshien89.com/blog-entry-3435.html,,data/09_kyushu/saga_2025.csv
2025,spring,kyushu,佐賀,春季佐賀大会 2025 日程・結果,1R,2025-03-21,小城,2,佐賀農業,1,https://koshien89.com/blog-entry-3435.html,,data/09_kyushu/saga_2025.csv
2025,spring,kyushu,佐賀,春季佐賀大会 2025 日程・結果,1R,2025-03-21,佐賀工業,2,嬉野,9,https://koshien89.com/blog-entry-3435.html,7innings,data/09_kyushu/saga_2025.csv
2025,spring,kyushu,佐賀,春季佐賀大会 2025 日程・結果,1R,2025-03-21,佐賀北,2,佐賀商業,0,https://koshien89.com/blog-entry-3435.html,10innings,data/09_kyushu/saga_2025.csv
2025,spring,kyushu,佐賀,春季佐賀大会 2025 日程・結果,1R,2025-03-21,白石,9,三養基,8,https://koshien89.com/blog-entry-3435.html,,data/09_kyushu/saga_2025.csv
2025,spring,kyushu,佐賀,春季佐賀大会 2025 日程・結果,1R,2025-03-21,武雄,2,東明館,3,https://koshien89.com/blog-entry-3435.html,,data/09_kyushu/saga_2025.csv
2025,spring,kyushu,佐賀,春季佐賀大会 2025 日程・結果,1R,2025-03-21,唐津東,4,敬徳,5,https://koshien89.com/blog-entry-3435.html,10innings,data/09_kyushu/saga_2025.csv
2025,spring,kyushu,佐賀,春季佐賀大会 2025 日程・結果,1R,2025-03-21,有田工業,5,北陵,3,https://koshien89.com/blog-entry-3435.html,,data/09_kyushu/saga_2025.csv
2025,spring,kyushu,佐賀,春季佐賀大会 2025 日程・結果,2R,2025-03-20,高志館,4,鳥栖商業,2,https://koshien89.com/blog-entry-3435.html,,data/09_kyushu/saga_2025.csv
2025,spring,kyushu,佐賀,春季佐賀大会 2025 日程・結果,2R,2025-03-20,龍谷,5,鹿島,2,https://koshien89.com/blog-entry-3435.html,,data/09_kyushu/saga_2025.csv
2025,spring,kyushu,佐賀,春季佐賀大会 2025 日程・結果,2R,2025-03-20,神埼,0,伊万里,5,https://koshien89.com/blog-entry-3435.html,,data/09_kyushu/saga_2025.csv
2025,spring,kyushu,佐賀,春季佐賀大会 2025 日程・結果,2R,2025-03-20,致遠館,3,唐津南,4,https://koshien89.com/blog-entry-3435.html,,data/09_kyushu/saga_2025.csv
2025,spring,kyushu,佐賀,春季佐賀大会 2025 日程・結果,1R,2025-03-20,唐津工業,1,伊万里実業,2,https://koshien89.com/blog-entry-3435.html,,data/09_kyushu/saga_2025.csv
2025,spring,kyushu,佐賀,春季佐賀大会 2025 日程・結果,1R,2025-03-20,太良,2,佐賀学園,5,https://koshien89.com/blog-entry-3435.html,,data/09_kyushu/saga_2025.csv
2025,spring,kyushu,佐賀,春季佐賀大会 2025 日程・結果,1R,2025-03-20,多久・厳木,2,鳥栖,7,https://koshien89.com/blog-entry-3435.html,,data/09_kyushu/saga_2025.csv
