rank,school,rating,base_rating,history_prior,prefecture,region,games,wins,losses,draws,win_pct,runs_for,runs_against,run_diff,first_date,last_date
1,智辯和歌山,1280.18,1000.0,0.99,和歌山,近畿,29,27,2,0,0.931,193.0,50.0,143.0,2025-04-12,2026-08-22
2,横浜,1271.3,1000.0,4.44,神奈川,関東・東京,39,34,5,0,0.8718,260.0,73.0,187.0,2025-04-12,2026-08-20
3,健大高崎,1260.81,1000.0,3.22,群馬,関東・東京,32,30,2,0,0.9375,216.0,40.0,176.0,2025-04-19,2026-08-22
4,仙台育英,1238.41,1000.0,-1.84,山形,東北,35,32,3,0,0.9143,266.0,50.0,216.0,2025-05-16,2026-08-18
5,花巻東,1232.02,1000.0,3.8,宮城,東北,35,30,5,0,0.8571,237.0,68.0,169.0,2025-05-16,2026-08-18
6,大阪桐蔭,1221.41,1000.0,8.38,大阪,近畿,31,26,5,0,0.8387,243.0,58.0,185.0,2025-04-12,2026-07-19
7,天理,1214.41,1000.0,3.92,奈良,近畿,28,24,4,0,0.8571,203.0,40.0,163.0,2025-04-20,2026-08-20
8,履正社,1213.31,1000.0,8.38,大阪,近畿,29,26,3,0,0.8966,226.0,46.0,180.0,2025-04-19,2026-08-15
9,専大松戸,1213.0,1000.0,0.63,千葉,関東・東京,32,27,5,0,0.8438,189.0,75.0,114.0,2025-04-20,2026-07-26
10,山梨学院,1212.3,1000.0,-0.05,山梨,関東・東京,31,26,5,0,0.8387,218.0,63.0,155.0,2025-04-26,2026-07-20
11,英明,1204.59,1000.0,-4.3,徳島,四国,31,26,5,0,0.8387,176.0,79.0,97.0,2025-03-20,2026-08-16
12,関東一,1184.38,1000.0,2.37,東京,関東・東京,24,21,3,0,0.875,174.0,32.0,142.0,2025-04-07,2026-08-08
13,日大三,1181.77,1000.0,2.37,東京,関東・東京,22,19,3,0,0.8636,163.0,47.0,116.0,2025-04-06,2026-07-24
14,九州国際大付,1180.08,1000.0,2.09,福岡,九州,24,20,4,0,0.8333,144.0,66.0,78.0,2025-03-20,2026-07-23
15,享栄,1175.57,1000.0,2.72,愛知,東海,29,26,3,0,0.8966,176.0,62.0,114.0,2025-04-12,2026-08-11
16,三重,1175.13,1000.0,-4.97,三重,東海,29,23,6,0,0.7931,190.0,97.0,93.0,2025-04-12,2026-08-18
17,八戸学院光星,1171.15,1000.0,4.16,青森,東北,30,23,7,0,0.7667,226.0,85.0,141.0,2025-05-12,2026-07-20
18,聖光学院,1170.87,1000.0,-1.38,福島,東北,30,26,4,0,0.8667,227.0,64.0,163.0,2025-05-16,2026-07-23
19,県岐阜商,1170.66,1000.0,-2.62,岐阜,東海,27,23,4,0,0.8519,173.0,52.0,121.0,2025-04-12,2026-07-26
20,花咲徳栄,1166.52,1000.0,-0.08,埼玉,関東・東京,28,22,6,0,0.7857,242.0,97.0,145.0,2025-04-24,2026-08-12
21,北海,1164.39,1000.0,-9.79,北海道,北海道,29,26,3,0,0.8966,157.0,57.0,100.0,2025-05-26,2026-07-19
22,高川学園,1163.81,1000.0,-1.06,山口,中国,25,20,5,0,0.8,168.0,54.0,114.0,2025-04-19,2026-08-15
23,愛工大名電,1159.82,1000.0,2.72,愛知,東海,29,23,6,0,0.7931,174.0,52.0,122.0,2025-04-12,2026-07-28
24,報徳学園,1155.18,1000.0,0.49,兵庫,近畿,25,22,3,0,0.88,170.0,45.0,125.0,2025-04-19,2026-07-20
25,浦和学院,1153.52,1000.0,-0.08,埼玉,関東・東京,19,17,2,0,0.8947,169.0,45.0,124.0,2025-04-26,2026-07-26
26,神村学園,1152.48,1000.0,1.49,鹿児島,九州,17,16,1,0,0.9412,133.0,26.0,107.0,2025-03-25,2026-08-12
27,神戸国際大付,1151.83,1000.0,0.49,兵庫,近畿,28,21,7,0,0.75,162.0,72.0,90.0,2025-04-19,2026-07-24
28,聖隷クリストファー,1147.73,1000.0,-1.42,静岡,東海,34,27,7,0,0.7941,161.0,56.0,105.0,2025-04-19,2026-08-06
29,有明,1147.49,1000.0,-4.28,熊本,九州,19,15,4,0,0.7895,91.0,27.0,64.0,2025-03-25,2026-08-18
30,盛岡大附,1146.84,1000.0,3.8,宮城,東北,26,23,3,0,0.8846,173.0,79.0,94.0,2025-05-16,2026-07-25
31,東海大大阪仰星,1143.8,1000.0,8.38,大阪,近畿,22,18,4,0,0.8182,141.0,49.0,92.0,2025-04-20,2026-07-26
32,青森山田,1143.56,1000.0,4.16,青森,東北,24,20,4,0,0.8333,173.0,52.0,121.0,2025-05-12,2026-08-13
33,佐野日大,1143.18,1000.0,-2.36,栃木,関東・東京,25,19,6,0,0.76,169.0,63.0,106.0,2025-04-19,2026-08-16
34,東海大熊本星翔,1142.06,1000.0,-4.28,熊本,九州,24,20,4,0,0.8333,124.0,50.0,74.0,2025-03-25,2026-07-24
35,東筑,1139.1,1000.0,2.09,福岡,九州,22,19,3,0,0.8636,135.0,45.0,90.0,2025-03-20,2026-08-06
36,白樺学園,1138.66,1000.0,-9.79,北海道,北海道,28,23,5,0,0.8214,211.0,51.0,160.0,2025-05-26,2026-08-08
37,広陵,1137.83,1000.0,-6.32,島根,中国,25,21,4,0,0.84,198.0,40.0,158.0,2025-04-19,2026-07-26
38,敦賀気比,1137.73,1000.0,1.72,福井,北信越,23,19,4,0,0.8261,147.0,55.0,92.0,2025-04-26,2026-08-15
39,中京大中京,1136.97,1000.0,2.72,愛知,東海,28,21,7,0,0.75,156.0,73.0,83.0,2025-04-12,2026-07-21
40,東日大昌平,1135.18,1000.0,-1.38,福島,東北,22,18,4,0,0.8182,130.0,51.0,79.0,2025-05-16,2026-08-16
41,市船橋,1134.21,1000.0,0.63,千葉,関東・東京,26,22,4,0,0.8462,199.0,66.0,133.0,2025-04-19,2026-07-22
42,中部大春日丘,1134.07,1000.0,2.72,愛知,東海,25,19,6,0,0.76,177.0,77.0,100.0,2025-04-12,2026-07-27
43,西日本短大付,1133.36,1000.0,2.09,福岡,九州,21,17,4,0,0.8095,120.0,33.0,87.0,2025-04-19,2026-07-17
44,新田,1132.53,1000.0,-7.48,愛媛,四国,21,18,3,0,0.8571,157.0,31.0,126.0,2025-03-21,2026-08-09
45,東洋大姫路,1129.48,1000.0,0.49,兵庫,近畿,21,18,3,0,0.8571,117.0,44.0,73.0,2025-04-26,2026-07-20
46,豊川,1129.38,1000.0,2.72,愛知,東海,30,24,6,0,0.8,215.0,56.0,159.0,2025-04-12,2026-07-23
47,札幌日大,1129.09,1000.0,-9.79,北海道,北海道,25,20,5,0,0.8,137.0,45.0,92.0,2025-05-26,2026-08-05
48,開星,1128.4,1000.0,5.45,広島,中国,21,17,4,0,0.8095,188.0,74.0,114.0,2025-04-19,2026-07-24
49,飯塚,1127.92,1000.0,2.09,福岡,九州,19,16,3,0,0.8421,115.0,36.0,79.0,2025-03-22,2026-07-23
50,昌平,1127.45,1000.0,-0.08,埼玉,関東・東京,21,17,4,0,0.8095,177.0,72.0,105.0,2025-04-24,2026-07-24
51,拓殖大紅陵,1127.19,1000.0,0.63,千葉,関東・東京,17,15,2,0,0.8824,106.0,42.0,64.0,2025-04-20,2026-07-26
52,智辯学園,1126.62,1000.0,3.92,奈良,近畿,21,15,6,0,0.7143,158.0,72.0,86.0,2025-04-13,2026-07-20
53,東邦,1125.77,1000.0,2.72,愛知,東海,30,23,7,0,0.7667,127.0,64.0,63.0,2025-04-12,2026-07-23
54,桐光学園,1124.82,1000.0,4.44,神奈川,関東・東京,18,14,4,0,0.7778,142.0,50.0,92.0,2025-04-06,2026-07-26
55,エナジック,1124.45,1000.0,1.73,沖縄,九州,18,15,3,0,0.8333,116.0,40.0,76.0,2025-04-19,2026-07-20
56,滋賀学園,1123.81,1000.0,-0.81,滋賀,近畿,18,16,2,0,0.8889,113.0,33.0,80.0,2025-04-20,2026-07-21
57,習志野,1123.54,1000.0,0.63,千葉,関東・東京,24,19,5,0,0.7917,127.0,49.0,78.0,2025-04-19,2026-07-24
58,明豊,1122.69,1000.0,2.65,大分,九州,17,15,2,0,0.8824,121.0,39.0,82.0,2025-03-25,2026-07-23
59,岡山学芸館,1122.52,1000.0,-7.46,鳥取,中国,23,19,4,0,0.8261,90.0,65.0,25.0,2025-04-27,2026-08-14
60,霞ヶ浦,1121.62,1000.0,-1.03,茨城,関東・東京,18,14,4,0,0.7778,90.0,51.0,39.0,2025-04-21,2026-08-16
61,関大北陽,1121.48,1000.0,8.38,大阪,近畿,19,15,4,0,0.7895,121.0,36.0,85.0,2025-04-20,2026-07-24
62,箕面学園,1121.05,1000.0,8.38,大阪,近畿,20,16,4,0,0.8,136.0,63.0,73.0,2025-04-06,2026-07-28
63,常総学院,1120.47,1000.0,-1.03,茨城,関東・東京,21,17,4,0,0.8095,166.0,52.0,114.0,2025-04-22,2026-07-25
64,立命館宇治,1120.11,1000.0,2.25,京都,近畿,21,17,4,0,0.8095,145.0,57.0,88.0,2025-04-19,2026-08-07
65,立花学園,1117.42,1000.0,4.44,神奈川,関東・東京,19,15,4,0,0.7895,166.0,51.0,115.0,2025-04-06,2026-07-21
66,新潟明訓,1117.13,1000.0,-5.27,新潟,北信越,20,16,4,0,0.8,155.0,57.0,98.0,2025-05-02,2026-07-22
67,明石商,1116.28,1000.0,0.49,兵庫,近畿,19,16,3,0,0.8421,95.0,43.0,52.0,2025-04-19,2026-07-26
68,津商,1115.68,1000.0,-4.97,三重,東海,19,16,3,0,0.8421,134.0,39.0,95.0,2025-04-12,2026-07-25
69,東北,1115.64,1000.0,-1.84,山形,東北,23,17,6,0,0.7391,113.0,41.0,72.0,2025-05-16,2026-07-28
70,東大阪大柏原,1114.73,1000.0,8.38,大阪,近畿,21,17,4,0,0.8095,142.0,41.0,101.0,2025-04-06,2026-07-22
71,クラーク国際,1114.09,1000.0,-9.79,北海道,北海道,21,16,5,0,0.7619,143.0,65.0,78.0,2025-05-26,2026-07-20
72,希望が丘,1113.85,1000.0,2.09,福岡,九州,18,14,4,0,0.7778,109.0,38.0,71.0,2025-03-24,2026-07-25
73,佐久長聖,1113.78,1000.0,-4.39,長野,北信越,21,17,4,0,0.8095,211.0,58.0,153.0,2025-05-10,2026-07-22
74,崇徳,1113.65,1000.0,-6.32,島根,中国,24,18,6,0,0.75,159.0,54.0,105.0,2025-04-19,2026-07-22
75,星稜,1113.35,1000.0,6.19,石川,北信越,19,15,4,0,0.7895,119.0,45.0,74.0,2025-04-27,2026-07-22
76,下関国際,1112.54,1000.0,-1.06,山口,中国,19,15,4,0,0.7895,143.0,43.0,100.0,2025-04-19,2026-07-28
77,京都国際,1112.29,1000.0,2.25,京都,近畿,19,15,4,0,0.7895,87.0,43.0,44.0,2025-04-20,2026-07-23
78,日大三島,1111.09,1000.0,-1.42,静岡,東海,22,18,4,0,0.8182,166.0,42.0,124.0,2025-04-19,2026-07-21
79,鳥羽,1110.65,1000.0,2.25,京都,近畿,19,15,4,0,0.7895,111.0,61.0,50.0,2025-04-19,2026-07-27
80,龍谷大平安,1110.24,1000.0,2.25,京都,近畿,20,16,4,0,0.8,119.0,49.0,70.0,2025-04-19,2026-07-22
81,東亜学園,1108.78,1000.0,2.37,東京,関東・東京,17,14,3,0,0.8235,122.0,53.0,69.0,2025-04-04,2026-07-23
82,東海大菅生,1107.95,1000.0,2.37,東京,関東・東京,20,15,5,0,0.75,147.0,62.0,85.0,2025-04-04,2026-07-21
83,松本国際,1107.67,1000.0,-4.39,長野,北信越,25,20,5,0,0.8,141.0,49.0,92.0,2025-05-10,2026-07-22
84,名古屋たちばな,1107.19,1000.0,2.72,愛知,東海,26,19,7,0,0.7308,132.0,59.0,73.0,2025-04-12,2026-07-23
85,沖縄尚学(沖縄),1106.75,1000.0,0.0,,九州,8,6,2,0,0.75,22.0,14.0,8.0,2025-04-20,2026-03-19
86,東海大相模,1106.64,1000.0,4.44,神奈川,関東・東京,20,15,5,0,0.75,146.0,56.0,90.0,2025-04-06,2026-07-16
87,山村学園,1106.51,1000.0,-0.08,埼玉,関東・東京,18,14,4,0,0.7778,160.0,64.0,96.0,2025-04-26,2026-07-22
88,学法石川,1106.46,1000.0,-1.38,福島,東北,27,20,7,0,0.7407,175.0,80.0,95.0,2025-05-16,2026-07-25
89,弘前学院聖愛,1106.24,1000.0,4.16,青森,東北,19,14,5,0,0.7368,138.0,49.0,89.0,2025-05-11,2026-07-22
90,呉港,1105.72,1000.0,-6.32,島根,中国,19,16,3,0,0.8421,120.0,40.0,80.0,2025-04-19,2026-07-22
91,至学館,1105.59,1000.0,2.72,愛知,東海,19,14,5,0,0.7368,169.0,26.0,143.0,2025-04-19,2026-07-21
92,創価,1104.98,1000.0,2.37,東京,関東・東京,16,12,4,0,0.75,143.0,44.0,99.0,2025-04-05,2026-07-26
93,大阪学院大高,1103.93,1000.0,8.38,大阪,近畿,17,13,4,0,0.7647,123.0,26.0,97.0,2025-04-20,2026-07-19
94,東海大甲府,1102.86,1000.0,-0.05,山梨,関東・東京,16,12,4,0,0.75,94.0,38.0,56.0,2025-04-15,2026-08-13
95,富山一,1102.62,1000.0,-10.7,富山,北信越,18,15,3,0,0.8333,137.0,50.0,87.0,2025-04-20,2026-07-25
96,松商学園,1102.43,1000.0,-4.39,長野,北信越,23,18,5,0,0.7826,158.0,45.0,113.0,2025-05-10,2026-08-11
97,岩倉,1102.39,1000.0,2.37,東京,関東・東京,19,15,4,0,0.7895,130.0,49.0,81.0,2025-04-05,2026-07-19
98,長崎日大,1102.35,1000.0,-0.81,長崎,九州,18,13,5,0,0.7222,95.0,36.0,59.0,2025-03-25,2026-08-13
99,前橋育英,1101.87,1000.0,3.22,群馬,関東・東京,17,13,4,0,0.7647,135.0,37.0,98.0,2025-04-20,2026-07-24
100,新潟産大附,1101.52,1000.0,-5.27,新潟,北信越,18,14,4,0,0.7778,141.0,42.0,99.0,2025-04-26,2026-07-22
101,慶應義塾,1101.28,1000.0,4.44,神奈川,関東・東京,17,13,4,0,0.7647,113.0,52.0,61.0,2025-04-06,2026-07-24
102,日大山形,1101.22,1000.0,-6.25,秋田,東北,20,16,4,0,0.8,131.0,58.0,73.0,2025-05-12,2026-07-23
103,海星,1100.91,1000.0,-4.97,三重,東海,32,25,7,0,0.7812,201.0,78.0,123.0,2025-03-28,2026-07-19
104,上田西,1100.08,1000.0,-4.39,長野,北信越,25,19,6,0,0.76,184.0,83.0,101.0,2025-05-10,2026-07-18
105,日南学園,1099.96,1000.0,-7.87,宮崎,九州,18,14,4,0,0.7778,107.0,46.0,61.0,2025-03-23,2026-08-14
106,金光大阪,1099.89,1000.0,8.38,大阪,近畿,18,13,5,0,0.7222,86.0,35.0,51.0,2025-04-06,2026-07-26
107,鶴岡東,1099.54,1000.0,-6.25,秋田,東北,20,15,5,0,0.75,164.0,50.0,114.0,2025-05-11,2026-08-07
108,静岡,1099.05,1000.0,-1.42,静岡,東海,21,17,4,0,0.8095,118.0,34.0,84.0,2025-04-19,2026-07-23
109,旭川実業,1098.72,1000.0,-9.79,北海道,北海道,22,17,5,0,0.7727,129.0,63.0,66.0,2025-05-26,2026-07-10
110,日本文理,1098.53,1000.0,-5.27,新潟,北信越,22,16,6,0,0.7273,148.0,85.0,63.0,2025-04-27,2026-08-08
111,創成館,1098.24,1000.0,-0.81,長崎,九州,21,16,5,0,0.7619,95.0,44.0,51.0,2025-03-28,2026-07-20
112,鹿屋中央,1098.06,1000.0,1.49,鹿児島,九州,16,13,3,0,0.8125,111.0,37.0,74.0,2025-03-22,2026-07-12
113,近大附,1097.34,1000.0,8.38,大阪,近畿,15,11,4,0,0.7333,99.0,34.0,65.0,2025-04-06,2026-07-24
114,祐誠,1096.89,1000.0,2.09,福岡,九州,19,15,4,0,0.7895,91.0,68.0,23.0,2025-03-20,2026-07-20
115,八王子実践,1095.1,1000.0,2.37,東京,関東・東京,20,16,4,0,0.8,111.0,70.0,41.0,2025-04-04,2026-08-09
116,帝京長岡,1094.83,1000.0,-5.27,新潟,北信越,21,15,6,0,0.7143,134.0,55.0,79.0,2025-04-26,2026-07-24
117,沖縄尚学,1094.72,1000.0,1.73,沖縄,九州,11,10,1,0,0.9091,58.0,14.0,44.0,2025-06-28,2026-08-10
118,鎌倉学園,1094.59,1000.0,4.44,神奈川,関東・東京,14,11,3,0,0.7857,100.0,34.0,66.0,2025-07-10,2026-07-24
119,津田学園,1094.25,1000.0,-4.97,三重,東海,30,22,8,0,0.7333,196.0,112.0,84.0,2025-04-12,2026-07-23
120,興南,1094.21,1000.0,1.73,沖縄,九州,18,14,4,0,0.7778,96.0,33.0,63.0,2025-03-22,2026-07-05
121,東陵,1094.15,1000.0,-1.84,山形,東北,19,15,4,0,0.7895,117.0,44.0,73.0,2025-05-16,2026-07-27
122,石見智翠館,1094.01,1000.0,5.45,広島,中国,17,13,4,0,0.7647,106.0,50.0,56.0,2025-04-20,2026-07-24
123,星城,1093.89,1000.0,2.72,愛知,東海,22,16,6,0,0.7273,141.0,62.0,79.0,2025-04-12,2026-07-27
124,社,1093.78,1000.0,0.49,兵庫,近畿,14,11,3,0,0.7857,68.0,16.0,52.0,2025-07-20,2026-08-11
125,佼成学園,1093.52,1000.0,2.37,東京,関東・東京,17,13,4,0,0.7647,105.0,43.0,62.0,2025-04-05,2026-07-20
126,旭川志峯,1093.35,1000.0,-9.79,北海道,北海道,16,12,4,0,0.75,97.0,44.0,53.0,2025-05-26,2026-07-09
127,京都外大西,1093.13,1000.0,2.25,京都,近畿,18,14,4,0,0.7778,124.0,68.0,56.0,2025-04-20,2026-07-18
128,八幡商業,1093.12,1000.0,-0.81,滋賀,近畿,13,11,2,0,0.8462,85.0,33.0,52.0,2025-04-26,2026-07-25
129,小松大谷,1093.04,1000.0,6.19,石川,北信越,20,15,5,0,0.75,124.0,55.0,69.0,2025-04-26,2026-07-24
130,長野日大,1093.0,1000.0,-4.39,長野,北信越,22,16,6,0,0.7273,218.0,57.0,161.0,2025-05-10,2026-07-19
131,東山,1092.67,1000.0,2.25,京都,近畿,19,14,5,0,0.7368,120.0,36.0,84.0,2025-04-19,2026-07-23
132,大阪立命館,1092.35,1000.0,8.38,大阪,近畿,16,12,4,0,0.75,93.0,41.0,52.0,2025-04-06,2026-07-22
133,綾羽,1092.14,1000.0,-0.81,滋賀,近畿,20,15,5,0,0.75,111.0,56.0,55.0,2025-04-20,2026-07-21
134,豊橋中央,1091.35,1000.0,2.72,愛知,東海,23,18,5,0,0.7826,190.0,52.0,138.0,2025-04-12,2026-07-04
135,明徳義塾,1091.07,1000.0,3.76,高知,四国,17,13,4,0,0.7647,78.0,29.0,49.0,2025-04-26,2026-08-10
136,明大中野,1090.89,1000.0,2.37,東京,関東・東京,17,13,4,0,0.7647,145.0,42.0,103.0,2025-04-04,2026-07-22
137,彦根総合,1090.66,1000.0,-0.81,滋賀,近畿,19,14,5,0,0.7368,95.0,36.0,59.0,2025-04-19,2026-07-25
138,前橋商,1090.25,1000.0,3.22,群馬,関東・東京,16,12,4,0,0.75,83.0,56.0,27.0,2025-04-19,2026-07-26
139,知内,1090.2,1000.0,-9.79,北海道,北海道,22,17,5,0,0.7727,112.0,52.0,60.0,2025-05-26,2026-07-13
140,高知中央,1089.78,1000.0,3.76,高知,四国,17,13,4,0,0.7647,119.0,37.0,82.0,2025-03-21,2026-07-25
141,文星芸大附,1088.32,1000.0,-2.36,栃木,関東・東京,17,13,4,0,0.7647,109.0,50.0,59.0,2025-04-19,2026-07-24
142,おかやま山陽,1088.19,1000.0,-7.46,鳥取,中国,19,14,5,0,0.7368,121.0,36.0,85.0,2025-04-27,2026-07-25
143,倉敷商業,1087.79,1000.0,-7.46,鳥取,中国,13,11,2,0,0.8462,96.0,27.0,69.0,2025-04-27,2026-07-27
144,帝京三,1087.6,1000.0,-0.05,山梨,関東・東京,19,14,5,0,0.7368,140.0,67.0,73.0,2025-04-13,2026-07-22
145,桐陽,1087.47,1000.0,-1.42,静岡,東海,21,16,5,0,0.7619,113.0,43.0,70.0,2025-04-19,2026-07-23
146,奈良大附,1087.03,1000.0,3.92,奈良,近畿,16,12,4,0,0.75,79.0,45.0,34.0,2025-04-19,2026-07-27
147,愛知,1086.77,1000.0,2.72,愛知,東海,21,15,6,0,0.7143,143.0,58.0,85.0,2025-04-12,2026-07-23
148,富山商,1086.56,1000.0,-10.7,富山,北信越,17,13,4,0,0.7647,111.0,35.0,76.0,2025-04-19,2026-07-23
149,東京都市大塩尻,1086.54,1000.0,-4.39,長野,北信越,19,14,5,0,0.7368,108.0,41.0,67.0,2025-05-10,2026-07-25
150,常葉大菊川,1086.5,1000.0,-1.42,静岡,東海,18,13,5,0,0.7222,118.0,53.0,65.0,2025-04-19,2026-07-27
151,大垣日大,1086.13,1000.0,-2.62,岐阜,東海,16,11,5,0,0.6875,77.0,32.0,45.0,2025-04-19,2026-07-28
152,鹿児島実業,1085.99,1000.0,1.49,鹿児島,九州,10,9,1,0,0.9,62.0,12.0,50.0,2025-03-25,2026-07-19
153,土浦日大,1085.86,1000.0,-1.03,茨城,関東・東京,14,11,3,0,0.7857,99.0,23.0,76.0,2025-04-19,2026-07-18
154,刈谷北,1085.78,1000.0,2.72,愛知,東海,21,15,6,0,0.7143,180.0,54.0,126.0,2025-04-12,2026-07-19
155,加藤学園,1085.22,1000.0,-1.42,静岡,東海,19,14,5,0,0.7368,108.0,35.0,73.0,2025-04-19,2026-07-25
156,九産大九州,1084.54,1000.0,2.09,福岡,九州,17,13,4,0,0.7647,102.0,60.0,42.0,2025-03-22,2026-07-18
157,明秀日立,1084.41,1000.0,-1.03,茨城,関東・東京,17,13,4,0,0.7647,142.0,46.0,96.0,2025-04-19,2026-07-23
158,国士舘,1084.11,1000.0,2.37,東京,関東・東京,16,12,4,0,0.75,98.0,52.0,46.0,2025-04-04,2026-07-13
159,尽誠学園,1084.1,1000.0,-4.3,徳島,四国,19,14,5,0,0.7368,93.0,43.0,50.0,2025-03-20,2026-07-23
160,大分舞鶴,1083.83,1000.0,2.65,大分,九州,16,12,4,0,0.75,98.0,46.0,52.0,2025-03-22,2026-07-23
161,会津北嶺,1083.77,1000.0,-1.38,福島,東北,20,15,5,0,0.75,169.0,76.0,93.0,2025-05-16,2026-07-20
162,境,1083.71,1000.0,-1.03,茨城,関東・東京,13,11,2,0,0.8462,67.0,34.0,33.0,2025-04-27,2026-07-18
163,浜松商,1083.71,1000.0,-1.42,静岡,東海,20,16,4,0,0.8,108.0,65.0,43.0,2025-04-19,2026-07-21
164,作新学院,1083.57,1000.0,-2.36,栃木,関東・東京,18,13,5,0,0.7222,131.0,55.0,76.0,2025-04-20,2026-07-24
165,大商大高,1083.44,1000.0,8.38,大阪,近畿,15,11,4,0,0.7333,71.0,32.0,39.0,2025-04-20,2026-07-24
166,遊学館,1083.33,1000.0,6.19,石川,北信越,16,12,4,0,0.75,96.0,50.0,46.0,2025-04-19,2026-08-08
167,桐生一,1083.31,1000.0,3.22,群馬,関東・東京,20,14,6,0,0.7,138.0,56.0,82.0,2025-04-13,2026-07-24
168,昴学園,1083.14,1000.0,-4.97,三重,東海,19,15,4,0,0.7895,100.0,40.0,60.0,2025-04-12,2026-07-18
169,久慈,1082.82,1000.0,3.8,宮城,東北,21,15,6,0,0.7143,161.0,65.0,96.0,2025-05-16,2026-07-20
170,駒大苫小牧,1082.65,1000.0,-9.79,北海道,北海道,18,13,5,0,0.7222,95.0,44.0,51.0,2025-05-26,2026-07-21
171,畝傍,1082.6,1000.0,3.92,奈良,近畿,16,12,4,0,0.75,102.0,60.0,42.0,2025-04-13,2026-07-25
172,南陽工,1082.17,1000.0,-1.06,山口,中国,15,12,3,0,0.8,74.0,32.0,42.0,2025-04-19,2026-07-26
173,堺東,1082.14,1000.0,8.38,大阪,近畿,16,12,4,0,0.75,107.0,70.0,37.0,2025-04-20,2026-07-22
174,福井工大福井,1082.13,1000.0,1.72,福井,北信越,15,11,4,0,0.7333,103.0,35.0,68.0,2025-04-26,2026-07-25
175,盛岡誠桜,1082.06,1000.0,3.8,宮城,東北,22,15,7,0,0.6818,140.0,74.0,66.0,2025-05-16,2026-07-20
176,近江,1082.0,1000.0,-0.81,滋賀,近畿,21,15,6,0,0.7143,123.0,59.0,64.0,2025-04-26,2026-07-23
177,高知,1081.4,1000.0,3.76,高知,四国,16,12,4,0,0.75,105.0,32.0,73.0,2025-03-21,2026-07-23
178,盈進,1080.9,1000.0,-6.32,島根,中国,18,14,4,0,0.7778,162.0,53.0,109.0,2025-04-19,2026-07-19
179,中越,1080.71,1000.0,-5.27,新潟,北信越,21,16,5,0,0.7619,131.0,69.0,62.0,2025-05-02,2026-07-10
180,利府,1080.49,1000.0,-1.84,山形,東北,17,13,4,0,0.7647,118.0,55.0,63.0,2025-05-16,2026-07-19
181,志学館,1080.17,1000.0,0.63,千葉,関東・東京,15,11,4,0,0.7333,104.0,36.0,68.0,2025-04-19,2026-07-24
182,帝京,1079.69,1000.0,2.37,東京,関東・東京,19,13,6,0,0.6842,132.0,77.0,55.0,2025-04-06,2026-07-25
183,知徳,1079.6,1000.0,-1.42,静岡,東海,18,13,5,0,0.7222,86.0,40.0,46.0,2025-04-19,2026-07-18
184,國學院栃木,1079.58,1000.0,-2.36,栃木,関東・東京,15,11,4,0,0.7333,95.0,47.0,48.0,2025-04-19,2026-07-26
185,生野,1078.81,1000.0,8.38,大阪,近畿,14,10,4,0,0.7143,122.0,32.0,90.0,2025-04-20,2026-07-24
186,東海大静岡翔洋,1078.8,1000.0,-1.42,静岡,東海,20,15,5,0,0.75,98.0,33.0,65.0,2025-04-19,2026-07-21
187,興國,1078.71,1000.0,8.38,大阪,近畿,15,11,4,0,0.7333,93.0,31.0,62.0,2025-04-12,2026-07-19
188,中京,1078.55,1000.0,-2.62,岐阜,東海,20,14,6,0,0.7,111.0,40.0,71.0,2025-04-19,2026-08-09
189,日大藤沢,1078.37,1000.0,4.44,神奈川,関東・東京,15,11,4,0,0.7333,85.0,43.0,42.0,2025-04-06,2026-07-22
190,桐蔭学園,1078.09,1000.0,4.44,神奈川,関東・東京,14,10,4,0,0.7143,73.0,24.0,49.0,2025-04-05,2026-07-22
191,広島商,1078.02,1000.0,-6.32,島根,中国,17,12,5,0,0.7059,108.0,49.0,59.0,2025-04-19,2026-07-28
192,三浦学苑,1077.95,1000.0,4.44,神奈川,関東・東京,15,11,4,0,0.7333,98.0,52.0,46.0,2025-04-05,2026-07-18
193,平塚学園,1077.91,1000.0,4.44,神奈川,関東・東京,15,11,4,0,0.7333,94.0,38.0,56.0,2025-04-06,2026-07-18
194,金沢,1077.89,1000.0,6.19,石川,北信越,22,14,8,0,0.6364,126.0,65.0,61.0,2025-04-05,2026-07-26
195,豊中,1077.75,1000.0,8.38,大阪,近畿,15,11,4,0,0.7333,95.0,67.0,28.0,2025-04-05,2026-07-22
196,叡明,1077.22,1000.0,-0.08,埼玉,関東・東京,19,14,5,0,0.7368,125.0,46.0,79.0,2025-04-24,2026-07-10
197,川和,1076.96,1000.0,4.44,神奈川,関東・東京,16,12,4,0,0.75,97.0,51.0,46.0,2025-04-06,2026-07-18
198,大体大浪商,1076.79,1000.0,8.38,大阪,近畿,17,12,5,0,0.7059,87.0,39.0,48.0,2025-04-06,2026-07-22
199,小野,1076.6,1000.0,0.49,兵庫,近畿,17,13,4,0,0.7647,83.0,43.0,40.0,2025-04-19,2026-07-20
200,川越東,1076.57,1000.0,-0.08,埼玉,関東・東京,17,13,4,0,0.7647,143.0,62.0,81.0,2025-04-24,2026-07-18
201,九州学院,1076.44,1000.0,-4.28,熊本,九州,13,10,3,0,0.7692,95.0,18.0,77.0,2025-03-20,2026-07-20
202,山形城北,1075.99,1000.0,-6.25,秋田,東北,17,12,5,0,0.7059,124.0,56.0,68.0,2025-05-11,2026-07-27
203,帝京大可児,1075.9,1000.0,-2.62,岐阜,東海,22,17,5,0,0.7727,97.0,66.0,31.0,2025-04-12,2026-07-11
204,駒大高,1075.9,1000.0,2.37,東京,関東・東京,13,10,3,0,0.7692,89.0,47.0,42.0,2025-04-04,2026-07-20
205,成田,1075.89,1000.0,0.63,千葉,関東・東京,15,11,4,0,0.7333,123.0,44.0,79.0,2025-04-19,2026-07-22
206,杜若,1075.88,1000.0,2.72,愛知,東海,20,15,5,0,0.75,128.0,55.0,73.0,2025-04-12,2026-07-04
207,八王子,1075.61,1000.0,2.37,東京,関東・東京,15,11,4,0,0.7333,99.0,42.0,57.0,2025-04-05,2026-07-10
208,滝川第二,1075.55,1000.0,0.49,兵庫,近畿,17,13,4,0,0.7647,91.0,38.0,53.0,2025-04-19,2026-07-20
209,八千代松陰,1075.51,1000.0,0.63,千葉,関東・東京,18,13,5,0,0.7222,110.0,52.0,58.0,2025-04-19,2026-07-12
210,大社,1075.45,1000.0,5.45,広島,中国,15,11,4,0,0.7333,91.0,23.0,68.0,2025-04-18,2026-07-18
211,大崎,1075.07,1000.0,-0.81,長崎,九州,21,14,7,0,0.6667,120.0,72.0,48.0,2025-03-28,2026-07-25
212,高知商業,1074.94,1000.0,3.76,高知,四国,9,8,1,0,0.8889,62.0,18.0,44.0,2025-03-20,2026-03-30
213,大分商,1074.45,1000.0,2.65,大分,九州,13,9,4,0,0.6923,71.0,46.0,25.0,2025-03-22,2026-08-13
214,日本航空石川,1074.19,1000.0,6.19,石川,北信越,16,11,5,0,0.6875,122.0,40.0,82.0,2025-04-26,2026-07-22
215,西武台,1073.45,1000.0,-0.08,埼玉,関東・東京,15,11,4,0,0.7333,104.0,52.0,52.0,2025-04-26,2026-07-20
216,宮崎商,1073.29,1000.0,-7.87,宮崎,九州,18,14,4,0,0.7778,132.0,37.0,95.0,2025-03-22,2026-07-10
217,東海大諏訪,1073.24,1000.0,-4.39,長野,北信越,19,15,4,0,0.7895,151.0,57.0,94.0,2025-05-10,2026-07-19
218,耐久,1073.03,1000.0,0.99,和歌山,近畿,15,11,4,0,0.7333,70.0,35.0,35.0,2025-04-12,2026-07-27
219,利根商,1072.83,1000.0,3.22,群馬,関東・東京,15,11,4,0,0.7333,88.0,56.0,32.0,2025-04-19,2026-07-21
220,東洋大姫路(兵庫),1072.79,1000.0,0.0,,近畿,8,6,2,0,0.75,30.0,16.0,14.0,2025-05-25,2026-03-21
221,乙訓,1072.76,1000.0,2.25,京都,近畿,14,10,4,0,0.7143,97.0,27.0,70.0,2025-04-19,2026-07-20
222,誠信,1072.32,1000.0,2.72,愛知,東海,20,16,4,0,0.8,129.0,65.0,64.0,2025-04-12,2026-07-19
223,北越,1072.05,1000.0,-5.27,新潟,北信越,18,13,5,0,0.7222,100.0,43.0,57.0,2025-04-26,2026-07-20
224,早稲田実,1071.8,1000.0,2.37,東京,関東・東京,14,10,4,0,0.7143,98.0,30.0,68.0,2025-04-08,2026-07-18
225,二松学舎大附,1071.78,1000.0,2.37,東京,関東・東京,11,8,3,0,0.7273,81.0,36.0,45.0,2025-07-17,2026-07-27
226,中央学院,1071.55,1000.0,0.63,千葉,関東・東京,15,11,4,0,0.7333,100.0,46.0,54.0,2025-04-19,2026-07-18
227,鳴門,1071.54,1000.0,-0.82,香川,四国,17,12,5,0,0.7059,95.0,38.0,57.0,2025-03-26,2026-07-22
228,光南,1071.14,1000.0,-1.38,福島,東北,20,14,6,0,0.7,126.0,41.0,85.0,2025-05-16,2026-07-14
229,三好,1070.87,1000.0,2.72,愛知,東海,21,16,5,0,0.7619,99.0,65.0,34.0,2025-04-12,2026-07-21
230,向上,1070.82,1000.0,4.44,神奈川,関東・東京,14,10,4,0,0.7143,92.0,47.0,45.0,2025-04-06,2026-07-18
231,早大本庄,1070.81,1000.0,-0.08,埼玉,関東・東京,16,12,4,0,0.75,102.0,60.0,42.0,2025-04-24,2026-07-20
232,立教新座,1070.75,1000.0,-0.08,埼玉,関東・東京,16,12,4,0,0.75,100.0,74.0,26.0,2025-04-24,2026-07-24
233,済美,1070.74,1000.0,-7.48,愛媛,四国,17,13,4,0,0.7647,97.0,39.0,58.0,2025-03-20,2026-07-22
234,市福山,1070.63,1000.0,-6.32,島根,中国,20,15,5,0,0.75,142.0,71.0,71.0,2025-04-19,2026-08-10
235,岐阜第一,1070.52,1000.0,-2.62,岐阜,東海,15,11,4,0,0.7333,108.0,43.0,65.0,2025-04-19,2026-07-20
236,東農大二,1070.38,1000.0,3.22,群馬,関東・東京,14,10,4,0,0.7143,95.0,59.0,36.0,2025-04-19,2026-07-21
237,高岡商,1070.32,1000.0,-10.7,富山,北信越,17,13,4,0,0.7647,94.0,59.0,35.0,2025-04-20,2026-08-10
238,学館浦安,1069.59,1000.0,0.63,千葉,関東・東京,7,7,0,0,1.0,58.0,6.0,52.0,2025-04-19,2026-07-11
239,実践学園,1069.46,1000.0,2.37,東京,関東・東京,15,11,4,0,0.7333,89.0,49.0,40.0,2025-04-04,2026-07-17
240,東筑紫学園,1069.34,1000.0,2.09,福岡,九州,15,11,4,0,0.7333,105.0,49.0,56.0,2025-03-23,2026-07-16
241,相洋,1069.18,1000.0,4.44,神奈川,関東・東京,14,10,4,0,0.7143,82.0,24.0,58.0,2025-04-06,2026-07-09
242,淑徳,1068.7,1000.0,2.37,東京,関東・東京,14,10,4,0,0.7143,107.0,48.0,59.0,2025-04-08,2026-07-19
243,士別翔雲,1068.53,1000.0,-9.79,北海道,北海道,19,14,5,0,0.7368,95.0,70.0,25.0,2025-05-26,2026-07-12
244,日本航空,1068.31,1000.0,-0.05,山梨,関東・東京,14,10,4,0,0.7143,75.0,22.0,53.0,2025-04-12,2026-07-18
245,大商大堺,1068.18,1000.0,8.38,大阪,近畿,14,10,4,0,0.7143,85.0,42.0,43.0,2025-04-20,2026-07-18
246,太成学院大高,1067.94,1000.0,8.38,大阪,近畿,13,9,4,0,0.6923,127.0,39.0,88.0,2025-04-12,2026-07-18
247,磐田東,1067.62,1000.0,-1.42,静岡,東海,17,12,5,0,0.7059,107.0,54.0,53.0,2025-04-19,2026-07-25
248,市立呉,1067.5,1000.0,-6.32,島根,中国,16,12,4,0,0.75,103.0,41.0,62.0,2025-04-19,2026-07-26
249,長野商,1067.48,1000.0,-4.39,長野,北信越,21,16,5,0,0.7619,121.0,75.0,46.0,2025-05-10,2026-07-15
250,延岡学園,1067.04,1000.0,-7.87,宮崎,九州,13,10,3,0,0.7692,90.0,22.0,68.0,2025-03-23,2026-07-14
251,樟南,1066.78,1000.0,1.49,鹿児島,九州,16,11,5,0,0.6875,97.0,42.0,55.0,2025-03-26,2026-07-18
252,関大一,1066.59,1000.0,8.38,大阪,近畿,14,10,4,0,0.7143,83.0,50.0,33.0,2025-04-06,2026-07-15
253,日大鶴ヶ丘,1066.52,1000.0,2.37,東京,関東・東京,13,9,4,0,0.6923,120.0,39.0,81.0,2025-04-04,2026-07-18
254,札幌大谷,1066.15,1000.0,-9.79,北海道,北海道,18,13,5,0,0.7222,128.0,49.0,79.0,2025-05-26,2026-06-25
255,関根学園,1066.02,1000.0,-5.27,新潟,北信越,18,13,5,0,0.7222,87.0,47.0,40.0,2025-04-26,2026-07-18
256,鳴門渦潮,1065.73,1000.0,-0.82,香川,四国,15,11,4,0,0.7333,47.0,39.0,8.0,2025-03-26,2026-08-14
257,水城,1065.71,1000.0,-1.03,茨城,関東・東京,18,13,5,0,0.7222,109.0,66.0,43.0,2025-04-19,2026-07-18
258,江戸川,1065.62,1000.0,2.37,東京,関東・東京,16,12,4,0,0.75,94.0,55.0,39.0,2025-04-04,2026-07-18
259,藤沢翔陵,1065.44,1000.0,4.44,神奈川,関東・東京,13,9,4,0,0.6923,73.0,31.0,42.0,2025-04-06,2026-07-16
260,近大福山,1065.2,1000.0,-6.32,島根,中国,20,14,6,0,0.7,109.0,56.0,53.0,2025-04-19,2026-07-16
261,東海大福岡,1064.71,1000.0,2.09,福岡,九州,14,10,4,0,0.7143,77.0,28.0,49.0,2025-03-21,2026-07-15
262,名古屋,1064.22,1000.0,2.72,愛知,東海,19,13,6,0,0.6842,123.0,96.0,27.0,2025-04-12,2026-07-21
263,東福岡,1064.22,1000.0,2.09,福岡,九州,14,10,4,0,0.7143,94.0,49.0,45.0,2025-03-20,2026-07-18
264,創志学園,1064.19,1000.0,-7.46,鳥取,中国,13,10,3,0,0.7692,75.0,42.0,33.0,2025-04-27,2026-07-20
265,北海道栄,1064.09,1000.0,-9.79,北海道,北海道,17,12,5,0,0.7059,114.0,42.0,72.0,2025-05-26,2026-07-19
266,浪速,1064.02,1000.0,8.38,大阪,近畿,13,9,4,0,0.6923,72.0,28.0,44.0,2025-04-19,2026-07-20
267,日体大柏,1063.93,1000.0,0.63,千葉,関東・東京,14,10,4,0,0.7143,101.0,49.0,52.0,2025-04-20,2026-07-20
268,立命館,1063.71,1000.0,2.25,京都,近畿,15,11,4,0,0.7333,91.0,48.0,43.0,2025-04-19,2026-07-09
269,修徳,1063.61,1000.0,2.37,東京,関東・東京,14,10,4,0,0.7143,96.0,45.0,51.0,2025-04-05,2026-07-14
270,東北学院榴ケ岡,1063.56,1000.0,-1.84,山形,東北,17,12,5,0,0.7059,63.0,49.0,14.0,2025-05-16,2026-07-27
271,青藍泰斗,1063.41,1000.0,-2.36,栃木,関東・東京,15,11,4,0,0.7333,111.0,48.0,63.0,2025-04-20,2026-07-15
272,西尾東,1063.14,1000.0,2.72,愛知,東海,18,12,6,0,0.6667,84.0,35.0,49.0,2025-04-12,2026-07-21
273,甲府工,1062.87,1000.0,-0.05,山梨,関東・東京,16,11,5,0,0.6875,111.0,61.0,50.0,2025-04-19,2026-07-20
274,藤枝明誠,1062.66,1000.0,-1.42,静岡,東海,15,11,4,0,0.7333,69.0,31.0,38.0,2025-04-19,2026-07-23
275,酒田南,1062.59,1000.0,-6.25,秋田,東北,14,11,3,0,0.7857,101.0,57.0,44.0,2025-05-11,2026-07-20
276,秋田商業,1062.56,1000.0,0.62,岩手,東北,12,9,3,0,0.75,72.0,30.0,42.0,2025-05-12,2026-07-09
277,市立松戸,1062.38,1000.0,0.63,千葉,関東・東京,14,10,4,0,0.7143,95.0,40.0,55.0,2025-04-19,2026-07-20
278,福大若葉,1062.24,1000.0,2.09,福岡,九州,12,9,3,0,0.75,59.0,32.0,27.0,2025-03-20,2026-07-15
279,藤嶺藤沢,1061.98,1000.0,4.44,神奈川,関東・東京,13,9,4,0,0.6923,97.0,40.0,57.0,2025-04-06,2026-07-16
280,目黒日大,1061.94,1000.0,2.37,東京,関東・東京,14,10,4,0,0.7143,77.0,47.0,30.0,2025-04-04,2026-07-25
281,古川学園,1061.75,1000.0,-1.84,山形,東北,15,11,4,0,0.7333,93.0,49.0,44.0,2025-05-16,2026-07-22
282,東海大浦安,1061.52,1000.0,0.63,千葉,関東・東京,15,11,4,0,0.7333,99.0,49.0,50.0,2025-04-19,2026-07-14
283,岩国,1061.44,1000.0,-1.06,山口,中国,14,10,4,0,0.7143,94.0,59.0,35.0,2025-04-13,2026-07-23
284,京都翔英,1061.32,1000.0,2.25,京都,近畿,12,8,4,0,0.6667,55.0,24.0,31.0,2025-04-19,2026-07-25
285,佐伯鶴城,1061.08,1000.0,2.65,大分,九州,15,11,4,0,0.7333,83.0,55.0,28.0,2025-03-22,2026-07-20
286,須磨学園,1061.01,1000.0,0.49,兵庫,近畿,15,11,4,0,0.7333,81.0,41.0,40.0,2025-04-19,2026-07-24
287,郁文館,1060.91,1000.0,2.37,東京,関東・東京,14,10,4,0,0.7143,121.0,57.0,64.0,2025-04-04,2026-07-23
288,下山学園,1060.88,1000.0,4.16,青森,東北,12,9,3,0,0.75,65.0,41.0,24.0,2025-05-09,2026-07-18
289,東播磨,1060.85,1000.0,0.49,兵庫,近畿,15,11,4,0,0.7333,66.0,22.0,44.0,2025-04-19,2026-07-22
290,香里丘,1060.8,1000.0,8.38,大阪,近畿,13,9,4,0,0.6923,70.0,32.0,38.0,2025-04-26,2026-07-16
291,四街道,1060.63,1000.0,0.63,千葉,関東・東京,14,10,4,0,0.7143,94.0,41.0,53.0,2025-04-19,2026-07-12
292,津久見,1060.6,1000.0,2.65,大分,九州,14,10,4,0,0.7143,61.0,42.0,19.0,2025-03-22,2026-07-25
293,名護,1060.0,1000.0,1.73,沖縄,九州,14,10,4,0,0.7143,64.0,56.0,8.0,2025-03-20,2026-07-18
294,福大大濠,1059.87,1000.0,2.09,福岡,九州,9,7,2,0,0.7778,56.0,24.0,32.0,2025-03-23,2026-07-21
295,千葉経大附,1059.77,1000.0,0.63,千葉,関東・東京,9,7,2,0,0.7778,72.0,19.0,53.0,2025-04-19,2026-07-18
296,秋田西,1059.71,1000.0,0.62,岩手,東北,15,11,4,0,0.7333,112.0,65.0,47.0,2025-05-13,2026-07-17
297,高松商業,1059.69,1000.0,-4.3,徳島,四国,9,7,2,0,0.7778,69.0,16.0,53.0,2025-07-12,2026-07-25
298,旭川龍谷,1059.68,1000.0,-9.79,北海道,北海道,16,11,5,0,0.6875,91.0,39.0,52.0,2025-05-26,2026-07-18
299,西脇工,1059.66,1000.0,0.49,兵庫,近畿,14,11,3,0,0.7857,51.0,31.0,20.0,2025-04-19,2026-07-22
300,八女工業,1059.59,1000.0,2.09,福岡,九州,10,8,2,0,0.8,49.0,26.0,23.0,2025-03-20,2026-07-20
301,多治見工,1059.45,1000.0,-2.62,岐阜,東海,18,13,5,0,0.7222,90.0,57.0,33.0,2025-04-12,2026-07-23
302,屋代,1059.34,1000.0,-4.39,長野,北信越,14,10,4,0,0.7143,122.0,44.0,78.0,2025-05-10,2026-07-15
303,大成,1059.33,1000.0,2.72,愛知,東海,29,19,10,0,0.6552,198.0,110.0,88.0,2025-04-04,2026-07-19
304,東洋大牛久,1058.84,1000.0,-1.03,茨城,関東・東京,14,10,4,0,0.7143,88.0,49.0,39.0,2025-04-22,2026-07-18
305,八工大一,1058.8,1000.0,4.16,青森,東北,13,9,4,0,0.6923,68.0,40.0,28.0,2025-05-11,2026-07-20
306,上尾,1058.78,1000.0,-0.08,埼玉,関東・東京,14,10,4,0,0.7143,108.0,63.0,45.0,2025-04-24,2026-07-18
307,熊本工,1058.77,1000.0,-4.28,熊本,九州,15,10,5,0,0.6667,87.0,30.0,57.0,2025-03-24,2026-07-22
308,常磐大高,1058.68,1000.0,-1.03,茨城,関東・東京,13,9,4,0,0.6923,73.0,28.0,45.0,2025-04-19,2026-07-20
309,豊田大谷,1058.49,1000.0,2.72,愛知,東海,21,14,7,0,0.6667,116.0,76.0,40.0,2025-04-12,2026-07-19
310,関商工,1058.28,1000.0,-2.62,岐阜,東海,15,10,5,0,0.6667,92.0,44.0,48.0,2025-04-12,2026-07-26
311,宜野座,1058.09,1000.0,1.73,沖縄,九州,13,10,3,0,0.7692,49.0,27.0,22.0,2025-03-21,2026-06-28
312,明大八王子,1057.85,1000.0,2.37,東京,関東・東京,12,8,4,0,0.6667,72.0,43.0,29.0,2025-04-06,2026-07-24
313,島根中央,1057.23,1000.0,5.45,広島,中国,14,9,5,0,0.6429,82.0,46.0,36.0,2025-04-18,2026-07-26
314,函大柏稜,1057.04,1000.0,-9.79,北海道,北海道,12,9,3,0,0.75,82.0,14.0,68.0,2025-05-26,2026-05-17
315,専大北上,1056.81,1000.0,3.8,宮城,東北,18,12,6,0,0.6667,93.0,53.0,40.0,2025-05-16,2026-07-16
316,青森北,1056.56,1000.0,4.16,青森,東北,13,9,4,0,0.6923,72.0,48.0,24.0,2025-05-11,2026-07-17
317,掛川西,1056.54,1000.0,-1.42,静岡,東海,17,12,5,0,0.7059,86.0,48.0,38.0,2025-04-19,2026-07-21
318,仙台商業,1056.33,1000.0,-1.84,山形,東北,17,12,5,0,0.7059,104.0,47.0,57.0,2025-05-16,2026-07-22
319,加古川西,1056.16,1000.0,0.49,兵庫,近畿,14,10,4,0,0.7143,90.0,59.0,31.0,2025-04-19,2026-07-22
320,樹徳,1056.07,1000.0,3.22,群馬,関東・東京,12,8,4,0,0.6667,81.0,26.0,55.0,2025-04-15,2026-07-22
321,三田学園,1055.61,1000.0,0.49,兵庫,近畿,14,10,4,0,0.7143,101.0,46.0,55.0,2025-04-20,2026-07-15
322,金沢学院大附,1055.49,1000.0,6.19,石川,北信越,12,8,4,0,0.6667,88.0,28.0,60.0,2025-04-27,2026-07-22
323,鹿角,1055.34,1000.0,0.62,岩手,東北,14,10,4,0,0.7143,75.0,49.0,26.0,2025-05-13,2026-07-09
324,日大,1055.13,1000.0,4.44,神奈川,関東・東京,13,9,4,0,0.6923,92.0,57.0,35.0,2025-04-06,2026-07-13
325,東京学館浦安,1055.07,1000.0,0.63,千葉,関東・東京,12,8,4,0,0.6667,59.0,33.0,26.0,2025-04-26,2026-07-22
326,安田学園,1054.99,1000.0,2.37,東京,関東・東京,13,9,4,0,0.6923,85.0,50.0,35.0,2025-04-04,2026-07-18
327,六日町,1054.84,1000.0,-5.27,新潟,北信越,14,10,4,0,0.7143,91.0,42.0,49.0,2025-04-27,2026-07-18
328,京都共栄,1054.81,1000.0,2.25,京都,近畿,14,10,4,0,0.7143,84.0,39.0,45.0,2025-04-19,2026-07-10
329,能代松陽,1054.8,1000.0,0.62,岩手,東北,12,9,3,0,0.75,69.0,35.0,34.0,2025-05-13,2026-07-16
330,日大東北,1054.66,1000.0,-1.38,福島,東北,18,13,5,0,0.7222,103.0,44.0,59.0,2025-05-16,2026-07-18
331,神戸学院大附,1054.51,1000.0,0.49,兵庫,近畿,14,10,4,0,0.7143,67.0,26.0,41.0,2025-04-20,2026-07-20
332,横手,1054.2,1000.0,0.62,岩手,東北,14,10,4,0,0.7143,83.0,49.0,34.0,2025-05-13,2026-08-11
333,日章学園,1054.13,1000.0,-7.87,宮崎,九州,14,10,4,0,0.7143,86.0,45.0,41.0,2025-03-22,2026-07-13
334,立正大淞南,1054.08,1000.0,5.45,広島,中国,18,12,6,0,0.6667,89.0,60.0,29.0,2025-04-20,2026-08-07
335,田村,1053.96,1000.0,-1.38,福島,東北,19,13,6,0,0.6842,98.0,47.0,51.0,2025-05-16,2026-07-15
336,徳島商業,1053.87,1000.0,-0.82,香川,四国,7,6,1,0,0.8571,45.0,11.0,34.0,2025-03-23,2026-07-20
337,桜美林,1053.74,1000.0,2.37,東京,関東・東京,13,9,4,0,0.6923,80.0,62.0,18.0,2025-04-05,2026-07-16
338,誉,1053.67,1000.0,2.72,愛知,東海,12,8,4,0,0.6667,62.0,15.0,47.0,2025-04-12,2026-07-19
339,尾道,1053.51,1000.0,-6.32,島根,中国,18,13,5,0,0.7222,82.0,43.0,39.0,2025-04-19,2026-07-15
340,駿台甲府,1053.41,1000.0,-0.05,山梨,関東・東京,15,10,5,0,0.6667,86.0,54.0,32.0,2025-04-13,2026-07-17
341,日本ウェルネス茨城,1053.39,1000.0,1.73,沖縄,九州,19,12,7,0,0.6316,114.0,49.0,65.0,2025-03-24,2026-07-18
342,戸畑,1053.35,1000.0,2.09,福岡,九州,12,8,4,0,0.6667,83.0,35.0,48.0,2025-03-22,2026-07-15
343,京都成章,1053.23,1000.0,2.25,京都,近畿,12,8,4,0,0.6667,73.0,19.0,54.0,2025-04-20,2026-07-20
344,西尾,1053.13,1000.0,2.72,愛知,東海,17,12,5,0,0.7059,80.0,40.0,40.0,2025-04-12,2026-07-18
345,米子西,1053.1,1000.0,1.62,岡山,中国,10,7,3,0,0.7,129.0,29.0,100.0,2025-04-19,2026-07-19
346,九州文化,1052.82,1000.0,-0.81,長崎,九州,7,6,1,0,0.8571,29.0,11.0,18.0,2025-07-09,2026-04-05
347,加茂暁星,1052.82,1000.0,-5.27,新潟,北信越,13,9,4,0,0.6923,71.0,31.0,40.0,2025-04-26,2026-07-20
348,千葉黎明,1052.72,1000.0,0.63,千葉,関東・東京,13,9,4,0,0.6923,93.0,59.0,34.0,2025-04-20,2026-07-14
349,八女学院,1052.4,1000.0,2.09,福岡,九州,13,9,4,0,0.6923,62.0,41.0,21.0,2025-03-21,2026-07-16
350,鹿児島城西,1052.15,1000.0,1.49,鹿児島,九州,13,9,4,0,0.6923,73.0,34.0,39.0,2025-03-20,2026-07-23
351,波佐見,1052.14,1000.0,-0.81,長崎,九州,12,8,4,0,0.6667,81.0,43.0,38.0,2025-03-28,2026-07-23
352,千葉明徳,1052.02,1000.0,0.63,千葉,関東・東京,14,10,4,0,0.7143,69.0,34.0,35.0,2025-04-19,2026-07-18
353,世田谷学園,1052.01,1000.0,2.37,東京,関東・東京,12,8,4,0,0.6667,96.0,49.0,47.0,2025-04-06,2026-07-16
354,倉敷商(岡山1),1051.98,1000.0,0.0,,中国,6,5,1,0,0.8333,31.0,20.0,11.0,2025-05-31,2025-11-01
355,鳥取商業,1051.96,1000.0,1.62,岡山,中国,11,8,3,0,0.7273,47.0,25.0,22.0,2025-04-19,2026-07-18
356,鹿島学園,1051.9,1000.0,-1.03,茨城,関東・東京,13,9,4,0,0.6923,83.0,29.0,54.0,2025-04-19,2026-07-20
357,流経大柏,1051.88,1000.0,0.63,千葉,関東・東京,14,10,4,0,0.7143,65.0,37.0,28.0,2025-04-20,2026-07-20
358,広島新庄,1051.83,1000.0,-6.32,島根,中国,14,10,4,0,0.7143,109.0,23.0,86.0,2025-04-19,2026-07-15
359,北照,1051.82,1000.0,-9.79,北海道,北海道,20,13,7,0,0.65,131.0,59.0,72.0,2025-05-26,2026-07-13
360,帯広三条,1051.77,1000.0,-9.79,北海道,北海道,13,9,4,0,0.6923,126.0,49.0,77.0,2025-05-26,2026-07-18
361,明野,1051.69,1000.0,-4.97,三重,東海,20,13,7,0,0.65,124.0,97.0,27.0,2025-04-12,2026-07-25
362,工学院大附,1051.57,1000.0,2.37,東京,関東・東京,11,8,3,0,0.7273,87.0,34.0,53.0,2025-04-04,2026-07-19
363,鹿児島南,1051.56,1000.0,1.49,鹿児島,九州,13,9,4,0,0.6923,82.0,50.0,32.0,2025-03-20,2026-07-17
364,旭川明成,1051.41,1000.0,-9.79,北海道,北海道,15,10,5,0,0.6667,99.0,46.0,53.0,2025-05-26,2026-07-14
365,西条,1051.37,1000.0,-7.48,愛媛,四国,16,11,5,0,0.6875,88.0,42.0,46.0,2025-03-20,2026-07-22
366,京都両洋,1051.31,1000.0,2.25,京都,近畿,13,9,4,0,0.6923,46.0,33.0,13.0,2025-04-20,2026-07-25
367,松山北,1051.26,1000.0,-7.48,愛媛,四国,14,10,4,0,0.7143,96.0,65.0,31.0,2025-03-20,2026-07-24
368,八幡南,1051.1,1000.0,2.09,福岡,九州,15,10,5,0,0.6667,92.0,54.0,38.0,2025-03-22,2026-07-15
369,御殿場西,1051.05,1000.0,-1.42,静岡,東海,14,10,4,0,0.7143,87.0,39.0,48.0,2025-04-19,2026-07-18
370,沖縄工,1051.05,1000.0,1.73,沖縄,九州,13,9,4,0,0.6923,82.0,42.0,40.0,2025-03-22,2026-07-04
371,横浜創学館,1050.82,1000.0,4.44,神奈川,関東・東京,11,7,4,0,0.6364,54.0,30.0,24.0,2025-04-06,2026-07-10
372,水沢工業,1050.78,1000.0,3.8,宮城,東北,17,12,5,0,0.7059,91.0,58.0,33.0,2025-05-16,2026-07-20
373,堀越,1050.62,1000.0,2.37,東京,関東・東京,12,8,4,0,0.6667,71.0,23.0,48.0,2025-04-07,2026-07-16
374,松江南,1050.46,1000.0,5.45,広島,中国,14,10,4,0,0.7143,73.0,86.0,-13.0,2025-04-18,2026-07-22
375,滝川西,1050.27,1000.0,-9.79,北海道,北海道,16,11,5,0,0.6875,105.0,64.0,41.0,2025-05-26,2026-07-13
376,藤代,1049.74,1000.0,-1.03,茨城,関東・東京,16,11,5,0,0.6875,61.0,33.0,28.0,2025-04-19,2026-07-06
377,益田東,1049.66,1000.0,5.45,広島,中国,11,7,4,0,0.6364,64.0,27.0,37.0,2025-04-19,2026-07-21
378,西春,1049.39,1000.0,2.72,愛知,東海,15,10,5,0,0.6667,103.0,64.0,39.0,2025-04-12,2026-07-12
379,浦和,1049.32,1000.0,-0.08,埼玉,関東・東京,13,9,4,0,0.6923,87.0,52.0,35.0,2025-04-24,2026-07-20
380,小山台,1049.26,1000.0,2.37,東京,関東・東京,12,8,4,0,0.6667,71.0,46.0,25.0,2025-04-06,2026-07-19
381,久留米商業,1049.09,1000.0,2.09,福岡,九州,8,6,2,0,0.75,71.0,18.0,53.0,2025-03-20,2026-07-18
382,市立柏,1049.01,1000.0,0.63,千葉,関東・東京,13,9,4,0,0.6923,91.0,47.0,44.0,2025-04-19,2026-07-18
383,石橋,1048.98,1000.0,-2.36,栃木,関東・東京,12,8,4,0,0.6667,91.0,38.0,53.0,2025-04-12,2026-07-22
384,日本福祉大付,1048.94,1000.0,2.72,愛知,東海,18,13,5,0,0.7222,131.0,77.0,54.0,2025-04-12,2026-07-12
385,明豊(大分),1048.89,1000.0,0.0,,九州,6,4,2,0,0.6667,27.0,19.0,8.0,2025-04-20,2025-08-17
386,神村学園(鹿児島),1048.84,1000.0,0.0,,九州,7,5,2,0,0.7143,25.0,11.0,14.0,2025-04-20,2026-03-25
387,千葉商大付,1048.7,1000.0,0.63,千葉,関東・東京,13,9,4,0,0.6923,66.0,29.0,37.0,2025-04-19,2026-07-20
388,ＫＢＣ,1048.68,1000.0,1.73,沖縄,九州,14,9,5,0,0.6429,76.0,29.0,47.0,2025-03-22,2026-06-27
389,福知山成美,1048.58,1000.0,2.25,京都,近畿,12,8,4,0,0.6667,89.0,34.0,55.0,2025-04-19,2026-07-22
390,國學院久我山,1048.54,1000.0,2.37,東京,関東・東京,9,6,3,0,0.6667,70.0,26.0,44.0,2025-07-16,2026-07-19
391,鹿児島商業,1048.5,1000.0,1.49,鹿児島,九州,10,7,3,0,0.7,47.0,14.0,33.0,2025-03-20,2026-07-18
392,明石商業,1048.45,1000.0,0.49,兵庫,近畿,6,5,1,0,0.8333,32.0,9.0,23.0,2025-04-20,2026-05-04
393,早大学院,1048.4,1000.0,2.37,東京,関東・東京,13,9,4,0,0.6923,86.0,51.0,35.0,2025-04-06,2026-07-14
394,福岡舞鶴,1048.17,1000.0,2.09,福岡,九州,13,9,4,0,0.6923,105.0,64.0,41.0,2025-03-22,2026-07-15
395,小松,1048.11,1000.0,-7.48,愛媛,四国,20,12,8,0,0.6,123.0,87.0,36.0,2025-03-21,2026-07-24
396,富山北部,1048.0,1000.0,-10.7,富山,北信越,14,10,4,0,0.7143,82.0,44.0,38.0,2025-04-20,2026-07-18
397,川内,1047.96,1000.0,1.49,鹿児島,九州,14,10,4,0,0.7143,52.0,58.0,-6.0,2025-03-24,2026-07-20
398,北陵,1047.66,1000.0,-9.64,佐賀,九州,14,10,4,0,0.7143,63.0,38.0,25.0,2025-03-21,2026-07-26
399,愛知黎明,1047.61,1000.0,2.72,愛知,東海,18,11,7,0,0.6111,117.0,62.0,55.0,2025-04-12,2026-07-19
400,横浜隼人,1047.56,1000.0,4.44,神奈川,関東・東京,12,8,4,0,0.6667,65.0,36.0,29.0,2025-04-06,2026-07-13
401,清教学園,1047.16,1000.0,8.38,大阪,近畿,10,6,4,0,0.6,56.0,30.0,26.0,2025-04-06,2026-07-22
402,錦城学園,1047.12,1000.0,2.37,東京,関東・東京,13,9,4,0,0.6923,99.0,79.0,20.0,2025-04-04,2026-07-22
403,水戸商,1047.03,1000.0,-1.03,茨城,関東・東京,13,9,4,0,0.6923,76.0,34.0,42.0,2025-04-19,2026-07-23
404,関西学院,1047.01,1000.0,0.49,兵庫,近畿,15,11,4,0,0.7333,59.0,44.0,15.0,2025-04-19,2026-07-18
405,精華,1046.92,1000.0,8.38,大阪,近畿,11,7,4,0,0.6364,74.0,36.0,38.0,2025-04-12,2026-07-22
406,大冠,1046.75,1000.0,8.38,大阪,近畿,11,7,4,0,0.6364,84.0,27.0,57.0,2025-04-05,2026-07-19
407,石巻,1046.75,1000.0,-1.84,山形,東北,16,11,5,0,0.6875,98.0,50.0,48.0,2025-05-16,2026-07-22
408,久留米商,1046.54,1000.0,2.09,福岡,九州,10,7,3,0,0.7,75.0,47.0,28.0,2025-03-25,2026-04-02
409,一関学院,1046.45,1000.0,3.8,宮城,東北,16,10,6,0,0.625,98.0,57.0,41.0,2025-05-16,2026-07-23
410,北陸学院,1046.31,1000.0,6.19,石川,北信越,12,8,4,0,0.6667,72.0,37.0,35.0,2025-04-20,2026-07-11
411,刈谷工科,1046.25,1000.0,2.72,愛知,東海,17,11,6,0,0.6471,123.0,62.0,61.0,2025-04-12,2026-07-21
412,聖望学園,1046.14,1000.0,-0.08,埼玉,関東・東京,13,9,4,0,0.6923,88.0,53.0,35.0,2025-04-24,2026-07-10
413,福岡大大濠,1046.07,1000.0,2.09,福岡,九州,8,6,2,0,0.75,43.0,22.0,21.0,2025-03-25,2026-03-27
414,熊谷商業,1046.02,1000.0,-0.08,埼玉,関東・東京,11,8,3,0,0.7273,73.0,29.0,44.0,2025-04-24,2026-07-20
415,生光学園,1045.98,1000.0,-0.82,香川,四国,13,9,4,0,0.6923,53.0,39.0,14.0,2025-03-22,2026-07-25
416,宇和島東,1045.94,1000.0,-7.48,愛媛,四国,13,9,4,0,0.6923,50.0,24.0,26.0,2025-03-22,2026-07-19
417,鳥取城北,1045.76,1000.0,1.62,岡山,中国,19,13,6,0,0.6842,103.0,59.0,44.0,2025-04-20,2026-08-09
418,栄徳,1045.73,1000.0,2.72,愛知,東海,19,13,6,0,0.6842,124.0,63.0,61.0,2025-04-12,2026-07-11
419,愛知啓成,1045.71,1000.0,2.72,愛知,東海,17,11,6,0,0.6471,85.0,47.0,38.0,2025-04-12,2026-07-19
420,聖パウロ学園,1045.36,1000.0,2.37,東京,関東・東京,11,7,4,0,0.6364,81.0,44.0,37.0,2025-04-05,2026-07-21
421,福岡工業,1045.27,1000.0,2.09,福岡,九州,10,7,3,0,0.7,64.0,30.0,34.0,2025-03-21,2026-07-12
422,水戸葵陵,1045.16,1000.0,-1.03,茨城,関東・東京,12,8,4,0,0.6667,72.0,49.0,23.0,2025-04-19,2026-07-20
423,光泉カトリック,1044.89,1000.0,-0.81,滋賀,近畿,12,8,4,0,0.6667,62.0,26.0,36.0,2025-04-19,2026-07-19
424,近大工業高専,1044.84,1000.0,-4.97,三重,東海,6,5,1,0,0.8333,42.0,21.0,21.0,2026-07-12,2026-07-27
425,川口市立,1044.57,1000.0,-0.08,埼玉,関東・東京,12,8,4,0,0.6667,74.0,40.0,34.0,2025-04-26,2026-07-22
426,高岡一,1044.41,1000.0,-10.7,富山,北信越,14,9,5,0,0.6429,90.0,46.0,44.0,2025-04-20,2026-07-23
427,釧路北陽,1044.38,1000.0,-9.79,北海道,北海道,14,10,4,0,0.7143,100.0,59.0,41.0,2025-05-26,2026-07-14
428,瀬戸内,1044.31,1000.0,-6.32,島根,中国,15,11,4,0,0.7333,100.0,41.0,59.0,2025-04-19,2026-07-12
429,横浜清陵,1044.24,1000.0,4.44,神奈川,関東・東京,12,8,4,0,0.6667,60.0,50.0,10.0,2025-04-12,2026-07-18
430,大曲工業,1043.9,1000.0,0.62,岩手,東北,16,10,6,0,0.625,81.0,60.0,21.0,2025-05-12,2026-07-21
431,兵庫工,1043.85,1000.0,0.49,兵庫,近畿,11,8,3,0,0.7273,61.0,39.0,22.0,2025-04-19,2026-07-18
432,久米田,1043.74,1000.0,8.38,大阪,近畿,9,6,3,0,0.6667,59.0,26.0,33.0,2025-04-19,2026-07-20
433,鳥取西,1043.52,1000.0,1.62,岡山,中国,12,8,4,0,0.6667,67.0,43.0,24.0,2025-04-21,2026-07-16
434,大府,1043.36,1000.0,2.72,愛知,東海,18,12,6,0,0.6667,155.0,87.0,68.0,2025-04-12,2026-07-18
435,桐生,1043.12,1000.0,3.22,群馬,関東・東京,11,7,4,0,0.6364,60.0,27.0,33.0,2025-04-15,2026-07-22
436,宇都宮工,1043.08,1000.0,-2.36,栃木,関東・東京,13,9,4,0,0.6923,54.0,45.0,9.0,2025-04-20,2026-07-22
437,津西,1042.95,1000.0,-4.97,三重,東海,18,12,6,0,0.6667,127.0,74.0,53.0,2025-04-12,2026-07-23
438,篠山産,1042.93,1000.0,0.49,兵庫,近畿,13,9,4,0,0.6923,87.0,53.0,34.0,2025-04-19,2026-07-16
439,宇都宮,1042.73,1000.0,-2.36,栃木,関東・東京,13,9,4,0,0.6923,83.0,53.0,30.0,2025-04-13,2026-07-22
440,高砂,1042.66,1000.0,0.49,兵庫,近畿,12,8,4,0,0.6667,55.0,35.0,20.0,2025-04-19,2026-07-11
441,広島国際学院,1042.57,1000.0,-6.32,島根,中国,14,9,5,0,0.6429,99.0,50.0,49.0,2025-04-19,2026-07-22
442,初芝橋本,1042.53,1000.0,0.99,和歌山,近畿,13,9,4,0,0.6923,48.0,36.0,12.0,2025-04-12,2026-07-19
443,浦和実業,1042.52,1000.0,-0.08,埼玉,関東・東京,11,7,4,0,0.6364,72.0,28.0,44.0,2025-04-26,2026-07-18
444,大阪偕星,1042.43,1000.0,8.38,大阪,近畿,5,4,1,0,0.8,18.0,5.0,13.0,2025-07-13,2025-07-24
445,神港学園,1042.38,1000.0,0.49,兵庫,近畿,12,8,4,0,0.6667,55.0,28.0,27.0,2025-04-19,2026-07-12
446,文京,1042.14,1000.0,2.37,東京,関東・東京,13,9,4,0,0.6923,80.0,51.0,29.0,2025-04-04,2026-07-08
447,清林館,1041.89,1000.0,2.72,愛知,東海,16,10,6,0,0.625,81.0,62.0,19.0,2025-04-12,2026-07-19
448,阪南大高,1041.78,1000.0,8.38,大阪,近畿,11,7,4,0,0.6364,56.0,29.0,27.0,2025-04-20,2026-07-15
449,浦和麗明,1041.68,1000.0,-0.08,埼玉,関東・東京,11,7,4,0,0.6364,58.0,34.0,24.0,2025-04-24,2026-07-20
450,大分上野丘,1041.62,1000.0,2.65,大分,九州,10,7,3,0,0.7,47.0,34.0,13.0,2025-03-27,2026-07-19
451,城東,1041.57,1000.0,2.37,東京,関東・東京,19,11,8,0,0.5789,190.0,65.0,125.0,2025-03-22,2026-07-16
452,藤井学園寒川,1041.51,1000.0,-4.3,徳島,四国,11,8,3,0,0.7273,48.0,37.0,11.0,2025-03-20,2026-07-20
453,柳ヶ浦,1041.24,1000.0,2.65,大分,九州,10,7,3,0,0.7,41.0,26.0,15.0,2025-07-10,2026-07-18
454,ルーテル学院,1040.78,1000.0,-4.28,熊本,九州,13,9,4,0,0.6923,52.0,42.0,10.0,2025-03-24,2026-07-19
455,西大寺,1040.76,1000.0,-7.46,鳥取,中国,13,10,3,0,0.7692,63.0,45.0,18.0,2025-04-26,2026-07-19
456,富士市立,1040.72,1000.0,-1.42,静岡,東海,15,10,5,0,0.6667,70.0,34.0,36.0,2025-04-19,2026-07-23
457,四学大香川西,1040.7,1000.0,-4.3,徳島,四国,13,9,4,0,0.6923,69.0,47.0,22.0,2025-03-20,2026-07-18
458,門前,1040.68,1000.0,6.19,石川,北信越,11,7,4,0,0.6364,61.0,41.0,20.0,2025-04-27,2026-07-22
459,星槎国際湘南,1040.6,1000.0,4.44,神奈川,関東・東京,11,7,4,0,0.6364,54.0,22.0,32.0,2025-04-05,2026-07-14
460,小樽双葉,1040.59,1000.0,-9.79,北海道,北海道,12,8,4,0,0.6667,87.0,23.0,64.0,2025-05-26,2026-07-14
461,市立川越,1040.36,1000.0,-0.08,埼玉,関東・東京,12,8,4,0,0.6667,80.0,34.0,46.0,2025-04-24,2026-07-20
462,一関第一,1040.21,1000.0,3.8,宮城,東北,16,10,6,0,0.625,65.0,44.0,21.0,2025-05-16,2026-07-23
463,大同大大同,1039.95,1000.0,2.72,愛知,東海,16,10,6,0,0.625,101.0,73.0,28.0,2025-04-12,2026-07-19
464,橿原学院,1039.94,1000.0,3.92,奈良,近畿,13,8,5,0,0.6154,105.0,61.0,44.0,2025-04-26,2026-07-25
465,駒場学園,1039.75,1000.0,2.37,東京,関東・東京,11,7,4,0,0.6364,98.0,45.0,53.0,2025-04-04,2026-07-19
466,春日部共栄,1039.71,1000.0,-0.08,埼玉,関東・東京,9,6,3,0,0.6667,92.0,27.0,65.0,2025-07-11,2026-07-18
467,美来工科,1039.7,1000.0,1.73,沖縄,九州,11,7,4,0,0.6364,39.0,19.0,20.0,2025-03-23,2026-07-13
468,長崎商,1039.59,1000.0,-0.81,長崎,九州,12,8,4,0,0.6667,64.0,29.0,35.0,2025-03-31,2026-07-11
469,佐賀商業,1039.47,1000.0,-9.64,佐賀,九州,7,6,1,0,0.8571,26.0,7.0,19.0,2025-03-21,2026-04-05
470,大牟田,1039.33,1000.0,2.09,福岡,九州,11,7,4,0,0.6364,57.0,30.0,27.0,2025-03-20,2026-07-15
471,帯広大谷,1039.3,1000.0,-9.79,北海道,北海道,14,9,5,0,0.6429,76.0,41.0,35.0,2025-05-26,2026-07-13
472,松本一,1039.29,1000.0,-4.39,長野,北信越,14,9,5,0,0.6429,74.0,35.0,39.0,2025-05-10,2026-07-18
473,名古屋市工芸,1039.26,1000.0,2.72,愛知,東海,16,10,6,0,0.625,107.0,79.0,28.0,2025-04-12,2026-07-19
474,桐生市商,1039.26,1000.0,3.22,群馬,関東・東京,12,8,4,0,0.6667,52.0,34.0,18.0,2025-04-15,2026-07-20
475,横浜栄,1039.17,1000.0,4.44,神奈川,関東・東京,11,7,4,0,0.6364,71.0,45.0,26.0,2025-04-05,2026-07-16
476,秀明英光,1039.11,1000.0,-0.08,埼玉,関東・東京,11,7,4,0,0.6364,61.0,60.0,1.0,2025-04-24,2026-07-22
477,相模原,1039.03,1000.0,4.44,神奈川,関東・東京,10,6,4,0,0.6,67.0,32.0,35.0,2025-04-05,2026-07-16
478,蓬莱,1038.83,1000.0,-4.3,徳島,四国,8,6,2,0,0.75,43.0,13.0,30.0,2026-03-20,2026-07-20
479,横浜商大,1038.83,1000.0,4.44,神奈川,関東・東京,11,7,4,0,0.6364,57.0,35.0,22.0,2025-04-05,2026-07-16
480,北筑,1038.81,1000.0,2.09,福岡,九州,11,7,4,0,0.6364,49.0,36.0,13.0,2025-03-22,2026-07-17
481,市ケ尾,1038.62,1000.0,4.44,神奈川,関東・東京,7,5,2,0,0.7143,31.0,33.0,-2.0,2025-04-12,2026-07-21
482,城北,1038.51,1000.0,-4.28,熊本,九州,29,17,12,0,0.5862,210.0,114.0,96.0,2025-03-20,2026-07-17
483,前橋,1038.3,1000.0,3.22,群馬,関東・東京,12,8,4,0,0.6667,66.0,50.0,16.0,2025-04-12,2026-07-05
484,小平南,1038.19,1000.0,2.37,東京,関東・東京,9,6,3,0,0.6667,70.0,45.0,25.0,2025-04-05,2026-07-18
485,宇部鴻城,1038.14,1000.0,-1.06,山口,中国,12,8,4,0,0.6667,66.0,41.0,25.0,2025-04-13,2026-07-23
486,市原中央,1038.12,1000.0,0.63,千葉,関東・東京,11,7,4,0,0.6364,55.0,22.0,33.0,2025-04-19,2026-07-20
487,盛岡第一,1038.1,1000.0,3.8,宮城,東北,17,11,6,0,0.6471,111.0,57.0,54.0,2025-05-16,2026-07-16
488,岸和田産,1038.1,1000.0,8.38,大阪,近畿,11,7,4,0,0.6364,60.0,39.0,21.0,2025-04-20,2026-07-15
489,東奥義塾,1038.06,1000.0,4.16,青森,東北,11,7,4,0,0.6364,60.0,42.0,18.0,2025-05-09,2026-07-13
490,宇治山田商,1038.06,1000.0,-4.97,三重,東海,15,9,6,0,0.6,76.0,49.0,27.0,2025-04-20,2026-07-21
491,れいめい,1038.05,1000.0,1.49,鹿児島,九州,11,7,4,0,0.6364,62.0,36.0,26.0,2025-03-22,2026-07-18
492,法政二,1038.04,1000.0,4.44,神奈川,関東・東京,13,8,5,0,0.6154,67.0,47.0,20.0,2025-04-06,2026-07-16
493,美里工業,1037.8,1000.0,1.73,沖縄,九州,11,7,4,0,0.6364,73.0,35.0,38.0,2025-03-22,2026-07-05
494,成立学園,1037.69,1000.0,2.37,東京,関東・東京,11,7,4,0,0.6364,61.0,40.0,21.0,2025-04-05,2026-07-19
495,名経大市邨,1037.65,1000.0,2.72,愛知,東海,17,11,6,0,0.6471,89.0,54.0,35.0,2025-04-12,2026-07-12
496,新発田中央,1037.62,1000.0,-5.27,新潟,北信越,12,8,4,0,0.6667,81.0,50.0,31.0,2025-04-26,2026-07-20
497,藤蔭,1037.5,1000.0,2.65,大分,九州,10,6,4,0,0.6,82.0,44.0,38.0,2025-03-25,2026-07-19
498,日星,1037.24,1000.0,2.25,京都,近畿,11,7,4,0,0.6364,63.0,36.0,27.0,2025-04-20,2026-07-18
499,小林西,1037.03,1000.0,-7.87,宮崎,九州,14,9,5,0,0.6429,61.0,39.0,22.0,2025-03-24,2026-07-20
500,佐賀北,1036.99,1000.0,-9.64,佐賀,九州,13,9,4,0,0.6923,53.0,27.0,26.0,2025-03-21,2026-07-18
501,仙台第一,1036.96,1000.0,-1.84,山形,東北,15,9,6,0,0.6,114.0,61.0,53.0,2025-05-16,2026-07-15
502,刈谷,1036.95,1000.0,2.72,愛知,東海,16,10,6,0,0.625,99.0,56.0,43.0,2025-04-12,2026-07-11
503,山形南,1036.8,1000.0,-6.25,秋田,東北,13,9,4,0,0.6923,60.0,56.0,4.0,2025-05-09,2026-07-23
504,苫小牧中央,1036.36,1000.0,-9.79,北海道,北海道,16,11,5,0,0.6875,81.0,48.0,33.0,2025-05-26,2026-06-24
505,中津商,1036.14,1000.0,-2.62,岐阜,東海,14,9,5,0,0.6429,71.0,44.0,27.0,2025-04-12,2026-07-22
506,鹿児島工,1036.09,1000.0,1.49,鹿児島,九州,6,5,1,0,0.8333,44.0,30.0,14.0,2025-03-28,2025-07-08
507,大宮北,1036.03,1000.0,-0.08,埼玉,関東・東京,12,8,4,0,0.6667,99.0,43.0,56.0,2025-04-24,2026-07-09
508,弘前東,1036.0,1000.0,4.16,青森,東北,12,7,5,0,0.5833,80.0,49.0,31.0,2025-05-11,2026-07-18
509,英数学館,1035.88,1000.0,-6.32,島根,中国,13,9,4,0,0.6923,50.0,28.0,22.0,2025-04-19,2026-07-16
510,東海大札幌,1035.62,1000.0,-9.79,北海道,北海道,11,7,4,0,0.6364,57.0,32.0,25.0,2025-05-27,2026-07-14
511,海部,1035.59,1000.0,-0.82,香川,四国,9,6,3,0,0.6667,58.0,36.0,22.0,2025-03-23,2026-07-18
512,富島,1035.57,1000.0,-7.87,宮崎,九州,13,9,4,0,0.6923,62.0,45.0,17.0,2025-03-23,2026-07-13
513,佐土原,1035.56,1000.0,-7.87,宮崎,九州,13,9,4,0,0.6923,70.0,54.0,16.0,2025-03-21,2026-07-18
514,いなべ総合,1035.51,1000.0,-4.97,三重,東海,16,10,6,0,0.625,76.0,55.0,21.0,2025-04-12,2026-07-23
515,阿南光,1035.49,1000.0,-0.82,香川,四国,13,8,5,0,0.6154,60.0,39.0,21.0,2025-03-20,2026-07-27
516,岡崎北,1035.44,1000.0,2.72,愛知,東海,14,8,6,0,0.5714,83.0,58.0,25.0,2025-04-12,2026-07-19
517,大宮東,1035.43,1000.0,-0.08,埼玉,関東・東京,11,7,4,0,0.6364,47.0,33.0,14.0,2025-04-24,2026-07-22
518,武蔵越生,1035.4,1000.0,-0.08,埼玉,関東・東京,11,7,4,0,0.6364,67.0,34.0,33.0,2025-04-24,2026-07-20
519,奈良北,1035.37,1000.0,3.92,奈良,近畿,11,7,4,0,0.6364,60.0,36.0,24.0,2025-04-19,2026-07-21
520,金足農,1035.2,1000.0,0.62,岩手,東北,15,10,5,0,0.6667,60.0,28.0,32.0,2025-05-11,2026-07-10
521,大分工業,1035.16,1000.0,2.65,大分,九州,7,5,2,0,0.7143,52.0,26.0,26.0,2025-03-26,2026-07-18
522,北陸,1035.14,1000.0,1.72,福井,北信越,11,7,4,0,0.6364,48.0,30.0,18.0,2025-04-20,2026-07-18
523,いわき湯本,1035.12,1000.0,-1.38,福島,東北,16,10,6,0,0.625,89.0,46.0,43.0,2025-05-16,2026-07-14
524,国府,1035.08,1000.0,2.72,愛知,東海,17,11,6,0,0.6471,102.0,59.0,43.0,2025-04-12,2026-07-12
525,糸満,1034.98,1000.0,1.73,沖縄,九州,10,6,4,0,0.6,79.0,30.0,49.0,2025-03-22,2026-07-12
526,米子東,1034.88,1000.0,1.62,岡山,中国,9,6,3,0,0.6667,75.0,36.0,39.0,2025-04-20,2026-07-19
527,唐津商業,1034.81,1000.0,-9.64,佐賀,九州,8,6,2,0,0.75,40.0,13.0,27.0,2025-03-22,2026-03-29
528,弘前南,1034.55,1000.0,4.16,青森,東北,10,6,4,0,0.6,75.0,29.0,46.0,2025-05-12,2026-07-15
529,有田工業,1034.53,1000.0,-9.64,佐賀,九州,8,6,2,0,0.75,55.0,23.0,32.0,2025-03-21,2026-07-12
530,須磨翔風,1034.46,1000.0,0.49,兵庫,近畿,11,7,4,0,0.6364,80.0,26.0,54.0,2025-04-19,2026-07-16
531,鶴崎工業,1034.39,1000.0,2.65,大分,九州,9,6,3,0,0.6667,67.0,37.0,30.0,2025-03-23,2026-07-16
532,菰野,1034.23,1000.0,-4.97,三重,東海,21,13,8,0,0.619,117.0,95.0,22.0,2025-04-12,2026-07-21
533,立命館守山,1034.03,1000.0,-0.81,滋賀,近畿,11,7,4,0,0.6364,61.0,41.0,20.0,2025-04-12,2026-07-21
534,福井商,1033.92,1000.0,1.72,福井,北信越,14,9,5,0,0.6429,62.0,49.0,13.0,2025-04-19,2026-07-23
535,岐阜総合,1033.9,1000.0,-2.62,岐阜,東海,11,8,3,0,0.7273,44.0,29.0,15.0,2025-04-12,2026-07-20
536,市川,1033.88,1000.0,0.63,千葉,関東・東京,21,13,8,0,0.619,135.0,61.0,74.0,2025-04-19,2026-07-14
537,明和県央,1033.77,1000.0,3.22,群馬,関東・東京,11,7,4,0,0.6364,47.0,30.0,17.0,2025-04-15,2026-07-19
538,石巻工業,1033.77,1000.0,-1.84,山形,東北,12,8,4,0,0.6667,62.0,29.0,33.0,2025-05-16,2026-07-18
539,福島成蹊,1033.71,1000.0,-1.38,福島,東北,15,9,6,0,0.6,112.0,46.0,66.0,2025-05-16,2026-07-18
540,北見北斗,1033.71,1000.0,-9.79,北海道,北海道,16,11,5,0,0.6875,98.0,58.0,40.0,2025-05-26,2026-06-26
541,滋賀短大附,1033.66,1000.0,-0.81,滋賀,近畿,6,4,2,0,0.6667,33.0,14.0,19.0,2026-04-18,2026-07-23
542,大森学園,1033.52,1000.0,2.37,東京,関東・東京,11,7,4,0,0.6364,69.0,48.0,21.0,2025-04-06,2026-07-19
543,西武文理,1033.48,1000.0,-0.08,埼玉,関東・東京,12,8,4,0,0.6667,85.0,51.0,34.0,2025-04-24,2026-07-18
544,如水館,1033.36,1000.0,-6.32,島根,中国,13,9,4,0,0.6923,95.0,47.0,48.0,2025-04-19,2026-07-11
545,とわの森,1033.25,1000.0,-9.79,北海道,北海道,8,6,2,0,0.75,38.0,11.0,27.0,2025-05-26,2026-05-14
546,海城,1033.17,1000.0,2.37,東京,関東・東京,11,7,4,0,0.6364,68.0,54.0,14.0,2025-04-04,2026-07-18
547,札幌光星,1033.13,1000.0,-9.79,北海道,北海道,14,9,5,0,0.6429,75.0,31.0,44.0,2025-05-26,2026-07-13
548,正智深谷,1032.97,1000.0,-0.08,埼玉,関東・東京,12,8,4,0,0.6667,98.0,50.0,48.0,2025-04-24,2026-07-20
549,宇部商,1032.9,1000.0,-1.06,山口,中国,11,7,4,0,0.6364,51.0,35.0,16.0,2025-04-19,2026-07-21
550,早稲田佐賀,1032.72,1000.0,-9.64,佐賀,九州,12,8,4,0,0.6667,63.0,46.0,17.0,2025-03-22,2026-07-24
551,武相,1032.54,1000.0,4.44,神奈川,関東・東京,10,6,4,0,0.6,47.0,24.0,23.0,2025-04-06,2026-07-13
552,近大高専,1032.53,1000.0,-4.97,三重,東海,16,11,5,0,0.6875,109.0,72.0,37.0,2025-04-12,2026-04-19
553,木更津総合,1032.48,1000.0,0.63,千葉,関東・東京,10,6,4,0,0.6,65.0,35.0,30.0,2025-04-20,2026-07-18
554,鹿児島情報,1032.45,1000.0,1.49,鹿児島,九州,10,6,4,0,0.6,74.0,29.0,45.0,2025-03-24,2026-07-06
555,中部大一,1032.43,1000.0,2.72,愛知,東海,14,8,6,0,0.5714,95.0,47.0,48.0,2025-04-12,2026-07-12
556,渥美農,1032.42,1000.0,2.72,愛知,東海,17,10,6,1,0.5882,93.0,56.0,37.0,2025-04-12,2026-07-19
557,城南,1032.42,1000.0,2.09,福岡,九州,19,11,8,0,0.5789,98.0,73.0,25.0,2025-03-22,2026-07-15
558,敬愛学園,1032.38,1000.0,0.63,千葉,関東・東京,11,7,4,0,0.6364,62.0,42.0,20.0,2025-04-19,2026-07-12
559,伊奈学園,1032.31,1000.0,-0.08,埼玉,関東・東京,10,7,3,0,0.7,68.0,49.0,19.0,2025-04-24,2026-07-12
560,小松工,1032.26,1000.0,6.19,石川,北信越,11,7,4,0,0.6364,54.0,31.0,23.0,2025-04-26,2026-07-11
561,鹿児島,1032.21,1000.0,1.49,鹿児島,九州,11,7,4,0,0.6364,52.0,39.0,13.0,2025-03-26,2026-07-15
562,成章,1032.2,1000.0,2.72,愛知,東海,17,10,7,0,0.5882,113.0,76.0,37.0,2025-04-12,2026-07-19
563,矢上,1032.06,1000.0,5.45,広島,中国,9,6,3,0,0.6667,45.0,32.0,13.0,2025-04-20,2026-07-15
564,大村工,1032.05,1000.0,-0.81,長崎,九州,13,8,5,0,0.6154,65.0,42.0,23.0,2025-03-29,2026-07-20
565,今治西,1031.96,1000.0,-7.48,愛媛,四国,15,10,5,0,0.6667,49.0,43.0,6.0,2025-03-21,2026-07-19
566,久御山,1031.89,1000.0,2.25,京都,近畿,11,7,4,0,0.6364,64.0,36.0,28.0,2025-04-19,2026-07-13
567,文徳,1031.89,1000.0,-4.28,熊本,九州,12,8,4,0,0.6667,67.0,31.0,36.0,2025-03-25,2026-07-14
568,高崎商大附,1031.88,1000.0,3.22,群馬,関東・東京,8,5,3,0,0.625,44.0,27.0,17.0,2025-07-07,2026-07-12
569,港,1031.82,1000.0,8.38,大阪,近畿,8,5,3,0,0.625,48.0,60.0,-12.0,2025-04-19,2026-07-19
570,金沢商,1031.81,1000.0,6.19,石川,北信越,11,7,4,0,0.6364,59.0,42.0,17.0,2025-04-20,2026-07-18
571,長門,1031.75,1000.0,-1.06,山口,中国,10,6,4,0,0.6,69.0,34.0,35.0,2025-04-13,2026-07-24
572,広島城北,1031.7,1000.0,-6.32,島根,中国,16,10,6,0,0.625,87.0,68.0,19.0,2025-04-19,2026-07-22
573,星翔,1031.63,1000.0,8.38,大阪,近畿,10,6,4,0,0.6,75.0,49.0,26.0,2025-04-06,2026-07-18
574,函大有斗,1031.5,1000.0,-9.79,北海道,北海道,9,6,3,0,0.6667,60.0,17.0,43.0,2025-05-26,2026-05-25
575,市尼崎,1031.33,1000.0,0.49,兵庫,近畿,9,6,3,0,0.6667,49.0,13.0,36.0,2025-04-19,2026-07-20
576,学園大付,1031.26,1000.0,-4.28,熊本,九州,9,6,3,0,0.6667,44.0,33.0,11.0,2025-07-05,2026-07-22
577,横浜商業,1031.22,1000.0,4.44,神奈川,関東・東京,8,5,3,0,0.625,53.0,41.0,12.0,2025-04-06,2026-07-18
578,倉敷工業,1031.19,1000.0,-7.46,鳥取,中国,8,6,2,0,0.75,50.0,33.0,17.0,2025-04-27,2026-07-23
579,未来富山,1031.01,1000.0,-10.7,富山,北信越,13,9,4,0,0.6923,88.0,44.0,44.0,2025-04-19,2026-07-11
580,東京学館新潟,1030.92,1000.0,-5.27,新潟,北信越,11,7,4,0,0.6364,71.0,48.0,23.0,2025-04-26,2026-07-20
581,国学院久我山,1030.83,1000.0,2.37,東京,関東・東京,4,3,1,0,0.75,41.0,10.0,31.0,2025-04-06,2025-04-27
582,神辺旭,1030.74,1000.0,-6.32,島根,中国,16,10,6,0,0.625,104.0,45.0,59.0,2025-04-19,2026-07-16
583,コザ,1030.67,1000.0,1.73,沖縄,九州,15,9,6,0,0.6,70.0,47.0,23.0,2025-03-20,2026-07-12
584,聖和学園,1030.65,1000.0,-1.84,山形,東北,18,11,7,0,0.6111,85.0,58.0,27.0,2025-05-16,2026-07-16
585,富山第一(富山),1030.61,1000.0,0.0,,北信越,2,2,0,0,1.0,14.0,7.0,7.0,2025-06-01,2025-06-02
586,静岡商業,1030.44,1000.0,-1.42,静岡,東海,5,4,1,0,0.8,28.0,11.0,17.0,2025-07-13,2026-04-19
587,三田松聖,1030.42,1000.0,0.49,兵庫,近畿,12,8,4,0,0.6667,39.0,34.0,5.0,2025-04-19,2026-07-22
588,下関商業,1030.41,1000.0,-1.06,山口,中国,3,3,0,0,1.0,26.0,5.0,21.0,2025-04-12,2026-04-12
589,大阪偕星学園,1030.41,1000.0,8.38,大阪,近畿,9,6,3,0,0.6667,49.0,38.0,11.0,2025-04-05,2026-07-13
590,綾瀬,1030.26,1000.0,4.44,神奈川,関東・東京,6,4,2,0,0.6667,45.0,12.0,33.0,2025-07-10,2026-07-13
591,松蔭,1030.2,1000.0,2.72,愛知,東海,16,10,6,0,0.625,80.0,55.0,25.0,2025-04-12,2026-07-12
592,高松商,1030.1,1000.0,-4.3,徳島,四国,5,4,1,0,0.8,26.0,10.0,16.0,2025-04-26,2026-04-11
593,白鷗大足利,1029.89,1000.0,-2.36,栃木,関東・東京,10,6,4,0,0.6,59.0,30.0,29.0,2025-04-12,2026-07-22
594,市立浦和,1029.87,1000.0,-0.08,埼玉,関東・東京,12,8,4,0,0.6667,73.0,47.0,26.0,2025-04-24,2026-07-11
595,松山商,1029.76,1000.0,-7.48,愛媛,四国,11,7,4,0,0.6364,61.0,41.0,20.0,2025-03-21,2026-07-21
596,南陽工業,1029.74,1000.0,-1.06,山口,中国,3,3,0,0,1.0,13.0,1.0,12.0,2025-04-12,2026-07-18
597,石岡商,1029.65,1000.0,-1.03,茨城,関東・東京,12,8,4,0,0.6667,60.0,37.0,23.0,2025-04-19,2026-07-18
598,御所実業,1029.62,1000.0,3.92,奈良,近畿,11,7,4,0,0.6364,55.0,46.0,9.0,2025-04-20,2026-07-23
599,釧路湖陵,1029.6,1000.0,-9.79,北海道,北海道,12,8,4,0,0.6667,82.0,36.0,46.0,2025-05-26,2026-07-07
600,和泉,1029.6,1000.0,8.38,大阪,近畿,10,6,4,0,0.6,98.0,71.0,27.0,2025-04-12,2026-07-18
601,相模原城山,1029.51,1000.0,4.44,神奈川,関東・東京,10,6,4,0,0.6,66.0,50.0,16.0,2025-04-05,2026-07-14
602,静岡学園,1029.34,1000.0,-1.42,静岡,東海,15,9,6,0,0.6,58.0,53.0,5.0,2025-04-19,2026-07-21
603,熊本国府,1029.33,1000.0,-4.28,熊本,九州,10,6,4,0,0.6,70.0,22.0,48.0,2025-03-25,2026-07-17
604,北稜,1029.21,1000.0,2.25,京都,近畿,11,7,4,0,0.6364,56.0,41.0,15.0,2025-04-19,2026-07-15
605,星林,1029.18,1000.0,0.99,和歌山,近畿,12,8,4,0,0.6667,42.0,45.0,-3.0,2025-04-14,2026-07-11
606,明善,1029.12,1000.0,2.09,福岡,九州,10,6,4,0,0.6,55.0,42.0,13.0,2025-03-22,2026-07-16
607,聖心ウルスラ,1029.04,1000.0,-7.87,宮崎,九州,9,6,3,0,0.6667,53.0,27.0,26.0,2025-03-23,2026-07-14
608,千葉商業,1028.99,1000.0,0.63,千葉,関東・東京,12,8,4,0,0.6667,68.0,28.0,40.0,2025-04-19,2026-07-11
609,日体大荏原,1028.95,1000.0,2.37,東京,関東・東京,10,6,4,0,0.6,67.0,44.0,23.0,2025-04-04,2026-07-18
610,札幌龍谷,1028.85,1000.0,-9.79,北海道,北海道,12,8,4,0,0.6667,69.0,48.0,21.0,2025-05-26,2026-07-08
611,茨木,1028.85,1000.0,8.38,大阪,近畿,10,6,4,0,0.6,47.0,44.0,3.0,2025-04-12,2026-07-20
612,今治北,1028.83,1000.0,-7.48,愛媛,四国,11,7,4,0,0.6364,71.0,51.0,20.0,2025-03-22,2026-07-21
613,橿原,1028.74,1000.0,3.92,奈良,近畿,11,7,4,0,0.6364,63.0,54.0,9.0,2025-04-12,2026-07-12
614,いわき光洋,1028.69,1000.0,-1.38,福島,東北,14,8,6,0,0.5714,93.0,46.0,47.0,2025-05-16,2026-07-18
615,二松学舎大付,1028.64,1000.0,2.37,東京,関東・東京,4,3,1,0,0.75,29.0,7.0,22.0,2025-04-06,2025-07-13
616,日大豊山,1028.63,1000.0,2.37,東京,関東・東京,10,6,4,0,0.6,80.0,39.0,41.0,2025-04-04,2026-07-13
617,暁星国際,1028.52,1000.0,0.63,千葉,関東・東京,10,6,4,0,0.6,69.0,44.0,25.0,2025-04-19,2026-07-22
618,網干,1028.49,1000.0,0.49,兵庫,近畿,8,6,2,0,0.75,34.0,24.0,10.0,2025-04-19,2025-07-19
619,安城,1028.48,1000.0,2.72,愛知,東海,15,9,6,0,0.6,75.0,49.0,26.0,2025-04-12,2026-07-11
620,九州文化学園,1028.25,1000.0,-0.81,長崎,九州,8,5,3,0,0.625,41.0,28.0,13.0,2025-03-29,2026-07-20
621,時習館,1028.2,1000.0,2.72,愛知,東海,19,11,8,0,0.5789,118.0,84.0,34.0,2025-04-12,2026-07-19
622,小倉工業,1028.13,1000.0,2.09,福岡,九州,7,5,2,0,0.7143,25.0,15.0,10.0,2025-03-20,2026-07-09
623,石川県工,1028.1,1000.0,6.19,石川,北信越,9,5,4,0,0.5556,73.0,38.0,35.0,2025-04-27,2026-07-19
624,小野田工,1028.06,1000.0,-1.06,山口,中国,7,5,2,0,0.7143,35.0,29.0,6.0,2025-07-12,2026-07-26
625,岐阜城北,1028.01,1000.0,-2.62,岐阜,東海,11,7,4,0,0.6364,43.0,27.0,16.0,2025-04-19,2026-07-12
626,銚子商業,1027.96,1000.0,0.63,千葉,関東・東京,11,7,4,0,0.6364,68.0,33.0,35.0,2025-04-19,2026-07-18
627,坂井,1027.85,1000.0,1.72,福井,北信越,10,6,4,0,0.6,68.0,54.0,14.0,2025-04-19,2026-07-18
628,秋田南,1027.85,1000.0,0.62,岩手,東北,10,6,4,0,0.6,55.0,30.0,25.0,2025-05-12,2026-07-14
629,柴田,1027.74,1000.0,-1.84,山形,東北,12,8,4,0,0.6667,43.0,24.0,19.0,2025-05-16,2026-07-18
630,千種,1027.72,1000.0,2.72,愛知,東海,15,8,7,0,0.5333,75.0,69.0,6.0,2025-04-12,2026-07-21
631,日田林工,1027.68,1000.0,2.65,大分,九州,10,6,4,0,0.6,48.0,28.0,20.0,2025-03-25,2026-07-08
632,埼玉平成,1027.61,1000.0,-0.08,埼玉,関東・東京,10,6,4,0,0.6,66.0,29.0,37.0,2025-04-24,2026-07-08
633,水戸啓明,1027.59,1000.0,-1.03,茨城,関東・東京,11,7,4,0,0.6364,59.0,33.0,26.0,2025-04-19,2026-07-10
634,小牧南,1027.54,1000.0,2.72,愛知,東海,18,11,7,0,0.6111,104.0,62.0,42.0,2025-04-12,2026-07-04
635,東北学院,1027.43,1000.0,-1.84,山形,東北,14,9,5,0,0.6429,73.0,48.0,25.0,2025-05-16,2026-07-19
636,中標津,1027.38,1000.0,-9.79,北海道,北海道,14,9,5,0,0.6429,89.0,68.0,21.0,2025-05-26,2026-07-13
637,関東学園大付,1027.37,1000.0,3.22,群馬,関東・東京,4,3,1,0,0.75,28.0,10.0,18.0,2025-04-20,2026-04-25
638,共栄学園,1027.3,1000.0,2.37,東京,関東・東京,10,6,4,0,0.6,62.0,46.0,16.0,2025-04-06,2026-07-15
639,ふたば未来学園,1027.23,1000.0,-1.38,福島,東北,4,4,0,0,1.0,43.0,11.0,32.0,2025-05-16,2026-04-28
640,沖学園,1027.19,1000.0,2.09,福岡,九州,10,6,4,0,0.6,51.0,23.0,28.0,2025-03-21,2026-07-17
641,具志川商,1027.16,1000.0,1.73,沖縄,九州,10,6,4,0,0.6,61.0,36.0,25.0,2025-03-20,2026-06-27
642,盛岡第三,1027.13,1000.0,3.8,宮城,東北,17,10,7,0,0.5882,86.0,62.0,24.0,2025-05-16,2026-07-14
643,千葉敬愛,1027.13,1000.0,0.63,千葉,関東・東京,12,7,5,0,0.5833,88.0,41.0,47.0,2025-04-19,2026-07-18
644,明星,1027.1,1000.0,2.37,東京,関東・東京,17,10,7,0,0.5882,79.0,80.0,-1.0,2025-04-04,2026-07-17
645,布施,1027.09,1000.0,8.38,大阪,近畿,10,6,4,0,0.6,50.0,32.0,18.0,2025-04-12,2026-07-18
646,商大附,1026.96,1000.0,3.22,群馬,関東・東京,5,4,1,0,0.8,30.0,13.0,17.0,2025-04-15,2026-04-18
647,九段中等,1026.95,1000.0,2.37,東京,関東・東京,12,8,4,0,0.6667,119.0,45.0,74.0,2025-04-04,2026-07-05
648,大谷室蘭,1026.93,1000.0,-9.79,北海道,北海道,11,7,4,0,0.6364,65.0,35.0,30.0,2025-05-26,2026-07-13
649,浜松開誠館,1026.9,1000.0,-1.42,静岡,東海,12,7,5,0,0.5833,59.0,42.0,17.0,2025-04-19,2026-07-21
650,調布南,1026.89,1000.0,2.37,東京,関東・東京,11,7,4,0,0.6364,98.0,41.0,57.0,2025-04-04,2026-07-14
651,北九州市立,1026.54,1000.0,2.09,福岡,九州,10,6,4,0,0.6,70.0,40.0,30.0,2025-03-23,2026-07-12
652,京都先端科学大付,1026.48,1000.0,2.25,京都,近畿,2,2,0,0,1.0,28.0,3.0,25.0,2026-04-18,2026-04-25
653,関東学院,1026.47,1000.0,4.44,神奈川,関東・東京,8,5,3,0,0.625,40.0,28.0,12.0,2025-07-09,2026-07-18
654,名城大付,1026.4,1000.0,2.72,愛知,東海,13,7,6,0,0.5385,64.0,42.0,22.0,2025-04-12,2026-07-08
655,熊本北,1026.33,1000.0,-4.28,熊本,九州,11,7,4,0,0.6364,58.0,47.0,11.0,2025-03-23,2026-07-17
656,岡山東商,1026.28,1000.0,-7.46,鳥取,中国,15,9,6,0,0.6,68.0,45.0,23.0,2025-04-27,2026-07-23
657,文教大附属,1026.25,1000.0,-9.79,北海道,北海道,5,4,1,0,0.8,33.0,17.0,16.0,2026-06-24,2026-07-14
658,春日,1026.22,1000.0,2.09,福岡,九州,10,6,4,0,0.6,65.0,46.0,19.0,2025-03-21,2026-07-12
659,学館船橋,1026.19,1000.0,0.63,千葉,関東・東京,10,7,3,0,0.7,61.0,37.0,24.0,2025-04-19,2026-04-18
660,岐阜聖徳,1026.14,1000.0,-2.62,岐阜,東海,10,6,4,0,0.6,70.0,32.0,38.0,2025-04-12,2026-07-23
661,九里学園,1026.11,1000.0,-6.25,秋田,東北,11,7,4,0,0.6364,58.0,32.0,26.0,2025-05-10,2026-07-18
662,三本松,1026.07,1000.0,-4.3,徳島,四国,13,8,5,0,0.6154,62.0,56.0,6.0,2025-03-22,2026-07-20
663,京都先端大附,1025.98,1000.0,2.25,京都,近畿,6,4,2,0,0.6667,46.0,25.0,21.0,2025-07-05,2026-05-05
664,駒ケ根工,1025.96,1000.0,-4.39,長野,北信越,12,8,4,0,0.6667,54.0,51.0,3.0,2025-07-07,2026-07-15
665,法政,1025.95,1000.0,2.37,東京,関東・東京,11,7,4,0,0.6364,55.0,60.0,-5.0,2025-04-06,2026-07-15
666,拓大紅陵,1025.81,1000.0,0.63,千葉,関東・東京,5,3,2,0,0.6,13.0,13.0,0.0,2026-04-26,2026-08-15
667,上宮,1025.71,1000.0,8.38,大阪,近畿,9,5,4,0,0.5556,52.0,27.0,25.0,2025-04-20,2026-07-20
668,茅ヶ崎北陵,1025.67,1000.0,4.44,神奈川,関東・東京,2,2,0,0,1.0,13.0,3.0,10.0,2025-04-05,2025-04-06
669,駿台学園,1025.62,1000.0,2.37,東京,関東・東京,11,6,5,0,0.5455,59.0,46.0,13.0,2025-04-07,2026-07-19
670,栃木工,1025.58,1000.0,-2.36,栃木,関東・東京,10,6,4,0,0.6,60.0,28.0,32.0,2025-04-12,2026-07-14
671,大秦,1025.53,1000.0,4.16,青森,東北,2,2,0,0,1.0,18.0,9.0,9.0,2025-07-13,2025-07-15
672,高崎,1025.44,1000.0,3.22,群馬,関東・東京,10,6,4,0,0.6,58.0,56.0,2.0,2025-04-15,2026-07-11
673,新発田農,1025.37,1000.0,-5.27,新潟,北信越,11,7,4,0,0.6364,65.0,36.0,29.0,2025-04-28,2026-07-15
674,土浦三,1025.28,1000.0,-1.03,茨城,関東・東京,11,7,4,0,0.6364,60.0,42.0,18.0,2025-04-19,2026-07-11
675,都市大高,1025.2,1000.0,2.37,東京,関東・東京,9,6,3,0,0.6667,57.0,53.0,4.0,2025-04-05,2026-07-18
676,城南菱創,1025.19,1000.0,2.25,京都,近畿,13,8,5,0,0.6154,62.0,50.0,12.0,2025-04-19,2026-07-19
677,安積黎明,1025.1,1000.0,-1.38,福島,東北,15,9,6,0,0.6,91.0,80.0,11.0,2025-05-16,2026-07-20
678,明和,1025.06,1000.0,2.72,愛知,東海,14,8,6,0,0.5714,81.0,61.0,20.0,2025-04-12,2026-07-11
679,滋賀短大附属,1025.02,1000.0,-0.81,滋賀,近畿,6,4,2,0,0.6667,36.0,17.0,19.0,2025-04-26,2025-07-20
680,春日部,1025.0,1000.0,-0.08,埼玉,関東・東京,11,7,4,0,0.6364,76.0,38.0,38.0,2025-04-24,2026-07-18
681,鹿児島商,1024.97,1000.0,1.49,鹿児島,九州,4,3,1,0,0.75,19.0,12.0,7.0,2025-07-10,2026-04-05
682,勢多農林,1024.89,1000.0,3.22,群馬,関東・東京,10,6,4,0,0.6,54.0,35.0,19.0,2025-04-12,2026-07-11
683,福岡第一,1024.88,1000.0,2.09,福岡,九州,10,6,4,0,0.6,70.0,57.0,13.0,2025-03-24,2026-07-15
684,浮羽究真館,1024.74,1000.0,2.09,福岡,九州,11,7,4,0,0.6364,66.0,59.0,7.0,2025-03-23,2026-07-11
685,小倉商業,1024.74,1000.0,2.09,福岡,九州,6,4,2,0,0.6667,31.0,6.0,25.0,2025-03-22,2026-07-07
686,石動,1024.72,1000.0,-10.7,富山,北信越,12,8,4,0,0.6667,68.0,41.0,27.0,2025-04-19,2026-07-20
687,鹿屋農業,1024.68,1000.0,1.49,鹿児島,九州,8,5,3,0,0.625,41.0,25.0,16.0,2025-03-23,2026-07-17
688,伊志田,1024.63,1000.0,4.44,神奈川,関東・東京,10,6,4,0,0.6,49.0,46.0,3.0,2025-04-05,2026-07-16
689,雪谷,1024.57,1000.0,2.37,東京,関東・東京,9,5,4,0,0.5556,69.0,43.0,26.0,2025-04-04,2026-07-18
690,岡崎城西,1024.43,1000.0,2.72,愛知,東海,14,8,6,0,0.5714,81.0,54.0,27.0,2025-04-12,2026-07-12
691,八代工業,1024.1,1000.0,-4.28,熊本,九州,11,7,4,0,0.6364,50.0,46.0,4.0,2025-03-20,2026-07-16
692,郡山,1023.99,1000.0,3.92,奈良,近畿,21,11,10,0,0.5238,131.0,95.0,36.0,2025-04-12,2026-07-23
693,木造,1023.99,1000.0,4.16,青森,東北,10,6,4,0,0.6,59.0,61.0,-2.0,2025-05-09,2026-07-14
694,明桜,1023.99,1000.0,0.62,岩手,東北,14,8,6,0,0.5714,66.0,31.0,35.0,2025-05-12,2026-07-09
695,大野,1023.94,1000.0,1.72,福井,北信越,10,6,4,0,0.6,54.0,36.0,18.0,2025-04-26,2026-07-20
696,清水東,1023.93,1000.0,-1.42,静岡,東海,12,7,5,0,0.5833,61.0,39.0,22.0,2025-04-19,2026-07-18
697,三次,1023.93,1000.0,-6.32,島根,中国,12,8,4,0,0.6667,58.0,32.0,26.0,2025-04-19,2026-07-19
698,船橋,1023.91,1000.0,0.63,千葉,関東・東京,10,6,4,0,0.6,68.0,43.0,25.0,2025-04-19,2026-07-18
699,柳川,1023.9,1000.0,2.09,福岡,九州,9,5,4,0,0.5556,55.0,22.0,33.0,2025-03-21,2026-07-13
700,倉敷商,1023.83,1000.0,1.62,岡山,中国,5,3,2,0,0.6,31.0,15.0,16.0,2025-07-23,2026-07-27
701,土佐,1023.82,1000.0,3.76,高知,四国,9,5,4,0,0.5556,48.0,35.0,13.0,2025-03-20,2026-07-23
702,松山,1023.81,1000.0,-0.08,埼玉,関東・東京,12,8,4,0,0.6667,75.0,42.0,33.0,2025-04-24,2026-07-11
703,近大泉州,1023.81,1000.0,8.38,大阪,近畿,9,5,4,0,0.5556,41.0,27.0,14.0,2025-04-06,2026-07-16
704,西武台千葉,1023.8,1000.0,0.63,千葉,関東・東京,11,7,4,0,0.6364,68.0,56.0,12.0,2025-04-19,2026-07-10
705,秋田修英,1023.77,1000.0,0.62,岩手,東北,10,6,4,0,0.6,37.0,28.0,9.0,2025-05-13,2026-07-17
706,福工大城東,1023.76,1000.0,2.09,福岡,九州,6,4,2,0,0.6667,29.0,21.0,8.0,2025-03-24,2026-07-18
707,県伊丹,1023.58,1000.0,0.49,兵庫,近畿,9,6,3,0,0.6667,42.0,28.0,14.0,2025-04-19,2026-07-12
708,広島工業,1023.5,1000.0,-6.32,島根,中国,9,6,3,0,0.6667,43.0,38.0,5.0,2025-04-19,2026-07-12
709,大分,1023.5,1000.0,2.65,大分,九州,10,6,4,0,0.6,43.0,34.0,9.0,2025-03-27,2026-07-20
710,菊華,1023.48,1000.0,2.72,愛知,東海,14,8,6,0,0.5714,70.0,65.0,5.0,2025-04-12,2026-07-07
711,市川越,1023.42,1000.0,-0.08,埼玉,関東・東京,2,2,0,0,1.0,21.0,10.0,11.0,2025-07-15,2026-07-15
712,北海学園札幌,1023.37,1000.0,-9.79,北海道,北海道,5,4,1,0,0.8,23.0,13.0,10.0,2026-06-22,2026-07-14
713,美作,1023.34,1000.0,-7.46,鳥取,中国,9,7,2,0,0.7778,60.0,28.0,32.0,2025-04-26,2026-07-12
714,同志社香里,1023.34,1000.0,8.38,大阪,近畿,9,5,4,0,0.5556,66.0,33.0,33.0,2025-04-20,2026-07-18
715,静岡商,1023.32,1000.0,-1.42,静岡,東海,11,8,3,0,0.7273,52.0,28.0,24.0,2025-04-19,2026-07-12
716,羽黒,1023.27,1000.0,-6.25,秋田,東北,14,8,6,0,0.5714,91.0,54.0,37.0,2025-05-10,2026-07-14
717,武岡台,1023.15,1000.0,1.49,鹿児島,九州,10,6,4,0,0.6,39.0,27.0,12.0,2025-03-21,2026-07-18
718,篠山産業,1023.1,1000.0,0.49,兵庫,近畿,2,2,0,0,1.0,16.0,1.0,15.0,2025-04-19,2025-04-26
719,宇部商業,1022.99,1000.0,-1.06,山口,中国,2,2,0,0,1.0,19.0,0.0,19.0,2025-07-14,2026-04-11
720,聖カタリナ学園,1022.94,1000.0,-7.48,愛媛,四国,11,7,4,0,0.6364,70.0,51.0,19.0,2025-03-21,2026-07-19
721,氷見,1022.87,1000.0,-10.7,富山,北信越,13,8,5,0,0.6154,87.0,55.0,32.0,2025-04-19,2026-07-20
722,倶知安,1022.58,1000.0,-9.79,北海道,北海道,12,7,5,0,0.5833,92.0,54.0,38.0,2025-05-26,2026-07-13
723,大垣西,1022.55,1000.0,-2.62,岐阜,東海,13,8,5,0,0.6154,105.0,56.0,49.0,2025-04-12,2026-07-19
724,長崎工,1022.54,1000.0,-0.81,長崎,九州,10,6,4,0,0.6,35.0,33.0,2.0,2025-03-29,2026-07-20
725,富士東,1022.35,1000.0,-1.42,静岡,東海,13,8,5,0,0.6154,60.0,59.0,1.0,2025-04-19,2026-07-19
726,福島,1022.33,1000.0,-1.38,福島,東北,25,14,11,0,0.56,124.0,135.0,-11.0,2025-03-22,2026-07-14
727,秀岳館,1022.3,1000.0,-4.28,熊本,九州,10,6,4,0,0.6,49.0,33.0,16.0,2025-03-22,2026-07-20
728,山形中央,1022.29,1000.0,-6.25,秋田,東北,13,8,5,0,0.6154,70.0,55.0,15.0,2025-05-11,2026-07-19
729,真颯館,1022.26,1000.0,2.09,福岡,九州,10,6,4,0,0.6,43.0,24.0,19.0,2025-03-23,2026-07-07
730,山口県鴻城,1022.2,1000.0,-1.06,山口,中国,13,8,5,0,0.6154,65.0,60.0,5.0,2025-04-13,2026-07-21
731,鷺宮・農大一・光丘・芦花,1022.15,1000.0,2.37,東京,関東・東京,4,3,1,0,0.75,28.0,13.0,15.0,2026-03-15,2026-04-05
732,草加西,1021.91,1000.0,-0.08,埼玉,関東・東京,11,7,4,0,0.6364,73.0,46.0,27.0,2025-04-24,2026-07-15
733,羽咋工,1021.89,1000.0,6.19,石川,北信越,9,5,4,0,0.5556,47.0,36.0,11.0,2025-04-27,2026-07-18
734,帯広農業,1021.88,1000.0,-9.79,北海道,北海道,9,6,3,0,0.6667,50.0,43.0,7.0,2025-05-26,2026-06-28
735,花巻北,1021.88,1000.0,3.8,宮城,東北,14,8,6,0,0.5714,86.0,45.0,41.0,2025-05-16,2026-07-15
736,敦賀,1021.7,1000.0,1.72,福井,北信越,10,6,4,0,0.6,58.0,51.0,7.0,2025-04-19,2026-07-23
737,水口東,1021.67,1000.0,-0.81,滋賀,近畿,10,6,4,0,0.6,57.0,47.0,10.0,2025-04-19,2026-07-18
738,龍谷,1021.67,1000.0,-9.64,佐賀,九州,10,7,3,0,0.7,45.0,40.0,5.0,2025-03-20,2026-07-21
739,札幌新川,1021.61,1000.0,-9.79,北海道,北海道,13,8,5,0,0.6154,62.0,50.0,12.0,2025-05-26,2026-07-12
740,横須賀工業,1021.59,1000.0,4.44,神奈川,関東・東京,5,3,2,0,0.6,57.0,32.0,25.0,2025-07-10,2026-07-14
741,日大櫻丘,1021.54,1000.0,2.37,東京,関東・東京,6,4,2,0,0.6667,32.0,20.0,12.0,2025-04-04,2026-07-16
742,市ヶ尾,1021.35,1000.0,4.44,神奈川,関東・東京,6,4,2,0,0.6667,30.0,22.0,8.0,2025-04-05,2026-04-05
743,小野工,1021.34,1000.0,0.49,兵庫,近畿,9,6,3,0,0.6667,36.0,27.0,9.0,2025-04-19,2026-07-13
744,和歌山工,1021.28,1000.0,0.99,和歌山,近畿,11,7,4,0,0.6364,35.0,46.0,-11.0,2025-04-12,2026-07-25
745,下関国際(山口1),1021.24,1000.0,0.0,,中国,3,2,1,0,0.6667,13.0,8.0,5.0,2025-10-24,2025-11-01
746,成東,1021.21,1000.0,0.63,千葉,関東・東京,11,7,4,0,0.6364,74.0,40.0,34.0,2025-04-19,2026-07-15
747,宇和,1021.19,1000.0,-7.48,愛媛,四国,11,7,4,0,0.6364,62.0,52.0,10.0,2025-03-23,2026-07-18
748,東京学館,1021.04,1000.0,0.63,千葉,関東・東京,10,6,4,0,0.6,53.0,32.0,21.0,2025-04-20,2026-07-11
749,市岡,1021.04,1000.0,8.38,大阪,近畿,9,5,4,0,0.5556,52.0,49.0,3.0,2025-04-06,2026-07-20
750,翔凜,1021.02,1000.0,0.63,千葉,関東・東京,10,6,4,0,0.6,61.0,30.0,31.0,2025-04-19,2026-07-18
751,福島商,1020.98,1000.0,-1.38,福島,東北,10,6,4,0,0.6,32.0,32.0,0.0,2025-05-18,2026-07-20
752,有田工,1020.96,1000.0,-9.64,佐賀,九州,7,5,2,0,0.7143,24.0,15.0,9.0,2025-07-07,2026-07-24
753,那覇,1020.86,1000.0,1.73,沖縄,九州,10,6,4,0,0.6,64.0,54.0,10.0,2025-03-20,2026-06-28
754,水沢,1020.82,1000.0,3.8,宮城,東北,13,7,6,0,0.5385,94.0,39.0,55.0,2025-05-16,2026-07-20
755,城東工科,1020.81,1000.0,8.38,大阪,近畿,3,2,1,0,0.6667,21.0,15.0,6.0,2025-04-12,2025-05-03
756,平塚江南,1020.77,1000.0,4.44,神奈川,関東・東京,5,3,2,0,0.6,23.0,12.0,11.0,2025-07-10,2026-07-18
757,堺,1020.77,1000.0,8.38,大阪,近畿,1,1,0,0,1.0,10.0,0.0,10.0,2025-07-13,2025-07-13
758,横須賀,1020.68,1000.0,2.72,愛知,東海,27,14,13,0,0.5185,185.0,144.0,41.0,2025-04-12,2026-07-18
759,福翔,1020.68,1000.0,2.09,福岡,九州,9,5,4,0,0.5556,78.0,31.0,47.0,2025-03-21,2026-07-10
760,大阪,1020.64,1000.0,8.38,大阪,近畿,9,5,4,0,0.5556,40.0,44.0,-4.0,2025-04-27,2026-07-18
761,目白研心,1020.56,1000.0,2.37,東京,関東・東京,10,6,4,0,0.6,75.0,43.0,32.0,2025-04-04,2026-07-15
762,山口県桜ケ丘,1020.53,1000.0,-1.06,山口,中国,4,3,1,0,0.75,25.0,10.0,15.0,2025-04-13,2025-04-26
763,大垣北,1020.4,1000.0,-2.62,岐阜,東海,13,8,5,0,0.6154,78.0,55.0,23.0,2025-04-12,2026-07-19
764,鳳,1020.32,1000.0,8.38,大阪,近畿,3,2,1,0,0.6667,20.0,13.0,7.0,2026-07-11,2026-07-17
765,舞子,1020.29,1000.0,0.49,兵庫,近畿,10,6,4,0,0.6,42.0,42.0,0.0,2025-04-19,2026-07-11
766,京都工学院,1020.28,1000.0,2.25,京都,近畿,10,6,4,0,0.6,50.0,40.0,10.0,2025-04-19,2026-07-16
767,尾道商業,1020.22,1000.0,-6.32,島根,中国,12,8,4,0,0.6667,53.0,23.0,30.0,2025-04-19,2026-07-19
768,星野,1020.18,1000.0,-0.08,埼玉,関東・東京,10,6,4,0,0.6,61.0,36.0,25.0,2025-04-24,2026-07-14
769,市和歌山,1020.15,1000.0,0.99,和歌山,近畿,11,6,5,0,0.5455,54.0,36.0,18.0,2025-04-19,2026-07-22
770,神村学園(鹿児島1),1020.1,1000.0,0.0,,九州,3,2,1,0,0.6667,14.0,8.0,6.0,2025-10-26,2025-10-30
771,明大世田谷,1020.08,1000.0,2.37,東京,関東・東京,5,3,2,0,0.6,37.0,21.0,16.0,2026-04-02,2026-07-19
772,汎愛,1020.07,1000.0,8.38,大阪,近畿,9,5,4,0,0.5556,33.0,56.0,-23.0,2025-04-20,2026-07-15
773,桜ケ丘,1020.04,1000.0,-1.06,山口,中国,6,4,2,0,0.6667,20.0,15.0,5.0,2026-04-17,2026-07-21
774,近大付,1020.0,1000.0,8.38,大阪,近畿,1,1,0,0,1.0,11.0,2.0,9.0,2026-04-19,2026-04-19
775,横須賀学院,1019.98,1000.0,4.44,神奈川,関東・東京,9,5,4,0,0.5556,51.0,32.0,19.0,2025-04-05,2026-07-14
776,玉野光南,1019.97,1000.0,-7.46,鳥取,中国,13,8,5,0,0.6154,46.0,32.0,14.0,2025-04-27,2026-07-19
777,広島県工,1019.87,1000.0,-6.32,島根,中国,4,4,0,0,1.0,29.0,7.0,22.0,2025-04-19,2026-03-28
778,市西宮,1019.81,1000.0,0.49,兵庫,近畿,9,5,4,0,0.5556,49.0,23.0,26.0,2025-04-19,2026-07-13
779,早鞆,1019.78,1000.0,-1.06,山口,中国,10,6,4,0,0.6,62.0,51.0,11.0,2025-04-12,2026-07-21
780,函館中部,1019.78,1000.0,-9.79,北海道,北海道,11,7,4,0,0.6364,84.0,54.0,30.0,2025-05-26,2026-07-10
781,加治木,1019.73,1000.0,1.49,鹿児島,九州,10,6,4,0,0.6,52.0,42.0,10.0,2025-03-24,2026-07-13
782,開志学園,1019.72,1000.0,-5.27,新潟,北信越,9,5,4,0,0.5556,60.0,27.0,33.0,2025-04-27,2026-07-18
783,宝塚,1019.66,1000.0,0.49,兵庫,近畿,9,5,4,0,0.5556,30.0,31.0,-1.0,2025-04-19,2026-07-14
784,前原,1019.66,1000.0,1.73,沖縄,九州,10,6,4,0,0.6,35.0,31.0,4.0,2025-03-20,2026-06-23
785,育英,1019.47,1000.0,0.49,兵庫,近畿,10,6,4,0,0.6,54.0,31.0,23.0,2025-04-19,2026-07-12
786,岩国工,1019.39,1000.0,-1.06,山口,中国,6,4,2,0,0.6667,26.0,18.0,8.0,2025-04-21,2026-04-24
787,学法福島,1019.38,1000.0,-1.38,福島,東北,15,9,6,0,0.6,64.0,59.0,5.0,2025-05-16,2026-07-14
788,富士学苑,1019.33,1000.0,-0.05,山梨,関東・東京,10,6,4,0,0.6,59.0,39.0,20.0,2025-04-12,2026-07-09
789,北山,1019.26,1000.0,1.73,沖縄,九州,9,5,4,0,0.5556,46.0,41.0,5.0,2025-03-24,2026-07-18
790,彩星工科,1019.22,1000.0,0.49,兵庫,近畿,11,7,4,0,0.6364,63.0,35.0,28.0,2025-04-19,2026-07-15
791,千里青雲,1019.2,1000.0,8.38,大阪,近畿,9,5,4,0,0.5556,35.0,41.0,-6.0,2025-04-20,2026-07-15
792,大島,1019.07,1000.0,1.49,鹿児島,九州,11,6,5,0,0.5455,47.0,37.0,10.0,2025-03-22,2026-07-19
793,札幌山の手,1019.05,1000.0,-9.79,北海道,北海道,10,6,4,0,0.6,72.0,39.0,33.0,2025-05-26,2026-06-29
794,旭川東,1018.99,1000.0,-9.79,北海道,北海道,10,6,4,0,0.6,90.0,46.0,44.0,2025-05-26,2026-07-08
795,桑名西,1018.98,1000.0,-4.97,三重,東海,12,7,5,0,0.5833,82.0,40.0,42.0,2025-04-12,2026-07-18
796,東大和南,1018.96,1000.0,2.37,東京,関東・東京,9,5,4,0,0.5556,71.0,58.0,13.0,2025-04-04,2026-07-13
797,神戸弘陵学園,1018.92,1000.0,0.49,兵庫,近畿,9,5,4,0,0.5556,46.0,26.0,20.0,2025-04-19,2026-07-14
798,成蹊,1018.86,1000.0,2.37,東京,関東・東京,9,5,4,0,0.5556,101.0,36.0,65.0,2025-04-04,2026-07-15
799,川西緑台,1018.84,1000.0,0.49,兵庫,近畿,9,5,4,0,0.5556,45.0,27.0,18.0,2025-04-19,2026-07-18
800,枕崎,1018.78,1000.0,1.49,鹿児島,九州,10,6,4,0,0.6,51.0,38.0,13.0,2025-03-22,2026-07-13
801,川越,1018.77,1000.0,-4.97,三重,東海,25,14,11,0,0.56,126.0,112.0,14.0,2025-04-12,2026-07-23
802,知念,1018.73,1000.0,1.73,沖縄,九州,9,5,4,0,0.5556,41.0,34.0,7.0,2025-03-20,2026-07-13
803,日進西,1018.7,1000.0,2.72,愛知,東海,13,7,6,0,0.5385,86.0,82.0,4.0,2025-04-12,2026-07-11
804,大東大一,1018.66,1000.0,2.37,東京,関東・東京,8,5,3,0,0.625,44.0,43.0,1.0,2025-07-13,2026-07-15
805,成瀬,1018.6,1000.0,2.37,東京,関東・東京,11,7,4,0,0.6364,76.0,65.0,11.0,2025-04-04,2026-07-13
806,今宮,1018.58,1000.0,8.38,大阪,近畿,7,4,3,0,0.5714,45.0,30.0,15.0,2025-04-26,2026-07-11
807,済々黌,1018.55,1000.0,-4.28,熊本,九州,10,6,4,0,0.6,51.0,35.0,16.0,2025-03-24,2026-07-17
808,山村国際,1018.46,1000.0,-0.08,埼玉,関東・東京,9,5,4,0,0.5556,46.0,32.0,14.0,2025-04-24,2026-07-14
809,立正大立正,1018.37,1000.0,2.37,東京,関東・東京,9,5,4,0,0.5556,52.0,28.0,24.0,2025-04-04,2026-07-16
810,小牧,1018.36,1000.0,2.72,愛知,東海,15,8,7,0,0.5333,132.0,89.0,43.0,2025-04-12,2026-07-12
811,松山学院,1018.35,1000.0,-7.48,愛媛,四国,10,6,4,0,0.6,51.0,51.0,0.0,2025-03-22,2026-07-26
812,廿日市西,1018.3,1000.0,-6.32,島根,中国,14,9,5,0,0.6429,88.0,79.0,9.0,2025-04-19,2026-07-19
813,帝京五,1018.26,1000.0,-7.48,愛媛,四国,11,7,4,0,0.6364,64.0,47.0,17.0,2025-03-21,2026-07-11
814,大崎中央,1018.25,1000.0,-1.84,山形,東北,14,8,6,0,0.5714,77.0,45.0,32.0,2025-05-16,2026-07-13
815,網走南ヶ丘,1018.23,1000.0,-9.79,北海道,北海道,7,5,2,0,0.7143,67.0,35.0,32.0,2026-05-10,2026-07-07
816,関西,1018.19,1000.0,-7.46,鳥取,中国,11,6,5,0,0.5455,60.0,36.0,24.0,2025-04-26,2026-07-25
817,高知商,1018.18,1000.0,3.76,高知,四国,5,3,2,0,0.6,26.0,12.0,14.0,2025-07-13,2026-07-20
818,姫路西,1018.15,1000.0,0.49,兵庫,近畿,10,6,4,0,0.6,50.0,19.0,31.0,2025-04-19,2026-07-15
819,飯能,1018.15,1000.0,-0.08,埼玉,関東・東京,10,6,4,0,0.6,93.0,43.0,50.0,2025-04-24,2026-07-18
820,藤井,1018.02,1000.0,-4.3,徳島,四国,6,4,2,0,0.6667,27.0,26.0,1.0,2025-03-21,2025-07-26
821,出雲,1018.01,1000.0,5.45,広島,中国,10,6,4,0,0.6,46.0,48.0,-2.0,2025-04-20,2026-07-11
822,東海大山形,1017.99,1000.0,-6.25,秋田,東北,11,6,5,0,0.5455,50.0,19.0,31.0,2025-05-11,2026-07-13
823,宮崎日大,1017.9,1000.0,-7.87,宮崎,九州,10,6,4,0,0.6,52.0,29.0,23.0,2025-03-23,2026-07-16
824,川崎北,1017.9,1000.0,4.44,神奈川,関東・東京,5,3,2,0,0.6,37.0,20.0,17.0,2025-07-11,2026-07-10
825,津商業,1017.83,1000.0,-4.97,三重,東海,5,4,1,0,0.8,48.0,10.0,38.0,2025-04-26,2026-03-29
826,幸福学園,1017.8,1000.0,-2.36,栃木,関東・東京,10,6,4,0,0.6,73.0,62.0,11.0,2025-04-12,2026-07-11
827,柳井学園,1017.73,1000.0,-1.06,山口,中国,10,6,4,0,0.6,40.0,34.0,6.0,2025-04-20,2026-07-18
828,拓大一,1017.7,1000.0,2.37,東京,関東・東京,7,4,3,0,0.5714,55.0,28.0,27.0,2025-04-05,2026-07-11
829,栃木商,1017.69,1000.0,-2.36,栃木,関東・東京,10,6,4,0,0.6,51.0,53.0,-2.0,2025-04-12,2026-07-19
830,埼玉栄,1017.69,1000.0,-0.08,埼玉,関東・東京,10,6,4,0,0.6,74.0,35.0,39.0,2025-04-24,2026-07-15
831,竹台,1017.68,1000.0,2.37,東京,関東・東京,8,5,3,0,0.625,56.0,43.0,13.0,2025-07-10,2026-07-15
832,啓新,1017.56,1000.0,1.72,福井,北信越,9,5,4,0,0.5556,34.0,29.0,5.0,2025-04-19,2026-07-21
833,長崎西,1017.54,1000.0,-0.81,長崎,九州,11,6,5,0,0.5455,53.0,36.0,17.0,2025-03-28,2026-07-23
834,千歳,1017.52,1000.0,-9.79,北海道,北海道,11,7,4,0,0.6364,51.0,39.0,12.0,2025-05-26,2026-06-24
835,練馬,1017.52,1000.0,2.37,東京,関東・東京,7,4,3,0,0.5714,32.0,21.0,11.0,2025-04-04,2026-07-16
836,尚志館,1017.47,1000.0,1.49,鹿児島,九州,12,7,5,0,0.5833,41.0,65.0,-24.0,2025-03-22,2026-07-23
837,高田,1017.46,1000.0,-4.97,三重,東海,50,26,24,0,0.52,248.0,206.0,42.0,2025-03-22,2026-07-21
838,宮古,1017.43,1000.0,1.73,沖縄,九州,22,12,10,0,0.5455,120.0,96.0,24.0,2025-03-23,2026-07-18
839,出水中央,1017.41,1000.0,1.49,鹿児島,九州,9,5,4,0,0.5556,50.0,21.0,29.0,2025-03-28,2026-07-15
840,山陽,1017.41,1000.0,-6.32,島根,中国,12,7,5,0,0.5833,93.0,40.0,53.0,2025-04-19,2026-07-16
841,日川,1017.32,1000.0,-0.05,山梨,関東・東京,9,5,4,0,0.5556,51.0,49.0,2.0,2025-04-12,2026-07-17
842,八工大二,1017.13,1000.0,4.16,青森,東北,9,5,4,0,0.5556,52.0,38.0,14.0,2025-05-11,2026-07-15
843,穎明館,1017.11,1000.0,2.37,東京,関東・東京,9,5,4,0,0.5556,85.0,57.0,28.0,2025-04-04,2026-07-15
844,磐田南,1017.1,1000.0,-1.42,静岡,東海,15,9,6,0,0.6,84.0,48.0,36.0,2025-04-19,2026-07-05
845,仁川学院,1017.07,1000.0,0.49,兵庫,近畿,10,6,4,0,0.6,34.0,32.0,2.0,2025-04-19,2026-07-20
846,美濃加茂,1017.05,1000.0,-2.62,岐阜,東海,14,9,5,0,0.6429,52.0,35.0,17.0,2025-04-12,2026-07-05
847,沖縄水産,1017.02,1000.0,1.73,沖縄,九州,9,5,4,0,0.5556,55.0,27.0,28.0,2025-03-21,2026-06-23
848,酒田光陵,1017.0,1000.0,-6.25,秋田,東北,10,6,4,0,0.6,51.0,50.0,1.0,2025-05-10,2026-07-19
849,網走南ケ丘,1016.98,1000.0,-9.79,北海道,北海道,6,4,2,0,0.6667,28.0,12.0,16.0,2025-05-26,2025-05-26
850,芝,1016.98,1000.0,2.37,東京,関東・東京,5,3,2,0,0.6,25.0,22.0,3.0,2025-07-06,2026-07-16
851,宇都宮商,1016.97,1000.0,-2.36,栃木,関東・東京,9,5,4,0,0.5556,56.0,37.0,19.0,2025-04-12,2026-07-18
852,香寺,1016.93,1000.0,0.49,兵庫,近畿,9,5,4,0,0.5556,24.0,16.0,8.0,2025-04-19,2026-07-16
853,山形学院,1016.92,1000.0,-6.25,秋田,東北,10,6,4,0,0.6,40.0,35.0,5.0,2025-05-12,2026-07-20
854,妻,1016.88,1000.0,-7.87,宮崎,九州,5,4,1,0,0.8,16.0,13.0,3.0,2025-03-20,2026-07-16
855,赤穂,1016.87,1000.0,-4.39,長野,北信越,22,13,9,0,0.5909,131.0,99.0,32.0,2025-04-19,2026-07-16
856,京都精華,1016.86,1000.0,2.25,京都,近畿,7,4,3,0,0.5714,50.0,39.0,11.0,2025-04-19,2026-07-16
857,専大熊本,1016.85,1000.0,-4.28,熊本,九州,9,5,4,0,0.5556,47.0,23.0,24.0,2025-03-24,2026-07-13
858,須磨友が丘,1016.84,1000.0,0.49,兵庫,近畿,10,6,4,0,0.6,47.0,32.0,15.0,2025-04-19,2026-07-09
859,新屋,1016.77,1000.0,0.62,岩手,東北,9,5,4,0,0.5556,31.0,30.0,1.0,2025-05-13,2026-07-19
860,掛川東,1016.76,1000.0,-1.42,静岡,東海,14,8,6,0,0.5714,78.0,53.0,25.0,2025-04-19,2026-07-19
861,日大一,1016.76,1000.0,2.37,東京,関東・東京,11,7,4,0,0.6364,63.0,67.0,-4.0,2025-04-04,2026-07-06
862,徳之島,1016.75,1000.0,1.49,鹿児島,九州,10,6,4,0,0.6,48.0,41.0,7.0,2025-03-23,2026-07-17
863,安房,1016.63,1000.0,0.63,千葉,関東・東京,9,5,4,0,0.5556,44.0,41.0,3.0,2025-04-19,2026-07-20
864,守谷,1016.62,1000.0,-1.03,茨城,関東・東京,11,7,4,0,0.6364,52.0,49.0,3.0,2025-04-19,2026-07-15
865,三沢商業,1016.55,1000.0,4.16,青森,東北,8,4,4,0,0.5,45.0,31.0,14.0,2025-05-11,2026-07-17
866,青森南,1016.44,1000.0,4.16,青森,東北,9,5,4,0,0.5556,48.0,43.0,5.0,2025-05-09,2026-07-15
867,金沢市工,1016.28,1000.0,6.19,石川,北信越,8,4,4,0,0.5,35.0,29.0,6.0,2025-04-27,2026-07-24
868,筑陽学園,1016.23,1000.0,2.09,福岡,九州,9,5,4,0,0.5556,47.0,29.0,18.0,2025-03-22,2026-07-12
869,袋井,1016.21,1000.0,-1.42,静岡,東海,13,8,5,0,0.6154,87.0,59.0,28.0,2025-04-19,2026-07-11
870,前橋工,1016.17,1000.0,3.22,群馬,関東・東京,10,6,4,0,0.6,53.0,62.0,-9.0,2025-04-15,2026-07-19
871,大阪電通大高,1016.14,1000.0,8.38,大阪,近畿,9,5,4,0,0.5556,40.0,39.0,1.0,2025-04-20,2026-07-15
872,立川,1016.12,1000.0,2.37,東京,関東・東京,9,5,4,0,0.5556,85.0,39.0,46.0,2025-04-04,2026-07-13
873,熊本,1016.07,1000.0,-4.28,熊本,九州,10,6,4,0,0.6,48.0,42.0,6.0,2025-03-20,2026-07-13
874,松江商業,1016.04,1000.0,5.45,広島,中国,9,5,4,0,0.5556,43.0,48.0,-5.0,2025-04-19,2026-07-21
875,梼原,1016.01,1000.0,3.76,高知,四国,9,5,4,0,0.5556,47.0,40.0,7.0,2025-03-21,2026-07-21
876,佐賀商,1016.0,1000.0,-9.64,佐賀,九州,7,5,2,0,0.7143,28.0,15.0,13.0,2025-07-13,2026-08-12
877,北見柏陽,1016.0,1000.0,-9.79,北海道,北海道,10,6,4,0,0.6,90.0,41.0,49.0,2025-05-26,2026-07-07
878,鶴崎工,1016.0,1000.0,2.65,大分,九州,3,2,1,0,0.6667,24.0,15.0,9.0,2025-03-30,2025-04-03
879,嘉穂,1016.0,1000.0,2.09,福岡,九州,9,5,4,0,0.5556,49.0,24.0,25.0,2025-03-22,2026-07-12
880,工学院大付,1015.97,1000.0,2.37,東京,関東・東京,3,2,1,0,0.6667,23.0,8.0,15.0,2025-04-07,2025-07-06
881,茨木工科・福井・北摂つばさ・箕面東,1015.92,1000.0,8.38,大阪,近畿,3,2,1,0,0.6667,7.0,10.0,-3.0,2025-07-12,2025-07-21
882,武南,1015.87,1000.0,-0.08,埼玉,関東・東京,10,6,4,0,0.6,46.0,47.0,-1.0,2025-04-24,2026-07-18
883,松商,1015.83,1000.0,-4.97,三重,東海,5,4,1,0,0.8,31.0,11.0,20.0,2025-04-12,2025-04-12
884,浜松工,1015.74,1000.0,-1.42,静岡,東海,7,5,2,0,0.7143,38.0,14.0,24.0,2025-04-19,2026-03-29
885,愛産大三河,1015.63,1000.0,2.72,愛知,東海,14,8,6,0,0.5714,76.0,70.0,6.0,2025-04-12,2026-07-12
886,茨城,1015.62,1000.0,-1.03,茨城,関東・東京,10,6,4,0,0.6,26.0,36.0,-10.0,2025-04-19,2026-07-20
887,狛江,1015.6,1000.0,2.37,東京,関東・東京,9,5,4,0,0.5556,61.0,49.0,12.0,2025-04-04,2026-07-14
888,東京成徳大高,1015.49,1000.0,2.37,東京,関東・東京,9,5,4,0,0.5556,45.0,26.0,19.0,2025-04-05,2026-07-13
889,慶應志木,1015.35,1000.0,-0.08,埼玉,関東・東京,4,3,1,0,0.75,29.0,23.0,6.0,2025-07-13,2026-07-11
890,熊本商業,1015.29,1000.0,-4.28,熊本,九州,9,5,4,0,0.5556,66.0,31.0,35.0,2025-03-26,2026-07-14
891,麗澤瑞浪,1015.26,1000.0,-2.62,岐阜,東海,14,8,6,0,0.5714,72.0,55.0,17.0,2025-04-12,2026-07-20
892,高蔵寺,1015.14,1000.0,2.72,愛知,東海,13,7,6,0,0.5385,77.0,46.0,31.0,2025-04-12,2026-07-11
893,藤枝東,1015.12,1000.0,-1.42,静岡,東海,15,9,6,0,0.6,49.0,66.0,-17.0,2025-04-19,2026-07-18
894,我孫子東,1015.06,1000.0,0.63,千葉,関東・東京,9,5,4,0,0.5556,44.0,43.0,1.0,2025-04-19,2026-07-18
895,牛久,1015.02,1000.0,-1.03,茨城,関東・東京,10,6,4,0,0.6,68.0,38.0,30.0,2025-04-19,2026-07-18
896,岩美,1014.96,1000.0,1.62,岡山,中国,10,6,4,0,0.6,38.0,45.0,-7.0,2025-04-19,2026-07-16
897,静清,1014.92,1000.0,-1.42,静岡,東海,14,8,6,0,0.5714,55.0,42.0,13.0,2025-04-19,2026-07-19
898,滋賀学園(滋賀3),1014.9,1000.0,0.0,,近畿,3,2,1,0,0.6667,10.0,10.0,0.0,2025-10-18,2025-11-02
899,浜松学院興誠,1014.78,1000.0,-1.42,静岡,東海,9,5,4,0,0.5556,45.0,32.0,13.0,2025-07-05,2026-07-21
900,近大福岡,1014.69,1000.0,2.09,福岡,九州,7,4,3,0,0.5714,29.0,23.0,6.0,2025-07-10,2026-07-17
901,昭和学院,1014.68,1000.0,0.63,千葉,関東・東京,9,5,4,0,0.5556,62.0,37.0,25.0,2025-04-19,2026-07-14
902,出水工,1014.66,1000.0,1.49,鹿児島,九州,1,1,0,0,1.0,21.0,0.0,21.0,2025-07-09,2025-07-09
903,湘南学院,1014.53,1000.0,4.44,神奈川,関東・東京,9,5,4,0,0.5556,45.0,39.0,6.0,2025-04-05,2026-07-16
904,島田樟誠,1014.51,1000.0,-1.42,静岡,東海,13,8,5,0,0.6154,56.0,36.0,20.0,2025-04-19,2026-07-18
905,検見川,1014.48,1000.0,0.63,千葉,関東・東京,7,4,3,0,0.5714,38.0,29.0,9.0,2025-04-19,2026-07-14
906,諫早農,1014.46,1000.0,-0.81,長崎,九州,9,5,4,0,0.5556,56.0,40.0,16.0,2025-03-29,2026-07-18
907,就実,1014.41,1000.0,-7.46,鳥取,中国,10,6,4,0,0.6,57.0,31.0,26.0,2025-04-26,2026-07-18
908,大阪ビジネスフロンティア,1014.4,1000.0,8.38,大阪,近畿,4,2,2,0,0.5,24.0,13.0,11.0,2025-07-13,2026-07-18
909,京都翔英5),1014.4,1000.0,2.25,京都,近畿,1,1,0,0,1.0,16.0,1.0,15.0,2026-04-12,2026-04-12
910,鵬翔,1014.31,1000.0,-7.87,宮崎,九州,10,6,4,0,0.6,61.0,43.0,18.0,2025-03-21,2026-07-13
911,米沢興譲館,1014.31,1000.0,-6.25,秋田,東北,10,6,4,0,0.6,49.0,44.0,5.0,2025-05-10,2026-07-17
912,水口,1014.3,1000.0,-0.81,滋賀,近畿,10,6,4,0,0.6,55.0,57.0,-2.0,2025-04-12,2026-07-09
913,日本学園,1014.27,1000.0,2.37,東京,関東・東京,5,3,2,0,0.6,40.0,17.0,23.0,2025-04-04,2026-03-20
914,狭山ヶ丘,1014.26,1000.0,-0.08,埼玉,関東・東京,9,5,4,0,0.5556,60.0,33.0,27.0,2025-04-26,2026-07-09
915,丸亀,1014.25,1000.0,-4.3,徳島,四国,9,5,4,0,0.5556,50.0,35.0,15.0,2025-03-21,2026-07-23
916,三国丘,1014.17,1000.0,8.38,大阪,近畿,9,5,4,0,0.5556,30.0,43.0,-13.0,2025-04-06,2026-07-18
917,気仙沼,1014.1,1000.0,-1.84,山形,東北,12,7,5,0,0.5833,69.0,42.0,27.0,2025-05-16,2026-07-15
918,秋田工業,1014.04,1000.0,0.62,岩手,東北,7,4,3,0,0.5714,24.0,21.0,3.0,2025-05-13,2026-07-13
919,武庫荘総合,1013.98,1000.0,0.49,兵庫,近畿,10,6,4,0,0.6,51.0,36.0,15.0,2025-04-19,2026-07-18
920,浜名,1013.91,1000.0,-1.42,静岡,東海,10,6,4,0,0.6,64.0,48.0,16.0,2025-04-19,2026-07-12
921,砂川美唄尚栄,1013.8,1000.0,-9.79,北海道,北海道,2,2,0,0,1.0,20.0,0.0,20.0,2025-05-26,2025-05-26
922,会津工業,1013.79,1000.0,-1.38,福島,東北,9,6,3,0,0.6667,59.0,44.0,15.0,2025-05-16,2026-05-16
923,細田学園,1013.78,1000.0,-0.08,埼玉,関東・東京,9,5,4,0,0.5556,56.0,25.0,31.0,2025-04-24,2026-07-14
924,島田工,1013.78,1000.0,-1.42,静岡,東海,8,5,3,0,0.625,35.0,31.0,4.0,2025-04-19,2026-07-18
925,千葉学芸,1013.76,1000.0,0.63,千葉,関東・東京,9,5,4,0,0.5556,49.0,17.0,32.0,2025-04-19,2026-07-11
926,高稜,1013.71,1000.0,2.09,福岡,九州,10,6,4,0,0.6,58.0,57.0,1.0,2025-03-20,2026-07-08
927,広島工大,1013.68,1000.0,-6.32,島根,中国,5,3,2,0,0.6,41.0,21.0,20.0,2025-07-13,2026-07-15
928,越ケ谷,1013.62,1000.0,-0.08,埼玉,関東・東京,2,2,0,0,1.0,19.0,9.0,10.0,2025-04-24,2026-04-14
929,久留米高専・久留米筑水,1013.62,1000.0,2.09,福岡,九州,1,1,0,0,1.0,8.0,1.0,7.0,2025-03-22,2025-03-22
930,倉吉北,1013.62,1000.0,1.62,岡山,中国,7,4,3,0,0.5714,48.0,37.0,11.0,2025-04-19,2026-07-17
931,北谷,1013.61,1000.0,1.73,沖縄,九州,9,5,4,0,0.5556,46.0,45.0,1.0,2025-03-20,2026-07-05
932,葛飾野,1013.6,1000.0,2.37,東京,関東・東京,9,5,4,0,0.5556,54.0,40.0,14.0,2025-04-04,2026-07-15
933,総合工科,1013.6,1000.0,2.37,東京,関東・東京,10,6,4,0,0.6,56.0,41.0,15.0,2025-04-04,2026-07-14
934,朋優学院,1013.58,1000.0,2.37,東京,関東・東京,9,5,4,0,0.5556,57.0,51.0,6.0,2025-04-06,2026-07-14
935,高朋,1013.57,1000.0,-10.7,富山,北信越,10,6,4,0,0.6,36.0,25.0,11.0,2025-04-19,2026-07-20
936,芝浦工大付,1013.53,1000.0,2.37,東京,関東・東京,1,1,0,0,1.0,5.0,1.0,4.0,2025-07-08,2025-07-08
937,田無,1013.52,1000.0,2.37,東京,関東・東京,9,5,4,0,0.5556,50.0,48.0,2.0,2025-04-04,2026-07-13
938,安城学園,1013.51,1000.0,2.72,愛知,東海,16,9,7,0,0.5625,125.0,68.0,57.0,2025-04-12,2026-07-04
939,福島工業,1013.41,1000.0,-1.38,福島,東北,5,4,1,0,0.8,28.0,29.0,-1.0,2025-05-16,2026-05-02
940,緑峰・江南,1013.38,1000.0,3.8,宮城,東北,1,1,0,0,1.0,6.0,4.0,2.0,2025-07-10,2025-07-10
941,大船渡,1013.37,1000.0,3.8,宮城,東北,15,8,7,0,0.5333,63.0,52.0,11.0,2025-05-16,2026-07-18
942,長岡,1013.34,1000.0,-5.27,新潟,北信越,9,5,4,0,0.5556,54.0,29.0,25.0,2025-04-27,2026-07-12
943,中村三陽,1013.32,1000.0,2.09,福岡,九州,5,3,2,0,0.6,24.0,17.0,7.0,2025-03-24,2026-07-08
944,丸亀城西,1013.3,1000.0,-4.3,徳島,四国,9,5,4,0,0.5556,52.0,29.0,23.0,2025-03-22,2026-07-19
945,長野俊英,1013.28,1000.0,-4.39,長野,北信越,12,7,5,0,0.5833,63.0,61.0,2.0,2025-05-10,2026-07-11
946,神村学園伊賀,1013.27,1000.0,-4.97,三重,東海,5,3,2,0,0.6,27.0,10.0,17.0,2025-07-07,2026-07-18
947,寝屋川,1013.26,1000.0,8.38,大阪,近畿,8,4,4,0,0.5,27.0,43.0,-16.0,2025-04-20,2026-07-19
948,昭和,1013.25,1000.0,2.37,東京,関東・東京,19,9,10,0,0.4737,119.0,115.0,4.0,2025-04-07,2026-07-18
949,柏井,1013.24,1000.0,0.63,千葉,関東・東京,11,7,4,0,0.6364,54.0,51.0,3.0,2025-04-19,2026-07-18
950,近江兄弟社,1013.21,1000.0,-0.81,滋賀,近畿,9,5,4,0,0.5556,44.0,27.0,17.0,2025-04-12,2026-07-18
951,生駒,1013.19,1000.0,3.92,奈良,近畿,8,4,4,0,0.5,39.0,25.0,14.0,2025-04-19,2026-07-22
952,桜台,1013.18,1000.0,2.72,愛知,東海,13,7,6,0,0.5385,77.0,57.0,20.0,2025-04-12,2026-07-12
953,宮津天橋,1013.15,1000.0,2.25,京都,近畿,9,5,4,0,0.5556,66.0,46.0,20.0,2025-04-19,2026-07-16
954,春日部工,1013.06,1000.0,-0.08,埼玉,関東・東京,2,2,0,0,1.0,12.0,2.0,10.0,2026-04-12,2026-04-15
955,東農大三,1013.05,1000.0,-0.08,埼玉,関東・東京,5,3,2,0,0.6,17.0,15.0,2.0,2025-04-24,2026-07-18
956,不二越工,1013.03,1000.0,-10.7,富山,北信越,11,7,4,0,0.6364,65.0,57.0,8.0,2025-04-20,2026-07-18
957,亀岡,1013.03,1000.0,2.25,京都,近畿,7,4,3,0,0.5714,26.0,24.0,2.0,2025-04-19,2026-07-19
958,洲本,1013.03,1000.0,0.49,兵庫,近畿,9,5,4,0,0.5556,28.0,25.0,3.0,2025-04-19,2026-07-18
959,遠賀・築上西・水産,1013.02,1000.0,2.09,福岡,九州,1,1,0,0,1.0,8.0,3.0,5.0,2025-03-20,2025-03-20
960,近大福岡7),1012.95,1000.0,2.09,福岡,九州,1,1,0,0,1.0,7.0,0.0,7.0,2026-03-21,2026-03-21
961,八日市,1012.93,1000.0,-0.81,滋賀,近畿,9,5,4,0,0.5556,37.0,30.0,7.0,2025-04-12,2026-07-12
962,姫路工,1012.84,1000.0,0.49,兵庫,近畿,9,6,3,0,0.6667,31.0,25.0,6.0,2025-04-19,2026-07-16
963,青州,1012.82,1000.0,-0.05,山梨,関東・東京,1,1,0,0,1.0,13.0,0.0,13.0,2025-07-13,2025-07-13
964,上宮太子,1012.75,1000.0,8.38,大阪,近畿,8,4,4,0,0.5,41.0,28.0,13.0,2025-04-20,2026-07-17
965,金井,1012.7,1000.0,4.44,神奈川,関東・東京,9,5,4,0,0.5556,45.0,41.0,4.0,2025-04-05,2026-07-14
966,花巻南,1012.7,1000.0,3.8,宮城,東北,15,9,6,0,0.6,70.0,62.0,8.0,2025-05-16,2026-07-09
967,八鹿,1012.65,1000.0,0.49,兵庫,近畿,7,4,3,0,0.5714,37.0,25.0,12.0,2025-04-19,2026-07-13
968,君津商業,1012.62,1000.0,0.63,千葉,関東・東京,8,4,4,0,0.5,56.0,53.0,3.0,2025-04-19,2026-07-18
969,柏原,1012.61,1000.0,0.49,兵庫,近畿,7,4,3,0,0.5714,25.0,15.0,10.0,2025-04-19,2026-07-18
970,出水商,1012.58,1000.0,1.49,鹿児島,九州,1,1,0,0,1.0,6.0,2.0,4.0,2025-07-12,2025-07-12
971,仙台城南,1012.57,1000.0,-1.84,山形,東北,13,7,6,0,0.5385,53.0,45.0,8.0,2025-05-16,2026-07-22
972,佐和,1012.55,1000.0,-1.03,茨城,関東・東京,9,5,4,0,0.5556,73.0,33.0,40.0,2025-04-19,2026-07-15
973,中津東,1012.53,1000.0,2.65,大分,九州,9,5,4,0,0.5556,54.0,36.0,18.0,2025-03-23,2026-07-17
974,浦和実,1012.5,1000.0,-0.08,埼玉,関東・東京,1,1,0,0,1.0,7.0,1.0,6.0,2026-07-15,2026-07-15
975,有教館,1012.48,1000.0,2.72,愛知,東海,10,6,4,0,0.6,43.0,50.0,-7.0,2025-04-12,2026-03-30
976,東浦,1012.45,1000.0,2.72,愛知,東海,16,9,7,0,0.5625,82.0,62.0,20.0,2025-04-12,2026-07-08
977,窪川,1012.43,1000.0,3.76,高知,四国,3,2,1,0,0.6667,24.0,25.0,-1.0,2026-07-12,2026-07-20
978,聖心ウルスラ学園,1012.42,1000.0,-7.87,宮崎,九州,2,2,0,0,1.0,14.0,5.0,9.0,2026-04-05,2026-04-06
979,朝日,1012.35,1000.0,-7.46,鳥取,中国,3,3,0,0,1.0,18.0,7.0,11.0,2025-04-26,2026-04-18
980,六甲アイランド,1012.31,1000.0,0.49,兵庫,近畿,10,6,4,0,0.6,46.0,43.0,3.0,2025-04-19,2026-07-10
981,鳥栖工,1012.3,1000.0,-9.64,佐賀,九州,8,5,3,0,0.625,32.0,13.0,19.0,2025-07-10,2026-07-10
982,能登川,1012.26,1000.0,-0.81,滋賀,近畿,9,5,4,0,0.5556,48.0,42.0,6.0,2025-04-19,2026-07-19
983,福山工業,1012.12,1000.0,-6.32,島根,中国,14,8,6,0,0.5714,82.0,59.0,23.0,2025-04-19,2026-07-11
984,西宮東,1012.08,1000.0,0.49,兵庫,近畿,9,5,4,0,0.5556,44.0,27.0,17.0,2025-04-19,2026-07-18
985,奈良,1012.03,1000.0,3.92,奈良,近畿,9,5,4,0,0.5556,30.0,37.0,-7.0,2025-04-12,2026-07-15
986,徳島北,1011.98,1000.0,-0.82,香川,四国,9,5,4,0,0.5556,32.0,27.0,5.0,2025-03-23,2026-07-23
987,立教池袋,1011.93,1000.0,2.37,東京,関東・東京,9,5,4,0,0.5556,66.0,57.0,9.0,2025-04-04,2026-07-13
988,青洲,1011.89,1000.0,-0.05,山梨,関東・東京,9,5,4,0,0.5556,42.0,39.0,3.0,2025-04-15,2026-07-18
989,姫路工業,1011.89,1000.0,0.49,兵庫,近畿,1,1,0,0,1.0,5.0,0.0,5.0,2025-04-20,2025-04-20
990,和歌山東,1011.88,1000.0,0.99,和歌山,近畿,9,5,4,0,0.5556,38.0,29.0,9.0,2025-04-12,2026-07-19
991,大垣商,1011.78,1000.0,-2.62,岐阜,東海,14,9,5,0,0.6429,72.0,59.0,13.0,2025-04-12,2026-07-18
992,大塚,1011.76,1000.0,8.38,大阪,近畿,8,4,4,0,0.5,53.0,40.0,13.0,2025-04-12,2026-07-16
993,札幌国際,1011.7,1000.0,-9.79,北海道,北海道,4,3,1,0,0.75,39.0,25.0,14.0,2026-05-09,2026-05-17
994,碧南,1011.68,1000.0,2.72,愛知,東海,12,6,6,0,0.5,84.0,61.0,23.0,2025-04-12,2026-07-19
995,松山聖陵,1011.62,1000.0,-7.48,愛媛,四国,9,5,4,0,0.5556,57.0,44.0,13.0,2025-03-22,2026-07-13
996,小倉東,1011.6,1000.0,2.09,福岡,九州,9,5,4,0,0.5556,35.0,39.0,-4.0,2025-03-22,2026-07-11
997,立志舎,1011.6,1000.0,2.37,東京,関東・東京,9,5,4,0,0.5556,80.0,41.0,39.0,2025-04-04,2026-07-12
998,日立商,1011.56,1000.0,-1.03,茨城,関東・東京,8,5,3,0,0.625,54.0,35.0,19.0,2025-04-19,2026-07-10
999,磯子工業,1011.51,1000.0,4.44,神奈川,関東・東京,7,4,3,0,0.5714,35.0,40.0,-5.0,2025-04-05,2026-07-16
1000,大館鳳鳴,1011.49,1000.0,0.62,岩手,東北,9,5,4,0,0.5556,52.0,45.0,7.0,2025-05-14,2026-07-10
1001,石岡一,1011.43,1000.0,-1.03,茨城,関東・東京,9,5,4,0,0.5556,70.0,45.0,25.0,2025-04-19,2026-07-14
1002,平田,1011.42,1000.0,5.45,広島,中国,8,4,4,0,0.5,44.0,36.0,8.0,2025-04-19,2026-07-18
1003,日高中津,1011.42,1000.0,0.99,和歌山,近畿,8,4,4,0,0.5,44.0,27.0,17.0,2025-04-12,2026-07-18
1004,会津工,1011.41,1000.0,-1.38,福島,東北,7,4,3,0,0.5714,46.0,38.0,8.0,2025-05-18,2026-07-18
1005,日高,1011.39,1000.0,0.99,和歌山,近畿,9,5,4,0,0.5556,61.0,49.0,12.0,2025-04-19,2026-07-20
1006,新潟商,1011.38,1000.0,-5.27,新潟,北信越,9,5,4,0,0.5556,47.0,49.0,-2.0,2025-04-27,2026-07-15
1007,諏訪清陵,1011.31,1000.0,-4.39,長野,北信越,14,8,6,0,0.5714,79.0,57.0,22.0,2025-05-10,2026-07-12
1008,遠軽,1011.25,1000.0,-9.79,北海道,北海道,11,6,5,0,0.5455,83.0,64.0,19.0,2025-05-26,2026-07-08
1009,長崎南山,1011.24,1000.0,-0.81,長崎,九州,9,5,4,0,0.5556,44.0,32.0,12.0,2025-03-29,2026-07-18
1010,山本,1011.16,1000.0,8.38,大阪,近畿,8,4,4,0,0.5,65.0,45.0,20.0,2025-04-06,2026-07-05
1011,今宮工科,1011.16,1000.0,8.38,大阪,近畿,8,4,4,0,0.5,38.0,39.0,-1.0,2025-04-27,2026-07-18
1012,都城東,1011.15,1000.0,-7.87,宮崎,九州,4,3,1,0,0.75,12.0,6.0,6.0,2025-03-20,2025-03-31
1013,仙台南,1011.15,1000.0,-1.84,山形,東北,12,7,5,0,0.5833,60.0,39.0,21.0,2025-05-16,2026-07-17
1014,足立西・荒川工科・大島・大島海洋国際・科学技術・北豊島工科,1011.13,1000.0,2.37,東京,関東・東京,1,1,0,0,1.0,3.0,1.0,2.0,2026-03-14,2026-03-14
1015,神埼清明,1011.13,1000.0,-9.64,佐賀,九州,11,7,4,0,0.6364,57.0,52.0,5.0,2025-03-22,2026-07-14
1016,武蔵丘,1011.12,1000.0,2.37,東京,関東・東京,8,4,4,0,0.5,64.0,32.0,32.0,2025-04-04,2026-07-16
1017,取手松陽,1011.08,1000.0,-1.03,茨城,関東・東京,9,5,4,0,0.5556,41.0,17.0,24.0,2025-04-19,2026-07-11
1018,浦河,1011.05,1000.0,-9.79,北海道,北海道,10,6,4,0,0.6,50.0,35.0,15.0,2025-05-26,2026-06-23
1019,福井農林・奥越明成,1011.05,1000.0,1.72,福井,北信越,3,2,1,0,0.6667,12.0,17.0,-5.0,2026-07-11,2026-07-20
1020,盛岡商業,1011.03,1000.0,3.8,宮城,東北,13,7,6,0,0.5385,73.0,53.0,20.0,2025-05-16,2026-07-14
1021,湘南工大附,1011.02,1000.0,4.44,神奈川,関東・東京,6,3,3,0,0.5,24.0,19.0,5.0,2025-04-12,2026-07-09
1022,八重山,1011.0,1000.0,1.73,沖縄,九州,9,5,4,0,0.5556,23.0,23.0,0.0,2025-03-21,2026-07-04
1023,指宿商,1010.95,1000.0,1.49,鹿児島,九州,1,1,0,0,1.0,4.0,2.0,2.0,2025-07-08,2025-07-08
1024,豊橋西,1010.95,1000.0,2.72,愛知,東海,15,8,7,0,0.5333,77.0,55.0,22.0,2025-04-12,2026-07-04
1025,片倉,1010.94,1000.0,2.37,東京,関東・東京,9,5,4,0,0.5556,59.0,39.0,20.0,2025-04-04,2026-07-15
1026,盛岡工,1010.94,1000.0,3.8,宮城,東北,1,1,0,0,1.0,9.0,0.0,9.0,2026-04-30,2026-04-30
1027,高山西,1010.91,1000.0,-2.62,岐阜,東海,12,7,5,0,0.5833,54.0,48.0,6.0,2025-04-12,2026-07-05
1028,青井・足立東・葛飾総合・農産・南葛飾,1010.87,1000.0,2.37,東京,関東・東京,1,1,0,0,1.0,7.0,6.0,1.0,2025-07-12,2025-07-12
1029,那覇商業,1010.84,1000.0,1.73,沖縄,九州,9,5,4,0,0.5556,38.0,44.0,-6.0,2025-03-22,2026-07-05
1030,岩見沢東,1010.82,1000.0,-9.79,北海道,北海道,11,7,4,0,0.6364,61.0,56.0,5.0,2025-05-26,2026-07-09
1031,板橋,1010.79,1000.0,2.37,東京,関東・東京,9,5,4,0,0.5556,74.0,48.0,26.0,2025-04-04,2026-07-14
1032,学芸大附,1010.73,1000.0,2.37,東京,関東・東京,7,4,3,0,0.5714,38.0,37.0,1.0,2025-04-04,2026-07-15
1033,長野工,1010.7,1000.0,-4.39,長野,北信越,9,5,4,0,0.5556,41.0,27.0,14.0,2025-05-10,2026-07-05
1034,嵯峨野,1010.69,1000.0,2.25,京都,近畿,9,4,4,1,0.4444,42.0,35.0,7.0,2025-04-20,2026-07-19
1035,岩国工業,1010.69,1000.0,-1.06,山口,中国,3,2,1,0,0.6667,27.0,17.0,10.0,2025-04-13,2026-07-19
1036,土岐商業,1010.67,1000.0,-2.62,岐阜,東海,2,2,0,0,1.0,15.0,2.0,13.0,2026-03-28,2026-03-30
1037,沖縄カトリック,1010.67,1000.0,1.73,沖縄,九州,3,2,1,0,0.6667,22.0,12.0,10.0,2026-03-20,2026-03-28
1038,長岡大手,1010.65,1000.0,-5.27,新潟,北信越,10,6,4,0,0.6,51.0,49.0,2.0,2025-04-26,2026-07-16
1039,千葉英和,1010.63,1000.0,0.63,千葉,関東・東京,9,5,4,0,0.5556,59.0,37.0,22.0,2025-04-19,2026-07-12
1040,伊那北,1010.58,1000.0,-4.39,長野,北信越,18,10,8,0,0.5556,101.0,115.0,-14.0,2025-05-10,2026-07-11
1041,十日町,1010.57,1000.0,-5.27,新潟,北信越,9,5,4,0,0.5556,44.0,20.0,24.0,2025-04-28,2026-07-16
1042,折尾愛真,1010.54,1000.0,2.09,福岡,九州,8,4,4,0,0.5,50.0,31.0,19.0,2025-03-25,2026-07-16
1043,誠之館,1010.53,1000.0,-6.32,島根,中国,3,2,1,0,0.6667,21.0,5.0,16.0,2026-07-10,2026-07-19
1044,岡山理大附,1010.5,1000.0,-7.46,鳥取,中国,9,5,4,0,0.5556,34.0,22.0,12.0,2025-04-26,2026-07-22
1045,大阪学芸,1010.48,1000.0,8.38,大阪,近畿,8,4,4,0,0.5,46.0,37.0,9.0,2025-04-19,2026-07-12
1046,益田清風,1010.46,1000.0,-2.62,岐阜,東海,13,7,6,0,0.5385,79.0,71.0,8.0,2025-04-12,2026-07-22
1047,大東大第一,1010.46,1000.0,2.37,東京,関東・東京,3,2,1,0,0.6667,10.0,13.0,-3.0,2025-04-07,2025-04-20
1048,豊丘,1010.45,1000.0,2.72,愛知,東海,15,8,7,0,0.5333,101.0,64.0,37.0,2025-04-12,2026-06-28
1049,武田,1010.42,1000.0,-6.32,島根,中国,14,8,6,0,0.5714,77.0,55.0,22.0,2025-04-19,2026-07-15
1050,巻,1010.42,1000.0,-5.27,新潟,北信越,5,3,2,0,0.6,28.0,14.0,14.0,2025-04-27,2026-07-15
1051,宮崎第一,1010.4,1000.0,-7.87,宮崎,九州,9,5,4,0,0.5556,58.0,39.0,19.0,2025-03-20,2026-07-16
1052,可児,1010.37,1000.0,-2.62,岐阜,東海,8,5,3,0,0.625,37.0,50.0,-13.0,2025-04-12,2026-07-18
1053,稲沢緑風館・犬山総合・一宮商業,1010.34,1000.0,2.72,愛知,東海,1,1,0,0,1.0,12.0,3.0,9.0,2026-03-20,2026-03-20
1054,常葉大橘,1010.29,1000.0,-1.42,静岡,東海,10,5,5,0,0.5,48.0,23.0,25.0,2025-04-19,2026-07-11
1055,緑岡,1010.25,1000.0,-1.03,茨城,関東・東京,9,5,4,0,0.5556,63.0,36.0,27.0,2025-04-19,2026-07-14
1056,桃山学院,1010.15,1000.0,8.38,大阪,近畿,8,4,4,0,0.5,45.0,34.0,11.0,2025-04-06,2026-07-18
1057,山商,1010.09,1000.0,-4.97,三重,東海,4,3,1,0,0.75,50.0,12.0,38.0,2025-04-12,2025-04-12
1058,竹原,1010.08,1000.0,-6.32,島根,中国,8,5,3,0,0.625,48.0,34.0,14.0,2025-04-19,2025-07-19
1059,八代東,1010.03,1000.0,-4.28,熊本,九州,10,6,4,0,0.6,55.0,38.0,17.0,2025-03-20,2026-07-11
1060,大産大付,1009.93,1000.0,8.38,大阪,近畿,2,1,1,0,0.5,6.0,6.0,0.0,2026-04-19,2026-04-26
1061,府中東,1009.91,1000.0,2.37,東京,関東・東京,21,11,10,0,0.5238,88.0,105.0,-17.0,2025-04-04,2026-07-16
1062,早稲田,1009.9,1000.0,2.37,東京,関東・東京,9,5,4,0,0.5556,45.0,67.0,-22.0,2025-04-04,2026-07-16
1063,創志学園(岡山2),1009.88,1000.0,0.0,,中国,3,2,1,0,0.6667,8.0,9.0,-1.0,2025-05-31,2025-06-03
1064,鈴鹿,1009.87,1000.0,-4.97,三重,東海,14,7,7,0,0.5,81.0,59.0,22.0,2025-04-12,2026-07-21
1065,鎌倉,1009.81,1000.0,4.44,神奈川,関東・東京,6,3,3,0,0.5,34.0,28.0,6.0,2025-07-12,2026-07-14
1066,小禄,1009.73,1000.0,1.73,沖縄,九州,8,4,4,0,0.5,48.0,22.0,26.0,2025-03-20,2026-06-21
1067,大分雄城台,1009.72,1000.0,2.65,大分,九州,8,4,4,0,0.5,42.0,34.0,8.0,2025-03-28,2026-07-15
1068,身延,1009.71,1000.0,-0.05,山梨,関東・東京,9,5,4,0,0.5556,43.0,43.0,0.0,2025-04-19,2026-07-13
1069,甲府西,1009.7,1000.0,-0.05,山梨,関東・東京,9,5,4,0,0.5556,78.0,49.0,29.0,2025-04-20,2026-07-05
1070,秋田中央,1009.7,1000.0,0.62,岩手,東北,11,6,5,0,0.5455,58.0,51.0,7.0,2025-05-13,2026-07-11
1071,東葛飾,1009.67,1000.0,0.63,千葉,関東・東京,9,5,4,0,0.5556,52.0,50.0,2.0,2025-04-19,2026-07-18
1072,勿来工,1009.66,1000.0,-1.38,福島,東北,7,4,3,0,0.5714,33.0,32.0,1.0,2025-05-18,2026-07-18
1073,伊具・名取・仙台工,1009.66,1000.0,-1.84,山形,東北,2,2,0,0,1.0,14.0,10.0,4.0,2025-05-16,2025-05-16
1074,板野,1009.64,1000.0,-0.82,香川,四国,9,5,4,0,0.5556,30.0,29.0,1.0,2025-03-20,2026-07-25
1075,中大附,1009.5,1000.0,2.37,東京,関東・東京,6,3,3,0,0.5,37.0,17.0,20.0,2025-04-04,2026-07-13
1076,島田商業,1009.47,1000.0,-1.42,静岡,東海,3,2,1,0,0.6667,23.0,17.0,6.0,2025-07-06,2026-07-12
1077,三鷹中等,1009.42,1000.0,2.37,東京,関東・東京,8,4,4,0,0.5,64.0,48.0,16.0,2025-04-04,2026-07-13
1078,安中総合,1009.4,1000.0,3.22,群馬,関東・東京,8,4,4,0,0.5,42.0,40.0,2.0,2025-04-15,2026-07-20
1079,懐風館,1009.4,1000.0,8.38,大阪,近畿,6,3,3,0,0.5,30.0,35.0,-5.0,2025-04-27,2026-07-12
1080,白鴎大足利,1009.34,1000.0,-2.36,栃木,関東・東京,1,1,0,0,1.0,7.0,0.0,7.0,2025-07-11,2025-07-11
1081,伊勢,1009.28,1000.0,-4.97,三重,東海,14,8,6,0,0.5714,70.0,81.0,-11.0,2025-04-12,2026-07-18
1082,黒沢尻工,1009.13,1000.0,3.8,宮城,東北,3,2,1,0,0.6667,16.0,17.0,-1.0,2025-05-16,2026-04-29
1083,桜丘,1009.13,1000.0,2.72,愛知,東海,28,15,13,0,0.5357,148.0,133.0,15.0,2025-04-04,2026-07-12
1084,錦江湾,1009.07,1000.0,1.49,鹿児島,九州,9,5,4,0,0.5556,39.0,61.0,-22.0,2025-03-22,2026-07-19
1085,盛岡工業,1009.06,1000.0,3.8,宮城,東北,14,7,7,0,0.5,79.0,83.0,-4.0,2025-05-16,2026-07-18
1086,華陵,1009.05,1000.0,-1.06,山口,中国,9,5,4,0,0.5556,30.0,27.0,3.0,2025-04-20,2026-07-21
1087,西城陽,1009.03,1000.0,2.25,京都,近畿,8,4,4,0,0.5,41.0,29.0,12.0,2025-04-20,2026-07-04
1088,厚木北,1008.9,1000.0,4.44,神奈川,関東・東京,4,2,2,0,0.5,21.0,11.0,10.0,2025-07-12,2026-07-10
1089,浜松西,1008.79,1000.0,-1.42,静岡,東海,7,3,4,0,0.4286,44.0,32.0,12.0,2025-04-19,2026-07-12
1090,金沢桜丘,1008.74,1000.0,6.19,石川,北信越,8,4,4,0,0.5,47.0,35.0,12.0,2025-04-19,2026-07-18
1091,本庄第一,1008.67,1000.0,-0.08,埼玉,関東・東京,9,5,4,0,0.5556,47.0,36.0,11.0,2025-04-24,2026-07-15
1092,竜ヶ崎一,1008.65,1000.0,-1.03,茨城,関東・東京,9,5,4,0,0.5556,58.0,30.0,28.0,2025-04-19,2026-07-12
1093,尼崎工,1008.59,1000.0,0.49,兵庫,近畿,7,4,3,0,0.5714,19.0,21.0,-2.0,2025-04-19,2026-07-18
1094,種子島・屋久島,1008.59,1000.0,1.49,鹿児島,九州,3,2,1,0,0.6667,12.0,14.0,-2.0,2025-03-23,2025-03-30
1095,東工業,1008.57,1000.0,3.76,高知,四国,7,4,3,0,0.5714,44.0,29.0,15.0,2025-03-20,2026-07-11
1096,浜田,1008.47,1000.0,5.45,広島,中国,8,4,4,0,0.5,47.0,39.0,8.0,2025-04-19,2026-07-18
1097,知多翔洋,1008.45,1000.0,2.72,愛知,東海,15,8,7,0,0.5333,103.0,67.0,36.0,2025-04-12,2026-07-11
1098,千葉商大付(没収試合),1008.38,1000.0,0.63,千葉,関東・東京,1,1,0,0,1.0,9.0,0.0,9.0,2025-04-19,2025-04-19
1099,佐野工科・堺工科,1008.37,1000.0,8.38,大阪,近畿,2,1,1,0,0.5,14.0,16.0,-2.0,2025-04-06,2025-04-26
1100,松阪工業,1008.37,1000.0,-4.97,三重,東海,4,3,1,0,0.75,24.0,11.0,13.0,2026-03-20,2026-03-29
1101,鵡川,1008.33,1000.0,-9.79,北海道,北海道,10,6,4,0,0.6,40.0,43.0,-3.0,2025-05-26,2026-07-08
1102,野沢北,1008.22,1000.0,-4.39,長野,北信越,7,4,3,0,0.5714,42.0,42.0,0.0,2025-05-10,2026-07-15
1103,豊多摩,1008.22,1000.0,2.37,東京,関東・東京,9,5,4,0,0.5556,80.0,48.0,32.0,2025-04-04,2026-07-14
1104,男鹿工業,1008.2,1000.0,0.62,岩手,東北,9,5,4,0,0.5556,60.0,41.0,19.0,2025-05-13,2026-07-16
1105,東海札幌,1008.18,1000.0,-9.79,北海道,北海道,5,3,2,0,0.6,32.0,12.0,20.0,2025-05-26,2026-05-13
1106,桜宮,1008.11,1000.0,8.38,大阪,近畿,7,3,4,0,0.4286,24.0,27.0,-3.0,2025-04-20,2026-07-19
1107,只見,1008.09,1000.0,-1.38,福島,東北,12,6,6,0,0.5,67.0,48.0,19.0,2025-05-16,2026-07-14
1108,菊池,1008.06,1000.0,-4.28,熊本,九州,10,6,4,0,0.6,38.0,40.0,-2.0,2025-03-23,2026-07-10
1109,名古屋大谷,1008.03,1000.0,2.72,愛知,東海,13,7,6,0,0.5385,52.0,71.0,-19.0,2025-04-12,2026-07-19
1110,越ケ谷北,1008.02,1000.0,-0.08,埼玉,関東・東京,1,1,0,0,1.0,15.0,1.0,14.0,2026-04-10,2026-04-10
1111,佐世保実,1008.01,1000.0,-0.81,長崎,九州,9,5,4,0,0.5556,60.0,47.0,13.0,2025-03-25,2026-07-12
1112,一関第二,1007.98,1000.0,3.8,宮城,東北,11,5,6,0,0.4545,70.0,43.0,27.0,2025-05-16,2026-07-16
1113,東京農大三,1007.98,1000.0,-0.08,埼玉,関東・東京,1,1,0,0,1.0,20.0,0.0,20.0,2026-04-15,2026-04-15
1114,富士森,1007.98,1000.0,2.37,東京,関東・東京,9,5,4,0,0.5556,55.0,37.0,18.0,2025-04-04,2026-07-12
1115,岐阜工,1007.95,1000.0,-2.62,岐阜,東海,12,7,5,0,0.5833,47.0,42.0,5.0,2025-04-12,2026-07-05
1116,府中工科,1007.92,1000.0,2.37,東京,関東・東京,6,3,3,0,0.5,39.0,28.0,11.0,2025-04-05,2026-07-14
1117,八戸,1007.91,1000.0,4.16,青森,東北,9,5,4,0,0.5556,40.0,41.0,-1.0,2025-05-10,2026-07-14
1118,沼南・沼南高柳・流山おおたかの森・流山北,1007.83,1000.0,0.63,千葉,関東・東京,1,1,0,0,1.0,7.0,0.0,7.0,2026-04-02,2026-04-02
1119,船橋東,1007.82,1000.0,0.63,千葉,関東・東京,9,5,4,0,0.5556,35.0,30.0,5.0,2025-04-19,2026-07-14
1120,滋賀学園(滋賀),1007.82,1000.0,0.0,,近畿,4,2,2,0,0.5,18.0,19.0,-1.0,2025-05-24,2026-03-24
1121,東宇治,1007.8,1000.0,2.25,京都,近畿,8,4,4,0,0.5,37.0,26.0,11.0,2025-04-20,2026-07-13
1122,明学東村山,1007.78,1000.0,2.37,東京,関東・東京,8,4,4,0,0.5,46.0,40.0,6.0,2025-04-04,2026-07-12
1123,越ケ谷西,1007.73,1000.0,-0.08,埼玉,関東・東京,1,1,0,0,1.0,14.0,2.0,12.0,2026-04-10,2026-04-10
1124,金沢泉丘,1007.72,1000.0,6.19,石川,北信越,8,4,4,0,0.5,42.0,43.0,-1.0,2025-04-20,2026-07-18
1125,奈良大付(奈良2),1007.71,1000.0,0.0,,近畿,2,1,1,0,0.5,8.0,2.0,6.0,2025-05-25,2025-05-31
1126,総合技術,1007.61,1000.0,-6.32,島根,中国,14,8,6,0,0.5714,98.0,62.0,36.0,2025-04-19,2026-07-07
1127,仙台第三,1007.57,1000.0,-1.84,山形,東北,10,6,4,0,0.6,52.0,35.0,17.0,2025-05-16,2026-07-15
1128,三木,1007.56,1000.0,0.49,兵庫,近畿,15,8,7,0,0.5333,62.0,41.0,21.0,2025-03-22,2026-07-18
1129,浦和学院(埼玉2),1007.56,1000.0,0.0,,関東・東京,2,1,1,0,0.5,15.0,12.0,3.0,2025-10-18,2025-10-20
1130,深谷商業,1007.53,1000.0,-0.08,埼玉,関東・東京,6,3,3,0,0.5,46.0,36.0,10.0,2025-04-24,2026-07-10
1131,周防大島,1007.51,1000.0,-1.06,山口,中国,8,4,4,0,0.5,34.0,26.0,8.0,2025-04-20,2026-07-18
1132,海田,1007.51,1000.0,-6.32,島根,中国,10,6,4,0,0.6,101.0,39.0,62.0,2025-04-19,2026-07-15
1133,長崎商業,1007.51,1000.0,-0.81,長崎,九州,1,1,0,0,1.0,3.0,2.0,1.0,2025-03-28,2025-03-28
1134,小山西,1007.48,1000.0,-2.36,栃木,関東・東京,9,5,4,0,0.5556,58.0,47.0,11.0,2025-04-12,2026-07-11
1135,奈良商工,1007.46,1000.0,3.92,奈良,近畿,8,4,4,0,0.5,32.0,35.0,-3.0,2025-04-20,2026-07-22
1136,海津明誠,1007.46,1000.0,-2.62,岐阜,東海,12,7,5,0,0.5833,53.0,67.0,-14.0,2025-04-12,2026-07-20
1137,川西北陵,1007.45,1000.0,0.49,兵庫,近畿,10,6,4,0,0.6,47.0,49.0,-2.0,2025-04-19,2026-07-13
1138,相模原中等教育,1007.43,1000.0,4.44,神奈川,関東・東京,4,2,2,0,0.5,31.0,30.0,1.0,2025-07-12,2026-07-11
1139,高松工芸,1007.36,1000.0,-4.3,徳島,四国,9,5,4,0,0.5556,44.0,31.0,13.0,2025-03-23,2026-07-18
1140,観音寺総合,1007.34,1000.0,-4.3,徳島,四国,9,5,4,0,0.5556,32.0,34.0,-2.0,2025-03-22,2026-07-20
1141,木更津,1007.32,1000.0,0.63,千葉,関東・東京,9,5,4,0,0.5556,54.0,57.0,-3.0,2025-04-19,2026-07-18
1142,米子北,1007.16,1000.0,1.62,岡山,中国,6,3,3,0,0.5,37.0,25.0,12.0,2025-04-21,2026-07-17
1143,アレセイア湘南,1007.15,1000.0,4.44,神奈川,関東・東京,6,3,3,0,0.5,40.0,30.0,10.0,2025-04-05,2026-07-14
1144,久喜北陽,1007.13,1000.0,-0.08,埼玉,関東・東京,9,5,4,0,0.5556,68.0,44.0,24.0,2025-04-24,2026-07-14
1145,岐阜城北(岐阜3),1007.05,1000.0,0.0,,東海,2,1,1,0,0.5,13.0,17.0,-4.0,2025-10-18,2025-10-19
1146,千厩,1007.0,1000.0,3.8,宮城,東北,13,7,6,0,0.5385,70.0,73.0,-3.0,2025-05-16,2026-07-17
1147,天王寺,1006.98,1000.0,8.38,大阪,近畿,8,4,4,0,0.5,31.0,56.0,-25.0,2025-04-26,2026-07-20
1148,清水桜が丘,1006.78,1000.0,-1.42,静岡,東海,10,5,5,0,0.5,44.0,34.0,10.0,2025-04-19,2026-07-19
1149,田園調布,1006.78,1000.0,2.37,東京,関東・東京,8,4,4,0,0.5,34.0,80.0,-46.0,2025-04-04,2026-07-18
1150,志度,1006.73,1000.0,-4.3,徳島,四国,9,5,4,0,0.5556,48.0,42.0,6.0,2025-03-23,2026-07-19
1151,作陽,1006.69,1000.0,-7.46,鳥取,中国,2,2,0,0,1.0,15.0,3.0,12.0,2025-04-26,2026-04-18
1152,頴娃,1006.69,1000.0,1.49,鹿児島,九州,8,4,4,0,0.5,39.0,21.0,18.0,2025-03-23,2026-07-12
1153,宮崎南,1006.64,1000.0,-7.87,宮崎,九州,9,5,4,0,0.5556,57.0,44.0,13.0,2025-03-20,2026-07-11
1154,工大高,1006.61,1000.0,-6.32,島根,中国,8,5,3,0,0.625,50.0,27.0,23.0,2025-04-19,2026-04-19
1155,北中城,1006.6,1000.0,1.73,沖縄,九州,8,4,4,0,0.5,39.0,24.0,15.0,2025-03-23,2026-06-23
1156,日大桜丘,1006.59,1000.0,2.37,東京,関東・東京,4,2,2,0,0.5,31.0,15.0,16.0,2025-04-06,2025-07-19
1157,多摩,1006.59,1000.0,4.44,神奈川,関東・東京,6,3,3,0,0.5,54.0,26.0,28.0,2025-07-09,2026-07-16
1158,古賀竟成館,1006.58,1000.0,2.09,福岡,九州,6,3,3,0,0.5,30.0,22.0,8.0,2025-03-21,2026-07-13
1159,松江北,1006.57,1000.0,5.45,広島,中国,8,4,4,0,0.5,45.0,57.0,-12.0,2025-04-19,2026-07-22
1160,洛北,1006.57,1000.0,2.25,京都,近畿,6,3,3,0,0.5,42.0,22.0,20.0,2025-04-20,2026-07-15
1161,北星大附,1006.56,1000.0,-9.79,北海道,北海道,7,4,3,0,0.5714,46.0,23.0,23.0,2025-05-26,2026-05-12
1162,岩瀬日大,1006.49,1000.0,-1.03,茨城,関東・東京,9,5,4,0,0.5556,42.0,33.0,9.0,2025-04-19,2026-07-14
1163,四日市南,1006.46,1000.0,-4.97,三重,東海,15,8,7,0,0.5333,69.0,71.0,-2.0,2025-04-12,2026-07-21
1164,新潟県央工,1006.45,1000.0,-5.27,新潟,北信越,9,5,4,0,0.5556,67.0,58.0,9.0,2025-04-27,2026-07-16
1165,佐倉,1006.41,1000.0,0.63,千葉,関東・東京,9,5,4,0,0.5556,48.0,49.0,-1.0,2025-04-19,2026-07-12
1166,浜松日体,1006.33,1000.0,-1.42,静岡,東海,13,7,6,0,0.5385,53.0,37.0,16.0,2025-04-19,2026-07-12
1167,鳥栖工業,1006.32,1000.0,-9.64,佐賀,九州,4,3,1,0,0.75,12.0,11.0,1.0,2025-03-22,2026-03-21
1168,城西大川越,1006.25,1000.0,-0.08,埼玉,関東・東京,8,4,4,0,0.5,37.0,51.0,-14.0,2025-04-24,2026-07-18
1169,墨田工科,1006.24,1000.0,2.37,東京,関東・東京,8,4,4,0,0.5,53.0,52.0,1.0,2025-04-04,2026-07-14
1170,金沢龍谷,1006.17,1000.0,6.19,石川,北信越,8,4,4,0,0.5,55.0,34.0,21.0,2025-04-19,2026-07-14
1171,二松学舎柏,1006.11,1000.0,0.63,千葉,関東・東京,9,5,4,0,0.5556,68.0,39.0,29.0,2025-04-19,2026-07-15
1172,夢野台,1006.08,1000.0,0.49,兵庫,近畿,8,4,4,0,0.5,37.0,34.0,3.0,2025-04-19,2026-07-12
1173,流山,1006.06,1000.0,0.63,千葉,関東・東京,8,4,4,0,0.5,40.0,45.0,-5.0,2025-04-19,2026-07-18
1174,方谷学舎,1005.94,1000.0,-7.46,鳥取,中国,2,2,0,0,1.0,15.0,6.0,9.0,2026-04-11,2026-04-18
1175,平塚湘風,1005.91,1000.0,4.44,神奈川,関東・東京,4,2,2,0,0.5,17.0,18.0,-1.0,2025-07-12,2026-07-11
1176,東海大高輪台,1005.87,1000.0,2.37,東京,関東・東京,7,3,4,0,0.4286,60.0,45.0,15.0,2025-04-05,2026-07-06
1177,登美丘,1005.82,1000.0,8.38,大阪,近畿,8,4,4,0,0.5,23.0,37.0,-14.0,2025-04-12,2026-07-18
1178,福生,1005.82,1000.0,2.37,東京,関東・東京,8,4,4,0,0.5,35.0,37.0,-2.0,2025-04-04,2026-07-10
1179,小松市立,1005.76,1000.0,6.19,石川,北信越,8,4,4,0,0.5,38.0,36.0,2.0,2025-04-19,2026-07-14
1180,八重山商工,1005.76,1000.0,1.73,沖縄,九州,8,4,4,0,0.5,43.0,30.0,13.0,2025-03-24,2026-06-28
1181,角田,1005.73,1000.0,-1.84,山形,東北,9,5,4,0,0.5556,49.0,35.0,14.0,2025-05-16,2026-07-15
1182,豊田北,1005.71,1000.0,2.72,愛知,東海,13,7,6,0,0.5385,63.0,41.0,22.0,2025-04-12,2026-07-11
1183,浜松城北工,1005.71,1000.0,-1.42,静岡,東海,5,3,2,0,0.6,27.0,13.0,14.0,2025-04-19,2026-03-20
1184,修大協創,1005.69,1000.0,-6.32,島根,中国,7,4,3,0,0.5714,30.0,21.0,9.0,2025-04-19,2026-04-25
1185,藤井(香川1),1005.67,1000.0,0.0,,四国,2,1,1,0,0.5,11.0,6.0,5.0,2025-10-19,2025-10-25
1186,高崎商,1005.67,1000.0,3.22,群馬,関東・東京,8,4,4,0,0.5,40.0,32.0,8.0,2025-04-12,2026-07-13
1187,一宮南,1005.65,1000.0,2.72,愛知,東海,13,7,6,0,0.5385,61.0,69.0,-8.0,2025-04-12,2026-07-11
1188,清峰,1005.62,1000.0,-0.81,長崎,九州,8,4,4,0,0.5,63.0,28.0,35.0,2025-03-28,2026-07-13
1189,麻布大附,1005.59,1000.0,4.44,神奈川,関東・東京,6,3,3,0,0.5,29.0,24.0,5.0,2025-07-13,2026-07-16
1190,香椎工業,1005.59,1000.0,2.09,福岡,九州,8,4,4,0,0.5,57.0,44.0,13.0,2025-03-20,2026-07-16
1191,大宮南,1005.51,1000.0,-0.08,埼玉,関東・東京,10,6,4,0,0.6,36.0,51.0,-15.0,2025-04-24,2026-07-15
1192,水戸桜ノ牧,1005.48,1000.0,-1.03,茨城,関東・東京,9,5,4,0,0.5556,51.0,33.0,18.0,2025-04-19,2026-07-14
1193,長野西,1005.48,1000.0,-4.39,長野,北信越,8,4,4,0,0.5,41.0,42.0,-1.0,2025-05-10,2026-07-12
1194,箕島,1005.46,1000.0,0.99,和歌山,近畿,8,4,4,0,0.5,45.0,41.0,4.0,2025-04-12,2026-07-14
1195,丸の内・追手前,1005.45,1000.0,3.76,高知,四国,2,1,1,0,0.5,9.0,10.0,-1.0,2026-03-22,2026-03-26
1196,館林,1005.45,1000.0,3.22,群馬,関東・東京,8,4,4,0,0.5,29.0,31.0,-2.0,2025-04-12,2026-07-13
1197,星琳,1005.43,1000.0,2.09,福岡,九州,8,4,4,0,0.5,39.0,26.0,13.0,2025-03-22,2026-07-07
1198,池田,1005.4,1000.0,-0.82,香川,四国,32,16,16,0,0.5,151.0,139.0,12.0,2025-03-20,2026-07-23
1199,佐賀農,1005.38,1000.0,-9.64,佐賀,九州,5,3,2,0,0.6,35.0,18.0,17.0,2025-07-05,2026-07-11
1200,相馬・相馬総合,1005.36,1000.0,-1.38,福島,東北,8,4,4,0,0.5,60.0,44.0,16.0,2025-05-16,2026-07-14
1201,つくば秀英,1005.34,1000.0,-1.03,茨城,関東・東京,8,4,4,0,0.5,31.0,26.0,5.0,2025-04-21,2026-07-05
1202,函館大有斗,1005.33,1000.0,-9.79,北海道,北海道,5,3,2,0,0.6,26.0,22.0,4.0,2025-07-10,2026-07-13
1203,泉陽,1005.2,1000.0,8.38,大阪,近畿,7,3,4,0,0.4286,29.0,33.0,-4.0,2025-04-20,2026-07-19
1204,津名,1005.18,1000.0,0.49,兵庫,近畿,8,4,4,0,0.5,19.0,22.0,-3.0,2025-04-19,2026-07-16
1205,松阪工,1005.17,1000.0,-4.97,三重,東海,4,2,2,0,0.5,22.0,7.0,15.0,2025-07-07,2026-07-21
1206,明大明治,1005.16,1000.0,2.37,東京,関東・東京,8,4,4,0,0.5,49.0,48.0,1.0,2025-04-04,2026-07-14
1207,杉並,1005.13,1000.0,2.37,東京,関東・東京,9,5,4,0,0.5556,39.0,42.0,-3.0,2025-04-04,2026-07-10
1208,浦和学院(埼玉1),1005.11,1000.0,0.0,,関東・東京,2,1,1,0,0.5,4.0,3.0,1.0,2025-05-19,2025-05-21
1209,柏陽,1005.1,1000.0,4.44,神奈川,関東・東京,4,2,2,0,0.5,18.0,20.0,-2.0,2025-07-09,2026-07-10
1210,茅ケ崎北陵,1005.09,1000.0,4.44,神奈川,関東・東京,7,3,4,0,0.4286,44.0,26.0,18.0,2025-04-12,2026-07-16
1211,津島北・津島北翔,1005.09,1000.0,2.72,愛知,東海,2,1,1,0,0.5,12.0,5.0,7.0,2026-03-20,2026-03-22
1212,富岡西,1005.05,1000.0,-0.82,香川,四国,8,4,4,0,0.5,54.0,40.0,14.0,2025-03-22,2026-07-18
1213,津久井浜,1005.03,1000.0,4.44,神奈川,関東・東京,4,2,2,0,0.5,21.0,18.0,3.0,2025-07-10,2026-07-10
1214,熊谷工業,1005.0,1000.0,-0.08,埼玉,関東・東京,7,4,3,0,0.5714,39.0,33.0,6.0,2025-04-24,2026-07-11
1215,高崎東,1004.99,1000.0,3.22,群馬,関東・東京,8,4,4,0,0.5,32.0,28.0,4.0,2025-04-15,2026-07-12
1216,足利,1004.98,1000.0,-2.36,栃木,関東・東京,9,5,4,0,0.5556,60.0,63.0,-3.0,2025-04-14,2026-07-14
1217,下妻二,1004.95,1000.0,-1.03,茨城,関東・東京,11,6,5,0,0.5455,67.0,42.0,25.0,2025-04-19,2026-07-18
1218,那賀,1004.88,1000.0,-0.82,香川,四国,17,9,8,0,0.5294,84.0,83.0,1.0,2025-03-22,2026-07-13
1219,津商(三重3),1004.88,1000.0,0.0,,東海,2,1,1,0,0.5,8.0,9.0,-1.0,2025-10-18,2025-10-19
1220,宇部工,1004.83,1000.0,-1.06,山口,中国,6,3,3,0,0.5,30.0,20.0,10.0,2025-04-20,2026-04-25
1221,八工大一(青森2),1004.8,1000.0,0.0,,東北,2,1,1,0,0.5,6.0,6.0,0.0,2025-10-10,2025-10-13
1222,豊島,1004.8,1000.0,8.38,大阪,近畿,6,3,3,0,0.5,28.0,31.0,-3.0,2025-04-06,2026-07-11
1223,浜松修学舎,1004.78,1000.0,-1.42,静岡,東海,8,4,4,0,0.5,29.0,36.0,-7.0,2025-04-19,2026-07-18
1224,小諸商,1004.78,1000.0,-4.39,長野,北信越,7,4,3,0,0.5714,35.0,28.0,7.0,2025-05-10,2025-07-13
1225,渋川青翠,1004.78,1000.0,3.22,群馬,関東・東京,8,4,4,0,0.5,35.0,31.0,4.0,2025-04-15,2026-07-19
1226,所沢西,1004.78,1000.0,-0.08,埼玉,関東・東京,8,4,4,0,0.5,42.0,46.0,-4.0,2025-04-24,2026-07-18
1227,米子松蔭,1004.76,1000.0,1.62,岡山,中国,4,2,2,0,0.5,18.0,15.0,3.0,2026-04-19,2026-07-18
1228,盛岡第四,1004.76,1000.0,3.8,宮城,東北,14,7,7,0,0.5,57.0,77.0,-20.0,2025-05-16,2026-07-09
1229,旭川北,1004.75,1000.0,-9.79,北海道,北海道,9,5,4,0,0.5556,44.0,20.0,24.0,2025-05-26,2026-07-08
1230,富田林,1004.73,1000.0,8.38,大阪,近畿,4,2,2,0,0.5,20.0,25.0,-5.0,2025-07-12,2026-07-14
1231,緑風冠,1004.69,1000.0,8.38,大阪,近畿,8,4,4,0,0.5,40.0,57.0,-17.0,2025-04-19,2026-07-11
1232,大師,1004.69,1000.0,4.44,神奈川,関東・東京,6,3,3,0,0.5,27.0,25.0,2.0,2025-04-06,2026-07-09
1233,唐津商,1004.6,1000.0,-9.64,佐賀,九州,5,3,2,0,0.6,24.0,17.0,7.0,2025-07-07,2026-07-21
1234,茨城キリスト,1004.57,1000.0,-1.03,茨城,関東・東京,9,5,4,0,0.5556,43.0,38.0,5.0,2025-04-19,2026-07-09
1235,学園大付属,1004.53,1000.0,-4.28,熊本,九州,3,2,1,0,0.6667,13.0,13.0,0.0,2025-03-25,2025-03-31
1236,都島工,1004.51,1000.0,8.38,大阪,近畿,8,4,4,0,0.5,34.0,37.0,-3.0,2025-04-19,2026-07-05
1237,田辺,1004.47,1000.0,0.99,和歌山,近畿,15,7,8,0,0.4667,76.0,67.0,9.0,2025-04-12,2026-07-19
1238,日大習志野,1004.41,1000.0,0.63,千葉,関東・東京,9,5,4,0,0.5556,41.0,50.0,-9.0,2025-04-19,2026-07-12
1239,佐世保南,1004.37,1000.0,-0.81,長崎,九州,8,4,4,0,0.5,72.0,34.0,38.0,2025-03-25,2026-07-18
1240,弘前工業,1004.35,1000.0,4.16,青森,東北,8,4,4,0,0.5,40.0,59.0,-19.0,2025-05-12,2026-07-15
1241,米子工業,1004.3,1000.0,1.62,岡山,中国,6,3,3,0,0.5,36.0,38.0,-2.0,2025-04-19,2026-07-16
1242,日本ウェルネス,1004.29,1000.0,2.37,東京,関東・東京,9,5,4,0,0.5556,56.0,45.0,11.0,2025-04-04,2026-07-11
1243,烏山,1004.27,1000.0,-2.36,栃木,関東・東京,9,5,4,0,0.5556,35.0,40.0,-5.0,2025-04-12,2026-07-13
1244,熊谷商,1004.23,1000.0,-0.08,埼玉,関東・東京,2,1,1,0,0.5,15.0,11.0,4.0,2026-04-29,2026-07-14
1245,武生商工,1004.23,1000.0,1.72,福井,北信越,8,4,4,0,0.5,37.0,29.0,8.0,2025-04-20,2026-07-19
1246,厚木,1004.21,1000.0,4.44,神奈川,関東・東京,7,4,3,0,0.5714,38.0,50.0,-12.0,2025-07-10,2026-07-13
1247,金沢二水,1004.19,1000.0,6.19,石川,北信越,8,4,4,0,0.5,42.0,43.0,-1.0,2025-04-19,2026-07-19
1248,富士見,1004.18,1000.0,-0.08,埼玉,関東・東京,10,6,4,0,0.6,54.0,63.0,-9.0,2025-04-24,2026-07-18
1249,豊国学園,1004.14,1000.0,2.09,福岡,九州,8,4,4,0,0.5,41.0,50.0,-9.0,2025-03-23,2026-07-16
1250,館林商工,1004.13,1000.0,3.22,群馬,関東・東京,9,5,4,0,0.5556,37.0,41.0,-4.0,2025-04-14,2026-07-06
1251,福岡工大城東,1004.12,1000.0,2.09,福岡,九州,4,2,2,0,0.5,14.0,14.0,0.0,2025-03-26,2026-03-30
1252,袖ケ浦,1004.08,1000.0,0.63,千葉,関東・東京,5,3,2,0,0.6,36.0,39.0,-3.0,2025-04-19,2026-04-04
1253,光英VERITAS,1004.05,1000.0,0.63,千葉,関東・東京,6,3,3,0,0.5,38.0,36.0,2.0,2025-04-19,2026-04-25
1254,草加東,1004.04,1000.0,-0.08,埼玉,関東・東京,8,4,4,0,0.5,42.0,39.0,3.0,2025-04-24,2026-07-18
1255,不動岡,1004.03,1000.0,-0.08,埼玉,関東・東京,9,5,4,0,0.5556,60.0,38.0,22.0,2025-04-24,2026-07-11
1256,瓊浦,1004.02,1000.0,-0.81,長崎,九州,8,4,4,0,0.5,25.0,20.0,5.0,2025-03-29,2026-07-11
1257,富山東,1003.99,1000.0,-10.7,富山,北信越,10,6,4,0,0.6,54.0,57.0,-3.0,2025-04-19,2026-07-19
1258,徳島商,1003.97,1000.0,-0.82,香川,四国,6,3,3,0,0.5,14.0,11.0,3.0,2025-04-26,2026-03-25
1259,明石清水,1003.96,1000.0,0.49,兵庫,近畿,9,5,4,0,0.5556,28.0,28.0,0.0,2025-04-19,2026-07-15
1260,君津,1003.94,1000.0,0.63,千葉,関東・東京,7,3,4,0,0.4286,39.0,32.0,7.0,2025-04-19,2026-07-15
1261,小田原北,1003.84,1000.0,4.44,神奈川,関東・東京,2,1,1,0,0.5,6.0,13.0,-7.0,2026-07-10,2026-07-14
1262,伊丹北,1003.84,1000.0,0.49,兵庫,近畿,9,5,4,0,0.5556,41.0,55.0,-14.0,2025-04-19,2026-07-11
1263,紅葉川,1003.79,1000.0,2.37,東京,関東・東京,7,3,4,0,0.4286,44.0,36.0,8.0,2025-04-04,2026-07-17
1264,鹿沼,1003.78,1000.0,-2.36,栃木,関東・東京,8,4,4,0,0.5,38.0,29.0,9.0,2025-04-19,2026-07-18
1265,賀茂,1003.78,1000.0,-6.32,島根,中国,13,7,6,0,0.5385,87.0,62.0,25.0,2025-04-19,2026-07-19
1266,新潟一,1003.77,1000.0,-5.27,新潟,北信越,9,5,4,0,0.5556,52.0,57.0,-5.0,2025-04-28,2026-07-16
1267,東筑(福岡),1003.76,1000.0,0.0,,九州,2,1,1,0,0.5,7.0,6.0,1.0,2025-04-20,2025-04-21
1268,旭川実,1003.71,1000.0,-9.79,北海道,北海道,1,1,0,0,1.0,10.0,0.0,10.0,2026-07-07,2026-07-07
1269,加納,1003.69,1000.0,-2.62,岐阜,東海,11,6,5,0,0.5455,43.0,54.0,-11.0,2025-04-12,2026-07-20
1270,川崎総合科学,1003.67,1000.0,4.44,神奈川,関東・東京,2,1,1,0,0.5,8.0,11.0,-3.0,2025-07-13,2025-07-17
1271,市立太田,1003.66,1000.0,3.22,群馬,関東・東京,8,4,4,0,0.5,43.0,40.0,3.0,2025-04-12,2026-07-12
1272,日本ウェルネス沖縄,1003.65,1000.0,1.73,沖縄,九州,2,1,1,0,0.5,6.0,8.0,-2.0,2026-03-24,2026-03-28
1273,東洋大姫路(兵庫3),1003.62,1000.0,0.0,,近畿,2,1,1,0,0.5,9.0,7.0,2.0,2025-10-18,2025-10-27
1274,矢板中央,1003.62,1000.0,-2.36,栃木,関東・東京,8,4,4,0,0.5,50.0,35.0,15.0,2025-04-20,2026-07-15
1275,姫路南・網干,1003.6,1000.0,0.49,兵庫,近畿,4,2,2,0,0.5,22.0,14.0,8.0,2026-03-30,2026-07-12
1276,名久井農・八戸商・八戸高専,1003.55,1000.0,4.16,青森,東北,2,1,1,0,0.5,10.0,11.0,-1.0,2025-05-09,2025-05-11
1277,浜松湖東・新居・佐久間,1003.5,1000.0,-1.42,静岡,東海,1,1,0,0,1.0,4.0,3.0,1.0,2026-03-20,2026-03-20
1278,国分中央,1003.46,1000.0,1.49,鹿児島,九州,8,4,4,0,0.5,21.0,27.0,-6.0,2025-03-26,2026-07-20
1279,八日市南,1003.4,1000.0,-0.81,滋賀,近畿,8,4,4,0,0.5,27.0,22.0,5.0,2025-04-19,2026-07-19
1280,東濃実,1003.39,1000.0,-2.62,岐阜,東海,5,3,2,0,0.6,39.0,31.0,8.0,2025-04-12,2026-03-22
1281,宮城農,1003.38,1000.0,-1.84,山形,東北,1,1,0,0,1.0,3.0,2.0,1.0,2026-05-02,2026-05-02
1282,大津商,1003.37,1000.0,-0.81,滋賀,近畿,2,1,1,0,0.5,14.0,5.0,9.0,2026-07-08,2026-07-11
1283,幕張総合,1003.37,1000.0,0.63,千葉,関東・東京,7,3,4,0,0.4286,35.0,37.0,-2.0,2025-04-19,2026-07-20
1284,岐阜,1003.36,1000.0,-2.62,岐阜,東海,11,6,5,0,0.5455,53.0,48.0,5.0,2025-04-12,2026-07-18
1285,大和南,1003.32,1000.0,4.44,神奈川,関東・東京,4,2,2,0,0.5,26.0,27.0,-1.0,2025-07-13,2026-07-10
1286,碧南工科,1003.31,1000.0,2.72,愛知,東海,12,6,6,0,0.5,60.0,59.0,1.0,2025-04-12,2026-07-18
1287,戸畑工業,1003.29,1000.0,2.09,福岡,九州,6,3,3,0,0.5,32.0,38.0,-6.0,2025-03-20,2026-07-12
1288,八王子北,1003.24,1000.0,2.37,東京,関東・東京,8,4,4,0,0.5,64.0,52.0,12.0,2025-04-04,2026-07-07
1289,津工,1003.19,1000.0,-4.97,三重,東海,10,6,4,0,0.6,46.0,44.0,2.0,2025-04-12,2026-07-19
1290,栃木,1003.18,1000.0,-2.36,栃木,関東・東京,8,4,4,0,0.5,45.0,24.0,21.0,2025-04-20,2026-07-19
1291,新発田南,1003.17,1000.0,-5.27,新潟,北信越,8,4,4,0,0.5,85.0,47.0,38.0,2025-04-28,2026-07-18
1292,伊那弥生ヶ丘,1003.16,1000.0,-4.39,長野,北信越,9,5,4,0,0.5556,51.0,51.0,0.0,2025-05-10,2026-07-11
1293,緑丘・春泉・日進・春西,1003.16,1000.0,2.72,愛知,東海,2,1,1,0,0.5,17.0,10.0,7.0,2025-04-12,2025-04-12
1294,横浜緑ケ丘,1003.15,1000.0,4.44,神奈川,関東・東京,4,2,2,0,0.5,21.0,24.0,-3.0,2025-07-11,2026-07-13
1295,開建,1003.13,1000.0,2.25,京都,近畿,7,3,4,0,0.4286,30.0,31.0,-1.0,2025-04-19,2026-07-18
1296,帝京安積,1003.1,1000.0,-1.38,福島,東北,12,6,6,0,0.5,53.0,59.0,-6.0,2025-05-16,2026-07-18
1297,高陽東,1003.1,1000.0,-6.32,島根,中国,13,8,5,0,0.6154,55.0,52.0,3.0,2025-04-19,2026-07-16
1298,三重総合,1003.09,1000.0,2.65,大分,九州,8,4,4,0,0.5,43.0,40.0,3.0,2025-03-25,2026-07-12
1299,(新)小松,1003.02,1000.0,-7.48,愛媛,四国,1,1,0,0,1.0,11.0,6.0,5.0,2026-07-12,2026-07-12
1300,札幌静修,1002.94,1000.0,-9.79,北海道,北海道,9,5,4,0,0.5556,44.0,39.0,5.0,2025-05-26,2026-06-28
1301,防府商工,1002.94,1000.0,-1.06,山口,中国,9,5,4,0,0.5556,42.0,43.0,-1.0,2025-04-13,2026-07-24
1302,惺山,1002.93,1000.0,-6.25,秋田,東北,9,5,4,0,0.5556,45.0,41.0,4.0,2025-05-11,2026-07-13
1303,隼人工業,1002.92,1000.0,1.49,鹿児島,九州,4,2,2,0,0.5,20.0,17.0,3.0,2025-03-24,2026-07-10
1304,須恵,1002.9,1000.0,2.09,福岡,九州,8,4,4,0,0.5,57.0,35.0,22.0,2025-03-23,2026-07-16
1305,中野西,1002.86,1000.0,-4.39,長野,北信越,8,4,4,0,0.5,33.0,36.0,-3.0,2025-05-10,2026-07-15
1306,横須賀大津,1002.85,1000.0,4.44,神奈川,関東・東京,6,3,3,0,0.5,31.0,44.0,-13.0,2025-04-05,2026-07-13
1307,九産大九産,1002.83,1000.0,2.09,福岡,九州,8,4,4,0,0.5,24.0,26.0,-2.0,2025-03-24,2026-07-11
1308,門真なみはや,1002.8,1000.0,8.38,大阪,近畿,8,4,4,0,0.5,36.0,44.0,-8.0,2025-04-05,2026-07-12
1309,宇部工業,1002.79,1000.0,-1.06,山口,中国,2,1,1,0,0.5,14.0,4.0,10.0,2025-07-15,2026-07-19
1310,盛岡中央(岩手3),1002.74,1000.0,0.0,,東北,2,1,1,0,0.5,7.0,13.0,-6.0,2025-10-09,2025-10-10
1311,豊南,1002.68,1000.0,2.37,東京,関東・東京,7,3,4,0,0.4286,32.0,36.0,-4.0,2025-04-04,2026-07-05
1312,名取北,1002.68,1000.0,-1.84,山形,東北,11,6,5,0,0.5455,51.0,34.0,17.0,2025-05-16,2026-07-19
1313,尚志,1002.62,1000.0,-1.38,福島,東北,11,5,6,0,0.4545,48.0,57.0,-9.0,2025-05-16,2026-07-23
1314,開陽,1002.58,1000.0,1.49,鹿児島,九州,2,1,1,0,0.5,17.0,16.0,1.0,2026-03-22,2026-07-08
1315,南部龍神,1002.54,1000.0,0.99,和歌山,近畿,8,4,4,0,0.5,37.0,46.0,-9.0,2025-04-19,2026-07-23
1316,大宮,1002.53,1000.0,-0.08,埼玉,関東・東京,8,4,4,0,0.5,53.0,56.0,-3.0,2025-04-24,2026-07-18
1317,北里順天,1002.51,1000.0,2.37,東京,関東・東京,2,1,1,0,0.5,10.0,9.0,1.0,2026-07-12,2026-07-15
1318,六ケ所・七戸・野辺地・野辺地西・三本木農業恵拓,1002.5,1000.0,4.16,青森,東北,2,1,1,0,0.5,13.0,14.0,-1.0,2026-05-08,2026-05-10
1319,関西大倉,1002.5,1000.0,8.38,大阪,近畿,7,3,4,0,0.4286,25.0,39.0,-14.0,2025-04-27,2026-07-20
1320,千葉北,1002.48,1000.0,0.63,千葉,関東・東京,9,5,4,0,0.5556,44.0,43.0,1.0,2025-04-19,2026-07-12
1321,西宮北・西宮苦楽園,1002.45,1000.0,0.49,兵庫,近畿,5,3,2,0,0.6,32.0,24.0,8.0,2025-07-06,2026-07-11
1322,橋本・愛川・中央農業,1002.33,1000.0,4.44,神奈川,関東・東京,2,1,1,0,0.5,5.0,12.0,-7.0,2025-07-10,2025-07-13
1323,龍野,1002.32,1000.0,0.49,兵庫,近畿,8,4,4,0,0.5,28.0,38.0,-10.0,2025-04-19,2026-07-15
1324,鷺宮,1002.31,1000.0,2.37,東京,関東・東京,4,2,2,0,0.5,28.0,34.0,-6.0,2025-07-07,2026-07-14
1325,京都文教,1002.3,1000.0,2.25,京都,近畿,8,4,4,0,0.5,34.0,42.0,-8.0,2025-04-20,2026-07-16
1326,桜井,1002.29,1000.0,-10.7,富山,北信越,17,9,8,0,0.5294,111.0,79.0,32.0,2025-04-20,2026-07-18
1327,私立武蔵,1002.28,1000.0,2.37,東京,関東・東京,2,1,1,0,0.5,14.0,14.0,0.0,2025-04-04,2025-04-04
1328,坂戸,1002.19,1000.0,-0.08,埼玉,関東・東京,8,4,4,0,0.5,72.0,36.0,36.0,2025-04-26,2026-07-14
1329,芝浦工大附,1002.18,1000.0,2.37,東京,関東・東京,8,4,4,0,0.5,49.0,53.0,-4.0,2025-04-04,2026-07-17
1330,長久手,1002.16,1000.0,2.72,愛知,東海,13,7,6,0,0.5385,53.0,69.0,-16.0,2025-04-12,2026-07-18
1331,水沢商業,1002.15,1000.0,3.8,宮城,東北,11,5,6,0,0.4545,67.0,58.0,9.0,2025-05-16,2026-07-11
1332,市立尼崎,1002.11,1000.0,0.49,兵庫,近畿,2,1,1,0,0.5,14.0,19.0,-5.0,2025-04-20,2026-04-19
1333,京都先端附,1002.1,1000.0,2.25,京都,近畿,2,1,1,0,0.5,12.0,13.0,-1.0,2026-07-13,2026-07-16
1334,鹿屋農,1002.09,1000.0,1.49,鹿児島,九州,2,1,1,0,0.5,5.0,5.0,0.0,2025-03-28,2025-07-11
1335,成城学園,1001.99,1000.0,2.37,東京,関東・東京,8,4,4,0,0.5,39.0,39.0,0.0,2025-04-04,2026-07-14
1336,国際・竹台・戸山,1001.96,1000.0,2.37,東京,関東・東京,2,1,1,0,0.5,15.0,20.0,-5.0,2025-04-04,2025-04-04
1337,芦花,1001.94,1000.0,2.37,東京,関東・東京,2,1,1,0,0.5,8.0,8.0,0.0,2025-07-12,2025-07-17
1338,小倉西,1001.86,1000.0,2.09,福岡,九州,8,4,4,0,0.5,29.0,27.0,2.0,2025-03-21,2026-07-09
1339,新宿,1001.85,1000.0,2.37,東京,関東・東京,8,4,4,0,0.5,72.0,49.0,23.0,2025-04-04,2026-07-10
1340,広尾,1001.81,1000.0,2.37,東京,関東・東京,9,5,4,0,0.5556,52.0,55.0,-3.0,2025-04-04,2026-07-12
1341,屋久島・喜界・沖永良部,1001.8,1000.0,1.49,鹿児島,九州,2,1,1,0,0.5,10.0,8.0,2.0,2026-03-20,2026-03-26
1342,廿日市,1001.79,1000.0,-6.32,島根,中国,14,8,6,0,0.5714,57.0,64.0,-7.0,2025-04-19,2026-07-19
1343,城東工科・東大阪みらい工科,1001.7,1000.0,8.38,大阪,近畿,5,2,3,0,0.4,27.0,25.0,2.0,2025-07-11,2026-07-12
1344,北科大,1001.68,1000.0,-9.79,北海道,北海道,1,1,0,0,1.0,15.0,4.0,11.0,2026-05-10,2026-05-10
1345,堺西,1001.66,1000.0,8.38,大阪,近畿,7,3,4,0,0.4286,34.0,41.0,-7.0,2025-04-27,2026-07-20
1346,春日丘,1001.64,1000.0,8.38,大阪,近畿,7,3,4,0,0.4286,30.0,39.0,-9.0,2025-04-19,2026-07-16
1347,大阪旭,1001.62,1000.0,8.38,大阪,近畿,1,0,1,0,0.0,1.0,3.0,-2.0,2026-04-26,2026-04-26
1348,彦根東,1001.6,1000.0,-0.81,滋賀,近畿,7,3,4,0,0.4286,38.0,31.0,7.0,2025-04-20,2026-07-21
1349,柏木学園,1001.58,1000.0,4.44,神奈川,関東・東京,8,4,4,0,0.5,41.0,39.0,2.0,2025-04-05,2026-07-14
1350,那須拓陽,1001.57,1000.0,-2.36,栃木,関東・東京,8,4,4,0,0.5,50.0,37.0,13.0,2025-04-12,2026-07-19
1351,総科大付,1001.53,1000.0,-0.81,長崎,九州,2,1,1,0,0.5,14.0,15.0,-1.0,2026-07-08,2026-07-11
1352,橿原学院(奈良3),1001.53,1000.0,0.0,,近畿,2,1,1,0,0.5,3.0,5.0,-2.0,2025-10-25,2025-10-26
1353,拓大第一,1001.49,1000.0,2.37,東京,関東・東京,2,1,1,0,0.5,8.0,12.0,-4.0,2025-04-07,2025-04-15
1354,カトリック,1001.48,1000.0,1.73,沖縄,九州,6,3,3,0,0.5,25.0,31.0,-6.0,2025-03-21,2026-06-23
1355,産業技術高専,1001.46,1000.0,2.37,東京,関東・東京,4,2,2,0,0.5,49.0,54.0,-5.0,2025-04-04,2025-07-15
1356,村上桜ヶ丘,1001.46,1000.0,-5.27,新潟,北信越,9,5,4,0,0.5556,44.0,44.0,0.0,2025-04-27,2026-07-14
1357,笠田・紀北農芸,1001.42,1000.0,0.99,和歌山,近畿,2,1,1,0,0.5,12.0,10.0,2.0,2026-07-16,2026-07-20
1358,荏田,1001.4,1000.0,4.44,神奈川,関東・東京,4,2,2,0,0.5,16.0,31.0,-15.0,2025-07-09,2026-07-10
1359,茂原北陵,1001.4,1000.0,0.63,千葉,関東・東京,9,5,4,0,0.5556,83.0,33.0,50.0,2025-04-19,2026-07-10
1360,鹿児島玉龍,1001.39,1000.0,1.49,鹿児島,九州,8,4,4,0,0.5,45.0,39.0,6.0,2025-03-20,2026-07-09
1361,黒石,1001.38,1000.0,4.16,青森,東北,8,4,4,0,0.5,50.0,68.0,-18.0,2025-05-10,2026-07-13
1362,隠岐,1001.37,1000.0,5.45,広島,中国,8,4,4,0,0.5,24.0,34.0,-10.0,2025-04-19,2026-07-13
1363,七飯,1001.27,1000.0,-9.79,北海道,北海道,5,3,2,0,0.6,20.0,14.0,6.0,2026-05-09,2026-06-23
1364,徳島科技,1001.25,1000.0,-0.82,香川,四国,8,4,4,0,0.5,83.0,46.0,37.0,2025-03-22,2026-07-19
1365,須磨東,1001.21,1000.0,0.49,兵庫,近畿,8,4,4,0,0.5,15.0,33.0,-18.0,2025-04-19,2026-07-13
1366,尼崎双星,1001.2,1000.0,0.49,兵庫,近畿,7,3,4,0,0.4286,26.0,27.0,-1.0,2025-04-19,2026-07-10
1367,北嵯峨,1001.18,1000.0,2.25,京都,近畿,8,4,4,0,0.5,38.0,49.0,-11.0,2025-04-19,2026-07-08
1368,市立沼津,1001.16,1000.0,-1.42,静岡,東海,8,4,4,0,0.5,31.0,40.0,-9.0,2025-04-19,2026-07-11
1369,帯広南商業,1001.09,1000.0,-9.79,北海道,北海道,7,4,3,0,0.5714,38.0,26.0,12.0,2025-05-26,2026-06-28
1370,三島,1001.08,1000.0,8.38,大阪,近畿,14,7,7,0,0.5,60.0,74.0,-14.0,2025-03-22,2026-07-17
1371,白石工,1001.06,1000.0,-1.84,山形,東北,4,2,2,0,0.5,25.0,17.0,8.0,2025-05-16,2026-04-26
1372,日本ウェルネス沖縄(沖縄2),1001.0,1000.0,0.0,,九州,2,1,1,0,0.5,8.0,9.0,-1.0,2025-10-25,2025-10-28
1373,学芸館,1000.99,1000.0,-7.46,鳥取,中国,1,1,0,0,1.0,15.0,1.0,14.0,2026-04-18,2026-04-18
1374,旭丘,1000.95,1000.0,4.44,神奈川,関東・東京,20,10,10,0,0.5,104.0,102.0,2.0,2025-04-05,2026-07-13
1375,学園札幌,1000.93,1000.0,-9.79,北海道,北海道,7,4,3,0,0.5714,83.0,35.0,48.0,2025-05-26,2026-05-13
1376,旭農業・銚子･成田西陵・八街,1000.89,1000.0,0.63,千葉,関東・東京,2,1,1,0,0.5,9.0,5.0,4.0,2026-04-05,2026-04-08
1377,小川,1000.82,1000.0,2.37,東京,関東・東京,7,3,4,0,0.4286,51.0,33.0,18.0,2025-04-04,2026-07-12
1378,小諸義塾,1000.8,1000.0,-4.39,長野,北信越,7,4,3,0,0.5714,45.0,30.0,15.0,2026-04-29,2026-07-05
1379,東村山西,1000.78,1000.0,2.37,東京,関東・東京,7,3,4,0,0.4286,35.0,40.0,-5.0,2025-04-04,2026-07-15
1380,川辺・串木野・薩摩中央・鶴翔・古仁屋,1000.75,1000.0,1.49,鹿児島,九州,2,1,1,0,0.5,16.0,13.0,3.0,2025-07-07,2025-07-15
1381,柏南,1000.73,1000.0,0.63,千葉,関東・東京,8,4,4,0,0.5,33.0,16.0,17.0,2025-04-19,2026-07-14
1382,大和広陵,1000.68,1000.0,3.92,奈良,近畿,7,3,4,0,0.4286,31.0,26.0,5.0,2025-04-12,2026-07-19
1383,開新,1000.58,1000.0,-4.28,熊本,九州,8,4,4,0,0.5,35.0,32.0,3.0,2025-03-23,2026-07-16
1384,本宮,1000.57,1000.0,-1.38,福島,東北,2,1,1,0,0.5,19.0,9.0,10.0,2025-07-12,2025-07-15
1385,神戸商,1000.54,1000.0,0.49,兵庫,近畿,7,3,4,0,0.4286,21.0,37.0,-16.0,2025-04-19,2026-07-20
1386,沼津商,1000.52,1000.0,-1.42,静岡,東海,7,4,3,0,0.5714,20.0,25.0,-5.0,2025-04-19,2026-03-29
1387,宮城県農業,1000.48,1000.0,-1.84,山形,東北,8,4,4,0,0.5,38.0,33.0,5.0,2025-05-16,2026-07-19
1388,御殿場南,1000.45,1000.0,-1.42,静岡,東海,10,5,5,0,0.5,48.0,53.0,-5.0,2025-04-19,2026-07-19
1389,佐世保北,1000.44,1000.0,-0.81,長崎,九州,8,4,4,0,0.5,36.0,37.0,-1.0,2025-03-29,2026-07-18
1390,柏崎,1000.44,1000.0,-5.27,新潟,北信越,8,4,4,0,0.5,39.0,28.0,11.0,2025-04-28,2026-07-10
1391,津山商,1000.4,1000.0,-7.46,鳥取,中国,3,2,1,0,0.6667,21.0,12.0,9.0,2025-04-26,2026-04-11
1392,桐朋,1000.37,1000.0,2.37,東京,関東・東京,7,3,4,0,0.4286,38.0,39.0,-1.0,2025-04-04,2026-07-13
1393,大田,1000.36,1000.0,5.45,広島,中国,7,3,4,0,0.4286,33.0,32.0,1.0,2025-04-19,2026-07-19
1394,札幌工,1000.35,1000.0,-9.79,北海道,北海道,3,2,1,0,0.6667,14.0,9.0,5.0,2026-05-15,2026-07-09
1395,加古川東,1000.35,1000.0,0.49,兵庫,近畿,8,4,4,0,0.5,21.0,35.0,-14.0,2025-04-19,2026-07-11
1396,防府,1000.34,1000.0,-1.06,山口,中国,6,3,3,0,0.5,30.0,23.0,7.0,2025-04-12,2026-07-12
1397,徳島商(徳島2),1000.34,1000.0,0.0,,四国,2,1,1,0,0.5,5.0,6.0,-1.0,2025-10-18,2025-10-19
1398,洛星,1000.33,1000.0,2.25,京都,近畿,8,4,4,0,0.5,19.0,30.0,-11.0,2025-04-20,2026-07-15
1399,小倉工,1000.31,1000.0,2.09,福岡,九州,4,2,2,0,0.5,11.0,21.0,-10.0,2025-03-24,2026-03-30
1400,仙台東,1000.29,1000.0,-1.84,山形,東北,10,5,5,0,0.5,84.0,52.0,32.0,2025-05-16,2026-07-17
1401,南部工業・向陽,1000.28,1000.0,1.73,沖縄,九州,2,1,1,0,0.5,3.0,4.0,-1.0,2025-03-21,2025-03-23
1402,大野・葛巻・伊保内,1000.27,1000.0,3.8,宮城,東北,6,3,3,0,0.5,16.0,46.0,-30.0,2025-05-16,2025-07-18
1403,藤沢清流,1000.27,1000.0,4.44,神奈川,関東・東京,5,2,3,0,0.4,32.0,25.0,7.0,2025-04-12,2026-07-10
1404,海星(長崎),1000.25,1000.0,0.0,,九州,2,1,1,0,0.5,7.0,6.0,1.0,2025-04-19,2025-04-21
1405,屋久島,1000.25,1000.0,1.49,鹿児島,九州,4,2,2,0,0.5,17.0,13.0,4.0,2025-07-11,2026-07-14
1406,昭和薬附,1000.22,1000.0,1.73,沖縄,九州,4,2,2,0,0.5,27.0,22.0,5.0,2025-06-22,2026-03-20
1407,北須磨,1000.22,1000.0,0.49,兵庫,近畿,7,3,4,0,0.4286,59.0,29.0,30.0,2025-04-19,2026-07-14
1408,五所川原工科・柏木農業,1000.19,1000.0,4.16,青森,東北,2,1,1,0,0.5,3.0,10.0,-7.0,2025-05-10,2025-05-12
1409,早稲田大阪,1000.17,1000.0,8.38,大阪,近畿,7,3,4,0,0.4286,44.0,39.0,5.0,2025-04-27,2026-07-16
1410,青葉総合・釜利谷・永谷・横浜明朋・三浦初声・海洋科学,1000.13,1000.0,4.44,神奈川,関東・東京,2,1,1,0,0.5,4.0,9.0,-5.0,2026-07-08,2026-07-11
1411,太田東,1000.1,1000.0,3.22,群馬,関東・東京,7,3,4,0,0.4286,30.0,15.0,15.0,2025-04-15,2026-07-05
1412,浜坂・村岡,1000.09,1000.0,0.49,兵庫,近畿,4,2,2,0,0.5,17.0,20.0,-3.0,2025-04-19,2025-07-14
1413,阿波,1000.05,1000.0,-0.82,香川,四国,8,4,4,0,0.5,39.0,28.0,11.0,2025-03-22,2026-07-19
1414,四日市,1000.05,1000.0,-4.97,三重,東海,13,6,7,0,0.4615,97.0,73.0,24.0,2025-04-12,2026-07-21
1415,四谷学院,1000.05,1000.0,-1.03,茨城,関東・東京,2,1,1,0,0.5,8.0,9.0,-1.0,2026-07-05,2026-07-10
1416,駒場・両国,1000.02,1000.0,2.37,東京,関東・東京,2,1,1,0,0.5,3.0,12.0,-9.0,2025-04-04,2025-04-04
1417,大原・鴨川令徳・茂原,1000.0,1000.0,0.63,千葉,関東・東京,2,1,1,0,0.5,5.0,11.0,-6.0,2025-04-19,2025-04-19
1418,ビジネスフロンティア,999.97,1000.0,8.38,大阪,近畿,1,0,1,0,0.0,6.0,7.0,-1.0,2026-04-19,2026-04-19
1419,鹿児島実,999.96,1000.0,1.49,鹿児島,九州,5,2,3,0,0.4,23.0,30.0,-7.0,2025-03-29,2026-07-25
1420,府立工業,999.95,1000.0,2.25,京都,近畿,6,3,3,0,0.5,27.0,38.0,-11.0,2025-04-20,2026-07-08
1421,八戸西,999.91,1000.0,4.16,青森,東北,7,3,4,0,0.4286,29.0,20.0,9.0,2025-05-10,2026-07-15
1422,豊岡総合,999.87,1000.0,0.49,兵庫,近畿,10,6,4,0,0.6,44.0,47.0,-3.0,2025-04-19,2026-07-10
1423,理大附,999.82,1000.0,-7.46,鳥取,中国,1,1,0,0,1.0,6.0,0.0,6.0,2025-04-26,2025-04-26
1424,岩国商業,999.82,1000.0,-1.06,山口,中国,2,1,1,0,0.5,8.0,5.0,3.0,2025-04-12,2026-04-11
1425,太宰府,999.75,1000.0,2.09,福岡,九州,8,4,4,0,0.5,38.0,58.0,-20.0,2025-03-21,2026-07-14
1426,静岡市立,999.72,1000.0,-1.42,静岡,東海,11,5,6,0,0.4545,66.0,35.0,31.0,2025-04-19,2026-07-18
1427,新湊,999.72,1000.0,-10.7,富山,北信越,10,5,5,0,0.5,69.0,51.0,18.0,2025-04-19,2026-07-20
1428,弘前中央,999.72,1000.0,4.16,青森,東北,8,4,4,0,0.5,50.0,70.0,-20.0,2025-05-10,2026-07-13
1429,札幌連合,999.72,1000.0,-9.79,北海道,北海道,1,1,0,0,1.0,7.0,5.0,2.0,2026-06-25,2026-06-25
1430,桜が丘,999.7,1000.0,-6.32,島根,中国,1,1,0,0,1.0,6.0,4.0,2.0,2026-03-21,2026-03-21
1431,本庄東,999.63,1000.0,-0.08,埼玉,関東・東京,8,4,4,0,0.5,40.0,35.0,5.0,2025-04-24,2026-07-10
1432,興譲館,999.62,1000.0,-7.46,鳥取,中国,9,5,4,0,0.5556,39.0,43.0,-4.0,2025-04-26,2026-07-20
1433,大分西,999.6,1000.0,2.65,大分,九州,8,4,4,0,0.5,37.0,39.0,-2.0,2025-03-23,2026-07-08
1434,八女,999.6,1000.0,2.09,福岡,九州,8,4,4,0,0.5,28.0,31.0,-3.0,2025-03-23,2026-07-10
1435,岩瀬農,999.56,1000.0,-1.38,福島,東北,2,1,1,0,0.5,10.0,9.0,1.0,2025-07-13,2026-07-10
1436,秀英,999.54,1000.0,4.44,神奈川,関東・東京,4,2,2,0,0.5,23.0,36.0,-13.0,2025-07-09,2026-07-11
1437,浦安・行徳,999.52,1000.0,0.63,千葉,関東・東京,2,1,1,0,0.5,4.0,9.0,-5.0,2025-04-19,2025-04-19
1438,角館,999.51,1000.0,0.62,岩手,東北,7,3,4,0,0.4286,32.0,25.0,7.0,2025-05-14,2026-07-14
1439,下松工,999.49,1000.0,-1.06,山口,中国,4,2,2,0,0.5,15.0,28.0,-13.0,2025-07-12,2026-07-21
1440,八幡商,999.48,1000.0,-0.81,滋賀,近畿,4,2,2,0,0.5,22.0,18.0,4.0,2026-04-25,2026-08-07
1441,米原,999.47,1000.0,-0.81,滋賀,近畿,8,4,4,0,0.5,47.0,38.0,9.0,2025-04-19,2026-07-12
1442,岡山城東,999.46,1000.0,-7.46,鳥取,中国,8,4,4,0,0.5,26.0,23.0,3.0,2025-04-26,2026-07-19
1443,麻生・つくば国際,999.46,1000.0,-1.03,茨城,関東・東京,2,1,1,0,0.5,6.0,13.0,-7.0,2026-07-06,2026-07-12
1444,都市大等々力,999.46,1000.0,2.37,東京,関東・東京,6,3,3,0,0.5,34.0,28.0,6.0,2025-04-04,2026-07-14
1445,有田中央・笠田・貴志川・紀北農芸,999.46,1000.0,0.99,和歌山,近畿,2,1,1,0,0.5,9.0,10.0,-1.0,2026-04-11,2026-04-18
1446,鎮西学院,999.43,1000.0,-0.81,長崎,九州,8,4,4,0,0.5,29.0,33.0,-4.0,2025-03-29,2026-07-12
1447,5校連合B,999.42,1000.0,-0.08,埼玉,関東・東京,2,1,1,0,0.5,8.0,11.0,-3.0,2025-04-24,2025-04-24
1448,町田,999.42,1000.0,2.37,東京,関東・東京,8,4,4,0,0.5,42.0,55.0,-13.0,2025-04-04,2026-07-16
1449,伊川谷北・伊川谷・神戸学園都市,999.41,1000.0,0.49,兵庫,近畿,2,1,1,0,0.5,12.0,13.0,-1.0,2026-03-29,2026-04-02
1450,中津商業,999.39,1000.0,-2.62,岐阜,東海,2,1,1,0,0.5,9.0,4.0,5.0,2026-03-28,2026-03-30
1451,野村・吉田・南宇和,999.38,1000.0,-7.48,愛媛,四国,3,2,1,0,0.6667,9.0,12.0,-3.0,2026-03-20,2026-03-26
1452,開邦・真和志・豊見城南・那覇工業,999.37,1000.0,1.73,沖縄,九州,2,1,1,0,0.5,5.0,15.0,-10.0,2025-03-21,2025-03-24
1453,玉島商,999.36,1000.0,-7.46,鳥取,中国,1,1,0,0,1.0,5.0,1.0,4.0,2025-04-26,2025-04-26
1454,苅田工,999.35,1000.0,2.09,福岡,九州,2,1,1,0,0.5,7.0,12.0,-5.0,2025-03-25,2025-03-27
1455,相馬連合,999.3,1000.0,-1.38,福島,東北,4,2,2,0,0.5,32.0,26.0,6.0,2026-04-25,2026-04-29
1456,明法,999.28,1000.0,2.37,東京,関東・東京,8,4,4,0,0.5,78.0,26.0,52.0,2025-04-04,2026-07-13
1457,名経大高蔵,999.24,1000.0,2.72,愛知,東海,13,7,6,0,0.5385,78.0,57.0,21.0,2025-04-12,2026-07-04
1458,必由館,999.2,1000.0,-4.28,熊本,九州,8,4,4,0,0.5,35.0,23.0,12.0,2025-03-25,2026-07-16
1459,岐阜城北(岐阜1),999.2,1000.0,0.0,,東海,2,1,1,0,0.5,10.0,12.0,-2.0,2025-05-25,2025-05-26
1460,城郷,999.19,1000.0,4.44,神奈川,関東・東京,5,2,3,0,0.4,33.0,30.0,3.0,2025-04-05,2026-07-09
1461,新潟,999.18,1000.0,-5.27,新潟,北信越,8,4,4,0,0.5,52.0,33.0,19.0,2025-04-27,2026-07-10
1462,釧路工業,999.18,1000.0,-9.79,北海道,北海道,4,2,2,0,0.5,28.0,10.0,18.0,2025-05-26,2025-05-26
1463,国際・駒場・東村山・府中,999.15,1000.0,2.37,東京,関東・東京,2,1,1,0,0.5,3.0,13.0,-10.0,2026-03-15,2026-03-21
1464,金光,999.14,1000.0,-7.46,鳥取,中国,1,1,0,0,1.0,8.0,4.0,4.0,2026-04-12,2026-04-12
1465,県西連合,999.13,1000.0,-1.03,茨城,関東・東京,2,1,1,0,0.5,29.0,18.0,11.0,2026-04-11,2026-04-13
1466,鹿沼東・今市・壬生,999.13,1000.0,-2.36,栃木,関東・東京,2,1,1,0,0.5,21.0,18.0,3.0,2026-04-12,2026-04-19
1467,六ヶ所・七戸・野辺地・野辺地西・三農恵拓,999.12,1000.0,4.16,青森,東北,2,1,1,0,0.5,2.0,9.0,-7.0,2026-07-08,2026-07-14
1468,下関商,999.09,1000.0,-1.06,山口,中国,8,4,4,0,0.5,35.0,62.0,-27.0,2025-04-20,2026-07-18
1469,岡山工,999.08,1000.0,-7.46,鳥取,中国,3,2,1,0,0.6667,21.0,19.0,2.0,2025-04-26,2026-04-18
1470,能代松陽(秋田1),999.07,1000.0,0.0,,東北,2,1,1,0,0.5,13.0,18.0,-5.0,2025-06-11,2025-06-13
1471,膳所,999.07,1000.0,-0.81,滋賀,近畿,8,4,4,0,0.5,34.0,38.0,-4.0,2025-04-19,2026-07-11
1472,昭和薬大附,999.07,1000.0,1.73,沖縄,九州,2,1,1,0,0.5,7.0,15.0,-8.0,2025-03-20,2025-03-23
1473,茅ケ崎,999.06,1000.0,4.44,神奈川,関東・東京,5,2,3,0,0.4,24.0,17.0,7.0,2025-07-10,2026-07-13
1474,津東,999.06,1000.0,-4.97,三重,東海,14,7,7,0,0.5,97.0,78.0,19.0,2025-04-12,2026-07-18
1475,作陽学園,999.06,1000.0,-7.46,鳥取,中国,9,5,4,0,0.5556,38.0,34.0,4.0,2025-04-26,2026-07-16
1476,東農大第三,999.03,1000.0,-0.08,埼玉,関東・東京,4,2,2,0,0.5,14.0,14.0,0.0,2025-07-12,2026-04-26
1477,第二,998.99,1000.0,-4.28,熊本,九州,4,2,2,0,0.5,20.0,18.0,2.0,2025-03-20,2026-03-27
1478,伊勢崎商,998.98,1000.0,3.22,群馬,関東・東京,8,4,4,0,0.5,22.0,32.0,-10.0,2025-04-12,2026-07-20
1479,西乙訓・園部・須知,998.97,1000.0,2.25,京都,近畿,4,2,2,0,0.5,17.0,28.0,-11.0,2025-07-08,2026-07-09
1480,宮崎学園,998.97,1000.0,-7.87,宮崎,九州,10,6,4,0,0.6,30.0,47.0,-17.0,2025-03-23,2026-04-06
1481,小松商,998.87,1000.0,6.19,石川,北信越,7,3,4,0,0.4286,25.0,27.0,-2.0,2025-04-19,2026-07-19
1482,法隆寺国際,998.85,1000.0,3.92,奈良,近畿,7,3,4,0,0.4286,32.0,30.0,2.0,2025-04-13,2026-07-21
1483,坂戸西,998.85,1000.0,-0.08,埼玉,関東・東京,8,4,4,0,0.5,43.0,59.0,-16.0,2025-04-24,2026-07-15
1484,静内,998.84,1000.0,-9.79,北海道,北海道,8,4,4,0,0.5,79.0,22.0,57.0,2025-05-26,2026-07-09
1485,比叡山,998.83,1000.0,-0.81,滋賀,近畿,7,3,4,0,0.4286,39.0,29.0,10.0,2025-04-20,2026-07-08
1486,盛岡市立,998.82,1000.0,3.8,宮城,東北,13,6,7,0,0.4615,84.0,70.0,14.0,2025-05-16,2026-07-15
1487,武蔵,998.81,1000.0,2.37,東京,関東・東京,4,2,2,0,0.5,16.0,40.0,-24.0,2026-03-14,2026-07-16
1488,小倉,998.8,1000.0,2.09,福岡,九州,7,3,4,0,0.4286,23.0,34.0,-11.0,2025-03-23,2026-07-21
1489,市立函館,998.74,1000.0,-9.79,北海道,北海道,8,4,4,0,0.5,30.0,32.0,-2.0,2025-05-26,2026-07-08
1490,城北埼玉,998.73,1000.0,-0.08,埼玉,関東・東京,7,3,4,0,0.4286,54.0,44.0,10.0,2025-04-24,2026-07-18
1491,南稜,998.73,1000.0,-4.28,熊本,九州,15,7,8,0,0.4667,86.0,82.0,4.0,2025-03-22,2026-07-18
1492,東淀川,998.72,1000.0,8.38,大阪,近畿,7,3,4,0,0.4286,26.0,32.0,-6.0,2025-04-06,2026-07-22
1493,木本・紀南・熊野青藍,998.71,1000.0,-4.97,三重,東海,6,3,3,0,0.5,37.0,24.0,13.0,2026-03-20,2026-07-12
1494,皇學館,998.69,1000.0,-4.97,三重,東海,13,7,6,0,0.5385,80.0,78.0,2.0,2025-04-12,2026-07-21
1495,鶴見大附,998.69,1000.0,4.44,神奈川,関東・東京,6,3,3,0,0.5,17.0,34.0,-17.0,2025-07-09,2026-07-08
1496,関西(岡山3),998.66,1000.0,0.0,,中国,2,1,1,0,0.5,5.0,9.0,-4.0,2025-10-24,2025-10-26
1497,三木東,998.53,1000.0,0.49,兵庫,近畿,2,1,1,0,0.5,11.0,19.0,-8.0,2025-04-19,2025-04-19
1498,麻生・国際,998.47,1000.0,-1.03,茨城,関東・東京,2,1,1,0,0.5,9.0,11.0,-2.0,2026-04-09,2026-04-12
1499,福崎,998.45,1000.0,0.49,兵庫,近畿,5,3,2,0,0.6,13.0,19.0,-6.0,2025-04-19,2025-07-15
1500,富山国際大付,998.43,1000.0,-10.7,富山,北信越,8,4,4,0,0.5,60.0,26.0,34.0,2025-04-20,2026-07-10
1501,菊里,998.43,1000.0,2.72,愛知,東海,12,6,6,0,0.5,46.0,59.0,-13.0,2025-04-12,2026-07-07
1502,岱志,998.41,1000.0,-4.28,熊本,九州,8,4,4,0,0.5,27.0,38.0,-11.0,2025-03-26,2026-07-19
1503,沼津東,998.4,1000.0,-1.42,静岡,東海,8,4,4,0,0.5,35.0,24.0,11.0,2025-04-19,2026-07-12
1504,多賀城,998.39,1000.0,-1.84,山形,東北,10,5,5,0,0.5,66.0,46.0,20.0,2025-05-16,2026-07-14
1505,那覇工業・真和志・開邦・豊見城南・南部農林,998.35,1000.0,1.73,沖縄,九州,2,1,1,0,0.5,7.0,15.0,-8.0,2025-06-15,2025-06-28
1506,南三陸・宮城水産・涌谷・石巻北,998.34,1000.0,-1.84,山形,東北,2,1,1,0,0.5,11.0,9.0,2.0,2025-07-13,2025-07-17
1507,新宮,998.33,1000.0,2.09,福岡,九州,7,3,4,0,0.4286,29.0,32.0,-3.0,2025-03-22,2026-07-13
1508,岐阜高専,998.32,1000.0,-2.62,岐阜,東海,11,6,5,0,0.5455,60.0,73.0,-13.0,2025-04-12,2026-07-20
1509,高鍋,998.29,1000.0,-7.87,宮崎,九州,8,4,4,0,0.5,37.0,34.0,3.0,2025-03-20,2026-07-16
1510,北星附,998.29,1000.0,-9.79,北海道,北海道,1,1,0,0,1.0,9.0,8.0,1.0,2026-05-09,2026-05-09
1511,松戸・松戸国際・清水・沼南・沼南高柳・流山おおたかの森,998.28,1000.0,0.63,千葉,関東・東京,2,1,1,0,0.5,7.0,10.0,-3.0,2025-07-12,2025-07-16
1512,安曇川・湖南農業・守山・愛知,998.25,1000.0,-0.81,滋賀,近畿,2,1,1,0,0.5,13.0,16.0,-3.0,2025-04-19,2025-04-26
1513,前橋西・下仁田・吉井・長野原,998.22,1000.0,3.22,群馬,関東・東京,2,1,1,0,0.5,10.0,20.0,-10.0,2026-04-13,2026-04-19
1514,芦屋,998.21,1000.0,0.49,兵庫,近畿,8,4,4,0,0.5,42.0,40.0,2.0,2025-04-19,2026-07-14
1515,小林西(宮崎1),998.21,1000.0,0.0,,九州,2,1,1,0,0.5,3.0,5.0,-2.0,2025-10-25,2025-10-28
1516,上野,998.2,1000.0,-4.97,三重,東海,15,7,8,0,0.4667,88.0,68.0,20.0,2025-04-12,2026-07-18
1517,清陵情報,998.19,1000.0,-1.38,福島,東北,11,5,6,0,0.4545,49.0,55.0,-6.0,2025-05-16,2026-07-20
1518,国立,998.17,1000.0,2.37,東京,関東・東京,7,3,4,0,0.4286,36.0,37.0,-1.0,2025-04-05,2026-07-13
1519,関西創価,998.15,1000.0,8.38,大阪,近畿,6,2,4,0,0.3333,19.0,18.0,1.0,2025-04-20,2026-07-18
1520,飾磨工,998.1,1000.0,0.49,兵庫,近畿,7,3,4,0,0.4286,33.0,26.0,7.0,2025-04-19,2026-07-16
1521,伯太,998.09,1000.0,8.38,大阪,近畿,3,1,2,0,0.3333,17.0,19.0,-2.0,2025-04-05,2025-07-13
1522,神戸甲北・北神戸総合,998.09,1000.0,0.49,兵庫,近畿,2,1,1,0,0.5,9.0,12.0,-3.0,2025-07-11,2025-07-14
1523,高石,998.05,1000.0,8.38,大阪,近畿,7,3,4,0,0.4286,33.0,53.0,-20.0,2025-04-06,2026-07-14
1524,みどり清朋,998.03,1000.0,8.38,大阪,近畿,5,2,3,0,0.4,24.0,34.0,-10.0,2025-04-05,2026-07-17
1525,瀬田工,998.02,1000.0,-0.81,滋賀,近畿,2,1,1,0,0.5,10.0,10.0,0.0,2026-07-10,2026-07-13
1526,新田暁,998.01,1000.0,3.22,群馬,関東・東京,8,4,4,0,0.5,46.0,43.0,3.0,2025-04-12,2026-07-06
1527,矢上(島根),998.01,1000.0,0.0,,中国,2,1,1,0,0.5,8.0,14.0,-6.0,2025-05-31,2025-06-01
1528,首里,997.98,1000.0,1.73,沖縄,九州,8,4,4,0,0.5,21.0,30.0,-9.0,2025-03-24,2026-06-14
1529,足立学園,997.93,1000.0,2.37,東京,関東・東京,8,4,4,0,0.5,34.0,43.0,-9.0,2025-04-04,2026-07-13
1530,武蔵野北,997.91,1000.0,2.37,東京,関東・東京,7,3,4,0,0.4286,46.0,43.0,3.0,2025-04-04,2026-07-14
1531,日比谷,997.88,1000.0,2.37,東京,関東・東京,8,4,4,0,0.5,34.0,65.0,-31.0,2025-04-04,2026-07-18
1532,匝瑳,997.87,1000.0,0.63,千葉,関東・東京,8,4,4,0,0.5,38.0,50.0,-12.0,2025-04-19,2026-07-15
1533,青森工業,997.84,1000.0,4.16,青森,東北,7,3,4,0,0.4286,29.0,42.0,-13.0,2025-05-09,2026-07-13
1534,佐原,997.82,1000.0,0.63,千葉,関東・東京,8,4,4,0,0.5,37.0,28.0,9.0,2025-04-19,2026-07-15
1535,姫路南,997.81,1000.0,0.49,兵庫,近畿,3,1,2,0,0.3333,13.0,12.0,1.0,2025-04-19,2025-07-10
1536,京都,997.76,1000.0,2.09,福岡,九州,7,3,4,0,0.4286,36.0,30.0,6.0,2025-03-23,2026-07-15
1537,久居農林,997.75,1000.0,-4.97,三重,東海,16,9,7,0,0.5625,62.0,75.0,-13.0,2025-04-12,2026-07-04
1538,山北,997.71,1000.0,4.44,神奈川,関東・東京,5,2,3,0,0.4,16.0,14.0,2.0,2025-04-05,2026-07-14
1539,宇都宮清陵・さくら清修,997.7,1000.0,-2.36,栃木,関東・東京,2,1,1,0,0.5,8.0,7.0,1.0,2025-04-12,2025-04-19
1540,農林・塩山・上野原,997.69,1000.0,-0.05,山梨,関東・東京,2,1,1,0,0.5,8.0,18.0,-10.0,2026-04-12,2026-04-25
1541,成田北,997.68,1000.0,0.63,千葉,関東・東京,7,3,4,0,0.4286,53.0,35.0,18.0,2025-04-19,2026-07-11
1542,致道館,997.66,1000.0,-6.25,秋田,東北,8,4,4,0,0.5,51.0,32.0,19.0,2025-05-11,2026-07-18
1543,磐田西,997.66,1000.0,-1.42,静岡,東海,10,5,5,0,0.5,63.0,66.0,-3.0,2025-04-19,2026-07-12
1544,邇摩,997.66,1000.0,5.45,広島,中国,8,4,4,0,0.5,22.0,32.0,-10.0,2025-04-19,2026-07-14
1545,東北学院榴ヶ岡,997.65,1000.0,-1.84,山形,東北,2,1,1,0,0.5,9.0,10.0,-1.0,2025-05-16,2025-05-16
1546,東海南,997.65,1000.0,2.72,愛知,東海,12,6,6,0,0.5,71.0,74.0,-3.0,2025-04-12,2026-07-12
1547,柴島・東住吉総合・大正白稜・東淀工・淀川清流,997.64,1000.0,8.38,大阪,近畿,1,0,1,0,0.0,2.0,6.0,-4.0,2026-07-05,2026-07-05
1548,飯田OIDE長姫,997.63,1000.0,-4.39,長野,北信越,8,4,4,0,0.5,43.0,38.0,5.0,2025-05-10,2026-07-08
1549,四條畷,997.62,1000.0,8.38,大阪,近畿,7,3,4,0,0.4286,34.0,44.0,-10.0,2025-04-05,2026-07-16
1550,熊野,997.61,1000.0,0.99,和歌山,近畿,18,8,10,0,0.4444,77.0,102.0,-25.0,2025-04-15,2026-07-25
1551,藤島,997.6,1000.0,1.72,福井,北信越,8,4,4,0,0.5,34.0,42.0,-8.0,2025-04-19,2026-07-19
1552,草津,997.59,1000.0,-0.81,滋賀,近畿,8,4,4,0,0.5,26.0,29.0,-3.0,2025-04-19,2026-07-18
1553,小浜,997.58,1000.0,-0.81,長崎,九州,8,4,4,0,0.5,21.0,21.0,0.0,2025-03-28,2026-07-08
1554,総合科学,997.58,1000.0,4.44,神奈川,関東・東京,5,2,3,0,0.4,28.0,19.0,9.0,2025-04-05,2026-07-08
1555,修文学院,997.58,1000.0,2.72,愛知,東海,16,8,8,0,0.5,83.0,66.0,17.0,2025-04-12,2026-07-05
1556,紀南・熊野青藍,997.57,1000.0,-4.97,三重,東海,2,1,1,0,0.5,22.0,7.0,15.0,2025-07-06,2025-07-14
1557,金沢錦丘,997.54,1000.0,6.19,石川,北信越,7,3,4,0,0.4286,44.0,36.0,8.0,2025-04-26,2026-07-15
1558,福島北・伊達,997.54,1000.0,-1.38,福島,東北,5,2,3,0,0.4,35.0,27.0,8.0,2025-05-16,2025-07-14
1559,柴島・東住吉総合・大正白稜,997.5,1000.0,8.38,大阪,近畿,1,0,1,0,0.0,0.0,19.0,-19.0,2026-04-19,2026-04-19
1560,長良,997.5,1000.0,-2.62,岐阜,東海,11,5,6,0,0.4545,50.0,37.0,13.0,2025-04-12,2026-07-20
1561,東大和,997.46,1000.0,2.37,東京,関東・東京,7,3,4,0,0.4286,36.0,36.0,0.0,2025-04-04,2026-07-15
1562,津山,997.42,1000.0,-7.46,鳥取,中国,8,4,4,0,0.5,46.0,52.0,-6.0,2025-04-26,2026-07-20
1563,春日部東,997.42,1000.0,-0.08,埼玉,関東・東京,8,4,4,0,0.5,44.0,52.0,-8.0,2025-04-24,2026-07-14
1564,柳井,997.35,1000.0,-1.06,山口,中国,8,4,4,0,0.5,26.0,41.0,-15.0,2025-04-19,2026-07-21
1565,高志館,997.35,1000.0,-9.64,佐賀,九州,9,5,4,0,0.5556,35.0,37.0,-2.0,2025-03-20,2026-07-09
1566,御影,997.34,1000.0,0.49,兵庫,近畿,5,2,3,0,0.4,26.0,23.0,3.0,2025-04-19,2026-07-11
1567,松阪商業,997.33,1000.0,-4.97,三重,東海,4,2,2,0,0.5,16.0,14.0,2.0,2026-03-21,2026-03-29
1568,安達・本宮,997.27,1000.0,-1.38,福島,東北,2,1,1,0,0.5,8.0,13.0,-5.0,2025-05-16,2025-05-16
1569,大磯,997.25,1000.0,4.44,神奈川,関東・東京,5,2,3,0,0.4,24.0,29.0,-5.0,2025-07-10,2026-07-13
1570,堺市立堺,997.24,1000.0,8.38,大阪,近畿,1,0,1,0,0.0,1.0,8.0,-7.0,2025-04-27,2025-04-27
1571,錦城,997.22,1000.0,2.37,東京,関東・東京,7,3,4,0,0.4286,31.0,28.0,3.0,2025-04-05,2026-07-14
1572,沖縄尚学(沖縄1),997.21,1000.0,0.0,,九州,2,1,1,0,0.5,2.0,4.0,-2.0,2025-10-26,2025-10-28
1573,笠岡商業,997.19,1000.0,-7.46,鳥取,中国,6,3,3,0,0.5,22.0,20.0,2.0,2025-07-13,2026-07-22
1574,鶴嶺,997.19,1000.0,4.44,神奈川,関東・東京,6,3,3,0,0.5,17.0,44.0,-27.0,2025-07-09,2026-07-09
1575,武蔵台,997.19,1000.0,2.09,福岡,九州,8,4,4,0,0.5,22.0,39.0,-17.0,2025-03-22,2026-07-08
1576,岡山朝日,997.16,1000.0,-7.46,鳥取,中国,8,4,4,0,0.5,25.0,23.0,2.0,2025-04-26,2026-07-19
1577,若狭,997.16,1000.0,1.72,福井,北信越,10,5,5,0,0.5,50.0,55.0,-5.0,2025-04-20,2026-07-18
1578,松江西・江津・浜田水産,997.15,1000.0,5.45,広島,中国,1,0,1,0,0.0,3.0,4.0,-1.0,2025-07-12,2025-07-12
1579,平工業,997.13,1000.0,-1.38,福島,東北,7,3,4,0,0.4286,39.0,28.0,11.0,2025-05-16,2026-05-17
1580,伊達・本宮・福島北,997.11,1000.0,-1.38,福島,東北,6,3,3,0,0.5,25.0,28.0,-3.0,2026-04-24,2026-07-14
1581,松阪商,997.11,1000.0,-4.97,三重,東海,8,4,4,0,0.5,43.0,27.0,16.0,2025-04-12,2026-07-08
1582,門真西,997.08,1000.0,8.38,大阪,近畿,1,0,1,0,0.0,0.0,13.0,-13.0,2026-07-11,2026-07-11
1583,鹿児島工業,997.07,1000.0,1.49,鹿児島,九州,7,3,4,0,0.4286,33.0,29.0,4.0,2025-03-24,2026-07-11
1584,多摩大聖ヶ丘,997.07,1000.0,2.37,東京,関東・東京,7,3,4,0,0.4286,64.0,44.0,20.0,2025-04-04,2026-07-15
1585,科学技術・葛西南・深川・富士,997.07,1000.0,2.37,東京,関東・東京,1,0,1,0,0.0,7.0,8.0,-1.0,2025-04-04,2025-04-04
1586,修明,997.03,1000.0,-1.38,福島,東北,12,6,6,0,0.5,65.0,42.0,23.0,2025-05-16,2026-07-10
1587,櫻町,997.02,1000.0,2.37,東京,関東・東京,1,0,1,0,0.0,3.0,4.0,-1.0,2025-04-04,2025-04-04
1588,青井・足立東・葛飾総合・蒲田・中野工科・農産・三田・南葛飾,997.02,1000.0,2.37,東京,関東・東京,1,0,1,0,0.0,6.0,7.0,-1.0,2025-04-04,2025-04-04
1589,東北生文大,997.0,1000.0,-1.84,山形,東北,10,4,6,0,0.4,43.0,38.0,5.0,2025-05-16,2026-07-16
1590,上水,996.93,1000.0,2.37,東京,関東・東京,7,3,4,0,0.4286,53.0,45.0,8.0,2025-04-04,2026-07-13
1591,岐阜総合学園,996.9,1000.0,-2.62,岐阜,東海,4,2,2,0,0.5,24.0,17.0,7.0,2025-04-12,2025-04-20
1592,盛岡中央,996.88,1000.0,3.8,宮城,東北,11,5,6,0,0.4545,62.0,39.0,23.0,2025-05-16,2026-07-09
1593,岐阜聖徳学園,996.87,1000.0,-2.62,岐阜,東海,2,1,1,0,0.5,6.0,9.0,-3.0,2025-04-12,2025-04-12
1594,神戸甲北・神戸北・北神戸総合,996.87,1000.0,0.49,兵庫,近畿,3,1,2,0,0.3333,9.0,8.0,1.0,2026-03-30,2026-07-14
1595,帯広南商,996.86,1000.0,-9.79,北海道,北海道,3,2,1,0,0.6667,26.0,25.0,1.0,2026-05-10,2026-05-16
1596,大阪農芸,996.86,1000.0,8.38,大阪,近畿,1,0,1,0,0.0,0.0,10.0,-10.0,2026-04-19,2026-04-19
1597,大阪ﾋﾞｼﾞﾈｽﾌﾛﾝﾃｨｱ,996.84,1000.0,8.38,大阪,近畿,1,0,1,0,0.0,2.0,10.0,-8.0,2025-04-12,2025-04-12
1598,諫早,996.79,1000.0,-0.81,長崎,九州,8,4,4,0,0.5,39.0,45.0,-6.0,2025-03-25,2026-07-12
1599,千原台,996.78,1000.0,-4.28,熊本,九州,8,4,4,0,0.5,30.0,24.0,6.0,2025-03-20,2026-07-12
1600,青梅総合,996.77,1000.0,2.37,東京,関東・東京,2,1,1,0,0.5,16.0,22.0,-6.0,2025-04-04,2025-07-06
1601,大分豊府,996.77,1000.0,2.65,大分,九州,7,3,4,0,0.4286,28.0,27.0,1.0,2025-03-27,2026-07-17
1602,坂出商,996.74,1000.0,-4.3,徳島,四国,4,2,2,0,0.5,15.0,14.0,1.0,2025-03-25,2025-04-06
1603,取手一,996.73,1000.0,-1.03,茨城,関東・東京,7,3,4,0,0.4286,44.0,26.0,18.0,2025-04-19,2026-07-15
1604,長崎東・西彼杵・鶴洋・海陽・五島,996.7,1000.0,-0.81,長崎,九州,2,1,1,0,0.5,3.0,10.0,-7.0,2025-03-26,2025-03-28
1605,旭川西,996.68,1000.0,-9.79,北海道,北海道,8,4,4,0,0.5,57.0,30.0,27.0,2025-05-26,2026-07-13
1606,横浜商,996.65,1000.0,4.44,神奈川,関東・東京,1,0,1,0,0.0,2.0,3.0,-1.0,2025-04-12,2025-04-12
1607,大船,996.63,1000.0,4.44,神奈川,関東・東京,5,2,3,0,0.4,41.0,30.0,11.0,2025-04-05,2026-07-11
1608,八戸商,996.62,1000.0,4.16,青森,東北,1,0,1,0,0.0,7.0,8.0,-1.0,2026-05-08,2026-05-08
1609,福島商業,996.62,1000.0,-1.38,福島,東北,4,2,2,0,0.5,22.0,13.0,9.0,2025-05-16,2026-05-16
1610,姫路東,996.62,1000.0,0.49,兵庫,近畿,9,5,4,0,0.5556,39.0,21.0,18.0,2025-04-19,2026-07-10
1611,札幌創成,996.62,1000.0,-9.79,北海道,北海道,8,4,4,0,0.5,43.0,29.0,14.0,2025-05-26,2026-07-11
1612,柴島・東住吉総合・大正白稜・東淀工・淀川清流・泉尾工,996.59,1000.0,8.38,大阪,近畿,1,0,1,0,0.0,3.0,9.0,-6.0,2025-07-12,2025-07-12
1613,八尾北・布施北・西成,996.56,1000.0,8.38,大阪,近畿,1,0,1,0,0.0,2.0,11.0,-9.0,2026-07-11,2026-07-11
1614,宮﨑学園,996.56,1000.0,-7.87,宮崎,九州,2,1,1,0,0.5,11.0,2.0,9.0,2026-07-09,2026-07-14
1615,日立一,996.56,1000.0,-1.03,茨城,関東・東京,8,4,4,0,0.5,34.0,25.0,9.0,2025-04-19,2026-07-15
1616,八幡工,996.54,1000.0,-0.81,滋賀,近畿,2,1,1,0,0.5,3.0,8.0,-5.0,2026-07-10,2026-07-13
1617,沼津工業,996.54,1000.0,-1.42,静岡,東海,2,1,1,0,0.5,7.0,9.0,-2.0,2025-07-05,2025-07-12
1618,千葉東,996.47,1000.0,0.63,千葉,関東・東京,6,2,4,0,0.3333,35.0,35.0,0.0,2025-04-19,2026-07-15
1619,田川・梓川・明科・穂高商・池田工・蘇南,996.44,1000.0,-4.39,長野,北信越,2,1,1,0,0.5,14.0,12.0,2.0,2025-07-07,2025-07-12
1620,浅野,996.44,1000.0,4.44,神奈川,関東・東京,3,1,2,0,0.3333,25.0,21.0,4.0,2025-07-10,2026-07-14
1621,小平西,996.44,1000.0,2.37,東京,関東・東京,8,4,4,0,0.5,39.0,50.0,-11.0,2025-04-04,2026-07-12
1622,出石・村岡,996.37,1000.0,0.49,兵庫,近畿,3,1,2,0,0.3333,12.0,10.0,2.0,2026-03-28,2026-07-11
1623,東葉,996.36,1000.0,0.63,千葉,関東・東京,7,3,4,0,0.4286,38.0,46.0,-8.0,2025-04-19,2026-07-15
1624,名西,996.32,1000.0,-0.82,香川,四国,8,4,4,0,0.5,31.0,39.0,-8.0,2025-03-22,2026-07-11
1625,楊志館,996.28,1000.0,2.65,大分,九州,7,3,4,0,0.4286,34.0,32.0,2.0,2025-03-28,2026-07-13
1626,札幌新陽,996.28,1000.0,-9.79,北海道,北海道,8,4,4,0,0.5,34.0,24.0,10.0,2025-05-26,2026-07-12
1627,栄北,996.25,1000.0,-0.08,埼玉,関東・東京,7,3,4,0,0.4286,33.0,33.0,0.0,2025-04-24,2026-07-15
1628,会津学鳳,996.24,1000.0,-1.38,福島,東北,11,6,5,0,0.5455,70.0,66.0,4.0,2025-05-16,2026-07-11
1629,明石高専,996.23,1000.0,0.49,兵庫,近畿,7,3,4,0,0.4286,22.0,32.0,-10.0,2025-04-19,2026-07-11
1630,大阪教育センター附,996.21,1000.0,8.38,大阪,近畿,1,0,1,0,0.0,0.0,10.0,-10.0,2025-04-06,2025-04-06
1631,三刀屋,996.21,1000.0,5.45,広島,中国,9,4,5,0,0.4444,28.0,33.0,-5.0,2025-04-20,2026-07-12
1632,長崎商(長崎),996.2,1000.0,0.0,,九州,2,1,1,0,0.5,4.0,8.0,-4.0,2025-04-20,2025-04-21
1633,鎮西,996.18,1000.0,-4.28,熊本,九州,8,4,4,0,0.5,25.0,27.0,-2.0,2025-03-22,2026-07-09
1634,大子清流,996.16,1000.0,-1.03,茨城,関東・東京,6,3,3,0,0.5,25.0,74.0,-49.0,2025-04-19,2026-07-10
1635,北野,996.14,1000.0,8.38,大阪,近畿,6,2,4,0,0.3333,60.0,42.0,18.0,2025-04-12,2026-07-18
1636,登米総合産業,996.11,1000.0,-1.84,山形,東北,9,4,5,0,0.4444,38.0,87.0,-49.0,2025-05-16,2026-07-18
1637,玉名・高専熊本・菊池農業,996.1,1000.0,-4.28,熊本,九州,2,1,1,0,0.5,8.0,6.0,2.0,2025-03-22,2025-03-25
1638,大館国際,996.09,1000.0,0.62,岩手,東北,8,4,4,0,0.5,64.0,57.0,7.0,2025-05-13,2026-07-14
1639,三田祥雲館,996.07,1000.0,0.49,兵庫,近畿,7,3,4,0,0.4286,31.0,33.0,-2.0,2025-04-19,2026-07-11
1640,伊勢崎,996.06,1000.0,3.22,群馬,関東・東京,6,2,4,0,0.3333,36.0,23.0,13.0,2025-04-14,2026-07-19
1641,函館大柏稜,996.06,1000.0,-9.79,北海道,北海道,2,1,1,0,0.5,14.0,10.0,4.0,2026-06-24,2026-07-11
1642,八尾北・門真西・開明・布施北・西成,996.05,1000.0,8.38,大阪,近畿,1,0,1,0,0.0,0.0,11.0,-11.0,2025-04-05,2025-04-05
1643,波崎柳川,996.03,1000.0,-1.03,茨城,関東・東京,3,1,2,0,0.3333,19.0,17.0,2.0,2026-04-08,2026-07-11
1644,北宇和,996.02,1000.0,-7.48,愛媛,四国,8,4,4,0,0.5,60.0,55.0,5.0,2025-03-21,2026-07-12
1645,鹿沼商工,996.02,1000.0,-2.36,栃木,関東・東京,8,4,4,0,0.5,31.0,40.0,-9.0,2025-04-13,2026-07-13
1646,緑峰・紫波,996.01,1000.0,3.8,宮城,東北,1,0,1,0,0.0,3.0,11.0,-8.0,2025-05-16,2025-05-16
1647,亀山四農,995.99,1000.0,-4.97,三重,東海,2,1,1,0,0.5,15.0,10.0,5.0,2025-04-12,2025-04-12
1648,郡山商,995.98,1000.0,-1.38,福島,東北,10,4,6,0,0.4,41.0,59.0,-18.0,2025-05-16,2026-07-18
1649,田奈・釜利谷・永谷・横浜明朋・三浦初声・横須賀南・海洋科学,995.94,1000.0,4.44,神奈川,関東・東京,1,0,1,0,0.0,13.0,14.0,-1.0,2025-07-13,2025-07-13
1650,名古屋南,995.94,1000.0,2.72,愛知,東海,10,4,6,0,0.4,36.0,57.0,-21.0,2025-04-12,2026-07-21
1651,本部,995.93,1000.0,1.73,沖縄,九州,7,3,4,0,0.4286,35.0,29.0,6.0,2025-03-22,2026-06-20
1652,浮羽工業,995.93,1000.0,2.09,福岡,九州,6,3,3,0,0.5,28.0,40.0,-12.0,2025-03-24,2026-07-14
1653,富田林・藤井寺,995.89,1000.0,8.38,大阪,近畿,1,0,1,0,0.0,0.0,12.0,-12.0,2025-04-20,2025-04-20
1654,淡路三原,995.88,1000.0,0.49,兵庫,近畿,8,4,4,0,0.5,18.0,29.0,-11.0,2025-04-19,2026-07-12
1655,青翔・奈良南・十津川,995.84,1000.0,3.92,奈良,近畿,1,0,1,0,0.0,1.0,2.0,-1.0,2025-04-19,2025-04-19
1656,教大天王寺,995.82,1000.0,8.38,大阪,近畿,1,0,1,0,0.0,1.0,8.0,-7.0,2025-07-06,2025-07-06
1657,嬉野,995.8,1000.0,-9.64,佐賀,九州,8,4,4,0,0.5,38.0,28.0,10.0,2025-03-21,2026-07-20
1658,取手二,995.8,1000.0,-1.03,茨城,関東・東京,7,3,4,0,0.4286,32.0,27.0,5.0,2025-04-19,2026-07-11
1659,宮崎工業,995.77,1000.0,-7.87,宮崎,九州,8,4,4,0,0.5,31.0,36.0,-5.0,2025-03-24,2026-07-13
1660,桜和・清水谷,995.76,1000.0,8.38,大阪,近畿,1,0,1,0,0.0,1.0,13.0,-12.0,2026-04-12,2026-04-12
1661,函館工業,995.75,1000.0,-9.79,北海道,北海道,9,5,4,0,0.5556,31.0,31.0,0.0,2025-05-26,2026-06-21
1662,東濃実業,995.73,1000.0,-2.62,岐阜,東海,6,3,3,0,0.5,43.0,25.0,18.0,2025-04-12,2026-07-05
1663,高専熊本,995.66,1000.0,-4.28,熊本,九州,2,1,1,0,0.5,13.0,14.0,-1.0,2025-07-09,2025-07-14
1664,静岡東,995.64,1000.0,-1.42,静岡,東海,11,5,6,0,0.4545,36.0,53.0,-17.0,2025-04-19,2026-07-18
1665,斐太・高山工・飛騨神岡,995.62,1000.0,-2.62,岐阜,東海,2,1,1,0,0.5,7.0,10.0,-3.0,2026-03-21,2026-03-26
1666,宮城工業,995.61,1000.0,-1.84,山形,東北,2,1,1,0,0.5,8.0,14.0,-6.0,2026-05-16,2026-05-17
1667,稚内大谷,995.56,1000.0,-9.79,北海道,北海道,8,4,4,0,0.5,54.0,32.0,22.0,2025-05-26,2026-07-07
1668,桐蔭,995.56,1000.0,0.99,和歌山,近畿,7,3,4,0,0.4286,28.0,26.0,2.0,2025-04-12,2026-07-16
1669,下妻一,995.55,1000.0,-1.03,茨城,関東・東京,10,5,5,0,0.5,53.0,36.0,17.0,2025-04-19,2026-07-11
1670,城南静岡,995.51,1000.0,-1.42,静岡,東海,5,2,3,0,0.4,16.0,12.0,4.0,2025-04-19,2026-07-12
1671,光陵,995.51,1000.0,2.09,福岡,九州,14,7,7,0,0.5,52.0,71.0,-19.0,2025-03-23,2026-07-10
1672,立川国際・東村山・府中,995.48,1000.0,2.37,東京,関東・東京,3,1,2,0,0.3333,16.0,19.0,-3.0,2025-04-04,2025-07-18
1673,阿倍野,995.46,1000.0,8.38,大阪,近畿,7,3,4,0,0.4286,35.0,40.0,-5.0,2025-04-05,2026-07-11
1674,知立東,995.45,1000.0,2.72,愛知,東海,11,5,6,0,0.4545,42.0,67.0,-25.0,2025-04-12,2026-07-12
1675,農大一,995.41,1000.0,2.37,東京,関東・東京,1,0,1,0,0.0,12.0,16.0,-4.0,2025-04-04,2025-04-04
1676,人環大岡崎,995.4,1000.0,2.72,愛知,東海,11,5,6,0,0.4545,45.0,58.0,-13.0,2025-04-12,2026-07-18
1677,東住吉総合・大正白稜・泉尾工・柴島・東淀工・淀川清流,995.4,1000.0,8.38,大阪,近畿,1,0,1,0,0.0,0.0,19.0,-19.0,2025-04-12,2025-04-12
1678,希望ヶ丘,995.39,1000.0,4.44,神奈川,関東・東京,5,2,3,0,0.4,23.0,25.0,-2.0,2025-04-05,2026-07-11
1679,稲沢緑風館・犬山総合・一宮商,995.39,1000.0,2.72,愛知,東海,3,1,2,0,0.3333,22.0,32.0,-10.0,2026-03-27,2026-04-02
1680,丹生,995.38,1000.0,1.72,福井,北信越,8,4,4,0,0.5,19.0,30.0,-11.0,2025-04-19,2026-07-18
1681,宇部,995.37,1000.0,-1.06,山口,中国,8,4,4,0,0.5,46.0,52.0,-6.0,2025-04-12,2026-07-18
1682,石薬師・南伊勢・鳥羽,995.37,1000.0,-4.97,三重,東海,2,1,1,0,0.5,12.0,8.0,4.0,2026-07-05,2026-07-19
1683,瀬工瀬北日進,995.36,1000.0,2.72,愛知,東海,1,0,1,0,0.0,0.0,10.0,-10.0,2026-03-21,2026-03-21
1684,津田沼・船橋法典,995.33,1000.0,0.63,千葉,関東・東京,1,0,1,0,0.0,4.0,5.0,-1.0,2025-04-19,2025-04-19
1685,瀬戸工瀬戸北日進,995.32,1000.0,2.72,愛知,東海,1,0,1,0,0.0,2.0,7.0,-5.0,2026-03-20,2026-03-20
1686,美和・愛西工科,995.31,1000.0,2.72,愛知,東海,3,1,2,0,0.3333,15.0,17.0,-2.0,2026-03-20,2026-03-27
1687,王寺工業,995.3,1000.0,3.92,奈良,近畿,7,3,4,0,0.4286,34.0,36.0,-2.0,2025-04-19,2026-07-19
1688,実籾,995.29,1000.0,0.63,千葉,関東・東京,7,3,4,0,0.4286,36.0,40.0,-4.0,2025-04-19,2026-07-18
1689,遠野緑峰・江南義塾盛岡,995.29,1000.0,3.8,宮城,東北,1,0,1,0,0.0,2.0,3.0,-1.0,2025-07-14,2025-07-14
1690,姫路,995.27,1000.0,0.49,兵庫,近畿,8,4,4,0,0.5,33.0,41.0,-8.0,2025-04-19,2026-07-15
1691,矢板・黒磯南・黒羽,995.26,1000.0,-2.36,栃木,関東・東京,4,2,2,0,0.5,16.0,23.0,-7.0,2026-04-12,2026-07-15
1692,佐野工科,995.22,1000.0,8.38,大阪,近畿,1,0,1,0,0.0,0.0,17.0,-17.0,2025-07-14,2025-07-14
1693,読谷,995.19,1000.0,1.73,沖縄,九州,7,3,4,0,0.4286,33.0,32.0,1.0,2025-03-22,2026-07-04
1694,総社南,995.17,1000.0,-7.46,鳥取,中国,9,5,4,0,0.5556,48.0,48.0,0.0,2025-04-26,2026-07-14
1695,高松東,995.16,1000.0,-4.3,徳島,四国,8,4,4,0,0.5,26.0,27.0,-1.0,2025-03-21,2026-07-10
1696,播磨南・県農,995.16,1000.0,0.49,兵庫,近畿,1,0,1,0,0.0,5.0,6.0,-1.0,2025-04-19,2025-04-19
1697,富山中部,995.14,1000.0,-10.7,富山,北信越,8,4,4,0,0.5,43.0,35.0,8.0,2025-04-26,2026-07-12
1698,秦野曽屋・二宮,995.13,1000.0,4.44,神奈川,関東・東京,1,0,1,0,0.0,9.0,11.0,-2.0,2025-04-05,2025-04-05
1699,秦野総合,995.09,1000.0,4.44,神奈川,関東・東京,3,1,2,0,0.3333,19.0,25.0,-6.0,2025-07-10,2026-07-09
1700,尾道商,995.01,1000.0,-6.32,島根,中国,2,1,1,0,0.5,6.0,9.0,-3.0,2025-04-27,2026-07-07
1701,緑丘春泉日進春西,995.0,1000.0,2.72,愛知,東海,1,0,1,0,0.0,1.0,10.0,-9.0,2025-04-12,2025-04-12
1702,東野,995.0,1000.0,-0.08,埼玉,関東・東京,7,3,4,0,0.4286,40.0,43.0,-3.0,2025-04-24,2026-07-14
1703,守山春泉緑丘,994.97,1000.0,2.72,愛知,東海,1,0,1,0,0.0,3.0,13.0,-10.0,2026-03-21,2026-03-21
1704,上伊那農業,994.95,1000.0,-4.39,長野,北信越,7,3,4,0,0.4286,30.0,38.0,-8.0,2025-05-10,2026-07-15
1705,鹿児島中央,994.94,1000.0,1.49,鹿児島,九州,7,3,4,0,0.4286,31.0,46.0,-15.0,2025-03-24,2026-07-17
1706,守山春日井泉緑丘,994.92,1000.0,2.72,愛知,東海,1,0,1,0,0.0,1.0,9.0,-8.0,2026-03-20,2026-03-20
1707,天白,994.92,1000.0,2.72,愛知,東海,11,5,6,0,0.4545,50.0,50.0,0.0,2025-04-12,2026-07-07
1708,自由ケ丘,994.9,1000.0,2.09,福岡,九州,3,1,2,0,0.3333,19.0,16.0,3.0,2025-03-24,2026-07-08
1709,関学大附,994.89,1000.0,3.22,群馬,関東・東京,5,2,3,0,0.4,18.0,33.0,-15.0,2025-04-23,2026-07-20
1710,北九州,994.89,1000.0,2.09,福岡,九州,7,3,4,0,0.4286,30.0,51.0,-21.0,2025-03-22,2026-07-11
1711,半田農業・内海・武豊,994.85,1000.0,2.72,愛知,東海,1,0,1,0,0.0,1.0,10.0,-9.0,2025-04-12,2025-04-12
1712,須賀川創英館,994.83,1000.0,-1.38,福島,東北,11,6,5,0,0.5455,48.0,71.0,-23.0,2025-05-16,2026-07-14
1713,四日市四郷・南伊勢・鳥羽,994.82,1000.0,-4.97,三重,東海,2,1,1,0,0.5,10.0,9.0,1.0,2025-07-08,2025-07-14
1714,泉尾工,994.8,1000.0,8.38,大阪,近畿,1,0,1,0,0.0,1.0,11.0,-10.0,2026-07-12,2026-07-12
1715,狭山清陵・狭山経済,994.79,1000.0,-0.08,埼玉,関東・東京,1,0,1,0,0.0,4.0,5.0,-1.0,2026-04-10,2026-04-10
1716,西南学院,994.76,1000.0,2.09,福岡,九州,7,3,4,0,0.4286,40.0,41.0,-1.0,2025-03-22,2026-07-14
1717,勿来工業,994.75,1000.0,-1.38,福島,東北,6,3,3,0,0.5,24.0,32.0,-8.0,2025-05-16,2026-05-16
1718,若松,994.75,1000.0,0.63,千葉,関東・東京,8,4,4,0,0.5,42.0,36.0,6.0,2025-04-19,2026-07-11
1719,荒川工科・六郷工科,994.75,1000.0,2.37,東京,関東・東京,1,0,1,0,0.0,0.0,7.0,-7.0,2025-04-04,2025-04-04
1720,足立西,994.75,1000.0,2.37,東京,関東・東京,4,2,2,0,0.5,19.0,19.0,0.0,2025-04-04,2025-07-10
1721,紀南,994.74,1000.0,-4.97,三重,東海,4,2,2,0,0.5,23.0,20.0,3.0,2025-04-12,2025-04-12
1722,啓明学園・農業・八王子桑志,994.71,1000.0,2.37,東京,関東・東京,1,0,1,0,0.0,5.0,12.0,-7.0,2025-04-04,2025-04-04
1723,一色・御津,994.69,1000.0,2.72,愛知,東海,1,0,1,0,0.0,6.0,15.0,-9.0,2025-04-12,2025-04-12
1724,糸魚川,994.69,1000.0,-5.27,新潟,北信越,7,3,4,0,0.4286,41.0,23.0,18.0,2025-04-28,2026-07-14
1725,土佐(高知2),994.66,1000.0,0.0,,四国,2,1,1,0,0.5,5.0,10.0,-5.0,2025-10-18,2025-10-19
1726,大垣養老,994.64,1000.0,-2.62,岐阜,東海,9,4,5,0,0.4444,41.0,48.0,-7.0,2025-04-12,2026-07-20
1727,岡山理大付,994.64,1000.0,1.62,岡山,中国,1,0,1,0,0.0,2.0,3.0,-1.0,2026-07-22,2026-07-22
1728,県農・播磨南,994.64,1000.0,0.49,兵庫,近畿,1,0,1,0,0.0,1.0,5.0,-4.0,2026-03-29,2026-03-29
1729,市立伊丹・尼崎稲園,994.64,1000.0,0.49,兵庫,近畿,1,0,1,0,0.0,0.0,17.0,-17.0,2026-03-29,2026-03-29
1730,逗子開成,994.64,1000.0,4.44,神奈川,関東・東京,3,1,2,0,0.3333,12.0,15.0,-3.0,2025-07-11,2026-07-13
1731,鶴丸,994.61,1000.0,1.49,鹿児島,九州,7,3,4,0,0.4286,32.0,31.0,1.0,2025-03-21,2026-07-14
1732,神戸甲北,994.61,1000.0,0.49,兵庫,近畿,1,0,1,0,0.0,5.0,7.0,-2.0,2025-04-19,2025-04-19
1733,富士宮西,994.6,1000.0,-1.42,静岡,東海,9,4,5,0,0.4444,56.0,48.0,8.0,2025-04-19,2026-07-11
1734,慶應義塾志木,994.58,1000.0,-0.08,埼玉,関東・東京,1,0,1,0,0.0,8.0,9.0,-1.0,2025-04-24,2025-04-24
1735,大宮武蔵野,994.56,1000.0,-0.08,埼玉,関東・東京,7,4,3,0,0.5714,33.0,36.0,-3.0,2025-04-24,2026-07-11
1736,遠江総合,994.53,1000.0,-1.42,静岡,東海,9,4,5,0,0.4444,27.0,33.0,-6.0,2025-04-19,2026-07-11
1737,松西･江津・浜水,994.52,1000.0,5.45,広島,中国,1,0,1,0,0.0,1.0,6.0,-5.0,2025-04-19,2025-04-19
1738,桐ヶ丘・三商・千早,994.51,1000.0,2.37,東京,関東・東京,1,0,1,0,0.0,0.0,19.0,-19.0,2025-04-04,2025-04-04
1739,伊勢崎興陽,994.47,1000.0,3.22,群馬,関東・東京,1,0,1,0,0.0,5.0,6.0,-1.0,2025-07-09,2025-07-09
1740,鷺宮・日本橋・松原・芦花,994.46,1000.0,2.37,東京,関東・東京,1,0,1,0,0.0,2.0,11.0,-9.0,2025-04-04,2025-04-04
1741,瀬戸工瀬戸北,994.46,1000.0,2.72,愛知,東海,1,0,1,0,0.0,3.0,24.0,-21.0,2025-04-12,2025-04-12
1742,東邦(愛知3),994.45,1000.0,0.0,,東海,2,1,1,0,0.5,4.0,9.0,-5.0,2025-10-18,2025-10-19
1743,京都府工,994.45,1000.0,2.25,京都,近畿,1,0,1,0,0.0,1.0,2.0,-1.0,2026-04-25,2026-04-25
1744,南,994.44,1000.0,4.44,神奈川,関東・東京,3,1,2,0,0.3333,14.0,26.0,-12.0,2025-07-10,2026-07-14
1745,農・内・武,994.43,1000.0,2.72,愛知,東海,1,0,1,0,0.0,0.0,22.0,-22.0,2025-04-12,2025-04-12
1746,篠山鳳鳴･有馬･氷上西,994.42,1000.0,0.49,兵庫,近畿,1,0,1,0,0.0,1.0,3.0,-2.0,2025-04-19,2025-04-19
1747,小城,994.41,1000.0,-9.64,佐賀,九州,9,5,4,0,0.5556,38.0,39.0,-1.0,2025-03-21,2026-07-09
1748,大原・茂原・茂原樟陽,994.4,1000.0,0.63,千葉,関東・東京,1,0,1,0,0.0,3.0,5.0,-2.0,2026-04-05,2026-04-05
1749,一関高専・前沢・岩谷堂,994.4,1000.0,3.8,宮城,東北,1,0,1,0,0.0,1.0,2.0,-1.0,2026-07-11,2026-07-11
1750,福岡魁誠,994.4,1000.0,2.09,福岡,九州,7,3,4,0,0.4286,35.0,33.0,2.0,2025-03-20,2026-07-12
1751,ふたば未来,994.4,1000.0,-1.38,福島,東北,7,3,4,0,0.4286,25.0,21.0,4.0,2025-05-19,2026-07-11
1752,金光八尾,994.39,1000.0,8.38,大阪,近畿,7,3,4,0,0.4286,56.0,53.0,3.0,2025-04-27,2026-07-16
1753,都市大等々力,994.39,1000.0,2.37,東京,関東・東京,1,0,1,0,0.0,2.0,13.0,-11.0,2025-04-04,2025-04-04
1754,真岡,994.37,1000.0,-2.36,栃木,関東・東京,7,3,4,0,0.4286,45.0,33.0,12.0,2025-04-19,2026-07-09
1755,伊奈学園総合,994.36,1000.0,-0.08,埼玉,関東・東京,1,0,1,0,0.0,5.0,6.0,-1.0,2026-04-14,2026-04-14
1756,相生産,994.34,1000.0,0.49,兵庫,近畿,6,3,3,0,0.5,35.0,27.0,8.0,2025-04-19,2026-07-11
1757,日工大駒場,994.32,1000.0,2.37,東京,関東・東京,7,3,4,0,0.4286,48.0,43.0,5.0,2025-04-04,2026-07-13
1758,土岐商,994.3,1000.0,-2.62,岐阜,東海,11,6,5,0,0.5455,42.0,38.0,4.0,2025-04-12,2026-07-12
1759,浜松市立,994.3,1000.0,-1.42,静岡,東海,7,3,4,0,0.4286,19.0,34.0,-15.0,2025-04-19,2026-07-19
1760,福岡工,994.3,1000.0,2.09,福岡,九州,1,0,1,0,0.0,2.0,3.0,-1.0,2025-03-24,2025-03-24
1761,徳山商工,994.28,1000.0,-1.06,山口,中国,7,3,4,0,0.4286,41.0,31.0,10.0,2025-04-12,2026-07-18
1762,御津・鷲羽・備前緑陽・倉敷,994.28,1000.0,-7.46,鳥取,中国,2,1,1,0,0.5,26.0,17.0,9.0,2025-04-26,2025-04-26
1763,大産大附,994.26,1000.0,8.38,大阪,近畿,4,1,3,0,0.25,26.0,21.0,5.0,2025-04-20,2026-07-12
1764,川西明峰,994.25,1000.0,0.49,兵庫,近畿,7,3,4,0,0.4286,27.0,19.0,8.0,2025-04-19,2026-07-10
1765,横手城南,994.19,1000.0,0.62,岩手,東北,7,3,4,0,0.4286,40.0,42.0,-2.0,2025-05-13,2026-07-19
1766,順天,994.18,1000.0,2.37,東京,関東・東京,6,3,3,0,0.5,31.0,37.0,-6.0,2025-04-04,2026-03-20
1767,福江・御津あおば,994.18,1000.0,2.72,愛知,東海,1,0,1,0,0.0,5.0,6.0,-1.0,2026-07-07,2026-07-07
1768,富岡,994.18,1000.0,3.22,群馬,関東・東京,7,3,4,0,0.4286,34.0,42.0,-8.0,2025-04-14,2026-07-12
1769,江津・江津工業・浜田水産,994.17,1000.0,5.45,広島,中国,1,0,1,0,0.0,4.0,8.0,-4.0,2026-04-17,2026-04-17
1770,広島市工,994.17,1000.0,-6.32,島根,中国,12,6,6,0,0.5,64.0,72.0,-8.0,2025-04-19,2026-07-19
1771,東岡工,994.15,1000.0,-7.46,鳥取,中国,2,1,1,0,0.5,5.0,3.0,2.0,2025-04-26,2026-04-18
1772,秋留台・五日市・多摩,994.15,1000.0,2.37,東京,関東・東京,1,0,1,0,0.0,1.0,17.0,-16.0,2025-04-04,2025-04-04
1773,観音寺一,994.14,1000.0,-4.3,徳島,四国,8,4,4,0,0.5,38.0,48.0,-10.0,2025-03-22,2026-07-18
1774,中津川工,994.13,1000.0,-2.62,岐阜,東海,10,5,5,0,0.5,32.0,41.0,-9.0,2025-04-12,2026-07-18
1775,粉河,994.12,1000.0,0.99,和歌山,近畿,8,4,4,0,0.5,25.0,36.0,-11.0,2025-04-13,2026-07-11
1776,近大新宮,994.12,1000.0,0.99,和歌山,近畿,9,4,5,0,0.4444,41.0,36.0,5.0,2025-04-12,2026-07-22
1777,祇園北,994.11,1000.0,-6.32,島根,中国,11,6,5,0,0.5455,66.0,56.0,10.0,2025-04-19,2026-07-10
1778,大島海洋国際・北豊島工科,994.1,1000.0,2.37,東京,関東・東京,1,0,1,0,0.0,0.0,21.0,-21.0,2025-04-04,2025-04-04
1779,日野台,994.09,1000.0,2.37,東京,関東・東京,7,3,4,0,0.4286,46.0,46.0,0.0,2025-04-04,2026-07-08
1780,鷲宮,994.08,1000.0,-0.08,埼玉,関東・東京,7,3,4,0,0.4286,33.0,25.0,8.0,2025-04-24,2026-07-15
1781,いわき総合,994.08,1000.0,-1.38,福島,東北,2,1,1,0,0.5,4.0,10.0,-6.0,2026-07-12,2026-07-15
1782,神奈川工業,994.07,1000.0,4.44,神奈川,関東・東京,7,3,4,0,0.4286,25.0,40.0,-15.0,2025-04-06,2026-07-11
1783,追手門学院,994.07,1000.0,8.38,大阪,近畿,6,2,4,0,0.3333,64.0,34.0,30.0,2025-04-20,2026-07-13
1784,正則学園,994.06,1000.0,2.37,東京,関東・東京,8,4,4,0,0.5,60.0,58.0,2.0,2025-04-04,2026-07-13
1785,三国,994.05,1000.0,1.72,福井,北信越,8,4,4,0,0.5,35.0,38.0,-3.0,2025-04-20,2026-07-12
1786,日大明誠,994.05,1000.0,-0.05,山梨,関東・東京,7,3,4,0,0.4286,38.0,28.0,10.0,2025-04-19,2026-07-12
1787,福農・明成,994.05,1000.0,1.72,福井,北信越,1,0,1,0,0.0,2.0,4.0,-2.0,2026-04-25,2026-04-25
1788,新庄神室産業,994.02,1000.0,-6.25,秋田,東北,6,3,3,0,0.5,31.0,37.0,-6.0,2025-05-11,2026-07-17
1789,浮羽工,994.01,1000.0,2.09,福岡,九州,1,0,1,0,0.0,1.0,2.0,-1.0,2025-03-26,2025-03-26
1790,川越工業,993.96,1000.0,-0.08,埼玉,関東・東京,8,4,4,0,0.5,43.0,47.0,-4.0,2025-04-24,2026-07-12
1791,大網・九十九里・東金商業,993.96,1000.0,0.63,千葉,関東・東京,1,0,1,0,0.0,2.0,5.0,-3.0,2026-04-05,2026-04-05
1792,筑紫中央,993.93,1000.0,2.09,福岡,九州,8,4,4,0,0.5,44.0,50.0,-6.0,2025-03-21,2026-07-10
1793,中大付,993.93,1000.0,2.37,東京,関東・東京,1,0,1,0,0.0,3.0,4.0,-1.0,2025-07-11,2025-07-11
1794,奈良高専,993.9,1000.0,3.92,奈良,近畿,7,3,4,0,0.4286,37.0,46.0,-9.0,2025-04-20,2026-07-20
1795,神奈川総合産業,993.89,1000.0,4.44,神奈川,関東・東京,1,0,1,0,0.0,2.0,5.0,-3.0,2025-07-10,2025-07-10
1796,唐津工業,993.88,1000.0,-9.64,佐賀,九州,4,2,2,0,0.5,13.0,10.0,3.0,2025-03-20,2026-03-30
1797,駿河総合,993.83,1000.0,-1.42,静岡,東海,11,6,5,0,0.5455,44.0,57.0,-13.0,2025-04-19,2026-07-12
1798,折尾,993.81,1000.0,2.09,福岡,九州,7,3,4,0,0.4286,28.0,28.0,0.0,2025-03-21,2026-07-12
1799,岩村田,993.79,1000.0,-4.39,長野,北信越,12,6,6,0,0.5,71.0,84.0,-13.0,2025-05-10,2026-07-07
1800,生田,993.75,1000.0,4.44,神奈川,関東・東京,5,2,3,0,0.4,25.0,41.0,-16.0,2025-07-12,2026-07-08
1801,大手前高松,993.73,1000.0,-4.3,徳島,四国,7,3,4,0,0.4286,33.0,26.0,7.0,2025-03-22,2026-07-15
1802,明石南,993.72,1000.0,0.49,兵庫,近畿,7,3,4,0,0.4286,41.0,41.0,0.0,2025-04-19,2026-07-13
1803,新栄,993.72,1000.0,4.44,神奈川,関東・東京,3,1,2,0,0.3333,16.0,27.0,-11.0,2025-07-12,2026-07-09
1804,土浦湖北,993.69,1000.0,-1.03,茨城,関東・東京,8,4,4,0,0.5,33.0,47.0,-14.0,2025-04-19,2026-07-15
1805,庄原格致,993.67,1000.0,-6.32,島根,中国,14,8,6,0,0.5714,69.0,77.0,-8.0,2025-04-19,2026-07-11
1806,中部商,993.67,1000.0,1.73,沖縄,九州,5,2,3,0,0.4,23.0,26.0,-3.0,2025-03-23,2026-06-28
1807,三条,993.64,1000.0,-5.27,新潟,北信越,8,4,4,0,0.5,29.0,34.0,-5.0,2025-04-27,2026-07-11
1808,古城池,993.64,1000.0,-7.46,鳥取,中国,2,1,1,0,0.5,20.0,18.0,2.0,2025-04-26,2026-04-11
1809,高知東工,993.63,1000.0,3.76,高知,四国,1,0,1,0,0.0,9.0,12.0,-3.0,2026-03-20,2026-03-20
1810,篠山鳳鳴・氷上西・氷上,993.6,1000.0,0.49,兵庫,近畿,1,0,1,0,0.0,7.0,11.0,-4.0,2026-03-27,2026-03-27
1811,高崎商大附(群馬2),993.59,1000.0,0.0,,関東・東京,1,0,1,0,0.0,4.0,5.0,-1.0,2025-10-18,2025-10-18
1812,市岐阜商,993.58,1000.0,-2.62,岐阜,東海,8,3,5,0,0.375,19.0,22.0,-3.0,2025-04-12,2026-07-19
1813,行徳・松戸国際・松戸馬橋,993.58,1000.0,0.63,千葉,関東・東京,1,0,1,0,0.0,5.0,10.0,-5.0,2026-04-02,2026-04-02
1814,玉野,993.56,1000.0,-7.46,鳥取,中国,8,4,4,0,0.5,50.0,36.0,14.0,2025-04-26,2026-07-16
1815,一宮西,993.54,1000.0,2.72,愛知,東海,13,7,6,0,0.5385,62.0,87.0,-25.0,2025-04-12,2026-07-07
1816,神戸鈴蘭台,993.51,1000.0,0.49,兵庫,近畿,7,3,4,0,0.4286,33.0,50.0,-17.0,2025-04-19,2026-07-10
1817,久留米筑水・八女農業・輝翔館,993.51,1000.0,2.09,福岡,九州,1,0,1,0,0.0,8.0,9.0,-1.0,2026-07-10,2026-07-10
1818,尼崎小田,993.5,1000.0,0.49,兵庫,近畿,8,4,4,0,0.5,28.0,21.0,7.0,2025-04-19,2026-07-09
1819,青稜,993.48,1000.0,2.37,東京,関東・東京,7,3,4,0,0.4286,29.0,46.0,-17.0,2025-04-04,2026-07-15
1820,高津・横浜旭陵,993.44,1000.0,4.44,神奈川,関東・東京,1,0,1,0,0.0,0.0,10.0,-10.0,2026-07-08,2026-07-08
1821,東舞鶴・海洋・丹後緑風,993.44,1000.0,2.25,京都,近畿,1,0,1,0,0.0,5.0,6.0,-1.0,2026-07-09,2026-07-09
1822,明聖,993.44,1000.0,0.63,千葉,関東・東京,7,3,4,0,0.4286,36.0,34.0,2.0,2025-04-19,2026-07-12
1823,阿久比,993.42,1000.0,2.72,愛知,東海,13,6,7,0,0.4615,74.0,91.0,-17.0,2025-04-12,2026-07-11
1824,野辺地西,993.42,1000.0,4.16,青森,東北,3,1,2,0,0.3333,17.0,23.0,-6.0,2025-05-09,2025-07-15
1825,川辺・串木野・薩摩中央・鶴翔・喜界,993.41,1000.0,1.49,鹿児島,九州,1,0,1,0,0.0,0.0,1.0,-1.0,2025-03-23,2025-03-23
1826,都城商業,993.41,1000.0,-7.87,宮崎,九州,8,4,4,0,0.5,44.0,36.0,8.0,2025-03-24,2026-07-05
1827,川崎工科,993.4,1000.0,4.44,神奈川,関東・東京,5,2,3,0,0.4,20.0,28.0,-8.0,2025-04-06,2026-07-16
1828,米子松陰,993.37,1000.0,1.62,岡山,中国,3,1,2,0,0.3333,10.0,11.0,-1.0,2025-04-20,2025-07-20
1829,松任・翠星・野々市明倫,993.34,1000.0,6.19,石川,北信越,1,0,1,0,0.0,2.0,17.0,-15.0,2026-04-19,2026-04-19
1830,希望ケ丘,993.28,1000.0,4.44,神奈川,関東・東京,1,0,1,0,0.0,6.0,13.0,-7.0,2025-04-12,2025-04-12
1831,自由ヶ丘,993.27,1000.0,2.09,福岡,九州,3,1,2,0,0.3333,18.0,14.0,4.0,2025-03-20,2026-03-22
1832,磐田農業,993.26,1000.0,-1.42,静岡,東海,4,2,2,0,0.5,14.0,22.0,-8.0,2025-07-06,2026-07-12
1833,松が谷,993.24,1000.0,2.37,東京,関東・東京,7,3,4,0,0.4286,30.0,42.0,-12.0,2025-04-04,2026-07-14
1834,鞍手竜徳,993.16,1000.0,2.09,福岡,九州,3,1,2,0,0.3333,11.0,12.0,-1.0,2025-03-23,2025-07-07
1835,琴似工業,993.16,1000.0,-9.79,北海道,北海道,6,3,3,0,0.5,49.0,35.0,14.0,2025-05-26,2026-05-15
1836,岩見沢緑陵,993.15,1000.0,-9.79,北海道,北海道,9,4,5,0,0.4444,55.0,29.0,26.0,2025-05-26,2026-06-28
1837,浜松工業,993.13,1000.0,-1.42,静岡,東海,5,2,3,0,0.4,23.0,22.0,1.0,2025-07-05,2026-07-11
1838,光英ＶＥＲＩＴＡＳ,993.1,1000.0,0.63,千葉,関東・東京,1,0,1,0,0.0,2.0,3.0,-1.0,2026-07-11,2026-07-11
1839,筑波大附,993.09,1000.0,2.37,東京,関東・東京,5,2,3,0,0.4,26.0,52.0,-26.0,2025-04-04,2026-07-13
1840,文教大付・目黒学院,993.06,1000.0,2.37,東京,関東・東京,1,0,1,0,0.0,1.0,3.0,-2.0,2026-03-15,2026-03-15
1841,都城,993.05,1000.0,-7.87,宮崎,九州,12,6,6,0,0.5,53.0,68.0,-15.0,2025-03-23,2026-07-18
1842,弘前実業,993.04,1000.0,4.16,青森,東北,6,2,4,0,0.3333,41.0,44.0,-3.0,2025-05-10,2026-07-09
1843,西宮北,993.04,1000.0,0.49,兵庫,近畿,1,0,1,0,0.0,0.0,6.0,-6.0,2025-04-19,2025-04-19
1844,久留米,993.02,1000.0,2.09,福岡,九州,7,3,4,0,0.4286,36.0,33.0,3.0,2025-03-22,2026-07-10
1845,飾磨,993.0,1000.0,0.49,兵庫,近畿,7,3,4,0,0.4286,36.0,29.0,7.0,2025-04-19,2026-07-09
1846,磯城野,993.0,1000.0,3.92,奈良,近畿,7,3,4,0,0.4286,32.0,42.0,-10.0,2025-04-26,2026-07-19
1847,一宮興道,992.97,1000.0,2.72,愛知,東海,13,6,7,0,0.4615,69.0,67.0,2.0,2025-04-12,2026-07-08
1848,沼津工,992.97,1000.0,-1.42,静岡,東海,1,0,1,0,0.0,2.0,4.0,-2.0,2025-04-19,2025-04-19
1849,姫路別所・千種・太子・夢前,992.96,1000.0,0.49,兵庫,近畿,1,0,1,0,0.0,4.0,11.0,-7.0,2025-04-19,2025-04-19
1850,塩尻志学館,992.95,1000.0,-4.39,長野,北信越,11,5,6,0,0.4545,52.0,53.0,-1.0,2025-05-10,2026-07-15
1851,坂出商業,992.95,1000.0,-4.3,徳島,四国,6,3,3,0,0.5,20.0,21.0,-1.0,2025-03-22,2026-07-12
1852,釧路工業・厚岸翔洋・標茶,992.95,1000.0,-9.79,北海道,北海道,2,1,1,0,0.5,15.0,7.0,8.0,2026-05-12,2026-05-14
1853,磯辺,992.94,1000.0,0.63,千葉,関東・東京,7,3,4,0,0.4286,37.0,46.0,-9.0,2025-04-19,2026-07-14
1854,宇佐,992.94,1000.0,2.65,大分,九州,7,3,4,0,0.4286,30.0,47.0,-17.0,2025-03-28,2026-07-09
1855,大河原産,992.93,1000.0,-1.84,山形,東北,1,0,1,0,0.0,2.0,3.0,-1.0,2026-05-02,2026-05-02
1856,京都精華学園,992.92,1000.0,2.25,京都,近畿,1,0,1,0,0.0,0.0,7.0,-7.0,2026-05-05,2026-05-05
1857,新宮・新翔・串本古座,992.91,1000.0,0.99,和歌山,近畿,1,0,1,0,0.0,3.0,4.0,-1.0,2025-04-13,2025-04-13
1858,江津・浜田水産,992.91,1000.0,5.45,広島,中国,1,0,1,0,0.0,1.0,10.0,-9.0,2026-07-13,2026-07-13
1859,福島東,992.89,1000.0,-1.38,福島,東北,9,3,6,0,0.3333,34.0,43.0,-9.0,2025-05-16,2026-07-18
1860,松工,992.88,1000.0,-4.97,三重,東海,2,1,1,0,0.5,5.0,14.0,-9.0,2025-04-12,2025-04-12
1861,神戸北・伊川谷北,992.88,1000.0,0.49,兵庫,近畿,1,0,1,0,0.0,2.0,9.0,-7.0,2025-04-19,2025-04-19
1862,浜松城北,992.84,1000.0,-1.42,静岡,東海,1,0,1,0,0.0,0.0,2.0,-2.0,2025-04-19,2025-04-19
1863,清水・沼南・沼南高柳・流山おおたかの森・麗澤,992.83,1000.0,0.63,千葉,関東・東京,1,0,1,0,0.0,2.0,10.0,-8.0,2025-04-19,2025-04-19
1864,十日町総合,992.82,1000.0,-5.27,新潟,北信越,2,1,1,0,0.5,15.0,16.0,-1.0,2026-07-12,2026-07-16
1865,田辺工,992.79,1000.0,0.99,和歌山,近畿,5,2,3,0,0.4,11.0,16.0,-5.0,2025-04-12,2026-07-16
1866,桜美学園,992.76,1000.0,-7.87,宮崎,九州,2,1,1,0,0.5,21.0,11.0,10.0,2025-07-13,2025-07-19
1867,鞍手,992.74,1000.0,2.09,福岡,九州,7,3,4,0,0.4286,29.0,38.0,-9.0,2025-03-21,2026-07-16
1868,開智未来,992.71,1000.0,-0.08,埼玉,関東・東京,7,3,4,0,0.4286,36.0,33.0,3.0,2025-04-24,2026-07-15
1869,市立堺,992.7,1000.0,8.38,大阪,近畿,4,1,3,0,0.25,21.0,27.0,-6.0,2025-07-16,2026-07-18
1870,旭農業・銚子,992.7,1000.0,0.63,千葉,関東・東京,1,0,1,0,0.0,4.0,13.0,-9.0,2025-04-19,2025-04-19
1871,七里ガ浜,992.69,1000.0,4.44,神奈川,関東・東京,3,1,2,0,0.3333,7.0,19.0,-12.0,2025-07-12,2026-07-10
1872,府中工,992.68,1000.0,2.37,東京,関東・東京,1,0,1,0,0.0,4.0,7.0,-3.0,2025-04-06,2025-04-06
1873,小高産業技術,992.67,1000.0,-1.38,福島,東北,11,6,5,0,0.5455,44.0,43.0,1.0,2025-05-16,2026-07-15
1874,明誠学院,992.64,1000.0,-7.46,鳥取,中国,4,2,2,0,0.5,24.0,22.0,2.0,2025-07-16,2026-07-11
1875,玖珠美山・大分東・安心院・由布,992.62,1000.0,2.65,大分,九州,1,0,1,0,0.0,0.0,3.0,-3.0,2025-03-22,2025-03-22
1876,市川昴・松戸・松戸国際,992.62,1000.0,0.63,千葉,関東・東京,1,0,1,0,0.0,3.0,13.0,-10.0,2025-04-19,2025-04-19
1877,伊勢崎清明,992.6,1000.0,3.22,群馬,関東・東京,7,3,4,0,0.4286,35.0,41.0,-6.0,2025-04-15,2026-07-12
1878,県商工,992.59,1000.0,4.44,神奈川,関東・東京,5,2,3,0,0.4,15.0,22.0,-7.0,2025-04-05,2026-07-07
1879,筑波大付,992.57,1000.0,2.37,東京,関東・東京,1,0,1,0,0.0,1.0,3.0,-2.0,2025-07-10,2025-07-10
1880,志木・浦和東・新座総合技術,992.56,1000.0,-0.08,埼玉,関東・東京,1,0,1,0,0.0,0.0,5.0,-5.0,2026-04-12,2026-04-12
1881,鴨川令徳,992.55,1000.0,0.63,千葉,関東・東京,6,3,3,0,0.5,23.0,43.0,-20.0,2025-07-10,2026-07-14
1882,大洲,992.55,1000.0,-7.48,愛媛,四国,6,3,3,0,0.5,39.0,35.0,4.0,2025-03-20,2026-07-15
1883,八潮フロンティア,992.54,1000.0,-0.08,埼玉,関東・東京,3,1,2,0,0.3333,29.0,28.0,1.0,2026-04-10,2026-07-14
1884,福岡大若葉,992.51,1000.0,2.09,福岡,九州,1,0,1,0,0.0,5.0,10.0,-5.0,2026-03-26,2026-03-26
1885,市立前橋,992.5,1000.0,3.22,群馬,関東・東京,1,0,1,0,0.0,1.0,5.0,-4.0,2026-04-12,2026-04-12
1886,新庄志誠館,992.48,1000.0,-6.25,秋田,東北,4,2,2,0,0.5,14.0,23.0,-9.0,2026-05-10,2026-07-17
1887,浜松城北工業,992.47,1000.0,-1.42,静岡,東海,3,1,2,0,0.3333,14.0,9.0,5.0,2025-07-05,2026-07-05
1888,大網・九十九里・東金・茂原樟陽,992.46,1000.0,0.63,千葉,関東・東京,1,0,1,0,0.0,0.0,13.0,-13.0,2025-04-19,2025-04-19
1889,首里東・八重山農林,992.42,1000.0,1.73,沖縄,九州,1,0,1,0,0.0,2.0,4.0,-2.0,2025-03-22,2025-03-22
1890,上矢部,992.42,1000.0,4.44,神奈川,関東・東京,5,2,3,0,0.4,18.0,29.0,-11.0,2025-04-06,2026-07-14
1891,伊丹,992.41,1000.0,0.49,兵庫,近畿,1,0,1,0,0.0,1.0,2.0,-1.0,2025-04-20,2025-04-20
1892,八戸聖ウルスラ,992.41,1000.0,4.16,青森,東北,7,3,4,0,0.4286,29.0,41.0,-12.0,2025-05-12,2026-07-14
1893,横浜立野,992.38,1000.0,4.44,神奈川,関東・東京,3,1,2,0,0.3333,18.0,28.0,-10.0,2025-07-11,2026-07-08
1894,天羽・木更津高専・君津青葉,992.38,1000.0,0.63,千葉,関東・東京,1,0,1,0,0.0,2.0,20.0,-18.0,2025-04-19,2025-04-19
1895,4校連合B,992.37,1000.0,-0.08,埼玉,関東・東京,1,0,1,0,0.0,0.0,11.0,-11.0,2025-04-24,2025-04-24
1896,稲毛・生浜・市原・市原緑,992.36,1000.0,0.63,千葉,関東・東京,1,0,1,0,0.0,0.0,13.0,-13.0,2025-04-19,2025-04-19
1897,杵築,992.34,1000.0,2.65,大分,九州,7,3,4,0,0.4286,19.0,31.0,-12.0,2025-03-28,2026-07-13
1898,京都農芸,992.34,1000.0,2.25,京都,近畿,1,0,1,0,0.0,1.0,5.0,-4.0,2026-04-18,2026-04-18
1899,新発田,992.31,1000.0,-5.27,新潟,北信越,8,4,4,0,0.5,47.0,46.0,1.0,2025-04-26,2026-07-12
1900,科技高豊田,992.3,1000.0,2.72,愛知,東海,10,4,6,0,0.4,42.0,41.0,1.0,2025-04-12,2026-07-10
1901,泉・生浜・天羽・市原・市原緑・君津青葉,992.29,1000.0,0.63,千葉,関東・東京,1,0,1,0,0.0,0.0,10.0,-10.0,2026-04-02,2026-04-02
1902,上溝南,992.26,1000.0,4.44,神奈川,関東・東京,7,3,4,0,0.4286,23.0,37.0,-14.0,2025-04-06,2026-07-08
1903,稲毛・稲毛国際中等教育,992.26,1000.0,0.63,千葉,関東・東京,5,2,3,0,0.4,28.0,48.0,-20.0,2025-07-11,2026-07-14
1904,京先端附属,992.22,1000.0,2.25,京都,近畿,1,0,1,0,0.0,4.0,7.0,-3.0,2025-04-20,2025-04-20
1905,玉村・利根実・榛名・藤岡工,992.22,1000.0,3.22,群馬,関東・東京,1,0,1,0,0.0,1.0,11.0,-10.0,2026-04-14,2026-04-14
1906,佐久間,992.21,1000.0,-1.42,静岡,東海,3,1,2,0,0.3333,12.0,17.0,-5.0,2025-04-19,2025-04-19
1907,川之江,992.21,1000.0,-7.48,愛媛,四国,7,3,4,0,0.4286,33.0,19.0,14.0,2025-03-20,2026-07-16
1908,麻生総合・高津・横浜旭陵,992.2,1000.0,4.44,神奈川,関東・東京,1,0,1,0,0.0,2.0,8.0,-6.0,2025-07-13,2025-07-13
1909,東京都市大付,992.19,1000.0,2.37,東京,関東・東京,1,0,1,0,0.0,4.0,9.0,-5.0,2025-04-07,2025-04-07
1910,高崎工,992.14,1000.0,3.22,群馬,関東・東京,7,3,4,0,0.4286,36.0,49.0,-13.0,2025-04-15,2026-07-08
1911,白河旭・県立石川・船引・小野,992.14,1000.0,-1.38,福島,東北,1,0,1,0,0.0,5.0,8.0,-3.0,2025-05-16,2025-05-16
1912,那珂湊・高専,992.13,1000.0,-1.03,茨城,関東・東京,1,0,1,0,0.0,0.0,4.0,-4.0,2026-04-13,2026-04-13
1913,隼人工,992.11,1000.0,1.49,鹿児島,九州,1,0,1,0,0.0,4.0,6.0,-2.0,2025-07-11,2025-07-11
1914,獨協埼玉,992.08,1000.0,-0.08,埼玉,関東・東京,8,4,4,0,0.5,40.0,38.0,2.0,2025-04-24,2026-07-11
1915,岡崎工科,992.07,1000.0,2.72,愛知,東海,14,7,7,0,0.5,79.0,60.0,19.0,2025-04-12,2026-07-07
1916,安積,992.04,1000.0,-1.38,福島,東北,13,7,6,0,0.5385,63.0,82.0,-19.0,2025-05-16,2026-07-11
1917,矢部・甲佐・湧心館・八代農,992.01,1000.0,-4.28,熊本,九州,2,1,1,0,0.5,10.0,32.0,-22.0,2026-07-08,2026-07-12
1918,相模原弥栄,992.01,1000.0,4.44,神奈川,関東・東京,6,2,4,0,0.3333,30.0,35.0,-5.0,2025-04-06,2026-07-14
1919,向原・加計・千代田・三次青陵,992.01,1000.0,-6.32,島根,中国,2,1,1,0,0.5,5.0,13.0,-8.0,2025-07-06,2025-07-11
1920,宮崎大宮,991.99,1000.0,-7.87,宮崎,九州,8,4,4,0,0.5,46.0,46.0,0.0,2025-03-21,2026-07-10
1921,藤沢総合・深沢・藤沢工科,991.97,1000.0,4.44,神奈川,関東・東京,1,0,1,0,0.0,1.0,15.0,-14.0,2025-07-13,2025-07-13
1922,中村学園三陽,991.97,1000.0,2.09,福岡,九州,3,1,2,0,0.3333,7.0,10.0,-3.0,2025-03-26,2026-03-24
1923,東鷹・田川科学技術,991.97,1000.0,2.09,福岡,九州,1,0,1,0,0.0,7.0,9.0,-2.0,2025-07-09,2025-07-09
1924,小高産業,991.95,1000.0,-1.38,福島,東北,1,0,1,0,0.0,5.0,9.0,-4.0,2025-05-16,2025-05-16
1925,千葉科大附,991.94,1000.0,0.63,千葉,関東・東京,1,0,1,0,0.0,2.0,4.0,-2.0,2026-07-10,2026-07-10
1926,児玉・進修館・小鹿野・寄居城北・深谷,991.94,1000.0,-0.08,埼玉,関東・東京,1,0,1,0,0.0,0.0,13.0,-13.0,2026-04-12,2026-04-12
1927,盛岡白百合,991.93,1000.0,3.8,宮城,東北,4,1,3,0,0.25,10.0,22.0,-12.0,2026-04-25,2026-07-18
1928,高輪,991.92,1000.0,2.37,東京,関東・東京,8,4,4,0,0.5,42.0,59.0,-17.0,2025-04-04,2026-07-16
1929,神奈川大附,991.91,1000.0,4.44,神奈川,関東・東京,5,2,3,0,0.4,31.0,29.0,2.0,2025-07-09,2026-07-11
1930,國學院,991.91,1000.0,2.37,東京,関東・東京,5,2,3,0,0.4,44.0,46.0,-2.0,2025-04-04,2026-07-15
1931,川島,991.9,1000.0,-0.82,香川,四国,7,3,4,0,0.4286,42.0,51.0,-9.0,2025-03-27,2026-07-19
1932,筑紫台,991.9,1000.0,2.09,福岡,九州,7,3,4,0,0.4286,32.0,41.0,-9.0,2025-03-23,2026-07-09
1933,川内商工,991.89,1000.0,1.49,鹿児島,九州,7,3,4,0,0.4286,52.0,44.0,8.0,2025-03-23,2026-07-07
1934,加古川北,991.89,1000.0,0.49,兵庫,近畿,6,2,4,0,0.3333,26.0,18.0,8.0,2025-04-19,2026-07-13
1935,寒川・藤沢総合・深沢・厚木清南,991.88,1000.0,4.44,神奈川,関東・東京,1,0,1,0,0.0,2.0,11.0,-9.0,2026-07-08,2026-07-08
1936,美和,991.86,1000.0,2.72,愛知,東海,3,1,2,0,0.3333,11.0,18.0,-7.0,2025-07-06,2026-07-04
1937,札幌平岡,991.85,1000.0,-9.79,北海道,北海道,8,4,4,0,0.5,41.0,49.0,-8.0,2025-05-26,2026-07-09
1938,草津東,991.84,1000.0,-0.81,滋賀,近畿,7,3,4,0,0.4286,36.0,34.0,2.0,2025-04-20,2026-07-12
1939,南多摩中等,991.84,1000.0,2.37,東京,関東・東京,5,2,3,0,0.4,37.0,38.0,-1.0,2025-04-04,2026-07-13
1940,駒大,991.83,1000.0,2.37,東京,関東・東京,1,0,1,0,0.0,1.0,5.0,-4.0,2025-04-06,2025-04-06
1941,幸手桜・吉川美南・羽生第一・栗橋北彩・松伏・三郷工業技術,991.82,1000.0,-0.08,埼玉,関東・東京,1,0,1,0,0.0,1.0,15.0,-14.0,2026-04-10,2026-04-10
1942,兵庫工業,991.79,1000.0,0.49,兵庫,近畿,1,0,1,0,0.0,1.0,5.0,-4.0,2026-04-25,2026-04-25
1943,舟入,991.79,1000.0,-6.32,島根,中国,10,5,5,0,0.5,49.0,46.0,3.0,2025-04-19,2026-07-11
1944,宜野湾,991.79,1000.0,1.73,沖縄,九州,7,3,4,0,0.4286,23.0,33.0,-10.0,2025-03-23,2026-06-28
1945,五所川原,991.78,1000.0,4.16,青森,東北,7,3,4,0,0.4286,26.0,34.0,-8.0,2025-05-09,2026-07-13
1946,森村学園,991.76,1000.0,4.44,神奈川,関東・東京,3,1,2,0,0.3333,15.0,26.0,-11.0,2025-07-09,2026-07-08
1947,四ツ葉中等・玉村・下仁田,991.75,1000.0,3.22,群馬,関東・東京,1,0,1,0,0.0,0.0,4.0,-4.0,2025-07-08,2025-07-08
1948,博多,991.71,1000.0,2.09,福岡,九州,7,3,4,0,0.4286,23.0,34.0,-11.0,2025-03-21,2026-07-09
1949,壱岐商,991.7,1000.0,-0.81,長崎,九州,5,2,3,0,0.4,27.0,28.0,-1.0,2025-07-08,2026-07-11
1950,庄原実業,991.7,1000.0,-6.32,島根,中国,7,3,4,0,0.4286,37.0,30.0,7.0,2025-04-19,2026-07-12
1951,相模田名,991.69,1000.0,4.44,神奈川,関東・東京,3,1,2,0,0.3333,12.0,23.0,-11.0,2025-07-11,2026-07-11
1952,有田中央・南部,991.68,1000.0,0.99,和歌山,近畿,1,0,1,0,0.0,6.0,8.0,-2.0,2025-04-12,2025-04-12
1953,藤岡中央,991.68,1000.0,3.22,群馬,関東・東京,7,3,4,0,0.4286,30.0,45.0,-15.0,2025-04-12,2026-07-06
1954,博多工業,991.67,1000.0,2.09,福岡,九州,5,2,3,0,0.4,21.0,31.0,-10.0,2025-03-23,2026-07-12
1955,川越総合・日高・越生翔桜・桶川西・小川,991.67,1000.0,-0.08,埼玉,関東・東京,1,0,1,0,0.0,5.0,18.0,-13.0,2026-04-12,2026-04-12
1956,滑川総合,991.67,1000.0,-0.08,埼玉,関東・東京,7,3,4,0,0.4286,26.0,30.0,-4.0,2025-04-24,2026-07-11
1957,波崎柳川・玉造工・茨城東,991.66,1000.0,-1.03,茨城,関東・東京,3,1,2,0,0.3333,8.0,14.0,-6.0,2025-04-19,2025-07-11
1958,5校連合A,991.65,1000.0,-0.08,埼玉,関東・東京,1,0,1,0,0.0,0.0,15.0,-15.0,2025-04-24,2025-04-24
1959,4校連合A,991.65,1000.0,-0.08,埼玉,関東・東京,1,0,1,0,0.0,1.0,15.0,-14.0,2025-04-24,2025-04-24
1960,西海学園,991.65,1000.0,-0.81,長崎,九州,7,3,4,0,0.4286,28.0,28.0,0.0,2025-03-25,2026-07-12
1961,藤沢工科,991.64,1000.0,4.44,神奈川,関東・東京,1,0,1,0,0.0,0.0,11.0,-11.0,2026-07-09,2026-07-09
1962,那須清峰,991.63,1000.0,-2.36,栃木,関東・東京,8,4,4,0,0.5,56.0,67.0,-11.0,2025-04-14,2026-07-13
1963,西,991.63,1000.0,2.37,東京,関東・東京,3,1,2,0,0.3333,19.0,11.0,8.0,2025-04-04,2026-07-11
1964,流山南,991.6,1000.0,0.63,千葉,関東・東京,6,2,4,0,0.3333,30.0,37.0,-7.0,2025-04-19,2026-07-11
1965,名東,991.58,1000.0,2.72,愛知,東海,10,4,6,0,0.4,57.0,57.0,0.0,2025-04-12,2026-07-12
1966,金沢総合,991.56,1000.0,4.44,神奈川,関東・東京,3,1,2,0,0.3333,9.0,15.0,-6.0,2025-07-10,2026-07-11
1967,久留米筑水・輝翔館,991.54,1000.0,2.09,福岡,九州,1,0,1,0,0.0,6.0,9.0,-3.0,2025-07-06,2025-07-06
1968,香芝,991.53,1000.0,3.92,奈良,近畿,7,3,4,0,0.4286,29.0,50.0,-21.0,2025-04-19,2026-07-16
1969,塩釜,991.53,1000.0,-1.84,山形,東北,9,4,5,0,0.4444,37.0,42.0,-5.0,2025-05-16,2026-07-17
1970,阿武野,991.52,1000.0,8.38,大阪,近畿,6,2,4,0,0.3333,48.0,44.0,4.0,2025-04-06,2026-07-18
1971,伊川谷,991.51,1000.0,0.49,兵庫,近畿,3,1,2,0,0.3333,6.0,22.0,-16.0,2025-04-19,2025-07-15
1972,古河二・総和工業・結城一・石下紫峰・茎崎,991.51,1000.0,-1.03,茨城,関東・東京,1,0,1,0,0.0,2.0,9.0,-7.0,2025-04-19,2025-04-19
1973,戸畑工,991.49,1000.0,2.09,福岡,九州,1,0,1,0,0.0,0.0,7.0,-7.0,2026-03-24,2026-03-24
1974,江津工業,991.49,1000.0,5.45,広島,中国,4,1,3,0,0.25,26.0,31.0,-5.0,2025-04-18,2026-07-13
1975,原町,991.48,1000.0,-1.38,福島,東北,5,2,3,0,0.4,34.0,33.0,1.0,2026-04-25,2026-07-15
1976,松江工業,991.48,1000.0,5.45,広島,中国,6,2,4,0,0.3333,27.0,21.0,6.0,2025-04-20,2026-07-15
1977,相生,991.47,1000.0,0.49,兵庫,近畿,7,3,4,0,0.4286,21.0,36.0,-15.0,2025-04-19,2026-07-14
1978,福岡農,991.47,1000.0,2.09,福岡,九州,1,0,1,0,0.0,6.0,15.0,-9.0,2026-03-27,2026-03-27
1979,山手学院,991.47,1000.0,4.44,神奈川,関東・東京,6,2,4,0,0.3333,23.0,22.0,1.0,2025-04-05,2026-07-10
1980,紀央館,991.46,1000.0,0.99,和歌山,近畿,6,2,4,0,0.3333,21.0,13.0,8.0,2025-04-15,2026-07-21
1981,札幌白石,991.43,1000.0,-9.79,北海道,北海道,8,4,4,0,0.5,47.0,46.0,1.0,2025-05-26,2026-07-08
1982,島田工業,991.43,1000.0,-1.42,静岡,東海,5,2,3,0,0.4,15.0,19.0,-4.0,2025-07-05,2026-07-21
1983,四街道北・旭農業・銚子・成田西陵・八街,991.43,1000.0,0.63,千葉,関東・東京,1,0,1,0,0.0,7.0,8.0,-1.0,2026-07-09,2026-07-09
1984,桜町,991.4,1000.0,2.37,東京,関東・東京,5,2,3,0,0.4,27.0,49.0,-22.0,2025-07-13,2026-07-14
1985,宇美商,991.4,1000.0,2.09,福岡,九州,1,0,1,0,0.0,2.0,9.0,-7.0,2026-03-26,2026-03-26
1986,佐賀学園,991.39,1000.0,-9.64,佐賀,九州,8,4,4,0,0.5,33.0,33.0,0.0,2025-03-20,2026-07-10
1987,立命館慶祥,991.36,1000.0,-9.79,北海道,北海道,8,3,5,0,0.375,47.0,28.0,19.0,2025-05-28,2026-07-09
1988,玉川学園,991.36,1000.0,2.37,東京,関東・東京,8,4,4,0,0.5,40.0,52.0,-12.0,2025-04-04,2026-07-13
1989,水郡連合,991.36,1000.0,-1.03,茨城,関東・東京,1,0,1,0,0.0,2.0,9.0,-7.0,2026-04-13,2026-04-13
1990,神代,991.34,1000.0,2.37,東京,関東・東京,5,2,3,0,0.4,15.0,27.0,-12.0,2025-04-04,2026-07-10
1991,鹿屋,991.33,1000.0,1.49,鹿児島,九州,7,3,4,0,0.4286,26.0,36.0,-10.0,2025-03-21,2026-07-15
1992,浦和商,991.31,1000.0,-0.08,埼玉,関東・東京,1,0,1,0,0.0,1.0,19.0,-18.0,2026-07-14,2026-07-14
1993,大井・小田原城北工業,991.29,1000.0,4.44,神奈川,関東・東京,1,0,1,0,0.0,0.0,12.0,-12.0,2025-07-09,2025-07-09
1994,浜松学院,991.29,1000.0,-1.42,静岡,東海,1,0,1,0,0.0,0.0,5.0,-5.0,2025-04-19,2025-04-19
1995,伊万里,991.28,1000.0,-9.64,佐賀,九州,8,4,4,0,0.5,24.0,22.0,2.0,2025-03-20,2026-07-14
1996,岡谷南,991.28,1000.0,-4.39,長野,北信越,8,4,4,0,0.5,41.0,45.0,-4.0,2025-05-10,2026-07-12
1997,衣台,991.27,1000.0,2.72,愛知,東海,1,0,1,0,0.0,1.0,8.0,-7.0,2026-07-05,2026-07-05
1998,境港総合技術,991.26,1000.0,1.62,岡山,中国,3,1,2,0,0.3333,5.0,13.0,-8.0,2025-04-21,2025-07-20
1999,南多摩中央,991.24,1000.0,2.37,東京,関東・東京,1,0,1,0,0.0,4.0,8.0,-4.0,2025-07-13,2025-07-13
2000,竹田・玖珠美山,991.24,1000.0,2.65,大分,九州,1,0,1,0,0.0,1.0,11.0,-10.0,2026-03-22,2026-03-22
2001,姉崎,991.23,1000.0,0.63,千葉,関東・東京,7,3,4,0,0.4286,32.0,30.0,2.0,2025-04-19,2026-07-15
2002,宇佐産・由布,991.23,1000.0,2.65,大分,九州,1,0,1,0,0.0,3.0,7.0,-4.0,2026-07-06,2026-07-06
2003,長田,991.23,1000.0,0.49,兵庫,近畿,6,2,4,0,0.3333,24.0,26.0,-2.0,2025-04-19,2026-07-15
2004,下館一,991.22,1000.0,-1.03,茨城,関東・東京,8,4,4,0,0.5,42.0,51.0,-9.0,2025-04-19,2026-07-12
2005,鹿町工,991.22,1000.0,-0.81,長崎,九州,7,3,4,0,0.4286,41.0,21.0,20.0,2025-03-25,2026-07-11
2006,中部農林・名護商工,991.19,1000.0,1.73,沖縄,九州,1,0,1,0,0.0,1.0,5.0,-4.0,2025-03-21,2025-03-21
2007,玖珠美山・安心院,991.19,1000.0,2.65,大分,九州,1,0,1,0,0.0,4.0,8.0,-4.0,2025-07-07,2025-07-07
2008,滝川,991.18,1000.0,0.49,兵庫,近畿,17,9,8,0,0.5294,130.0,59.0,71.0,2025-04-19,2026-07-12
2009,奈良南・青翔・十津川,991.16,1000.0,3.92,奈良,近畿,1,0,1,0,0.0,0.0,10.0,-10.0,2025-07-14,2025-07-14
2010,若松・行橋,991.16,1000.0,2.09,福岡,九州,1,0,1,0,0.0,2.0,7.0,-5.0,2025-03-21,2025-03-21
2011,京都産大附,991.13,1000.0,2.25,京都,近畿,1,0,1,0,0.0,0.0,9.0,-9.0,2025-07-13,2025-07-13
2012,国東,991.12,1000.0,2.65,大分,九州,7,3,4,0,0.4286,33.0,46.0,-13.0,2025-03-27,2026-07-11
2013,青森中央・青森東・松風塾,991.12,1000.0,4.16,青森,東北,3,1,2,0,0.3333,11.0,16.0,-5.0,2026-05-08,2026-07-08
2014,京産大附属,991.12,1000.0,2.25,京都,近畿,3,1,2,0,0.3333,14.0,25.0,-11.0,2025-04-19,2026-07-11
2015,三田,991.11,1000.0,2.37,東京,関東・東京,1,0,1,0,0.0,2.0,6.0,-4.0,2025-07-11,2025-07-11
2016,白河実,991.1,1000.0,-1.38,福島,東北,3,1,2,0,0.3333,12.0,10.0,2.0,2025-07-12,2026-07-14
2017,厚木王子,991.09,1000.0,4.44,神奈川,関東・東京,3,1,2,0,0.3333,15.0,25.0,-10.0,2025-07-09,2026-07-09
2018,西邑楽,991.09,1000.0,3.22,群馬,関東・東京,6,2,4,0,0.3333,30.0,30.0,0.0,2025-04-15,2026-07-11
2019,熊本第二,991.08,1000.0,-4.28,熊本,九州,3,1,2,0,0.3333,22.0,17.0,5.0,2025-07-10,2026-07-13
2020,白河旭・石川・船引・小野,991.07,1000.0,-1.38,福島,東北,1,0,1,0,0.0,2.0,12.0,-10.0,2025-05-16,2025-05-16
2021,県立大附属,991.06,1000.0,3.92,奈良,近畿,1,0,1,0,0.0,0.0,13.0,-13.0,2026-04-19,2026-04-19
2022,平塚農商,991.06,1000.0,4.44,神奈川,関東・東京,1,0,1,0,0.0,1.0,12.0,-11.0,2026-07-09,2026-07-09
2023,五泉,991.06,1000.0,-5.27,新潟,北信越,7,3,4,0,0.4286,35.0,36.0,-1.0,2025-04-28,2026-07-18
2024,前橋西・利根実・尾瀬,991.05,1000.0,3.22,群馬,関東・東京,1,0,1,0,0.0,1.0,11.0,-10.0,2025-04-15,2025-04-15
2025,四ツ葉・玉村・榛名・藤岡工・長野原,991.05,1000.0,3.22,群馬,関東・東京,1,0,1,0,0.0,1.0,11.0,-10.0,2025-04-15,2025-04-15
2026,神戸第一,991.04,1000.0,0.49,兵庫,近畿,7,3,4,0,0.4286,17.0,24.0,-7.0,2025-04-19,2026-07-13
2027,中央農業,991.03,1000.0,4.44,神奈川,関東・東京,1,0,1,0,0.0,0.0,12.0,-12.0,2026-07-09,2026-07-09
2028,橋本・神奈川総合産業,991.03,1000.0,4.44,神奈川,関東・東京,1,0,1,0,0.0,4.0,15.0,-11.0,2026-07-07,2026-07-07
2029,名久井農,991.02,1000.0,4.16,青森,東北,1,0,1,0,0.0,0.0,31.0,-31.0,2025-07-12,2025-07-12
2030,金津,991.01,1000.0,1.72,福井,北信越,7,3,4,0,0.4286,24.0,35.0,-11.0,2025-04-26,2026-07-21
2031,幸手桜･吉川美南･松伏･三郷工業技術,991.01,1000.0,-0.08,埼玉,関東・東京,1,0,1,0,0.0,0.0,25.0,-25.0,2026-07-10,2026-07-10
2032,関東学院六浦,991.01,1000.0,4.44,神奈川,関東・東京,1,0,1,0,0.0,1.0,11.0,-10.0,2025-07-11,2025-07-11
2033,千葉経済大附,990.99,1000.0,0.63,千葉,関東・東京,3,1,2,0,0.3333,15.0,23.0,-8.0,2025-07-10,2026-07-20
2034,福岡,990.98,1000.0,3.8,宮城,東北,25,12,13,0,0.48,119.0,111.0,8.0,2025-03-22,2026-07-17
2035,緑丘,990.96,1000.0,2.72,愛知,東海,1,0,1,0,0.0,4.0,8.0,-4.0,2026-06-28,2026-06-28
2036,水戸農,990.96,1000.0,-1.03,茨城,関東・東京,6,2,4,0,0.3333,31.0,35.0,-4.0,2025-04-19,2026-07-15
2037,久留米高専・久留米築水,990.95,1000.0,2.09,福岡,九州,1,0,1,0,0.0,4.0,11.0,-7.0,2025-03-25,2025-03-25
2038,西脇工業,990.91,1000.0,0.49,兵庫,近畿,1,0,1,0,0.0,0.0,3.0,-3.0,2025-04-26,2025-04-26
2039,糸島,990.91,1000.0,2.09,福岡,九州,7,3,4,0,0.4286,38.0,56.0,-18.0,2025-03-20,2026-07-12
2040,東京学館船橋,990.9,1000.0,0.63,千葉,関東・東京,1,0,1,0,0.0,1.0,5.0,-4.0,2026-07-10,2026-07-10
2041,沼津工・沼津城北・熱海,990.9,1000.0,-1.42,静岡,東海,1,0,1,0,0.0,1.0,8.0,-7.0,2026-03-21,2026-03-21
2042,宮城県工業,990.88,1000.0,-1.84,山形,東北,8,4,4,0,0.5,44.0,48.0,-4.0,2025-05-16,2026-07-16
2043,水戸三・笠間・那珂湊,990.87,1000.0,-1.03,茨城,関東・東京,1,0,1,0,0.0,1.0,16.0,-15.0,2025-04-19,2025-04-19
2044,清松・海洋,990.87,1000.0,-1.03,茨城,関東・東京,1,0,1,0,0.0,4.0,34.0,-30.0,2026-04-11,2026-04-11
2045,下田・熱海・沼津城北,990.85,1000.0,-1.42,静岡,東海,1,0,1,0,0.0,0.0,11.0,-11.0,2025-04-19,2025-04-19
2046,相生産業,990.84,1000.0,0.49,兵庫,近畿,1,0,1,0,0.0,0.0,4.0,-4.0,2026-04-19,2026-04-19
2047,立西・荒川工科・大島・大島海洋国際・科学技術・北豊島工科,990.84,1000.0,2.37,東京,関東・東京,1,0,1,0,0.0,2.0,12.0,-10.0,2026-03-20,2026-03-20
2048,前橋西・玉村・榛名・下仁田・藤岡工・吉井・長野原,990.84,1000.0,3.22,群馬,関東・東京,1,0,1,0,0.0,2.0,16.0,-14.0,2026-07-06,2026-07-06
2049,有田中央・貴志川・和歌山南陵,990.82,1000.0,0.99,和歌山,近畿,1,0,1,0,0.0,0.0,10.0,-10.0,2025-07-16,2025-07-16
2050,亀岡5),990.81,1000.0,2.25,京都,近畿,1,0,1,0,0.0,2.0,13.0,-11.0,2026-04-12,2026-04-12
2051,登米総合,990.81,1000.0,-1.84,山形,東北,1,0,1,0,0.0,3.0,13.0,-10.0,2026-05-05,2026-05-05
2052,白河,990.78,1000.0,-1.38,福島,東北,12,6,6,0,0.5,36.0,45.0,-9.0,2025-05-16,2026-07-15
2053,県農,990.78,1000.0,0.49,兵庫,近畿,3,1,2,0,0.3333,13.0,16.0,-3.0,2025-07-10,2026-07-14
2054,志學館・鹿児島修学館・山川・川辺・薩摩中央・大口・蒲生,990.77,1000.0,1.49,鹿児島,九州,1,0,1,0,0.0,8.0,11.0,-3.0,2026-03-24,2026-03-24
2055,石神井,990.75,1000.0,2.37,東京,関東・東京,7,3,4,0,0.4286,40.0,54.0,-14.0,2025-04-04,2026-07-10
2056,山口,990.73,1000.0,-1.06,山口,中国,7,3,4,0,0.4286,48.0,43.0,5.0,2025-04-12,2026-07-18
2057,美和・杏和,990.73,1000.0,2.72,愛知,東海,2,0,2,0,0.0,8.0,12.0,-4.0,2025-04-12,2025-04-12
2058,西教園須,990.72,1000.0,2.25,京都,近畿,1,0,1,0,0.0,2.0,9.0,-7.0,2026-04-11,2026-04-11
2059,広島観音,990.72,1000.0,-6.32,島根,中国,9,4,5,0,0.4444,52.0,75.0,-23.0,2025-04-19,2026-07-11
2060,長岡商,990.71,1000.0,-5.27,新潟,北信越,7,3,4,0,0.4286,53.0,30.0,23.0,2025-04-26,2026-07-14
2061,高知商業(高知3),990.69,1000.0,0.0,,四国,1,0,1,0,0.0,0.0,1.0,-1.0,2025-10-18,2025-10-18
2062,那珂・海洋,990.69,1000.0,-1.03,茨城,関東・東京,1,0,1,0,0.0,1.0,21.0,-20.0,2025-04-19,2025-04-19
2063,市川東,990.68,1000.0,0.63,千葉,関東・東京,7,3,4,0,0.4286,34.0,41.0,-7.0,2025-04-19,2026-07-09
2064,園田学園,990.68,1000.0,0.49,兵庫,近畿,1,0,1,0,0.0,0.0,4.0,-4.0,2026-07-05,2026-07-05
2065,葛飾総合,990.68,1000.0,2.37,東京,関東・東京,1,0,1,0,0.0,1.0,6.0,-5.0,2026-07-09,2026-07-09
2066,学芸大付,990.67,1000.0,2.37,東京,関東・東京,1,0,1,0,0.0,1.0,8.0,-7.0,2025-07-12,2025-07-12
2067,何筑,990.67,1000.0,2.09,福岡,九州,1,0,1,0,0.0,2.0,9.0,-7.0,2026-07-08,2026-07-08
2068,寿都・岩内・蘭越,990.66,1000.0,-9.79,北海道,北海道,2,1,1,0,0.5,11.0,13.0,-2.0,2026-05-13,2026-05-16
2069,高田商業,990.66,1000.0,3.92,奈良,近畿,8,3,5,0,0.375,30.0,33.0,-3.0,2025-04-13,2026-07-15
2070,涌谷・石巻北,990.66,1000.0,-1.84,山形,東北,1,0,1,0,0.0,0.0,10.0,-10.0,2026-04-29,2026-04-29
2071,姫路市立,990.65,1000.0,0.49,兵庫,近畿,1,0,1,0,0.0,0.0,2.0,-2.0,2026-07-10,2026-07-10
2072,金光学園,990.64,1000.0,-7.46,鳥取,中国,8,4,4,0,0.5,41.0,36.0,5.0,2025-04-26,2026-07-20
2073,青井・足立東・農産・南葛飾,990.63,1000.0,2.37,東京,関東・東京,1,0,1,0,0.0,0.0,37.0,-37.0,2026-07-08,2026-07-08
2074,伊保内・葛巻・平舘,990.62,1000.0,3.8,宮城,東北,4,1,3,0,0.25,8.0,21.0,-13.0,2026-04-25,2026-07-14
2075,今治東・今治南・大三島・しまなみ,990.59,1000.0,-7.48,愛媛,四国,2,1,1,0,0.5,9.0,12.0,-3.0,2026-07-11,2026-07-15
2076,三校連合,990.58,1000.0,-1.03,茨城,関東・東京,1,0,1,0,0.0,4.0,14.0,-10.0,2026-04-08,2026-04-08
2077,葵,990.57,1000.0,-1.38,福島,東北,5,2,3,0,0.4,40.0,49.0,-9.0,2025-05-16,2026-07-10
2078,東亜学園(東京1),990.56,1000.0,0.0,,関東・東京,1,0,1,0,0.0,9.0,10.0,-1.0,2025-05-18,2025-05-18
2079,田川科技・東鷹,990.56,1000.0,2.09,福岡,九州,1,0,1,0,0.0,1.0,8.0,-7.0,2025-03-24,2025-03-24
2080,福岡農業・輝翔館,990.56,1000.0,2.09,福岡,九州,1,0,1,0,0.0,1.0,8.0,-7.0,2025-03-22,2025-03-22
2081,多久,990.56,1000.0,-9.64,佐賀,九州,4,2,2,0,0.5,19.0,19.0,0.0,2025-07-06,2026-07-12
2082,東岡山工業,990.55,1000.0,-7.46,鳥取,中国,6,3,3,0,0.5,35.0,38.0,-3.0,2025-04-26,2026-07-15
2083,益田翔陽,990.54,1000.0,5.45,広島,中国,7,3,4,0,0.4286,27.0,36.0,-9.0,2025-04-20,2026-07-19
2084,農産,990.54,1000.0,2.37,東京,関東・東京,1,0,1,0,0.0,0.0,56.0,-56.0,2026-03-15,2026-03-15
2085,松本深志,990.51,1000.0,-4.39,長野,北信越,9,4,5,0,0.4444,49.0,31.0,18.0,2025-05-10,2026-07-07
2086,高山工業,990.49,1000.0,-2.62,岐阜,東海,1,0,1,0,0.0,3.0,7.0,-4.0,2025-04-12,2025-04-12
2087,藤岡工・尾瀬・榛名,990.49,1000.0,3.22,群馬,関東・東京,1,0,1,0,0.0,0.0,11.0,-11.0,2025-07-06,2025-07-06
2088,釜石,990.49,1000.0,3.8,宮城,東北,10,5,5,0,0.5,48.0,63.0,-15.0,2025-05-16,2026-07-13
2089,博多工,990.48,1000.0,2.09,福岡,九州,1,0,1,0,0.0,1.0,10.0,-9.0,2025-03-26,2025-03-26
2090,高津,990.47,1000.0,8.38,大阪,近畿,7,3,4,0,0.4286,24.0,54.0,-30.0,2025-04-06,2026-07-11
2091,石川高専,990.44,1000.0,6.19,石川,北信越,7,3,4,0,0.4286,23.0,40.0,-17.0,2025-04-26,2026-07-10
2092,口加,990.43,1000.0,-0.81,長崎,九州,1,0,1,0,0.0,1.0,2.0,-1.0,2026-07-07,2026-07-07
2093,瀬戸工科・瀬戸北,990.43,1000.0,2.72,愛知,東海,1,0,1,0,0.0,0.0,7.0,-7.0,2025-06-28,2025-06-28
2094,私武蔵,990.42,1000.0,2.37,東京,関東・東京,1,0,1,0,0.0,0.0,8.0,-8.0,2025-07-11,2025-07-11
2095,長野原・嬬恋・前橋西・吉井,990.41,1000.0,3.22,群馬,関東・東京,1,0,1,0,0.0,1.0,11.0,-10.0,2025-07-06,2025-07-06
2096,石巻好文館・涌谷・石巻北,990.39,1000.0,-1.84,山形,東北,1,0,1,0,0.0,0.0,7.0,-7.0,2026-04-25,2026-04-25
2097,樟南二,990.39,1000.0,1.49,鹿児島,九州,1,0,1,0,0.0,6.0,10.0,-4.0,2025-07-07,2025-07-07
2098,水産・倶農・寿都・蘭越,990.36,1000.0,-9.79,北海道,北海道,4,2,2,0,0.5,32.0,32.0,0.0,2025-05-26,2025-05-26
2099,美弥青嶺,990.35,1000.0,-1.06,山口,中国,1,0,1,0,0.0,4.0,5.0,-1.0,2026-04-11,2026-04-11
2100,山城,990.34,1000.0,2.25,京都,近畿,7,3,4,0,0.4286,37.0,44.0,-7.0,2025-04-20,2026-07-09
2101,福岡農業,990.33,1000.0,2.09,福岡,九州,3,1,2,0,0.3333,15.0,19.0,-4.0,2025-07-07,2026-07-07
2102,八戸工業,990.33,1000.0,4.16,青森,東北,7,3,4,0,0.4286,15.0,29.0,-14.0,2025-05-10,2026-07-15
2103,春日井,990.32,1000.0,2.72,愛知,東海,10,4,6,0,0.4,40.0,46.0,-6.0,2025-04-12,2026-06-28
2104,可児工業,990.31,1000.0,-2.62,岐阜,東海,1,0,1,0,0.0,3.0,7.0,-4.0,2025-04-12,2025-04-12
2105,県川崎,990.3,1000.0,4.44,神奈川,関東・東京,3,1,2,0,0.3333,20.0,50.0,-30.0,2025-07-09,2026-07-07
2106,宿毛工業,990.29,1000.0,3.76,高知,四国,3,1,2,0,0.3333,7.0,27.0,-20.0,2025-03-21,2026-03-20
2107,鳥栖,990.27,1000.0,-9.64,佐賀,九州,8,4,4,0,0.5,32.0,25.0,7.0,2025-03-20,2026-07-08
2108,小田原,990.27,1000.0,4.44,神奈川,関東・東京,4,1,3,0,0.25,15.0,22.0,-7.0,2025-04-05,2026-07-13
2109,久留米高専・久留米筑水・八女農業・輝翔館,990.27,1000.0,2.09,福岡,九州,1,0,1,0,0.0,5.0,12.0,-7.0,2026-03-21,2026-03-21
2110,岩谷堂,990.25,1000.0,3.8,宮城,東北,1,0,1,0,0.0,2.0,20.0,-18.0,2025-07-11,2025-07-11
2111,酒田南(山形1),990.24,1000.0,0.0,,東北,1,0,1,0,0.0,3.0,4.0,-1.0,2025-06-10,2025-06-10
2112,石巻好文館・涌谷・石巻商業,990.24,1000.0,-1.84,山形,東北,1,0,1,0,0.0,0.0,14.0,-14.0,2025-05-16,2025-05-16
2113,井草・大泉・松蔭大松陰・杉並工科,990.23,1000.0,2.37,東京,関東・東京,1,0,1,0,0.0,4.0,11.0,-7.0,2025-07-11,2025-07-11
2114,大分東・宇佐産業科学・由布,990.22,1000.0,2.65,大分,九州,1,0,1,0,0.0,0.0,12.0,-12.0,2026-03-26,2026-03-26
2115,国学院,990.2,1000.0,2.37,東京,関東・東京,1,0,1,0,0.0,2.0,11.0,-9.0,2025-07-13,2025-07-13
2116,伊丹西,990.19,1000.0,0.49,兵庫,近畿,6,2,4,0,0.3333,29.0,47.0,-18.0,2025-04-19,2026-07-14
2117,神代・調布北,990.19,1000.0,2.37,東京,関東・東京,1,0,1,0,0.0,1.0,10.0,-9.0,2026-03-20,2026-03-20
2118,大島・大島海洋国際・北豊島工科,990.19,1000.0,2.37,東京,関東・東京,1,0,1,0,0.0,4.0,13.0,-9.0,2025-07-10,2025-07-10
2119,各務原西,990.18,1000.0,-2.62,岐阜,東海,10,5,5,0,0.5,56.0,69.0,-13.0,2025-04-12,2026-07-19
2120,津島北,990.18,1000.0,2.72,愛知,東海,2,0,2,0,0.0,11.0,18.0,-7.0,2025-04-12,2025-04-12
2121,尼崎工業,990.18,1000.0,0.49,兵庫,近畿,1,0,1,0,0.0,3.0,8.0,-5.0,2025-04-26,2025-04-26
2122,帯広工業,990.18,1000.0,-9.79,北海道,北海道,5,2,3,0,0.4,34.0,22.0,12.0,2025-05-26,2026-06-27
2123,西宮北・苦楽園,990.16,1000.0,0.49,兵庫,近畿,1,0,1,0,0.0,1.0,7.0,-6.0,2026-04-19,2026-04-19
2124,川之石,990.16,1000.0,-7.48,愛媛,四国,4,2,2,0,0.5,15.0,20.0,-5.0,2025-03-21,2025-07-16
2125,古河三,990.15,1000.0,-1.03,茨城,関東・東京,5,2,3,0,0.4,27.0,29.0,-2.0,2025-04-19,2026-07-06
2126,久居,990.15,1000.0,-4.97,三重,東海,12,6,6,0,0.5,71.0,50.0,21.0,2025-04-12,2026-07-19
2127,青森北(青森3),990.13,1000.0,0.0,,東北,1,0,1,0,0.0,2.0,3.0,-1.0,2025-06-10,2025-06-10
2128,東海丹,990.12,1000.0,2.25,京都,近畿,1,0,1,0,0.0,3.0,12.0,-9.0,2026-04-11,2026-04-11
2129,農大一・芦花,990.1,1000.0,2.37,東京,関東・東京,1,0,1,0,0.0,4.0,11.0,-7.0,2026-07-10,2026-07-10
2130,高遠・松川,990.1,1000.0,-4.39,長野,北信越,1,0,1,0,0.0,10.0,11.0,-1.0,2026-04-29,2026-04-29
2131,津幡,990.1,1000.0,6.19,石川,北信越,6,2,4,0,0.3333,22.0,25.0,-3.0,2025-04-26,2026-07-12
2132,高知工業,990.09,1000.0,3.76,高知,四国,3,1,2,0,0.3333,8.0,28.0,-20.0,2025-03-21,2026-03-22
2133,北海道科学大,990.08,1000.0,-9.79,北海道,北海道,2,1,1,0,0.5,3.0,2.0,1.0,2026-06-23,2026-06-26
2134,京都産大付,990.08,1000.0,2.25,京都,近畿,1,0,1,0,0.0,0.0,10.0,-10.0,2026-04-18,2026-04-18
2135,須知・東舞鶴・丹後緑風,990.08,1000.0,2.25,京都,近畿,1,0,1,0,0.0,0.0,10.0,-10.0,2025-04-19,2025-04-19
2136,玖珠美山,990.06,1000.0,2.65,大分,九州,1,0,1,0,0.0,0.0,5.0,-5.0,2026-07-06,2026-07-06
2137,羽衣学園,990.05,1000.0,8.38,大阪,近畿,6,2,4,0,0.3333,35.0,44.0,-9.0,2025-04-27,2026-07-14
2138,船橋古和釜,990.05,1000.0,0.63,千葉,関東・東京,7,3,4,0,0.4286,31.0,39.0,-8.0,2025-04-19,2026-07-15
2139,紀北工業,990.04,1000.0,0.99,和歌山,近畿,1,0,1,0,0.0,4.0,9.0,-5.0,2026-04-12,2026-04-12
2140,湘南,990.04,1000.0,4.44,神奈川,関東・東京,4,1,3,0,0.25,13.0,12.0,1.0,2025-07-12,2026-07-11
2141,大船渡東・山田・住田・江南義塾盛岡・遠野緑峰・大東,990.04,1000.0,3.8,宮城,東北,1,0,1,0,0.0,1.0,18.0,-17.0,2026-07-10,2026-07-10
2142,輪島,990.04,1000.0,6.19,石川,北信越,6,2,4,0,0.3333,22.0,20.0,2.0,2025-04-27,2026-07-11
2143,七尾,989.99,1000.0,6.19,石川,北信越,6,2,4,0,0.3333,29.0,35.0,-6.0,2025-04-26,2026-07-11
2144,足立工科桐ヶ丘・三商・中野工科,989.96,1000.0,2.37,東京,関東・東京,1,0,1,0,0.0,1.0,9.0,-8.0,2025-07-10,2025-07-10
2145,内子小田・上浮穴済美平成・北条,989.96,1000.0,-7.48,愛媛,四国,2,1,1,0,0.5,9.0,17.0,-8.0,2025-03-22,2025-03-24
2146,岩津・加茂丘・衣台,989.95,1000.0,2.72,愛知,東海,1,0,1,0,0.0,2.0,14.0,-12.0,2025-06-28,2025-06-28
2147,元石川,989.93,1000.0,4.44,神奈川,関東・東京,4,1,3,0,0.25,19.0,22.0,-3.0,2025-07-11,2026-07-09
2148,向陽・京都八幡,989.92,1000.0,2.25,京都,近畿,1,0,1,0,0.0,0.0,11.0,-11.0,2025-04-19,2025-04-19
2149,園部農芸,989.92,1000.0,2.25,京都,近畿,1,0,1,0,0.0,5.0,16.0,-11.0,2025-04-19,2025-04-19
2150,四ツ葉,989.9,1000.0,3.22,群馬,関東・東京,3,1,2,0,0.3333,31.0,26.0,5.0,2026-04-14,2026-07-05
2151,津和野,989.9,1000.0,5.45,広島,中国,6,2,4,0,0.3333,24.0,26.0,-2.0,2025-04-18,2026-07-14
2152,緑丘・春日井泉・日進,989.89,1000.0,2.72,愛知,東海,1,0,1,0,0.0,4.0,10.0,-6.0,2025-07-05,2025-07-05
2153,青井・足立東・葛飾総合・千早・南葛飾,989.88,1000.0,2.37,東京,関東・東京,1,0,1,0,0.0,1.0,13.0,-12.0,2026-03-15,2026-03-15
2154,松本国際(長野3),989.87,1000.0,0.0,,北信越,1,0,1,0,0.0,3.0,4.0,-1.0,2025-10-11,2025-10-11
2155,東舞鶴・丹後緑風,989.86,1000.0,2.25,京都,近畿,1,0,1,0,0.0,0.0,10.0,-10.0,2025-07-10,2025-07-10
2156,大田桜台・桐ヶ丘・三商・中野工科,989.84,1000.0,2.37,東京,関東・東京,1,0,1,0,0.0,3.0,11.0,-8.0,2026-07-11,2026-07-11
2157,霧が丘,989.83,1000.0,4.44,神奈川,関東・東京,3,1,2,0,0.3333,14.0,26.0,-12.0,2025-07-10,2026-07-07
2158,宇佐産業科学,989.81,1000.0,2.65,大分,九州,3,1,2,0,0.3333,14.0,29.0,-15.0,2025-03-26,2025-07-10
2159,大船渡東・住田・山田・江南義塾盛岡・遠野緑峰・大東,989.8,1000.0,3.8,宮城,東北,2,0,2,0,0.0,11.0,21.0,-10.0,2026-04-29,2026-05-04
2160,気仙沼向洋,989.79,1000.0,-1.84,山形,東北,1,0,1,0,0.0,1.0,2.0,-1.0,2025-07-11,2025-07-11
2161,亀山・四日市農芸,989.79,1000.0,-4.97,三重,東海,1,0,1,0,0.0,7.0,8.0,-1.0,2025-04-12,2025-04-12
2162,豊浦,989.78,1000.0,-1.06,山口,中国,7,3,4,0,0.4286,34.0,36.0,-2.0,2025-04-12,2026-07-19
2163,大洲・大洲農,989.77,1000.0,-7.48,愛媛,四国,2,1,1,0,0.5,8.0,16.0,-8.0,2026-03-23,2026-03-26
2164,伊香,989.76,1000.0,-0.81,滋賀,近畿,7,3,4,0,0.4286,21.0,34.0,-13.0,2025-04-20,2026-07-12
2165,文教大附,989.76,1000.0,-9.79,北海道,北海道,4,2,2,0,0.5,16.0,22.0,-6.0,2025-05-26,2025-05-26
2166,横須賀総合,989.74,1000.0,4.44,神奈川,関東・東京,3,1,2,0,0.3333,9.0,32.0,-23.0,2025-07-13,2026-07-09
2167,朱雀・京教大附・大江,989.7,1000.0,2.25,京都,近畿,1,0,1,0,0.0,3.0,10.0,-7.0,2025-07-05,2025-07-05
2168,青井・足立東・葛飾総合・ 農産・南葛飾,989.7,1000.0,2.37,東京,関東・東京,1,0,1,0,0.0,2.0,12.0,-10.0,2025-07-15,2025-07-15
2169,東農大一,989.7,1000.0,2.37,東京,関東・東京,1,0,1,0,0.0,2.0,14.0,-12.0,2025-07-12,2025-07-12
2170,市来農芸・霧島,989.67,1000.0,1.49,鹿児島,九州,1,0,1,0,0.0,2.0,14.0,-12.0,2026-03-21,2026-03-21
2171,美里・嘉手納,989.67,1000.0,1.73,沖縄,九州,1,0,1,0,0.0,1.0,10.0,-9.0,2026-06-14,2026-06-14
2172,国際・駒場・三田,989.65,1000.0,2.37,東京,関東・東京,1,0,1,0,0.0,5.0,11.0,-6.0,2026-07-10,2026-07-10
2173,天羽,989.64,1000.0,0.63,千葉,関東・東京,1,0,1,0,0.0,0.0,27.0,-27.0,2026-07-09,2026-07-09
2174,足立工科・大田桜台・桐ヶ丘・三商・中野工科,989.63,1000.0,2.37,東京,関東・東京,1,0,1,0,0.0,0.0,19.0,-19.0,2026-03-14,2026-03-14
2175,田辺工業,989.63,1000.0,0.99,和歌山,近畿,1,0,1,0,0.0,0.0,7.0,-7.0,2026-04-11,2026-04-11
2176,県和歌山,989.62,1000.0,0.99,和歌山,近畿,3,1,2,0,0.3333,13.0,20.0,-7.0,2025-04-14,2026-04-19
2177,都城農業,989.61,1000.0,-7.87,宮崎,九州,8,4,4,0,0.5,33.0,28.0,5.0,2025-03-21,2026-07-09
2178,香椎,989.58,1000.0,2.09,福岡,九州,6,2,4,0,0.3333,27.0,23.0,4.0,2025-03-23,2026-07-13
2179,長狭,989.58,1000.0,0.63,千葉,関東・東京,7,3,4,0,0.4286,32.0,30.0,2.0,2025-04-19,2026-07-11
2180,成城,989.57,1000.0,2.37,東京,関東・東京,13,5,8,0,0.3846,66.0,59.0,7.0,2025-04-05,2026-07-14
2181,茂原,989.57,1000.0,0.63,千葉,関東・東京,3,1,2,0,0.3333,26.0,21.0,5.0,2025-07-10,2026-07-09
2182,薩南工業,989.54,1000.0,1.49,鹿児島,九州,3,1,2,0,0.3333,17.0,20.0,-3.0,2025-03-23,2026-07-07
2183,四街道北・成田西陵・八街,989.54,1000.0,0.63,千葉,関東・東京,3,1,2,0,0.3333,13.0,26.0,-13.0,2025-04-19,2025-07-10
2184,田川,989.54,1000.0,2.09,福岡,九州,7,3,4,0,0.4286,34.0,40.0,-6.0,2025-03-23,2026-07-10
2185,英数学館(広島),989.53,1000.0,0.0,,中国,1,0,1,0,0.0,5.0,6.0,-1.0,2025-05-31,2025-05-31
2186,黒川・古川黎明・迫桜・中新田,989.49,1000.0,-1.84,山形,東北,1,0,1,0,0.0,5.0,6.0,-1.0,2025-07-12,2025-07-12
2187,浜松湖北,989.48,1000.0,-1.42,静岡,東海,9,4,5,0,0.4444,42.0,40.0,2.0,2025-04-19,2026-07-04
2188,越谷南,989.48,1000.0,-0.08,埼玉,関東・東京,7,3,4,0,0.4286,57.0,49.0,8.0,2025-04-24,2026-07-15
2189,成田国際,989.46,1000.0,0.63,千葉,関東・東京,7,3,4,0,0.4286,28.0,45.0,-17.0,2025-04-19,2026-07-14
2190,足立西・科学技術,989.46,1000.0,2.37,東京,関東・東京,1,0,1,0,0.0,7.0,18.0,-11.0,2026-07-11,2026-07-11
2191,中央学院(千葉2),989.46,1000.0,0.0,,関東・東京,1,0,1,0,0.0,7.0,8.0,-1.0,2025-10-19,2025-10-19
2192,東海大市原望洋,989.46,1000.0,0.63,千葉,関東・東京,7,3,4,0,0.4286,36.0,32.0,4.0,2025-04-20,2026-07-11
2193,一色・内海・武豊・御津あおば,989.45,1000.0,2.72,愛知,東海,1,0,1,0,0.0,4.0,14.0,-10.0,2025-06-29,2025-06-29
2194,葛西南,989.45,1000.0,2.37,東京,関東・東京,1,0,1,0,0.0,0.0,20.0,-20.0,2026-07-07,2026-07-07
2195,豊橋南,989.44,1000.0,2.72,愛知,東海,13,6,7,0,0.4615,69.0,94.0,-25.0,2025-04-12,2026-07-11
2196,草加,989.44,1000.0,-0.08,埼玉,関東・東京,7,3,4,0,0.4286,33.0,30.0,3.0,2025-04-24,2026-07-12
2197,北星学園大附属,989.42,1000.0,-9.79,北海道,北海道,2,1,1,0,0.5,10.0,10.0,0.0,2026-06-25,2026-06-28
2198,彦根工,989.39,1000.0,-0.81,滋賀,近畿,1,0,1,0,0.0,0.0,2.0,-2.0,2026-07-10,2026-07-10
2199,沖縄高専,989.39,1000.0,1.73,沖縄,九州,1,0,1,0,0.0,0.0,17.0,-17.0,2026-03-22,2026-03-22
2200,佐倉東,989.37,1000.0,0.63,千葉,関東・東京,3,1,2,0,0.3333,23.0,24.0,-1.0,2025-04-19,2025-07-11
2201,朱雀・西乙訓・京教大附・大江,989.35,1000.0,2.25,京都,近畿,1,0,1,0,0.0,0.0,21.0,-21.0,2025-04-19,2025-04-19
2202,千葉,989.34,1000.0,0.63,千葉,関東・東京,7,3,4,0,0.4286,25.0,30.0,-5.0,2025-04-19,2026-07-13
2203,東村山・府中,989.34,1000.0,2.37,東京,関東・東京,1,0,1,0,0.0,2.0,15.0,-13.0,2026-07-10,2026-07-10
2204,京教大附属,989.33,1000.0,2.25,京都,近畿,1,0,1,0,0.0,2.0,26.0,-24.0,2026-07-12,2026-07-12
2205,境(茨城2),989.33,1000.0,0.0,,関東・東京,1,0,1,0,0.0,1.0,3.0,-2.0,2025-05-18,2025-05-18
2206,志學館・鹿児島修学館・明桜館・鹿児島高特支,989.32,1000.0,1.49,鹿児島,九州,1,0,1,0,0.0,0.0,10.0,-10.0,2025-03-20,2025-03-20
2207,中津川工業,989.3,1000.0,-2.62,岐阜,東海,1,0,1,0,0.0,0.0,12.0,-12.0,2026-03-28,2026-03-28
2208,金剛,989.29,1000.0,8.38,大阪,近畿,2,0,2,0,0.0,2.0,13.0,-11.0,2026-04-25,2026-07-13
2209,今市,989.26,1000.0,-2.36,栃木,関東・東京,3,1,2,0,0.3333,16.0,18.0,-2.0,2025-04-13,2025-07-16
2210,純真,989.21,1000.0,2.09,福岡,九州,7,3,4,0,0.4286,32.0,46.0,-14.0,2025-03-20,2026-07-06
2211,掛川工業,989.19,1000.0,-1.42,静岡,東海,3,1,2,0,0.3333,10.0,11.0,-1.0,2025-07-06,2026-07-05
2212,小松明峰,989.17,1000.0,6.19,石川,北信越,6,2,4,0,0.3333,27.0,30.0,-3.0,2025-04-20,2026-07-11
2213,明星学園・和光,989.17,1000.0,2.37,東京,関東・東京,1,0,1,0,0.0,0.0,17.0,-17.0,2026-03-15,2026-03-15
2214,水戸工,989.17,1000.0,-1.03,茨城,関東・東京,7,3,4,0,0.4286,29.0,56.0,-27.0,2025-04-19,2026-07-14
2215,由布,989.16,1000.0,2.65,大分,九州,1,0,1,0,0.0,3.0,15.0,-12.0,2025-07-13,2025-07-13
2216,大口・鹿児島第一・蒲生・串良商業,989.16,1000.0,1.49,鹿児島,九州,1,0,1,0,0.0,1.0,18.0,-17.0,2025-07-08,2025-07-08
2217,槻の木,989.14,1000.0,8.38,大阪,近畿,6,2,4,0,0.3333,21.0,34.0,-13.0,2025-04-06,2026-07-12
2218,宜野座(沖縄),989.14,1000.0,0.0,,九州,1,0,1,0,0.0,2.0,3.0,-1.0,2025-04-19,2025-04-19
2219,有田中央・貴志川,989.14,1000.0,0.99,和歌山,近畿,1,0,1,0,0.0,2.0,8.0,-6.0,2026-07-16,2026-07-16
2220,荒川工科,989.14,1000.0,2.37,東京,関東・東京,1,0,1,0,0.0,0.0,15.0,-15.0,2025-07-11,2025-07-11
2221,小豆島中央,989.13,1000.0,-4.3,徳島,四国,7,3,4,0,0.4286,22.0,22.0,0.0,2025-03-21,2026-07-19
2222,宗像,989.13,1000.0,2.09,福岡,九州,7,3,4,0,0.4286,29.0,39.0,-10.0,2025-03-20,2026-07-12
2223,荒川工科・大島海洋国際・北豊島工科,989.13,1000.0,2.37,東京,関東・東京,1,0,1,0,0.0,8.0,23.0,-15.0,2026-07-05,2026-07-05
2224,横浜翠嵐,989.08,1000.0,4.44,神奈川,関東・東京,5,2,3,0,0.4,13.0,29.0,-16.0,2025-04-05,2026-07-10
2225,東邦(愛知2),989.08,1000.0,0.0,,東海,1,0,1,0,0.0,4.0,5.0,-1.0,2025-05-25,2025-05-25
2226,鶴見総合,989.05,1000.0,4.44,神奈川,関東・東京,3,1,2,0,0.3333,13.0,39.0,-26.0,2025-07-10,2026-07-13
2227,玉島商(岡山2),989.02,1000.0,0.0,,中国,1,0,1,0,0.0,4.0,5.0,-1.0,2025-10-24,2025-10-24
2228,柳ヶ浦(大分),989.0,1000.0,0.0,,九州,1,0,1,0,0.0,0.0,2.0,-2.0,2025-04-19,2025-04-19
2229,浜松大平台,988.99,1000.0,-1.42,静岡,東海,9,4,5,0,0.4444,32.0,32.0,0.0,2025-04-19,2026-07-11
2230,川越南,988.99,1000.0,-0.08,埼玉,関東・東京,7,3,4,0,0.4286,42.0,45.0,-3.0,2025-04-24,2026-07-09
2231,国見・口加・島原翔南・島原農,988.98,1000.0,-0.81,長崎,九州,1,0,1,0,0.0,7.0,10.0,-3.0,2025-07-09,2025-07-09
2232,大口・蒲生・霧島・串良商業,988.97,1000.0,1.49,鹿児島,九州,1,0,1,0,0.0,0.0,15.0,-15.0,2025-03-22,2025-03-22
2233,佐野東・足利清風・足利南,988.96,1000.0,-2.36,栃木,関東・東京,1,0,1,0,0.0,6.0,7.0,-1.0,2026-07-13,2026-07-13
2234,佐倉西・佐倉東,988.92,1000.0,0.63,千葉,関東・東京,3,1,2,0,0.3333,9.0,15.0,-6.0,2026-04-04,2026-07-10
2235,尼崎西,988.91,1000.0,0.49,兵庫,近畿,7,3,4,0,0.4286,23.0,34.0,-11.0,2025-04-19,2026-07-09
2236,国際・駒場,988.9,1000.0,2.37,東京,関東・東京,1,0,1,0,0.0,0.0,14.0,-14.0,2025-07-09,2025-07-09
2237,科学技術・葛西南・日本橋,988.89,1000.0,2.37,東京,関東・東京,1,0,1,0,0.0,0.0,18.0,-18.0,2025-07-13,2025-07-13
2238,聖学院,988.89,1000.0,2.37,東京,関東・東京,6,2,4,0,0.3333,37.0,30.0,7.0,2025-04-04,2026-07-11
2239,勝田中等,988.86,1000.0,-1.03,茨城,関東・東京,3,1,2,0,0.3333,39.0,18.0,21.0,2026-04-11,2026-07-06
2240,つくば国際,988.83,1000.0,-1.03,茨城,関東・東京,3,1,2,0,0.3333,3.0,18.0,-15.0,2025-04-19,2025-07-18
2241,松陰兵庫尼崎,988.82,1000.0,0.49,兵庫,近畿,1,0,1,0,0.0,1.0,8.0,-7.0,2026-07-12,2026-07-12
2242,中央中等,988.81,1000.0,3.22,群馬,関東・東京,7,3,4,0,0.4286,19.0,32.0,-13.0,2025-04-15,2026-07-05
2243,東播工,988.81,1000.0,0.49,兵庫,近畿,5,2,3,0,0.4,22.0,18.0,4.0,2025-04-19,2026-07-09
2244,羽村,988.79,1000.0,2.37,東京,関東・東京,1,0,1,0,0.0,0.0,26.0,-26.0,2025-07-06,2025-07-06
2245,深谷商,988.79,1000.0,-0.08,埼玉,関東・東京,1,0,1,0,0.0,1.0,8.0,-7.0,2026-07-14,2026-07-14
2246,育徳館,988.78,1000.0,2.09,福岡,九州,6,2,4,0,0.3333,20.0,22.0,-2.0,2025-03-24,2026-07-10
2247,一色・岩津・加茂丘・武豊,988.78,1000.0,2.72,愛知,東海,1,0,1,0,0.0,0.0,12.0,-12.0,2026-07-05,2026-07-05
2248,神村伊賀,988.76,1000.0,-4.97,三重,東海,3,1,2,0,0.3333,12.0,15.0,-3.0,2025-04-12,2025-04-12
2249,札幌東,988.76,1000.0,-9.79,北海道,北海道,8,4,4,0,0.5,35.0,44.0,-9.0,2025-05-26,2026-06-26
2250,春日井泉・日進,988.76,1000.0,2.72,愛知,東海,1,0,1,0,0.0,2.0,12.0,-10.0,2026-07-04,2026-07-04
2251,高知工,988.76,1000.0,3.76,高知,四国,3,1,2,0,0.3333,5.0,22.0,-17.0,2025-07-13,2026-07-12
2252,須崎総合,988.74,1000.0,3.76,高知,四国,7,3,4,0,0.4286,24.0,46.0,-22.0,2025-03-22,2026-07-11
2253,岩内・寿都・蘭越,988.7,1000.0,-9.79,北海道,北海道,2,1,1,0,0.5,6.0,10.0,-4.0,2026-06-27,2026-07-08
2254,中村学園,988.67,1000.0,2.09,福岡,九州,1,0,1,0,0.0,0.0,10.0,-10.0,2026-07-09,2026-07-09
2255,攻玉社,988.67,1000.0,2.37,東京,関東・東京,7,3,4,0,0.4286,38.0,45.0,-7.0,2025-04-04,2026-07-16
2256,芝浦工大柏,988.67,1000.0,0.63,千葉,関東・東京,7,3,4,0,0.4286,32.0,47.0,-15.0,2025-04-19,2026-07-15
2257,安西,988.66,1000.0,-6.32,島根,中国,13,6,7,0,0.4615,50.0,60.0,-10.0,2025-04-19,2026-07-10
2258,開成中等,988.66,1000.0,-9.79,北海道,北海道,4,2,2,0,0.5,28.0,44.0,-16.0,2025-05-26,2025-05-26
2259,川口青陵,988.65,1000.0,-0.08,埼玉,関東・東京,7,3,4,0,0.4286,36.0,66.0,-30.0,2025-04-24,2026-07-14
2260,鹿沼東・今市,988.64,1000.0,-2.36,栃木,関東・東京,1,0,1,0,0.0,4.0,5.0,-1.0,2026-07-11,2026-07-11
2261,中野立志館・須坂,988.64,1000.0,-4.39,長野,北信越,1,0,1,0,0.0,4.0,8.0,-4.0,2025-05-10,2025-05-10
2262,韮山,988.62,1000.0,-1.42,静岡,東海,6,2,4,0,0.3333,16.0,30.0,-14.0,2025-04-19,2026-07-12
2263,福江御津,988.61,1000.0,2.72,愛知,東海,4,1,3,0,0.25,17.0,35.0,-18.0,2026-03-20,2026-03-27
2264,長崎北,988.61,1000.0,-0.81,長崎,九州,7,3,4,0,0.4286,28.0,29.0,-1.0,2025-03-26,2026-07-13
2265,浦和東,988.58,1000.0,-0.08,埼玉,関東・東京,5,2,3,0,0.4,21.0,31.0,-10.0,2025-04-24,2026-07-15
2266,鶴城丘,988.58,1000.0,2.72,愛知,東海,11,5,6,0,0.4545,66.0,63.0,3.0,2025-04-12,2026-07-05
2267,霧島,988.56,1000.0,1.49,鹿児島,九州,1,0,1,0,0.0,0.0,19.0,-19.0,2025-07-06,2025-07-06
2268,盛岡大附(岩手1),988.55,1000.0,0.0,,東北,1,0,1,0,0.0,0.0,2.0,-2.0,2025-06-10,2025-06-10
2269,札幌啓北商,988.53,1000.0,-9.79,北海道,北海道,2,1,1,0,0.5,8.0,11.0,-3.0,2026-05-09,2026-05-11
2270,岸和田,988.53,1000.0,8.38,大阪,近畿,6,2,4,0,0.3333,25.0,36.0,-11.0,2025-04-12,2026-07-12
2271,昭和薬付,988.52,1000.0,1.73,沖縄,九州,1,0,1,0,0.0,1.0,8.0,-7.0,2026-06-20,2026-06-20
2272,苫小牧東,988.52,1000.0,-9.79,北海道,北海道,8,4,4,0,0.5,39.0,36.0,3.0,2025-05-26,2026-06-25
2273,横浜翠陵,988.51,1000.0,4.44,神奈川,関東・東京,7,3,4,0,0.4286,22.0,43.0,-21.0,2025-04-05,2026-07-08
2274,志學館・鹿児島修学館・川辺・薩摩中央・蒲生,988.51,1000.0,1.49,鹿児島,九州,1,0,1,0,0.0,0.0,15.0,-15.0,2026-07-04,2026-07-04
2275,青豊,988.5,1000.0,2.09,福岡,九州,6,2,4,0,0.3333,39.0,26.0,13.0,2025-03-21,2026-07-10
2276,瀬田工業,988.48,1000.0,-0.81,滋賀,近畿,5,2,3,0,0.4,10.0,15.0,-5.0,2025-04-12,2026-04-18
2277,富士見・茅野・箕輪進修・阿智,988.48,1000.0,-4.39,長野,北信越,1,0,1,0,0.0,1.0,11.0,-10.0,2025-05-10,2025-05-10
2278,安城南,988.43,1000.0,2.72,愛知,東海,10,4,6,0,0.4,50.0,62.0,-12.0,2025-04-12,2026-07-12
2279,鴻巣,988.43,1000.0,-0.08,埼玉,関東・東京,7,3,4,0,0.4286,47.0,53.0,-6.0,2025-04-24,2026-07-14
2280,茎崎・茨城東・結城一・総和工・笠間・わせがくPURE・岩瀬,988.42,1000.0,-1.03,茨城,関東・東京,1,0,1,0,0.0,3.0,6.0,-3.0,2026-07-06,2026-07-06
2281,筑紫丘,988.41,1000.0,2.09,福岡,九州,6,2,4,0,0.3333,28.0,35.0,-7.0,2025-03-20,2026-07-11
2282,光,988.41,1000.0,-1.06,山口,中国,7,3,4,0,0.4286,25.0,27.0,-2.0,2025-04-12,2026-07-12
2283,山口県桜ヶ丘,988.4,1000.0,-1.06,山口,中国,1,0,1,0,0.0,7.0,10.0,-3.0,2025-07-12,2025-07-12
2284,津島北・北翔,988.39,1000.0,2.72,愛知,東海,5,2,3,0,0.4,33.0,39.0,-6.0,2025-06-28,2026-06-28
2285,井口,988.37,1000.0,-6.32,島根,中国,1,0,1,0,0.0,7.0,8.0,-1.0,2026-03-21,2026-03-21
2286,高山工,988.36,1000.0,-2.62,岐阜,東海,3,1,2,0,0.3333,17.0,26.0,-9.0,2025-04-12,2025-07-20
2287,一・高・武,988.34,1000.0,2.72,愛知,東海,2,0,2,0,0.0,2.0,40.0,-38.0,2026-03-20,2026-03-21
2288,志學館・開陽・鹿児島修学館・高特支・山川,988.32,1000.0,1.49,鹿児島,九州,1,0,1,0,0.0,0.0,13.0,-13.0,2025-07-07,2025-07-07
2289,駒ヶ根工業,988.31,1000.0,-4.39,長野,北信越,1,0,1,0,0.0,6.0,12.0,-6.0,2025-05-10,2025-05-10
2290,東,988.31,1000.0,8.38,大阪,近畿,13,6,7,0,0.4615,73.0,107.0,-34.0,2025-04-04,2026-07-18
2291,三本木,988.31,1000.0,4.16,青森,東北,6,2,4,0,0.3333,28.0,33.0,-5.0,2025-05-12,2026-07-13
2292,太田一,988.3,1000.0,-1.03,茨城,関東・東京,8,4,4,0,0.5,25.0,43.0,-18.0,2025-04-19,2026-07-15
2293,富士見・箕輪進修,988.3,1000.0,-4.39,長野,北信越,1,0,1,0,0.0,1.0,8.0,-7.0,2026-05-03,2026-05-03
2294,加茂農林,988.28,1000.0,-2.62,岐阜,東海,14,7,7,0,0.5,75.0,107.0,-32.0,2025-04-12,2026-07-18
2295,小松川,988.25,1000.0,2.37,東京,関東・東京,6,2,4,0,0.3333,36.0,40.0,-4.0,2025-04-04,2026-07-15
2296,米子松蔭(鳥取2),988.25,1000.0,0.0,,中国,1,0,1,0,0.0,4.0,5.0,-1.0,2025-10-25,2025-10-25
2297,小岩,988.24,1000.0,2.37,東京,関東・東京,7,3,4,0,0.4286,54.0,29.0,25.0,2025-04-04,2026-07-11
2298,栃木翔南・栃木農業・佐野松桜,988.24,1000.0,-2.36,栃木,関東・東京,1,0,1,0,0.0,2.0,5.0,-3.0,2026-04-18,2026-04-18
2299,熊谷,988.19,1000.0,-0.08,埼玉,関東・東京,7,3,4,0,0.4286,45.0,48.0,-3.0,2025-04-24,2026-07-15
2300,宇都宮南,988.18,1000.0,-2.36,栃木,関東・東京,7,3,4,0,0.4286,34.0,33.0,1.0,2025-04-19,2026-07-12
2301,出雲商業,988.17,1000.0,5.45,広島,中国,6,2,4,0,0.3333,32.0,32.0,0.0,2025-04-18,2026-07-14
2302,大口・鹿児島第一・霧島,988.16,1000.0,1.49,鹿児島,九州,1,0,1,0,0.0,0.0,7.0,-7.0,2026-07-07,2026-07-07
2303,熊谷工,988.16,1000.0,-0.08,埼玉,関東・東京,1,0,1,0,0.0,1.0,15.0,-14.0,2026-07-15,2026-07-15
2304,幸田,988.13,1000.0,2.72,愛知,東海,9,3,6,0,0.3333,35.0,48.0,-13.0,2025-04-12,2026-07-18
2305,古河二,988.12,1000.0,-1.03,茨城,関東・東京,1,0,1,0,0.0,0.0,4.0,-4.0,2026-07-09,2026-07-09
2306,大垣南,988.12,1000.0,-2.62,岐阜,東海,11,5,6,0,0.4545,59.0,55.0,4.0,2025-04-12,2026-07-19
2307,神戸北・伊川谷北・学園都市,988.11,1000.0,0.49,兵庫,近畿,1,0,1,0,0.0,2.0,9.0,-7.0,2025-07-05,2025-07-05
2308,浜松南,988.1,1000.0,-1.42,静岡,東海,11,5,6,0,0.4545,41.0,57.0,-16.0,2025-04-19,2026-07-12
2309,多摩工科,988.1,1000.0,2.37,東京,関東・東京,6,2,4,0,0.3333,36.0,28.0,8.0,2025-04-04,2026-07-12
2310,創学館,988.06,1000.0,-6.25,秋田,東北,7,3,4,0,0.4286,45.0,48.0,-3.0,2025-05-09,2026-07-12
2311,田川・梓川・明科・穂高商業・池田工業,988.02,1000.0,-4.39,長野,北信越,1,0,1,0,0.0,1.0,8.0,-7.0,2025-05-10,2025-05-10
2312,北信連合,988.02,1000.0,-4.39,長野,北信越,1,0,1,0,0.0,0.0,7.0,-7.0,2026-05-03,2026-05-03
2313,松本蟻ケ崎,988.02,1000.0,-4.39,長野,北信越,7,3,4,0,0.4286,31.0,59.0,-28.0,2025-05-10,2026-07-11
2314,国際学院,988.02,1000.0,-0.08,埼玉,関東・東京,7,3,4,0,0.4286,44.0,46.0,-2.0,2025-04-24,2026-07-12
2315,田柄・光丘,987.99,1000.0,2.37,東京,関東・東京,1,0,1,0,0.0,7.0,22.0,-15.0,2026-07-10,2026-07-10
2316,西脇,987.98,1000.0,0.49,兵庫,近畿,7,3,4,0,0.4286,15.0,38.0,-23.0,2025-04-19,2026-07-10
2317,八女工,987.97,1000.0,2.09,福岡,九州,2,0,2,0,0.0,19.0,21.0,-2.0,2025-03-26,2026-03-26
2318,新羽,987.95,1000.0,4.44,神奈川,関東・東京,6,2,4,0,0.3333,40.0,55.0,-15.0,2025-04-05,2026-07-16
2319,氷上,987.95,1000.0,0.49,兵庫,近畿,5,2,3,0,0.4,12.0,8.0,4.0,2025-04-19,2026-07-11
2320,伊川谷・伊川谷北・神戸学園都市,987.94,1000.0,0.49,兵庫,近畿,1,0,1,0,0.0,0.0,10.0,-10.0,2026-07-04,2026-07-04
2321,樟南第二,987.94,1000.0,1.49,鹿児島,九州,1,0,1,0,0.0,0.0,10.0,-10.0,2026-07-10,2026-07-10
2322,七飯・大農,987.93,1000.0,-9.79,北海道,北海道,4,2,2,0,0.5,10.0,30.0,-20.0,2025-05-26,2025-05-26
2323,飛龍,987.93,1000.0,-1.42,静岡,東海,11,5,6,0,0.4545,25.0,40.0,-15.0,2025-04-19,2026-07-04
2324,本荘,987.93,1000.0,0.62,岩手,東北,7,3,4,0,0.4286,33.0,42.0,-9.0,2025-05-13,2026-07-09
2325,出水中央(鹿児島2),987.92,1000.0,0.0,,九州,1,0,1,0,0.0,1.0,2.0,-1.0,2025-10-25,2025-10-25
2326,掛川西(静岡2),987.92,1000.0,0.0,,東海,1,0,1,0,0.0,1.0,2.0,-1.0,2025-10-18,2025-10-18
2327,新田(愛媛3),987.92,1000.0,0.0,,四国,1,0,1,0,0.0,3.0,4.0,-1.0,2025-10-18,2025-10-18
2328,有明(熊本2),987.92,1000.0,0.0,,九州,1,0,1,0,0.0,0.0,1.0,-1.0,2025-10-26,2025-10-26
2329,海部(徳島3),987.92,1000.0,0.0,,四国,1,0,1,0,0.0,4.0,5.0,-1.0,2025-10-18,2025-10-18
2330,高知農,987.91,1000.0,3.76,高知,四国,7,3,4,0,0.4286,24.0,22.0,2.0,2025-03-20,2026-07-18
2331,北大津,987.91,1000.0,-0.81,滋賀,近畿,7,3,4,0,0.4286,22.0,27.0,-5.0,2025-04-26,2026-07-08
2332,千里,987.9,1000.0,8.38,大阪,近畿,6,2,4,0,0.3333,23.0,40.0,-17.0,2025-04-12,2026-07-18
2333,近大付(大阪2),987.9,1000.0,0.0,,近畿,1,0,1,0,0.0,6.0,8.0,-2.0,2025-10-18,2025-10-18
2334,渋谷,987.86,1000.0,8.38,大阪,近畿,6,2,4,0,0.3333,27.0,39.0,-12.0,2025-04-27,2026-07-13
2335,日南振徳,987.86,1000.0,-7.87,宮崎,九州,8,4,4,0,0.5,32.0,42.0,-10.0,2025-03-20,2026-07-07
2336,壱岐,987.85,1000.0,-0.81,長崎,九州,5,2,3,0,0.4,24.0,26.0,-2.0,2025-07-12,2026-07-07
2337,安芸府中,987.79,1000.0,-6.32,島根,中国,12,6,6,0,0.5,53.0,53.0,0.0,2025-04-19,2026-07-07
2338,高森・岩国総合・下関中等教育,987.79,1000.0,-1.06,山口,中国,1,0,1,0,0.0,3.0,7.0,-4.0,2025-07-16,2025-07-16
2339,津工業,987.78,1000.0,-4.97,三重,東海,3,1,2,0,0.3333,10.0,17.0,-7.0,2026-03-20,2026-03-26
2340,釧路江南,987.77,1000.0,-9.79,北海道,北海道,9,4,5,0,0.4444,42.0,36.0,6.0,2025-05-26,2026-07-12
2341,南山,987.76,1000.0,2.72,愛知,東海,9,3,6,0,0.3333,34.0,38.0,-4.0,2025-04-12,2026-07-05
2342,足利工,987.75,1000.0,-2.36,栃木,関東・東京,7,3,4,0,0.4286,54.0,55.0,-1.0,2025-04-20,2026-07-18
2343,春日部工業,987.71,1000.0,-0.08,埼玉,関東・東京,6,2,4,0,0.3333,32.0,29.0,3.0,2025-04-24,2026-07-12
2344,蓼科・軽井沢・小海・坂城・北部・長野高専・松代,987.71,1000.0,-4.39,長野,北信越,1,0,1,0,0.0,7.0,16.0,-9.0,2025-05-10,2025-05-10
2345,鎌ヶ谷西・松戸国際・沼南・沼南高柳・流山おおたかの森・流山北,987.68,1000.0,0.63,千葉,関東・東京,1,0,1,0,0.0,1.0,9.0,-8.0,2026-07-10,2026-07-10
2346,久留米高専,987.67,1000.0,2.09,福岡,九州,3,1,2,0,0.3333,9.0,24.0,-15.0,2025-07-06,2026-07-09
2347,対馬・上対馬・壱岐商,987.66,1000.0,-0.81,長崎,九州,1,0,1,0,0.0,2.0,9.0,-7.0,2025-03-26,2025-03-26
2348,田川・梓川・明科・穂高商業・池田工業・南安曇農業・蘇南,987.63,1000.0,-4.39,長野,北信越,1,0,1,0,0.0,4.0,13.0,-9.0,2026-04-29,2026-04-29
2349,喜界,987.62,1000.0,1.49,鹿児島,九州,3,1,2,0,0.3333,5.0,23.0,-18.0,2025-07-12,2026-07-12
2350,豊橋東,987.58,1000.0,2.72,愛知,東海,13,5,8,0,0.3846,64.0,90.0,-26.0,2025-04-12,2026-07-18
2351,旭農業・県銚子,987.54,1000.0,0.63,千葉,関東・東京,1,0,1,0,0.0,0.0,10.0,-10.0,2025-07-11,2025-07-11
2352,岩谷堂・北上翔南,987.53,1000.0,3.8,宮城,東北,2,0,2,0,0.0,0.0,40.0,-40.0,2025-05-16,2025-05-16
2353,栗橋北彩・日高・新座総合技術・上尾橘・桶川西,987.53,1000.0,-0.08,埼玉,関東・東京,1,0,1,0,0.0,0.0,20.0,-20.0,2026-07-12,2026-07-12
2354,生浜・天羽・市原・市原緑・君津青葉,987.52,1000.0,0.63,千葉,関東・東京,1,0,1,0,0.0,1.0,11.0,-10.0,2025-07-15,2025-07-15
2355,吉川,987.49,1000.0,0.49,兵庫,近畿,1,0,1,0,0.0,0.0,10.0,-10.0,2025-07-05,2025-07-05
2356,上田染谷丘,987.46,1000.0,-4.39,長野,北信越,6,2,4,0,0.3333,37.0,52.0,-15.0,2025-05-10,2026-07-11
2357,江南義塾盛岡,987.46,1000.0,3.8,宮城,東北,2,0,2,0,0.0,1.0,32.0,-31.0,2025-05-16,2025-05-16
2358,越生・小川・日高,987.44,1000.0,-0.08,埼玉,関東・東京,1,0,1,0,0.0,0.0,11.0,-11.0,2025-07-12,2025-07-12
2359,韮崎・上野原,987.43,1000.0,-0.05,山梨,関東・東京,1,0,1,0,0.0,1.0,30.0,-29.0,2025-04-13,2025-04-13
2360,栗東・石部・信楽,987.42,1000.0,-0.81,滋賀,近畿,1,0,1,0,0.0,0.0,8.0,-8.0,2025-04-19,2025-04-19
2361,三木東・三木総合,987.42,1000.0,0.49,兵庫,近畿,5,2,3,0,0.4,17.0,30.0,-13.0,2025-07-11,2026-07-14
2362,姫路別所・太子,987.42,1000.0,0.49,兵庫,近畿,1,0,1,0,0.0,0.0,24.0,-24.0,2025-07-13,2025-07-13
2363,南陽工(山口),987.41,1000.0,0.0,,中国,1,0,1,0,0.0,3.0,5.0,-2.0,2025-05-31,2025-05-31
2364,福岡大大濠(福岡),987.41,1000.0,0.0,,九州,1,0,1,0,0.0,4.0,6.0,-2.0,2025-04-20,2025-04-20
2365,桐陽(静岡2),987.38,1000.0,0.0,,東海,1,0,1,0,0.0,7.0,17.0,-10.0,2025-05-25,2025-05-25
2366,高専八代・甲佐,987.36,1000.0,-4.28,熊本,九州,1,0,1,0,0.0,7.0,8.0,-1.0,2026-03-21,2026-03-21
2367,甲府東,987.35,1000.0,-0.05,山梨,関東・東京,7,3,4,0,0.4286,30.0,42.0,-12.0,2025-04-15,2026-07-08
2368,日本ウエルネス,987.34,1000.0,-1.84,山形,東北,3,1,2,0,0.3333,10.0,20.0,-10.0,2025-07-13,2026-05-02
2369,九十九里・東金商,987.31,1000.0,0.63,千葉,関東・東京,1,0,1,0,0.0,2.0,16.0,-14.0,2026-07-10,2026-07-10
2370,宇美商業,987.28,1000.0,2.09,福岡,九州,5,2,3,0,0.4,17.0,32.0,-15.0,2025-03-21,2026-07-10
2371,大網・九十九里・東金商,987.25,1000.0,0.63,千葉,関東・東京,1,0,1,0,0.0,0.0,14.0,-14.0,2025-07-16,2025-07-16
2372,磐城,987.21,1000.0,-1.38,福島,東北,11,5,6,0,0.4545,39.0,44.0,-5.0,2025-05-16,2026-07-11
2373,夢前・播磨福崎,987.21,1000.0,0.49,兵庫,近畿,1,0,1,0,0.0,6.0,17.0,-11.0,2025-07-05,2025-07-05
2374,石巻工,987.19,1000.0,-1.84,山形,東北,3,1,2,0,0.3333,9.0,18.0,-9.0,2025-05-21,2025-05-25
2375,穴吹・阿波西・池田辻,987.15,1000.0,-0.82,香川,四国,1,0,1,0,0.0,1.0,11.0,-10.0,2026-03-27,2026-03-27
2376,山梨農林・塩山・上野原,987.14,1000.0,-0.05,山梨,関東・東京,1,0,1,0,0.0,0.0,16.0,-16.0,2025-07-12,2025-07-12
2377,帯広柏葉,987.13,1000.0,-9.79,北海道,北海道,8,4,4,0,0.5,54.0,65.0,-11.0,2025-05-26,2026-06-28
2378,下田,987.1,1000.0,-1.42,静岡,東海,5,2,3,0,0.4,15.0,38.0,-23.0,2025-07-06,2026-07-11
2379,松江農林,987.09,1000.0,5.45,広島,中国,6,2,4,0,0.3333,13.0,30.0,-17.0,2025-04-19,2026-07-19
2380,寒河江,987.08,1000.0,-6.25,秋田,東北,7,3,4,0,0.4286,29.0,30.0,-1.0,2025-05-10,2026-07-18
2381,気仙沼向洋・南三陸,987.07,1000.0,-1.84,山形,東北,1,0,1,0,0.0,6.0,9.0,-3.0,2026-07-11,2026-07-11
2382,浦添商業,987.05,1000.0,1.73,沖縄,九州,7,3,4,0,0.4286,26.0,38.0,-12.0,2025-03-24,2026-06-28
2383,甲府城西,987.03,1000.0,-0.05,山梨,関東・東京,7,3,4,0,0.4286,31.0,43.0,-12.0,2025-04-19,2026-07-11
2384,上五馬,987.03,1000.0,-0.81,長崎,九州,1,0,1,0,0.0,0.0,6.0,-6.0,2026-07-07,2026-07-07
2385,徳風英心,987.0,1000.0,-4.97,三重,東海,1,0,1,0,0.0,4.0,14.0,-10.0,2025-04-12,2025-04-12
2386,深谷第一,986.99,1000.0,-0.08,埼玉,関東・東京,4,1,3,0,0.25,26.0,33.0,-7.0,2025-04-24,2026-07-11
2387,寄居城北,986.97,1000.0,-0.08,埼玉,関東・東京,1,0,1,0,0.0,2.0,12.0,-10.0,2026-07-12,2026-07-12
2388,那覇国際・那覇西,986.95,1000.0,1.73,沖縄,九州,3,1,2,0,0.3333,5.0,18.0,-13.0,2025-03-21,2025-06-29
2389,安曇川・湖南農業・石部・信楽・守山・愛知・長浜農業,986.95,1000.0,-0.81,滋賀,近畿,1,0,1,0,0.0,2.0,14.0,-12.0,2026-04-12,2026-04-12
2390,築館,986.94,1000.0,-1.84,山形,東北,10,5,5,0,0.5,42.0,50.0,-8.0,2025-05-16,2026-07-12
2391,狭山清陵,986.94,1000.0,-0.08,埼玉,関東・東京,5,2,3,0,0.4,26.0,30.0,-4.0,2025-04-24,2026-07-11
2392,泉・生浜・市原・市原緑・君津青葉,986.87,1000.0,0.63,千葉,関東・東京,1,0,1,0,0.0,0.0,10.0,-10.0,2026-07-12,2026-07-12
2393,青森明の星,986.87,1000.0,4.16,青森,東北,6,2,4,0,0.3333,47.0,26.0,21.0,2025-05-12,2026-07-09
2394,京都八幡,986.87,1000.0,2.25,京都,近畿,5,2,3,0,0.4,16.0,37.0,-21.0,2025-07-08,2026-07-15
2395,大宮工業,986.84,1000.0,-0.08,埼玉,関東・東京,3,1,2,0,0.3333,14.0,26.0,-12.0,2025-04-24,2025-07-12
2396,新座総合技術・三郷・三郷工業技術・八潮・吉川美南,986.84,1000.0,-0.08,埼玉,関東・東京,1,0,1,0,0.0,3.0,14.0,-11.0,2025-07-10,2025-07-10
2397,高山工・飛騨神岡,986.83,1000.0,-2.62,岐阜,東海,1,0,1,0,0.0,1.0,8.0,-7.0,2026-07-12,2026-07-12
2398,苅田工業,986.78,1000.0,2.09,福岡,九州,5,2,3,0,0.4,23.0,36.0,-13.0,2025-03-23,2026-07-11
2399,大島商船・岩国総合・高森,986.77,1000.0,-1.06,山口,中国,1,0,1,0,0.0,1.0,11.0,-10.0,2025-04-13,2025-04-13
2400,宮島工業,986.77,1000.0,-6.32,島根,中国,8,4,4,0,0.5,38.0,53.0,-15.0,2025-04-19,2026-03-28
2401,児玉・寄居城北・深谷・上尾橘・桶川西,986.76,1000.0,-0.08,埼玉,関東・東京,1,0,1,0,0.0,0.0,34.0,-34.0,2025-07-12,2025-07-12
2402,秩父農工科,986.75,1000.0,-0.08,埼玉,関東・東京,1,0,1,0,0.0,0.0,38.0,-38.0,2025-07-11,2025-07-11
2403,磐城農,986.73,1000.0,-1.38,福島,東北,1,0,1,0,0.0,0.0,13.0,-13.0,2025-07-11,2025-07-11
2404,宇都宮清陵・今市工,986.73,1000.0,-2.36,栃木,関東・東京,1,0,1,0,0.0,2.0,5.0,-3.0,2025-07-12,2025-07-12
2405,今市工・真岡北陵,986.71,1000.0,-2.36,栃木,関東・東京,1,0,1,0,0.0,0.0,5.0,-5.0,2025-04-12,2025-04-12
2406,山形商業,986.7,1000.0,-6.25,秋田,東北,7,3,4,0,0.4286,29.0,28.0,1.0,2025-05-10,2026-07-11
2407,愛知商業,986.7,1000.0,2.72,愛知,東海,9,3,6,0,0.3333,59.0,61.0,-2.0,2025-04-12,2026-07-18
2408,松戸六実,986.7,1000.0,0.63,千葉,関東・東京,6,2,4,0,0.3333,30.0,46.0,-16.0,2025-04-19,2026-07-11
2409,新居・佐久間,986.69,1000.0,-1.42,静岡,東海,1,0,1,0,0.0,1.0,6.0,-5.0,2026-07-04,2026-07-04
2410,五島・長崎鶴洋・西彼杵,986.68,1000.0,-0.81,長崎,九州,1,0,1,0,0.0,1.0,8.0,-7.0,2025-07-08,2025-07-08
2411,佐世保商・佐世保西・平戸,986.67,1000.0,-0.81,長崎,九州,1,0,1,0,0.0,0.0,37.0,-37.0,2025-03-28,2025-03-28
2412,越生翔桜・児玉・小鹿野・深谷・小川,986.67,1000.0,-0.08,埼玉,関東・東京,1,0,1,0,0.0,0.0,10.0,-10.0,2026-07-12,2026-07-12
2413,大網,986.66,1000.0,0.63,千葉,関東・東京,1,0,1,0,0.0,1.0,15.0,-14.0,2026-07-10,2026-07-10
2414,土浦工,986.66,1000.0,-1.03,茨城,関東・東京,6,2,4,0,0.3333,25.0,32.0,-7.0,2025-04-19,2026-07-11
2415,大分南,986.65,1000.0,2.65,大分,九州,6,2,4,0,0.3333,24.0,25.0,-1.0,2025-03-27,2026-07-07
2416,日向学院,986.64,1000.0,-7.87,宮崎,九州,7,3,4,0,0.4286,37.0,36.0,1.0,2025-03-24,2026-07-14
2417,伊具・名取・仙台工業,986.63,1000.0,-1.84,山形,東北,1,0,1,0,0.0,1.0,8.0,-7.0,2025-05-16,2025-05-16
2418,東郷,986.62,1000.0,2.72,愛知,東海,10,4,6,0,0.4,53.0,74.0,-21.0,2025-04-12,2026-06-28
2419,桐生清桜,986.62,1000.0,3.22,群馬,関東・東京,6,2,4,0,0.3333,29.0,25.0,4.0,2025-04-12,2026-07-13
2420,福岡大大濠(福岡2),986.57,1000.0,0.0,,九州,1,0,1,0,0.0,1.0,4.0,-3.0,2025-10-25,2025-10-25
2421,北摂三田,986.56,1000.0,0.49,兵庫,近畿,6,2,4,0,0.3333,24.0,21.0,3.0,2025-04-19,2026-07-10
2422,石部・信楽,986.56,1000.0,-0.81,滋賀,近畿,1,0,1,0,0.0,0.0,14.0,-14.0,2025-07-08,2025-07-08
2423,青森西,986.55,1000.0,4.16,青森,東北,6,2,4,0,0.3333,20.0,34.0,-14.0,2025-05-09,2026-07-13
2424,羽生実業・幸手桜・羽生第一・栗橋北彩・岩槻北陵,986.54,1000.0,-0.08,埼玉,関東・東京,1,0,1,0,0.0,1.0,20.0,-19.0,2025-07-12,2025-07-12
2425,旭,986.51,1000.0,8.38,大阪,近畿,8,3,5,0,0.375,39.0,50.0,-11.0,2025-04-05,2026-07-16
2426,彦根東(滋賀2),986.5,1000.0,0.0,,近畿,1,0,1,0,0.0,0.0,7.0,-7.0,2025-10-19,2025-10-19
2427,札幌厚別,986.5,1000.0,-9.79,北海道,北海道,8,4,4,0,0.5,31.0,39.0,-8.0,2025-05-26,2026-06-22
2428,那珂湊・茨城高専,986.49,1000.0,-1.03,茨城,関東・東京,1,0,1,0,0.0,0.0,10.0,-10.0,2026-07-05,2026-07-05
2429,岡豊,986.47,1000.0,3.76,高知,四国,6,2,4,0,0.3333,27.0,31.0,-4.0,2025-03-21,2026-07-19
2430,大分工,986.45,1000.0,2.65,大分,九州,2,0,2,0,0.0,0.0,3.0,-3.0,2025-03-29,2026-04-02
2431,下関中等教育・下関北,986.45,1000.0,-1.06,山口,中国,1,0,1,0,0.0,0.0,12.0,-12.0,2025-04-13,2025-04-13
2432,壬生・今市工・宇都宮清陵,986.44,1000.0,-2.36,栃木,関東・東京,1,0,1,0,0.0,2.0,7.0,-5.0,2026-07-10,2026-07-10
2433,松山聖陵(愛媛1),986.44,1000.0,0.0,,四国,1,0,1,0,0.0,2.0,12.0,-10.0,2025-10-19,2025-10-19
2434,壱岐(長崎),986.43,1000.0,0.0,,九州,1,0,1,0,0.0,4.0,7.0,-3.0,2025-04-20,2025-04-20
2435,高野山,986.41,1000.0,0.99,和歌山,近畿,6,2,4,0,0.3333,19.0,22.0,-3.0,2025-04-12,2026-07-15
2436,福岡西陵,986.41,1000.0,2.09,福岡,九州,6,2,4,0,0.3333,33.0,36.0,-3.0,2025-03-24,2026-07-11
2437,五島,986.41,1000.0,-0.81,長崎,九州,1,0,1,0,0.0,1.0,12.0,-11.0,2026-07-07,2026-07-07
2438,深谷一,986.4,1000.0,-0.08,埼玉,関東・東京,1,0,1,0,0.0,0.0,14.0,-14.0,2026-07-14,2026-07-14
2439,目黒,986.38,1000.0,2.37,東京,関東・東京,6,2,4,0,0.3333,37.0,33.0,4.0,2025-04-04,2026-07-10
2440,兵庫,986.37,1000.0,0.49,兵庫,近畿,6,2,4,0,0.3333,13.0,21.0,-8.0,2025-04-19,2026-07-15
2441,門司大翔館,986.36,1000.0,2.09,福岡,九州,6,2,4,0,0.3333,19.0,21.0,-2.0,2025-03-21,2026-07-13
2442,翠松,986.36,1000.0,-7.46,鳥取,中国,1,0,1,0,0.0,0.0,2.0,-2.0,2025-04-26,2025-04-26
2443,高森・柳井商工・新南陽・中等,986.35,1000.0,-1.06,山口,中国,1,0,1,0,0.0,0.0,10.0,-10.0,2026-04-18,2026-04-18
2444,長崎北陽台,986.34,1000.0,-0.81,長崎,九州,7,3,4,0,0.4286,25.0,36.0,-11.0,2025-03-25,2026-07-11
2445,いわき総合・平商,986.33,1000.0,-1.38,福島,東北,1,0,1,0,0.0,0.0,6.0,-6.0,2025-07-12,2025-07-12
2446,佐世保西・佐世保商・平戸・上対馬,986.33,1000.0,-0.81,長崎,九州,1,0,1,0,0.0,0.0,10.0,-10.0,2025-07-08,2025-07-08
2447,村上,986.32,1000.0,-5.27,新潟,北信越,3,1,2,0,0.3333,17.0,16.0,1.0,2025-04-27,2025-07-12
2448,苫小牧工業,986.32,1000.0,-9.79,北海道,北海道,5,2,3,0,0.4,24.0,31.0,-7.0,2025-05-26,2026-06-24
2449,半田,986.29,1000.0,2.72,愛知,東海,14,6,8,0,0.4286,84.0,93.0,-9.0,2025-04-12,2026-07-05
2450,横浜瀬谷,986.27,1000.0,4.44,神奈川,関東・東京,6,2,4,0,0.3333,37.0,34.0,3.0,2025-04-05,2026-07-07
2451,嘉穂東,986.27,1000.0,2.09,福岡,九州,6,2,4,0,0.3333,30.0,35.0,-5.0,2025-03-23,2026-07-07
2452,沼津工業・熱海,986.27,1000.0,-1.42,静岡,東海,1,0,1,0,0.0,0.0,10.0,-10.0,2026-07-04,2026-07-04
2453,東京実,986.26,1000.0,2.37,東京,関東・東京,6,2,4,0,0.3333,31.0,31.0,0.0,2025-04-05,2026-07-06
2454,あぶくま柏鵬・石川,986.21,1000.0,-1.38,福島,東北,1,0,1,0,0.0,0.0,23.0,-23.0,2026-07-12,2026-07-12
2455,横浜氷取沢,986.16,1000.0,4.44,神奈川,関東・東京,4,1,3,0,0.25,21.0,24.0,-3.0,2025-07-09,2026-07-13
2456,原町・相馬農,986.16,1000.0,-1.38,福島,東北,1,0,1,0,0.0,1.0,8.0,-7.0,2025-07-13,2025-07-13
2457,新居浜西,986.15,1000.0,-7.48,愛媛,四国,7,3,4,0,0.4286,46.0,42.0,4.0,2025-03-21,2026-07-18
2458,八尾北・門真西・布施北・西成,986.15,1000.0,8.38,大阪,近畿,2,0,2,0,0.0,10.0,19.0,-9.0,2025-07-12,2026-04-11
2459,大竹,986.13,1000.0,-6.32,島根,中国,10,4,6,0,0.4,52.0,51.0,1.0,2025-04-19,2026-07-15
2460,渋谷幕張,986.12,1000.0,0.63,千葉,関東・東京,7,3,4,0,0.4286,36.0,37.0,-1.0,2025-04-19,2026-07-13
2461,島原中央,986.11,1000.0,-0.81,長崎,九州,7,3,4,0,0.4286,30.0,49.0,-19.0,2025-03-29,2026-07-18
2462,観音,986.11,1000.0,-6.32,島根,中国,1,0,1,0,0.0,4.0,11.0,-7.0,2026-03-21,2026-03-21
2463,大湊,986.1,1000.0,4.16,青森,東北,6,2,4,0,0.3333,29.0,36.0,-7.0,2025-05-12,2026-07-07
2464,修猷館,986.1,1000.0,2.09,福岡,九州,6,2,4,0,0.3333,18.0,29.0,-11.0,2025-03-20,2026-07-12
2465,座間総合,986.09,1000.0,4.44,神奈川,関東・東京,4,1,3,0,0.25,15.0,19.0,-4.0,2025-04-05,2026-07-10
2466,八戸北,986.09,1000.0,4.16,青森,東北,8,3,5,0,0.375,43.0,55.0,-12.0,2025-05-09,2026-07-14
2467,杵築(大分2),986.09,1000.0,0.0,,九州,1,0,1,0,0.0,0.0,7.0,-7.0,2025-10-26,2025-10-26
2468,千葉西,986.08,1000.0,0.63,千葉,関東・東京,6,2,4,0,0.3333,30.0,36.0,-6.0,2025-04-19,2026-07-14
2469,安曇川・湖南農業・石部・信楽・愛知・長浜農業,986.07,1000.0,-0.81,滋賀,近畿,1,0,1,0,0.0,1.0,11.0,-10.0,2026-07-13,2026-07-13
2470,芳泉,986.07,1000.0,-7.46,鳥取,中国,3,1,2,0,0.3333,18.0,19.0,-1.0,2025-04-26,2026-04-11
2471,安曇川・湖南農業・愛知・長浜農業,986.07,1000.0,-0.81,滋賀,近畿,1,0,1,0,0.0,0.0,11.0,-11.0,2025-07-10,2025-07-10
2472,笠岡商,986.06,1000.0,1.62,岡山,中国,2,0,2,0,0.0,2.0,10.0,-8.0,2025-04-26,2026-07-22
2473,一宮起工科,986.04,1000.0,2.72,愛知,東海,9,3,6,0,0.3333,39.0,62.0,-23.0,2025-04-12,2026-07-18
2474,足利清風・足利南・佐野東,986.04,1000.0,-2.36,栃木,関東・東京,1,0,1,0,0.0,0.0,7.0,-7.0,2026-04-11,2026-04-11
2475,柏中央,986.02,1000.0,0.63,千葉,関東・東京,6,2,4,0,0.3333,37.0,37.0,0.0,2025-04-19,2026-07-13
2476,福岡中央,986.02,1000.0,2.09,福岡,九州,6,2,4,0,0.3333,39.0,34.0,5.0,2025-03-22,2026-07-07
2477,福江,986.0,1000.0,2.72,愛知,東海,6,2,4,0,0.3333,31.0,36.0,-5.0,2025-04-12,2025-06-28
2478,鳥取東,985.99,1000.0,1.62,岡山,中国,7,3,4,0,0.4286,39.0,50.0,-11.0,2025-04-19,2026-07-12
2479,千歳丘,985.93,1000.0,2.37,東京,関東・東京,6,2,4,0,0.3333,22.0,31.0,-9.0,2025-04-04,2026-07-10
2480,阿波西・池田辻,985.9,1000.0,-0.82,香川,四国,1,0,1,0,0.0,0.0,39.0,-39.0,2026-07-13,2026-07-13
2481,巻総合,985.9,1000.0,-5.27,新潟,北信越,7,3,4,0,0.4286,34.0,43.0,-9.0,2025-04-26,2026-07-16
2482,那珂湊,985.89,1000.0,-1.03,茨城,関東・東京,1,0,1,0,0.0,0.0,10.0,-10.0,2025-07-07,2025-07-07
2483,向原・千代田,985.84,1000.0,-6.32,島根,中国,3,1,2,0,0.3333,17.0,46.0,-29.0,2025-04-19,2025-04-19
2484,桜ケ丘(山口2),985.84,1000.0,0.0,,中国,1,0,1,0,0.0,1.0,8.0,-7.0,2025-10-24,2025-10-24
2485,白河実業,985.84,1000.0,-1.38,福島,東北,6,2,4,0,0.3333,28.0,37.0,-9.0,2025-05-16,2026-05-04
2486,高森・柳井商工・下関中等教育,985.82,1000.0,-1.06,山口,中国,1,0,1,0,0.0,3.0,13.0,-10.0,2026-07-12,2026-07-12
2487,所沢北,985.81,1000.0,-0.08,埼玉,関東・東京,6,2,4,0,0.3333,44.0,57.0,-13.0,2025-04-24,2026-07-14
2488,熱海・佐久間・浜北特支,985.79,1000.0,-1.42,静岡,東海,1,0,1,0,0.0,0.0,11.0,-11.0,2025-07-06,2025-07-06
2489,大山,985.75,1000.0,2.37,東京,関東・東京,7,3,4,0,0.4286,44.0,47.0,-3.0,2025-04-04,2026-07-13
2490,相馬農,985.75,1000.0,-1.38,福島,東北,1,0,1,0,0.0,0.0,18.0,-18.0,2026-07-10,2026-07-10
2491,秋田,985.75,1000.0,0.62,岩手,東北,6,2,4,0,0.3333,19.0,22.0,-3.0,2025-05-14,2026-07-13
2492,柳井商工・熊毛南,985.75,1000.0,-1.06,山口,中国,3,1,2,0,0.3333,7.0,18.0,-11.0,2025-04-12,2025-07-13
2493,石田・琴平・飯山,985.74,1000.0,-4.3,徳島,四国,1,0,1,0,0.0,2.0,5.0,-3.0,2026-07-12,2026-07-12
2494,日本ウェルネス宮城,985.74,1000.0,-1.84,山形,東北,6,2,4,0,0.3333,26.0,33.0,-7.0,2025-05-16,2026-07-18
2495,矢板・黒磯南,985.73,1000.0,-2.36,栃木,関東・東京,1,0,1,0,0.0,0.0,7.0,-7.0,2025-07-12,2025-07-12
2496,深川西,985.73,1000.0,-9.79,北海道,北海道,7,3,4,0,0.4286,56.0,53.0,3.0,2025-05-26,2026-07-13
2497,高専笠間,985.71,1000.0,-1.03,茨城,関東・東京,1,0,1,0,0.0,0.0,11.0,-11.0,2025-07-05,2025-07-05
2498,上野原,985.68,1000.0,-0.05,山梨,関東・東京,1,0,1,0,0.0,0.0,35.0,-35.0,2026-07-11,2026-07-11
2499,白河旭石川・船引小野,985.68,1000.0,-1.38,福島,東北,1,0,1,0,0.0,0.0,10.0,-10.0,2025-07-10,2025-07-10
2500,石田・善通寺一・飯山,985.67,1000.0,-4.3,徳島,四国,1,0,1,0,0.0,3.0,6.0,-3.0,2025-03-23,2025-03-23
2501,黒瀬・大柿・黒瀬特別支援学校のみのお分校,985.67,1000.0,-6.32,島根,中国,1,0,1,0,0.0,0.0,48.0,-48.0,2026-03-21,2026-03-21
2502,前橋南,985.66,1000.0,3.22,群馬,関東・東京,6,2,4,0,0.3333,32.0,31.0,1.0,2025-04-15,2026-07-11
2503,島原翔南・島原農,985.65,1000.0,-0.81,長崎,九州,1,0,1,0,0.0,0.0,27.0,-27.0,2026-07-07,2026-07-07
2504,魚津,985.62,1000.0,-10.7,富山,北信越,7,3,4,0,0.4286,35.0,30.0,5.0,2025-04-26,2026-07-18
2505,麗澤,985.61,1000.0,0.63,千葉,関東・東京,4,1,3,0,0.25,17.0,44.0,-27.0,2025-07-10,2026-07-15
2506,白河旭,985.6,1000.0,-1.38,福島,東北,1,0,1,0,0.0,1.0,8.0,-7.0,2026-07-10,2026-07-10
2507,黒川・黎明・迫桜,985.59,1000.0,-1.84,山形,東北,2,0,2,0,0.0,7.0,13.0,-6.0,2025-05-16,2025-05-16
2508,広島中等教育学校,985.59,1000.0,-6.32,島根,中国,1,0,1,0,0.0,2.0,11.0,-9.0,2026-03-21,2026-03-21
2509,姫路飾西,985.56,1000.0,0.49,兵庫,近畿,6,2,4,0,0.3333,37.0,33.0,4.0,2025-04-19,2026-07-13
2510,小林秀峰,985.55,1000.0,-7.87,宮崎,九州,7,3,4,0,0.4286,28.0,30.0,-2.0,2025-03-24,2026-07-05
2511,莵道,985.53,1000.0,2.25,京都,近畿,4,1,3,0,0.25,18.0,22.0,-4.0,2025-04-20,2026-07-12
2512,大安寺,985.5,1000.0,-7.46,鳥取,中国,3,1,2,0,0.3333,9.0,18.0,-9.0,2025-04-26,2026-04-12
2513,古川工業,985.49,1000.0,-1.84,山形,東北,10,4,6,0,0.4,46.0,51.0,-5.0,2025-05-16,2026-07-16
2514,海南,985.48,1000.0,0.99,和歌山,近畿,6,2,4,0,0.3333,31.0,32.0,-1.0,2025-04-15,2026-07-12
2515,指宿商業,985.46,1000.0,1.49,鹿児島,九州,6,2,4,0,0.3333,28.0,39.0,-11.0,2025-03-24,2026-07-10
2516,操山,985.44,1000.0,-7.46,鳥取,中国,1,0,1,0,0.0,1.0,11.0,-10.0,2026-04-12,2026-04-12
2517,八幡浜,985.44,1000.0,-7.48,愛媛,四国,3,1,2,0,0.3333,16.0,15.0,1.0,2025-03-23,2025-07-20
2518,磐城農・いわき商業情報,985.44,1000.0,-1.38,福島,東北,1,0,1,0,0.0,1.0,15.0,-14.0,2026-07-11,2026-07-11
2519,出雲農林,985.44,1000.0,5.45,広島,中国,6,2,4,0,0.3333,20.0,39.0,-19.0,2025-04-18,2026-07-18
2520,操山・瀬戸,985.43,1000.0,-7.46,鳥取,中国,1,0,1,0,0.0,0.0,7.0,-7.0,2025-04-26,2025-04-26
2521,獨協,985.42,1000.0,2.37,東京,関東・東京,6,2,4,0,0.3333,40.0,49.0,-9.0,2025-04-04,2026-07-14
2522,御鷲緑,985.42,1000.0,-7.46,鳥取,中国,1,0,1,0,0.0,3.0,9.0,-6.0,2026-04-11,2026-04-11
2523,玉島商業,985.41,1000.0,-7.46,鳥取,中国,7,3,4,0,0.4286,21.0,20.0,1.0,2025-04-26,2026-07-16
2524,古河二・総和工・結城一・茎崎・石下紫峰,985.4,1000.0,-1.03,茨城,関東・東京,1,0,1,0,0.0,0.0,12.0,-12.0,2025-07-10,2025-07-10
2525,厚木西,985.37,1000.0,4.44,神奈川,関東・東京,4,1,3,0,0.25,20.0,25.0,-5.0,2025-07-10,2026-07-11
2526,黒川・古川黎明・迫桜・中新田・岩ヶ崎,985.36,1000.0,-1.84,山形,東北,1,0,1,0,0.0,0.0,14.0,-14.0,2026-07-11,2026-07-11
2527,竹原・福山商業,985.36,1000.0,-6.32,島根,中国,1,0,1,0,0.0,3.0,4.0,-1.0,2026-07-06,2026-07-06
2528,沼津商業,985.35,1000.0,-1.42,静岡,東海,4,1,3,0,0.25,12.0,13.0,-1.0,2025-07-05,2026-07-05
2529,宇部フロンティア大香川,985.35,1000.0,-1.06,山口,中国,7,3,4,0,0.4286,22.0,31.0,-9.0,2025-04-12,2026-07-19
2530,方谷學舎,985.33,1000.0,-7.46,鳥取,中国,7,3,4,0,0.4286,24.0,20.0,4.0,2025-04-26,2026-07-18
2531,袋井商,985.33,1000.0,-1.42,静岡,東海,2,0,2,0,0.0,5.0,15.0,-10.0,2025-04-19,2026-03-21
2532,狭山・藤井寺工科・金剛,985.31,1000.0,8.38,大阪,近畿,2,0,2,0,0.0,2.0,17.0,-15.0,2025-04-12,2025-07-11
2533,今市工業・宇都宮清陵・真岡北陵,985.29,1000.0,-2.36,栃木,関東・東京,1,0,1,0,0.0,7.0,17.0,-10.0,2026-04-18,2026-04-18
2534,下館工,985.28,1000.0,-1.03,茨城,関東・東京,7,3,4,0,0.4286,20.0,39.0,-19.0,2025-04-19,2026-07-14
2535,東邦大東邦,985.26,1000.0,0.63,千葉,関東・東京,6,2,4,0,0.3333,35.0,52.0,-17.0,2025-04-19,2026-07-18
2536,わせがく夢育,985.23,1000.0,-0.08,埼玉,関東・東京,3,1,2,0,0.3333,17.0,64.0,-47.0,2026-04-10,2026-07-09
2537,邑久瀬戸,985.21,1000.0,-7.46,鳥取,中国,1,0,1,0,0.0,0.0,7.0,-7.0,2026-04-11,2026-04-11
2538,玉野光南(岡山4),985.21,1000.0,0.0,,中国,1,0,1,0,0.0,3.0,8.0,-5.0,2025-05-31,2025-05-31
2539,上鶴間,985.2,1000.0,4.44,神奈川,関東・東京,2,0,2,0,0.0,6.0,10.0,-4.0,2025-07-11,2026-07-08
2540,八百津・飛騨神岡・郡上北,985.19,1000.0,-2.62,岐阜,東海,2,0,2,0,0.0,10.0,18.0,-8.0,2025-04-12,2025-04-12
2541,港北,985.19,1000.0,4.44,神奈川,関東・東京,6,2,4,0,0.3333,28.0,38.0,-10.0,2025-04-05,2026-07-14
2542,天草・天草拓心・上天草,985.18,1000.0,-4.28,熊本,九州,1,0,1,0,0.0,7.0,11.0,-4.0,2025-03-20,2025-03-20
2543,神港橘,985.16,1000.0,0.49,兵庫,近畿,6,2,4,0,0.3333,29.0,37.0,-8.0,2025-04-19,2026-07-14
2544,大田桜台,985.16,1000.0,2.37,東京,関東・東京,2,0,2,0,0.0,8.0,17.0,-9.0,2025-04-04,2025-07-07
2545,八百津,985.15,1000.0,-2.62,岐阜,東海,1,0,1,0,0.0,4.0,11.0,-7.0,2025-07-12,2025-07-12
2546,加治木工業,985.12,1000.0,1.49,鹿児島,九州,6,2,4,0,0.3333,21.0,18.0,3.0,2025-03-20,2026-07-08
2547,壬生・小山高専・栃木農・足利南,985.12,1000.0,-2.36,栃木,関東・東京,1,0,1,0,0.0,2.0,23.0,-21.0,2025-04-12,2025-04-12
2548,矢板・矢板東・黒磯南・黒羽,985.12,1000.0,-2.36,栃木,関東・東京,1,0,1,0,0.0,1.0,17.0,-16.0,2025-04-13,2025-04-13
2549,足利清風・佐野東・栃木翔南,985.12,1000.0,-2.36,栃木,関東・東京,1,0,1,0,0.0,1.0,14.0,-13.0,2025-04-12,2025-04-12
2550,篠崎,985.1,1000.0,2.37,東京,関東・東京,6,2,4,0,0.3333,34.0,39.0,-5.0,2025-04-04,2026-07-12
2551,宇短大附,985.08,1000.0,-2.36,栃木,関東・東京,7,3,4,0,0.4286,32.0,44.0,-12.0,2025-04-12,2026-07-13
2552,忠海,985.08,1000.0,-6.32,島根,中国,1,0,1,0,0.0,5.0,6.0,-1.0,2025-07-06,2025-07-06
2553,青陵,985.08,1000.0,-7.46,鳥取,中国,1,0,1,0,0.0,0.0,7.0,-7.0,2025-04-26,2025-04-26
2554,日立北,985.07,1000.0,-1.03,茨城,関東・東京,6,2,4,0,0.3333,19.0,32.0,-13.0,2025-04-19,2026-07-10
2555,川薩清修館,985.07,1000.0,1.49,鹿児島,九州,6,2,4,0,0.3333,20.0,19.0,1.0,2025-03-24,2026-07-14
2556,壬生・栃木翔南,985.05,1000.0,-2.36,栃木,関東・東京,1,0,1,0,0.0,2.0,11.0,-9.0,2025-07-11,2025-07-11
2557,千葉南,985.04,1000.0,0.63,千葉,関東・東京,6,2,4,0,0.3333,14.0,53.0,-39.0,2025-04-19,2026-07-12
2558,市尼崎(兵庫2),985.04,1000.0,0.0,,近畿,1,0,1,0,0.0,1.0,9.0,-8.0,2025-10-19,2025-10-19
2559,乙訓(京都2),985.01,1000.0,0.0,,近畿,1,0,1,0,0.0,2.0,5.0,-3.0,2025-10-18,2025-10-18
2560,鳥取商(鳥取3),985.01,1000.0,0.0,,中国,1,0,1,0,0.0,3.0,6.0,-3.0,2025-10-24,2025-10-24
2561,猪名川,985.0,1000.0,0.49,兵庫,近畿,2,0,2,0,0.0,5.0,10.0,-5.0,2025-04-19,2025-07-11
2562,浜松湖東・佐久間・新居,984.99,1000.0,-1.42,静岡,東海,2,0,2,0,0.0,5.0,15.0,-10.0,2026-03-28,2026-03-29
2563,安来,984.98,1000.0,5.45,広島,中国,6,2,4,0,0.3333,21.0,33.0,-12.0,2025-04-19,2026-07-19
2564,浦和北,984.96,1000.0,-0.08,埼玉,関東・東京,7,3,4,0,0.4286,25.0,48.0,-23.0,2025-04-24,2026-07-09
2565,三田西陵,984.95,1000.0,0.49,兵庫,近畿,6,2,4,0,0.3333,22.0,31.0,-9.0,2025-04-19,2026-07-12
2566,横浜南陵,984.93,1000.0,4.44,神奈川,関東・東京,6,2,4,0,0.3333,55.0,43.0,12.0,2025-04-05,2026-07-07
2567,高遠,984.93,1000.0,-4.39,長野,北信越,5,2,3,0,0.4,24.0,36.0,-12.0,2025-05-10,2026-07-12
2568,石巻北・宮城水産・涌谷,984.88,1000.0,-1.84,山形,東北,1,0,1,0,0.0,6.0,14.0,-8.0,2026-07-14,2026-07-14
2569,佐野東・足利南・足利清風,984.87,1000.0,-2.36,栃木,関東・東京,1,0,1,0,0.0,3.0,13.0,-10.0,2025-07-13,2025-07-13
2570,栃木農,984.86,1000.0,-2.36,栃木,関東・東京,1,0,1,0,0.0,1.0,9.0,-8.0,2025-07-13,2025-07-13
2571,一関工業,984.86,1000.0,3.8,宮城,東北,9,3,6,0,0.3333,20.0,43.0,-23.0,2025-05-16,2026-07-10
2572,新潟西,984.84,1000.0,-5.27,新潟,北信越,5,2,3,0,0.4,18.0,31.0,-13.0,2025-04-26,2026-07-15
2573,多摩大目黒,984.83,1000.0,2.37,東京,関東・東京,7,3,4,0,0.4286,38.0,56.0,-18.0,2025-04-04,2026-07-13
2574,吉原工業,984.83,1000.0,-1.42,静岡,東海,3,1,2,0,0.3333,9.0,19.0,-10.0,2025-07-05,2026-07-04
2575,北部・松代・蓼科・軽井沢・小海,984.81,1000.0,-4.39,長野,北信越,1,0,1,0,0.0,3.0,6.0,-3.0,2025-07-08,2025-07-08
2576,黒瀬・大柿・のみのお分校,984.81,1000.0,-6.32,島根,中国,1,0,1,0,0.0,1.0,15.0,-14.0,2026-03-28,2026-03-28
2577,広島工,984.79,1000.0,-6.32,島根,中国,1,0,1,0,0.0,1.0,3.0,-2.0,2025-04-26,2025-04-26
2578,名取・仙台工,984.79,1000.0,-1.84,山形,東北,1,0,1,0,0.0,1.0,13.0,-12.0,2025-07-13,2025-07-13
2579,五条,984.78,1000.0,2.72,愛知,東海,8,3,5,0,0.375,41.0,48.0,-7.0,2025-04-12,2026-06-28
2580,戸山,984.77,1000.0,2.37,東京,関東・東京,5,2,3,0,0.4,51.0,75.0,-24.0,2025-07-10,2026-07-10
2581,佐用・千種・姫路別所・太子,984.77,1000.0,0.49,兵庫,近畿,2,0,2,0,0.0,3.0,11.0,-8.0,2026-03-28,2026-07-05
2582,奈良(奈良3),984.77,1000.0,0.0,,近畿,1,0,1,0,0.0,2.0,8.0,-6.0,2025-05-24,2025-05-24
2583,堅田,984.77,1000.0,-0.81,滋賀,近畿,6,2,4,0,0.3333,20.0,17.0,3.0,2025-04-12,2026-07-07
2584,岡山吉備,984.76,1000.0,-7.46,鳥取,中国,1,0,1,0,0.0,0.0,26.0,-26.0,2026-04-11,2026-04-11
2585,京葉,984.76,1000.0,0.63,千葉,関東・東京,6,2,4,0,0.3333,38.0,61.0,-23.0,2025-04-19,2026-07-15
2586,磐田農,984.7,1000.0,-1.42,静岡,東海,2,0,2,0,0.0,4.0,13.0,-9.0,2025-04-19,2026-03-21
2587,久留米西,984.69,1000.0,2.37,東京,関東・東京,6,2,4,0,0.3333,40.0,40.0,0.0,2025-04-04,2026-07-10
2588,科技日立,984.69,1000.0,-1.03,茨城,関東・東京,7,3,4,0,0.4286,27.0,47.0,-20.0,2025-04-19,2026-07-15
2589,別府翔青,984.67,1000.0,2.65,大分,九州,6,2,4,0,0.3333,27.0,27.0,0.0,2025-03-23,2026-07-14
2590,翔南・栃農・エイジェック,984.67,1000.0,-2.36,栃木,関東・東京,1,0,1,0,0.0,3.0,10.0,-7.0,2026-07-12,2026-07-12
2591,太田西山,984.66,1000.0,-1.03,茨城,関東・東京,4,1,3,0,0.25,21.0,26.0,-5.0,2025-04-19,2026-07-11
2592,黒磯,984.64,1000.0,-2.36,栃木,関東・東京,7,3,4,0,0.4286,35.0,40.0,-5.0,2025-04-13,2026-07-12
2593,倉吉東,984.64,1000.0,1.62,岡山,中国,6,2,4,0,0.3333,19.0,25.0,-6.0,2025-04-21,2026-07-18
2594,静岡農業,984.64,1000.0,-1.42,静岡,東海,3,1,2,0,0.3333,7.0,21.0,-14.0,2025-07-06,2026-07-05
2595,大宮科学技術,984.63,1000.0,-0.08,埼玉,関東・東京,3,1,2,0,0.3333,11.0,38.0,-27.0,2026-04-10,2026-07-09
2596,野村・大洲農,984.61,1000.0,-7.48,愛媛,四国,3,1,2,0,0.3333,9.0,9.0,0.0,2025-03-23,2025-07-16
2597,佐野工科・岬,984.52,1000.0,8.38,大阪,近畿,2,0,2,0,0.0,4.0,21.0,-17.0,2026-04-19,2026-07-15
2598,西宮南,984.52,1000.0,0.49,兵庫,近畿,5,2,3,0,0.4,20.0,46.0,-26.0,2025-04-19,2026-07-09
2599,鉾田一,984.5,1000.0,-1.03,茨城,関東・東京,7,3,4,0,0.4286,25.0,45.0,-20.0,2025-04-19,2026-07-10
2600,矢板東・黒羽,984.5,1000.0,-2.36,栃木,関東・東京,1,0,1,0,0.0,0.0,21.0,-21.0,2025-07-13,2025-07-13
2601,基町,984.5,1000.0,-6.32,島根,中国,10,4,6,0,0.4,43.0,71.0,-28.0,2025-04-19,2026-07-12
2602,蕨,984.5,1000.0,-0.08,埼玉,関東・東京,6,2,4,0,0.3333,38.0,38.0,0.0,2025-04-25,2026-07-14
2603,羽咋,984.45,1000.0,6.19,石川,北信越,6,2,4,0,0.3333,13.0,46.0,-33.0,2025-04-19,2026-07-12
2604,福知山,984.43,1000.0,2.25,京都,近畿,6,2,4,0,0.3333,31.0,47.0,-16.0,2025-04-19,2026-07-15
2605,黒川・古川黎明・迫桜・岩ヶ崎・中新田,984.43,1000.0,-1.84,山形,東北,2,0,2,0,0.0,3.0,16.0,-13.0,2026-04-25,2026-04-29
2606,浦和商業,984.42,1000.0,-0.08,埼玉,関東・東京,4,1,3,0,0.25,13.0,32.0,-19.0,2025-04-24,2026-07-10
2607,龍谷(佐賀),984.4,1000.0,0.0,,九州,1,0,1,0,0.0,0.0,7.0,-7.0,2025-04-19,2025-04-19
2608,能代,984.39,1000.0,0.62,岩手,東北,7,3,4,0,0.4286,28.0,42.0,-14.0,2025-05-10,2026-07-10
2609,江戸川学園,984.38,1000.0,-1.03,茨城,関東・東京,6,2,4,0,0.3333,22.0,39.0,-17.0,2025-04-19,2026-07-12
2610,長生,984.38,1000.0,0.63,千葉,関東・東京,6,2,4,0,0.3333,31.0,43.0,-12.0,2025-04-19,2026-07-14
2611,新潟北・碧・村上・中条,984.37,1000.0,-5.27,新潟,北信越,3,1,2,0,0.3333,9.0,39.0,-30.0,2026-04-28,2026-07-15
2612,名取,984.33,1000.0,-1.84,山形,東北,1,0,1,0,0.0,0.0,12.0,-12.0,2026-07-13,2026-07-13
2613,綾瀬西,984.28,1000.0,4.44,神奈川,関東・東京,2,0,2,0,0.0,3.0,11.0,-8.0,2025-07-12,2026-07-07
2614,八百津・瑞浪・東濃・恵那南,984.27,1000.0,-2.62,岐阜,東海,1,0,1,0,0.0,5.0,15.0,-10.0,2026-07-05,2026-07-05
2615,富士見・茅野・箕輪進修,984.26,1000.0,-4.39,長野,北信越,1,0,1,0,0.0,9.0,13.0,-4.0,2025-07-07,2025-07-07
2616,龍谷(佐賀2),984.25,1000.0,0.0,,九州,1,0,1,0,0.0,0.0,6.0,-6.0,2025-10-25,2025-10-25
2617,明豊(大分1),984.24,1000.0,0.0,,九州,1,0,1,0,0.0,3.0,7.0,-4.0,2025-10-25,2025-10-25
2618,大和西,984.23,1000.0,4.44,神奈川,関東・東京,4,1,3,0,0.25,24.0,30.0,-6.0,2025-04-05,2026-07-10
2619,サレジオ学院,984.22,1000.0,4.44,神奈川,関東・東京,2,0,2,0,0.0,12.0,21.0,-9.0,2025-07-11,2026-07-10
2620,蘇南･田川･梓川･明科･南安曇農業･穂高商業･池田工業,984.22,1000.0,-4.39,長野,北信越,1,0,1,0,0.0,4.0,8.0,-4.0,2026-07-06,2026-07-06
2621,名寄,984.2,1000.0,-9.79,北海道,北海道,8,4,4,0,0.5,48.0,74.0,-26.0,2025-05-26,2026-06-28
2622,清水西・川根,984.2,1000.0,-1.42,静岡,東海,2,0,2,0,0.0,0.0,16.0,-16.0,2025-04-19,2026-03-20
2623,誠英,984.19,1000.0,-1.06,山口,中国,7,3,4,0,0.4286,27.0,33.0,-6.0,2025-04-13,2026-07-13
2624,大和青藍,984.19,1000.0,2.09,福岡,九州,6,2,4,0,0.3333,21.0,35.0,-14.0,2025-03-23,2026-07-11
2625,御船・矢部・甲佐・湧心館・松橋・八代農業,984.19,1000.0,-4.28,熊本,九州,1,0,1,0,0.0,4.0,11.0,-7.0,2025-03-22,2025-03-22
2626,不破・飛騨神岡・郡上北,984.19,1000.0,-2.62,岐阜,東海,1,0,1,0,0.0,1.0,19.0,-18.0,2025-07-06,2025-07-06
2627,開智,984.16,1000.0,-0.08,埼玉,関東・東京,6,2,4,0,0.3333,23.0,33.0,-10.0,2025-04-24,2026-07-12
2628,宇都宮東,984.16,1000.0,-2.36,栃木,関東・東京,7,3,4,0,0.4286,29.0,57.0,-28.0,2025-04-12,2026-07-19
2629,防府西,984.14,1000.0,-1.06,山口,中国,7,3,4,0,0.4286,27.0,46.0,-19.0,2025-04-12,2026-07-13
2630,十日町総合・塩沢商工,984.12,1000.0,-5.27,新潟,北信越,3,1,2,0,0.3333,10.0,35.0,-25.0,2025-07-10,2026-05-02
2631,宇部西,984.12,1000.0,-1.06,山口,中国,3,1,2,0,0.3333,4.0,14.0,-10.0,2025-04-12,2025-07-13
2632,三潴,984.12,1000.0,2.09,福岡,九州,6,2,4,0,0.3333,35.0,33.0,2.0,2025-03-24,2026-07-10
2633,瑞浪,984.11,1000.0,-2.62,岐阜,東海,1,0,1,0,0.0,0.0,26.0,-26.0,2025-07-06,2025-07-06
2634,伊勢原,984.1,1000.0,4.44,神奈川,関東・東京,2,0,2,0,0.0,14.0,22.0,-8.0,2025-07-09,2026-07-08
2635,東濃・恵那南・山県・羽島,984.08,1000.0,-2.62,岐阜,東海,1,0,1,0,0.0,0.0,18.0,-18.0,2025-07-12,2025-07-12
2636,出石・生野,984.08,1000.0,0.49,兵庫,近畿,2,0,2,0,0.0,9.0,14.0,-5.0,2025-04-19,2025-07-05
2637,桂,984.05,1000.0,2.25,京都,近畿,6,2,4,0,0.3333,15.0,19.0,-4.0,2025-04-19,2026-07-07
2638,いわき総合・磐城農業・いわき商業情報,984.04,1000.0,-1.38,福島,東北,2,0,2,0,0.0,3.0,16.0,-13.0,2026-04-24,2026-04-28
2639,大曲農業,984.03,1000.0,0.62,岩手,東北,6,2,4,0,0.3333,29.0,36.0,-7.0,2025-05-12,2026-07-13
2640,別府鶴見丘,984.01,1000.0,2.65,大分,九州,6,2,4,0,0.3333,24.0,28.0,-4.0,2025-03-28,2026-07-10
2641,坂出工,984.01,1000.0,-4.3,徳島,四国,1,0,1,0,0.0,0.0,9.0,-9.0,2026-03-24,2026-03-24
2642,東住吉,983.98,1000.0,8.38,大阪,近畿,6,2,4,0,0.3333,22.0,51.0,-29.0,2025-04-19,2026-07-18
2643,掛川工,983.94,1000.0,-1.42,静岡,東海,2,0,2,0,0.0,3.0,19.0,-16.0,2025-04-19,2026-03-20
2644,市立銚子,983.94,1000.0,0.63,千葉,関東・東京,6,2,4,0,0.3333,21.0,29.0,-8.0,2025-04-19,2026-07-09
2645,北星大付,983.93,1000.0,-9.79,北海道,北海道,1,0,1,0,0.0,3.0,4.0,-1.0,2025-07-10,2025-07-10
2646,秩父,983.89,1000.0,-0.08,埼玉,関東・東京,5,1,4,0,0.2,30.0,31.0,-1.0,2025-04-24,2026-07-12
2647,中大横浜,983.84,1000.0,4.44,神奈川,関東・東京,6,2,4,0,0.3333,35.0,47.0,-12.0,2025-04-05,2026-07-09
2648,狭山・藤井寺工科,983.84,1000.0,8.38,大阪,近畿,2,0,2,0,0.0,5.0,22.0,-17.0,2026-04-11,2026-07-12
2649,田方農,983.83,1000.0,-1.42,静岡,東海,2,0,2,0,0.0,1.0,12.0,-11.0,2025-04-19,2026-03-20
2650,愛知総合工科,983.82,1000.0,2.72,愛知,東海,10,4,6,0,0.4,46.0,59.0,-13.0,2025-04-12,2026-07-04
2651,猪名川・西宮甲山,983.8,1000.0,0.49,兵庫,近畿,2,0,2,0,0.0,6.0,16.0,-10.0,2026-03-26,2026-07-10
2652,津山工,983.79,1000.0,-7.46,鳥取,中国,3,1,2,0,0.3333,7.0,17.0,-10.0,2025-04-26,2026-04-12
2653,南筑,983.76,1000.0,2.09,福岡,九州,4,1,3,0,0.25,14.0,21.0,-7.0,2025-03-20,2026-03-21
2654,小鹿野,983.75,1000.0,-0.08,埼玉,関東・東京,2,0,2,0,0.0,7.0,27.0,-20.0,2025-04-24,2025-07-13
2655,気仙沼向洋・南三陸・宮城水産,983.73,1000.0,-1.84,山形,東北,2,0,2,0,0.0,5.0,14.0,-9.0,2026-04-25,2026-04-29
2656,酒田東・酒田西,983.72,1000.0,-6.25,秋田,東北,1,0,1,0,0.0,3.0,6.0,-3.0,2025-05-09,2025-05-09
2657,石田・飯山,983.71,1000.0,-4.3,徳島,四国,1,0,1,0,0.0,1.0,11.0,-10.0,2025-07-12,2025-07-12
2658,牧野,983.69,1000.0,8.38,大阪,近畿,5,1,4,0,0.2,10.0,21.0,-11.0,2025-04-12,2026-07-12
2659,津島,983.66,1000.0,2.72,愛知,東海,10,4,6,0,0.4,57.0,77.0,-20.0,2025-04-12,2026-06-28
2660,布施工科,983.65,1000.0,8.38,大阪,近畿,2,0,2,0,0.0,1.0,20.0,-19.0,2025-04-06,2025-07-06
2661,加古川南,983.65,1000.0,0.49,兵庫,近畿,6,2,4,0,0.3333,21.0,28.0,-7.0,2025-04-19,2026-07-09
2662,翠星,983.64,1000.0,6.19,石川,北信越,4,1,3,0,0.25,10.0,44.0,-34.0,2025-04-20,2026-07-11
2663,豊田,983.63,1000.0,2.72,愛知,東海,9,3,6,0,0.3333,34.0,48.0,-14.0,2025-04-12,2026-07-11
2664,高岡,983.63,1000.0,-10.7,富山,北信越,7,3,4,0,0.4286,24.0,32.0,-8.0,2025-04-20,2026-07-18
2665,富士,983.62,1000.0,-1.42,静岡,東海,16,8,8,0,0.5,62.0,90.0,-28.0,2025-04-19,2026-07-12
2666,柏崎常盤･総合,983.62,1000.0,-5.27,新潟,北信越,1,0,1,0,0.0,2.0,14.0,-12.0,2026-07-10,2026-07-10
2667,石田・坂出・飯山,983.59,1000.0,-4.3,徳島,四国,1,0,1,0,0.0,1.0,9.0,-8.0,2026-03-20,2026-03-20
2668,新庄神室,983.59,1000.0,-6.25,秋田,東北,1,0,1,0,0.0,0.0,4.0,-4.0,2025-05-16,2025-05-16
2669,慶風,983.58,1000.0,0.99,和歌山,近畿,6,2,4,0,0.3333,25.0,31.0,-6.0,2025-04-14,2026-07-23
2670,犬山,983.55,1000.0,2.72,愛知,東海,10,4,6,0,0.4,31.0,57.0,-26.0,2025-04-12,2026-07-18
2671,西舞鶴,983.55,1000.0,2.25,京都,近畿,6,2,4,0,0.3333,25.0,40.0,-15.0,2025-04-20,2026-07-13
2672,飯野・高城・福島,983.54,1000.0,-7.87,宮崎,九州,1,0,1,0,0.0,6.0,7.0,-1.0,2026-03-21,2026-03-21
2673,愛大附・松山西,983.53,1000.0,-7.48,愛媛,四国,1,0,1,0,0.0,1.0,3.0,-2.0,2026-03-20,2026-03-20
2674,相可,983.51,1000.0,-4.97,三重,東海,11,5,6,0,0.4545,44.0,59.0,-15.0,2025-04-12,2026-07-08
2675,与野,983.47,1000.0,-0.08,埼玉,関東・東京,6,2,4,0,0.3333,19.0,33.0,-14.0,2025-04-24,2026-07-15
2676,日吉ケ丘,983.45,1000.0,2.25,京都,近畿,6,2,4,0,0.3333,38.0,45.0,-7.0,2025-04-19,2026-07-08
2677,大東・金ケ崎,983.45,1000.0,3.8,宮城,東北,4,1,3,0,0.25,13.0,37.0,-24.0,2025-05-16,2025-07-11
2678,羽島・山県,983.43,1000.0,-2.62,岐阜,東海,1,0,1,0,0.0,0.0,10.0,-10.0,2026-07-11,2026-07-11
2679,不破・山県・羽島,983.42,1000.0,-2.62,岐阜,東海,2,0,2,0,0.0,3.0,17.0,-14.0,2025-04-12,2025-04-12
2680,鹿児島水産,983.41,1000.0,1.49,鹿児島,九州,6,2,4,0,0.3333,28.0,29.0,-1.0,2025-03-21,2026-07-07
2681,天草拓心・牛深,983.4,1000.0,-4.28,熊本,九州,1,0,1,0,0.0,0.0,11.0,-11.0,2026-07-09,2026-07-09
2682,三沢,983.37,1000.0,4.16,青森,東北,6,2,4,0,0.3333,18.0,38.0,-20.0,2025-05-10,2026-07-08
2683,橘学苑,983.34,1000.0,4.44,神奈川,関東・東京,2,0,2,0,0.0,8.0,19.0,-11.0,2025-07-13,2026-07-07
2684,中村,983.33,1000.0,3.76,高知,四国,16,6,10,0,0.375,51.0,58.0,-7.0,2025-03-20,2026-07-18
2685,不破,983.33,1000.0,-2.62,岐阜,東海,1,0,1,0,0.0,0.0,24.0,-24.0,2026-07-11,2026-07-11
2686,宮古商工,983.33,1000.0,3.8,宮城,東北,10,4,6,0,0.4,45.0,63.0,-18.0,2025-05-16,2026-07-11
2687,仙台,983.32,1000.0,-1.84,山形,東北,9,3,6,0,0.3333,39.0,68.0,-29.0,2025-05-16,2026-07-15
2688,瀬戸工科・瀬戸北総合,983.32,1000.0,2.72,愛知,東海,2,0,2,0,0.0,0.0,28.0,-28.0,2025-04-12,2026-07-05
2689,吉田・野村,983.3,1000.0,-7.48,愛媛,四国,1,0,1,0,0.0,2.0,3.0,-1.0,2026-07-12,2026-07-12
2690,上天草,983.3,1000.0,-4.28,熊本,九州,1,0,1,0,0.0,0.0,21.0,-21.0,2026-07-10,2026-07-10
2691,中央,983.29,1000.0,-1.03,茨城,関東・東京,6,2,4,0,0.3333,35.0,30.0,5.0,2025-04-19,2026-07-11
2692,桜和,983.28,1000.0,8.38,大阪,近畿,2,0,2,0,0.0,1.0,22.0,-21.0,2025-04-06,2026-07-11
2693,小高産技・原町・相農,983.27,1000.0,-1.38,福島,東北,2,0,2,0,0.0,5.0,22.0,-17.0,2025-05-16,2025-05-16
2694,長岡農・正徳館・栃尾・見附・分水・三条商,983.25,1000.0,-5.27,新潟,北信越,1,0,1,0,0.0,1.0,9.0,-8.0,2026-04-25,2026-04-25
2695,大教大池田,983.24,1000.0,8.38,大阪,近畿,5,1,4,0,0.2,37.0,24.0,13.0,2025-04-19,2026-07-04
2696,百合丘,983.23,1000.0,4.44,神奈川,関東・東京,4,1,3,0,0.25,8.0,21.0,-13.0,2025-07-10,2026-07-07
2697,寺井,983.23,1000.0,6.19,石川,北信越,6,2,4,0,0.3333,22.0,41.0,-19.0,2025-04-20,2026-07-12
2698,いわき総合・小名浜海星平商業・福島高専,983.22,1000.0,-1.38,福島,東北,2,0,2,0,0.0,1.0,21.0,-20.0,2025-05-16,2025-05-16
2699,袋井商業,983.22,1000.0,-1.42,静岡,東海,3,1,2,0,0.3333,5.0,21.0,-16.0,2025-07-06,2026-07-05
2700,天草工業,983.2,1000.0,-4.28,熊本,九州,7,3,4,0,0.4286,34.0,36.0,-2.0,2025-03-23,2026-07-12
2701,三次青陵,983.15,1000.0,-6.32,島根,中国,1,0,1,0,0.0,0.0,31.0,-31.0,2026-07-06,2026-07-06
2702,鳥栖商,983.15,1000.0,-9.64,佐賀,九州,3,1,2,0,0.3333,10.0,8.0,2.0,2025-07-11,2026-07-18
2703,能登・穴水,983.13,1000.0,6.19,石川,北信越,2,0,2,0,0.0,3.0,14.0,-11.0,2026-04-18,2026-07-09
2704,丸の内,983.13,1000.0,3.76,高知,四国,4,1,3,0,0.25,10.0,21.0,-11.0,2025-03-20,2026-07-19
2705,鹿本商工・菊池農,983.11,1000.0,-4.28,熊本,九州,1,0,1,0,0.0,3.0,12.0,-9.0,2025-07-09,2025-07-09
2706,大谷,983.11,1000.0,2.25,京都,近畿,6,2,4,0,0.3333,15.0,33.0,-18.0,2025-04-20,2026-07-16
2707,高松北,983.1,1000.0,-4.3,徳島,四国,7,3,4,0,0.4286,33.0,39.0,-6.0,2025-03-22,2026-07-19
2708,水島工業,983.03,1000.0,-7.46,鳥取,中国,3,1,2,0,0.3333,15.0,18.0,-3.0,2025-07-16,2026-07-12
2709,柏崎常盤・柏崎総合・高田商・新井・糸魚川白嶺,983.01,1000.0,-5.27,新潟,北信越,1,0,1,0,0.0,0.0,10.0,-10.0,2026-04-25,2026-04-25
2710,3校連合,982.99,1000.0,-1.84,山形,東北,2,0,2,0,0.0,2.0,33.0,-31.0,2025-04-24,2025-05-16
2711,青森東,982.98,1000.0,4.16,青森,東北,2,0,2,0,0.0,6.0,13.0,-7.0,2025-05-10,2025-07-12
2712,紋別,982.98,1000.0,-9.79,北海道,北海道,8,3,5,0,0.375,22.0,29.0,-7.0,2025-05-26,2026-07-12
2713,新潟東・新潟向陽・新津南・新発田商・加茂,982.96,1000.0,-5.27,新潟,北信越,1,0,1,0,0.0,0.0,8.0,-8.0,2025-04-27,2025-04-27
2714,坂出,982.96,1000.0,-4.3,徳島,四国,5,2,3,0,0.4,26.0,26.0,0.0,2025-03-23,2026-07-11
2715,磐城農業,982.95,1000.0,-1.38,福島,東北,2,0,2,0,0.0,8.0,32.0,-24.0,2025-05-16,2025-05-16
2716,佐賀工業,982.94,1000.0,-9.64,佐賀,九州,3,1,2,0,0.3333,12.0,16.0,-4.0,2025-03-21,2026-03-22
2717,八代清流・矢部・湧心館・八代農業,982.94,1000.0,-4.28,熊本,九州,1,0,1,0,0.0,0.0,12.0,-12.0,2026-03-20,2026-03-20
2718,関東六浦,982.91,1000.0,4.44,神奈川,関東・東京,2,0,2,0,0.0,8.0,20.0,-12.0,2026-04-04,2026-07-07
2719,小倉商,982.87,1000.0,2.09,福岡,九州,2,0,2,0,0.0,3.0,11.0,-8.0,2025-03-25,2026-03-27
2720,釜石商工,982.85,1000.0,3.8,宮城,東北,9,3,6,0,0.3333,56.0,44.0,12.0,2025-05-16,2026-07-15
2721,吹田,982.84,1000.0,8.38,大阪,近畿,5,1,4,0,0.2,24.0,30.0,-6.0,2025-04-05,2026-07-17
2722,気仙沼向洋・南三陸・石巻北・宮城水産,982.83,1000.0,-1.84,山形,東北,2,0,2,0,0.0,8.0,25.0,-17.0,2025-05-16,2025-05-16
2723,二本松実,982.82,1000.0,-1.38,福島,東北,4,1,3,0,0.25,14.0,23.0,-9.0,2025-07-13,2026-07-10
2724,唐津商(佐賀1),982.79,1000.0,0.0,,九州,1,0,1,0,0.0,2.0,9.0,-7.0,2025-10-26,2025-10-26
2725,呉工,982.75,1000.0,-6.32,島根,中国,1,0,1,0,0.0,1.0,9.0,-8.0,2026-07-07,2026-07-07
2726,見附・三条商・分水,982.74,1000.0,-5.27,新潟,北信越,1,0,1,0,0.0,1.0,9.0,-8.0,2026-07-11,2026-07-11
2727,拝島,982.73,1000.0,2.37,東京,関東・東京,6,2,4,0,0.3333,24.0,42.0,-18.0,2025-04-04,2026-07-11
2728,金沢西,982.66,1000.0,6.19,石川,北信越,6,2,4,0,0.3333,20.0,43.0,-23.0,2025-04-26,2026-07-12
2729,桃山,982.64,1000.0,2.25,京都,近畿,6,2,4,0,0.3333,24.0,34.0,-10.0,2025-04-20,2026-07-15
2730,長岡農・正徳館・栃尾・分水・三条商,982.62,1000.0,-5.27,新潟,北信越,1,0,1,0,0.0,0.0,7.0,-7.0,2025-07-12,2025-07-12
2731,御船・矢部・甲佐・湧心館・八代農,982.57,1000.0,-4.28,熊本,九州,1,0,1,0,0.0,0.0,10.0,-10.0,2025-07-07,2025-07-07
2732,長岡農・正徳館・栃尾・分水・三条商・塩沢商工・十日町総合,982.56,1000.0,-5.27,新潟,北信越,1,0,1,0,0.0,1.0,11.0,-10.0,2025-04-27,2025-04-27
2733,静岡農,982.55,1000.0,-1.42,静岡,東海,2,0,2,0,0.0,6.0,23.0,-17.0,2025-04-19,2026-03-21
2734,光丘,982.55,1000.0,2.37,東京,関東・東京,2,0,2,0,0.0,2.0,16.0,-14.0,2025-04-04,2025-07-10
2735,咲くやこの花,982.51,1000.0,8.38,大阪,近畿,4,1,3,0,0.25,12.0,49.0,-37.0,2025-04-05,2026-07-15
2736,小野田工業,982.5,1000.0,-1.06,山口,中国,2,0,2,0,0.0,9.0,11.0,-2.0,2025-04-12,2026-04-12
2737,能登,982.5,1000.0,6.19,石川,北信越,2,0,2,0,0.0,3.0,17.0,-14.0,2025-04-19,2025-07-13
2738,長井・南陽,982.49,1000.0,-6.25,秋田,東北,1,0,1,0,0.0,1.0,7.0,-6.0,2025-05-12,2025-05-12
2739,相馬農業,982.49,1000.0,-1.38,福島,東北,2,0,2,0,0.0,0.0,32.0,-32.0,2026-04-25,2026-04-26
2740,交野,982.48,1000.0,8.38,大阪,近畿,5,1,4,0,0.2,22.0,29.0,-7.0,2025-04-06,2026-07-14
2741,各務原,982.47,1000.0,-2.62,岐阜,東海,10,4,6,0,0.4,36.0,46.0,-10.0,2025-04-12,2026-07-19
2742,中野立志館,982.46,1000.0,-4.39,長野,北信越,1,0,1,0,0.0,0.0,26.0,-26.0,2025-07-08,2025-07-08
2743,唐津工,982.46,1000.0,-9.64,佐賀,九州,3,1,2,0,0.3333,21.0,18.0,3.0,2025-07-11,2026-07-15
2744,青森商業,982.46,1000.0,4.16,青森,東北,5,1,4,0,0.2,6.0,14.0,-8.0,2025-05-11,2026-07-15
2745,中野立志館･北部･松代,982.43,1000.0,-4.39,長野,北信越,1,0,1,0,0.0,1.0,11.0,-10.0,2026-07-07,2026-07-07
2746,新潟東・新潟向陽・新発田商,982.41,1000.0,-5.27,新潟,北信越,1,0,1,0,0.0,6.0,13.0,-7.0,2026-04-26,2026-04-26
2747,佐渡,982.4,1000.0,-5.27,新潟,北信越,7,3,4,0,0.4286,30.0,56.0,-26.0,2025-04-26,2026-07-18
2748,茅ケ崎西浜,982.39,1000.0,4.44,神奈川,関東・東京,2,0,2,0,0.0,7.0,17.0,-10.0,2025-07-11,2026-07-11
2749,寒川,982.39,1000.0,-4.3,徳島,四国,3,1,2,0,0.3333,10.0,20.0,-10.0,2025-07-13,2026-03-28
2750,札幌藻岩,982.38,1000.0,-9.79,北海道,北海道,8,4,4,0,0.5,48.0,50.0,-2.0,2025-05-26,2026-06-24
2751,湘南学園,982.34,1000.0,4.44,神奈川,関東・東京,4,1,3,0,0.25,26.0,41.0,-15.0,2025-07-10,2026-07-11
2752,英心,982.33,1000.0,-4.97,三重,東海,1,0,1,0,0.0,0.0,34.0,-34.0,2025-07-07,2025-07-07
2753,美方,982.32,1000.0,1.72,福井,北信越,6,2,4,0,0.3333,18.0,29.0,-11.0,2025-04-20,2026-07-11
2754,直方,982.31,1000.0,2.09,福岡,九州,7,3,4,0,0.4286,18.0,48.0,-30.0,2025-03-21,2026-07-08
2755,浦和西,982.3,1000.0,-0.08,埼玉,関東・東京,6,2,4,0,0.3333,27.0,50.0,-23.0,2025-04-24,2026-07-10
2756,春日井西,982.28,1000.0,2.72,愛知,東海,6,2,4,0,0.3333,31.0,54.0,-23.0,2025-06-28,2026-07-07
2757,小津,982.27,1000.0,3.76,高知,四国,5,1,4,0,0.2,15.0,21.0,-6.0,2025-03-21,2026-07-18
2758,新居浜南,982.24,1000.0,-7.48,愛媛,四国,7,3,4,0,0.4286,30.0,36.0,-6.0,2025-03-23,2026-07-15
2759,正則,982.23,1000.0,2.37,東京,関東・東京,6,2,4,0,0.3333,23.0,47.0,-24.0,2025-04-05,2026-07-14
2760,足立新田,982.23,1000.0,2.37,東京,関東・東京,5,1,4,0,0.2,18.0,22.0,-4.0,2025-04-04,2026-07-13
2761,成美学園,982.19,1000.0,0.63,千葉,関東・東京,4,1,3,0,0.25,18.0,21.0,-3.0,2025-07-10,2026-07-10
2762,富士見･茅野･箕輪進修,982.19,1000.0,-4.39,長野,北信越,1,0,1,0,0.0,0.0,9.0,-9.0,2026-07-06,2026-07-06
2763,白河旭・あぶくま柏鵬・石川,982.18,1000.0,-1.38,福島,東北,2,0,2,0,0.0,0.0,26.0,-26.0,2026-04-25,2026-04-29
2764,北条,982.18,1000.0,0.49,兵庫,近畿,5,1,4,0,0.2,12.0,16.0,-4.0,2025-04-19,2026-07-10
2765,新潟向陽・新津南・新発田商,982.16,1000.0,-5.27,新潟,北信越,1,0,1,0,0.0,2.0,9.0,-7.0,2025-07-10,2025-07-10
2766,青森,982.16,1000.0,4.16,青森,東北,6,2,4,0,0.3333,40.0,61.0,-21.0,2025-05-10,2026-07-09
2767,八幡浜工,982.15,1000.0,-7.48,愛媛,四国,5,2,3,0,0.4,31.0,32.0,-1.0,2025-07-13,2026-07-14
2768,羽水,982.14,1000.0,1.72,福井,北信越,6,2,4,0,0.3333,20.0,26.0,-6.0,2025-04-19,2026-07-19
2769,文教附,982.13,1000.0,-9.79,北海道,北海道,1,0,1,0,0.0,8.0,9.0,-1.0,2026-05-09,2026-05-09
2770,岡崎,982.11,1000.0,2.72,愛知,東海,10,4,6,0,0.4,53.0,68.0,-15.0,2025-04-12,2026-06-28
2771,南会津,982.05,1000.0,-1.38,福島,東北,11,5,6,0,0.4545,31.0,70.0,-39.0,2025-05-16,2026-07-11
2772,富士北稜,982.03,1000.0,-0.05,山梨,関東・東京,6,2,4,0,0.3333,30.0,59.0,-29.0,2025-04-19,2026-07-09
2773,利根実,982.02,1000.0,3.22,群馬,関東・東京,2,0,2,0,0.0,1.0,13.0,-12.0,2025-07-06,2026-07-07
2774,小牧工科,982.0,1000.0,2.72,愛知,東海,10,4,6,0,0.4,55.0,61.0,-6.0,2025-04-12,2026-06-28
2775,高知国際,982.0,1000.0,3.76,高知,四国,6,2,4,0,0.3333,20.0,33.0,-13.0,2025-03-20,2026-07-19
2776,恵那南・瑞浪・東濃,981.98,1000.0,-2.62,岐阜,東海,2,0,2,0,0.0,1.0,19.0,-18.0,2025-04-12,2025-04-12
2777,入間向陽,981.97,1000.0,-0.08,埼玉,関東・東京,6,2,4,0,0.3333,41.0,49.0,-8.0,2025-04-24,2026-07-11
2778,朝明・四日市四郷,981.91,1000.0,-4.97,三重,東海,1,0,1,0,0.0,1.0,11.0,-10.0,2026-07-08,2026-07-08
2779,久慈翔北,981.9,1000.0,3.8,宮城,東北,10,4,6,0,0.4,47.0,76.0,-29.0,2025-05-16,2026-07-15
2780,佐賀東,981.88,1000.0,-9.64,佐賀,九州,7,3,4,0,0.4286,26.0,34.0,-8.0,2025-03-22,2026-07-20
2781,穴水,981.85,1000.0,6.19,石川,北信越,2,0,2,0,0.0,0.0,17.0,-17.0,2025-04-26,2025-07-14
2782,朝霞,981.78,1000.0,-0.08,埼玉,関東・東京,6,2,4,0,0.3333,22.0,34.0,-12.0,2025-04-24,2026-07-11
2783,八潮南,981.74,1000.0,-0.08,埼玉,関東・東京,2,0,2,0,0.0,2.0,12.0,-10.0,2025-04-24,2025-07-10
2784,帯広農,981.72,1000.0,-9.79,北海道,北海道,1,0,1,0,0.0,1.0,7.0,-6.0,2026-07-09,2026-07-09
2785,朝明・石薬師,981.69,1000.0,-4.97,三重,東海,1,0,1,0,0.0,3.0,15.0,-12.0,2025-07-05,2025-07-05
2786,湘南台,981.67,1000.0,4.44,神奈川,関東・東京,2,0,2,0,0.0,5.0,14.0,-9.0,2025-07-09,2026-07-09
2787,学習院,981.67,1000.0,2.37,東京,関東・東京,7,3,4,0,0.4286,36.0,46.0,-10.0,2025-04-04,2026-07-11
2788,千代田・向原,981.67,1000.0,-6.32,島根,中国,1,0,1,0,0.0,0.0,23.0,-23.0,2026-07-10,2026-07-10
2789,保土ケ谷,981.65,1000.0,4.44,神奈川,関東・東京,2,0,2,0,0.0,6.0,28.0,-22.0,2025-07-11,2026-07-11
2790,六ケ所・七戸・野辺地,981.62,1000.0,4.16,青森,東北,2,0,2,0,0.0,2.0,16.0,-14.0,2025-05-09,2025-07-13
2791,八重山農林,981.62,1000.0,1.73,沖縄,九州,2,0,2,0,0.0,1.0,19.0,-18.0,2025-06-15,2026-06-13
2792,あすかぜ,981.62,1000.0,-9.79,北海道,北海道,1,0,1,0,0.0,7.0,8.0,-1.0,2026-05-11,2026-05-11
2793,二本松実業,981.61,1000.0,-1.38,福島,東北,4,1,3,0,0.25,14.0,26.0,-12.0,2025-05-16,2026-05-16
2794,岩見沢農,981.6,1000.0,-9.79,北海道,北海道,1,0,1,0,0.0,0.0,13.0,-13.0,2026-07-09,2026-07-09
2795,福山商・神辺,981.6,1000.0,-6.32,島根,中国,1,0,1,0,0.0,0.0,7.0,-7.0,2025-07-12,2025-07-12
2796,麻溝台,981.6,1000.0,4.44,神奈川,関東・東京,6,2,4,0,0.3333,17.0,35.0,-18.0,2025-04-05,2026-07-10
2797,浜北西,981.59,1000.0,-1.42,静岡,東海,6,2,4,0,0.3333,13.0,38.0,-25.0,2025-04-19,2026-07-04
2798,浜松湖東,981.59,1000.0,-1.42,静岡,東海,4,1,3,0,0.25,7.0,26.0,-19.0,2025-04-19,2026-07-04
2799,伊具・名取,981.57,1000.0,-1.84,山形,東北,2,0,2,0,0.0,2.0,22.0,-20.0,2026-04-22,2026-04-29
2800,長岡農・正徳館・栃尾,981.56,1000.0,-5.27,新潟,北信越,1,0,1,0,0.0,0.0,10.0,-10.0,2026-07-11,2026-07-11
2801,加茂,981.55,1000.0,-2.62,岐阜,東海,13,6,7,0,0.4615,64.0,76.0,-12.0,2025-04-12,2026-07-19
2802,鹿本商工,981.54,1000.0,-4.28,熊本,九州,1,0,1,0,0.0,0.0,10.0,-10.0,2026-07-10,2026-07-10
2803,西条農,981.53,1000.0,-6.32,島根,中国,10,4,6,0,0.4,43.0,40.0,3.0,2025-04-19,2026-07-15
2804,高城・福島,981.53,1000.0,-7.87,宮崎,九州,1,0,1,0,0.0,1.0,7.0,-6.0,2026-07-04,2026-07-04
2805,延岡工業,981.52,1000.0,-7.87,宮崎,九州,6,2,4,0,0.3333,20.0,20.0,0.0,2025-03-24,2026-07-08
2806,広島中等教育,981.52,1000.0,-6.32,島根,中国,5,2,3,0,0.4,26.0,13.0,13.0,2025-07-06,2026-07-07
2807,広島中等,981.52,1000.0,-6.32,島根,中国,2,0,2,0,0.0,9.0,14.0,-5.0,2025-04-19,2025-04-19
2808,若松商,981.51,1000.0,-1.38,福島,東北,2,0,2,0,0.0,7.0,9.0,-2.0,2025-07-11,2026-07-10
2809,藤枝西,981.51,1000.0,-1.42,静岡,東海,6,2,4,0,0.3333,21.0,53.0,-32.0,2025-04-19,2026-07-19
2810,五商,981.5,1000.0,2.37,東京,関東・東京,2,0,2,0,0.0,0.0,33.0,-33.0,2025-04-04,2025-07-05
2811,福崎・夢前・播磨福崎,981.5,1000.0,0.49,兵庫,近畿,2,0,2,0,0.0,3.0,12.0,-9.0,2026-03-30,2026-07-10
2812,津久井,981.48,1000.0,4.44,神奈川,関東・東京,2,0,2,0,0.0,16.0,27.0,-11.0,2025-07-10,2026-07-08
2813,松本美須々ケ丘,981.47,1000.0,-4.39,長野,北信越,6,2,4,0,0.3333,26.0,29.0,-3.0,2025-05-10,2026-07-05
2814,新潟向陽・新発田商,981.46,1000.0,-5.27,新潟,北信越,1,0,1,0,0.0,2.0,9.0,-7.0,2026-07-11,2026-07-11
2815,青森中央・松風塾,981.4,1000.0,4.16,青森,東北,2,0,2,0,0.0,7.0,20.0,-13.0,2025-05-10,2025-07-13
2816,多賀,981.39,1000.0,-1.03,茨城,関東・東京,6,2,4,0,0.3333,39.0,42.0,-3.0,2025-04-19,2026-07-09
2817,帝京八王子,981.39,1000.0,2.37,東京,関東・東京,7,3,4,0,0.4286,29.0,76.0,-47.0,2025-04-04,2026-07-12
2818,八尾翠翔,981.35,1000.0,8.38,大阪,近畿,7,2,5,0,0.2857,39.0,52.0,-13.0,2025-04-06,2026-07-18
2819,八百津・瑞浪・恵那南・羽島・山県・不破,981.34,1000.0,-2.62,岐阜,東海,2,0,2,0,0.0,7.0,29.0,-22.0,2026-03-20,2026-03-21
2820,藤沢西,981.33,1000.0,4.44,神奈川,関東・東京,4,1,3,0,0.25,15.0,25.0,-10.0,2025-04-06,2026-07-10
2821,岡山大安寺,981.33,1000.0,-7.46,鳥取,中国,3,1,2,0,0.3333,11.0,17.0,-6.0,2025-07-15,2026-07-18
2822,東予・東予総合,981.32,1000.0,-7.48,愛媛,四国,1,0,1,0,0.0,0.0,11.0,-11.0,2026-07-14,2026-07-14
2823,田柄,981.29,1000.0,2.37,東京,関東・東京,2,0,2,0,0.0,1.0,53.0,-52.0,2025-04-04,2025-07-10
2824,白根,981.28,1000.0,-0.05,山梨,関東・東京,6,2,4,0,0.3333,32.0,42.0,-10.0,2025-04-20,2026-07-13
2825,西大寺園,981.28,1000.0,-7.46,鳥取,中国,1,0,1,0,0.0,0.0,6.0,-6.0,2025-04-27,2025-04-27
2826,小千谷,981.28,1000.0,-5.27,新潟,北信越,7,3,4,0,0.4286,26.0,36.0,-10.0,2025-04-26,2026-07-09
2827,舞岡,981.26,1000.0,4.44,神奈川,関東・東京,2,0,2,0,0.0,2.0,14.0,-12.0,2025-07-09,2026-07-07
2828,常翔啓光学園,981.23,1000.0,8.38,大阪,近畿,5,1,4,0,0.2,25.0,33.0,-8.0,2025-04-20,2026-07-16
2829,北村山・谷地・天童・上山明新館,981.23,1000.0,-6.25,秋田,東北,1,0,1,0,0.0,0.0,15.0,-15.0,2025-05-10,2025-05-10
2830,吉原工,981.22,1000.0,-1.42,静岡,東海,6,2,4,0,0.3333,10.0,62.0,-52.0,2025-04-19,2026-03-29
2831,生田東,981.21,1000.0,4.44,神奈川,関東・東京,2,0,2,0,0.0,4.0,17.0,-13.0,2025-07-11,2026-07-11
2832,平成,981.2,1000.0,0.62,岩手,東北,2,0,2,0,0.0,12.0,17.0,-5.0,2025-05-13,2025-07-12
2833,宮島工,981.16,1000.0,-6.32,島根,中国,1,0,1,0,0.0,4.0,16.0,-12.0,2026-07-10,2026-07-10
2834,坂出工業,981.15,1000.0,-4.3,徳島,四国,5,2,3,0,0.4,24.0,39.0,-15.0,2025-03-20,2026-07-11
2835,奥越明成,981.12,1000.0,1.72,福井,北信越,2,0,2,0,0.0,3.0,10.0,-7.0,2025-04-19,2025-07-12
2836,庄原実業・向原・三次青陵・千代田・加計,981.12,1000.0,-6.32,島根,中国,2,0,2,0,0.0,3.0,11.0,-8.0,2026-03-21,2026-03-22
2837,桜修館,981.11,1000.0,2.37,東京,関東・東京,4,1,3,0,0.25,22.0,41.0,-19.0,2025-07-11,2026-07-14
2838,松永,981.09,1000.0,-6.32,島根,中国,1,0,1,0,0.0,0.0,10.0,-10.0,2025-07-07,2025-07-07
2839,那覇国際,981.09,1000.0,1.73,沖縄,九州,2,0,2,0,0.0,3.0,12.0,-9.0,2026-03-22,2026-06-28
2840,能代科技,981.03,1000.0,0.62,岩手,東北,2,0,2,0,0.0,8.0,15.0,-7.0,2025-05-13,2025-07-11
2841,西宮甲山,981.02,1000.0,0.49,兵庫,近畿,2,0,2,0,0.0,0.0,14.0,-14.0,2025-04-19,2025-07-12
2842,南平,980.99,1000.0,2.37,東京,関東・東京,6,2,4,0,0.3333,44.0,41.0,3.0,2025-04-04,2026-07-08
2843,戸塚,980.98,1000.0,4.44,神奈川,関東・東京,4,1,3,0,0.25,16.0,34.0,-18.0,2025-04-05,2026-07-07
2844,北村山・谷地・上山明新館,980.95,1000.0,-6.25,秋田,東北,1,0,1,0,0.0,5.0,13.0,-8.0,2025-07-10,2025-07-10
2845,大阪青凌,980.94,1000.0,8.38,大阪,近畿,5,1,4,0,0.2,15.0,24.0,-9.0,2025-04-06,2026-07-16
2846,佐賀工,980.91,1000.0,-9.64,佐賀,九州,3,1,2,0,0.3333,10.0,12.0,-2.0,2025-07-10,2026-07-16
2847,和歌山,980.91,1000.0,0.99,和歌山,近畿,2,0,2,0,0.0,3.0,8.0,-5.0,2025-07-19,2026-07-12
2848,岩見沢農業,980.9,1000.0,-9.79,北海道,北海道,5,2,3,0,0.4,40.0,27.0,13.0,2025-05-26,2026-06-27
2849,花泉,980.9,1000.0,3.8,宮城,東北,10,3,7,0,0.3,28.0,58.0,-30.0,2025-05-16,2026-07-17
2850,三農恵拓,980.88,1000.0,4.16,青森,東北,2,0,2,0,0.0,5.0,18.0,-13.0,2025-05-12,2025-07-13
2851,伊勢工,980.88,1000.0,-4.97,三重,東海,12,5,7,0,0.4167,56.0,55.0,1.0,2025-04-12,2026-07-19
2852,佐倉西,980.86,1000.0,0.63,千葉,関東・東京,2,0,2,0,0.0,17.0,35.0,-18.0,2025-04-19,2025-07-15
2853,高畠・南陽・長井工業・左沢,980.86,1000.0,-6.25,秋田,東北,3,1,2,0,0.3333,14.0,23.0,-9.0,2026-05-09,2026-07-11
2854,下関工科,980.81,1000.0,-1.06,山口,中国,6,2,4,0,0.3333,19.0,30.0,-11.0,2025-04-20,2026-07-18
2855,宇都宮中央,980.8,1000.0,-2.36,栃木,関東・東京,7,3,4,0,0.4286,38.0,57.0,-19.0,2025-04-19,2026-07-11
2856,黒瀬・大柿・のみのお分校・忠海,980.76,1000.0,-6.32,島根,中国,1,0,1,0,0.0,1.0,11.0,-10.0,2026-07-07,2026-07-07
2857,苫小牧工,980.76,1000.0,-9.79,北海道,北海道,1,0,1,0,0.0,0.0,5.0,-5.0,2026-07-10,2026-07-10
2858,西条農・土居,980.75,1000.0,-7.48,愛媛,四国,1,0,1,0,0.0,2.0,10.0,-8.0,2025-03-21,2025-03-21
2859,小松島西,980.75,1000.0,-0.82,香川,四国,6,2,4,0,0.3333,21.0,36.0,-15.0,2025-03-22,2026-07-22
2860,岡山商大附,980.74,1000.0,-7.46,鳥取,中国,6,2,4,0,0.3333,24.0,22.0,2.0,2025-04-27,2026-07-16
2861,ふじみ野,980.73,1000.0,-0.08,埼玉,関東・東京,6,2,4,0,0.3333,28.0,38.0,-10.0,2025-04-24,2026-07-12
2862,会津,980.72,1000.0,-1.38,福島,東北,12,5,7,0,0.4167,65.0,65.0,0.0,2025-05-16,2026-07-10
2863,飯南・尾鷲,980.69,1000.0,-4.97,三重,東海,2,0,2,0,0.0,7.0,20.0,-13.0,2026-03-20,2026-03-21
2864,多可・三木北,980.68,1000.0,0.49,兵庫,近畿,2,0,2,0,0.0,0.0,17.0,-17.0,2025-04-19,2025-07-11
2865,帯広北,980.66,1000.0,-9.79,北海道,北海道,8,3,5,0,0.375,50.0,54.0,-4.0,2025-05-26,2026-07-10
2866,大田原,980.63,1000.0,-2.36,栃木,関東・東京,6,2,4,0,0.3333,32.0,38.0,-6.0,2025-04-13,2026-07-13
2867,飯野,980.59,1000.0,-7.87,宮崎,九州,1,0,1,0,0.0,0.0,27.0,-27.0,2026-07-06,2026-07-06
2868,豊田工科,980.59,1000.0,2.72,愛知,東海,11,4,7,0,0.3636,40.0,53.0,-13.0,2025-04-12,2026-07-04
2869,天童,980.53,1000.0,-6.25,秋田,東北,1,0,1,0,0.0,0.0,16.0,-16.0,2025-07-12,2025-07-12
2870,朝明・四日市四郷・石薬師・南伊勢・鳥羽,980.53,1000.0,-4.97,三重,東海,2,0,2,0,0.0,5.0,15.0,-10.0,2026-03-20,2026-03-21
2871,慶應藤沢,980.51,1000.0,4.44,神奈川,関東・東京,4,1,3,0,0.25,12.0,32.0,-20.0,2025-07-12,2026-07-08
2872,加計,980.5,1000.0,-6.32,島根,中国,1,0,1,0,0.0,0.0,14.0,-14.0,2026-07-10,2026-07-10
2873,横浜桜陽,980.48,1000.0,4.44,神奈川,関東・東京,2,0,2,0,0.0,1.0,16.0,-15.0,2025-07-10,2026-07-07
2874,四日市商,980.46,1000.0,-4.97,三重,東海,10,4,6,0,0.4,47.0,50.0,-3.0,2025-04-12,2026-07-19
2875,薩南工,980.46,1000.0,1.49,鹿児島,九州,2,0,2,0,0.0,5.0,15.0,-10.0,2025-07-12,2026-03-26
2876,香住丘,980.46,1000.0,2.09,福岡,九州,6,2,4,0,0.3333,33.0,31.0,2.0,2025-03-20,2026-07-07
2877,四中工,980.46,1000.0,-4.97,三重,東海,2,0,2,0,0.0,10.0,22.0,-12.0,2025-04-12,2025-04-12
2878,渋川,980.41,1000.0,3.22,群馬,関東・東京,5,1,4,0,0.2,17.0,32.0,-15.0,2025-04-15,2026-07-11
2879,新居浜東,980.4,1000.0,-7.48,愛媛,四国,6,2,4,0,0.3333,20.0,38.0,-18.0,2025-03-20,2026-07-18
2880,岡山芳泉,980.39,1000.0,-7.46,鳥取,中国,3,1,2,0,0.3333,11.0,22.0,-11.0,2025-07-15,2026-07-16
2881,東総工業,980.38,1000.0,0.63,千葉,関東・東京,6,2,4,0,0.3333,27.0,32.0,-5.0,2025-04-19,2026-07-11
2882,佐渡総合,980.38,1000.0,-5.27,新潟,北信越,7,3,4,0,0.4286,44.0,67.0,-23.0,2025-04-28,2026-07-16
2883,静岡北,980.36,1000.0,-1.42,静岡,東海,5,1,4,0,0.2,13.0,20.0,-7.0,2025-04-19,2026-07-11
2884,今治北大三島・今治南・今治東・東予,980.35,1000.0,-7.48,愛媛,四国,1,0,1,0,0.0,5.0,15.0,-10.0,2025-03-23,2025-03-23
2885,仙台第二,980.34,1000.0,-1.84,山形,東北,10,4,6,0,0.4,45.0,53.0,-8.0,2025-05-16,2026-07-16
2886,千早,980.33,1000.0,2.37,東京,関東・東京,2,0,2,0,0.0,10.0,33.0,-23.0,2025-07-12,2026-07-10
2887,青翔・西和清陵・十津川・奈良南,980.32,1000.0,3.92,奈良,近畿,2,0,2,0,0.0,0.0,24.0,-24.0,2026-04-19,2026-07-14
2888,宝塚東,980.31,1000.0,0.49,兵庫,近畿,5,1,4,0,0.2,15.0,27.0,-12.0,2025-04-19,2026-07-14
2889,飯南,980.3,1000.0,5.45,広島,中国,13,5,8,0,0.3846,45.0,76.0,-31.0,2025-04-12,2026-07-18
2890,岡山県美作,980.29,1000.0,-7.46,鳥取,中国,3,1,2,0,0.3333,8.0,14.0,-6.0,2025-04-26,2026-04-25
2891,今治北大三島・今治東,980.29,1000.0,-7.48,愛媛,四国,1,0,1,0,0.0,2.0,9.0,-7.0,2025-07-20,2025-07-20
2892,塩沢商工,980.27,1000.0,-5.27,新潟,北信越,1,0,1,0,0.0,0.0,13.0,-13.0,2026-07-11,2026-07-11
2893,高鍋農業・宮崎海洋・高千穂,980.26,1000.0,-7.87,宮崎,九州,1,0,1,0,0.0,4.0,11.0,-7.0,2026-03-20,2026-03-20
2894,鹿本商工・鹿本,980.26,1000.0,-4.28,熊本,九州,3,1,2,0,0.3333,10.0,25.0,-15.0,2025-03-22,2026-03-23
2895,岩国商,980.24,1000.0,-1.06,山口,中国,4,1,3,0,0.25,12.0,18.0,-6.0,2025-04-19,2026-07-12
2896,東洋,980.22,1000.0,2.37,東京,関東・東京,7,3,4,0,0.4286,37.0,47.0,-10.0,2025-04-04,2026-07-12
2897,岡山操山,980.21,1000.0,-7.46,鳥取,中国,3,1,2,0,0.3333,10.0,17.0,-7.0,2025-07-12,2026-07-16
2898,嘉手納,980.21,1000.0,1.73,沖縄,九州,2,0,2,0,0.0,0.0,9.0,-9.0,2025-03-22,2025-06-15
2899,黒瀬・大柿,980.21,1000.0,-6.32,島根,中国,1,0,1,0,0.0,0.0,24.0,-24.0,2025-07-07,2025-07-07
2900,今治南・今治東・今治北大三島,980.2,1000.0,-7.48,愛媛,四国,1,0,1,0,0.0,0.0,10.0,-10.0,2026-03-21,2026-03-21
2901,北科大高,980.2,1000.0,-9.79,北海道,北海道,3,1,2,0,0.3333,9.0,28.0,-19.0,2025-05-26,2026-05-12
2902,小金,980.2,1000.0,0.63,千葉,関東・東京,6,2,4,0,0.3333,22.0,43.0,-21.0,2025-04-19,2026-07-13
2903,上田,980.18,1000.0,-4.39,長野,北信越,5,1,4,0,0.2,25.0,30.0,-5.0,2025-05-10,2026-07-12
2904,狭山経済,980.18,1000.0,-0.08,埼玉,関東・東京,4,1,3,0,0.25,14.0,35.0,-21.0,2025-04-24,2026-07-12
2905,田無工科,980.18,1000.0,2.37,東京,関東・東京,6,2,4,0,0.3333,25.0,58.0,-33.0,2025-04-04,2026-07-13
2906,西和清陵,980.14,1000.0,3.92,奈良,近畿,2,0,2,0,0.0,0.0,26.0,-26.0,2025-04-13,2025-07-19
2907,松戸馬橋,980.13,1000.0,0.63,千葉,関東・東京,4,1,3,0,0.25,11.0,17.0,-6.0,2025-04-19,2026-07-12
2908,足利大附,980.13,1000.0,-2.36,栃木,関東・東京,6,2,4,0,0.3333,27.0,31.0,-4.0,2025-04-14,2026-07-14
2909,竹原・忠海・福山商業,980.11,1000.0,-6.32,島根,中国,2,0,2,0,0.0,5.0,12.0,-7.0,2026-03-21,2026-03-22
2910,鶴見,980.11,1000.0,4.44,神奈川,関東・東京,2,0,2,0,0.0,5.0,21.0,-16.0,2025-07-12,2026-07-11
2911,湯沢翔北,980.11,1000.0,0.62,岩手,東北,6,2,4,0,0.3333,24.0,40.0,-16.0,2025-05-13,2026-07-08
2912,水島工,980.1,1000.0,-7.46,鳥取,中国,2,0,2,0,0.0,8.0,16.0,-8.0,2025-04-26,2026-04-11
2913,鳥羽・四日市四郷・南伊勢,980.09,1000.0,-4.97,三重,東海,2,0,2,0,0.0,2.0,16.0,-14.0,2025-04-12,2025-04-12
2914,佐用,980.08,1000.0,0.49,兵庫,近畿,2,0,2,0,0.0,6.0,25.0,-19.0,2025-04-19,2025-07-12
2915,西条農業・土居,980.07,1000.0,-7.48,愛媛,四国,1,0,1,0,0.0,5.0,12.0,-7.0,2025-07-12,2025-07-12
2916,球磨工業,980.06,1000.0,-4.28,熊本,九州,6,2,4,0,0.3333,28.0,23.0,5.0,2025-03-22,2026-07-12
2917,海陽,980.06,1000.0,2.72,愛知,東海,3,0,3,0,0.0,2.0,47.0,-45.0,2026-03-21,2026-03-24
2918,深川,980.04,1000.0,2.37,東京,関東・東京,4,1,3,0,0.25,6.0,23.0,-17.0,2025-07-10,2026-07-05
2919,浜坂,980.03,1000.0,0.49,兵庫,近畿,2,0,2,0,0.0,3.0,38.0,-35.0,2026-03-27,2026-07-09
2920,宿毛工,980.03,1000.0,3.76,高知,四国,2,0,2,0,0.0,4.0,15.0,-11.0,2025-07-12,2026-07-12
2921,岡崎西,980.02,1000.0,2.72,愛知,東海,9,3,6,0,0.3333,41.0,52.0,-11.0,2025-04-12,2026-07-04
2922,柏,979.99,1000.0,0.63,千葉,関東・東京,4,1,3,0,0.25,15.0,38.0,-23.0,2025-07-11,2026-07-14
2923,上田東,979.95,1000.0,-4.39,長野,北信越,9,4,5,0,0.4444,59.0,86.0,-27.0,2025-05-10,2026-07-05
2924,八幡,979.94,1000.0,-0.81,滋賀,近畿,14,6,8,0,0.4286,62.0,67.0,-5.0,2025-03-24,2026-07-19
2925,三島南,979.92,1000.0,-1.42,静岡,東海,8,3,5,0,0.375,37.0,43.0,-6.0,2025-04-19,2026-07-05
2926,岡山工業,979.9,1000.0,-7.46,鳥取,中国,5,2,3,0,0.4,16.0,19.0,-3.0,2025-04-26,2026-07-11
2927,笠岡工,979.84,1000.0,-7.46,鳥取,中国,2,0,2,0,0.0,8.0,14.0,-6.0,2025-04-26,2026-04-11
2928,津山工業,979.82,1000.0,-7.46,鳥取,中国,3,1,2,0,0.3333,4.0,12.0,-8.0,2025-07-12,2026-07-15
2929,橋本,979.82,1000.0,0.99,和歌山,近畿,6,2,4,0,0.3333,33.0,48.0,-15.0,2025-04-19,2026-07-13
2930,八戸東,979.82,1000.0,4.16,青森,東北,6,2,4,0,0.3333,33.0,47.0,-14.0,2025-05-09,2026-07-08
2931,宮城農業,979.78,1000.0,-1.84,山形,東北,2,0,2,0,0.0,1.0,20.0,-19.0,2025-05-16,2026-05-15
2932,越ヶ谷,979.78,1000.0,-0.08,埼玉,関東・東京,6,2,4,0,0.3333,22.0,35.0,-13.0,2025-04-24,2026-07-12
2933,土浦一,979.77,1000.0,-1.03,茨城,関東・東京,5,1,4,0,0.2,18.0,36.0,-18.0,2025-04-19,2026-07-12
2934,小倉南,979.76,1000.0,2.09,福岡,九州,6,2,4,0,0.3333,26.0,42.0,-16.0,2025-03-20,2026-07-10
2935,川口工業,979.75,1000.0,-0.08,埼玉,関東・東京,7,3,4,0,0.4286,36.0,43.0,-7.0,2025-04-24,2026-07-10
2936,岡山・吉備,979.73,1000.0,-7.46,鳥取,中国,1,0,1,0,0.0,0.0,10.0,-10.0,2025-07-15,2025-07-15
2937,出水工業,979.72,1000.0,1.49,鹿児島,九州,6,2,4,0,0.3333,15.0,30.0,-15.0,2025-03-20,2026-07-11
2938,足柄,979.7,1000.0,4.44,神奈川,関東・東京,2,0,2,0,0.0,0.0,22.0,-22.0,2025-07-12,2026-07-09
2939,魚津工業・大門・中央農・上市,979.68,1000.0,-10.7,富山,北信越,1,0,1,0,0.0,2.0,8.0,-6.0,2026-04-19,2026-04-19
2940,道科学大,979.67,1000.0,-9.79,北海道,北海道,1,0,1,0,0.0,1.0,5.0,-4.0,2026-05-15,2026-05-15
2941,大村,979.66,1000.0,-0.81,長崎,九州,6,2,4,0,0.3333,12.0,21.0,-9.0,2025-03-25,2026-07-18
2942,土居・北条・西条農,979.64,1000.0,-7.48,愛媛,四国,1,0,1,0,0.0,0.0,10.0,-10.0,2026-03-20,2026-03-20
2943,島原,979.64,1000.0,-0.81,長崎,九州,6,2,4,0,0.3333,14.0,37.0,-23.0,2025-03-29,2026-07-08
2944,上三川,979.63,1000.0,-2.36,栃木,関東・東京,6,2,4,0,0.3333,27.0,34.0,-7.0,2025-04-12,2026-07-10
2945,海陽学園,979.62,1000.0,2.72,愛知,東海,2,0,2,0,0.0,0.0,34.0,-34.0,2025-06-29,2026-07-05
2946,帯広工,979.61,1000.0,-9.79,北海道,北海道,1,0,1,0,0.0,3.0,8.0,-5.0,2026-07-08,2026-07-08
2947,江差・奥尻・大農,979.59,1000.0,-9.79,北海道,北海道,1,0,1,0,0.0,2.0,7.0,-5.0,2026-05-11,2026-05-11
2948,済美平成・内子小田・上浮穴,979.57,1000.0,-7.48,愛媛,四国,1,0,1,0,0.0,0.0,10.0,-10.0,2026-03-20,2026-03-20
2949,横浜平沼,979.56,1000.0,4.44,神奈川,関東・東京,2,0,2,0,0.0,5.0,20.0,-15.0,2025-07-10,2026-07-11
2950,尼崎稲園,979.55,1000.0,0.49,兵庫,近畿,4,1,3,0,0.25,13.0,22.0,-9.0,2025-04-19,2026-07-12
2951,江差・奥尻・大野農,979.49,1000.0,-9.79,北海道,北海道,1,0,1,0,0.0,1.0,6.0,-5.0,2026-06-20,2026-06-20
2952,麻布,979.49,1000.0,2.37,東京,関東・東京,6,2,4,0,0.3333,21.0,53.0,-32.0,2025-04-04,2026-07-12
2953,内子小田・上浮穴・済美平成,979.49,1000.0,-7.48,愛媛,四国,1,0,1,0,0.0,0.0,8.0,-8.0,2026-07-12,2026-07-12
2954,瀬戸,979.46,1000.0,2.72,愛知,東海,10,3,7,0,0.3,31.0,51.0,-20.0,2025-04-12,2026-07-18
2955,五所川原農林,979.45,1000.0,4.16,青森,東北,6,2,4,0,0.3333,39.0,60.0,-21.0,2025-05-09,2026-07-13
2956,八戸商業,979.44,1000.0,4.16,青森,東北,2,0,2,0,0.0,6.0,27.0,-21.0,2025-07-15,2026-07-08
2957,東灘,979.44,1000.0,0.49,兵庫,近畿,5,1,4,0,0.2,11.0,27.0,-16.0,2025-04-19,2026-07-13
2958,平工,979.43,1000.0,-1.38,福島,東北,2,0,2,0,0.0,3.0,8.0,-5.0,2025-07-11,2026-07-12
2959,千葉工業,979.43,1000.0,0.63,千葉,関東・東京,7,3,4,0,0.4286,17.0,22.0,-5.0,2025-04-19,2026-07-10
2960,内子小田・上浮穴・済美平成・北条,979.42,1000.0,-7.48,愛媛,四国,1,0,1,0,0.0,0.0,10.0,-10.0,2025-07-12,2025-07-12
2961,三養基,979.41,1000.0,-9.64,佐賀,九州,6,2,4,0,0.3333,32.0,23.0,9.0,2025-03-21,2026-07-16
2962,京葉工業,979.4,1000.0,0.63,千葉,関東・東京,6,2,4,0,0.3333,24.0,54.0,-30.0,2025-04-19,2026-07-13
2963,西・朝・石,979.39,1000.0,-4.97,三重,東海,2,0,2,0,0.0,0.0,25.0,-25.0,2025-04-12,2025-04-12
2964,木更津高専,979.35,1000.0,0.63,千葉,関東・東京,4,1,3,0,0.25,10.0,49.0,-39.0,2025-07-11,2026-07-14
2965,横浜サイエンスフロンティア,979.33,1000.0,4.44,神奈川,関東・東京,2,0,2,0,0.0,4.0,30.0,-26.0,2025-07-09,2026-07-08
2966,大商学園,979.33,1000.0,8.38,大阪,近畿,6,2,4,0,0.3333,11.0,42.0,-31.0,2025-04-06,2026-07-11
2967,檜山北,979.33,1000.0,-9.79,北海道,北海道,7,3,4,0,0.4286,39.0,56.0,-17.0,2025-05-26,2026-06-25
2968,新潟工,979.32,1000.0,-5.27,新潟,北信越,6,2,4,0,0.3333,29.0,40.0,-11.0,2025-04-28,2026-07-18
2969,開成,979.29,1000.0,2.37,東京,関東・東京,7,3,4,0,0.4286,32.0,50.0,-18.0,2025-04-04,2026-07-11
2970,松山西,979.28,1000.0,-7.48,愛媛,四国,5,2,3,0,0.4,21.0,31.0,-10.0,2025-03-21,2026-07-18
2971,名久井農・八戸水産,979.27,1000.0,4.16,青森,東北,2,0,2,0,0.0,3.0,20.0,-17.0,2026-05-11,2026-07-08
2972,勝田工,979.22,1000.0,-1.03,茨城,関東・東京,6,2,4,0,0.3333,25.0,40.0,-15.0,2025-04-19,2026-07-14
2973,十和田工業,979.18,1000.0,4.16,青森,東北,6,2,4,0,0.3333,19.0,36.0,-17.0,2025-05-11,2026-07-14
2974,北杜,979.17,1000.0,-0.05,山梨,関東・東京,6,2,4,0,0.3333,30.0,46.0,-16.0,2025-04-15,2026-07-14
2975,津,979.14,1000.0,-4.97,三重,東海,8,4,4,0,0.5,40.0,65.0,-25.0,2025-04-12,2026-07-12
2976,種子島,979.11,1000.0,1.49,鹿児島,九州,4,1,3,0,0.25,14.0,25.0,-11.0,2025-07-12,2026-07-06
2977,新城,979.11,1000.0,4.44,神奈川,関東・東京,2,0,2,0,0.0,6.0,57.0,-51.0,2025-07-09,2026-07-11
2978,今治南,979.11,1000.0,-7.48,愛媛,四国,1,0,1,0,0.0,0.0,11.0,-11.0,2025-07-12,2025-07-12
2979,甲西,979.1,1000.0,-0.81,滋賀,近畿,6,2,4,0,0.3333,29.0,50.0,-21.0,2025-04-19,2026-07-18
2980,若松・鞍手竜徳,979.1,1000.0,2.09,福岡,九州,2,0,2,0,0.0,6.0,16.0,-10.0,2026-03-20,2026-07-07
2981,出雲工業,979.09,1000.0,5.45,広島,中国,5,1,4,0,0.2,16.0,27.0,-11.0,2025-04-19,2026-07-15
2982,宝塚西,979.09,1000.0,0.49,兵庫,近畿,5,1,4,0,0.2,12.0,20.0,-8.0,2025-04-19,2026-07-12
2983,倉敷天城,979.08,1000.0,-7.46,鳥取,中国,3,1,2,0,0.3333,7.0,14.0,-7.0,2025-07-13,2026-07-11
2984,秦野曽屋,979.06,1000.0,4.44,神奈川,関東・東京,2,0,2,0,0.0,0.0,33.0,-33.0,2025-07-10,2026-07-08
2985,三島北,979.06,1000.0,-1.42,静岡,東海,8,3,5,0,0.375,31.0,47.0,-16.0,2025-04-19,2026-07-11
2986,新潟南,979.05,1000.0,-5.27,新潟,北信越,6,2,4,0,0.3333,32.0,44.0,-12.0,2025-04-28,2026-07-18
2987,安芸南,979.04,1000.0,-6.32,島根,中国,10,4,6,0,0.4,64.0,62.0,2.0,2025-04-19,2026-07-07
2988,東金,979.04,1000.0,0.63,千葉,関東・東京,4,1,3,0,0.25,15.0,45.0,-30.0,2025-07-11,2026-07-13
2989,下関西,979.03,1000.0,-1.06,山口,中国,6,2,4,0,0.3333,20.0,39.0,-19.0,2025-04-12,2026-07-21
2990,武生,979.02,1000.0,1.72,福井,北信越,6,2,4,0,0.3333,23.0,41.0,-18.0,2025-04-19,2026-07-12
2991,彦根翔西館,979.01,1000.0,-0.81,滋賀,近畿,6,2,4,0,0.3333,25.0,37.0,-12.0,2025-04-20,2026-07-10
2992,秩父農工科学,979.0,1000.0,-0.08,埼玉,関東・東京,2,0,2,0,0.0,3.0,25.0,-22.0,2026-04-12,2026-07-10
2993,大和東・相模向陽館,978.96,1000.0,4.44,神奈川,関東・東京,2,0,2,0,0.0,1.0,26.0,-25.0,2025-07-12,2026-07-10
2994,那覇工業・陽明・開邦・南部農林,978.95,1000.0,1.73,沖縄,九州,2,0,2,0,0.0,2.0,14.0,-12.0,2026-03-21,2026-06-21
2995,福井農林,978.93,1000.0,1.72,福井,北信越,2,0,2,0,0.0,5.0,18.0,-13.0,2025-04-20,2025-07-12
2996,小諸,978.93,1000.0,-4.39,長野,北信越,2,0,2,0,0.0,8.0,20.0,-12.0,2025-05-10,2025-07-06
2997,島田商,978.92,1000.0,-1.42,静岡,東海,3,0,3,0,0.0,5.0,16.0,-11.0,2025-04-19,2026-07-19
2998,吉川・三木北・多可,978.9,1000.0,0.49,兵庫,近畿,2,0,2,0,0.0,4.0,24.0,-20.0,2026-03-29,2026-07-10
2999,邑久・瀬戸,978.89,1000.0,-7.46,鳥取,中国,1,0,1,0,0.0,1.0,13.0,-12.0,2026-07-14,2026-07-14
3000,平舘,978.89,1000.0,3.8,宮城,東北,3,0,3,0,0.0,0.0,24.0,-24.0,2025-05-16,2025-07-10
3001,三井,978.88,1000.0,2.09,福岡,九州,6,2,4,0,0.3333,20.0,33.0,-13.0,2025-03-20,2026-07-09
3002,市川崎,978.88,1000.0,4.44,神奈川,関東・東京,2,0,2,0,0.0,2.0,30.0,-28.0,2025-07-09,2026-07-08
3003,桶川,978.87,1000.0,-0.08,埼玉,関東・東京,6,2,4,0,0.3333,24.0,50.0,-26.0,2025-04-24,2026-07-11
3004,今治工,978.8,1000.0,-7.48,愛媛,四国,6,2,4,0,0.3333,28.0,26.0,2.0,2025-03-20,2026-07-16
3005,未来創造,978.78,1000.0,-9.79,北海道,北海道,1,0,1,0,0.0,0.0,11.0,-11.0,2026-05-14,2026-05-14
3006,北桑田,978.77,1000.0,2.25,京都,近畿,6,2,4,0,0.3333,22.0,47.0,-25.0,2025-04-19,2026-07-10
3007,陽明,978.76,1000.0,1.73,沖縄,九州,2,0,2,0,0.0,0.0,12.0,-12.0,2025-03-22,2025-06-22
3008,千城台,978.76,1000.0,0.63,千葉,関東・東京,5,1,4,0,0.2,18.0,31.0,-13.0,2025-04-19,2026-07-11
3009,薬園台,978.74,1000.0,0.63,千葉,関東・東京,5,1,4,0,0.2,23.0,35.0,-12.0,2025-04-19,2026-07-10
3010,潮陵,978.74,1000.0,-9.79,北海道,北海道,1,0,1,0,0.0,2.0,9.0,-7.0,2026-05-14,2026-05-14
3011,二宮,978.73,1000.0,4.44,神奈川,関東・東京,2,0,2,0,0.0,0.0,43.0,-43.0,2025-07-12,2026-07-08
3012,苫小牧西・富川・えりも,978.72,1000.0,-9.79,北海道,北海道,1,0,1,0,0.0,4.0,11.0,-7.0,2026-06-22,2026-06-22
3013,和歌山南陵,978.7,1000.0,0.99,和歌山,近畿,2,0,2,0,0.0,7.0,24.0,-17.0,2026-04-11,2026-07-13
3014,新宮・新翔,978.68,1000.0,0.99,和歌山,近畿,4,1,3,0,0.25,13.0,25.0,-12.0,2025-07-12,2026-07-21
3015,佐久平総合技術,978.68,1000.0,-4.39,長野,北信越,10,4,6,0,0.4,43.0,49.0,-6.0,2025-05-10,2026-07-11
3016,府中,978.68,1000.0,-6.32,島根,中国,9,3,6,0,0.3333,37.0,51.0,-14.0,2025-04-19,2026-07-11
3017,岐山,978.68,1000.0,-2.62,岐阜,東海,6,2,4,0,0.3333,23.0,22.0,1.0,2025-04-12,2026-07-12
3018,王子総合,978.66,1000.0,2.37,東京,関東・東京,6,2,4,0,0.3333,32.0,55.0,-23.0,2025-04-04,2026-07-15
3019,北条・西条農・土居,978.66,1000.0,-7.48,愛媛,四国,1,0,1,0,0.0,0.0,14.0,-14.0,2026-07-12,2026-07-12
3020,虎姫,978.62,1000.0,-0.81,滋賀,近畿,6,2,4,0,0.3333,19.0,31.0,-12.0,2025-04-26,2026-07-11
3021,五條,978.59,1000.0,3.92,奈良,近畿,5,1,4,0,0.2,21.0,49.0,-28.0,2025-04-12,2026-07-18
3022,中津,978.59,1000.0,-2.62,岐阜,東海,9,3,6,0,0.3333,43.0,32.0,11.0,2025-04-12,2026-07-05
3023,倉吉西,978.59,1000.0,1.62,岡山,中国,2,0,2,0,0.0,0.0,14.0,-14.0,2025-04-20,2025-07-21
3024,八女農業,978.58,1000.0,2.09,福岡,九州,2,0,2,0,0.0,0.0,18.0,-18.0,2025-03-21,2025-07-07
3025,東温,978.57,1000.0,-7.48,愛媛,四国,6,2,4,0,0.3333,22.0,17.0,5.0,2025-03-20,2026-07-16
3026,旭川永嶺,978.53,1000.0,-9.79,北海道,北海道,7,3,4,0,0.4286,33.0,37.0,-4.0,2025-05-26,2026-06-27
3027,船橋啓明,978.53,1000.0,0.63,千葉,関東・東京,7,3,4,0,0.4286,32.0,56.0,-24.0,2025-04-19,2026-07-09
3028,印旛明誠,978.53,1000.0,0.63,千葉,関東・東京,5,1,4,0,0.2,23.0,37.0,-14.0,2025-04-19,2026-07-14
3029,勝田,978.53,1000.0,-1.03,茨城,関東・東京,2,0,2,0,0.0,3.0,21.0,-18.0,2025-04-19,2025-07-06
3030,臼杵,978.47,1000.0,2.65,大分,九州,6,2,4,0,0.3333,21.0,43.0,-22.0,2025-03-28,2026-07-07
3031,倉吉西・倉吉農業・境港総合技術,978.46,1000.0,1.62,岡山,中国,2,0,2,0,0.0,2.0,25.0,-23.0,2026-04-18,2026-07-19
3032,夕陽丘,978.45,1000.0,8.38,大阪,近畿,5,1,4,0,0.2,11.0,28.0,-17.0,2025-04-19,2026-07-11
3033,長崎東,978.38,1000.0,-0.81,長崎,九州,4,1,3,0,0.25,16.0,31.0,-15.0,2025-07-09,2026-07-13
3034,秦野,978.37,1000.0,4.44,神奈川,関東・東京,3,0,3,0,0.0,6.0,11.0,-5.0,2025-07-11,2026-07-07
3035,札幌あすかぜ,978.37,1000.0,-9.79,北海道,北海道,1,0,1,0,0.0,1.0,11.0,-10.0,2026-06-25,2026-06-25
3036,伊勢崎工,978.36,1000.0,3.22,群馬,関東・東京,5,1,4,0,0.2,17.0,43.0,-26.0,2025-04-15,2026-07-11
3037,神島,978.36,1000.0,0.99,和歌山,近畿,6,2,4,0,0.3333,19.0,28.0,-9.0,2025-04-15,2026-07-15
3038,甲府商,978.34,1000.0,-0.05,山梨,関東・東京,5,1,4,0,0.2,50.0,30.0,20.0,2025-04-19,2026-07-15
3039,東翔室工,978.3,1000.0,-9.79,北海道,北海道,1,0,1,0,0.0,2.0,9.0,-7.0,2026-06-22,2026-06-22
3040,天城,978.29,1000.0,-7.46,鳥取,中国,2,0,2,0,0.0,11.0,23.0,-12.0,2025-04-26,2026-04-11
3041,安房拓心,978.27,1000.0,0.63,千葉,関東・東京,6,2,4,0,0.3333,42.0,43.0,-1.0,2025-04-19,2026-07-10
3042,一宮,978.27,1000.0,2.72,愛知,東海,10,4,6,0,0.4,47.0,56.0,-9.0,2025-04-12,2026-07-07
3043,並木学院・五日市,978.23,1000.0,-6.32,島根,中国,6,2,4,0,0.3333,18.0,37.0,-19.0,2025-04-19,2026-04-05
3044,追手前,978.23,1000.0,3.76,高知,四国,3,0,3,0,0.0,17.0,21.0,-4.0,2025-03-21,2026-07-12
3045,相原,978.2,1000.0,4.44,神奈川,関東・東京,2,0,2,0,0.0,7.0,30.0,-23.0,2025-07-11,2026-07-09
3046,上越,978.19,1000.0,-5.27,新潟,北信越,7,3,4,0,0.4286,25.0,38.0,-13.0,2025-04-26,2026-07-15
3047,猶興館,978.15,1000.0,-0.81,長崎,九州,6,2,4,0,0.3333,21.0,44.0,-23.0,2025-03-29,2026-07-07
3048,岡山一宮,978.15,1000.0,-7.46,鳥取,中国,5,2,3,0,0.4,30.0,36.0,-6.0,2025-07-12,2026-07-12
3049,知立,978.09,1000.0,2.72,愛知,東海,9,3,6,0,0.3333,29.0,43.0,-14.0,2025-04-12,2026-07-11
3050,市川工業,978.04,1000.0,0.63,千葉,関東・東京,5,1,4,0,0.2,28.0,52.0,-24.0,2025-04-19,2026-07-10
3051,逗子葉山,978.04,1000.0,4.44,神奈川,関東・東京,2,0,2,0,0.0,3.0,25.0,-22.0,2025-07-11,2026-07-07
3052,南砺福野,978.04,1000.0,-10.7,富山,北信越,7,3,4,0,0.4286,21.0,39.0,-18.0,2025-04-26,2026-07-12
3053,佐沼,978.01,1000.0,-1.84,山形,東北,7,2,5,0,0.2857,27.0,35.0,-8.0,2025-05-16,2026-07-13
3054,船橋芝山,977.97,1000.0,0.63,千葉,関東・東京,6,2,4,0,0.3333,19.0,46.0,-27.0,2025-04-19,2026-07-09
3055,那珂,977.96,1000.0,-1.03,茨城,関東・東京,2,0,2,0,0.0,8.0,21.0,-13.0,2025-07-06,2026-07-05
3056,所沢中央,977.95,1000.0,-0.08,埼玉,関東・東京,6,2,4,0,0.3333,30.0,43.0,-13.0,2025-04-24,2026-07-09
3057,昭和一,977.94,1000.0,2.37,東京,関東・東京,5,1,4,0,0.2,23.0,31.0,-8.0,2025-04-04,2026-07-11
3058,築豊,977.94,1000.0,2.09,福岡,九州,2,0,2,0,0.0,1.0,29.0,-28.0,2025-03-20,2026-03-22
3059,明石城西,977.93,1000.0,0.49,兵庫,近畿,5,1,4,0,0.2,16.0,31.0,-15.0,2025-04-19,2026-07-09
3060,豊明,977.93,1000.0,2.72,愛知,東海,9,3,6,0,0.3333,49.0,82.0,-33.0,2025-04-12,2026-07-04
3061,川棚,977.92,1000.0,-0.81,長崎,九州,6,2,4,0,0.3333,15.0,37.0,-22.0,2025-03-29,2026-07-18
3062,筑豊,977.9,1000.0,2.09,福岡,九州,2,0,2,0,0.0,2.0,14.0,-12.0,2025-07-06,2026-07-07
3063,産技高専,977.87,1000.0,2.37,東京,関東・東京,2,0,2,0,0.0,6.0,23.0,-17.0,2026-03-15,2026-07-10
3064,明石西,977.87,1000.0,0.49,兵庫,近畿,4,1,3,0,0.25,19.0,30.0,-11.0,2025-04-19,2026-07-04
3065,横浜学園,977.87,1000.0,4.44,神奈川,関東・東京,2,0,2,0,0.0,0.0,22.0,-22.0,2025-07-12,2026-07-08
3066,上市・雄山・中央農,977.86,1000.0,-10.7,富山,北信越,1,0,1,0,0.0,4.0,8.0,-4.0,2025-07-11,2025-07-11
3067,玄界,977.84,1000.0,2.09,福岡,九州,6,2,4,0,0.3333,19.0,47.0,-28.0,2025-03-21,2026-07-12
3068,横浜緑園,977.83,1000.0,4.44,神奈川,関東・東京,2,0,2,0,0.0,0.0,31.0,-31.0,2025-07-10,2026-07-08
3069,神戸高塚,977.82,1000.0,0.49,兵庫,近畿,5,1,4,0,0.2,26.0,44.0,-18.0,2025-04-19,2026-07-09
3070,石山,977.81,1000.0,-0.81,滋賀,近畿,6,2,4,0,0.3333,24.0,29.0,-5.0,2025-04-19,2026-07-12
3071,伊集院,977.8,1000.0,1.49,鹿児島,九州,5,1,4,0,0.2,17.0,20.0,-3.0,2025-03-25,2026-07-14
3072,農業,977.8,1000.0,2.37,東京,関東・東京,4,1,3,0,0.25,11.0,55.0,-44.0,2025-07-11,2026-07-10
3073,加計芸北・加計,977.8,1000.0,-6.32,島根,中国,2,0,2,0,0.0,6.0,26.0,-20.0,2025-04-19,2025-04-19
3074,釧路工・厚岸翔洋・標茶・弟子屈・霧多布,977.77,1000.0,-9.79,北海道,北海道,1,0,1,0,0.0,1.0,7.0,-6.0,2026-06-27,2026-06-27
3075,札幌琴似工業,977.75,1000.0,-9.79,北海道,北海道,1,0,1,0,0.0,0.0,6.0,-6.0,2026-06-23,2026-06-23
3076,京華商,977.75,1000.0,2.37,東京,関東・東京,5,1,4,0,0.2,46.0,41.0,5.0,2025-04-04,2026-07-05
3077,新居,977.73,1000.0,-1.42,静岡,東海,2,0,2,0,0.0,2.0,22.0,-20.0,2025-04-19,2025-07-05
3078,高松西,977.73,1000.0,-4.3,徳島,四国,6,2,4,0,0.3333,20.0,22.0,-2.0,2025-03-20,2026-07-14
3079,桑名,977.72,1000.0,-4.97,三重,東海,9,3,6,0,0.3333,41.0,53.0,-12.0,2025-04-12,2026-07-18
3080,能代科技・男鹿海洋・五城目,977.72,1000.0,0.62,岩手,東北,2,0,2,0,0.0,4.0,38.0,-34.0,2026-05-10,2026-07-09
3081,松永・神辺・福山商業,977.72,1000.0,-6.32,島根,中国,2,0,2,0,0.0,2.0,27.0,-25.0,2025-04-19,2025-04-19
3082,美幌・津別,977.69,1000.0,-9.79,北海道,北海道,1,0,1,0,0.0,5.0,24.0,-19.0,2026-05-10,2026-05-10
3083,秀明八千代,977.66,1000.0,0.63,千葉,関東・東京,6,2,4,0,0.3333,21.0,59.0,-38.0,2025-04-19,2026-07-15
3084,札幌啓北商業,977.65,1000.0,-9.79,北海道,北海道,1,0,1,0,0.0,2.0,8.0,-6.0,2026-06-24,2026-06-24
3085,向の岡工業,977.64,1000.0,4.44,神奈川,関東・東京,2,0,2,0,0.0,5.0,32.0,-27.0,2025-07-09,2026-07-10
3086,長総大附,977.61,1000.0,-0.81,長崎,九州,4,1,3,0,0.25,11.0,24.0,-13.0,2025-03-25,2026-03-26
3087,東京,977.6,1000.0,2.37,東京,関東・東京,6,2,4,0,0.3333,27.0,52.0,-25.0,2025-04-04,2026-07-11
3088,袖ヶ浦,977.58,1000.0,0.63,千葉,関東・東京,2,0,2,0,0.0,2.0,17.0,-15.0,2025-04-19,2026-07-09
3089,星陵,977.55,1000.0,-1.42,静岡,東海,15,6,9,0,0.4,47.0,49.0,-2.0,2025-04-19,2026-07-16
3090,明石,977.54,1000.0,0.49,兵庫,近畿,5,1,4,0,0.2,11.0,16.0,-5.0,2025-04-19,2026-07-10
3091,滝,977.53,1000.0,2.72,愛知,東海,5,1,4,0,0.2,12.0,25.0,-13.0,2025-04-12,2026-07-07
3092,中央農業・上市・雄山,977.53,1000.0,-10.7,富山,北信越,1,0,1,0,0.0,2.0,10.0,-8.0,2025-04-20,2025-04-20
3093,足寄,977.48,1000.0,-9.79,北海道,北海道,6,2,4,0,0.3333,47.0,24.0,23.0,2025-05-26,2026-06-25
3094,長岡工,977.48,1000.0,-5.27,新潟,北信越,6,2,4,0,0.3333,32.0,35.0,-3.0,2025-04-26,2026-07-14
3095,玉野商工,977.47,1000.0,-7.46,鳥取,中国,6,2,4,0,0.3333,23.0,34.0,-11.0,2025-04-26,2026-07-15
3096,大分東,977.47,1000.0,2.65,大分,九州,2,0,2,0,0.0,5.0,27.0,-22.0,2025-07-07,2026-07-12
3097,桐生工,977.46,1000.0,3.22,群馬,関東・東京,5,1,4,0,0.2,12.0,17.0,-5.0,2025-04-15,2026-07-08
3098,蓼科,977.45,1000.0,-4.39,長野,北信越,2,0,2,0,0.0,0.0,40.0,-40.0,2026-04-29,2026-07-07
3099,阪南,977.43,1000.0,8.38,大阪,近畿,5,1,4,0,0.2,12.0,37.0,-25.0,2025-04-20,2026-07-14
3100,富山西・呉羽・富山南,977.42,1000.0,-10.7,富山,北信越,1,0,1,0,0.0,1.0,11.0,-10.0,2025-04-26,2025-04-26
3101,更別農業・鹿追・広尾,977.39,1000.0,-9.79,北海道,北海道,1,0,1,0,0.0,0.0,10.0,-10.0,2026-05-09,2026-05-09
3102,北広島西・北斗・開成,977.36,1000.0,-9.79,北海道,北海道,1,0,1,0,0.0,0.0,10.0,-10.0,2026-05-13,2026-05-13
3103,青梅総合・多摩・羽村,977.36,1000.0,2.37,東京,関東・東京,2,0,2,0,0.0,2.0,22.0,-20.0,2026-03-15,2026-07-11
3104,世羅・上下・三次青陵,977.36,1000.0,-6.32,島根,中国,2,0,2,0,0.0,5.0,26.0,-21.0,2025-04-19,2025-04-19
3105,魚津工・上市,977.34,1000.0,-10.7,富山,北信越,1,0,1,0,0.0,0.0,4.0,-4.0,2026-07-10,2026-07-10
3106,慶成,977.28,1000.0,2.09,福岡,九州,5,1,4,0,0.2,24.0,32.0,-8.0,2025-03-20,2026-07-12
3107,大分東明,977.22,1000.0,2.65,大分,九州,5,1,4,0,0.2,19.0,24.0,-5.0,2025-03-27,2026-07-10
3108,八千代,977.19,1000.0,0.63,千葉,関東・東京,13,5,8,0,0.3846,67.0,105.0,-38.0,2025-04-19,2026-07-15
3109,諫早東・口加・島原翔南・島原農,977.18,1000.0,-0.81,長崎,九州,2,0,2,0,0.0,6.0,20.0,-14.0,2025-03-25,2026-03-20
3110,岡崎商業,977.13,1000.0,2.72,愛知,東海,9,3,6,0,0.3333,73.0,63.0,10.0,2025-04-12,2026-07-05
3111,志布志,977.12,1000.0,1.49,鹿児島,九州,2,0,2,0,0.0,1.0,21.0,-20.0,2025-03-22,2025-07-10
3112,白石,977.12,1000.0,-1.84,山形,東北,18,8,10,0,0.4444,93.0,90.0,3.0,2025-03-21,2026-07-17
3113,普天間,977.08,1000.0,1.73,沖縄,九州,5,1,4,0,0.2,18.0,19.0,-1.0,2025-03-22,2026-06-20
3114,上郡,977.07,1000.0,0.49,兵庫,近畿,6,1,5,0,0.1667,26.0,43.0,-17.0,2025-04-19,2026-07-12
3115,高槻北,977.06,1000.0,8.38,大阪,近畿,5,1,4,0,0.2,18.0,41.0,-23.0,2025-04-12,2026-07-11
3116,菅,977.06,1000.0,4.44,神奈川,関東・東京,4,1,3,0,0.25,16.0,39.0,-23.0,2025-04-05,2026-07-10
3117,湖西,977.05,1000.0,-1.42,静岡,東海,7,2,5,0,0.2857,22.0,30.0,-8.0,2025-04-19,2026-07-04
3118,大津商業,977.04,1000.0,-0.81,滋賀,近畿,4,1,3,0,0.25,26.0,37.0,-11.0,2025-04-26,2026-04-11
3119,松山東,977.01,1000.0,-7.48,愛媛,四国,6,2,4,0,0.3333,17.0,19.0,-2.0,2025-03-20,2026-07-11
3120,日本橋,977.01,1000.0,2.37,東京,関東・東京,2,0,2,0,0.0,0.0,31.0,-31.0,2026-03-15,2026-07-07
3121,鳴尾,976.99,1000.0,0.49,兵庫,近畿,5,1,4,0,0.2,25.0,32.0,-7.0,2025-04-19,2026-07-08
3122,幸,976.97,1000.0,4.44,神奈川,関東・東京,2,0,2,0,0.0,3.0,38.0,-35.0,2025-07-11,2026-07-08
3123,津山商業,976.97,1000.0,-7.46,鳥取,中国,4,1,3,0,0.25,19.0,17.0,2.0,2025-04-26,2026-07-14
3124,志布志・串良商業,976.96,1000.0,1.49,鹿児島,九州,2,0,2,0,0.0,6.0,32.0,-26.0,2026-03-26,2026-07-05
3125,浜松江之島,976.95,1000.0,-1.42,静岡,東海,7,2,5,0,0.2857,19.0,30.0,-11.0,2025-04-19,2026-07-05
3126,函館商業,976.94,1000.0,-9.79,北海道,北海道,3,1,2,0,0.3333,11.0,22.0,-11.0,2026-05-10,2026-06-24
3127,竹田,976.89,1000.0,2.65,大分,九州,4,1,3,0,0.25,12.0,38.0,-26.0,2025-03-23,2026-07-15
3128,富山西・富山南,976.88,1000.0,-10.7,富山,北信越,1,0,1,0,0.0,2.0,14.0,-12.0,2026-07-11,2026-07-11
3129,富山高専,976.87,1000.0,-10.7,富山,北信越,7,3,4,0,0.4286,28.0,45.0,-17.0,2025-04-19,2026-07-18
3130,札幌開成・札幌北斗・北広島西・札幌東豊,976.87,1000.0,-9.79,北海道,北海道,1,0,1,0,0.0,0.0,20.0,-20.0,2026-06-29,2026-06-29
3131,石巻西,976.86,1000.0,-1.84,山形,東北,8,3,5,0,0.375,35.0,38.0,-3.0,2025-05-16,2026-07-14
3132,平塚工科,976.85,1000.0,4.44,神奈川,関東・東京,2,0,2,0,0.0,4.0,25.0,-21.0,2025-07-10,2026-07-07
3133,水海道二,976.83,1000.0,-1.03,茨城,関東・東京,6,2,4,0,0.3333,19.0,39.0,-20.0,2025-04-19,2026-07-14
3134,一宮商,976.82,1000.0,2.72,愛知,東海,3,0,3,0,0.0,2.0,23.0,-21.0,2025-04-12,2025-06-29
3135,小松島,976.81,1000.0,-0.82,香川,四国,5,1,4,0,0.2,29.0,20.0,9.0,2025-03-27,2026-07-20
3136,富良野,976.8,1000.0,-9.79,北海道,北海道,6,2,4,0,0.3333,36.0,34.0,2.0,2025-05-26,2026-06-25
3137,豊橋商,976.78,1000.0,2.72,愛知,東海,7,2,5,0,0.2857,24.0,43.0,-19.0,2025-04-12,2026-07-08
3138,川根,976.76,1000.0,-1.42,静岡,東海,2,0,2,0,0.0,1.0,8.0,-7.0,2025-07-06,2026-07-04
3139,一関修紅,976.76,1000.0,3.8,宮城,東北,12,5,7,0,0.4167,65.0,72.0,-7.0,2025-05-16,2026-07-13
3140,朱雀,976.69,1000.0,2.25,京都,近畿,2,0,2,0,0.0,2.0,34.0,-32.0,2026-04-12,2026-07-11
3141,篠山鳳鳴・氷上西,976.65,1000.0,0.49,兵庫,近畿,2,0,2,0,0.0,3.0,16.0,-13.0,2025-07-13,2026-07-04
3142,名護商工,976.63,1000.0,1.73,沖縄,九州,4,1,3,0,0.25,12.0,47.0,-35.0,2025-06-22,2026-06-21
3143,播磨南,976.63,1000.0,0.49,兵庫,近畿,2,0,2,0,0.0,1.0,15.0,-14.0,2025-07-05,2026-07-04
3144,いちりつ,976.63,1000.0,8.38,大阪,近畿,5,1,4,0,0.2,9.0,26.0,-17.0,2025-04-06,2026-07-12
3145,日立工,976.6,1000.0,-1.03,茨城,関東・東京,6,2,4,0,0.3333,21.0,43.0,-22.0,2025-04-19,2026-07-04
3146,宇都宮北,976.59,1000.0,-2.36,栃木,関東・東京,6,2,4,0,0.3333,18.0,35.0,-17.0,2025-04-14,2026-07-14
3147,甲陽学院,976.59,1000.0,0.49,兵庫,近畿,6,2,4,0,0.3333,16.0,32.0,-16.0,2025-04-19,2026-07-05
3148,市来農芸,976.57,1000.0,1.49,鹿児島,九州,2,0,2,0,0.0,0.0,38.0,-38.0,2025-07-09,2026-07-11
3149,静岡大成,976.56,1000.0,-1.42,静岡,東海,7,2,5,0,0.2857,23.0,44.0,-21.0,2025-04-19,2026-07-12
3150,浦安,976.55,1000.0,0.63,千葉,関東・東京,4,1,3,0,0.25,15.0,31.0,-16.0,2025-07-12,2026-07-10
3151,西野田工科,976.53,1000.0,8.38,大阪,近畿,3,0,3,0,0.0,2.0,25.0,-23.0,2025-04-05,2026-07-15
3152,武義,976.52,1000.0,-2.62,岐阜,東海,9,3,6,0,0.3333,68.0,60.0,8.0,2025-04-12,2026-07-18
3153,広尾・鹿追・清水・更別農・幕別清陵,976.51,1000.0,-9.79,北海道,北海道,1,0,1,0,0.0,2.0,15.0,-13.0,2026-06-27,2026-06-27
3154,愛媛大付,976.51,1000.0,-7.48,愛媛,四国,4,1,3,0,0.25,16.0,22.0,-6.0,2025-03-21,2026-07-15
3155,神戸高専,976.51,1000.0,0.49,兵庫,近畿,5,1,4,0,0.2,3.0,33.0,-30.0,2025-04-19,2026-07-14
3156,五城目・西目,976.51,1000.0,0.62,岩手,東北,2,0,2,0,0.0,1.0,19.0,-18.0,2025-05-13,2025-07-11
3157,行徳,976.49,1000.0,0.63,千葉,関東・東京,2,0,2,0,0.0,7.0,21.0,-14.0,2025-07-11,2026-07-10
3158,東風,976.49,1000.0,-1.03,茨城,関東・東京,6,2,4,0,0.3333,11.0,36.0,-25.0,2025-04-19,2026-07-05
3159,江南,976.47,1000.0,2.72,愛知,東海,10,4,6,0,0.4,49.0,78.0,-29.0,2025-04-12,2026-06-28
3160,船橋北,976.46,1000.0,0.63,千葉,関東・東京,5,1,4,0,0.2,21.0,34.0,-13.0,2025-04-19,2026-07-11
3161,高砂南,976.44,1000.0,0.49,兵庫,近畿,6,2,4,0,0.3333,26.0,37.0,-11.0,2025-04-19,2026-07-11
3162,諏訪二葉,976.41,1000.0,-4.39,長野,北信越,6,2,4,0,0.3333,36.0,54.0,-18.0,2025-05-10,2026-07-08
3163,札幌月寒,976.4,1000.0,-9.79,北海道,北海道,8,4,4,0,0.5,38.0,63.0,-25.0,2025-05-26,2026-06-23
3164,大原・茂原樟陽,976.38,1000.0,0.63,千葉,関東・東京,2,0,2,0,0.0,2.0,18.0,-16.0,2025-07-10,2026-07-13
3165,岐阜北,976.37,1000.0,-2.62,岐阜,東海,10,4,6,0,0.4,46.0,54.0,-8.0,2025-04-12,2026-07-12
3166,尾瀬,976.35,1000.0,3.22,群馬,関東・東京,2,0,2,0,0.0,1.0,35.0,-34.0,2026-04-14,2026-07-05
3167,洛水,976.35,1000.0,2.25,京都,近畿,5,1,4,0,0.2,41.0,29.0,12.0,2025-04-19,2026-07-11
3168,札幌北,976.34,1000.0,-9.79,北海道,北海道,6,2,4,0,0.3333,24.0,40.0,-16.0,2025-05-26,2026-06-26
3169,泉大津,976.33,1000.0,8.38,大阪,近畿,5,1,4,0,0.2,11.0,40.0,-29.0,2025-04-20,2026-07-12
3170,佐野松桜,976.31,1000.0,-2.36,栃木,関東・東京,4,1,3,0,0.25,13.0,38.0,-25.0,2025-04-12,2026-07-14
3171,千葉日大一,976.27,1000.0,0.63,千葉,関東・東京,6,2,4,0,0.3333,17.0,23.0,-6.0,2025-04-19,2026-07-10
3172,下松工業,976.27,1000.0,-1.06,山口,中国,2,0,2,0,0.0,0.0,16.0,-16.0,2025-04-13,2026-04-11
3173,大聖寺実,976.26,1000.0,6.19,石川,北信越,5,1,4,0,0.2,15.0,32.0,-17.0,2025-04-19,2026-07-15
3174,邑久,976.24,1000.0,-7.46,鳥取,中国,3,1,2,0,0.3333,7.0,38.0,-31.0,2025-04-26,2025-07-12
3175,呉羽,976.22,1000.0,-10.7,富山,北信越,1,0,1,0,0.0,2.0,12.0,-10.0,2026-07-12,2026-07-12
3176,修道協創,976.21,1000.0,-6.32,島根,中国,2,0,2,0,0.0,9.0,12.0,-3.0,2025-07-12,2026-07-12
3177,茂木,976.21,1000.0,-2.36,栃木,関東・東京,6,2,4,0,0.3333,33.0,31.0,2.0,2025-04-13,2026-07-12
3178,広島桜が丘,976.19,1000.0,-6.32,島根,中国,9,3,6,0,0.3333,32.0,61.0,-29.0,2025-04-19,2026-07-11
3179,新南陽,976.18,1000.0,-1.06,山口,中国,4,1,3,0,0.25,11.0,35.0,-24.0,2025-04-12,2026-07-19
3180,慶応志木,976.16,1000.0,-0.08,埼玉,関東・東京,2,0,2,0,0.0,3.0,18.0,-15.0,2025-07-16,2026-07-15
3181,須坂,976.14,1000.0,-4.39,長野,北信越,4,1,3,0,0.25,12.0,26.0,-14.0,2025-07-06,2026-07-12
3182,府教育センター附,976.12,1000.0,8.38,大阪,近畿,3,0,3,0,0.0,6.0,35.0,-29.0,2025-07-12,2026-07-11
3183,福島西,976.1,1000.0,-1.38,福島,東北,6,1,5,0,0.1667,17.0,37.0,-20.0,2025-05-16,2026-07-12
3184,巨摩,976.08,1000.0,-0.05,山梨,関東・東京,5,1,4,0,0.2,15.0,37.0,-22.0,2025-04-13,2026-07-12
3185,高専熊本・菊池農業,976.07,1000.0,-4.28,熊本,九州,2,0,2,0,0.0,3.0,14.0,-11.0,2026-03-20,2026-07-09
3186,旭野,976.07,1000.0,2.72,愛知,東海,9,3,6,0,0.3333,34.0,57.0,-23.0,2025-04-12,2026-07-05
3187,越谷北,976.04,1000.0,-0.08,埼玉,関東・東京,5,1,4,0,0.2,16.0,31.0,-15.0,2025-04-24,2026-07-11
3188,米沢中央,976.03,1000.0,-6.25,秋田,東北,6,2,4,0,0.3333,20.0,39.0,-19.0,2025-05-10,2026-07-17
3189,倉吉農業,976.0,1000.0,1.62,岡山,中国,2,0,2,0,0.0,1.0,39.0,-38.0,2025-04-19,2025-07-12
3190,県西宮,976.0,1000.0,0.49,兵庫,近畿,5,1,4,0,0.2,14.0,24.0,-10.0,2025-04-19,2026-07-09
3191,沖高専,975.98,1000.0,1.73,沖縄,九州,2,0,2,0,0.0,0.0,27.0,-27.0,2025-06-22,2026-06-14
3192,具志川,975.97,1000.0,1.73,沖縄,九州,5,1,4,0,0.2,18.0,29.0,-11.0,2025-03-20,2026-06-28
3193,上野学園,975.97,1000.0,2.37,東京,関東・東京,5,1,4,0,0.2,17.0,32.0,-15.0,2025-04-04,2026-07-12
3194,西宮今津,975.95,1000.0,0.49,兵庫,近畿,5,1,4,0,0.2,19.0,21.0,-2.0,2025-04-19,2026-07-11
3195,青山学院,975.92,1000.0,2.37,東京,関東・東京,5,1,4,0,0.2,29.0,55.0,-26.0,2025-04-04,2026-07-12
3196,広,975.92,1000.0,-6.32,島根,中国,4,1,3,0,0.25,13.0,37.0,-24.0,2025-04-19,2026-07-12
3197,府中西,975.89,1000.0,2.37,東京,関東・東京,5,1,4,0,0.2,13.0,38.0,-25.0,2025-04-05,2026-07-14
3198,伊豆中央,975.89,1000.0,-1.42,静岡,東海,5,1,4,0,0.2,11.0,24.0,-13.0,2025-04-19,2026-07-11
3199,名古屋国際,975.86,1000.0,2.72,愛知,東海,9,3,6,0,0.3333,45.0,59.0,-14.0,2025-04-12,2026-07-04
3200,石川,975.86,1000.0,1.73,沖縄,九州,6,2,4,0,0.3333,23.0,55.0,-32.0,2025-03-22,2026-06-23
3201,市前橋,975.85,1000.0,3.22,群馬,関東・東京,4,1,3,0,0.25,6.0,34.0,-28.0,2025-04-14,2026-07-08
3202,箕面自由学園,975.82,1000.0,8.38,大阪,近畿,5,1,4,0,0.2,10.0,42.0,-32.0,2025-04-27,2026-07-12
3203,和歌山商,975.81,1000.0,0.99,和歌山,近畿,6,2,4,0,0.3333,27.0,46.0,-19.0,2025-04-14,2026-07-14
3204,徳山高専,975.77,1000.0,-1.06,山口,中国,6,2,4,0,0.3333,15.0,39.0,-24.0,2025-04-13,2026-07-19
3205,高岡龍谷,975.75,1000.0,-10.7,富山,北信越,6,2,4,0,0.3333,12.0,13.0,-1.0,2025-04-20,2026-07-18
3206,京都廣学館,975.75,1000.0,2.25,京都,近畿,5,1,4,0,0.2,22.0,31.0,-9.0,2025-04-20,2026-07-10
3207,瑞陵,975.74,1000.0,2.72,愛知,東海,9,3,6,0,0.3333,46.0,67.0,-21.0,2025-04-12,2026-07-18
3208,紀北農芸・笠田,975.74,1000.0,0.99,和歌山,近畿,2,0,2,0,0.0,3.0,31.0,-28.0,2025-04-19,2025-07-11
3209,西原,975.71,1000.0,1.73,沖縄,九州,5,1,4,0,0.2,21.0,29.0,-8.0,2025-03-20,2026-06-20
3210,倉敷工,975.69,1000.0,1.62,岡山,中国,3,0,3,0,0.0,5.0,15.0,-10.0,2025-07-22,2026-07-23
3211,朝霞西,975.68,1000.0,-0.08,埼玉,関東・東京,5,1,4,0,0.2,22.0,35.0,-13.0,2025-04-24,2026-07-09
3212,東海樟風,975.68,1000.0,2.72,愛知,東海,9,3,6,0,0.3333,47.0,76.0,-29.0,2025-04-12,2026-07-07
3213,淑徳巣鴨,975.66,1000.0,2.37,東京,関東・東京,5,1,4,0,0.2,31.0,37.0,-6.0,2025-04-04,2026-07-10
3214,加世田,975.64,1000.0,1.49,鹿児島,九州,5,1,4,0,0.2,22.0,27.0,-5.0,2025-03-21,2026-07-09
3215,八丈,975.64,1000.0,2.37,東京,関東・東京,6,2,4,0,0.3333,26.0,56.0,-30.0,2025-04-04,2026-07-10
3216,聖光,975.63,1000.0,-1.06,山口,中国,6,2,4,0,0.3333,14.0,28.0,-14.0,2025-04-12,2026-07-19
3217,越谷西,975.62,1000.0,-0.08,埼玉,関東・東京,6,2,4,0,0.3333,27.0,62.0,-35.0,2025-04-24,2026-07-12
3218,光明相模原,975.62,1000.0,4.44,神奈川,関東・東京,5,1,4,0,0.2,10.0,22.0,-12.0,2025-04-06,2026-07-08
3219,辰野,975.53,1000.0,-4.39,長野,北信越,6,2,4,0,0.3333,31.0,46.0,-15.0,2025-05-10,2026-07-12
3220,修道,975.52,1000.0,-6.32,島根,中国,9,3,6,0,0.3333,52.0,53.0,-1.0,2025-04-19,2026-07-16
3221,洲本実,975.49,1000.0,0.49,兵庫,近畿,5,1,4,0,0.2,18.0,28.0,-10.0,2025-04-19,2026-07-04
3222,豊田南,975.49,1000.0,2.72,愛知,東海,8,2,6,0,0.25,37.0,46.0,-9.0,2025-04-12,2026-07-11
3223,鹿沼東,975.47,1000.0,-2.36,栃木,関東・東京,2,0,2,0,0.0,3.0,15.0,-12.0,2025-04-13,2025-07-13
3224,山高,975.44,1000.0,-4.97,三重,東海,3,0,3,0,0.0,9.0,22.0,-13.0,2025-04-12,2025-04-12
3225,高崎北,975.43,1000.0,3.22,群馬,関東・東京,5,1,4,0,0.2,18.0,26.0,-8.0,2025-04-15,2026-07-07
3226,あずさ第一,975.43,1000.0,0.63,千葉,関東・東京,6,2,4,0,0.3333,14.0,28.0,-14.0,2025-04-19,2026-07-10
3227,札幌第一,975.42,1000.0,-9.79,北海道,北海道,6,2,4,0,0.3333,32.0,26.0,6.0,2025-05-26,2026-06-23
3228,富士宮北,975.4,1000.0,-1.42,静岡,東海,7,2,5,0,0.2857,28.0,21.0,7.0,2025-04-19,2026-07-04
3229,三郷北,975.38,1000.0,-0.08,埼玉,関東・東京,5,1,4,0,0.2,17.0,34.0,-17.0,2025-04-24,2026-07-09
3230,摂津,975.33,1000.0,8.38,大阪,近畿,5,1,4,0,0.2,16.0,41.0,-25.0,2025-04-20,2026-07-12
3231,南安曇農業,975.25,1000.0,-4.39,長野,北信越,2,0,2,0,0.0,3.0,23.0,-20.0,2025-05-10,2025-07-08
3232,敬徳,975.25,1000.0,-9.64,佐賀,九州,7,3,4,0,0.4286,21.0,32.0,-11.0,2025-03-21,2026-07-09
3233,岩槻,975.25,1000.0,-0.08,埼玉,関東・東京,4,1,3,0,0.25,19.0,42.0,-23.0,2025-04-24,2026-07-11
3234,矢板東,975.24,1000.0,-2.36,栃木,関東・東京,2,0,2,0,0.0,0.0,36.0,-36.0,2026-04-12,2026-07-11
3235,川越総合,975.23,1000.0,-0.08,埼玉,関東・東京,2,0,2,0,0.0,0.0,20.0,-20.0,2025-07-11,2026-07-12
3236,西目・西仙北・大農太田・六郷,975.21,1000.0,0.62,岩手,東北,2,0,2,0,0.0,2.0,19.0,-17.0,2026-05-08,2026-07-10
3237,オイスカ浜松国際,975.16,1000.0,-1.42,静岡,東海,7,2,5,0,0.2857,21.0,34.0,-13.0,2025-04-19,2026-07-12
3238,佐伯豊南,975.16,1000.0,2.65,大分,九州,5,1,4,0,0.2,26.0,33.0,-7.0,2025-03-26,2026-07-07
3239,佐原白楊,975.13,1000.0,0.63,千葉,関東・東京,6,2,4,0,0.3333,20.0,61.0,-41.0,2025-04-19,2026-07-09
3240,田名部,975.11,1000.0,4.16,青森,東北,5,1,4,0,0.2,24.0,45.0,-21.0,2025-05-12,2026-07-14
3241,酒田東,975.1,1000.0,-6.25,秋田,東北,4,1,3,0,0.25,16.0,24.0,-8.0,2025-07-12,2026-07-18
3242,小川工業,975.1,1000.0,-4.28,熊本,九州,6,2,4,0,0.3333,25.0,34.0,-9.0,2025-03-22,2026-07-09
3243,札幌工業,975.08,1000.0,-9.79,北海道,北海道,4,1,3,0,0.25,18.0,16.0,2.0,2025-05-26,2026-05-16
3244,中大杉並,975.05,1000.0,2.37,東京,関東・東京,5,1,4,0,0.2,8.0,23.0,-15.0,2025-04-04,2026-07-10
3245,南部,975.03,1000.0,0.99,和歌山,近畿,4,1,3,0,0.25,16.0,32.0,-16.0,2025-07-16,2026-07-11
3246,横芝敬愛,975.0,1000.0,0.63,千葉,関東・東京,5,1,4,0,0.2,25.0,50.0,-25.0,2025-04-19,2026-07-10
3247,吉田,974.98,1000.0,-0.05,山梨,関東・東京,20,8,12,0,0.4,99.0,115.0,-16.0,2025-03-20,2026-07-15
3248,男鹿海洋・西仙北・大農太田・六郷,974.98,1000.0,0.62,岩手,東北,2,0,2,0,0.0,2.0,29.0,-27.0,2025-05-11,2025-07-11
3249,追浜,974.97,1000.0,4.44,神奈川,関東・東京,3,0,3,0,0.0,5.0,17.0,-12.0,2025-07-09,2026-07-07
3250,愛西工科,974.94,1000.0,2.72,愛知,東海,7,2,5,0,0.2857,51.0,67.0,-16.0,2025-04-12,2026-06-28
3251,豊見城,974.93,1000.0,1.73,沖縄,九州,5,1,4,0,0.2,14.0,23.0,-9.0,2025-03-21,2026-06-14
3252,大船渡東・住田・山田,974.93,1000.0,3.8,宮城,東北,3,0,3,0,0.0,0.0,33.0,-33.0,2025-05-16,2025-07-10
3253,川口,974.93,1000.0,-0.08,埼玉,関東・東京,6,2,4,0,0.3333,14.0,32.0,-18.0,2025-04-24,2026-07-10
3254,木津,974.93,1000.0,2.25,京都,近畿,6,2,4,0,0.3333,28.0,45.0,-17.0,2025-04-20,2026-07-07
3255,神崎,974.92,1000.0,0.49,兵庫,近畿,4,1,3,0,0.25,15.0,35.0,-20.0,2025-04-19,2026-07-04
3256,豊田西,974.9,1000.0,2.72,愛知,東海,6,1,5,0,0.1667,24.0,40.0,-16.0,2025-04-12,2026-07-05
3257,土気,974.89,1000.0,0.63,千葉,関東・東京,5,1,4,0,0.2,15.0,44.0,-29.0,2025-04-19,2026-07-10
3258,大河原産業,974.88,1000.0,-1.84,山形,東北,7,2,5,0,0.2857,40.0,59.0,-19.0,2025-05-16,2026-07-15
3259,土佐塾,974.85,1000.0,3.76,高知,四国,5,1,4,0,0.2,8.0,24.0,-16.0,2025-03-20,2026-07-19
3260,長野東,974.85,1000.0,-4.39,長野,北信越,7,3,4,0,0.4286,20.0,53.0,-33.0,2025-05-10,2026-07-06
3261,仁賀保,974.84,1000.0,0.62,岩手,東北,2,0,2,0,0.0,0.0,56.0,-56.0,2026-05-08,2026-07-10
3262,高知東,974.83,1000.0,3.76,高知,四国,5,1,4,0,0.2,17.0,31.0,-14.0,2025-03-20,2026-07-21
3263,富山,974.83,1000.0,-10.7,富山,北信越,3,1,2,0,0.3333,3.0,16.0,-13.0,2025-04-19,2025-07-12
3264,守口東,974.76,1000.0,8.38,大阪,近畿,5,1,4,0,0.2,8.0,28.0,-20.0,2025-04-05,2026-07-14
3265,敦賀工,974.71,1000.0,1.72,福井,北信越,5,1,4,0,0.2,19.0,24.0,-5.0,2025-04-20,2026-07-12
3266,米沢鶴城,974.69,1000.0,-6.25,秋田,東北,6,2,4,0,0.3333,31.0,33.0,-2.0,2025-05-12,2026-07-11
3267,蓮田松韻,974.68,1000.0,-0.08,埼玉,関東・東京,5,1,4,0,0.2,14.0,43.0,-29.0,2025-04-24,2026-07-14
3268,鎌ヶ谷,974.62,1000.0,0.63,千葉,関東・東京,5,1,4,0,0.2,15.0,33.0,-18.0,2025-04-19,2026-07-09
3269,暁,974.55,1000.0,-4.97,三重,東海,5,1,4,0,0.2,20.0,32.0,-12.0,2025-04-12,2026-07-08
3270,天竜,974.54,1000.0,-1.42,静岡,東海,7,2,5,0,0.2857,36.0,37.0,-1.0,2025-04-19,2026-07-04
3271,田方農業,974.5,1000.0,-1.42,静岡,東海,2,0,2,0,0.0,0.0,14.0,-14.0,2025-07-06,2026-07-04
3272,美鈴が丘,974.47,1000.0,-6.32,島根,中国,9,3,6,0,0.3333,26.0,57.0,-31.0,2025-04-19,2026-07-16
3273,調布北,974.47,1000.0,2.37,東京,関東・東京,3,0,3,0,0.0,8.0,23.0,-15.0,2025-04-04,2026-07-07
3274,因島・松永,974.39,1000.0,-6.32,島根,中国,4,1,3,0,0.25,20.0,35.0,-15.0,2026-03-21,2026-07-12
3275,名古屋工業,974.39,1000.0,2.72,愛知,東海,9,3,6,0,0.3333,37.0,57.0,-20.0,2025-04-12,2026-07-04
3276,杉戸農業,974.37,1000.0,-0.08,埼玉,関東・東京,2,0,2,0,0.0,0.0,26.0,-26.0,2025-07-13,2026-07-11
3277,倉敷青陵,974.33,1000.0,-7.46,鳥取,中国,4,1,3,0,0.25,18.0,26.0,-8.0,2025-07-13,2026-07-15
3278,とわの森三愛,974.22,1000.0,-9.79,北海道,北海道,2,0,2,0,0.0,7.0,9.0,-2.0,2026-05-17,2026-06-26
3279,明石北,974.19,1000.0,0.49,兵庫,近畿,5,1,4,0,0.2,7.0,19.0,-12.0,2025-04-19,2026-07-12
3280,盛岡農業,974.17,1000.0,3.8,宮城,東北,8,2,6,0,0.25,28.0,59.0,-31.0,2025-05-16,2026-07-14
3281,西彼杵・上対馬・長崎鶴洋,974.16,1000.0,-0.81,長崎,九州,2,0,2,0,0.0,0.0,19.0,-19.0,2026-03-21,2026-07-06
3282,大間々,974.15,1000.0,3.22,群馬,関東・東京,5,1,4,0,0.2,24.0,35.0,-11.0,2025-04-15,2026-07-07
3283,金沢北陵,974.13,1000.0,6.19,石川,北信越,5,1,4,0,0.2,9.0,31.0,-22.0,2025-04-26,2026-07-15
3284,岐阜農林,974.12,1000.0,-2.62,岐阜,東海,8,2,6,0,0.25,30.0,35.0,-5.0,2025-04-12,2026-07-19
3285,藤井寺,974.1,1000.0,8.38,大阪,近畿,3,0,3,0,0.0,0.0,33.0,-33.0,2025-07-13,2026-07-11
3286,佐世保工,974.09,1000.0,-0.81,長崎,九州,5,1,4,0,0.2,17.0,17.0,0.0,2025-03-25,2026-07-08
3287,湯沢,974.08,1000.0,0.62,岩手,東北,5,1,4,0,0.2,21.0,33.0,-12.0,2025-05-13,2026-07-13
3288,清水西,974.06,1000.0,-1.42,静岡,東海,2,0,2,0,0.0,5.0,30.0,-25.0,2025-07-05,2026-07-05
3289,我孫子,974.06,1000.0,0.63,千葉,関東・東京,5,1,4,0,0.2,20.0,36.0,-16.0,2025-04-19,2026-07-09
3290,小山高専,974.05,1000.0,-2.36,栃木,関東・東京,4,1,3,0,0.25,14.0,37.0,-23.0,2025-07-12,2026-07-12
3291,佐野,974.03,1000.0,8.38,大阪,近畿,12,4,8,0,0.3333,83.0,81.0,2.0,2025-04-12,2026-07-16
3292,諫早東,973.96,1000.0,-0.81,長崎,九州,2,0,2,0,0.0,0.0,27.0,-27.0,2025-07-09,2026-07-13
3293,佐世保西・佐世保商・平戸,973.95,1000.0,-0.81,長崎,九州,2,0,2,0,0.0,5.0,52.0,-47.0,2026-03-27,2026-07-08
3294,大和,973.91,1000.0,4.44,神奈川,関東・東京,5,1,4,0,0.2,18.0,40.0,-22.0,2025-04-06,2026-07-13
3295,大教大天王寺,973.88,1000.0,8.38,大阪,近畿,3,0,3,0,0.0,6.0,36.0,-30.0,2025-04-06,2026-07-12
3296,宇土,973.88,1000.0,-4.28,熊本,九州,6,2,4,0,0.3333,14.0,47.0,-33.0,2025-03-26,2026-07-13
3297,鴨沂,973.87,1000.0,2.25,京都,近畿,5,1,4,0,0.2,16.0,29.0,-13.0,2025-04-19,2026-07-08
3298,武修館,973.75,1000.0,-9.79,北海道,北海道,6,2,4,0,0.3333,22.0,24.0,-2.0,2025-05-26,2026-07-08
3299,北見緑陵,973.73,1000.0,-9.79,北海道,北海道,6,2,4,0,0.3333,28.0,22.0,6.0,2025-05-26,2026-06-29
3300,大手前,973.73,1000.0,8.38,大阪,近畿,5,1,4,0,0.2,13.0,36.0,-23.0,2025-04-20,2026-07-11
3301,旭川工業,973.72,1000.0,-9.79,北海道,北海道,6,2,4,0,0.3333,28.0,32.0,-4.0,2025-05-26,2026-06-28
3302,農林・塩山,973.71,1000.0,-0.05,山梨,関東・東京,2,0,2,0,0.0,3.0,37.0,-34.0,2025-04-20,2026-07-11
3303,岐阜各務野,973.69,1000.0,-2.62,岐阜,東海,10,4,6,0,0.4,42.0,60.0,-18.0,2025-04-12,2026-07-05
3304,日大二,973.69,1000.0,2.37,東京,関東・東京,5,1,4,0,0.2,23.0,35.0,-12.0,2025-04-05,2026-07-11
3305,下松,973.68,1000.0,-1.06,山口,中国,5,1,4,0,0.2,26.0,25.0,1.0,2025-04-13,2026-07-11
3306,喜多方桐桜,973.68,1000.0,-1.38,福島,東北,9,3,6,0,0.3333,38.0,63.0,-25.0,2025-05-16,2026-07-10
3307,佐世保高専,973.66,1000.0,-0.81,長崎,九州,6,2,4,0,0.3333,11.0,29.0,-18.0,2025-03-25,2026-07-08
3308,同朋,973.62,1000.0,2.72,愛知,東海,8,2,6,0,0.25,24.0,56.0,-32.0,2025-04-12,2026-07-07
3309,安城農林,973.6,1000.0,2.72,愛知,東海,9,3,6,0,0.3333,47.0,86.0,-39.0,2025-04-12,2026-07-05
3310,天童・谷地・上山明新館,973.6,1000.0,-6.25,秋田,東北,2,0,2,0,0.0,5.0,18.0,-13.0,2026-05-10,2026-07-13
3311,桜林,973.6,1000.0,0.63,千葉,関東・東京,5,1,4,0,0.2,17.0,24.0,-7.0,2025-04-19,2026-07-13
3312,松山中央,973.59,1000.0,-7.48,愛媛,四国,7,3,4,0,0.4286,14.0,34.0,-20.0,2025-03-20,2026-07-11
3313,岸根,973.59,1000.0,4.44,神奈川,関東・東京,3,0,3,0,0.0,6.0,30.0,-24.0,2025-07-09,2026-07-09
3314,清水谷,973.58,1000.0,8.38,大阪,近畿,3,0,3,0,0.0,4.0,29.0,-25.0,2025-04-20,2026-07-14
3315,東奥学園,973.57,1000.0,4.16,青森,東北,5,1,4,0,0.2,25.0,40.0,-15.0,2025-05-09,2026-07-09
3316,北かわち皐が丘,973.56,1000.0,8.38,大阪,近畿,5,1,4,0,0.2,19.0,68.0,-49.0,2025-04-06,2026-07-14
3317,磯原郷英,973.56,1000.0,-1.03,茨城,関東・東京,6,2,4,0,0.3333,23.0,31.0,-8.0,2025-04-19,2026-07-04
3318,仙台工業,973.55,1000.0,-1.84,山形,東北,3,0,3,0,0.0,3.0,66.0,-63.0,2026-04-19,2026-07-11
3319,玉川,973.53,1000.0,-0.81,滋賀,近畿,6,2,4,0,0.3333,22.0,49.0,-27.0,2025-04-26,2026-07-08
3320,小杉,973.52,1000.0,-10.7,富山,北信越,7,3,4,0,0.4286,21.0,42.0,-21.0,2025-04-26,2026-07-12
3321,深沢,973.5,1000.0,2.37,東京,関東・東京,5,1,4,0,0.2,25.0,55.0,-30.0,2025-04-04,2026-07-13
3322,会津ザベリオ,973.45,1000.0,-1.38,福島,東北,2,0,2,0,0.0,2.0,19.0,-17.0,2025-07-13,2026-07-10
3323,高萩清松,973.44,1000.0,-1.03,茨城,関東・東京,2,0,2,0,0.0,0.0,25.0,-25.0,2025-07-07,2026-07-06
3324,昭和秀英,973.44,1000.0,0.63,千葉,関東・東京,5,1,4,0,0.2,12.0,57.0,-45.0,2025-04-19,2026-07-15
3325,新庄北,973.41,1000.0,-6.25,秋田,東北,2,0,2,0,0.0,6.0,12.0,-6.0,2025-05-09,2025-07-11
3326,沼津城北,973.41,1000.0,-1.42,静岡,東海,2,0,2,0,0.0,0.0,21.0,-21.0,2025-07-06,2026-07-05
3327,出雲北陵,973.4,1000.0,5.45,広島,中国,5,1,4,0,0.2,13.0,30.0,-17.0,2025-04-18,2026-07-14
3328,南部工業,973.34,1000.0,1.73,沖縄,九州,3,0,3,0,0.0,2.0,15.0,-13.0,2025-06-21,2026-06-21
3329,山田,973.3,1000.0,8.38,大阪,近畿,15,5,10,0,0.3333,77.0,98.0,-21.0,2025-04-06,2026-07-11
3330,峰山,973.3,1000.0,2.25,京都,近畿,5,1,4,0,0.2,13.0,33.0,-20.0,2025-04-19,2026-07-13
3331,志木,973.28,1000.0,-0.08,埼玉,関東・東京,3,0,3,0,0.0,24.0,32.0,-8.0,2025-04-24,2026-07-09
3332,延岡,973.27,1000.0,-7.87,宮崎,九州,6,2,4,0,0.3333,33.0,39.0,-6.0,2025-03-22,2026-07-07
3333,下関北,973.27,1000.0,-1.06,山口,中国,4,1,3,0,0.25,10.0,30.0,-20.0,2025-07-13,2026-07-11
3334,名古屋市工,973.27,1000.0,2.72,愛知,東海,8,2,6,0,0.25,27.0,45.0,-18.0,2025-04-12,2026-07-05
3335,津山東,973.26,1000.0,-7.46,鳥取,中国,7,3,4,0,0.4286,15.0,45.0,-30.0,2025-04-26,2026-07-15
3336,大町岳陽,973.2,1000.0,-4.39,長野,北信越,5,1,4,0,0.2,23.0,44.0,-21.0,2025-05-10,2026-07-07
3337,柏陵,973.2,1000.0,2.09,福岡,九州,13,5,8,0,0.3846,29.0,70.0,-41.0,2025-03-23,2026-07-13
3338,松本工,973.18,1000.0,-4.39,長野,北信越,5,1,4,0,0.2,25.0,27.0,-2.0,2025-05-10,2026-07-05
3339,小林,973.16,1000.0,-7.87,宮崎,九州,6,2,4,0,0.3333,22.0,28.0,-6.0,2025-03-21,2026-07-10
3340,倉吉総合産業,973.12,1000.0,1.62,岡山,中国,5,1,4,0,0.2,23.0,28.0,-5.0,2025-04-19,2026-07-17
3341,西湘,973.1,1000.0,4.44,神奈川,関東・東京,5,1,4,0,0.2,11.0,33.0,-22.0,2025-04-05,2026-07-09
3342,高梁,973.09,1000.0,-7.46,鳥取,中国,6,2,4,0,0.3333,24.0,43.0,-19.0,2025-04-26,2026-07-15
3343,堺工科,973.08,1000.0,8.38,大阪,近畿,3,0,3,0,0.0,5.0,29.0,-24.0,2025-07-11,2026-07-11
3344,笠田,973.07,1000.0,-4.3,徳島,四国,4,1,3,0,0.25,11.0,37.0,-26.0,2025-03-23,2026-07-16
3345,西京,973.06,1000.0,-1.06,山口,中国,13,5,8,0,0.3846,50.0,64.0,-14.0,2025-04-19,2026-07-13
3346,新城有教館,973.05,1000.0,2.72,愛知,東海,3,0,3,0,0.0,8.0,16.0,-8.0,2025-07-05,2026-07-04
3347,高田北城,973.03,1000.0,-5.27,新潟,北信越,5,1,4,0,0.2,16.0,16.0,0.0,2025-04-27,2026-07-12
3348,御船,973.02,1000.0,-4.28,熊本,九州,2,0,2,0,0.0,4.0,21.0,-17.0,2026-03-20,2026-07-08
3349,大阪国際,973.0,1000.0,8.38,大阪,近畿,5,1,4,0,0.2,26.0,44.0,-18.0,2025-04-05,2026-07-13
3350,熊本第一,972.96,1000.0,-4.28,熊本,九州,2,0,2,0,0.0,9.0,18.0,-9.0,2025-07-06,2026-07-08
3351,香川中央,972.96,1000.0,-4.3,徳島,四国,5,1,4,0,0.2,15.0,24.0,-9.0,2025-03-23,2026-07-11
3352,姫路商,972.95,1000.0,0.49,兵庫,近畿,5,1,4,0,0.2,16.0,36.0,-20.0,2025-04-19,2026-07-12
3353,嘉穂総合,972.93,1000.0,2.09,福岡,九州,5,1,4,0,0.2,15.0,39.0,-24.0,2025-03-23,2026-07-09
3354,日本文理大附,972.91,1000.0,2.65,大分,九州,5,1,4,0,0.2,7.0,22.0,-15.0,2025-03-26,2026-07-11
3355,神埼,972.83,1000.0,-9.64,佐賀,九州,6,2,4,0,0.3333,16.0,26.0,-10.0,2025-03-20,2026-07-15
3356,小出,972.8,1000.0,-5.27,新潟,北信越,6,2,4,0,0.3333,32.0,45.0,-13.0,2025-04-28,2026-07-12
3357,櫻美学園,972.8,1000.0,-7.87,宮崎,九州,2,0,2,0,0.0,3.0,11.0,-8.0,2026-03-23,2026-07-08
3358,水戸一,972.79,1000.0,-1.03,茨城,関東・東京,6,2,4,0,0.3333,28.0,27.0,1.0,2025-04-19,2026-07-10
3359,海老名,972.79,1000.0,4.44,神奈川,関東・東京,3,0,3,0,0.0,10.0,26.0,-16.0,2025-07-09,2026-07-10
3360,上溝,972.78,1000.0,4.44,神奈川,関東・東京,5,1,4,0,0.2,8.0,32.0,-24.0,2025-04-05,2026-07-14
3361,多古,972.78,1000.0,0.63,千葉,関東・東京,5,1,4,0,0.2,10.0,31.0,-21.0,2025-04-19,2026-07-11
3362,天草拓心・牛深・上天草,972.74,1000.0,-4.28,熊本,九州,2,0,2,0,0.0,1.0,32.0,-31.0,2025-07-09,2026-03-22
3363,松山工,972.73,1000.0,-7.48,愛媛,四国,6,2,4,0,0.3333,25.0,41.0,-16.0,2025-03-20,2026-07-12
3364,越谷東,972.72,1000.0,-0.08,埼玉,関東・東京,5,1,4,0,0.2,16.0,39.0,-23.0,2025-04-24,2026-07-15
3365,富士宮東,972.7,1000.0,-1.42,静岡,東海,5,1,4,0,0.2,5.0,28.0,-23.0,2025-04-19,2026-07-11
3366,穴吹,972.68,1000.0,-0.82,香川,四国,4,1,3,0,0.25,11.0,41.0,-30.0,2025-03-23,2026-07-15
3367,大宮光陵,972.67,1000.0,-0.08,埼玉,関東・東京,6,2,4,0,0.3333,28.0,79.0,-51.0,2025-04-24,2026-07-10
3368,野田中央,972.62,1000.0,0.63,千葉,関東・東京,6,2,4,0,0.3333,24.0,39.0,-15.0,2025-04-19,2026-07-09
3369,静岡西,972.54,1000.0,-1.42,静岡,東海,5,1,4,0,0.2,15.0,37.0,-22.0,2025-04-19,2026-07-12
3370,玉名,972.54,1000.0,-4.28,熊本,九州,4,1,3,0,0.25,15.0,41.0,-26.0,2025-07-07,2026-07-11
3371,徳山,972.54,1000.0,-1.06,山口,中国,5,1,4,0,0.2,23.0,25.0,-2.0,2025-04-12,2026-07-18
3372,内子,972.53,1000.0,-7.48,愛媛,四国,6,2,4,0,0.3333,39.0,54.0,-15.0,2025-03-22,2026-07-12
3373,灘,972.5,1000.0,0.49,兵庫,近畿,5,1,4,0,0.2,10.0,33.0,-23.0,2025-04-19,2026-07-12
3374,盛岡北,972.48,1000.0,3.8,宮城,東北,8,2,6,0,0.25,28.0,78.0,-50.0,2025-05-16,2026-07-15
3375,第一,972.46,1000.0,-4.28,熊本,九州,2,0,2,0,0.0,6.0,24.0,-18.0,2025-03-20,2026-03-21
3376,柏崎常盤・柏崎総合,972.39,1000.0,-5.27,新潟,北信越,2,0,2,0,0.0,3.0,17.0,-14.0,2025-04-28,2025-07-11
3377,函館西,972.38,1000.0,-9.79,北海道,北海道,6,2,4,0,0.3333,14.0,25.0,-11.0,2025-05-26,2026-06-25
3378,上田千曲,972.36,1000.0,-4.39,長野,北信越,5,1,4,0,0.2,23.0,44.0,-21.0,2025-05-10,2026-07-11
3379,延岡商業,972.34,1000.0,-7.87,宮崎,九州,6,2,4,0,0.3333,20.0,29.0,-9.0,2025-03-20,2026-07-09
3380,貝塚,972.33,1000.0,8.38,大阪,近畿,3,0,3,0,0.0,2.0,49.0,-47.0,2025-07-11,2026-07-11
3381,阿南高専,972.33,1000.0,-0.82,香川,四国,6,2,4,0,0.3333,12.0,35.0,-23.0,2025-03-23,2026-07-18
3382,黒沢尻工業,972.3,1000.0,3.8,宮城,東北,7,2,5,0,0.2857,26.0,45.0,-19.0,2025-07-12,2026-07-13
3383,啓明学園,972.29,1000.0,2.37,東京,関東・東京,3,0,3,0,0.0,10.0,29.0,-19.0,2025-07-06,2026-07-12
3384,高志,972.28,1000.0,1.72,福井,北信越,5,1,4,0,0.2,38.0,37.0,1.0,2025-04-19,2026-07-11
3385,浦添,972.25,1000.0,1.73,沖縄,九州,5,1,4,0,0.2,14.0,27.0,-13.0,2025-03-23,2026-06-27
3386,琴丘,972.25,1000.0,0.49,兵庫,近畿,6,2,4,0,0.3333,20.0,38.0,-18.0,2025-04-19,2026-07-04
3387,倉敷南,972.22,1000.0,-7.46,鳥取,中国,5,1,4,0,0.2,31.0,35.0,-4.0,2025-04-26,2026-07-11
3388,篠ノ井,972.21,1000.0,-4.39,長野,北信越,13,5,8,0,0.3846,89.0,85.0,4.0,2025-05-10,2026-07-12
3389,和気閑谷,972.18,1000.0,-7.46,鳥取,中国,6,2,4,0,0.3333,29.0,37.0,-8.0,2025-04-26,2026-07-12
3390,並木学院,972.16,1000.0,-6.32,島根,中国,2,0,2,0,0.0,6.0,20.0,-14.0,2025-07-07,2026-07-07
3391,丹原,972.14,1000.0,-7.48,愛媛,四国,6,2,4,0,0.3333,40.0,49.0,-9.0,2025-03-20,2026-07-11
3392,高専八代,972.07,1000.0,-4.28,熊本,九州,4,1,3,0,0.25,6.0,21.0,-15.0,2025-03-26,2026-07-07
3393,水俣,972.06,1000.0,-4.28,熊本,九州,6,2,4,0,0.3333,22.0,48.0,-26.0,2025-03-23,2026-07-11
3394,森,972.05,1000.0,-9.79,北海道,北海道,2,0,2,0,0.0,4.0,12.0,-8.0,2026-05-10,2026-06-23
3395,鬼怒商,972.01,1000.0,-1.03,茨城,関東・東京,3,0,3,0,0.0,8.0,16.0,-8.0,2025-04-19,2026-07-05
3396,茨木工科・北摂つばさ・箕面東,972.0,1000.0,8.38,大阪,近畿,3,0,3,0,0.0,2.0,29.0,-27.0,2025-04-20,2026-07-12
3397,野々市明倫,971.99,1000.0,6.19,石川,北信越,3,0,3,0,0.0,0.0,42.0,-42.0,2025-04-19,2026-07-12
3398,高知高専,971.98,1000.0,3.76,高知,四国,5,1,4,0,0.2,18.0,60.0,-42.0,2025-03-21,2026-07-18
3399,浜松北,971.93,1000.0,-1.42,静岡,東海,10,4,6,0,0.4,29.0,76.0,-47.0,2025-04-19,2026-07-05
3400,保谷,971.82,1000.0,2.37,東京,関東・東京,6,2,4,0,0.3333,35.0,59.0,-24.0,2025-04-04,2026-07-10
3401,進修館,971.8,1000.0,-0.08,埼玉,関東・東京,3,0,3,0,0.0,7.0,26.0,-19.0,2025-04-24,2026-07-11
3402,大館桂桜,971.8,1000.0,0.62,岩手,東北,5,1,4,0,0.2,12.0,25.0,-13.0,2025-05-12,2026-07-09
3403,筑前,971.77,1000.0,2.09,福岡,九州,5,1,4,0,0.2,11.0,23.0,-12.0,2025-03-23,2026-07-07
3404,伊具,971.75,1000.0,-1.84,山形,東北,2,0,2,0,0.0,1.0,31.0,-30.0,2025-07-12,2026-07-12
3405,大聖寺,971.75,1000.0,6.19,石川,北信越,5,1,4,0,0.2,23.0,42.0,-19.0,2025-04-20,2026-07-10
3406,枚方津田,971.73,1000.0,8.38,大阪,近畿,5,1,4,0,0.2,7.0,44.0,-37.0,2025-04-06,2026-07-12
3407,弘前,971.71,1000.0,4.16,青森,東北,5,1,4,0,0.2,28.0,52.0,-24.0,2025-05-09,2026-07-15
3408,石巻好文館,971.71,1000.0,-1.84,山形,東北,2,0,2,0,0.0,2.0,24.0,-22.0,2025-07-13,2026-07-11
3409,丸子修学館,971.7,1000.0,-4.39,長野,北信越,6,2,4,0,0.3333,21.0,46.0,-25.0,2025-05-10,2026-07-08
3410,東明館,971.68,1000.0,-9.64,佐賀,九州,6,2,4,0,0.3333,21.0,26.0,-5.0,2025-03-21,2026-07-13
3411,甲南,971.67,1000.0,1.49,鹿児島,九州,13,5,8,0,0.3846,51.0,68.0,-17.0,2025-03-23,2026-07-08
3412,球陽,971.66,1000.0,1.73,沖縄,九州,5,1,4,0,0.2,20.0,33.0,-13.0,2025-03-21,2026-06-13
3413,小郡,971.63,1000.0,2.09,福岡,九州,5,1,4,0,0.2,21.0,39.0,-18.0,2025-03-20,2026-07-11
3414,柏木農業・五所川原工科,971.61,1000.0,4.16,青森,東北,3,0,3,0,0.0,8.0,28.0,-20.0,2025-07-12,2026-07-08
3415,古河一,971.61,1000.0,-1.03,茨城,関東・東京,6,2,4,0,0.3333,17.0,46.0,-29.0,2025-04-19,2026-07-05
3416,四日市工,971.59,1000.0,-4.97,三重,東海,12,5,7,0,0.4167,46.0,61.0,-15.0,2025-04-12,2026-07-04
3417,野崎,971.58,1000.0,8.38,大阪,近畿,5,1,4,0,0.2,15.0,92.0,-77.0,2025-04-12,2026-07-13
3418,八頭,971.54,1000.0,1.62,岡山,中国,5,1,4,0,0.2,9.0,23.0,-14.0,2025-04-20,2026-07-13
3419,太田,971.54,1000.0,3.22,群馬,関東・東京,5,1,4,0,0.2,6.0,27.0,-21.0,2025-04-15,2026-07-08
3420,鹿屋工業,971.53,1000.0,1.49,鹿児島,九州,5,1,4,0,0.2,14.0,30.0,-16.0,2025-03-24,2026-07-04
3421,小名浜海星,971.51,1000.0,-1.38,福島,東北,5,1,4,0,0.2,8.0,23.0,-15.0,2025-07-13,2026-07-11
3422,東大津,971.51,1000.0,-0.81,滋賀,近畿,5,1,4,0,0.2,10.0,31.0,-21.0,2025-04-26,2026-07-11
3423,四日市中央工,971.51,1000.0,-4.97,三重,東海,6,2,4,0,0.3333,24.0,45.0,-21.0,2025-07-05,2026-07-11
3424,新庄東,971.5,1000.0,-6.25,秋田,東北,6,2,4,0,0.3333,15.0,30.0,-15.0,2025-05-09,2026-07-14
3425,ザベリオ,971.5,1000.0,-1.38,福島,東北,4,0,4,0,0.0,11.0,33.0,-22.0,2025-05-16,2026-04-29
3426,島田,971.48,1000.0,-1.42,静岡,東海,5,1,4,0,0.2,11.0,44.0,-33.0,2025-04-19,2026-07-11
3427,筑波大駒場,971.47,1000.0,2.37,東京,関東・東京,5,1,4,0,0.2,11.0,46.0,-35.0,2025-04-04,2026-07-11
3428,出水,971.46,1000.0,1.49,鹿児島,九州,5,1,4,0,0.2,15.0,33.0,-18.0,2025-03-21,2026-07-13
3429,和歌山北,971.43,1000.0,0.99,和歌山,近畿,5,1,4,0,0.2,10.0,21.0,-11.0,2025-04-19,2026-07-15
3430,松江高専,971.42,1000.0,5.45,広島,中国,5,1,4,0,0.2,15.0,29.0,-14.0,2025-04-18,2026-07-12
3431,岡山・吉備高原,971.39,1000.0,-7.46,鳥取,中国,2,0,2,0,0.0,13.0,43.0,-30.0,2025-04-26,2026-07-13
3432,津田沼,971.33,1000.0,0.63,千葉,関東・東京,3,0,3,0,0.0,16.0,40.0,-24.0,2025-07-11,2026-07-10
3433,犬山総合,971.26,1000.0,2.72,愛知,東海,5,1,4,0,0.2,8.0,76.0,-68.0,2025-04-12,2026-07-07
3434,目黒学院,971.26,1000.0,2.37,東京,関東・東京,3,0,3,0,0.0,9.0,36.0,-27.0,2025-04-04,2026-07-09
3435,船橋二和,971.26,1000.0,0.63,千葉,関東・東京,5,1,4,0,0.2,12.0,38.0,-26.0,2025-04-19,2026-07-09
3436,淀川工科,971.26,1000.0,8.38,大阪,近畿,5,1,4,0,0.2,10.0,45.0,-35.0,2025-04-26,2026-07-18
3437,土浦二,971.2,1000.0,-1.03,茨城,関東・東京,5,1,4,0,0.2,22.0,28.0,-6.0,2025-04-19,2026-07-09
3438,木曽青峰,971.19,1000.0,-4.39,長野,北信越,5,1,4,0,0.2,19.0,53.0,-34.0,2025-05-10,2026-07-05
3439,太田工,971.18,1000.0,3.22,群馬,関東・東京,5,1,4,0,0.2,12.0,38.0,-26.0,2025-04-12,2026-07-05
3440,韮崎,971.17,1000.0,-0.05,山梨,関東・東京,3,0,3,0,0.0,3.0,29.0,-26.0,2025-07-10,2026-07-06
3441,紫野,971.16,1000.0,2.25,京都,近畿,5,1,4,0,0.2,33.0,40.0,-7.0,2025-04-19,2026-07-12
3442,群馬高専,971.16,1000.0,3.22,群馬,関東・東京,5,1,4,0,0.2,13.0,47.0,-34.0,2025-04-12,2026-07-12
3443,小坂井,971.14,1000.0,2.72,愛知,東海,11,3,7,1,0.2727,68.0,79.0,-11.0,2025-04-12,2026-07-07
3444,大分高専,971.12,1000.0,2.65,大分,九州,5,1,4,0,0.2,9.0,34.0,-25.0,2025-03-25,2026-07-10
3445,淡路,971.11,1000.0,0.49,兵庫,近畿,5,1,4,0,0.2,14.0,43.0,-29.0,2025-04-19,2026-07-09
3446,文教大付,971.11,1000.0,2.37,東京,関東・東京,3,0,3,0,0.0,0.0,49.0,-49.0,2025-04-04,2026-07-11
3447,長崎南,971.08,1000.0,-0.81,長崎,九州,5,1,4,0,0.2,13.0,19.0,-6.0,2025-03-29,2026-07-12
3448,見附,971.07,1000.0,-5.27,新潟,北信越,2,0,2,0,0.0,6.0,20.0,-14.0,2025-04-27,2025-07-13
3449,札幌北陵,971.03,1000.0,-9.79,北海道,北海道,6,2,4,0,0.3333,19.0,33.0,-14.0,2025-05-26,2026-06-28
3450,真岡北陵,971.03,1000.0,-2.36,栃木,関東・東京,2,0,2,0,0.0,1.0,32.0,-31.0,2025-07-11,2026-07-10
3451,岩・加・衣,970.98,1000.0,2.72,愛知,東海,4,0,4,0,0.0,3.0,131.0,-128.0,2025-04-12,2026-03-23
3452,島原工,970.97,1000.0,-0.81,長崎,九州,5,1,4,0,0.2,13.0,19.0,-6.0,2025-03-25,2026-07-12
3453,久留米学園,970.94,1000.0,2.09,福岡,九州,5,1,4,0,0.2,18.0,38.0,-20.0,2025-03-21,2026-07-07
3454,米子高専,970.87,1000.0,1.62,岡山,中国,5,1,4,0,0.2,13.0,32.0,-19.0,2025-04-20,2026-07-19
3455,熊本西,970.81,1000.0,-4.28,熊本,九州,5,1,4,0,0.2,18.0,23.0,-5.0,2025-03-23,2026-07-07
3456,岩瀬農業,970.81,1000.0,-1.38,福島,東北,6,1,5,0,0.1667,18.0,34.0,-16.0,2025-05-16,2026-05-03
3457,吾妻中央,970.79,1000.0,3.22,群馬,関東・東京,5,1,4,0,0.2,27.0,46.0,-19.0,2025-04-15,2026-07-05
3458,八幡浜・川之石,970.79,1000.0,-7.48,愛媛,四国,2,0,2,0,0.0,3.0,16.0,-13.0,2026-03-21,2026-07-11
3459,福島工,970.78,1000.0,-1.38,福島,東北,7,2,5,0,0.2857,21.0,29.0,-8.0,2025-05-18,2026-07-12
3460,座間,970.77,1000.0,4.44,神奈川,関東・東京,3,0,3,0,0.0,6.0,24.0,-18.0,2025-04-05,2026-07-09
3461,むつ工業,970.76,1000.0,4.16,青森,東北,5,1,4,0,0.2,19.0,36.0,-17.0,2025-05-10,2026-07-14
3462,笛吹,970.72,1000.0,-0.05,山梨,関東・東京,5,1,4,0,0.2,26.0,38.0,-12.0,2025-04-15,2026-07-14
3463,対馬,970.59,1000.0,-0.81,長崎,九州,3,0,3,0,0.0,23.0,33.0,-10.0,2025-07-14,2026-07-07
3464,徳風・英心,970.58,1000.0,-4.97,三重,東海,3,0,3,0,0.0,1.0,70.0,-69.0,2025-04-12,2026-03-24
3465,笠岡工業,970.57,1000.0,-7.46,鳥取,中国,2,0,2,0,0.0,8.0,16.0,-8.0,2025-07-12,2026-07-12
3466,鶴岡中央,970.57,1000.0,-6.25,秋田,東北,6,2,4,0,0.3333,20.0,46.0,-26.0,2025-05-09,2026-07-14
3467,小樽潮陵,970.56,1000.0,-9.79,北海道,北海道,4,1,3,0,0.25,15.0,29.0,-14.0,2025-05-26,2026-06-27
3468,常磐,970.53,1000.0,3.22,群馬,関東・東京,13,5,8,0,0.3846,35.0,74.0,-39.0,2025-03-20,2026-07-13
3469,井草・大泉・松蔭大松蔭・杉並工科,970.52,1000.0,2.37,東京,関東・東京,3,0,3,0,0.0,0.0,43.0,-43.0,2025-04-04,2026-07-11
3470,諏訪実,970.52,1000.0,-4.39,長野,北信越,6,2,4,0,0.3333,21.0,55.0,-34.0,2025-05-10,2026-07-06
3471,宮代,970.49,1000.0,-0.08,埼玉,関東・東京,5,1,4,0,0.2,16.0,34.0,-18.0,2025-04-24,2026-07-12
3472,安達,970.47,1000.0,-1.38,福島,東北,5,1,4,0,0.2,10.0,55.0,-45.0,2025-07-11,2026-07-14
3473,市立千葉,970.46,1000.0,0.63,千葉,関東・東京,5,1,4,0,0.2,18.0,34.0,-16.0,2025-04-19,2026-07-10
3474,鹿本,970.44,1000.0,-4.28,熊本,九州,2,0,2,0,0.0,2.0,20.0,-18.0,2025-07-13,2026-07-07
3475,鳥栖商業,970.43,1000.0,-9.64,佐賀,九州,2,0,2,0,0.0,4.0,14.0,-10.0,2025-03-20,2026-03-22
3476,松島,970.42,1000.0,-1.84,山形,東北,9,3,6,0,0.3333,27.0,65.0,-38.0,2025-05-16,2026-07-11
3477,渋川工,970.41,1000.0,3.22,群馬,関東・東京,5,1,4,0,0.2,17.0,39.0,-22.0,2025-04-15,2026-07-04
3478,札幌平岸,970.41,1000.0,-9.79,北海道,北海道,6,2,4,0,0.3333,22.0,31.0,-9.0,2025-05-26,2026-06-25
3479,浦添工,970.41,1000.0,1.73,沖縄,九州,5,1,4,0,0.2,7.0,33.0,-26.0,2025-03-22,2026-06-28
3480,安城東,970.39,1000.0,2.72,愛知,東海,9,3,6,0,0.3333,34.0,61.0,-27.0,2025-04-12,2026-06-28
3481,松江東,970.38,1000.0,5.45,広島,中国,5,1,4,0,0.2,16.0,41.0,-25.0,2025-04-20,2026-07-14
3482,新潟北・中条,970.35,1000.0,-5.27,新潟,北信越,2,0,2,0,0.0,1.0,21.0,-20.0,2025-04-27,2025-07-12
3483,稲沢緑風館,970.3,1000.0,2.72,愛知,東海,5,1,4,0,0.2,16.0,48.0,-32.0,2025-04-12,2026-07-04
3484,和光,970.3,1000.0,2.37,東京,関東・東京,3,0,3,0,0.0,2.0,37.0,-35.0,2025-04-04,2026-07-10
3485,佐賀農業,970.29,1000.0,-9.64,佐賀,九州,2,0,2,0,0.0,1.0,13.0,-12.0,2025-03-21,2026-03-20
3486,桜塚,970.27,1000.0,8.38,大阪,近畿,4,0,4,0,0.0,10.0,24.0,-14.0,2025-04-19,2026-07-05
3487,清流館,970.19,1000.0,-1.42,静岡,東海,4,0,4,0,0.0,15.0,20.0,-5.0,2025-04-19,2026-07-04
3488,大東,970.15,1000.0,5.45,広島,中国,5,1,4,0,0.2,8.0,35.0,-27.0,2025-04-18,2026-07-15
3489,久米島,970.11,1000.0,1.73,沖縄,九州,5,1,4,0,0.2,13.0,35.0,-22.0,2025-03-22,2026-06-14
3490,有馬,970.06,1000.0,4.44,神奈川,関東・東京,9,3,6,0,0.3333,28.0,64.0,-36.0,2025-04-05,2026-07-12
3491,武生東,970.03,1000.0,1.72,福井,北信越,5,1,4,0,0.2,8.0,27.0,-19.0,2025-04-20,2026-07-11
3492,熊谷西,969.99,1000.0,-0.08,埼玉,関東・東京,5,1,4,0,0.2,19.0,35.0,-16.0,2025-04-24,2026-07-12
3493,町田工科,969.99,1000.0,2.37,東京,関東・東京,5,1,4,0,0.2,27.0,50.0,-23.0,2025-04-04,2026-07-07
3494,札幌真栄,969.98,1000.0,-9.79,北海道,北海道,6,2,4,0,0.3333,17.0,29.0,-12.0,2025-05-26,2026-07-08
3495,五日市,969.98,1000.0,-6.32,島根,中国,2,0,2,0,0.0,7.0,24.0,-17.0,2025-07-07,2026-07-10
3496,北本,969.96,1000.0,-0.08,埼玉,関東・東京,5,1,4,0,0.2,18.0,36.0,-18.0,2025-04-24,2026-07-12
3497,一宮北,969.9,1000.0,2.72,愛知,東海,7,2,5,0,0.2857,27.0,53.0,-26.0,2025-04-12,2026-07-05
3498,帝塚山,969.89,1000.0,3.92,奈良,近畿,5,1,4,0,0.2,8.0,32.0,-24.0,2025-04-19,2026-07-16
3499,徳風,969.85,1000.0,-4.97,三重,東海,2,0,2,0,0.0,0.0,29.0,-29.0,2025-07-06,2026-07-05
3500,大川樟風,969.83,1000.0,2.09,福岡,九州,5,1,4,0,0.2,18.0,61.0,-43.0,2025-03-21,2026-07-08
3501,広島国泰寺,969.74,1000.0,-6.32,島根,中国,9,3,6,0,0.3333,38.0,50.0,-12.0,2025-04-19,2026-07-05
3502,高畠,969.74,1000.0,-6.25,秋田,東北,2,0,2,0,0.0,1.0,19.0,-18.0,2025-05-11,2025-07-11
3503,函商奥尻,969.71,1000.0,-9.79,北海道,北海道,2,0,2,0,0.0,4.0,10.0,-6.0,2025-05-26,2025-05-26
3504,可部,969.7,1000.0,-6.32,島根,中国,12,5,7,0,0.4167,57.0,78.0,-21.0,2025-04-19,2026-07-05
3505,葛西工科,969.68,1000.0,2.37,東京,関東・東京,3,0,3,0,0.0,5.0,37.0,-32.0,2025-04-04,2026-07-11
3506,鹿島,969.68,1000.0,-1.03,茨城,関東・東京,14,6,8,0,0.4286,65.0,89.0,-24.0,2025-03-20,2026-07-09
3507,新居浜商,969.67,1000.0,-7.48,愛媛,四国,6,2,4,0,0.3333,21.0,35.0,-14.0,2025-03-20,2026-07-19
3508,専大付,969.67,1000.0,2.37,東京,関東・東京,8,3,5,0,0.375,37.0,59.0,-22.0,2025-04-04,2026-07-12
3509,鯖江,969.66,1000.0,1.72,福井,北信越,5,1,4,0,0.2,10.0,32.0,-22.0,2025-04-19,2026-07-12
3510,紀北工,969.59,1000.0,0.99,和歌山,近畿,3,0,3,0,0.0,7.0,19.0,-12.0,2025-04-13,2026-07-12
3511,杏和,969.56,1000.0,2.72,愛知,東海,5,1,4,0,0.2,17.0,53.0,-36.0,2025-06-29,2026-07-04
3512,美祢青嶺,969.52,1000.0,-1.06,山口,中国,3,0,3,0,0.0,12.0,23.0,-11.0,2025-04-13,2026-07-13
3513,同志社,969.49,1000.0,2.25,京都,近畿,5,1,4,0,0.2,13.0,31.0,-18.0,2025-04-19,2026-07-13
3514,長井工業・左沢,969.41,1000.0,-6.25,秋田,東北,2,0,2,0,0.0,5.0,22.0,-17.0,2025-05-11,2025-07-11
3515,多治見,969.41,1000.0,-2.62,岐阜,東海,8,2,6,0,0.25,22.0,47.0,-25.0,2025-04-12,2026-07-19
3516,中部農林,969.4,1000.0,1.73,沖縄,九州,3,0,3,0,0.0,8.0,30.0,-22.0,2025-06-21,2026-06-21
3517,浜松湖南,969.36,1000.0,-1.42,静岡,東海,5,1,4,0,0.2,9.0,42.0,-33.0,2025-04-19,2026-07-04
3518,姫路海稜,969.32,1000.0,0.49,兵庫,近畿,3,0,3,0,0.0,8.0,30.0,-22.0,2025-07-12,2026-07-11
3519,松阪,969.29,1000.0,-4.97,三重,東海,9,3,6,0,0.3333,60.0,64.0,-4.0,2025-04-12,2026-07-04
3520,葛飾商,969.28,1000.0,2.37,東京,関東・東京,5,1,4,0,0.2,9.0,44.0,-35.0,2025-04-04,2026-07-10
3521,八千代東,969.26,1000.0,0.63,千葉,関東・東京,4,0,4,0,0.0,12.0,30.0,-18.0,2025-04-19,2026-07-10
3522,春日井工科,969.25,1000.0,2.72,愛知,東海,8,2,6,0,0.25,28.0,61.0,-33.0,2025-04-12,2026-07-05
3523,犢橋,969.22,1000.0,0.63,千葉,関東・東京,5,1,4,0,0.2,8.0,54.0,-46.0,2025-04-19,2026-07-12
3524,富谷,969.21,1000.0,-1.84,山形,東北,10,4,6,0,0.4,31.0,59.0,-28.0,2025-05-16,2026-07-13
3525,信太,969.2,1000.0,8.38,大阪,近畿,4,0,4,0,0.0,12.0,37.0,-25.0,2025-04-05,2026-07-13
3526,萩,969.16,1000.0,-1.06,山口,中国,3,0,3,0,0.0,5.0,16.0,-11.0,2025-04-13,2026-07-12
3527,大曲,969.15,1000.0,0.62,岩手,東北,5,1,4,0,0.2,19.0,41.0,-22.0,2025-05-14,2026-07-09
3528,曽於,969.15,1000.0,1.49,鹿児島,九州,5,1,4,0,0.2,9.0,30.0,-21.0,2025-03-20,2026-07-15
3529,福岡講倫館,969.13,1000.0,2.09,福岡,九州,5,1,4,0,0.2,10.0,39.0,-29.0,2025-03-21,2026-07-08
3530,久喜工業,969.12,1000.0,-0.08,埼玉,関東・東京,5,1,4,0,0.2,17.0,40.0,-23.0,2025-04-24,2026-07-09
3531,綾部,969.11,1000.0,2.25,京都,近畿,5,1,4,0,0.2,21.0,44.0,-23.0,2025-04-19,2026-07-10
3532,八戸高専,969.1,1000.0,4.16,青森,東北,3,0,3,0,0.0,13.0,37.0,-24.0,2025-07-13,2026-07-09
3533,藤岡北,969.08,1000.0,3.22,群馬,関東・東京,5,1,4,0,0.2,14.0,48.0,-34.0,2025-04-12,2026-07-07
3534,明星学園,969.08,1000.0,2.37,東京,関東・東京,3,0,3,0,0.0,4.0,34.0,-30.0,2025-04-04,2026-07-12
3535,市川昴,969.07,1000.0,0.63,千葉,関東・東京,3,0,3,0,0.0,4.0,35.0,-31.0,2025-07-11,2026-07-09
3536,啓北商業,969.06,1000.0,-9.79,北海道,北海道,2,0,2,0,0.0,8.0,22.0,-14.0,2025-05-26,2025-05-26
3537,開明,969.03,1000.0,8.38,大阪,近畿,3,0,3,0,0.0,0.0,97.0,-97.0,2025-07-10,2026-07-14
3538,船橋法典,968.96,1000.0,0.63,千葉,関東・東京,3,0,3,0,0.0,10.0,37.0,-27.0,2025-07-10,2026-07-10
3539,英真学園,968.95,1000.0,8.38,大阪,近畿,4,0,4,0,0.0,5.0,32.0,-27.0,2025-04-12,2026-07-13
3540,八幡中央,968.91,1000.0,2.09,福岡,九州,5,1,4,0,0.2,8.0,51.0,-43.0,2025-03-21,2026-07-07
3541,山形東,968.91,1000.0,-6.25,秋田,東北,6,2,4,0,0.3333,17.0,44.0,-27.0,2025-05-09,2026-07-11
3542,高島,968.91,1000.0,2.37,東京,関東・東京,13,5,8,0,0.3846,52.0,73.0,-21.0,2025-04-04,2026-07-14
3543,弓削商船高専,968.9,1000.0,-7.48,愛媛,四国,2,0,2,0,0.0,6.0,24.0,-18.0,2025-03-20,2025-07-13
3544,中津南,968.88,1000.0,2.65,大分,九州,5,1,4,0,0.2,18.0,36.0,-18.0,2025-03-25,2026-07-09
3545,県大附属,968.86,1000.0,3.92,奈良,近畿,3,0,3,0,0.0,1.0,25.0,-24.0,2025-04-26,2026-07-12
3546,宝塚北,968.84,1000.0,0.49,兵庫,近畿,4,0,4,0,0.0,2.0,21.0,-19.0,2025-04-19,2026-07-12
3547,富山・雄山,968.8,1000.0,-10.7,富山,北信越,2,0,2,0,0.0,6.0,19.0,-13.0,2026-04-25,2026-07-11
3548,小見川,968.77,1000.0,0.63,千葉,関東・東京,3,0,3,0,0.0,2.0,26.0,-24.0,2025-04-19,2026-07-10
3549,都城工業,968.74,1000.0,-7.87,宮崎,九州,6,2,4,0,0.3333,25.0,49.0,-24.0,2025-03-22,2026-07-07
3550,北桜,968.74,1000.0,3.8,宮城,東北,7,1,6,0,0.1429,26.0,64.0,-38.0,2025-05-16,2026-07-09
3551,善通寺一,968.72,1000.0,-4.3,徳島,四国,3,0,3,0,0.0,8.0,21.0,-13.0,2025-07-13,2026-07-15
3552,高知海洋・室戸・幡多農,968.71,1000.0,3.76,高知,四国,3,0,3,0,0.0,11.0,55.0,-44.0,2025-07-20,2026-07-12
3553,新潟東,968.71,1000.0,-5.27,新潟,北信越,2,0,2,0,0.0,4.0,21.0,-17.0,2025-07-10,2026-07-11
3554,神辺,968.68,1000.0,-6.32,島根,中国,3,0,3,0,0.0,15.0,32.0,-17.0,2026-03-21,2026-07-06
3555,前橋東,968.65,1000.0,3.22,群馬,関東・東京,5,1,4,0,0.2,18.0,41.0,-23.0,2025-04-15,2026-07-07
3556,大垣東,968.62,1000.0,-2.62,岐阜,東海,7,2,5,0,0.2857,29.0,50.0,-21.0,2025-04-12,2026-07-11
3557,伊吹,968.59,1000.0,-0.81,滋賀,近畿,5,1,4,0,0.2,6.0,23.0,-17.0,2025-04-20,2026-07-11
3558,小野田,968.57,1000.0,-1.06,山口,中国,5,1,4,0,0.2,15.0,29.0,-14.0,2025-04-12,2026-07-11
3559,安芸,968.57,1000.0,3.76,高知,四国,5,1,4,0,0.2,12.0,30.0,-18.0,2025-03-20,2026-07-12
3560,江差,968.57,1000.0,-9.79,北海道,北海道,2,0,2,0,0.0,0.0,8.0,-8.0,2025-05-26,2025-05-26
3561,花北青雲,968.55,1000.0,3.8,宮城,東北,10,3,7,0,0.3,38.0,68.0,-30.0,2025-05-16,2026-07-10
3562,一関高専,968.54,1000.0,3.8,宮城,東北,4,0,4,0,0.0,2.0,41.0,-39.0,2025-05-16,2026-04-25
3563,堀川,968.5,1000.0,2.25,京都,近畿,4,0,3,1,0.0,8.0,33.0,-25.0,2025-04-20,2026-07-12
3564,飯野・福島,968.49,1000.0,-7.87,宮崎,九州,2,0,2,0,0.0,3.0,17.0,-14.0,2025-03-21,2025-07-06
3565,巣鴨,968.49,1000.0,2.37,東京,関東・東京,5,1,4,0,0.2,15.0,37.0,-22.0,2025-04-04,2026-07-10
3566,喜多方,968.47,1000.0,-1.38,福島,東北,9,3,6,0,0.3333,44.0,56.0,-12.0,2025-05-16,2026-07-11
3567,長野吉田,968.46,1000.0,-4.39,長野,北信越,5,1,4,0,0.2,16.0,30.0,-14.0,2025-05-10,2026-07-07
3568,伊豆伊東,968.43,1000.0,-1.42,静岡,東海,6,1,5,0,0.1667,10.0,25.0,-15.0,2025-04-19,2026-07-05
3569,波崎,968.42,1000.0,-1.03,茨城,関東・東京,4,0,4,0,0.0,12.0,19.0,-7.0,2025-04-19,2026-07-05
3570,留萌,968.38,1000.0,-9.79,北海道,北海道,7,3,4,0,0.4286,29.0,79.0,-50.0,2025-05-26,2026-07-07
3571,市原八幡,968.35,1000.0,0.63,千葉,関東・東京,5,1,4,0,0.2,16.0,56.0,-40.0,2025-04-19,2026-07-09
3572,吉良,968.33,1000.0,2.72,愛知,東海,8,2,6,0,0.25,20.0,50.0,-30.0,2025-04-12,2026-06-28
3573,出水商業,968.31,1000.0,1.49,鹿児島,九州,5,1,4,0,0.2,13.0,36.0,-23.0,2025-03-23,2026-07-06
3574,いずみ,968.31,1000.0,-0.08,埼玉,関東・東京,5,1,4,0,0.2,13.0,41.0,-28.0,2025-04-24,2026-07-09
3575,水沢第一,968.3,1000.0,3.8,宮城,東北,8,2,6,0,0.25,31.0,63.0,-32.0,2025-05-16,2026-07-14
3576,都留興譲館,968.29,1000.0,-0.05,山梨,関東・東京,5,1,4,0,0.2,15.0,37.0,-22.0,2025-04-12,2026-07-06
3577,東予,968.28,1000.0,-7.48,愛媛,四国,2,0,2,0,0.0,5.0,20.0,-15.0,2025-07-15,2026-03-21
3578,多久・厳木,968.27,1000.0,-9.64,佐賀,九州,2,0,2,0,0.0,2.0,14.0,-12.0,2025-03-20,2026-03-20
3579,葺合,968.24,1000.0,0.49,兵庫,近畿,5,1,4,0,0.2,8.0,36.0,-28.0,2025-04-19,2026-07-10
3580,横手清陵,968.23,1000.0,0.62,岩手,東北,5,1,4,0,0.2,7.0,32.0,-25.0,2025-05-14,2026-07-14
3581,AOIKE,968.21,1000.0,-10.7,富山,北信越,2,0,2,0,0.0,1.0,15.0,-14.0,2026-04-25,2026-07-12
3582,堺上・和泉総合,968.16,1000.0,8.38,大阪,近畿,4,0,4,0,0.0,9.0,29.0,-20.0,2025-04-05,2026-07-16
3583,木本,968.16,1000.0,-4.97,三重,東海,3,0,3,0,0.0,3.0,25.0,-22.0,2025-04-12,2025-07-06
3584,一宮工科,968.13,1000.0,2.72,愛知,東海,7,1,6,0,0.1429,49.0,78.0,-29.0,2025-04-12,2026-07-05
3585,豊岡,968.12,1000.0,0.49,兵庫,近畿,11,3,8,0,0.2727,52.0,72.0,-20.0,2025-04-19,2026-07-14
3586,所沢,968.1,1000.0,-0.08,埼玉,関東・東京,5,1,4,0,0.2,19.0,45.0,-26.0,2025-04-24,2026-07-09
3587,本郷,968.06,1000.0,2.37,東京,関東・東京,4,0,4,0,0.0,10.0,28.0,-18.0,2025-04-04,2026-07-12
3588,山梨,968.05,1000.0,-0.05,山梨,関東・東京,5,1,4,0,0.2,19.0,44.0,-25.0,2025-04-19,2026-07-11
3589,奄美,968.04,1000.0,1.49,鹿児島,九州,5,1,4,0,0.2,12.0,37.0,-25.0,2025-03-21,2026-07-10
3590,田川科学技術・東鷹,967.99,1000.0,2.09,福岡,九州,3,0,3,0,0.0,8.0,30.0,-22.0,2025-03-20,2026-07-09
3591,河南,967.97,1000.0,8.38,大阪,近畿,4,0,4,0,0.0,15.0,34.0,-19.0,2025-04-19,2026-07-12
3592,美里,967.95,1000.0,1.73,沖縄,九州,3,0,3,0,0.0,4.0,37.0,-33.0,2025-03-21,2026-03-21
3593,青山,967.92,1000.0,2.37,東京,関東・東京,12,4,8,0,0.3333,53.0,114.0,-61.0,2025-04-04,2026-07-19
3594,御津・鷲羽・緑陽,967.92,1000.0,-7.46,鳥取,中国,2,0,2,0,0.0,4.0,20.0,-16.0,2025-07-16,2026-07-13
3595,尾北,967.88,1000.0,2.72,愛知,東海,8,2,6,0,0.25,32.0,69.0,-37.0,2025-04-12,2026-07-07
3596,小樽水産,967.86,1000.0,-9.79,北海道,北海道,2,0,2,0,0.0,1.0,14.0,-13.0,2026-05-13,2026-06-27
3597,中津北,967.83,1000.0,2.65,大分,九州,5,1,4,0,0.2,12.0,39.0,-27.0,2025-03-23,2026-07-06
3598,阿智,967.82,1000.0,-4.39,長野,北信越,3,0,3,0,0.0,9.0,23.0,-14.0,2025-07-07,2026-07-07
3599,真和,967.8,1000.0,-4.28,熊本,九州,5,1,4,0,0.2,14.0,27.0,-13.0,2025-03-23,2026-07-07
3600,市川南,967.79,1000.0,0.63,千葉,関東・東京,4,0,4,0,0.0,5.0,29.0,-24.0,2025-04-19,2026-07-09
3601,県立大附,967.77,1000.0,0.49,兵庫,近畿,4,0,4,0,0.0,4.0,31.0,-27.0,2025-04-19,2026-07-11
3602,岡山白陵,967.76,1000.0,-7.46,鳥取,中国,2,0,2,0,0.0,1.0,17.0,-16.0,2025-07-13,2026-07-11
3603,足羽,967.73,1000.0,1.72,福井,北信越,5,1,4,0,0.2,9.0,34.0,-25.0,2025-04-20,2026-07-19
3604,高松南,967.73,1000.0,-4.3,徳島,四国,5,1,4,0,0.2,14.0,24.0,-10.0,2025-03-22,2026-07-16
3605,広島井口,967.71,1000.0,-6.32,島根,中国,7,2,5,0,0.2857,37.0,41.0,-4.0,2025-04-19,2026-07-11
3606,白石工業,967.7,1000.0,-1.84,山形,東北,3,0,3,0,0.0,9.0,27.0,-18.0,2025-07-10,2026-07-11
3607,水海道一,967.65,1000.0,-1.03,茨城,関東・東京,3,0,3,0,0.0,6.0,29.0,-23.0,2025-07-06,2026-07-06
3608,明誠,967.6,1000.0,5.45,広島,中国,7,1,6,0,0.1429,43.0,34.0,9.0,2025-04-19,2026-07-13
3609,小山南,967.59,1000.0,-2.36,栃木,関東・東京,5,1,4,0,0.2,18.0,34.0,-16.0,2025-04-14,2026-07-15
3610,白山,967.58,1000.0,-4.97,三重,東海,12,4,8,0,0.3333,80.0,78.0,2.0,2025-04-12,2026-07-11
3611,丹羽,967.52,1000.0,2.72,愛知,東海,6,1,5,0,0.1667,28.0,58.0,-30.0,2025-04-12,2026-07-07
3612,誠恵,967.49,1000.0,-1.42,静岡,東海,7,2,5,0,0.2857,27.0,58.0,-31.0,2025-04-19,2026-07-04
3613,高根沢,967.48,1000.0,-2.36,栃木,関東・東京,5,1,4,0,0.2,22.0,52.0,-30.0,2025-04-12,2026-07-18
3614,山崎,967.48,1000.0,0.49,兵庫,近畿,4,0,4,0,0.0,16.0,31.0,-15.0,2025-04-19,2026-07-12
3615,下諏訪向陽,967.44,1000.0,-4.39,長野,北信越,5,1,4,0,0.2,10.0,42.0,-32.0,2025-05-10,2026-07-05
3616,倉敷翠松,967.4,1000.0,-7.46,鳥取,中国,4,1,3,0,0.25,8.0,20.0,-12.0,2025-07-15,2026-07-14
3617,八幡工業,967.39,1000.0,-0.81,滋賀,近畿,11,4,7,0,0.3636,40.0,56.0,-16.0,2025-03-22,2026-07-08
3618,岐阜東,967.39,1000.0,-2.62,岐阜,東海,8,2,6,0,0.25,25.0,50.0,-25.0,2025-04-12,2026-07-18
3619,城西大城西,967.33,1000.0,2.37,東京,関東・東京,12,4,8,0,0.3333,45.0,57.0,-12.0,2025-03-22,2026-07-12
3620,筑紫,967.33,1000.0,2.09,福岡,九州,4,0,4,0,0.0,16.0,24.0,-8.0,2025-03-21,2026-07-06
3621,首里東,967.3,1000.0,1.73,沖縄,九州,3,0,3,0,0.0,1.0,21.0,-20.0,2025-06-15,2026-06-23
3622,串本古座,967.29,1000.0,0.99,和歌山,近畿,3,0,3,0,0.0,6.0,26.0,-20.0,2025-07-15,2026-07-18
3623,東稜,967.28,1000.0,2.25,京都,近畿,12,4,8,0,0.3333,69.0,73.0,-4.0,2025-03-23,2026-07-16
3624,蒲郡,967.27,1000.0,2.72,愛知,東海,12,3,9,0,0.25,40.0,84.0,-44.0,2025-04-12,2026-07-07
3625,市伊丹,967.26,1000.0,0.49,兵庫,近畿,3,0,3,0,0.0,1.0,54.0,-53.0,2025-04-19,2026-07-09
3626,武蔵村山,967.14,1000.0,2.37,東京,関東・東京,4,0,4,0,0.0,14.0,42.0,-28.0,2025-04-04,2026-07-13
3627,下伊那農,967.13,1000.0,-4.39,長野,北信越,5,1,4,0,0.2,17.0,49.0,-32.0,2025-05-10,2026-07-05
3628,阿蘇中央,967.12,1000.0,-4.28,熊本,九州,6,2,4,0,0.3333,21.0,46.0,-25.0,2025-03-20,2026-07-08
3629,磐城桜が丘,967.11,1000.0,-1.38,福島,東北,9,3,6,0,0.3333,42.0,84.0,-42.0,2025-05-16,2026-07-15
3630,更級農,967.07,1000.0,-4.39,長野,北信越,5,1,4,0,0.2,11.0,28.0,-17.0,2025-05-10,2026-07-05
3631,八代,967.06,1000.0,-4.28,熊本,九州,6,2,4,0,0.3333,17.0,42.0,-25.0,2025-03-22,2026-07-14
3632,大森,967.06,1000.0,2.37,東京,関東・東京,6,2,4,0,0.3333,31.0,50.0,-19.0,2025-04-04,2026-07-07
3633,飯山,967.05,1000.0,-4.39,長野,北信越,5,1,4,0,0.2,10.0,48.0,-38.0,2025-05-10,2026-07-08
3634,西和賀,967.03,1000.0,3.8,宮城,東北,10,3,7,0,0.3,24.0,75.0,-51.0,2025-05-16,2026-07-11
3635,指宿,967.03,1000.0,1.49,鹿児島,九州,5,1,4,0,0.2,25.0,41.0,-16.0,2025-03-23,2026-07-09
3636,焼津中央,967.02,1000.0,-1.42,静岡,東海,9,3,6,0,0.3333,14.0,33.0,-19.0,2025-04-19,2026-07-05
3637,西大和学園,966.98,1000.0,3.92,奈良,近畿,5,1,4,0,0.2,19.0,47.0,-28.0,2025-04-19,2026-07-13
3638,藤枝北,966.93,1000.0,-1.42,静岡,東海,5,1,4,0,0.2,12.0,48.0,-36.0,2025-04-19,2026-07-04
3639,常翔学園,966.89,1000.0,8.38,大阪,近畿,4,0,4,0,0.0,5.0,29.0,-24.0,2025-04-06,2026-07-14
3640,住吉,966.77,1000.0,4.44,神奈川,関東・東京,12,4,8,0,0.3333,40.0,88.0,-48.0,2025-04-12,2026-07-14
3641,滑川,966.68,1000.0,-10.7,富山,北信越,6,2,4,0,0.3333,17.0,27.0,-10.0,2025-04-26,2026-07-12
3642,西陵,966.68,1000.0,-0.81,長崎,九州,5,1,4,0,0.2,14.0,34.0,-20.0,2025-03-29,2026-07-07
3643,四商,966.66,1000.0,2.37,東京,関東・東京,5,1,4,0,0.2,17.0,42.0,-25.0,2025-04-04,2026-07-11
3644,鳥取中央育英,966.66,1000.0,1.62,岡山,中国,7,2,5,0,0.2857,20.0,44.0,-24.0,2025-04-21,2026-07-12
3645,旭川高専,966.64,1000.0,-9.79,北海道,北海道,6,2,4,0,0.3333,23.0,60.0,-37.0,2025-05-26,2026-06-26
3646,脇町,966.63,1000.0,-0.82,香川,四国,5,1,4,0,0.2,30.0,48.0,-18.0,2025-03-22,2026-07-13
3647,唐津南,966.62,1000.0,-9.64,佐賀,九州,6,2,4,0,0.3333,14.0,29.0,-15.0,2025-03-20,2026-07-08
3648,北広島西,966.61,1000.0,-9.79,北海道,北海道,2,0,2,0,0.0,0.0,14.0,-14.0,2025-05-26,2025-05-26
3649,奈女大附,966.59,1000.0,3.92,奈良,近畿,4,0,4,0,0.0,11.0,26.0,-15.0,2025-04-19,2026-07-11
3650,白岡,966.54,1000.0,-0.08,埼玉,関東・東京,4,0,4,0,0.0,11.0,33.0,-22.0,2025-04-24,2026-07-12
3651,富田,966.49,1000.0,2.72,愛知,東海,16,5,11,0,0.3125,62.0,110.0,-48.0,2025-04-12,2026-07-11
3652,雲雀丘学園,966.47,1000.0,0.49,兵庫,近畿,4,0,4,0,0.0,10.0,30.0,-20.0,2025-04-19,2026-07-11
3653,鹿児島高専,966.45,1000.0,1.49,鹿児島,九州,5,1,4,0,0.2,14.0,43.0,-29.0,2025-03-22,2026-07-09
3654,牛久栄進,966.44,1000.0,-1.03,茨城,関東・東京,4,0,4,0,0.0,8.0,26.0,-18.0,2025-04-19,2026-07-05
3655,沖永良部,966.38,1000.0,1.49,鹿児島,九州,3,0,3,0,0.0,5.0,28.0,-23.0,2025-03-22,2026-07-05
3656,都城西,966.37,1000.0,-7.87,宮崎,九州,5,1,4,0,0.2,25.0,28.0,-3.0,2025-03-28,2026-07-11
3657,高岡工芸,966.36,1000.0,-10.7,富山,北信越,6,2,4,0,0.3333,16.0,36.0,-20.0,2025-04-20,2026-07-10
3658,草加南,966.3,1000.0,-0.08,埼玉,関東・東京,4,0,4,0,0.0,26.0,41.0,-15.0,2025-04-24,2026-07-10
3659,小樽未来創造,966.29,1000.0,-9.79,北海道,北海道,4,1,3,0,0.25,31.0,54.0,-23.0,2025-05-26,2026-06-28
3660,杉戸,966.29,1000.0,-0.08,埼玉,関東・東京,5,1,4,0,0.2,19.0,57.0,-38.0,2025-04-24,2026-07-12
3661,吉原,966.29,1000.0,-1.42,静岡,東海,6,1,5,0,0.1667,22.0,44.0,-22.0,2025-04-19,2026-07-11
3662,厳木,966.29,1000.0,-9.64,佐賀,九州,2,0,2,0,0.0,1.0,22.0,-21.0,2025-07-07,2026-07-12
3663,彦根工業,966.27,1000.0,-0.81,滋賀,近畿,3,0,3,0,0.0,1.0,16.0,-15.0,2025-04-19,2026-04-11
3664,高鍋農業,966.23,1000.0,-7.87,宮崎,九州,2,0,2,0,0.0,0.0,19.0,-19.0,2025-07-08,2026-07-06
3665,札幌丘珠,966.2,1000.0,-9.79,北海道,北海道,5,1,4,0,0.2,27.0,25.0,2.0,2025-05-26,2026-06-28
3666,越谷総合技術,966.18,1000.0,-0.08,埼玉,関東・東京,3,0,3,0,0.0,2.0,36.0,-34.0,2025-07-10,2026-07-09
3667,香川高専高松,966.18,1000.0,-4.3,徳島,四国,5,1,4,0,0.2,14.0,33.0,-19.0,2025-03-20,2026-07-12
3668,高瀬,966.18,1000.0,-4.3,徳島,四国,5,1,4,0,0.2,15.0,32.0,-17.0,2025-03-23,2026-07-11
3669,河瀬,966.17,1000.0,-0.81,滋賀,近畿,5,1,4,0,0.2,14.0,31.0,-17.0,2025-04-20,2026-07-09
3670,斜里・津別,966.16,1000.0,-9.79,北海道,北海道,2,0,2,0,0.0,0.0,36.0,-36.0,2025-05-26,2025-05-26
3671,半田商業,966.13,1000.0,2.72,愛知,東海,7,1,6,0,0.1429,47.0,47.0,0.0,2025-04-12,2026-07-05
3672,刀根山,966.12,1000.0,8.38,大阪,近畿,4,0,4,0,0.0,7.0,29.0,-22.0,2025-04-20,2026-07-12
3673,北広島,966.1,1000.0,-9.79,北海道,北海道,6,2,4,0,0.3333,26.0,47.0,-21.0,2025-05-26,2026-06-25
3674,国分寺,966.09,1000.0,2.37,東京,関東・東京,5,1,4,0,0.2,18.0,40.0,-22.0,2025-04-04,2026-07-12
3675,江戸崎総合,966.05,1000.0,-1.03,茨城,関東・東京,3,0,3,0,0.0,1.0,35.0,-34.0,2025-07-10,2026-07-05
3676,焼津水産,966.04,1000.0,-1.42,静岡,東海,4,0,4,0,0.0,10.0,29.0,-19.0,2025-04-19,2026-07-05
3677,森・八雲,966.0,1000.0,-9.79,北海道,北海道,2,0,2,0,0.0,0.0,38.0,-38.0,2025-05-26,2025-05-26
3678,大宮開成,965.96,1000.0,-0.08,埼玉,関東・東京,4,0,4,0,0.0,13.0,50.0,-37.0,2025-04-24,2026-07-10
3679,尼崎北,965.91,1000.0,0.49,兵庫,近畿,4,0,4,0,0.0,3.0,23.0,-20.0,2025-04-19,2026-07-09
3680,須坂創成,965.85,1000.0,-4.39,長野,北信越,5,1,4,0,0.2,11.0,42.0,-31.0,2025-05-10,2026-07-05
3681,熊本農業,965.84,1000.0,-4.28,熊本,九州,5,1,4,0,0.2,13.0,29.0,-16.0,2025-03-23,2026-07-07
3682,真岡工,965.8,1000.0,-2.36,栃木,関東・東京,5,1,4,0,0.2,28.0,42.0,-14.0,2025-04-14,2026-07-10
3683,麻生,965.8,1000.0,4.44,神奈川,関東・東京,4,0,4,0,0.0,6.0,24.0,-18.0,2025-04-19,2026-07-08
3684,花巻農業,965.79,1000.0,3.8,宮城,東北,7,1,6,0,0.1429,20.0,48.0,-28.0,2025-05-16,2026-07-15
3685,龍野北,965.78,1000.0,0.49,兵庫,近畿,4,0,4,0,0.0,3.0,24.0,-21.0,2025-04-19,2026-07-12
3686,自由ヶ丘学園,965.77,1000.0,2.37,東京,関東・東京,4,0,4,0,0.0,9.0,24.0,-15.0,2025-04-04,2026-07-05
3687,甲府一,965.76,1000.0,-0.05,山梨,関東・東京,5,1,4,0,0.2,14.0,36.0,-22.0,2025-04-12,2026-07-09
3688,国分,965.72,1000.0,1.49,鹿児島,九州,11,3,8,0,0.2727,41.0,58.0,-17.0,2025-03-23,2026-07-15
3689,野洲,965.72,1000.0,-0.81,滋賀,近畿,5,1,4,0,0.2,9.0,31.0,-22.0,2025-04-19,2026-07-12
3690,魚津工,965.6,1000.0,-10.7,富山,北信越,2,0,2,0,0.0,1.0,17.0,-16.0,2025-04-20,2025-07-13
3691,高専.商・標・厚翔・霧,965.6,1000.0,-9.79,北海道,北海道,2,0,2,0,0.0,2.0,24.0,-22.0,2025-05-26,2025-05-26
3692,川越西,965.59,1000.0,-0.08,埼玉,関東・東京,4,0,4,0,0.0,16.0,37.0,-21.0,2025-04-24,2026-07-10
3693,由利工業,965.57,1000.0,0.62,岩手,東北,4,0,4,0,0.0,7.0,13.0,-6.0,2025-05-10,2026-07-10
3694,水戸三,965.56,1000.0,-1.03,茨城,関東・東京,3,0,3,0,0.0,7.0,42.0,-35.0,2025-07-07,2026-07-06
3695,聖徳学園,965.56,1000.0,2.37,東京,関東・東京,4,0,4,0,0.0,4.0,22.0,-18.0,2025-04-04,2026-07-11
3696,五日市・八王子桑志・松原,965.52,1000.0,2.37,東京,関東・東京,3,0,3,0,0.0,6.0,38.0,-32.0,2025-07-11,2026-07-12
3697,郡上,965.51,1000.0,-2.62,岐阜,東海,6,1,5,0,0.1667,25.0,44.0,-19.0,2025-04-12,2026-07-11
3698,連合,965.5,1000.0,-9.79,北海道,北海道,2,0,2,0,0.0,0.0,20.0,-20.0,2025-05-26,2025-05-26
3699,国府台,965.48,1000.0,0.63,千葉,関東・東京,4,0,4,0,0.0,11.0,50.0,-39.0,2025-04-19,2026-07-09
3700,沼津高専,965.47,1000.0,-1.42,静岡,東海,4,0,4,0,0.0,16.0,41.0,-25.0,2025-04-19,2026-07-05
3701,野沢南,965.45,1000.0,-4.39,長野,北信越,5,1,4,0,0.2,19.0,56.0,-37.0,2025-05-10,2026-07-07
3702,秋留台,965.44,1000.0,2.37,東京,関東・東京,3,0,3,0,0.0,4.0,53.0,-49.0,2025-07-06,2026-07-11
3703,清瀬,965.41,1000.0,2.37,東京,関東・東京,5,1,4,0,0.2,13.0,52.0,-39.0,2025-04-04,2026-07-08
3704,高経大附,965.37,1000.0,3.22,群馬,関東・東京,4,0,4,0,0.0,9.0,20.0,-11.0,2025-04-12,2026-07-05
3705,佐賀西,965.32,1000.0,-9.64,佐賀,九州,6,2,4,0,0.3333,12.0,28.0,-16.0,2025-03-22,2026-07-07
3706,南宇和,965.32,1000.0,-7.48,愛媛,四国,3,0,3,0,0.0,12.0,31.0,-19.0,2025-03-21,2026-07-13
3707,宇陀,965.31,1000.0,3.92,奈良,近畿,5,1,4,0,0.2,13.0,66.0,-53.0,2025-04-19,2026-07-18
3708,札幌手稲,965.24,1000.0,-9.79,北海道,北海道,6,2,4,0,0.3333,16.0,35.0,-19.0,2025-05-26,2026-06-22
3709,栄東,965.21,1000.0,-0.08,埼玉,関東・東京,4,0,4,0,0.0,15.0,39.0,-24.0,2025-04-24,2026-07-12
3710,本庄,965.19,1000.0,-0.08,埼玉,関東・東京,13,5,8,0,0.3846,56.0,75.0,-19.0,2025-03-23,2026-07-15
3711,日新,965.15,1000.0,8.38,大阪,近畿,4,0,4,0,0.0,8.0,49.0,-41.0,2025-04-06,2026-07-12
3712,関,965.12,1000.0,-2.62,岐阜,東海,4,0,4,0,0.0,14.0,32.0,-18.0,2025-04-12,2026-07-05
3713,榛原,965.11,1000.0,-1.42,静岡,東海,6,1,5,0,0.1667,14.0,30.0,-16.0,2025-04-19,2026-07-05
3714,札幌西,965.1,1000.0,-9.79,北海道,北海道,5,1,4,0,0.2,30.0,33.0,-3.0,2025-05-26,2026-06-29
3715,名張青峰,965.09,1000.0,-4.97,三重,東海,8,2,6,0,0.25,41.0,39.0,2.0,2025-04-12,2026-07-11
3716,京都すばる,965.09,1000.0,2.25,京都,近畿,4,0,4,0,0.0,16.0,28.0,-12.0,2025-04-20,2026-07-11
3717,栗東,965.06,1000.0,-0.81,滋賀,近畿,3,0,3,0,0.0,1.0,24.0,-23.0,2025-07-13,2026-07-09
3718,福山誠之館,965.05,1000.0,-6.32,島根,中国,7,2,5,0,0.2857,22.0,71.0,-49.0,2025-04-19,2026-03-28
3719,広尾学園,965.02,1000.0,2.37,東京,関東・東京,3,0,3,0,0.0,5.0,60.0,-55.0,2025-07-12,2026-07-05
3720,上下,965.02,1000.0,-6.32,島根,中国,5,1,4,0,0.2,10.0,29.0,-19.0,2025-07-06,2026-07-10
3721,川越初雁,964.98,1000.0,-0.08,埼玉,関東・東京,4,0,4,0,0.0,19.0,41.0,-22.0,2025-04-24,2026-07-11
3722,仙台向山,964.98,1000.0,-1.84,山形,東北,8,2,6,0,0.25,22.0,61.0,-39.0,2025-05-16,2026-07-16
3723,富岳館,964.92,1000.0,-1.42,静岡,東海,6,1,5,0,0.1667,7.0,27.0,-20.0,2025-04-19,2026-07-04
3724,和歌山高専,964.91,1000.0,0.99,和歌山,近畿,5,1,4,0,0.2,13.0,31.0,-18.0,2025-04-13,2026-07-14
3725,京都明徳,964.89,1000.0,2.25,京都,近畿,4,0,4,0,0.0,9.0,28.0,-19.0,2025-04-20,2026-07-11
3726,飯田風越,964.87,1000.0,-4.39,長野,北信越,4,0,4,0,0.0,14.0,25.0,-11.0,2025-05-10,2026-07-05
3727,鹿追・清水・広尾・更別農業,964.84,1000.0,-9.79,北海道,北海道,2,0,2,0,0.0,0.0,38.0,-38.0,2025-05-26,2025-05-26
3728,行橋,964.84,1000.0,2.09,福岡,九州,3,0,3,0,0.0,1.0,28.0,-27.0,2025-07-06,2026-07-06
3729,長岡向陵,964.83,1000.0,-5.27,新潟,北信越,5,1,4,0,0.2,17.0,30.0,-13.0,2025-04-27,2026-07-10
3730,県尼崎,964.82,1000.0,0.49,兵庫,近畿,4,0,4,0,0.0,1.0,30.0,-29.0,2025-04-19,2026-07-11
3731,稲生,964.81,1000.0,-4.97,三重,東海,9,3,6,0,0.3333,38.0,69.0,-31.0,2025-04-12,2026-07-11
3732,岐南工,964.8,1000.0,-2.62,岐阜,東海,6,1,5,0,0.1667,13.0,32.0,-19.0,2025-04-12,2026-07-11
3733,因島,964.79,1000.0,-6.32,島根,中国,3,0,3,0,0.0,4.0,42.0,-38.0,2025-04-19,2025-07-13
3734,益田,964.77,1000.0,5.45,広島,中国,4,0,4,0,0.0,5.0,34.0,-29.0,2025-04-20,2026-07-13
3735,呉羽・富山南・富山西,964.69,1000.0,-10.7,富山,北信越,2,0,2,0,0.0,0.0,19.0,-19.0,2025-07-13,2026-04-19
3736,両国,964.68,1000.0,2.37,東京,関東・東京,3,0,3,0,0.0,1.0,42.0,-41.0,2025-07-05,2026-07-12
3737,八雲,964.65,1000.0,-9.79,北海道,北海道,2,0,2,0,0.0,3.0,23.0,-20.0,2026-05-09,2026-06-24
3738,宇都宮白楊,964.62,1000.0,-2.36,栃木,関東・東京,5,1,4,0,0.2,14.0,33.0,-19.0,2025-04-20,2026-07-12
3739,琴平,964.62,1000.0,-4.3,徳島,四国,3,0,3,0,0.0,11.0,28.0,-17.0,2025-03-22,2026-03-21
3740,六郷工科,964.58,1000.0,2.37,東京,関東・東京,3,0,3,0,0.0,6.0,71.0,-65.0,2025-07-11,2026-07-11
3741,一条,964.56,1000.0,3.92,奈良,近畿,4,0,4,0,0.0,14.0,31.0,-17.0,2025-04-26,2026-07-13
3742,日向,964.55,1000.0,-7.87,宮崎,九州,5,1,4,0,0.2,17.0,25.0,-8.0,2025-03-23,2026-07-08
3743,昭和一学園,964.54,1000.0,2.37,東京,関東・東京,4,0,4,0,0.0,24.0,35.0,-11.0,2025-04-04,2026-07-10
3744,釧路高専,964.53,1000.0,-9.79,北海道,北海道,2,0,2,0,0.0,2.0,25.0,-23.0,2026-05-12,2026-06-28
3745,人吉,964.53,1000.0,-4.28,熊本,九州,5,1,4,0,0.2,18.0,41.0,-23.0,2025-03-24,2026-07-08
3746,七尾東雲,964.53,1000.0,6.19,石川,北信越,4,0,4,0,0.0,4.0,37.0,-33.0,2025-04-20,2026-07-12
3747,林野,964.5,1000.0,-7.46,鳥取,中国,5,1,4,0,0.2,18.0,43.0,-25.0,2025-04-26,2026-07-11
3748,八尾,964.47,1000.0,8.38,大阪,近畿,12,4,8,0,0.3333,48.0,95.0,-47.0,2025-04-19,2026-07-17
3749,同志社国際,964.4,1000.0,2.25,京都,近畿,4,0,4,0,0.0,6.0,27.0,-21.0,2025-04-19,2026-07-07
3750,古川,964.38,1000.0,-1.84,山形,東北,8,2,6,0,0.25,28.0,45.0,-17.0,2025-05-16,2026-07-14
3751,多度津,964.25,1000.0,-4.3,徳島,四国,5,1,4,0,0.2,16.0,31.0,-15.0,2025-03-22,2026-07-13
3752,つるぎ,964.24,1000.0,-0.82,香川,四国,5,1,4,0,0.2,11.0,38.0,-27.0,2025-03-23,2026-07-14
3753,柏崎工,964.22,1000.0,-5.27,新潟,北信越,5,1,4,0,0.2,23.0,36.0,-13.0,2025-04-26,2026-07-14
3754,名張,964.2,1000.0,-4.97,三重,東海,8,2,6,0,0.25,34.0,58.0,-24.0,2025-04-12,2026-07-19
3755,松本県ケ丘,964.19,1000.0,-4.39,長野,北信越,4,0,4,0,0.0,14.0,38.0,-24.0,2025-05-10,2026-07-04
3756,宇治山田,964.16,1000.0,-4.97,三重,東海,6,1,5,0,0.1667,16.0,28.0,-12.0,2025-07-08,2026-07-04
3757,伊奈,964.13,1000.0,-1.03,茨城,関東・東京,5,1,4,0,0.2,21.0,38.0,-17.0,2025-04-19,2026-07-12
3758,新居浜工,964.11,1000.0,-7.48,愛媛,四国,5,1,4,0,0.2,19.0,29.0,-10.0,2025-03-20,2026-07-13
3759,戸手,964.09,1000.0,-6.32,島根,中国,9,3,6,0,0.3333,34.0,82.0,-48.0,2025-04-19,2026-07-06
3760,高取国際,964.06,1000.0,3.92,奈良,近畿,4,0,4,0,0.0,5.0,28.0,-23.0,2025-04-12,2026-07-11
3761,小笠,963.94,1000.0,-1.42,静岡,東海,4,0,4,0,0.0,7.0,48.0,-41.0,2025-04-19,2026-07-05
3762,香住,963.91,1000.0,0.49,兵庫,近畿,4,0,4,0,0.0,5.0,30.0,-25.0,2025-04-19,2026-07-09
3763,相良,963.89,1000.0,-1.42,静岡,東海,4,0,4,0,0.0,11.0,38.0,-27.0,2025-04-19,2026-07-04
3764,京華,963.88,1000.0,2.37,東京,関東・東京,4,0,4,0,0.0,43.0,58.0,-15.0,2025-04-04,2026-07-05
3765,三原,963.87,1000.0,-6.32,島根,中国,8,2,6,0,0.25,31.0,35.0,-4.0,2025-04-19,2026-07-12
3766,明桜館,963.87,1000.0,1.49,鹿児島,九州,3,0,3,0,0.0,2.0,32.0,-30.0,2025-07-05,2026-07-08
3767,長野高専,963.84,1000.0,-4.39,長野,北信越,3,0,3,0,0.0,5.0,34.0,-29.0,2025-07-06,2026-07-08
3768,上五島,963.72,1000.0,-0.81,長崎,九州,3,0,3,0,0.0,7.0,36.0,-29.0,2025-03-25,2026-03-21
3769,池新田,963.69,1000.0,-1.42,静岡,東海,6,1,5,0,0.1667,17.0,38.0,-21.0,2025-04-19,2026-07-04
3770,伊豆総合,963.69,1000.0,-1.42,静岡,東海,4,0,4,0,0.0,3.0,30.0,-27.0,2025-04-19,2026-07-05
3771,鶴ヶ島清風,963.59,1000.0,-0.08,埼玉,関東・東京,4,0,4,0,0.0,7.0,39.0,-32.0,2025-04-24,2026-07-09
3772,常滑,963.57,1000.0,2.72,愛知,東海,9,2,7,0,0.2222,19.0,80.0,-61.0,2025-04-12,2026-07-18
3773,三池,963.55,1000.0,2.09,福岡,九州,5,1,4,0,0.2,10.0,48.0,-38.0,2025-03-22,2026-07-09
3774,有明高専,963.45,1000.0,2.09,福岡,九州,4,0,4,0,0.0,11.0,40.0,-29.0,2025-03-20,2026-07-06
3775,永山,963.43,1000.0,2.37,東京,関東・東京,4,0,4,0,0.0,7.0,34.0,-27.0,2025-04-04,2026-07-12
3776,松戸向陽,963.41,1000.0,0.63,千葉,関東・東京,4,0,4,0,0.0,2.0,40.0,-38.0,2025-04-19,2026-07-09
3777,都留,963.39,1000.0,-0.05,山梨,関東・東京,5,1,4,0,0.2,13.0,43.0,-30.0,2025-04-20,2026-07-09
3778,由利,963.36,1000.0,0.62,岩手,東北,4,0,4,0,0.0,10.0,29.0,-19.0,2025-05-12,2026-07-09
3779,岡山南,963.34,1000.0,-7.46,鳥取,中国,5,1,4,0,0.2,15.0,43.0,-28.0,2025-04-26,2026-07-15
3780,鵬学園,963.3,1000.0,6.19,石川,北信越,4,0,4,0,0.0,4.0,28.0,-24.0,2025-04-27,2026-07-11
3781,江別,963.27,1000.0,-9.79,北海道,北海道,6,2,4,0,0.3333,15.0,38.0,-23.0,2025-05-26,2026-06-23
3782,宮崎北,963.24,1000.0,-7.87,宮崎,九州,5,1,4,0,0.2,23.0,33.0,-10.0,2025-03-22,2026-07-05
3783,仙台高専名取,963.22,1000.0,-1.84,山形,東北,8,2,6,0,0.25,24.0,60.0,-36.0,2025-05-16,2026-07-13
3784,岩倉総合,963.17,1000.0,2.72,愛知,東海,7,1,6,0,0.1429,21.0,46.0,-25.0,2025-04-12,2026-07-04
3785,山形工業,963.17,1000.0,-6.25,秋田,東北,5,1,4,0,0.2,15.0,27.0,-12.0,2025-05-10,2026-07-12
3786,新津工,963.13,1000.0,-5.27,新潟,北信越,5,1,4,0,0.2,19.0,54.0,-35.0,2025-04-26,2026-07-15
3787,砺波工,963.12,1000.0,-10.7,富山,北信越,5,1,4,0,0.2,20.0,29.0,-9.0,2025-04-26,2026-07-10
3788,半田農,963.09,1000.0,2.72,愛知,東海,4,0,4,0,0.0,13.0,61.0,-48.0,2025-06-29,2026-07-07
3789,小国,963.05,1000.0,-4.28,熊本,九州,5,1,4,0,0.2,8.0,36.0,-28.0,2025-03-22,2026-07-11
3790,苫小牧西・えりも・富川,963.04,1000.0,-9.79,北海道,北海道,3,0,3,0,0.0,12.0,25.0,-13.0,2025-05-26,2026-05-11
3791,我孫子二階堂,962.99,1000.0,0.63,千葉,関東・東京,4,0,4,0,0.0,5.0,32.0,-27.0,2025-04-19,2026-07-09
3792,都城泉ヶ丘,962.99,1000.0,-7.87,宮崎,九州,5,1,4,0,0.2,26.0,39.0,-13.0,2025-03-24,2026-07-11
3793,小千谷西,962.96,1000.0,-5.27,新潟,北信越,5,1,4,0,0.2,23.0,42.0,-19.0,2025-04-28,2026-07-15
3794,村山産業,962.95,1000.0,-6.25,秋田,東北,5,1,4,0,0.2,15.0,32.0,-17.0,2025-05-09,2026-07-11
3795,所沢商業,962.95,1000.0,-0.08,埼玉,関東・東京,4,0,4,0,0.0,2.0,50.0,-48.0,2025-04-24,2026-07-11
3796,大分国際情報,962.9,1000.0,2.65,大分,九州,4,0,4,0,0.0,7.0,25.0,-18.0,2025-03-23,2026-07-08
3797,洛東,962.86,1000.0,2.25,京都,近畿,4,0,4,0,0.0,12.0,31.0,-19.0,2025-04-19,2026-07-12
3798,半田東,962.85,1000.0,2.72,愛知,東海,7,1,6,0,0.1429,29.0,71.0,-42.0,2025-04-12,2026-07-04
3799,工業高専,962.84,1000.0,8.38,大阪,近畿,4,0,4,0,0.0,2.0,68.0,-66.0,2025-04-12,2026-07-14
3800,磐田北,962.84,1000.0,-1.42,静岡,東海,4,0,4,0,0.0,11.0,33.0,-22.0,2025-04-19,2026-07-05
3801,大阪星光学院,962.74,1000.0,8.38,大阪,近畿,4,0,4,0,0.0,4.0,32.0,-28.0,2025-04-19,2026-07-11
3802,米沢東,962.65,1000.0,-6.25,秋田,東北,5,1,4,0,0.2,27.0,44.0,-17.0,2025-05-11,2026-07-10
3803,日南,962.61,1000.0,-7.87,宮崎,九州,5,1,4,0,0.2,28.0,39.0,-11.0,2025-03-23,2026-07-11
3804,鶴来,962.57,1000.0,6.19,石川,北信越,4,0,4,0,0.0,5.0,41.0,-36.0,2025-04-20,2026-07-12
3805,興陽,962.56,1000.0,3.22,群馬,関東・東京,9,2,7,0,0.2222,32.0,58.0,-26.0,2025-04-13,2026-07-11
3806,岩手,962.55,1000.0,3.8,宮城,東北,7,1,6,0,0.1429,16.0,66.0,-50.0,2025-05-16,2026-07-14
3807,福山葦陽,962.55,1000.0,-6.32,島根,中国,8,2,6,0,0.25,28.0,51.0,-23.0,2025-04-19,2026-07-15
3808,大分鶴崎,962.55,1000.0,2.65,大分,九州,4,0,4,0,0.0,8.0,23.0,-15.0,2025-03-23,2026-07-12
3809,加計芸北,962.54,1000.0,-6.32,島根,中国,5,1,4,0,0.2,25.0,48.0,-23.0,2025-07-06,2026-07-07
3810,吹上,962.54,1000.0,1.49,鹿児島,九州,4,0,4,0,0.0,7.0,25.0,-18.0,2025-03-24,2026-07-05
3811,大島商船,962.49,1000.0,-1.06,山口,中国,3,0,3,0,0.0,0.0,29.0,-29.0,2025-07-13,2026-07-13
3812,淀商,962.41,1000.0,8.38,大阪,近畿,4,0,4,0,0.0,9.0,39.0,-30.0,2025-04-12,2026-07-13
3813,伊予,962.41,1000.0,-7.48,愛媛,四国,5,1,4,0,0.2,10.0,30.0,-20.0,2025-03-20,2026-07-14
3814,枚方なぎさ,962.35,1000.0,8.38,大阪,近畿,4,0,4,0,0.0,4.0,59.0,-55.0,2025-04-12,2026-07-11
3815,札幌南,962.33,1000.0,-9.79,北海道,北海道,5,1,4,0,0.2,20.0,30.0,-10.0,2025-05-26,2026-06-26
3816,駒込,962.32,1000.0,2.37,東京,関東・東京,4,0,4,0,0.0,13.0,41.0,-28.0,2025-04-04,2026-07-12
3817,園芸,962.29,1000.0,8.38,大阪,近畿,4,0,4,0,0.0,2.0,39.0,-37.0,2025-04-06,2026-07-11
3818,鉾田二,962.19,1000.0,-1.03,茨城,関東・東京,4,0,4,0,0.0,3.0,30.0,-27.0,2025-04-19,2026-07-10
3819,新座柳瀬,962.19,1000.0,-0.08,埼玉,関東・東京,4,0,4,0,0.0,6.0,30.0,-24.0,2025-04-24,2026-07-09
3820,淵江,962.15,1000.0,2.37,東京,関東・東京,4,0,4,0,0.0,15.0,46.0,-31.0,2025-04-04,2026-07-09
3821,出雲西,962.13,1000.0,5.45,広島,中国,4,0,4,0,0.0,1.0,53.0,-52.0,2025-04-18,2026-07-13
3822,大麻,962.13,1000.0,-9.79,北海道,北海道,7,2,5,0,0.2857,21.0,36.0,-15.0,2025-05-26,2026-06-29
3823,熊谷農業,962.11,1000.0,-0.08,埼玉,関東・東京,4,0,4,0,0.0,6.0,35.0,-29.0,2025-04-24,2026-07-10
3824,清真学園,962.07,1000.0,-1.03,茨城,関東・東京,4,0,4,0,0.0,3.0,32.0,-29.0,2025-04-19,2026-07-06
3825,添上,962.06,1000.0,3.92,奈良,近畿,4,0,4,0,0.0,7.0,44.0,-37.0,2025-04-12,2026-07-12
3826,唐津東,962.02,1000.0,-9.64,佐賀,九州,5,1,4,0,0.2,11.0,28.0,-17.0,2025-03-21,2026-07-08
3827,練馬工科,962.02,1000.0,2.37,東京,関東・東京,4,0,4,0,0.0,9.0,49.0,-40.0,2025-04-04,2026-07-07
3828,小平,962.0,1000.0,2.37,東京,関東・東京,4,0,4,0,0.0,10.0,36.0,-26.0,2025-04-04,2026-07-11
3829,韮崎工業,961.95,1000.0,-0.05,山梨,関東・東京,4,0,4,0,0.0,6.0,26.0,-20.0,2025-04-19,2026-07-11
3830,富山いずみ,961.93,1000.0,-10.7,富山,北信越,5,1,4,0,0.2,26.0,44.0,-18.0,2025-04-19,2026-07-10
3831,浜田商業,961.88,1000.0,5.45,広島,中国,4,0,4,0,0.0,4.0,33.0,-29.0,2025-04-18,2026-07-12
3832,南丹,961.85,1000.0,2.25,京都,近畿,4,0,4,0,0.0,10.0,40.0,-30.0,2025-04-20,2026-07-08
3833,上尾南,961.83,1000.0,-0.08,埼玉,関東・東京,4,0,4,0,0.0,14.0,42.0,-28.0,2025-04-24,2026-07-09
3834,中間,961.81,1000.0,2.09,福岡,九州,4,0,4,0,0.0,3.0,19.0,-16.0,2025-03-23,2026-07-07
3835,国際基督教大高,961.71,1000.0,2.37,東京,関東・東京,4,0,4,0,0.0,7.0,36.0,-29.0,2025-04-04,2026-07-07
3836,岩槻商業,961.7,1000.0,-0.08,埼玉,関東・東京,4,0,4,0,0.0,13.0,40.0,-27.0,2025-04-24,2026-07-10
3837,恵庭南,961.64,1000.0,-9.79,北海道,北海道,6,2,4,0,0.3333,11.0,37.0,-26.0,2025-05-26,2026-06-28
3838,徳島市立,961.64,1000.0,-0.82,香川,四国,4,0,4,0,0.0,9.0,23.0,-14.0,2025-03-20,2026-07-12
3839,城陽,961.63,1000.0,2.25,京都,近畿,4,0,4,0,0.0,4.0,30.0,-26.0,2025-04-20,2026-07-12
3840,昭和鉄道,961.61,1000.0,2.37,東京,関東・東京,4,0,4,0,0.0,3.0,39.0,-36.0,2025-04-04,2026-07-05
3841,武雄,961.61,1000.0,-9.64,佐賀,九州,5,1,4,0,0.2,13.0,22.0,-9.0,2025-03-21,2026-07-11
3842,向陽,961.58,1000.0,2.72,愛知,近畿,28,12,16,0,0.4286,120.0,166.0,-46.0,2025-04-12,2026-07-20
3843,亀山,961.58,1000.0,-4.97,三重,東海,5,1,4,0,0.2,11.0,42.0,-31.0,2025-07-07,2026-07-11
3844,白井,961.57,1000.0,0.63,千葉,関東・東京,4,0,4,0,0.0,3.0,36.0,-33.0,2025-04-19,2026-07-09
3845,科学技術,961.53,1000.0,-1.42,静岡,東海,22,8,14,0,0.3636,84.0,90.0,-6.0,2025-04-19,2026-07-14
3846,御殿場,961.48,1000.0,-1.42,静岡,東海,6,1,5,0,0.1667,10.0,35.0,-25.0,2025-04-19,2026-07-04
3847,八代清流,961.48,1000.0,-4.28,熊本,九州,3,0,3,0,0.0,4.0,23.0,-19.0,2025-03-20,2026-07-09
3848,遠野,961.47,1000.0,3.8,宮城,東北,9,2,7,0,0.2222,25.0,61.0,-36.0,2025-05-16,2026-07-16
3849,宮古総実・宮古工業,961.45,1000.0,1.73,沖縄,九州,4,0,4,0,0.0,9.0,39.0,-30.0,2025-03-24,2026-06-13
3850,高槻,961.44,1000.0,8.38,大阪,近畿,4,0,4,0,0.0,11.0,51.0,-40.0,2025-04-19,2026-07-11
3851,松川,961.44,1000.0,-4.39,長野,北信越,3,0,3,0,0.0,3.0,37.0,-34.0,2025-05-10,2026-07-07
3852,恵庭北,961.34,1000.0,-9.79,北海道,北海道,5,1,4,0,0.2,9.0,37.0,-28.0,2025-05-26,2026-06-28
3853,倉敷古城池,961.34,1000.0,-7.46,鳥取,中国,3,0,3,0,0.0,2.0,27.0,-25.0,2025-07-16,2026-07-13
3854,早良,961.31,1000.0,2.09,福岡,九州,4,0,4,0,0.0,15.0,35.0,-20.0,2025-03-23,2026-07-06
3855,伊達開来,961.3,1000.0,-9.79,北海道,北海道,5,1,4,0,0.2,21.0,34.0,-13.0,2025-05-26,2026-06-25
3856,さくら清修,961.22,1000.0,-2.36,栃木,関東・東京,3,0,3,0,0.0,2.0,36.0,-34.0,2025-07-12,2026-07-09
3857,増田・羽後,961.22,1000.0,0.62,岩手,東北,4,0,4,0,0.0,7.0,27.0,-20.0,2025-05-12,2026-07-10
3858,旭川農業,961.12,1000.0,-9.79,北海道,北海道,5,1,4,0,0.2,22.0,48.0,-26.0,2025-05-26,2026-06-28
3859,わせがく,961.12,1000.0,0.63,千葉,関東・東京,4,0,4,0,0.0,4.0,44.0,-40.0,2025-04-19,2026-07-13
3860,柏の葉,961.09,1000.0,0.63,千葉,関東・東京,4,0,4,0,0.0,6.0,54.0,-48.0,2025-04-19,2026-07-13
3861,淳心学院,961.07,1000.0,0.49,兵庫,近畿,4,0,4,0,0.0,0.0,41.0,-41.0,2025-04-19,2026-07-05
3862,種子島中央,961.02,1000.0,1.49,鹿児島,九州,4,0,4,0,0.0,12.0,34.0,-22.0,2025-03-21,2026-07-05
3863,敬和学園,961.0,1000.0,-5.27,新潟,北信越,5,1,4,0,0.2,14.0,41.0,-27.0,2025-04-27,2026-07-10
3864,三池工業,960.94,1000.0,2.09,福岡,九州,4,0,4,0,0.0,3.0,38.0,-35.0,2025-03-20,2026-07-06
3865,洛南,960.92,1000.0,2.25,京都,近畿,4,0,4,0,0.0,5.0,31.0,-26.0,2025-04-19,2026-07-09
3866,酒田西,960.91,1000.0,-6.25,秋田,東北,3,0,3,0,0.0,4.0,18.0,-14.0,2025-07-12,2026-07-13
3867,宮崎農業,960.87,1000.0,-7.87,宮崎,九州,5,1,4,0,0.2,16.0,37.0,-21.0,2025-03-20,2026-07-08
3868,庄和,960.84,1000.0,-0.08,埼玉,関東・東京,4,0,4,0,0.0,2.0,42.0,-40.0,2025-04-24,2026-07-09
3869,四日市西,960.81,1000.0,-4.97,三重,東海,4,0,4,0,0.0,10.0,34.0,-24.0,2025-07-05,2026-07-05
3870,和田山,960.78,1000.0,0.49,兵庫,近畿,4,0,4,0,0.0,3.0,40.0,-37.0,2025-04-19,2026-07-09
3871,呉工業,960.71,1000.0,-6.32,島根,中国,6,1,5,0,0.1667,24.0,51.0,-27.0,2025-04-19,2026-03-28
3872,富里,960.69,1000.0,0.63,千葉,関東・東京,4,0,4,0,0.0,4.0,48.0,-44.0,2025-04-19,2026-07-10
3873,豊島学院,960.68,1000.0,2.37,東京,関東・東京,4,0,4,0,0.0,9.0,38.0,-29.0,2025-04-04,2026-07-12
3874,新座,960.62,1000.0,-0.08,埼玉,関東・東京,4,0,4,0,0.0,6.0,50.0,-44.0,2025-04-24,2026-07-11
3875,倉敷,960.58,1000.0,-7.46,鳥取,中国,3,0,3,0,0.0,3.0,33.0,-30.0,2025-07-13,2026-07-12
3876,大多喜,960.55,1000.0,0.63,千葉,関東・東京,4,0,4,0,0.0,10.0,44.0,-34.0,2025-04-19,2026-07-13
3877,渋谷教育渋谷,960.54,1000.0,2.37,東京,関東・東京,4,0,4,0,0.0,12.0,58.0,-46.0,2025-04-04,2026-07-05
3878,伊万里実,960.49,1000.0,-9.64,佐賀,九州,5,1,4,0,0.2,20.0,33.0,-13.0,2025-03-20,2026-07-13
3879,小瀬,960.47,1000.0,-1.03,茨城,関東・東京,4,0,4,0,0.0,5.0,43.0,-38.0,2025-04-19,2026-07-12
3880,岡崎東,960.46,1000.0,2.72,愛知,東海,8,2,6,0,0.25,33.0,76.0,-43.0,2025-04-12,2026-07-05
3881,美幌,960.44,1000.0,-9.79,北海道,北海道,3,0,3,0,0.0,2.0,29.0,-27.0,2025-05-26,2026-06-29
3882,可児工,960.42,1000.0,-2.62,岐阜,東海,6,1,5,0,0.1667,14.0,45.0,-31.0,2025-04-12,2026-07-12
3883,秋田北鷹,960.42,1000.0,0.62,岩手,東北,4,0,4,0,0.0,7.0,24.0,-17.0,2025-05-13,2026-07-10
3884,東桜学館,960.41,1000.0,-6.25,秋田,東北,5,1,4,0,0.2,19.0,49.0,-30.0,2025-05-10,2026-07-12
3885,岡谷工,960.36,1000.0,-4.39,長野,北信越,4,0,4,0,0.0,7.0,25.0,-18.0,2025-05-10,2026-07-08
3886,津田,960.29,1000.0,-4.3,徳島,四国,5,1,4,0,0.2,10.0,34.0,-24.0,2025-03-20,2026-07-10
3887,藤代紫水,960.27,1000.0,-1.03,茨城,関東・東京,4,0,4,0,0.0,5.0,43.0,-38.0,2025-04-19,2026-07-09
3888,関有知,960.25,1000.0,-2.62,岐阜,東海,7,2,5,0,0.2857,22.0,60.0,-38.0,2025-04-12,2026-07-11
3889,浜松東,960.13,1000.0,-1.42,静岡,東海,4,0,4,0,0.0,12.0,46.0,-34.0,2025-04-19,2026-07-05
3890,日出総合,960.06,1000.0,2.65,大分,九州,4,0,4,0,0.0,7.0,28.0,-21.0,2025-03-26,2026-07-14
3891,桑名工,960.03,1000.0,-4.97,三重,東海,9,2,7,0,0.2222,46.0,63.0,-17.0,2025-04-12,2026-07-11
3892,富山工,960.01,1000.0,-10.7,富山,北信越,5,1,4,0,0.2,16.0,26.0,-10.0,2025-04-20,2026-07-11
3893,砺波,960.0,1000.0,-10.7,富山,北信越,5,1,4,0,0.2,9.0,36.0,-27.0,2025-04-20,2026-07-18
3894,朝倉,959.99,1000.0,2.09,福岡,九州,4,0,4,0,0.0,10.0,35.0,-25.0,2025-03-23,2026-07-07
3895,情報科学,959.88,1000.0,2.65,大分,九州,12,4,8,0,0.3333,32.0,68.0,-36.0,2025-03-26,2026-07-16
3896,裾野,959.84,1000.0,-1.42,静岡,東海,4,0,4,0,0.0,6.0,51.0,-45.0,2025-04-19,2026-07-04
3897,天草,959.78,1000.0,-4.28,熊本,九州,3,0,3,0,0.0,5.0,38.0,-33.0,2025-07-08,2026-07-07
3898,尾鷲,959.77,1000.0,-4.97,三重,東海,4,0,4,0,0.0,8.0,57.0,-49.0,2025-04-12,2026-07-08
3899,大泉,959.75,1000.0,3.22,群馬,関東・東京,4,0,4,0,0.0,3.0,59.0,-56.0,2025-04-12,2026-07-08
3900,津山高専,959.74,1000.0,-7.46,鳥取,中国,5,1,4,0,0.2,17.0,46.0,-29.0,2025-04-26,2026-07-13
3901,高岡南,959.73,1000.0,-10.7,富山,北信越,5,1,4,0,0.2,13.0,35.0,-22.0,2025-04-26,2026-07-12
3902,下高井農林,959.72,1000.0,-4.39,長野,北信越,4,0,4,0,0.0,7.0,73.0,-66.0,2025-05-10,2026-07-07
3903,津島東,959.71,1000.0,2.72,愛知,東海,7,1,6,0,0.1429,33.0,80.0,-47.0,2025-04-12,2026-07-04
3904,厚狭・厚狭明進,959.69,1000.0,-1.06,山口,中国,4,0,4,0,0.0,10.0,28.0,-18.0,2025-04-19,2026-07-13
3905,伊野商,959.65,1000.0,3.76,高知,四国,4,0,4,0,0.0,1.0,34.0,-33.0,2025-03-22,2026-07-12
3906,長岡高専,959.64,1000.0,-5.27,新潟,北信越,5,1,4,0,0.2,15.0,48.0,-33.0,2025-04-27,2026-07-12
3907,地球環境,959.56,1000.0,-4.39,長野,北信越,4,0,4,0,0.0,10.0,33.0,-23.0,2025-05-10,2026-07-06
3908,鹿西,959.55,1000.0,6.19,石川,北信越,4,0,4,0,0.0,0.0,57.0,-57.0,2025-04-19,2026-07-11
3909,与勝,959.54,1000.0,1.73,沖縄,九州,4,0,4,0,0.0,7.0,29.0,-22.0,2025-03-22,2026-06-14
3910,狭山工業,959.53,1000.0,-0.08,埼玉,関東・東京,4,0,4,0,0.0,9.0,52.0,-43.0,2025-04-24,2026-07-12
3911,高田商・新井・糸魚川白嶺,959.52,1000.0,-5.27,新潟,北信越,3,0,3,0,0.0,1.0,30.0,-29.0,2025-04-26,2026-07-11
3912,三条東,959.51,1000.0,-5.27,新潟,北信越,5,1,4,0,0.2,24.0,56.0,-32.0,2025-04-28,2026-07-09
3913,富岡実,959.45,1000.0,3.22,群馬,関東・東京,4,0,4,0,0.0,9.0,34.0,-25.0,2025-04-12,2026-07-08
3914,福井高専,959.42,1000.0,1.72,福井,北信越,4,0,4,0,0.0,4.0,31.0,-27.0,2025-04-20,2026-07-11
3915,秀明,959.38,1000.0,-0.08,埼玉,関東・東京,4,0,4,0,0.0,9.0,101.0,-92.0,2025-04-24,2026-07-11
3916,品川翔英,959.37,1000.0,2.37,東京,関東・東京,4,0,4,0,0.0,7.0,41.0,-34.0,2025-04-04,2026-07-08
3917,つくばサイエンス,959.34,1000.0,-1.03,茨城,関東・東京,4,0,4,0,0.0,2.0,64.0,-62.0,2025-04-19,2026-07-05
3918,唐津西,959.29,1000.0,-9.64,佐賀,九州,5,1,4,0,0.2,14.0,28.0,-14.0,2025-03-22,2026-07-10
3919,ラ・サール,959.17,1000.0,1.49,鹿児島,九州,4,0,4,0,0.0,6.0,34.0,-28.0,2025-03-20,2026-07-11
3920,南昌みらい,959.17,1000.0,3.8,宮城,東北,7,1,6,0,0.1429,30.0,74.0,-44.0,2025-05-16,2026-07-10
3921,金沢大付,959.14,1000.0,6.19,石川,北信越,4,0,4,0,0.0,1.0,73.0,-72.0,2025-04-19,2026-07-10
3922,飛騨高山,959.13,1000.0,-2.62,岐阜,東海,7,1,6,0,0.1429,37.0,58.0,-21.0,2025-04-12,2026-07-11
3923,県立商業,959.1,1000.0,3.92,奈良,近畿,4,0,4,0,0.0,3.0,28.0,-25.0,2025-04-12,2026-07-14
3924,大東学園,959.09,1000.0,2.37,東京,関東・東京,4,0,4,0,0.0,1.0,55.0,-54.0,2025-04-04,2026-07-11
3925,山門,959.07,1000.0,2.09,福岡,九州,4,0,4,0,0.0,11.0,47.0,-36.0,2025-03-20,2026-07-12
3926,城ノ内,958.97,1000.0,-0.82,香川,四国,4,0,4,0,0.0,6.0,23.0,-17.0,2025-03-20,2026-07-11
3927,芦北,958.96,1000.0,-4.28,熊本,九州,4,0,4,0,0.0,10.0,20.0,-10.0,2025-03-22,2026-07-08
3928,日本ウェルネス長野,958.86,1000.0,-4.39,長野,北信越,8,2,6,0,0.25,28.0,48.0,-20.0,2025-05-10,2026-07-06
3929,翔陽,958.85,1000.0,-4.28,熊本,九州,11,3,8,0,0.2727,31.0,92.0,-61.0,2025-03-20,2026-07-14
3930,つばさ総合,958.8,1000.0,2.37,東京,関東・東京,4,0,4,0,0.0,3.0,63.0,-60.0,2025-04-04,2026-07-04
3931,室工・東翔,958.8,1000.0,-9.79,北海道,北海道,3,0,3,0,0.0,18.0,34.0,-16.0,2025-05-26,2026-05-11
3932,長崎明誠,958.77,1000.0,-0.81,長崎,九州,4,0,4,0,0.0,9.0,23.0,-14.0,2025-03-26,2026-07-08
3933,本巣松陽,958.74,1000.0,-2.62,岐阜,東海,5,0,5,0,0.0,10.0,28.0,-18.0,2025-04-12,2026-07-11
3934,萩商工,958.71,1000.0,-1.06,山口,中国,4,0,4,0,0.0,8.0,27.0,-19.0,2025-04-20,2026-07-12
3935,南風原,958.7,1000.0,1.73,沖縄,九州,4,0,4,0,0.0,7.0,37.0,-30.0,2025-03-20,2026-06-20
3936,朝倉光陽,958.67,1000.0,2.09,福岡,九州,4,0,4,0,0.0,1.0,35.0,-34.0,2025-03-21,2026-07-07
3937,札幌旭丘,958.67,1000.0,-9.79,北海道,北海道,7,2,5,0,0.2857,12.0,25.0,-13.0,2025-05-26,2026-06-24
3938,東京高専,958.65,1000.0,2.37,東京,関東・東京,4,0,4,0,0.0,4.0,39.0,-35.0,2025-04-04,2026-07-11
3939,別海,958.64,1000.0,-9.79,北海道,北海道,5,1,4,0,0.2,25.0,40.0,-15.0,2025-05-26,2026-06-26
3940,米子,958.64,1000.0,1.62,岡山,中国,4,0,4,0,0.0,7.0,47.0,-40.0,2025-04-21,2026-07-11
3941,登別青嶺,958.61,1000.0,-9.79,北海道,北海道,5,1,4,0,0.2,22.0,42.0,-20.0,2025-05-26,2026-06-24
3942,電機大高,958.54,1000.0,2.37,東京,関東・東京,4,0,4,0,0.0,8.0,66.0,-58.0,2025-04-04,2026-07-10
3943,高円芸術・国際・二階堂・山辺,958.51,1000.0,3.92,奈良,近畿,4,0,4,0,0.0,1.0,53.0,-52.0,2025-04-13,2026-07-11
3944,新潟江南,958.51,1000.0,-5.27,新潟,北信越,5,1,4,0,0.2,17.0,49.0,-32.0,2025-04-26,2026-07-12
3945,郡山北工,958.51,1000.0,-1.38,福島,東北,7,1,6,0,0.1429,13.0,38.0,-25.0,2025-05-16,2026-07-11
3946,宮城広瀬,958.5,1000.0,-1.84,山形,東北,7,1,6,0,0.1429,34.0,63.0,-29.0,2025-05-16,2026-07-11
3947,長井,958.44,1000.0,-6.25,秋田,東北,3,0,3,0,0.0,13.0,35.0,-22.0,2025-07-11,2026-07-12
3948,名古屋工科,958.39,1000.0,2.72,愛知,東海,7,1,6,0,0.1429,34.0,61.0,-27.0,2025-04-12,2026-07-04
3949,帝京大高,958.37,1000.0,2.37,東京,関東・東京,4,0,4,0,0.0,3.0,57.0,-54.0,2025-04-04,2026-07-11
3950,黒沢尻北,958.35,1000.0,3.8,宮城,東北,6,0,6,0,0.0,12.0,44.0,-32.0,2025-05-16,2026-07-13
3951,福島高専,958.24,1000.0,-1.38,福島,東北,4,0,4,0,0.0,8.0,61.0,-53.0,2025-07-12,2026-07-09
3952,辺土名,958.04,1000.0,1.73,沖縄,九州,4,0,4,0,0.0,12.0,50.0,-38.0,2025-03-21,2026-06-20
3953,蒲郡東,957.98,1000.0,2.72,愛知,東海,11,2,9,0,0.1818,36.0,112.0,-76.0,2025-04-12,2026-07-07
3954,斐太,957.94,1000.0,-2.62,岐阜,東海,4,0,4,0,0.0,7.0,42.0,-35.0,2025-04-12,2026-07-12
3955,大間,957.91,1000.0,4.16,青森,東北,4,0,4,0,0.0,6.0,60.0,-54.0,2025-05-09,2026-07-09
3956,高松中央,957.84,1000.0,-4.3,徳島,四国,4,0,4,0,0.0,13.0,23.0,-10.0,2025-03-22,2026-07-12
3957,瑞穂農芸,957.83,1000.0,2.37,東京,関東・東京,4,0,4,0,0.0,5.0,97.0,-92.0,2025-04-04,2026-07-11
3958,宮崎西,957.74,1000.0,-7.87,宮崎,九州,4,0,4,0,0.0,19.0,40.0,-21.0,2025-03-23,2026-07-06
3959,小山,957.65,1000.0,-2.36,栃木,関東・東京,13,4,9,0,0.3077,64.0,75.0,-11.0,2025-04-13,2026-07-14
3960,金沢伏見,957.64,1000.0,6.19,石川,北信越,4,0,4,0,0.0,2.0,43.0,-41.0,2025-04-26,2026-07-11
3961,玄洋,957.64,1000.0,2.09,福岡,九州,4,0,4,0,0.0,15.0,45.0,-30.0,2025-03-21,2026-07-07
3962,帯広緑陽,957.61,1000.0,-9.79,北海道,北海道,5,1,4,0,0.2,14.0,33.0,-19.0,2025-05-26,2026-06-29
3963,四日市農芸,957.58,1000.0,-4.97,三重,東海,4,0,4,0,0.0,3.0,59.0,-56.0,2025-07-05,2026-07-04
3964,甲府昭和,957.57,1000.0,-0.05,山梨,関東・東京,4,0,4,0,0.0,15.0,35.0,-20.0,2025-04-15,2026-07-07
3965,尾道北,957.47,1000.0,-6.32,島根,中国,8,2,6,0,0.25,35.0,63.0,-28.0,2025-04-19,2026-07-06
3966,青鳥特別支援,957.46,1000.0,2.37,東京,関東・東京,4,0,4,0,0.0,2.0,94.0,-92.0,2025-04-04,2026-07-10
3967,甲府南,957.35,1000.0,-0.05,山梨,関東・東京,4,0,4,0,0.0,5.0,33.0,-28.0,2025-04-12,2026-07-07
3968,鶴岡高専,957.32,1000.0,-6.25,秋田,東北,5,1,4,0,0.2,13.0,38.0,-25.0,2025-05-09,2026-07-11
3969,万代,957.28,1000.0,-5.27,新潟,北信越,5,1,4,0,0.2,22.0,57.0,-35.0,2025-04-27,2026-07-11
3970,白子,957.28,1000.0,-4.97,三重,東海,10,3,7,0,0.3,39.0,73.0,-34.0,2025-04-12,2026-07-11
3971,大府東,957.12,1000.0,2.72,愛知,東海,9,2,7,0,0.2222,42.0,87.0,-45.0,2025-04-12,2026-06-28
3972,豊田高専,957.0,1000.0,2.72,愛知,東海,7,1,6,0,0.1429,15.0,63.0,-48.0,2025-04-12,2026-07-04
3973,秋田高専,956.89,1000.0,0.62,岩手,東北,4,0,4,0,0.0,4.0,39.0,-35.0,2025-05-14,2026-07-11
3974,札幌東陵,956.88,1000.0,-9.79,北海道,北海道,5,1,4,0,0.2,8.0,45.0,-37.0,2025-05-26,2026-06-29
3975,富士河口湖,956.81,1000.0,-0.05,山梨,関東・東京,4,0,4,0,0.0,3.0,33.0,-30.0,2025-04-19,2026-07-08
3976,農芸,956.79,1000.0,2.25,京都,近畿,4,0,4,0,0.0,4.0,47.0,-43.0,2025-07-09,2026-07-13
3977,長野,956.78,1000.0,-4.39,長野,北信越,14,5,9,0,0.3571,82.0,132.0,-50.0,2025-04-05,2026-07-05
3978,福岡常葉,956.75,1000.0,2.09,福岡,九州,4,0,4,0,0.0,0.0,46.0,-46.0,2025-03-21,2026-07-09
3979,ありあけ新世,956.69,1000.0,2.09,福岡,九州,4,0,4,0,0.0,2.0,35.0,-33.0,2025-03-21,2026-07-08
3980,日田,956.56,1000.0,2.65,大分,九州,4,0,4,0,0.0,6.0,45.0,-39.0,2025-03-28,2026-07-11
3981,長野南,956.49,1000.0,-4.39,長野,北信越,4,0,4,0,0.0,3.0,41.0,-38.0,2025-05-10,2026-07-07
3982,飯田,956.4,1000.0,-4.39,長野,北信越,11,3,8,0,0.2727,50.0,76.0,-26.0,2025-04-20,2026-07-12
3983,泉館山,956.39,1000.0,-1.84,山形,東北,7,1,6,0,0.1429,22.0,58.0,-36.0,2025-05-16,2026-07-12
3984,上越総合技術,956.34,1000.0,-5.27,新潟,北信越,4,0,4,0,0.0,3.0,19.0,-16.0,2025-04-28,2026-07-14
3985,本別,956.33,1000.0,-9.79,北海道,北海道,5,1,4,0,0.2,23.0,49.0,-26.0,2025-05-26,2026-06-25
3986,一宮商業,956.26,1000.0,0.63,千葉,関東・東京,5,0,5,0,0.0,12.0,43.0,-31.0,2025-04-19,2026-07-11
3987,宇部高専,956.08,1000.0,-1.06,山口,中国,4,0,4,0,0.0,3.0,29.0,-26.0,2025-04-21,2026-07-12
3988,砂川・美唄尚栄,955.89,1000.0,-9.79,北海道,北海道,5,1,4,0,0.2,14.0,50.0,-36.0,2025-05-26,2026-06-27
3989,守山北,955.88,1000.0,-0.81,滋賀,近畿,4,0,4,0,0.0,4.0,27.0,-23.0,2025-04-19,2026-07-07
3990,呉三津田,955.76,1000.0,-6.32,島根,中国,8,2,6,0,0.25,25.0,69.0,-44.0,2025-04-19,2026-07-06
3991,函館水産,955.75,1000.0,-9.79,北海道,北海道,5,1,4,0,0.2,15.0,43.0,-28.0,2025-05-26,2026-06-21
3992,木曽川,955.72,1000.0,2.72,愛知,東海,7,1,6,0,0.1429,16.0,83.0,-67.0,2025-04-12,2026-07-07
3993,洛西,955.72,1000.0,2.25,京都,近畿,4,0,4,0,0.0,0.0,40.0,-40.0,2025-04-19,2026-07-09
3994,松井田,955.64,1000.0,3.22,群馬,関東・東京,4,0,4,0,0.0,7.0,56.0,-49.0,2025-04-15,2026-07-06
3995,丸岡,955.59,1000.0,1.72,福井,北信越,4,0,4,0,0.0,11.0,56.0,-45.0,2025-04-20,2026-07-11
3996,加美農業,955.58,1000.0,-1.84,山形,東北,6,0,6,0,0.0,8.0,29.0,-21.0,2025-05-16,2026-07-11
3997,鳥取工業,955.57,1000.0,1.62,岡山,中国,4,0,4,0,0.0,3.0,35.0,-32.0,2025-04-20,2026-07-17
3998,慶進,955.54,1000.0,-1.06,山口,中国,4,0,4,0,0.0,15.0,40.0,-25.0,2025-04-13,2026-07-19
3999,伝習館,955.41,1000.0,2.09,福岡,九州,4,0,4,0,0.0,10.0,46.0,-36.0,2025-03-24,2026-07-09
4000,山形明正,955.4,1000.0,-6.25,秋田,東北,5,1,4,0,0.2,7.0,45.0,-38.0,2025-05-09,2026-07-14
4001,栗山,955.35,1000.0,-9.79,北海道,北海道,5,1,4,0,0.2,13.0,53.0,-40.0,2025-05-26,2026-07-07
4002,高千穂,955.19,1000.0,-7.87,宮崎,九州,3,0,3,0,0.0,3.0,30.0,-27.0,2025-03-23,2026-07-05
4003,舞鶴高専,955.02,1000.0,2.25,京都,近畿,4,0,4,0,0.0,0.0,56.0,-56.0,2025-04-19,2026-07-10
4004,門川,955.02,1000.0,-7.87,宮崎,九州,5,1,4,0,0.2,7.0,42.0,-35.0,2025-03-22,2026-07-06
4005,稲築志耕館,955.0,1000.0,2.09,福岡,九州,4,0,4,0,0.0,2.0,49.0,-47.0,2025-03-22,2026-07-06
4006,玉名工業,954.92,1000.0,-4.28,熊本,九州,4,0,4,0,0.0,3.0,22.0,-19.0,2025-03-20,2026-07-08
4007,長浜北,954.87,1000.0,-0.81,滋賀,近畿,4,0,4,0,0.0,12.0,35.0,-23.0,2025-04-12,2026-07-07
4008,河内,954.81,1000.0,-6.32,島根,中国,8,2,6,0,0.25,25.0,66.0,-41.0,2025-04-19,2026-07-10
4009,長浜北星,954.78,1000.0,-0.81,滋賀,近畿,4,0,4,0,0.0,7.0,36.0,-29.0,2025-04-12,2026-07-08
4010,大津緑洋,954.69,1000.0,-1.06,山口,中国,4,0,4,0,0.0,8.0,42.0,-34.0,2025-04-12,2026-07-12
4011,高浜,954.48,1000.0,2.72,愛知,東海,7,1,6,0,0.1429,15.0,74.0,-59.0,2025-04-12,2026-07-07
4012,札幌西陵,954.46,1000.0,-9.79,北海道,北海道,5,1,4,0,0.2,10.0,39.0,-29.0,2025-05-26,2026-06-24
4013,豊橋工科,954.43,1000.0,2.72,愛知,東海,11,2,9,0,0.1818,42.0,81.0,-39.0,2025-04-12,2026-07-07
4014,吉野川,954.28,1000.0,-0.82,香川,四国,4,0,4,0,0.0,9.0,42.0,-33.0,2025-03-22,2026-07-12
4015,豊科,954.23,1000.0,-4.39,長野,北信越,4,0,4,0,0.0,5.0,66.0,-61.0,2025-05-10,2026-07-07
4016,門司学園,954.22,1000.0,2.09,福岡,九州,4,0,4,0,0.0,5.0,48.0,-43.0,2025-03-22,2026-07-08
4017,惟信,954.13,1000.0,2.72,愛知,東海,6,0,6,0,0.0,14.0,44.0,-30.0,2025-04-12,2026-07-04
4018,宮崎海洋,954.1,1000.0,-7.87,宮崎,九州,3,0,3,0,0.0,0.0,38.0,-38.0,2025-03-21,2026-07-07
4019,土岐紅陵,954.05,1000.0,-2.62,岐阜,東海,7,1,6,0,0.1429,16.0,56.0,-40.0,2025-04-12,2026-07-04
4020,北九州高専,953.88,1000.0,2.09,福岡,九州,4,0,4,0,0.0,2.0,83.0,-81.0,2025-03-23,2026-07-08
4021,鹿沼南,953.74,1000.0,-2.36,栃木,関東・東京,4,0,4,0,0.0,7.0,38.0,-31.0,2025-04-13,2026-07-11
4022,松山南,953.6,1000.0,-7.48,愛媛,四国,4,0,4,0,0.0,11.0,28.0,-17.0,2025-03-22,2026-07-11
4023,日彰館,953.49,1000.0,-6.32,島根,中国,7,1,6,0,0.1429,17.0,74.0,-57.0,2025-04-19,2026-07-10
4024,世羅,953.45,1000.0,-6.32,島根,中国,4,0,4,0,0.0,11.0,47.0,-36.0,2025-07-11,2026-07-06
4025,岩泉,953.29,1000.0,3.8,宮城,東北,6,0,6,0,0.0,11.0,69.0,-58.0,2025-05-16,2026-07-09
4026,札幌啓成,953.17,1000.0,-9.79,北海道,北海道,4,0,4,0,0.0,6.0,20.0,-14.0,2025-05-26,2026-06-23
4027,鶴岡工業,953.15,1000.0,-6.25,秋田,東北,4,0,4,0,0.0,10.0,38.0,-28.0,2025-05-11,2026-07-13
4028,松平,952.92,1000.0,2.72,愛知,東海,6,0,6,0,0.0,10.0,60.0,-50.0,2025-04-12,2026-07-05
4029,網走桂陽,952.88,1000.0,-9.79,北海道,北海道,5,1,4,0,0.2,19.0,52.0,-33.0,2025-05-26,2026-07-08
4030,揖斐,952.88,1000.0,-2.62,岐阜,東海,7,1,6,0,0.1429,12.0,74.0,-62.0,2025-04-12,2026-07-11
4031,石狩南,952.86,1000.0,-9.79,北海道,北海道,5,1,4,0,0.2,12.0,50.0,-38.0,2025-05-26,2026-06-25
4032,伊予農,952.83,1000.0,-7.48,愛媛,四国,4,0,4,0,0.0,7.0,35.0,-28.0,2025-03-22,2026-07-14
4033,高松桜井,952.4,1000.0,-4.3,徳島,四国,4,0,4,0,0.0,11.0,35.0,-24.0,2025-03-23,2026-07-14
4034,泉,952.36,1000.0,-1.84,山形,東北,6,0,6,0,0.0,15.0,46.0,-31.0,2025-05-16,2026-07-14
4035,高岡向陵,952.33,1000.0,-10.7,富山,北信越,4,0,4,0,0.0,11.0,26.0,-15.0,2025-04-26,2026-07-10
4036,呉高専,952.17,1000.0,-6.32,島根,中国,7,1,6,0,0.1429,23.0,53.0,-30.0,2025-04-19,2026-07-05
4037,新潟青陵,951.99,1000.0,-5.27,新潟,北信越,4,0,4,0,0.0,4.0,34.0,-30.0,2025-04-27,2026-07-10
4038,猿投農林,951.94,1000.0,2.72,愛知,東海,6,0,6,0,0.0,2.0,83.0,-81.0,2025-04-12,2026-06-28
4039,呉商業,951.92,1000.0,-6.32,島根,中国,7,1,6,0,0.1429,14.0,43.0,-29.0,2025-04-19,2026-07-06
4040,寒河江工業,951.89,1000.0,-6.25,秋田,東北,4,0,4,0,0.0,22.0,49.0,-27.0,2025-05-11,2026-07-13
4041,高松,951.76,1000.0,-4.3,徳島,四国,4,0,4,0,0.0,4.0,37.0,-33.0,2025-03-23,2026-07-13
4042,高水,951.7,1000.0,-1.06,山口,中国,4,0,4,0,0.0,5.0,47.0,-42.0,2025-04-12,2026-07-11
4043,函館大谷,951.69,1000.0,-9.79,北海道,北海道,6,1,5,0,0.1667,16.0,40.0,-24.0,2025-05-26,2026-07-09
4044,室蘭清水丘,951.56,1000.0,-9.79,北海道,北海道,5,1,4,0,0.2,24.0,66.0,-42.0,2025-05-26,2026-06-21
4045,宇和島南,951.51,1000.0,-7.48,愛媛,四国,4,0,4,0,0.0,18.0,36.0,-18.0,2025-03-20,2026-07-12
4046,東海,951.5,1000.0,2.72,愛知,東海,13,3,10,0,0.2308,59.0,102.0,-43.0,2025-04-12,2026-07-12
4047,若松商業,951.47,1000.0,-1.38,福島,東北,13,4,9,0,0.3077,52.0,107.0,-55.0,2025-03-22,2026-07-09
4048,芽室,951.4,1000.0,-9.79,北海道,北海道,4,0,4,0,0.0,9.0,52.0,-43.0,2025-05-26,2026-06-26
4049,高松第一,951.4,1000.0,-4.3,徳島,四国,4,0,4,0,0.0,7.0,38.0,-31.0,2025-03-23,2026-07-11
4050,須賀川桐陽,951.39,1000.0,-1.38,福島,東北,7,1,6,0,0.1429,23.0,77.0,-54.0,2025-05-16,2026-07-12
4051,新津,951.3,1000.0,-5.27,新潟,北信越,4,0,4,0,0.0,10.0,40.0,-30.0,2025-04-28,2026-07-12
4052,小山北桜,951.23,1000.0,-2.36,栃木,関東・東京,4,0,4,0,0.0,8.0,42.0,-34.0,2025-04-12,2026-07-10
4053,旭川商業,951.21,1000.0,-9.79,北海道,北海道,4,0,4,0,0.0,16.0,41.0,-25.0,2025-05-26,2026-06-27
4054,札幌稲雲,951.09,1000.0,-9.79,北海道,北海道,4,0,4,0,0.0,24.0,41.0,-17.0,2025-05-26,2026-06-26
4055,尾道東,951.03,1000.0,-6.32,島根,中国,7,1,6,0,0.1429,29.0,80.0,-51.0,2025-04-19,2026-07-12
4056,半田工科,951.0,1000.0,2.72,愛知,東海,7,0,7,0,0.0,26.0,75.0,-49.0,2025-04-12,2026-07-07
4057,福島明成,950.96,1000.0,-1.38,福島,東北,7,1,6,0,0.1429,18.0,59.0,-41.0,2025-05-16,2026-07-11
4058,太良,950.81,1000.0,-9.64,佐賀,九州,4,0,4,0,0.0,11.0,29.0,-18.0,2025-03-20,2026-07-12
4059,伊賀白鳳,950.73,1000.0,-4.97,三重,東海,8,2,6,0,0.25,17.0,59.0,-42.0,2025-04-12,2026-07-12
4060,郡山東,950.7,1000.0,-1.38,福島,東北,6,0,6,0,0.0,10.0,48.0,-38.0,2025-05-16,2026-07-12
4061,豊野,950.53,1000.0,2.72,愛知,東海,6,0,6,0,0.0,10.0,63.0,-53.0,2025-04-12,2026-07-04
4062,函館ラ・サール,950.21,1000.0,-9.79,北海道,北海道,4,0,4,0,0.0,5.0,36.0,-31.0,2025-05-26,2026-06-20
4063,仙台西,950.05,1000.0,-1.84,山形,東北,6,0,6,0,0.0,15.0,50.0,-35.0,2025-05-16,2026-07-13
4064,広島商船,949.64,1000.0,-6.32,島根,中国,7,1,6,0,0.1429,26.0,78.0,-52.0,2025-04-19,2026-07-06
4065,苫小牧南,949.51,1000.0,-9.79,北海道,北海道,4,0,4,0,0.0,3.0,44.0,-41.0,2025-05-26,2026-06-20
4066,室蘭栄,949.47,1000.0,-9.79,北海道,北海道,4,0,4,0,0.0,1.0,18.0,-17.0,2025-05-26,2026-06-21
4067,延岡星雲,949.45,1000.0,-7.87,宮崎,九州,4,0,4,0,0.0,14.0,43.0,-29.0,2025-03-22,2026-07-10
4068,羽島北,949.41,1000.0,-2.62,岐阜,東海,6,0,6,0,0.0,20.0,49.0,-29.0,2025-04-12,2026-07-12
4069,日向工業,949.37,1000.0,-7.87,宮崎,九州,4,0,4,0,0.0,12.0,40.0,-28.0,2025-03-21,2026-07-05
4070,国際情報,949.33,1000.0,-0.81,滋賀,近畿,8,1,7,0,0.125,23.0,39.0,-16.0,2025-04-12,2026-07-09
4071,白陵,949.28,1000.0,0.49,兵庫,近畿,6,0,6,0,0.0,10.0,70.0,-60.0,2025-04-19,2026-07-13
4072,油木,949.21,1000.0,-6.32,島根,中国,7,1,6,0,0.1429,26.0,88.0,-62.0,2025-04-19,2026-07-10
4073,大垣工,949.07,1000.0,-2.62,岐阜,東海,6,0,6,0,0.0,15.0,50.0,-35.0,2025-04-12,2026-07-12
4074,枝幸・天塩・豊富,948.33,1000.0,-9.79,北海道,北海道,4,0,4,0,0.0,15.0,48.0,-33.0,2025-05-26,2026-06-28
4075,守山,948.3,1000.0,2.72,愛知,東海,7,1,6,0,0.1429,13.0,67.0,-54.0,2025-04-12,2026-07-07
4076,豊川工科,948.09,1000.0,2.72,愛知,東海,9,1,8,0,0.1111,29.0,114.0,-85.0,2025-04-12,2026-07-05
4077,松陽,948.07,1000.0,1.49,鹿児島,九州,15,4,11,0,0.2667,61.0,98.0,-37.0,2025-03-20,2026-07-13
4078,鳴海,947.94,1000.0,2.72,愛知,東海,6,0,6,0,0.0,10.0,100.0,-90.0,2025-04-12,2026-07-07
4079,小樽桜陽,947.84,1000.0,-9.79,北海道,北海道,4,0,4,0,0.0,2.0,29.0,-27.0,2025-05-26,2026-06-28
4080,高田農,947.68,1000.0,-5.27,新潟,北信越,4,0,4,0,0.0,6.0,56.0,-50.0,2025-04-27,2026-07-14
4081,北見商業,947.63,1000.0,-9.79,北海道,北海道,4,0,4,0,0.0,13.0,32.0,-19.0,2025-05-26,2026-06-28
4082,旭川南,947.52,1000.0,-9.79,北海道,北海道,4,0,4,0,0.0,3.0,39.0,-36.0,2025-05-26,2026-06-26
4083,新居浜高専,946.94,1000.0,-7.48,愛媛,四国,4,0,4,0,0.0,4.0,38.0,-34.0,2025-03-21,2026-07-11
4084,札幌英藍,946.89,1000.0,-9.79,北海道,北海道,4,0,4,0,0.0,0.0,67.0,-67.0,2025-05-26,2026-06-23
4085,橘,946.68,1000.0,4.44,神奈川,関東・東京,6,0,6,0,0.0,12.0,48.0,-36.0,2025-04-06,2026-07-12
4086,深川東,946.64,1000.0,-9.79,北海道,北海道,4,0,4,0,0.0,8.0,88.0,-80.0,2025-05-26,2026-06-26
4087,都城高専,946.6,1000.0,-7.87,宮崎,九州,4,0,4,0,0.0,3.0,45.0,-42.0,2025-03-22,2026-07-09
4088,小牛田農林,946.56,1000.0,-1.84,山形,東北,6,0,6,0,0.0,10.0,70.0,-60.0,2025-05-16,2026-07-11
4089,北見工業,946.54,1000.0,-9.79,北海道,北海道,4,0,4,0,0.0,13.0,44.0,-31.0,2025-05-26,2026-06-28
4090,会津農林,946.42,1000.0,-1.38,福島,東北,6,0,6,0,0.0,9.0,77.0,-68.0,2025-05-16,2026-07-12
4091,札幌清田,946.4,1000.0,-9.79,北海道,北海道,4,0,4,0,0.0,9.0,38.0,-29.0,2025-05-26,2026-06-25
4092,致遠館,946.3,1000.0,-9.64,佐賀,九州,4,0,4,0,0.0,5.0,34.0,-29.0,2025-03-20,2026-07-11
4093,函館高専,946.1,1000.0,-9.79,北海道,北海道,4,0,4,0,0.0,9.0,42.0,-33.0,2025-05-26,2026-06-21
4094,入善,946.1,1000.0,-10.7,富山,北信越,4,0,4,0,0.0,12.0,59.0,-47.0,2025-04-26,2026-07-12
4095,稚内,946.04,1000.0,-9.79,北海道,北海道,4,0,4,0,0.0,11.0,43.0,-32.0,2025-05-26,2026-06-27
4096,泉松陵,945.88,1000.0,-1.84,山形,東北,6,0,6,0,0.0,7.0,63.0,-56.0,2025-05-16,2026-07-12
4097,大津,945.78,1000.0,-0.81,滋賀,近畿,11,3,8,0,0.2727,33.0,98.0,-65.0,2025-03-22,2026-07-11
4098,福山明王台,945.58,1000.0,-6.32,島根,中国,7,1,6,0,0.1429,11.0,63.0,-52.0,2025-04-19,2026-07-11
4099,滝川工業,945.52,1000.0,-9.79,北海道,北海道,4,0,4,0,0.0,6.0,43.0,-37.0,2025-05-26,2026-06-26
4100,花園,945.3,1000.0,2.25,京都,近畿,10,2,8,0,0.2,36.0,77.0,-41.0,2025-04-06,2026-07-13
4101,石狩翔陽,944.84,1000.0,-9.79,北海道,北海道,4,0,4,0,0.0,2.0,28.0,-26.0,2025-05-26,2026-06-24
4102,沼田,944.72,1000.0,-6.32,島根,中国,15,5,10,0,0.3333,52.0,66.0,-14.0,2025-04-12,2026-07-06
4103,音更,944.57,1000.0,-9.79,北海道,北海道,4,0,4,0,0.0,3.0,95.0,-92.0,2025-05-26,2026-06-26
4104,羽幌,944.12,1000.0,-9.79,北海道,北海道,4,0,4,0,0.0,4.0,54.0,-50.0,2025-05-26,2026-06-25
4105,勝山,943.73,1000.0,1.72,福井,北信越,10,2,8,0,0.2,28.0,58.0,-30.0,2025-04-19,2026-07-12
4106,釧路明輝,943.64,1000.0,-9.79,北海道,北海道,4,0,4,0,0.0,3.0,47.0,-44.0,2025-05-26,2026-06-27
4107,呉宮原,943.61,1000.0,-6.32,島根,中国,6,0,6,0,0.0,13.0,55.0,-42.0,2025-04-19,2026-07-11
4108,苫小牧高専,943.55,1000.0,-9.79,北海道,北海道,4,0,4,0,0.0,5.0,81.0,-76.0,2025-05-26,2026-06-23
4109,新川,943.28,1000.0,2.72,愛知,東海,17,6,11,0,0.3529,87.0,152.0,-65.0,2025-04-12,2026-07-11
4110,東川,943.1,1000.0,-9.79,北海道,北海道,4,0,4,0,0.0,10.0,61.0,-51.0,2025-05-26,2026-06-27
4111,夕張,942.71,1000.0,-9.79,北海道,北海道,4,0,4,0,0.0,1.0,63.0,-62.0,2025-05-26,2026-06-27
4112,桑名北,942.3,1000.0,-4.97,三重,東海,6,0,6,0,0.0,7.0,67.0,-60.0,2025-04-12,2026-07-08
4113,根室,942.17,1000.0,-9.79,北海道,北海道,4,0,4,0,0.0,5.0,56.0,-51.0,2025-05-26,2026-06-28
4114,小樽明峰,939.92,1000.0,-9.79,北海道,北海道,4,0,4,0,0.0,9.0,78.0,-69.0,2025-05-26,2026-06-26
4115,大門,928.69,1000.0,-6.32,島根,中国,11,2,9,0,0.1818,35.0,95.0,-60.0,2025-04-19,2026-07-11
4116,三谷水産,925.88,1000.0,2.72,愛知,東海,10,0,10,0,0.0,10.0,113.0,-103.0,2025-04-12,2026-07-07
4117,日野,924.86,1000.0,-0.81,滋賀,近畿,14,3,11,0,0.2143,39.0,117.0,-78.0,2025-04-04,2026-07-13
4118,南陽,916.54,1000.0,2.25,京都,近畿,12,1,11,0,0.0833,45.0,167.0,-122.0,2025-04-12,2026-07-08
4119,神戸,912.51,1000.0,-4.97,三重,東海,10,0,10,0,0.0,16.0,101.0,-85.0,2025-04-12,2026-07-12
4120,水産,911.72,1000.0,-4.97,三重,東海,11,1,10,0,0.0909,17.0,114.0,-97.0,2025-04-12,2026-07-11
4121,海洋,910.73,1000.0,-5.27,新潟,北信越,8,0,8,0,0.0,10.0,108.0,-98.0,2025-04-20,2026-07-12
