match_key,pref1,pref2,pref1_rating,pref2_rating,pref1_matchup,pref2_matchup,pref_strength_component1,pref_strength_component2,matchup_component1,matchup_component2,level
2025|spring|2025-03-22|春季香川大会 2025 日程・結果|2R|観音寺総合|7|多度津|0,香川,徳島,995.4958,969.3078,1.1603,-1.1603,-1.126,-7.6731,0.5802,-0.5802,prefecture
2025|spring|2025-03-23|春季香川大会 2025 日程・結果|2R|高松第一|2|志度|12,香川,徳島,997.5891,967.2145,2.2511,-2.2511,-0.6027,-8.1964,1.1256,-1.1256,prefecture
2025|spring|2025-03-26|春季香川大会 2025 日程・結果|3R|高松東|10|志度|6,香川,徳島,995.081,969.7226,0.9896,-0.9896,-1.2297,-7.5694,0.4948,-0.4948,prefecture
2025|spring|2025-04-04|春季東京大会 2025 日程・結果|1R|日大一|1|東海大菅生|9,東東京,西東京,1044.3951,1007.1294,-5.9692,5.9692,11.0988,1.7823,-2.9846,2.9846,prefecture
2025|spring|2025-04-04|春季東京大会 2025 日程・結果|1R|狛江|7|足立学園|6,西東京,東東京,1009.5753,1041.9492,7.7462,-7.7462,2.3938,10.4873,3.8731,-3.8731,prefecture
2025|spring|2025-04-04|春季東京大会 2025 日程・結果|1R|足立西|8|桐朋|7,東京,西東京,952.2732,1011.966,2.555,-2.555,-11.9317,2.9915,1.2775,-1.2775,prefecture
2025|spring|2025-04-04|春季東京大会 2025 日程・結果|1R|板橋|8|東大和|12,東東京,西東京,1039.5585,1009.3307,-9.4835,9.4835,9.8896,2.3327,-4.7418,4.7418,prefecture
2025|spring|2025-04-04|春季東京大会 2025 日程・結果|1R|東京|2|工学院大附|9,東東京,西東京,1037.2047,1011.6846,-11.1946,11.1946,9.3012,2.9211,-5.5973,5.5973,prefecture
2025|spring|2025-04-04|春季東京大会 2025 日程・結果|1R|玉川学園|0|立正大立正|2,西東京,東東京,1013.9851,1034.9041,12.8673,-12.8673,3.4963,8.726,6.4336,-6.4336,prefecture
2025|spring|2025-04-04|春季東京大会 2025 日程・結果|1R|学習院|7|明星|8,東東京,西東京,1037.2157,1011.6735,-11.1894,11.1894,9.3039,2.9184,-5.5947,5.5947,prefecture
2025|spring|2025-04-04|春季東京大会 2025 日程・結果|1R|国士舘|12|大山|2,西東京,東東京,1013.9743,1034.915,12.8626,-12.8626,3.4936,8.7287,6.4313,-6.4313,prefecture
2025|spring|2025-04-04|春季東京大会 2025 日程・結果|1R|立志舎|22|帝京八王子|2,東東京,西東京,1032.6664,1016.2229,-14.4984,14.4984,8.1666,4.0557,-7.2492,7.2492,prefecture
2025|spring|2025-04-04|春季東京大会 2025 日程・結果|1R|産業技術高専|0|明大中野|31,東京,東東京,954.9084,1035.0287,-32.2887,32.2887,-11.2729,8.7572,-15,15,prefecture
2025|spring|2025-04-04|春季東京大会 2025 日程・結果|1R|啓明学園・農業・八王子桑志|5|玉川学園|12,東京,西東京,953.5266,1013.8606,3.7792,-3.7792,-11.6183,3.4651,1.8896,-1.8896,prefecture
2025|spring|2025-04-04|春季東京大会 2025 日程・結果|1R|開成|8|調布南|7,東東京,西東京,1036.4105,1015.7969,-12.7832,12.7832,9.1026,3.9492,-6.3916,6.3916,prefecture
2025|spring|2025-04-04|春季東京大会 2025 日程・結果|1R|日大豊山|12|駒場学園|5,東東京,西東京,1038.723,1013.4844,-11.1037,11.1037,9.6807,3.3711,-5.5519,5.5519,prefecture
2025|spring|2025-04-04|春季東京大会 2025 日程・結果|1R|三鷹中等|6|正則学園|7,西東京,東東京,1011.2243,1040.9831,9.4619,-9.4619,2.8061,10.2458,4.731,-4.731,prefecture
2025|spring|2025-04-04|春季東京大会 2025 日程・結果|1R|国際・竹台・戸山|9|成瀬|19,東京,西東京,951.5903,1009.0153,3.0976,-3.0976,-12.1024,2.2538,1.5488,-1.5488,prefecture
2025|spring|2025-04-04|春季東京大会 2025 日程・結果|1R|田園調布|6|成蹊|17,東東京,西東京,1043.192,1010.9616,-7.857,7.857,10.798,2.7404,-3.9285,3.9285,prefecture
2025|spring|2025-04-04|春季東京大会 2025 日程・結果|1R|八丈|11|鷺宮・日本橋・松原・芦花|2,東東京,東京,1040.8037,949.6441,33.3261,-33.3261,10.2009,-12.589,15,-15,prefecture
2025|spring|2025-04-04|春季東京大会 2025 日程・結果|1R|神代|0|文京|7,西東京,東東京,1013.3499,1042.1139,9.5947,-9.5947,3.3375,10.5285,4.7973,-4.7973,prefecture
2025|spring|2025-04-04|春季東京大会 2025 日程・結果|1R|大山|9|石神井|7,東東京,西東京,1044.3311,1011.1327,-7.9833,7.9833,11.0828,2.7832,-3.9917,3.9917,prefecture
2025|spring|2025-04-04|春季東京大会 2025 日程・結果|1R|町田|3|大森|4,西東京,東東京,1008.9657,1046.4981,6.4081,-6.4081,2.2414,11.6245,3.204,-3.204,prefecture
2025|spring|2025-04-04|春季東京大会 2025 日程・結果|1R|青井・足立東・葛飾総合・蒲田・中野工科・農産・三田・南葛飾|6|帝京八王子|7,東京,西東京,948.3339,1006.8476,2.3344,-2.3344,-12.9165,1.7119,1.1672,-1.1672,prefecture
2025|spring|2025-04-04|春季東京大会 2025 日程・結果|1R|日大櫻丘|7|芝浦工大附|0,西東京,東東京,1008.7771,1048.6162,4.868,-4.868,2.1943,12.154,2.434,-2.434,prefecture
2025|spring|2025-04-04|春季東京大会 2025 日程・結果|1R|大成|7|武蔵丘|2,西東京,東東京,1011.2541,1046.1391,6.6707,-6.6707,2.8135,11.5348,3.3354,-3.3354,prefecture
2025|spring|2025-04-04|春季東京大会 2025 日程・結果|1R|高輪|8|穎明館|1,東東京,西東京,1043.7179,1013.6753,-8.4332,8.4332,10.9295,3.4188,-4.2166,4.2166,prefecture
2025|spring|2025-04-04|春季東京大会 2025 日程・結果|1R|順天|10|田無|3,東東京,西東京,1045.9115,1011.4817,-6.8379,6.8379,11.4779,2.8704,-3.4189,3.4189,prefecture
2025|spring|2025-04-04|春季東京大会 2025 日程・結果|1R|多摩大目黒|8|多摩工科|7,東東京,西東京,1048.0554,1009.3378,-5.2783,5.2783,12.0139,2.3344,-2.6392,2.6392,prefecture
2025|spring|2025-04-04|春季東京大会 2025 日程・結果|1R|九段中等|28|瑞穂農芸|3,東東京,西東京,1050.151,1007.2422,-3.7536,3.7536,12.5378,1.8105,-1.8768,1.8768,prefecture
2025|spring|2025-04-04|春季東京大会 2025 日程・結果|1R|聖徳学園|1|目黒日大|5,西東京,東東京,1005.1937,1052.1995,2.2629,-2.2629,1.2984,13.0499,1.1314,-1.1314,prefecture
2025|spring|2025-04-04|春季東京大会 2025 日程・結果|1R|桜丘|0|神代|2,東東京,西東京,1054.2021,1003.1911,-0.8052,0.8052,13.5505,0.7978,-0.4026,0.4026,prefecture
2025|spring|2025-04-04|春季東京大会 2025 日程・結果|1R|小岩|11|南多摩中等|0,東東京,西東京,1051.6001,1005.7931,-2.6998,2.6998,12.9,1.4483,-1.3499,1.3499,prefecture
2025|spring|2025-04-04|春季東京大会 2025 日程・結果|1R|南平|21|大島海洋国際・北豊島工科|0,西東京,東京,1003.7771,946.4045,-1.5127,1.5127,0.9443,-13.3989,-0.7564,0.7564,prefecture
2025|spring|2025-04-04|春季東京大会 2025 日程・結果|1R|千歳丘|2|足立学園|3,西東京,東東京,1005.7033,1053.6161,1.2321,-1.2321,1.4258,13.404,0.616,-0.616,prefecture
2025|spring|2025-04-04|春季東京大会 2025 日程・結果|1R|小川|7|高輪|9,西東京,東東京,1003.7199,1055.5996,-0.2123,0.2123,0.93,13.8999,-0.1061,0.1061,prefecture
2025|spring|2025-04-04|春季東京大会 2025 日程・結果|1R|立川|3|日本ウェルネス|4,西東京,東東京,1001.7805,1057.5389,-1.6248,1.6248,0.4451,14.3847,-0.8124,0.8124,prefecture
2025|spring|2025-04-04|春季東京大会 2025 日程・結果|1R|国際・竹台・戸山|6|葛飾商|1,東京,東東京,944.4783,1059.4354,-34.3202,34.3202,-13.8804,14.8588,-15,15,prefecture
2025|spring|2025-04-04|春季東京大会 2025 日程・結果|1R|小平西|9|品川翔英|0,西東京,東東京,999.8841,1056.0514,-3.0064,3.0064,-0.029,14.0129,-1.5032,1.5032,prefecture
2025|spring|2025-04-04|春季東京大会 2025 日程・結果|1R|拝島|0|目黒|9,西東京,東東京,1002.5678,1053.3677,-1.0516,1.0516,0.642,13.3419,-0.5258,0.5258,prefecture
2025|spring|2025-04-04|春季東京大会 2025 日程・結果|1R|科学技術・葛西南・深川・富士|7|町田|8,東京,西東京,947.8622,1000.6323,0.6357,-0.6357,-13.0345,0.1581,0.3179,-0.3179,prefecture
2025|spring|2025-04-04|春季東京大会 2025 日程・結果|1R|駒込|0|工学院大附|10,東東京,西東京,1055.3032,1002.5768,2.4618,-2.4618,13.8258,0.6442,1.2309,-1.2309,prefecture
2025|spring|2025-04-04|春季東京大会 2025 日程・結果|1R|東洋|2|中大附|1,東東京,西東京,1052.6483,1005.2317,0.5276,-0.5276,13.1621,1.3079,0.2638,-0.2638,prefecture
2025|spring|2025-04-04|春季東京大会 2025 日程・結果|1R|足立新田|2|専大附|3,東東京,西東京,1054.6122,1003.2678,1.9589,-1.9589,13.6531,0.8169,0.9794,-0.9794,prefecture
2025|spring|2025-04-04|春季東京大会 2025 日程・結果|1R|都市大等々力|9|聖学院|4,西東京,東東京,1005.9074,1051.9726,-0.0353,0.0353,1.4768,12.9932,-0.0177,0.0177,prefecture
2025|spring|2025-04-04|春季東京大会 2025 日程・結果|1R|穎明館|8|淑徳巣鴨|1,西東京,東東京,1008.4884,1049.3916,1.8459,-1.8459,2.1221,12.3479,0.923,-0.923,prefecture
2025|spring|2025-04-04|春季東京大会 2025 日程・結果|1R|立川国際・東村山・府中|1|日大一|8,西東京,東東京,1011.0117,1046.8684,3.6854,-3.6854,2.7529,11.7171,1.8427,-1.8427,prefecture
2025|spring|2025-04-04|春季東京大会 2025 日程・結果|1R|成瀬|9|篠崎|2,西東京,東東京,1008.9182,1048.9618,2.1596,-2.1596,2.2295,12.2405,1.0798,-1.0798,prefecture
2025|spring|2025-04-04|春季東京大会 2025 日程・結果|1R|大森|12|帝京大高|2,東東京,西東京,1046.4482,1011.4318,-3.9925,3.9925,11.6121,2.8579,-1.9962,1.9962,prefecture
2025|spring|2025-04-04|春季東京大会 2025 日程・結果|1R|駒場学園|16|葛西工科|0,西東京,東東京,1009.3288,1048.5512,2.4595,-2.4595,2.3322,12.1378,1.2297,-1.2297,prefecture
2025|spring|2025-04-04|春季東京大会 2025 日程・結果|1R|産業技術高専|37|青鳥特別支援|1,東京,西東京,945.9177,1011.8332,-0.2996,0.2996,-13.5206,2.9583,-0.1498,0.1498,prefecture
2025|spring|2025-04-04|春季東京大会 2025 日程・結果|1R|小岩|20|深沢|1,東東京,西東京,1046.0468,1009.122,-4.286,4.286,11.5117,2.2805,-2.143,2.143,prefecture
2025|spring|2025-04-04|春季東京大会 2025 日程・結果|1R|板橋|11|東京高専|0,東東京,西東京,1048.1412,1007.0276,-2.759,2.759,12.0353,1.7569,-1.3795,1.3795,prefecture
2025|spring|2025-04-04|春季東京大会 2025 日程・結果|1R|松が谷|0|錦城学園|13,西東京,東東京,1004.9804,1050.1884,1.2661,-1.2661,1.2451,12.5471,0.633,-0.633,prefecture
2025|spring|2025-04-04|春季東京大会 2025 日程・結果|1R|青稜|9|筑波大駒場|2,東東京,西東京,1052.1897,1002.979,0.1937,-0.1937,13.0474,0.7448,0.0969,-0.0969,prefecture
2025|spring|2025-04-04|春季東京大会 2025 日程・結果|1R|秋留台・五日市・多摩|1|多摩工科|17,東京,西東京,948.6289,1001.0223,1.0493,-1.0493,-12.8428,0.2556,0.5247,-0.5247,prefecture
2025|spring|2025-04-04|春季東京大会 2025 日程・結果|1R|立川|11|大崎|4,西東京,東東京,1002.9746,1054.1464,-1.6212,1.6212,0.7436,13.5366,-0.8106,0.8106,prefecture
2025|spring|2025-04-04|春季東京大会 2025 日程・結果|1R|小平|3|開成|6,西東京,東東京,1005.6088,1051.5122,0.3005,-0.3005,1.4022,12.8781,0.1503,-0.1503,prefecture
2025|spring|2025-04-04|春季東京大会 2025 日程・結果|1R|東洋|10|上水|3,東東京,西東京,1053.4966,1003.6244,1.1474,-1.1474,13.3742,0.9061,0.5737,-0.5737,prefecture
2025|spring|2025-04-04|春季東京大会 2025 日程・結果|1R|江戸川|8|八王子北|0,東東京,西東京,1055.4368,1001.6842,2.5633,-2.5633,13.8592,0.421,1.2816,-1.2816,prefecture
2025|spring|2025-04-04|春季東京大会 2025 日程・結果|1R|高島|12|武蔵野北|5,東東京,西東京,1057.3341,999.7869,3.9482,-3.9482,14.3335,-0.0533,1.9741,-1.9741,prefecture
2025|spring|2025-04-04|春季東京大会 2025 日程・結果|1R|日本ウェルネス|11|田無工科|1,東東京,西東京,1059.1896,997.9314,5.3028,-5.3028,14.7974,-0.5172,2.6514,-2.6514,prefecture
2025|spring|2025-04-04|春季東京大会 2025 日程・結果|1R|桐ヶ丘・三商・千早|0|城北|19,東京,東東京,946.6767,1061.0047,-32.4638,32.4638,-13.3308,15,-15,15,prefecture
2025|spring|2025-04-04|春季東京大会 2025 日程・結果|1R|農大一|12|筑波大附|16,西東京,東東京,996.1163,1062.2027,-6.6281,6.6281,-0.9709,15,-3.3141,3.3141,prefecture
2025|spring|2025-04-04|春季東京大会 2025 日程・結果|1R|自由ヶ丘学園|0|総合工科|3,東東京,西東京,1063.9709,994.3481,7.9195,-7.9195,15,-1.413,3.9598,-3.9598,prefecture
2025|spring|2025-04-04|春季東京大会 2025 日程・結果|1R|麻布|4|中大附|12,東東京,西東京,1061.1411,997.1779,5.8543,-5.8543,15,-0.7055,2.9272,-2.9272,prefecture
2025|spring|2025-04-04|春季東京大会 2025 日程・結果|1R|芝浦工大附|7|荒川工科・六郷工科|0,東東京,東京,1058.3722,945.4787,33.3728,-33.3728,14.593,-13.6303,15,-15,prefecture
2025|spring|2025-04-04|春季東京大会 2025 日程・結果|1R|工学院大附|32|文教大付|0,西東京,東東京,999.9468,1059.5682,-3.8332,3.8332,-0.0133,14.8921,-1.9166,1.9166,prefecture
2025|spring|2025-04-04|春季東京大会 2025 日程・結果|1R|専大附|11|早稲田|0,西東京,東東京,1002.6629,1056.8521,-1.8502,1.8502,0.6657,14.213,-0.9251,0.9251,prefecture
2025|spring|2025-04-04|春季東京大会 2025 日程・結果|1R|駒場・両国|3|海城|2,東京,東東京,944.2826,1054.1957,-34.2801,34.2801,-13.9293,13.5489,-15,15,prefecture
2025|spring|2025-04-05|春季東京大会 2025 日程・結果|1R|郁文館|11|府中西|1,東東京,西東京,1050.8377,1005.3194,-0.0895,0.0895,12.7094,1.3298,-0.0447,0.0447,prefecture
2025|spring|2025-04-05|春季東京大会 2025 日程・結果|1R|片倉|2|成城|1,西東京,東東京,1003.3352,1052.8218,-1.3596,1.3596,0.8338,13.2055,-0.6798,0.6798,prefecture
2025|spring|2025-04-05|春季東京大会 2025 日程・結果|1R|国立|4|日大豊山|5,西東京,東東京,1005.9553,1050.2018,0.5539,-0.5539,1.4888,12.5504,0.277,-0.277,prefecture
2025|spring|2025-04-05|春季東京大会 2025 日程・結果|1R|目白研心|0|聖パウロ学園|7,東東京,西東京,1052.2001,1003.9569,0.9057,-0.9057,13.05,0.9892,0.4529,-0.4529,prefecture
2025|spring|2025-04-05|春季東京大会 2025 日程・結果|1R|大森|0|拓大一|10,東東京,西東京,1049.5939,1006.5631,-0.9981,0.9981,12.3985,1.6408,-0.4991,0.4991,prefecture
2025|spring|2025-04-05|春季東京大会 2025 日程・結果|1R|立志舎|2|府中工科|7,東東京,西東京,1047.0459,1009.1112,-2.8597,2.8597,11.7615,2.2778,-1.4299,1.4299,prefecture
2025|spring|2025-04-05|春季東京大会 2025 日程・結果|1R|江戸川|5|小平南|0,東東京,西東京,1044.5551,1011.602,-4.6799,4.6799,11.1388,2.9005,-2.3399,2.3399,prefecture
2025|spring|2025-04-06|春季東京大会 2025 日程・結果|2R|実践学園|7|府中工|4,東東京,西東京,1046.6805,1009.4766,-3.1272,3.1272,11.6701,2.3691,-1.5636,1.5636,prefecture
2025|spring|2025-04-06|春季東京大会 2025 日程・結果|2R|日大三|13|正則|0,西東京,東東京,1007.3991,1048.7579,1.6094,-1.6094,1.8498,12.1895,0.8047,-0.8047,prefecture
2025|spring|2025-04-06|春季東京大会 2025 日程・結果|2R|小山台|10|成瀬|3,東東京,西東京,1046.2286,1009.9284,-3.458,3.458,11.5572,2.4821,-1.729,1.729,prefecture
2025|spring|2025-04-06|春季東京大会 2025 日程・結果|2R|明大中野|10|片倉|0,東東京,西東京,1048.3163,1007.8408,-1.9324,1.9324,12.0791,1.9602,-0.9662,0.9662,prefecture
2025|spring|2025-04-06|春季東京大会 2025 日程・結果|2R|府中東|8|立正大立正|3,西東京,東東京,1005.8002,1050.3569,0.441,-0.441,1.45,12.5892,0.2205,-0.2205,prefecture
2025|spring|2025-04-06|春季東京大会 2025 日程・結果|2R|二松学舎大付|0|八王子|4,東東京,西東京,1047.7918,1008.3653,-2.3162,2.3162,11.9479,2.0913,-1.1581,1.1581,prefecture
2025|spring|2025-04-06|春季東京大会 2025 日程・結果|2R|狛江|6|江戸川|8,西東京,東東京,1010.8728,1045.2842,4.1496,-4.1496,2.7182,11.3211,2.0748,-2.0748,prefecture
2025|spring|2025-04-06|春季東京大会 2025 日程・結果|1R|大森学園|6|富士森|1,東東京,西東京,1047.3932,1008.7639,-2.608,2.608,11.8483,2.191,-1.304,1.304,prefecture
2025|spring|2025-04-06|春季東京大会 2025 日程・結果|1R|法政|4|目黒日大|3,西東京,東東京,1006.7025,1049.4546,1.1009,-1.1009,1.6756,12.3636,0.5505,-0.5505,prefecture
2025|spring|2025-04-06|春季東京大会 2025 日程・結果|1R|日大桜丘|2|城西大城西|3,西東京,東東京,1009.2474,1046.9097,2.962,-2.962,2.3118,11.7274,1.481,-1.481,prefecture
2025|spring|2025-04-07|春季東京大会 2025 日程・結果|2R|昭和|0|日体大荏原|7,西東京,東東京,1007.1751,1048.982,1.4467,-1.4467,1.7938,12.2455,0.7234,-0.7234,prefecture
2025|spring|2025-04-07|春季東京大会 2025 日程・結果|2R|堀越|0|工学院大付|7,東東京,西東京,1051.0077,1005.1494,0.0347,-0.0347,12.7519,1.2873,0.0174,-0.0174,prefecture
2025|spring|2025-04-07|春季東京大会 2025 日程・結果|2R|東京成徳大高|10|聖パウロ学園|3,東東京,西東京,1048.428,1007.729,-1.8521,1.8521,12.107,1.9323,-0.9261,0.9261,prefecture
2025|spring|2025-04-07|春季東京大会 2025 日程・結果|2R|佼成学園|0|成立学園|1,西東京,東東京,1005.6909,1050.4662,0.3614,-0.3614,1.4227,12.6165,0.1807,-0.1807,prefecture
2025|spring|2025-04-07|春季東京大会 2025 日程・結果|2R|大成|3|立教池袋|5,西東京,東東京,1003.6984,1052.4586,-1.0961,1.0961,0.9246,13.1147,-0.5481,0.5481,prefecture
2025|spring|2025-04-07|春季東京大会 2025 日程・結果|2R|日大鶴ヶ丘|5|足立西|1,西東京,東京,1001.7504,947.6407,-0.0747,0.0747,0.4376,-13.0898,-0.0373,0.0373,prefecture
2025|spring|2025-04-08|春季東京大会 2025 日程・結果|2R|早稲田実|10|順天|0,西東京,東東京,1003.6791,1054.4066,-2.5214,2.5214,0.9198,13.6017,-1.2607,1.2607,prefecture
2025|spring|2025-04-08|春季東京大会 2025 日程・結果|2R|国学院久我山|9|明大中野|2,西東京,東東京,1006.322,1051.7637,-0.5879,0.5879,1.5805,12.9409,-0.294,0.294,prefecture
2025|spring|2025-04-08|春季東京大会 2025 日程・結果|2R|淑徳|7|法政|8,東東京,西東京,1049.1796,1008.9061,-1.3029,1.3029,12.2949,2.2265,-0.6514,0.6514,prefecture
2025|spring|2025-04-08|春季東京大会 2025 日程・結果|2R|大森学園|1|創価|14,東東京,西東京,1046.6534,1011.4323,-3.1516,3.1516,11.6634,2.8581,-1.5758,1.5758,prefecture
2025|spring|2025-04-12|春季東京大会 2025 日程・結果|3R|八王子|14|実践学園|2,西東京,東東京,1013.9017,1044.1841,4.9589,-4.9589,3.4754,11.046,2.4794,-2.4794,prefecture
2025|spring|2025-04-12|春季東京大会 2025 日程・結果|3R|立教池袋|1|早稲田実|11,東東京,西東京,1041.7706,1016.3152,-6.7256,6.7256,10.4426,4.0788,-3.3628,3.3628,prefecture
2025|spring|2025-04-12|春季東京大会 2025 日程・結果|3R|創価|4|東亜学園|7,西東京,東東京,1018.6739,1039.4119,8.4526,-8.4526,4.6685,9.853,4.2263,-4.2263,prefecture
2025|spring|2025-04-19|春季茨城大会 2025 日程・結果|1R|東風|6|麻生|0,茨城,神奈川,989.413,1054.8033,-7.1832,7.1832,-2.6467,13.7008,-3.5916,3.5916,district_qualifier
2025|spring|2025-04-19|春季東京大会 2025 日程・結果|4R|東海大菅生|5|共栄学園|4,西東京,東東京,1016.4191,1041.6667,6.8027,-6.8027,4.1048,10.4167,3.4013,-3.4013,prefecture
2025|spring|2025-04-19|春季東京大会 2025 日程・結果|4R|明大八王子|1|東亜学園|6,西東京,東東京,1018.7754,1039.3103,8.5281,-8.5281,4.6939,9.8276,4.2641,-4.2641,prefecture
2025|spring|2025-04-19|春季九州大会 2025 日程・結果|1R|創成館(長崎)|1|エナジック(沖縄)|2,長崎,沖縄,984.9772,1018.3942,-4.3546,4.3546,-3.7557,4.5985,-2.1773,2.1773,regional
2025|spring|2025-04-19|春季九州大会 2025 日程・結果|1R|龍谷(佐賀)|0|海星(長崎)|7,佐賀,長崎,918.9982,981.6357,-0.452,0.452,-15,-4.5911,-0.226,0.226,regional
2025|spring|2025-04-19|春季九州大会 2025 日程・結果|1R|柳ヶ浦(大分)|0|東海大熊本星翔(熊本)|2,大分,熊本,1033.5224,963.4478,-5.9438,5.9438,8.3806,-9.138,-2.9719,2.9719,regional
2025|spring|2025-04-19|春季九州大会 2025 日程・結果|1R|西日本短大附(福岡)|3|宜野座(沖縄)|2,福岡,沖縄,1022.5099,1021.7357,2.9657,-2.9657,5.6275,5.4339,1.4828,-1.4828,regional
2025|spring|2025-04-20|春季東京大会 2025 日程・結果|4R|八王子|10|駿台学園|0,西東京,東東京,1016.5183,1041.5675,6.8763,-6.8763,4.1296,10.3919,3.4382,-3.4382,prefecture
2025|spring|2025-04-20|春季東京大会 2025 日程・結果|4R|大東大第一|0|早稲田実|12,東東京,西東京,1039.2134,1018.8724,-8.6004,8.6004,9.8033,4.7181,-4.3002,4.3002,prefecture
2025|spring|2025-04-20|春季東京大会 2025 日程・結果|4R|帝京|11|日大鶴ヶ丘|7,東東京,西東京,1036.9128,1021.173,-10.2855,10.2855,9.2282,5.2932,-5.1427,5.1427,prefecture
2025|spring|2025-04-20|春季九州大会 2025 日程・結果|1R|宮崎商業(宮崎)|2|東筑(福岡)|4,宮崎,福岡,929.8784,1026.2365,-5.4709,5.4709,-15,6.5591,-2.7354,2.7354,regional
2025|spring|2025-04-20|春季九州大会 2025 日程・結果|1R|沖縄尚学(沖縄)|0|長崎商(長崎)|1,沖縄,長崎,1018.009,984.7484,5.9888,-5.9888,4.5023,-3.8129,2.9944,-2.9944,regional
2025|spring|2025-04-20|春季九州大会 2025 日程・結果|1R|壱岐(長崎)|4|神村学園(鹿児島)|7,長崎,鹿児島,989.0404,1021.6519,0.0,-0.0,-2.7399,5.413,0.0,-0.0,regional
2025|spring|2025-04-20|春季九州大会 2025 日程・結果|1R|福岡大大濠(福岡)|4|明豊(大分)|6,福岡,大分,1028.8989,1029.0919,-2.1602,2.1602,7.2247,7.273,-1.0801,1.0801,regional
2025|spring|2025-04-21|春季九州大会 2025 日程・結果|QF|明豊(大分)|8|長崎商(長崎)|3,大分,長崎,1032.8425,985.596,5.3718,-5.3718,8.2106,-3.601,2.6859,-2.6859,regional
2025|spring|2025-04-21|春季九州大会 2025 日程・結果|QF|神村学園(鹿児島)|4|東筑(福岡)|3,鹿児島,福岡,1025.0962,1025.1483,-0.6991,0.6991,6.2741,6.2871,-0.3496,0.3496,regional
2025|spring|2025-04-21|春季九州大会 2025 日程・結果|QF|東海大熊本星翔(熊本)|3|エナジック(沖縄)|4,熊本,沖縄,967.8784,1013.717,-2.1385,2.1385,-8.0304,3.4293,-1.0693,1.0693,regional
2025|spring|2025-04-21|春季九州大会 2025 日程・結果|QF|西日本短大附(福岡)|6|海星(長崎)|0,福岡,長崎,1021.3324,982.4244,6.7121,-6.7121,5.3331,-4.3939,3.356,-3.356,regional
2025|spring|2025-04-23|春季九州大会 2025 日程・結果|SF|神村学園(鹿児島)|6|明豊(大分)|0,鹿児島,大分,1028.9121,1036.0141,-11.6539,11.6539,7.228,9.0035,-5.827,5.827,regional
2025|spring|2025-04-23|春季九州大会 2025 日程・結果|SF|西日本短大附(福岡)|7|エナジック(沖縄)|6,福岡,沖縄,1024.5643,1016.9726,4.9256,-4.9256,6.1411,4.2432,2.4628,-2.4628,regional
2025|spring|2025-04-24|春季埼玉大会 2025 日程・結果|1R|川越|11|3校連合|0,埼玉,宮城,1009.0371,1048.7039,0.0683,-0.0683,2.2593,12.176,0.0341,-0.0341,district_qualifier
2025|spring|2025-04-24|春季九州大会 2025 日程・結果|F|西日本短大附(福岡)|1|神村学園(鹿児島)|5,福岡,鹿児島,1028.1737,1033.0438,-0.9926,0.9926,7.0434,8.261,-0.4963,0.4963,regional
2025|spring|2025-04-26|春季東京大会 2025 日程・結果|QF|八王子|5|小山台|0,西東京,東東京,1018.8613,1039.2245,8.5935,-8.5935,4.7153,9.8061,4.2967,-4.2967,prefecture
2025|spring|2025-04-26|春季岡山大会 2025 日程・結果|1R|明誠|2|西大寺|3,島根,岡山,934.7374,1016.6436,-12.0135,12.0135,-15,4.1609,-6.0067,6.0067,district_qualifier
2025|spring|2025-04-26|春季岡山大会 2025 日程・結果|1R|一宮|3|朝日|5,愛知,岡山,1021.3402,1018.1154,-0.0,0.0,5.3351,4.5288,-0.0,0.0,district_qualifier
2025|spring|2025-04-26|春季岡山大会 2025 日程・結果|1R|津山商|8|勝山|0,岡山,鳥取,1020.2248,941.3529,-0.2144,0.2144,5.0562,-14.6618,-0.1072,0.1072,district_qualifier
2025|spring|2025-04-26|春季岡山大会 2025 日程・結果|1R|芳泉|12|白陵|0,岡山,兵庫,1021.8508,1028.6292,-0.0,0.0,5.4627,7.1573,-0.0,0.0,district_qualifier
2025|spring|2025-04-26|2025年度（第78回）春季四国地区高等学校野球大会|QF|新田|5|高知|3,愛媛,高知,939.1885,1051.8156,-28.2025,28.2025,-15,12.9539,-14.1012,14.1012,regional
2025|spring|2025-04-26|2025年度（第78回）春季四国地区高等学校野球大会|QF|徳島商|4|今治西|0,徳島,愛媛,967.6216,944.704,2.4664,-2.4664,-8.0946,-13.824,1.2332,-1.2332,regional
2025|spring|2025-04-26|2025年度（第78回）春季四国地区高等学校野球大会|QF|英明|8|鳴門|5,香川,徳島,997.182,971.1176,2.1147,-2.1147,-0.7045,-7.2206,1.0574,-1.0574,regional
2025|spring|2025-04-26|2025年度（第78回）春季四国地区高等学校野球大会|QF|明徳義塾|5|高松商|2,高知,香川,1046.3001,1000.6515,-15.6917,15.6917,11.575,0.1629,-7.8459,7.8459,regional
2025|spring|2025-04-27|春季東京大会 2025 日程・結果|QF|帝京|5|東海大菅生|7,東東京,西東京,1036.9236,1021.1621,-10.279,10.279,9.2309,5.2905,-5.1395,5.1395,prefecture
2025|spring|2025-04-27|春季東京大会 2025 日程・結果|QF|東亜学園|5|国学院久我山|3,東東京,西東京,1034.6751,1023.4106,-11.9264,11.9264,8.6688,5.8527,-5.9632,5.9632,prefecture
2025|spring|2025-04-27|2025年度（第78回）春季四国地区高等学校野球大会|SF|英明|4|新田|1,香川,愛媛,997.0074,941.208,-2.7905,2.7905,-0.7481,-14.698,-1.3953,1.3953,regional
2025|spring|2025-04-27|2025年度（第78回）春季四国地区高等学校野球大会|SF|明徳義塾|4|徳島商|2,高知,徳島,1049.9441,967.6481,8.5814,-8.5814,12.486,-8.088,4.2907,-4.2907,regional
2025|spring|2025-05-03|春季東京大会 2025 日程・結果|SF|八王子|3|東亜学園|4,西東京,東東京,1021.0481,1037.0377,10.1969,-10.1969,5.262,9.2594,5.0985,-5.0985,prefecture
2025|spring|2025-05-03|2025年度（第78回）春季四国地区高等学校野球大会|F|明徳義塾|5|英明|0,高知,香川,1052.6851,1000.262,-13.6952,13.6952,13.1713,0.0655,-6.8476,6.8476,regional
2025|spring|2025-05-04|春季東京大会 2025 日程・結果|F|東亜学園|7|東海大菅生|1,東東京,西東京,1039.3466,1018.7392,-8.5065,8.5065,9.8366,4.6848,-4.2532,4.2532,prefecture
2025|spring|2025-05-12|春季秋田大会 2025 日程・結果|2R|大曲農業|5|増田・羽後|3,秋田,岩手,945.5244,1008.1038,-5.5672,5.5672,-13.6189,2.0259,-2.7836,2.7836,prefecture
2025|spring|2025-05-13|春季秋田大会 2025 日程・結果|2R|五城目・西目|1|男鹿工業|10,岩手,秋田,1005.3472,948.281,4.3572,-4.3572,1.3368,-12.9298,2.1786,-2.1786,prefecture
2025|spring|2025-05-16|春季宮城大会 2025 日程・結果|1R|松島|5|日本ウェルネス|6,宮城,東東京,1046.3771,1041.603,0.0,-0.0,11.5943,10.4008,0.0,-0.0,district_qualifier
2025|spring|2025-05-16|春季宮城大会 2025 日程・結果|1R|石巻工業|14|日本ウェルネス|4,宮城,東東京,1044.2584,1043.7217,-0.1766,0.1766,11.0646,10.9304,-0.0883,0.0883,district_qualifier
2025|spring|2025-05-16|春季宮城大会 2025 日程・結果|1R|登米総合産業|3|日本ウェルネス|10,宮城,東東京,1046.3473,1041.6328,-0.0045,0.0045,11.5868,10.4082,-0.0022,0.0022,district_qualifier
2025|spring|2025-05-18|春季関東大会 2025 日程・結果|2R|専大松戸(千葉1)|3|境(茨城2)|1,千葉,茨城,1010.32,991.9745,-7.5524,7.5524,2.58,-2.0064,-3.7762,3.7762,regional
2025|spring|2025-05-18|春季関東大会 2025 日程・結果|2R|健大高崎(群馬1)|2|東海大菅生(東京2)|0,群馬,西東京,1036.8204,1016.4827,-0.0413,0.0413,9.2051,4.1207,-0.0207,0.0207,regional
2025|spring|2025-05-18|春季関東大会 2025 日程・結果|2R|東亜学園(東京1)|9|桐生第一(群馬2)|10,東東京,群馬,1043.7511,1040.3991,-0.0305,0.0305,10.9378,10.0998,-0.0153,0.0153,regional
2025|spring|2025-05-18|春季関東大会 2025 日程・結果|2R|佐野日大(栃木1)|2|習志野(千葉2)|3,栃木,千葉,979.419,1014.0846,-4.2998,4.2998,-5.1453,3.5211,-2.1499,2.1499,regional
2025|spring|2025-05-18|春季関東大会 2025 日程・結果|1R|帝京三(山梨2)|4|藤代(茨城3)|2,山梨,茨城,997.5122,988.21,-4.0116,4.0116,-0.622,-2.9475,-2.0058,2.0058,regional
2025|spring|2025-05-19|春季関東大会 2025 日程・結果|2R|常総学院(茨城1)|3|東海大相模(神奈川2)|10,茨城,神奈川,984.424,1052.2418,-6.4707,6.4707,-3.894,13.0604,-3.2353,3.2353,regional
2025|spring|2025-05-19|春季関東大会 2025 日程・結果|2R|横浜(神奈川1)|8|作新学院(栃木2)|1,神奈川,栃木,1055.1741,976.0897,5.8704,-5.8704,13.7935,-5.9776,2.9352,-2.9352,regional
2025|spring|2025-05-19|春季関東大会 2025 日程・結果|2R|山梨学院(山梨1)|7|叡明(埼玉2)|6,山梨,埼玉,1001.2982,1011.3639,4.0003,-4.0003,0.3246,2.841,2.0002,-2.0002,regional
2025|spring|2025-05-19|春季関東大会 2025 日程・結果|2R|浦和学院(埼玉1)|2|帝京三(山梨2)|0,埼玉,山梨,1007.5413,1005.1208,-5.8286,5.8286,1.8853,1.2802,-2.9143,2.9143,regional
2025|spring|2025-05-20|春季関東大会 2025 日程・結果|QF|習志野(千葉2)|1|健大高崎(群馬1)|3,千葉,群馬,1017.4138,1044.2351,-2.6117,2.6117,4.3535,11.0588,-1.3059,1.3059,regional
2025|spring|2025-05-20|春季関東大会 2025 日程・結果|QF|桐生第一(群馬2)|1|専大松戸(千葉1)|4,群馬,千葉,1047.6856,1013.9633,4.2199,-4.2199,11.9214,3.4908,2.11,-2.11,regional
2025|spring|2025-05-21|春季関東大会 2025 日程・結果|QF|山梨学院(山梨1)|6|東海大相模(神奈川2)|2,山梨,神奈川,1001.2198,1058.0027,4.4351,-4.4351,0.3049,14.5007,2.2175,-2.2175,regional
2025|spring|2025-05-21|春季関東大会 2025 日程・結果|QF|浦和学院(埼玉1)|2|横浜(神奈川1)|3,埼玉,神奈川,1011.4423,1053.682,-8.0846,8.0846,2.8606,13.4205,-4.0423,4.0423,regional
2025|spring|2025-05-24|春季関東大会 2025 日程・結果|SF|健大高崎(群馬1)|4|山梨学院(山梨1)|3,群馬,山梨,1043.4267,1005.5405,4.0031,-4.0031,10.8567,1.3851,2.0016,-2.0016,regional
2025|spring|2025-05-24|春季関東大会 2025 日程・結果|SF|横浜(神奈川1)|3|専大松戸(千葉1)|4,神奈川,千葉,1056.8491,1018.2222,-7.4851,7.4851,14.2123,4.5555,-3.7425,3.7425,regional
2025|spring|2025-05-24|春季近畿大会 2025 日程・結果|1R|奈良(奈良3)|2|滋賀学園(滋賀)|8,奈良,滋賀,1065.8626,1014.5738,4.8777,-4.8777,15,3.6435,2.4389,-2.4389,regional
2025|spring|2025-05-24|春季近畿大会 2025 日程・結果|1R|天理(奈良1)|3|智弁和歌山(和歌山)|7,奈良,和歌山,1061.4017,1033.1865,4.7089,-4.7089,15,8.2966,2.3544,-2.3544,regional
2025|spring|2025-05-24|春季東海大会 2025 日程・結果|1R|津田学園(三重1)|7|中京(岐阜2)|4,三重,岐阜,958.117,970.0504,6.8354,-6.8354,-10.4707,-7.4874,3.4177,-3.4177,regional
2025|spring|2025-05-24|春季東海大会 2025 日程・結果|1R|聖隷クリストファー(静岡1)|2|三重(三重2)|3,静岡,三重,987.9649,961.898,8.596,-8.596,-3.0088,-9.5255,4.298,-4.298,regional
2025|spring|2025-05-25|春季関東大会 2025 日程・結果|F|専大松戸(千葉1)|2|健大高崎(群馬1)|7,千葉,群馬,1022.2805,1046.7277,-2.4569,2.4569,5.5701,11.6819,-1.2284,1.2284,regional
2025|spring|2025-05-25|春季近畿大会 2025 日程・結果|1R|東洋大姫路(兵庫)|9|大阪桐蔭(大阪)|2,兵庫,大阪,1026.4984,1113.4011,1.8314,-1.8314,6.6246,15,0.9157,-0.9157,regional
2025|spring|2025-05-25|春季近畿大会 2025 日程・結果|1R|奈良大付(奈良2)|8|京都共栄(京都)|1,奈良,京,1057.1917,1034.9625,-3.6475,3.6475,14.2979,8.7406,-1.8238,1.8238,regional
2025|spring|2025-05-25|春季東海大会 2025 日程・結果|1R|岐阜城北(岐阜1)|5|東邦(愛知2)|4,岐阜,愛知,966.2694,1019.2308,2.3495,-2.3495,-8.4327,4.8077,1.1748,-1.1748,regional
2025|spring|2025-05-25|春季東海大会 2025 日程・結果|1R|豊川(愛知1)|17|桐陽(静岡2)|7,愛知,静岡,1014.9063,983.6942,0.6569,-0.6569,3.7266,-4.0764,0.3285,-0.3285,regional
2025|spring|2025-05-26|春季北海道大会 2025 日程・結果|1R|札幌光星|0|旭川実業|5,南北海道,北北海道,1012.4108,941.0451,20.867,-20.867,3.1027,-14.7387,10.4335,-10.4335,regional
2025|spring|2025-05-26|春季北海道大会 2025 日程・結果|1R|札幌山の手|3|立命館|5,南北海道,京,1007.4157,1031.3257,0.301,-0.301,1.8539,7.8314,0.1505,-0.1505,regional
2025|spring|2025-05-26|春季北海道大会 2025 日程・結果|1R|開成中等|1|札幌大谷|12,北海道,南北海道,987.9661,1003.8703,-2.3096,2.3096,-3.0085,0.9676,-1.1548,1.1548,regional
2025|spring|2025-05-26|春季北海道大会 2025 日程・結果|1R|立命館|13|札幌東|5,京,南北海道,1034.8711,1007.4461,0.3148,-0.3148,8.7178,1.8615,0.1574,-0.1574,regional
2025|spring|2025-05-26|春季北海道大会 2025 日程・結果|1R|開成中等|13|琴似工業|10,北海道,南北海道,984.3903,1003.9523,-3.7168,3.7168,-3.9024,0.9881,-1.8584,1.8584,regional
2025|spring|2025-05-26|春季北海道大会 2025 日程・結果|1R|立命館|7|札幌平岡|0,京,南北海道,1038.365,999.8576,1.2582,-1.2582,9.5912,-0.0356,0.6291,-0.6291,regional
2025|spring|2025-05-26|春季北海道大会 2025 日程・結果|1R|連合|0|琴似工業|10,北海道,南北海道,988.4849,996.5042,-3.1075,3.1075,-2.8788,-0.8739,-1.5538,1.5538,regional
2025|spring|2025-05-26|春季北海道大会 2025 日程・結果|1R|小樽双葉|10|水産・倶農・寿都・蘭越|0,南北海道,北海道,1000.1486,984.8405,4.6341,-4.6341,0.0372,-3.7899,2.317,-2.317,regional
2025|spring|2025-05-26|春季北海道大会 2025 日程・結果|1R|苫小牧西・えりも・富川|6|苫小牧東|7,北海道,南北海道,981.3089,1003.6803,-6.2821,6.2821,-4.6728,0.9201,-3.141,3.141,regional
2025|spring|2025-05-26|春季北海道大会 2025 日程・結果|1R|室工・東翔|2|大谷室蘭|9,北海道,南北海道,977.8897,1007.0994,-8.013,8.013,-5.5276,1.7749,-4.0065,4.0065,regional
2025|spring|2025-05-26|春季北海道大会 2025 日程・結果|1R|釧路湖陵|12|高専.商・標・厚翔・霧|1,北北海道,北海道,946.0401,974.5817,0.1114,-0.1114,-13.49,-6.3546,0.0557,-0.0557,regional
2025|spring|2025-05-26|春季北海道大会 2025 日程・結果|1R|北広島西|0|札幌龍谷|7,北海道,南北海道,970.4726,1010.4075,-9.7978,9.7978,-7.3818,2.6019,-4.8989,4.8989,regional
2025|spring|2025-05-26|春季北海道大会 2025 日程・結果|1R|釧路北陽|3|釧路工業|2,北北海道,北海道,950.1492,967.3174,0.9923,-0.9923,-12.4627,-8.1706,0.4962,-0.4962,regional
2025|spring|2025-05-26|春季北海道大会 2025 日程・結果|1R|栗山|0|砂川美唄尚栄|10,北北海道,北海道,954.1152,963.3515,2.2043,-2.2043,-11.4712,-9.1621,1.1022,-1.1022,regional
2025|spring|2025-05-26|春季北海道大会 2025 日程・結果|1R|足寄|19|鹿追・清水・広尾・更別農業|0,北北海道,北海道,950.368,967.0987,1.4626,-1.4626,-12.408,-8.2253,0.7313,-0.7313,regional
2025|spring|2025-05-26|春季北海道大会 2025 日程・結果|1R|水産・倶農・寿都・蘭越|16|小樽未来創造|6,北海道,南北海道,963.1478,1013.5627,-11.5963,11.5963,-9.2131,3.3907,-5.7982,5.7982,regional
2025|spring|2025-05-26|春季北海道大会 2025 日程・結果|1R|斜里・津別|0|北見柏陽|18,北海道,北北海道,967.741,954.3189,-2.8996,2.8996,-8.0648,-11.4203,-1.4498,1.4498,regional
2025|spring|2025-05-26|春季北海道大会 2025 日程・結果|1R|根室|2|釧路工業|12,北北海道,北海道,958.2022,963.8576,4.5166,-4.5166,-10.4494,-9.0356,2.2583,-2.2583,regional
2025|spring|2025-05-26|春季北海道大会 2025 日程・結果|1R|函大柏稜|15|七飯・大農|1,南北海道,北海道,1008.9694,967.6946,10.0901,-10.0901,2.2424,-8.0764,5.0451,-5.0451,regional
2025|spring|2025-05-26|春季北海道大会 2025 日程・結果|1R|函館中部|19|森・八雲|0,南北海道,北海道,1012.1042,964.5598,11.8677,-11.8677,3.026,-8.8601,5.9339,-5.9339,regional
2025|spring|2025-05-26|春季北海道大会 2025 日程・結果|1R|函商奥尻|2|檜山北|5,北海道,南北海道,961.5286,1015.1353,-13.6518,13.6518,-9.6178,3.7838,-6.8259,6.8259,regional
2025|spring|2025-05-26|春季北海道大会 2025 日程・結果|1R|札幌光星|0|旭川実業|5,南北海道,北北海道,1018.0661,954.3653,17.3439,-17.3439,4.5165,-11.4087,8.6719,-8.6719,regional
2025|spring|2025-05-26|春季北海道大会 2025 日程・結果|1R|札幌山の手|3|立命館|5,南北海道,京,1013.2178,1041.7184,-2.419,2.419,3.3045,10.4296,-1.2095,1.2095,regional
2025|spring|2025-05-26|春季北海道大会 2025 日程・結果|1R|開成中等|1|札幌大谷|12,北海道,南北海道,958.5979,1009.7814,-15.4324,15.4324,-10.3505,2.4453,-7.7162,7.7162,regional
2025|spring|2025-05-26|春季北海道大会 2025 日程・結果|1R|立命館|13|札幌東|5,京,南北海道,1045.1548,1012.7003,3.8001,-3.8001,11.2887,3.1751,1.9,-1.9,regional
2025|spring|2025-05-26|春季北海道大会 2025 日程・結果|1R|開成中等|13|琴似工業|10,北海道,南北海道,955.679,1009.3364,-17.2436,17.2436,-11.0803,2.3341,-8.6218,8.6218,regional
2025|spring|2025-05-26|春季北海道大会 2025 日程・結果|1R|立命館|7|札幌平岡|0,京,南北海道,1048.5187,1004.5925,5.3152,-5.3152,12.1297,1.1481,2.6576,-2.6576,regional
2025|spring|2025-05-26|春季北海道大会 2025 日程・結果|1R|連合|0|琴似工業|10,北海道,南北海道,960.4229,1001.3844,-15.2548,15.2548,-9.8943,0.3461,-7.6274,7.6274,regional
2025|spring|2025-05-26|春季北海道大会 2025 日程・結果|1R|小樽双葉|10|水産・倶農・寿都・蘭越|0,南北海道,北海道,1004.4135,957.3937,17.1048,-17.1048,1.1034,-10.6516,8.5524,-8.5524,regional
2025|spring|2025-05-26|春季北海道大会 2025 日程・結果|1R|苫小牧西・えりも・富川|6|苫小牧東|7,北海道,南北海道,954.4663,1007.341,-18.9343,18.9343,-11.3834,1.8352,-9.4672,9.4672,regional
2025|spring|2025-05-26|春季北海道大会 2025 日程・結果|1R|室工・東翔|2|大谷室蘭|9,北海道,南北海道,951.6368,1010.1704,-20.7394,20.7394,-12.0908,2.5426,-10.3697,10.3697,regional
2025|spring|2025-05-26|春季北海道大会 2025 日程・結果|1R|釧路湖陵|12|高専.商・標・厚翔・霧|1,北北海道,北海道,959.2135,948.9015,3.4003,-3.4003,-10.1966,-12.7746,1.7002,-1.7002,regional
2025|spring|2025-05-26|春季北海道大会 2025 日程・結果|1R|北広島西|0|札幌龍谷|7,北海道,南北海道,945.2885,1012.9058,-22.5166,22.5166,-13.6779,3.2265,-11.2583,11.2583,regional
2025|spring|2025-05-26|春季北海道大会 2025 日程・結果|1R|釧路北陽|3|釧路工業|2,北北海道,北海道,962.8265,942.6791,5.0349,-5.0349,-9.2934,-14.3302,2.5175,-2.5175,regional
2025|spring|2025-05-26|春季北海道大会 2025 日程・結果|1R|栗山|0|砂川美唄尚栄|10,北北海道,北海道,966.2968,939.2088,6.7295,-6.7295,-8.4258,-15,3.3648,-3.3648,regional
2025|spring|2025-05-26|春季北海道大会 2025 日程・結果|1R|足寄|19|鹿追・清水・広尾・更別農業|0,北北海道,北海道,962.0554,943.4503,5.1712,-5.1712,-9.4862,-14.1374,2.5856,-2.5856,regional
2025|spring|2025-05-26|春季北海道大会 2025 日程・結果|1R|水産・倶農・寿都・蘭越|16|小樽未来創造|6,北海道,南北海道,939.9662,1015.5152,-24.2443,24.2443,-15,3.8788,-12.1222,12.1222,regional
2025|spring|2025-05-26|春季北海道大会 2025 日程・結果|1R|斜里・津別|0|北見柏陽|18,北海道,北北海道,945.0679,965.5395,-6.9271,6.9271,-13.733,-8.6151,-3.4635,3.4635,regional
2025|spring|2025-05-26|春季北海道大会 2025 日程・結果|1R|根室|2|釧路工業|12,北北海道,北海道,968.9653,941.6422,8.7375,-8.7375,-7.7587,-14.5895,4.3688,-4.3688,regional
2025|spring|2025-05-26|春季北海道大会 2025 日程・結果|1R|函大柏稜|15|七飯・大農|1,南北海道,北海道,1010.4134,945.9294,21.7462,-21.7462,2.6033,-13.5176,10.8731,-10.8731,regional
2025|spring|2025-05-26|春季北海道大会 2025 日程・結果|1R|函館中部|19|森・八雲|0,南北海道,北海道,1013.069,943.2738,23.479,-23.479,3.2673,-14.1816,11.7395,-11.7395,regional
2025|spring|2025-05-26|春季北海道大会 2025 日程・結果|1R|函商奥尻|2|檜山北|5,北海道,南北海道,940.7048,1015.638,-25.1793,25.1793,-14.8238,3.9095,-12.5897,12.5897,regional
2025|spring|2025-05-26|春季東海大会 2025 日程・結果|SF|津田学園(三重1)|6|豊川(愛知1)|3,三重,愛知,966.1687,1018.3516,-13.6865,13.6865,-8.4578,4.5879,-6.8432,6.8432,regional
2025|spring|2025-05-26|春季東海大会 2025 日程・結果|SF|三重(三重2)|8|岐阜城北(岐阜1)|5,三重,岐阜,970.824,970.5939,8.9434,-8.9434,-7.294,-7.3515,4.4717,-4.4717,regional
2025|spring|2025-05-27|春季北海道大会 2025 日程・結果|1R|滝川西|3|東海大札幌|5,北北海道,南北海道,964.678,1018.1241,-13.9215,13.9215,-8.8305,4.531,-6.9607,6.9607,regional
2025|spring|2025-05-27|春季北海道大会 2025 日程・結果|1R|滝川西|3|東海大札幌|5,北北海道,南北海道,961.7512,1021.0509,-15.9988,15.9988,-9.5622,5.2627,-7.9994,7.9994,regional
2025|spring|2025-05-28|春季北海道大会 2025 日程・結果|QF|知内|5|北見北斗|3,南北海道,北北海道,1023.8748,958.9274,18.0049,-18.0049,5.9687,-10.2682,9.0024,-9.0024,regional
2025|spring|2025-05-28|春季北海道大会 2025 日程・結果|1R|立命館慶祥|2|白樺学園|6,南北海道,北北海道,1026.6006,956.2015,19.9431,-19.9431,6.6502,-10.9496,9.9716,-9.9716,regional
2025|spring|2025-05-28|春季北海道大会 2025 日程・結果|1R|士別翔雲|2|北海道栄|0,北北海道,南北海道,961.1688,1021.6334,-16.4313,16.4313,-9.7078,5.4083,-8.2156,8.2156,regional
2025|spring|2025-05-28|春季北海道大会 2025 日程・結果|QF|知内|5|北見北斗|3,南北海道,北北海道,1016.8365,965.9657,13.0373,-13.0373,4.2091,-8.5086,6.5187,-6.5187,regional
2025|spring|2025-05-28|春季北海道大会 2025 日程・結果|1R|立命館慶祥|2|白樺学園|6,南北海道,北北海道,1019.8084,962.9938,15.1501,-15.1501,4.9521,-9.2516,7.575,-7.575,regional
2025|spring|2025-05-28|春季北海道大会 2025 日程・結果|1R|士別翔雲|2|北海道栄|0,北北海道,南北海道,967.7271,1015.0751,-11.7979,11.7979,-8.0682,3.7688,-5.8989,5.8989,regional
2025|spring|2025-05-29|春季北海道大会 2025 日程・結果|QF|旭川実業|7|札幌大谷|4,北北海道,南北海道,972.2924,1010.5097,-8.5623,8.5623,-6.9269,2.6274,-4.2811,4.2811,regional
2025|spring|2025-05-29|春季北海道大会 2025 日程・結果|QF|旭川実業|7|札幌大谷|4,北北海道,南北海道,976.6926,1006.1095,-5.4413,5.4413,-5.8268,1.5274,-2.7207,2.7207,regional
2025|spring|2025-05-31|春季北海道大会 2025 日程・結果|SF|北海|6|白樺学園|0,南北海道,北北海道,1001.8707,980.9314,2.4327,-2.4327,0.4677,-4.7671,1.2163,-1.2163,regional
2025|spring|2025-05-31|春季北海道大会 2025 日程・結果|SF|知内|0|旭川実業|4,南北海道,北北海道,1005.389,977.4131,4.9334,-4.9334,1.3473,-5.6467,2.4667,-2.4667,regional
2025|spring|2025-05-31|春季北海道大会 2025 日程・結果|SF|北海|6|白樺学園|0,南北海道,北北海道,1001.1767,981.6254,1.9412,-1.9412,0.2942,-4.5936,0.9706,-0.9706,regional
2025|spring|2025-05-31|春季北海道大会 2025 日程・結果|SF|知内|0|旭川実業|4,南北海道,北北海道,1004.7208,978.0813,4.4619,-4.4619,1.1802,-5.4797,2.2309,-2.2309,regional
2025|spring|2025-05-31|春季北信越大会 2025 日程・結果|1R|北越(新潟2)|2|長野商(長野)|4,新潟,長野,953.6445,957.4956,-2.1499,2.1499,-11.5889,-10.6261,-1.075,1.075,regional
2025|spring|2025-05-31|春季北信越大会 2025 日程・結果|1R|小松工(石川)|0|関根学園(新潟3)|1,石川,新潟,1076.4909,949.9337,6.0882,-6.0882,15,-12.5166,3.0441,-3.0441,regional
2025|spring|2025-05-31|春季近畿大会 2025 日程・結果|SF|奈良大付(奈良2)|0|東洋大姫路(兵庫)|1,奈良,兵庫,1060.8285,1031.1918,4.1498,-4.1498,15,7.7979,2.0749,-2.0749,regional
2025|spring|2025-05-31|春季近畿大会 2025 日程・結果|SF|智弁和歌山(和歌山)|8|滋賀学園(滋賀)|1,和歌山,滋賀,1037.3965,1019.0347,3.6196,-3.6196,9.3491,4.7587,1.8098,-1.8098,regional
2025|spring|2025-06-01|春季北海道大会 2025 日程・結果|F|旭川実業|4|北海|5,北北海道,南北海道,982.2689,1000.5332,-1.4849,1.4849,-4.4328,0.1333,-0.7424,0.7424,regional
2025|spring|2025-06-01|春季北海道大会 2025 日程・結果|F|旭川実業|4|北海|5,北北海道,南北海道,978.7009,1004.1013,-4.0242,4.0242,-5.3248,1.0253,-2.0121,2.0121,regional
2025|spring|2025-06-01|春季北信越大会 2025 日程・結果|1R|新潟明訓(新潟3)|1|富山第一(富山)|4,新潟,富山,955.1752,904.7309,7.5973,-7.5973,-11.2062,-15,3.7986,-3.7986,regional
2025|spring|2025-06-01|春季北信越大会 2025 日程・結果|1R|中越(新潟1)|7|敦賀気比(福井)|3,新潟,福井,950.6657,1023.1534,-17.3662,17.3662,-12.3336,5.7884,-8.6831,8.6831,regional
2025|spring|2025-06-01|春季近畿大会 2025 日程・結果|F|智弁和歌山(和歌山)|0|東洋大姫路(兵庫)|1,和歌山,兵庫,1040.917,1035.4051,8.1379,-8.1379,10.2292,8.8513,4.069,-4.069,regional
2025|spring|2025-06-02|春季北信越大会 2025 日程・結果|SF|長野商(長野)|6|関根学園(新潟3)|4,長野,新潟,961.2065,955.6026,4.0855,-4.0855,-9.6984,-11.0994,2.0427,-2.0427,regional
2025|spring|2025-06-02|春季北信越大会 2025 日程・結果|SF|中越(新潟1)|6|富山第一(富山)|10,新潟,富山,951.9531,909.2404,5.8443,-5.8443,-12.0117,-15,2.9221,-2.9221,regional
2025|spring|2025-06-03|春季北信越大会 2025 日程・結果|F|長野商|6|富山第一|7,長野,富山,964.8559,913.6306,0.4186,-0.4186,-8.786,-15,0.2093,-0.2093,regional
2025|spring|2025-06-10|春季東北大会 2025 日程・結果|1R|学法石川(福島2)|4|酒田南(山形1)|3,福島,山形,986.6015,989.8946,-7.0768,7.0768,-3.3496,-2.5264,-3.5384,3.5384,regional
2025|spring|2025-06-10|春季東北大会 2025 日程・結果|1R|盛岡大附(岩手1)|0|八戸学院光星(青森2)|2,岩手,青森,1002.6406,1054.074,-2.9892,2.9892,0.6601,13.5185,-1.4946,1.4946,regional
2025|spring|2025-06-10|春季東北大会 2025 日程・結果|1R|明桜(秋田2)|3|仙台育英(宮城1)|4,秋田,宮城,950.9876,1044.229,-3.1485,3.1485,-12.2531,11.0572,-1.5742,1.5742,regional
2025|spring|2025-06-10|春季東北大会 2025 日程・結果|1R|青森山田(青森1)|4|山形城北(山形3)|3,青森,山形,1057.2517,985.9039,9.603,-9.603,14.3129,-3.524,4.8015,-4.8015,regional
2025|spring|2025-06-10|春季東北大会 2025 日程・結果|1R|久慈(岩手2)|6|山形中央(山形2)|5,岩手,山形,999.4629,983.0725,0.8315,-0.8315,-0.1343,-4.2319,0.4158,-0.4158,regional
2025|spring|2025-06-10|春季東北大会 2025 日程・結果|1R|聖和学園(宮城2)|3|青森北(青森3)|2,宮城,青森,1046.9692,1060.0831,-2.8712,2.8712,11.7423,15,-1.4356,1.4356,regional
2025|spring|2025-06-11|春季東北大会 2025 日程・結果|QF|聖和学園(宮城2)|6|能代松陽(秋田1)|7,宮城,秋田,1050.9752,948.2474,4.5207,-4.5207,12.7438,-12.9381,2.2603,-2.2603,regional
2025|spring|2025-06-11|春季東北大会 2025 日程・結果|QF|八戸学院光星(青森2)|8|学法石川(福島2)|1,青森,福島,1056.0771,990.5922,2.8409,-2.8409,14.0193,-2.352,1.4204,-1.4204,regional
2025|spring|2025-06-11|春季東北大会 2025 日程・結果|QF|青森山田(青森1)|4|仙台育英(宮城1)|8,青森,宮城,1059.1094,1045.9932,0.6241,-0.6241,14.7774,11.4983,0.312,-0.312,regional
2025|spring|2025-06-11|春季東北大会 2025 日程・結果|QF|聖光学院(福島1)|7|久慈(岩手2)|6,福島,岩手,987.5598,1003.0656,0.4578,-0.4578,-3.11,0.7664,0.2289,-0.2289,regional
2025|spring|2025-06-13|春季東北大会 2025 日程・結果|SF|八戸学院光星(青森2)|12|能代松陽(秋田1)|6,青森,秋田,1055.1524,953.2294,8.8755,-8.8755,13.7881,-11.6927,4.4378,-4.4378,regional
2025|spring|2025-06-13|春季東北大会 2025 日程・結果|SF|聖光学院(福島1)|0|仙台育英(宮城1)|3,福島,宮城,991.5193,1049.9503,0.3672,-0.3672,-2.1202,12.4876,0.1836,-0.1836,regional
2025|spring|2025-06-14|春季東北大会 2025 日程・結果|F|仙台育英(宮城1)|7|八戸学院光星(青森2)|2,宮城,青森,1053.1249,1057.6929,1.6395,-1.6395,13.2812,14.4232,0.8198,-0.8198,regional
2025|summer|2025-07-05|選手権兵庫大会 2025 日程・結果|1R|加古川西|18|千種|0,兵庫,愛知,1039.443,1013.6964,2.8913,-2.8913,9.8608,3.4241,1.4456,-1.4456,prefecture
2025|summer|2025-07-06|選手権茨城大会 2025 日程・結果|1R|下館一|6|麻生|3,茨城,神奈川,981.4917,1052.7907,-8.0163,8.0163,-4.6271,13.1977,-4.0082,4.0082,prefecture
2025|summer|2025-07-10|選手権福岡大会 2025 日程・結果|2R|若松|1|大和青藍|7,千葉,福岡,1018.8009,1024.4487,0.0,-0.0,4.7002,6.1122,0.0,-0.0,prefecture
2025|summer|2025-07-11|選手権秋田大会 2025 日程・結果|2R|横手|6|増田・羽後|2,秋田,岩手,950.6889,999.1061,-3.1007,3.1007,-12.3278,-0.2235,-1.5504,1.5504,prefecture
2025|summer|2025-07-11|選手権秋田大会 2025 日程・結果|1R|大曲工業|9|五城目・西目|0,秋田,岩手,953.8792,995.9157,-1.5357,1.5357,-11.5302,-1.0211,-0.7678,0.7678,prefecture
2025|summer|2025-07-12|選手権西東京大会 2025 日程・結果|2R|多摩|0|福生|3,神奈川,西東京,1049.3512,1012.904,0.4984,-0.4984,12.3378,3.226,0.2492,-0.2492,prefecture
2025|summer|2025-07-13|選手権神奈川大会 2025 日程・結果|2R|有馬|10|寒川|0,神奈川,香川,1046.2949,996.7353,0.0,-0.0,11.5737,-0.8162,0.0,-0.0,prefecture
2025|summer|2025-07-13|選手権東東京大会 2025 日程・結果|2R|日本ウエルネス|7|文京|10,宮城,東東京,1056.939,1039.9151,-0.4394,0.4394,14.2348,9.9788,-0.2197,0.2197,prefecture
2025|summer|2025-07-13|選手権香川大会 2025 日程・結果|2R|香川高専高松|1|志度|8,香川,徳島,994.3663,964.9072,4.0052,-4.0052,-1.4084,-8.7732,2.0026,-2.0026,prefecture
2025|summer|2025-07-13|選手権香川大会 2025 日程・結果|2R|多度津|4|高松北|5,徳島,香川,967.9637,991.3098,-2.4004,2.4004,-8.0091,-2.1725,-1.2002,1.2002,prefecture
2025|summer|2025-07-17|選手権香川大会 2025 日程・結果|3R|英明|11|志度|1,香川,徳島,993.8467,965.4268,3.8262,-3.8262,-1.5383,-8.6433,1.9131,-1.9131,prefecture
2025|koshien|2025-08-05|第107回全国高等学校野球選手権大会|1R|創成館(長崎)|3|小松大谷(石川)|1,長崎,石川,979.1925,1071.2493,0.5655,-0.5655,-5.2019,15,0.2828,-0.2828,national
2025|koshien|2025-08-06|第107回全国高等学校野球選手権大会|1R|鳥取城北(鳥取)|0|仙台育英(宮城)|5,鳥取,宮城,939.727,1054.0509,-0.3719,0.3719,-15,13.5127,-0.186,0.186,national
2025|koshien|2025-08-06|第107回全国高等学校野球選手権大会|1R|開星(島根)|6|宮崎商(宮崎)|5,島根,宮崎,933.2656,927.2161,-0.0,0.0,-15,-15,-0.0,0.0,national
2025|koshien|2025-08-06|第107回全国高等学校野球選手権大会|1R|金足農(秋田)|0|沖縄尚学(沖縄)|1,秋田,沖縄,956.9956,1013.3633,-0.0,0.0,-10.7511,3.3408,-0.0,0.0,national
2025|koshien|2025-08-06|第107回全国高等学校野球選手権大会|1R|鳴門(徳島)|5|天理(奈良)|4,徳島,奈良,962.9523,1056.6152,-0.3493,0.3493,-9.2619,14.1538,-0.1747,0.1747,national
2025|koshien|2025-08-07|第107回全国高等学校野球選手権大会|1R|津田学園(三重)|5|叡明(埼玉)|4,三重,埼玉,974.426,1008.2752,0.0,-0.0,-6.3935,2.0688,0.0,-0.0,national
2025|koshien|2025-08-07|第107回全国高等学校野球選手権大会|1R|旭川志峯(北北海道)|1|広陵(広島)|3,北北海道,広島,975.2656,1065.9168,0.0,-0.0,-6.1836,15,0.0,-0.0,national
2025|koshien|2025-08-08|第107回全国高等学校野球選手権大会|1R|智弁和歌山(和歌山)|1|花巻東(岩手)|4,和歌山,岩手,1036.879,992.7994,0.3145,-0.3145,9.2197,-1.8001,0.1573,-0.1573,national
2025|koshien|2025-08-08|第107回全国高等学校野球選手権大会|1R|東洋大姫路(兵庫)|5|済美(愛媛)|3,兵庫,愛媛,1041.9533,937.9534,-0.4588,0.4588,10.4883,-15,-0.2294,0.2294,national
2025|koshien|2025-08-08|第107回全国高等学校野球選手権大会|1R|横浜(神奈川)|5|敦賀気比(福井)|0,神奈川,福井,1048.6639,1018.2166,0.9057,-0.9057,12.166,4.5542,0.4528,-0.4528,national
2025|koshien|2025-08-08|第107回全国高等学校野球選手権大会|1R|高知中央(高知)|4|綾羽(滋賀)|6,高知,滋賀,1056.2118,1015.5142,-0.0,0.0,14.0529,3.8785,-0.0,0.0,national
2025|koshien|2025-08-09|第107回全国高等学校野球選手権大会|1R|聖愛(青森)|3|西日本短大付(福岡)|4,青森,福岡,1053.8788,1027.1638,-0.0,0.0,13.4697,6.791,-0.0,0.0,national
2025|koshien|2025-08-09|第107回全国高等学校野球選手権大会|1R|明秀日立(茨城)|1|聖隷クリストファー(静岡)|5,茨城,静岡,984.9312,980.2489,0.0,-0.0,-3.7672,-4.9378,0.0,-0.0,national
2025|koshien|2025-08-09|第107回全国高等学校野球選手権大会|1R|青藍泰斗(栃木)|4|佐賀北(佐賀)|5,栃木,佐賀,973.2611,915.8856,-0.0,0.0,-6.6847,-15,-0.0,0.0,national
2025|koshien|2025-08-09|第107回全国高等学校野球選手権大会|1R|市立船橋(千葉)|2|明豊(大分)|6,千葉,大分,1016.0858,1031.8823,1.7158,-1.7158,4.0214,7.9706,0.8579,-0.8579,national
2025|koshien|2025-08-11|第107回全国高等学校野球選手権大会|2R|高川学園(山口)|8|未来富山(富山)|5,山口,富山,993.1113,917.9958,-0.0,0.0,-1.7222,-15,-0.0,0.0,national
2025|koshien|2025-08-11|第107回全国高等学校野球選手権大会|2R|豊橋中央(愛知)|2|日大三(西東京)|3,愛知,西東京,1011.1862,1015.9603,0.1862,-0.1862,2.7965,3.9901,0.0931,-0.0931,national
2025|koshien|2025-08-11|第107回全国高等学校野球選手権大会|1R|県岐阜商(岐阜)|6|日大山形(山形)|3,岐阜,山形,966.9919,979.4698,-0.0,0.0,-8.252,-5.1326,-0.0,0.0,national
2025|koshien|2025-08-11|第107回全国高等学校野球選手権大会|1R|北海(南北海道)|7|東海大星翔(熊本)|10,南北海道,熊本,1007.5365,964.6227,0.0,-0.0,1.8841,-8.8443,0.0,-0.0,national
2025|koshien|2025-08-12|第107回全国高等学校野球選手権大会|2R|聖光学院(福島)|2|山梨学院(山梨)|6,福島,山梨,988.3446,1002.2396,-0.0,0.0,-2.9138,0.5599,-0.0,0.0,national
2025|koshien|2025-08-12|第107回全国高等学校野球選手権大会|2R|尽誠学園(香川)|3|東大阪大柏原(大阪)|0,香川,大阪,996.3212,1108.7077,-0.0,0.0,-0.9197,15,-0.0,0.0,national
2025|koshien|2025-08-13|第107回全国高等学校野球選手権大会|2R|健大高崎(群馬)|3|京都国際(京都)|6,群馬,京,1050.2073,1051.7268,-0.5275,0.5275,12.5518,12.9317,-0.2637,0.2637,national
2025|koshien|2025-08-13|第107回全国高等学校野球選手権大会|2R|中越(新潟)|1|関東第一(東東京)|6,新潟,東東京,947.563,1042.8033,-0.2003,0.2003,-13.1093,10.7008,-0.1001,0.1001,national
2025|koshien|2025-08-13|第107回全国高等学校野球選手権大会|2R|神村学園(鹿児島)|0|創成館(長崎)|1,鹿児島,長崎,1036.7689,986.7027,0.287,-0.287,9.1922,-3.3243,0.1435,-0.1435,national
2025|koshien|2025-08-14|第107回全国高等学校野球選手権大会|2R|仙台育英(宮城)|6|開星(島根)|2,宮城,島根,1058.1197,939.1415,0.0,-0.0,14.5299,-15,0.0,-0.0,national
2025|koshien|2025-08-14|第107回全国高等学校野球選手権大会|2R|沖縄尚学(沖縄)|3|鳴門(徳島)|0,沖縄,徳島,1018.3815,970.5177,0.4152,-0.4152,4.5954,-7.3706,0.2076,-0.2076,national
2025|koshien|2025-08-14|第107回全国高等学校野球選手権大会|2R|横浜(神奈川)|5|綾羽(滋賀)|1,神奈川,滋賀,1054.0902,1022.1915,0.1431,-0.1431,13.5226,5.5479,0.0715,-0.0715,national
2025|koshien|2025-08-15|第107回全国高等学校野球選手権大会|2R|花巻東(岩手)|4|東洋大姫路(兵庫)|8,岩手,兵庫,999.5447,1046.2093,-0.0,0.0,-0.1138,11.5523,-0.0,0.0,national
2025|koshien|2025-08-15|第107回全国高等学校野球選手権大会|2R|西日本短大付(福岡)|2|聖隷クリストファー(静岡)|1,福岡,静岡,1033.6027,986.3095,0.3329,-0.3329,8.4007,-3.4226,0.1665,-0.1665,national
2025|koshien|2025-08-15|第107回全国高等学校野球選手権大会|2R|佐賀北(佐賀)|1|明豊(大分)|6,佐賀,大分,922.8442,1037.6496,-5.6904,5.6904,-15,9.4124,-2.8452,2.8452,national
2025|koshien|2025-08-15|第107回全国高等学校野球選手権大会|2R|県岐阜商(岐阜)|4|東海大星翔(熊本)|3,岐阜,熊本,973.1865,971.3376,0.5159,-0.5159,-6.7034,-7.1656,0.258,-0.258,national
2025|koshien|2025-08-16|第107回全国高等学校野球選手権大会|3R|高川学園(山口)|4|日大三(西東京)|9,山口,西東京,997.8182,1021.8646,-0.2159,0.2159,-0.5455,5.4661,-0.1079,0.1079,national
2025|koshien|2025-08-16|第107回全国高等学校野球選手権大会|3R|尽誠学園(香川)|2|京都国際(京都)|3,香川,京,1004.1708,1057.6625,-0.0,0.0,1.0427,14.4156,-0.0,0.0,national
2025|koshien|2025-08-16|第107回全国高等学校野球選手権大会|3R|関東第一(東東京)|4|創成館(長崎)|1,東東京,長崎,1047.1775,993.5482,0.0,-0.0,11.7944,-1.6129,0.0,-0.0,national
2025|koshien|2025-08-17|第107回全国高等学校野球選手権大会|3R|仙台育英(宮城)|3|沖縄尚学(沖縄)|5,宮城,沖縄,1062.1284,1023.5288,0.3029,-0.3029,15,5.8822,0.1514,-0.1514,national
2025|koshien|2025-08-17|第107回全国高等学校野球選手権大会|3R|横浜(神奈川)|5|津田学園(三重)|0,神奈川,三重,1059.5179,980.9868,0.4286,-0.4286,14.8795,-4.7533,0.2143,-0.2143,national
2025|koshien|2025-08-17|第107回全国高等学校野球選手権大会|3R|東洋大姫路(兵庫)|3|西日本短大付(福岡)|2,兵庫,福岡,1051.3909,1038.7625,-0.0035,0.0035,12.8477,9.6906,-0.0018,0.0018,national
2025|koshien|2025-08-17|第107回全国高等学校野球選手権大会|3R|明豊(大分)|1|県岐阜商(岐阜)|3,大分,岐阜,1041.5484,979.117,0.0,-0.0,10.3871,-5.2208,0.0,-0.0,national
2025|koshien|2025-08-19|第107回全国高等学校野球選手権大会|QF|京都国際(京都)|4|山梨学院(山梨)|11,京,山梨,1062.729,1007.9805,-0.407,0.407,15,1.9951,-0.2035,0.2035,national
2025|koshien|2025-08-19|第107回全国高等学校野球選手権大会|QF|関東第一(東東京)|3|日大三(西東京)|5,東東京,西東京,1052.2417,1027.424,-6.8542,6.8542,13.0604,6.856,-3.4271,3.4271,national
2025|koshien|2025-08-19|第107回全国高等学校野球選手権大会|QF|県岐阜商(岐阜)|8|横浜(神奈川)|7,岐阜,神奈川,986.1601,1064.1547,0.5781,-0.5781,-3.46,15,0.289,-0.289,national
2025|koshien|2025-08-19|第107回全国高等学校野球選手権大会|QF|沖縄尚学(沖縄)|2|東洋大姫路(兵庫)|1,沖縄,兵庫,1030.1808,1057.1538,-0.0,0.0,7.5452,14.2884,-0.0,0.0,national
2025|koshien|2025-08-21|第107回全国高等学校野球選手権大会|SF|日大三(西東京)|4|県岐阜商(岐阜)|2,西東京,岐阜,1033.5951,993.4415,-0.0,0.0,8.3988,-1.6396,-0.0,0.0,national
2025|koshien|2025-08-21|第107回全国高等学校野球選手権大会|SF|沖縄尚学(沖縄)|5|山梨学院(山梨)|4,沖縄,山梨,1036.6241,1014.8815,-0.0,0.0,9.156,3.7204,-0.0,0.0,national
2025|koshien|2025-08-23|第107回全国高等学校野球選手権大会|F|日大三(西東京)|1|沖縄尚学(沖縄)|3,西東京,沖縄,1038.8871,1042.2304,0.187,-0.187,9.7218,10.5576,0.0935,-0.0935,national
2025|autumn|2025-09-12|秋季島根大会 2025 日程・結果|1R|情報・松西・浜商|1|平田|4,広島,島根,1070.371,935.1329,11.6943,-11.6943,15,-15,5.8472,-5.8472,prefecture
2025|autumn|2025-09-13|秋季島根大会 2025 日程・結果|2R|江津・江工・浜水|5|出雲北陵|3,広島,島根,1066.9455,938.5583,10.3094,-10.3094,15,-15,5.1547,-5.1547,prefecture
2025|autumn|2025-09-13|秋季島根大会 2025 日程・結果|2R|大社|11|大東・出雲農林|0,島根,広島,937.1288,1068.375,-11.2532,11.2532,-15,15,-5.6266,5.6266,prefecture
2025|autumn|2025-09-13|秋季香川大会 2025 日程・結果|1R|多度津|3|丸亀|5,徳島,香川,965.3703,999.1043,-5.248,5.248,-8.6574,-0.2239,-2.624,2.624,prefecture
2025|autumn|2025-09-14|秋季徳島大会 2025 日程・結果|1R|小松島|28|穴吹･阿波西･池田辻|2,徳島,香川,963.2742,1001.2004,-6.4841,6.4841,-9.1814,0.3001,-3.242,3.242,prefecture
2025|autumn|2025-09-20|秋季島根大会 2025 日程・結果|3R|島根中央|7|江津・江工・浜水|0,島根,広島,940.5266,1064.9772,-9.7454,9.7454,-14.8683,15,-4.8727,4.8727,prefecture
2025|autumn|2025-09-20|秋季香川大会 2025 日程・結果|2R|津田|2|志度|4,香川,徳島,998.4513,966.0233,4.9876,-4.9876,-0.3872,-8.4942,2.4938,-2.4938,prefecture
2025|autumn|2025-09-23|秋季香川大会 2025 日程・結果|3R|尽誠学園|6|志度|1,香川,徳島,995.7599,968.7148,3.4909,-3.4909,-1.06,-7.8213,1.7455,-1.7455,prefecture
2025|autumn|2025-10-09|秋季東北大会 2025 日程・結果|2R|日大山形(山形1)|9|学法石川(福島3)|4,山形,福島,973.2751,982.6037,5.3701,-5.3701,-6.6812,-4.3491,2.685,-2.685,regional
2025|autumn|2025-10-09|秋季東北大会 2025 日程・結果|2R|日大東北(福島2)|0|東北(宮城2)|8,福島,宮城,978.6199,1055.4764,-1.3519,1.3519,-5.345,13.8691,-0.676,0.676,regional
2025|autumn|2025-10-09|秋季東北大会 2025 日程・結果|2R|金足農業(秋田2)|5|東海大山形(山形2)|0,秋田,山形,951.9773,977.2589,-2.5744,2.5744,-12.0057,-5.6853,-1.2872,1.2872,regional
2025|autumn|2025-10-09|秋季東北大会 2025 日程・結果|2R|一関学院(岩手2)|1|八学光星(青森1)|5,岩手,青森,994.3631,1047.4399,-4.6933,4.6933,-1.4092,11.86,-2.3466,2.3466,regional
2025|autumn|2025-10-09|秋季東北大会 2025 日程・結果|1R|盛岡中央(岩手3)|6|青森山田(青森3)|4,岩手,青森,991.0746,1050.7284,-6.5062,6.5062,-2.2314,12.6821,-3.2531,3.2531,regional
2025|autumn|2025-10-09|秋季東北大会 2025 日程・結果|1R|鶴岡東(山形3)|3|名取北(宮城3)|1,山形,宮城,972.9094,1058.5761,-1.8698,1.8698,-6.7726,14.644,-0.9349,0.9349,regional
2025|autumn|2025-10-10|秋季東北大会 2025 日程・結果|2R|明桜(秋田1)|2|八工大一(青森2)|3,秋田,青森,956.3268,1045.9038,-10.3387,10.3387,-10.9183,11.476,-5.1693,5.1693,regional
2025|autumn|2025-10-10|秋季東北大会 2025 日程・結果|2R|鶴岡東(山形3)|0|花巻東(岩手1)|7,山形,岩手,977.9166,995.8992,-2.7172,2.7172,-5.5208,-1.0252,-1.3586,1.3586,regional
2025|autumn|2025-10-10|秋季東北大会 2025 日程・結果|2R|聖光学院(福島1)|9|盛岡中央(岩手3)|1,福島,岩手,975.5202,999.63,2.4059,-2.4059,-6.12,-0.0925,1.2029,-1.2029,regional
2025|autumn|2025-10-10|秋季東北大会 2025 日程・結果|2R|秋田中央(秋田3)|0|仙台育英(宮城1)|14,秋田,宮城,953.5552,1053.5689,-2.2694,2.2694,-11.6112,13.3922,-1.1347,1.1347,regional
2025|autumn|2025-10-11|秋季東京大会 2025 日程・結果|1R|葛飾野|2|狛江|5,東東京,西東京,1046.0706,1032.9582,-11.3754,11.3754,11.5176,8.2395,-5.6877,5.6877,prefecture
2025|autumn|2025-10-11|秋季東京大会 2025 日程・結果|1R|駿台学園|4|八王子|5,東東京,西東京,1043.7371,1035.2916,-13.0857,13.0857,10.9343,8.8229,-6.5429,6.5429,prefecture
2025|autumn|2025-10-11|秋季東京大会 2025 日程・結果|1R|町田|0|東海大高輪台|14,西東京,東東京,1037.5693,1041.4595,14.7554,-14.7554,9.3923,10.3649,7.3777,-7.3777,prefecture
2025|autumn|2025-10-11|秋季北信越大会 2025 日程・結果|1R|新湊(富山4)|7|小松大谷(石川1)|9,富山,石川,913.2889,1063.7391,-23.0612,23.0612,-15,15,-11.5306,11.5306,regional
2025|autumn|2025-10-11|秋季北信越大会 2025 日程・結果|1R|日本航空石川(石川2)|10|氷見(富山3)|0,石川,富山,1065.6901,911.3379,24.4271,-24.4271,15,-15,12.2135,-12.2135,regional
2025|autumn|2025-10-11|秋季北信越大会 2025 日程・結果|1R|中越(新潟2)|11|若狭(福井2)|3,新潟,福井,943.1888,1012.7903,-14.9245,14.9245,-14.2028,3.1976,-7.4623,7.4623,regional
2025|autumn|2025-10-11|秋季北信越大会 2025 日程・結果|1R|上田西(長野1)|2|帝京長岡(新潟3)|5,長野,新潟,960.4907,948.3034,6.0543,-6.0543,-9.8773,-12.9241,3.0271,-3.0271,regional
2025|autumn|2025-10-11|秋季北信越大会 2025 日程・結果|1R|敦賀気比(福井1)|4|松本国際(長野3)|3,福井,長野,1007.6756,956.2114,7.6352,-7.6352,1.9189,-10.9471,3.8176,-3.8176,regional
2025|autumn|2025-10-11|秋季北信越大会 2025 日程・結果|1R|長野日大(長野2)|4|高岡第一(富山2)|5,長野,富山,952.9704,909.4427,-1.3796,1.3796,-11.7574,-15,-0.6898,0.6898,regional
2025|autumn|2025-10-11|秋季北信越大会 2025 日程・結果|1R|星稜(石川3)|5|富山商(富山1)|3,石川,富山,1067.5853,913.9099,25.7682,-25.7682,15,-15,12.8841,-12.8841,regional
2025|autumn|2025-10-11|秋季北信越大会 2025 日程・結果|1R|福井商(福井3)|2|日本文理(新潟1)|3,福井,新潟,1010.9166,952.5827,12.301,-12.301,2.7291,-11.8543,6.1505,-6.1505,regional
2025|autumn|2025-10-12|秋季東京大会 2025 日程・結果|1R|立正大立正|10|桜町|4,東東京,西東京,1044.0361,1034.9926,-12.8684,12.8684,11.009,8.7481,-6.4342,6.4342,prefecture
2025|autumn|2025-10-12|秋季東京大会 2025 日程・結果|1R|東海大菅生|2|修徳|6,西東京,東東京,1032.4774,1046.5514,11.0262,-11.0262,8.1193,11.6378,5.5131,-5.5131,prefecture
2025|autumn|2025-10-12|秋季東京大会 2025 日程・結果|1R|城東|5|明星|0,東東京,西東京,1049.0065,1030.0223,-9.2279,9.2279,12.2516,7.5056,-4.6139,4.6139,prefecture
2025|autumn|2025-10-12|秋季東京大会 2025 日程・結果|1R|日大三|9|大森学園|3,西東京,東東京,1027.6259,1051.4028,7.4723,-7.4723,6.9065,12.8507,3.7361,-3.7361,prefecture
2025|autumn|2025-10-12|秋季東京大会 2025 日程・結果|1R|桜修館|2|世田谷学園|9,東東京,西東京,1048.9418,1030.0869,-9.2765,9.2765,12.2355,7.5217,-4.6382,4.6382,prefecture
2025|autumn|2025-10-12|秋季東京大会 2025 日程・結果|1R|八王子実践|8|高島|1,西東京,東東京,1032.489,1046.5397,11.0377,-11.0377,8.1223,11.6349,5.5189,-5.5189,prefecture
2025|autumn|2025-10-12|秋季東京大会 2025 日程・結果|1R|実践学園|3|府中工科|5,東東京,西東京,1044.1951,1034.8336,-12.757,12.757,11.0488,8.7084,-6.3785,6.3785,prefecture
2025|autumn|2025-10-12|秋季東京大会 2025 日程・結果|1R|早稲田実|3|岩倉|4,西東京,東東京,1037.1221,1041.9066,14.4354,-14.4354,9.2805,10.4767,7.2177,-7.2177,prefecture
2025|autumn|2025-10-12|秋季東京大会 2025 日程・結果|1R|武蔵丘|0|駒大高|7,東東京,西東京,1044.4728,1034.556,-12.5552,12.5552,11.1182,8.639,-6.2776,6.2776,prefecture
2025|autumn|2025-10-12|秋季東京大会 2025 日程・結果|1R|帝京|6|専大附|2,東東京,西東京,1042.1776,1036.8511,-14.2386,14.2386,10.5444,9.2128,-7.1193,7.1193,prefecture
2025|autumn|2025-10-12|秋季東京大会 2025 日程・結果|1R|朋優学院|0|明大八王子|6,東東京,西東京,1044.7373,1034.2914,-12.3628,12.3628,11.1843,8.5728,-6.1814,6.1814,prefecture
2025|autumn|2025-10-12|秋季北信越大会 2025 日程・結果|QF|敦賀気比(福井1)|1|日本航空石川(石川2)|0,福井,石川,1005.9795,1069.4638,-2.3936,2.3936,1.4949,15,-1.1968,1.1968,regional
2025|autumn|2025-10-12|秋季北信越大会 2025 日程・結果|QF|帝京長岡(新潟3)|2|小松大谷(石川1)|1,新潟,石川,957.5198,1064.6878,-3.3718,3.3718,-10.62,15,-1.6859,1.6859,regional
2025|autumn|2025-10-12|秋季北信越大会 2025 日程・結果|QF|日本文理(新潟1)|8|高岡第一(富山2)|5,新潟,富山,962.7862,912.0314,3.9915,-3.9915,-9.3034,-15,1.9958,-1.9958,regional
2025|autumn|2025-10-12|秋季北信越大会 2025 日程・結果|QF|星稜(石川3)|2|中越(新潟2)|1,石川,新潟,1059.4214,966.1163,0.5581,-0.5581,14.8553,-8.4709,0.2791,-0.2791,regional
2025|autumn|2025-10-13|秋季北海道大会 2025 日程・結果|1R|東海大札幌|4|旭川東|1,南北海道,北北海道,1000.8217,970.8114,6.4707,-6.4707,0.2054,-7.2971,3.2354,-3.2354,regional
2025|autumn|2025-10-13|秋季東京大会 2025 日程・結果|1R|聖パウロ学園|6|豊南|2,西東京,東東京,1036.5928,1042.4359,14.0511,-14.0511,9.1482,10.609,7.0255,-7.0255,prefecture
2025|autumn|2025-10-13|秋季東京大会 2025 日程・結果|1R|郁文館|4|工学院大附|11,東東京,西東京,1040.1895,1038.8393,-15.6993,15.6993,10.0474,9.7098,-7.8496,7.8496,prefecture
2025|autumn|2025-10-13|秋季東京大会 2025 日程・結果|1R|江戸川|3|日大二|10,東東京,西東京,1037.9965,1041.0322,-17.3084,17.3084,9.4991,10.2581,-8.6542,8.6542,prefecture
2025|autumn|2025-10-13|秋季東京大会 2025 日程・結果|1R|国士舘|5|安田学園|2,西東京,東東京,1043.1731,1035.8556,18.8796,-18.8796,10.7933,8.9639,9.4398,-9.4398,prefecture
2025|autumn|2025-10-13|秋季東北大会 2025 日程・結果|QF|八工大一(青森2)|3|花巻東(岩手1)|4,青森,岩手,1048.6754,995.4081,4.0194,-4.0194,12.1689,-1.148,2.0097,-2.0097,regional
2025|autumn|2025-10-13|秋季東北大会 2025 日程・結果|QF|日大山形(山形1)|1|東北(宮城2)|9,山形,宮城,974.1858,1056.4003,0.4677,-0.4677,-6.4536,14.1001,0.2339,-0.2339,regional
2025|autumn|2025-10-13|秋季東北大会 2025 日程・結果|QF|金足農業(秋田2)|4|八学光星(青森1)|10,秋田,青森,950.7238,1043.9769,-11.9542,11.9542,-12.319,10.9942,-5.9771,5.9771,regional
2025|autumn|2025-10-13|秋季東北大会 2025 日程・結果|QF|聖光学院(福島1)|4|仙台育英(宮城1)|1,福島,宮城,979.7421,1059.4812,-3.0739,3.0739,-5.0645,14.8703,-1.537,1.537,regional
2025|autumn|2025-10-14|秋季北海道大会 2025 日程・結果|2R|北広島|4|士別翔雲|10,南北海道,北北海道,1004.3297,967.3034,8.9707,-8.9707,1.0824,-8.1741,4.4854,-4.4854,regional
2025|autumn|2025-10-14|秋季東北大会 2025 日程・結果|SF|東北(宮城2)|1|花巻東(岩手1)|4,宮城,岩手,1054.5121,1000.1066,8.0685,-8.0685,13.628,0.0267,4.0342,-4.0342,regional
2025|autumn|2025-10-14|秋季東北大会 2025 日程・結果|SF|聖光学院(福島1)|0|八学光星(青森1)|7,福島,青森,984.7113,1046.6769,-4.4201,4.4201,-3.8222,11.6692,-2.2101,2.2101,regional
2025|autumn|2025-10-15|秋季北海道大会 2025 日程・結果|2R|東海大札幌|1|旭川実業|6,南北海道,北北海道,999.7021,971.931,5.6777,-5.6777,-0.0745,-7.0172,2.8388,-2.8388,regional
2025|autumn|2025-10-17|秋季東北大会 2025 日程・結果|F|八学光星(青森1)|2|花巻東(岩手1)|3,青森,岩手,1049.8728,1004.9078,1.523,-1.523,12.4682,1.227,0.7615,-0.7615,regional
2025|autumn|2025-10-18|秋季東京大会 2025 日程・結果|2R|岩倉|3|聖パウロ学園|4,東東京,西東京,1033.7652,1045.2635,-20.4139,20.4139,8.4413,11.3159,-10.207,10.207,prefecture
2025|autumn|2025-10-18|秋季東京大会 2025 日程・結果|2R|修徳|1|桜美林|2,東東京,西東京,1031.724,1047.3047,-21.9124,21.9124,7.931,11.8262,-10.9562,10.9562,prefecture
2025|autumn|2025-10-18|秋季東京大会 2025 日程・結果|2R|府中工科|0|関東第一|9,西東京,東東京,1049.2983,1029.7304,23.3761,-23.3761,12.3246,7.4326,11.688,-11.688,prefecture
2025|autumn|2025-10-18|秋季東京大会 2025 日程・結果|2R|日野|9|立正大立正|2,西東京,東東京,1046.4457,1032.583,21.2849,-21.2849,11.6114,8.1458,10.6425,-10.6425,prefecture
2025|autumn|2025-10-18|秋季東京大会 2025 日程・結果|2R|狛江|3|東海大高輪台|10,西東京,東東京,1048.4593,1030.5695,22.7634,-22.7634,12.1148,7.6424,11.3817,-11.3817,prefecture
2025|autumn|2025-10-18|秋季北信越大会 2025 日程・結果|SF|星稜(石川3)|1|帝京長岡(新潟3)|2,石川,新潟,1062.3603,963.1774,2.1816,-2.1816,15,-9.2056,1.0908,-1.0908,regional
2025|autumn|2025-10-18|秋季北信越大会 2025 日程・結果|SF|日本文理(新潟1)|7|敦賀気比(福井1)|6,新潟,福井,968.3354,1010.7555,-9.698,9.698,-7.9161,2.6889,-4.849,4.849,regional
2025|autumn|2025-10-18|秋季関東大会 2025 日程・結果|1R|横浜(神奈川1)|5|高崎商大附(群馬2)|4,神奈川,群馬,1056.8734,1044.2717,-0.5369,0.5369,14.2183,11.0679,-0.2685,0.2685,regional
2025|autumn|2025-10-18|秋季関東大会 2025 日程・結果|1R|下妻一(茨城2)|6|浦和学院(埼玉2)|12,茨城,埼玉,978.8706,1001.7144,-2.9681,2.9681,-5.2823,0.4286,-1.484,1.484,regional
2025|autumn|2025-10-18|秋季関東大会 2025 日程・結果|1R|専大松戸(千葉1)|11|文星芸大附(栃木2)|2,千葉,栃木,1010.3185,966.3024,5.8472,-5.8472,2.5796,-8.4244,2.9236,-2.9236,regional
2025|autumn|2025-10-18|秋季近畿大会 2025 日程・結果|1R|滋賀学園(滋賀3)|5|乙訓(京都2)|2,滋賀,京,1016.7639,1055.8281,-1.9509,1.9509,4.191,13.957,-0.9754,0.9754,regional
2025|autumn|2025-10-18|秋季近畿大会 2025 日程・結果|1R|智辯学園(奈良1)|8|近大付(大阪2)|6,奈良,大阪,1049.0499,1100.8581,-0.7029,0.7029,12.2625,15,-0.3515,0.3515,regional
2025|autumn|2025-10-18|秋季近畿大会 2025 日程・結果|1R|近大新宮(和歌山1)|1|東洋大姫路(兵庫3)|4,和歌山,兵庫,1030.1337,1050.7105,6.2413,-6.2413,7.5334,12.6776,3.1207,-3.1207,regional
2025|autumn|2025-10-18|秋季四国大会 2025 日程・結果|1R|土佐(高知2)|5|海部(徳島3)|4,高知,徳島,1049.5345,966.5491,10.2164,-10.2164,12.3836,-8.3627,5.1082,-5.1082,regional
2025|autumn|2025-10-18|秋季四国大会 2025 日程・結果|1R|英明(香川2)|1|高知商業(高知3)|0,香川,高知,997.9256,1052.3778,11.7278,-11.7278,-0.5186,13.0944,5.8639,-5.8639,regional
2025|autumn|2025-10-18|秋季四国大会 2025 日程・結果|1R|西条(愛媛2)|4|尽誠学園(香川3)|2,愛媛,香川,933.6974,1002.2815,1.1512,-1.1512,-15,0.5704,0.5756,-0.5756,regional
2025|autumn|2025-10-18|秋季四国大会 2025 日程・結果|1R|徳島商(徳島2)|4|新田(愛媛3)|3,徳島,愛媛,963.7057,938.4513,4.2987,-4.2987,-9.0736,-15,2.1493,-2.1493,regional
2025|autumn|2025-10-18|秋季東海大会 2025 日程・結果|1R|中京(岐阜2)|6|常葉大菊川(静岡3)|8,岐阜,静岡,988.1495,981.1498,0.2541,-0.2541,-2.9626,-4.7126,0.127,-0.127,regional
2025|autumn|2025-10-18|秋季東海大会 2025 日程・結果|1R|津田学園(三重2)|3|岐阜城北(岐阜3)|10,三重,岐阜,976.3499,984.0631,11.0076,-11.0076,-5.9125,-3.9842,5.5038,-5.5038,regional
2025|autumn|2025-10-18|秋季東海大会 2025 日程・結果|1R|豊川(愛知2)|4|津商(三重3)|5,愛知,三重,1005.2819,972.1853,11.2999,-11.2999,1.3205,-6.9537,5.65,-5.65,regional
2025|autumn|2025-10-18|秋季東海大会 2025 日程・結果|1R|掛川西(静岡2)|1|東邦(愛知3)|2,静岡,愛知,985.2362,1000.6461,-2.656,2.656,-3.6909,0.1615,-1.328,1.328,regional
2025|autumn|2025-10-19|秋季北海道大会 2025 日程・結果|SF|白樺学園|8|立命館慶祥|1,北北海道,南北海道,976.3796,995.2535,-2.5099,2.5099,-5.9051,-1.1866,-1.255,1.255,regional
2025|autumn|2025-10-19|秋季北海道大会 2025 日程・結果|SF|北照|7|旭川実業|0,南北海道,北北海道,990.9788,980.6542,-0.5359,0.5359,-2.2553,-4.8364,-0.268,0.268,regional
2025|autumn|2025-10-19|秋季東京大会 2025 日程・結果|2R|城東|6|駒大高|3,東東京,西東京,1033.4027,1045.626,-20.6862,20.6862,8.3507,11.4065,-10.3431,10.3431,prefecture
2025|autumn|2025-10-19|秋季東京大会 2025 日程・結果|2R|成立学園|4|創価|3,東東京,西東京,1036.17,1042.8587,-18.6571,18.6571,9.0425,10.7147,-9.3285,9.3285,prefecture
2025|autumn|2025-10-19|秋季東京大会 2025 日程・結果|2R|日大櫻丘|0|帝京|11,西東京,東東京,1040.1563,1038.8724,16.6754,-16.6754,10.0391,9.7181,8.3377,-8.3377,prefecture
2025|autumn|2025-10-19|秋季関東大会 2025 日程・結果|1R|桐生第一(群馬1)|0|甲府工(山梨2)|1,群馬,山梨,1040.4043,1009.2752,5.7426,-5.7426,10.1011,2.3188,2.8713,-2.8713,regional
2025|autumn|2025-10-19|秋季関東大会 2025 日程・結果|1R|下妻二(茨城1)|3|駿台甲府(山梨3)|9,茨城,山梨,975.2012,1013.7634,3.5366,-3.5366,-6.1997,3.4408,1.7683,-1.7683,regional
2025|autumn|2025-10-19|秋季関東大会 2025 日程・結果|1R|花咲徳栄(埼玉1)|10|法政二(神奈川2)|9,埼玉,神奈川,1005.3838,1060.7407,-9.8893,9.8893,1.346,15,-4.9446,4.9446,regional
2025|autumn|2025-10-19|秋季関東大会 2025 日程・結果|1R|佐野日大(栃木1)|8|中央学院(千葉2)|7,栃木,千葉,962.9384,1013.6825,-7.5264,7.5264,-9.2654,3.4206,-3.7632,3.7632,regional
2025|autumn|2025-10-19|秋季近畿大会 2025 日程・結果|1R|大阪桐蔭(大阪1)|7|市和歌山(和歌山2)|1,大阪,和歌山,1096.2502,1026.2269,0.3771,-0.3771,15,6.5567,0.1886,-0.1886,regional
2025|autumn|2025-10-19|秋季近畿大会 2025 日程・結果|1R|彦根東(滋賀2)|0|天理(奈良2)|7,滋賀,奈良,1021.256,1053.6578,-3.3934,3.3934,5.314,13.4144,-1.6967,1.6967,regional
2025|autumn|2025-10-19|秋季近畿大会 2025 日程・結果|1R|近江(滋賀1)|9|市尼崎(兵庫2)|1,滋賀,兵庫,1017.7053,1054.6173,3.1067,-3.1067,4.4263,13.6543,1.5533,-1.5533,regional
2025|autumn|2025-10-19|秋季四国大会 2025 日程・結果|QF|藤井(香川1)|6|土佐(高知2)|0,香川,高知,997.5275,1048.0219,14.3921,-14.3921,-0.6181,12.0055,7.1961,-7.1961,regional
2025|autumn|2025-10-19|秋季四国大会 2025 日程・結果|QF|松山聖陵(愛媛1)|2|英明(香川2)|12,愛媛,香川,934.8398,1001.7771,3.6792,-3.6792,-15,0.4443,1.8396,-1.8396,regional
2025|autumn|2025-10-19|秋季四国大会 2025 日程・結果|QF|明徳義塾(高知1)|3|徳島商(徳島2)|1,高知,徳島,1043.7723,967.3172,11.9352,-11.9352,10.9431,-8.1707,5.9676,-5.9676,regional
2025|autumn|2025-10-19|秋季四国大会 2025 日程・結果|QF|阿南光(徳島1)|3|西条(愛媛2)|0,徳島,愛媛,964.4412,931.5191,6.2517,-6.2517,-8.8897,-15,3.1258,-3.1258,regional
2025|autumn|2025-10-19|秋季東海大会 2025 日程・結果|QF|大垣日大(岐阜1)|8|東邦(愛知3)|2,岐阜,愛知,988.2277,1004.4079,4.8303,-4.8303,-2.9431,1.102,2.4152,-2.4152,regional
2025|autumn|2025-10-19|秋季東海大会 2025 日程・結果|QF|三重(三重1)|8|常葉大菊川(静岡3)|4,三重,静岡,976.8211,981.4745,-6.4374,6.4374,-5.7947,-4.6314,-3.2187,3.2187,regional
2025|autumn|2025-10-19|秋季東海大会 2025 日程・結果|QF|聖隷クリストファー(静岡1)|5|津商(三重3)|3,静岡,三重,977.2729,981.0227,4.2442,-4.2442,-5.6818,-4.7443,2.1221,-2.1221,regional
2025|autumn|2025-10-19|秋季東海大会 2025 日程・結果|QF|中京大中京(愛知1)|14|岐阜城北(岐阜3)|3,愛知,岐阜,1000.3328,992.3027,-7.213,7.213,0.0832,-1.9243,-3.6065,3.6065,regional
2025|autumn|2025-10-20|秋季北海道大会 2025 日程・結果|F|白樺学園|0|北照|2,北北海道,南北海道,976.7607,994.8723,-2.2398,2.2398,-5.8098,-1.2819,-1.1199,1.1199,regional
2025|autumn|2025-10-20|秋季関東大会 2025 日程・結果|QF|専大松戸(千葉1)|4|横浜(神奈川1)|2,千葉,神奈川,1008.934,1055.8889,9.6806,-9.6806,2.2335,13.9722,4.8403,-4.8403,regional
2025|autumn|2025-10-20|秋季関東大会 2025 日程・結果|QF|山梨学院(山梨1)|6|浦和学院(埼玉2)|3,山梨,埼玉,1017.4018,1010.2356,4.2851,-4.2851,4.3505,2.5589,2.1425,-2.1425,regional
2025|autumn|2025-10-21|秋季関東大会 2025 日程・結果|QF|佐野日大(栃木1)|7|駿台甲府(山梨3)|0,栃木,山梨,967.687,1021.2208,0.3662,-0.3662,-8.0783,5.3052,0.1831,-0.1831,regional
2025|autumn|2025-10-21|秋季関東大会 2025 日程・結果|QF|花咲徳栄(埼玉1)|10|甲府工(山梨2)|0,埼玉,山梨,1006.4166,1016.6175,-6.1942,6.1942,1.6042,4.1544,-3.0971,3.0971,regional
2025|autumn|2025-10-24|秋季中国大会 2025 日程・結果|1R|桜ケ丘(山口2)|1|崇徳(広島2)|8,山口,広島,992.2588,1061.6362,-14.3533,14.3533,-1.9353,15,-7.1766,7.1766,regional
2025|autumn|2025-10-24|秋季中国大会 2025 日程・結果|1R|下関国際(山口1)|6|鳥取商(鳥取3)|3,山口,鳥取,989.359,935.6581,3.1893,-3.1893,-2.6603,-15,1.5946,-1.5946,regional
2025|autumn|2025-10-25|秋季中国大会 2025 日程・結果|1R|高川学園(山口4)|8|広陵(広島1)|2,山口,広島,992.6741,1064.536,-16.1305,16.1305,-1.8315,15,-8.0652,8.0652,regional
2025|autumn|2025-10-25|秋季中国大会 2025 日程・結果|1R|広島商(広島3)|5|米子松蔭(鳥取2)|4,広島,鳥取,1059.3719,932.343,17.2115,-17.2115,14.843,-15,8.6057,-8.6057,regional
2025|autumn|2025-10-25|秋季中国大会 2025 日程・結果|1R|鳥取城北(鳥取1)|4|立正大淞南(島根3)|3,鳥取,島根,930.0786,943.8677,8.6501,-8.6501,-15,-14.0331,4.3251,-4.3251,regional
2025|autumn|2025-10-25|秋季関東大会 2025 日程・結果|SF|花咲徳栄(埼玉1)|7|佐野日大(栃木1)|4,埼玉,栃木,1010.6763,972.2902,5.5893,-5.5893,2.6691,-6.9274,2.7947,-2.7947,regional
2025|autumn|2025-10-25|秋季関東大会 2025 日程・結果|SF|山梨学院(山梨1)|11|専大松戸(千葉1)|4,山梨,千葉,1012.3578,1013.251,-3.0649,3.0649,3.0895,3.3127,-1.5324,1.5324,regional
2025|autumn|2025-10-25|秋季近畿大会 2025 日程・結果|1R|龍谷大平安(京都1)|2|橿原学院(奈良3)|3,京,奈良,1051.336,1057.2085,2.1436,-2.1436,12.834,14.3021,1.0718,-1.0718,regional
2025|autumn|2025-10-25|秋季近畿大会 2025 日程・結果|1R|神戸国際大付(兵庫1)|3|金光大阪(大阪3)|1,兵庫,大阪,1050.2648,1099.4464,4.2617,-4.2617,12.5662,15,2.1308,-2.1308,regional
2025|autumn|2025-10-25|秋季九州大会 2025 日程・結果|1R|日本ウェルネス沖縄(沖縄2)|7|明豊(大分1)|3,沖縄,大分,1048.1592,1034.5053,0.5326,-0.5326,12.0398,8.6263,0.2663,-0.2663,regional
2025|autumn|2025-10-25|秋季九州大会 2025 日程・結果|1R|小林西(宮崎1)|2|出水中央(鹿児島2)|1,宮崎,鹿児島,921.3402,1029.9234,-1.7269,1.7269,-15,7.4808,-0.8635,0.8635,regional
2025|autumn|2025-10-25|秋季九州大会 2025 日程・結果|1R|福岡大大濠(福岡2)|1|熊本工業(熊本1)|4,福岡,熊本,1032.9996,965.4072,-1.5695,1.5695,8.2499,-8.6482,-0.7847,0.7847,regional
2025|autumn|2025-10-25|秋季九州大会 2025 日程・結果|1R|龍谷(佐賀2)|0|長崎日大(長崎1)|6,佐賀,長崎,918.9454,988.484,-1.3306,1.3306,-15,-2.879,-0.6653,0.6653,regional
2025|autumn|2025-10-25|秋季四国大会 2025 日程・結果|SF|明徳義塾(高知1)|1|英明(香川2)|2,高知,香川,1046.6483,1005.0979,-17.0239,17.0239,11.6621,1.2745,-8.512,8.512,regional
2025|autumn|2025-10-25|秋季四国大会 2025 日程・結果|SF|阿南光(徳島1)|6|藤井(香川1)|5,徳島,香川,967.9212,1009.1842,-4.7746,4.7746,-8.0197,2.2961,-2.3873,2.3873,regional
2025|autumn|2025-10-25|秋季東海大会 2025 日程・結果|SF|中京大中京(愛知1)|6|大垣日大(岐阜1)|4,愛知,岐阜,1004.4064,988.2291,-4.9195,4.9195,1.1016,-2.9427,-2.4597,2.4597,regional
2025|autumn|2025-10-25|秋季東海大会 2025 日程・結果|SF|聖隷クリストファー(静岡1)|2|三重(三重1)|10,静岡,三重,981.2183,977.0773,6.4681,-6.4681,-4.6954,-5.7307,3.2341,-3.2341,regional
2025|autumn|2025-10-26|秋季中国大会 2025 日程・結果|QF|鳥取城北(鳥取1)|0|高川学園(山口4)|10,鳥取,山口,934.0382,997.8382,-4.7281,4.7281,-15,-0.5405,-2.364,2.364,regional
2025|autumn|2025-10-26|秋季中国大会 2025 日程・結果|QF|下関国際(山口1)|6|石見智翠館(島根2)|3,山口,島根,1001.0071,939.9081,5.3249,-5.3249,0.2518,-15,2.6624,-2.6624,regional
2025|autumn|2025-10-26|秋季関東大会 2025 日程・結果|F|山梨学院(山梨1)|14|花咲徳栄(埼玉1)|5,山梨,埼玉,1016.4387,1014.1095,4.3344,-4.3344,4.1097,3.5274,2.1672,-2.1672,regional
2025|autumn|2025-10-26|秋季近畿大会 2025 日程・結果|QF|神戸国際大付(兵庫1)|3|橿原学院(奈良3)|0,兵庫,奈良,1054.7307,1061.1902,-2.5992,2.5992,13.6827,15,-1.2996,1.2996,regional
2025|autumn|2025-10-26|秋季近畿大会 2025 日程・結果|QF|天理(奈良2)|0|大阪桐蔭(大阪1)|10,奈良,大阪,1057.0561,1094.9804,1.633,-1.633,14.264,15,0.8165,-0.8165,regional
2025|autumn|2025-10-26|秋季九州大会 2025 日程・結果|1R|神村学園(鹿児島1)|6|宮崎学園(宮崎2)|2,鹿児島,宮崎,1024.6764,926.5871,0.044,-0.044,6.1691,-15,0.022,-0.022,regional
2025|autumn|2025-10-26|秋季九州大会 2025 日程・結果|1R|唐津商(佐賀1)|2|長崎西(長崎2)|9,佐賀,長崎,915.7649,991.6646,-2.4528,2.4528,-15,-2.0839,-1.2264,1.2264,regional
2025|autumn|2025-10-26|秋季九州大会 2025 日程・結果|1R|沖縄尚学(沖縄1)|1|有明(熊本2)|0,沖縄,熊本,1051.9899,970.1408,3.4681,-3.4681,12.9975,-7.4648,1.734,-1.734,regional
2025|autumn|2025-10-26|秋季九州大会 2025 日程・結果|1R|杵築(大分2)|0|九州国際大付(福岡1)|7,大分,福岡,1030.6746,1028.2659,4.2505,-4.2505,7.6687,7.0665,2.1252,-2.1252,regional
2025|autumn|2025-10-26|秋季四国大会 2025 日程・結果|F|阿南光(徳島1)|2|英明(香川2)|7,徳島,香川,972.5021,1004.6034,-2.1418,2.1418,-6.8745,1.1508,-1.0709,1.0709,regional
2025|autumn|2025-10-27|秋季近畿大会 2025 日程・結果|QF|東洋大姫路(兵庫3)|5|智辯学園(奈良1)|6,兵庫,奈良,1058.8649,1053.4538,-0.9136,0.9136,14.7162,13.3634,-0.4568,0.4568,regional
2025|autumn|2025-10-27|秋季東海大会 2025 日程・結果|F|三重(三重1)|7|中京大中京(愛知1)|8,三重,愛知,981.2737,1008.3335,-8.8529,8.8529,-4.6816,2.0834,-4.4264,4.4264,regional
2025|autumn|2025-10-28|秋季九州大会 2025 日程・結果|QF|九州国際大付(福岡1)|5|長崎西(長崎2)|0,福岡,長崎,1032.3915,994.7507,8.3902,-8.3902,8.0979,-1.3123,4.1951,-4.1951,regional
2025|autumn|2025-10-28|秋季九州大会 2025 日程・結果|QF|沖縄尚学(沖縄1)|1|神村学園(鹿児島1)|4,沖縄,鹿児島,1054.9894,1027.5753,1.838,-1.838,13.7473,6.8938,0.919,-0.919,regional
2025|autumn|2025-10-28|秋季九州大会 2025 日程・結果|QF|熊本工業(熊本1)|6|日本ウェルネス沖縄(沖縄2)|1,熊本,沖縄,967.1413,1050.6324,-4.8406,4.8406,-8.2147,12.6581,-2.4203,2.4203,regional
2025|autumn|2025-10-28|秋季九州大会 2025 日程・結果|QF|長崎日大(長崎1)|4|小林西(宮崎1)|1,長崎,宮崎,991.3721,923.6883,5.198,-5.198,-2.157,-15,2.599,-2.599,regional
2025|autumn|2025-10-30|秋季九州大会 2025 日程・結果|SF|神村学園(鹿児島1)|4|九州国際大付(福岡1)|5,鹿児島,福岡,1031.9323,1035.77,2.7536,-2.7536,7.9831,8.9425,1.3768,-1.3768,regional
2025|autumn|2025-10-30|秋季九州大会 2025 日程・結果|SF|熊本工業(熊本1)|3|長崎日大(長崎1)|4,熊本,長崎,972.189,994.488,-5.2636,5.2636,-6.9527,-1.378,-2.6318,2.6318,regional
2025|autumn|2025-11-01|秋季東京大会 2025 日程・結果|QF|日野|7|広尾|0,西東京,東東京,1037.5179,1041.5108,14.7403,-14.7403,9.3795,10.3777,7.3702,-7.3702,regional
2025|autumn|2025-11-01|秋季東京大会 2025 日程・結果|QF|明大八王子|1|関東第一|11,西東京,東東京,1041.225,1037.8038,17.4615,-17.4615,10.3062,9.4509,8.7308,-8.7308,regional
2025|autumn|2025-11-01|秋季九州大会 2025 日程・結果|F|長崎日大(長崎1)|2|九州国際大付(福岡1)|3,長崎,福岡,998.1112,1039.7893,-10.2105,10.2105,-0.4722,9.9473,-5.1052,5.1052,regional
2025|autumn|2025-11-02|秋季東京大会 2025 日程・結果|QF|成立学園|0|国士舘|8,東東京,西東京,1042.2434,1036.7853,-14.2044,14.2044,10.5609,9.1963,-7.1022,7.1022,regional
2025|autumn|2025-11-02|秋季東京大会 2025 日程・結果|QF|帝京|3|日大三|0,東東京,西東京,1038.5073,1040.5214,-16.9473,16.9473,9.6268,10.1304,-8.4736,8.4736,regional
2025|autumn|2025-11-02|秋季中国大会 2025 日程・結果|F|高川学園(山口4)|0|崇徳(広島2)|5,山口,広島,1004.1926,1061.6363,-13.4461,13.4461,1.0481,15,-6.723,6.723,regional
2025|autumn|2025-11-02|秋季近畿大会 2025 日程・結果|SF|大阪桐蔭(大阪1)|1|神戸国際大付(兵庫1)|7,大阪,兵庫,1098.5827,1054.8237,-6.6577,6.6577,15,13.7059,-3.3288,3.3288,regional
2025|autumn|2025-11-02|秋季近畿大会 2025 日程・結果|SF|智辯学園(奈良1)|7|滋賀学園(滋賀3)|3,奈良,滋賀,1057.495,1022.0578,5.0405,-5.0405,14.3738,5.5145,2.5202,-2.5202,regional
2025|autumn|2025-11-03|秋季近畿大会 2025 日程・結果|F|智辯学園(奈良1)|6|神戸国際大付(兵庫1)|7,奈良,兵庫,1060.974,1059.1733,2.7654,-2.7654,15,14.7933,1.3827,-1.3827,regional
2025|autumn|2025-11-08|秋季東京大会 2025 日程・結果|SF|国士舘|0|帝京|9,西東京,東東京,1036.1095,1042.9192,13.7101,-13.7101,9.0274,10.7298,6.855,-6.855,regional
2025|autumn|2025-11-08|秋季東京大会 2025 日程・結果|SF|関東第一|9|桜美林|1,東東京,西東京,1047.1562,1031.8725,-10.6009,10.6009,11.7891,7.9681,-5.3005,5.3005,regional
2025|jingu|2025-11-14|明治神宮野球大会 2025|1R|山梨学院(山梨)|6|帝京(東京)|3,山梨,東東京,1020.3121,1051.2244,-0.7219,0.7219,5.078,12.8061,-0.3609,0.3609,national
2025|jingu|2025-11-14|明治神宮野球大会 2025|1R|英明(香川)|5|帝京長岡(新潟)|2,香川,新潟,1008.186,973.0397,-0.0,0.0,2.0465,-6.7401,-0.0,0.0,national
2025|jingu|2025-11-15|明治神宮野球大会 2025|QF|花巻東(岩手)|3|崇徳(広島)|1,岩手,広島,1009.4571,1064.6839,-0.3615,0.3615,2.3643,15,-0.1808,0.1808,national
2025|jingu|2025-11-15|明治神宮野球大会 2025|QF|中京大中京(愛知)|0|神戸国際大付(兵庫)|7,愛知,兵庫,1011.8209,1063.2577,-4.0602,4.0602,2.9552,15,-2.0301,2.0301,national
2025|jingu|2025-11-16|明治神宮野球大会 2025|QF|山梨学院(山梨)|5|九州国際大付(福岡)|6,山梨,福岡,1025.3392,1043.0818,-0.3151,0.3151,6.3348,10.7705,-0.1575,0.1575,national
2025|jingu|2025-11-16|明治神宮野球大会 2025|QF|北照(北海道)|1|英明(香川)|2,南北海道,香川,998.6126,1012.3222,0.0,-0.0,-0.3468,3.0806,0.0,-0.0,national
2025|jingu|2025-11-17|明治神宮野球大会 2025|SF|花巻東(岩手)|7|九州国際大付(福岡)|8,岩手,福岡,1014.7915,1047.4388,0.0,-0.0,3.6979,11.8597,0.0,-0.0,national
2025|jingu|2025-11-17|明治神宮野球大会 2025|SF|神戸国際大付(兵庫)|6|英明(香川)|2,兵庫,香川,1067.0768,1016.7408,0.0,-0.0,15,4.1852,0.0,-0.0,national
2025|jingu|2025-11-19|明治神宮野球大会 2025|F|神戸国際大付(兵庫)|1|九州国際大付(福岡)|11,兵庫,福岡,1071.0149,1051.6078,1.1739,-1.1739,15,12.902,0.587,-0.587,national
2025|autumn|2025/10/24|秋季中国大会 2025 日程・結果|1R|石見智翠館(島根2)|5|玉島商(岡山2)|4,島根,岡山,936.7226,1023.9815,-13.1127,13.1127,-15,5.9954,-6.5563,6.5563,regional
2025|autumn|2025/10/24|秋季中国大会 2025 日程・結果|1R|島根中央(島根1)|4|関西(岡山3)|5,島根,岡山,941.9846,1018.7196,-11.0859,11.0859,-14.5039,4.6799,-5.5429,5.5429,regional
2025|autumn|2025/10/25|秋季中国大会 2025 日程・結果|1R|山口県鴻城(山口3)|1|倉敷商(岡山1)|5,山口,岡山,1001.1449,1021.6106,3.7266,-3.7266,0.2862,5.4027,1.8633,-1.8633,regional
2025|autumn|2025/10/26|秋季中国大会 2025 日程・結果|QF|広島商(広島3)|4|倉敷商(岡山1)|5,広島,岡山,1059.3495,1025.4609,-10.1991,10.1991,14.8374,6.3652,-5.0996,5.0996,regional
2025|autumn|2025/10/26|秋季中国大会 2025 日程・結果|QF|関西(岡山3)|0|崇徳(広島2)|5,岡山,広島,1029.6161,1055.1943,12.7205,-12.7205,7.404,13.7986,6.3603,-6.3603,regional
2025|autumn|2025/11/1|秋季中国大会 2025 日程・結果|SF|崇徳(広島2)|10|倉敷商(岡山1)|0,広島,岡山,1059.1927,1025.6177,-10.4454,10.4454,14.7982,6.4044,-5.2227,5.2227,regional
2025|spring|2025/4/19|春季鳥取大会 2025 日程・結果|1R|倉吉農業|1|米子西|26,岡山,鳥取,1021.7637,930.8693,0.5095,-0.5095,5.4409,-15,0.2547,-0.2547,prefecture
2025|spring|2025/4/19|春季鳥取大会 2025 日程・結果|1R|鳥取商業|9|倉吉北|5,鳥取,岡山,933.7388,1018.8942,0.8066,-0.8066,-15,4.7236,0.4033,-0.4033,prefecture
2025|spring|2025/4/19|春季鳥取大会 2025 日程・結果|1R|倉吉総合産業|5|岩美|9,岡山,鳥取,1016.0763,936.5567,-2.1741,2.1741,4.0191,-15,-1.087,1.087,prefecture
2025|spring|2025/4/20|春季鳥取大会 2025 日程・結果|1R|倉吉西|0|米子高専|7,岡山,鳥取,1013.3105,939.3224,-3.5809,3.5809,3.3276,-15,-1.7904,1.7904,prefecture
2025|spring|2025/4/21|春季鳥取大会 2025 日程・結果|2R|鳥取中央育英|7|倉吉東|1,鳥取,岡山,942.0356,1010.5973,5.0171,-5.0171,-14.4911,2.6493,2.5085,-2.5085,prefecture
2025|spring|2025/5/31|春季中国大会 2025 日程・結果|1R|倉敷商(岡山1)|5|鳥取城北(鳥取)|4,岡山,鳥取,1007.9369,944.6961,-6.4743,6.4743,1.9842,-13.826,-3.2371,3.2371,regional
2025|spring|2025/5/31|春季中国大会 2025 日程・結果|1R|岡山東商(岡山3)|6|英数学館(広島)|5,岡山,広島,1011.1906,1063.0467,8.2192,-8.2192,2.7977,15,4.1096,-4.1096,regional
2025|spring|2025/5/31|春季中国大会 2025 日程・結果|1R|玉野光南(岡山4)|3|矢上(島根)|8,岡山,島根,1015.3766,939.0935,12.7758,-12.7758,3.8442,-15,6.3879,-6.3879,regional
2025|spring|2025/5/31|春季中国大会 2025 日程・結果|1R|創志学園(岡山2)|5|南陽工(山口)|3,岡山,山口,1010.4937,997.2947,-1.72,1.72,2.6234,-0.6763,-0.86,0.86,regional
2025|spring|2025/6/1|春季中国大会 2025 日程・結果|SF|矢上(島根)|0|倉敷商(岡山1)|11,島根,岡山,943.9765,1014.187,-10.7048,10.7048,-14.0059,3.5467,-5.3524,5.3524,regional
2025|summer|2025/7/12|選手権岡山大会 2025 日程・結果|1R|瀬戸|3|倉敷南|11,愛知,岡山,1008.0018,1017.0075,-0.1758,0.1758,2.0005,4.2519,-0.0879,0.0879,prefecture
2025|summer|2025/7/12|選手権岡山大会 2025 日程・結果|1R|作陽学園|3|勝山|1,岡山,鳥取,1019.6932,941.4424,-4.902,4.902,4.9233,-14.6394,-2.451,2.451,prefecture
2025|summer|2025/7/19|選手権鳥取大会 2025 日程・結果|2R|倉吉北|6|米子東|9,岡山,鳥取,1021.9164,939.2192,-3.8093,3.8093,5.4791,-15,-1.9047,1.9047,prefecture
2025|summer|2025/7/21|選手権鳥取大会 2025 日程・結果|2R|鳥取東|7|倉吉西|0,鳥取,岡山,942.5665,1018.5691,5.6598,-5.6598,-14.3584,4.6423,2.8299,-2.8299,prefecture
2025|summer|2025/7/23|選手権鳥取大会 2025 日程・結果|QF|鳥取城北|5|倉吉東|1,鳥取,岡山,945.8345,1015.3011,7.5127,-7.5127,-13.5414,3.8253,3.7564,-3.7564,prefecture
2025|koshien|2025/8/12|第107回全国高等学校野球選手権大会|2R|岡山学芸館(岡山)|3|松商学園(長野)|0,岡山,長野,1012.1121,948.5032,0.0,-0.0,3.028,-12.8742,0.0,-0.0,national
2025|koshien|2025/8/16|第107回全国高等学校野球選手権大会|3R|山梨学院(山梨)|14|岡山学芸館(岡山)|0,山梨,岡山,1020.9823,1017.0094,0.3943,-0.3943,5.2456,4.2523,0.1971,-0.1971,national
2025|autumn|2025/9/13|秋季鳥取大会 2025 日程・結果|1R|倉吉西・倉吉農業|0|鳥取東|10,岡山,鳥取,1011.1113,949.0234,-9.3621,9.3621,2.7778,-12.7441,-4.681,4.681,prefecture
2025|autumn|2025/9/15|秋季鳥取大会 2025 日程・結果|2R|鳥取東|13|倉吉東|9,鳥取,岡山,951.7214,1008.4133,10.9732,-10.9732,-12.0696,2.1033,5.4866,-5.4866,prefecture
2025|autumn|2025/9/16|秋季鳥取大会 2025 日程・結果|2R|米子高専|2|倉吉北|9,鳥取,岡山,954.3607,1005.7741,12.577,-12.577,-11.4098,1.4435,6.2885,-6.2885,prefecture
2025|autumn|2025/9/16|秋季鳥取大会 2025 日程・結果|2R|倉吉総合産業|9|米子工業|2,岡山,鳥取,1007.993,952.1417,-11.4433,11.4433,1.9983,-11.9646,-5.7216,5.7216,prefecture
2025|autumn|2025/9/20|秋季鳥取大会 2025 日程・結果|QF|境|2|倉吉北|0,鳥取,岡山,949.9687,1010.166,10.3047,-10.3047,-12.5078,2.5415,5.1524,-5.1524,prefecture
2025|autumn|2025/9/20|秋季鳥取大会 2025 日程・結果|QF|倉吉総合産業|0|米子松蔭|4,岡山,鳥取,1007.4937,952.641,-11.9414,11.9414,1.8734,-11.8397,-5.9707,5.9707,prefecture
2025|autumn|2025/9/20|秋季岡山大会 2025 日程・結果|1R|津山工業|2|勝山|1,岡山,鳥取,1004.8804,955.2544,-13.5642,13.5642,1.2201,-11.1864,-6.7821,6.7821,prefecture
2026|spring|2026-03-14|春季東京大会 2026 日程・結果|QUAL|東京高専|1|早稲田|11,西東京,東東京,1027.8044,1046.1972,7.6154,-7.6154,6.9511,11.5493,3.8077,-3.8077,prefecture
2026|spring|2026-03-14|春季東京大会 2026 日程・結果|QUAL|駒込|3|八王子北|13,東東京,西東京,1048.4565,1025.5451,-5.9573,5.9573,12.1141,6.3863,-2.9787,2.9787,prefecture
2026|spring|2026-03-14|春季東京大会 2026 日程・結果|QUAL|永山|1|足立西・荒川工科・大島・大島海洋国際・科学技術・北豊島工科|3,西東京,東京,1027.8973,945.7119,0.9254,-0.9254,6.9743,-13.572,0.4627,-0.4627,prefecture
2026|spring|2026-03-14|春季東京大会 2026 日程・結果|QUAL|南平|10|大崎|12,西東京,東東京,1025.0763,1046.1043,7.6844,-7.6844,6.2691,11.5261,3.8422,-3.8422,prefecture
2026|spring|2026-03-14|春季東京大会 2026 日程・結果|QUAL|海城|19|足立工科・大田桜台・桐ヶ丘・三商・中野工科|0,東東京,東京,1048.3472,948.5329,32.3786,-32.3786,12.0868,-12.8668,15,-15,prefecture
2026|spring|2026-03-14|春季東京大会 2026 日程・結果|QUAL|啓明学園|0|堀越|10,西東京,東東京,1022.8334,1049.6213,6.0382,-6.0382,5.7084,12.4053,3.0191,-3.0191,prefecture
2026|spring|2026-03-14|春季東京大会 2026 日程・結果|QUAL|中大杉並|6|本郷|4,西東京,東東京,1020.6499,1051.8048,4.4354,-4.4354,5.1625,12.9512,2.2177,-2.2177,prefecture
2026|spring|2026-03-14|春季東京大会 2026 日程・結果|QUAL|田無工科|17|大森|9,西東京,東東京,1023.0759,1049.3788,6.217,-6.217,5.769,12.3447,3.1085,-3.1085,prefecture
2026|spring|2026-03-14|春季東京大会 2026 日程・結果|QUAL|中大附|10|品川翔英|0,西東京,東東京,1025.4469,1047.0078,7.9583,-7.9583,6.3617,11.752,3.9792,-3.9792,prefecture
2026|spring|2026-03-14|春季東京大会 2026 日程・結果|QUAL|秋留台|2|目白研心|19,西東京,東東京,1027.7639,1044.6908,9.6602,-9.6602,6.941,11.1727,4.8301,-4.8301,prefecture
2026|spring|2026-03-14|春季東京大会 2026 日程・結果|QUAL|新宿|22|翔陽|2,東東京,西東京,1046.9865,1025.4682,-7.9749,7.9749,11.7466,6.3671,-3.9874,3.9874,prefecture
2026|spring|2026-03-14|春季東京大会 2026 日程・結果|QUAL|高輪|2|昭和|11,東東京,西東京,1049.23,1023.2248,-6.3277,6.3277,12.3075,5.8062,-3.1638,3.1638,prefecture
2026|spring|2026-03-14|春季東京大会 2026 日程・結果|QUAL|日大一|6|石神井|1,東東京,西東京,1046.8624,1025.5923,-8.0669,8.0669,11.7156,6.3981,-4.0334,4.0334,prefecture
2026|spring|2026-03-14|春季東京大会 2026 日程・結果|QUAL|攻玉社|3|調布南|4,東東京,西東京,1049.1087,1023.346,-6.4174,6.4174,12.2772,5.8365,-3.2087,3.2087,prefecture
2026|spring|2026-03-14|春季東京大会 2026 日程・結果|QUAL|総合工科|6|昭和一|5,西東京,東東京,1025.7108,1046.7439,8.1548,-8.1548,6.4277,11.686,4.0774,-4.0774,prefecture
2026|spring|2026-03-14|春季東京大会 2026 日程・結果|QUAL|成城学園|11|豊島学院|1,西東京,東東京,1028.0218,1044.4329,9.8529,-9.8529,7.0055,11.1082,4.9264,-4.9264,prefecture
2026|spring|2026-03-14|春季東京大会 2026 日程・結果|QUAL|自由ヶ丘学園|6|帝京八王子|7,東東京,西東京,1042.1745,1030.2802,-11.5124,11.5124,10.5436,7.5701,-5.7562,5.7562,prefecture
2026|spring|2026-03-14|春季東京大会 2026 日程・結果|QUAL|多摩大聖ヶ丘|6|多摩大目黒|15,西東京,東東京,1032.4872,1039.9676,13.1344,-13.1344,8.1218,9.9919,6.5672,-6.5672,prefecture
2026|spring|2026-03-14|春季東京大会 2026 日程・結果|QUAL|明学東村山|12|雪谷|5,西東京,東東京,1030.084,1042.3707,11.3695,-11.3695,7.521,10.5927,5.6848,-5.6848,prefecture
2026|spring|2026-03-14|春季東京大会 2026 日程・結果|QUAL|竹台|14|小平西|3,東東京,西東京,1040.1593,1032.2954,-12.9949,12.9949,10.0398,8.0739,-6.4975,6.4975,prefecture
2026|spring|2026-03-14|春季東京大会 2026 日程・結果|QUAL|板橋|7|国立|1,東東京,西東京,1042.5581,1029.8966,-11.233,11.233,10.6395,7.4742,-5.6165,5.6165,prefecture
2026|spring|2026-03-15|春季東京大会 2026 日程・結果|QUAL|目黒|9|国分寺|2,東東京,西東京,1044.9025,1027.5523,-9.511,9.511,11.2256,6.8881,-4.7555,4.7555,prefecture
2026|spring|2026-03-15|春季東京大会 2026 日程・結果|QUAL|明法|21|日本橋|0,西東京,東東京,1025.2613,1047.1934,7.828,-7.828,6.3153,11.7984,3.914,-3.914,prefecture
2026|spring|2026-03-15|春季東京大会 2026 日程・結果|QUAL|足立学園|10|清瀬|3,東東京,西東京,1044.8723,1027.5825,-9.5342,9.5342,11.2181,6.8956,-4.7671,4.7671,prefecture
2026|spring|2026-03-15|春季東京大会 2026 日程・結果|QUAL|両国|1|久留米西|19,東東京,西東京,1047.1639,1025.2908,-7.8505,7.8505,11.791,6.3227,-3.9252,3.9252,prefecture
2026|spring|2026-03-15|春季東京大会 2026 日程・結果|QUAL|明大明治|2|足立新田|1,西東京,東東京,1027.6113,1044.8434,9.5563,-9.5563,6.9028,11.2109,4.7782,-4.7782,prefecture
2026|spring|2026-03-15|春季東京大会 2026 日程・結果|QUAL|明星学園・和光|0|聖学院|17,東京,東東京,947.2588,1042.5758,-33.3202,33.3202,-13.1853,10.6439,-15,15,prefecture
2026|spring|2026-03-15|春季東京大会 2026 日程・結果|QUAL|六郷工科|2|町田工科|23,東東京,西東京,1043.8638,1029.879,-11.2236,11.2236,10.9659,7.4697,-5.6118,5.6118,prefecture
2026|spring|2026-03-15|春季東京大会 2026 日程・結果|QUAL|渋谷教育渋谷|6|穎明館|17,東東京,西東京,1041.6393,1032.1035,-12.8592,12.8592,10.4098,8.0259,-6.4296,6.4296,prefecture
2026|spring|2026-03-15|春季東京大会 2026 日程・結果|QUAL|深川|3|小平南|14,東東京,西東京,1039.4654,1034.2773,-14.4578,14.4578,9.8664,8.5693,-7.2289,7.2289,prefecture
2026|spring|2026-03-15|春季東京大会 2026 日程・結果|QUAL|拝島|12|葛飾商|1,西東京,東東京,1036.4019,1037.3409,16.0203,-16.0203,9.1005,9.3352,8.0102,-8.0102,prefecture
2026|spring|2026-03-15|春季東京大会 2026 日程・結果|QUAL|農産|0|九段中等|56,東京,東東京,945.9708,1035.2644,-34.271,34.271,-13.5073,8.8161,-15,15,prefecture
2026|spring|2026-03-15|春季東京大会 2026 日程・結果|QUAL|日工大駒場|12|産技高専|2,東東京,東京,1036.5745,944.6607,35.2363,-35.2363,9.1436,-13.8348,15,-15,prefecture
2026|spring|2026-03-15|春季東京大会 2026 日程・結果|QUAL|筑波大附|3|学芸大附|8,東東京,西東京,1037.8602,1038.4783,-17.5476,17.5476,9.4651,9.6196,-8.7738,8.7738,prefecture
2026|spring|2026-03-15|春季東京大会 2026 日程・結果|QUAL|上野学園|9|南多摩中等|8,東東京,西東京,1035.8138,1040.5248,-19.053,19.053,8.9534,10.1312,-9.5265,9.5265,prefecture
2026|spring|2026-03-15|春季東京大会 2026 日程・結果|QUAL|拓大一|19|淵江|2,西東京,東東京,1037.9652,1038.3733,17.1721,-17.1721,9.4913,9.5933,8.5861,-8.5861,prefecture
2026|spring|2026-03-15|春季東京大会 2026 日程・結果|QUAL|正則|3|大成|11,東東京,西東京,1036.3153,1040.0232,-18.6861,18.6861,9.0788,10.0058,-9.3431,9.3431,prefecture
2026|senbatsu|2026-03-19|第98回選抜高等学校野球大会|1R|帝京(東京)|4|沖縄尚学(沖縄)|3,東東京,沖縄,1034.3037,1045.5847,-0.9407,0.9407,8.5759,11.3962,-0.4704,0.4704,national
2026|senbatsu|2026-03-19|第98回選抜高等学校野球大会|1R|阿南光(徳島)|1|中京大中京(愛知)|3,徳島,愛知,968.9194,1005.3161,1.7241,-1.7241,-7.7701,1.329,0.8621,-0.8621,national
2026|senbatsu|2026-03-19|第98回選抜高等学校野球大会|1R|八学光星(青森)|15|崇徳(広島)|6,青森,広島,1045.3236,1058.8607,0.0355,-0.0355,11.3309,14.7152,0.0177,-0.0177,national
2026|spring|2026-03-20|春季東京大会 2026 日程・結果|QUAL|成蹊|2|篠崎|3,西東京,東東京,1042.0349,1039.0363,20.1662,-20.1662,10.5087,9.7591,10.0831,-10.0831,prefecture
2026|spring|2026-03-20|春季東京大会 2026 日程・結果|QUAL|立西・荒川工科・大島・大島海洋国際・科学技術・北豊島工科|2|目白研心|12,東京,東東京,943.375,1041.5992,-36.1869,36.1869,-14.1563,10.3998,-15,15,prefecture
2026|spring|2026-03-20|春季東京大会 2026 日程・結果|QUAL|早稲田|10|東大和南|8,東東京,西東京,1042.8418,1039.472,-18.2826,18.2826,10.7104,9.868,-9.1413,9.1413,prefecture
2026|spring|2026-03-20|春季東京大会 2026 日程・結果|QUAL|大崎|2|日本学園|5,東東京,西東京,1045.3389,1036.9748,-16.4472,16.4472,11.3347,9.2437,-8.2236,8.2236,prefecture
2026|spring|2026-03-20|春季東京大会 2026 日程・結果|QUAL|紅葉川|4|昭和|11,東東京,西東京,1043.2196,1039.0941,-18.0065,18.0065,10.8049,9.7735,-9.0032,9.0032,prefecture
2026|spring|2026-03-20|春季東京大会 2026 日程・結果|QUAL|小山台|7|都市大高|6,東東京,西東京,1041.1483,1041.1654,-19.5307,19.5307,10.2871,10.2914,-9.7653,9.7653,prefecture
2026|spring|2026-03-20|春季東京大会 2026 日程・結果|QUAL|久留米西|6|上野学園|5,西東京,東東京,1038.6301,1043.6837,17.6669,-17.6669,9.6575,10.9209,8.8335,-8.8335,prefecture
2026|spring|2026-03-20|春季東京大会 2026 日程・結果|QUAL|聖徳学園|2|鷺宮・農大一・光丘・芦花|11,西東京,東京,1040.7118,942.1324,-0.5482,0.5482,10.178,-14.4669,-0.2741,0.2741,prefecture
2026|spring|2026-03-20|春季東京大会 2026 日程・結果|QUAL|明大明治|12|國學院|1,西東京,東東京,1037.8084,1041.6019,19.199,-19.199,9.4521,10.4005,9.5995,-9.5995,prefecture
2026|spring|2026-03-20|春季東京大会 2026 日程・結果|QUAL|目黒日大|4|成城学園|1,東東京,西東京,1039.5482,1039.8621,-20.7104,20.7104,9.8871,9.9655,-10.3552,10.3552,prefecture
2026|spring|2026-03-20|春季東京大会 2026 日程・結果|QUAL|昭和鉄道|0|早大学院|8,東東京,西東京,1042.1008,1037.3095,-18.8338,18.8338,10.5252,9.3274,-9.4169,9.4169,prefecture
2026|spring|2026-03-20|春季東京大会 2026 日程・結果|QUAL|八丈|3|明学東村山|14,東東京,西東京,1040.0359,1039.3744,-20.3536,20.3536,10.009,9.8436,-10.1768,10.1768,prefecture
2026|spring|2026-03-20|春季東京大会 2026 日程・結果|QUAL|正則学園|9|田無工科|0,東東京,西東京,1038.0175,1041.3928,-21.8394,21.8394,9.5044,10.3482,-10.9197,10.9197,prefecture
2026|spring|2026-03-20|春季東京大会 2026 日程・結果|QUAL|府中西|1|海城|3,西東京,東東京,1038.8058,1040.6045,19.9373,-19.9373,9.7015,10.1511,9.9686,-9.9686,prefecture
2026|spring|2026-03-20|春季東京大会 2026 日程・結果|QUAL|富士森|11|目黒|6,西東京,東東京,1036.277,1043.1333,18.0777,-18.0777,9.0692,10.7833,9.0388,-9.0388,prefecture
2026|spring|2026-03-20|春季東京大会 2026 日程・結果|QUAL|日比谷|4|総合工科|3,東東京,西東京,1041.0451,1038.3652,-19.6149,19.6149,10.2613,9.5913,-9.8074,9.8074,prefecture
2026|spring|2026-03-20|春季東京大会 2026 日程・結果|QUAL|神代・調布北|1|松が谷|10,東京,西東京,945.0359,1035.8462,2.1119,-2.1119,-13.741,8.9615,1.0559,-1.0559,prefecture
2026|spring|2026-03-20|春季香川大会 2026 日程・結果|2R|蓬莱|1|観音寺総合|0,徳島,香川,964.7906,1012.8026,-4.2643,4.2643,-8.8024,3.2007,-2.1322,2.1322,prefecture
2026|spring|2026-03-20|春季香川大会 2026 日程・結果|1R|多度津|6|高松|2,徳島,香川,967.4384,1010.1548,-2.7275,2.7275,-8.1404,2.5387,-1.3637,1.3637,prefecture
2026|senbatsu|2026-03-20|第98回選抜高等学校野球大会|1R|滋賀学園(滋賀)|5|長崎西(長崎)|4,滋賀,長崎,1018.5789,994.8187,3.3619,-3.3619,4.6447,-1.2953,1.681,-1.681,national
2026|senbatsu|2026-03-20|第98回選抜高等学校野球大会|1R|横浜(神奈川)|0|神村学園(鹿児島)|2,神奈川,鹿児島,1051.5719,1027.913,0.0,-0.0,12.893,6.9783,0.0,-0.0,national
2026|senbatsu|2026-03-20|第98回選抜高等学校野球大会|1R|花巻東(岩手)|0|智辯学園(奈良)|4,岩手,奈良,1010.6225,1056.8896,1.7806,-1.7806,2.6556,14.2224,0.8903,-0.8903,national
2026|spring|2026-03-21|春季東京大会 2026 日程・結果|QUAL|国際・駒場・東村山・府中|0|日本ウェルネス|12,東京,東東京,943.3126,1043.5641,-37.111,37.111,-14.1718,10.891,-15,15,prefecture
2026|spring|2026-03-21|春季広島大会 2026 日程・結果|QUAL|国際学院|11|呉三津田|0,埼玉,広島,1010.2361,1054.124,0.4932,-0.4932,2.559,13.531,0.2466,-0.2466,district_qualifier
2026|senbatsu|2026-03-21|第98回選抜高等学校野球大会|1R|東洋大姫路(兵庫)|2|花咲徳栄(埼玉)|3,兵庫,埼玉,1066.1273,1012.5829,0.5389,-0.5389,15,3.1457,0.2695,-0.2695,national
2026|senbatsu|2026-03-21|第98回選抜高等学校野球大会|1R|高知農業(高知)|1|日本文理(新潟)|8,高知,新潟,1042.5619,968.9035,-0.0,0.0,10.6405,-7.7741,-0.0,0.0,national
2026|senbatsu|2026-03-21|第98回選抜高等学校野球大会|1R|北照(北海道)|0|専大松戸(千葉)|4,南北海道,千葉,994.194,1009.1701,-0.0,0.0,-1.4515,2.2925,-0.0,0.0,national
2026|spring|2026-03-22|春季香川大会 2026 日程・結果|2R|志度|7|高松北|1,徳島,香川,970.0325,1007.5607,-1.1996,1.1996,-7.4919,1.8902,-0.5998,0.5998,prefecture
2026|spring|2026-03-22|春季香川大会 2026 日程・結果|2R|多度津|4|寒川|8,徳島,香川,972.5734,1005.0199,0.3171,-0.3171,-6.8567,1.255,0.1586,-0.1586,prefecture
2026|senbatsu|2026-03-22|第98回選抜高等学校野球大会|1R|神戸国際大付(兵庫)|3|九州国際大付(福岡)|4,兵庫,福岡,1060.8562,1056.4955,0.2129,-0.2129,15,14.1239,0.1064,-0.1064,national
2026|senbatsu|2026-03-22|第98回選抜高等学校野球大会|1R|近江(滋賀)|1|大垣日大(岐阜)|2,滋賀,岐阜,1022.7398,984.3021,-0.5746,0.5746,5.685,-3.9245,-0.2873,0.2873,national
2026|senbatsu|2026-03-22|第98回選抜高等学校野球大会|1R|山梨学院(山梨)|5|長崎日大(長崎)|3,山梨,長崎,1026.8803,990.6577,0.0,-0.0,6.7201,-2.3356,0.0,-0.0,national
2026|senbatsu|2026-03-23|第98回選抜高等学校野球大会|1R|東北(宮城)|5|帝京長岡(新潟)|1,宮城,新潟,1049.7109,974.416,0.4729,-0.4729,12.4277,-6.396,0.2365,-0.2365,national
2026|senbatsu|2026-03-23|第98回選抜高等学校野球大会|1R|高川学園(山口)|3|英明(香川)|5,山口,香川,993.6014,1007.0917,-0.4973,0.4973,-1.5997,1.7729,-0.2487,0.2487,national
2026|senbatsu|2026-03-23|第98回選抜高等学校野球大会|1R|三重(三重)|2|佐野日大(栃木)|0,三重,栃木,977.7863,968.857,0.0,-0.0,-5.5534,-7.7857,0.0,-0.0,national
2026|spring|2026-03-24|春季香川大会 2026 日程・結果|3R|蓬莱|9|坂出工|0,徳島,香川,970.5015,1011.4617,-0.9316,0.9316,-7.3746,2.8654,-0.4658,0.4658,prefecture
2026|senbatsu|2026-03-24|第98回選抜高等学校野球大会|2R|帝京(東京)|4|中京大中京(愛知)|9,東東京,愛知,1044.7866,1009.445,-0.0,0.0,11.1966,2.3612,-0.0,0.0,national
2026|senbatsu|2026-03-24|第98回選抜高等学校野球大会|2R|八学光星(青森)|5|滋賀学園(滋賀)|4,青森,滋賀,1050.0602,1017.6923,1.6867,-1.6867,12.5151,4.4231,0.8434,-0.8434,national
2026|senbatsu|2026-03-24|第98回選抜高等学校野球大会|1R|熊本工業(熊本)|0|大阪桐蔭(大阪)|4,熊本,大阪,968.5658,1094.2331,-0.3404,0.3404,-7.8585,15,-0.1702,0.1702,national
2026|senbatsu|2026-03-25|第98回選抜高等学校野球大会|2R|神村学園(鹿児島)|1|智辯学園(奈良)|2,鹿児島,奈良,1032.7831,1060.8919,-0.0,0.0,8.1958,15,-0.0,0.0,national
2026|senbatsu|2026-03-25|第98回選抜高等学校野球大会|2R|花咲徳栄(埼玉)|17|日本文理(新潟)|0,埼玉,新潟,1017.8539,970.8409,-0.5838,0.5838,4.4635,-7.2898,-0.2919,0.2919,national
2026|spring|2026-03-26|春季香川大会 2026 日程・結果|3R|高松南|1|志度|8,香川,徳島,1008.9021,973.0611,-0.6171,0.6171,2.2255,-6.7347,-0.3085,0.3085,prefecture
2026|senbatsu|2026-03-26|第98回選抜高等学校野球大会|2R|大垣日大(岐阜)|1|山梨学院(山梨)|3,岐阜,山梨,989.3496,1030.9666,-0.0,0.0,-2.6626,7.7417,-0.0,0.0,national
2026|senbatsu|2026-03-26|第98回選抜高等学校野球大会|2R|東北(宮城)|3|英明(香川)|6,宮城,香川,1053.286,1006.3957,0.0,-0.0,13.3215,1.5989,0.0,-0.0,national
2026|senbatsu|2026-03-26|第98回選抜高等学校野球大会|2R|三重(三重)|5|大阪桐蔭(大阪)|6,三重,大阪,982.2291,1097.2043,-1.2238,1.2238,-4.4427,15,-0.6119,0.6119,national
2026|senbatsu|2026-03-26|第98回選抜高等学校野球大会|2R|専大松戸(千葉)|8|九州国際大付(福岡)|3,千葉,福岡,1013.5337,1061.1183,-0.2263,0.2263,3.3834,15,-0.1131,0.1131,national
2026|senbatsu|2026-03-27|第98回選抜高等学校野球大会|QF|中京大中京(愛知)|2|八学光星(青森)|1,愛知,青森,1014.4672,1054.1528,-0.8799,0.8799,3.6168,13.5382,-0.44,0.44,national
2026|senbatsu|2026-03-27|第98回選抜高等学校野球大会|QF|智辯学園(奈良)|12|花咲徳栄(埼玉)|8,奈良,埼玉,1065.0838,1021.8157,-0.0,0.0,15,5.4539,-0.0,0.0,national
2026|senbatsu|2026-03-27|第98回選抜高等学校野球大会|QF|専大松戸(千葉)|2|山梨学院(山梨)|1,千葉,山梨,1018.7202,1034.983,1.422,-1.422,4.68,8.7458,0.711,-0.711,national
2026|senbatsu|2026-03-27|第98回選抜高等学校野球大会|QF|英明(香川)|3|大阪桐蔭(大阪)|4,香川,大阪,1011.5674,1100.2792,0.6541,-0.6541,2.8919,15,0.3271,-0.3271,national
2026|spring|2026-03-29|春季香川大会 2026 日程・結果|QF|蓬莱|3|高松東|0,徳島,香川,975.5675,1008.131,2.1505,-2.1505,-6.1081,2.0327,1.0752,-1.0752,prefecture
2026|senbatsu|2026-03-29|第98回選抜高等学校野球大会|SF|中京大中京(愛知)|1|智辯学園(奈良)|2,愛知,奈良,1019.5686,1069.0788,0.3816,-0.3816,4.8922,15,0.1908,-0.1908,national
2026|senbatsu|2026-03-29|第98回選抜高等学校野球大会|SF|専大松戸(千葉)|2|大阪桐蔭(大阪)|3,千葉,大阪,1023.4562,1103.7157,-0.2451,0.2451,5.8641,15,-0.1225,0.1225,national
2026|spring|2026-03-30|春季香川大会 2026 日程・結果|QF|志度|1|高松商|4,徳島,香川,978.0326,1005.6659,3.6743,-3.6743,-5.4919,1.4165,1.8372,-1.8372,prefecture
2026|senbatsu|2026-03-31|第98回選抜高等学校野球大会|F|智辯学園(奈良)|3|大阪桐蔭(大阪)|7,奈良,大阪,1073.0032,1107.2346,-0.2078,0.2078,15,15,-0.1039,0.1039,national
2026|spring|2026-04-01|春季東京大会 2026 日程・結果|1R|松が谷|0|錦城学園|10,西東京,東東京,1037.5694,1039.7643,17.7624,-17.7624,9.3924,9.9411,8.8812,-8.8812,prefecture
2026|spring|2026-04-01|春季東京大会 2026 日程・結果|1R|日野台|0|大森学園|8,西東京,東東京,1035.0714,1042.2624,15.9251,-15.9251,8.7678,10.5656,7.9625,-7.9625,prefecture
2026|spring|2026-04-01|春季東京大会 2026 日程・結果|1R|明星|6|城西大城西|1,西東京,東東京,1032.6298,1044.7039,14.1292,-14.1292,8.1575,11.176,7.0646,-7.0646,prefecture
2026|spring|2026-04-01|春季東京大会 2026 日程・結果|1R|明大明治|6|朋優学院|9,西東京,東東京,1034.8037,1042.5301,15.7295,-15.7295,8.7009,10.6325,7.8648,-7.8648,prefecture
2026|spring|2026-04-01|春季東京大会 2026 日程・結果|1R|桐朋|5|小岩|0,西東京,東東京,1032.3682,1044.9656,13.9379,-13.9379,8.0921,11.2414,6.969,-6.969,prefecture
2026|spring|2026-04-01|春季東京大会 2026 日程・結果|1R|鷺宮・農大一・光丘・芦花|4|多摩工科|2,東京,西東京,942.0901,1034.548,1.2051,-1.2051,-14.4775,8.637,0.6025,-0.6025,prefecture
2026|spring|2026-04-01|春季東京大会 2026 日程・結果|1R|正則学園|5|狛江|15,東東京,西東京,1042.7858,1031.69,-15.5428,15.5428,10.6964,7.9225,-7.7714,7.7714,prefecture
2026|spring|2026-04-02|春季東京大会 2026 日程・結果|1R|調布南|9|葛飾野|8,西東京,東東京,1033.8389,1040.6368,17.125,-17.125,8.4597,10.1592,8.5625,-8.5625,prefecture
2026|spring|2026-04-02|春季東京大会 2026 日程・結果|1R|立川|2|豊南|8,西東京,東東京,1035.9392,1038.5366,18.6716,-18.6716,8.9848,9.6341,9.3358,-9.3358,prefecture
2026|spring|2026-04-02|春季東京大会 2026 日程・結果|1R|拝島|0|共栄学園|10,西東京,東東京,1033.4319,1041.0438,16.827,-16.827,8.358,10.261,8.4135,-8.4135,prefecture
2026|spring|2026-04-02|春季東京大会 2026 日程・結果|1R|昭和|7|東京|8,西東京,東東京,1030.9813,1043.4944,15.0239,-15.0239,7.7453,10.8736,7.5119,-7.5119,prefecture
2026|spring|2026-04-02|春季東京大会 2026 日程・結果|1R|青山|12|福生|13,東東京,西東京,1045.8894,1028.5864,-13.2616,13.2616,11.4723,7.1466,-6.6308,6.6308,prefecture
2026|spring|2026-04-03|春季東京大会 2026 日程・結果|1R|日大櫻丘|4|目白研心|2,西東京,東東京,1030.8059,1043.6699,14.896,-14.896,7.7015,10.9175,7.448,-7.448,prefecture
2026|spring|2026-04-03|春季東京大会 2026 日程・結果|1R|青山学院|14|八王子北|15,東東京,西東京,1041.5009,1032.9749,-16.4934,16.4934,10.3752,8.2437,-8.2467,8.2467,prefecture
2026|spring|2026-04-03|春季東京大会 2026 日程・結果|1R|明大中野|10|豊多摩|1,東東京,西東京,1039.3811,1035.0946,-18.0547,18.0547,9.8453,8.7737,-9.0274,9.0274,prefecture
2026|spring|2026-04-03|春季東京大会 2026 日程・結果|1R|岩倉|10|東村山西|0,東東京,西東京,1041.8694,1032.6064,-16.2236,16.2236,10.4673,8.1516,-8.1118,8.1118,prefecture
2026|spring|2026-04-03|春季東京大会 2026 日程・結果|1R|成瀬|0|安田学園|9,西東京,東東京,1030.1744,1044.3013,14.4337,-14.4337,7.5436,11.0753,7.2169,-7.2169,prefecture
2026|spring|2026-04-03|春季東京大会 2026 日程・結果|1R|東大和|3|海城|4,西東京,東東京,1027.7978,1046.678,12.6844,-12.6844,6.9494,11.6695,6.3422,-6.3422,prefecture
2026|spring|2026-04-03|春季東京大会 2026 日程・結果|1R|大東大一|7|府中工科|6,東東京,西東京,1049.0006,1025.4752,-10.9747,10.9747,12.2501,6.3688,-5.4874,5.4874,prefecture
2026|spring|2026-04-03|春季東京大会 2026 日程・結果|1R|目黒日大|11|専大附|1,東東京,西東京,1051.2702,1023.2055,-9.3039,9.3039,12.8176,5.8014,-4.6519,4.6519,prefecture
2026|spring|2026-04-03|春季東京大会 2026 日程・結果|1R|九段中等|8|片倉|7,東東京,西東京,1053.4882,1020.9876,-7.671,7.671,13.372,5.2469,-3.8355,3.8355,prefecture
2026|spring|2026-04-03|春季東京大会 2026 日程・結果|1R|駿台学園|0|練馬|4,東東京,西東京,1055.6557,1018.8201,-6.0751,6.0751,13.9139,4.705,-3.0376,3.0376,prefecture
2026|spring|2026-04-03|春季東京大会 2026 日程・結果|1R|穎明館|2|高島|4,西東京,東東京,1021.2618,1053.2139,7.8736,-7.8736,5.3155,13.3035,3.9368,-3.9368,prefecture
2026|spring|2026-04-03|春季東京大会 2026 日程・結果|1R|小山台|4|杉並|6,東東京,西東京,1055.3877,1019.0881,-6.273,6.273,13.8469,4.772,-3.1365,3.1365,prefecture
2026|spring|2026-04-03|春季東京大会 2026 日程・結果|1R|篠崎|4|千歳丘|8,東東京,西東京,1052.952,1021.5237,-8.0671,8.0671,13.238,5.3809,-4.0336,4.0336,prefecture
2026|spring|2026-04-04|春季東京大会 2026 日程・結果|2R|東亜学園|15|狛江|2,東東京,西東京,1050.5717,1023.904,-9.8207,9.8207,12.6429,5.976,-4.9103,4.9103,prefecture
2026|spring|2026-04-04|春季東京大会 2026 日程・結果|2R|実践学園|4|八王子実践|5,東東京,西東京,1052.8056,1021.6701,-8.1756,8.1756,13.2014,5.4175,-4.0878,4.0878,prefecture
2026|spring|2026-04-04|春季東京大会 2026 日程・結果|2R|桜美林|7|朋優学院|1,西東京,東東京,1024.0471,1050.4287,9.9269,-9.9269,6.0118,12.6072,4.9634,-4.9634,prefecture
2026|spring|2026-04-04|春季東京大会 2026 日程・結果|2R|聖パウロ学園|19|錦城学園|5,西東京,東東京,1026.3699,1048.1058,11.6383,-11.6383,6.5925,12.0265,5.8192,-5.8192,prefecture
2026|spring|2026-04-05|春季東京大会 2026 日程・結果|2R|福生|4|立正大立正|8,西東京,東東京,1028.6398,1045.836,13.311,-13.311,7.1599,11.459,6.6555,-6.6555,prefecture
2026|spring|2026-04-05|春季東京大会 2026 日程・結果|2R|八王子|7|広尾|0,西東京,東東京,1026.298,1048.1778,11.5863,-11.5863,6.5745,12.0444,5.7931,-5.7931,prefecture
2026|spring|2026-04-05|春季東京大会 2026 日程・結果|2R|日体大荏原|8|鷺宮・農大一・光丘・芦花|0,東東京,東京,1045.9063,944.9482,38.0226,-38.0226,11.4766,-13.763,15,-15,prefecture
2026|spring|2026-04-05|春季東京大会 2026 日程・結果|2R|早稲田実|1|関東第一|5,西東京,東東京,1028.5695,1047.1158,13.2602,-13.2602,7.1424,11.7789,6.6301,-6.6301,prefecture
2026|spring|2026-04-05|春季東京大会 2026 日程・結果|2R|淑徳|4|日大鶴ヶ丘|3,東東京,西東京,1049.4481,1026.2372,-11.5424,11.5424,12.362,6.5593,-5.7712,5.7712,prefecture
2026|spring|2026-04-05|春季東京大会 2026 日程・結果|2R|成城|4|富士森|3,東東京,西東京,1051.7273,1023.958,-9.8636,9.8636,12.9318,5.9895,-4.9318,4.9318,prefecture
2026|spring|2026-04-05|春季東京大会 2026 日程・結果|2R|江戸川|13|桐朋|3,東東京,西東京,1053.9545,1021.7307,-8.2229,8.2229,13.4886,5.4327,-4.1115,4.1115,prefecture
2026|spring|2026-04-05|春季東京大会 2026 日程・結果|2R|日大一|1|工学院大附|8,東東京,西東京,1056.131,1019.5542,-6.6195,6.6195,14.0328,4.8886,-3.3097,3.3097,prefecture
2026|spring|2026-04-05|春季東京大会 2026 日程・結果|2R|文京|3|千歳丘|1,東東京,西東京,1053.6981,1021.9871,-8.4125,8.4125,13.4245,5.4968,-4.2063,4.2063,prefecture
2026|spring|2026-04-05|春季東京大会 2026 日程・結果|2R|日野|3|共栄学園|6,西東京,東東京,1019.8048,1055.8805,6.8046,-6.8046,4.9512,13.9701,3.4023,-3.4023,prefecture
2026|spring|2026-04-05|春季東京大会 2026 日程・結果|2R|明大中野|9|杉並|1,東東京,西東京,1058.0132,1017.672,-5.2332,5.2332,14.5033,4.418,-2.6166,2.6166,prefecture
2026|spring|2026-04-05|春季東京大会 2026 日程・結果|2R|早大学院|4|東海大高輪台|10,西東京,東東京,1015.5876,1060.0977,3.6973,-3.6973,3.8969,15,1.8486,-1.8486,prefecture
2026|spring|2026-04-05|春季香川大会 2026 日程・結果|SF|蓬莱|0|高松商|4,徳島,香川,975.8855,1007.8129,2.3685,-2.3685,-6.0286,1.9532,1.1842,-1.1842,prefecture
2026|spring|2026-04-06|春季東京大会 2026 日程・結果|2R|武蔵丘|6|駒大高|10,東東京,西東京,1062.135,1013.5502,-2.1959,2.1959,15,3.3876,-1.098,1.098,prefecture
2026|spring|2026-04-06|春季東京大会 2026 日程・結果|2R|修徳|14|日大二|3,東東京,西東京,1059.5666,1016.1187,-4.089,4.089,14.8916,4.0297,-2.0445,2.0445,prefecture
2026|spring|2026-04-06|春季東京大会 2026 日程・結果|2R|國學院久我山|3|大東大一|1,西東京,東東京,1014.0693,1061.6159,2.5787,-2.5787,3.5173,15,1.2893,-1.2893,prefecture
2026|spring|2026-04-07|春季東京大会 2026 日程・結果|3R|成城|3|八王子実践|6,東東京,西東京,1059.0591,1016.6261,-4.4633,4.4633,14.7648,4.1565,-2.2317,2.2317,prefecture
2026|spring|2026-04-07|春季東京大会 2026 日程・結果|3R|聖パウロ学園|11|江戸川|1,西東京,東東京,1019.1253,1056.5599,6.3056,-6.3056,4.7813,14.14,3.1528,-3.1528,prefecture
2026|spring|2026-04-11|春季東京大会 2026 日程・結果|3R|帝京|6|工学院大附|1,東東京,西東京,1054.1173,1021.5679,-8.1064,8.1064,13.5293,5.392,-4.0532,4.0532,prefecture
2026|spring|2026-04-11|春季東京大会 2026 日程・結果|3R|調布南|0|淑徳|7,西東京,東東京,1019.3951,1056.2902,6.505,-6.505,4.8488,14.0725,3.2525,-3.2525,prefecture
2026|spring|2026-04-11|春季岡山大会 2026 日程・結果|QUAL|岡山吉備|0|明誠|26,岡山,島根,1007.1252,941.1559,12.353,-12.353,1.7813,-14.711,6.1765,-6.1765,district_qualifier
2026|spring|2026-04-11|春季香川大会 2026 日程・結果|3P|蓬莱|10|三本松|3,徳島,香川,973.7836,1009.9149,1.0773,-1.0773,-6.5541,2.4787,0.5387,-0.5387,prefecture
2026|spring|2026-04-12|春季東京大会 2026 日程・結果|3R|桜美林|4|立正大立正|0,西東京,東東京,1017.2716,1058.4137,4.9398,-4.9398,4.3179,14.6034,2.4699,-2.4699,prefecture
2026|spring|2026-04-12|春季東京大会 2026 日程・結果|3R|豊南|1|国士舘|9,東東京,西東京,1055.9291,1019.7562,-6.7717,6.7717,13.9823,4.939,-3.3858,3.3858,prefecture
2026|spring|2026-04-12|春季東京大会 2026 日程・結果|3R|世田谷学園|5|二松学舎大附|3,西東京,東東京,1022.1845,1053.5008,8.5621,-8.5621,5.5461,13.3752,4.2811,-4.2811,prefecture
2026|spring|2026-04-12|春季東京大会 2026 日程・結果|3R|城東|5|駒大高|9,東東京,西東京,1051.1277,1024.5576,-10.312,10.312,12.7819,6.1394,-5.156,5.156,prefecture
2026|spring|2026-04-12|春季岡山大会 2026 日程・結果|QUAL|勝山|8|津山高専|1,鳥取,岡山,953.0096,1004.5018,12.3493,-12.3493,-11.7476,1.1254,6.1747,-6.1747,district_qualifier
2026|spring|2026-04-18|春季東京大会 2026 日程・結果|4R|聖パウロ学園|1|岩倉|4,西東京,東東京,1026.8766,1048.8087,12.0222,-12.0222,6.7191,12.2022,6.0111,-6.0111,prefecture
2026|spring|2026-04-18|春季東京大会 2026 日程・結果|4R|共栄学園|5|世田谷学園|7,東東京,西東京,1051.1025,1024.5827,-10.3313,10.3313,12.7756,6.1457,-5.1657,5.1657,prefecture
2026|spring|2026-04-18|春季岡山大会 2026 日程・結果|QUAL|勝山|4|津山東|5,鳥取,岡山,955.2604,1002.2509,13.7717,-13.7717,-11.1849,0.5627,6.8859,-6.8859,district_qualifier
2026|spring|2026-04-18|春季岡山大会 2026 日程・結果|QUAL|白陵|0|城東|20,兵庫,岡山,1056.2334,1004.224,-0.1776,0.1776,14.0584,1.056,-0.0888,0.0888,district_qualifier
2026|spring|2026-04-18|春季岡山大会 2026 日程・結果|QUAL|西大寺|5|明誠|4,岡山,島根,1006.6225,943.7793,11.2621,-11.2621,1.6556,-14.0552,5.631,-5.631,district_qualifier
2026|spring|2026-04-19|春季東京大会 2026 日程・結果|4R|帝京|1|佼成学園|4,東東京,西東京,1048.7841,1026.9011,-12.0412,12.0412,12.196,6.7253,-6.0206,6.0206,prefecture
2026|spring|2026-04-19|春季東京大会 2026 日程・結果|4R|安田学園|8|國學院久我山|15,東東京,西東京,1046.5185,1029.1667,-13.7122,13.7122,11.6296,7.2917,-6.8561,6.8561,prefecture
2026|spring|2026-04-25|春季東京大会 2026 日程・結果|QF|佼成学園|5|淑徳|4,西東京,東東京,1031.3806,1044.3046,15.3452,-15.3452,7.8452,11.0762,7.6726,-7.6726,prefecture
2026|spring|2026-04-25|春季東京大会 2026 日程・結果|QF|國學院久我山|1|関東第一|4,西東京,東東京,1033.5441,1042.1411,16.9412,-16.9412,8.386,10.5353,8.4706,-8.4706,prefecture
2026|spring|2026-04-26|春季東京大会 2026 日程・結果|QF|桜美林|8|岩倉|9,西東京,東東京,1031.0985,1044.5867,15.1382,-15.1382,7.7746,11.1467,7.5691,-7.5691,prefecture
2026|spring|2026-05-03|春季東京大会 2026 日程・結果|F|国士舘|2|関東一|5,西東京,東東京,1028.7084,1046.9768,13.3762,-13.3762,7.1771,11.7442,6.6881,-6.6881,prefecture
2026|spring|2026-05-08|春季秋田大会 2026 日程・結果|1R|仁賀保|0|男鹿工業|30,岩手,秋田,1006.6202,948.0238,-0.0546,0.0546,1.655,-12.9941,-0.0273,0.0273,prefecture
2026|spring|2026-05-09|春季北海道大会 2026 日程・結果|QUAL|帯広工業|10|更別農業・鹿追・広尾|0,北北海道,北海道,973.0205,938.2186,6.9357,-6.9357,-6.7449,-15,3.4679,-3.4679,regional
2026|spring|2026-05-10|春季北海道大会 2026 日程・結果|QUAL|美幌・津別|5|網走南ヶ丘|24,北海道,北北海道,934.9475,976.2916,-8.708,8.708,-15,-5.9271,-4.354,4.354,regional
2026|spring|2026-05-11|春季北海道大会 2026 日程・結果|QUAL|室蘭清水丘|16|室工・東翔|14,南北海道,北海道,989.8305,931.7842,26.8462,-26.8462,-2.5424,-15,13.4231,-13.4231,regional
2026|spring|2026-05-11|春季北海道大会 2026 日程・結果|QUAL|苫小牧西・えりも・富川|0|北海道栄|11,北海道,南北海道,929.1658,992.4488,-28.6006,28.6006,-15,-1.8878,-14.3003,14.3003,regional
2026|spring|2026-05-11|春季北海道大会 2026 日程・結果|QUAL|七飯|7|江差・奥尻・大農|2,南北海道,北海道,994.9814,926.6332,30.3173,-30.3173,-1.2546,-15,15,-15,regional
2026|spring|2026-05-11|春季秋田大会 2026 日程・結果|2R|横手|11|増田・羽後|1,秋田,岩手,950.684,1003.9599,1.4596,-1.4596,-12.329,0.99,0.7298,-0.7298,prefecture
2026|spring|2026-05-12|春季北海道大会 2026 日程・結果|QUAL|釧路高専|1|釧路工業・厚岸翔洋・標茶|12,北北海道,北海道,979.4549,924.1825,10.4832,-10.4832,-5.1363,-15,5.2416,-5.2416,regional
2026|spring|2026-05-13|春季北海道大会 2026 日程・結果|QUAL|札幌工業|10|北広島西・北斗・開成|0,南北海道,北海道,997.4321,928.8032,31.9964,-31.9964,-0.642,-15,15,-15,regional
2026|spring|2026-05-13|春季北海道大会 2026 日程・結果|QUAL|小樽水産|0|寿都・岩内・蘭越|10,南北海道,北海道,999.8482,926.3871,33.6638,-33.6638,-0.038,-15,15,-15,regional
2026|spring|2026-05-14|春季北海道大会 2026 日程・結果|QUAL|釧路工業・厚岸翔洋・標茶|3|釧路湖陵|6,北海道,北北海道,931.6479,974.8342,-8.3363,8.3363,-15,-6.2914,-4.1682,4.1682,regional
2026|spring|2026-05-16|春季北海道大会 2026 日程・結果|QUAL|北照|13|寿都・岩内・蘭越|1,南北海道,北海道,994.5874,928.4962,30.7932,-30.7932,-1.3531,-15,15,-15,regional
2026|spring|2026-05-25|春季北海道大会 2026 日程・結果|1R|北海|9|旭川東|0,南北海道,北北海道,997.0506,977.9859,4.9081,-4.9081,-0.7373,-5.5035,2.454,-2.454,regional
2026|spring|2026-05-26|春季北海道大会 2026 日程・結果|1R|士別翔雲|6|東海大札幌|3,北北海道,南北海道,974.5011,1000.5355,-7.3957,7.3957,-6.3747,0.1339,-3.6979,3.6979,regional
2026|spring|2026-05-27|春季北海道大会 2026 日程・結果|QF|クラーク国際|5|北海|3,北北海道,南北海道,978.7456,996.291,-4.369,4.369,-5.3136,-0.9272,-2.1845,2.1845,regional
2026|spring|2026-05-27|春季北海道大会 2026 日程・結果|1R|網走南ヶ丘|4|倶知安|7,北北海道,南北海道,982.8325,992.2041,-1.4529,1.4529,-4.2919,-1.949,-0.7264,0.7264,regional
2026|spring|2026-05-28|春季北海道大会 2026 日程・結果|QF|倶知安|3|旭川志峯|5,南北海道,北北海道,995.8699,979.1667,4.071,-4.071,-1.0325,-5.2083,2.0355,-2.0355,regional
2026|spring|2026-05-28|春季北海道大会 2026 日程・結果|QF|士別翔雲|5|札幌龍谷|2,北北海道,南北海道,983.238,991.7986,-1.1641,1.1641,-4.1905,-2.0504,-0.5821,0.5821,regional
2026|spring|2026-05-30|春季北海道大会 2026 日程・結果|SF|クラーク国際|6|札幌日大|4,北北海道,南北海道,987.157,987.8795,1.6357,-1.6357,-3.2107,-3.0301,0.8178,-0.8178,regional
2026|summer|2026-07-10|選手権秋田大会 2026 日程・結果|2R|能代松陽|5|増田・羽後|1,秋田,岩手,953.2922,1001.3518,2.8787,-2.8787,-11.677,0.3379,1.4394,-1.4394,prefecture
2026|summer|2026-07-10|選手権秋田大会 2026 日程・結果|2R|仁賀保|0|大館国際|26,岩手,秋田,998.2574,956.3866,-4.599,4.599,-0.4357,-10.9034,-2.2995,2.2995,prefecture
2026|summer|2026-07-11|選手権香川大会 2026 日程・結果|2R|蓬莱|7|高松第一|0,徳島,香川,976.2859,1007.4126,2.6394,-2.6394,-5.9285,1.8532,1.3197,-1.3197,prefecture
2026|summer|2026-07-12|選手権香川大会 2026 日程・結果|2R|志度|5|坂出商業|1,徳島,香川,979.2508,1004.4477,4.5038,-4.5038,-5.1873,1.1119,2.2519,-2.2519,prefecture
2026|summer|2026-07-13|選手権香川大会 2026 日程・結果|2R|多度津|2|観音寺一|9,徳島,香川,982.1393,1001.5591,6.3348,-6.3348,-4.4652,0.3898,3.1674,-3.1674,prefecture
2026|summer|2026-07-18|選手権香川大会 2026 日程・結果|3R|蓬莱|8|三木|0,徳島,香川,979.4329,1004.2655,4.6545,-4.6545,-5.1418,1.0664,2.3273,-2.3273,prefecture
2026|summer|2026-07-19|選手権香川大会 2026 日程・結果|3R|志度|0|丸亀|11,徳島,香川,982.3162,1001.3823,6.4951,-6.4951,-4.421,0.3456,3.2476,-3.2476,prefecture
2026|summer|2026-07-20|選手権香川大会 2026 日程・結果|QF|蓬莱|5|丸亀|6,徳島,香川,979.6044,1004.094,4.7975,-4.7975,-5.0989,1.0235,2.3987,-2.3987,prefecture
2026|koshien|2026-08-05|第108回全国高等学校野球選手権大会|1R|札幌日大|1|仙台育英|3,南北海道,宮城,984.1074,1048.1143,0.0,-0.0,-3.9731,12.0286,0.0,-0.0,prefecture
2026|koshien|2026-08-06|第108回全国高等学校野球選手権大会|1R|東筑|1|神村学園|5,福岡,鹿児島,1055.9318,1028.5912,-0.9123,0.9123,13.983,7.1478,-0.4562,0.4562,national
2026|koshien|2026-08-06|第108回全国高等学校野球選手権大会|1R|聖隷クリストファー|0|佐野日大|1,静岡,栃木,977.0219,964.4142,-0.558,0.558,-5.7445,-8.8964,-0.279,0.279,national
2026|koshien|2026-08-07|第108回全国高等学校野球選手権大会|1R|東海大甲府|5|鶴岡東|2,山梨,山形,1030.247,971.1049,-0.0,0.0,7.5617,-7.2238,-0.0,0.0,national
2026|koshien|2026-08-07|第108回全国高等学校野球選手権大会|1R|八幡商|1|健大高崎|7,滋賀,群馬,1013.5997,1035.9162,0.5353,-0.5353,3.3999,8.979,0.2676,-0.2676,national
2026|koshien|2026-08-07|第108回全国高等学校野球選手権大会|1R|立命館宇治|3|有明|6,京,熊本,1047.3542,965.5947,0.0,-0.0,11.8386,-8.6013,0.0,-0.0,national
2026|koshien|2026-08-07|第108回全国高等学校野球選手権大会|1R|立正大淞南|1|長崎日大|15,島根,長崎,942.1928,986.5714,0.6127,-0.6127,-14.4518,-3.3571,0.3063,-0.3063,national
2026|koshien|2026-08-08|第108回全国高等学校野球選手権大会|1R|遊学館|5|青森山田|6,石川,青森,1057.2023,1049.0514,1.2956,-1.2956,14.3006,12.2628,0.6478,-0.6478,national
2026|koshien|2026-08-08|第108回全国高等学校野球選手権大会|1R|白樺学園|1|東日大昌平|2,北北海道,福島,990.9292,981.5154,0.0,-0.0,-2.2677,-4.6212,0.0,-0.0,prefecture
2026|koshien|2026-08-08|第108回全国高等学校野球選手権大会|1R|日本文理|4|大分商|6,新潟,大分,966.8791,1026.5491,-0.0,0.0,-8.2802,6.6373,-0.0,0.0,national
2026|koshien|2026-08-08|第108回全国高等学校野球選手権大会|1R|英明|4|関東第一|1,香川,東東京,1006.7358,1049.3125,-0.9278,0.9278,1.6839,12.3281,-0.4639,0.4639,prefecture
2026|koshien|2026-08-09|第108回全国高等学校野球選手権大会|1R|新田|2|花巻東|4,愛媛,岩手,928.0391,995.2386,-0.5112,0.5112,-15,-1.1904,-0.2556,0.2556,national
2026|koshien|2026-08-09|第108回全国高等学校野球選手権大会|1R|鳴門渦潮|2|八王子実践|1,徳島,西東京,976.9627,1026.3728,-0.1984,0.1984,-5.7593,6.5932,-0.0992,0.0992,prefecture
2026|koshien|2026-08-09|第108回全国高等学校野球選手権大会|1R|中京|3|霞ヶ浦|6,岐阜,茨城,985.3332,971.5627,0.0,-0.0,-3.6667,-7.1093,0.0,-0.0,national
2026|koshien|2026-08-10|第108回全国高等学校野球選手権大会|2R|高岡商|1|高川学園|7,富山,山口,908.7012,989.2314,-0.3922,0.3922,-15,-2.6922,-0.1961,0.1961,national
2026|koshien|2026-08-10|第108回全国高等学校野球選手権大会|2R|天理|7|福山|2,奈良,広島,1068.8964,1051.7773,-0.2133,0.2133,15,12.9443,-0.1066,0.1066,national
2026|koshien|2026-08-10|第108回全国高等学校野球選手権大会|1R|明徳義塾|1|日南学園|2,高知,宮崎,1037.0494,920.5724,-0.0,0.0,9.2624,-15,-0.0,0.0,national
2026|koshien|2026-08-10|第108回全国高等学校野球選手権大会|1R|横浜|7|沖縄尚学|2,神奈川,沖縄,1046.7018,1040.852,0.4857,-0.4857,11.6755,10.213,0.2429,-0.2429,national
2026|autumn|2026-08-10||地区予選|富田|2|岐阜城北|9,愛知,岐阜,1015.6443,979.1163,-2.6692,2.6692,3.9111,-5.2209,-1.3346,1.3346,prefecture
2026|koshien|2026-08-11|第108回全国高等学校野球選手権大会|2R|横手|0|敦賀気比|10,秋田,福井,959.4053,1006.0512,-0.0,0.0,-10.1487,1.5128,-0.0,0.0,national
2026|koshien|2026-08-11|第108回全国高等学校野球選手権大会|2R|智辯和歌山|2|社|1,和歌山,兵庫,1023.0306,1053.835,4.3257,-4.3257,5.7577,13.4587,2.1629,-2.1629,national
2026|koshien|2026-08-11|第108回全国高等学校野球選手権大会|2R|履正社|6|享栄|2,大阪,愛知,1111.3413,1013.0294,0.2715,-0.2715,15,3.2573,0.1358,-0.1358,national
2026|koshien|2026-08-11|第108回全国高等学校野球選手権大会|2R|松商学園|3|三重|5,長野,三重,943.606,979.1541,-0.0,0.0,-14.0985,-5.2115,-0.0,0.0,national
2026|koshien|2026-08-12|第108回全国高等学校野球選手権大会|2R|拓大紅陵|1|佐賀商|0,千葉,佐賀,1019.9373,912.6788,-0.0,0.0,4.9843,-15,-0.0,0.0,national
2026|koshien|2026-08-12|第108回全国高等学校野球選手権大会|2R|花咲徳栄|0|仙台育英|1,埼玉,宮城,1017.8207,1050.3715,0.5691,-0.5691,4.4552,12.5929,0.2845,-0.2845,national
2026|koshien|2026-08-12|第108回全国高等学校野球選手権大会|2R|神村学園|1|佐野日大|3,鹿児島,栃木,1035.0096,970.5919,0.3571,-0.3571,8.7524,-7.352,0.1786,-0.1786,national
2026|koshien|2026-08-13|第108回全国高等学校野球選手権大会|2R|東海大甲府|0|健大高崎|1,山梨,群馬,1035.2188,1041.5309,-3.5685,3.5685,8.8047,10.3827,-1.7842,1.7842,national
2026|koshien|2026-08-13|第108回全国高等学校野球選手権大会|2R|有明|3|長崎日大|2,熊本,長崎,972.9565,991.8125,-7.0119,7.0119,-6.7609,-2.0469,-3.5059,3.5059,national
2026|koshien|2026-08-13|第108回全国高等学校野球選手権大会|2R|青森山田|2|東日大昌平|6,青森,福島,1055.2162,984.3501,6.1385,-6.1385,13.804,-3.9125,3.0692,-3.0692,national
2026|koshien|2026-08-13|第108回全国高等学校野球選手権大会|2R|大分商|1|英明|6,大分,香川,1031.512,1009.8468,0.0,-0.0,7.878,2.4617,0.0,-0.0,national
2026|koshien|2026-08-14|第108回全国高等学校野球選手権大会|2R|鳴門渦潮|1|霞ヶ浦|5,徳島,茨城,980.1157,977.7796,0.0,-0.0,-4.9711,-5.5551,0.0,-0.0,national
2026|koshien|2026-08-14|第108回全国高等学校野球選手権大会|2R|日南学園|1|横浜|10,宮崎,神奈川,928.4853,1052.5644,0.0,-0.0,-15,13.1411,0.0,-0.0,national
2026|koshien|2026-08-15|第108回全国高等学校野球選手権大会|3R|高川学園|3|天理|6,山口,奈良,993.8368,1074.5893,-0.0,0.0,-1.5408,15,-0.0,0.0,national
2026|koshien|2026-08-15|第108回全国高等学校野球選手権大会|3R|敦賀気比|3|智辯和歌山|7,福井,和歌山,1011.2332,1029.3914,-0.3346,0.3346,2.8083,7.3478,-0.1673,0.1673,national
2026|koshien|2026-08-15|第108回全国高等学校野球選手権大会|3R|履正社|2|三重|5,大阪,三重,1115.6643,984.5244,2.2978,-2.2978,15,-3.8689,1.1489,-1.1489,national
2026|koshien|2026-08-15|第108回全国高等学校野球選手権大会|3R|拓大紅陵|3|仙台育英|6,千葉,宮城,1024.1277,1055.8123,0.0,-0.0,6.0319,13.9531,0.0,-0.0,national
2026|autumn|2026-08-15||地区予選|浜松北|7|横須賀|2,静岡,神奈川,970.8442,1056.4952,-0.3858,0.3858,-7.289,14.1238,-0.1929,0.1929,prefecture
2026|autumn|2026-08-15||地区予選|富士|1|伊豆総合|4,東東京,静岡,1046.2014,973.8291,0.0,-0.0,11.5504,-6.5427,0.0,-0.0,prefecture
2026|koshien|2026-08-16|第108回全国高等学校野球選手権大会|3R|佐野日大|1|健大高崎|4,栃木,群馬,977.68,1047.2796,-6.0072,6.0072,-5.58,11.8199,-3.0036,3.0036,national
2026|koshien|2026-08-16|第108回全国高等学校野球選手権大会|3R|有明|4|東日大昌平|1,熊本,福島,979.5007,991.7345,-0.4478,0.4478,-5.1248,-2.0664,-0.2239,0.2239,national
2026|koshien|2026-08-16|第108回全国高等学校野球選手権大会|3R|英明|0|花巻東|4,香川,岩手,1016.1992,1000.0592,-0.0,0.0,4.0498,0.0148,-0.0,0.0,national
2026|koshien|2026-08-16|第108回全国高等学校野球選手権大会|3R|霞ヶ浦|2|横浜|5,茨城,神奈川,983.7998,1053.5102,-6.7601,6.7601,-4.05,13.3776,-3.38,3.38,national
2026|koshien|2026-08-18|第108回全国高等学校野球選手権大会|QF|天理|7|三重|0,奈良,三重,1079.2039,992.7287,-0.0,0.0,15,-1.8178,-0.0,0.0,national
2026|koshien|2026-08-18|第108回全国高等学校野球選手権大会|QF|仙台育英|3|智辯和歌山|11,宮城,和歌山,1061.2485,1035.0477,-0.0,0.0,15,8.7619,-0.0,0.0,national
2026|koshien|2026-08-18|第108回全国高等学校野球選手権大会|QF|花巻東|0|横浜|6,岩手,神奈川,1006.3168,1058.0845,0.0,-0.0,1.5792,14.5211,0.0,-0.0,national
2026|koshien|2026-08-18|第108回全国高等学校野球選手権大会|QF|健大高崎|1|有明|0,群馬,熊本,1051.8801,985.7066,-0.3918,0.3918,12.97,-3.5733,-0.1959,0.1959,national
2026|koshien|2026-08-20|第108回全国高等学校野球選手権大会|SF|智辯和歌山|7|横浜|1,和歌山,神奈川,1041.4778,1063.18,0.3705,-0.3705,10.3694,15,0.1853,-0.1853,national
2026|koshien|2026-08-20|第108回全国高等学校野球選手権大会|SF|天理|0|健大高崎|1,奈良,群馬,1083.7255,1056.7477,1.4813,-1.4813,15,14.1869,0.7406,-0.7406,national
2026|autumn|2026-08-21||地区予選|八千代|0|四谷学院|27,千葉,茨城,1018.6916,979.2256,-6.133,6.133,4.6729,-5.1936,-3.0665,3.0665,prefecture
2026|koshien|2026-08-22|第108回全国高等学校野球選手権大会|F|智辯和歌山|4|健大高崎|3,和歌山,群馬,1047.8181,1063.2418,0.0,-0.0,11.9545,15,0.0,-0.0,national
2026|autumn|2026-08-22||1回戦|東舞鶴・海洋・丹後緑風|6|向陽|5,京,愛知,1039.9924,1008.7064,0.3696,-0.3696,9.9981,2.1766,0.1848,-0.1848,prefecture
2026|autumn|2026-08-23||1回戦|紫野|4|南陽|11,京,愛知,1042.1718,1006.527,0.9922,-0.9922,10.5429,1.6317,0.4961,-0.4961,prefecture
2026|autumn|2026-08-30||2回戦|南陽|7|宮津天橋|3,愛知,京,1009.1859,1039.5129,-0.8092,0.8092,2.2965,9.8782,-0.4046,0.4046,prefecture
2026|autumn|2026-08-30||1回戦|大垣養老|4|富田|9,岐阜,愛知,981.7312,1011.806,4.2269,-4.2269,-4.5672,2.9515,2.1135,-2.1135,prefecture
2026|autumn|2026-08-30|秋季北信越長野2026|地区予選|飯田風越|1|飯田|5,長野,石川,938.2357,1051.0375,1.6142,-1.6142,-15,12.7594,0.8071,-0.8071,prefecture
2026|autumn|2026-08-31|秋季北信越長野2026|地区予選|飯田|2|伊那弥生ヶ丘|9,石川,長野,1052.7047,936.5685,-0.7453,0.7453,13.1762,-15,-0.3727,0.3727,prefecture
2026|autumn|2026-09-05||1回戦|桜井|6|郡山|14,富山,福島,904.0958,985.5286,0.0,-0.0,-15,-3.6178,0.0,-0.0,prefecture
2026|autumn|2026-09-05||1回戦|高田|0|奈良大附|10,岩手,奈良,1001.2213,1077.2314,1.6095,-1.6095,0.3053,15,0.8047,-0.8047,prefecture
2026|autumn|2026-09-05||地区予選|古河三|11|八千代|1,茨城,千葉,981.8131,1016.1041,7.529,-7.529,-4.5467,4.026,3.7645,-3.7645,prefecture
2026|autumn|2026-09-06||1回戦|県和歌山|0|向陽|1,和歌山,愛知,1054.0634,1014.0568,0.0,-0.0,13.5159,3.5142,0.0,-0.0,prefecture
2026|autumn|2026-09-06||1回戦|北大津|10|日野|2,滋賀,西東京,1007.985,1023.2198,0.0,-0.0,1.9962,5.8049,0.0,-0.0,prefecture
2026|autumn|2026-09-06||1回戦|国際情報|0|大津商|21,南北海道,滋賀,981.8502,1010.4901,0.0,-0.0,-4.5375,2.6225,0.0,-0.0,prefecture
2026|autumn|2026-09-08||2回戦|橘|0|東海大相模|11,福島,神奈川,987.3762,1056.8397,0.2948,-0.2948,-3.156,14.2099,0.1474,-0.1474,prefecture
2026|autumn|2026-09-08||2回戦|桜丘|7|川崎総合科学|4,東東京,神奈川,1043.3086,1058.77,0.2431,-0.2431,10.8272,14.6925,0.1215,-0.1215,prefecture
2026|autumn|2026-09-11||2回戦|開星|5|飯南|3,島根,三重,936.9517,988.2071,-0.0,0.0,-15,-2.9482,-0.0,0.0,prefecture
2026|autumn|2026-09-12||3回戦|南陽|1|山城|8,愛知,京,1016.7319,1036.8928,-0.334,0.334,4.183,9.2232,-0.167,0.167,prefecture
2026|autumn|2026-09-12||1回戦|有田中央・笠田・紀北農芸・貴志川|1|新宮|12,和歌山,福岡,1051.3883,1049.5134,0.0,-0.0,12.8471,12.3784,0.0,-0.0,prefecture
2026|autumn|2026-09-12||2回戦|香芝|2|郡山|7,奈良,福島,1079.1359,985.4458,0.0,-0.0,15,-3.6386,0.0,-0.0,prefecture
2026|autumn|2026-09-12||3回戦|帝京大可児|20|富田|5,岐阜,愛知,979.4803,1014.4756,2.9249,-2.9249,-5.1299,3.6189,1.4624,-1.4624,prefecture
2026|autumn|2026-09-12||地区予選|立正大立正|5|農業|1,東東京,西東京,1045.812,1020.7146,-11.6541,11.6541,11.453,5.1787,-5.827,5.827,prefecture
2026|autumn|2026-09-12||地区予選|芝浦工大付|0|福生|6,東東京,西東京,1048.1996,1018.327,-9.8935,9.8935,12.0499,4.5817,-4.9468,4.9468,prefecture
2026|autumn|2026-09-12||地区予選|深川|0|明大明治|4,東東京,西東京,1045.73,1020.7966,-11.7154,11.7154,11.4325,5.1992,-5.8577,5.8577,prefecture
2026|autumn|2026-09-12||地区予選|共栄学園|10|明星学園・和光|0,東東京,東京,1043.3196,943.7387,38.9262,-38.9262,10.8299,-14.0653,15,-15,prefecture
2026|autumn|2026-09-12||地区予選|四商・光丘|0|成立学園|19,東京,東東京,942.4679,1044.5904,-39.869,39.869,-14.383,11.1476,-15,15,prefecture
2026|autumn|2026-09-12||地区予選|大東学園|0|富士|11,西東京,東東京,1023.207,1045.8376,13.4936,-13.4936,5.8017,11.4594,6.7468,-6.7468,prefecture
2026|autumn|2026-09-12||地区予選|杉並|5|上野学園|1,西東京,東東京,1020.7769,1048.2677,11.7017,-11.7017,5.1942,12.0669,5.8508,-5.8508,prefecture
2026|autumn|2026-09-12||地区予選|帝京|10|国分寺|0,東東京,西東京,1045.8395,1023.2051,-13.4932,13.4932,11.4599,5.8013,-6.7466,6.7466,prefecture
2026|autumn|2026-09-12||地区予選|立教池袋|12|田無工科|3,東東京,西東京,1048.2695,1020.7751,-11.7011,11.7011,12.0674,5.1938,-5.8506,5.8506,prefecture
2026|autumn|2026-09-12||地区予選|調布北|1|修徳|11,西東京,東東京,1018.4033,1050.6413,9.9519,-9.9519,4.6008,12.6603,4.976,-4.976,prefecture
2026|autumn|2026-09-12||3回戦|桜丘|0|横浜商大|7,東東京,神奈川,1052.9561,1056.2666,0.8131,-0.8131,13.239,14.0667,0.4065,-0.4065,prefecture
2026|autumn|2026-09-13||2回戦|田辺|9|紀北工|2,京,和歌山,1039.1491,1048.9753,4.2234,-4.2234,9.7873,12.2438,2.1117,-2.1117,prefecture
2026|autumn|2026-09-13||2回戦|向陽|2|和歌山商|6,愛知,和歌山,1011.8748,1046.5658,0.2229,-0.2229,2.9687,11.6414,0.1115,-0.1115,prefecture
2026|autumn|2026-09-13||2回戦|熊野|3|新宮|2,和歌山,福岡,1048.73,1051.9264,-0.2011,0.2011,12.1825,12.9816,-0.1005,0.1005,prefecture
2026|autumn|2026-09-13||1回戦|美祢青嶺|1|西京|4,山口,京,989.2222,1041.5586,-0.0,0.0,-2.6944,10.3897,-0.0,0.0,prefecture
2026|autumn|2026-09-13||地区予選|聖学院|0|佼成学園|10,東東京,西東京,1050.5677,1016.0885,-8.2446,8.2446,12.6419,4.0221,-4.1223,4.1223,prefecture
2026|autumn|2026-09-13||地区予選|中大杉並|8|紅葉川|9,西東京,東東京,1018.6127,1048.0436,10.107,-10.107,4.6532,12.0109,5.0535,-5.0535,prefecture
2026|autumn|2026-09-13||地区予選|武蔵丘|2|南平|6,東東京,西東京,1050.3799,1016.2763,-8.3837,8.3837,12.595,4.0691,-4.1919,4.1919,prefecture
2026|autumn|2026-09-13||地区予選|永山|3|日工大駒場|0,西東京,東東京,1018.796,1047.8603,10.243,-10.243,4.699,11.9651,5.1215,-5.1215,prefecture
2026|autumn|2026-09-13||地区予選|國學院久我山|7|東京成徳大高|4,西東京,東東京,1021.2552,1045.401,12.0578,-12.0578,5.3138,11.3503,6.0289,-6.0289,prefecture
2026|autumn|2026-09-13||地区予選|聖徳学園|1|日大一|4,西東京,東東京,1023.6554,1043.0008,13.8291,-13.8291,5.9139,10.7502,6.9146,-6.9146,prefecture
2026|autumn|2026-09-13||地区予選|町田工科|1|井草・大泉・松蔭大松陰・杉並工科・深沢|8,西東京,東京,1021.198,941.2207,-2.7923,2.7923,5.2995,-14.6948,-1.3962,1.3962,prefecture
2026|autumn|2026-09-13||地区予選|小山台|15|成城学園|0,東東京,西東京,1045.4582,1018.2918,-12.0164,12.0164,11.3646,4.573,-6.0082,6.0082,prefecture
2026|autumn|2026-09-13||地区予選|国際基督教大高|14|大田桜台・桐ヶ丘・三商・中野工科|1,西東京,東東京,1015.9135,1047.8366,10.2618,-10.2618,3.9784,11.9591,5.1309,-5.1309,prefecture
2026|autumn|2026-09-13||地区予選|都市大高|3|桜修館|1,西東京,東東京,1018.3922,1045.3579,12.0912,-12.0912,4.5981,11.3395,6.0456,-6.0456,prefecture
2026|autumn|2026-09-13||地区予選|日大二|9|早稲田|1,西東京,東東京,1020.8114,1042.9386,13.8768,-13.8768,5.2029,10.7347,6.9384,-6.9384,prefecture
2026|autumn|2026-09-13||地区予選|九段中等・戸山|3|大崎|4,東京,東東京,944.1269,1040.5775,-40.797,40.797,-13.9683,10.1444,-15,15,prefecture
2026|autumn|2026-09-13||地区予選|法政|13|竹台|6,西東京,東東京,1023.1726,1041.845,15.6197,-15.6197,5.7931,10.4613,7.8098,-7.8098,prefecture
2026|autumn|2026-09-13||地区予選|葛西南・日本橋|0|実践学園|11,東京,東東京,942.8593,1039.5318,-41.7384,41.7384,-14.2852,9.883,-15,15,prefecture
2026|autumn|2026-09-13||地区予選|駒大高|8|葛飾野|1,西東京,東東京,1025.4858,1040.7881,17.3273,-17.3273,6.3714,10.197,8.6637,-8.6637,prefecture
2026|autumn|2026-09-13||地区予選|東亜学園|9|拓大一|6,東東京,西東京,1038.5216,1027.7523,-19.0005,19.0005,9.6304,6.9381,-9.5003,9.5003,prefecture
2026|autumn|2026-09-13||地区予選|日大豊山|9|駒場学園|0,東東京,西東京,1041.1094,1025.1645,-17.0913,17.0913,10.2773,6.2911,-8.5457,8.5457,prefecture
2026|autumn|2026-09-13||地区予選|本郷|0|工学院大付|1,東東京,西東京,1043.6352,1022.6387,-15.2277,15.2277,10.9088,5.6597,-7.6138,7.6138,prefecture
2026|autumn|2026-09-13||地区予選|早稲田実|7|淵江|0,西東京,東東京,1024.9733,1041.3005,16.9513,-16.9513,6.2433,10.3251,8.4757,-8.4757,prefecture
2026|autumn|2026-09-13||地区予選|東|0|国士舘|14,東東京,西東京,1039.0219,1027.252,-18.6338,18.6338,9.7555,6.813,-9.3169,9.3169,prefecture
2026|autumn|2026-09-13||地区予選|学芸大付|0|東京|3,西東京,東東京,1029.4762,1036.7977,20.2761,-20.2761,7.3691,9.1994,10.138,-10.138,prefecture
2026|autumn|2026-09-13||地区予選|江戸川|4|日大櫻丘|5,東東京,西東京,1039.4265,1026.8474,-18.3362,18.3362,9.8566,6.7118,-9.1681,9.1681,prefecture
2026|autumn|2026-09-13||地区予選|城東|3|総合工科|2,東東京,西東京,1037.1927,1029.0812,-19.9858,19.9858,9.2982,7.2703,-9.9929,9.9929,prefecture
2026|autumn|2026-09-13||地区予選|専大付|2|雪谷|3,西東京,東東京,1026.4617,1039.8122,18.0527,-18.0527,6.6154,9.953,9.0264,-9.0264,prefecture
2026|autumn|2026-09-13||地区予選|立川|1|城西大城西|5,西東京,東東京,1023.9048,1042.3691,16.1657,-16.1657,5.9762,10.5923,8.0829,-8.0829,prefecture
2026|autumn|2026-09-13||地区予選|東村山西|15|葛飾総合・千早・南葛飾|8,西東京,東京,1021.409,941.603,-4.4422,4.4422,5.3523,-14.5992,-2.2211,2.2211,prefecture
2026|autumn|2026-09-13||地区予選|瑞穂農芸|0|駿台学園|27,西東京,東東京,1023.3258,1044.8649,14.3238,-14.3238,5.8315,11.2162,7.1619,-7.1619,prefecture
2026|autumn|2026-09-13||地区予選|秋留台|0|豊南|9,西東京,東東京,1020.8767,1047.3139,12.5162,-12.5162,5.2192,11.8285,6.2581,-6.2581,prefecture
2026|autumn|2026-09-13||地区予選|大成|12|青山学院|5,西東京,東東京,1018.4864,1049.7042,10.7518,-10.7518,4.6216,12.4261,5.3759,-5.3759,prefecture
2026|autumn|2026-09-13||地区予選|富士森|4|篠崎|5,西東京,東東京,1020.9535,1047.2372,12.5736,-12.5736,5.2384,11.8093,6.2868,-6.2868,prefecture
2026|autumn|2026-09-13||地区予選|文教大付|0|府中西|12,東東京,西東京,1049.6293,1018.5614,-10.8078,10.8078,12.4073,4.6403,-5.4039,5.4039,prefecture
2026|autumn|2026-09-13||地区予選|昭和一|4|多摩工科|2,東東京,西東京,1047.164,1021.0266,-12.6284,12.6284,11.791,5.2567,-6.3142,6.3142,prefecture
2026|autumn|2026-09-13||地区予選|国立|7|王子総合|1,西東京,東東京,1018.6327,1049.5579,10.8612,-10.8612,4.6582,12.3895,5.4306,-5.4306,prefecture
2026|autumn|2026-09-13||地区予選|田園調布|3|武蔵野北|5,東東京,西東京,1047.0944,1021.0963,-12.6806,12.6806,11.7736,5.2741,-6.3403,6.3403,prefecture
2026|autumn|2026-09-13||2回戦|近江|14|守山|2,滋賀,愛知,1012.6927,1009.7106,-0.0,0.0,3.1732,2.4276,-0.0,0.0,prefecture
2026|autumn|2026-09-13||2回戦|愛知|0|甲西|25,愛知,滋賀,1007.3312,1015.0721,-0.1983,0.1983,1.8328,3.768,-0.0991,0.0991,prefecture
2026|autumn|2026-09-14||1回戦|翔陽|13|小川工|1,西東京,熊本,1023.5007,980.839,-0.0,0.0,5.8752,-4.7903,-0.0,0.0,prefecture
2026|autumn|2026-09-16||1回戦|熊本一|7|大津|8,熊本,滋賀,978.7322,1017.4159,0.4177,-0.4177,-5.3169,4.354,0.2089,-0.2089,prefecture
2026|autumn|2026-09-17||1回戦|秀岳館|6|東稜|2,熊本,京,976.5926,1043.5998,0.6135,-0.6135,-5.8518,10.9,0.3067,-0.3067,prefecture
2026|autumn|2026-09-18||1回戦|本庄|7|延岡|4,埼玉,宮崎,1012.3799,924.5545,0.0,-0.0,3.095,-15,0.0,-0.0,prefecture
2026|autumn|2026-09-18||2回戦|南稜|1|熊本商|8,埼玉,熊本,1014.1858,979.4417,0.0,-0.0,3.5464,-5.1396,0.0,-0.0,prefecture
2026|autumn|2026-09-18||2回戦|城北|9|熊本農|2,東東京,熊本,1044.69,982.0809,1.6584,-1.6584,11.1725,-4.4798,0.8292,-0.8292,prefecture
2026|autumn|2026-09-19||3回戦|田辺|7|和歌山商|2,京,和歌山,1040.7508,1051.1549,5.4475,-5.4475,10.1877,12.7887,2.7237,-2.7237,prefecture
2026|autumn|2026-09-19||地区予選|府中工科|13|松原・芦花|2,西東京,東京,1025.6075,939.6863,-3.4123,3.4123,6.4019,-15,-1.7062,1.7062,prefecture
2026|autumn|2026-09-19||地区予選|国際基督教大高|0|城東|9,西東京,東東京,1027.4703,1046.64,14.4564,-14.4564,6.8676,11.66,7.2282,-7.2282,prefecture
2026|autumn|2026-09-19||地区予選|日体大荏原|11|明大世田谷|1,東東京,西東京,1049.1073,1025.003,-12.6349,12.6349,12.2768,6.2508,-6.3175,6.3175,prefecture
2026|autumn|2026-09-19||地区予選|東村山・府中|15|足立東・農産|0,西東京,東京,1022.595,937.8234,-2.3883,2.3883,5.6487,-15,-1.1942,1.1942,prefecture
2026|autumn|2026-09-19||地区予選|高島|1|日大櫻丘|3,東東京,西東京,1051.5153,1024.452,-10.857,10.857,12.8788,6.113,-5.4285,5.4285,prefecture
2026|autumn|2026-09-19||地区予選|明学東村山|26|足立西・荒川工科・科学技術・葛西工科・北豊島工科|1,西東京,東京,1026.8889,935.9664,-1.3458,1.3458,6.7222,-15,-0.6729,0.6729,prefecture
2026|autumn|2026-09-19||地区予選|明大世田谷|0|錦城学園|7,西東京,東東京,1028.6922,1049.0784,12.657,-12.657,7.1731,12.2696,6.3285,-6.3285,prefecture
2026|autumn|2026-09-19||地区予選|佼成学園|4|正則学園|5,西東京,東東京,1026.2582,1051.5124,10.8598,-10.8598,6.5645,12.8781,5.4299,-5.4299,prefecture
2026|autumn|2026-09-19||地区予選|東村山西|8|富士|4,西東京,東東京,1023.8826,1053.888,9.1057,-9.1057,5.9706,13.472,4.5529,-4.5529,prefecture
2026|autumn|2026-09-19||地区予選|西|0|朋優学院|10,西東京,東東京,1026.364,1051.4066,10.9387,-10.9387,6.591,12.8516,5.4693,-5.4693,prefecture
2026|autumn|2026-09-19||地区予選|日大鶴ヶ丘|4|城北|1,西東京,東東京,1023.9859,1053.7847,9.1826,-9.1826,5.9965,13.4462,4.5913,-4.5913,prefecture
2026|autumn|2026-09-19||地区予選|國學院|0|桜美林|10,東東京,西東京,1051.3057,1026.4648,-11.0138,11.0138,12.8264,6.6162,-5.5069,5.5069,prefecture
2026|autumn|2026-09-19||地区予選|井草・大泉・松蔭大松陰・杉並工科・深沢|0|国士舘|10,東京,西東京,934.1631,1028.8843,0.3143,-0.3143,-15,7.2211,0.1571,-0.1571,prefecture
2026|autumn|2026-09-19||地区予選|小平|2|板橋|4,西東京,東東京,1030.6497,1048.8863,12.8011,-12.8011,7.6624,12.2216,6.4006,-6.4006,prefecture
2026|autumn|2026-09-19||地区予選|東大和|6|成城|3,西東京,東東京,1028.1989,1051.3372,10.9912,-10.9912,7.0497,12.8343,5.4956,-5.4956,prefecture
2026|autumn|2026-09-19||地区予選|日本ウェルネス|1|世田谷学園|11,東東京,西東京,1048.9292,1030.6068,-12.7702,12.7702,12.2323,7.6517,-6.3851,6.3851,prefecture
2026|autumn|2026-09-19||地区予選|麻布|11|帝京大高|4,東東京,西東京,1046.579,1032.957,-14.5066,14.5066,11.6448,8.2392,-7.2533,7.2533,prefecture
2026|autumn|2026-09-19||地区予選|新宿|12|多摩大聖ケ丘|2,東東京,西東京,1049.0853,1030.4507,-12.6556,12.6556,12.2713,7.6127,-6.3278,6.3278,prefecture
2026|autumn|2026-09-19||地区予選|久留米西|12|産技高専|4,西東京,東京,1028.0046,932.3976,0.713,-0.713,7.0012,-15,0.3565,-0.3565,prefecture
2026|autumn|2026-09-19||地区予選|日大一|3|工学院大付|10,東東京,西東京,1051.5314,1029.7512,-10.849,10.849,12.8829,7.4378,-5.4245,5.4245,prefecture
2026|autumn|2026-09-19||1回戦|倉吉東|4|米子高専|0,岡山,鳥取,1008.2091,953.2873,-12.6896,12.6896,2.0523,-11.6782,-6.3448,6.3448,prefecture
2026|autumn|2026-09-20||3回戦|西京|1|下関工科|3,京,山口,1043.1474,987.181,0.1701,-0.1701,10.7868,-3.2047,0.085,-0.085,prefecture
2026|autumn|2026-09-20||2回戦|翔陽|7|八代|0,西東京,熊本,1032.1518,980.1309,0.1756,-0.1756,8.038,-4.9673,0.0878,-0.0878,prefecture
2026|autumn|2026-09-21||2回戦|鳥取商|2|境|3,鳥取,茨城,951.0909,984.3458,-0.0,0.0,-12.2273,-3.9135,-0.0,0.0,prefecture
2026|autumn|2026-09-22||2回戦|櫻美学園|7|本庄|3,宮崎,埼玉,922.7486,1011.5466,-0.1505,0.1505,-15,2.8866,-0.0752,0.0752,prefecture
2026|autumn|2026-09-22||地区予選|東亜学園|3|東海大菅生|15,東東京,西東京,1049.1308,1034.1928,-12.6227,12.6227,12.2827,8.5482,-6.3114,6.3114,prefecture
2026|autumn|2026-09-22||地区予選|昭和鉄道|1|日大二|14,東東京,西東京,1046.802,1036.5216,-14.3435,14.3435,11.7005,9.1304,-7.1718,7.1718,prefecture
2026|autumn|2026-09-22||地区予選|明大明治|6|立教池袋|4,西東京,東東京,1038.7946,1044.5291,16.0232,-16.0232,9.6986,11.1323,8.0116,-8.0116,prefecture
2026|autumn|2026-09-22||地区予選|足立学園|12|久留米西|0,東東京,西東京,1042.3105,1041.0131,-17.6627,17.6627,10.5776,10.2533,-8.8314,8.8314,prefecture
2026|autumn|2026-09-22||地区予選|駒込|2|片倉|8,東東京,西東京,1044.9448,1038.3788,-15.7169,15.7169,11.2362,9.5947,-7.8585,7.8585,prefecture
2026|autumn|2026-09-22||地区予選|八王子|14|淑徳|10,西東京,東東京,1040.6073,1042.7163,17.3639,-17.3639,10.1518,10.6791,8.6819,-8.6819,prefecture
2026|autumn|2026-09-22||地区予選|穎明館|11|紅葉川|14,西東京,東東京,1042.7827,1040.5409,18.9717,-18.9717,10.6957,10.1352,9.4858,-9.4858,prefecture
2026|autumn|2026-09-22||地区予選|明星|12|渋谷教育渋谷|0,西東京,東東京,1040.1063,1043.2173,16.9947,-16.9947,10.0266,10.8043,8.4973,-8.4973,prefecture
2026|autumn|2026-09-22||地区予選|創価|11|北里順天|1,西東京,東東京,1042.2936,1041.03,18.6113,-18.6113,10.5734,10.2575,9.3057,-9.3057,prefecture
2026|autumn|2026-09-22||地区予選|東京|2|狛江|4,東東京,西東京,1038.8948,1044.4288,-20.1896,20.1896,9.7237,11.1072,-10.0948,10.0948,prefecture
2026|autumn|2026-09-22||地区予選|三鷹中等|0|帝京|11,西東京,東東京,1046.5135,1036.8101,21.7306,-21.7306,11.6284,9.2025,10.8653,-10.8653,prefecture
2026|autumn|2026-09-22||地区予選|大崎|2|早稲田実|9,東東京,西東京,1039.5745,1043.7491,-19.6884,19.6884,9.8936,10.9373,-9.8442,9.8442,prefecture
2026|autumn|2026-09-22||地区予選|五日市・東京高専・八王子桑志・南多摩中等|4|大山|6,東京,東東京,930.651,1037.4738,-42.6729,42.6729,-15,9.3685,-15,15,prefecture
2026|autumn|2026-09-22||地区予選|日大三|5|日大豊山|6,西東京,東東京,1045.8498,1038.667,21.2414,-21.2414,11.4625,9.6667,10.6207,-10.6207,prefecture
2026|autumn|2026-09-22||2回戦|熊本二|9|大津|2,熊本,滋賀,978.0899,1019.5555,0.431,-0.431,-5.4775,4.8889,0.2155,-0.2155,prefecture
2026|autumn|2026-09-23||地区予選|八丈|0|世田谷学園|10,東東京,西東京,1041.4077,1043.109,-19.2165,19.2165,10.3519,10.7773,-9.6083,9.6083,prefecture
2026|autumn|2026-09-23||地区予選|錦城学園|6|武蔵村山|2,東東京,西東京,1039.2837,1045.233,-20.7867,20.7867,9.8209,11.3083,-10.3934,10.3934,prefecture
2026|autumn|2026-09-23||地区予選|正則|2|豊多摩|4,東東京,西東京,1042.01,1042.5068,-18.7725,18.7725,10.5025,10.6267,-9.3862,9.3862,prefecture
2026|autumn|2026-09-23||地区予選|八王子北|0|足立新田|17,西東京,東東京,1044.645,1039.8717,20.3533,-20.3533,11.1613,9.9679,10.1766,-10.1766,prefecture
2026|autumn|2026-09-23||地区予選|国際・駒場・三田|2|中大付|3,東東京,西東京,1042.5841,1041.9327,-18.3491,18.3491,10.646,10.4832,-9.1746,9.1746,prefecture
2026|autumn|2026-09-23||準々決勝|鳥取中央育英|3|倉吉北|4,鳥取,岡山,948.9199,1010.4055,11.4536,-11.4536,-12.77,2.6014,5.7268,-5.7268,prefecture
2026|autumn|2026-09-23||準々決勝|境|2|米子北|1,茨城,鳥取,986.5168,946.7853,0.1809,-0.1809,-3.3708,-13.3037,0.0905,-0.0905,prefecture
2026|autumn|2026-09-24||地区予選|電機大高|0|海城|21,西東京,東東京,1044.0846,1040.4322,19.9401,-19.9401,11.0211,10.1081,9.9701,-9.9701,prefecture
2026|autumn|2026-09-24||地区予選|明大中野|6|駒大高|3,東東京,西東京,1043.1314,1041.3854,-17.9456,17.9456,10.7828,10.3464,-8.9728,8.9728,prefecture
2026|autumn|2026-09-24||3回戦|ルーテル学院|5|翔陽|2,熊本,西東京,980.7692,1038.7503,-0.6222,0.6222,-4.8077,9.6876,-0.3111,0.3111,prefecture
2026|autumn|2026-09-24||3回戦|城北|1|開新|8,東東京,熊本,1045.7665,983.5744,2.5144,-2.5144,11.4416,-4.1064,1.2572,-1.2572,prefecture
2026|autumn|2026-09-25||地区予選|学習院|0|東大和|2,東東京,西東京,1042.9078,1035.9451,-15.9984,15.9984,10.727,8.9863,-7.9992,7.9992,prefecture
2026|autumn|2026-09-25||地区予選|日比谷|8|東京都市大付|9,東東京,西東京,1040.6805,1038.1725,-17.6452,17.6452,10.1701,9.5431,-8.8226,8.8226,prefecture
2026|autumn|2026-09-25||地区予選|巣鴨|3|松が谷|10,東東京,西東京,1038.5063,1040.3467,-19.2528,19.2528,9.6266,10.0867,-9.6264,9.6264,prefecture
2026|autumn|2026-09-25||地区予選|大島・大島海洋国際|3|安田学園|5,東京,東東京,929.4578,1036.3837,-43.567,43.567,-15,9.0959,-15,15,prefecture
2026|autumn|2026-09-26||準決勝|鳥取城北|5|倉吉北|4,鳥取,岡山,944.661,1012.5401,10.2349,-10.2349,-13.8347,3.135,5.1174,-5.1174,prefecture
2026|autumn|2026-09-26||準決勝|米子東|7|境|3,鳥取,茨城,947.3865,988.6411,-0.6443,0.6443,-13.1534,-2.8397,-0.3221,0.3221,prefecture
2026|autumn|2026-09-27||準々決勝|桐蔭|1|田辺|5,和歌山,京,1048.7582,1040.3618,-6.7241,6.7241,12.1896,10.0905,-3.362,3.362,prefecture
2026|autumn|2026-09-27||地区予選|城西大城西|4|府中西|0,東東京,西東京,1037.5672,1042.4692,-20.8223,20.8223,9.3918,10.6173,-10.4112,10.4112,prefecture
2026|autumn|2026-09-27||地区予選|法政|11|篠崎|10,西東京,東東京,1039.7496,1040.2868,18.8124,-18.8124,9.9374,10.0717,9.4062,-9.4062,prefecture
2026|autumn|2026-09-27||地区予選|松が谷|0|安田学園|8,西東京,東東京,1041.8944,1038.142,20.3985,-20.3985,10.4736,9.5355,10.1992,-10.1992,prefecture
2026|autumn|2026-09-27||地区予選|両国|8|武蔵野北|7,東東京,西東京,1040.8481,1039.1883,-18.3985,18.3985,10.212,9.7971,-9.1992,9.1992,prefecture
2026|autumn|2026-09-27||地区予選|桐朋|8|豊南|11,西東京,東東京,1036.5464,1043.49,16.4459,-16.4459,9.1366,10.8725,8.2229,-8.2229,prefecture
2026|autumn|2026-09-27||地区予選|農大一|0|日体大荏原|21,西東京,東東京,1033.9675,1046.0689,14.5397,-14.5397,8.4919,11.5172,7.2698,-7.2698,prefecture
2026|autumn|2026-09-27||地区予選|広尾|3|明星|12,東東京,西東京,1048.5861,1031.4503,-12.679,12.679,12.1465,7.8626,-6.3395,6.3395,prefecture
2026|autumn|2026-09-27||地区予選|修徳|2|明大八王子|12,東東京,西東京,1046.2428,1033.7935,-14.4118,14.4118,11.5607,8.4484,-7.2059,7.2059,prefecture
2026|autumn|2026-09-27||3位決定戦|境|1|倉吉北|2,茨城,岡山,985.9487,1009.8146,-0.297,0.297,-3.5128,2.4537,-0.1485,0.1485,prefecture
2026|autumn|2026-09-30||準決勝|智弁和歌山|12|田辺|0,和歌山,京,1046.3931,1042.7269,-8.0356,8.0356,11.5983,10.6817,-4.0178,4.0178,prefecture
2026|autumn|2026-10-03||3位決定戦|那賀|0|田辺|2,和歌山,京,1048.8788,1040.2413,-7.074,7.074,12.2197,10.0603,-3.537,3.537,prefecture
2026|autumn|2026-10-03||準決勝|智辯学園|11|郡山|0,奈良,福島,1076.1039,988.4777,-0.2527,0.2527,15,-2.8806,-0.1263,0.1263,prefecture
2026|autumn|2026-10-03||1回戦|明星|7|紅葉川|0,西東京,東東京,1036.0805,1043.9559,16.1031,-16.1031,9.0201,10.989,8.0515,-8.0515,prefecture
2026|autumn|2026-10-03||1回戦|東海大菅生|13|京華商|2,西東京,東東京,1038.3127,1041.7237,17.7539,-17.7539,9.5782,10.4309,8.877,-8.877,prefecture
2026|autumn|2026-10-03||1回戦|国士舘|17|両国|0,西東京,東東京,1040.4916,1039.5448,19.3655,-19.3655,10.1229,9.8862,9.6827,-9.6827,prefecture
2026|autumn|2026-10-03||1回戦|都市大高|1|日体大荏原|7,西東京,東東京,1042.6187,1037.4177,20.9388,-20.9388,10.6547,9.3544,10.4694,-10.4694,prefecture
2026|autumn|2026-10-03||1回戦|中大付|2|安田学園|5,西東京,東東京,1039.8955,1040.1409,18.9256,-18.9256,9.9739,10.0352,9.4628,-9.4628,prefecture
2026|autumn|2026-10-03||1回戦|國學院久我山|10|板橋|0,西東京,東東京,1037.2367,1042.7996,16.9601,-16.9601,9.3092,10.6999,8.48,-8.48,prefecture
2026|autumn|2026-10-03||1回戦|錦城|2|堀越|5,西東京,東東京,1039.4413,1040.5951,18.5907,-18.5907,9.8603,10.1488,9.2954,-9.2954,prefecture
2026|autumn|2026-10-04||1回戦|海城|3|南平|5,東東京,西東京,1043.2431,1036.7933,-16.633,16.633,10.8108,9.1983,-8.3165,8.3165,prefecture
2026|autumn|2026-10-04||1回戦|日大豊山|0|明大八王子|7,東東京,西東京,1041.028,1039.0084,-18.2715,18.2715,10.257,9.7521,-9.1358,9.1358,prefecture
2026|autumn|2026-10-04||1回戦|朋優学院|0|工学院大付|7,東東京,西東京,1038.8656,1041.1707,-19.8711,19.8711,9.7164,10.2927,-9.9355,9.9355,prefecture
2026|autumn|2026-10-04||1回戦|雪谷|6|府中工科|11,東東京,西東京,1036.7547,1043.2817,-21.4327,21.4327,9.1887,10.8204,-10.7164,10.7164,prefecture
2026|autumn|2026-10-04||1回戦|豊南|0|創価|12,東東京,西東京,1034.6936,1045.3428,-22.9575,22.9575,8.6734,11.3357,-11.4788,11.4788,prefecture
2026|autumn|2026-10-04||1回戦|岩倉|8|杉並|1,東東京,西東京,1032.6809,1047.3555,-24.4467,24.4467,8.1702,11.8389,-12.2233,12.2233,prefecture
2026|autumn|2026-10-08||3位決定戦|天理|6|郡山|8,奈良,福島,1077.9144,986.6672,-0.1832,0.1832,15,-3.3332,-0.0916,0.0916,prefecture
2026|spring|2026/4/18|春季鳥取大会 2026 日程・結果|1R|米子北|5|倉吉東|4,鳥取,岡山,950.0789,1012.0459,11.9487,-11.9487,-12.4803,3.0115,5.9744,-5.9744,prefecture
2026|spring|2026/4/18|春季鳥取大会 2026 日程・結果|1R|米子西|12|倉吉西・倉吉農業・境港総合技術|0,鳥取,岡山,952.6078,1009.5171,13.5579,-13.5579,-11.8481,2.3793,6.7789,-6.7789,prefecture
2026|spring|2026/4/18|春季鳥取大会 2026 日程・結果|1R|鳥取工業|1|倉吉総合産業|11,鳥取,岡山,955.0828,1007.0421,15.1471,-15.1471,-11.2293,1.7605,7.5735,-7.5735,prefecture
2026|spring|2026/4/19|春季鳥取大会 2026 日程・結果|2R|倉吉総合産業|0|米子松蔭|6,岡山,鳥取,1009.1801,952.9448,-13.9034,13.9034,2.295,-11.7638,-6.9517,6.9517,prefecture
2026|spring|2026/4/19|春季鳥取大会 2026 日程・結果|1R|鳥取東|4|倉吉北|11,鳥取,岡山,955.4109,1006.7139,15.4967,-15.4967,-11.1473,1.6785,7.7484,-7.7484,prefecture
2026|spring|2026/4/20|春季鳥取大会 2026 日程・結果|2R|鳥取中央育英|2|倉吉北|3,鳥取,岡山,953.2641,1008.8608,14.2301,-14.2301,-11.684,2.2152,7.115,-7.115,prefecture
2026|spring|2026/4/25|春季鳥取大会 2026 日程・結果|QF|倉吉北|2|境|9,岡山,鳥取,1010.9631,951.1618,-12.9769,12.9769,2.7408,-12.2096,-6.4885,6.4885,prefecture
2026|summer|2026/7/12|選手権鳥取大会 2026 日程・結果|1R|倉吉東|8|鳥取中央育英|1,岡山,鳥取,1008.4617,953.6632,-14.5997,14.5997,2.1154,-11.5842,-7.2998,7.2998,prefecture
2026|summer|2026/7/18|選手権鳥取大会 2026 日程・結果|2R|鳥取商業|4|倉吉東|1,鳥取,岡山,951.1062,1011.0187,13.0457,-13.0457,-12.2235,2.7547,6.5229,-6.5229,prefecture
2026|summer|2026/7/19|選手権鳥取大会 2026 日程・結果|2R|米子東|13|倉吉西・倉吉農業・境港総合技術|2,鳥取,岡山,954.134,1007.9908,15.0091,-15.0091,-11.4665,1.9977,7.5046,-7.5046,prefecture
2026|koshien|2026/8/14|第108回全国高等学校野球選手権大会|2R|花巻東|4|岡山学芸館|1,岩手,岡山,999.3169,1005.0418,-0.0,0.0,-0.1708,1.2604,-0.0,0.0,national
2026|koshien|2026/8/9|第108回全国高等学校野球選手権大会|1R|岡山学芸館|7|鳥取城北|3,岡山,鳥取,998.9632,957.0831,-16.9343,16.9343,-0.2592,-10.7292,-8.4672,8.4672,national
