event_key,year,season,date,tournament,round,level,pref_a,pref_b,score_a,score_b,rating_a_before,rating_b_before,expected_a,k,delta_a,rating_a_after,rating_b_after,matchup_a_before,matchup_b_before,pair_games_before,source
2017|spring||2017春季北海道地区大会|1R|函館大有斗|10|遠軽|9,2017,spring,,2017春季北海道地区大会,1R,regional,南北海道,北北海道,10,9,1000.0,1000.0,0.5,7.6,3.8,1003.8,996.2,-0.0,0.0,0,historical
2017|spring||2017春季北海道地区大会|1R|札幌第一|11|旭川大高|1,2017,spring,,2017春季北海道地区大会,1R,regional,南北海道,北北海道,11,1,1003.8,996.2,0.511847,7.6,3.71,1007.51,992.49,0.3167,-0.3167,1,historical
2017|spring||2017春季北海道地区大会|1R|武修館|10|北広島|9,2017,spring,,2017春季北海道地区大会,1R,regional,北北海道,南北海道,10,9,992.49,1007.51,0.475163,7.6,3.9888,996.4788,1003.5212,-1.1265,1.1265,2,historical
2017|spring||2017春季北海道地区大会|QF|稚内大谷|4|札幌日大|2,2017,spring,,2017春季北海道地区大会,QF,regional,北北海道,南北海道,4,2,996.4788,1003.5212,0.487795,7.6,3.8928,1000.3716,999.6284,-0.7202,0.7202,3,historical
2017|spring||2017春季北海道地区大会|SF|函館大有斗|4|稚内大谷|2,2017,spring,,2017春季北海道地区大会,SF,regional,南北海道,北北海道,4,2,999.6284,1000.3716,0.498663,7.6,3.8102,1003.4386,996.5614,-0.0929,0.0929,4,historical
2017|spring||2017春季北海道地区大会|SF|駒大苫小牧|9|帯広大谷|8,2017,spring,,2017春季北海道地区大会,SF,regional,南北海道,北北海道,9,8,1003.4386,996.5614,0.512749,7.6,3.7031,1007.1417,992.8583,0.9919,-0.9919,5,historical
2017|spring||2017春季東北地区大会|1R|東日大昌平|7|大船渡東|3,2017,spring,,2017春季東北地区大会,1R,regional,福島,岩手,7,3,1000.0,1000.0,0.5,7.6,3.8,1003.8,996.2,-0.0,0.0,0,historical
2017|spring||2017春季東北地区大会|1R|九里学園|7|角館|5,2017,spring,,2017春季東北地区大会,1R,regional,山形,秋田,7,5,1000.0,1000.0,0.5,7.6,3.8,1003.8,996.2,0.0,-0.0,0,historical
2017|spring||2017春季東北地区大会|2R|八戸学院光星|3|明桜|2,2017,spring,,2017春季東北地区大会,2R,regional,青森,秋田,3,2,1000.0,996.2,0.505468,7.6,3.7584,1003.7584,992.4416,-0.0,0.0,0,historical
2017|spring||2017春季東北地区大会|2R|東陵|2|青森山田|1,2017,spring,,2017春季東北地区大会,2R,regional,宮城,青森,2,1,1000.0,1003.7584,0.494591,7.6,3.8411,1003.8411,999.9173,0.0,-0.0,0,historical
2017|spring||2017春季東北地区大会|2R|仙台育英|3|聖光学院|1,2017,spring,,2017春季東北地区大会,2R,regional,宮城,福島,3,1,1003.8411,1003.8,0.500059,7.6,3.7996,1007.6407,1000.0004,0.0,-0.0,0,historical
2017|spring||2017春季東北地区大会|2R|聖愛|7|盛岡大付|4,2017,spring,,2017春季東北地区大会,2R,regional,青森,岩手,7,4,999.9173,996.2,0.505349,7.6,3.7593,1003.6767,992.4407,-0.0,0.0,0,historical
2017|spring||2017春季東北地区大会|2R|東北|4|九里学園|3,2017,spring,,2017春季東北地区大会,2R,regional,宮城,山形,4,3,1007.6407,1003.8,0.505527,7.6,3.758,1011.3987,1000.042,0.0,-0.0,0,historical
2017|spring||2017春季東北地区大会|2R|東日大昌平|3|日大山形|0,2017,spring,,2017春季東北地区大会,2R,regional,福島,山形,3,0,1000.0004,1000.042,0.49994,7.6,3.8005,1003.8009,996.2416,-0.0,0.0,0,historical
2017|spring||2017春季東北地区大会|2R|いわき光洋|8|久慈|1,2017,spring,,2017春季東北地区大会,2R,regional,福島,岩手,8,1,1003.8009,992.4407,0.517253,7.6,3.6689,1007.4698,988.7718,0.3167,-0.3167,1,historical
2017|spring||2017春季東北地区大会|2R|羽黒|5|能代松陽|2,2017,spring,,2017春季東北地区大会,2R,regional,山形,秋田,5,2,996.2416,992.4416,0.50638,7.6,3.7515,999.9931,988.69,0.3167,-0.3167,1,historical
2017|spring||2017春季東北地区大会|QF|八戸学院光星|4|東陵|3,2017,spring,,2017春季東北地区大会,QF,regional,青森,宮城,4,3,1003.6767,1011.3987,0.487968,7.6,3.8914,1007.5681,1007.5072,-0.3201,0.3201,1,historical
2017|spring||2017春季東北地区大会|QF|仙台育英|8|聖愛|1,2017,spring,,2017春季東北地区大会,QF,regional,宮城,青森,8,1,1007.5072,1007.5681,0.499891,7.6,3.8008,1011.308,1003.7673,-0.0076,0.0076,2,historical
2017|spring||2017春季東北地区大会|QF|東北|11|羽黒|3,2017,spring,,2017春季東北地区大会,QF,regional,宮城,山形,11,3,1011.308,999.9931,0.517178,7.6,3.6694,1014.9775,996.3236,0.3132,-0.3132,1,historical
2017|spring||2017春季東北地区大会|SF|八戸学院光星|7|東日大昌平|0,2017,spring,,2017春季東北地区大会,SF,regional,青森,福島,7,0,1003.7673,1007.4698,0.494672,7.6,3.8405,1007.6078,1003.6293,-0.0,0.0,0,historical
2017|spring||2017春季東北地区大会|F|仙台育英|1|八戸学院光星|0,2017,spring,,2017春季東北地区大会,F,regional,宮城,青森,1,0,1014.9775,1007.6078,0.512811,7.6,3.7026,1018.6801,1003.9051,0.7671,-0.7671,3,historical
2017|spring||2017春季関東地区大会|1R|健大高崎|7|石岡一|0,2017,spring,,2017春季関東地区大会,1R,regional,群馬,茨城,7,0,1000.0,1000.0,0.5,7.6,3.8,1003.8,996.2,0.0,-0.0,0,historical
2017|spring||2017春季関東地区大会|1R|横浜|10|土浦湖北|0,2017,spring,,2017春季関東地区大会,1R,regional,神奈川,茨城,10,0,1000.0,996.2,0.505468,7.6,3.7584,1003.7584,992.4416,0.0,-0.0,0,historical
2017|spring||2017春季関東地区大会|2R|前橋育英|1|駿台甲府|0,2017,spring,,2017春季関東地区大会,2R,regional,群馬,山梨,1,0,1003.8,1000.0,0.505468,7.6,3.7584,1007.5584,996.2416,-0.0,0.0,0,historical
2017|spring||2017春季関東地区大会|2R|東海大相模|14|千葉敬愛|4,2017,spring,,2017春季関東地区大会,2R,regional,神奈川,千葉,14,4,1003.7584,1000.0,0.505409,7.6,3.7589,1007.5173,996.2411,-0.0,0.0,0,historical
2017|spring||2017春季関東地区大会|2R|浦和学院|2|横浜|0,2017,spring,,2017春季関東地区大会,2R,regional,埼玉,神奈川,2,0,1000.0,1007.5173,0.489183,7.6,3.8822,1003.8822,1003.6351,0.0,-0.0,0,historical
2017|spring||2017春季関東地区大会|2R|霞ヶ浦|8|白鴎大足利|1,2017,spring,,2017春季関東地区大会,2R,regional,茨城,栃木,8,1,992.4416,1000.0,0.489124,7.6,3.8827,996.3242,996.1173,-0.0,0.0,0,historical
2017|spring||2017春季関東地区大会|2R|日大三|10|専大松戸|9,2017,spring,,2017春季関東地区大会,2R,prefecture,西東京,千葉,10,9,1000.0,996.2411,0.505409,4.56,2.2553,1002.2553,993.9858,-0.0,0.0,0,historical
2017|spring||2017春季関東地区大会|2R|作新学院|17|明秀日立|2,2017,spring,,2017春季関東地区大会,2R,regional,栃木,茨城,17,2,996.1173,996.3242,0.498771,7.6,3.8093,999.9267,992.5149,-0.3236,0.3236,1,historical
2017|spring||2017春季関東地区大会|2R|早稲田実|10|花咲徳栄|9,2017,spring,,2017春季関東地区大会,2R,prefecture,西東京,埼玉,10,9,1002.2553,1003.8822,0.497659,4.56,2.2907,1004.546,1001.5915,-0.0,0.0,0,historical
2017|spring||2017春季関東地区大会|2R|健大高崎|4|山梨学院|3,2017,spring,,2017春季関東地区大会,2R,regional,群馬,山梨,4,3,1007.5584,996.2416,0.517181,7.6,3.6694,1011.2279,992.5721,0.3132,-0.3132,1,historical
2017|spring||2017春季関東地区大会|QF|浦和学院|2|前橋育英|0,2017,spring,,2017春季関東地区大会,QF,regional,埼玉,群馬,2,0,1001.5915,1011.2279,0.486136,7.6,3.9054,1005.4969,1007.3225,0.0,-0.0,0,historical
2017|spring||2017春季関東地区大会|QF|作新学院|8|早稲田実|4,2017,spring,,2017春季関東地区大会,QF,prefecture,栃木,西東京,8,4,999.9267,1004.546,0.493353,4.56,2.3103,1002.237,1002.2357,0.0,-0.0,0,historical
2017|spring||2017春季関東地区大会|QF|日大三|8|霞ヶ浦|6,2017,spring,,2017春季関東地区大会,QF,prefecture,西東京,茨城,8,6,1002.2357,992.5149,0.513986,4.56,2.2162,1004.4519,990.2987,-0.0,0.0,0,historical
2017|spring||2017春季関東地区大会|QF|東海大相模|3|健大高崎|2,2017,spring,,2017春季関東地区大会,QF,regional,神奈川,群馬,3,2,1003.6351,1007.3225,0.494694,7.6,3.8403,1007.4755,1003.4822,0.0,-0.0,0,historical
2017|spring||2017春季関東地区大会|SF|浦和学院|6|日大三|4,2017,spring,,2017春季関東地区大会,SF,prefecture,埼玉,西東京,6,4,1005.4969,1004.4519,0.500954,4.56,2.2756,1007.7725,1002.1763,-0.1909,0.1909,1,historical
2017|spring||2017春季関東地区大会|SF|東海大相模|5|作新学院|4,2017,spring,,2017春季関東地区大会,SF,regional,神奈川,栃木,5,4,1007.4755,1002.237,0.507538,7.6,3.7427,1011.2182,998.4943,-0.0,0.0,0,historical
2017|spring||2017春季関東地区大会|F|浦和学院|3|東海大相模|2,2017,spring,,2017春季関東地区大会,F,regional,埼玉,神奈川,3,2,1007.7725,1011.2182,0.495973,7.6,3.8306,1011.6032,1007.3876,0.3235,-0.3235,1,historical
2017|spring||2017春季北信越地区大会|1R|啓新|9|関根学園|0,2017,spring,,2017春季北信越地区大会,1R,regional,福井,新潟,9,0,1000.0,1000.0,0.5,7.6,3.8,1003.8,996.2,-0.0,0.0,0,historical
2017|spring||2017春季北信越地区大会|1R|星稜|7|新潟明訓|0,2017,spring,,2017春季北信越地区大会,1R,regional,石川,新潟,7,0,1000.0,996.2,0.505468,7.6,3.7584,1003.7584,992.4416,-0.0,0.0,0,historical
2017|spring||2017春季北信越地区大会|1R|中越|6|砺波工|4,2017,spring,,2017春季北信越地区大会,1R,regional,新潟,富山,6,4,992.4416,1000.0,0.489124,7.6,3.8827,996.3242,996.1173,-0.0,0.0,0,historical
2017|spring||2017春季北信越地区大会|1R|東海大諏訪|4|福井工大福井|2,2017,spring,,2017春季北信越地区大会,1R,regional,長野,福井,4,2,1000.0,1003.8,0.494532,7.6,3.8416,1003.8416,999.9584,-0.0,0.0,0,historical
2017|spring||2017春季北信越地区大会|QF|星稜|7|高岡商|0,2017,spring,,2017春季北信越地区大会,QF,regional,石川,富山,7,0,1003.7584,996.1173,0.510995,7.6,3.7164,1007.4749,992.4009,-0.0,0.0,0,historical
2017|spring||2017春季北信越地区大会|QF|金沢|13|啓新|5,2017,spring,,2017春季北信越地区大会,QF,regional,神奈川,福井,13,5,1007.3876,999.9584,0.51069,7.6,3.7188,1011.1063,996.2397,0.0,-0.0,0,historical
2017|spring||2017春季北信越地区大会|QF|日本文理|8|東海大諏訪|3,2017,spring,,2017春季北信越地区大会,QF,regional,新潟,長野,8,3,996.3242,1003.8416,0.489183,7.6,3.8822,1000.2064,999.9594,0.0,-0.0,0,historical
2017|spring||2017春季北信越地区大会|QF|小諸商|2|中越|1,2017,spring,,2017春季北信越地区大会,QF,regional,長野,新潟,2,1,999.9594,1000.2064,0.498713,7.6,3.8098,1003.7691,996.3966,-0.3235,0.3235,1,historical
2017|spring||2017春季北信越地区大会|SF|星稜|5|日本文理|2,2017,spring,,2017春季北信越地区大会,SF,regional,石川,新潟,5,2,1007.4749,996.3966,0.516838,7.6,3.672,1011.1469,992.7246,0.3132,-0.3132,1,historical
2017|spring||2017春季北信越地区大会|SF|金沢|5|小諸商|2,2017,spring,,2017春季北信越地区大会,SF,regional,神奈川,長野,5,2,1011.1063,1003.7691,0.510557,7.6,3.7198,1014.8261,1000.0494,0.0,-0.0,0,historical
2017|spring||2017春季北信越地区大会|F|星稜|5|金沢|0,2017,spring,,2017春季北信越地区大会,F,regional,石川,神奈川,5,0,1011.1469,1014.8261,0.494705,7.6,3.8402,1014.9872,1010.9858,0.0,-0.0,0,historical
2017|spring||2017春季東海地区大会|QF|至学館|6|中京|4,2017,spring,,2017春季東海地区大会,QF,regional,愛知,岐阜,6,4,1000.0,1000.0,0.5,7.6,3.8,1003.8,996.2,-0.0,0.0,0,historical
2017|spring||2017春季東海地区大会|QF|静岡|7|近大高専|3,2017,spring,,2017春季東海地区大会,QF,regional,静岡,三重,7,3,1000.0,1000.0,0.5,7.6,3.8,1003.8,996.2,-0.0,0.0,0,historical
2017|spring||2017春季東海地区大会|QF|大垣日大|12|津田学園|0,2017,spring,,2017春季東海地区大会,QF,regional,岐阜,三重,12,0,996.2,996.2,0.5,7.6,3.8,1000.0,992.4,-0.0,0.0,0,historical
2017|spring||2017春季東海地区大会|QF|東邦|8|東海大静岡翔洋|0,2017,spring,,2017春季東海地区大会,QF,regional,愛知,静岡,8,0,1003.8,1003.8,0.5,7.6,3.8,1007.6,1000.0,0.0,-0.0,0,historical
2017|spring||2017春季東海地区大会|SF|大垣日大|8|東邦|5,2017,spring,,2017春季東海地区大会,SF,regional,岐阜,愛知,8,5,1000.0,1007.6,0.488153,7.6,3.89,1003.89,1003.71,-0.3167,0.3167,1,historical
2017|spring||2017春季東海地区大会|SF|至学館|13|静岡|0,2017,spring,,2017春季東海地区大会,SF,regional,愛知,静岡,13,0,1003.71,1000.0,0.50625,7.6,3.7525,1007.4625,996.2475,0.3167,-0.3167,1,historical
2017|spring||2017春季東海地区大会|F|至学館|4|大垣日大|1,2017,spring,,2017春季東海地区大会,F,regional,愛知,岐阜,4,1,1007.4625,1003.89,0.505102,7.6,3.7612,1011.2237,1000.1288,-0.0135,0.0135,2,historical
2017|spring||2017春季近畿地区大会|QF|大体大浪商|3|智弁学園|2,2017,spring,,2017春季近畿地区大会,QF,regional,大阪,奈良,3,2,1000.0,1000.0,0.5,7.6,3.8,1003.8,996.2,0.0,-0.0,0,historical
2017|spring||2017春季近畿地区大会|QF|東海大仰星|4|報徳学園|3,2017,spring,,2017春季近畿地区大会,QF,regional,大阪,兵庫,4,3,1003.8,1000.0,0.505468,7.6,3.7584,1007.5584,996.2416,-0.0,0.0,0,historical
2017|spring||2017春季近畿地区大会|QF|彦根東|3|龍谷大平安|2,2017,spring,,2017春季近畿地区大会,QF,regional,滋賀,京,3,2,1000.0,1000.0,0.5,7.6,3.8,1003.8,996.2,-0.0,0.0,0,historical
2017|spring||2017春季近畿地区大会|QF|大阪桐蔭|6|智弁和歌山|3,2017,spring,,2017春季近畿地区大会,QF,regional,大阪,和歌山,6,3,1007.5584,1000.0,0.510876,7.6,3.7173,1011.2758,996.2827,-0.0,0.0,0,historical
2017|spring||2017春季近畿地区大会|SF|大阪桐蔭|4|彦根東|3,2017,spring,,2017春季近畿地区大会,SF,regional,大阪,滋賀,4,3,1011.2758,1003.8,0.510757,7.6,3.7182,1014.994,1000.0818,0.0,-0.0,0,historical
2017|spring||2017春季中国地区大会|QF|宇部鴻城|8|浜田|2,2017,spring,,2017春季中国地区大会,QF,regional,山口,島根,8,2,1000.0,1000.0,0.5,7.6,3.8,1003.8,996.2,0.0,-0.0,0,historical
2017|spring||2017春季中国地区大会|QF|広島新庄|8|石見智翠館|3,2017,spring,,2017春季中国地区大会,QF,regional,広島,島根,8,3,1000.0,996.2,0.505468,7.6,3.7584,1003.7584,992.4416,-0.0,0.0,0,historical
2017|spring||2017春季中国地区大会|QF|創志学園|11|大社|1,2017,spring,,2017春季中国地区大会,QF,regional,岡山,島根,11,1,1000.0,992.4416,0.510876,7.6,3.7173,1003.7173,988.7242,0.0,-0.0,0,historical
2017|spring||2017春季中国地区大会|QF|鳥取城北|6|益田東|4,2017,spring,,2017春季中国地区大会,QF,regional,鳥取,島根,6,4,1000.0,988.7242,0.516221,7.6,3.6767,1003.6767,985.0475,-0.0,0.0,0,historical
2017|spring||2017春季中国地区大会|SF|広島新庄|7|宇部鴻城|3,2017,spring,,2017春季中国地区大会,SF,regional,広島,山口,7,3,1003.7584,1003.8,0.49994,7.6,3.8005,1007.5589,999.9995,-0.0,0.0,0,historical
2017|spring||2017春季中国地区大会|SF|鳥取城北|5|創志学園|4,2017,spring,,2017春季中国地区大会,SF,regional,鳥取,岡山,5,4,1003.6767,1003.7173,0.499942,7.6,3.8004,1007.4772,999.9169,-0.0,0.0,0,historical
2017|spring||2017春季中国地区大会|F|鳥取城北|2|広島新庄|1,2017,spring,,2017春季中国地区大会,F,regional,鳥取,広島,2,1,1007.4772,1007.5589,0.499882,7.6,3.8009,1011.2781,1003.758,-0.0,0.0,0,historical
2017|spring||2017春季四国地区大会|QF|明徳義塾|4|鳴門渦潮|0,2017,spring,,2017春季四国地区大会,QF,regional,高知,徳島,4,0,1000.0,1000.0,0.5,7.6,3.8,1003.8,996.2,-0.0,0.0,0,historical
2017|spring||2017春季四国地区大会|QF|帝京五|9|英明|4,2017,spring,,2017春季四国地区大会,QF,regional,愛媛,香川,9,4,1000.0,1000.0,0.5,7.6,3.8,1003.8,996.2,0.0,-0.0,0,historical
2017|spring||2017春季四国地区大会|QF|松山聖陵|1|徳島商|0,2017,spring,,2017春季四国地区大会,QF,regional,愛媛,徳島,1,0,1003.8,996.2,0.510936,7.6,3.7169,1007.5169,992.4831,-0.0,0.0,0,historical
2017|spring||2017春季四国地区大会|QF|三本松|9|高知|2,2017,spring,,2017春季四国地区大会,QF,regional,香川,高知,9,2,996.2,1003.8,0.489064,7.6,3.8831,1000.0831,999.9169,0.0,-0.0,0,historical
2017|spring||2017春季四国地区大会|SF|松山聖陵|4|三本松|2,2017,spring,,2017春季四国地区大会,SF,regional,愛媛,香川,4,2,1007.5169,1000.0831,0.511607,7.6,3.7118,1011.2287,996.3713,0.3167,-0.3167,1,historical
2017|spring||2017春季四国地区大会|SF|明徳義塾|8|帝京五|5,2017,spring,,2017春季四国地区大会,SF,regional,高知,愛媛,8,5,999.9169,1011.2287,0.483727,7.6,3.9237,1003.8406,1007.305,-0.0,0.0,0,historical
2017|spring||2017春季四国地区大会|F|明徳義塾|8|松山聖陵|7,2017,spring,,2017春季四国地区大会,F,regional,高知,愛媛,8,7,1003.8406,1007.305,0.495955,7.6,3.8307,1007.6713,1003.4743,0.327,-0.327,1,historical
2017|spring||2017春季九州地区大会|1R|鹿児島実|2|興南|1,2017,spring,,2017春季九州地区大会,1R,regional,鹿児島,沖縄,2,1,1000.0,1000.0,0.5,7.6,3.8,1003.8,996.2,-0.0,0.0,0,historical
2017|spring||2017春季九州地区大会|1R|美来工科|11|九州国際大付|1,2017,spring,,2017春季九州地区大会,1R,regional,沖縄,福岡,11,1,996.2,1000.0,0.494532,7.6,3.8416,1000.0416,996.1584,0.0,-0.0,0,historical
2017|spring||2017春季九州地区大会|2R|沖縄尚学|6|鹿町工|1,2017,spring,,2017春季九州地区大会,2R,regional,沖縄,長崎,6,1,1000.0416,1000.0,0.50006,7.6,3.7995,1003.8411,996.2005,0.0,-0.0,0,historical
2017|spring||2017春季九州地区大会|2R|福岡大大濠|10|明豊|0,2017,spring,,2017春季九州地区大会,2R,regional,福岡,大分,10,0,996.1584,1000.0,0.494472,7.6,3.842,1000.0005,996.158,-0.0,0.0,0,historical
2017|spring||2017春季九州地区大会|2R|神村学園|14|東海大福岡|4,2017,spring,,2017春季九州地区大会,2R,regional,鹿児島,福岡,14,4,1003.8,1000.0005,0.505468,7.6,3.7584,1007.5584,996.242,-0.0,0.0,0,historical
2017|spring||2017春季九州地区大会|2R|秀岳館|7|西日本短大付|0,2017,spring,,2017春季九州地区大会,2R,regional,熊本,福岡,7,0,1000.0,996.242,0.505408,7.6,3.7589,1003.7589,992.4831,0.0,-0.0,0,historical
2017|spring||2017春季九州地区大会|2R|鹿児島実|2|日南学園|0,2017,spring,,2017春季九州地区大会,2R,regional,鹿児島,宮崎,2,0,1007.5584,1000.0,0.510876,7.6,3.7173,1011.2758,996.2827,-0.0,0.0,0,historical
2017|spring||2017春季九州地区大会|2R|美里工|2|熊本工|1,2017,spring,,2017春季九州地区大会,2R,regional,沖縄,熊本,2,1,1003.8411,1003.7589,0.500118,7.6,3.7991,1007.6402,999.9598,0.0,-0.0,0,historical
2017|spring||2017春季九州地区大会|2R|九産大九州|7|佐賀北|1,2017,spring,,2017春季九州地区大会,2R,regional,福岡,佐賀,7,1,992.4831,1000.0,0.489184,7.6,3.8822,996.3653,996.1178,-0.0,0.0,0,historical
2017|spring||2017春季九州地区大会|2R|美来工科|2|文徳|1,2017,spring,,2017春季九州地区大会,2R,regional,沖縄,熊本,2,1,1007.6402,999.9598,0.511962,7.6,3.7091,1011.3493,996.2507,0.3166,-0.3166,1,historical
2017|spring||2017春季九州地区大会|QF|鹿児島実|6|福岡大大濠|1,2017,spring,,2017春季九州地区大会,QF,regional,鹿児島,福岡,6,1,1011.2758,996.3653,0.522344,7.6,3.6302,1014.906,992.7351,0.3132,-0.3132,1,historical
2017|spring||2017春季九州地区大会|QF|秀岳館|3|沖縄尚学|1,2017,spring,,2017春季九州地区大会,QF,regional,熊本,沖縄,3,1,996.2507,1011.3493,0.475051,7.6,3.9896,1000.2403,1007.3597,-1.1262,1.1262,2,historical
2017|spring||2017春季九州地区大会|QF|美里工|4|九産大九州|3,2017,spring,,2017春季九州地区大会,QF,regional,沖縄,福岡,4,3,1007.3597,992.7351,0.521954,7.6,3.6332,1010.9928,989.102,0.3201,-0.3201,1,historical
2017|spring||2017春季九州地区大会|QF|神村学園|3|美来工科|0,2017,spring,,2017春季九州地区大会,QF,regional,鹿児島,沖縄,3,0,1014.906,1010.9928,0.506543,7.6,3.7503,1018.6562,1007.2426,0.3167,-0.3167,1,historical
2017|spring||2017春季九州地区大会|SF|鹿児島実|3|秀岳館|2,2017,spring,,2017春季九州地区大会,SF,regional,鹿児島,熊本,3,2,1018.6562,1000.2403,0.526478,7.6,3.5988,1022.255,996.6416,-0.0,0.0,0,historical
2017|spring||2017春季九州地区大会|SF|神村学園|7|美里工|0,2017,spring,,2017春季九州地区大会,SF,regional,鹿児島,沖縄,7,0,1022.255,1007.2426,0.524844,7.6,3.6112,1025.8662,1003.6314,1.1325,-1.1325,2,historical
2017|senbatsu||2017選抜|1R|市呉|6|至学館|5,2017,senbatsu,,2017選抜,1R,national,広島,愛知,6,5,1003.758,1011.2237,0.489258,9.12,4.658,1008.416,1006.5657,0.0,-0.0,0,historical
2017|senbatsu||2017選抜|1R|履正社|12|日大三|5,2017,senbatsu,,2017選抜,1R,prefecture,大阪,西東京,12,5,1014.994,1002.1763,0.518438,4.56,2.1959,1017.19,999.9804,0.0,-0.0,0,historical
2017|senbatsu||2017選抜|1R|智弁学園|9|熊本工|0,2017,senbatsu,,2017選抜,1R,national,奈良,熊本,9,0,996.2,996.6416,0.499365,9.12,4.5658,1000.7658,992.0758,0.0,-0.0,0,historical
2017|senbatsu||2017選抜|1R|盛岡大付|10|高岡商|9,2017,senbatsu,,2017選抜,1R,national,岩手,富山,10,9,988.7718,992.4009,0.494777,9.12,4.6076,993.3794,987.7933,-0.0,0.0,0,historical
2017|senbatsu||2017選抜|1R|報徳学園|21|多治見|0,2017,senbatsu,,2017選抜,1R,national,兵庫,岐阜,21,0,996.2416,1000.1288,0.494406,9.12,4.611,1000.8526,995.5178,0.0,-0.0,0,historical
2017|senbatsu||2017選抜|1R|前橋育英|5|中村|1,2017,senbatsu,,2017選抜,1R,national,群馬,愛知,5,1,1003.4822,1006.5657,0.495563,9.12,4.6005,1008.0826,1001.9652,-0.0,0.0,0,historical
2017|senbatsu||2017選抜|1R|福岡大大濠|6|創志学園|3,2017,senbatsu,,2017選抜,1R,national,福岡,岡山,6,3,989.102,999.9169,0.484441,9.12,4.7019,993.8039,995.215,-0.0,0.0,0,historical
2017|senbatsu||2017選抜|1R|滋賀学園|6|東海大市原望洋|2,2017,senbatsu,,2017選抜,1R,national,滋賀,千葉,6,2,1000.0818,993.9858,0.508772,9.12,4.48,1004.5618,989.5058,-0.0,0.0,0,historical
2017|senbatsu||2017選抜|1R|健大高崎|11|札幌第一|1,2017,senbatsu,,2017選抜,1R,national,群馬,南北海道,11,1,1008.0826,1007.1417,0.501354,9.12,4.5477,1012.6303,1002.5941,-0.0,0.0,0,historical
2017|senbatsu||2017選抜|1R|福井工大福井|6|仙台育英|4,2017,senbatsu,,2017選抜,1R,national,福井,宮城,6,4,996.2397,1018.6801,0.46775,9.12,4.8541,1001.0938,1013.826,-0.0,0.0,0,historical
2017|senbatsu||2017選抜|1R|秀岳館|11|高田商|1,2017,senbatsu,,2017選抜,1R,national,熊本,奈良,11,1,992.0758,1000.7658,0.486402,9.12,4.684,996.7598,996.0818,-0.3805,0.3805,1,historical
2017|senbatsu||2017選抜|1R|作新学院|9|帝京五|1,2017,senbatsu,,2017選抜,1R,national,栃木,愛媛,9,1,998.4943,1003.4743,0.492834,9.12,4.6254,1003.1196,998.8489,-0.0,0.0,0,historical
2017|senbatsu||2017選抜|1R|東海大福岡|2|神戸国際大付|1,2017,senbatsu,,2017選抜,1R,national,福岡,兵庫,2,1,993.8039,1000.8526,0.489857,9.12,4.6525,998.4564,996.2001,-0.0,0.0,0,historical
2017|senbatsu||2017選抜|1R|早稲田実|5|明徳義塾|4,2017,senbatsu,,2017選抜,1R,prefecture,西東京,高知,5,4,999.9804,1007.6713,0.488934,4.56,2.3305,1002.3108,1005.3408,0.0,-0.0,0,historical
2017|senbatsu||2017選抜|1R|静岡|12|不来方|3,2017,senbatsu,,2017選抜,1R,national,静岡,岩手,12,3,996.2475,993.3794,0.504127,9.12,4.5224,1000.7699,988.8571,-0.0,0.0,0,historical
2017|senbatsu||2017選抜|1R|大阪桐蔭|11|宇部鴻城|0,2017,senbatsu,,2017選抜,1R,national,大阪,山口,11,0,1017.19,999.9995,0.524719,9.12,4.3346,1021.5245,995.665,0.0,-0.0,0,historical
2017|senbatsu||2017選抜|2R|履正社|1|市呉|0,2017,senbatsu,,2017選抜,2R,national,大阪,広島,1,0,1021.5245,1008.416,0.518856,9.12,4.388,1025.9126,1004.0279,0.0,-0.0,0,historical
2017|senbatsu||2017選抜|2R|盛岡大付|5|智弁学園|1,2017,senbatsu,,2017選抜,2R,national,岩手,奈良,5,1,988.8571,996.0818,0.489604,9.12,4.6548,993.5119,991.427,-0.0,0.0,0,historical
2017|senbatsu||2017選抜|2R|報徳学園|4|前橋育英|0,2017,senbatsu,,2017選抜,2R,national,兵庫,群馬,4,0,996.2001,1012.6303,0.476373,9.12,4.7755,1000.9756,1007.8548,0.0,-0.0,0,historical
2017|senbatsu||2017選抜|2R|福岡大大濠|1|滋賀学園|1,2017,senbatsu,,2017選抜,2R,national,福岡,滋賀,1,1,998.4564,1004.5618,0.491215,9.12,0.0801,998.5365,1004.4816,-0.0,0.0,0,historical
2017|senbatsu||2017選抜|2R|福井工大福井|7|健大高崎|7,2017,senbatsu,,2017選抜,2R,national,福井,群馬,7,7,1001.0938,1007.8548,0.490271,9.12,0.0887,1001.1825,1007.7661,0.0,-0.0,0,historical
2017|senbatsu||2017選抜|2R|秀岳館|3|作新学院|2,2017,senbatsu,,2017選抜,2R,national,熊本,栃木,3,2,996.7598,1003.1196,0.490848,9.12,4.6435,1001.4032,998.4762,-0.0,0.0,0,historical
2017|senbatsu||2017選抜|2R|東海大福岡|11|早稲田実|8,2017,senbatsu,,2017選抜,2R,prefecture,福岡,西東京,11,8,998.5365,1002.3108,0.494569,4.56,2.3048,1000.8413,1000.006,0.0,-0.0,0,historical
2017|senbatsu||2017選抜|2R|大阪桐蔭|11|静岡|8,2017,senbatsu,,2017選抜,2R,national,大阪,静岡,11,8,1025.9126,1000.7699,0.53612,9.12,4.2306,1030.1431,996.5393,0.0,-0.0,0,historical
2017|senbatsu||2017選抜|2R|福岡大大濠|5|滋賀学園|3,2017,senbatsu,,2017選抜,2R,national,福岡,滋賀,5,3,1000.8413,1004.4816,0.494781,9.12,4.6076,1005.4489,999.874,0.0067,-0.0067,1,historical
2017|senbatsu||2017選抜|2R|健大高崎|10|福井工大福井|2,2017,senbatsu,,2017選抜,2R,national,群馬,福井,10,2,1007.7661,1001.1825,0.509452,9.12,4.4738,1012.2399,996.7087,-0.0074,0.0074,1,historical
2017|senbatsu||2017選抜|QF|履正社|8|盛岡大付|1,2017,senbatsu,,2017選抜,QF,national,大阪,岩手,8,1,1030.1431,993.5119,0.552522,9.12,4.081,1034.2241,989.4309,0.0,-0.0,0,historical
2017|senbatsu||2017選抜|QF|報徳学園|8|福岡大大濠|3,2017,senbatsu,,2017選抜,QF,national,兵庫,福岡,8,3,1000.9756,1005.4489,0.492447,9.12,4.6289,1005.6044,1000.82,-0.3877,0.3877,1,historical
2017|senbatsu||2017選抜|QF|秀岳館|9|健大高崎|2,2017,senbatsu,,2017選抜,QF,national,熊本,群馬,9,2,1001.4032,1012.2399,0.48441,9.12,4.7022,1006.1054,1007.5377,0.0,-0.0,0,historical
2017|senbatsu||2017選抜|QF|大阪桐蔭|4|東海大福岡|2,2017,senbatsu,,2017選抜,QF,national,大阪,福岡,4,2,1034.2241,1000.82,0.547925,9.12,4.1229,1038.3471,996.6971,0.0,-0.0,0,historical
2017|senbatsu||2017選抜|SF|履正社|6|報徳学園|4,2017,senbatsu,,2017選抜,SF,national,大阪,兵庫,6,4,1038.3471,1005.6044,0.547875,9.12,4.1234,1042.4704,1001.4811,0.3132,-0.3132,1,historical
2017|senbatsu||2017選抜|SF|大阪桐蔭|2|秀岳館|1,2017,senbatsu,,2017選抜,SF,national,大阪,熊本,2,1,1042.4704,1006.1054,0.552143,9.12,4.0845,1046.5549,1002.021,0.0,-0.0,0,historical
2017|koshien||2017選手権|1R|彦根東|6|波佐見|5,2017,koshien,,2017選手権,1R,national,滋賀,長崎,6,5,999.874,996.2005,0.505286,11.96,5.9168,1005.7908,990.2837,0.0,-0.0,0,historical
2017|koshien||2017選手権|1R|済美|10|東筑|4,2017,koshien,,2017選手権,1R,national,愛媛,福岡,10,4,998.8489,996.6971,0.503097,11.96,5.943,1004.7919,990.7541,0.0,-0.0,0,historical
2017|koshien||2017選手権|1R|津田学園|7|藤枝明誠|6,2017,koshien,,2017選手権,1R,national,三重,静岡,7,6,992.4,996.5393,0.493132,11.96,6.0621,998.4621,990.4771,-0.3167,0.3167,1,historical
2017|koshien||2017選手権|1R|盛岡大付|4|作新学院|1,2017,koshien,,2017選手権,1R,national,岩手,栃木,4,1,989.4309,998.4762,0.486986,11.96,6.1357,995.5665,992.3405,0.0,-0.0,0,historical
2017|koshien||2017選手権|1R|松商学園|12|土浦日大|3,2017,koshien,,2017選手権,1R,national,長野,茨城,12,3,1000.0494,990.2987,0.514029,11.96,5.8122,1005.8616,984.4864,-0.0,0.0,0,historical
2017|koshien||2017選手権|1R|前橋育英|12|山梨学院|5,2017,koshien,,2017選手権,1R,national,群馬,山梨,12,5,1007.5377,992.5721,0.524724,11.96,5.6843,1013.222,986.8878,1.1142,-1.1142,2,historical
2017|koshien||2017選手権|1R|明徳義塾|6|日大山形|3,2017,koshien,,2017選手権,1R,national,高知,山形,6,3,1005.3408,996.3236,0.512974,11.96,5.8248,1011.1657,990.4988,-0.0,0.0,0,historical
2017|koshien||2017選手権|1R|日本航空石川|6|木更津総合|5,2017,koshien,,2017選手権,1R,national,石川,千葉,6,5,1014.9872,989.5058,0.536605,11.96,5.5422,1020.5294,983.9636,-0.0,0.0,0,historical
2017|koshien||2017選手権|1R|花咲徳栄|9|開星|0,2017,koshien,,2017選手権,1R,national,埼玉,島根,9,0,1011.6032,985.0475,0.538142,11.96,5.5238,1017.127,979.5237,0.0,-0.0,0,historical
2017|koshien||2017選手権|1R|聖光学院|6|おかやま山陽|0,2017,koshien,,2017選手権,1R,national,福島,岡山,6,0,1003.6293,995.215,0.512107,11.96,5.8352,1009.4645,989.3798,-0.0,0.0,0,historical
2017|koshien||2017選手権|1R|聖心ウルスラ|5|早稲田佐賀|2,2017,koshien,,2017選手権,1R,national,宮崎,佐賀,5,2,996.2827,996.1178,0.500237,11.96,5.9772,1002.2598,990.1406,-0.0,0.0,0,historical
2017|koshien||2017選手権|1R|広陵|10|中京大中京|6,2017,koshien,,2017選手権,1R,national,広島,愛知,10,6,1004.0279,1001.9652,0.504086,11.96,5.9311,1009.9591,996.0341,0.3882,-0.3882,1,historical
2017|koshien||2017選手権|1R|秀岳館|6|横浜|4,2017,koshien,,2017選手権,1R,national,熊本,神奈川,6,4,1002.021,1010.9858,0.487101,11.96,6.1343,1008.1552,1004.8516,0.0,-0.0,0,historical
2017|koshien||2017選手権|1R|智弁和歌山|9|興南|6,2017,koshien,,2017選手権,1R,national,和歌山,沖縄,9,6,996.2827,1003.6314,0.489426,11.96,6.1065,1002.3891,997.5249,0.0,-0.0,0,historical
2017|koshien||2017選手権|1R|大阪桐蔭|8|米子松蔭|1,2017,koshien,,2017選手権,1R,national,大阪,鳥取,8,1,1046.5549,1011.2781,0.550594,11.96,5.3749,1051.9298,1005.9032,0.0,-0.0,0,historical
2017|koshien||2017選手権|1R|仙台育英|15|滝川西|3,2017,koshien,,2017選手権,1R,prefecture,宮城,北北海道,15,3,1013.826,992.8583,0.530138,5.52,2.5936,1016.4196,990.2647,-0.0,0.0,0,historical
2017|koshien||2017選手権|1R|日本文理|9|鳴門渦潮|5,2017,koshien,,2017選手権,1R,national,新潟,徳島,9,5,992.7246,992.4831,0.500348,11.96,5.9758,998.7005,986.5073,-0.0,0.0,0,historical
2017|koshien||2017選手権|2R|神戸国際大付|5|北海|4,2017,koshien,,2017選手権,2R,prefecture,兵庫,南北海道,5,4,1001.4811,1002.5941,0.498398,5.52,2.7688,1004.2499,999.8252,0.0,-0.0,0,historical
2017|koshien||2017選手権|2R|天理|6|大垣日大|0,2017,koshien,,2017選手権,2R,national,奈良,岐阜,6,0,991.427,995.5178,0.494113,11.96,6.0504,997.4774,989.4674,0.0,-0.0,0,historical
2017|koshien||2017選手権|2R|三本松|9|下関国際|4,2017,koshien,,2017選手権,2R,national,香川,山口,9,4,996.3713,995.665,0.501017,11.96,5.9678,1002.3392,989.6971,-0.0,0.0,0,historical
2017|koshien||2017選手権|2R|二松学舎大付|14|明桜|2,2017,koshien,,2017選手権,2R,prefecture,東東京,秋田,14,2,1000.0,988.69,0.516271,5.52,2.6702,1002.6702,986.0199,0.0,-0.0,0,historical
2017|koshien||2017選手権|2R|明豊|7|坂井|6,2017,koshien,,2017選手権,2R,national,大分,福井,7,6,996.158,996.7087,0.499207,11.96,5.9895,1002.1475,990.7192,0.0,-0.0,0,historical
2017|koshien||2017選手権|2R|神村学園|3|京都成章|2,2017,koshien,,2017選手権,2R,national,鹿児島,京,3,2,1025.8662,996.2,0.54259,11.96,5.4706,1031.3368,990.7294,-0.0,0.0,0,historical
2017|koshien||2017選手権|2R|東海大菅生|11|高岡商|1,2017,koshien,,2017選手権,2R,prefecture,西東京,富山,11,1,1000.006,987.7933,0.517568,5.52,2.663,1002.6691,985.1303,-0.0,0.0,0,historical
2017|koshien||2017選手権|2R|青森山田|6|彦根東|2,2017,koshien,,2017選手権,2R,national,青森,滋賀,6,2,1003.9051,1005.7908,0.497286,11.96,6.0125,1009.9176,999.7783,-0.0,0.0,0,historical
2017|koshien||2017選手権|2R|済美|7|津田学園|1,2017,koshien,,2017選手権,2R,national,愛媛,三重,7,1,1004.7919,998.4621,0.509108,11.96,5.8711,1010.6629,992.5911,-0.0,0.0,0,historical
2017|koshien||2017選手権|2R|盛岡大付|6|松商学園|3,2017,koshien,,2017選手権,2R,national,岩手,長野,6,3,995.5665,1005.8616,0.485189,11.96,6.1571,1001.7237,999.7044,0.0,-0.0,0,historical
2017|koshien||2017選手権|2R|前橋育英|3|明徳義塾|1,2017,koshien,,2017選手権,2R,national,群馬,高知,3,1,1013.222,1011.1657,0.502959,11.96,5.9446,1019.1666,1005.2211,0.0,-0.0,0,historical
2017|koshien||2017選手権|2R|花咲徳栄|9|日本航空石川|3,2017,koshien,,2017選手権,2R,national,埼玉,石川,9,3,1017.127,1020.5294,0.495104,11.96,6.0386,1023.1655,1014.4908,0.0,-0.0,0,historical
2017|koshien||2017選手権|2R|聖光学院|5|聖心ウルスラ|4,2017,koshien,,2017選手権,2R,national,福島,宮崎,5,4,1009.4645,1002.2598,0.510367,11.96,5.856,1015.3205,996.4038,-0.0,0.0,0,historical
2017|koshien||2017選手権|2R|広陵|6|秀岳館|1,2017,koshien,,2017選手権,2R,national,広島,熊本,6,1,1009.9591,1008.1552,0.502596,11.96,5.949,1015.908,1002.2063,0.0,-0.0,0,historical
2017|koshien||2017選手権|2R|大阪桐蔭|2|智弁和歌山|1,2017,koshien,,2017選手権,2R,national,大阪,和歌山,2,1,1051.9298,1002.3891,0.571689,11.96,5.1226,1057.0524,997.2665,0.3098,-0.3098,1,historical
2017|koshien||2017選手権|2R|仙台育英|1|日本文理|0,2017,koshien,,2017選手権,2R,national,宮城,新潟,1,0,1016.4196,998.7005,0.525478,11.96,5.6753,1022.0949,993.0252,0.0,-0.0,0,historical
2017|koshien||2017選手権|3R|天理|2|神戸国際大付|1,2017,koshien,,2017選手権,3R,national,奈良,兵庫,2,1,997.4774,1004.2499,0.490255,11.96,6.0966,1003.5739,998.1533,-0.0,0.0,0,historical
2017|koshien||2017選手権|3R|三本松|5|二松学舎大付|2,2017,koshien,,2017選手権,3R,prefecture,香川,東東京,5,2,1002.3392,1002.6702,0.499524,5.52,2.7626,1005.1018,999.9076,-0.0,0.0,0,historical
2017|koshien||2017選手権|3R|明豊|9|神村学園|8,2017,koshien,,2017選手権,3R,national,大分,鹿児島,9,8,1002.1475,1031.3368,0.458092,11.96,6.4812,1008.6287,1024.8556,0.0,-0.0,0,historical
2017|koshien||2017選手権|3R|東海大菅生|9|青森山田|1,2017,koshien,,2017選手権,3R,prefecture,西東京,青森,9,1,1002.6691,1009.9176,0.48957,5.52,2.8176,1005.4866,1007.1,0.0,-0.0,0,historical
2017|koshien||2017選手権|3R|盛岡大付|12|済美|7,2017,koshien,,2017選手権,3R,national,岩手,愛媛,12,7,1001.7237,1010.6629,0.487138,11.96,6.1338,1007.8575,1004.5291,0.0,-0.0,0,historical
2017|koshien||2017選手権|3R|花咲徳栄|10|前橋育英|4,2017,koshien,,2017選手権,3R,national,埼玉,群馬,10,4,1023.1655,1019.1666,0.506691,11.96,5.9,1029.0655,1013.2666,0.3254,-0.3254,1,historical
2017|koshien||2017選手権|3R|広陵|6|聖光学院|4,2017,koshien,,2017選手権,3R,national,広島,福島,6,4,1015.908,1015.3205,0.500846,11.96,5.9699,1021.8779,1009.3506,0.0,-0.0,0,historical
2017|koshien||2017選手権|3R|仙台育英|2|大阪桐蔭|1,2017,koshien,,2017選手権,3R,national,宮城,大阪,2,1,1022.0949,1057.0524,0.449861,11.96,6.5797,1028.6746,1050.4727,-0.0,0.0,0,historical
2017|koshien||2017選手権|QF|東海大菅生|9|三本松|1,2017,koshien,,2017選手権,QF,prefecture,西東京,香川,9,1,1005.4866,1005.1018,0.500554,5.52,2.7569,1008.2436,1002.3449,0.0,-0.0,0,historical
2017|koshien||2017選手権|QF|天理|13|明豊|9,2017,koshien,,2017選手権,QF,national,奈良,大分,13,9,1003.5739,1008.6287,0.492726,11.96,6.067,1009.6409,1002.5617,-0.0,0.0,0,historical
2017|koshien||2017選手権|QF|広陵|10|仙台育英|4,2017,koshien,,2017選手権,QF,national,広島,宮城,10,4,1021.8779,1028.6746,0.49022,11.96,6.097,1027.9749,1022.5776,-0.0,0.0,0,historical
2017|koshien||2017選手権|QF|花咲徳栄|10|盛岡大付|1,2017,koshien,,2017選手権,QF,national,埼玉,岩手,10,1,1029.0655,1007.8575,0.530483,11.96,5.6154,1034.6809,1002.2421,0.0,-0.0,0,historical
2017|koshien||2017選手権|SF|広陵|12|天理|9,2017,koshien,,2017選手権,SF,national,広島,奈良,12,9,1027.9749,1009.6409,0.52636,11.96,5.6647,1033.6396,1003.9762,-0.0,0.0,0,historical
2017|koshien||2017選手権|SF|花咲徳栄|9|東海大菅生|6,2017,koshien,,2017選手権,SF,prefecture,埼玉,西東京,9,6,1034.6809,1008.2436,0.537967,5.52,2.5504,1037.2314,1005.6932,-0.0023,0.0023,2,historical
2017|koshien||2017選手権|F|花咲徳栄|14|広陵|4,2017,koshien,,2017選手権,F,national,埼玉,広島,14,4,1037.2314,1033.6396,0.505169,11.96,5.9182,1043.1495,1027.7214,0.0,-0.0,0,historical
2017|autumn||2017秋季北海道地区大会|1R|旭川実|2|北照|1,2017,autumn,,2017秋季北海道地区大会,1R,regional,北北海道,南北海道,2,1,990.2647,999.8252,0.479645,8.0,4.1628,994.4275,995.6624,-2.2955,2.2955,6,historical
2017|autumn||2017秋季北海道地区大会|1R|旭川龍谷|11|函館大柏稜|0,2017,autumn,,2017秋季北海道地区大会,1R,regional,北北海道,南北海道,11,0,994.4275,995.6624,0.495222,8.0,4.0382,998.4657,991.6242,-1.0426,1.0426,7,historical
2017|autumn||2017秋季北海道地区大会|2R|北海道栄|4|帯広農|0,2017,autumn,,2017秋季北海道地区大会,2R,regional,南北海道,北北海道,4,0,991.6242,998.4657,0.489013,8.0,4.0879,995.7121,994.3778,-0.3973,0.3973,8,historical
2017|autumn||2017秋季北海道地区大会|2R|稚内大谷|6|札幌山の手|3,2017,autumn,,2017秋季北海道地区大会,2R,regional,北北海道,南北海道,6,3,994.3778,995.7121,0.494619,8.0,4.043,998.4209,991.669,-1.2025,1.2025,9,historical
2017|autumn||2017秋季北海道地区大会|2R|函館工|9|武修館|4,2017,autumn,,2017秋季北海道地区大会,2R,regional,南北海道,北北海道,9,4,991.669,998.4209,0.489068,8.0,4.0875,995.7565,994.3334,-0.4227,0.4227,10,historical
2017|autumn||2017秋季北海道地区大会|2R|旭川実|8|札幌大谷|3,2017,autumn,,2017秋季北海道地区大会,2R,regional,北北海道,南北海道,8,3,994.3334,995.7565,0.494112,8.0,4.0471,998.3805,991.7094,-1.3343,1.3343,11,historical
2017|autumn||2017秋季北海道地区大会|2R|立命館慶祥|6|釧路明輝|3,2017,autumn,,2017秋季北海道地区大会,2R,regional,南北海道,北北海道,6,3,991.7094,998.3805,0.489139,8.0,4.0869,995.7962,994.2936,-0.4384,0.4384,12,historical
2017|autumn||2017秋季北海道地区大会|2R|駒大苫小牧|8|白樺学園|1,2017,autumn,,2017秋季北海道地区大会,2R,regional,南北海道,北北海道,8,1,995.7962,994.2936,0.506322,8.0,3.9494,999.7457,990.3442,1.4452,-1.4452,13,historical
2017|autumn||2017秋季北海道地区大会|2R|札幌日大|9|クラーク国際|5,2017,autumn,,2017秋季北海道地区大会,2R,regional,南北海道,北北海道,9,5,999.7457,990.3442,0.523214,8.0,3.8143,1003.56,986.5299,3.3706,-3.3706,14,historical
2017|autumn||2017秋季北海道地区大会|QF|札幌日大|12|旭川龍谷|6,2017,autumn,,2017秋季北海道地区大会,QF,regional,南北海道,北北海道,12,6,1003.56,986.5299,0.539736,8.0,3.6821,1007.2421,982.8478,5.32,-5.32,15,historical
2017|autumn||2017秋季北海道地区大会|SF|旭川実|4|北海道栄|3,2017,autumn,,2017秋季北海道地区大会,SF,regional,北北海道,南北海道,4,3,982.8478,1007.2421,0.444176,8.0,4.4466,987.2944,1002.7955,-7.2793,7.2793,16,historical
2017|autumn||2017秋季北海道地区大会|F|駒大苫小牧|12|旭川実|10,2017,autumn,,2017秋季北海道地区大会,F,regional,南北海道,北北海道,12,10,1002.7955,987.2944,0.537083,8.0,3.7033,1006.4988,983.5911,5.1571,-5.1571,17,historical
2017|autumn||2017秋季東北地区大会|1R|八戸学院光星|9|一関学院|2,2017,autumn,,2017秋季東北地区大会,1R,regional,青森,岩手,9,2,1007.1,1002.2421,0.507892,8.0,3.9369,1011.0369,998.3052,0.3133,-0.3133,1,historical
2017|autumn||2017秋季東北地区大会|1R|日大山形|7|学法石川|2,2017,autumn,,2017秋季東北地区大会,1R,regional,山形,福島,7,2,990.4988,1009.3506,0.471988,8.0,4.2241,994.7229,1005.1265,-0.3167,0.3167,1,historical
2017|autumn||2017秋季東北地区大会|2R|利府|7|青森山田|6,2017,autumn,,2017秋季東北地区大会,2R,regional,宮城,青森,7,6,1022.5776,1011.0369,0.521957,8.0,3.8243,1026.402,1007.2125,1.8633,-1.8633,4,historical
2017|autumn||2017秋季東北地区大会|2R|聖光学院|7|仙台南|0,2017,autumn,,2017秋季東北地区大会,2R,regional,福島,宮城,7,0,1005.1265,1026.402,0.468513,8.0,4.2519,1009.3784,1022.1501,-0.3166,0.3166,1,historical
2017|autumn||2017秋季東北地区大会|2R|由利工|5|弘前東|4,2017,autumn,,2017秋季東北地区大会,2R,regional,秋田,青森,5,4,986.0199,1007.2125,0.468641,8.0,4.2509,990.2707,1002.9617,-0.3132,0.3132,1,historical
2017|autumn||2017秋季東北地区大会|2R|花巻東|5|角館|2,2017,autumn,,2017秋季東北地区大会,2R,regional,岩手,秋田,5,2,998.3052,990.2707,0.51156,8.0,3.9075,1002.2127,986.3632,0.0,-0.0,0,historical
2017|autumn||2017秋季東北地区大会|2R|日大山形|1|仙台育英|0,2017,autumn,,2017秋季東北地区大会,2R,regional,山形,宮城,1,0,994.7229,1022.1501,0.457426,8.0,4.3406,999.0635,1017.8095,-1.1141,1.1141,2,historical
2017|autumn||2017秋季東北地区大会|2R|能代松陽|2|八戸学院光星|1,2017,autumn,,2017秋季東北地区大会,2R,regional,秋田,青森,2,1,986.3632,1002.9617,0.476343,8.0,4.1893,990.5525,998.7724,0.0739,-0.0739,2,historical
2017|autumn||2017秋季東北地区大会|2R|黒沢尻工|4|東海大山形|2,2017,autumn,,2017秋季東北地区大会,2R,regional,岩手,山形,4,2,1002.2127,999.0635,0.504532,8.0,3.9637,1006.1765,995.0997,-0.0,0.0,0,historical
2017|autumn||2017秋季東北地区大会|2R|酒田南|8|光南|6,2017,autumn,,2017秋季東北地区大会,2R,regional,山形,福島,8,6,995.0997,1009.3784,0.479645,8.0,4.1628,999.2626,1005.2156,0.0635,-0.0635,2,historical
2017|autumn||2017秋季東北地区大会|QF|能代松陽|7|黒沢尻工|0,2017,autumn,,2017秋季東北地区大会,QF,regional,秋田,岩手,7,0,990.5525,1006.1765,0.476595,8.0,4.1872,994.7397,1001.9892,-0.3256,0.3256,1,historical
2017|autumn||2017秋季東北地区大会|QF|聖光学院|15|利府|0,2017,autumn,,2017秋季東北地区大会,QF,regional,福島,宮城,15,0,1005.2156,1017.8095,0.482079,8.0,4.1434,1009.3589,1013.6661,0.0679,-0.0679,2,historical
2017|autumn||2017秋季東北地区大会|QF|花巻東|4|由利工|2,2017,autumn,,2017秋季東北地区大会,QF,regional,岩手,秋田,4,2,1001.9892,994.7397,0.510311,8.0,3.9175,1005.9067,990.8222,-0.042,0.042,2,historical
2017|autumn||2017秋季東北地区大会|SF|聖光学院|16|能代松陽|2,2017,autumn,,2017秋季東北地区大会,SF,regional,福島,秋田,16,2,1009.3589,990.8222,0.526651,8.0,3.7868,1013.1457,987.0354,0.0,-0.0,0,historical
2017|autumn||2017秋季東北地区大会|SF|花巻東|6|日大山形|4,2017,autumn,,2017秋季東北地区大会,SF,regional,岩手,山形,6,4,1005.9067,999.2626,0.510511,8.0,3.9159,1009.8227,995.3467,0.3303,-0.3303,1,historical
2017|autumn||2017秋季東北地区大会|F|聖光学院|6|花巻東|4,2017,autumn,,2017秋季東北地区大会,F,regional,福島,岩手,6,4,1013.1457,1009.8227,0.508006,8.0,3.936,1017.0817,1005.8867,1.1203,-1.1203,2,historical
2017|autumn||2017秋季関東地区大会|1R|国学院栃木|2|市川越|1,2017,autumn,,2017秋季関東地区大会,1R,regional,栃木,埼玉,2,1,992.3405,1043.1495,0.427397,8.0,4.5808,996.9214,1038.5687,-0.0,0.0,0,historical
2017|autumn||2017秋季関東地区大会|1R|作新学院|9|関東学園大付|4,2017,autumn,,2017秋季関東地区大会,1R,regional,栃木,群馬,9,4,996.9214,1013.2666,0.476495,8.0,4.188,1001.1094,1009.0786,0.0,-0.0,0,historical
2017|autumn||2017秋季関東地区大会|1R|慶応|5|拓大紅陵|4,2017,autumn,,2017秋季関東地区大会,1R,regional,神奈川,千葉,5,4,1004.8516,983.9636,0.530922,8.0,3.7526,1008.6042,980.2109,0.3132,-0.3132,1,historical
2017|autumn||2017秋季関東地区大会|1R|明秀日立|7|山梨学院|3,2017,autumn,,2017秋季関東地区大会,1R,regional,茨城,山梨,7,3,984.4864,986.8878,0.496544,8.0,4.0276,988.5141,982.8602,-0.0,0.0,0,historical
2017|autumn||2017秋季関東地区大会|1R|健大高崎|3|桐光学園|1,2017,autumn,,2017秋季関東地区大会,1R,regional,群馬,神奈川,3,1,1009.0786,1008.6042,0.499762,8.0,4.0019,1013.0805,1004.6023,-0.32,0.32,1,historical
2017|autumn||2017秋季関東地区大会|1R|中央学院|6|花咲徳栄|3,2017,autumn,,2017秋季関東地区大会,1R,regional,千葉,埼玉,6,3,980.2109,1038.5687,0.416797,8.0,4.6656,984.8766,1033.9031,0.0,-0.0,0,historical
2017|autumn||2017秋季関東地区大会|1R|霞ヶ浦|13|東海大甲府|9,2017,autumn,,2017秋季関東地区大会,1R,regional,茨城,山梨,13,9,988.5141,982.8602,0.509102,8.0,3.9272,992.4413,978.933,0.3356,-0.3356,1,historical
2017|autumn||2017秋季関東地区大会|QF|慶応|3|国学院栃木|2,2017,autumn,,2017秋季関東地区大会,QF,regional,神奈川,栃木,3,2,1004.6023,1001.1094,0.505924,8.0,3.9526,1008.5549,997.1568,0.3119,-0.3119,1,historical
2017|autumn||2017秋季関東地区大会|QF|中央学院|5|霞ヶ浦|1,2017,autumn,,2017秋季関東地区大会,QF,regional,千葉,茨城,5,1,984.8766,992.4413,0.489115,8.0,4.0871,988.9636,988.3542,0.0,-0.0,0,historical
2017|autumn||2017秋季関東地区大会|QF|明秀日立|7|健大高崎|5,2017,autumn,,2017秋季関東地区大会,QF,regional,茨城,群馬,7,5,988.3542,1013.0805,0.463569,8.0,4.2914,992.6456,1008.7891,-0.3167,0.3167,1,historical
2017|autumn||2017秋季関東地区大会|QF|東海大相模|12|作新学院|1,2017,autumn,,2017秋季関東地区大会,QF,regional,神奈川,栃木,12,1,1008.5549,997.1568,0.519715,8.0,3.8423,1012.3972,993.3145,1.1543,-1.1543,2,historical
2017|autumn||2017秋季関東地区大会|SF|明秀日立|7|慶応|4,2017,autumn,,2017秋季関東地区大会,SF,regional,茨城,神奈川,7,4,992.6456,1012.3972,0.470707,8.0,4.2343,996.88,1008.1628,-0.3132,0.3132,1,historical
2017|autumn||2017秋季関東地区大会|SF|中央学院|3|東海大相模|2,2017,autumn,,2017秋季関東地区大会,SF,regional,千葉,神奈川,3,2,988.9636,1008.1628,0.469166,8.0,4.2467,993.2103,1003.9162,-1.1267,1.1267,2,historical
2017|autumn||2017秋季関東地区大会|F|中央学院|6|明秀日立|5,2017,autumn,,2017秋季関東地区大会,F,regional,千葉,茨城,6,5,993.2103,996.88,0.495699,8.0,4.0344,997.2447,992.8456,0.3406,-0.3406,1,historical
2017|autumn||2017秋季東京地区大会|1R|東海大高輪台|9|明治|7,2017,autumn,,2017秋季東京地区大会,1R,prefecture,東東京,東京,9,7,999.9076,1000.0,0.499867,4.8,2.4006,1002.3082,997.5994,-0.0,0.0,0,historical
2017|autumn||2017秋季東京地区大会|1R|日野|8|東京成徳大高|7,2017,autumn,,2017秋季東京地区大会,1R,prefecture,西東京,東東京,8,7,1005.6932,1002.3082,0.504871,4.8,2.3766,1008.0698,999.9316,-0.0,0.0,0,historical
2017|autumn||2017秋季東京地区大会|1R|関東一|11|専大付|4,2017,autumn,,2017秋季東京地区大会,1R,prefecture,東東京,西東京,11,4,999.9316,1008.0698,0.487721,4.8,2.4589,1002.3905,1005.6108,-0.1981,0.1981,1,historical
2017|autumn||2017秋季東京地区大会|1R|郁文館|8|総合工科|1,2017,autumn,,2017秋季東京地区大会,1R,prefecture,東東京,西東京,8,1,1002.3905,1005.6108,0.495401,4.8,2.4221,1004.8126,1003.1888,0.0123,-0.0123,2,historical
2017|autumn||2017秋季東京地区大会|1R|佼成学園|3|堀越|2,2017,autumn,,2017秋季東京地区大会,1R,prefecture,西東京,東東京,3,2,1003.1888,1004.8126,0.496189,4.8,2.4183,1005.6071,1002.3943,-0.5123,0.5123,3,historical
2017|autumn||2017秋季東京地区大会|1R|共栄学園|5|城西|3,2017,autumn,,2017秋季東京地区大会,1R,prefecture,東東京,東京,5,3,1002.3943,997.5994,0.507476,4.8,2.3641,1004.7584,995.2352,0.2001,-0.2001,1,historical
2017|autumn||2017秋季東京地区大会|1R|日大三|7|城東|1,2017,autumn,,2017秋季東京地区大会,1R,prefecture,西東京,東東京,7,1,1005.6071,1004.7584,0.501159,4.8,2.3944,1008.0015,1002.364,-0.0215,0.0215,4,historical
2017|autumn||2017秋季東京地区大会|1R|修徳|6|国学院久我山|1,2017,autumn,,2017秋季東京地区大会,1R,prefecture,東東京,西東京,6,1,1002.364,1008.0015,0.489972,4.8,2.4481,1004.8121,1005.5534,-0.6659,0.6659,5,historical
2017|autumn||2017秋季東京地区大会|1R|明大中野|9|府中工|2,2017,autumn,,2017秋季東京地区大会,1R,prefecture,東東京,西東京,9,2,1004.8121,1005.5534,0.499063,4.8,2.4045,1007.2166,1003.1489,0.0449,-0.0449,6,historical
2017|autumn||2017秋季東京地区大会|1R|帝京|9|練馬|1,2017,autumn,,2017秋季東京地区大会,1R,prefecture,東東京,西東京,9,1,1007.2166,1003.1489,0.508416,4.8,2.3596,1009.5762,1000.7893,0.8905,-0.8905,7,historical
2017|autumn||2017秋季東京地区大会|1R|明大中野八王子|9|日野台|0,2017,autumn,,2017秋季東京地区大会,1R,prefecture,東東京,西東京,9,0,1009.5762,1000.7893,0.517931,4.8,2.3139,1011.8901,998.4753,1.839,-1.839,8,historical
2017|autumn||2017秋季東京地区大会|1R|葛飾野|5|工学院大付|3,2017,autumn,,2017秋季東京地区大会,1R,prefecture,東東京,西東京,5,3,1011.8901,998.4753,0.527526,4.8,2.2679,1014.158,996.2075,2.8659,-2.8659,9,historical
2017|autumn||2017秋季東京地区大会|1R|東京|9|ＩＣＵ|2,2017,autumn,,2017秋季東京地区大会,1R,prefecture,東東京,西東京,9,2,1014.158,996.2075,0.53714,4.8,2.2217,1016.3797,993.9857,3.9524,-3.9524,10,historical
2017|autumn||2017秋季東京地区大会|1R|早稲田実|10|東京実|0,2017,autumn,,2017秋季東京地区大会,1R,prefecture,西東京,東東京,10,0,993.9857,1016.3797,0.453278,4.8,2.6243,996.61,1013.7555,-5.0835,5.0835,11,historical
2017|autumn||2017秋季東京地区大会|1R|桜美林|2|二松学舎大付|1,2017,autumn,,2017秋季東京地区大会,1R,prefecture,西東京,東東京,2,1,996.61,1013.7555,0.463625,4.8,2.5746,999.1846,1011.1809,-4.0874,4.0874,12,historical
2017|autumn||2017秋季東京地区大会|1R|世田谷学園|3|上野学園|0,2017,autumn,,2017秋季東京地区大会,1R,prefecture,西東京,東東京,3,0,999.1846,1011.1809,0.474062,4.8,2.5245,1001.7091,1008.6564,-3.0218,3.0218,13,historical
2017|autumn||2017秋季東京地区大会|1R|明星|8|紅葉川|0,2017,autumn,,2017秋季東京地区大会,1R,prefecture,西東京,東東京,8,0,1001.7091,1008.6564,0.484534,4.8,2.4742,1004.1833,1006.1821,-1.9015,1.9015,14,historical
2017|autumn||2017秋季東京地区大会|2R|日大三|10|修徳|3,2017,autumn,,2017秋季東京地区大会,2R,prefecture,西東京,東東京,10,3,1004.1833,1006.1821,0.494998,4.8,2.424,1006.6073,1003.7581,-0.7385,0.7385,15,historical
2017|autumn||2017秋季東京地区大会|2R|帝京|9|創価|3,2017,autumn,,2017秋季東京地区大会,2R,prefecture,東東京,西東京,9,3,1003.7581,1006.6073,0.494584,4.8,2.426,1006.1841,1004.1813,-0.4571,0.4571,16,historical
2017|autumn||2017秋季東京地区大会|2R|日本ウェルネス|9|秋留台|1,2017,autumn,,2017秋季東京地区大会,2R,prefecture,東東京,西東京,9,1,1006.1841,1004.1813,0.505101,4.8,2.3755,1008.5596,1001.8058,0.771,-0.771,17,historical
2017|autumn||2017秋季東京地区大会|2R|日大豊山|3|桜美林|1,2017,autumn,,2017秋季東京地区大会,2R,prefecture,東東京,西東京,3,1,1008.5596,1001.8058,0.515524,4.8,2.3255,1010.8851,999.4803,2.0184,-2.0184,18,historical
2017|autumn||2017秋季東京地区大会|2R|岩倉|4|八王子|3,2017,autumn,,2017秋季東京地区大会,2R,prefecture,東東京,西東京,4,3,1010.8851,999.4803,0.525827,4.8,2.276,1013.1612,997.2043,3.279,-3.279,19,historical
2017|autumn||2017秋季東京地区大会|2R|東大和|5|東京|4,2017,autumn,,2017秋季東京地区大会,2R,prefecture,西東京,東東京,5,4,997.2043,1013.1612,0.46401,4.8,2.5728,999.7771,1010.5884,-4.5476,4.5476,20,historical
2017|autumn||2017秋季東京地区大会|2R|佼成学園|2|明大中野八王子|0,2017,autumn,,2017秋季東京地区大会,2R,prefecture,西東京,東東京,2,0,999.7771,1010.5884,0.475214,4.8,2.519,1002.296,1008.0694,-3.213,3.213,21,historical
2017|autumn||2017秋季東京地区大会|2R|錦城学園|7|中大付|0,2017,autumn,,2017秋季東京地区大会,2R,prefecture,東東京,西東京,7,0,1008.0694,1002.296,0.513683,4.8,2.3343,1010.4038,999.9617,1.8684,-1.8684,22,historical
2017|autumn||2017秋季東京地区大会|2R|立正大立正|3|聖パウロ学園|2,2017,autumn,,2017秋季東京地区大会,2R,prefecture,東東京,西東京,3,2,1010.4038,999.9617,0.524188,4.8,2.2839,1012.6876,997.6778,3.1893,-3.1893,23,historical
2017|autumn||2017秋季東京地区大会|2R|昭和|3|共栄学園|2,2017,autumn,,2017秋季東京地区大会,2R,prefecture,西東京,東東京,3,2,997.6778,1012.6876,0.465477,4.8,2.5657,1000.2435,1010.1219,-4.5086,4.5086,24,historical
2017|autumn||2017秋季東京地区大会|2R|早稲田実|5|関東一|1,2017,autumn,,2017秋季東京地区大会,2R,prefecture,西東京,東東京,5,1,1000.2435,1010.1219,0.476888,4.8,2.5109,1002.7545,1007.611,-3.0964,3.0964,25,historical
2017|autumn||2017秋季東京地区大会|3R|東海大高輪台|11|東大和|0,2017,autumn,,2017秋季東京地区大会,3R,prefecture,東東京,西東京,11,0,1007.611,1002.7545,0.511838,4.8,2.3432,1009.9542,1000.4113,1.6854,-1.6854,26,historical
2017|autumn||2017秋季東京地区大会|3R|佼成学園|7|高島|0,2017,autumn,,2017秋季東京地区大会,3R,prefecture,西東京,東東京,7,0,1000.4113,1009.9542,0.477486,4.8,2.5081,1002.9194,1007.4461,-3.0559,3.0559,27,historical
2017|autumn||2017秋季東京地区大会|3R|明星|3|岩倉|2,2017,autumn,,2017秋季東京地区大会,3R,prefecture,西東京,東東京,3,2,1002.9194,1007.4461,0.48883,4.8,2.4536,1005.373,1004.9925,-1.6181,1.6181,28,historical
2017|autumn||2017秋季東京地区大会|QF|日大三|12|帝京|5,2017,autumn,,2017秋季東京地区大会,QF,regional,西東京,東東京,12,5,1005.373,1004.9925,0.500006,8.0,4.0,1009.3729,1000.9925,-0.1882,0.1882,29,historical
2017|autumn||2017秋季東京地区大会|QF|日大豊山|4|明星|2,2017,autumn,,2017秋季東京地区大会,QF,regional,東東京,西東京,4,2,1000.9925,1009.3729,0.481677,8.0,4.1466,1005.1391,1005.2263,-2.1788,2.1788,30,historical
2017|autumn||2017秋季東京地区大会|QF|佼成学園|8|東海大高輪台|2,2017,autumn,,2017秋季東京地区大会,QF,regional,西東京,東東京,8,2,1005.2263,1005.1391,0.499325,8.0,4.0054,1009.2317,1001.1337,-0.2783,0.2783,31,historical
2017|autumn||2017秋季東京地区大会|QF|国士舘|4|立正大立正|1,2017,autumn,,2017秋季東京地区大会,QF,regional,西東京,東東京,4,1,1009.2317,1001.1337,0.517757,8.0,3.8579,1013.0897,997.2758,2.1232,-2.1232,32,historical
2017|autumn||2017秋季東京地区大会|SF|日大三|12|日大豊山|2,2017,autumn,,2017秋季東京地区大会,SF,regional,西東京,東東京,12,2,1013.0897,997.2758,0.535549,8.0,3.7156,1016.8053,993.5602,4.465,-4.465,33,historical
2017|autumn||2017秋季北信越地区大会|1R|富山商|6|金沢学院|3,2017,autumn,,2017秋季北信越地区大会,1R,regional,富山,石川,6,3,985.1303,1014.4908,0.456962,8.0,4.3443,989.4746,1010.1465,-0.3097,0.3097,1,historical
2017|autumn||2017秋季北信越地区大会|1R|坂井|2|佐久長聖|1,2017,autumn,,2017秋季北信越地区大会,1R,regional,福井,長野,2,1,990.7192,999.7044,0.486151,8.0,4.1108,994.83,995.5937,-0.3201,0.3201,1,historical
2017|autumn||2017秋季北信越地区大会|1R|日本航空石川|4|高岡商|0,2017,autumn,,2017秋季北信越地区大会,1R,regional,石川,富山,4,0,1010.1465,989.4746,0.529444,8.0,3.7644,1013.9109,985.7101,-0.0942,0.0942,2,historical
2017|autumn||2017秋季北信越地区大会|1R|日本文理|6|福井工大福井|4,2017,autumn,,2017秋季北信越地区大会,1R,regional,新潟,福井,6,4,993.0252,994.83,0.496491,8.0,4.0281,997.0532,990.802,-0.3167,0.3167,1,historical
2017|autumn||2017秋季北信越地区大会|1R|北越|5|日本ウェルネス筑北|0,2017,autumn,,2017秋季北信越地区大会,1R,regional,新潟,長野,5,0,997.0532,995.5937,0.502132,8.0,3.9829,1001.0362,991.6107,0.0109,-0.0109,2,historical
2017|autumn||2017秋季北信越地区大会|1R|星稜|1|北陸|0,2017,autumn,,2017秋季北信越地区大会,1R,regional,石川,福井,1,0,1013.9109,990.802,0.533208,8.0,3.7343,1017.6453,987.0676,0.0,-0.0,0,historical
2017|autumn||2017秋季北信越地区大会|1R|松商学園|11|金津|1,2017,autumn,,2017秋季北信越地区大会,1R,regional,長野,福井,11,1,991.6107,987.0676,0.506421,8.0,3.9486,995.5593,983.119,-0.0404,0.0404,2,historical
2017|autumn||2017秋季北信越地区大会|1R|富山国際大付|4|中越|3,2017,autumn,,2017秋季北信越地区大会,1R,regional,富山,新潟,4,3,985.7101,1001.0362,0.477029,8.0,4.1838,989.8939,996.8524,-0.3236,0.3236,1,historical
2017|autumn||2017秋季北信越地区大会|QF|富山商|6|坂井|1,2017,autumn,,2017秋季北信越地区大会,QF,regional,富山,福井,6,1,989.8939,983.119,0.509749,8.0,3.922,993.8159,979.197,0.0,-0.0,0,historical
2017|autumn||2017秋季北信越地区大会|QF|日本航空石川|7|日本文理|1,2017,autumn,,2017秋季北信越地区大会,QF,regional,石川,新潟,7,1,1017.6453,996.8524,0.533083,8.0,3.7353,1021.3806,993.1171,1.1146,-1.1146,2,historical
2017|autumn||2017秋季北信越地区大会|QF|星稜|7|北越|5,2017,autumn,,2017秋季北信越地区大会,QF,regional,石川,新潟,7,5,1021.3806,993.1171,0.547108,8.0,3.6231,1025.0038,989.4939,2.2839,-2.2839,3,historical
2017|autumn||2017秋季北信越地区大会|QF|富山国際大付|2|松商学園|0,2017,autumn,,2017秋季北信越地区大会,QF,regional,富山,長野,2,0,993.8159,995.5593,0.497491,8.0,4.0201,997.836,991.5393,0.0,-0.0,0,historical
2017|autumn||2017秋季北信越地区大会|SF|日本航空石川|7|富山商|2,2017,autumn,,2017秋季北信越地区大会,SF,regional,石川,富山,7,2,1025.0038,997.836,0.540853,8.0,3.6732,1028.6769,994.1628,0.6416,-0.6416,3,historical
2017|autumn||2017秋季北信越地区大会|SF|星稜|7|富山国際大付|0,2017,autumn,,2017秋季北信越地区大会,SF,regional,石川,富山,7,0,1028.6769,994.1628,0.554354,8.0,3.5652,1032.2421,990.5976,1.7024,-1.7024,4,historical
2017|autumn||2017秋季東海地区大会|1R|常葉大橘|2|愛産大三河|1,2017,autumn,,2017秋季東海地区大会,1R,regional,静岡,愛知,2,1,990.4771,996.0341,0.488744,8.0,4.09,994.5672,991.9441,-1.1329,1.1329,2,historical
2017|autumn||2017秋季東海地区大会|1R|いなべ総合|5|岐阜各務野|4,2017,autumn,,2017秋季東海地区大会,1R,regional,三重,岐阜,5,4,992.5911,989.4674,0.503584,8.0,3.9713,996.5624,985.4961,-0.3167,0.3167,1,historical
2017|autumn||2017秋季東海地区大会|1R|常葉大菊川|8|松阪商|4,2017,autumn,,2017秋季東海地区大会,1R,regional,静岡,三重,8,4,994.5672,996.5624,0.496152,8.0,4.0308,998.598,992.5316,-0.3393,0.3393,2,historical
2017|autumn||2017秋季東海地区大会|1R|大垣西|8|中京大中京|7,2017,autumn,,2017秋季東海地区大会,1R,regional,岐阜,愛知,8,7,985.4961,991.9441,0.488561,8.0,4.0915,989.5876,987.8526,-0.7509,0.7509,3,historical
2017|autumn||2017秋季東海地区大会|QF|中京学院大中京|8|常葉大橘|1,2017,autumn,,2017秋季東海地区大会,QF,regional,岐阜,静岡,8,1,989.5876,998.598,0.487036,8.0,4.1037,993.6913,994.4943,0.0,-0.0,0,historical
2017|autumn||2017秋季東海地区大会|QF|静岡|1|いなべ総合|0,2017,autumn,,2017秋季東海地区大会,QF,regional,静岡,三重,1,0,994.4943,992.5316,0.503866,8.0,3.9691,998.4633,988.5625,0.3618,-0.3618,3,historical
2017|autumn||2017秋季東海地区大会|QF|東邦|10|常葉大菊川|6,2017,autumn,,2017秋季東海地区大会,QF,regional,愛知,静岡,10,6,987.8526,998.4633,0.486771,8.0,4.1058,991.9584,994.3575,0.7082,-0.7082,3,historical
2017|autumn||2017秋季東海地区大会|QF|三重|5|大垣西|0,2017,autumn,,2017秋季東海地区大会,QF,regional,三重,岐阜,5,0,988.5625,993.6913,0.492694,8.0,4.0585,992.621,989.6328,0.0257,-0.0257,2,historical
2017|autumn||2017秋季東海地区大会|SF|静岡|7|中京学院大中京|4,2017,autumn,,2017秋季東海地区大会,SF,regional,静岡,岐阜,7,4,994.3575,989.6328,0.505815,8.0,3.9535,998.311,985.6793,-0.342,0.342,1,historical
2017|autumn||2017秋季東海地区大会|SF|東邦|10|三重|9,2017,autumn,,2017秋季東海地区大会,SF,regional,愛知,三重,10,9,991.9584,992.621,0.499046,8.0,4.0076,995.966,988.6134,-0.0,0.0,0,historical
2017|autumn||2017秋季東海地区大会|F|静岡|6|東邦|5,2017,autumn,,2017秋季東海地区大会,F,regional,静岡,愛知,6,5,998.311,995.966,0.497929,8.0,4.0166,1002.3276,991.9494,-1.8921,1.8921,4,historical
2017|autumn||2017秋季近畿地区大会|1R|智弁和歌山|12|履正社|8,2017,autumn,,2017秋季近畿地区大会,1R,regional,和歌山,大阪,12,8,997.2665,1050.4727,0.420299,8.0,4.6376,1001.9041,1045.8351,-1.326,1.326,2,historical
2017|autumn||2017秋季近畿地区大会|1R|法隆寺国際|9|比叡山|0,2017,autumn,,2017秋季近畿地区大会,1R,regional,奈良,滋賀,9,0,1003.9762,999.7783,0.506041,8.0,3.9517,1007.9279,995.8267,0.0,-0.0,0,historical
2017|autumn||2017秋季近畿地区大会|1R|乙訓|8|神港学園|1,2017,autumn,,2017秋季近畿地区大会,1R,regional,京,兵庫,8,1,990.7294,998.1533,0.489318,8.0,4.0855,994.8148,994.0679,0.0,-0.0,0,historical
2017|autumn||2017秋季近畿地区大会|1R|智弁学園|6|西脇工|4,2017,autumn,,2017秋季近畿地区大会,1R,regional,奈良,兵庫,6,4,1007.9279,994.0679,0.521395,8.0,3.8288,1011.7567,990.2391,0.508,-0.508,1,historical
2017|autumn||2017秋季近畿地区大会|1R|近江|10|日高中津|0,2017,autumn,,2017秋季近畿地区大会,1R,regional,滋賀,和歌山,10,0,995.8267,1001.9041,0.491255,8.0,4.07,999.8966,997.8342,-0.0,0.0,0,historical
2017|autumn||2017秋季近畿地区大会|1R|彦根東|4|明石商|3,2017,autumn,,2017秋季近畿地区大会,1R,regional,滋賀,兵庫,4,3,999.8966,990.2391,0.513895,8.0,3.8888,1003.7855,986.3502,-0.0,0.0,0,historical
2017|autumn||2017秋季近畿地区大会|1R|大阪桐蔭|12|京都翔英|0,2017,autumn,,2017秋季近畿地区大会,1R,regional,大阪,京,12,0,1045.8351,994.8148,0.572901,8.0,3.4168,1049.2519,991.398,-0.0,0.0,0,historical
2017|autumn||2017秋季近畿地区大会|1R|近大付|4|高田商|1,2017,autumn,,2017秋季近畿地区大会,1R,regional,大阪,奈良,4,1,1049.2519,1011.7567,0.554652,8.0,3.5628,1052.8147,1008.1939,0.3167,-0.3167,1,historical
2017|autumn||2017秋季近畿地区大会|QF|智弁和歌山|11|法隆寺国際|4,2017,autumn,,2017秋季近畿地区大会,QF,regional,和歌山,奈良,11,4,997.8342,1008.1939,0.485096,8.0,4.1192,1001.9534,1004.0747,0.0,-0.0,0,historical
2017|autumn||2017秋季近畿地区大会|QF|乙訓|9|智弁学園|4,2017,autumn,,2017秋季近畿地区大会,QF,regional,京,奈良,9,4,991.398,1004.0747,0.481765,8.0,4.1459,995.5439,999.9288,0.0,-0.0,0,historical
2017|autumn||2017秋季近畿地区大会|SF|智弁和歌山|5|乙訓|4,2017,autumn,,2017秋季近畿地区大会,SF,regional,和歌山,京,5,4,1001.9534,995.5439,0.509223,8.0,3.9262,1005.8796,991.6177,-0.0,0.0,0,historical
2017|autumn||2017秋季近畿地区大会|SF|大阪桐蔭|5|近江|0,2017,autumn,,2017秋季近畿地区大会,SF,regional,大阪,滋賀,5,0,1052.8147,1003.7855,0.570968,8.0,3.4323,1056.247,1000.3532,0.3099,-0.3099,1,historical
2017|autumn||2017秋季近畿地区大会|F|大阪桐蔭|1|智弁和歌山|0,2017,autumn,,2017秋季近畿地区大会,F,regional,大阪,和歌山,1,0,1056.247,1005.8796,0.574402,8.0,3.4048,1059.6517,1002.4748,0.8596,-0.8596,3,historical
2017|autumn||2017秋季中国地区大会|1R|尾道|5|鳥取城北|4,2017,autumn,,2017秋季中国地区大会,1R,regional,広島,鳥取,5,4,1027.7214,1005.9032,0.53045,8.0,3.7564,1031.4778,1002.1468,-0.3167,0.3167,1,historical
2017|autumn||2017秋季中国地区大会|1R|高川学園|3|岡山学芸館|1,2017,autumn,,2017秋季中国地区大会,1R,regional,山口,岡山,3,1,989.6971,989.3798,0.500457,8.0,3.9963,993.6935,985.3835,0.0,-0.0,0,historical
2017|autumn||2017秋季中国地区大会|1R|盈進|5|倉敷商|3,2017,autumn,,2017秋季中国地区大会,1R,regional,広島,岡山,5,3,1031.4778,985.3835,0.565949,8.0,3.4724,1034.9502,981.911,-0.0,0.0,0,historical
2017|autumn||2017秋季中国地区大会|1R|おかやま山陽|7|石見智翠館|3,2017,autumn,,2017秋季中国地区大会,1R,regional,岡山,島根,7,3,981.911,979.5237,0.504327,8.0,3.9654,985.8764,975.5583,0.3098,-0.3098,1,historical
2017|autumn||2017秋季中国地区大会|1R|下関国際|4|益田東|1,2017,autumn,,2017秋季中国地区大会,1R,regional,山口,島根,4,1,993.6935,975.5583,0.526984,8.0,3.7841,997.4776,971.7742,0.3167,-0.3167,1,historical
2017|autumn||2017秋季中国地区大会|1R|鳥取商|11|広島国際学院|7,2017,autumn,,2017秋季中国地区大会,1R,regional,鳥取,広島,11,7,1002.1468,1034.9502,0.452951,8.0,4.3764,1006.5231,1030.5739,0.0067,-0.0067,2,historical
2017|autumn||2017秋季中国地区大会|1R|開星|3|下関西|1,2017,autumn,,2017秋季中国地区大会,1R,regional,島根,山口,3,1,971.7742,997.4776,0.459822,8.0,4.3214,976.0956,993.1562,-1.1376,1.1376,2,historical
2017|autumn||2017秋季中国地区大会|1R|瀬戸内|23|米子松蔭|3,2017,autumn,,2017秋季中国地区大会,1R,regional,広島,鳥取,23,3,1030.5739,1006.5231,0.531965,8.0,3.7443,1034.3181,1002.7789,-0.9043,0.9043,3,historical
2017|autumn||2017秋季中国地区大会|QF|おかやま山陽|7|高川学園|0,2017,autumn,,2017秋季中国地区大会,QF,regional,岡山,山口,7,0,985.8764,993.1562,0.488567,8.0,4.0915,989.9679,989.0647,-0.333,0.333,1,historical
2017|autumn||2017秋季中国地区大会|QF|下関国際|10|開星|0,2017,autumn,,2017秋季中国地区大会,QF,regional,山口,島根,10,0,989.0647,976.0956,0.520573,8.0,3.8354,992.9001,972.2602,0.6674,-0.6674,3,historical
2017|autumn||2017秋季中国地区大会|QF|瀬戸内|10|鳥取商|1,2017,autumn,,2017秋季中国地区大会,QF,regional,広島,鳥取,10,1,1034.3181,1002.7789,0.544781,8.0,3.6417,1037.9599,999.1371,-0.1692,0.1692,4,historical
2017|autumn||2017秋季中国地区大会|SF|下関国際|7|尾道|0,2017,autumn,,2017秋季中国地区大会,SF,regional,山口,広島,7,0,992.9001,1037.9599,0.434619,8.0,4.523,997.4232,1033.4368,-0.3167,0.3167,1,historical
2017|autumn||2017秋季中国地区大会|SF|おかやま山陽|7|瀬戸内|4,2017,autumn,,2017秋季中国地区大会,SF,regional,岡山,広島,7,4,989.9679,1033.4368,0.436948,8.0,4.5044,994.4723,1028.9324,-0.2894,0.2894,1,historical
2017|autumn||2017秋季中国地区大会|F|おかやま山陽|12|下関国際|11,2017,autumn,,2017秋季中国地区大会,F,regional,岡山,山口,12,11,994.4723,997.4232,0.495794,8.0,4.0336,998.506,993.3895,0.0143,-0.0143,2,historical
2017|autumn||2017秋季四国地区大会|1R|生光学園|6|小松|4,2017,autumn,,2017秋季四国地区大会,1R,regional,徳島,石川,6,4,986.5073,1032.2421,0.43456,8.0,4.5235,991.0308,1027.7186,0.0,-0.0,0,historical
2017|autumn||2017秋季四国地区大会|1R|高知|2|鳴門渦潮|0,2017,autumn,,2017秋季四国地区大会,1R,regional,高知,徳島,2,0,1005.2211,991.0308,0.52132,8.0,3.8294,1009.0505,987.2013,0.3167,-0.3167,1,historical
2017|autumn||2017秋季四国地区大会|1R|大手前高松|3|高知追手前|2,2017,autumn,,2017秋季四国地区大会,1R,regional,香川,高知,3,2,1002.3449,1009.0505,0.491282,8.0,4.0697,1006.4146,1004.9808,0.3236,-0.3236,1,historical
2017|autumn||2017秋季四国地区大会|1R|高松商|7|西条|3,2017,autumn,,2017秋季四国地区大会,1R,regional,香川,愛媛,7,3,1006.4146,1004.5291,0.49947,8.0,4.0042,1010.4188,1000.5249,-1.1268,1.1268,2,historical
2017|autumn||2017秋季四国地区大会|QF|明徳義塾|13|生光学園|0,2017,autumn,,2017秋季四国地区大会,QF,regional,高知,徳島,13,0,1004.9808,987.2013,0.528848,8.0,3.7692,1008.75,983.4321,1.1444,-1.1444,2,historical
2017|autumn||2017秋季四国地区大会|QF|英明|8|高知|7,2017,autumn,,2017秋季四国地区大会,QF,regional,香川,高知,8,7,1010.4188,1008.75,0.505835,8.0,3.9533,1014.3722,1004.7967,1.1929,-1.1929,2,historical
2017|autumn||2017秋季四国地区大会|QF|松山聖陵|8|大手前高松|6,2017,autumn,,2017秋季四国地区大会,QF,regional,愛媛,香川,8,6,1000.5249,1014.3722,0.482145,8.0,4.1428,1004.6677,1010.2293,0.7175,-0.7175,3,historical
2017|autumn||2017秋季四国地区大会|QF|高松商|9|鳴門|5,2017,autumn,,2017秋季四国地区大会,QF,regional,香川,徳島,9,5,1010.2293,983.4321,0.538488,8.0,3.6921,1013.9214,979.74,-0.0,0.0,0,historical
2017|autumn||2017秋季四国地区大会|SF|明徳義塾|3|松山聖陵|1,2017,autumn,,2017秋季四国地区大会,SF,regional,高知,愛媛,3,1,1004.7967,1004.6677,0.503533,8.0,3.9717,1008.7684,1000.696,1.1632,-1.1632,2,historical
2017|autumn||2017秋季四国地区大会|F|明徳義塾|2|英明|1,2017,autumn,,2017秋季四国地区大会,F,regional,高知,香川,2,1,1008.7684,1013.9214,0.485579,8.0,4.1154,1012.8838,1009.806,-2.4354,2.4354,3,historical
2017|autumn||2017秋季九州地区大会|1R|都城東|3|九州学院|2,2017,autumn,,2017秋季九州地区大会,1R,regional,宮崎,熊本,3,2,996.4038,1002.2063,0.49165,8.0,4.0668,1000.4706,998.1395,0.0,-0.0,0,historical
2017|autumn||2017秋季九州地区大会|1R|興南|2|宮崎日大|1,2017,autumn,,2017秋季九州地区大会,1R,regional,沖縄,宮崎,2,1,997.5249,1000.4706,0.495761,8.0,4.0339,1001.5588,996.4367,-0.0,0.0,0,historical
2017|autumn||2017秋季九州地区大会|2R|延岡学園|5|筑陽学園|2,2017,autumn,,2017秋季九州地区大会,2R,regional,宮崎,福岡,5,2,996.4367,990.7541,0.508177,8.0,3.9346,1000.3713,986.8195,0.0,-0.0,0,historical
2017|autumn||2017秋季九州地区大会|2R|沖縄尚学|8|伊万里|0,2017,autumn,,2017秋季九州地区大会,2R,regional,沖縄,佐賀,8,0,1001.5588,990.1406,0.516426,8.0,3.8686,1005.4274,986.272,-0.0,0.0,0,historical
2017|autumn||2017秋季九州地区大会|2R|神村学園|12|鶴崎工|0,2017,autumn,,2017秋季九州地区大会,2R,regional,鹿児島,大分,12,0,1024.8556,1002.5617,0.530491,8.0,3.7561,1028.6117,998.8056,-0.5401,0.5401,1,historical
2017|autumn||2017秋季九州地区大会|2R|創成館|8|都城東|1,2017,autumn,,2017秋季九州地区大会,2R,regional,長崎,宮崎,8,1,990.2837,1000.3713,0.485487,8.0,4.1161,994.3998,996.2552,-0.0,0.0,0,historical
2017|autumn||2017秋季九州地区大会|2R|明豊|10|鹿児島実|1,2017,autumn,,2017秋季九州地区大会,2R,regional,大分,鹿児島,10,1,998.8056,1028.6117,0.458379,8.0,4.333,1003.1386,1024.2787,0.4088,-0.4088,2,historical
2017|autumn||2017秋季九州地区大会|2R|長崎商|5|佐賀学園|0,2017,autumn,,2017秋季九州地区大会,2R,regional,長崎,佐賀,5,0,994.3998,986.272,0.511695,8.0,3.9064,998.3062,982.3656,-0.0,0.0,0,historical
2017|autumn||2017秋季九州地区大会|2R|富島|4|文徳|1,2017,autumn,,2017秋季九州地区大会,2R,regional,宮崎,熊本,4,1,996.2552,998.1395,0.498264,8.0,4.0139,1000.2691,994.1256,0.3389,-0.3389,1,historical
2017|autumn||2017秋季九州地区大会|2R|東筑|4|興南|1,2017,autumn,,2017秋季九州地区大会,2R,regional,福岡,沖縄,4,1,986.8195,1005.4274,0.47003,8.0,4.2398,991.0593,1001.1876,-1.1212,1.1212,2,historical
2017|autumn||2017秋季九州地区大会|QF|創成館|8|沖縄尚学|3,2017,autumn,,2017秋季九州地区大会,QF,regional,長崎,沖縄,8,3,998.3062,1001.1876,0.494942,8.0,4.0405,1002.3467,997.1472,-0.3166,0.3166,1,historical
2017|autumn||2017秋季九州地区大会|QF|延岡学園|10|明豊|6,2017,autumn,,2017秋季九州地区大会,QF,regional,宮崎,大分,10,6,1000.2691,1003.1386,0.495871,8.0,4.033,1004.3021,999.1056,-0.0,0.0,0,historical
2017|autumn||2017秋季九州地区大会|QF|富島|9|長崎商|2,2017,autumn,,2017秋季九州地区大会,QF,regional,宮崎,長崎,9,2,1004.3021,1002.3467,0.501827,8.0,3.9854,1008.2875,998.3613,-0.343,0.343,1,historical
2017|autumn||2017秋季九州地区大会|QF|東筑|2|神村学園|0,2017,autumn,,2017秋季九州地区大会,QF,regional,福岡,鹿児島,2,0,991.0593,1024.2787,0.44918,8.0,4.4066,995.4658,1019.8721,-1.1083,1.1083,2,historical
2017|autumn||2017秋季九州地区大会|SF|創成館|2|延岡学園|0,2017,autumn,,2017秋季九州地区大会,SF,regional,長崎,宮崎,2,0,998.3613,1008.2875,0.485775,8.0,4.1138,1002.4751,1004.1737,0.0196,-0.0196,2,historical
2017|autumn||2017秋季九州地区大会|SF|富島|6|東筑|5,2017,autumn,,2017秋季九州地区大会,SF,regional,宮崎,福岡,6,5,1004.1737,995.4658,0.513472,8.0,3.8922,1008.0659,991.5736,0.3279,-0.3279,1,historical
2017|autumn||2017秋季九州地区大会|F|創成館|7|富島|4,2017,autumn,,2017秋季九州地区大会,F,regional,長崎,宮崎,7,4,1002.4751,1008.0659,0.494453,8.0,4.0444,1006.5195,1004.0215,0.8682,-0.8682,3,historical
2017|jingu||2017明治神宮大会|1R|創成館|5|おかやま山陽|1,2017,jingu,,2017明治神宮大会,1R,national,長崎,岡山,5,1,1006.5195,998.506,0.51153,9.2,4.4939,1011.0134,994.012,-0.0,0.0,0,historical
2017|jingu||2017明治神宮大会|1R|日本航空石川|7|日大三|6,2017,jingu,,2017明治神宮大会,1R,prefecture,石川,西東京,7,6,1027.7186,1016.8053,0.5157,4.8,2.3246,1030.0432,1014.4807,0.0,-0.0,0,historical
2017|jingu||2017明治神宮大会|QF|大阪桐蔭|4|駒大苫小牧|2,2017,jingu,,2017明治神宮大会,QF,national,大阪,南北海道,4,2,1059.6517,1006.4988,0.575902,9.2,3.9017,1063.5534,1002.5971,-0.0,0.0,0,historical
2017|jingu||2017明治神宮大会|QF|明徳義塾|5|中央学院|3,2017,jingu,,2017明治神宮大会,QF,national,高知,千葉,5,3,1012.8838,997.2447,0.522491,9.2,4.3931,1017.2768,992.8516,-0.0,0.0,0,historical
2017|jingu||2017明治神宮大会|QF|創成館|6|聖光学院|4,2017,jingu,,2017明治神宮大会,QF,national,長崎,福島,6,4,1011.0134,1017.0817,0.491268,9.2,4.6803,1015.6937,1012.4014,-0.0,0.0,0,historical
2017|jingu||2017明治神宮大会|QF|静岡|6|日本航空石川|4,2017,jingu,,2017明治神宮大会,QF,national,静岡,石川,6,4,1002.3276,1030.0432,0.460198,9.2,4.9662,1007.2937,1025.077,-0.0,0.0,0,historical
2017|jingu||2017明治神宮大会|SF|創成館|7|大阪桐蔭|4,2017,jingu,,2017明治神宮大会,SF,national,長崎,大阪,7,4,1015.6937,1063.5534,0.431557,9.2,5.2297,1020.9234,1058.3238,-0.0,0.0,0,historical
2017|jingu||2017明治神宮大会|SF|明徳義塾|5|静岡|3,2017,jingu,,2017明治神宮大会,SF,national,高知,静岡,5,3,1017.2768,1007.2937,0.514363,9.2,4.4679,1021.7447,1002.8259,-0.0,0.0,0,historical
2017|jingu||2017明治神宮大会|F|明徳義塾|4|創成館|0,2017,jingu,,2017明治神宮大会,F,national,高知,長崎,4,0,1021.7447,1020.9234,0.501182,9.2,4.5891,1026.3338,1016.3343,-0.0,0.0,0,historical
2018|spring||2018春季北海道地区大会|1R|札幌日大|9|富良野|6,2018,spring,,2018春季北海道地区大会,1R,regional,南北海道,北北海道,9,6,1002.5971,983.5911,0.547851,7.6,3.4363,1006.0334,980.1547,7.1733,-7.1733,18,historical
2018|spring||2018春季北海道地区大会|1R|北海|11|釧路明輝|0,2018,spring,,2018春季北海道地区大会,1R,regional,南北海道,北北海道,11,0,1006.0334,980.1547,0.56311,7.6,3.3204,1009.3538,976.8344,9.105,-9.105,19,historical
2018|spring||2018春季北海道地区大会|1R|クラーク国際|5|駒大苫小牧|3,2018,spring,,2018春季北海道地区大会,1R,regional,北北海道,南北海道,5,3,976.8344,1009.3538,0.42212,7.6,4.3919,981.2263,1004.9619,-11.0207,11.0207,20,historical
2018|spring||2018春季北海道地区大会|1R|旭川実|11|札幌国際情報|2,2018,spring,,2018春季北海道地区大会,1R,regional,北北海道,南北海道,11,2,981.2263,1004.9619,0.440828,7.6,4.2497,985.476,1000.7122,-8.7875,8.7875,21,historical
2018|spring||2018春季北海道地区大会|1R|札幌第一|12|白樺学園|8,2018,spring,,2018春季北海道地区大会,1R,regional,南北海道,北北海道,12,8,1000.7122,985.476,0.540722,7.6,3.4905,1004.2027,981.9855,6.5617,-6.5617,22,historical
2018|spring||2018春季北海道地区大会|QF|北照|2|クラーク国際|0,2018,spring,,2018春季北海道地区大会,QF,regional,南北海道,北北海道,2,0,1004.2027,981.9855,0.55643,7.6,3.3711,1007.5738,978.6143,8.581,-8.581,23,historical
2018|spring||2018春季北海道地区大会|QF|札幌第一|10|旭川実|8,2018,spring,,2018春季北海道地区大会,QF,regional,南北海道,北北海道,10,8,1007.5738,978.6143,0.571605,7.6,3.2558,1010.8296,975.3585,10.5705,-10.5705,24,historical
2018|spring||2018春季北海道地区大会|QF|大谷室蘭|6|士別翔雲|3,2018,spring,,2018春季北海道地区大会,QF,regional,南北海道,北北海道,6,3,1010.8296,975.3585,0.586233,7.6,3.1446,1013.9743,972.2139,12.5272,-12.5272,25,historical
2018|spring||2018春季東北地区大会|1R|弘前工|6|利府|5,2018,spring,,2018春季東北地区大会,1R,regional,青森,宮城,6,5,998.7724,1013.6661,0.469242,7.6,4.0338,1002.8062,1009.6323,-3.2531,3.2531,5,historical
2018|spring||2018春季東北地区大会|1R|明桜|8|磐城|1,2018,spring,,2018春季東北地区大会,1R,regional,秋田,福島,8,1,987.0354,1012.4014,0.462657,7.6,4.0838,991.1192,1008.3175,-0.3156,0.3156,1,historical
2018|spring||2018春季東北地区大会|2R|弘前東|8|古川学園|1,2018,spring,,2018春季東北地区大会,2R,regional,青森,宮城,8,1,1002.8062,1009.6323,0.483481,7.6,3.9255,1006.7317,1005.7068,-2.3283,2.3283,6,historical
2018|spring||2018春季東北地区大会|2R|山形城北|5|花巻東|3,2018,spring,,2018春季東北地区大会,2R,regional,山形,岩手,5,3,995.3467,1005.8867,0.481438,7.6,3.9411,999.2877,1001.9456,-1.1819,1.1819,2,historical
2018|spring||2018春季東北地区大会|2R|八戸学院光星|7|盛岡中央|4,2018,spring,,2018春季東北地区大会,2R,regional,青森,岩手,7,4,1006.7317,1001.9456,0.510209,7.6,3.7224,1010.4541,998.2232,1.1544,-1.1544,2,historical
2018|spring||2018春季東北地区大会|2R|聖光学院|6|弘前工|4,2018,spring,,2018春季東北地区大会,2R,regional,福島,青森,6,4,1008.3175,1010.4541,0.496004,7.6,3.8304,1012.1479,1006.6238,-0.32,0.32,1,historical
2018|spring||2018春季東北地区大会|2R|福島商|8|山形中央|4,2018,spring,,2018春季東北地区大会,2R,regional,福島,山形,8,4,1012.1479,999.2877,0.515802,7.6,3.6799,1015.8278,995.6078,-0.9381,0.9381,3,historical
2018|spring||2018春季東北地区大会|2R|羽黒|2|由利工|1,2018,spring,,2018春季東北地区大会,2R,regional,山形,秋田,2,1,995.6078,991.1192,0.509719,7.6,3.7261,999.334,987.3931,1.1327,-1.1327,2,historical
2018|spring||2018春季東北地区大会|2R|東北|8|明桜|6,2018,spring,,2018春季東北地区大会,2R,regional,宮城,秋田,8,6,1005.7068,987.3931,0.526331,7.6,3.5999,1009.3067,983.7932,0.0,-0.0,0,historical
2018|spring||2018春季東北地区大会|2R|金足農|4|専大北上|1,2018,spring,,2018春季東北地区大会,2R,regional,秋田,岩手,4,1,983.7932,998.2232,0.477108,7.6,3.974,987.7672,994.2492,-0.7441,0.7441,3,historical
2018|spring||2018春季東北地区大会|QF|聖光学院|4|羽黒|1,2018,spring,,2018春季東北地区大会,QF,regional,福島,山形,4,1,1015.8278,999.334,0.523068,7.6,3.6247,1019.4525,995.7093,-0.2266,0.2266,4,historical
2018|spring||2018春季東北地区大会|QF|八戸学院光星|16|福島商|1,2018,spring,,2018春季東北地区大会,QF,regional,青森,福島,16,1,1006.6238,1019.4525,0.481551,7.6,3.9402,1010.564,1015.5123,0.0015,-0.0015,2,historical
2018|spring||2018春季東北地区大会|QF|弘前東|14|山形城北|4,2018,spring,,2018春季東北地区大会,QF,regional,青森,山形,14,4,1010.564,995.7093,0.521365,7.6,3.6376,1014.2016,992.0716,-0.0,0.0,0,historical
2018|spring||2018春季東北地区大会|QF|東北|3|金足農|0,2018,spring,,2018春季東北地区大会,QF,regional,宮城,秋田,3,0,1009.3067,987.7672,0.531818,7.6,3.5582,1012.8649,984.209,0.3,-0.3,1,historical
2018|spring||2018春季東北地区大会|SF|聖光学院|10|弘前東|4,2018,spring,,2018春季東北地区大会,SF,regional,福島,青森,10,4,1015.5123,1014.2016,0.499561,7.6,3.8033,1019.3156,1010.3983,-0.808,0.808,3,historical
2018|spring||2018春季東北地区大会|SF|東北|9|八戸学院光星|6,2018,spring,,2018春季東北地区大会,SF,regional,宮城,青森,9,6,1012.8649,1010.3983,0.506892,7.6,3.7476,1016.6125,1006.6507,1.1614,-1.1614,7,historical
2018|spring||2018春季東北地区大会|F|聖光学院|2|東北|1,2018,spring,,2018春季東北地区大会,F,regional,福島,宮城,2,1,1019.3156,1016.6125,0.506595,7.6,3.7499,1023.0655,1012.8626,0.94,-0.94,3,historical
2018|spring||2018春季関東地区大会|1R|花咲徳栄|14|専大松戸|9,2018,spring,,2018春季関東地区大会,1R,regional,埼玉,千葉,14,9,1033.9031,992.8516,0.557701,7.6,3.3615,1037.2646,989.4902,-0.3888,0.3888,1,historical
2018|spring||2018春季関東地区大会|1R|日大三|5|桐光学園|3,2018,spring,,2018春季関東地区大会,1R,prefecture,西東京,神奈川,5,3,1014.4807,1003.9162,0.515199,4.56,2.2107,1016.6913,1001.7055,-0.0,0.0,0,historical
2018|spring||2018春季関東地区大会|1R|千葉黎明|4|青藍泰斗|3,2018,spring,,2018春季関東地区大会,1R,regional,千葉,栃木,4,3,989.4902,993.3145,0.494497,7.6,3.8418,993.332,989.4727,0.0,-0.0,0,historical
2018|spring||2018春季関東地区大会|2R|木更津総合|10|国士舘|2,2018,spring,,2018春季関東地区大会,2R,prefecture,千葉,西東京,10,2,993.332,1016.6913,0.465895,4.56,2.4355,995.7675,1014.2558,-0.1879,0.1879,1,historical
2018|spring||2018春季関東地区大会|2R|東海大相模|8|花咲徳栄|7,2018,spring,,2018春季関東地区大会,2R,regional,神奈川,埼玉,8,7,1001.7055,1037.2646,0.445711,7.6,4.2126,1005.9181,1033.052,-1.1569,1.1569,2,historical
2018|spring||2018春季関東地区大会|2R|常総学院|7|関東学園大付|2,2018,spring,,2018春季関東地区大会,2R,regional,茨城,群馬,7,2,992.8456,1008.7891,0.477283,7.6,3.9726,996.8182,1004.8164,0.0737,-0.0737,2,historical
2018|spring||2018春季関東地区大会|2R|横浜|6|明秀日立|1,2018,spring,,2018春季関東地区大会,2R,regional,神奈川,茨城,6,1,1005.9181,996.8182,0.512887,7.6,3.7021,1009.6201,993.1162,-0.0714,0.0714,2,historical
2018|spring||2018春季関東地区大会|2R|習志野|7|作新学院|2,2018,spring,,2018春季関東地区大会,2R,regional,千葉,栃木,7,2,995.7675,989.4727,0.509979,7.6,3.7242,999.4917,985.7485,0.3202,-0.3202,1,historical
2018|spring||2018春季関東地区大会|2R|健大高崎|8|東海大甲府|2,2018,spring,,2018春季関東地区大会,2R,regional,群馬,山梨,8,2,1004.8164,978.933,0.544848,7.6,3.4592,1008.2756,975.4738,2.682,-2.682,3,historical
2018|spring||2018春季関東地区大会|2R|日大三|8|山梨学院|5,2018,spring,,2018春季関東地区大会,2R,prefecture,西東京,山梨,8,5,1014.2558,975.4738,0.555581,4.56,2.0266,1016.2824,973.4473,-0.0,0.0,0,historical
2018|spring||2018春季関東地区大会|2R|浦和学院|5|千葉黎明|2,2018,spring,,2018春季関東地区大会,2R,regional,埼玉,千葉,5,2,1033.052,999.4917,0.54759,7.6,3.4383,1036.4903,996.0533,-0.1956,0.1956,2,historical
2018|spring||2018春季関東地区大会|QF|常総学院|7|東海大相模|3,2018,spring,,2018春季関東地区大会,QF,regional,茨城,神奈川,7,3,993.1162,1009.6201,0.474372,7.6,3.9948,997.1109,1005.6253,-0.6599,0.6599,3,historical
2018|spring||2018春季関東地区大会|QF|日大三|9|習志野|2,2018,spring,,2018春季関東地区大会,QF,prefecture,西東京,千葉,9,2,1016.2824,996.0533,0.529002,4.56,2.1478,1018.4301,993.9056,-0.027,0.027,2,historical
2018|spring||2018春季関東地区大会|QF|木更津総合|13|横浜|5,2018,spring,,2018春季関東地区大会,QF,regional,千葉,神奈川,13,5,993.9056,1005.6253,0.481221,7.6,3.9427,997.8483,1001.6826,-0.6678,0.6678,3,historical
2018|spring||2018春季関東地区大会|QF|健大高崎|7|浦和学院|6,2018,spring,,2018春季関東地区大会,QF,regional,群馬,埼玉,7,6,1008.2756,1036.4903,0.455282,7.6,4.1399,1012.4154,1032.3504,-1.4708,1.4708,2,historical
2018|spring||2018春季関東地区大会|SF|日大三|9|常総学院|8,2018,spring,,2018春季関東地区大会,SF,prefecture,西東京,茨城,9,8,1018.4301,997.1109,0.531172,4.56,2.1379,1020.568,994.9731,0.1847,-0.1847,1,historical
2018|spring||2018春季関東地区大会|SF|健大高崎|9|木更津総合|8,2018,spring,,2018春季関東地区大会,SF,regional,群馬,千葉,9,8,1012.4154,997.8483,0.520951,7.6,3.6408,1016.0562,994.2075,-0.0,0.0,0,historical
2018|spring||2018春季関東地区大会|F|健大高崎|15|日大三|10,2018,spring,,2018春季関東地区大会,F,prefecture,群馬,西東京,15,10,1016.0562,1020.568,0.493507,4.56,2.3096,1018.3658,1018.2584,0.0,-0.0,0,historical
2018|spring||2018春季北信越地区大会|1R|関根学園|5|福井商|2,2018,spring,,2018春季北信越地区大会,1R,regional,新潟,福井,5,2,989.4939,979.197,0.514913,7.6,3.6867,993.1806,975.5103,0.0342,-0.0342,2,historical
2018|spring||2018春季北信越地区大会|1R|金沢|1|上田西|0,2018,spring,,2018春季北信越地区大会,1R,regional,神奈川,長野,1,0,1001.6826,991.5393,0.515485,7.6,3.6823,1005.3649,987.8569,0.31,-0.31,1,historical
2018|spring||2018春季北信越地区大会|1R|日本航空石川|5|富山商|2,2018,spring,,2018春季北信越地区大会,1R,regional,石川,富山,5,2,1025.077,990.5976,0.557972,7.6,3.3594,1028.4365,987.2382,2.9928,-2.9928,5,historical
2018|spring||2018春季北信越地区大会|1R|日本文理|7|金沢学院|1,2018,spring,,2018春季北信越地区大会,1R,regional,新潟,石川,7,1,993.1806,1028.4365,0.438928,7.6,4.2641,997.4448,1024.1723,-3.6972,3.6972,4,historical
2018|spring||2018春季北信越地区大会|QF|日本文理|3|坂井|2,2018,spring,,2018春季北信越地区大会,QF,regional,新潟,福井,3,2,997.4448,975.5103,0.533819,7.6,3.543,1000.9877,971.9673,0.8007,-0.8007,3,historical
2018|spring||2018春季北信越地区大会|QF|高岡商|14|金沢|6,2018,spring,,2018春季北信越地区大会,QF,regional,富山,神奈川,14,6,987.2382,1005.3649,0.473937,7.6,3.9981,991.2363,1001.3669,0.0,-0.0,0,historical
2018|spring||2018春季北信越地区大会|QF|星稜|7|関根学園|0,2018,spring,,2018春季北信越地区大会,QF,regional,石川,新潟,7,0,1024.1723,1000.9877,0.542004,7.6,3.4808,1027.6531,997.507,3.036,-3.036,5,historical
2018|spring||2018春季北信越地区大会|QF|佐久長聖|3|日本航空石川|2,2018,spring,,2018春季北信越地区大会,QF,regional,長野,石川,3,2,987.8569,1027.6531,0.442978,7.6,4.2334,992.0903,1023.4197,-0.0,0.0,0,historical
2018|spring||2018春季北信越地区大会|SF|星稜|10|高岡商|5,2018,spring,,2018春季北信越地区大会,SF,regional,石川,富山,10,5,1023.4197,991.2363,0.558749,7.6,3.3535,1026.7732,987.8828,4.4146,-4.4146,6,historical
2018|spring||2018春季北信越地区大会|SF|佐久長聖|7|日本文理|6,2018,spring,,2018春季北信越地区大会,SF,regional,長野,新潟,7,6,992.0903,997.507,0.489819,7.6,3.8774,995.9677,993.6296,-0.8295,0.8295,3,historical
2018|spring||2018春季北信越地区大会|F|星稜|9|佐久長聖|5,2018,spring,,2018春季北信越地区大会,F,regional,石川,長野,9,5,1026.7732,995.9677,0.543209,7.6,3.4716,1030.2448,992.4961,-0.3528,0.3528,1,historical
2018|spring||2018春季東海地区大会|QF|東邦|11|津田学園|4,2018,spring,,2018春季東海地区大会,QF,regional,愛知,三重,11,4,991.9494,988.6134,0.505762,7.6,3.7562,995.7057,984.8572,0.334,-0.334,1,historical
2018|spring||2018春季東海地区大会|QF|静岡|3|帝京大可児|0,2018,spring,,2018春季東海地区大会,QF,regional,静岡,岐阜,3,0,1002.8259,985.6793,0.524591,7.6,3.6131,1006.439,982.0662,-0.0225,0.0225,2,historical
2018|spring||2018春季東海地区大会|QF|東海大静岡翔洋|6|誉|5,2018,spring,,2018春季東海地区大会,QF,regional,静岡,愛知,6,5,1006.439,995.7057,0.512495,7.6,3.705,1010.144,992.0006,-1.0245,1.0245,5,historical
2018|spring||2018春季東海地区大会|QF|いなべ総合|3|中京学院大中京|2,2018,spring,,2018春季東海地区大会,QF,regional,三重,岐阜,3,2,984.8572,982.0662,0.506506,7.6,3.7506,988.6077,978.3157,0.8652,-0.8652,3,historical
2018|spring||2018春季東海地区大会|SF|東邦|9|静岡|7,2018,spring,,2018春季東海地区大会,SF,regional,愛知,静岡,9,7,992.0006,1010.144,0.473772,7.6,3.9993,995.9999,1006.1447,-0.0493,0.0493,6,historical
2018|spring||2018春季東海地区大会|SF|いなべ総合|13|東海大静岡翔洋|6,2018,spring,,2018春季東海地区大会,SF,regional,三重,静岡,13,6,988.6077,1006.1447,0.470667,7.6,4.0229,992.6306,1002.1217,-1.4344,1.4344,4,historical
2018|spring||2018春季東海地区大会|F|東邦|2|いなべ総合|0,2018,spring,,2018春季東海地区大会,F,regional,愛知,三重,2,0,995.9999,992.6306,0.5082,7.6,3.7377,999.7376,988.893,1.1646,-1.1646,2,historical
2018|spring||2018春季近畿地区大会|QF|大阪桐蔭|7|明石商|6,2018,spring,,2018春季近畿地区大会,QF,regional,大阪,兵庫,7,6,1058.3238,986.3502,0.605378,7.6,2.9991,1061.3229,983.3511,1.1823,-1.1823,2,historical
2018|spring||2018春季近畿地区大会|QF|智弁学園|7|市尼崎|0,2018,spring,,2018春季近畿地区大会,QF,regional,奈良,兵庫,7,0,999.9288,983.3511,0.528113,7.6,3.5863,1003.5152,979.7647,1.4888,-1.4888,2,historical
2018|spring||2018春季近畿地区大会|QF|智弁和歌山|9|比叡山|0,2018,spring,,2018春季近畿地区大会,QF,regional,和歌山,滋賀,9,0,1002.4748,1000.3532,0.502077,7.6,3.7842,1006.259,996.569,-0.3392,0.3392,1,historical
2018|spring||2018春季近畿地区大会|QF|滝川二|3|乙訓|1,2018,spring,,2018春季近畿地区大会,QF,regional,兵庫,京,3,1,979.7647,991.6177,0.48197,7.6,3.937,983.7018,987.6807,-0.3405,0.3405,1,historical
2018|spring||2018春季近畿地区大会|SF|大阪桐蔭|6|智弁学園|3,2018,spring,,2018春季近畿地区大会,SF,regional,大阪,奈良,6,3,1061.3229,1003.5152,0.585522,7.6,3.15,1064.4729,1000.3651,1.1044,-1.1044,2,historical
2018|spring||2018春季近畿地区大会|SF|智弁和歌山|9|滝川二|7,2018,spring,,2018春季近畿地区大会,SF,regional,和歌山,兵庫,9,7,1006.259,983.7018,0.532417,7.6,3.5536,1009.8127,980.1481,-0.0,0.0,0,historical
2018|spring||2018春季近畿地区大会|F|大阪桐蔭|3|智弁和歌山|1,2018,spring,,2018春季近畿地区大会,F,regional,大阪,和歌山,3,1,1064.4729,1009.8127,0.583351,7.6,3.1665,1067.6395,1006.6461,1.9018,-1.9018,4,historical
2018|spring||2018春季中国地区大会|QF|広島新庄|8|早鞆|2,2018,spring,,2018春季中国地区大会,QF,regional,広島,山口,8,2,1028.9324,993.3895,0.550664,7.6,3.415,1032.3474,989.9746,-0.1084,0.1084,2,historical
2018|spring||2018春季中国地区大会|QF|下関国際|9|八頭|7,2018,spring,,2018春季中国地区大会,QF,regional,山口,鳥取,9,7,989.9746,999.1371,0.486817,7.6,3.9002,993.8748,995.2369,0.0,-0.0,0,historical
2018|spring||2018春季中国地区大会|QF|倉敷商|11|宇部工|3,2018,spring,,2018春季中国地区大会,QF,regional,岡山,山口,11,3,994.012,993.8748,0.502628,7.6,3.78,997.7921,990.0948,0.8445,-0.8445,3,historical
2018|spring||2018春季中国地区大会|QF|宇部鴻城|10|石見智翠館|7,2018,spring,,2018春季中国地区大会,QF,regional,山口,島根,10,7,990.0948,972.2602,0.530735,7.6,3.5664,993.6612,968.6938,1.7745,-1.7745,4,historical
2018|spring||2018春季中国地区大会|SF|広島新庄|3|倉敷商|1,2018,spring,,2018春季中国地区大会,SF,regional,広島,岡山,3,1,1032.3474,997.7921,0.549125,7.6,3.4267,1035.774,994.3654,-0.1548,0.1548,2,historical
2018|spring||2018春季中国地区大会|F|広島新庄|8|下関国際|2,2018,spring,,2018春季中国地区大会,F,regional,広島,山口,8,2,1035.774,993.6612,0.561872,7.6,3.3298,1039.1038,990.3314,0.5507,-0.5507,3,historical
2018|spring||2018春季四国地区大会|QF|明徳義塾|11|松山聖陵|4,2018,spring,,2018春季四国地区大会,QF,regional,高知,愛媛,11,4,1026.3338,1000.696,0.543688,7.6,3.468,1029.8018,997.228,2.3985,-2.3985,3,historical
2018|spring||2018春季四国地区大会|QF|大手前高松|7|小松島|0,2018,spring,,2018春季四国地区大会,QF,regional,香川,徳島,7,0,1009.806,979.74,0.54404,7.6,3.4653,1013.2713,976.2747,0.3077,-0.3077,1,historical
2018|spring||2018春季四国地区大会|QF|鳴門|8|高知商|0,2018,spring,,2018春季四国地区大会,QF,regional,徳島,高知,8,0,976.2747,1029.8018,0.417032,7.6,4.4306,980.7053,1025.3712,-2.3315,2.3315,3,historical
2018|spring||2018春季四国地区大会|QF|聖カタリナ|5|英明|4,2018,spring,,2018春季四国地区大会,QF,regional,愛媛,香川,5,4,997.228,1013.2713,0.482424,7.6,3.9336,1001.1616,1009.3378,1.9126,-1.9126,4,historical
2018|spring||2018春季四国地区大会|SF|聖カタリナ|9|鳴門|8,2018,spring,,2018春季四国地区大会,SF,regional,愛媛,徳島,9,8,1001.1616,980.7053,0.530293,7.6,3.5698,1004.7314,977.1355,0.3097,-0.3097,1,historical
2018|spring||2018春季四国地区大会|SF|大手前高松|6|明徳義塾|4,2018,spring,,2018春季四国地区大会,SF,regional,香川,高知,6,4,1009.3378,1025.3712,0.482539,7.6,3.9327,1013.2705,1021.4385,1.9477,-1.9477,4,historical
2018|spring||2018春季四国地区大会|F|大手前高松|13|聖カタリナ|9,2018,spring,,2018春季四国地区大会,F,regional,香川,愛媛,13,9,1013.2705,1004.7314,0.502671,7.6,3.7797,1017.0502,1000.9517,-3.3415,3.3415,5,historical
2018|spring||2018春季九州地区大会|1R|未来沖縄|4|れいめい|2,2018,spring,,2018春季九州地区大会,1R,regional,沖縄,鹿児島,4,2,997.1472,1019.8721,0.460806,7.6,4.0979,1001.2451,1015.7743,-2.283,2.283,3,historical
2018|spring||2018春季九州地区大会|1R|八幡|3|富島|2,2018,spring,,2018春季九州地区大会,1R,regional,滋賀,宮崎,3,2,996.569,1004.0215,0.489277,7.6,3.8815,1000.4505,1000.14,-0.0,0.0,0,historical
2018|spring||2018春季九州地区大会|1R|創成館|5|文徳|4,2018,spring,,2018春季九州地区大会,1R,regional,長崎,熊本,5,4,1016.3343,994.1256,0.531917,7.6,3.5574,1019.8917,990.5682,-0.0,0.0,0,historical
2018|spring||2018春季九州地区大会|1R|九州国際大付|2|東明館|1,2018,spring,,2018春季九州地区大会,1R,regional,福岡,佐賀,2,1,991.5736,982.3656,0.514179,7.6,3.6922,995.2659,978.6734,0.3235,-0.3235,1,historical
2018|spring||2018春季九州地区大会|1R|伊万里|10|東筑紫学園|3,2018,spring,,2018春季九州地区大会,1R,regional,佐賀,福岡,10,3,978.6734,995.2659,0.472878,7.6,4.0061,982.6795,991.2597,-1.1362,1.1362,2,historical
2018|spring||2018春季九州地区大会|1R|明豊|4|聖心ウルスラ|3,2018,spring,,2018春季九州地区大会,1R,regional,大分,宮崎,4,3,999.1056,1000.14,0.497544,7.6,3.8187,1002.9242,996.3214,-0.3361,0.3361,1,historical
2018|spring||2018春季九州地区大会|1R|東筑|6|長崎総大付|0,2018,spring,,2018春季九州地区大会,1R,regional,福岡,長崎,6,0,991.2597,1019.8917,0.458888,7.6,4.1124,995.3722,1015.7793,0.0,-0.0,0,historical
2018|spring||2018春季九州地区大会|1R|樟南|6|延岡学園|3,2018,spring,,2018春季九州地区大会,1R,regional,鹿児島,宮崎,6,3,1015.7743,996.3214,0.528854,7.6,3.5807,1019.355,992.7407,0.3098,-0.3098,1,historical
2018|spring||2018春季九州地区大会|QF|未来沖縄|9|八幡|1,2018,spring,,2018春季九州地区大会,QF,regional,沖縄,滋賀,9,1,1001.2451,1000.4505,0.501143,7.6,3.7913,1005.0364,996.6592,0.0,-0.0,0,historical
2018|spring||2018春季九州地区大会|QF|九州国際大付|5|創成館|1,2018,spring,,2018春季九州地区大会,QF,regional,福岡,長崎,5,1,995.3722,1015.7793,0.471649,7.6,4.0155,999.3876,1011.7638,0.3427,-0.3427,1,historical
2018|spring||2018春季九州地区大会|QF|明豊|5|伊万里|4,2018,spring,,2018春季九州地区大会,QF,regional,大分,佐賀,5,4,1002.9242,982.6795,0.529102,7.6,3.5788,1006.503,979.1007,-0.0,0.0,0,historical
2018|spring||2018春季九州地区大会|QF|東筑|6|樟南|3,2018,spring,,2018春季九州地区大会,QF,regional,福岡,鹿児島,6,3,999.3876,1019.355,0.469547,7.6,4.0314,1003.4191,1015.3235,-0.61,0.61,3,historical
2018|spring||2018春季九州地区大会|SF|九州国際大付|2|未来沖縄|1,2018,spring,,2018春季九州地区大会,SF,regional,福岡,沖縄,2,1,1003.4191,1005.0364,0.495768,7.6,3.8322,1007.2513,1001.2042,-0.6617,0.6617,3,historical
2018|spring||2018春季九州地区大会|SF|明豊|9|東筑|7,2018,spring,,2018春季九州地区大会,SF,regional,大分,福岡,9,7,1006.503,1007.2513,0.498002,7.6,3.8152,1010.3182,1003.4361,-0.3202,0.3202,1,historical
2018|spring||2018春季九州地区大会|F|九州国際大付|13|明豊|0,2018,spring,,2018春季九州地区大会,F,regional,福岡,大分,13,0,1003.4361,1010.3182,0.490109,7.6,3.8752,1007.3112,1006.4431,0.004,-0.004,2,historical
2018|senbatsu||2018選抜|1R|聖光学院|5|東筑|3,2018,senbatsu,,2018選抜,1R,national,福島,福岡,5,3,1023.0655,1007.3112,0.522657,9.12,4.3534,1027.4189,1002.9579,-0.0,0.0,0,historical
2018|senbatsu||2018選抜|1R|国学院栃木|3|英明|2,2018,senbatsu,,2018選抜,1R,national,栃木,香川,3,2,985.7485,1017.0502,0.455075,9.12,4.9697,990.7182,1012.0804,0.0,-0.0,0,historical
2018|senbatsu||2018選抜|1R|明秀日立|4|瀬戸内|3,2018,senbatsu,,2018選抜,1R,national,茨城,広島,4,3,994.9731,1039.1038,0.43683,9.12,5.1361,1000.1092,1033.9677,-0.0,0.0,0,historical
2018|senbatsu||2018選抜|1R|日大三|5|由利工|0,2018,senbatsu,,2018選抜,1R,prefecture,西東京,秋田,5,0,1018.2584,984.209,0.548845,4.56,2.0573,1020.3157,982.1517,-0.0,0.0,0,historical
2018|senbatsu||2018選抜|2R|静岡|7|駒大苫小牧|0,2018,senbatsu,,2018選抜,2R,national,静岡,南北海道,7,0,1002.1217,1013.9743,0.482949,9.12,4.7155,1006.8372,1009.2588,-0.0,0.0,0,historical
2018|senbatsu||2018選抜|2R|日本航空石川|10|膳所|0,2018,senbatsu,,2018選抜,2R,national,石川,滋賀,10,0,1030.2448,996.6592,0.548184,9.12,4.1206,1034.3654,992.5386,-0.0,0.0,0,historical
2018|senbatsu||2018選抜|2R|明徳義塾|7|中央学院|5,2018,senbatsu,,2018選抜,2R,national,高知,千葉,7,5,1021.4385,994.2075,0.540156,9.12,4.1938,1025.6323,990.0138,0.3661,-0.3661,1,historical
2018|senbatsu||2018選抜|2R|智弁和歌山|4|富山商|2,2018,senbatsu,,2018選抜,2R,national,和歌山,富山,4,2,1006.6461,987.8828,0.526976,9.12,4.314,1010.9601,983.5688,0.0,-0.0,0,historical
2018|senbatsu||2018選抜|2R|智弁学園|5|日大山形|3,2018,senbatsu,,2018選抜,2R,national,奈良,山形,5,3,1000.3651,992.0716,0.511933,9.12,4.4512,1004.8163,987.6205,0.0,-0.0,0,historical
2018|senbatsu||2018選抜|2R|創成館|3|下関国際|1,2018,senbatsu,,2018選抜,2R,national,長崎,山口,3,1,1011.7638,990.3314,0.530805,9.12,4.2791,1016.0429,986.0523,-0.0,0.0,0,historical
2018|senbatsu||2018選抜|2R|大阪桐蔭|14|伊万里|2,2018,senbatsu,,2018選抜,2R,national,大阪,佐賀,14,2,1067.6395,979.1007,0.624729,9.12,3.4225,1071.0619,975.6782,-0.0,0.0,0,historical
2018|senbatsu||2018選抜|2R|花巻東|5|東邦|3,2018,senbatsu,,2018選抜,2R,national,岩手,愛知,5,3,994.2492,999.7376,0.492102,9.12,4.632,998.8813,995.1056,0.0,-0.0,0,historical
2018|senbatsu||2018選抜|2R|東海大相模|12|聖光学院|3,2018,senbatsu,,2018選抜,2R,national,神奈川,福島,12,3,1001.3669,1027.4189,0.462578,9.12,4.9013,1006.2681,1022.5176,0.0,-0.0,0,historical
2018|senbatsu||2018選抜|2R|国学院栃木|9|延岡学園|5,2018,senbatsu,,2018選抜,2R,national,栃木,宮崎,9,5,990.7182,992.7407,0.49709,9.12,4.5865,995.3048,988.1541,-0.0,0.0,0,historical
2018|senbatsu||2018選抜|2R|明秀日立|10|高知|1,2018,senbatsu,,2018選抜,2R,national,茨城,高知,10,1,1000.1092,1025.6323,0.463335,9.12,4.8944,1005.0036,1020.7379,0.0,-0.0,0,historical
2018|senbatsu||2018選抜|2R|彦根東|4|慶応|3,2018,senbatsu,,2018選抜,2R,national,滋賀,神奈川,4,3,992.5386,1006.2681,0.480252,9.12,4.7401,997.2787,1001.528,0.0,-0.0,0,historical
2018|senbatsu||2018選抜|2R|乙訓|7|おかやま山陽|2,2018,senbatsu,,2018選抜,2R,national,京,岡山,7,2,987.6807,994.3654,0.490381,9.12,4.6477,992.3284,989.7177,0.0,-0.0,0,historical
2018|senbatsu||2018選抜|2R|近江|8|松山聖陵|5,2018,senbatsu,,2018選抜,2R,national,滋賀,愛媛,8,5,997.2787,1000.9517,0.494714,9.12,4.6082,1001.8869,996.3434,-0.0,0.0,0,historical
2018|senbatsu||2018選抜|2R|星稜|11|富島|2,2018,senbatsu,,2018選抜,2R,national,石川,宮崎,11,2,1034.3654,988.1541,0.566114,9.12,3.957,1038.3224,984.1971,-0.0,0.0,0,historical
2018|senbatsu||2018選抜|2R|三重|8|日大三|0,2018,senbatsu,,2018選抜,2R,prefecture,三重,西東京,8,0,988.893,1020.3157,0.454902,4.56,2.4856,991.3786,1017.83,0.0,-0.0,0,historical
2018|senbatsu||2018選抜|3R|東海大相模|8|静岡|1,2018,senbatsu,,2018選抜,3R,national,神奈川,静岡,8,1,1001.528,1006.8372,0.49236,9.12,4.6297,1006.1577,1002.2076,0.0,-0.0,0,historical
2018|senbatsu||2018選抜|3R|日本航空石川|3|明徳義塾|1,2018,senbatsu,,2018選抜,3R,national,石川,高知,3,1,1038.3224,1020.7379,0.525285,9.12,4.3294,1042.6518,1016.4085,0.0,-0.0,0,historical
2018|senbatsu||2018選抜|3R|智弁和歌山|7|国学院栃木|4,2018,senbatsu,,2018選抜,3R,national,和歌山,栃木,7,4,1010.9601,995.3048,0.522515,9.12,4.3547,1015.3148,990.9501,0.0,-0.0,0,historical
2018|senbatsu||2018選抜|3R|創成館|2|智弁学園|1,2018,senbatsu,,2018選抜,3R,national,長崎,奈良,2,1,1016.0429,1004.8163,0.516151,9.12,4.4127,1020.4556,1000.4036,-0.0,0.0,0,historical
2018|senbatsu||2018選抜|3R|大阪桐蔭|5|明秀日立|1,2018,senbatsu,,2018選抜,3R,national,大阪,茨城,5,1,1071.0619,1005.0036,0.593936,9.12,3.7033,1074.7652,1001.3003,0.0,-0.0,0,historical
2018|senbatsu||2018選抜|3R|花巻東|1|彦根東|0,2018,senbatsu,,2018選抜,3R,national,岩手,滋賀,1,0,998.8813,1001.8869,0.495675,9.12,4.5994,1003.4807,997.2875,0.0,-0.0,0,historical
2018|senbatsu||2018選抜|3R|三重|2|乙訓|1,2018,senbatsu,,2018選抜,3R,national,三重,京,2,1,991.3786,992.3284,0.498633,9.12,4.5725,995.9511,987.7559,0.0,-0.0,0,historical
2018|senbatsu||2018選抜|3R|星稜|4|近江|3,2018,senbatsu,,2018選抜,3R,national,石川,滋賀,4,3,1042.6518,997.2875,0.565887,9.12,3.9591,1046.6109,993.3284,0.3434,-0.3434,1,historical
2018|senbatsu||2018選抜|QF|東海大相模|3|日本航空石川|1,2018,senbatsu,,2018選抜,QF,national,神奈川,石川,3,1,1006.1577,1046.6109,0.441136,9.12,5.0968,1011.2546,1041.5141,-0.32,0.32,1,historical
2018|senbatsu||2018選抜|QF|智弁和歌山|11|創成館|10,2018,senbatsu,,2018選抜,QF,national,和歌山,長崎,11,10,1015.3148,1020.4556,0.492602,9.12,4.6275,1019.9423,1015.8281,0.0,-0.0,0,historical
2018|senbatsu||2018選抜|QF|大阪桐蔭|19|花巻東|0,2018,senbatsu,,2018選抜,QF,national,大阪,岩手,19,0,1074.7652,1003.4807,0.602109,9.12,3.6288,1078.394,999.852,0.3401,-0.3401,1,historical
2018|senbatsu||2018選抜|QF|三重|14|星稜|9,2018,senbatsu,,2018選抜,QF,national,三重,石川,14,9,995.9511,1041.5141,0.434803,9.12,5.1546,1001.1057,1036.3595,0.0,-0.0,0,historical
2018|senbatsu||2018選抜|SF|智弁和歌山|12|東海大相模|10,2018,senbatsu,,2018選抜,SF,national,和歌山,神奈川,12,10,1019.9423,1011.2546,0.5125,9.12,4.446,1024.3883,1006.8086,0.0,-0.0,0,historical
2018|senbatsu||2018選抜|SF|大阪桐蔭|3|三重|2,2018,senbatsu,,2018選抜,SF,national,大阪,三重,3,2,1078.394,1001.1057,0.609428,9.12,3.562,1081.956,997.5437,-0.0,0.0,0,historical
2018|senbatsu||2018選抜|F|大阪桐蔭|5|智弁和歌山|2,2018,senbatsu,,2018選抜,F,national,大阪,和歌山,5,2,1081.956,1024.3883,0.590774,9.12,3.7321,1085.6882,1020.6561,3.1078,-3.1078,5,historical
2018|koshien||2018選手権|1R|星稜|9|藤蔭|4,2018,koshien,,2018選手権,1R,national,石川,大分,9,4,1036.3595,1006.4431,0.542947,11.96,5.4664,1041.8259,1000.9767,-0.0,0.0,0,historical
2018|koshien||2018選手権|1R|済美|5|中央学院|4,2018,koshien,,2018選手権,1R,national,愛媛,千葉,5,4,996.3434,990.0138,0.509108,11.96,5.8711,1002.2145,984.1427,-0.0,0.0,0,historical
2018|koshien||2018選手権|1R|慶応|3|中越|2,2018,koshien,,2018選手権,1R,national,神奈川,新潟,3,2,1006.8086,993.6296,0.518957,11.96,5.7533,1012.5618,987.8763,-0.0,0.0,0,historical
2018|koshien||2018選手権|1R|高知商|14|山梨学院|12,2018,koshien,,2018選手権,1R,national,高知,山梨,14,12,1016.4085,973.4473,0.561513,11.96,5.2443,1021.6528,968.203,-0.0,0.0,0,historical
2018|koshien||2018選手権|1R|大阪桐蔭|3|作新学院|1,2018,koshien,,2018選手権,1R,national,大阪,栃木,3,1,1085.6882,990.9501,0.633057,11.96,4.3886,1090.0768,986.5615,0.0,-0.0,0,historical
2018|koshien||2018選手権|1R|沖学園|4|北照|2,2018,koshien,,2018選手権,1R,prefecture,福岡,南北海道,4,2,1002.9579,1009.2588,0.490933,5.52,2.81,1005.7679,1006.4487,-0.0,0.0,0,historical
2018|koshien||2018選手権|1R|佐久長聖|5|旭川大高|4,2018,koshien,,2018選手権,1R,prefecture,長野,北北海道,5,4,992.4961,972.2139,0.529155,5.52,2.5991,995.0951,969.6148,-0.0,0.0,0,historical
2018|koshien||2018選手権|1R|高岡商|4|佐賀商|1,2018,koshien,,2018選手権,1R,national,富山,佐賀,4,1,983.5688,975.6782,0.511354,11.96,5.8442,989.413,969.834,-0.0,0.0,0,historical
2018|koshien||2018選手権|1R|近江|7|智弁和歌山|3,2018,koshien,,2018選手権,1R,national,滋賀,和歌山,7,3,993.3284,1020.6561,0.460876,11.96,6.4479,999.7763,1014.2082,0.0429,-0.0429,2,historical
2018|koshien||2018選手権|1R|前橋育英|2|近大付|0,2018,koshien,,2018選手権,1R,national,群馬,大阪,2,0,1018.3658,1090.0768,0.398241,11.96,7.197,1025.5628,1082.8797,-0.0,0.0,0,historical
2018|koshien||2018選手権|1R|常葉大菊川|8|益田東|7,2018,koshien,,2018選手権,1R,national,静岡,島根,8,7,1002.2076,968.6938,0.548081,11.96,5.4049,1007.6125,963.2888,-0.0,0.0,0,historical
2018|koshien||2018選手権|1R|日南学園|2|丸亀城西|0,2018,koshien,,2018選手権,1R,national,宮崎,香川,2,0,984.1971,1012.0804,0.459959,11.96,6.4589,990.656,1005.6216,0.0,-0.0,0,historical
2018|koshien||2018選手権|1R|金足農|5|鹿児島実|1,2018,koshien,,2018選手権,1R,national,秋田,鹿児島,5,1,982.1517,1015.3235,0.452406,11.96,6.5492,988.7009,1008.7743,0.0,-0.0,0,historical
2018|koshien||2018選手権|1R|大垣日大|9|東海大星翔|3,2018,koshien,,2018選手権,1R,national,岐阜,熊本,9,3,978.3157,990.5682,0.482375,11.96,6.1908,984.5065,984.3774,0.0,-0.0,0,historical
2018|koshien||2018選手権|1R|花咲徳栄|8|鳴門|5,2018,koshien,,2018選手権,1R,national,埼玉,徳島,8,5,1032.3504,977.1355,0.578798,11.96,5.0376,1037.388,972.098,0.0,-0.0,0,historical
2018|koshien||2018選手権|1R|横浜|7|愛産大三河|0,2018,koshien,,2018選手権,1R,national,神奈川,愛知,7,0,1012.5618,995.1056,0.5251,11.96,5.6798,1018.2416,989.4258,-0.0,0.0,0,historical
2018|koshien||2018選手権|1R|下関国際|4|花巻東|2,2018,koshien,,2018選手権,1R,national,山口,岩手,4,2,986.0523,999.852,0.480151,11.96,6.2174,992.2697,993.6346,0.0,-0.0,0,historical
2018|koshien||2018選手権|1R|創志学園|7|創成館|0,2018,koshien,,2018選手権,1R,national,岡山,長崎,7,0,989.7177,1015.8281,0.461423,11.96,6.4414,996.1591,1009.3867,-0.3745,0.3745,1,historical
2018|koshien||2018選手権|1R|興南|6|土浦日大|2,2018,koshien,,2018選手権,1R,national,沖縄,茨城,6,2,1001.2042,1001.3003,0.499862,11.96,5.9817,1007.1859,995.3186,0.0,-0.0,0,historical
2018|koshien||2018選手権|1R|木更津総合|10|敦賀気比|1,2018,koshien,,2018選手権,1R,national,千葉,福井,10,1,984.1427,971.9673,0.517515,11.96,5.7705,989.9132,966.1968,0.0,-0.0,0,historical
2018|koshien||2018選手権|1R|日大三|16|折尾愛真|3,2018,koshien,,2018選手権,1R,prefecture,西東京,福岡,16,3,1017.83,1005.7679,0.5168,5.52,2.6673,1020.4973,1003.1007,-0.1921,0.1921,1,historical
2018|koshien||2018選手権|1R|奈良大付|4|羽黒|1,2018,koshien,,2018選手権,1R,national,奈良,山形,4,1,1000.4036,987.6205,0.519454,11.96,5.7473,1006.1509,981.8731,0.3709,-0.3709,1,historical
2018|koshien||2018選手権|1R|龍谷大平安|3|鳥取城北|2,2018,koshien,,2018選手権,1R,national,京,鳥取,3,2,987.7559,995.2369,0.489236,11.96,6.1087,993.8647,989.1282,0.0,-0.0,0,historical
2018|koshien||2018選手権|1R|八戸学院光星|9|明石商|8,2018,koshien,,2018選手権,1R,national,青森,兵庫,9,8,1006.6507,980.1481,0.538066,11.96,5.5247,1012.1754,974.6234,-0.0,0.0,0,historical
2018|koshien||2018選手権|2R|報徳学園|3|聖光学院|2,2018,koshien,,2018選手権,2R,national,兵庫,福島,3,2,974.6234,1022.5176,0.431508,11.96,6.7992,981.4226,1015.7184,0.0,-0.0,0,historical
2018|koshien||2018選手権|2R|愛工大名電|10|白山|0,2018,koshien,,2018選手権,2R,national,愛知,神奈川,10,0,989.4258,1018.2416,0.457273,11.96,6.491,995.9168,1011.7506,-0.4733,0.4733,1,historical
2018|koshien||2018選手権|2R|二松学舎大付|5|広陵|2,2018,koshien,,2018選手権,2R,prefecture,東東京,広島,5,2,993.5602,1033.9677,0.44211,5.52,3.0796,996.6397,1030.8881,-0.0,0.0,0,historical
2018|koshien||2018選手権|2R|浦和学院|9|仙台育英|0,2018,koshien,,2018選手権,2R,national,埼玉,宮城,9,0,1037.388,1012.8626,0.535236,11.96,5.5586,1042.9466,1007.304,0.0,-0.0,0,historical
2018|koshien||2018選手権|2R|済美|13|星稜|11,2018,koshien,,2018選手権,2R,national,愛媛,石川,13,11,1002.2145,1041.8259,0.44324,11.96,6.6588,1008.8734,1035.167,0.0,-0.0,0,historical
2018|koshien||2018選手権|2R|高知商|12|慶応|6,2018,koshien,,2018選手権,2R,national,高知,神奈川,12,6,1021.6528,1011.7506,0.514247,11.96,5.8096,1027.4624,1005.941,-0.0,0.0,0,historical
2018|koshien||2018選手権|2R|大阪桐蔭|10|沖学園|4,2018,koshien,,2018選手権,2R,national,大阪,福岡,10,4,1082.8797,1003.1007,0.613773,11.96,4.6193,1087.499,998.4814,0.3436,-0.3436,1,historical
2018|koshien||2018選手権|2R|高岡商|5|佐久長聖|4,2018,koshien,,2018選手権,2R,national,富山,長野,5,4,989.413,995.0951,0.492787,11.96,6.0663,995.4793,989.0289,0.335,-0.335,1,historical
2018|koshien||2018選手権|2R|近江|4|前橋育英|3,2018,koshien,,2018選手権,2R,national,滋賀,群馬,4,3,999.7763,1025.5628,0.462958,11.96,6.423,1006.1993,1019.1398,0.0,-0.0,0,historical
2018|koshien||2018選手権|2R|常葉大菊川|3|日南学園|0,2018,koshien,,2018選手権,2R,national,静岡,宮崎,3,0,1007.6125,990.656,0.524383,11.96,5.6884,1013.3009,984.9676,-0.0,0.0,0,historical
2018|koshien||2018選手権|2R|金足農|6|大垣日大|3,2018,koshien,,2018選手権,2R,national,秋田,岐阜,6,3,988.7009,984.5065,0.506036,11.96,5.9078,994.6087,978.5987,-0.0,0.0,0,historical
2018|koshien||2018選手権|2R|横浜|8|花咲徳栄|6,2018,koshien,,2018選手権,2R,national,神奈川,埼玉,8,6,1005.941,1042.9466,0.444909,11.96,6.6389,1012.5799,1036.3077,-0.716,0.716,3,historical
2018|koshien||2018選手権|2R|下関国際|5|創志学園|4,2018,koshien,,2018選手権,2R,national,山口,岡山,5,4,992.2697,996.1591,0.488714,11.96,6.115,998.3847,990.0441,-1.9772,1.9772,4,historical
2018|koshien||2018選手権|2R|木更津総合|7|興南|0,2018,koshien,,2018選手権,2R,national,千葉,沖縄,7,0,989.9132,1007.1859,0.475163,11.96,6.277,996.1903,1000.9088,0.0,-0.0,0,historical
2018|koshien||2018選手権|2R|日大三|8|奈良大付|4,2018,koshien,,2018選手権,2R,prefecture,西東京,奈良,8,4,1020.4973,1006.1509,0.520634,5.52,2.6461,1023.1434,1003.5048,-0.0,0.0,0,historical
2018|koshien||2018選手権|2R|龍谷大平安|14|八戸学院光星|1,2018,koshien,,2018選手権,2R,national,京,青森,14,1,993.8647,1012.1754,0.473673,11.96,6.2949,1000.1595,1005.8805,0.0,-0.0,0,historical
2018|koshien||2018選手権|3R|報徳学園|7|愛工大名電|2,2018,koshien,,2018選手権,3R,national,兵庫,愛知,7,2,981.4226,995.9168,0.479153,11.96,6.2293,987.6519,989.6875,0.0,-0.0,0,historical
2018|koshien||2018選手権|3R|浦和学院|6|二松学舎大付|0,2018,koshien,,2018選手権,3R,prefecture,埼玉,東東京,6,0,1036.3077,996.6397,0.55684,5.52,2.4462,1038.7539,994.1935,0.0,-0.0,0,historical
2018|koshien||2018選手権|3R|済美|3|高知商|1,2018,koshien,,2018選手権,3R,national,愛媛,高知,3,1,1008.8734,1027.4624,0.462386,11.96,6.4299,1015.3032,1021.0326,-3.7985,3.7985,4,historical
2018|koshien||2018選手権|3R|大阪桐蔭|3|高岡商|1,2018,koshien,,2018選手権,3R,national,大阪,富山,3,1,1087.499,995.4793,0.629415,11.96,4.4322,1091.9312,991.0471,0.0,-0.0,0,historical
2018|koshien||2018選手権|3R|近江|9|常葉大菊川|4,2018,koshien,,2018選手権,3R,national,滋賀,静岡,9,4,1006.1993,1013.3009,0.489781,11.96,6.1022,1012.3015,1007.1987,0.0,-0.0,0,historical
2018|koshien||2018選手権|3R|金足農|5|横浜|4,2018,koshien,,2018選手権,3R,national,秋田,神奈川,5,4,994.6087,1012.5799,0.47416,11.96,6.289,1000.8978,1006.2909,-0.0,0.0,0,historical
2018|koshien||2018選手権|3R|下関国際|4|木更津総合|1,2018,koshien,,2018選手権,3R,national,山口,千葉,4,1,998.3847,996.1903,0.503158,11.96,5.9422,1004.3269,990.248,-0.0,0.0,0,historical
2018|koshien||2018選手権|3R|日大三|4|龍谷大平安|3,2018,koshien,,2018選手権,3R,prefecture,西東京,京,4,3,1023.1434,1000.1595,0.533028,5.52,2.5777,1025.7211,997.5819,-0.0,0.0,0,historical
2018|koshien||2018選手権|QF|大阪桐蔭|11|浦和学院|2,2018,koshien,,2018選手権,QF,national,大阪,埼玉,11,2,1091.9312,1038.7539,0.575936,11.96,5.0718,1097.003,1033.6821,-0.0,0.0,0,historical
2018|koshien||2018選手権|QF|済美|3|報徳学園|2,2018,koshien,,2018選手権,QF,national,愛媛,兵庫,3,2,1015.3032,987.6519,0.53971,11.96,5.5051,1020.8083,982.1468,-0.0,0.0,0,historical
2018|koshien||2018選手権|QF|日大三|3|下関国際|2,2018,koshien,,2018選手権,QF,prefecture,西東京,山口,3,2,1025.7211,1004.3269,0.53075,5.52,2.5903,1028.3113,1001.7367,-0.0,0.0,0,historical
2018|koshien||2018選手権|QF|金足農|3|近江|2,2018,koshien,,2018選手権,QF,national,秋田,滋賀,3,2,1000.8978,1012.3015,0.483595,11.96,6.1762,1007.074,1006.1253,-0.0,0.0,0,historical
2018|koshien||2018選手権|SF|金足農|2|日大三|1,2018,koshien,,2018選手権,SF,prefecture,秋田,西東京,2,1,1007.074,1028.3113,0.468983,5.52,2.9312,1010.0052,1025.3801,-0.1714,0.1714,1,historical
2018|koshien||2018選手権|SF|大阪桐蔭|5|済美|2,2018,koshien,,2018選手権,SF,national,大阪,愛媛,5,2,1097.003,1020.8083,0.607928,11.96,4.6892,1101.6922,1016.1191,0.0,-0.0,0,historical
2018|koshien||2018選手権|F|大阪桐蔭|13|金足農|2,2018,koshien,,2018選手権,F,national,大阪,秋田,13,2,1101.6922,1010.0052,0.628968,11.96,4.4375,1106.1297,1005.5677,0.0,-0.0,0,historical
2018|autumn||2018秋季北海道地区大会|1R|駒大苫小牧|11|釧路工|3,2018,autumn,,2018秋季北海道地区大会,1R,regional,南北海道,北海道,11,3,1006.4487,1000.0,0.509279,8.0,3.9258,1010.3745,996.0742,-0.0,0.0,0,historical
2018|autumn||2018秋季北海道地区大会|1R|白樺学園|4|札幌光星|3,2018,autumn,,2018秋季北海道地区大会,1R,regional,北北海道,南北海道,4,3,969.6148,1010.3745,0.401078,8.0,4.7914,974.4062,1005.5831,-14.4486,14.4486,26,historical
2018|autumn||2018秋季北海道地区大会|1R|旭川大高|15|北照|8,2018,autumn,,2018秋季北海道地区大会,1R,regional,北北海道,南北海道,15,8,974.4062,1005.5831,0.421807,8.0,4.6255,979.0318,1000.9576,-11.8035,11.8035,27,historical
2018|autumn||2018秋季北海道地区大会|2R|札幌新川|6|旭川明成|4,2018,autumn,,2018秋季北海道地区大会,2R,regional,南北海道,北北海道,6,4,1000.9576,979.0318,0.557781,8.0,3.5378,1004.4953,975.494,9.2024,-9.2024,28,historical
2018|autumn||2018秋季北海道地区大会|2R|札幌大谷|5|滝川西|2,2018,autumn,,2018秋季北海道地区大会,2R,regional,南北海道,北北海道,5,2,1004.4953,975.494,0.573868,8.0,3.4091,1007.9044,972.085,11.3531,-11.3531,29,historical
2018|autumn||2018秋季北海道地区大会|2R|釧路湖陵|14|札幌英藍|12,2018,autumn,,2018秋季北海道地区大会,2R,regional,北北海道,南北海道,14,12,972.085,1007.9044,0.410696,8.0,4.7144,976.7994,1003.1899,-13.454,13.454,30,historical
2018|autumn||2018秋季北海道地区大会|2R|稚内大谷|2|函館工|1,2018,autumn,,2018秋季北海道地区大会,2R,regional,北北海道,南北海道,2,1,976.7994,1003.1899,0.431554,8.0,4.5476,981.347,998.6424,-10.7355,10.7355,31,historical
2018|autumn||2018秋季北海道地区大会|QF|札幌大谷|5|白樺学園|1,2018,autumn,,2018秋季北海道地区大会,QF,regional,南北海道,北北海道,5,1,998.6424,981.347,0.547987,8.0,3.6161,1002.2585,977.7309,8.0762,-8.0762,32,historical
2018|autumn||2018秋季北海道地区大会|QF|札幌第一|10|旭川大高|8,2018,autumn,,2018秋季北海道地区大会,QF,regional,南北海道,北北海道,10,8,1002.2585,977.7309,0.564605,8.0,3.4832,1005.7416,974.2477,10.3083,-10.3083,33,historical
2018|autumn||2018秋季北海道地区大会|SF|札幌第一|5|釧路湖陵|1,2018,autumn,,2018秋季北海道地区大会,SF,regional,南北海道,北北海道,5,1,1005.7416,974.2477,0.580544,8.0,3.3557,1009.0973,970.892,12.4826,-12.4826,34,historical
2018|autumn||2018秋季東北地区大会|1R|大崎中央|4|青森山田|3,2018,autumn,,2018秋季東北地区大会,1R,regional,宮城,青森,4,3,1007.304,1005.8805,0.509674,8.0,3.9226,1011.2266,1001.9579,2.6497,-2.6497,8,historical
2018|autumn||2018秋季東北地区大会|1R|専大北上|6|秋田商|1,2018,autumn,,2018秋季東北地区大会,1R,regional,岩手,秋田,6,1,993.6346,1005.5677,0.482592,8.0,4.1393,997.7738,1001.4284,-0.084,0.084,4,historical
2018|autumn||2018秋季東北地区大会|2R|酒田南|4|日大東北|1,2018,autumn,,2018秋季東北地区大会,2R,regional,山形,福島,4,1,981.8731,1015.7184,0.449212,8.0,4.4063,986.2795,1011.3121,-0.7841,0.7841,5,historical
2018|autumn||2018秋季東北地区大会|2R|盛岡大付|8|山形城北|2,2018,autumn,,2018秋季東北地区大会,2R,regional,岩手,山形,8,2,997.7738,986.2795,0.518852,8.0,3.8492,1001.623,982.4303,0.8056,-0.8056,3,historical
2018|autumn||2018秋季東北地区大会|2R|仙台育英|10|福島商|2,2018,autumn,,2018秋季東北地区大会,2R,regional,宮城,福島,10,2,1011.2266,1011.3121,0.493872,8.0,4.049,1015.2757,1007.2631,-2.0864,2.0864,4,historical
2018|autumn||2018秋季東北地区大会|2R|秋田修英|9|大崎中央|1,2018,autumn,,2018秋季東北地区大会,2R,regional,秋田,宮城,9,1,1001.4284,1015.2757,0.476998,8.0,4.184,1005.6124,1011.0916,-1.0737,1.0737,2,historical
2018|autumn||2018秋季東北地区大会|2R|花巻東|12|聖光学院|10,2018,autumn,,2018秋季東北地区大会,2R,regional,岩手,福島,12,10,1001.623,1007.2631,0.485173,8.0,4.1186,1005.7416,1003.1445,-2.3328,2.3328,3,historical
2018|autumn||2018秋季東北地区大会|2R|古川|4|弘前東|3,2018,autumn,,2018秋季東北地区大会,2R,regional,宮城,青森,4,3,1011.0916,1001.9579,0.52568,8.0,3.7946,1014.8862,998.1633,4.363,-4.363,9,historical
2018|autumn||2018秋季東北地区大会|2R|八戸学院光星|9|専大北上|2,2018,autumn,,2018秋季東北地区大会,2R,regional,青森,岩手,9,2,998.1633,1005.7416,0.495817,8.0,4.0335,1002.1968,1001.7082,2.3356,-2.3356,3,historical
2018|autumn||2018秋季東北地区大会|2R|羽黒|14|横手|6,2018,autumn,,2018秋季東北地区大会,2R,regional,山形,秋田,14,6,982.4303,1005.6124,0.473303,8.0,4.2136,986.6438,1001.3988,2.3068,-2.3068,3,historical
2018|autumn||2018秋季東北地区大会|QF|古川|3|秋田修英|1,2018,autumn,,2018秋季東北地区大会,QF,regional,宮城,秋田,3,1,1014.8862,1001.3988,0.521148,8.0,3.8308,1018.717,997.568,0.6083,-0.6083,3,historical
2018|autumn||2018秋季東北地区大会|QF|盛岡大付|7|酒田南|0,2018,autumn,,2018秋季東北地区大会,QF,regional,岩手,山形,7,0,1001.7082,986.6438,0.527256,8.0,3.782,1005.4901,982.8619,1.9469,-1.9469,4,historical
2018|autumn||2018秋季東北地区大会|QF|花巻東|6|仙台育英|5,2018,autumn,,2018秋季東北地区大会,QF,regional,岩手,宮城,6,5,1005.4901,1018.717,0.480974,8.0,4.1522,1009.6423,1014.5648,-0.0,0.0,0,historical
2018|autumn||2018秋季東北地区大会|QF|八戸学院光星|3|羽黒|2,2018,autumn,,2018秋季東北地区大会,QF,regional,青森,山形,3,2,1002.1968,982.8619,0.528666,8.0,3.7707,1005.9675,979.0912,0.3031,-0.3031,1,historical
2018|autumn||2018秋季東北地区大会|SF|盛岡大付|10|古川|0,2018,autumn,,2018秋季東北地区大会,SF,regional,岩手,宮城,10,0,1009.6423,1014.5648,0.493912,8.0,4.0487,1013.691,1010.5161,0.346,-0.346,1,historical
2018|autumn||2018秋季東北地区大会|SF|八戸学院光星|7|花巻東|3,2018,autumn,,2018秋季東北地区大会,SF,regional,青森,岩手,7,3,1005.9675,1013.691,0.500004,8.0,4.0,1009.9674,1009.691,3.863,-3.863,4,historical
2018|autumn||2018秋季東北地区大会|F|八戸学院光星|5|盛岡大付|3,2018,autumn,,2018秋季東北地区大会,F,regional,青森,岩手,5,3,1009.9674,1009.691,0.516542,8.0,3.8677,1013.8351,1005.8234,5.6112,-5.6112,5,historical
2018|autumn||2018秋季関東地区大会|1R|前橋育英|1|作新学院|0,2018,autumn,,2018秋季関東地区大会,1R,regional,群馬,栃木,1,0,1019.1398,986.5615,0.545751,8.0,3.634,1022.7738,982.9275,-0.349,0.349,1,historical
2018|autumn||2018秋季関東地区大会|1R|山梨学院|7|中央学院|2,2018,autumn,,2018秋季関東地区大会,1R,regional,山梨,千葉,7,2,968.203,990.248,0.468317,8.0,4.2535,972.4565,985.9946,-0.0,0.0,0,historical
2018|autumn||2018秋季関東地区大会|1R|習志野|3|桐生第一|1,2018,autumn,,2018秋季関東地区大会,1R,regional,千葉,群馬,3,1,985.9946,1022.7738,0.446404,8.0,4.4288,990.4233,1018.345,-0.3034,0.3034,1,historical
2018|autumn||2018秋季関東地区大会|1R|佐野日大|5|東農大三|2,2018,autumn,,2018秋季関東地区大会,1R,regional,栃木,埼玉,5,2,982.9275,1033.6821,0.428549,8.0,4.5716,987.4991,1029.1105,0.3817,-0.3817,1,historical
2018|autumn||2018秋季関東地区大会|1R|桐蔭学園|7|常総学院|5,2018,autumn,,2018秋季関東地区大会,1R,regional,神奈川,茨城,7,5,1006.2909,995.3186,0.515233,8.0,3.8781,1010.169,991.4405,-0.1922,0.1922,4,historical
2018|autumn||2018秋季関東地区大会|1R|横浜|8|甲府工|2,2018,autumn,,2018秋季関東地区大会,1R,regional,神奈川,山梨,8,2,1010.169,972.4565,0.554061,8.0,3.5675,1013.7365,968.8889,-0.0,0.0,0,historical
2018|autumn||2018秋季関東地区大会|1R|春日部共栄|7|藤代|6,2018,autumn,,2018秋季関東地区大会,1R,regional,埼玉,茨城,7,6,1029.1105,991.4405,0.554,8.0,3.568,1032.6785,987.8725,0.0,-0.0,0,historical
2018|autumn||2018秋季関東地区大会|QF|山梨学院|9|前橋育英|1,2018,autumn,,2018秋季関東地区大会,QF,regional,山梨,群馬,9,1,968.8889,1018.345,0.41766,8.0,4.6587,973.5477,1013.6863,-4.1428,4.1428,4,historical
2018|autumn||2018秋季関東地区大会|QF|習志野|8|東海大甲府|4,2018,autumn,,2018秋季関東地区大会,QF,regional,千葉,山梨,8,4,990.4233,973.5477,0.523249,8.0,3.814,994.2374,969.7337,-0.3545,0.3545,1,historical
2018|autumn||2018秋季関東地区大会|QF|桐蔭学園|8|佐野日大|1,2018,autumn,,2018秋季関東地区大会,QF,regional,神奈川,栃木,8,1,1013.7365,987.4991,0.544434,8.0,3.6445,1017.381,983.8546,2.36,-2.36,3,historical
2018|autumn||2018秋季関東地区大会|QF|春日部共栄|9|横浜|2,2018,autumn,,2018秋季関東地区大会,QF,regional,埼玉,神奈川,9,2,1032.6785,1017.381,0.519746,8.0,3.842,1036.5205,1013.539,-0.7847,0.7847,4,historical
2018|autumn||2018秋季関東地区大会|SF|桐蔭学園|4|習志野|2,2018,autumn,,2018秋季関東地区大会,SF,regional,神奈川,千葉,4,2,1013.539,994.2374,0.527262,8.0,3.7819,1017.3209,990.4555,-0.1695,0.1695,4,historical
2018|autumn||2018秋季関東地区大会|SF|春日部共栄|1|山梨学院|1,2018,autumn,,2018秋季関東地区大会,SF,regional,埼玉,山梨,1,1,1036.5205,969.7337,0.594947,8.0,-0.7596,1035.761,970.4932,0.0,-0.0,0,historical
2018|autumn||2018秋季関東地区大会|F|桐蔭学園|9|春日部共栄|6,2018,autumn,,2018秋季関東地区大会,F,regional,神奈川,埼玉,9,6,1017.3209,1035.761,0.472905,8.0,4.2168,1021.5377,1031.5442,-0.2029,0.2029,5,historical
2018|autumn||2018秋季東京地区大会|1R|大森学園|4|駒大高|0,2018,autumn,,2018秋季東京地区大会,1R,prefecture,東東京,西東京,4,0,994.1935,1025.3801,0.436053,4.8,2.7069,996.9004,1022.6732,-6.7467,6.7467,34,historical
2018|autumn||2018秋季東京地区大会|1R|東海大菅生|20|東京成徳大高|2,2018,autumn,,2018秋季東京地区大会,1R,prefecture,西東京,東東京,20,2,1022.6732,996.9004,0.551673,4.8,2.152,1024.8251,994.7485,5.1311,-5.1311,35,historical
2018|autumn||2018秋季東京地区大会|1R|東大和|2|葛飾野|1,2018,autumn,,2018秋季東京地区大会,1R,prefecture,西東京,東東京,2,1,1024.8251,994.7485,0.561615,4.8,2.1042,1026.9294,992.6442,6.4783,-6.4783,36,historical
2018|autumn||2018秋季東京地区大会|1R|墨田工|7|板橋|6,2018,autumn,,2018秋季東京地区大会,1R,prefecture,東京,東東京,7,6,995.2352,992.6442,0.501672,4.8,2.392,997.6272,990.2522,-0.7147,0.7147,2,historical
2018|autumn||2018秋季東京地区大会|1R|日体大荏原|5|成瀬|0,2018,autumn,,2018秋季東京地区大会,1R,prefecture,東東京,西東京,5,0,990.2522,1026.9294,0.425308,4.8,2.7585,993.0108,1024.1708,-7.8079,7.8079,37,historical
2018|autumn||2018秋季東京地区大会|1R|文京|9|南平|5,2018,autumn,,2018秋季東京地区大会,1R,prefecture,東東京,西東京,9,5,993.0108,1024.1708,0.437821,4.8,2.6985,995.7092,1021.4724,-6.1355,6.1355,38,historical
2018|autumn||2018秋季東京地区大会|1R|正則学園|5|田無|1,2018,autumn,,2018秋季東京地区大会,1R,prefecture,東東京,西東京,5,1,995.7092,1021.4724,0.450185,4.8,2.6391,998.3483,1018.8333,-4.4836,4.4836,39,historical
2018|autumn||2018秋季東京地区大会|1R|城東|8|早大学院|1,2018,autumn,,2018秋季東京地区大会,1R,prefecture,東東京,西東京,8,1,998.3483,1018.8333,0.462379,4.8,2.5806,1000.9289,1016.2527,-2.8533,2.8533,40,historical
2018|autumn||2018秋季東京地区大会|1R|明大中野|10|東京都市大等々力|1,2018,autumn,,2018秋季東京地区大会,1R,prefecture,東東京,西東京,10,1,1000.9289,1016.2527,0.474385,4.8,2.523,1003.4519,1013.7297,-1.2455,1.2455,41,historical
2018|autumn||2018秋季東京地区大会|1R|関東一|3|成蹊|2,2018,autumn,,2018秋季東京地区大会,1R,prefecture,東東京,西東京,3,2,1003.4519,1013.7297,0.486188,4.8,2.4663,1005.9182,1011.2634,0.3391,-0.3391,42,historical
2018|autumn||2018秋季東京地区大会|1R|昭和一学園|3|小山台|2,2018,autumn,,2018秋季東京地区大会,1R,prefecture,西東京,東東京,3,2,1011.2634,1005.9182,0.502224,4.8,2.3893,1013.6528,1003.5288,-1.8999,1.8999,43,historical
2018|autumn||2018秋季東京地区大会|1R|日本ウェルネス|17|大山･蒲田･目黒学院･六郷工科|0,2018,autumn,,2018秋季東京地区大会,1R,prefecture,東東京,東京,17,0,1003.5288,997.6272,0.509889,4.8,2.3525,1005.8814,995.2747,0.4853,-0.4853,3,historical
2018|autumn||2018秋季東京地区大会|1R|日本ウェルネス|17|大山･蒲田･目黒学院･六郷工科|0,2018,autumn,,2018秋季東京地区大会,1R,prefecture,東東京,東京,17,0,1005.8814,995.2747,0.518656,4.8,2.3105,1008.1918,992.9642,1.1813,-1.1813,4,historical
2018|autumn||2018秋季東京地区大会|1R|日本ウェルネス|17|大山･蒲田･目黒学院･六郷工科|0,2018,autumn,,2018秋季東京地区大会,1R,prefecture,東東京,東京,17,0,1008.1918,992.9642,0.527727,4.8,2.2669,1010.4587,990.6973,2.0295,-2.0295,5,historical
2018|autumn||2018秋季東京地区大会|1R|日本ウェルネス|17|大山･蒲田･目黒学院･六郷工科|0,2018,autumn,,2018秋季東京地区大会,1R,prefecture,東東京,東京,17,0,1010.4587,990.6973,0.536978,4.8,2.2225,1012.6813,988.4748,2.9901,-2.9901,6,historical
2018|autumn||2018秋季東京地区大会|1R|日本ウェルネス|17|大山･蒲田･目黒学院･六郷工科|0,2018,autumn,,2018秋季東京地区大会,1R,prefecture,東東京,東京,17,0,1012.6813,988.4748,0.546313,4.8,2.1777,1014.8589,986.2971,4.0338,-4.0338,7,historical
2018|autumn||2018秋季東京地区大会|1R|日本ウェルネス|17|大山･蒲田･目黒学院･六郷工科|0,2018,autumn,,2018秋季東京地区大会,1R,prefecture,東東京,東京,17,0,1014.8589,986.2971,0.555662,4.8,2.1328,1016.9918,984.1643,5.1386,-5.1386,8,historical
2018|autumn||2018秋季東京地区大会|1R|日本ウェルネス|17|大山･蒲田･目黒学院･六郷工科|0,2018,autumn,,2018秋季東京地区大会,1R,prefecture,東東京,東京,17,0,1016.9918,984.1643,0.564971,4.8,2.0881,1019.0799,982.0762,6.2877,-6.2877,9,historical
2018|autumn||2018秋季東京地区大会|1R|日本ウェルネス|17|大山･蒲田･目黒学院･六郷工科|0,2018,autumn,,2018秋季東京地区大会,1R,prefecture,東東京,東京,17,0,1019.0799,982.0762,0.574196,4.8,2.0439,1021.1238,980.0323,7.4683,-7.4683,10,historical
2018|autumn||2018秋季東京地区大会|1R|日本ウェルネス|17|大山･蒲田･目黒学院･六郷工科|0,2018,autumn,,2018秋季東京地区大会,1R,prefecture,東東京,東京,17,0,1021.1238,980.0323,0.583306,4.8,2.0001,1023.1239,978.0322,8.6702,-8.6702,11,historical
2018|autumn||2018秋季東京地区大会|1R|日本ウェルネス|17|大山･蒲田･目黒学院･六郷工科|0,2018,autumn,,2018秋季東京地区大会,1R,prefecture,東東京,東京,17,0,1023.1239,978.0322,0.592275,4.8,1.9571,1025.081,976.0751,9.8855,-9.8855,12,historical
2018|autumn||2018秋季東京地区大会|1R|日本ウェルネス|17|大山･蒲田･目黒学院･六郷工科|0,2018,autumn,,2018秋季東京地区大会,1R,prefecture,東東京,東京,17,0,1025.081,976.0751,0.601085,4.8,1.9148,1026.9958,974.1603,11.108,-11.108,13,historical
2018|autumn||2018秋季東京地区大会|1R|日本ウェルネス|17|大山･蒲田･目黒学院･六郷工科|0,2018,autumn,,2018秋季東京地区大会,1R,prefecture,東東京,東京,17,0,1026.9958,974.1603,0.609719,4.8,1.8734,1028.8691,972.2869,12.3326,-12.3326,14,historical
2018|autumn||2018秋季東京地区大会|1R|日本ウェルネス|17|大山･蒲田･目黒学院･六郷工科|0,2018,autumn,,2018秋季東京地区大会,1R,prefecture,東東京,東京,17,0,1028.8691,972.2869,0.618167,4.8,1.8328,1030.7019,970.4541,13.5553,-13.5553,15,historical
2018|autumn||2018秋季東京地区大会|1R|日本ウェルネス|17|大山･蒲田･目黒学院･六郷工科|0,2018,autumn,,2018秋季東京地区大会,1R,prefecture,東東京,東京,17,0,1030.7019,970.4541,0.626421,4.8,1.7932,1032.4951,968.661,14.7729,-14.7729,16,historical
2018|autumn||2018秋季東京地区大会|1R|日本ウェルネス|17|大山･蒲田･目黒学院･六郷工科|0,2018,autumn,,2018秋季東京地区大会,1R,prefecture,東東京,東京,17,0,1032.4951,968.661,0.634476,4.8,1.7545,1034.2496,966.9065,15.9829,-15.9829,17,historical
2018|autumn||2018秋季東京地区大会|1R|日本ウェルネス|17|大山･蒲田･目黒学院･六郷工科|0,2018,autumn,,2018秋季東京地区大会,1R,prefecture,東東京,東京,17,0,1034.2496,966.9065,0.642329,4.8,1.7168,1035.9664,965.1896,17.1832,-17.1832,18,historical
2018|autumn||2018秋季東京地区大会|1R|片倉|2|修徳|1,2018,autumn,,2018秋季東京地区大会,1R,prefecture,西東京,東東京,2,1,1013.6528,1035.9664,0.466813,4.8,2.5593,1016.2121,1033.4071,-0.3904,0.3904,44,historical
2018|autumn||2018秋季東京地区大会|1R|目白研心|7|日大三|5,2018,autumn,,2018秋季東京地区大会,1R,prefecture,東東京,西東京,7,5,1033.4071,1016.2121,0.52117,4.8,2.2984,1035.7055,1013.9137,-1.238,1.238,45,historical
2018|autumn||2018秋季東京地区大会|1R|小平西|6|海城|2,2018,autumn,,2018秋季東京地区大会,1R,prefecture,西東京,東東京,6,2,1013.9137,1035.7055,0.468031,4.8,2.5535,1016.4671,1033.1521,-0.2264,0.2264,46,historical
2018|autumn||2018秋季東京地区大会|1R|国学院久我山|4|実践学園|1,2018,autumn,,2018秋季東京地区大会,1R,prefecture,西東京,東東京,4,1,1016.4671,1033.1521,0.480056,4.8,2.4957,1018.9629,1030.6563,1.4095,-1.4095,47,historical
2018|autumn||2018秋季東京地区大会|1R|世田谷学園|4|江戸川|2,2018,autumn,,2018秋季東京地区大会,1R,prefecture,西東京,東東京,4,2,1018.9629,1030.6563,0.491859,4.8,2.4391,1021.4019,1028.2173,3.0181,-3.0181,48,historical
2018|autumn||2018秋季東京地区大会|2R|東亜学園|4|片倉|2,2018,autumn,,2018秋季東京地区大会,2R,prefecture,東東京,西東京,4,2,1028.2173,1021.4019,0.49657,4.8,2.4165,1030.6337,1018.9855,-4.5995,4.5995,49,historical
2018|autumn||2018秋季東京地区大会|2R|世田谷学園|9|成立学園|3,2018,autumn,,2018秋季東京地区大会,2R,prefecture,西東京,東東京,9,3,1018.9855,1030.6337,0.492016,4.8,2.4383,1021.4238,1028.1954,3.0501,-3.0501,50,historical
2018|autumn||2018秋季東京地区大会|2R|岩倉|3|八王子|2,2018,autumn,,2018秋季東京地区大会,2R,prefecture,東東京,西東京,3,2,1028.1954,1021.4238,0.496393,4.8,2.4173,1030.6127,1019.0065,-4.6392,4.6392,51,historical
2018|autumn||2018秋季東京地区大会|2R|二松学舎大付|10|東大和|0,2018,autumn,,2018秋季東京地区大会,2R,prefecture,東東京,西東京,10,0,1030.6127,1019.0065,0.507837,4.8,2.3624,1032.9751,1016.6441,-3.08,3.08,52,historical
2018|autumn||2018秋季東京地区大会|2R|日体大荏原|9|墨田工|3,2018,autumn,,2018秋季東京地区大会,2R,prefecture,東東京,東京,9,3,1032.9751,965.1896,0.64605,4.8,1.699,1034.6741,963.4907,18.3721,-18.3721,19,historical
2018|autumn||2018秋季東京地区大会|2R|文京|4|啓明学園|1,2018,autumn,,2018秋季東京地区大会,2R,prefecture,東東京,西東京,4,1,1034.6741,1016.6441,0.521477,4.8,2.2969,1036.971,1014.3472,-1.5484,1.5484,53,historical
2018|autumn||2018秋季東京地区大会|2R|帝京|6|創価|5,2018,autumn,,2018秋季東京地区大会,2R,prefecture,東東京,西東京,6,5,1036.971,1014.3472,0.532364,4.8,2.2447,1039.2156,1012.1025,-0.0517,0.0517,54,historical
2018|autumn||2018秋季東京地区大会|3R|東海大菅生|2|二松学舎大付|1,2018,autumn,,2018秋季東京地区大会,3R,prefecture,西東京,東東京,2,1,1012.1025,1039.2156,0.457007,4.8,2.6064,1014.7089,1036.6093,-1.4178,1.4178,55,historical
2018|autumn||2018秋季東京地区大会|3R|早稲田実|3|帝京|1,2018,autumn,,2018秋季東京地区大会,3R,prefecture,西東京,東東京,3,1,1014.7089,1036.6093,0.469354,4.8,2.5471,1017.256,1034.0622,0.2894,-0.2894,56,historical
2018|autumn||2018秋季東京地区大会|3R|国士舘|5|関東一|1,2018,autumn,,2018秋季東京地区大会,3R,prefecture,西東京,東東京,5,1,1017.256,1034.0622,0.481479,4.8,2.4889,1019.7449,1031.5733,1.9652,-1.9652,57,historical
2018|autumn||2018秋季東京地区大会|QF|国士舘|9|城東|1,2018,autumn,,2018秋季東京地区大会,QF,regional,西東京,東東京,9,1,1019.7449,1031.5733,0.493368,8.0,4.0531,1023.798,1027.5202,3.6098,-3.6098,58,historical
2018|autumn||2018秋季東京地区大会|QF|東亜学園|10|国学院久我山|7,2018,autumn,,2018秋季東京地区大会,QF,regional,東東京,西東京,10,7,1027.5202,1023.798,0.487244,8.0,4.1021,1031.6223,1019.6959,-6.2941,6.2941,59,historical
2018|autumn||2018秋季東京地区大会|QF|東海大菅生|3|岩倉|1,2018,autumn,,2018秋季東京地区大会,QF,regional,西東京,東東京,3,1,1019.6959,1031.6223,0.493176,8.0,4.0546,1023.7505,1027.5677,3.592,-3.592,60,historical
2018|autumn||2018秋季東京地区大会|QF|早稲田実|10|日体大荏原|1,2018,autumn,,2018秋季東京地区大会,QF,regional,西東京,東東京,10,1,1023.7505,1027.5677,0.5126,8.0,3.8992,1027.6497,1023.6685,6.2873,-6.2873,61,historical
2018|autumn||2018秋季東京地区大会|SF|国士舘|5|東亜学園|1,2018,autumn,,2018秋季東京地区大会,SF,regional,西東京,東東京,5,1,1027.6497,1023.6685,0.531274,8.0,3.7498,1031.3995,1019.9187,8.8893,-8.8893,62,historical
2018|autumn||2018秋季北信越地区大会|1R|啓新|6|富山第一|2,2018,autumn,,2018秋季北信越地区大会,1R,regional,福井,富山,6,2,966.1968,991.0471,0.463363,8.0,4.2931,970.4899,986.754,-0.3268,0.3268,1,historical
2018|autumn||2018秋季北信越地区大会|1R|遊学館|8|新潟南|1,2018,autumn,,2018秋季北信越地区大会,1R,regional,石川,新潟,8,1,1035.167,987.8763,0.580312,8.0,3.3575,1038.5245,984.5188,4.5018,-4.5018,6,historical
2018|autumn||2018秋季北信越地区大会|1R|福井工大福井|8|高岡第一|2,2018,autumn,,2018秋季北信越地区大会,1R,regional,福井,富山,8,2,970.4899,986.754,0.476771,8.0,4.1858,974.6758,982.5681,0.0557,-0.0557,2,historical
2018|autumn||2018秋季北信越地区大会|1R|上田西|9|帝京長岡|0,2018,autumn,,2018秋季北信越地区大会,1R,regional,長野,新潟,9,0,989.0289,984.5188,0.506362,8.0,3.9491,992.978,980.5697,-0.0445,0.0445,4,historical
2018|autumn||2018秋季北信越地区大会|1R|星稜|9|関根学園|0,2018,autumn,,2018秋季北信越地区大会,1R,regional,石川,新潟,9,0,1038.5245,980.5697,0.599547,8.0,3.2036,1041.7281,977.3661,6.0771,-6.0771,7,historical
2018|autumn||2018秋季北信越地区大会|1R|松本第一|6|金津|0,2018,autumn,,2018秋季北信越地区大会,1R,regional,長野,福井,6,0,992.978,974.6758,0.528474,8.0,3.7722,996.7502,970.9035,0.7526,-0.7526,3,historical
2018|autumn||2018秋季北信越地区大会|1R|日本文理|10|小松商|0,2018,autumn,,2018秋季北信越地区大会,1R,regional,新潟,石川,10,0,977.3661,1041.7281,0.387154,8.0,4.9028,982.2689,1036.8254,-7.7125,7.7125,8,historical
2018|autumn||2018秋季北信越地区大会|1R|東海大諏訪|8|高岡商|7,2018,autumn,,2018秋季北信越地区大会,1R,regional,長野,富山,8,7,996.7502,982.5681,0.516049,8.0,3.8716,1000.6218,978.6965,-1.513,1.513,2,historical
2018|autumn||2018秋季北信越地区大会|QF|東海大諏訪|2|日本文理|1,2018,autumn,,2018秋季北信越地区大会,QF,regional,長野,新潟,2,1,1000.6218,982.2689,0.529509,8.0,3.7639,1004.3857,978.5049,1.0878,-1.0878,5,historical
2018|autumn||2018秋季北信越地区大会|QF|星稜|11|松本第一|0,2018,autumn,,2018秋季北信越地区大会,QF,regional,石川,長野,11,0,1036.8254,1004.3857,0.546223,8.0,3.6302,1040.4556,1000.7555,-0.1143,0.1143,2,historical
2018|autumn||2018秋季北信越地区大会|QF|啓新|3|遊学館|2,2018,autumn,,2018秋季北信越地区大会,QF,regional,福井,石川,3,2,970.9035,1040.4556,0.400362,8.0,4.7971,975.7006,1035.6585,-0.3112,0.3112,1,historical
2018|autumn||2018秋季北信越地区大会|QF|上田西|8|福井工大福井|1,2018,autumn,,2018秋季北信越地区大会,QF,regional,長野,福井,8,1,1000.7555,975.7006,0.541324,8.0,3.6694,1004.4249,972.0312,1.8629,-1.8629,4,historical
2018|autumn||2018秋季北信越地区大会|SF|啓新|4|上田西|3,2018,autumn,,2018秋季北信越地区大会,SF,regional,福井,長野,4,3,972.0312,1004.4249,0.44438,8.0,4.445,976.4762,999.98,-3.208,3.208,5,historical
2018|autumn||2018秋季北信越地区大会|SF|星稜|4|東海大諏訪|0,2018,autumn,,2018秋季北信越地区大会,SF,regional,石川,長野,4,0,1035.6585,999.98,0.552836,8.0,3.5773,1039.2358,996.4026,0.5867,-0.5867,3,historical
2018|autumn||2018秋季北信越地区大会|F|啓新|2|星稜|2,2018,autumn,,2018秋季北信越地区大会,F,regional,福井,石川,2,2,976.4762,1039.2358,0.411096,8.0,0.7112,977.1874,1038.5245,0.1594,-0.1594,2,historical
2018|autumn||2018秋季北信越地区大会|F|星稜|7|啓新|4,2018,autumn,,2018秋季北信越地区大会,F,regional,石川,福井,7,4,1038.5245,977.1874,0.586353,8.0,3.3092,1041.8337,973.8783,-0.3629,0.3629,3,historical
2018|autumn||2018秋季東海地区大会|1R|津田学園|10|大垣日大|3,2018,autumn,,2018秋季東海地区大会,1R,regional,三重,岐阜,10,3,997.5437,978.5987,0.532958,8.0,3.7363,1001.28,974.8623,1.9951,-1.9951,4,historical
2018|autumn||2018秋季東海地区大会|1R|中京大中京|11|静岡|2,2018,autumn,,2018秋季東海地区大会,1R,regional,愛知,静岡,11,2,989.6875,1007.1987,0.478687,8.0,4.1705,993.858,1003.0282,1.3461,-1.3461,7,historical
2018|autumn||2018秋季東海地区大会|1R|三重|2|中部大春日丘|1,2018,autumn,,2018秋季東海地区大会,1R,regional,三重,愛知,2,1,1001.28,993.858,0.50391,8.0,3.9687,1005.2487,989.8893,-2.3526,2.3526,3,historical
2018|autumn||2018秋季東海地区大会|1R|岐阜第一|5|清水桜が丘|4,2018,autumn,,2018秋季東海地区大会,1R,regional,岐阜,静岡,5,4,974.8623,1003.0282,0.45753,8.0,4.3398,979.2021,998.6884,-0.7083,0.7083,3,historical
2018|autumn||2018秋季東海地区大会|QF|津田学園|7|御殿場西|2,2018,autumn,,2018秋季東海地区大会,QF,regional,三重,静岡,7,2,1005.2487,998.6884,0.508017,8.0,3.9359,1009.1846,994.7526,-0.4947,0.4947,5,historical
2018|autumn||2018秋季東海地区大会|QF|中京学院大中京|7|三重|0,2018,autumn,,2018秋季東海地区大会,QF,regional,岐阜,三重,7,0,979.2021,1009.1846,0.44732,8.0,4.4214,983.6235,1004.7631,-3.3798,3.3798,5,historical
2018|autumn||2018秋季東海地区大会|QF|中京大中京|4|菰野|3,2018,autumn,,2018秋季東海地区大会,QF,regional,愛知,三重,4,3,989.8893,1004.7631,0.484021,8.0,4.1278,994.0171,1000.6353,1.8832,-1.8832,4,historical
2018|autumn||2018秋季東海地区大会|QF|東邦|7|岐阜第一|0,2018,autumn,,2018秋季東海地区大会,QF,regional,愛知,岐阜,7,0,994.0171,983.6235,0.514651,8.0,3.8828,997.8999,979.7408,-0.1051,0.1051,4,historical
2018|autumn||2018秋季東海地区大会|SF|津田学園|13|中京大中京|2,2018,autumn,,2018秋季東海地区大会,SF,regional,三重,愛知,13,2,1000.6353,997.8999,0.494255,8.0,4.046,1004.6813,993.8539,-3.3636,3.3636,5,historical
2018|autumn||2018秋季東海地区大会|SF|東邦|10|中京学院大中京|9,2018,autumn,,2018秋季東海地区大会,SF,regional,愛知,岐阜,10,9,993.8539,979.7408,0.523169,8.0,3.8147,997.6686,975.9261,0.9988,-0.9988,5,historical
2018|autumn||2018秋季東海地区大会|F|東邦|10|津田学園|2,2018,autumn,,2018秋季東海地区大会,F,regional,愛知,三重,10,2,997.6686,1004.6813,0.496953,8.0,4.0244,1001.693,1000.6569,2.4476,-2.4476,6,historical
2018|autumn||2018秋季近畿地区大会|1R|龍谷大平安|4|天理|3,2018,autumn,,2018秋季近畿地区大会,1R,regional,京,奈良,4,3,997.5819,1003.5048,0.492471,8.0,4.0602,1001.6421,999.4446,0.3455,-0.3455,1,historical
2018|autumn||2018秋季近畿地区大会|1R|市和歌山|8|近江兄弟社|4,2018,autumn,,2018秋季近畿地区大会,1R,regional,和歌山,滋賀,8,4,1014.2082,1006.1253,0.507667,8.0,3.9387,1018.1469,1002.1867,-1.3773,1.3773,3,historical
2018|autumn||2018秋季近畿地区大会|1R|履正社|11|南部|2,2018,autumn,,2018秋季近畿地区大会,1R,regional,大阪,和歌山,11,2,1106.1297,1018.1469,0.636487,8.0,2.9081,1109.0378,1015.2387,4.6626,-4.6626,6,historical
2018|autumn||2018秋季近畿地区大会|1R|福知山成美|5|神戸国際大付|4,2018,autumn,,2018秋季近畿地区大会,1R,regional,京,兵庫,5,4,1001.6421,982.1468,0.52809,8.0,3.7753,1005.4174,978.3716,0.0223,-0.0223,2,historical
2018|autumn||2018秋季近畿地区大会|1R|報徳学園|5|近江|2,2018,autumn,,2018秋季近畿地区大会,1R,regional,兵庫,滋賀,5,2,978.3716,1002.1867,0.464853,8.0,4.2812,982.6527,997.9055,-0.3241,0.3241,1,historical
2018|autumn||2018秋季近畿地区大会|1R|明石商|6|京都国際|4,2018,autumn,,2018秋季近畿地区大会,1R,regional,兵庫,京,6,4,982.6527,1005.4174,0.464986,8.0,4.2801,986.9328,1001.1373,-0.8026,0.8026,3,historical
2018|autumn||2018秋季近畿地区大会|1R|智弁和歌山|12|大阪偕星|5,2018,autumn,,2018秋季近畿地区大会,1R,regional,和歌山,大阪,12,5,1015.2387,1109.0378,0.352032,8.0,5.1837,1020.4225,1103.8541,-6.0949,6.0949,7,historical
2018|autumn||2018秋季近畿地区大会|1R|大阪桐蔭|10|橿原|0,2018,autumn,,2018秋季近畿地区大会,1R,regional,大阪,奈良,10,0,1103.8541,999.4446,0.651533,8.0,2.7877,1106.6418,996.6569,2.1503,-2.1503,3,historical
2018|autumn||2018秋季近畿地区大会|QF|龍谷大平安|5|市和歌山|4,2018,autumn,,2018秋季近畿地区大会,QF,regional,京,和歌山,5,4,1001.1373,1020.4225,0.471336,8.0,4.2293,1005.3666,1016.1932,-0.3272,0.3272,1,historical
2018|autumn||2018秋季近畿地区大会|QF|履正社|5|福知山成美|0,2018,autumn,,2018秋季近畿地区大会,QF,regional,大阪,京,5,0,1106.6418,1005.3666,0.642508,8.0,2.8599,1109.5018,1002.5066,0.2847,-0.2847,1,historical
2018|autumn||2018秋季近畿地区大会|QF|智弁和歌山|5|大阪桐蔭|2,2018,autumn,,2018秋季近畿地区大会,QF,regional,和歌山,大阪,5,2,1016.1932,1109.5018,0.356651,8.0,5.1468,1021.34,1104.355,-4.5863,4.5863,8,historical
2018|autumn||2018秋季近畿地区大会|SF|龍谷大平安|7|履正社|0,2018,autumn,,2018秋季近畿地区大会,SF,regional,京,大阪,7,0,1002.5066,1104.355,0.355002,8.0,5.16,1007.6666,1099.195,-0.9415,0.9415,2,historical
2018|autumn||2018秋季近畿地区大会|SF|明石商|12|智弁和歌山|0,2018,autumn,,2018秋季近畿地区大会,SF,regional,兵庫,和歌山,12,0,986.9328,1021.34,0.449801,8.0,4.4016,991.3344,1016.9384,-0.2961,0.2961,1,historical
2018|autumn||2018秋季近畿地区大会|F|龍谷大平安|2|明石商|1,2018,autumn,,2018秋季近畿地区大会,F,regional,京,兵庫,2,1,1007.6666,991.3344,0.523231,8.0,3.8142,1011.4808,987.5203,-0.0891,0.0891,4,historical
2018|autumn||2018秋季中国地区大会|1R|米子東|7|開星|6,2018,autumn,,2018秋季中国地区大会,1R,regional,鳥取,島根,7,6,989.1282,963.2888,0.537994,8.0,3.696,992.8242,959.5928,0.3064,-0.3064,1,historical
2018|autumn||2018秋季中国地区大会|1R|創志学園|9|鳥取城北|3,2018,autumn,,2018秋季中国地区大会,1R,regional,岡山,鳥取,9,3,990.0441,992.8242,0.495088,8.0,4.0393,994.0834,988.7849,-0.3167,0.3167,1,historical
2018|autumn||2018秋季中国地区大会|1R|崇徳|12|平田|5,2018,autumn,,2018秋季中国地区大会,1R,regional,広島,島根,12,5,1030.8881,959.5928,0.60205,8.0,3.1836,1034.0717,956.4092,0.3132,-0.3132,1,historical
2018|autumn||2018秋季中国地区大会|1R|市呉|6|岩国商|1,2018,autumn,,2018秋季中国地区大会,1R,regional,広島,山口,6,1,1034.0717,1001.7367,0.550692,8.0,3.5945,1037.6662,998.1422,1.5055,-1.5055,4,historical
2018|autumn||2018秋季中国地区大会|1R|関西|7|聖光|6,2018,autumn,,2018秋季中国地区大会,1R,regional,岡山,山口,7,6,994.0834,998.1422,0.495648,8.0,4.0348,998.1182,994.1074,0.5174,-0.5174,5,historical
2018|autumn||2018秋季中国地区大会|1R|岡山理大付|4|大社|3,2018,autumn,,2018秋季中国地区大会,1R,regional,岡山,島根,4,3,998.1182,956.4092,0.563004,8.0,3.496,1001.6142,952.9132,1.1524,-1.1524,2,historical
2018|autumn||2018秋季中国地区大会|1R|広陵|2|鳥取商|1,2018,autumn,,2018秋季中国地区大会,1R,regional,広島,鳥取,2,1,1037.6662,988.7849,0.572297,8.0,3.4216,1041.0878,985.3633,0.8553,-0.8553,5,historical
2018|autumn||2018秋季中国地区大会|QF|米子東|8|倉敷商|6,2018,autumn,,2018秋季中国地区大会,QF,regional,鳥取,岡山,8,6,985.3633,1001.6142,0.476527,8.0,4.1878,989.5511,997.4264,-0.0358,0.0358,2,historical
2018|autumn||2018秋季中国地区大会|QF|創志学園|6|崇徳|4,2018,autumn,,2018秋季中国地区大会,QF,regional,岡山,広島,6,4,997.4264,1041.0878,0.436108,8.0,4.5111,1001.9375,1036.5767,-0.4898,0.4898,3,historical
2018|autumn||2018秋季中国地区大会|QF|市呉|11|岡山理大付|3,2018,autumn,,2018秋季中国地区大会,QF,regional,広島,岡山,11,3,1036.5767,1001.9375,0.548177,8.0,3.6146,1040.1913,998.3229,-0.5291,0.5291,4,historical
2018|autumn||2018秋季中国地区大会|QF|広陵|13|関西|8,2018,autumn,,2018秋季中国地区大会,QF,regional,広島,岡山,13,8,1040.1913,998.3229,0.561189,8.0,3.5105,1043.7017,994.8124,0.4321,-0.4321,5,historical
2018|autumn||2018秋季中国地区大会|SF|米子東|6|市呉|5,2018,autumn,,2018秋季中国地区大会,SF,regional,鳥取,広島,6,5,989.5511,1043.7017,0.416939,8.0,4.6645,994.2156,1039.0373,-2.0529,2.0529,6,historical
2018|autumn||2018秋季中国地区大会|SF|広陵|7|創志学園|0,2018,autumn,,2018秋季中国地区大会,SF,regional,広島,岡山,7,0,1039.0373,994.8124,0.567857,8.0,3.4571,1042.4944,991.3553,1.6099,-1.6099,6,historical
2018|autumn||2018秋季中国地区大会|F|広陵|6|米子東|2,2018,autumn,,2018秋季中国地区大会,F,regional,広島,鳥取,6,2,1042.4944,994.2156,0.570736,8.0,3.4341,1045.9285,990.7815,0.6028,-0.6028,7,historical
2018|autumn||2018秋季四国地区大会|1R|富岡西|8|高知|7,2018,autumn,,2018秋季四国地区大会,1R,regional,徳島,高知,8,7,972.098,1021.0326,0.425131,8.0,4.599,976.6969,1016.4336,-1.742,1.742,4,historical
2018|autumn||2018秋季四国地区大会|1R|明徳義塾|2|聖カタリナ|0,2018,autumn,,2018秋季四国地区大会,1R,regional,高知,愛媛,2,0,1016.4336,1016.1191,0.507729,8.0,3.9382,1020.3718,1012.1809,2.5282,-2.5282,5,historical
2018|autumn||2018秋季四国地区大会|1R|松山聖陵|11|志度|3,2018,autumn,,2018秋季四国地区大会,1R,regional,愛媛,徳島,11,3,1012.1809,976.6969,0.554,8.0,3.568,1015.7489,973.1289,1.093,-1.093,2,historical
2018|autumn||2018秋季四国地区大会|1R|徳島商|6|英明|4,2018,autumn,,2018秋季四国地区大会,1R,regional,徳島,香川,6,4,973.1289,1005.6216,0.450314,8.0,4.3975,977.5264,1001.2241,-1.0736,1.0736,2,historical
2018|autumn||2018秋季四国地区大会|QF|富岡西|10|帝京五|6,2018,autumn,,2018秋季四国地区大会,QF,regional,徳島,愛媛,10,6,977.5264,1015.7489,0.43891,8.0,4.4887,982.0151,1011.2602,-2.2203,2.2203,3,historical
2018|autumn||2018秋季四国地区大会|QF|高松商|4|明徳義塾|2,2018,autumn,,2018秋季四国地区大会,QF,regional,香川,高知,4,2,1001.2241,1020.3718,0.482185,8.0,4.1425,1005.3666,1016.2293,3.3818,-3.3818,5,historical
2018|autumn||2018秋季四国地区大会|QF|松山聖陵|5|川島|1,2018,autumn,,2018秋季四国地区大会,QF,regional,愛媛,徳島,5,1,1011.2602,982.0151,0.546533,8.0,3.6277,1014.888,978.3874,1.5915,-1.5915,4,historical
2018|autumn||2018秋季四国地区大会|QF|高知商|2|徳島商|1,2018,autumn,,2018秋季四国地区大会,QF,regional,高知,徳島,2,1,1016.2293,978.3874,0.556188,8.0,3.5505,1019.7798,974.8369,0.6834,-0.6834,5,historical
2018|autumn||2018秋季四国地区大会|SF|松山聖陵|5|富岡西|3,2018,autumn,,2018秋季四国地区大会,SF,regional,愛媛,徳島,5,3,1014.888,974.8369,0.565556,8.0,3.4756,1018.3635,971.3613,2.8828,-2.8828,5,historical
2018|autumn||2018秋季四国地区大会|SF|高松商|10|高知商|4,2018,autumn,,2018秋季四国地区大会,SF,regional,香川,高知,10,4,1005.3666,1019.7798,0.493936,8.0,4.0485,1009.4151,1015.7313,5.0998,-5.0998,6,historical
2018|autumn||2018秋季四国地区大会|F|高松商|3|松山聖陵|1,2018,autumn,,2018秋季四国地区大会,F,regional,香川,愛媛,3,1,1009.4151,1018.3635,0.479913,8.0,4.1607,1013.5758,1014.2028,-2.5085,2.5085,6,historical
2018|autumn||2018秋季九州地区大会|1R|長崎商|8|沖縄水産|4,2018,autumn,,2018秋季九州地区大会,1R,regional,長崎,沖縄,8,4,1009.3867,1000.9088,0.512302,8.0,3.9016,1013.2883,997.0072,0.0361,-0.0361,2,historical
2018|autumn||2018秋季九州地区大会|1R|明豊|7|鹿屋中央|3,2018,autumn,,2018秋季九州地区大会,1R,regional,大分,鹿児島,7,3,1000.9767,1008.7743,0.492934,8.0,4.0565,1005.0332,1004.7178,1.4437,-1.4437,3,historical
2018|autumn||2018秋季九州地区大会|1R|日章学園|7|九州国際大付|5,2018,autumn,,2018秋季九州地区大会,1R,regional,宮崎,福岡,7,5,984.9676,998.4814,0.483937,8.0,4.1285,989.0961,994.3529,1.174,-1.174,2,historical
2018|autumn||2018秋季九州地区大会|1R|熊本西|3|佐賀学園|2,2018,autumn,,2018秋季九州地区大会,1R,regional,熊本,佐賀,3,2,984.3774,969.834,0.520917,8.0,3.8327,988.21,966.0013,-0.0,0.0,0,historical
2018|autumn||2018秋季九州地区大会|1R|神村学園|12|北陵|4,2018,autumn,,2018秋季九州地区大会,1R,regional,鹿児島,佐賀,12,4,1004.7178,966.0013,0.555488,8.0,3.5561,1008.2739,962.4452,-0.0,0.0,0,historical
2018|autumn||2018秋季九州地区大会|1R|興南|5|熊本国府|2,2018,autumn,,2018秋季九州地区大会,1R,regional,沖縄,熊本,5,2,997.0072,988.21,0.514727,8.0,3.8822,1000.8894,984.3278,0.7197,-0.7197,3,historical
2018|autumn||2018秋季九州地区大会|1R|大分|4|長崎南山|1,2018,autumn,,2018秋季九州地区大会,1R,regional,大分,長崎,4,1,1005.0332,1013.2883,0.488122,8.0,4.095,1009.1283,1009.1933,0.0,-0.0,0,historical
2018|autumn||2018秋季九州地区大会|1R|筑陽学園|1|小林西|0,2018,autumn,,2018秋季九州地区大会,1R,regional,福岡,宮崎,1,0,994.3529,989.0961,0.500527,8.0,3.9958,998.3487,985.1003,-2.4454,2.4454,3,historical
2018|autumn||2018秋季九州地区大会|QF|明豊|10|長崎商|1,2018,autumn,,2018秋季九州地区大会,QF,regional,大分,長崎,10,1,1009.1283,1009.1933,0.500889,8.0,3.9929,1013.1211,1005.2004,0.3413,-0.3413,1,historical
2018|autumn||2018秋季九州地区大会|QF|日章学園|8|熊本西|1,2018,autumn,,2018秋季九州地区大会,QF,regional,宮崎,熊本,8,1,985.1003,984.3278,0.5046,8.0,3.9632,989.0635,980.3646,1.2121,-1.2121,2,historical
2018|autumn||2018秋季九州地区大会|QF|大分|8|神村学園|1,2018,autumn,,2018秋季九州地区大会,QF,regional,大分,鹿児島,8,1,1013.1211,1008.2739,0.514969,8.0,3.8802,1017.0014,1004.3936,2.7787,-2.7787,4,historical
2018|autumn||2018秋季九州地区大会|QF|筑陽学園|1|興南|0,2018,autumn,,2018秋季九州地区大会,QF,regional,福岡,沖縄,1,0,998.3487,1000.8894,0.496773,8.0,4.0258,1002.3745,996.8636,0.1493,-0.1493,4,historical
2018|autumn||2018秋季九州地区大会|SF|明豊|10|日章学園|4,2018,autumn,,2018秋季九州地区大会,SF,regional,大分,宮崎,10,4,1017.0014,989.0635,0.540027,8.0,3.6798,1020.6812,985.3837,-0.0322,0.0322,2,historical
2018|autumn||2018秋季九州地区大会|SF|筑陽学園|5|大分|3,2018,autumn,,2018秋季九州地区大会,SF,regional,福岡,大分,5,3,1002.3745,1020.6812,0.47597,8.0,4.1922,1006.5667,1016.4889,0.7981,-0.7981,3,historical
2018|autumn||2018秋季九州地区大会|F|筑陽学園|7|明豊|5,2018,autumn,,2018秋季九州地区大会,F,regional,福岡,大分,7,5,1006.5667,1016.4889,0.491546,8.0,4.0676,1010.6343,1012.4213,2.0236,-2.0236,4,historical
2018|jingu||2018明治神宮大会|1R|八戸学院光星|7|東邦|3,2018,jingu,,2018明治神宮大会,1R,national,青森,愛知,7,3,1013.8351,1001.693,0.517467,9.2,4.4393,1018.2744,997.2537,-0.0,0.0,0,historical
2018|jingu||2018明治神宮大会|1R|札幌大谷|6|龍谷大平安|5,2018,jingu,,2018明治神宮大会,1R,national,南北海道,京,6,5,1009.0973,1011.4808,0.49657,9.2,4.6316,1013.7288,1006.8492,-0.0,0.0,0,historical
2018|jingu||2018明治神宮大会|QF|星稜|9|広陵|0,2018,jingu,,2018明治神宮大会,QF,national,石川,広島,9,0,1041.8337,1045.9285,0.494107,9.2,4.6542,1046.4879,1041.2743,-0.0,0.0,0,historical
2018|jingu||2018明治神宮大会|QF|筑陽学園|10|桐蔭学園|1,2018,jingu,,2018明治神宮大会,QF,national,福岡,神奈川,10,1,1010.6343,1021.5377,0.484314,9.2,4.7443,1015.3787,1016.7934,-0.0,0.0,0,historical
2018|jingu||2018明治神宮大会|QF|高松商|9|八戸学院光星|6,2018,jingu,,2018明治神宮大会,QF,national,香川,青森,9,6,1013.5758,1018.2744,0.493239,9.2,4.6622,1018.238,1013.6122,-0.0,0.0,0,historical
2018|jingu||2018明治神宮大会|QF|札幌大谷|7|国士舘|3,2018,jingu,,2018明治神宮大会,QF,regional,南北海道,西東京,7,3,1013.7288,1031.3995,0.474592,8.0,4.2033,1017.9321,1027.1962,0.0,-0.0,0,historical
2018|jingu||2018明治神宮大会|SF|星稜|7|高松商|4,2018,jingu,,2018明治神宮大会,SF,national,石川,香川,7,4,1046.4879,1018.238,0.540566,9.2,4.2268,1050.7147,1014.0112,0.0,-0.0,0,historical
2018|jingu||2018明治神宮大会|SF|札幌大谷|5|筑陽学園|2,2018,jingu,,2018明治神宮大会,SF,national,南北海道,福岡,5,2,1017.9321,1015.3787,0.503001,9.2,4.5724,1022.5045,1010.8063,-0.2342,0.2342,1,historical
2018|jingu||2018明治神宮大会|F|札幌大谷|2|星稜|1,2018,jingu,,2018明治神宮大会,F,national,南北海道,石川,2,1,1022.5045,1050.7147,0.459491,9.2,4.9727,1027.4772,1045.7421,0.0,-0.0,0,historical
2019|spring||2019春季北海道地区大会|1R|札幌光星|10|帯広大谷|5,2019,spring,,2019春季北海道地区大会,1R,regional,南北海道,北北海道,10,5,1027.4772,970.892,0.621004,7.6,2.8804,1030.3576,968.0117,14.5994,-14.5994,35,historical
2019|spring||2019春季北海道地区大会|1R|旭川大高|6|札幌新川|4,2019,spring,,2019春季北海道地区大会,1R,regional,北北海道,南北海道,6,4,968.0117,1030.3576,0.366283,7.6,4.8162,972.8279,1025.5413,-16.4428,16.4428,36,historical
2019|spring||2019春季北海道地区大会|QF|苫小牧工|13|釧路湖陵|3,2019,spring,,2019春季北海道地区大会,QF,regional,南北海道,北北海道,13,3,1025.5413,972.8279,0.612893,7.6,2.942,1028.4833,969.8859,13.554,-13.554,37,historical
2019|spring||2019春季北海道地区大会|QF|札幌第一|7|滝川西|3,2019,spring,,2019春季北海道地区大会,QF,regional,南北海道,北北海道,7,3,1028.4833,969.8859,0.625996,7.6,2.8424,1031.3257,967.0435,15.4404,-15.4404,38,historical
2019|spring||2019春季北海道地区大会|QF|駒大苫小牧|6|旭川大高|3,2019,spring,,2019春季北海道地区大会,QF,regional,南北海道,北北海道,6,3,1031.3257,967.0435,0.638524,7.6,2.7472,1034.073,964.2963,17.2786,-17.2786,39,historical
2019|spring||2019春季東北地区大会|1R|東北学院|10|山形学院|3,2019,spring,,2019春季東北地区大会,1R,regional,宮城,山形,10,3,1010.5161,979.0912,0.546903,7.6,3.4435,1013.9597,975.6477,0.6314,-0.6314,3,historical
2019|spring||2019春季東北地区大会|1R|盛岡大付|5|日大東北|1,2019,spring,,2019春季東北地区大会,1R,regional,岩手,福島,5,1,1005.8234,1003.1445,0.498612,7.6,3.8105,1009.6339,999.3339,-1.8216,1.8216,4,historical
2019|spring||2019春季東北地区大会|2R|東日大昌平|8|能代|1,2019,spring,,2019春季東北地区大会,2R,regional,福島,秋田,8,1,999.3339,997.568,0.502413,7.6,3.7817,1003.1156,993.7864,-0.0446,0.0446,2,historical
2019|spring||2019春季東北地区大会|2R|仙台育英|13|秋田中央|6,2019,spring,,2019春季東北地区大会,2R,regional,宮城,秋田,13,6,1013.9597,993.7864,0.533876,7.6,3.5425,1017.5022,990.2438,1.7012,-1.7012,4,historical
2019|spring||2019春季東北地区大会|2R|明桜|3|弘前東|1,2019,spring,,2019春季東北地区大会,2R,regional,秋田,青森,3,1,990.2438,1013.6122,0.469166,7.6,4.0343,994.2782,1009.5779,0.9576,-0.9576,3,historical
2019|spring||2019春季東北地区大会|2R|東北学院|9|花巻東|5,2019,spring,,2019春季東北地区大会,2R,regional,宮城,岩手,9,5,1017.5022,1009.6339,0.507782,7.6,3.7409,1021.243,1005.8931,-1.2301,1.2301,2,historical
2019|spring||2019春季東北地区大会|2R|学法石川|3|東北|2,2019,spring,,2019春季東北地区大会,2R,regional,福島,宮城,3,2,1003.1156,1021.243,0.477495,7.6,3.971,1007.0866,1017.272,1.2394,-1.2394,5,historical
2019|spring||2019春季東北地区大会|2R|聖愛|13|日大東北|1,2019,spring,,2019春季東北地区大会,2R,regional,青森,福島,13,1,1009.5779,1007.0866,0.503691,7.6,3.7719,1013.3498,1003.3147,0.0367,-0.0367,4,historical
2019|spring||2019春季東北地区大会|2R|鶴岡東|10|盛岡大付|5,2019,spring,,2019春季東北地区大会,2R,regional,山形,岩手,10,5,975.6477,1005.8931,0.447067,7.6,4.2023,979.85,1001.6908,-3.3374,3.3374,5,historical
2019|spring||2019春季東北地区大会|2R|青森山田|9|盛岡四|0,2019,spring,,2019春季東北地区大会,2R,regional,青森,岩手,9,0,1013.3498,1001.6908,0.538278,7.6,3.5091,1016.8589,998.1817,7.4956,-7.4956,6,historical
2019|spring||2019春季東北地区大会|QF|聖愛|4|東北学院|3,2019,spring,,2019春季東北地区大会,QF,regional,青森,宮城,4,3,1016.8589,1017.272,0.481685,7.6,3.9392,1020.7981,1013.3328,-6.1596,6.1596,10,historical
2019|spring||2019春季東北地区大会|QF|明桜|4|学法石川|3,2019,spring,,2019春季東北地区大会,QF,regional,秋田,福島,4,3,994.2782,1003.3147,0.484948,7.6,3.9144,998.1926,999.4003,-0.7128,0.7128,3,historical
2019|spring||2019春季東北地区大会|QF|仙台育英|11|東日大昌平|1,2019,spring,,2019春季東北地区大会,QF,regional,宮城,福島,11,1,1013.3328,999.4003,0.512399,7.6,3.7058,1017.0386,995.6945,-2.6574,2.6574,6,historical
2019|spring||2019春季東北地区大会|QF|鶴岡東|13|青森山田|1,2019,spring,,2019春季東北地区大会,QF,regional,山形,青森,13,1,979.85,1020.7981,0.43819,7.6,4.2698,984.1197,1016.5283,-1.1112,1.1112,2,historical
2019|spring||2019春季東北地区大会|SF|聖愛|7|仙台育英|6,2019,spring,,2019春季東北地区大会,SF,regional,青森,宮城,7,6,1016.5283,1017.0386,0.485718,7.6,3.9085,1020.4369,1013.13,-4.7085,4.7085,11,historical
2019|spring||2019春季東北地区大会|SF|明桜|3|鶴岡東|2,2019,spring,,2019春季東北地区大会,SF,regional,秋田,山形,3,2,998.1926,984.1197,0.509105,7.6,3.7308,1001.9234,980.3889,-3.8728,3.8728,4,historical
2019|spring||2019春季東北地区大会|F|聖愛|5|明桜|4,2019,spring,,2019春季東北地区大会,F,regional,青森,秋田,5,4,1020.4369,1001.9234,0.52036,7.6,3.6453,1024.0822,998.2781,-2.179,2.179,4,historical
2019|spring||2019春季関東地区大会|1R|東海大相模|4|木更津総合|3,2019,spring,,2019春季関東地区大会,1R,regional,神奈川,千葉,4,3,1016.7934,990.4555,0.540392,7.6,3.493,1020.2864,986.9624,0.8954,-0.8954,5,historical
2019|spring||2019春季関東地区大会|1R|山村学園|6|水戸商|5,2019,spring,,2019春季関東地区大会,1R,regional,埼玉,茨城,6,5,1031.5442,987.8725,0.563362,7.6,3.3184,1034.8627,984.554,0.2973,-0.2973,1,historical
2019|spring||2019春季関東地区大会|1R|桐光学園|11|東農大三|2,2019,spring,,2019春季関東地区大会,1R,regional,神奈川,埼玉,11,2,1020.2864,1034.8627,0.482281,7.6,3.9347,1024.221,1030.928,1.1293,-1.1293,6,historical
2019|spring||2019春季関東地区大会|2R|専大松戸|2|健大高崎|0,2019,spring,,2019春季関東地区大会,2R,regional,千葉,群馬,2,0,986.9624,1013.6863,0.461955,7.6,4.0891,991.0516,1009.5972,0.1182,-0.1182,2,historical
2019|spring||2019春季関東地区大会|2R|国士舘|8|佐野日大|0,2019,spring,,2019春季関東地区大会,2R,prefecture,西東京,栃木,8,0,1027.1962,983.8546,0.561506,4.56,1.9995,1029.1958,981.855,-0.1925,0.1925,1,historical
2019|spring||2019春季関東地区大会|2R|山村学園|13|習志野|2,2019,spring,,2019春季関東地区大会,2R,regional,埼玉,千葉,13,2,1030.928,991.0516,0.558376,7.6,3.3563,1034.2843,987.6952,0.4365,-0.4365,3,historical
2019|spring||2019春季関東地区大会|2R|浦和実|8|山梨学院|3,2019,spring,,2019春季関東地区大会,2R,regional,埼玉,山梨,8,3,1034.2843,970.4932,0.590609,7.6,3.1114,1037.3957,967.3819,-0.0633,0.0633,1,historical
2019|spring||2019春季関東地区大会|2R|春日部共栄|11|栃木工|0,2019,spring,,2019春季関東地区大会,2R,regional,埼玉,栃木,11,0,1037.3957,981.855,0.575399,7.6,3.227,1040.6227,978.6281,-1.3729,1.3729,2,historical
2019|spring||2019春季関東地区大会|2R|桐光学園|4|藤代|3,2019,spring,,2019春季関東地区大会,2R,regional,神奈川,茨城,4,3,1024.221,984.554,0.559386,7.6,3.3487,1027.5697,981.2054,0.897,-0.897,5,historical
2019|spring||2019春季関東地区大会|2R|東海大菅生|7|駿台甲府|0,2019,spring,,2019春季関東地区大会,2R,prefecture,西東京,山梨,7,0,1029.1958,967.3819,0.588501,4.56,1.8764,1031.0722,965.5054,0.1689,-0.1689,1,historical
2019|spring||2019春季関東地区大会|2R|東海大相模|7|前橋育英|6,2019,spring,,2019春季関東地区大会,2R,regional,神奈川,群馬,7,6,1027.5697,1009.5972,0.525772,7.6,3.6041,1031.1738,1005.993,-0.0242,0.0242,2,historical
2019|spring||2019春季関東地区大会|QF|山村学園|10|国士舘|5,2019,spring,,2019春季関東地区大会,QF,prefecture,埼玉,西東京,10,5,1040.6227,1031.0722,0.515232,4.56,2.2105,1042.8332,1028.8617,0.5186,-0.5186,3,historical
2019|spring||2019春季関東地区大会|QF|東海大相模|8|浦和実|1,2019,spring,,2019春季関東地区大会,QF,regional,神奈川,埼玉,8,1,1031.1738,1042.8332,0.490725,7.6,3.8705,1035.0443,1038.9627,2.6068,-2.6068,7,historical
2019|spring||2019春季関東地区大会|QF|東海大菅生|6|春日部共栄|1,2019,spring,,2019春季関東地区大会,QF,prefecture,西東京,埼玉,6,1,1028.8617,1038.9627,0.482056,4.56,2.3618,1031.2235,1036.6009,-1.1865,1.1865,4,historical
2019|spring||2019春季関東地区大会|QF|専大松戸|10|桐光学園|6,2019,spring,,2019春季関東地区大会,QF,regional,千葉,神奈川,10,6,987.6952,1035.0443,0.426297,7.6,4.3601,992.0554,1030.6842,-2.1205,2.1205,6,historical
2019|spring||2019春季関東地区大会|SF|東海大相模|4|山村学園|1,2019,spring,,2019春季関東地区大会,SF,regional,神奈川,埼玉,4,1,1030.6842,1036.6009,0.503702,7.6,3.7719,1034.4561,1032.829,4.2445,-4.2445,8,historical
2019|spring||2019春季関東地区大会|SF|東海大菅生|4|専大松戸|0,2019,spring,,2019春季関東地区大会,SF,prefecture,西東京,千葉,4,0,1031.2235,992.0554,0.557273,4.56,2.0188,1033.2423,990.0365,0.4025,-0.4025,3,historical
2019|spring||2019春季関東地区大会|F|東海大相模|7|東海大菅生|3,2019,spring,,2019春季関東地区大会,F,prefecture,神奈川,西東京,7,3,1034.4561,1033.2423,0.501216,4.56,2.2745,1036.7305,1030.9679,-0.1842,0.1842,1,historical
2019|spring||2019春季北信越地区大会|1R|星稜|6|砺波工|0,2019,spring,,2019春季北信越地区大会,1R,regional,石川,富山,6,0,1045.7421,978.6965,0.61178,7.6,2.9505,1048.6925,975.7461,5.9807,-5.9807,7,historical
2019|spring||2019春季北信越地区大会|1R|富山第一|5|三条|1,2019,spring,,2019春季北信越地区大会,1R,regional,富山,新潟,5,1,975.7461,978.5049,0.49616,7.6,3.8292,979.5753,974.6757,0.0452,-0.0452,2,historical
2019|spring||2019春季北信越地区大会|1R|富山国際大付|11|東京都市大塩尻|10,2019,spring,,2019春季北信越地区大会,1R,regional,富山,長野,11,10,979.5753,996.4026,0.479454,7.6,3.9562,983.5314,992.4465,1.2712,-1.2712,3,historical
2019|spring||2019春季北信越地区大会|1R|敦賀気比|1|日本航空石川|0,2019,spring,,2019春季北信越地区大会,1R,regional,福井,石川,1,0,973.8783,1048.6925,0.392913,7.6,4.6139,978.4921,1044.0787,-0.3838,0.3838,4,historical
2019|spring||2019春季北信越地区大会|QF|星稜|4|東海大諏訪|2,2019,spring,,2019春季北信越地区大会,QF,regional,石川,長野,4,2,1044.0787,992.4465,0.578293,7.6,3.205,1047.2836,989.2415,1.6114,-1.6114,4,historical
2019|spring||2019春季北信越地区大会|QF|日本文理|8|富山国際大付|3,2019,spring,,2019春季北信越地区大会,QF,regional,新潟,富山,8,3,974.6757,983.5314,0.484829,7.6,3.9153,978.591,979.6161,-0.8448,0.8448,3,historical
2019|spring||2019春季北信越地区大会|QF|富山第一|5|福井工大福井|2,2019,spring,,2019春季北信越地区大会,QF,regional,富山,福井,5,2,979.6161,978.4921,0.498935,7.6,3.8081,983.4242,974.684,-0.9321,0.9321,3,historical
2019|spring||2019春季北信越地区大会|QF|敦賀気比|5|高岡第一|3,2019,spring,,2019春季北信越地区大会,QF,regional,福井,富山,5,3,974.684,983.4242,0.487963,7.6,3.8915,978.5755,979.5327,0.1872,-0.1872,4,historical
2019|spring||2019春季北信越地区大会|SF|星稜|5|富山第一|2,2019,spring,,2019春季北信越地区大会,SF,regional,石川,富山,5,2,1047.2836,979.5327,0.616925,7.6,2.9114,1050.195,976.6214,7.5144,-7.5144,8,historical
2019|spring||2019春季北信越地区大会|SF|敦賀気比|8|日本文理|3,2019,spring,,2019春季北信越地区大会,SF,regional,福井,新潟,8,3,978.5755,978.591,0.494612,7.6,3.841,982.4165,974.7501,-1.8644,1.8644,4,historical
2019|spring||2019春季北信越地区大会|F|星稜|3|敦賀気比|1,2019,spring,,2019春季北信越地区大会,F,regional,石川,福井,3,1,1050.195,982.4165,0.593859,7.6,3.0867,1053.2817,979.3298,-0.8881,0.8881,5,historical
2019|spring||2019春季東海地区大会|QF|浜松商|5|愛知黎明|4,2019,spring,,2019春季東海地区大会,QF,regional,静岡,愛知,5,4,994.7526,997.2537,0.487751,7.6,3.8931,998.6456,993.3606,-3.0062,3.0062,8,historical
2019|spring||2019春季東海地区大会|QF|県岐阜商|6|中部大一|2,2019,spring,,2019春季東海地区大会,QF,regional,岐阜,愛知,6,2,975.9261,993.3606,0.46822,7.6,4.0415,979.9676,989.3191,-2.3391,2.3391,6,historical
2019|spring||2019春季東海地区大会|QF|津田学園|7|加藤学園|3,2019,spring,,2019春季東海地区大会,QF,regional,三重,静岡,7,3,1000.6569,998.6456,0.504949,7.6,3.7624,1004.4193,994.8833,0.7139,-0.7139,6,historical
2019|spring||2019春季東海地区大会|QF|菰野|6|大垣日大|1,2019,spring,,2019春季東海地区大会,QF,regional,三重,岐阜,6,1,1004.4193,979.9676,0.54184,7.6,3.482,1007.9013,976.4856,2.3449,-2.3449,6,historical
2019|spring||2019春季東海地区大会|SF|浜松商|9|菰野|3,2019,spring,,2019春季東海地区大会,SF,regional,静岡,三重,9,3,994.8833,1007.9013,0.475258,7.6,3.988,998.8713,1003.9132,-2.0942,2.0942,7,historical
2019|spring||2019春季東海地区大会|SF|津田学園|3|県岐阜商|2,2019,spring,,2019春季東海地区大会,SF,regional,三重,岐阜,3,2,1003.9132,976.4856,0.550159,7.6,3.4188,1007.332,973.0668,3.772,-3.772,7,historical
2019|spring||2019春季東海地区大会|F|津田学園|5|浜松商|4,2019,spring,,2019春季東海地区大会,F,regional,三重,静岡,5,4,1007.332,998.8713,0.514326,7.6,3.6911,1011.0232,995.1802,0.7483,-0.7483,8,historical
2019|spring||2019春季近畿地区大会|QF|智弁学園|9|智弁和歌山|7,2019,spring,,2019春季近畿地区大会,QF,regional,奈良,和歌山,9,7,996.6569,1016.9384,0.469861,7.6,4.0291,1000.6859,1012.9093,-0.3433,0.3433,1,historical
2019|spring||2019春季近畿地区大会|QF|近江|7|高田|4,2019,spring,,2019春季近畿地区大会,QF,regional,滋賀,岩手,7,4,997.9055,998.1817,0.498499,7.6,3.8114,1001.7169,994.3703,-0.3833,0.3833,1,historical
2019|spring||2019春季近畿地区大会|QF|郡山|10|大阪商大高|7,2019,spring,,2019春季近畿地区大会,QF,regional,福島,大阪,10,7,995.6945,1099.195,0.355306,7.6,4.8997,1000.5942,1094.2953,-0.0,0.0,0,historical
2019|spring||2019春季近畿地区大会|QF|神戸国際大付|9|京都国際|5,2019,spring,,2019春季近畿地区大会,QF,regional,兵庫,京,9,5,987.5203,1006.8492,0.469351,7.6,4.0329,991.5532,1002.8163,-0.9974,0.9974,5,historical
2019|spring||2019春季近畿地区大会|SF|近江|3|智弁学園|2,2019,spring,,2019春季近畿地区大会,SF,regional,滋賀,奈良,3,2,1001.7169,1000.6859,0.500536,7.6,3.7959,1005.5128,996.89,-0.3293,0.3293,1,historical
2019|spring||2019春季近畿地区大会|SF|神戸国際大付|8|郡山|0,2019,spring,,2019春季近畿地区大会,SF,regional,兵庫,福島,8,0,991.5532,1000.5942,0.488622,7.6,3.8865,995.4397,996.7077,0.5666,-0.5666,1,historical
2019|spring||2019春季近畿地区大会|F|近江|7|神戸国際大付|5,2019,spring,,2019春季近畿地区大会,F,regional,滋賀,兵庫,7,5,1005.5128,995.4397,0.514323,7.6,3.6911,1009.204,991.7485,-0.0589,0.0589,2,historical
2019|spring||2019春季中国地区大会|QF|関西|11|広|0,2019,spring,,2019春季中国地区大会,QF,regional,岡山,広島,11,0,991.3553,1041.2743,0.420318,7.6,4.4056,995.7609,1036.8687,-2.963,2.963,7,historical
2019|spring||2019春季中国地区大会|QF|広島商|11|米子東|1,2019,spring,,2019春季中国地区大会,QF,regional,広島,鳥取,11,1,1036.8687,990.7815,0.571399,7.6,3.2574,1040.1261,987.5241,1.9336,-1.9336,8,historical
2019|spring||2019春季中国地区大会|QF|如水館|4|大社|3,2019,spring,,2019春季中国地区大会,QF,regional,広島,島根,4,3,1040.1261,952.9132,0.62575,7.6,2.8443,1042.9704,950.0689,1.0413,-1.0413,2,historical
2019|spring||2019春季中国地区大会|QF|高川学園|10|崇徳|4,2019,spring,,2019春季中国地区大会,QF,regional,山口,広島,10,4,994.1074,1042.9704,0.42233,7.6,4.3903,998.4977,1038.5801,-2.774,2.774,5,historical
2019|spring||2019春季中国地区大会|SF|関西|7|広島商|3,2019,spring,,2019春季中国地区大会,SF,regional,岡山,広島,7,3,995.7609,1038.5801,0.434377,7.6,4.2987,1000.0596,1034.2814,-1.5226,1.5226,8,historical
2019|spring||2019春季中国地区大会|SF|高川学園|7|如水館|0,2019,spring,,2019春季中国地区大会,SF,regional,山口,広島,7,0,998.4977,1034.2814,0.443905,7.6,4.2263,1002.724,1030.055,-1.6799,1.6799,6,historical
2019|spring||2019春季中国地区大会|F|関西|9|高川学園|8,2019,spring,,2019春季中国地区大会,F,regional,岡山,山口,9,8,1000.0596,1002.724,0.501558,7.6,3.7882,1003.8478,998.9359,1.8735,-1.8735,6,historical
2019|spring||2019春季四国地区大会|QF|明徳義塾|8|徳島北|1,2019,spring,,2019春季四国地区大会,QF,regional,高知,徳島,8,1,1015.7313,971.3613,0.568889,7.6,3.2764,1019.0077,968.0849,1.9027,-1.9027,6,historical
2019|spring||2019春季四国地区大会|QF|松山聖陵|8|四国学院大香川西|6,2019,spring,,2019春季四国地区大会,QF,regional,愛媛,香川,8,6,1014.2028,1014.0112,0.503946,7.6,3.77,1017.9728,1010.2412,1.2752,-1.2752,7,historical
2019|spring||2019春季四国地区大会|QF|高松商|8|高知|6,2019,spring,,2019春季四国地区大会,QF,regional,香川,高知,8,6,1010.2412,1019.0077,0.507445,7.6,3.7434,1013.9846,1015.2643,6.9701,-6.9701,7,historical
2019|spring||2019春季四国地区大会|QF|富岡西|6|今治西|4,2019,spring,,2019春季四国地区大会,QF,regional,徳島,愛媛,6,4,968.0849,1017.9728,0.416533,7.6,4.4343,972.5192,1013.5385,-4.3294,4.3294,6,historical
2019|spring||2019春季四国地区大会|SF|明徳義塾|10|松山聖陵|0,2019,spring,,2019春季四国地区大会,SF,regional,高知,愛媛,10,0,1015.2643,1013.5385,0.514231,7.6,3.6918,1018.9561,1009.8466,4.0829,-4.0829,6,historical
2019|spring||2019春季四国地区大会|SF|富岡西|4|高松商|3,2019,spring,,2019春季四国地区大会,SF,regional,徳島,香川,4,3,972.5192,1013.9846,0.439007,7.6,4.2635,976.7828,1009.7211,-0.5645,0.5645,3,historical
2019|spring||2019春季四国地区大会|F|明徳義塾|7|富岡西|3,2019,spring,,2019春季四国地区大会,F,regional,高知,徳島,7,3,1018.9561,976.7828,0.569503,7.6,3.2718,1022.2279,973.511,3.2186,-3.2186,7,historical
2019|spring||2019春季九州地区大会|1R|真颯館|12|鹿児島商|3,2019,spring,,2019春季九州地区大会,1R,regional,福岡,鹿児島,12,3,1010.8063,1004.3936,0.509982,7.6,3.7241,1014.5304,1000.6695,0.2623,-0.2623,4,historical
2019|spring||2019春季九州地区大会|1R|福岡大大濠|7|尚志館|0,2019,spring,,2019春季九州地区大会,1R,regional,福岡,鹿児島,7,0,1014.5304,1000.6695,0.523892,7.6,3.6184,1018.1488,997.0511,1.377,-1.377,5,historical
2019|spring||2019春季九州地区大会|2R|大分工|6|長崎商|0,2019,spring,,2019春季九州地区大会,2R,regional,大分,長崎,6,0,1012.4213,1005.2004,0.51388,7.6,3.6945,1016.1158,1001.5059,1.2132,-1.2132,2,historical
2019|spring||2019春季九州地区大会|2R|西日本短大付|2|日章学園|0,2019,spring,,2019春季九州地区大会,2R,regional,福岡,宮崎,2,0,1018.1488,985.3837,0.541331,7.6,3.4859,1021.6347,981.8978,-1.9899,1.9899,4,historical
2019|spring||2019春季九州地区大会|2R|大分|9|小林西|8,2019,spring,,2019春季九州地区大会,2R,regional,大分,宮崎,9,8,1016.1158,981.8978,0.551105,7.6,3.4116,1019.5274,978.4862,0.7088,-0.7088,3,historical
2019|spring||2019春季九州地区大会|2R|熊本西|9|真颯館|6,2019,spring,,2019春季九州地区大会,2R,regional,熊本,福岡,9,6,980.3646,1021.6347,0.441775,7.6,4.2425,984.6072,1017.3922,0.3132,-0.3132,1,historical
2019|spring||2019春季九州地区大会|2R|明豊|11|鹿児島実|4,2019,spring,,2019春季九州地区大会,2R,regional,大分,鹿児島,11,4,1019.5274,997.0511,0.544676,7.6,3.4605,1022.9879,993.5906,4.3255,-4.3255,5,historical
2019|spring||2019春季九州地区大会|2R|興南|5|神村学園|4,2019,spring,,2019春季九州地区大会,2R,regional,沖縄,鹿児島,5,4,996.8636,993.5906,0.499628,7.6,3.8028,1000.6664,989.7878,-1.7659,1.7659,4,historical
2019|spring||2019春季九州地区大会|2R|筑陽学園|8|佐賀商|2,2019,spring,,2019春季九州地区大会,2R,regional,福岡,佐賀,8,2,1017.3922,962.4452,0.58047,7.6,3.1884,1020.5806,959.2568,0.7299,-0.7299,3,historical
2019|spring||2019春季九州地区大会|2R|福岡大大濠|5|球磨工|1,2019,spring,,2019春季九州地区大会,2R,regional,福岡,熊本,5,1,1020.5806,984.6072,0.548166,7.6,3.4339,1024.0146,981.1732,-1.2002,1.2002,2,historical
2019|spring||2019春季九州地区大会|QF|熊本西|2|大分工|1,2019,spring,,2019春季九州地区大会,QF,regional,熊本,大分,2,1,981.1732,1022.9879,0.440113,7.6,4.2551,985.4284,1018.7327,-0.0,0.0,0,historical
2019|spring||2019春季九州地区大会|QF|西日本短大付|7|明豊|0,2019,spring,,2019春季九州地区大会,QF,regional,福岡,大分,7,0,1024.0146,1018.7327,0.517691,7.6,3.6655,1027.6801,1015.0672,3.5082,-3.5082,5,historical
2019|spring||2019春季九州地区大会|QF|興南|5|筑陽学園|1,2019,spring,,2019春季九州地区大会,QF,regional,沖縄,福岡,5,1,1000.6664,1027.6801,0.457389,7.6,4.1238,1004.7903,1023.5563,-1.3336,1.3336,5,historical
2019|spring||2019春季九州地区大会|QF|大分|11|福岡大大濠|10,2019,spring,,2019春季九州地区大会,QF,regional,大分,福岡,11,10,1015.0672,1023.5563,0.473166,7.6,4.0039,1019.0711,1019.5523,-5.0874,5.0874,6,historical
2019|spring||2019春季九州地区大会|SF|西日本短大付|6|熊本西|4,2019,spring,,2019春季九州地区大会,SF,regional,福岡,熊本,6,4,1019.5523,985.4284,0.546286,7.6,3.4482,1023.0005,981.9801,-0.9343,0.9343,3,historical
2019|spring||2019春季九州地区大会|SF|興南|7|大分|5,2019,spring,,2019春季九州地区大会,SF,regional,沖縄,大分,7,5,1004.7903,1019.0711,0.47946,7.6,3.9561,1008.7464,1015.115,-0.0,0.0,0,historical
2019|spring||2019春季九州地区大会|F|西日本短大付|5|興南|1,2019,spring,,2019春季九州地区大会,F,regional,福岡,沖縄,5,1,1023.0005,1008.7464,0.520963,7.6,3.6407,1026.6412,1005.1057,0.1605,-0.1605,6,historical
2019|senbatsu||2019選抜|1R|市和歌山|3|市呉|2,2019,senbatsu,,2019選抜,1R,national,和歌山,広島,3,2,1012.9093,1030.055,0.475345,9.12,4.7849,1017.6942,1025.2702,0.0,-0.0,0,historical
2019|senbatsu||2019選抜|1R|高松商|8|春日部共栄|0,2019,senbatsu,,2019選抜,1R,national,香川,埼玉,8,0,1009.7211,1032.829,0.466794,9.12,4.8628,1014.5839,1027.9662,-0.0,0.0,0,historical
2019|senbatsu||2019選抜|1R|星稜|3|履正社|0,2019,senbatsu,,2019選抜,1R,national,石川,大阪,3,0,1053.2817,1094.2953,0.441249,9.12,5.0958,1058.3775,1089.1995,-0.0,0.0,0,historical
2019|senbatsu||2019選抜|1R|習志野|8|日章学園|2,2019,senbatsu,,2019選抜,1R,national,千葉,宮崎,8,2,990.0365,978.4862,0.516616,9.12,4.4085,994.445,974.0778,0.0,-0.0,0,historical
2019|senbatsu||2019選抜|1R|明豊|13|横浜|5,2019,senbatsu,,2019選抜,1R,national,大分,神奈川,13,5,1015.115,1036.7305,0.468933,9.12,4.8433,1019.9584,1031.8872,0.0,-0.0,0,historical
2019|senbatsu||2019選抜|1R|札幌大谷|4|米子東|1,2019,senbatsu,,2019選抜,1R,national,南北海道,鳥取,4,1,1034.073,987.5241,0.566591,9.12,3.9527,1038.0256,983.5714,0.0,-0.0,0,historical
2019|senbatsu||2019選抜|1R|龍谷大平安|2|津田学園|0,2019,senbatsu,,2019選抜,1R,national,京,三重,2,0,1002.8163,1011.0232,0.487096,9.12,4.6777,1007.494,1006.3455,-0.381,0.381,1,historical
2019|senbatsu||2019選抜|1R|盛岡大付|3|石岡一|2,2019,senbatsu,,2019選抜,1R,national,岩手,茨城,3,2,994.3703,981.2054,0.518937,9.12,4.3873,998.7576,976.8181,0.0,-0.0,0,historical
2019|senbatsu||2019選抜|1R|山梨学院|24|札幌第一|5,2019,senbatsu,,2019選抜,1R,national,山梨,南北海道,24,5,965.5054,1038.0256,0.397125,9.12,5.4982,971.0036,1032.5274,-0.0,0.0,0,historical
2019|senbatsu||2019選抜|1R|筑陽学園|3|福知山成美|2,2019,senbatsu,,2019選抜,1R,national,福岡,京,3,2,1026.6412,1007.494,0.527527,9.12,4.309,1030.9502,1003.185,-0.0,0.0,0,historical
2019|senbatsu||2019選抜|1R|広陵|2|八戸学院光星|0,2019,senbatsu,,2019選抜,1R,national,広島,青森,2,0,1025.2702,1024.0822,0.50171,9.12,4.5444,1029.8146,1019.5378,0.0,-0.0,0,historical
2019|senbatsu||2019選抜|1R|東邦|3|富岡西|1,2019,senbatsu,,2019選抜,1R,national,愛知,徳島,3,1,989.3191,973.511,0.522734,9.12,4.3527,993.6717,969.1583,-0.0,0.0,0,historical
2019|senbatsu||2019選抜|1R|明石商|7|国士舘|1,2019,senbatsu,,2019選抜,1R,prefecture,兵庫,西東京,7,1,991.7485,1030.9679,0.443797,4.56,2.5363,994.2848,1028.4316,0.0,-0.0,0,historical
2019|senbatsu||2019選抜|1R|大分|4|松山聖陵|1,2019,senbatsu,,2019選抜,1R,national,大分,愛媛,4,1,1019.9584,1009.8466,0.514548,9.12,4.4273,1024.3857,1005.4193,0.0,-0.0,0,historical
2019|senbatsu||2019選抜|1R|啓新|5|桐蔭学園|3,2019,senbatsu,,2019選抜,1R,national,福井,神奈川,5,3,979.3298,1031.8872,0.424064,9.12,5.2525,984.5823,1026.6346,-0.3099,0.3099,1,historical
2019|senbatsu||2019選抜|1R|智弁和歌山|13|熊本西|2,2019,senbatsu,,2019選抜,1R,national,和歌山,熊本,13,2,1017.6942,981.9801,0.551216,9.12,4.0929,1021.7871,977.8872,0.0,-0.0,0,historical
2019|senbatsu||2019選抜|2R|市和歌山|6|高松商|2,2019,senbatsu,,2019選抜,2R,national,和歌山,香川,6,2,1021.7871,1014.5839,0.510365,9.12,4.4655,1026.2526,1010.1184,0.0,-0.0,0,historical
2019|senbatsu||2019選抜|2R|習志野|3|星稜|1,2019,senbatsu,,2019選抜,2R,national,千葉,石川,3,1,994.445,1058.3775,0.407734,9.12,5.4015,999.8465,1052.976,-0.4619,0.4619,1,historical
2019|senbatsu||2019選抜|2R|明豊|2|札幌大谷|1,2019,senbatsu,,2019選抜,2R,national,大分,南北海道,2,1,1024.3857,1032.5274,0.488285,9.12,4.6668,1029.0525,1027.8606,-0.0,0.0,0,historical
2019|senbatsu||2019選抜|2R|龍谷大平安|9|盛岡大付|1,2019,senbatsu,,2019選抜,2R,national,京,岩手,9,1,1003.185,998.7576,0.506371,9.12,4.5019,1007.6869,994.2557,0.0,-0.0,0,historical
2019|senbatsu||2019選抜|2R|筑陽学園|3|山梨学院|2,2019,senbatsu,,2019選抜,2R,national,福岡,山梨,3,2,1030.9502,971.0036,0.585424,9.12,3.7809,1034.7311,967.2227,-0.0,0.0,0,historical
2019|senbatsu||2019選抜|2R|東邦|12|広陵|2,2019,senbatsu,,2019選抜,2R,national,愛知,広島,12,2,993.6717,1029.8146,0.443655,9.12,5.0739,998.7456,1024.7407,-1.5884,1.5884,2,historical
2019|senbatsu||2019選抜|2R|明石商|13|大分|4,2019,senbatsu,,2019選抜,2R,national,兵庫,大分,13,4,994.2848,1029.0525,0.450132,9.12,5.0148,999.2996,1024.0377,0.0,-0.0,0,historical
2019|senbatsu||2019選抜|2R|智弁和歌山|5|啓新|2,2019,senbatsu,,2019選抜,2R,national,和歌山,福井,5,2,1026.2526,984.5823,0.559682,9.12,4.0157,1030.2683,980.5666,0.0,-0.0,0,historical
2019|senbatsu||2019選抜|QF|習志野|4|市和歌山|3,2019,senbatsu,,2019選抜,QF,national,千葉,和歌山,4,3,999.8465,1030.2683,0.456331,9.12,4.9583,1004.8047,1025.31,0.0,-0.0,0,historical
2019|senbatsu||2019選抜|QF|明豊|1|龍谷大平安|0,2019,senbatsu,,2019選抜,QF,national,大分,京,1,0,1024.0377,1007.6869,0.523513,9.12,4.3456,1028.3833,1003.3414,-0.0,0.0,0,historical
2019|senbatsu||2019選抜|QF|東邦|7|筑陽学園|2,2019,senbatsu,,2019選抜,QF,national,愛知,福岡,7,2,998.7456,1034.7311,0.448397,9.12,5.0306,1003.7762,1029.7005,0.0,-0.0,0,historical
2019|senbatsu||2019選抜|QF|明石商|4|智弁和歌山|3,2019,senbatsu,,2019選抜,QF,national,兵庫,和歌山,4,3,999.2996,1025.31,0.463002,9.12,4.8974,1004.197,1020.4126,0.1272,-0.1272,2,historical
2019|senbatsu||2019選抜|SF|習志野|6|明豊|4,2019,senbatsu,,2019選抜,SF,national,千葉,大分,6,4,1004.8047,1028.3833,0.46612,9.12,4.869,1009.6737,1023.5143,0.0,-0.0,0,historical
2019|senbatsu||2019選抜|SF|東邦|4|明石商|2,2019,senbatsu,,2019選抜,SF,national,愛知,兵庫,4,2,1003.7762,1004.197,0.4979,9.12,4.5791,1008.3554,999.6179,-0.5191,0.5191,1,historical
2019|senbatsu||2019選抜|F|東邦|6|習志野|0,2019,senbatsu,,2019選抜,F,national,愛知,千葉,6,0,1008.3554,1009.6737,0.498103,9.12,4.5773,1012.9327,1005.0964,-0.0,0.0,0,historical
2019|koshien||2019選手権|1R|八戸学院光星|9|誉|0,2019,koshien,,2019選手権,1R,national,青森,愛知,9,0,1019.5378,1012.9327,0.510569,11.96,5.8536,1025.3913,1007.0791,0.3699,-0.3699,1,historical
2019|koshien||2019選手権|1R|神村学園|7|佐賀北|2,2019,koshien,,2019選手権,1R,national,鹿児島,佐賀,7,2,989.7878,959.2568,0.544671,11.96,5.4457,995.2335,953.8111,0.2963,-0.2963,1,historical
2019|koshien||2019選手権|1R|高岡商|6|石見智翠館|4,2019,koshien,,2019選手権,1R,national,富山,島根,6,4,976.6214,950.0689,0.538138,11.96,5.5239,982.1452,944.545,0.0,-0.0,0,historical
2019|koshien||2019選手権|1R|履正社|11|霞ヶ浦|6,2019,koshien,,2019選手権,1R,national,大阪,茨城,11,6,1089.1995,976.8181,0.657117,11.96,4.1009,1093.3004,972.7172,0.3086,-0.3086,1,historical
2019|koshien||2019選手権|1R|津田学園|3|静岡|1,2019,koshien,,2019選手権,1R,national,三重,静岡,3,1,1006.3455,995.1802,0.522552,11.96,5.7103,1012.0558,989.4699,2.2579,-2.2579,9,historical
2019|koshien||2019選手権|1R|星稜|1|旭川大高|0,2019,koshien,,2019選手権,1R,prefecture,石川,北北海道,1,0,1052.976,964.2963,0.624919,5.52,2.0704,1055.0465,962.2258,-0.0,0.0,0,historical
2019|koshien||2019選手権|1R|立命館宇治|1|秋田中央|0,2019,koshien,,2019選手権,1R,national,京,秋田,1,0,1003.3414,998.2781,0.507286,11.96,5.8929,1009.2342,992.3852,0.0,-0.0,0,historical
2019|koshien||2019選手権|1R|智弁和歌山|8|米子東|1,2019,koshien,,2019選手権,1R,national,和歌山,鳥取,8,1,1020.4126,983.5714,0.552821,11.96,5.3483,1025.7608,978.2232,0.0,-0.0,0,historical
2019|koshien||2019選手権|1R|明徳義塾|6|藤蔭|4,2019,koshien,,2019選手権,1R,national,高知,大分,6,4,1022.2279,1023.5143,0.498149,11.96,6.0021,1028.2301,1017.5121,-0.0,0.0,0,historical
2019|koshien||2019選手権|1R|国学院久我山|7|前橋育英|5,2019,koshien,,2019選手権,1R,prefecture,西東京,群馬,7,5,1028.4316,1005.993,0.531695,5.52,2.585,1031.0166,1003.408,-0.1925,0.1925,1,historical
2019|koshien||2019選手権|1R|敦賀気比|5|富島|1,2019,koshien,,2019選手権,1R,national,福井,宮崎,5,1,980.5666,974.0778,0.509337,11.96,5.8683,986.435,968.2095,-0.0,0.0,0,historical
2019|koshien||2019選手権|1R|鳴門|10|花巻東|4,2019,koshien,,2019選手権,1R,national,徳島,岩手,10,4,969.1583,994.2557,0.463945,11.96,6.4112,975.5696,987.8445,-0.0,0.0,0,historical
2019|koshien||2019選手権|1R|仙台育英|20|飯山|1,2019,koshien,,2019選手権,1R,national,宮城,長野,20,1,1013.13,989.2415,0.534324,11.96,5.5695,1018.6995,983.672,0.0,-0.0,0,historical
2019|koshien||2019選手権|1R|習志野|5|沖縄尚学|4,2019,koshien,,2019選手権,1R,national,千葉,沖縄,5,4,1005.0964,1005.1057,0.501492,11.96,5.9622,1011.0586,999.1435,0.5231,-0.5231,1,historical
2019|koshien||2019選手権|1R|鶴岡東|6|高松商|4,2019,koshien,,2019選手権,1R,national,山形,香川,6,4,980.3889,1010.1184,0.45732,11.96,6.4905,986.8794,1003.628,0.0,-0.0,0,historical
2019|koshien||2019選手権|1R|関東一|10|日本文理|6,2019,koshien,,2019選手権,1R,prefecture,東東京,新潟,10,6,1019.9187,974.7501,0.564639,5.52,2.4032,1022.3218,972.3469,-0.0,0.0,0,historical
2019|koshien||2019選手権|1R|熊本工|3|山梨学院|2,2019,koshien,,2019選手権,1R,national,熊本,山梨,3,2,977.8872,967.2227,0.515343,11.96,5.7965,983.6837,961.4262,-0.0,0.0,0,historical
2019|koshien||2019選手権|2R|岡山学芸館|6|広島商|5,2019,koshien,,2019選手権,2R,national,岡山,広島,6,5,1003.8478,1024.7407,0.470241,11.96,6.3359,1010.1837,1018.4048,0.0947,-0.0947,9,historical
2019|koshien||2019選手権|2R|作新学院|5|筑陽学園|3,2019,koshien,,2019選手権,2R,national,栃木,福岡,5,3,978.6281,1029.7005,0.427026,11.96,6.8528,985.4808,1022.8477,0.0,-0.0,0,historical
2019|koshien||2019選手権|2R|東海大相模|6|近江|1,2019,koshien,,2019選手権,2R,national,神奈川,滋賀,6,1,1026.6346,1009.204,0.52393,11.96,5.6938,1032.3284,1003.5102,-0.395,0.395,1,historical
2019|koshien||2019選手権|2R|中京学院大中京|4|北照|3,2019,koshien,,2019選手権,2R,prefecture,岐阜,南北海道,4,3,973.0668,1027.8606,0.421793,5.52,3.1917,976.2585,1024.6689,-0.0,0.0,0,historical
2019|koshien||2019選手権|2R|明石商|4|花咲徳栄|3,2019,koshien,,2019選手権,2R,national,兵庫,埼玉,4,3,999.6179,1027.9662,0.459294,11.96,6.4668,1006.0847,1021.4994,0.0,-0.0,0,historical
2019|koshien||2019選手権|2R|宇部鴻城|7|宇和島東|3,2019,koshien,,2019選手権,2R,national,山口,愛媛,7,3,998.9359,1005.4193,0.490671,11.96,6.0916,1005.0274,999.3277,0.0,-0.0,0,historical
2019|koshien||2019選手権|2R|海星|3|聖光学院|2,2019,koshien,,2019選手権,2R,national,長崎,福島,3,2,1001.5059,996.7077,0.508027,11.96,5.884,1007.3899,990.8237,0.39,-0.39,1,historical
2019|koshien||2019選手権|2R|八戸学院光星|10|智弁学園|8,2019,koshien,,2019選手権,2R,national,青森,奈良,10,8,1025.3913,996.89,0.540925,11.96,5.4905,1030.8819,991.3994,-0.0,0.0,0,historical
2019|koshien||2019選手権|2R|高岡商|4|神村学園|3,2019,koshien,,2019選手権,2R,national,富山,鹿児島,4,3,982.1452,995.2335,0.481173,11.96,6.2052,988.3504,989.0284,0.0,-0.0,0,historical
2019|koshien||2019選手権|2R|履正社|7|津田学園|3,2019,koshien,,2019選手権,2R,national,大阪,三重,7,3,1093.3004,1012.0558,0.615644,11.96,4.5969,1097.8973,1007.4589,0.2968,-0.2968,1,historical
2019|koshien||2019選手権|2R|星稜|6|立命館宇治|3,2019,koshien,,2019選手権,2R,national,石川,京,6,3,1055.0465,1009.2342,0.56555,11.96,5.196,1060.2425,1004.0382,-0.0,0.0,0,historical
2019|koshien||2019選手権|2R|智弁和歌山|7|明徳義塾|1,2019,koshien,,2019選手権,2R,national,和歌山,高知,7,1,1025.7608,1028.2301,0.496447,11.96,6.0225,1031.7833,1022.2076,0.0,-0.0,0,historical
2019|koshien||2019選手権|2R|敦賀気比|19|国学院久我山|3,2019,koshien,,2019選手権,2R,prefecture,福井,西東京,19,3,986.435,1031.0166,0.436192,5.52,3.1122,989.5472,1027.9044,0.0,-0.0,0,historical
2019|koshien||2019選手権|2R|仙台育英|8|鳴門|5,2019,koshien,,2019選手権,2R,national,宮城,徳島,8,5,1018.6995,975.5696,0.561752,11.96,5.2414,1023.941,970.3281,0.0,-0.0,0,historical
2019|koshien||2019選手権|2R|鶴岡東|9|習志野|5,2019,koshien,,2019選手権,2R,national,山形,千葉,9,5,986.8794,1011.0586,0.465259,11.96,6.3955,993.2749,1004.6631,-0.0,0.0,0,historical
2019|koshien||2019選手権|2R|関東一|6|熊本工|5,2019,koshien,,2019選手権,2R,prefecture,東東京,熊本,6,5,1022.3218,983.6837,0.555377,5.52,2.4543,1024.7762,981.2294,0.0,-0.0,0,historical
2019|koshien||2019選手権|3R|作新学院|18|岡山学芸館|0,2019,koshien,,2019選手権,3R,national,栃木,岡山,18,0,985.4808,1010.1837,0.46451,11.96,6.4045,991.8853,1003.7792,-0.0,0.0,0,historical
2019|koshien||2019選手権|3R|中京学院大中京|9|東海大相模|4,2019,koshien,,2019選手権,3R,national,岐阜,神奈川,9,4,976.2585,1032.3284,0.420002,11.96,6.9368,983.1953,1025.3917,0.0,-0.0,0,historical
2019|koshien||2019選手権|3R|明石商|3|宇部鴻城|2,2019,koshien,,2019選手権,3R,national,兵庫,山口,3,2,1006.0847,1005.0274,0.501522,11.96,5.9618,1012.0465,999.0656,0.0,-0.0,0,historical
2019|koshien||2019選手権|3R|八戸学院光星|7|海星|6,2019,koshien,,2019選手権,3R,national,青森,長崎,7,6,1030.8819,1007.3899,0.533756,11.96,5.5763,1036.4582,1001.8136,-0.0,0.0,0,historical
2019|koshien||2019選手権|3R|履正社|9|高岡商|4,2019,koshien,,2019選手権,3R,national,大阪,富山,9,4,1097.8973,988.3504,0.653589,11.96,4.1431,1102.0404,984.2073,0.3693,-0.3693,1,historical
2019|koshien||2019選手権|3R|星稜|4|智弁和歌山|1,2019,koshien,,2019選手権,3R,national,石川,和歌山,4,1,1060.2425,1031.7833,0.540865,11.96,5.4913,1065.7337,1026.2921,-0.0,0.0,0,historical
2019|koshien||2019選手権|3R|仙台育英|4|敦賀気比|3,2019,koshien,,2019選手権,3R,national,宮城,福井,4,3,1023.941,989.5472,0.548182,11.96,5.4037,1029.3447,984.1434,-0.4045,0.4045,1,historical
2019|koshien||2019選手権|3R|関東一|7|鶴岡東|6,2019,koshien,,2019選手権,3R,prefecture,東東京,山形,7,6,1024.7762,993.2749,0.54521,5.52,2.5104,1027.2866,990.7644,-0.0,0.0,0,historical
2019|koshien||2019選手権|QF|明石商|7|八戸学院光星|6,2019,koshien,,2019選手権,QF,national,兵庫,青森,7,6,1012.0465,1036.4582,0.463608,11.96,6.4152,1018.4618,1030.0429,-0.4604,0.4604,1,historical
2019|koshien||2019選手権|QF|中京学院大中京|6|作新学院|3,2019,koshien,,2019選手権,QF,national,岐阜,栃木,6,3,983.1953,991.8853,0.487497,11.96,6.1295,989.3248,985.7558,0.0,-0.0,0,historical
2019|koshien||2019選手権|QF|星稜|17|仙台育英|1,2019,koshien,,2019選手権,QF,national,石川,宮城,17,1,1065.7337,1029.3447,0.552177,11.96,5.356,1071.0897,1023.9887,-0.0,0.0,0,historical
2019|koshien||2019選手権|QF|履正社|7|関東一|3,2019,koshien,,2019選手権,QF,prefecture,大阪,東東京,7,3,1102.0404,1027.2866,0.605949,5.52,2.1752,1104.2155,1025.1114,0.0,-0.0,0,historical
2019|koshien||2019選手権|SF|履正社|7|明石商|1,2019,koshien,,2019選手権,SF,national,大阪,兵庫,7,1,1104.2155,1018.4618,0.626975,11.96,4.4614,1108.6769,1014.0004,2.2256,-2.2256,3,historical
2019|koshien||2019選手権|SF|星稜|9|中京学院大中京|0,2019,koshien,,2019選手権,SF,national,石川,岐阜,9,0,1071.0897,989.3248,0.615544,11.96,4.5981,1075.6878,984.7267,-0.0,0.0,0,historical
2019|koshien||2019選手権|F|履正社|5|星稜|3,2019,koshien,,2019選手権,F,national,大阪,石川,5,3,1108.6769,1075.6878,0.546121,11.96,5.4284,1114.1053,1070.2594,-0.4247,0.4247,1,historical
2019|autumn||2019秋季北海道地区大会|1R|札幌大谷|8|北見工|7,2019,autumn,,2019秋季北海道地区大会,1R,regional,南北海道,北北海道,8,7,1024.6689,962.2258,0.640836,8.0,2.8733,1027.5422,959.3525,19.0694,-19.0694,40,historical
2019|autumn||2019秋季北海道地区大会|1R|東海大札幌|6|岩内|3,2019,autumn,,2019秋季北海道地区大会,1R,regional,南北海道,北海道,6,3,1027.5422,996.0742,0.546096,8.0,3.6312,1031.1734,992.443,0.3271,-0.3271,1,historical
2019|autumn||2019秋季北海道地区大会|1R|札幌国際情報|12|滝川西|2,2019,autumn,,2019秋季北海道地区大会,1R,regional,南北海道,北北海道,12,2,1031.1734,959.3525,0.658054,8.0,2.7356,1033.909,956.6169,20.9504,-20.9504,41,historical
2019|autumn||2019秋季北海道地区大会|2R|北海道栄|5|旭川大高|3,2019,autumn,,2019秋季北海道地区大会,2R,regional,南北海道,北北海道,5,3,1033.909,956.6169,0.669718,8.0,2.6423,1036.5512,953.9747,22.7555,-22.7555,42,historical
2019|autumn||2019秋季北海道地区大会|2R|帯広農|7|札幌山の手|3,2019,autumn,,2019秋季北海道地区大会,2R,regional,北北海道,南北海道,7,3,953.9747,1036.5512,0.319179,8.0,5.4466,959.4213,1031.1047,-24.5114,24.5114,43,historical
2019|autumn||2019秋季北海道地区大会|2R|札幌大谷|3|稚内大谷|2,2019,autumn,,2019秋季北海道地区大会,2R,regional,南北海道,北北海道,3,2,1031.1047,959.4213,0.658374,8.0,2.733,1033.8377,956.6882,21.1426,-21.1426,44,historical
2019|autumn||2019秋季北海道地区大会|2R|東海大札幌|7|別海|0,2019,autumn,,2019秋季北海道地区大会,2R,regional,南北海道,北北海道,7,0,1033.8377,956.6882,0.670046,8.0,2.6396,1036.4773,954.0486,22.9555,-22.9555,45,historical
2019|autumn||2019秋季北海道地区大会|QF|帯広農|5|北海道栄|0,2019,autumn,,2019秋季北海道地区大会,QF,regional,北北海道,南北海道,5,0,954.0486,1036.4773,0.318849,8.0,5.4492,959.4978,1031.0281,-24.7175,24.7175,46,historical
2019|autumn||2019秋季北海道地区大会|QF|白樺学園|4|東海大札幌|0,2019,autumn,,2019秋季北海道地区大会,QF,regional,北北海道,南北海道,4,0,959.4978,1031.0281,0.341409,8.0,5.2687,964.7666,1025.7594,-21.3032,21.3032,47,historical
2019|autumn||2019秋季北海道地区大会|SF|札幌日大|11|帯広農|2,2019,autumn,,2019秋季北海道地区大会,SF,regional,南北海道,北北海道,11,2,1025.7594,964.7666,0.636016,8.0,2.9119,1028.6712,961.8547,17.9809,-17.9809,48,historical
2019|autumn||2019秋季北海道地区大会|SF|白樺学園|13|札幌龍谷|3,2019,autumn,,2019秋季北海道地区大会,SF,regional,北北海道,南北海道,13,3,961.8547,1028.6712,0.351179,8.0,5.1906,967.0453,1023.4807,-19.9109,19.9109,49,historical
2019|autumn||2019秋季北海道地区大会|F|白樺学園|12|札幌日大|8,2019,autumn,,2019秋季北海道地区大会,F,regional,北北海道,南北海道,12,8,967.0453,1023.4807,0.373763,8.0,5.0099,972.0551,1018.4708,-16.611,16.611,50,historical
2019|autumn||2019秋季東北地区大会|1R|東奥義塾|6|秋田商|3,2019,autumn,,2019秋季東北地区大会,1R,regional,青森,秋田,6,3,1030.0429,992.3852,0.549818,8.0,3.6015,1033.6444,988.7838,-1.4627,1.4627,5,historical
2019|autumn||2019秋季東北地区大会|1R|磐城|6|東海大山形|0,2019,autumn,,2019秋季東北地区大会,1R,regional,福島,山形,6,0,990.8237,990.7644,0.498524,8.0,4.0118,994.8355,986.7526,-0.5426,0.5426,6,historical
2019|autumn||2019秋季東北地区大会|2R|仙台育英|9|明桜|8,2019,autumn,,2019秋季東北地区大会,2R,regional,宮城,秋田,9,8,1023.9887,988.7838,0.558979,8.0,3.5282,1027.5169,985.2556,2.9848,-2.9848,5,historical
2019|autumn||2019秋季東北地区大会|2R|一関学院|9|日大山形|5,2019,autumn,,2019秋季東北地区大会,2R,regional,岩手,山形,9,5,987.8445,986.7526,0.508386,8.0,3.9329,991.7774,982.8197,2.3681,-2.3681,6,historical
2019|autumn||2019秋季東北地区大会|2R|東奥義塾|3|学法福島|2,2019,autumn,,2019秋季東北地区大会,2R,regional,青森,福島,3,2,1033.6444,994.8355,0.55883,8.0,3.5294,1037.1737,991.3062,1.1305,-1.1305,5,historical
2019|autumn||2019秋季東北地区大会|2R|青森山田|1|仙台商|0,2019,autumn,,2019秋季東北地区大会,2R,regional,青森,宮城,1,0,1037.1737,1027.5169,0.504915,8.0,3.9607,1041.1344,1023.5562,-3.1208,3.1208,12,historical
2019|autumn||2019秋季東北地区大会|2R|盛岡大付|3|弘前東|0,2019,autumn,,2019秋季東北地区大会,2R,regional,岩手,青森,3,0,991.7774,1041.1344,0.403181,8.0,4.7746,996.5519,1036.3599,-9.3901,9.3901,7,historical
2019|autumn||2019秋季東北地区大会|2R|鶴岡東|10|福島成蹊|0,2019,autumn,,2019秋季東北地区大会,2R,regional,山形,福島,10,0,982.8197,991.3062,0.48545,8.0,4.1164,986.9361,987.1898,-0.8133,0.8133,7,historical
2019|autumn||2019秋季東北地区大会|2R|仙台城南|3|花巻東|2,2019,autumn,,2019秋季東北地区大会,2R,regional,宮城,岩手,3,2,1023.5562,996.5519,0.536173,8.0,3.7106,1027.2668,992.8413,-0.9123,0.9123,3,historical
2019|autumn||2019秋季東北地区大会|2R|磐城|2|能代松陽|1,2019,autumn,,2019秋季東北地区大会,2R,regional,福島,秋田,2,1,987.1898,985.2556,0.502474,8.0,3.9802,991.17,981.2754,-0.1074,0.1074,4,historical
2019|autumn||2019秋季東北地区大会|QF|盛岡大付|3|東奥義塾|0,2019,autumn,,2019秋季東北地区大会,QF,regional,岩手,青森,3,0,992.8413,1036.3599,0.414419,8.0,4.6847,997.526,1031.6752,-8.2703,8.2703,8,historical
2019|autumn||2019秋季東北地区大会|QF|鶴岡東|10|青森山田|5,2019,autumn,,2019秋季東北地区大会,QF,regional,山形,青森,10,5,986.9361,1031.6752,0.434152,8.0,4.5268,991.4629,1027.1484,-0.642,0.642,3,historical
2019|autumn||2019秋季東北地区大会|QF|仙台育英|6|一関学院|1,2019,autumn,,2019秋季東北地区大会,QF,regional,宮城,岩手,6,1,1027.2668,997.526,0.542161,8.0,3.6627,1030.9296,993.8633,-0.1874,0.1874,4,historical
2019|autumn||2019秋季東北地区大会|QF|仙台城南|6|磐城|3,2019,autumn,,2019秋季東北地区大会,QF,regional,宮城,福島,6,3,1030.9296,991.17,0.55243,8.0,3.5806,1034.5101,987.5894,-1.5966,1.5966,7,historical
2019|autumn||2019秋季東北地区大会|SF|仙台育英|9|盛岡大付|2,2019,autumn,,2019秋季東北地区大会,SF,regional,宮城,岩手,9,2,1034.5101,993.8633,0.560615,8.0,3.5151,1038.0252,990.3482,0.8404,-0.8404,5,historical
2019|autumn||2019秋季東北地区大会|SF|鶴岡東|10|仙台城南|0,2019,autumn,,2019秋季東北地区大会,SF,regional,山形,宮城,10,0,991.4629,1038.0252,0.42878,8.0,4.5698,996.0327,1033.4554,-1.6326,1.6326,4,historical
2019|autumn||2019秋季東北地区大会|F|仙台育英|11|鶴岡東|8,2019,autumn,,2019秋季東北地区大会,F,regional,宮城,山形,11,8,1033.4554,996.0327,0.555257,8.0,3.5579,1037.0134,992.4747,0.5656,-0.5656,5,historical
2019|autumn||2019秋季関東地区大会|1R|東海大相模|14|駿台甲府|2,2019,autumn,,2019秋季関東地区大会,1R,regional,神奈川,山梨,14,2,1025.3917,961.4262,0.591855,8.0,3.2652,1028.6568,958.161,0.2973,-0.2973,1,historical
2019|autumn||2019秋季関東地区大会|1R|桐光学園|4|霞ヶ浦|2,2019,autumn,,2019秋季関東地区大会,1R,regional,神奈川,茨城,4,2,1028.6568,972.7172,0.585626,8.0,3.315,1031.9718,969.4022,2.0758,-2.0758,6,historical
2019|autumn||2019秋季関東地区大会|1R|習志野|7|前橋育英|3,2019,autumn,,2019秋季関東地区大会,1R,regional,千葉,群馬,7,3,1004.6631,1003.408,0.504677,8.0,3.9626,1008.6257,999.4454,0.9976,-0.9976,3,historical
2019|autumn||2019秋季関東地区大会|1R|健大高崎|5|常総学院|4,2019,autumn,,2019秋季関東地区大会,1R,regional,群馬,茨城,5,4,999.4454,969.4022,0.540518,8.0,3.6759,1003.1213,965.7263,-0.9131,0.9131,3,historical
2019|autumn||2019秋季関東地区大会|1R|花咲徳栄|11|拓大紅陵|1,2019,autumn,,2019秋季関東地区大会,1R,regional,埼玉,千葉,11,1,1021.4994,1008.6257,0.522462,8.0,3.8203,1025.3197,1004.8054,1.3726,-1.3726,4,historical
2019|autumn||2019秋季関東地区大会|1R|西武台|9|青藍泰斗|6,2019,autumn,,2019秋季関東地区大会,1R,regional,埼玉,栃木,9,6,1025.3197,985.7558,0.553246,8.0,3.574,1028.8937,982.1817,-1.212,1.212,3,historical
2019|autumn||2019秋季関東地区大会|1R|山梨学院|11|文星芸大付|6,2019,autumn,,2019秋季関東地区大会,1R,regional,山梨,栃木,11,6,958.161,982.1817,0.465486,8.0,4.2761,962.4372,977.9056,0.0,-0.0,0,historical
2019|autumn||2019秋季関東地区大会|QF|東海大相模|12|習志野|6,2019,autumn,,2019秋季関東地区大会,QF,regional,神奈川,千葉,12,6,1031.9718,1004.8054,0.541255,8.0,3.67,1035.6418,1001.1354,0.7829,-0.7829,7,historical
2019|autumn||2019秋季関東地区大会|QF|健大高崎|3|西武台|2,2019,autumn,,2019秋季関東地区大会,QF,regional,群馬,埼玉,3,2,1003.1213,1028.8937,0.459663,8.0,4.3227,1007.444,1024.571,-1.1588,1.1588,3,historical
2019|autumn||2019秋季関東地区大会|QF|山梨学院|2|花咲徳栄|1,2019,autumn,,2019秋季関東地区大会,QF,regional,山梨,埼玉,2,1,962.4372,1024.571,0.41054,8.0,4.7157,967.1528,1019.8553,-0.3528,0.3528,2,historical
2019|autumn||2019秋季関東地区大会|QF|桐生第一|10|桐光学園|4,2019,autumn,,2019秋季関東地区大会,QF,regional,群馬,神奈川,10,4,1007.444,1035.6418,0.457496,8.0,4.34,1011.784,1031.3018,-0.7042,0.7042,3,historical
2019|autumn||2019秋季関東地区大会|SF|山梨学院|6|桐生第一|5,2019,autumn,,2019秋季関東地区大会,SF,regional,山梨,群馬,6,5,967.1528,1011.784,0.426418,8.0,4.5887,971.7415,1007.1953,-3.4363,3.4363,5,historical
2019|autumn||2019秋季関東地区大会|SF|健大高崎|8|東海大相模|2,2019,autumn,,2019秋季関東地区大会,SF,regional,群馬,神奈川,8,2,1007.1953,1031.3018,0.466006,8.0,4.2719,1011.4673,1027.0298,0.2244,-0.2244,4,historical
2019|autumn||2019秋季関東地区大会|F|健大高崎|3|山梨学院|0,2019,autumn,,2019秋季関東地区大会,F,regional,群馬,山梨,3,0,1011.4673,971.7415,0.563599,8.0,3.4912,1014.9585,968.2503,2.3541,-2.3541,6,historical
2019|autumn||2019秋季東京地区大会|1R|国立|8|岩倉|7,2019,autumn,,2019秋季東京地区大会,1R,prefecture,西東京,東東京,8,7,1027.9044,1025.1114,0.536767,4.8,2.2235,1030.1279,1022.8879,11.4009,-11.4009,63,historical
2019|autumn||2019秋季東京地区大会|1R|日大二|10|小山台|7,2019,autumn,,2019秋季東京地区大会,1R,prefecture,西東京,東東京,10,7,1030.1279,1022.8879,0.547415,4.8,2.1724,1032.3003,1020.7155,12.9034,-12.9034,64,historical
2019|autumn||2019秋季東京地区大会|1R|紅葉川|7|武蔵村山|2,2019,autumn,,2019秋季東京地区大会,1R,prefecture,東東京,西東京,7,2,1020.7155,1032.3003,0.442209,4.8,2.6774,1023.3929,1029.6229,-14.3762,14.3762,65,historical
2019|autumn||2019秋季東京地区大会|1R|創価|15|目白研心|0,2019,autumn,,2019秋季東京地区大会,1R,prefecture,西東京,東東京,15,0,1029.6229,1023.3929,0.545135,4.8,2.1834,1031.8063,1021.2096,12.6092,-12.6092,66,historical
2019|autumn||2019秋季東京地区大会|1R|工学院大付|5|立正大立正|2,2019,autumn,,2019秋季東京地区大会,1R,prefecture,西東京,東東京,5,2,1031.8063,1021.2096,0.55558,4.8,2.1332,1033.9395,1019.0764,14.0924,-14.0924,67,historical
2019|autumn||2019秋季東京地区大会|1R|富士森|6|足立西|2,2019,autumn,,2019秋季東京地区大会,1R,prefecture,西東京,東京,6,2,1033.9395,963.4907,0.600017,4.8,1.9199,1035.8594,961.5708,-0.0,0.0,0,historical
2019|autumn||2019秋季東京地区大会|1R|関東一|4|日大鶴ヶ丘|2,2019,autumn,,2019秋季東京地区大会,1R,prefecture,東東京,西東京,4,2,1019.0764,1035.8594,0.431535,4.8,2.7286,1021.805,1033.1308,-15.546,15.546,68,historical
2019|autumn||2019秋季東京地区大会|1R|帝京|15|法政大高|3,2019,autumn,,2019秋季東京地区大会,1R,prefecture,東東京,東京,15,3,1021.805,961.5708,0.639204,4.8,1.7318,1023.5368,959.8389,19.5586,-19.5586,20,historical
2019|autumn||2019秋季東京地区大会|1R|駒込学園|5|聖徳学園|2,2019,autumn,,2019秋季東京地区大会,1R,prefecture,東京,西東京,5,2,959.8389,1033.1308,0.395621,4.8,2.901,962.74,1030.2298,-0.16,0.16,1,historical
2019|autumn||2019秋季東京地区大会|1R|日本学園|11|篠崎|0,2019,autumn,,2019秋季東京地区大会,1R,prefecture,西東京,東東京,11,0,1030.2298,1023.5368,0.549009,4.8,2.1648,1032.3945,1021.372,13.7359,-13.7359,69,historical
2019|autumn||2019秋季東京地区大会|1R|日本ウェルネス|5|明治|4,2019,autumn,,2019秋季東京地区大会,1R,prefecture,東東京,東京,5,4,1021.372,962.74,0.64029,4.8,1.7266,1023.0987,961.0133,20.7689,-20.7689,21,historical
2019|autumn||2019秋季東京地区大会|1R|日野|5|明大中野|1,2019,autumn,,2019秋季東京地区大会,1R,prefecture,西東京,東東京,5,1,1032.3945,1023.0987,0.556918,4.8,2.1268,1034.5213,1020.9719,15.2134,-15.2134,70,historical
2019|autumn||2019秋季東京地区大会|1R|東海大高輪台|10|府中工|0,2019,autumn,,2019秋季東京地区大会,1R,prefecture,東東京,西東京,10,0,1020.9719,1034.5213,0.43293,4.8,2.7219,1023.6938,1031.7994,-16.669,16.669,71,historical
2019|autumn||2019秋季東京地区大会|1R|早大学院|9|文京|2,2019,autumn,,2019秋季東京地区大会,1R,prefecture,西東京,東東京,9,2,1031.7994,1023.6938,0.554208,4.8,2.1398,1033.9392,1021.554,14.8551,-14.8551,72,historical
2019|autumn||2019秋季東京地区大会|1R|共栄学園|8|南平|1,2019,autumn,,2019秋季東京地区大会,1R,prefecture,東東京,西東京,8,1,1021.554,1033.9392,0.435559,4.8,2.7093,1024.2633,1031.2299,-16.3219,16.3219,73,historical
2019|autumn||2019秋季東京地区大会|2R|錦城学園|6|国学院久我山|2,2019,autumn,,2019秋季東京地区大会,2R,prefecture,東東京,西東京,6,2,1024.2633,1031.2299,0.448396,4.8,2.6477,1026.911,1028.5822,-14.5099,14.5099,74,historical
2019|autumn||2019秋季東京地区大会|2R|明大中野八王子|10|工学院大付|0,2019,autumn,,2019秋季東京地区大会,2R,prefecture,東東京,西東京,10,0,1026.911,1028.5822,0.461022,4.8,2.5871,1029.4981,1025.9951,-12.7345,12.7345,75,historical
2019|autumn||2019秋季東京地区大会|2R|修徳|14|国立|6,2019,autumn,,2019秋季東京地区大会,2R,prefecture,東東京,西東京,14,6,1029.4981,1025.9951,0.47342,4.8,2.5276,1032.0257,1023.4675,-10.9951,10.9951,76,historical
2019|autumn||2019秋季東京地区大会|2R|日本ウェルネス|4|日野|3,2019,autumn,,2019秋季東京地区大会,2R,prefecture,東東京,西東京,4,3,1032.0257,1023.4675,0.485577,4.8,2.4692,1034.4949,1020.9983,-9.2914,9.2914,77,historical
2019|autumn||2019秋季東京地区大会|2R|日大三|2|安田学園|0,2019,autumn,,2019秋季東京地区大会,2R,prefecture,西東京,東東京,2,0,1020.9983,1034.4949,0.502518,4.8,2.3879,1023.3862,1032.107,7.623,-7.623,78,historical
2019|autumn||2019秋季東京地区大会|2R|東海大菅生|11|東海大高輪台|1,2019,autumn,,2019秋季東京地区大会,2R,prefecture,西東京,東東京,11,1,1023.3862,1032.107,0.514093,4.8,2.3324,1025.7185,1029.7747,9.2583,-9.2583,79,historical
2019|autumn||2019秋季東京地区大会|2R|関東一|13|駒込学園|0,2019,autumn,,2019秋季東京地区大会,2R,prefecture,東東京,東京,13,0,1029.7747,961.0133,0.656763,4.8,1.6475,1031.4222,959.3658,21.9823,-21.9823,22,historical
2019|autumn||2019秋季東京地区大会|2R|帝京|7|早大学院|0,2019,autumn,,2019秋季東京地区大会,2R,prefecture,東東京,西東京,7,0,1031.4222,1025.7185,0.476969,4.8,2.5105,1033.9327,1023.208,-10.8592,10.8592,80,historical
2019|autumn||2019秋季東京地区大会|2R|日本学園|4|東亜学園|3,2019,autumn,,2019秋季東京地区大会,2R,prefecture,西東京,東東京,4,3,1023.208,1033.9327,0.510922,4.8,2.3476,1025.5556,1031.5852,9.1577,-9.1577,81,historical
2019|autumn||2019秋季東京地区大会|2R|創価|6|大森学園|2,2019,autumn,,2019秋季東京地区大会,2R,prefecture,西東京,東東京,6,2,1025.5556,1031.5852,0.522312,4.8,2.2929,1027.8485,1029.2923,10.7719,-10.7719,82,historical
2019|autumn||2019秋季東京地区大会|2R|城東|3|明学東村山|2,2019,autumn,,2019秋季東京地区大会,2R,prefecture,東東京,西東京,3,2,1029.2923,1027.8485,0.466576,4.8,2.5604,1031.8527,1025.288,-12.352,12.352,83,historical
2019|autumn||2019秋季東京地区大会|2R|佼成学園|7|紅葉川|2,2019,autumn,,2019秋季東京地区大会,2R,prefecture,西東京,東東京,7,2,1025.288,1031.8527,0.521083,4.8,2.2988,1027.5868,1029.5539,10.6116,-10.6116,84,historical
2019|autumn||2019秋季東京地区大会|3R|日大二|9|日本ウェルネス|4,2019,autumn,,2019秋季東京地区大会,3R,prefecture,西東京,東東京,9,4,1027.5868,1029.5539,0.532234,4.8,2.2453,1029.8321,1027.3086,12.1982,-12.1982,85,historical
2019|autumn||2019秋季東京地区大会|3R|国士舘|7|明大中野八王子|6,2019,autumn,,2019秋季東京地区大会,3R,prefecture,西東京,東東京,7,6,1029.8321,1027.3086,0.543103,4.8,2.1931,1032.0252,1025.1155,13.7511,-13.7511,86,historical
2019|autumn||2019秋季東京地区大会|3R|修徳|5|佼成学園|2,2019,autumn,,2019秋季東京地区大会,3R,prefecture,東東京,西東京,5,2,1025.1155,1032.0252,0.446311,4.8,2.6577,1027.7732,1029.3675,-15.2709,15.2709,87,historical
2019|autumn||2019秋季東京地区大会|QF|国士舘|8|修徳|4,2019,autumn,,2019秋季東京地区大会,QF,regional,西東京,東東京,8,4,1029.3675,1027.7732,0.540939,8.0,3.6725,1033.04,1024.1007,13.4583,-13.4583,88,historical
2019|autumn||2019秋季東京地区大会|QF|帝京|2|日大三|1,2019,autumn,,2019秋季東京地区大会,QF,regional,東東京,西東京,2,1,1024.1007,1033.04,0.44136,8.0,4.4691,1028.5698,1028.5709,-15.9981,15.9981,89,historical
2019|autumn||2019秋季東京地区大会|SF|国士舘|5|城東|0,2019,autumn,,2019秋季東京地区大会,SF,regional,西東京,東東京,5,0,1028.5709,1028.5698,0.537162,8.0,3.7027,1032.2736,1024.8671,12.9346,-12.9346,90,historical
2019|autumn||2019秋季東京地区大会|SF|帝京|3|創価|2,2019,autumn,,2019秋季東京地区大会,SF,regional,東東京,西東京,3,2,1024.8671,1032.2736,0.444956,8.0,4.4404,1029.3075,1027.8332,-15.4988,15.4988,91,historical
2019|autumn||2019秋季東京地区大会|F|国士舘|6|帝京|0,2019,autumn,,2019秋季東京地区大会,F,regional,西東京,東東京,6,0,1027.8332,1029.3075,0.533657,8.0,3.7307,1031.564,1025.5767,12.4486,-12.4486,92,historical
2019|autumn||2019秋季北信越地区大会|1R|日本航空石川|11|高岡商|9,2019,autumn,,2019秋季北信越地区大会,1R,regional,石川,富山,11,9,1070.2594,984.2073,0.645717,8.0,2.8343,1073.0937,981.3731,9.1124,-9.1124,9,historical
2019|autumn||2019秋季北信越地区大会|1R|敦賀気比|10|加茂暁星|0,2019,autumn,,2019秋季北信越地区大会,1R,regional,福井,新潟,10,0,984.1434,972.3469,0.51397,8.0,3.8882,988.0317,968.4587,-1.0433,1.0433,5,historical
2019|autumn||2019秋季北信越地区大会|1R|北越|3|北陸|2,2019,autumn,,2019秋季北信越地区大会,1R,regional,新潟,福井,3,2,968.4587,988.0317,0.471612,8.0,4.2271,972.6858,983.8046,-0.0873,0.0873,6,historical
2019|autumn||2019秋季北信越地区大会|1R|金沢商|13|高岡向陵|1,2019,autumn,,2019秋季北信越地区大会,1R,regional,石川,富山,13,1,1073.0937,981.3731,0.657387,8.0,2.7409,1075.8346,978.6322,10.7433,-10.7433,10,historical
2019|autumn||2019秋季北信越地区大会|1R|佐久長聖|6|新潟産大付|0,2019,autumn,,2019秋季北信越地区大会,1R,regional,長野,新潟,6,0,983.672,972.6858,0.522766,8.0,3.8179,987.4899,968.8679,2.422,-2.422,6,historical
2019|autumn||2019秋季北信越地区大会|1R|上田西|9|津幡|7,2019,autumn,,2019秋季北信越地区大会,1R,regional,長野,石川,9,7,987.4899,1075.8346,0.368047,8.0,5.0556,992.5455,1070.779,-2.7839,2.7839,5,historical
2019|autumn||2019秋季北信越地区大会|1R|星稜|5|高岡第一|3,2019,autumn,,2019秋季北信越地区大会,1R,regional,石川,富山,5,3,1070.779,978.6322,0.662183,8.0,2.7025,1073.4815,975.9296,12.3858,-12.3858,11,historical
2019|autumn||2019秋季北信越地区大会|1R|敦賀|4|長野日大|1,2019,autumn,,2019秋季北信越地区大会,1R,regional,福井,長野,4,1,983.8046,992.5455,0.481253,8.0,4.15,987.9545,988.3956,-2.1459,2.1459,6,historical
2019|autumn||2019秋季北信越地区大会|QF|佐久長聖|1|金沢商|0,2019,autumn,,2019秋季北信越地区大会,QF,regional,長野,石川,1,0,988.3956,1073.4815,0.375944,8.0,4.9924,993.388,1068.489,-1.477,1.477,6,historical
2019|autumn||2019秋季北信越地区大会|QF|星稜|10|敦賀|2,2019,autumn,,2019秋季北信越地区大会,QF,regional,石川,福井,10,2,1068.489,987.9545,0.613873,8.0,3.089,1071.5781,984.8655,0.0026,-0.0026,6,historical
2019|autumn||2019秋季北信越地区大会|QF|日本航空石川|7|敦賀気比|3,2019,autumn,,2019秋季北信越地区大会,QF,regional,石川,福井,7,3,1071.5781,984.8655,0.62519,8.0,2.9985,1074.5765,981.8671,1.084,-1.084,7,historical
2019|autumn||2019秋季北信越地区大会|QF|北越|3|上田西|2,2019,autumn,,2019秋季北信越地区大会,QF,regional,新潟,長野,3,2,968.8679,993.388,0.453412,8.0,4.3727,973.2406,989.0153,-3.9735,3.9735,7,historical
2019|autumn||2019秋季北信越地区大会|SF|日本航空石川|9|北越|1,2019,autumn,,2019秋季北信越地区大会,SF,regional,石川,新潟,9,1,1074.5765,973.2406,0.658123,8.0,2.735,1077.3116,970.5056,6.2195,-6.2195,9,historical
2019|autumn||2019秋季北信越地区大会|SF|星稜|10|佐久長聖|3,2019,autumn,,2019秋季北信越地区大会,SF,regional,石川,長野,10,3,1077.3116,989.0153,0.624026,8.0,3.0078,1080.3193,986.0075,-0.1391,0.1391,7,historical
2019|autumn||2019秋季東海地区大会|1R|豊川|13|大垣商|8,2019,autumn,,2019秋季東海地区大会,1R,regional,愛知,岐阜,13,8,1007.0791,984.7267,0.535368,8.0,3.7171,1010.7961,981.0097,1.1325,-1.1325,7,historical
2019|autumn||2019秋季東海地区大会|1R|津商|11|静岡商|2,2019,autumn,,2019秋季東海地区大会,1R,regional,三重,静岡,11,2,1007.4589,989.4699,0.539474,8.0,3.6842,1011.1431,985.7857,4.7487,-4.7487,10,historical
2019|autumn||2019秋季東海地区大会|1R|愛工大名電|6|三重|2,2019,autumn,,2019秋季東海地区大会,1R,regional,愛知,三重,6,2,1010.7961,1011.1431,0.511224,8.0,3.9102,1014.7063,1007.2329,4.0737,-4.0737,7,historical
2019|autumn||2019秋季東海地区大会|1R|加藤学園|6|大垣西|1,2019,autumn,,2019秋季東海地区大会,1R,regional,静岡,岐阜,6,1,985.7857,981.0097,0.506242,8.0,3.9501,989.7357,977.0596,-0.2192,0.2192,4,historical
2019|autumn||2019秋季東海地区大会|QF|藤枝明誠|6|豊川|4,2019,autumn,,2019秋季東海地区大会,QF,regional,静岡,愛知,6,4,989.7357,1014.7063,0.459441,8.0,4.3245,994.0602,1010.3819,-1.6372,1.6372,9,historical
2019|autumn||2019秋季東海地区大会|QF|中京大中京|7|津商|0,2019,autumn,,2019秋季東海地区大会,QF,regional,愛知,三重,7,0,1010.3819,1007.2329,0.521302,8.0,3.8296,1014.2114,1003.4033,5.831,-5.831,8,historical
2019|autumn||2019秋季東海地区大会|QF|県岐阜商|5|愛工大名電|3,2019,autumn,,2019秋季東海地区大会,QF,regional,岐阜,愛知,5,3,977.0596,1014.2114,0.43933,8.0,4.4854,981.545,1009.7261,-2.6072,2.6072,8,historical
2019|autumn||2019秋季東海地区大会|QF|加藤学園|5|近大高専|4,2019,autumn,,2019秋季東海地区大会,QF,regional,静岡,三重,5,4,994.0602,1003.4033,0.467751,8.0,4.258,998.3182,999.1453,-6.5483,6.5483,11,historical
2019|autumn||2019秋季東海地区大会|SF|中京大中京|12|藤枝明誠|5,2019,autumn,,2019秋季東海地区大会,SF,regional,愛知,静岡,12,5,1009.7261,998.3182,0.516171,8.0,3.8706,1013.5967,994.4476,-0.0838,0.0838,10,historical
2019|autumn||2019秋季東海地区大会|SF|県岐阜商|4|加藤学園|3,2019,autumn,,2019秋季東海地区大会,SF,regional,岐阜,静岡,4,3,981.545,994.4476,0.478893,8.0,4.1689,985.7138,990.2787,-0.8865,0.8865,5,historical
2019|autumn||2019秋季東海地区大会|F|中京大中京|9|県岐阜商|6,2019,autumn,,2019秋季東海地区大会,F,regional,愛知,岐阜,9,6,1013.5967,985.7138,0.542841,8.0,3.6573,1017.254,982.0566,0.9797,-0.9797,9,historical
2019|autumn||2019秋季近畿地区大会|1R|大阪桐蔭|19|立命館守山|1,2019,autumn,,2019秋季近畿地区大会,1R,regional,大阪,滋賀,19,1,1114.1053,1003.5102,0.656782,8.0,2.7457,1116.851,1000.7644,1.0726,-1.0726,2,historical
2019|autumn||2019秋季近畿地区大会|1R|智弁学園|4|神戸国際大付|2,2019,autumn,,2019秋季近畿地区大会,1R,regional,奈良,兵庫,4,2,991.3994,1014.0004,0.475449,8.0,4.1964,995.5958,1009.804,2.7638,-2.7638,3,historical
2019|autumn||2019秋季近畿地区大会|1R|智弁和歌山|8|初芝立命館|3,2019,autumn,,2019秋季近畿地区大会,1R,regional,和歌山,大阪,8,3,1026.2921,1116.851,0.365011,8.0,5.0799,1031.372,1111.7711,-2.8125,2.8125,9,historical
2019|autumn||2019秋季近畿地区大会|1R|明石商|8|東山|3,2019,autumn,,2019秋季近畿地区大会,1R,regional,兵庫,京,8,3,1009.804,1004.0382,0.508829,8.0,3.9294,1013.7334,1000.1088,0.1849,-0.1849,6,historical
2019|autumn||2019秋季近畿地区大会|1R|奈良大付|12|近江|7,2019,autumn,,2019秋季近畿地区大会,1R,regional,奈良,滋賀,12,7,995.5958,1000.7644,0.49263,8.0,4.059,999.6548,996.7055,0.0234,-0.0234,2,historical
2019|autumn||2019秋季近畿地区大会|1R|天理|7|報徳学園|1,2019,autumn,,2019秋季近畿地区大会,1R,regional,奈良,兵庫,7,1,999.6548,1013.7334,0.492482,8.0,4.0601,1003.715,1009.6732,4.427,-4.427,4,historical
2019|autumn||2019秋季近畿地区大会|1R|履正社|13|綾羽|4,2019,autumn,,2019秋季近畿地区大会,1R,regional,大阪,滋賀,13,4,1111.7711,996.7055,0.665004,8.0,2.68,1114.4511,994.0255,2.0242,-2.0242,3,historical
2019|autumn||2019秋季近畿地区大会|1R|京都翔英|6|和歌山南陵|2,2019,autumn,,2019秋季近畿地区大会,1R,regional,京,和歌山,6,2,1000.1088,1031.372,0.45526,8.0,4.3579,1004.4667,1027.0141,0.0455,-0.0455,2,historical
2019|autumn||2019秋季近畿地区大会|QF|智弁学園|17|智弁和歌山|13,2019,autumn,,2019秋季近畿地区大会,QF,regional,奈良,和歌山,17,13,1003.715,1027.0141,0.466481,8.0,4.2681,1007.9831,1022.7459,-0.0135,0.0135,2,historical
2019|autumn||2019秋季近畿地区大会|QF|履正社|10|京都翔英|3,2019,autumn,,2019秋季近畿地区大会,QF,regional,大阪,京,10,3,1114.4511,1004.4667,0.653792,8.0,2.7697,1117.2207,1001.6971,0.2284,-0.2284,3,historical
2019|autumn||2019秋季近畿地区大会|QF|大阪桐蔭|4|明石商|3,2019,autumn,,2019秋季近畿地区大会,QF,regional,大阪,兵庫,4,3,1117.2207,1009.6732,0.659991,8.0,2.7201,1119.9408,1006.9532,3.8356,-3.8356,4,historical
2019|autumn||2019秋季近畿地区大会|SF|天理|5|履正社|4,2019,autumn,,2019秋季近畿地区大会,SF,regional,奈良,大阪,5,4,1007.9831,1119.9408,0.335645,8.0,5.3148,1013.2979,1114.626,-3.3251,3.3251,4,historical
2019|autumn||2019秋季近畿地区大会|SF|大阪桐蔭|6|智弁学園|5,2019,autumn,,2019秋季近畿地区大会,SF,regional,大阪,奈良,6,5,1114.626,1013.2979,0.647898,8.0,2.8168,1117.4428,1010.4811,2.3036,-2.3036,5,historical
2019|autumn||2019秋季近畿地区大会|F|天理|12|大阪桐蔭|4,2019,autumn,,2019秋季近畿地区大会,F,regional,奈良,大阪,12,4,1010.4811,1117.4428,0.341707,8.0,5.2663,1015.7475,1112.1764,-3.4722,3.4722,6,historical
2019|autumn||2019秋季中国地区大会|1R|鳥取城北|3|南陽工|2,2019,autumn,,2019秋季中国地区大会,1R,regional,鳥取,山口,3,2,978.2232,999.0656,0.469109,8.0,4.2471,982.4703,994.8185,-0.325,0.325,1,historical
2019|autumn||2019秋季中国地区大会|1R|平田|2|尾道商|0,2019,autumn,,2019秋季中国地区大会,1R,regional,島根,広島,2,0,944.545,1018.4048,0.389785,8.0,4.8817,949.4268,1013.5231,-2.0018,2.0018,3,historical
2019|autumn||2019秋季中国地区大会|1R|倉敷商|2|境|0,2019,autumn,,2019秋季中国地区大会,1R,regional,岡山,茨城,2,0,1003.7792,965.7263,0.554545,8.0,3.5636,1007.3429,962.1627,0.0,-0.0,0,historical
2019|autumn||2019秋季中国地区大会|1R|矢上|6|盈進|3,2019,autumn,,2019秋季中国地区大会,1R,regional,島根,広島,6,3,949.4268,1013.5231,0.405383,8.0,4.7569,954.1837,1008.7661,-1.2262,1.2262,4,historical
2019|autumn||2019秋季中国地区大会|1R|出雲西|5|豊浦|4,2019,autumn,,2019秋季中国地区大会,1R,regional,島根,山口,5,4,954.1837,994.8185,0.433072,8.0,4.5354,958.7191,990.2831,-3.0763,3.0763,5,historical
2019|autumn||2019秋季中国地区大会|1R|広島新庄|3|八頭|1,2019,autumn,,2019秋季中国地区大会,1R,regional,広島,鳥取,3,1,1008.7661,982.4703,0.547316,8.0,3.6215,1012.3876,978.8488,3.3408,-3.3408,9,historical
2019|autumn||2019秋季中国地区大会|1R|高川学園|7|おかやま山陽|5,2019,autumn,,2019秋季中国地区大会,1R,regional,山口,岡山,7,5,990.2831,1007.3429,0.465815,8.0,4.2735,994.5566,1003.0694,-3.3659,3.3659,7,historical
2019|autumn||2019秋季中国地区大会|QF|創志学園|5|出雲西|1,2019,autumn,,2019秋季中国地区大会,QF,regional,岡山,島根,5,1,1003.0694,958.7191,0.569945,8.0,3.4404,1006.5098,955.2787,2.2866,-2.2866,3,historical
2019|autumn||2019秋季中国地区大会|QF|鳥取城北|9|平田|2,2019,autumn,,2019秋季中国地区大会,QF,regional,鳥取,島根,9,2,978.8488,955.2787,0.537035,8.0,3.7037,982.5525,951.575,1.1059,-1.1059,2,historical
2019|autumn||2019秋季中国地区大会|QF|広島新庄|5|高川学園|4,2019,autumn,,2019秋季中国地区大会,QF,regional,広島,山口,5,4,1012.3876,994.5566,0.526643,8.0,3.7869,1016.1745,990.7697,0.35,-0.35,7,historical
2019|autumn||2019秋季中国地区大会|QF|倉敷商|10|矢上|9,2019,autumn,,2019秋季中国地区大会,QF,regional,岡山,島根,10,9,1006.5098,951.575,0.588631,8.0,3.291,1009.8008,948.284,3.6548,-3.6548,4,historical
2019|autumn||2019秋季中国地区大会|SF|鳥取城北|13|創志学園|6,2019,autumn,,2019秋季中国地区大会,SF,regional,鳥取,岡山,13,6,982.5525,1009.8008,0.463178,8.0,4.2946,986.8471,1005.5062,0.8077,-0.8077,3,historical
2019|autumn||2019秋季中国地区大会|SF|倉敷商|7|広島新庄|4,2019,autumn,,2019秋季中国地区大会,SF,regional,岡山,広島,7,4,1005.5062,1016.1745,0.492532,8.0,4.0597,1009.566,1012.1147,2.7394,-2.7394,10,historical
2019|autumn||2019秋季中国地区大会|F|倉敷商|9|鳥取城北|7,2019,autumn,,2019秋季中国地区大会,F,regional,岡山,鳥取,9,7,1009.566,986.8471,0.526738,8.0,3.7861,1013.3521,983.061,-2.0609,2.0609,4,historical
2019|autumn||2019秋季四国地区大会|1R|新田|6|川島|0,2019,autumn,,2019秋季四国地区大会,1R,regional,愛媛,徳島,6,0,999.3277,970.3281,0.550661,8.0,3.5947,1002.9224,966.7334,3.1622,-3.1622,7,historical
2019|autumn||2019秋季四国地区大会|1R|城東|6|大手前高松|4,2019,autumn,,2019秋季四国地区大会,1R,regional,東東京,香川,6,4,1025.5767,1003.628,0.530885,8.0,3.7529,1029.3297,999.875,-0.2302,0.2302,1,historical
2019|autumn||2019秋季四国地区大会|1R|岡豊|5|英明|1,2019,autumn,,2019秋季四国地区大会,1R,regional,高知,香川,5,1,1022.2076,999.875,0.506604,8.0,3.9472,1026.1547,995.9279,-8.8717,8.8717,8,historical
2019|autumn||2019秋季四国地区大会|1R|明徳義塾|8|小松|1,2019,autumn,,2019秋季四国地区大会,1R,regional,高知,石川,8,1,1026.1547,1080.3193,0.421663,8.0,4.6267,1030.7814,1075.6926,-0.3608,0.3608,1,historical
2019|autumn||2019秋季四国地区大会|QF|尽誠学園|7|新田|3,2019,autumn,,2019秋季四国地区大会,QF,regional,香川,愛媛,7,3,995.9279,1002.9224,0.48194,8.0,4.1445,1000.0724,998.778,-2.7801,2.7801,8,historical
2019|autumn||2019秋季四国地区大会|QF|高知中央|13|城東|3,2019,autumn,,2019秋季四国地区大会,QF,regional,高知,東東京,13,3,1030.7814,1029.3297,0.502089,8.0,3.9833,1034.7647,1025.3464,-0.0,0.0,0,historical
2019|autumn||2019秋季四国地区大会|QF|明徳義塾|8|徳島北|1,2019,autumn,,2019秋季四国地区大会,QF,regional,高知,徳島,8,1,1034.7647,966.7334,0.609556,8.0,3.1235,1037.8883,963.6099,4.6754,-4.6754,8,historical
2019|autumn||2019秋季四国地区大会|QF|岡豊|5|済美|4,2019,autumn,,2019秋季四国地区大会,QF,regional,高知,愛媛,5,4,1037.8883,998.778,0.572289,8.0,3.4217,1041.3099,995.3563,5.738,-5.738,7,historical
2019|autumn||2019秋季四国地区大会|SF|尽誠学園|13|岡豊|2,2019,autumn,,2019秋季四国地区大会,SF,regional,香川,高知,13,2,1000.0724,1041.3099,0.463247,8.0,4.294,1004.3664,1037.0159,7.8263,-7.8263,9,historical
2019|autumn||2019秋季四国地区大会|F|明徳義塾|8|尽誠学園|1,2019,autumn,,2019秋季四国地区大会,F,regional,高知,香川,8,1,1037.0159,1004.3664,0.51819,8.0,3.8545,1040.8704,1000.5119,-10.002,10.002,10,historical
2019|autumn||2019秋季九州地区大会|1R|宮崎日大|3|鹿児島実|2,2019,autumn,,2019秋季九州地区大会,1R,regional,宮崎,鹿児島,3,2,968.2095,989.0284,0.466937,8.0,4.2645,972.474,984.7638,-1.0947,1.0947,2,historical
2019|autumn||2019秋季九州地区大会|1R|創成館|4|熊本国府|2,2019,autumn,,2019秋季九州地区大会,1R,regional,長崎,熊本,4,2,1001.8136,981.2294,0.530439,8.0,3.7565,1005.5701,977.4729,0.2965,-0.2965,1,historical
2019|autumn||2019秋季九州地区大会|1R|明豊|20|唐津商|14,2019,autumn,,2019秋季九州地区大会,1R,regional,大分,佐賀,20,14,1017.5121,953.8111,0.59149,8.0,3.2681,1020.7802,950.543,0.2982,-0.2982,1,historical
2019|autumn||2019秋季九州地区大会|1R|沖縄尚学|2|福岡工大城東|1,2019,autumn,,2019秋季九州地区大会,1R,regional,沖縄,福岡,2,1,999.1435,1022.8477,0.461791,8.0,4.3057,1003.4492,1018.5421,-1.449,1.449,7,historical
2019|autumn||2019秋季九州地区大会|1R|福岡第一|8|八重山農林|1,2019,autumn,,2019秋季九州地区大会,1R,regional,福岡,沖縄,8,1,1018.5421,1003.4492,0.521528,8.0,3.8278,1022.3698,999.6214,-0.0622,0.0622,8,historical
2019|autumn||2019秋季九州地区大会|1R|城北|8|富島|7,2019,autumn,,2019秋季九州地区大会,1R,regional,東東京,宮崎,8,7,1025.3464,972.474,0.575508,8.0,3.3959,1028.7423,969.078,-0.0,0.0,0,historical
2019|autumn||2019秋季九州地区大会|1R|大分商|4|大崎|3,2019,autumn,,2019秋季九州地区大会,1R,regional,大分,東東京,4,3,1020.7802,1028.7423,0.488544,8.0,4.0917,1024.8719,1024.6507,0.0,-0.0,0,historical
2019|autumn||2019秋季九州地区大会|1R|鹿児島城西|7|佐賀学園|0,2019,autumn,,2019秋季九州地区大会,1R,regional,鹿児島,佐賀,7,0,984.7638,950.543,0.552935,8.0,3.5765,988.3404,946.9665,1.3503,-1.3503,2,historical
2019|autumn||2019秋季九州地区大会|QF|創成館|4|宮崎日大|3,2019,autumn,,2019秋季九州地区大会,QF,regional,長崎,宮崎,4,3,1005.5701,969.078,0.558215,8.0,3.5343,1009.1044,965.5437,2.0722,-2.0722,4,historical
2019|autumn||2019秋季九州地区大会|QF|明豊|7|沖縄尚学|6,2019,autumn,,2019秋季九州地区大会,QF,regional,大分,沖縄,7,6,1024.8719,999.6214,0.53533,8.0,3.7174,1028.5892,995.9041,-0.3297,0.3297,1,historical
2019|autumn||2019秋季九州地区大会|QF|鹿児島城西|8|城北|0,2019,autumn,,2019秋季九州地区大会,QF,regional,鹿児島,東東京,8,0,988.3404,1024.6507,0.447935,8.0,4.4165,992.7569,1020.2342,-0.0,0.0,0,historical
2019|autumn||2019秋季九州地区大会|QF|大分商|5|福岡第一|2,2019,autumn,,2019秋季九州地区大会,QF,regional,大分,福岡,5,2,1028.5892,1022.3698,0.49704,8.0,4.0237,1032.6129,1018.3461,-4.1382,4.1382,7,historical
2019|autumn||2019秋季九州地区大会|SF|大分商|6|鹿児島城西|3,2019,autumn,,2019秋季九州地区大会,SF,regional,大分,鹿児島,6,3,1032.6129,992.7569,0.573886,8.0,3.4089,1036.0218,989.348,5.9321,-5.9321,6,historical
2019|autumn||2019秋季九州地区大会|SF|明豊|3|創成館|2,2019,autumn,,2019秋季九州地区大会,SF,regional,大分,長崎,3,2,1036.0218,1009.1044,0.545547,8.0,3.6356,1039.6575,1005.4687,2.41,-2.41,3,historical
2019|jingu||2019明治神宮大会|1R|健大高崎|7|倉敷商|1,2019,jingu,,2019明治神宮大会,1R,national,群馬,岡山,7,1,1014.9585,1013.3521,0.502312,9.2,4.5787,1019.5372,1008.7733,-0.0,0.0,0,historical
2019|jingu||2019明治神宮大会|1R|明徳義塾|8|星稜|5,2019,jingu,,2019明治神宮大会,1R,national,高知,石川,8,5,1040.8704,1075.6926,0.450181,9.2,5.0583,1045.9287,1070.6343,0.0446,-0.0446,2,historical
2019|jingu||2019明治神宮大会|QF|白樺学園|4|国士舘|3,2019,jingu,,2019明治神宮大会,QF,regional,北北海道,西東京,4,3,972.0551,1031.564,0.415188,8.0,4.6785,976.7336,1026.8855,0.0,-0.0,0,historical
2019|jingu||2019明治神宮大会|QF|天理|8|仙台育英|6,2019,jingu,,2019明治神宮大会,QF,national,奈良,宮城,8,6,1015.7475,1037.0134,0.469434,9.2,4.8812,1020.6287,1032.1322,0.0,-0.0,0,historical
2019|jingu||2019明治神宮大会|QF|健大高崎|5|明豊|4,2019,jingu,,2019明治神宮大会,QF,national,群馬,大分,5,4,1019.5372,1039.6575,0.471077,9.2,4.8661,1024.4033,1034.7914,-0.0,0.0,0,historical
2019|jingu||2019明治神宮大会|QF|中京大中京|8|明徳義塾|0,2019,jingu,,2019明治神宮大会,QF,national,愛知,高知,8,0,1017.254,1045.9287,0.458827,9.2,4.9788,1022.2328,1040.9499,0.0,-0.0,0,historical
2019|jingu||2019明治神宮大会|SF|健大高崎|3|白樺学園|2,2019,jingu,,2019明治神宮大会,SF,national,群馬,北北海道,3,2,1024.4033,976.7336,0.568175,9.2,3.9728,1028.3761,972.7609,-0.0,0.0,0,historical
2019|jingu||2019明治神宮大会|SF|中京大中京|10|天理|9,2019,jingu,,2019明治神宮大会,SF,national,愛知,奈良,10,9,1022.2328,1020.6287,0.502308,9.2,4.5788,1026.8115,1016.0499,-0.0,0.0,0,historical
2019|jingu||2019明治神宮大会|F|中京大中京|4|健大高崎|3,2019,jingu,,2019明治神宮大会,F,national,愛知,群馬,4,3,1026.8115,1028.3761,0.496645,9.2,4.6309,1031.4424,1023.7452,-0.3834,0.3834,1,historical
2020|autumn||2020秋季北海道地区大会|1R|函館大有斗|8|遠軽|7,2020,autumn,,2020秋季北海道地区大会,1R,regional,南北海道,北北海道,8,7,1018.4708,972.7609,0.602883,8.0,3.1769,1021.6477,969.5839,13.4081,-13.4081,51,historical
2020|autumn||2020秋季北海道地区大会|1R|札幌第一|10|稚内大谷|0,2020,autumn,,2020秋季北海道地区大会,1R,regional,南北海道,北北海道,10,0,1021.6477,969.5839,0.617334,8.0,3.0613,1024.709,966.5226,15.5081,-15.5081,52,historical
2020|autumn||2020秋季北海道地区大会|1R|北海|4|帯広農|0,2020,autumn,,2020秋季北海道地区大会,1R,regional,南北海道,北北海道,4,0,1024.709,966.5226,0.631093,8.0,2.9513,1027.6603,963.5713,17.5421,-17.5421,53,historical
2020|autumn||2020秋季北海道地区大会|2R|知内|10|中標津|3,2020,autumn,,2020秋季北海道地区大会,2R,regional,南北海道,北北海道,10,3,1027.6603,963.5713,0.644185,8.0,2.8465,1030.5068,960.7248,19.5127,-19.5127,54,historical
2020|autumn||2020秋季北海道地区大会|2R|札幌日大|6|クラーク国際|2,2020,autumn,,2020秋季北海道地区大会,2R,regional,南北海道,北北海道,6,2,1030.5068,960.7248,0.656634,8.0,2.7469,1033.2537,957.9779,21.4223,-21.4223,55,historical
2020|autumn||2020秋季北海道地区大会|2R|武修館|12|小樽双葉|5,2020,autumn,,2020秋季北海道地区大会,2R,regional,北北海道,南北海道,12,5,957.9779,1033.2537,0.331531,8.0,5.3478,963.3256,1027.906,-23.2737,23.2737,56,historical
2020|autumn||2020秋季北海道地区大会|2R|北海|7|旭川大高|1,2020,autumn,,2020秋季北海道地区大会,2R,regional,南北海道,北北海道,7,1,1027.906,963.3256,0.64561,8.0,2.8351,1030.7411,960.4905,19.8077,-19.8077,57,historical
2020|autumn||2020秋季北海道地区大会|QF|旭川実|11|函館大有斗|2,2020,autumn,,2020秋季北海道地区大会,QF,regional,北北海道,南北海道,11,2,960.4905,1030.7411,0.34199,8.0,5.2641,965.7546,1025.477,-21.7184,21.7184,58,historical
2020|autumn||2020秋季北海道地区大会|QF|武修館|11|札幌光星|10,2020,autumn,,2020秋季北海道地区大会,QF,regional,北北海道,南北海道,11,10,965.7546,1025.477,0.364863,8.0,5.0811,970.8357,1020.3959,-18.2864,18.2864,59,historical
2020|autumn||2020秋季北海道地区大会|F|北海|1|旭川実|0,2020,autumn,,2020秋季北海道地区大会,F,regional,南北海道,北北海道,1,0,1020.3959,970.8357,0.612428,8.0,3.1006,1023.4965,967.7351,14.9604,-14.9604,60,historical
2020|autumn||2020秋季東北地区大会|1R|花巻東|7|鶴岡東|2,2020,autumn,,2020秋季東北地区大会,1R,regional,岩手,山形,7,2,990.3482,992.4747,0.508323,8.0,3.9334,994.2816,988.5413,3.9551,-3.9551,7,historical
2020|autumn||2020秋季東北地区大会|1R|柴田|7|学法石川|2,2020,autumn,,2020秋季東北地区大会,1R,regional,宮城,福島,7,2,1032.1322,987.5894,0.562711,8.0,3.4983,1035.6305,984.0911,-0.368,0.368,8,historical
2020|autumn||2020秋季東北地区大会|2R|仙台育英|7|湯沢翔北|0,2020,autumn,,2020秋季東北地区大会,2R,regional,宮城,秋田,7,0,1035.6305,981.2754,0.590067,8.0,3.2795,1038.91,977.9959,4.46,-4.46,6,historical
2020|autumn||2020秋季東北地区大会|2R|羽黒|10|盛岡大付|7,2020,autumn,,2020秋季東北地区大会,2R,regional,山形,岩手,10,7,988.5413,994.2816,0.475317,8.0,4.1975,992.7388,990.0841,-5.7127,5.7127,8,historical
2020|autumn||2020秋季東北地区大会|2R|日大山形|5|聖愛|3,2020,autumn,,2020秋季東北地区大会,2R,regional,山形,青森,5,3,992.7388,1027.1484,0.451631,8.0,4.387,997.1257,1022.7615,0.3471,-0.3471,4,historical
2020|autumn||2020秋季東北地区大会|2R|東北|4|由利工|1,2020,autumn,,2020秋季東北地区大会,2R,regional,宮城,秋田,4,1,1038.91,977.9959,0.60343,8.0,3.1726,1042.0825,974.8234,6.0043,-6.0043,7,historical
2020|autumn||2020秋季東北地区大会|2R|花巻東|2|角館|1,2020,autumn,,2020秋季東北地区大会,2R,regional,岩手,秋田,2,1,990.0841,974.8234,0.525098,8.0,3.7992,993.8833,971.0242,1.097,-1.097,5,historical
2020|autumn||2020秋季東北地区大会|2R|八戸西|10|福島商|3,2020,autumn,,2020秋季東北地区大会,2R,regional,青森,福島,10,3,1022.7615,984.0911,0.562218,8.0,3.5023,1026.2637,980.5889,2.3941,-2.3941,6,historical
2020|autumn||2020秋季東北地区大会|2R|柴田|6|八戸学院光星|2,2020,autumn,,2020秋季東北地区大会,2R,regional,宮城,青森,6,2,1042.0825,1026.2637,0.526715,8.0,3.7863,1045.8688,1022.4774,1.381,-1.381,13,historical
2020|autumn||2020秋季東北地区大会|2R|東日大昌平|9|一関学院|6,2020,autumn,,2020秋季東北地区大会,2R,regional,福島,岩手,9,6,980.5889,993.8833,0.483759,8.0,4.1299,984.7188,989.7534,1.0026,-1.0026,5,historical
2020|autumn||2020秋季東北地区大会|QF|仙台育英|11|羽黒|2,2020,autumn,,2020秋季東北地区大会,QF,regional,宮城,山形,11,2,1045.8688,997.1257,0.574689,8.0,3.4025,1049.2713,993.7232,1.7738,-1.7738,6,historical
2020|autumn||2020秋季東北地区大会|QF|花巻東|2|八戸西|1,2020,autumn,,2020秋季東北地区大会,QF,regional,岩手,青森,2,1,989.7534,1022.4774,0.433453,8.0,4.5324,994.2858,1017.9451,-6.8968,6.8968,9,historical
2020|autumn||2020秋季東北地区大会|QF|柴田|15|東日大昌平|10,2020,autumn,,2020秋季東北地区大会,QF,regional,宮城,福島,15,10,1049.2713,984.7188,0.594621,8.0,3.243,1052.5143,981.4758,0.9994,-0.9994,9,historical
2020|autumn||2020秋季東北地区大会|QF|日大山形|7|東北|4,2020,autumn,,2020秋季東北地区大会,QF,regional,山形,宮城,7,4,993.7232,1052.5143,0.407484,8.0,4.7401,998.4633,1047.7742,-3.1224,3.1224,7,historical
2020|autumn||2020秋季東北地区大会|SF|仙台育英|1|花巻東|0,2020,autumn,,2020秋季東北地区大会,SF,regional,宮城,岩手,1,0,1047.7742,994.2858,0.582171,8.0,3.3426,1051.1168,990.9432,2.0663,-2.0663,6,historical
2020|autumn||2020秋季東北地区大会|SF|柴田|6|日大山形|0,2020,autumn,,2020秋季東北地区大会,SF,regional,宮城,山形,6,0,1051.1168,998.4633,0.579604,8.0,3.3632,1054.48,995.1002,1.5678,-1.5678,8,historical
2020|autumn||2020秋季関東地区大会|1R|国学院栃木|6|東京学館|5,2020,autumn,,2020秋季関東地区大会,1R,regional,栃木,千葉,6,5,977.9056,1001.1354,0.463369,8.0,4.293,982.1987,996.8423,-1.1349,1.1349,2,historical
2020|autumn||2020秋季関東地区大会|1R|常総学院|9|前橋商|0,2020,autumn,,2020秋季関東地区大会,1R,regional,茨城,群馬,9,0,962.1627,1023.7452,0.412842,8.0,4.6973,966.86,1019.048,0.1971,-0.1971,4,historical
2020|autumn||2020秋季関東地区大会|1R|健大高崎|6|日本航空|1,2020,autumn,,2020秋季関東地区大会,1R,regional,群馬,山梨,6,1,1019.048,968.2503,0.583217,8.0,3.3343,1022.3822,964.916,3.7853,-3.7853,7,historical
2020|autumn||2020秋季関東地区大会|1R|専大松戸|8|鹿島学園|0,2020,autumn,,2020秋季関東地区大会,1R,regional,千葉,茨城,8,0,996.8423,966.86,0.54652,8.0,3.6278,1000.4702,963.2321,1.2182,-1.2182,2,historical
2020|autumn||2020秋季関東地区大会|1R|東海大相模|7|石橋|0,2020,autumn,,2020秋季関東地区大会,1R,regional,神奈川,栃木,7,0,1027.0298,982.1987,0.574874,8.0,3.401,1030.4308,978.7977,3.7955,-3.7955,4,historical
2020|autumn||2020秋季関東地区大会|1R|鎌倉学園|11|昌平|7,2020,autumn,,2020秋季関東地区大会,1R,regional,神奈川,埼玉,11,7,1030.4308,1019.8553,0.53242,8.0,3.7406,1034.1715,1016.1147,5.9918,-5.9918,9,historical
2020|autumn||2020秋季関東地区大会|1R|東海大甲府|8|細田学園|1,2020,autumn,,2020秋季関東地区大会,1R,regional,山梨,埼玉,8,1,964.916,1016.1147,0.42821,8.0,4.5743,969.4903,1011.5404,0.4835,-0.4835,3,historical
2020|autumn||2020秋季関東地区大会|QF|健大高崎|8|国学院栃木|1,2020,autumn,,2020秋季関東地区大会,QF,regional,群馬,栃木,8,1,1022.3822,978.7977,0.562161,8.0,3.5027,1025.885,975.295,-0.0831,0.0831,2,historical
2020|autumn||2020秋季関東地区大会|QF|専大松戸|6|鎌倉学園|0,2020,autumn,,2020秋季関東地区大会,QF,regional,千葉,神奈川,6,0,1000.4702,1034.1715,0.445344,8.0,4.4372,1004.9074,1029.7342,-2.2151,2.2151,8,historical
2020|autumn||2020秋季関東地区大会|QF|東海大甲府|2|東海大相模|1,2020,autumn,,2020秋季関東地区大会,QF,regional,山梨,神奈川,2,1,969.4903,1029.7342,0.411301,8.0,4.7096,974.1999,1025.0246,-1.0249,1.0249,2,historical
2020|autumn||2020秋季関東地区大会|QF|常総学院|9|木更津総合|1,2020,autumn,,2020秋季関東地区大会,QF,regional,茨城,千葉,9,1,963.2321,1004.9074,0.433503,8.0,4.532,967.7641,1000.3755,-2.4033,2.4033,3,historical
2020|autumn||2020秋季関東地区大会|SF|健大高崎|9|専大松戸|2,2020,autumn,,2020秋季関東地区大会,SF,regional,群馬,千葉,9,2,1025.885,1000.3755,0.530313,8.0,3.7575,1029.6424,996.618,-2.2099,2.2099,4,historical
2020|autumn||2020秋季関東地区大会|SF|常総学院|10|東海大甲府|0,2020,autumn,,2020秋季関東地区大会,SF,regional,茨城,山梨,10,0,967.7641,974.1999,0.494173,8.0,4.0466,971.8107,970.1533,1.1932,-1.1932,2,historical
2020|autumn||2020秋季関東地区大会|F|健大高崎|9|常総学院|7,2020,autumn,,2020秋季関東地区大会,F,regional,群馬,茨城,9,7,1029.6424,971.8107,0.578029,8.0,3.3758,1033.0182,968.4349,-1.5824,1.5824,5,historical
2020|autumn||2020秋季東京地区大会|1R|共栄学園|7|専大付|5,2020,autumn,,2020秋季東京地区大会,1R,prefecture,東東京,西東京,7,5,1020.2342,1026.8855,0.447348,4.8,2.6527,1022.8869,1024.2327,-15.0358,15.0358,93,historical
2020|autumn||2020秋季東京地区大会|1R|郁文館|11|駒場学園|0,2020,autumn,,2020秋季東京地区大会,1R,prefecture,東東京,西東京,11,0,1022.8869,1024.2327,0.460112,4.8,2.5915,1025.4783,1021.6413,-13.2149,13.2149,94,historical
2020|autumn||2020秋季東京地区大会|1R|千歳丘|6|東洋|5,2020,autumn,,2020秋季東京地区大会,1R,prefecture,西東京,東東京,6,5,1021.6413,1025.4783,0.527358,4.8,2.2687,1023.91,1023.2097,11.4332,-11.4332,95,historical
2020|autumn||2020秋季東京地区大会|1R|早稲田実|9|修徳|2,2020,autumn,,2020秋季東京地区大会,1R,prefecture,西東京,東東京,9,2,1023.91,1023.2097,0.538387,4.8,2.2157,1026.1257,1020.9939,13.0131,-13.0131,96,historical
2020|autumn||2020秋季東京地区大会|1R|岩倉|5|豊多摩|2,2020,autumn,,2020秋季東京地区大会,1R,prefecture,東東京,西東京,5,2,1020.9939,1026.1257,0.450871,4.8,2.6358,1023.6297,1023.4899,-14.5586,14.5586,97,historical
2020|autumn||2020秋季東京地区大会|1R|創価|10|文京|0,2020,autumn,,2020秋季東京地区大会,1R,prefecture,西東京,東東京,10,0,1023.4899,1023.6297,0.536409,4.8,2.2252,1025.7151,1021.4045,12.7423,-12.7423,98,historical
2020|autumn||2020秋季東京地区大会|1R|上野学園|6|成瀬|4,2020,autumn,,2020秋季東京地区大会,1R,prefecture,東東京,西東京,6,4,1021.4045,1025.7151,0.45279,4.8,2.6266,1024.0311,1023.0885,-14.2961,14.2961,99,historical
2020|autumn||2020秋季東京地区大会|1R|小松川|11|松原|1,2020,autumn,,2020秋季東京地区大会,1R,prefecture,東東京,東京,11,1,1024.0311,959.3658,0.654493,4.8,1.6584,1025.6895,957.7074,23.1569,-23.1569,23,historical
2020|autumn||2020秋季東京地区大会|1R|東海大菅生|15|本郷|1,2020,autumn,,2020秋季東京地区大会,1R,prefecture,西東京,東東京,15,1,1023.0885,1025.6895,0.532141,4.8,2.2457,1025.3342,1023.4438,12.4828,-12.4828,100,historical
2020|autumn||2020秋季東京地区大会|1R|目黒日大|6|日野台|4,2020,autumn,,2020秋季東京地区大会,1R,prefecture,東東京,西東京,6,4,1023.4438,1025.3342,0.45694,4.8,2.6067,1026.0505,1022.7275,-14.0526,14.0526,101,historical
2020|autumn||2020秋季東京地区大会|1R|東亜学園|9|八王子北|8,2020,autumn,,2020秋季東京地区大会,1R,prefecture,東東京,西東京,9,8,1026.0505,1022.7275,0.469562,4.8,2.5461,1028.5966,1020.1814,-12.2499,12.2499,102,historical
2020|autumn||2020秋季東京地区大会|1R|日野|13|駒込学園|2,2020,autumn,,2020秋季東京地区大会,1R,prefecture,西東京,東京,13,2,1020.1814,957.7074,0.588541,4.8,1.975,1022.1564,955.7324,-0.1472,0.1472,2,historical
2020|autumn||2020秋季東京地区大会|1R|城北|18|国学院久我山|17,2020,autumn,,2020秋季東京地区大会,1R,prefecture,東東京,西東京,18,17,1028.5966,1022.1564,0.479097,4.8,2.5003,1031.0969,1019.6561,-10.4866,10.4866,103,historical
2020|autumn||2020秋季東京地区大会|1R|関東一|5|駒大高|3,2020,autumn,,2020秋季東京地区大会,1R,prefecture,東東京,西東京,5,3,1031.0969,1019.6561,0.491274,4.8,2.4419,1033.5388,1017.2142,-8.7526,8.7526,104,historical
2020|autumn||2020秋季東京地区大会|1R|日本学園|2|立正大立正|0,2020,autumn,,2020秋季東京地区大会,1R,prefecture,西東京,東東京,2,0,1017.2142,1033.5388,0.496818,4.8,2.4153,1019.6295,1031.1236,7.0568,-7.0568,105,historical
2020|autumn||2020秋季東京地区大会|1R|城西|4|世田谷学園|1,2020,autumn,,2020秋季東京地区大会,1R,prefecture,東京,西東京,4,1,955.7324,1019.6295,0.408502,4.8,2.8392,958.5716,1016.7903,-0.2033,0.2033,3,historical
2020|autumn||2020秋季東京地区大会|1R|日大二|12|目白研心|10,2020,autumn,,2020秋季東京地区大会,1R,prefecture,西東京,東東京,12,10,1016.7903,1031.1236,0.504545,4.8,2.3782,1019.1685,1028.7454,8.7459,-8.7459,106,historical
2020|autumn||2020秋季東京地区大会|1R|国士舘|12|立教池袋|2,2020,autumn,,2020秋季東京地区大会,1R,prefecture,西東京,東東京,12,2,1019.1685,1028.7454,0.516178,4.8,2.3223,1021.4908,1026.423,10.4112,-10.4112,107,historical
2020|autumn||2020秋季東京地区大会|2R|佼成学園|32|小松川|0,2020,autumn,,2020秋季東京地区大会,2R,prefecture,西東京,東東京,32,0,1021.4908,1026.423,0.527527,4.8,2.2679,1023.7587,1024.1552,12.0395,-12.0395,108,historical
2020|autumn||2020秋季東京地区大会|2R|早稲田実|6|郁文館|2,2020,autumn,,2020秋季東京地区大会,2R,prefecture,西東京,東東京,6,2,1023.7587,1024.1552,0.538588,4.8,2.2148,1025.9735,1021.9404,13.6317,-13.6317,109,historical
2020|autumn||2020秋季東京地区大会|2R|創価|7|共栄学園|0,2020,autumn,,2020秋季東京地区大会,2R,prefecture,西東京,東東京,7,0,1025.9735,1021.9404,0.549359,4.8,2.1631,1028.1366,1019.7773,15.1887,-15.1887,110,historical
2020|autumn||2020秋季東京地区大会|2R|東海大菅生|10|目黒日大|0,2020,autumn,,2020秋季東京地区大会,2R,prefecture,西東京,東東京,10,0,1028.1366,1019.7773,0.55984,4.8,2.1128,1030.2493,1017.6645,16.7112,-16.7112,111,historical
2020|autumn||2020秋季東京地区大会|2R|日野|3|城西|2,2020,autumn,,2020秋季東京地区大会,2R,prefecture,西東京,東京,3,2,1030.2493,958.5716,0.60044,4.8,1.9179,1032.1672,956.6537,-0.4613,0.4613,4,historical
2020|autumn||2020秋季東京地区大会|2R|桜美林|1|錦城学園|0,2020,autumn,,2020秋季東京地区大会,2R,prefecture,西東京,東東京,1,0,1032.1672,1017.6645,0.572736,4.8,2.0509,1034.2181,1015.6137,18.2002,-18.2002,112,historical
2020|autumn||2020秋季東京地区大会|2R|日本学園|12|東亜学園|7,2020,autumn,,2020秋季東京地区大会,2R,prefecture,西東京,東東京,12,7,1034.2181,1015.6137,0.582561,4.8,2.0037,1036.2218,1013.61,19.6474,-19.6474,113,historical
2020|autumn||2020秋季東京地区大会|2R|日大鶴ヶ丘|14|東海大高輪台|6,2020,autumn,,2020秋季東京地区大会,2R,prefecture,西東京,東東京,14,6,1036.2218,1013.61,0.592102,4.8,1.9579,1038.1797,1011.6521,21.063,-21.063,114,historical
2020|autumn||2020秋季東京地区大会|3R|関東一|4|日野|1,2020,autumn,,2020秋季東京地区大会,3R,prefecture,東東京,西東京,4,1,1011.6521,1038.1797,0.398637,4.8,2.8865,1014.5386,1035.2932,-22.448,22.448,115,historical
2020|autumn||2020秋季東京地区大会|3R|二松学舎大付|12|佼成学園|0,2020,autumn,,2020秋季東京地区大会,3R,prefecture,東東京,西東京,12,0,1014.5386,1035.2932,0.412233,4.8,2.8213,1017.3599,1032.4719,-20.4353,20.4353,116,historical
2020|autumn||2020秋季東京地区大会|3R|早稲田実|7|大森学園|1,2020,autumn,,2020秋季東京地区大会,3R,prefecture,西東京,東東京,7,1,1032.4719,1017.3599,0.574342,4.8,2.0432,1034.515,1015.3167,18.466,-18.466,117,historical
2020|autumn||2020秋季東京地区大会|3R|日大豊山|4|創価|2,2020,autumn,,2020秋季東京地区大会,3R,prefecture,東東京,西東京,4,2,1015.3167,1034.515,0.41587,4.8,2.8038,1018.1205,1031.7112,-19.9111,19.9111,118,historical
2020|autumn||2020秋季東京地区大会|3R|日大三|1|小山台|0,2020,autumn,,2020秋季東京地区大会,3R,prefecture,西東京,東東京,1,0,1031.7112,1018.1205,0.570749,4.8,2.0604,1033.7716,1016.0601,17.9514,-17.9514,119,historical
2020|autumn||2020秋季東京地区大会|QF|日大三|6|日大豊山|2,2020,autumn,,2020秋季東京地区大会,QF,regional,西東京,東東京,6,2,1033.7716,1016.0601,0.580644,8.0,3.3549,1037.1265,1012.7053,19.4095,-19.4095,120,historical
2020|autumn||2020秋季東京地区大会|QF|二松学舎大付|6|早稲田実|4,2020,autumn,,2020秋季東京地区大会,QF,regional,東東京,西東京,6,4,1012.7053,1037.1265,0.403398,8.0,4.7728,1017.4781,1032.3537,-21.7796,21.7796,121,historical
2020|autumn||2020秋季東京地区大会|QF|関東一|7|八王子|0,2020,autumn,,2020秋季東京地区大会,QF,regional,東東京,西東京,7,0,1017.4781,1032.3537,0.426088,8.0,4.5913,1022.0694,1027.7624,-18.4314,18.4314,122,historical
2020|autumn||2020秋季東京地区大会|SF|東海大菅生|7|関東一|5,2020,autumn,,2020秋季東京地区大会,SF,regional,西東京,東東京,7,5,1027.7624,1022.0694,0.551777,8.0,3.5858,1031.3481,1018.4836,15.2074,-15.2074,123,historical
2020|autumn||2020秋季東京地区大会|SF|日大三|3|二松学舎大付|2,2020,autumn,,2020秋季東京地区大会,SF,regional,西東京,東東京,3,2,1031.3481,1018.4836,0.569131,8.0,3.4469,1034.7951,1015.0367,17.7413,-17.7413,124,historical
2020|autumn||2020秋季北信越地区大会|1R|東京都市大塩尻|9|加茂暁星|3,2020,autumn,,2020秋季北信越地区大会,1R,regional,長野,新潟,9,3,986.0075,970.5056,0.529808,8.0,3.7615,989.769,966.744,2.6176,-2.6176,8,historical
2020|autumn||2020秋季北信越地区大会|1R|佐久長聖|11|北陸|1,2020,autumn,,2020秋季北信越地区大会,1R,regional,長野,福井,11,1,989.769,981.8671,0.513913,8.0,3.8887,993.6577,977.9784,0.8841,-0.8841,7,historical
2020|autumn||2020秋季北信越地区大会|1R|関根学園|9|新湊|2,2020,autumn,,2020秋季北信越地区大会,1R,regional,新潟,富山,9,2,966.744,975.9296,0.486629,8.0,4.107,970.851,971.8227,-0.0537,0.0537,4,historical
2020|autumn||2020秋季北信越地区大会|1R|星稜|17|富山商|0,2020,autumn,,2020秋季北信越地区大会,1R,regional,石川,富山,17,0,1070.6343,971.8227,0.674935,8.0,2.6005,1073.2348,969.2221,14.0523,-14.0523,12,historical
2020|autumn||2020秋季北信越地区大会|1R|新潟明訓|5|小松大谷|3,2020,autumn,,2020秋季北信越地区大会,1R,regional,新潟,石川,5,3,970.851,1073.2348,0.336791,8.0,5.3057,976.1567,1067.9292,-7.6662,7.6662,10,historical
2020|autumn||2020秋季北信越地区大会|1R|上田西|10|福井商|1,2020,autumn,,2020秋季北信越地区大会,1R,regional,長野,福井,10,1,993.6577,977.9784,0.529454,8.0,3.7644,997.4221,974.214,2.4055,-2.4055,8,historical
2020|autumn||2020秋季北信越地区大会|1R|日本航空石川|11|高岡商|1,2020,autumn,,2020秋季北信越地区大会,1R,regional,石川,富山,11,1,1067.9292,969.2221,0.678966,8.0,2.5683,1070.4974,966.6539,15.7058,-15.7058,13,historical
2020|autumn||2020秋季北信越地区大会|1R|敦賀気比|5|富山北部・水橋|0,2020,autumn,,2020秋季北信越地区大会,1R,regional,福井,富山,5,0,974.214,966.6539,0.514728,8.0,3.8822,978.0962,962.7717,1.3385,-1.3385,5,historical
2020|autumn||2020秋季北信越地区大会|1R|敦賀気比|5|富山北部・水橋|0,2020,autumn,,2020秋季北信越地区大会,1R,regional,福井,富山,5,0,978.0962,962.7717,0.529903,8.0,3.7608,981.8569,959.0109,2.7394,-2.7394,6,historical
2020|autumn||2020秋季北信越地区大会|1R|敦賀気比|5|富山北部・水橋|0,2020,autumn,,2020秋季北信越地区大会,1R,regional,福井,富山,5,0,981.8569,959.0109,0.545129,8.0,3.639,985.4959,955.3719,4.2991,-4.2991,7,historical
2020|autumn||2020秋季北信越地区大会|1R|敦賀気比|5|富山北部・水橋|0,2020,autumn,,2020秋季北信越地区大会,1R,regional,福井,富山,5,0,985.4959,955.3719,0.560243,8.0,3.5181,989.014,951.8539,5.9708,-5.9708,8,historical
2020|autumn||2020秋季北信越地区大会|QF|星稜|9|東京都市大塩尻|2,2020,autumn,,2020秋季北信越地区大会,QF,regional,石川,長野,9,2,1070.4974,997.4221,0.606333,8.0,3.1493,1073.6468,994.2728,0.9789,-0.9789,8,historical
2020|autumn||2020秋季北信越地区大会|QF|上田西|10|日本航空石川|3,2020,autumn,,2020秋季北信越地区大会,QF,regional,長野,石川,10,3,994.2728,1073.6468,0.381487,8.0,4.9481,999.2209,1068.6987,-2.287,2.287,9,historical
2020|autumn||2020秋季北信越地区大会|QF|関根学園|7|佐久長聖|5,2020,autumn,,2020秋季北信越地区大会,QF,regional,新潟,長野,7,5,976.1567,999.2209,0.454657,8.0,4.3627,980.5194,994.8581,-4.2651,4.2651,9,historical
2020|autumn||2020秋季北信越地区大会|QF|敦賀気比|7|新潟明訓|4,2020,autumn,,2020秋季北信越地区大会,QF,regional,福井,新潟,7,4,989.014,980.5194,0.508239,8.0,3.9341,992.9481,976.5853,-1.3845,1.3845,7,historical
2020|autumn||2020秋季北信越地区大会|SF|敦賀気比|5|関根学園|4,2020,autumn,,2020秋季北信越地区大会,SF,regional,福井,新潟,5,4,992.9481,976.5853,0.523507,8.0,3.8119,996.76,972.7734,-0.0081,0.0081,8,historical
2020|autumn||2020秋季北信越地区大会|SF|上田西|5|星稜|4,2020,autumn,,2020秋季北信越地区大会,SF,regional,長野,石川,5,4,994.8581,1068.6987,0.394376,8.0,4.845,999.7031,1063.8537,-0.3382,0.3382,10,historical
2020|autumn||2020秋季北信越地区大会|F|敦賀気比|16|上田西|5,2020,autumn,,2020秋季北信越地区大会,F,regional,福井,長野,16,5,996.76,999.7031,0.484137,8.0,4.1269,1000.8869,995.5762,-4.0417,4.0417,9,historical
2020|autumn||2020秋季東海地区大会|1R|東邦|5|加藤学園|4,2020,autumn,,2020秋季東海地区大会,1R,regional,愛知,静岡,5,4,1031.4424,990.2787,0.563481,8.0,3.4922,1034.9346,986.7866,1.5934,-1.5934,11,historical
2020|autumn||2020秋季東海地区大会|1R|至学館|6|大垣商|4,2020,autumn,,2020秋季東海地区大会,1R,regional,愛知,岐阜,6,4,1034.9346,982.0566,0.582676,8.0,3.3386,1038.2732,978.718,2.5519,-2.5519,10,historical
2020|autumn||2020秋季東海地区大会|1R|海星|7|常葉大菊川|6,2020,autumn,,2020秋季東海地区大会,1R,regional,長崎,静岡,7,6,1005.4687,986.7866,0.52686,8.0,3.7851,1009.2539,983.0014,0.0,-0.0,0,historical
2020|autumn||2020秋季東海地区大会|1R|岐阜第一|9|松阪商|5,2020,autumn,,2020秋季東海地区大会,1R,regional,岐阜,三重,9,5,978.718,999.1453,0.455399,8.0,4.3568,983.0748,994.7885,-5.3235,5.3235,8,historical
2020|autumn||2020秋季東海地区大会|QF|岐阜第一|3|藤枝明誠|2,2020,autumn,,2020秋季東海地区大会,QF,regional,岐阜,静岡,3,2,983.0748,983.0014,0.501119,8.0,3.991,987.0658,979.0104,0.3522,-0.3522,6,historical
2020|autumn||2020秋季東海地区大会|QF|県岐阜商|7|東邦|0,2020,autumn,,2020秋季東海地区大会,QF,regional,岐阜,愛知,7,0,987.0658,1038.2732,0.415304,8.0,4.6776,991.7434,1033.5956,-4.109,4.109,11,historical
2020|autumn||2020秋季東海地区大会|QF|三重|7|至学館|0,2020,autumn,,2020秋季東海地区大会,QF,regional,三重,愛知,7,0,994.7885,1033.5956,0.422632,8.0,4.6189,999.4074,1028.9766,-7.6945,7.6945,9,historical
2020|autumn||2020秋季東海地区大会|QF|中京大中京|7|海星|0,2020,autumn,,2020秋季東海地区大会,QF,regional,愛知,長崎,7,0,1028.9766,1009.2539,0.528353,8.0,3.7732,1032.7498,1005.4807,0.0,-0.0,0,historical
2020|autumn||2020秋季東海地区大会|SF|中京大中京|7|三重|0,2020,autumn,,2020秋季東海地区大会,SF,regional,愛知,三重,7,0,1032.7498,999.4074,0.565309,8.0,3.4775,1036.2273,995.9299,6.15,-6.15,10,historical
2020|autumn||2020秋季東海地区大会|F|中京大中京|7|県岐阜商|6,2020,autumn,,2020秋季東海地区大会,F,regional,愛知,岐阜,7,6,1036.2273,991.7434,0.569758,8.0,3.4419,1039.6693,988.3015,2.1535,-2.1535,12,historical
2020|autumn||2020秋季近畿地区大会|1R|市和歌山|2|東播磨|1,2020,autumn,,2020秋季近畿地区大会,1R,regional,和歌山,兵庫,2,1,1022.7459,1006.9532,0.519335,8.0,3.8453,1026.5912,1003.1078,-1.1752,1.1752,3,historical
2020|autumn||2020秋季近畿地区大会|1R|龍谷大平安|4|山田|1,2020,autumn,,2020秋季近畿地区大会,1R,regional,京,愛知,4,1,1001.6971,1039.6693,0.44557,8.0,4.4354,1006.1325,1035.2338,0.0,-0.0,0,historical
2020|autumn||2020秋季近畿地区大会|1R|智弁学園|9|滋賀学園|8,2020,autumn,,2020秋季近畿地区大会,1R,regional,奈良,滋賀,9,8,1016.0499,994.0255,0.534124,8.0,3.727,1019.7769,990.2985,0.8621,-0.8621,3,historical
2020|autumn||2020秋季近畿地区大会|1R|智弁和歌山|8|東海大仰星|1,2020,autumn,,2020秋季近畿地区大会,1R,regional,和歌山,大阪,8,1,1026.5912,1112.1764,0.377005,8.0,4.984,1031.5752,1107.1925,-0.8348,0.8348,10,historical
2020|autumn||2020秋季近畿地区大会|1R|京都国際|4|和歌山東|3,2020,autumn,,2020秋季近畿地区大会,1R,regional,京,和歌山,4,3,1006.1325,1031.5752,0.466181,8.0,4.2706,1010.4031,1027.3046,0.9534,-0.9534,3,historical
2020|autumn||2020秋季近畿地区大会|1R|神戸国際大付|5|近江|2,2020,autumn,,2020秋季近畿地区大会,1R,regional,兵庫,滋賀,5,2,1003.1078,990.2985,0.516486,8.0,3.8681,1006.9759,986.4304,-0.6748,0.6748,3,historical
2020|autumn||2020秋季近畿地区大会|1R|天理|2|乙訓|1,2020,autumn,,2020秋季近畿地区大会,1R,regional,奈良,京,2,1,1019.7769,1010.4031,0.509946,8.0,3.9204,1023.6974,1006.4826,-1.2309,1.2309,2,historical
2020|autumn||2020秋季近畿地区大会|1R|大阪桐蔭|8|長田|0,2020,autumn,,2020秋季近畿地区大会,1R,regional,大阪,兵庫,8,0,1107.1925,1006.9759,0.654048,8.0,2.7676,1109.9601,1004.2083,5.2103,-5.2103,5,historical
2020|autumn||2020秋季近畿地区大会|QF|智弁学園|8|龍谷大平安|3,2020,autumn,,2020秋季近畿地区大会,QF,regional,奈良,京,8,3,1023.6974,1006.4826,0.522236,8.0,3.8221,1027.5195,1002.6605,-0.8766,0.8766,3,historical
2020|autumn||2020秋季近畿地区大会|QF|大阪桐蔭|11|天理|4,2020,autumn,,2020秋季近畿地区大会,QF,regional,大阪,奈良,11,4,1109.9601,1027.5195,0.621725,8.0,3.0262,1112.9863,1024.4933,1.9377,-1.9377,7,historical
2020|autumn||2020秋季近畿地区大会|QF|京都国際|6|神戸国際大付|5,2020,autumn,,2020秋季近畿地区大会,QF,regional,京,兵庫,6,5,1002.6605,1004.2083,0.493235,8.0,4.0541,1006.7147,1000.1542,-1.5766,1.5766,7,historical
2020|autumn||2020秋季近畿地区大会|SF|智弁学園|4|市和歌山|1,2020,autumn,,2020秋季近畿地区大会,SF,regional,奈良,和歌山,4,1,1024.4933,1027.3046,0.498414,8.0,4.0127,1028.506,1023.2919,0.8546,-0.8546,3,historical
2020|autumn||2020秋季近畿地区大会|SF|大阪桐蔭|12|京都国際|5,2020,autumn,,2020秋季近畿地区大会,SF,regional,大阪,京,12,5,1112.9863,1006.7147,0.650886,8.0,2.7929,1115.7792,1003.9217,0.9716,-0.9716,4,historical
2020|autumn||2020秋季近畿地区大会|F|智弁学園|7|大阪桐蔭|3,2020,autumn,,2020秋季近畿地区大会,F,regional,奈良,大阪,7,3,1028.506,1115.7792,0.368338,8.0,5.0533,1033.5592,1110.7259,-3.2109,3.2109,8,historical
2020|autumn||2020秋季中国地区大会|1R|鳥取城北|7|浜田|4,2020,autumn,,2020秋季中国地区大会,1R,regional,鳥取,島根,7,4,983.061,948.284,0.556329,8.0,3.5494,986.6104,944.7346,2.2656,-2.2656,3,historical
2020|autumn||2020秋季中国地区大会|1R|下関国際|8|西条農|1,2020,autumn,,2020秋季中国地区大会,1R,regional,山口,広島,8,1,990.7697,1012.1147,0.464177,8.0,4.2866,995.0563,1007.8281,-1.7951,1.7951,8,historical
2020|autumn||2020秋季中国地区大会|1R|岡山学芸館|11|石見智翠館|7,2020,autumn,,2020秋季中国地区大会,1R,regional,岡山,島根,11,7,1008.7733,944.7346,0.605424,8.0,3.1566,1011.9299,941.578,5.1664,-5.1664,5,historical
2020|autumn||2020秋季中国地区大会|1R|宇部鴻城|7|創志学園|2,2020,autumn,,2020秋季中国地区大会,1R,regional,山口,岡山,7,2,995.0563,1011.9299,0.469986,8.0,4.2401,999.2964,1007.6898,-2.0037,2.0037,8,historical
2020|autumn||2020秋季中国地区大会|1R|米子東|3|立正大淞南|2,2020,autumn,,2020秋季中国地区大会,1R,regional,鳥取,島根,3,2,986.6104,941.578,0.574766,8.0,3.4019,990.0122,938.1762,3.6565,-3.6565,4,historical
2020|autumn||2020秋季中国地区大会|1R|桜ヶ丘|5|矢上|3,2020,autumn,,2020秋季中国地区大会,1R,regional,山口,島根,5,3,999.2964,938.1762,0.59255,8.0,3.2596,1002.556,934.9166,1.9701,-1.9701,6,historical
2020|autumn||2020秋季中国地区大会|1R|盈進|7|関西|6,2020,autumn,,2020秋季中国地区大会,1R,regional,広島,岡山,7,6,1007.8281,1007.6898,0.486912,8.0,4.1047,1011.9328,1003.5851,-4.6175,4.6175,11,historical
2020|autumn||2020秋季中国地区大会|1R|広島新庄|10|鳥取西|0,2020,autumn,,2020秋季中国地区大会,1R,regional,広島,鳥取,10,0,1011.9328,990.0122,0.545851,8.0,3.6332,1015.566,986.379,5.0147,-5.0147,10,historical
2020|autumn||2020秋季中国地区大会|QF|米子東|10|盈進|8,2020,autumn,,2020秋季中国地区大会,QF,regional,鳥取,広島,10,8,986.379,1015.566,0.438724,8.0,4.4902,990.8693,1011.0758,-6.8034,6.8034,11,historical
2020|autumn||2020秋季中国地区大会|QF|広島新庄|3|桜ヶ丘|2,2020,autumn,,2020秋季中国地区大会,QF,regional,広島,山口,3,2,1011.0758,1002.556,0.51283,8.0,3.8974,1014.9732,998.6586,0.1986,-0.1986,9,historical
2020|autumn||2020秋季中国地区大会|QF|下関国際|5|岡山学芸館|1,2020,autumn,,2020秋季中国地区大会,QF,regional,山口,岡山,5,1,998.6586,1003.5851,0.49165,8.0,4.0668,1002.7254,999.5183,-0.438,0.438,9,historical
2020|autumn||2020秋季中国地区大会|QF|鳥取城北|7|宇部鴻城|4,2020,autumn,,2020秋季中国地区大会,QF,regional,鳥取,山口,7,4,990.8693,1002.7254,0.483094,8.0,4.1352,995.0045,998.5902,0.052,-0.052,2,historical
2020|autumn||2020秋季中国地区大会|SF|下関国際|12|米子東|0,2020,autumn,,2020秋季中国地区大会,SF,regional,山口,鳥取,12,0,998.5902,995.0045,0.502521,8.0,3.9798,1002.57,991.0247,-0.9168,0.9168,3,historical
2020|autumn||2020秋季中国地区大会|SF|広島新庄|4|鳥取城北|3,2020,autumn,,2020秋季中国地区大会,SF,regional,広島,鳥取,4,3,1014.9732,991.0247,0.548787,8.0,3.6097,1018.5829,987.415,5.0302,-5.0302,12,historical
2020|autumn||2020秋季中国地区大会|F|広島新庄|3|下関国際|2,2020,autumn,,2020秋季中国地区大会,F,regional,広島,山口,3,2,1018.5829,1002.57,0.528288,8.0,3.7737,1022.3566,998.7963,1.8323,-1.8323,10,historical
2020|autumn||2020秋季四国地区大会|1R|英明|7|徳島北|0,2020,autumn,,2020秋季四国地区大会,1R,regional,香川,徳島,7,0,1000.5119,963.6099,0.551837,8.0,3.5853,1004.0972,960.0246,-0.3759,0.3759,4,historical
2020|autumn||2020秋季四国地区大会|1R|高松商|5|高知|2,2020,autumn,,2020秋季四国地区大会,1R,regional,香川,高知,5,2,1004.0972,1040.9499,0.472176,8.0,4.2226,1008.3198,1036.7274,8.7495,-8.7495,11,historical
2020|autumn||2020秋季四国地区大会|1R|小松|6|鳴門渦潮|2,2020,autumn,,2020秋季四国地区大会,1R,regional,石川,徳島,6,2,1063.8537,960.0246,0.644133,8.0,2.8469,1066.7006,957.1776,-0.377,0.377,1,historical
2020|autumn||2020秋季四国地区大会|1R|高知中央|5|松山城南|0,2020,autumn,,2020秋季四国地区大会,1R,regional,高知,愛媛,5,0,1036.7274,995.3563,0.580227,8.0,3.3582,1040.0855,991.9981,7.431,-7.431,8,historical
2020|autumn||2020秋季四国地区大会|QF|明徳義塾|5|英明|0,2020,autumn,,2020秋季四国地区大会,QF,regional,高知,香川,5,0,1040.0855,1008.3198,0.514143,8.0,3.8869,1043.9724,1004.4329,-10.9678,10.9678,12,historical
2020|autumn||2020秋季四国地区大会|QF|聖カタリナ|4|高松商|1,2020,autumn,,2020秋季四国地区大会,QF,regional,愛媛,香川,4,1,991.9981,1004.4329,0.485845,8.0,4.1132,996.1113,1000.3197,1.298,-1.298,9,historical
2020|autumn||2020秋季四国地区大会|QF|鳴門|8|高知中央|4,2020,autumn,,2020秋季四国地区大会,QF,regional,徳島,高知,8,4,957.1776,1043.9724,0.361028,8.0,5.1118,962.2894,1038.8606,-6.1907,6.1907,9,historical
2020|autumn||2020秋季四国地区大会|QF|小松|3|寒川|2,2020,autumn,,2020秋季四国地区大会,QF,regional,石川,香川,3,2,1066.7006,1000.3197,0.595361,8.0,3.2371,1069.9377,997.0826,0.3522,-0.3522,1,historical
2020|autumn||2020秋季四国地区大会|SF|明徳義塾|9|鳴門|2,2020,autumn,,2020秋季四国地区大会,SF,regional,高知,徳島,9,2,1038.8606,962.2894,0.620354,8.0,3.0372,1041.8978,959.2522,4.3665,-4.3665,10,historical
2020|autumn||2020秋季四国地区大会|SF|聖カタリナ|3|小松|2,2020,autumn,,2020秋季四国地区大会,SF,regional,愛媛,石川,3,2,996.1113,1069.9377,0.396854,8.0,4.8252,1000.9365,1065.1125,0.5549,-0.5549,1,historical
2020|autumn||2020秋季四国地区大会|F|明徳義塾|5|聖カタリナ|1,2020,autumn,,2020秋季四国地区大会,F,regional,高知,愛媛,5,1,1041.8978,1000.9365,0.58461,8.0,3.3231,1045.2209,997.6134,9.2015,-9.2015,9,historical
2020|autumn||2020秋季九州地区大会|1R|明豊|4|九州国際大付|1,2020,autumn,,2020秋季九州地区大会,1R,regional,大分,福岡,4,1,1034.7914,1018.3461,0.515243,8.0,3.8781,1038.6694,1014.4681,-2.9249,2.9249,8,historical
2020|autumn||2020秋季九州地区大会|1R|延岡学園|6|沖縄尚学|5,2020,autumn,,2020秋季九州地区大会,1R,regional,宮崎,沖縄,6,5,965.5437,995.9041,0.455459,8.0,4.3563,969.9001,991.5477,-0.3362,0.3362,1,historical
2020|autumn||2020秋季九州地区大会|1R|神村学園|5|唐津商|1,2020,autumn,,2020秋季九州地区大会,1R,regional,鹿児島,佐賀,5,1,989.348,946.9665,0.567974,8.0,3.4562,992.8042,943.5102,2.5728,-2.5728,3,historical
2020|autumn||2020秋季九州地区大会|1R|大崎|9|開新|2,2020,autumn,,2020秋季九州地区大会,1R,regional,東東京,熊本,9,2,1015.0367,977.4729,0.554431,8.0,3.5646,1018.6012,973.9084,0.2045,-0.2045,1,historical
2020|autumn||2020秋季九州地区大会|1R|宮崎商|8|長崎日大|1,2020,autumn,,2020秋季九州地区大会,1R,regional,宮崎,長崎,8,1,969.9001,1005.4807,0.43928,8.0,4.4858,974.3858,1000.9949,-3.4105,3.4105,5,historical
2020|autumn||2020秋季九州地区大会|1R|福岡大大濠|3|大分商|1,2020,autumn,,2020秋季九州地区大会,1R,regional,福岡,大分,3,1,1014.4681,1038.6694,0.469691,8.0,4.2425,1018.7106,1034.4269,1.5572,-1.5572,9,historical
2020|autumn||2020秋季九州地区大会|1R|東明館|3|樟南|2,2020,autumn,,2020秋季九州地区大会,1R,regional,佐賀,鹿児島,3,2,943.5102,992.8042,0.418263,8.0,4.6539,948.1641,988.1503,-4.0086,4.0086,4,historical
2020|autumn||2020秋季九州地区大会|1R|具志川商|4|東海大星翔|2,2020,autumn,,2020秋季九州地区大会,1R,regional,沖縄,熊本,4,2,991.5477,973.9084,0.530672,8.0,3.7546,995.3024,970.1537,1.8502,-1.8502,4,historical
2020|autumn||2020秋季九州地区大会|QF|明豊|6|神村学園|4,2020,autumn,,2020秋季九州地区大会,QF,regional,大分,鹿児島,6,4,1034.4269,988.1503,0.587707,8.0,3.2983,1037.7253,984.8519,7.6525,-7.6525,7,historical
2020|autumn||2020秋季九州地区大会|QF|大崎|3|延岡学園|2,2020,autumn,,2020秋季九州地区大会,QF,regional,東東京,宮崎,3,2,1018.6012,974.3858,0.564091,8.0,3.4873,1022.0885,970.8986,0.283,-0.283,1,historical
2020|autumn||2020秋季九州地区大会|QF|福岡大大濠|3|具志川商|0,2020,autumn,,2020秋季九州地区大会,QF,regional,福岡,沖縄,3,0,1018.7106,995.3024,0.5378,8.0,3.6976,1022.4082,991.6048,1.454,-1.454,9,historical
2020|autumn||2020秋季九州地区大会|QF|宮崎商|9|東明館|3,2020,autumn,,2020秋季九州地区大会,QF,regional,宮崎,佐賀,9,3,970.8986,948.1641,0.534098,8.0,3.7272,974.6258,944.4369,0.4981,-0.4981,1,historical
2020|autumn||2020秋季九州地区大会|SF|大崎|3|明豊|2,2020,autumn,,2020秋季九州地区大会,SF,regional,東東京,大分,3,2,1022.0885,1037.7253,0.476533,8.0,4.1877,1026.2762,1033.5375,-0.341,0.341,1,historical
2020|autumn||2020秋季九州地区大会|SF|福岡大大濠|2|宮崎商|0,2020,autumn,,2020秋季九州地区大会,SF,regional,福岡,宮崎,2,0,1022.4082,974.6258,0.564686,8.0,3.4825,1025.8907,971.1433,-1.2905,1.2905,5,historical
2020|autumn||2020秋季九州地区大会|F|大崎|5|福岡大大濠|1,2020,autumn,,2020秋季九州地区大会,F,regional,東東京,福岡,5,1,1026.2762,1025.8907,0.500555,8.0,3.9956,1030.2718,1021.8951,0.0,-0.0,0,historical
2021|spring||2021春季北海道地区大会|1R|札幌静修|5|釧路北陽|3,2021,spring,,2021春季北海道地区大会,1R,regional,南北海道,北北海道,5,3,1023.4965,967.7351,0.626499,7.6,2.8386,1026.3351,964.8965,17.0451,-17.0451,61,historical
2021|spring||2021春季北海道地区大会|1R|北照|5|士別翔雲|1,2021,spring,,2021春季北海道地区大会,1R,regional,南北海道,北北海道,5,1,1026.3351,964.8965,0.639221,7.6,2.7419,1029.077,962.1546,18.9627,-18.9627,62,historical
2021|spring||2021春季北海道地区大会|1R|北海道栄|6|遠軽|5,2021,spring,,2021春季北海道地区大会,1R,regional,南北海道,北北海道,6,5,1029.077,962.1546,0.651345,7.6,2.6498,1031.7268,959.5048,20.8219,-20.8219,63,historical
2021|spring||2021春季北海道地区大会|1R|クラーク国際|10|札幌平岸|0,2021,spring,,2021春季北海道地区大会,1R,regional,北北海道,南北海道,10,0,959.5048,1031.7268,0.337104,7.6,5.038,964.5428,1026.6888,-22.6252,22.6252,64,historical
2021|spring||2021春季北海道地区大会|1R|白樺学園|6|札幌光星|4,2021,spring,,2021春季北海道地区大会,1R,regional,北北海道,南北海道,6,4,964.5428,1026.6888,0.358948,7.6,4.872,969.4148,1021.8168,-19.2995,19.2995,65,historical
2021|spring||2021春季北海道地区大会|1R|旭川大高|5|北海|4,2021,spring,,2021春季北海道地区大会,1R,regional,北北海道,南北海道,5,4,969.4148,1021.8168,0.380673,7.6,4.7069,974.1217,1017.1099,-16.0726,16.0726,66,historical
2021|spring||2021春季北海道地区大会|QF|札幌日大|3|旭川大高|2,2021,spring,,2021春季北海道地区大会,QF,regional,南北海道,北北海道,3,2,1017.1099,974.1217,0.597845,7.6,3.0564,1020.1663,971.0653,12.945,-12.945,67,historical
2021|spring||2021春季北海道地区大会|SF|札幌日大|5|クラーク国際|3,2021,spring,,2021春季北海道地区大会,SF,regional,南北海道,北北海道,5,3,1020.1663,971.0653,0.611953,7.6,2.9492,1023.1155,968.1162,15.0163,-15.0163,68,historical
2021|spring||2021春季関東地区大会|1R|花咲徳栄|10|東海大甲府|0,2021,spring,,2021春季関東地区大会,1R,regional,埼玉,山梨,10,0,1011.5404,970.1533,0.554353,7.6,3.3869,1014.9273,966.7664,-1.7346,1.7346,4,historical
2021|spring||2021春季関東地区大会|2R|日本航空|5|東海大相模|3,2021,spring,,2021春季関東地区大会,2R,regional,山梨,神奈川,5,3,966.7664,1025.0246,0.415722,7.6,4.4405,971.2069,1020.5841,-0.4343,0.4343,3,historical
2021|spring||2021春季関東地区大会|2R|関東学園大付|8|常磐大高|4,2021,spring,,2021春季関東地区大会,2R,regional,群馬,茨城,8,4,1033.0182,968.4349,0.59,7.6,3.116,1036.1342,965.3189,-0.6781,0.6781,6,historical
2021|spring||2021春季関東地区大会|2R|関東一|3|千葉学芸|2,2021,spring,,2021春季関東地区大会,2R,prefecture,東東京,千葉,3,2,1030.2718,996.618,0.548281,4.56,2.0598,1032.3316,994.5581,-0.0,0.0,0,historical
2021|spring||2021春季関東地区大会|2R|桐光学園|13|日大三|9,2021,spring,,2021春季関東地区大会,2R,prefecture,神奈川,西東京,13,9,1020.5841,1034.7951,0.479588,4.56,2.3731,1022.9572,1032.422,0.0096,-0.0096,2,historical
2021|spring||2021春季関東地区大会|2R|常総学院|10|東農大二|2,2021,spring,,2021春季関東地区大会,2R,regional,茨城,群馬,10,2,965.3189,1036.1342,0.398504,7.6,4.5714,969.8903,1031.5629,-0.3522,0.3522,7,historical
2021|spring||2021春季関東地区大会|2R|専大松戸|6|駿台甲府|0,2021,spring,,2021春季関東地区大会,2R,regional,千葉,山梨,6,0,994.5581,971.2069,0.533366,7.6,3.5464,998.1046,967.6605,-0.0659,0.0659,2,historical
2021|spring||2021春季関東地区大会|2R|花咲徳栄|7|佐野日大|4,2021,spring,,2021春季関東地区大会,2R,regional,埼玉,栃木,7,4,1014.9273,975.295,0.555119,7.6,3.3811,1018.3084,971.9139,-0.5879,0.5879,4,historical
2021|spring||2021春季関東地区大会|2R|浦和学院|8|作新学院|1,2021,spring,,2021春季関東地区大会,2R,regional,埼玉,栃木,8,1,1018.3084,971.9139,0.567213,7.6,3.2892,1021.5976,968.6247,0.297,-0.297,5,historical
2021|spring||2021春季関東地区大会|QF|桐光学園|1|関東学園大付|0,2021,spring,,2021春季関東地区大会,QF,regional,神奈川,群馬,1,0,1022.9572,1031.5629,0.48333,7.6,3.9267,1026.8839,1027.6362,-1.4912,1.4912,5,historical
2021|spring||2021春季関東地区大会|QF|関東一|7|日本航空|3,2021,spring,,2021春季関東地区大会,QF,prefecture,東東京,山梨,7,3,1032.3316,967.6605,0.592009,4.56,1.8604,1034.1921,965.8001,-0.0,0.0,0,historical
2021|spring||2021春季関東地区大会|QF|専大松戸|9|浦和学院|5,2021,spring,,2021春季関東地区大会,QF,regional,千葉,埼玉,9,5,998.1046,1021.5976,0.458556,7.6,4.115,1002.2195,1017.4826,-2.6858,2.6858,5,historical
2021|spring||2021春季関東地区大会|QF|常総学院|10|花咲徳栄|8,2021,spring,,2021春季関東地区大会,QF,regional,茨城,埼玉,10,8,969.8903,1017.4826,0.429019,7.6,4.3395,974.2298,1013.1431,-1.033,1.033,2,historical
2021|spring||2021春季関東地区大会|SF|専大松戸|3|桐光学園|2,2021,spring,,2021春季関東地区大会,SF,regional,千葉,神奈川,3,2,1002.2195,1026.8839,0.462894,7.6,4.082,1006.3015,1022.8019,-0.5835,0.5835,9,historical
2021|spring||2021春季関東地区大会|SF|関東一|6|常総学院|5,2021,spring,,2021春季関東地区大会,SF,prefecture,東東京,茨城,6,5,1034.1921,974.2298,0.585446,4.56,1.8904,1036.0824,972.3394,0.0,-0.0,0,historical
2021|spring||2021春季関東地区大会|F|専大松戸|7|関東一|6,2021,spring,,2021春季関東地区大会,F,prefecture,千葉,東東京,7,6,1006.3015,1036.0824,0.456756,4.56,2.4772,1008.7787,1033.6052,-0.1717,0.1717,1,historical
2021|spring||2021春季北信越地区大会|QF|新潟産大付|3|小松大谷|2,2021,spring,,2021春季北信越地区大会,QF,regional,新潟,石川,3,2,972.7734,1065.1125,0.35503,7.6,4.9018,977.6752,1060.2108,-5.6852,5.6852,11,historical
2021|spring||2021春季北信越地区大会|QF|敦賀気比|16|新潟|2,2021,spring,,2021春季北信越地区大会,QF,regional,福井,新潟,16,2,1000.8869,977.6752,0.537665,7.6,3.5137,1004.4006,974.1614,1.505,-1.505,9,historical
2021|spring||2021春季北信越地区大会|QF|松商学園|6|関根学園|2,2021,spring,,2021春季北信越地区大会,QF,regional,長野,新潟,6,2,995.5762,974.1614,0.538393,7.6,3.5082,999.0844,970.6532,2.6579,-2.6579,10,historical
2021|spring||2021春季北信越地区大会|QF|新潟明訓|7|高岡第一|0,2021,spring,,2021春季北信越地区大会,QF,regional,新潟,富山,7,0,970.6532,951.8539,0.530249,7.6,3.5701,974.2233,948.2838,1.1227,-1.1227,5,historical
2021|spring||2021春季北信越地区大会|SF|敦賀気比|9|松商学園|8,2021,spring,,2021春季北信越地区大会,SF,regional,福井,長野,9,8,1004.4006,999.0844,0.500392,7.6,3.797,1008.1977,995.2874,-2.5218,2.5218,10,historical
2021|spring||2021春季北信越地区大会|F|敦賀気比|6|新潟明訓|5,2021,spring,,2021春季北信越地区大会,F,regional,福井,新潟,6,5,1008.1977,974.2233,0.557398,7.6,3.3638,1011.5614,970.8595,3.0434,-3.0434,10,historical
2021|spring||2021春季東海地区大会|QF|享栄|8|藤枝明誠|3,2021,spring,,2021春季東海地区大会,QF,regional,愛知,静岡,8,3,1035.2338,979.0104,0.589222,7.6,3.1219,1038.3558,975.8885,3.2228,-3.2228,12,historical
2021|spring||2021春季東海地区大会|QF|掛川西|5|津商|1,2021,spring,,2021春季東海地区大会,QF,regional,静岡,三重,5,1,975.8885,995.9299,0.457245,7.6,4.1249,980.0134,991.805,-4.8704,4.8704,12,historical
2021|spring||2021春季東海地区大会|QF|愛工大名電|6|岐阜第一|4,2021,spring,,2021春季東海地区大会,QF,regional,愛知,岐阜,6,4,1038.3558,988.3015,0.582274,7.6,3.1747,1041.5305,985.1267,3.8199,-3.8199,13,historical
2021|spring||2021春季東海地区大会|QF|中京|11|津田学園|9,2021,spring,,2021春季東海地区大会,QF,regional,岐阜,三重,11,9,985.1267,991.805,0.479157,7.6,3.9584,989.0851,987.8465,-3.9068,3.9068,9,historical
2021|spring||2021春季東海地区大会|SF|享栄|12|中京|3,2021,spring,,2021春季東海地区大会,SF,regional,愛知,岐阜,12,3,1041.5305,989.0851,0.590142,7.6,3.1149,1044.6454,985.9702,5.442,-5.442,14,historical
2021|spring||2021春季東海地区大会|SF|掛川西|6|愛工大名電|1,2021,spring,,2021春季東海地区大会,SF,regional,静岡,愛知,6,1,980.0134,1044.6454,0.394838,7.6,4.5992,984.6127,1040.0462,-4.7746,4.7746,13,historical
2021|spring||2021春季東海地区大会|F|掛川西|5|享栄|1,2021,spring,,2021春季東海地区大会,F,regional,静岡,愛知,5,1,984.6127,1040.0462,0.413301,7.6,4.4589,989.0716,1035.5872,-2.713,2.713,14,historical
2021|spring||2021春季近畿地区大会|QF|智弁和歌山|1|神港学園|0,2021,spring,,2021春季近畿地区大会,QF,regional,和歌山,兵庫,1,0,1023.2919,1000.1542,0.531887,7.6,3.5577,1026.8496,996.5966,-0.475,0.475,4,historical
2021|spring||2021春季近畿地区大会|QF|大阪桐蔭|7|綾羽|5,2021,spring,,2021春季近畿地区大会,QF,regional,大阪,滋賀,7,5,1110.7259,986.4304,0.679549,7.6,2.4354,1113.1614,983.9949,3.1441,-3.1441,4,historical
2021|spring||2021春季近畿地区大会|QF|智弁学園|15|滋賀学園|0,2021,spring,,2021春季近畿地区大会,QF,regional,奈良,滋賀,15,0,1033.5592,983.9949,0.576439,7.6,3.2191,1036.7783,980.7759,1.9854,-1.9854,4,historical
2021|spring||2021春季近畿地区大会|QF|京都国際|9|立命館守山|1,2021,spring,,2021春季近畿地区大会,QF,regional,京,滋賀,9,1,1003.9217,980.7759,0.532353,7.6,3.5541,1007.4759,977.2218,-0.3167,0.3167,1,historical
2021|spring||2021春季近畿地区大会|SF|大阪桐蔭|3|智弁和歌山|2,2021,spring,,2021春季近畿地区大会,SF,regional,大阪,和歌山,3,2,1113.1614,1026.8496,0.618208,7.6,2.9016,1116.063,1023.948,-1.2942,1.2942,11,historical
2021|spring||2021春季近畿地区大会|SF|智弁学園|4|京都国際|2,2021,spring,,2021春季近畿地区大会,SF,regional,奈良,京,4,2,1036.7783,1007.4759,0.541739,7.6,3.4828,1040.2611,1003.9931,-0.1159,0.1159,4,historical
2021|spring||2021春季近畿地区大会|F|大阪桐蔭|4|智弁学園|2,2021,spring,,2021春季近畿地区大会,F,regional,大阪,奈良,4,2,1116.063,1040.2611,0.611208,7.6,2.9548,1119.0178,1037.3063,1.3933,-1.3933,9,historical
2021|spring||2021春季中国地区大会|QF|創志学園|9|鳥取城北|2,2021,spring,,2021春季中国地区大会,QF,regional,岡山,鳥取,9,2,999.5183,987.415,0.513714,7.6,3.6958,1003.2141,983.7192,-1.2858,1.2858,5,historical
2021|spring||2021春季中国地区大会|QF|広島新庄|2|米子東|1,2021,spring,,2021春季中国地区大会,QF,regional,広島,鳥取,2,1,1022.3566,983.7192,0.574799,7.6,3.2315,1025.5881,980.4877,6.8658,-6.8658,13,historical
2021|spring||2021春季中国地区大会|QF|下関国際|7|米子松蔭|0,2021,spring,,2021春季中国地区大会,QF,regional,山口,鳥取,7,0,998.7963,980.4877,0.525963,7.6,3.6027,1002.399,976.885,-0.1256,0.1256,4,historical
2021|spring||2021春季中国地区大会|QF|立正大淞南|9|鳥取商|1,2021,spring,,2021春季中国地区大会,QF,regional,島根,鳥取,9,1,934.9166,976.885,0.4252,7.6,4.3685,939.285,972.5165,-5.2003,5.2003,5,historical
2021|spring||2021春季中国地区大会|SF|創志学園|7|広島新庄|0,2021,spring,,2021春季中国地区大会,SF,regional,岡山,広島,7,0,1003.2141,1025.5881,0.476276,7.6,3.9803,1007.1944,1021.6078,2.9383,-2.9383,12,historical
2021|spring||2021春季中国地区大会|SF|下関国際|8|立正大淞南|2,2021,spring,,2021春季中国地区大会,SF,regional,山口,島根,8,2,1002.399,939.285,0.598963,7.6,3.0479,1005.4469,936.2371,3.286,-3.286,7,historical
2021|spring||2021春季中国地区大会|F|創志学園|5|下関国際|0,2021,spring,,2021春季中国地区大会,F,regional,岡山,山口,5,0,1007.1944,1005.4469,0.498961,7.6,3.8079,1011.0023,1001.639,-1.2348,1.2348,10,historical
2021|spring||2021春季四国地区大会|QF|新田|6|徳島商|4,2021,spring,,2021春季四国地区大会,QF,regional,愛媛,徳島,6,4,997.6134,959.2522,0.568406,7.6,3.2801,1000.8935,955.9721,4.7361,-4.7361,8,historical
2021|spring||2021春季四国地区大会|QF|高知|3|鳴門|2,2021,spring,,2021春季四国地区大会,QF,regional,高知,徳島,3,2,1045.2209,955.9721,0.641373,7.6,2.7256,1047.9465,953.2465,5.8691,-5.8691,11,historical
2021|spring||2021春季四国地区大会|QF|明徳義塾|12|藤井|4,2021,spring,,2021春季四国地区大会,QF,regional,高知,香川,12,4,1047.9465,997.0826,0.545695,7.6,3.4527,1051.3992,993.6299,-9.5114,9.5114,13,historical
2021|spring||2021春季四国地区大会|QF|聖カタリナ|9|英明|4,2021,spring,,2021春季四国地区大会,QF,regional,愛媛,香川,9,4,1000.8935,993.6299,0.519297,7.6,3.6533,1004.5468,989.9765,3.076,-3.076,10,historical
2021|spring||2021春季四国地区大会|SF|高知|8|聖カタリナ|1,2021,spring,,2021春季四国地区大会,SF,regional,高知,愛媛,8,1,1051.3992,1004.5468,0.597922,7.6,3.0558,1054.455,1001.491,11.0405,-11.0405,10,historical
2021|spring||2021春季四国地区大会|SF|明徳義塾|3|新田|0,2021,spring,,2021春季四国地区大会,SF,regional,高知,愛媛,3,0,1054.455,1001.491,0.611262,7.6,2.9544,1057.4094,998.5366,12.8322,-12.8322,11,historical
2021|spring||2021春季九州地区大会|1R|津久見|4|鹿屋中央|1,2021,spring,,2021春季九州地区大会,1R,regional,大分,鹿児島,4,1,1033.5375,984.8519,0.596016,7.6,3.0703,1036.6078,981.7817,9.436,-9.436,8,historical
2021|spring||2021春季九州地区大会|1R|藤蔭|8|東福岡|5,2021,spring,,2021春季九州地区大会,1R,regional,大分,福岡,8,5,1036.6078,1021.8951,0.51138,7.6,3.7135,1040.3213,1018.1816,-3.4018,3.4018,10,historical
2021|spring||2021春季九州地区大会|1R|柳ヶ浦|2|真颯館|0,2021,spring,,2021春季九州地区大会,1R,regional,大分,福岡,2,0,1040.3213,1018.1816,0.526275,7.6,3.6003,1043.9216,1014.5813,-1.9325,1.9325,11,historical
2021|spring||2021春季九州地区大会|2R|興南|8|大崎|2,2021,spring,,2021春季九州地区大会,2R,regional,沖縄,東東京,8,2,991.6048,1033.6052,0.439849,7.6,4.2571,995.8619,1029.3481,-0.0,0.0,0,historical
2021|spring||2021春季九州地区大会|2R|具志川商|3|東明館|0,2021,spring,,2021春季九州地区大会,2R,regional,沖縄,佐賀,3,0,995.8619,944.4369,0.574378,7.6,3.2347,999.0966,941.2022,0.3224,-0.3224,1,historical
2021|spring||2021春季九州地区大会|2R|明豊|12|日南学園|1,2021,spring,,2021春季九州地区大会,2R,regional,大分,宮崎,12,1,1043.9216,971.1433,0.607959,7.6,2.9795,1046.9012,968.1637,1.7193,-1.7193,4,historical
2021|spring||2021春季九州地区大会|2R|福岡大大濠|2|津久見|1,2021,spring,,2021春季九州地区大会,2R,regional,福岡,大分,2,1,1014.5813,1046.9012,0.454714,7.6,4.1442,1018.7255,1042.757,0.3827,-0.3827,12,historical
2021|spring||2021春季九州地区大会|2R|長崎商|4|柳ヶ浦|0,2021,spring,,2021春季九州地区大会,2R,regional,長崎,大分,4,0,1000.9949,1042.757,0.429283,7.6,4.3375,1005.3324,1038.4195,-3.8545,3.8545,4,historical
2021|spring||2021春季九州地区大会|2R|九州国際大付|2|大分舞鶴|0,2021,spring,,2021春季九州地区大会,2R,regional,福岡,大分,2,0,1018.7255,1038.4195,0.478346,7.6,3.9646,1022.69,1034.455,2.3189,-2.3189,13,historical
2021|spring||2021春季九州地区大会|2R|宮崎商|7|東海大星翔|3,2021,spring,,2021春季九州地区大会,2R,regional,宮崎,熊本,7,3,968.1637,970.1537,0.504227,7.6,3.7679,971.9316,966.3859,2.4635,-2.4635,3,historical
2021|spring||2021春季九州地区大会|2R|鹿児島実|7|藤蔭|3,2021,spring,,2021春季九州地区大会,2R,regional,鹿児島,大分,7,3,981.7817,1034.455,0.393584,7.6,4.6088,986.3904,1029.8462,-11.2101,11.2101,9,historical
2021|spring||2021春季九州地区大会|QF|具志川商|8|長崎商|4,2021,spring,,2021春季九州地区大会,QF,regional,沖縄,長崎,8,4,999.0966,1005.3324,0.488589,7.6,3.8867,1002.9834,1001.4457,-0.8473,0.8473,3,historical
2021|spring||2021春季九州地区大会|QF|福岡大大濠|4|明豊|0,2021,spring,,2021春季九州地区大会,QF,regional,福岡,大分,4,0,1022.69,1029.8462,0.502009,7.6,3.7847,1026.4748,1026.0615,4.276,-4.276,14,historical
2021|spring||2021春季九州地区大会|QF|九州国際大付|7|宮崎商|0,2021,spring,,2021春季九州地区大会,QF,regional,福岡,宮崎,7,0,1026.4748,971.9316,0.57696,7.6,3.2151,1029.6899,968.7165,-0.3186,0.3186,6,historical
2021|spring||2021春季九州地区大会|QF|興南|4|鹿児島実|2,2021,spring,,2021春季九州地区大会,QF,regional,沖縄,鹿児島,4,2,1002.9834,986.3904,0.521159,7.6,3.6392,1006.6226,982.7512,-0.9406,0.9406,5,historical
2021|spring||2021春季九州地区大会|SF|九州国際大付|2|興南|1,2021,spring,,2021春季九州地区大会,SF,regional,福岡,沖縄,2,1,1029.6899,1006.6226,0.541924,7.6,3.4814,1033.1713,1003.1412,3.0665,-3.0665,10,historical
2021|spring||2021春季九州地区大会|SF|具志川商|8|福岡大大濠|0,2021,spring,,2021春季九州地区大会,SF,regional,沖縄,福岡,8,0,1003.1412,1033.1713,0.443477,7.6,4.2296,1007.3707,1028.9417,-4.7073,4.7073,11,historical
2021|spring||2021春季九州地区大会|F|具志川商|3|九州国際大付|1,2021,spring,,2021春季九州地区大会,F,regional,沖縄,福岡,3,1,1007.3707,1028.9417,0.460476,7.6,4.1004,1011.4711,1024.8413,-2.9751,2.9751,12,historical
2021|senbatsu||2021選抜|1R|神戸国際大付|3|北海|2,2021,senbatsu,,2021選抜,1R,national,兵庫,南北海道,3,2,996.5966,1023.1155,0.462571,9.12,4.9014,1001.4979,1018.2141,0.2307,-0.2307,1,historical
2021|senbatsu||2021選抜|1R|仙台育英|1|明徳義塾|0,2021,senbatsu,,2021選抜,1R,national,宮城,高知,1,0,1054.48,1057.4094,0.495784,9.12,4.5984,1059.0784,1052.8109,0.0,-0.0,0,historical
2021|senbatsu||2021選抜|1R|健大高崎|6|下関国際|2,2021,senbatsu,,2021選抜,1R,national,群馬,山口,6,2,1027.6362,1001.639,0.537343,9.12,4.2194,1031.8556,997.4196,-0.0,0.0,0,historical
2021|senbatsu||2021選抜|1R|天理|7|宮崎商|1,2021,senbatsu,,2021選抜,1R,national,奈良,宮崎,7,1,1037.3063,968.7165,0.597446,9.12,3.6713,1040.9776,965.0452,0.0,-0.0,0,historical
2021|senbatsu||2021選抜|1R|鳥取城北|6|三島南|2,2021,senbatsu,,2021選抜,1R,national,鳥取,静岡,6,2,972.5165,989.0716,0.476193,9.12,4.7771,977.2936,984.2944,-0.0,0.0,0,historical
2021|senbatsu||2021選抜|1R|東海大相模|3|東海大甲府|1,2021,senbatsu,,2021選抜,1R,national,神奈川,山梨,3,1,1022.8019,965.8001,0.57968,9.12,3.8333,1026.6352,961.9667,-0.5794,0.5794,4,historical
2021|senbatsu||2021選抜|1R|具志川商|8|八戸西|3,2021,senbatsu,,2021選抜,1R,national,沖縄,青森,8,3,1011.4711,1017.9451,0.490684,9.12,4.645,1016.1161,1013.3001,0.0,-0.0,0,historical
2021|senbatsu||2021選抜|1R|福岡大大濠|2|大崎|1,2021,senbatsu,,2021選抜,1R,national,福岡,東東京,2,1,1024.8413,1029.3481,0.492556,9.12,4.6279,1029.4692,1024.7202,-0.333,0.333,1,historical
2021|senbatsu||2021選抜|1R|明豊|10|東播磨|9,2021,senbatsu,,2021選抜,1R,national,大分,兵庫,10,9,1026.0615,1001.4979,0.534094,9.12,4.2491,1030.3105,997.2488,-0.4179,0.4179,1,historical
2021|senbatsu||2021選抜|1R|市和歌山|1|県岐阜商|0,2021,senbatsu,,2021選抜,1R,national,和歌山,岐阜,1,0,1023.948,985.9702,0.554438,9.12,4.0635,1028.0115,981.9067,0.0,-0.0,0,historical
2021|senbatsu||2021選抜|1R|智弁学園|8|大阪桐蔭|6,2021,senbatsu,,2021選抜,1R,national,奈良,大阪,8,6,1040.9776,1119.0178,0.382195,9.12,5.6344,1046.612,1113.3834,-2.6933,2.6933,10,historical
2021|senbatsu||2021選抜|1R|広島新庄|1|上田西|0,2021,senbatsu,,2021選抜,1R,national,広島,長野,1,0,1021.6078,995.2874,0.537806,9.12,4.2152,1025.823,991.0722,0.0,-0.0,0,historical
2021|senbatsu||2021選抜|1R|東海大菅生|4|聖カタリナ|3,2021,senbatsu,,2021選抜,1R,prefecture,西東京,愛媛,4,3,1032.422,998.5366,0.548611,4.56,2.0583,1034.4803,996.4783,-0.0,0.0,0,historical
2021|senbatsu||2021選抜|1R|京都国際|5|柴田|4,2021,senbatsu,,2021選抜,1R,national,京,宮城,5,4,1003.9931,1059.0784,0.421383,9.12,5.277,1009.2701,1053.8015,0.0,-0.0,0,historical
2021|senbatsu||2021選抜|1R|常総学院|9|敦賀気比|5,2021,senbatsu,,2021選抜,1R,national,茨城,福井,9,5,972.3394,1011.5614,0.443794,9.12,5.0726,977.412,1006.4888,-0.0,0.0,0,historical
2021|senbatsu||2021選抜|1R|中京大中京|2|専大松戸|0,2021,senbatsu,,2021選抜,1R,national,愛知,千葉,2,0,1035.5872,1008.7787,0.539595,9.12,4.1989,1039.7861,1004.5798,0.3814,-0.3814,1,historical
2021|senbatsu||2021選抜|2R|仙台育英|13|神戸国際大付|5,2021,senbatsu,,2021選抜,2R,national,宮城,兵庫,13,5,1053.8015,997.2488,0.580675,9.12,3.8242,1057.6257,993.4246,-0.0,0.0,0,historical
2021|senbatsu||2021選抜|2R|天理|4|健大高崎|0,2021,senbatsu,,2021選抜,2R,national,奈良,群馬,4,0,1046.612,1031.8556,0.521223,9.12,4.3664,1050.9784,1027.4891,0.0,-0.0,0,historical
2021|senbatsu||2021選抜|2R|東海大相模|1|鳥取城北|0,2021,senbatsu,,2021選抜,2R,national,神奈川,鳥取,1,0,1026.6352,977.2936,0.570535,9.12,3.9167,1030.5519,973.3769,0.0,-0.0,0,historical
2021|senbatsu||2021選抜|2R|福岡大大濠|8|具志川商|4,2021,senbatsu,,2021選抜,2R,national,福岡,沖縄,8,4,1029.4692,1016.1161,0.522557,9.12,4.3543,1033.8235,1011.7618,1.1658,-1.1658,13,historical
2021|senbatsu||2021選抜|2R|明豊|2|市和歌山|1,2021,senbatsu,,2021選抜,2R,national,大分,和歌山,2,1,1030.3105,1028.0115,0.503308,9.12,4.5298,1034.8404,1023.4817,-0.0,0.0,0,historical
2021|senbatsu||2021選抜|2R|智弁学園|5|広島新庄|2,2021,senbatsu,,2021選抜,2R,national,奈良,広島,5,2,1050.9784,1025.823,0.534786,9.12,4.2427,1055.2211,1021.5803,-0.4721,0.4721,1,historical
2021|senbatsu||2021選抜|2R|東海大菅生|5|京都国際|4,2021,senbatsu,,2021選抜,2R,prefecture,西東京,京,5,4,1034.4803,1009.2701,0.536832,4.56,2.112,1036.5924,1007.158,0.2148,-0.2148,1,historical
2021|senbatsu||2021選抜|2R|中京大中京|15|常総学院|5,2021,senbatsu,,2021選抜,2R,national,愛知,茨城,15,5,1039.7861,977.412,0.588812,9.12,3.75,1043.5362,973.662,0.0,-0.0,0,historical
2021|senbatsu||2021選抜|QF|天理|10|仙台育英|3,2021,senbatsu,,2021選抜,QF,national,奈良,宮城,10,3,1055.2211,1057.6257,0.49771,9.12,4.5809,1059.802,1053.0448,0.4068,-0.4068,1,historical
2021|senbatsu||2021選抜|QF|東海大相模|8|福岡大大濠|0,2021,senbatsu,,2021選抜,QF,national,神奈川,福岡,8,0,1030.5519,1033.8235,0.494154,9.12,4.6133,1035.1652,1029.2102,-0.3954,0.3954,1,historical
2021|senbatsu||2021選抜|QF|明豊|6|智弁学園|4,2021,senbatsu,,2021選抜,QF,national,大分,奈良,6,4,1034.8404,1059.802,0.462692,9.12,4.9003,1039.7406,1054.9018,-0.5056,0.5056,1,historical
2021|senbatsu||2021選抜|QF|中京大中京|6|東海大菅生|0,2021,senbatsu,,2021選抜,QF,prefecture,愛知,西東京,6,0,1043.5362,1036.5924,0.509992,4.56,2.2344,1045.7706,1034.358,0.0,-0.0,0,historical
2021|senbatsu||2021選抜|SF|東海大相模|2|天理|0,2021,senbatsu,,2021選抜,SF,national,神奈川,奈良,2,0,1035.1652,1054.9018,0.471627,9.12,4.8188,1039.984,1050.083,-0.0,0.0,0,historical
2021|senbatsu||2021選抜|SF|明豊|5|中京大中京|4,2021,senbatsu,,2021選抜,SF,national,大分,愛知,5,4,1039.7406,1045.7706,0.491323,9.12,4.6391,1044.3797,1041.1315,0.0,-0.0,0,historical
2021|senbatsu||2021選抜|F|東海大相模|3|明豊|2,2021,senbatsu,,2021選抜,F,national,神奈川,大分,3,2,1039.984,1044.3797,0.492513,9.12,4.6283,1044.6123,1039.7515,-0.4036,0.4036,1,historical
2021|koshien||2021選手権|1R|日大山形|4|米子東|1,2021,koshien,,2021選手権,1R,national,山形,鳥取,4,1,995.1002,973.3769,0.531222,11.96,5.6066,1000.7068,967.7703,0.0,-0.0,0,historical
2021|koshien||2021選手権|1R|新田|4|静岡|2,2021,koshien,,2021選手権,1R,national,愛媛,静岡,4,2,996.4783,984.2944,0.517527,11.96,5.7704,1002.2487,978.5241,0.0,-0.0,0,historical
2021|koshien||2021選手権|1R|日本航空|4|東明館|0,2021,koshien,,2021選手権,1R,national,山梨,佐賀,4,0,961.9667,941.2022,0.529847,11.96,5.623,967.5898,935.5792,-0.0,0.0,0,historical
2021|koshien||2021選手権|1R|智弁学園|10|倉敷商|3,2021,koshien,,2021選手権,1R,national,奈良,岡山,10,3,1050.083,1011.0023,0.556006,11.96,5.3102,1055.3932,1005.6921,0.0,-0.0,0,historical
2021|koshien||2021選手権|1R|横浜|3|広島新庄|2,2021,koshien,,2021選手権,1R,national,神奈川,広島,3,2,1044.6123,1021.5803,0.533097,11.96,5.5842,1050.1964,1015.9961,-0.0,0.0,0,historical
2021|koshien||2021選手権|1R|松商学園|17|高岡商|4,2021,koshien,,2021選手権,1R,national,長野,富山,17,4,991.0722,948.2838,0.554047,11.96,5.3336,996.4058,942.9502,-2.5427,2.5427,4,historical
2021|koshien||2021選手権|1R|東北学院|5|愛工大名電|3,2021,koshien,,2021選手権,1R,national,宮城,愛知,5,3,1053.0448,1041.1315,0.517138,11.96,5.775,1058.8199,1035.3565,0.0,-0.0,0,historical
2021|koshien||2021選手権|1R|明桜|4|帯広農|2,2021,koshien,,2021選手権,1R,prefecture,秋田,北北海道,4,2,971.0242,968.1162,0.504185,5.52,2.7369,973.7611,965.3793,-0.0,0.0,0,historical
2021|koshien||2021選手権|1R|明徳義塾|3|県岐阜商|2,2021,koshien,,2021選手権,1R,national,高知,岐阜,3,2,1052.8109,981.9067,0.600646,11.96,4.7763,1057.5872,977.1304,-0.0,0.0,0,historical
2021|koshien||2021選手権|1R|神戸国際大付|2|北海|1,2021,koshien,,2021選手権,1R,prefecture,兵庫,南北海道,2,1,993.4246,1018.2141,0.467682,5.52,2.9384,996.363,1015.2757,1.1505,-1.1505,2,historical
2021|koshien||2021選手権|1R|高川学園|7|小松大谷|6,2021,koshien,,2021選手権,1R,national,山口,石川,7,6,997.4196,1060.2108,0.410607,11.96,7.0491,1004.4687,1053.1616,0.0,-0.0,0,historical
2021|koshien||2021選手権|1R|長崎商|8|熊本工|4,2021,koshien,,2021選手権,1R,national,長崎,熊本,8,4,1001.4457,966.3859,0.553408,11.96,5.3412,1006.7869,961.0446,1.0971,-1.0971,2,historical
2021|koshien||2021選手権|1R|専大松戸|6|明豊|0,2021,koshien,,2021選手権,1R,national,千葉,大分,6,0,1004.5798,1039.7515,0.450712,11.96,6.5695,1011.1493,1033.182,0.4057,-0.4057,1,historical
2021|koshien||2021選手権|1R|沖縄尚学|8|阿南光|0,2021,koshien,,2021選手権,1R,national,沖縄,徳島,8,0,1011.7618,953.2465,0.583423,11.96,4.9823,1016.7441,948.2643,-0.0,0.0,0,historical
2021|koshien||2021選手権|1R|盛岡大付|7|鹿島学園|0,2021,koshien,,2021選手権,1R,national,岩手,茨城,7,0,990.9432,973.662,0.525899,11.96,5.6703,996.6134,967.9917,0.3656,-0.3656,1,historical
2021|koshien||2021選手権|1R|大阪桐蔭|7|東海大菅生|4,2021,koshien,,2021選手権,1R,prefecture,大阪,西東京,7,4,1113.3834,1034.358,0.612306,5.52,2.1401,1115.5235,1032.2179,0.183,-0.183,1,historical
2021|koshien||2021選手権|1R|近江|8|日大東北|2,2021,koshien,,2021選手権,1R,national,滋賀,福島,8,2,977.2218,981.4758,0.493878,11.96,6.0532,983.275,975.4225,0.0,-0.0,0,historical
2021|koshien||2021選手権|2R|京都国際|1|前橋育英|0,2021,koshien,,2021選手権,2R,national,京,群馬,1,0,1007.158,1027.4891,0.470774,11.96,6.3295,1013.4875,1021.1596,0.0,-0.0,0,historical
2021|koshien||2021選手権|2R|高松商|10|作新学院|7,2021,koshien,,2021選手権,2R,national,香川,栃木,10,7,989.9765,968.6247,0.529501,11.96,5.6272,995.6037,962.9975,-0.4141,0.4141,1,historical
2021|koshien||2021選手権|2R|二松学舎大付|2|西日本短大付|0,2021,koshien,,2021選手権,2R,prefecture,東東京,福岡,2,0,1024.7202,1029.2102,0.493266,5.52,2.7972,1027.5174,1026.413,-0.0948,0.0948,2,historical
2021|koshien||2021選手権|2R|三重|2|樟南|0,2021,koshien,,2021選手権,2R,national,三重,鹿児島,2,0,987.8465,982.7512,0.507332,11.96,5.8923,993.7389,976.8589,0.0,-0.0,0,historical
2021|koshien||2021選手権|2R|敦賀気比|8|日本文理|6,2021,koshien,,2021選手権,2R,national,福井,新潟,8,6,1006.4888,970.8595,0.56425,11.96,5.2116,1011.7004,965.648,4.6321,-4.6321,11,historical
2021|koshien||2021選手権|2R|石見智翠館|4|聖愛|3,2021,koshien,,2021選手権,2R,national,島根,青森,4,3,936.2371,1013.3001,0.390881,11.96,7.2851,943.5222,1006.0151,0.0,-0.0,0,historical
2021|koshien||2021選手権|2R|日大山形|4|浦和学院|3,2021,koshien,,2021選手権,2R,national,山形,埼玉,4,3,1000.7068,1013.1431,0.48211,11.96,6.194,1006.9007,1006.9492,-0.0,0.0,0,historical
2021|koshien||2021選手権|2R|日本航空|5|新田|3,2021,koshien,,2021選手権,2R,national,山梨,愛媛,5,3,967.5898,1002.2487,0.450287,11.96,6.5746,974.1643,995.6741,0.0,-0.0,0,historical
2021|koshien||2021選手権|2R|智弁学園|5|横浜|0,2021,koshien,,2021選手権,2R,national,奈良,神奈川,5,0,1055.3932,1050.1964,0.506323,11.96,5.9044,1061.2976,1044.292,-0.4016,0.4016,1,historical
2021|koshien||2021選手権|2R|明徳義塾|8|明桜|2,2021,koshien,,2021選手権,2R,national,高知,秋田,8,2,1057.5872,973.7611,0.618348,11.96,4.5646,1062.1518,969.1965,-0.0,0.0,0,historical
2021|koshien||2021選手権|2R|神戸国際大付|4|高川学園|3,2021,koshien,,2021選手権,2R,national,兵庫,山口,4,3,996.363,1004.4687,0.489766,11.96,6.1024,1002.4654,998.3663,0.4968,-0.4968,1,historical
2021|koshien||2021選手権|2R|長崎商|6|専大松戸|2,2021,koshien,,2021選手権,2R,national,長崎,千葉,6,2,1006.7869,1011.1493,0.493722,11.96,6.0551,1012.842,1005.0942,-0.0,0.0,0,historical
2021|koshien||2021選手権|2R|盛岡大付|4|沖縄尚学|0,2021,koshien,,2021選手権,2R,national,岩手,沖縄,4,0,996.6134,1016.7441,0.471062,11.96,6.3261,1002.9395,1010.418,0.0,-0.0,0,historical
2021|koshien||2021選手権|2R|近江|6|大阪桐蔭|4,2021,koshien,,2021選手権,2R,national,滋賀,大阪,6,4,983.275,1115.5235,0.307648,11.96,8.2805,991.5555,1107.243,-4.3303,4.3303,5,historical
2021|koshien||2021選手権|3R|京都国際|6|二松学舎大付|4,2021,koshien,,2021選手権,3R,prefecture,京,東東京,6,4,1013.4875,1027.5174,0.47982,5.52,2.8714,1016.3589,1024.646,0.0,-0.0,0,historical
2021|koshien||2021選手権|3R|智弁和歌山|5|高松商|3,2021,koshien,,2021選手権,3R,national,和歌山,香川,5,3,1023.4817,995.6037,0.541098,11.96,5.4885,1028.9702,990.1152,0.3721,-0.3721,1,historical
2021|koshien||2021選手権|3R|敦賀気比|6|三重|3,2021,koshien,,2021選手権,3R,national,福井,三重,6,3,1011.7004,993.7389,0.525826,11.96,5.6711,1017.3715,988.0677,-0.0,0.0,0,historical
2021|koshien||2021選手権|3R|石見智翠館|5|日大山形|4,2021,koshien,,2021選手権,3R,national,島根,山形,5,4,943.5222,1006.9007,0.409789,11.96,7.0589,950.5811,999.8418,-0.0,0.0,0,historical
2021|koshien||2021選手権|3R|智弁学園|7|日本航空|1,2021,koshien,,2021選手権,3R,national,奈良,山梨,7,1,1061.2976,974.1643,0.62283,11.96,4.5109,1065.8085,969.6534,0.0,-0.0,0,historical
2021|koshien||2021選手権|3R|明徳義塾|2|松商学園|0,2021,koshien,,2021選手権,3R,national,高知,長野,2,0,1062.1518,996.4058,0.593503,11.96,4.8617,1067.0135,991.5441,-0.0,0.0,0,historical
2021|koshien||2021選手権|3R|神戸国際大付|6|長崎商|5,2021,koshien,,2021選手権,3R,national,兵庫,長崎,6,5,1002.4654,1012.842,0.485071,11.96,6.1585,1008.6239,1006.6834,0.0,-0.0,0,historical
2021|koshien||2021選手権|3R|近江|7|盛岡大付|4,2021,koshien,,2021選手権,3R,national,滋賀,岩手,7,4,991.5555,1002.9395,0.483283,11.96,6.1799,997.7354,996.7596,-0.1182,0.1182,2,historical
2021|koshien||2021選手権|QF|京都国際|3|敦賀気比|2,2021,koshien,,2021選手権,QF,national,京,福井,3,2,1016.3589,1017.3715,0.498543,11.96,5.9974,1022.3564,1011.3741,0.0,-0.0,0,historical
2021|koshien||2021選手権|QF|智弁和歌山|9|石見智翠館|1,2021,koshien,,2021選手権,QF,national,和歌山,島根,9,1,1028.9702,950.5811,0.610935,11.96,4.6532,1033.6234,945.9279,0.0,-0.0,0,historical
2021|koshien||2021選手権|QF|智弁学園|3|明徳義塾|2,2021,koshien,,2021選手権,QF,national,奈良,高知,3,2,1065.8085,1067.0135,0.498266,11.96,6.0007,1071.8093,1061.0127,0.0,-0.0,0,historical
2021|koshien||2021選手権|QF|近江|7|神戸国際大付|6,2021,koshien,,2021選手権,QF,national,滋賀,兵庫,7,6,997.7354,1008.6239,0.483926,11.96,6.1722,1003.9077,1002.4517,-0.1423,0.1423,4,historical
2021|koshien||2021選手権|SF|智弁和歌山|5|近江|1,2021,koshien,,2021選手権,SF,national,和歌山,滋賀,5,1,1033.6234,1003.9077,0.540663,11.96,5.4937,1039.117,998.414,-0.6988,0.6988,4,historical
2021|koshien||2021選手権|SF|智弁学園|3|京都国際|1,2021,koshien,,2021選手権,SF,national,奈良,京,3,1,1071.8093,1022.3564,0.573147,11.96,5.1052,1076.9144,1017.2512,0.8709,-0.8709,5,historical
2021|koshien||2021選手権|F|智弁和歌山|9|智弁学園|2,2021,koshien,,2021選手権,F,national,和歌山,奈良,9,2,1039.117,1076.9144,0.440002,11.96,6.6976,1045.8146,1070.2168,-2.0477,2.0477,4,historical
2021|autumn||2021秋季北海道地区大会|1R|クラーク国際|4|駒大苫小牧|1,2021,autumn,,2021秋季北海道地区大会,1R,regional,北北海道,南北海道,4,1,965.3793,1015.2757,0.381499,8.0,4.948,970.3273,1010.3277,-17.0213,17.0213,69,historical
2021|autumn||2021秋季北海道地区大会|1R|滝川西|5|苫小牧中央|0,2021,autumn,,2021秋季北海道地区大会,1R,regional,北北海道,南北海道,5,0,970.3273,1010.3277,0.404157,8.0,4.7667,975.094,1005.5609,-13.7162,13.7162,70,historical
2021|autumn||2021秋季北海道地区大会|1R|札幌国際情報|13|遠軽|1,2021,autumn,,2021秋季北海道地区大会,1R,regional,南北海道,北北海道,13,1,1005.5609,975.094,0.573595,8.0,3.4112,1008.9722,971.6828,10.523,-10.523,71,historical
2021|autumn||2021秋季北海道地区大会|2R|旭川実|5|函館工|4,2021,autumn,,2021秋季北海道地区大会,2R,regional,北北海道,南北海道,5,4,971.6828,1008.9722,0.410358,8.0,4.7171,976.3999,1004.255,-12.8404,12.8404,72,historical
2021|autumn||2021秋季北海道地区大会|2R|士別翔雲|2|知内|1,2021,autumn,,2021秋季北海道地区大会,2R,regional,北北海道,南北海道,2,1,976.3999,1004.255,0.432497,8.0,4.54,980.94,999.715,-9.6696,9.6696,73,historical
2021|autumn||2021秋季北海道地区大会|2R|クラーク国際|6|北海|2,2021,autumn,,2021秋季北海道地区大会,2R,regional,北北海道,南北海道,6,2,980.94,999.715,0.454086,8.0,4.3673,985.3073,995.3477,-6.6097,6.6097,74,historical
2021|autumn||2021秋季北海道地区大会|2R|札幌国際情報|15|釧路江南|3,2021,autumn,,2021秋季北海道地区大会,2R,regional,南北海道,北北海道,15,3,995.3477,985.3073,0.524959,8.0,3.8003,999.148,981.5069,3.6585,-3.6585,75,historical
2021|autumn||2021秋季北海道地区大会|2R|白樺学園|2|札幌第一|1,2021,autumn,,2021秋季北海道地区大会,2R,regional,北北海道,南北海道,2,1,981.5069,999.148,0.456755,8.0,4.346,985.8529,994.8021,-6.242,6.242,76,historical
2021|autumn||2021秋季北海道地区大会|QF|クラーク国際|5|立命館慶祥|1,2021,autumn,,2021秋季北海道地区大会,QF,regional,北北海道,南北海道,5,1,985.8529,994.8021,0.477646,8.0,4.1788,990.0317,990.6232,-3.297,3.297,77,historical
2021|autumn||2021秋季北海道地区大会|QF|札幌国際情報|18|士別翔雲|0,2021,autumn,,2021秋季北海道地区大会,QF,regional,南北海道,北北海道,18,0,990.6232,990.0317,0.502171,8.0,3.9826,994.6059,986.0491,0.4584,-0.4584,78,historical
2021|autumn||2021秋季北海道地区大会|QF|東海大札幌|6|白樺学園|1,2021,autumn,,2021秋季北海道地区大会,QF,regional,南北海道,北北海道,6,1,994.6059,986.0491,0.521429,8.0,3.8286,998.4345,982.2205,3.1713,-3.1713,79,historical
2021|autumn||2021秋季北海道地区大会|SF|旭川実|4|札幌国際情報|3,2021,autumn,,2021秋季北海道地区大会,SF,regional,北北海道,南北海道,4,3,982.2205,998.4345,0.4601,8.0,4.3192,986.5397,994.1153,-5.7853,5.7853,80,historical
2021|autumn||2021秋季北海道地区大会|SF|クラーク国際|5|東海大札幌|1,2021,autumn,,2021秋季北海道地区大会,SF,regional,北北海道,南北海道,5,1,986.5397,994.1153,0.480923,8.0,4.1526,990.6923,989.9626,-2.8436,2.8436,81,historical
2021|autumn||2021秋季東北地区大会|1R|盛岡大付|9|学法石川|2,2021,autumn,,2021秋季東北地区大会,1R,regional,岩手,福島,9,2,996.7596,975.4225,0.523653,8.0,3.8108,1000.5704,971.6118,-2.4447,2.4447,6,historical
2021|autumn||2021秋季東北地区大会|1R|東奥義塾|10|大曲工|0,2021,autumn,,2021秋季東北地区大会,1R,regional,青森,秋田,10,0,1006.0151,969.1965,0.551444,8.0,3.5884,1009.6035,965.6081,-0.4723,0.4723,6,historical
2021|autumn||2021秋季東北地区大会|2R|大館桂桜|6|聖和学園|4,2021,autumn,,2021秋季東北地区大会,2R,regional,秋田,宮城,6,4,965.6081,1058.8199,0.348797,8.0,5.2096,970.8177,1053.6102,-7.6229,7.6229,8,historical
2021|autumn||2021秋季東北地区大会|2R|八戸工大一|7|酒田南|0,2021,autumn,,2021秋季東北地区大会,2R,regional,青森,山形,7,0,1009.6035,999.8418,0.509252,8.0,3.926,1013.5295,995.9158,-1.6659,1.6659,5,historical
2021|autumn||2021秋季東北地区大会|2R|聖光学院|3|東奥義塾|2,2021,autumn,,2021秋季東北地区大会,2R,regional,福島,青森,3,2,971.6118,1013.5295,0.429125,8.0,4.567,976.1788,1008.9625,-3.8327,3.8327,7,historical
2021|autumn||2021秋季東北地区大会|2R|能代松陽|11|久慈東|0,2021,autumn,,2021秋季東北地区大会,2R,regional,秋田,岩手,11,0,970.8177,1000.5704,0.450314,8.0,4.3975,975.2152,996.1729,-2.4436,2.4436,6,historical
2021|autumn||2021秋季東北地区大会|2R|青森山田|3|鶴岡東|2,2021,autumn,,2021秋季東北地区大会,2R,regional,青森,山形,3,2,1008.9625,995.9158,0.517058,8.0,3.8635,1012.826,992.0523,-0.5944,0.5944,6,historical
2021|autumn||2021秋季東北地区大会|2R|山形中央|7|東北|2,2021,autumn,,2021秋季東北地区大会,2R,regional,山形,宮城,7,2,992.0523,1053.6102,0.403996,8.0,4.768,996.8203,1048.8422,-2.9954,2.9954,9,historical
2021|autumn||2021秋季東北地区大会|2R|仙台育英|7|盛岡大付|4,2021,autumn,,2021秋季東北地区大会,2R,regional,宮城,岩手,7,4,1048.8422,996.1729,0.584813,8.0,3.3215,1052.1637,992.8514,3.4198,-3.4198,7,historical
2021|autumn||2021秋季東北地区大会|2R|花巻東|11|東日大昌平|1,2021,autumn,,2021秋季東北地区大会,2R,regional,岩手,福島,11,1,992.8514,976.1788,0.52016,8.0,3.8387,996.6901,972.34,-1.3282,1.3282,7,historical
2021|autumn||2021秋季東北地区大会|QF|聖光学院|13|能代松陽|1,2021,autumn,,2021秋季東北地区大会,QF,regional,福島,秋田,13,1,972.34,975.2152,0.49881,8.0,4.0095,976.3496,971.2057,1.0242,-1.0242,5,historical
2021|autumn||2021秋季東北地区大会|QF|青森山田|4|山形中央|3,2021,autumn,,2021秋季東北地区大会,QF,regional,青森,山形,4,3,1012.826,996.8203,0.525042,8.0,3.7997,1016.6257,993.0207,0.705,-0.705,7,historical
2021|autumn||2021秋季東北地区大会|QF|八戸工大一|5|大館桂桜|2,2021,autumn,,2021秋季東北地区大会,QF,regional,青森,秋田,5,2,1016.6257,971.2057,0.567092,8.0,3.4633,1020.0889,967.7424,0.7417,-0.7417,7,historical
2021|autumn||2021秋季東北地区大会|QF|花巻東|8|仙台育英|2,2021,autumn,,2021秋季東北地区大会,QF,regional,岩手,宮城,8,2,996.6901,1052.1637,0.407127,8.0,4.743,1001.4331,1047.4207,-4.9097,4.9097,8,historical
2021|autumn||2021秋季東北地区大会|SF|聖光学院|5|青森山田|2,2021,autumn,,2021秋季東北地区大会,SF,regional,福島,青森,5,2,976.3496,1020.0889,0.430615,8.0,4.5551,980.9046,1015.5339,-2.3938,2.3938,8,historical
2021|autumn||2021秋季東北地区大会|SF|花巻東|4|八戸工大一|3,2021,autumn,,2021秋季東北地区大会,SF,regional,岩手,青森,4,3,1001.4331,1015.5339,0.464373,8.0,4.285,1005.7181,1011.2488,-5.3488,5.3488,10,historical
2021|autumn||2021秋季東北地区大会|F|花巻東|4|聖光学院|1,2021,autumn,,2021秋季東北地区大会,F,regional,岩手,福島,4,1,1005.7181,980.9046,0.535696,8.0,3.7144,1009.4325,977.1902,0.0165,-0.0165,8,historical
2021|autumn||2021秋季関東地区大会|1R|白鴎大足利|9|藤代|1,2021,autumn,,2021秋季関東地区大会,1R,regional,栃木,茨城,9,1,962.9975,967.9917,0.492782,8.0,4.0577,967.0553,963.934,-0.011,0.011,2,historical
2021|autumn||2021秋季関東地区大会|1R|山梨学院|12|拓大紅陵|3,2021,autumn,,2021秋季関東地区大会,1R,regional,山梨,千葉,12,3,969.6534,1005.0942,0.447363,8.0,4.4211,974.0745,1000.6731,-0.6355,0.6355,3,historical
2021|autumn||2021秋季関東地区大会|1R|健大高崎|8|文星芸大付|2,2021,autumn,,2021秋季関東地区大会,1R,regional,群馬,栃木,8,2,1021.1596,967.0553,0.578933,8.0,3.3685,1024.5281,963.6867,0.6031,-0.6031,3,historical
2021|autumn||2021秋季関東地区大会|1R|桐生第一|3|土浦日大|2,2021,autumn,,2021秋季関東地区大会,1R,regional,群馬,茨城,3,2,1024.5281,963.934,0.58259,8.0,3.3393,1027.8674,960.5947,-1.3369,1.3369,8,historical
2021|autumn||2021秋季関東地区大会|1R|東海大相模|9|花咲徳栄|4,2021,autumn,,2021秋季関東地区大会,1R,regional,神奈川,埼玉,9,4,1044.292,1006.9492,0.575737,8.0,3.3941,1047.6861,1003.5551,7.8463,-7.8463,10,historical
2021|autumn||2021秋季関東地区大会|1R|浦和学院|7|向上|5,2021,autumn,,2021秋季関東地区大会,1R,regional,埼玉,神奈川,7,5,1003.5551,1047.6861,0.409715,8.0,4.7223,1008.2773,1042.9639,-9.6504,9.6504,11,historical
2021|autumn||2021秋季関東地区大会|1R|木更津総合|3|帝京三|0,2021,autumn,,2021秋季関東地区大会,1R,regional,千葉,山梨,3,0,1000.6731,974.0745,0.537264,8.0,3.7019,1004.375,970.3726,-0.3285,0.3285,4,historical
2021|autumn||2021秋季関東地区大会|QF|明秀日立|11|健大高崎|4,2021,autumn,,2021秋季関東地区大会,QF,regional,茨城,群馬,11,4,960.5947,1027.8674,0.404627,8.0,4.763,965.3577,1023.1044,0.0897,-0.0897,9,historical
2021|autumn||2021秋季関東地区大会|QF|浦和学院|5|桐生第一|0,2021,autumn,,2021秋季関東地区大会,QF,regional,埼玉,群馬,5,0,1008.2773,1023.1044,0.47964,8.0,4.1629,1012.4402,1018.9416,0.3357,-0.3357,4,historical
2021|autumn||2021秋季関東地区大会|QF|山梨学院|9|白鴎大足利|0,2021,autumn,,2021秋季関東地区大会,QF,regional,山梨,栃木,9,0,970.3726,963.6867,0.510646,8.0,3.9148,974.2874,959.7719,0.3563,-0.3563,1,historical
2021|autumn||2021秋季関東地区大会|QF|木更津総合|4|東海大相模|1,2021,autumn,,2021秋季関東地区大会,QF,regional,千葉,神奈川,4,1,1004.375,1042.9639,0.44779,8.0,4.4177,1008.7927,1038.5462,1.0885,-1.0885,10,historical
2021|autumn||2021秋季関東地区大会|SF|明秀日立|5|木更津総合|2,2021,autumn,,2021秋季関東地区大会,SF,regional,茨城,千葉,5,2,965.3577,1008.7927,0.432709,8.0,4.5383,969.896,1004.2544,-1.8043,1.8043,4,historical
2021|autumn||2021秋季関東地区大会|SF|山梨学院|9|浦和学院|2,2021,autumn,,2021秋季関東地区大会,SF,regional,山梨,埼玉,9,2,974.2874,1012.4402,0.448228,8.0,4.4142,978.7016,1008.026,1.0244,-1.0244,5,historical
2021|autumn||2021秋季関東地区大会|F|明秀日立|9|山梨学院|7,2021,autumn,,2021秋季関東地区大会,F,regional,茨城,山梨,9,7,969.896,978.7016,0.494394,8.0,4.0449,973.9408,974.6567,2.4548,-2.4548,3,historical
2021|autumn||2021秋季東京地区大会|1R|二松学舎大付|12|錦城|2,2021,autumn,,2021秋季東京地区大会,1R,prefecture,東東京,西東京,12,2,1024.646,1032.2179,0.431456,4.8,2.729,1027.375,1029.4889,-20.1796,20.1796,125,historical
2021|autumn||2021秋季東京地区大会|1R|早大学院|3|江戸川|2,2021,autumn,,2021秋季東京地区大会,1R,prefecture,西東京,東東京,3,2,1029.4889,1027.375,0.555384,4.8,2.1342,1031.623,1025.2408,18.2647,-18.2647,126,historical
2021|autumn||2021秋季東京地区大会|1R|郁文館|4|明星|1,2021,autumn,,2021秋季東京地区大会,1R,prefecture,東東京,西東京,4,1,1025.2408,1031.623,0.434269,4.8,2.7155,1027.9564,1028.9075,-19.779,19.779,127,historical
2021|autumn||2021秋季東京地区大会|1R|安田学園|16|東農大一|5,2021,autumn,,2021秋季東京地区大会,1R,prefecture,東東京,西東京,16,5,1027.9564,1028.9075,0.447389,4.8,2.6525,1030.6089,1026.255,-17.8714,17.8714,128,historical
2021|autumn||2021秋季東京地区大会|1R|豊南|5|法政大高|4,2021,autumn,,2021秋季東京地区大会,1R,prefecture,東東京,東京,5,4,1030.6089,956.6537,0.669508,4.8,1.5864,1032.1952,955.0673,24.3415,-24.3415,24,historical
2021|autumn||2021秋季東京地区大会|1R|駒大高|10|大森学園|8,2021,autumn,,2021秋季東京地区大会,1R,prefecture,西東京,東東京,10,8,1026.255,1032.1952,0.537451,4.8,2.2202,1028.4752,1029.975,16.0063,-16.0063,129,historical
2021|autumn||2021秋季東京地区大会|1R|海城|7|練馬|5,2021,autumn,,2021秋季東京地区大会,1R,prefecture,東東京,西東京,7,5,1029.975,1028.4752,0.451704,4.8,2.6318,1032.6068,1025.8434,-17.5821,17.5821,130,historical
2021|autumn||2021秋季東京地区大会|1R|早稲田実|10|新宿|0,2021,autumn,,2021秋季東京地区大会,1R,prefecture,西東京,東東京,10,0,1025.8434,1032.6068,0.53548,4.8,2.2297,1028.0731,1030.3771,15.7296,-15.7296,131,historical
2021|autumn||2021秋季東京地区大会|1R|堀越|6|東大和|5,2021,autumn,,2021秋季東京地区大会,1R,prefecture,東東京,西東京,6,5,1030.3771,1028.0731,0.453618,4.8,2.6226,1032.9998,1025.4505,-17.3132,17.3132,132,historical
2021|autumn||2021秋季東京地区大会|1R|城東|4|私武蔵|3,2021,autumn,,2021秋季東京地区大会,1R,prefecture,東東京,西東京,4,3,1032.9998,1025.4505,0.466402,4.8,2.5613,1035.561,1022.8892,-15.4653,15.4653,133,historical
2021|autumn||2021秋季東京地区大会|1R|駿台学園|9|桐朋|7,2021,autumn,,2021秋季東京地区大会,1R,prefecture,東東京,西東京,9,7,1035.561,1022.8892,0.478935,4.8,2.5011,1038.0622,1020.3881,-13.6591,13.6591,134,historical
2021|autumn||2021秋季東京地区大会|1R|共栄学園|4|工学院大付|0,2021,autumn,,2021秋季東京地区大会,1R,prefecture,東東京,西東京,4,0,1038.0622,1020.3881,0.491203,4.8,2.4422,1040.5044,1017.9459,-11.8939,11.8939,135,historical
2021|autumn||2021秋季東京地区大会|1R|上野学園|6|小平南|5,2021,autumn,,2021秋季東京地区大会,1R,prefecture,東東京,西東京,6,5,1040.5044,1017.9459,0.503196,4.8,2.3847,1042.889,1015.5612,-10.1689,10.1689,136,historical
2021|autumn||2021秋季東京地区大会|1R|日大三|8|立志舎|0,2021,autumn,,2021秋季東京地区大会,1R,prefecture,西東京,東東京,8,0,1015.5612,1042.889,0.485093,4.8,2.4716,1018.0327,1040.4175,8.4832,-8.4832,137,historical
2021|autumn||2021秋季東京地区大会|1R|国学院久我山|10|日体大荏原|3,2021,autumn,,2021秋季東京地区大会,1R,prefecture,西東京,東東京,10,3,1018.0327,1040.4175,0.497255,4.8,2.4132,1020.4459,1038.0043,10.2387,-10.2387,138,historical
2021|autumn||2021秋季東京地区大会|2R|関東一|6|早稲田実|0,2021,autumn,,2021秋季東京地区大会,2R,prefecture,東東京,西東京,6,0,1038.0043,1020.4459,0.490863,4.8,2.4439,1040.4482,1018.0021,-11.9541,11.9541,139,historical
2021|autumn||2021秋季東京地区大会|2R|二松学舎大付|11|早大学院|1,2021,autumn,,2021秋季東京地区大会,2R,prefecture,東東京,西東京,11,1,1040.4482,1018.0021,0.502873,4.8,2.3862,1042.8344,1015.6159,-10.2249,10.2249,140,historical
2021|autumn||2021秋季東京地区大会|2R|東海大菅生|13|海城|2,2021,autumn,,2021秋季東京地区大会,2R,prefecture,西東京,東東京,13,2,1015.6159,1042.8344,0.4854,4.8,2.4701,1018.0859,1040.3643,8.5353,-8.5353,141,historical
2021|autumn||2021秋季東京地区大会|2R|堀越|6|八王子実践|5,2021,autumn,,2021秋季東京地区大会,2R,prefecture,東東京,西東京,6,5,1040.3643,1018.0859,0.502438,4.8,2.3883,1042.7526,1015.6976,-10.2923,10.2923,142,historical
2021|autumn||2021秋季東京地区大会|2R|国学院久我山|6|共栄学園|3,2021,autumn,,2021秋季東京地区大会,2R,prefecture,西東京,東東京,6,3,1015.6976,1042.7526,0.485821,4.8,2.4681,1018.1657,1040.2845,8.5998,-8.5998,143,historical
2021|autumn||2021秋季東京地区大会|2R|日野台|8|上野学園|4,2021,autumn,,2021秋季東京地区大会,2R,prefecture,西東京,東東京,8,4,1018.1657,1040.2845,0.497977,4.8,2.4097,1020.5754,1037.8748,10.3566,-10.3566,144,historical
2021|autumn||2021秋季東京地区大会|2R|日大三|9|駿台学園|2,2021,autumn,,2021秋季東京地区大会,2R,prefecture,西東京,東東京,9,2,1020.5754,1037.8748,0.509852,4.8,2.3527,1022.9281,1035.5221,12.0731,-12.0731,145,historical
2021|autumn||2021秋季東京地区大会|2R|小山台|8|東大和南|0,2021,autumn,,2021秋季東京地区大会,2R,prefecture,東東京,西東京,8,0,1035.5221,1022.9281,0.478561,4.8,2.5029,1038.025,1020.4252,-13.7503,13.7503,146,historical
2021|autumn||2021秋季東京地区大会|2R|帝京|6|駒場学園|0,2021,autumn,,2021秋季東京地区大会,2R,prefecture,東東京,西東京,6,0,1038.025,1020.4252,0.490863,4.8,2.4439,1040.4689,1017.9813,-11.9749,11.9749,147,historical
2021|autumn||2021秋季東京地区大会|3R|狛江|6|明大中野八王子|5,2021,autumn,,2021秋季東京地区大会,3R,prefecture,西東京,東東京,6,5,1017.9813,1040.4689,0.497111,4.8,2.4139,1020.3952,1038.055,10.2402,-10.2402,148,historical
2021|autumn||2021秋季東京地区大会|3R|修徳|5|佼成学園|4,2021,autumn,,2021秋季東京地区大会,3R,prefecture,東東京,西東京,5,4,1038.055,1020.3952,0.490987,4.8,2.4433,1040.4983,1017.9519,-11.9618,11.9618,149,historical
2021|autumn||2021秋季東京地区大会|3R|東海大菅生|9|堀越|2,2021,autumn,,2021秋季東京地区大会,3R,prefecture,西東京,東東京,9,2,1017.9519,1040.4983,0.496987,4.8,2.4145,1020.3664,1038.0838,10.2262,-10.2262,150,historical
2021|autumn||2021秋季東京地区大会|QF|国学院久我山|7|帝京|4,2021,autumn,,2021秋季東京地区大会,QF,regional,西東京,東東京,7,4,1020.3664,1038.0838,0.508895,8.0,3.9288,1024.2953,1034.155,11.9494,-11.9494,151,historical
2021|autumn||2021秋季東京地区大会|QF|二松学舎大付|4|狛江|2,2021,autumn,,2021秋季東京地区大会,QF,regional,東東京,西東京,4,2,1034.155,1024.2953,0.471758,8.0,4.2259,1038.3809,1020.0693,-14.7527,14.7527,152,historical
2021|autumn||2021秋季東京地区大会|F|国学院久我山|4|二松学舎大付|3,2021,autumn,,2021秋季東京地区大会,F,regional,西東京,東東京,4,3,1020.0693,1038.3809,0.507453,8.0,3.9404,1024.0097,1034.4405,11.7455,-11.7455,153,historical
2021|autumn||2021秋季北信越地区大会|1R|松商学園|3|帝京長岡|2,2021,autumn,,2021秋季北信越地区大会,1R,regional,長野,新潟,3,2,991.5441,965.648,0.549462,8.0,3.6043,995.1484,962.0437,4.2931,-4.2931,11,historical
2021|autumn||2021秋季北信越地区大会|1R|敦賀気比|8|富山第一|1,2021,autumn,,2021秋季北信越地区大会,1R,regional,福井,富山,8,1,1011.3741,942.9502,0.618396,8.0,3.0528,1014.4269,939.8973,7.7189,-7.7189,9,historical
2021|autumn||2021秋季北信越地区大会|1R|東京都市大塩尻|12|遊学館|4,2021,autumn,,2021秋季北信越地区大会,1R,regional,長野,石川,12,4,995.1484,1053.1616,0.42219,8.0,4.6225,999.7709,1048.5392,1.7513,-1.7513,11,historical
2021|autumn||2021秋季北信越地区大会|1R|星稜|5|東海大諏訪|4,2021,autumn,,2021秋季北信越地区大会,1R,regional,石川,長野,5,4,1048.5392,999.7709,0.5587,8.0,3.5304,1052.0696,996.2405,-3.8951,3.8951,12,historical
2021|autumn||2021秋季北信越地区大会|1R|富山商|6|福井工大福井|4,2021,autumn,,2021秋季北信越地区大会,1R,regional,富山,福井,6,4,939.8973,1014.4269,0.368903,8.0,5.0488,944.9461,1009.3782,-9.3721,9.3721,10,historical
2021|autumn||2021秋季北信越地区大会|1R|小松大谷|7|啓新|2,2021,autumn,,2021秋季北信越地区大会,1R,regional,石川,福井,7,2,1052.0696,1009.3782,0.5676,8.0,3.4592,1055.5288,1005.919,2.2858,-2.2858,8,historical
2021|autumn||2021秋季北信越地区大会|1R|日本文理|4|高岡商|2,2021,autumn,,2021秋季北信越地区大会,1R,regional,新潟,富山,4,2,962.0437,944.9461,0.531467,8.0,3.7483,965.7919,941.1979,2.3985,-2.3985,6,historical
2021|autumn||2021秋季北信越地区大会|1R|北越|13|長野日大|3,2021,autumn,,2021秋季北信越地区大会,1R,regional,新潟,長野,13,3,965.7919,996.2405,0.439012,8.0,4.4879,970.2798,991.7526,-6.0712,6.0712,12,historical
2021|autumn||2021秋季北信越地区大会|QF|小松大谷|8|松商学園|6,2021,autumn,,2021秋季北信越地区大会,QF,regional,石川,長野,8,6,1055.5288,991.7526,0.584125,8.0,3.327,1058.8558,988.4256,-2.3796,2.3796,13,historical
2021|autumn||2021秋季北信越地区大会|QF|星稜|3|日本文理|1,2021,autumn,,2021秋季北信越地区大会,QF,regional,石川,新潟,3,1,1058.8558,970.2798,0.634674,8.0,2.9226,1061.7784,967.3572,3.6862,-3.6862,12,historical
2021|autumn||2021秋季北信越地区大会|QF|敦賀気比|10|北越|2,2021,autumn,,2021秋季北信越地区大会,QF,regional,福井,新潟,10,2,1005.919,967.3572,0.575481,8.0,3.3962,1009.3151,963.9611,7.1458,-7.1458,12,historical
2021|autumn||2021秋季北信越地区大会|QF|富山商|4|東京都市大塩尻|3,2021,autumn,,2021秋季北信越地区大会,QF,regional,富山,長野,4,3,941.1979,988.4256,0.436396,8.0,4.5088,945.7067,983.9168,1.3954,-1.3954,5,historical
2021|autumn||2021秋季北信越地区大会|SF|敦賀気比|10|小松大谷|8,2021,autumn,,2021秋季北信越地区大会,SF,regional,福井,石川,10,8,1009.3151,1061.7784,0.41443,8.0,4.6846,1013.9997,1057.0938,-3.7938,3.7938,9,historical
2021|autumn||2021秋季北信越地区大会|SF|星稜|5|富山商|4,2021,autumn,,2021秋季北信越地区大会,SF,regional,石川,富山,5,4,1057.0938,945.7067,0.698715,8.0,2.4103,1059.5041,943.2964,17.3709,-17.3709,14,historical
2021|autumn||2021秋季北信越地区大会|F|敦賀気比|6|星稜|0,2021,autumn,,2021秋季北信越地区大会,F,regional,福井,石川,6,0,1013.9997,1059.5041,0.429153,8.0,4.5668,1018.5664,1054.9373,-2.0292,2.0292,10,historical
2021|autumn||2021秋季東海地区大会|1R|大垣日大|7|静岡|2,2021,autumn,,2021秋季東海地区大会,1R,regional,岐阜,静岡,7,2,977.1304,978.5241,0.503119,8.0,3.9751,981.1055,974.549,1.7804,-1.7804,7,historical
2021|autumn||2021秋季東海地区大会|1R|津商|6|中部大春日丘|3,2021,autumn,,2021秋季東海地区大会,1R,regional,三重,愛知,6,3,988.0677,1035.3565,0.41014,8.0,4.7189,992.7866,1030.6376,-7.9189,7.9189,11,historical
2021|autumn||2021秋季東海地区大会|1R|聖隷クリストファー|11|津田学園|4,2021,autumn,,2021秋季東海地区大会,1R,regional,静岡,三重,11,4,974.549,992.7866,0.464861,8.0,4.2811,978.8301,988.5055,-3.1098,3.1098,13,historical
2021|autumn||2021秋季東海地区大会|1R|至学館|5|岐阜第一|3,2021,autumn,,2021秋季東海地区大会,1R,regional,愛知,岐阜,5,3,1030.6376,981.1055,0.590705,8.0,3.2744,1033.9119,977.8311,7.1008,-7.1008,15,historical
2021|autumn||2021秋季東海地区大会|QF|日大三島|5|津商|2,2021,autumn,,2021秋季東海地区大会,QF,regional,静岡,三重,5,2,978.8301,988.5055,0.482763,8.0,4.1379,982.968,984.3676,-1.1536,1.1536,14,historical
2021|autumn||2021秋季東海地区大会|QF|大垣日大|3|享栄|2,2021,autumn,,2021秋季東海地区大会,QF,regional,岐阜,愛知,3,2,977.8311,1033.9119,0.395263,8.0,4.8379,982.669,1029.074,-8.8958,8.8958,16,historical
2021|autumn||2021秋季東海地区大会|QF|聖隷クリストファー|4|中京|3,2021,autumn,,2021秋季東海地区大会,QF,regional,静岡,岐阜,4,3,982.968,982.669,0.490651,8.0,4.0748,987.0428,978.5942,-3.3982,3.3982,8,historical
2021|autumn||2021秋季東海地区大会|QF|至学館|4|三重|1,2021,autumn,,2021秋季東海地区大会,QF,regional,愛知,三重,4,1,1029.074,984.3676,0.581124,8.0,3.351,1032.425,981.0166,6.0833,-6.0833,12,historical
2021|autumn||2021秋季東海地区大会|SF|聖隷クリストファー|9|至学館|8,2021,autumn,,2021秋季東海地区大会,SF,regional,静岡,愛知,9,8,987.0428,1032.425,0.433363,8.0,4.5331,991.5759,1027.892,-0.5994,0.5994,15,historical
2021|autumn||2021秋季東海地区大会|SF|日大三島|10|大垣日大|4,2021,autumn,,2021秋季東海地区大会,SF,regional,静岡,岐阜,10,4,991.5759,978.5942,0.51298,8.0,3.8962,995.4721,974.6981,-1.9801,1.9801,9,historical
2021|autumn||2021秋季近畿地区大会|1R|市和歌山|2|神戸学院大付|1,2021,autumn,,2021秋季近畿地区大会,1R,regional,和歌山,兵庫,2,1,1045.8146,1002.4517,0.563437,8.0,3.4925,1049.3071,998.9592,0.4782,-0.4782,5,historical
2021|autumn||2021秋季近畿地区大会|1R|天理|3|滋賀学園|2,2021,autumn,,2021秋季近畿地区大会,1R,regional,奈良,滋賀,3,2,1070.2168,998.414,0.610733,8.0,3.1141,1073.331,995.2999,3.2195,-3.2195,5,historical
2021|autumn||2021秋季近畿地区大会|1R|大阪桐蔭|7|塔南|0,2021,autumn,,2021秋季近畿地区大会,1R,regional,大阪,京,7,0,1107.243,1017.2512,0.631863,8.0,2.9451,1110.1881,1014.3061,1.9267,-1.9267,5,historical
2021|autumn||2021秋季近畿地区大会|1R|東洋大姫路|2|智弁学園|0,2021,autumn,,2021秋季近畿地区大会,1R,regional,兵庫,奈良,2,0,998.9592,1073.331,0.377444,8.0,4.9804,1003.9396,1068.3505,-6.2793,6.2793,5,historical
2021|autumn||2021秋季近畿地区大会|1R|金光大阪|2|高田商|0,2021,autumn,,2021秋季近畿地区大会,1R,regional,大阪,奈良,2,0,1110.1881,1068.3505,0.560941,8.0,3.5125,1113.7005,1064.8381,0.3602,-0.3602,11,historical
2021|autumn||2021秋季近畿地区大会|1R|近江|11|社|10,2021,autumn,,2021秋季近畿地区大会,1R,regional,滋賀,兵庫,11,10,995.2999,1003.9396,0.492219,8.0,4.0622,999.3621,999.8774,1.6162,-1.6162,5,historical
2021|autumn||2021秋季近畿地区大会|1R|京都国際|3|履正社|0,2021,autumn,,2021秋季近畿地区大会,1R,regional,京,大阪,3,0,1014.3061,1113.7005,0.352567,8.0,5.1795,1019.4856,1108.5211,-3.0936,3.0936,6,historical
2021|autumn||2021秋季近畿地区大会|1R|和歌山東|3|八幡商|1,2021,autumn,,2021秋季近畿地区大会,1R,regional,和歌山,滋賀,3,1,1049.3071,999.3621,0.573579,8.0,3.4114,1052.7185,995.9508,0.7785,-0.7785,5,historical
2021|autumn||2021秋季近畿地区大会|QF|和歌山東|3|京都国際|2,2021,autumn,,2021秋季近畿地区大会,QF,regional,和歌山,京,3,2,1052.7185,1019.4856,0.541305,8.0,3.6696,1056.3881,1015.816,-2.2329,2.2329,4,historical
2021|autumn||2021秋季近畿地区大会|QF|金光大阪|7|近江|6,2021,autumn,,2021秋季近畿地区大会,QF,regional,大阪,滋賀,7,6,1108.5211,995.9508,0.662156,8.0,2.7028,1111.2238,993.248,2.1636,-2.1636,6,historical
2021|autumn||2021秋季近畿地区大会|QF|大阪桐蔭|5|東洋大姫路|0,2021,autumn,,2021秋季近畿地区大会,QF,regional,大阪,兵庫,5,0,1111.2238,999.8774,0.672176,8.0,2.6226,1113.8464,997.2548,6.6954,-6.6954,6,historical
2021|autumn||2021秋季近畿地区大会|QF|天理|5|市和歌山|1,2021,autumn,,2021秋季近畿地区大会,QF,regional,奈良,和歌山,5,1,1064.8381,1056.3881,0.513397,8.0,3.8928,1068.7309,1052.4952,0.4307,-0.4307,5,historical
2021|autumn||2021秋季近畿地区大会|SF|和歌山東|8|金光大阪|1,2021,autumn,,2021秋季近畿地区大会,SF,regional,和歌山,大阪,8,1,1052.4952,1113.8464,0.412714,8.0,4.6983,1057.1935,1109.1481,0.0355,-0.0355,12,historical
2021|autumn||2021秋季近畿地区大会|SF|大阪桐蔭|9|天理|1,2021,autumn,,2021秋季近畿地区大会,SF,regional,大阪,奈良,9,1,1109.1481,1068.7309,0.563445,8.0,3.4924,1112.6406,1065.2384,1.9539,-1.9539,12,historical
2021|autumn||2021秋季近畿地区大会|F|大阪桐蔭|10|和歌山東|1,2021,autumn,,2021秋季近畿地区大会,F,regional,大阪,和歌山,10,1,1112.6406,1057.1935,0.572888,8.0,3.4169,1116.0575,1053.7766,-2.218,2.218,13,historical
2021|autumn||2021秋季中国地区大会|1R|広陵|6|倉吉総合産|0,2021,autumn,,2021秋季中国地区大会,1R,regional,広島,鳥取,6,0,1015.9961,967.7703,0.593058,8.0,3.2555,1019.2517,964.5148,8.6002,-8.6002,14,historical
2021|autumn||2021秋季中国地区大会|1R|宇部商|7|出雲西|5,2021,autumn,,2021秋季中国地区大会,1R,regional,山口,島根,7,5,998.3663,945.9279,0.587963,8.0,3.2963,1001.6626,942.6316,4.6637,-4.6637,8,historical
2021|autumn||2021秋季中国地区大会|1R|下関国際|8|創志学園|0,2021,autumn,,2021秋季中国地区大会,1R,regional,山口,岡山,8,0,1001.6626,1005.6921,0.493146,8.0,4.0548,1005.7174,1001.6373,-0.3666,0.3666,11,historical
2021|autumn||2021秋季中国地区大会|1R|倉敷工|5|米子西|0,2021,autumn,,2021秋季中国地区大会,1R,regional,岡山,鳥取,5,0,1001.6373,964.5148,0.552524,8.0,3.5798,1005.2171,960.935,-0.2448,0.2448,6,historical
2021|autumn||2021秋季中国地区大会|1R|鳥取商|3|宇部工|2,2021,autumn,,2021秋季中国地区大会,1R,regional,鳥取,山口,3,2,960.935,1005.7174,0.433377,8.0,4.533,965.468,1001.1844,-0.8943,0.8943,5,historical
2021|autumn||2021秋季中国地区大会|1R|立正大淞南|8|岩国商|0,2021,autumn,,2021秋季中国地区大会,1R,regional,島根,山口,8,0,942.6316,1001.1844,0.399157,8.0,4.8067,947.4384,996.3777,-6.2469,6.2469,9,historical
2021|autumn||2021秋季中国地区大会|1R|岡山学芸館|12|尾道商|5,2021,autumn,,2021秋季中国地区大会,1R,regional,岡山,広島,12,5,1005.2171,1019.2517,0.493848,8.0,4.0492,1009.2663,1015.2024,4.8796,-4.8796,13,historical
2021|autumn||2021秋季中国地区大会|1R|広島商|8|益田東|7,2021,autumn,,2021秋季中国地区大会,1R,regional,広島,島根,8,7,1015.2024,947.4384,0.59642,8.0,3.2286,1018.4311,944.2097,0.0426,-0.0426,5,historical
2021|autumn||2021秋季中国地区大会|QF|岡山学芸館|6|立正大淞南|0,2021,autumn,,2021秋季中国地区大会,QF,regional,岡山,島根,6,0,1009.2663,944.2097,0.611223,8.0,3.1102,1012.3765,941.0995,6.7714,-6.7714,6,historical
2021|autumn||2021秋季中国地区大会|QF|広島商|6|鳥取商|2,2021,autumn,,2021秋季中国地区大会,QF,regional,広島,鳥取,6,2,1018.4311,965.468,0.604604,8.0,3.1632,1021.5942,962.3048,10.4062,-10.4062,15,historical
2021|autumn||2021秋季中国地区大会|QF|広陵|3|下関国際|0,2021,autumn,,2021秋季中国地区大会,QF,regional,広島,山口,3,0,1021.5942,996.3777,0.546368,8.0,3.6291,1025.2233,992.7486,3.5481,-3.5481,11,historical
2021|autumn||2021秋季中国地区大会|QF|倉敷工|10|宇部商|2,2021,autumn,,2021秋季中国地区大会,QF,regional,岡山,山口,10,2,1012.3765,992.7486,0.52407,8.0,3.8074,1016.184,988.9412,-1.4447,1.4447,12,historical
2021|autumn||2021秋季中国地区大会|SF|広島商|9|倉敷工|6,2021,autumn,,2021秋季中国地区大会,SF,regional,広島,岡山,9,6,1025.2233,1016.184,0.493009,8.0,4.0559,1029.2792,1012.128,-6.9487,6.9487,14,historical
2021|autumn||2021秋季中国地区大会|SF|広陵|7|岡山学芸館|4,2021,autumn,,2021秋季中国地区大会,SF,regional,広島,岡山,7,4,1029.2792,1012.128,0.509895,8.0,3.9208,1033.2001,1008.2072,-5.1374,5.1374,15,historical
2021|autumn||2021秋季四国地区大会|1R|阿南光|2|西条|0,2021,autumn,,2021秋季四国地区大会,1R,regional,徳島,愛媛,2,0,948.2643,995.6741,0.41444,8.0,4.6845,952.9488,990.9896,-6.3171,6.3171,9,historical
2021|autumn||2021秋季四国地区大会|1R|高知|4|済美|1,2021,autumn,,2021秋季四国地区大会,1R,regional,高知,愛媛,4,1,1061.0127,990.9896,0.639109,8.0,2.8871,1063.8999,988.1025,14.6284,-14.6284,12,historical
2021|autumn||2021秋季四国地区大会|1R|尽誠学園|5|高知中央|4,2021,autumn,,2021秋季四国地区大会,1R,regional,香川,高知,5,4,990.1152,1063.8999,0.417962,8.0,4.6563,994.7715,1059.2436,8.1296,-8.1296,14,historical
2021|autumn||2021秋季四国地区大会|1R|徳島商|3|四国学院大香川西|1,2021,autumn,,2021秋季四国地区大会,1R,regional,徳島,香川,3,1,952.9488,994.7715,0.438398,8.0,4.4928,957.4416,990.2787,-0.6005,0.6005,5,historical
2021|autumn||2021秋季四国地区大会|QF|高知|2|英明|1,2021,autumn,,2021秋季四国地区大会,QF,regional,高知,香川,2,1,1059.2436,990.2787,0.568284,8.0,3.4537,1062.6973,986.825,-10.6091,10.6091,15,historical
2021|autumn||2021秋季四国地区大会|QF|明徳義塾|8|阿南光|1,2021,autumn,,2021秋季四国地区大会,QF,regional,高知,徳島,8,1,1062.6973,957.4416,0.665978,8.0,2.6722,1065.3695,954.7694,7.3091,-7.3091,12,historical
2021|autumn||2021秋季四国地区大会|QF|鳴門|2|尽誠学園|0,2021,autumn,,2021秋季四国地区大会,QF,regional,徳島,香川,2,0,954.7694,986.825,0.456211,8.0,4.3503,959.1197,982.4747,0.775,-0.775,6,historical
2021|autumn||2021秋季四国地区大会|QF|徳島商|5|新田|4,2021,autumn,,2021秋季四国地区大会,QF,regional,徳島,愛媛,5,4,959.1197,988.1025,0.445051,8.0,4.4396,963.5593,983.6629,-4.6772,4.6772,10,historical
2021|autumn||2021秋季四国地区大会|SF|高知|11|徳島商|4,2021,autumn,,2021秋季四国地区大会,SF,regional,高知,徳島,11,4,1065.3695,963.5593,0.665337,8.0,2.6773,1068.0468,960.882,8.7818,-8.7818,13,historical
2021|autumn||2021秋季四国地区大会|SF|鳴門|3|明徳義塾|2,2021,autumn,,2021秋季四国地区大会,SF,regional,徳島,高知,3,2,960.882,1068.0468,0.323982,8.0,5.4081,966.2901,1062.6386,-10.3052,10.3052,14,historical
2021|autumn||2021秋季四国地区大会|F|高知|7|鳴門|3,2021,autumn,,2021秋季四国地区大会,F,regional,高知,徳島,7,3,1062.6386,966.2901,0.656055,8.0,2.7516,1065.3902,963.5386,7.9159,-7.9159,15,historical
2021|autumn||2021秋季九州地区大会|1R|大分舞鶴|4|大島|4,2021,autumn,,2021秋季九州地区大会,1R,regional,大分,東東京,4,4,1033.182,1034.4405,0.498147,8.0,0.0148,1033.1968,1034.4257,-0.0144,0.0144,2,historical
2021|autumn||2021秋季九州地区大会|1R|有田工|3|秀岳館|0,2021,autumn,,2021秋季九州地区大会,1R,regional,佐賀,熊本,3,0,935.5792,961.0446,0.462504,8.0,4.3,939.8791,956.7447,-0.3194,0.3194,1,historical
2021|autumn||2021秋季九州地区大会|1R|海星|5|福岡第一|4,2021,autumn,,2021秋季九州地区大会,1R,regional,長崎,福岡,5,4,1006.6834,1026.413,0.468141,8.0,4.2549,1010.9383,1022.1581,-1.2192,1.2192,2,historical
2021|autumn||2021秋季九州地区大会|1R|興南|5|日章学園|0,2021,autumn,,2021秋季九州地区大会,1R,regional,沖縄,宮崎,5,0,1010.418,965.0452,0.564791,8.0,3.4817,1013.8996,961.5636,-0.0484,0.0484,2,historical
2021|autumn||2021秋季九州地区大会|1R|大島|3|大分舞鶴|2,2021,autumn,,2021秋季九州地区大会,1R,regional,東東京,大分,3,2,1034.4257,1033.1968,0.501816,8.0,3.9855,1038.4112,1029.2113,0.0166,-0.0166,3,historical
2021|autumn||2021秋季九州地区大会|1R|長崎日大|15|小林秀峰|6,2021,autumn,,2021秋季九州地区大会,1R,regional,長崎,宮崎,15,6,1010.9383,961.5636,0.577221,8.0,3.3822,1014.3205,958.1813,2.3585,-2.3585,6,historical
2021|autumn||2021秋季九州地区大会|1R|九州国際大付|6|鹿児島城西|4,2021,autumn,,2021秋季九州地区大会,1R,regional,福岡,鹿児島,6,4,1022.1581,976.8589,0.572441,8.0,3.4205,1025.5786,973.4385,2.6974,-2.6974,6,historical
2021|autumn||2021秋季九州地区大会|1R|明豊|14|前原|4,2021,autumn,,2021秋季九州地区大会,1R,regional,大分,沖縄,14,4,1029.2113,1013.8996,0.521918,8.0,3.8247,1033.036,1010.075,-0.0358,0.0358,2,historical
2021|autumn||2021秋季九州地区大会|1R|佐賀商|4|熊本工|3,2021,autumn,,2021秋季九州地区大会,1R,regional,佐賀,熊本,4,3,939.8791,956.7447,0.475949,8.0,4.1924,944.0716,952.5522,0.0701,-0.0701,2,historical
2021|autumn||2021秋季九州地区大会|QF|長崎日大|7|佐賀商|1,2021,autumn,,2021秋季九州地区大会,QF,regional,長崎,佐賀,7,1,1014.3205,944.0716,0.60064,8.0,3.1949,1017.5154,940.8767,0.3255,-0.3255,1,historical
2021|autumn||2021秋季九州地区大会|QF|九州国際大付|13|明豊|0,2021,autumn,,2021秋季九州地区大会,QF,regional,福岡,大分,13,0,1025.5786,1033.036,0.507209,8.0,3.9423,1029.5209,1029.0937,6.2334,-6.2334,15,historical
2021|autumn||2021秋季九州地区大会|QF|有田工|2|海星|0,2021,autumn,,2021秋季九州地区大会,QF,regional,佐賀,長崎,2,0,940.8767,1017.5154,0.388545,8.0,4.8916,945.7683,1012.6238,-1.0652,1.0652,2,historical
2021|autumn||2021秋季九州地区大会|QF|大島|3|興南|0,2021,autumn,,2021秋季九州地区大会,QF,regional,東東京,沖縄,3,0,1038.4112,1010.075,0.539674,8.0,3.6826,1042.0938,1006.3924,-0.3548,0.3548,1,historical
2021|autumn||2021秋季九州地区大会|SF|九州国際大付|12|長崎日大|2,2021,autumn,,2021秋季九州地区大会,SF,regional,福岡,長崎,12,2,1029.5209,1012.6238,0.526572,8.0,3.7874,1033.3083,1008.8363,0.7922,-0.7922,3,historical
2021|autumn||2021秋季九州地区大会|SF|大島|11|有田工|7,2021,autumn,,2021秋季九州地区大会,SF,regional,東東京,佐賀,11,7,1042.0938,945.7683,0.635178,8.0,2.9186,1045.0124,942.8497,-0.0,0.0,0,historical
2021|autumn||2021秋季九州地区大会|F|九州国際大付|12|大島|6,2021,autumn,,2021秋季九州地区大会,F,regional,福岡,東東京,12,6,1033.3083,1045.0124,0.48189,8.0,4.1449,1037.4532,1040.8675,-0.4428,0.4428,3,historical
2021|jingu||2021明治神宮大会|1R|九州国際大付|5|クラーク国際|1,2021,jingu,,2021明治神宮大会,1R,national,福岡,北北海道,5,1,1037.4532,990.6923,0.566891,9.2,3.9846,1041.4378,986.7077,-0.0,0.0,0,historical
2021|jingu||2021明治神宮大会|1R|花巻東|6|国学院久我山|3,2021,jingu,,2021明治神宮大会,1R,prefecture,岩手,西東京,6,3,1009.4325,1024.0097,0.479034,4.8,2.5006,1011.9332,1021.5091,0.0,-0.0,0,historical
2021|jingu||2021明治神宮大会|QF|大阪桐蔭|8|敦賀気比|4,2021,jingu,,2021明治神宮大会,QF,national,大阪,福井,8,4,1116.0575,1018.5664,0.636731,9.2,3.3421,1119.3995,1015.2244,0.0,-0.0,0,historical
2021|jingu||2021明治神宮大会|QF|広陵|5|明秀日立|3,2021,jingu,,2021明治神宮大会,QF,national,広島,茨城,5,3,1033.2001,973.9408,0.583266,9.2,3.834,1037.034,970.1069,-0.428,0.428,1,historical
2021|jingu||2021明治神宮大会|QF|九州国際大付|2|日大三島|1,2021,jingu,,2021明治神宮大会,QF,national,福岡,静岡,2,1,1041.4378,995.4721,0.565767,9.2,3.9949,1045.4328,991.4771,0.0,-0.0,0,historical
2021|jingu||2021明治神宮大会|QF|花巻東|6|高知|2,2021,jingu,,2021明治神宮大会,QF,national,岩手,高知,6,2,1011.9332,1065.3902,0.423671,9.2,5.3022,1017.2354,1060.088,0.0,-0.0,0,historical
2021|jingu||2021明治神宮大会|SF|大阪桐蔭|9|九州国際大付|2,2021,jingu,,2021明治神宮大会,SF,national,大阪,福岡,9,2,1119.3995,1045.4328,0.60847,9.2,3.6021,1123.0016,1041.8307,1.3113,-1.3113,2,historical
2021|jingu||2021明治神宮大会|SF|広陵|10|花巻東|9,2021,jingu,,2021明治神宮大会,SF,national,広島,岩手,10,9,1037.034,1017.2354,0.528462,9.2,4.3382,1041.3722,1012.8972,-0.0,0.0,0,historical
2021|jingu||2021明治神宮大会|F|大阪桐蔭|11|広陵|7,2021,jingu,,2021明治神宮大会,F,national,大阪,広島,11,7,1123.0016,1041.3722,0.616355,9.2,3.5295,1126.5311,1037.8426,0.3657,-0.3657,1,historical
2022|spring||2022春季北海道地区大会|1R|札幌日大|3|旭川明成|2,2022,spring,,2022春季北海道地区大会,1R,regional,南北海道,北北海道,3,2,989.9626,986.7077,0.50471,7.6,3.7642,993.7268,982.9435,0.0091,-0.0091,82,historical
2022|spring||2022春季北海道地区大会|1R|北照|7|白樺学園|3,2022,spring,,2022春季北海道地区大会,1R,regional,南北海道,北北海道,7,3,993.7268,982.9435,0.52294,7.6,3.6257,997.3525,979.3179,2.5841,-2.5841,83,historical
2022|spring||2022春季北海道地区大会|1R|東海大札幌|7|稚内大谷|4,2022,spring,,2022春季北海道地区大会,1R,regional,南北海道,北北海道,7,4,997.3525,979.3179,0.540457,7.6,3.4925,1000.845,975.8254,5.0696,-5.0696,84,historical
2022|spring||2022春季北海道地区大会|1R|釧路工|10|北見緑陵|0,2022,spring,,2022春季北海道地区大会,1R,regional,北海道,北北海道,10,0,992.443,975.8254,0.523897,7.6,3.6184,996.0614,972.207,-0.0,0.0,0,historical
2022|spring||2022春季北海道地区大会|1R|札幌第一|7|滝川西|4,2022,spring,,2022春季北海道地区大会,1R,regional,南北海道,北北海道,7,4,1000.845,972.207,0.562384,7.6,3.3259,1004.1709,968.8811,7.4688,-7.4688,85,historical
2022|spring||2022春季北海道地区大会|1R|クラーク国際|8|北星大付|1,2022,spring,,2022春季北海道地区大会,1R,regional,北北海道,南北海道,8,1,968.8811,1004.1709,0.421775,7.6,4.3945,973.2756,999.7764,-9.7584,9.7584,86,historical
2022|spring||2022春季北海道地区大会|QF|苫小牧中央|4|釧路工|2,2022,spring,,2022春季北海道地区大会,QF,regional,南北海道,北海道,4,2,999.7764,996.0614,0.508608,7.6,3.7346,1003.511,992.3268,1.1335,-1.1335,2,historical
2022|spring||2022春季北海道地区大会|QF|札幌第一|5|クラーク国際|4,2022,spring,,2022春季北海道地区大会,QF,regional,南北海道,北北海道,5,4,1003.511,973.2756,0.562609,7.6,3.3242,1006.8351,969.9514,6.7496,-6.7496,87,historical
2022|spring||2022春季東北地区大会|1R|聖愛|5|学法石川|0,2022,spring,,2022春季東北地区大会,1R,regional,青森,福島,5,0,1011.2488,977.1902,0.550927,7.6,3.413,1014.6618,973.7773,0.726,-0.726,9,historical
2022|spring||2022春季東北地区大会|1R|東北|11|光南|1,2022,spring,,2022春季東北地区大会,1R,regional,宮城,福島,11,1,1047.4207,973.7773,0.611009,7.6,2.9563,1050.377,970.8209,2.4,-2.4,10,historical
2022|spring||2022春季東北地区大会|1R|聖光学院|9|盛岡大付|0,2022,spring,,2022春季東北地区大会,1R,regional,福島,岩手,9,0,970.8209,1012.8972,0.435513,7.6,4.2901,975.111,1008.6071,-1.4923,1.4923,9,historical
2022|spring||2022春季東北地区大会|1R|秋田商|7|酒田南|4,2022,spring,,2022春季東北地区大会,1R,regional,秋田,山形,7,4,967.7424,993.0207,0.453988,7.6,4.1497,971.8921,988.871,-3.3924,3.3924,5,historical
2022|spring||2022春季東北地区大会|1R|羽黒|5|久慈|4,2022,spring,,2022春季東北地区大会,1R,regional,山形,岩手,5,4,988.871,1008.6071,0.459077,7.6,4.111,992.982,1004.4961,-4.3821,4.3821,9,historical
2022|spring||2022春季東北地区大会|1R|青森山田|4|明桜|2,2022,spring,,2022春季東北地区大会,1R,regional,青森,秋田,4,2,1014.6618,971.8921,0.567167,7.6,3.2895,1017.9513,968.6026,2.0934,-2.0934,8,historical
2022|spring||2022春季東北地区大会|QF|聖愛|7|仙台育英|6,2022,spring,,2022春季東北地区大会,QF,regional,青森,宮城,7,6,1017.9513,1050.377,0.444281,7.6,4.2235,1022.1748,1046.1536,-3.2268,3.2268,14,historical
2022|spring||2022春季東北地区大会|QF|東北|3|花巻東|1,2022,spring,,2022春季東北地区大会,QF,regional,宮城,岩手,3,1,1046.1536,1004.4961,0.569048,7.6,3.2752,1049.4288,1001.2209,3.3152,-3.3152,9,historical
2022|spring||2022春季東北地区大会|QF|聖光学院|5|秋田商|4,2022,spring,,2022春季東北地区大会,QF,regional,福島,秋田,5,4,975.111,968.6026,0.516355,7.6,3.6757,978.7867,964.9269,2.43,-2.43,6,historical
2022|spring||2022春季東北地区大会|QF|青森山田|4|羽黒|3,2022,spring,,2022春季東北地区大会,QF,regional,青森,山形,4,3,1022.1748,992.982,0.548137,7.6,3.4342,1025.6089,989.5478,2.1802,-2.1802,8,historical
2022|spring||2022春季東北地区大会|SF|聖光学院|5|聖愛|3,2022,spring,,2022春季東北地区大会,SF,regional,福島,青森,5,3,978.7867,1025.6089,0.42686,7.6,4.3559,983.1426,1021.2531,-2.1839,2.1839,10,historical
2022|spring||2022春季東北地区大会|SF|東北|3|青森山田|1,2022,spring,,2022春季東北地区大会,SF,regional,宮城,青森,3,1,1049.4288,1021.2531,0.544006,7.6,3.4656,1052.8944,1017.7875,1.2411,-1.2411,15,historical
2022|spring||2022春季東北地区大会|F|聖光学院|4|東北|3,2022,spring,,2022春季東北地区大会,F,regional,福島,宮城,4,3,983.1426,1052.8944,0.390527,7.6,4.632,987.7746,1048.2624,-3.7848,3.7848,11,historical
2022|spring||2022春季関東地区大会|1R|銚子商|4|青藍泰斗|3,2022,spring,,2022春季関東地区大会,1R,regional,千葉,栃木,4,3,1004.2544,959.7719,0.565563,7.6,3.3017,1007.5561,956.4702,0.6695,-0.6695,3,historical
2022|spring||2022春季関東地区大会|2R|前橋育英|5|佐野日大|3,2022,spring,,2022春季関東地区大会,2R,regional,群馬,栃木,5,3,1018.9416,956.4702,0.593342,7.6,3.0906,1022.0322,953.3796,1.5793,-1.5793,4,historical
2022|spring||2022春季関東地区大会|2R|関東一|4|甲府城西|0,2022,spring,,2022春季関東地区大会,2R,prefecture,東東京,山梨,4,0,1040.8675,974.6567,0.594578,4.56,1.8487,1042.7162,972.808,0.155,-0.155,1,historical
2022|spring||2022春季関東地区大会|2R|山梨学院|7|二松学舎大付|4,2022,spring,,2022春季関東地区大会,2R,prefecture,山梨,東東京,7,4,972.808,1042.7162,0.399193,4.56,2.7397,975.5477,1039.9765,-0.5564,0.5564,2,historical
2022|spring||2022春季関東地区大会|2R|健大高崎|6|桐光学園|1,2022,spring,,2022春季関東地区大会,2R,regional,群馬,神奈川,6,1,1022.0322,1038.5462,0.4774,7.6,3.9718,1026.0039,1034.5744,0.3994,-0.3994,6,historical
2022|spring||2022春季関東地区大会|2R|浦和学院|4|桐蔭学園|2,2022,spring,,2022春季関東地区大会,2R,regional,埼玉,神奈川,4,2,1008.026,1034.5744,0.439423,7.6,4.2604,1012.2864,1030.314,-7.8763,7.8763,12,historical
2022|spring||2022春季関東地区大会|2R|山村学園|12|市船橋|2,2022,spring,,2022春季関東地区大会,2R,regional,埼玉,千葉,12,2,1012.2864,1007.5561,0.511612,7.6,3.7117,1015.9982,1003.8444,1.6701,-1.6701,6,historical
2022|spring||2022春季関東地区大会|2R|作新学院|10|つくば秀英|3,2022,spring,,2022春季関東地区大会,2R,regional,栃木,茨城,10,3,953.3796,970.1069,0.478287,7.6,3.965,957.3446,966.1419,0.815,-0.815,3,historical
2022|spring||2022春季関東地区大会|2R|明秀日立|8|銚子商|1,2022,spring,,2022春季関東地区大会,2R,regional,茨城,千葉,8,1,966.1419,1003.8444,0.443757,7.6,4.2275,970.3693,999.6169,-0.7728,0.7728,5,historical
2022|spring||2022春季関東地区大会|QF|関東一|10|健大高崎|0,2022,spring,,2022春季関東地区大会,QF,prefecture,東東京,群馬,10,0,1039.9765,1026.0039,0.520097,4.56,2.1884,1042.1649,1023.8156,0.0,-0.0,0,historical
2022|spring||2022春季関東地区大会|QF|山梨学院|8|前橋育英|0,2022,spring,,2022春季関東地区大会,QF,regional,山梨,群馬,8,0,975.5477,1023.8156,0.416067,7.6,4.4379,979.9856,1019.3777,-5.306,5.306,8,historical
2022|spring||2022春季関東地区大会|QF|山村学園|5|作新学院|1,2022,spring,,2022春季関東地区大会,QF,regional,埼玉,栃木,5,1,1015.9982,957.3446,0.587495,7.6,3.135,1019.1332,954.2095,1.3882,-1.3882,6,historical
2022|spring||2022春季関東地区大会|QF|浦和学院|9|明秀日立|7,2022,spring,,2022春季関東地区大会,QF,regional,埼玉,茨城,9,7,1019.1332,970.3693,0.571189,7.6,3.259,1022.3922,967.1104,0.521,-0.521,3,historical
2022|spring||2022春季関東地区大会|SF|関東一|9|山村学園|2,2022,spring,,2022春季関東地区大会,SF,prefecture,東東京,埼玉,9,2,1042.1649,1022.3922,0.52784,4.56,2.1531,1044.3179,1020.2391,-0.2039,0.2039,1,historical
2022|spring||2022春季関東地区大会|SF|浦和学院|7|山梨学院|0,2022,spring,,2022春季関東地区大会,SF,regional,埼玉,山梨,7,0,1020.2391,979.9856,0.550389,7.6,3.417,1023.6562,976.5685,-2.5603,2.5603,6,historical
2022|spring||2022春季関東地区大会|F|浦和学院|4|関東一|1,2022,spring,,2022春季関東地区大会,F,prefecture,埼玉,東東京,4,1,1023.6562,1044.3179,0.470426,4.56,2.4149,1026.071,1041.9031,0.044,-0.044,2,historical
2022|spring||2022春季北信越地区大会|QF|啓新|11|高岡商|1,2022,spring,,2022春季北信越地区大会,QF,regional,福井,富山,11,1,1015.2244,943.2964,0.622754,7.6,2.8671,1018.0914,940.4293,7.5745,-7.5745,11,historical
2022|spring||2022春季北信越地区大会|QF|日本航空石川|11|敦賀工|3,2022,spring,,2022春季北信越地区大会,QF,regional,石川,福井,11,3,1054.9373,1018.0914,0.553202,7.6,3.3957,1058.333,1014.6958,0.1317,-0.1317,11,historical
2022|spring||2022春季北信越地区大会|QF|上田西|7|福井工大福井|6,2022,spring,,2022春季北信越地区大会,QF,regional,長野,福井,7,6,983.9168,1014.6958,0.458619,7.6,4.1145,988.0312,1010.5813,0.9792,-0.9792,11,historical
2022|spring||2022春季北信越地区大会|QF|丹生|8|東京学館新潟|1,2022,spring,,2022春季北信越地区大会,QF,regional,福井,新潟,8,1,1010.5813,963.9611,0.591798,7.6,3.1023,1013.6836,960.8587,8.9494,-8.9494,13,historical
2022|spring||2022春季北信越地区大会|SF|日本航空石川|9|啓新|0,2022,spring,,2022春季北信越地区大会,SF,regional,石川,福井,9,0,1058.333,1013.6836,0.568611,7.6,3.2786,1061.6115,1010.4051,1.6646,-1.6646,12,historical
2022|spring||2022春季北信越地区大会|SF|上田西|12|丹生|3,2022,spring,,2022春季北信越地区大会,SF,regional,長野,福井,12,3,988.0312,1010.4051,0.47607,7.6,3.9819,992.0131,1006.4232,2.8664,-2.8664,12,historical
2022|spring||2022春季北信越地区大会|F|日本航空石川|10|上田西|5,2022,spring,,2022春季北信越地区大会,F,regional,石川,長野,10,5,1061.6115,992.0131,0.596465,7.6,3.0669,1064.6784,988.9463,-0.8583,0.8583,14,historical
2022|spring||2022春季東海地区大会|QF|津田学園|3|東邦|2,2022,spring,,2022春季東海地区大会,QF,regional,三重,愛知,3,2,981.0166,1027.892,0.410957,7.6,4.4767,985.4933,1023.4152,-7.8323,7.8323,13,historical
2022|spring||2022春季東海地区大会|QF|浜松開誠館|3|愛工大名電|1,2022,spring,,2022春季東海地区大会,QF,regional,静岡,愛知,3,1,991.4771,1023.4152,0.45889,7.6,4.1124,995.5896,1019.3028,1.6538,-1.6538,16,historical
2022|spring||2022春季東海地区大会|QF|岐阜第一|3|静岡|2,2022,spring,,2022春季東海地区大会,QF,regional,岐阜,静岡,3,2,974.6981,995.5896,0.471275,7.6,4.0183,978.7164,991.5712,0.4545,-0.4545,10,historical
2022|spring||2022春季東海地区大会|QF|津商|5|大垣日大|4,2022,spring,,2022春季東海地区大会,QF,regional,三重,岐阜,5,4,985.4933,978.7164,0.516799,7.6,3.6723,989.1656,975.044,2.4503,-2.4503,10,historical
2022|spring||2022春季東海地区大会|SF|岐阜第一|11|津田学園|4,2022,spring,,2022春季東海地区大会,SF,regional,岐阜,三重,11,4,975.044,989.1656,0.467783,7.6,4.0448,979.0889,985.1208,-4.1481,4.1481,11,historical
2022|spring||2022春季東海地区大会|SF|浜松開誠館|5|津商|3,2022,spring,,2022春季東海地区大会,SF,regional,静岡,三重,5,3,991.5712,985.1208,0.511704,7.6,3.7111,995.2823,981.4097,0.8417,-0.8417,15,historical
2022|spring||2022春季東海地区大会|F|浜松開誠館|7|岐阜第一|2,2022,spring,,2022春季東海地区大会,F,regional,静岡,岐阜,7,2,995.2823,979.0889,0.516913,7.6,3.6715,998.9538,975.4174,-2.2184,2.2184,11,historical
2022|spring||2022春季近畿地区大会|QF|智弁和歌山|10|西城陽|0,2022,spring,,2022春季近畿地区大会,QF,regional,和歌山,京,10,0,1053.7766,1015.816,0.550092,7.6,3.4193,1057.1959,1012.3967,-1.5179,1.5179,5,historical
2022|spring||2022春季近畿地区大会|QF|報徳学園|8|市和歌山|2,2022,spring,,2022春季近畿地区大会,QF,regional,兵庫,和歌山,8,2,997.2548,1057.1959,0.409966,7.6,4.4843,1001.7391,1052.7117,-1.6554,1.6554,6,historical
2022|spring||2022春季近畿地区大会|QF|近江|6|奈良大付|0,2022,spring,,2022春季近畿地区大会,QF,regional,滋賀,奈良,6,0,993.248,1065.2384,0.385271,7.6,4.6719,997.92,1060.5665,-4.5884,4.5884,6,historical
2022|spring||2022春季近畿地区大会|QF|大阪桐蔭|9|和歌山商|0,2022,spring,,2022春季近畿地区大会,QF,regional,大阪,和歌山,9,0,1126.5311,1052.7117,0.602876,7.6,3.0181,1129.5493,1049.6935,-0.6492,0.6492,14,historical
2022|spring||2022春季近畿地区大会|SF|大阪桐蔭|11|近江|2,2022,spring,,2022春季近畿地区大会,SF,regional,大阪,滋賀,11,2,1129.5493,997.92,0.689061,7.6,2.3631,1131.9124,995.5568,3.3019,-3.3019,7,historical
2022|spring||2022春季近畿地区大会|SF|智弁和歌山|5|報徳学園|4,2022,spring,,2022春季近畿地区大会,SF,regional,和歌山,兵庫,5,4,1049.6935,1001.7391,0.569235,7.6,3.2738,1052.9673,998.4652,0.233,-0.233,7,historical
2022|spring||2022春季近畿地区大会|F|智弁和歌山|3|大阪桐蔭|2,2022,spring,,2022春季近畿地区大会,F,regional,和歌山,大阪,3,2,1052.9673,1131.9124,0.386089,7.6,4.6657,1057.6331,1127.2467,-0.8109,0.8109,15,historical
2022|spring||2022春季中国地区大会|QF|大東|8|宇部工|1,2022,spring,,2022春季中国地区大会,QF,regional,島根,山口,8,1,941.0995,988.9412,0.418773,7.6,4.4173,945.5168,984.5239,-4.5526,4.5526,10,historical
2022|spring||2022春季中国地区大会|QF|広陵|9|立正大淞南|0,2022,spring,,2022春季中国地区大会,QF,regional,広島,島根,9,0,1037.8426,945.5168,0.632734,7.6,2.7912,1040.6339,942.7256,1.0852,-1.0852,6,historical
2022|spring||2022春季中国地区大会|QF|創志学園|6|石見智翠館|0,2022,spring,,2022春季中国地区大会,QF,regional,岡山,島根,6,0,1008.2072,942.7256,0.616416,7.6,2.9152,1011.1224,939.8104,8.4619,-8.4619,7,historical
2022|spring||2022春季中国地区大会|QF|益田東|6|鳥取城北|3,2022,spring,,2022春季中国地区大会,QF,regional,島根,鳥取,6,3,939.8104,962.3048,0.455112,7.6,4.1411,943.9515,958.1637,-4.3905,4.3905,6,historical
2022|spring||2022春季中国地区大会|SF|広陵|13|大東|2,2022,spring,,2022春季中国地区大会,SF,regional,広島,島根,13,2,1040.6339,943.9515,0.64139,7.6,2.7254,1043.3593,941.2261,2.1586,-2.1586,7,historical
2022|spring||2022春季中国地区大会|SF|創志学園|7|益田東|0,2022,spring,,2022春季中国地区大会,SF,regional,岡山,島根,7,0,1011.1224,941.2261,0.626989,7.6,2.8349,1013.9573,938.3912,10.1596,-10.1596,8,historical
2022|spring||2022春季中国地区大会|F|創志学園|5|広陵|4,2022,spring,,2022春季中国地区大会,F,regional,岡山,広島,5,4,1013.9573,1043.3593,0.467207,7.6,4.0492,1018.0066,1039.3101,3.2912,-3.2912,16,historical
2022|spring||2022春季四国地区大会|QF|英明|3|徳島商|2,2022,spring,,2022春季四国地区大会,QF,regional,香川,徳島,3,2,982.4747,963.5386,0.520428,7.6,3.6447,986.1194,959.8938,-2.3665,2.3665,7,historical
2022|spring||2022春季四国地区大会|QF|鳴門|3|高知|0,2022,spring,,2022春季四国地区大会,QF,regional,徳島,高知,3,0,959.8938,1060.088,0.334976,7.6,5.0542,964.948,1055.0338,-9.4676,9.4676,16,historical
2022|spring||2022春季四国地区大会|QF|明徳義塾|6|松山聖陵|2,2022,spring,,2022春季四国地区大会,QF,regional,高知,愛媛,6,2,1055.0338,983.6629,0.645665,7.6,2.6929,1057.7267,980.97,16.4332,-16.4332,13,historical
2022|spring||2022春季四国地区大会|QF|高松商|7|松山商|0,2022,spring,,2022春季四国地区大会,QF,regional,香川,愛媛,7,0,986.1194,980.97,0.493619,7.6,3.8485,989.9679,977.1215,-4.7918,4.7918,11,historical
2022|spring||2022春季四国地区大会|SF|明徳義塾|4|英明|0,2022,spring,,2022春季四国地区大会,SF,regional,高知,香川,4,0,1057.7267,989.9679,0.57079,7.6,3.262,1060.9887,986.7059,-9.118,9.118,16,historical
2022|spring||2022春季四国地区大会|SF|鳴門|7|高松商|0,2022,spring,,2022春季四国地区大会,SF,regional,徳島,香川,7,0,964.948,986.7059,0.472081,7.6,4.0122,968.9602,982.6937,1.1688,-1.1688,8,historical
2022|spring||2022春季四国地区大会|F|鳴門|6|明徳義塾|5,2022,spring,,2022春季四国地区大会,F,regional,徳島,高知,6,5,968.9602,1060.9887,0.351771,7.6,4.9265,973.8867,1056.0622,-7.0794,7.0794,17,historical
2022|spring||2022春季九州地区大会|1R|神村学園|14|宮崎学園|1,2022,spring,,2022春季九州地区大会,1R,regional,鹿児島,宮崎,14,1,973.4385,958.1813,0.523725,7.6,3.6197,977.0582,954.5616,0.6205,-0.6205,3,historical
2022|spring||2022春季九州地区大会|1R|大分舞鶴|3|九州学院|0,2022,spring,,2022春季九州地区大会,1R,regional,大分,熊本,3,0,1029.0937,952.5522,0.607431,7.6,2.9835,1032.0772,949.5687,-0.3546,0.3546,1,historical
2022|spring||2022春季九州地区大会|1R|九州国際大付|9|東明館|1,2022,spring,,2022春季九州地区大会,1R,regional,福岡,佐賀,9,1,1041.8307,942.8497,0.643188,7.6,2.7118,1044.5425,940.138,1.6892,-1.6892,4,historical
2022|spring||2022春季九州地区大会|1R|長崎日大|2|沖縄水産|1,2022,spring,,2022春季九州地区大会,1R,regional,長崎,沖縄,2,1,1008.8363,1006.3924,0.503701,7.6,3.7719,1012.6082,1002.6205,0.0639,-0.0639,4,historical
2022|spring||2022春季九州地区大会|1R|明豊|7|小倉工|6,2022,spring,,2022春季九州地区大会,1R,regional,大分,福岡,7,6,1032.0772,1044.5425,0.458146,7.6,4.1181,1036.1953,1040.4244,-8.3431,8.3431,16,historical
2022|spring||2022春季九州地区大会|1R|西日本短大付|5|有田工|2,2022,spring,,2022春季九州地区大会,1R,regional,福岡,佐賀,5,2,1040.4244,940.138,0.647653,7.6,2.6778,1043.1022,937.4601,2.7313,-2.7313,5,historical
2022|spring||2022春季九州地区大会|1R|小林西|8|大島|3,2022,spring,,2022春季九州地区大会,1R,regional,宮崎,東東京,8,3,954.5616,1041.9031,0.374101,7.6,4.7568,959.3185,1037.1463,-1.0325,1.0325,2,historical
2022|spring||2022春季九州地区大会|1R|波佐見|10|日章学園|5,2022,spring,,2022春季九州地区大会,1R,regional,長崎,宮崎,10,5,1012.6082,959.3185,0.586607,7.6,3.1418,1015.75,956.1767,3.7519,-3.7519,7,historical
2022|spring||2022春季九州地区大会|QF|小林西|2|明豊|1,2022,spring,,2022春季九州地区大会,QF,regional,宮崎,大分,2,1,956.1767,1036.1953,0.379103,7.6,4.7188,960.8955,1031.4765,-2.8432,2.8432,5,historical
2022|spring||2022春季九州地区大会|QF|西日本短大付|5|長崎日大|3,2022,spring,,2022春季九州地区大会,QF,regional,福岡,長崎,5,3,1043.1022,1015.75,0.544755,7.6,3.4599,1046.5621,1012.2901,1.9151,-1.9151,4,historical
2022|spring||2022春季九州地区大会|QF|神村学園|11|大分舞鶴|4,2022,spring,,2022春季九州地区大会,QF,regional,鹿児島,大分,11,4,977.0582,1031.4765,0.394943,7.6,4.5984,981.6566,1026.878,-9.8434,9.8434,10,historical
2022|spring||2022春季九州地区大会|QF|九州国際大付|1|波佐見|0,2022,spring,,2022春季九州地区大会,QF,regional,福岡,長崎,1,0,1046.5621,1012.2901,0.558288,7.6,3.357,1049.9191,1008.9331,3.2078,-3.2078,5,historical
2022|spring||2022春季九州地区大会|SF|西日本短大付|7|小林西|6,2022,spring,,2022春季九州地区大会,SF,regional,福岡,宮崎,7,6,1049.9191,960.8955,0.62748,7.6,2.8311,1052.7502,958.0644,0.7784,-0.7784,7,historical
2022|spring||2022春季九州地区大会|SF|神村学園|3|九州国際大付|2,2022,spring,,2022春季九州地区大会,SF,regional,鹿児島,福岡,3,2,981.6566,1052.7502,0.387734,7.6,4.6532,986.3098,1048.097,-4.1343,4.1343,7,historical
2022|spring||2022春季九州地区大会|F|神村学園|8|西日本短大付|4,2022,spring,,2022春季九州地区大会,F,regional,鹿児島,福岡,8,4,986.3098,1048.097,0.40454,7.6,4.5255,990.8353,1043.5715,-2.6847,2.6847,8,historical
2022|senbatsu||2022選抜|1R|浦和学院|4|大分舞鶴|0,2022,senbatsu,,2022選抜,1R,national,埼玉,大分,4,0,1026.071,1026.878,0.498839,9.12,4.5706,1030.6416,1022.3074,0.0,-0.0,0,historical
2022|senbatsu||2022選抜|1R|和歌山東|8|倉敷工|2,2022,senbatsu,,2022選抜,1R,national,和歌山,岡山,8,2,1057.6331,1018.0066,0.556781,9.12,4.0422,1061.6752,1013.9644,0.0,-0.0,0,historical
2022|senbatsu||2022選抜|1R|九州国際大付|3|クラーク国際|2,2022,senbatsu,,2022選抜,1R,national,福岡,北北海道,3,2,1043.5715,969.9514,0.605304,9.12,3.5996,1047.1711,966.3518,0.3321,-0.3321,1,historical
2022|senbatsu||2022選抜|1R|広陵|9|敦賀気比|0,2022,senbatsu,,2022選抜,1R,national,広島,福井,9,0,1039.3101,1006.4232,0.547187,9.12,4.1297,1043.4397,1002.2935,0.0,-0.0,0,historical
2022|senbatsu||2022選抜|1R|近江|6|長崎日大|2,2022,senbatsu,,2022選抜,1R,national,滋賀,長崎,6,2,995.5568,1008.9331,0.482177,9.12,4.7225,1000.2794,1004.2106,0.4931,-0.4931,1,historical
2022|senbatsu||2022選抜|1R|聖光学院|9|二松学舎大付|3,2022,senbatsu,,2022選抜,1R,prefecture,福島,東東京,9,3,987.7746,1037.1463,0.429423,4.56,2.6018,990.3764,1034.5444,-0.0,0.0,0,historical
2022|senbatsu||2022選抜|1R|木更津総合|2|山梨学院|1,2022,senbatsu,,2022選抜,1R,national,千葉,山梨,2,1,999.6169,976.5685,0.535094,9.12,4.2399,1003.8569,972.3286,0.6888,-0.6888,5,historical
2022|senbatsu||2022選抜|1R|金光大阪|4|日大三島|0,2022,senbatsu,,2022選抜,1R,national,大阪,静岡,4,0,1127.2467,998.9538,0.677558,9.12,2.9407,1130.1874,996.0131,0.3525,-0.3525,1,historical
2022|senbatsu||2022選抜|1R|高知|4|東洋大姫路|2,2022,senbatsu,,2022選抜,1R,national,高知,兵庫,4,2,1056.0622,998.4652,0.582138,9.12,3.8109,1059.8731,994.6543,-0.0,0.0,0,historical
2022|senbatsu||2022選抜|1R|国学院久我山|4|有田工|2,2022,senbatsu,,2022選抜,1R,prefecture,西東京,佐賀,4,2,1021.5091,937.4601,0.618651,4.56,1.739,1023.248,935.7212,-0.0,0.0,0,historical
2022|senbatsu||2022選抜|1R|星稜|5|天理|4,2022,senbatsu,,2022選抜,1R,national,石川,奈良,5,4,1064.6784,1060.5665,0.505917,9.12,4.506,1069.1844,1056.0605,-0.0,0.0,0,historical
2022|senbatsu||2022選抜|1R|大垣日大|6|只見|1,2022,senbatsu,,2022選抜,1R,national,岐阜,福島,6,1,975.4174,990.3764,0.478486,9.12,4.7562,980.1736,985.6202,0.0,-0.0,0,historical
2022|senbatsu||2022選抜|1R|市和歌山|5|花巻東|4,2022,senbatsu,,2022選抜,1R,national,和歌山,岩手,5,4,1061.6752,1001.2209,0.586133,9.12,3.7745,1065.4497,997.4464,0.0,-0.0,0,historical
2022|senbatsu||2022選抜|1R|明秀日立|8|大島|0,2022,senbatsu,,2022選抜,1R,national,茨城,東東京,8,0,967.1104,1034.5444,0.403718,9.12,5.4381,972.5484,1029.1063,-0.1575,0.1575,1,historical
2022|senbatsu||2022選抜|1R|広島商|22|丹生|7,2022,senbatsu,,2022選抜,1R,national,広島,福井,22,7,1043.4397,1002.2935,0.559915,9.12,4.0136,1047.4533,998.28,0.3441,-0.3441,1,historical
2022|senbatsu||2022選抜|1R|大阪桐蔭|3|鳴門|1,2022,senbatsu,,2022選抜,1R,national,大阪,徳島,3,1,1130.1874,973.8867,0.710896,9.12,2.6366,1132.824,971.2501,0.0,-0.0,0,historical
2022|senbatsu||2022選抜|2R|浦和学院|7|和歌山東|0,2022,senbatsu,,2022選抜,2R,national,埼玉,和歌山,7,0,1030.6416,1065.4497,0.450074,9.12,5.0153,1035.6569,1060.4344,-0.0,0.0,0,historical
2022|senbatsu||2022選抜|2R|九州国際大付|4|広陵|1,2022,senbatsu,,2022選抜,2R,national,福岡,広島,4,1,1047.1711,1047.4533,0.499594,9.12,4.5637,1051.7348,1042.8896,-0.0,0.0,0,historical
2022|senbatsu||2022選抜|2R|近江|7|聖光学院|2,2022,senbatsu,,2022選抜,2R,national,滋賀,福島,7,2,1000.2794,985.6202,0.522533,9.12,4.3545,1004.6339,981.2657,0.5044,-0.5044,1,historical
2022|senbatsu||2022選抜|2R|金光大阪|4|木更津総合|3,2022,senbatsu,,2022選抜,2R,national,大阪,千葉,4,3,1132.824,1003.8569,0.677519,9.12,2.941,1135.765,1000.9158,-0.0,0.0,0,historical
2022|senbatsu||2022選抜|2R|国学院久我山|6|高知|3,2022,senbatsu,,2022選抜,2R,prefecture,西東京,高知,6,3,1023.248,1059.8731,0.44804,4.56,2.5169,1025.7649,1057.3561,0.1942,-0.1942,1,historical
2022|senbatsu||2022選抜|2R|星稜|6|大垣日大|2,2022,senbatsu,,2022選抜,2R,national,石川,岐阜,6,2,1069.1844,980.1736,0.626399,9.12,3.4072,1072.5917,976.7664,0.3832,-0.3832,1,historical
2022|senbatsu||2022選抜|2R|市和歌山|2|明秀日立|1,2022,senbatsu,,2022選抜,2R,national,和歌山,茨城,2,1,1060.4344,972.5484,0.623848,9.12,3.4305,1063.8649,969.1179,0.0,-0.0,0,historical
2022|senbatsu||2022選抜|QF|浦和学院|6|九州国際大付|3,2022,senbatsu,,2022選抜,QF,national,埼玉,福岡,6,3,1035.6569,1051.7348,0.476879,9.12,4.7709,1040.4278,1046.964,0.0,-0.0,0,historical
2022|senbatsu||2022選抜|QF|近江|6|金光大阪|1,2022,senbatsu,,2022選抜,QF,national,滋賀,大阪,6,1,1004.6339,1135.765,0.30879,9.12,6.3038,1010.9377,1129.4612,-4.4239,4.4239,8,historical
2022|senbatsu||2022選抜|QF|国学院久我山|4|星稜|2,2022,senbatsu,,2022選抜,QF,prefecture,西東京,石川,4,2,1025.7649,1072.5917,0.432469,4.56,2.5879,1028.3529,1070.0037,-0.1937,0.1937,1,historical
2022|senbatsu||2022選抜|QF|大阪桐蔭|17|市和歌山|0,2022,senbatsu,,2022選抜,QF,national,大阪,和歌山,17,0,1129.4612,1063.8649,0.58911,9.12,3.7473,1133.2085,1060.1175,-1.5039,1.5039,16,historical
2022|senbatsu||2022選抜|SF|近江|5|浦和学院|2,2022,senbatsu,,2022選抜,SF,national,滋賀,埼玉,5,2,1010.9377,1040.4278,0.457662,9.12,4.9461,1015.8838,1035.4817,-0.0,0.0,0,historical
2022|senbatsu||2022選抜|SF|大阪桐蔭|13|国学院久我山|4,2022,senbatsu,,2022選抜,SF,prefecture,大阪,西東京,13,4,1133.2085,1028.3529,0.648188,4.56,1.6043,1134.8128,1026.7486,0.6504,-0.6504,2,historical
2022|senbatsu||2022選抜|F|大阪桐蔭|18|近江|1,2022,senbatsu,,2022選抜,F,national,大阪,滋賀,18,1,1134.8128,1015.8838,0.670339,9.12,3.0065,1137.8193,1012.8773,2.1811,-2.1811,9,historical
2022|koshien||2022選手権|1R|国学院栃木|10|日大三島|3,2022,koshien,,2022選手権,1R,national,栃木,静岡,10,3,954.2095,996.0131,0.440128,11.96,6.6961,960.9056,989.317,0.0,-0.0,0,historical
2022|koshien||2022選手権|1R|明豊|7|樹徳|3,2022,koshien,,2022選手権,1R,national,大分,群馬,7,3,1022.3074,1019.3777,0.503049,11.96,5.9435,1028.251,1013.4341,-0.4055,0.4055,1,historical
2022|koshien||2022選手権|1R|一関学院|6|京都国際|5,2022,koshien,,2022選手権,1R,national,岩手,京,6,5,997.4464,1012.3967,0.47742,11.96,6.2501,1003.6965,1006.1467,-0.3752,0.3752,1,historical
2022|koshien||2022選手権|1R|八戸学院光星|7|創志学園|3,2022,koshien,,2022選手権,1R,national,青森,岡山,7,3,1017.7875,1013.9644,0.505502,11.96,5.9142,1023.7017,1008.0502,-0.0,0.0,0,historical
2022|koshien||2022選手権|1R|愛工大名電|14|星稜|2,2022,koshien,,2022選手権,1R,national,愛知,石川,14,2,1019.3028,1070.0037,0.427549,11.96,6.8465,1026.1493,1063.1572,0.0,-0.0,0,historical
2022|koshien||2022選手権|1R|鶴岡東|12|盈進|7,2022,koshien,,2022選手権,1R,national,山形,広島,12,7,989.5478,1042.8896,0.423833,11.96,6.891,996.4388,1035.9986,0.0,-0.0,0,historical
2022|koshien||2022選手権|1R|近江|8|鳴門|2,2022,koshien,,2022選手権,1R,national,滋賀,徳島,8,2,1012.8773,971.2501,0.559621,11.96,5.2669,1018.1443,965.9832,-0.0,0.0,0,historical
2022|koshien||2022選手権|1R|海星|11|日本文理|0,2022,koshien,,2022選手権,1R,national,長崎,新潟,11,0,1004.2106,960.8587,0.562067,11.96,5.2377,1009.4483,955.6211,-0.0,0.0,0,historical
2022|koshien||2022選手権|1R|天理|2|山梨学院|1,2022,koshien,,2022選手権,1R,national,奈良,山梨,2,1,1056.0605,972.3286,0.619241,11.96,4.5539,1060.6143,967.7747,0.3759,-0.3759,1,historical
2022|koshien||2022選手権|1R|敦賀気比|13|高岡商|3,2022,koshien,,2022選手権,1R,national,福井,富山,13,3,998.28,940.4293,0.607841,11.96,4.6902,1002.9702,935.7391,9.1401,-9.1401,12,historical
2022|koshien||2022選手権|1R|市船橋|6|興南|5,2022,koshien,,2022選手権,1R,national,千葉,沖縄,6,5,1000.9158,1002.6205,0.502831,11.96,5.9461,1006.862,996.6744,1.8359,-1.8359,2,historical
2022|koshien||2022選手権|1R|横浜|4|三重|2,2022,koshien,,2022選手権,1R,national,神奈川,三重,4,2,1030.314,981.4097,0.569918,11.96,5.1438,1035.4578,976.2659,-0.0,0.0,0,historical
2022|koshien||2022選手権|1R|聖光学院|4|日大三|2,2022,koshien,,2022選手権,1R,prefecture,福島,西東京,4,2,981.2657,1026.7486,0.434916,5.52,3.1193,984.385,1023.6294,0.0,-0.0,0,historical
2022|koshien||2022選手権|1R|二松学舎大付|3|札幌大谷|2,2022,koshien,,2022選手権,1R,prefecture,東東京,南北海道,3,2,1029.1063,1006.8351,0.532007,5.52,2.5833,1031.6897,1004.2518,-0.0,0.0,0,historical
2022|koshien||2022選手権|1R|社|10|県岐阜商|1,2022,koshien,,2022選手権,1R,national,兵庫,岐阜,10,1,994.6543,976.7664,0.526823,11.96,5.6592,1000.3135,971.1072,0.3843,-0.3843,1,historical
2022|koshien||2022選手権|1R|大阪桐蔭|6|旭川大高|3,2022,koshien,,2022選手権,1R,prefecture,大阪,北北海道,6,3,1137.8193,966.3518,0.728504,5.52,1.4987,1139.3179,964.8531,-0.0,0.0,0,historical
2022|koshien||2022選手権|1R|聖望学園|8|能代松陽|2,2022,koshien,,2022選手権,1R,national,埼玉,秋田,8,2,1035.4817,964.9269,0.600163,11.96,4.782,1040.2637,960.1448,0.0,-0.0,0,historical
2022|koshien||2022選手権|2R|明秀日立|2|鹿児島実|1,2022,koshien,,2022選手権,2R,national,茨城,鹿児島,2,1,969.1179,990.8353,0.468787,11.96,6.3533,975.4712,984.482,0.0,-0.0,0,historical
2022|koshien||2022選手権|2R|仙台育英|10|鳥取商|0,2022,koshien,,2022選手権,2R,national,宮城,鳥取,10,0,1048.2624,958.1637,0.626832,11.96,4.4631,1052.7255,953.7006,0.0,-0.0,0,historical
2022|koshien||2022選手権|2R|高松商|14|佐久長聖|4,2022,koshien,,2022選手権,2R,national,香川,長野,14,4,982.6937,988.9463,0.491003,11.96,6.0876,988.7813,982.8586,-0.0,0.0,0,historical
2022|koshien||2022選手権|2R|九州国際大付|2|明徳義塾|1,2022,koshien,,2022選手権,2R,national,福岡,高知,2,1,1046.964,1057.3561,0.485049,11.96,6.1588,1053.1228,1051.1973,0.0,-0.0,0,historical
2022|koshien||2022選手権|2R|下関国際|5|富島|0,2022,koshien,,2022選手権,2R,national,山口,宮崎,5,0,984.5239,958.0644,0.538005,11.96,5.5255,990.0493,952.5389,-0.0,0.0,0,historical
2022|koshien||2022選手権|2R|明豊|7|一関学院|5,2022,koshien,,2022選手権,2R,national,大分,岩手,7,5,1028.251,1003.6965,0.535278,11.96,5.5581,1033.809,998.1384,0.0,-0.0,0,historical
2022|koshien||2022選手権|2R|愛工大名電|6|八戸学院光星|5,2022,koshien,,2022選手権,2R,national,愛知,青森,6,5,1026.1493,1023.7017,0.499079,11.96,5.991,1032.1403,1017.7107,-1.5439,1.5439,2,historical
2022|koshien||2022選手権|2R|近江|8|鶴岡東|3,2022,koshien,,2022選手権,2R,national,滋賀,山形,8,3,1018.1443,996.4388,0.531196,11.96,5.6069,1023.7511,990.8319,-0.0,0.0,0,historical
2022|koshien||2022選手権|2R|海星|4|天理|2,2022,koshien,,2022選手権,2R,national,長崎,奈良,4,2,1009.4483,1060.6143,0.42793,11.96,6.842,1016.2902,1053.7724,0.3677,-0.3677,1,historical
2022|koshien||2022選手権|2R|浜田|5|有田工|3,2022,koshien,,2022選手権,2R,national,島根,佐賀,5,3,938.3912,935.7212,0.503842,11.96,5.934,944.3252,929.7871,-0.0,0.0,0,historical
2022|koshien||2022選手権|2R|九州学院|14|帝京五|4,2022,koshien,,2022選手権,2R,national,熊本,愛媛,14,4,949.5687,977.1215,0.460431,11.96,6.4532,956.022,970.6682,-0.0,0.0,0,historical
2022|koshien||2022選手権|2R|国学院栃木|5|智弁和歌山|3,2022,koshien,,2022選手権,2R,national,栃木,和歌山,5,3,960.9056,1060.1175,0.360018,11.96,7.6542,968.5598,1052.4634,-0.3629,0.3629,1,historical
2022|koshien||2022選手権|2R|敦賀気比|8|市船橋|6,2022,koshien,,2022選手権,2R,national,福井,千葉,8,6,1002.9702,1006.862,0.493016,11.96,6.0635,1009.0337,1000.7984,-0.4809,0.4809,1,historical
2022|koshien||2022選手権|2R|聖光学院|3|横浜|2,2022,koshien,,2022選手権,2R,national,福島,神奈川,3,2,984.385,1035.4578,0.425875,11.96,6.8665,991.2515,1028.5913,-0.4084,0.4084,1,historical
2022|koshien||2022選手権|2R|二松学舎大付|7|社|5,2022,koshien,,2022選手権,2R,prefecture,東東京,兵庫,7,5,1031.6897,1000.3135,0.545032,5.52,2.5114,1034.2011,997.8021,-0.0,0.0,0,historical
2022|koshien||2022選手権|2R|大阪桐蔭|19|聖望学園|0,2022,koshien,,2022選手権,2R,national,大阪,埼玉,19,0,1139.3179,1040.2637,0.639932,11.96,4.3064,1143.6243,1035.9573,0.4227,-0.4227,1,historical
2022|koshien||2022選手権|3R|仙台育英|5|明秀日立|4,2022,koshien,,2022選手権,3R,national,宮城,茨城,5,4,1052.7255,975.4712,0.609381,11.96,4.6718,1057.3973,970.7994,0.0,-0.0,0,historical
2022|koshien||2022選手権|3R|高松商|2|九州国際大付|1,2022,koshien,,2022選手権,3R,national,香川,福岡,2,1,988.7813,1053.1228,0.408449,11.96,7.0749,995.8563,1046.0479,-0.0,0.0,0,historical
2022|koshien||2022選手権|3R|愛工大名電|5|明豊|2,2022,koshien,,2022選手権,3R,national,愛知,大分,5,2,1032.1403,1033.809,0.496486,11.96,6.022,1038.1624,1027.787,-0.3866,0.3866,1,historical
2022|koshien||2022選手権|3R|近江|7|海星|1,2022,koshien,,2022選手権,3R,national,滋賀,長崎,7,1,1023.7511,1016.2902,0.515326,11.96,5.7967,1029.5479,1010.4935,1.5959,-1.5959,2,historical
2022|koshien||2022選手権|3R|下関国際|9|浜田|3,2022,koshien,,2022選手権,3R,national,山口,島根,9,3,990.0493,944.3252,0.573402,11.96,5.1021,995.1514,939.2231,2.8262,-2.8262,11,historical
2022|koshien||2022選手権|3R|九州学院|4|国学院栃木|0,2022,koshien,,2022選手権,3R,national,熊本,栃木,4,0,956.022,968.5598,0.483077,11.96,6.1824,962.2044,962.3774,0.387,-0.387,1,historical
2022|koshien||2022選手権|3R|聖光学院|8|敦賀気比|1,2022,koshien,,2022選手権,3R,national,福島,福井,8,1,991.2515,1009.0337,0.474432,11.96,6.2858,997.5373,1002.7479,-0.0,0.0,0,historical
2022|koshien||2022選手権|3R|大阪桐蔭|4|二松学舎大付|0,2022,koshien,,2022選手権,3R,prefecture,大阪,東東京,4,0,1143.6243,1034.2011,0.652938,5.52,1.9158,1145.5401,1032.2853,0.1813,-0.1813,1,historical
2022|koshien||2022選手権|QF|仙台育英|6|愛工大名電|2,2022,koshien,,2022選手権,QF,national,宮城,愛知,6,2,1057.3973,1038.1624,0.529034,11.96,5.6328,1063.03,1032.5296,0.4813,-0.4813,1,historical
2022|koshien||2022選手権|QF|近江|7|高松商|6,2022,koshien,,2022選手権,QF,national,滋賀,香川,7,6,1029.5479,995.8563,0.548335,11.96,5.4019,1034.9498,990.4544,0.0,-0.0,0,historical
2022|koshien||2022選手権|QF|下関国際|5|大阪桐蔭|4,2022,koshien,,2022選手権,QF,national,山口,大阪,5,4,995.1514,1145.5401,0.295282,11.96,8.4284,1003.5799,1137.1117,-0.3612,0.3612,1,historical
2022|koshien||2022選手権|QF|聖光学院|10|九州学院|5,2022,koshien,,2022選手権,QF,national,福島,熊本,10,5,997.5373,962.2044,0.550674,11.96,5.3739,1002.9112,956.8304,-0.0,0.0,0,historical
2022|koshien||2022選手権|SF|仙台育英|18|聖光学院|4,2022,koshien,,2022選手権,SF,national,宮城,福島,18,4,1063.03,1002.9112,0.59079,11.96,4.8942,1067.9242,998.0171,1.838,-1.838,12,historical
2022|koshien||2022選手権|SF|下関国際|8|近江|2,2022,koshien,,2022選手権,SF,national,山口,滋賀,8,2,1003.5799,1034.9498,0.454977,11.96,6.5185,1010.0983,1028.4313,0.0,-0.0,0,historical
2022|koshien||2022選手権|F|仙台育英|8|下関国際|1,2022,koshien,,2022選手権,F,national,宮城,山口,8,1,1067.9242,1010.0983,0.582458,11.96,4.9938,1072.918,1005.1045,0.0,-0.0,0,historical
2022|autumn||2022秋季北海道地区大会|1R|北海|7|帯広農|0,2022,autumn,,2022秋季北海道地区大会,1R,regional,南北海道,北北海道,7,0,1004.2518,964.8531,0.581976,8.0,3.3442,1007.596,961.5089,9.0415,-9.0415,88,historical
2022|autumn||2022秋季北海道地区大会|1R|旭川龍谷|7|釧路工|6,2022,autumn,,2022秋季北海道地区大会,1R,regional,北北海道,北海道,7,6,961.5089,992.3268,0.454905,8.0,4.3608,965.8697,987.9661,-0.3015,0.3015,1,historical
2022|autumn||2022秋季北海道地区大会|2R|立命館慶祥|8|稚内大谷|7,2022,autumn,,2022秋季北海道地区大会,2R,regional,南北海道,北北海道,8,7,1007.596,965.8697,0.591672,8.0,3.2666,1010.8626,962.6031,11.3512,-11.3512,89,historical
2022|autumn||2022秋季北海道地区大会|2R|北海|4|滝川|2,2022,autumn,,2022秋季北海道地区大会,2R,regional,南北海道,北北海道,4,2,1010.8626,962.6031,0.606951,8.0,3.1444,1014.007,959.4587,13.6116,-13.6116,90,historical
2022|autumn||2022秋季北海道地区大会|2R|北照|6|北見柏陽|0,2022,autumn,,2022秋季北海道地区大会,2R,regional,南北海道,北北海道,6,0,1014.007,959.4587,0.621475,8.0,3.0282,1017.0352,956.4305,15.7916,-15.7916,91,historical
2022|autumn||2022秋季北海道地区大会|2R|白樺学園|3|東海大札幌|2,2022,autumn,,2022秋季北海道地区大会,2R,regional,北北海道,南北海道,3,2,956.4305,1017.0352,0.36473,8.0,5.0822,961.5127,1011.9531,-17.8949,17.8949,92,historical
2022|autumn||2022秋季北海道地区大会|2R|札幌龍谷|4|旭川龍谷|0,2022,autumn,,2022秋季北海道地区大会,2R,regional,南北海道,北北海道,4,0,1011.9531,961.5127,0.612101,8.0,3.1032,1015.0563,958.4095,14.4006,-14.4006,93,historical
2022|autumn||2022秋季北海道地区大会|QF|クラーク国際|3|北照|2,2022,autumn,,2022秋季北海道地区大会,QF,regional,北北海道,南北海道,3,2,958.4095,1015.0563,0.373621,8.0,5.011,963.4205,1010.0452,-16.5576,16.5576,94,historical
2022|autumn||2022秋季北海道地区大会|QF|立命館慶祥|7|白樺学園|3,2022,autumn,,2022秋季北海道地区大会,QF,regional,南北海道,北北海道,7,3,1010.0452,963.4205,0.603308,8.0,3.1735,1013.2188,960.247,13.1049,-13.1049,95,historical
2022|autumn||2022秋季北海道地区大会|SF|クラーク国際|7|立命館慶祥|0,2022,autumn,,2022秋季北海道地区大会,SF,regional,北北海道,南北海道,7,0,960.247,1013.2188,0.381963,8.0,4.9443,965.1912,1008.2745,-15.3126,15.3126,96,historical
2022|autumn||2022秋季北海道地区大会|F|クラーク国際|3|北海|1,2022,autumn,,2022秋季北海道地区大会,F,regional,北北海道,南北海道,3,1,965.1912,1008.2745,0.404922,8.0,4.7606,969.9519,1003.5138,-11.8991,11.8991,97,historical
2022|autumn||2022秋季東北地区大会|1R|東北文教大山形城北|7|田村|2,2022,autumn,,2022秋季東北地区大会,1R,regional,山形,福島,7,2,990.8319,998.0171,0.491595,8.0,4.0672,994.8991,993.9499,0.6723,-0.6723,8,historical
2022|autumn||2022秋季東北地区大会|1R|八戸工大一|7|明桜|6,2022,autumn,,2022秋季東北地区大会,1R,regional,青森,秋田,7,6,1017.7107,960.1448,0.591926,8.0,3.2646,1020.9753,956.8802,3.5227,-3.5227,9,historical
2022|autumn||2022秋季東北地区大会|2R|由利|9|弘前東|5,2022,autumn,,2022秋季東北地区大会,2R,regional,秋田,青森,9,5,956.8802,1020.9753,0.3948,8.0,4.8416,961.7218,1016.1337,-5.0569,5.0569,10,historical
2022|autumn||2022秋季東北地区大会|2R|聖光学院|9|利府|6,2022,autumn,,2022秋季東北地区大会,2R,regional,福島,宮城,9,6,993.9499,1072.918,0.376937,8.0,4.9845,998.9344,1067.9335,-4.1686,4.1686,13,historical
2022|autumn||2022秋季東北地区大会|2R|学法石川|7|盛岡大付|5,2022,autumn,,2022秋季東北地区大会,2R,regional,福島,岩手,7,5,998.9344,998.1384,0.501783,8.0,3.9857,1002.9201,994.1527,0.2216,-0.2216,10,historical
2022|autumn||2022秋季東北地区大会|2R|能代松陽|11|東北文教大山形城北|3,2022,autumn,,2022秋季東北地区大会,2R,regional,秋田,山形,11,3,961.7218,994.8991,0.445431,8.0,4.4366,966.1584,990.4626,-2.4463,2.4463,6,historical
2022|autumn||2022秋季東北地区大会|2R|仙台育英|2|青森山田|1,2022,autumn,,2022秋季東北地区大会,2R,regional,宮城,青森,2,1,1067.9335,1016.1337,0.582426,8.0,3.3406,1071.2741,1012.7931,3.0015,-3.0015,16,historical
2022|autumn||2022秋季東北地区大会|2R|鶴岡東|8|花巻東|3,2022,autumn,,2022秋季東北地区大会,2R,regional,山形,岩手,8,3,990.4626,994.1527,0.486388,8.0,4.1089,994.5715,990.0438,-2.8855,2.8855,10,historical
2022|autumn||2022秋季東北地区大会|2R|東北|3|八戸工大一|2,2022,autumn,,2022秋季東北地区大会,2R,regional,宮城,青森,3,2,1071.2741,1012.7931,0.596645,8.0,3.2268,1074.5009,1009.5663,4.7652,-4.7652,17,historical
2022|autumn||2022秋季東北地区大会|2R|山形中央|2|専大北上|1,2022,autumn,,2022秋季東北地区大会,2R,regional,山形,岩手,2,1,994.5715,990.0438,0.502996,8.0,3.976,998.5475,986.0677,-1.2229,1.2229,11,historical
2022|autumn||2022秋季東北地区大会|QF|能代松陽|6|学法石川|5,2022,autumn,,2022秋季東北地区大会,QF,regional,秋田,福島,6,5,966.1584,1002.9201,0.436128,8.0,4.511,970.6694,998.4091,-3.9325,3.9325,7,historical
2022|autumn||2022秋季東北地区大会|QF|仙台育英|3|鶴岡東|0,2022,autumn,,2022秋季東北地区大会,QF,regional,宮城,山形,3,0,1074.5009,998.5475,0.610768,8.0,3.1139,1077.6148,995.4337,1.1567,-1.1567,10,historical
2022|autumn||2022秋季東北地区大会|QF|聖光学院|3|由利|2,2022,autumn,,2022秋季東北地区大会,QF,regional,福島,秋田,3,2,998.4091,970.6694,0.547039,8.0,3.6237,1002.0328,967.0457,2.5218,-2.5218,8,historical
2022|autumn||2022秋季東北地区大会|QF|東北|4|山形中央|2,2022,autumn,,2022秋季東北地区大会,QF,regional,宮城,山形,4,2,1077.6148,995.4337,0.62305,8.0,3.0156,1080.6304,992.4181,2.5575,-2.5575,11,historical
2022|autumn||2022秋季東北地区大会|SF|東北|6|聖光学院|2,2022,autumn,,2022秋季東北地区大会,SF,regional,宮城,福島,6,2,1080.6304,1002.0328,0.616422,8.0,3.0686,1083.699,998.9642,1.9063,-1.9063,14,historical
2022|autumn||2022秋季東北地区大会|SF|仙台育英|2|能代松陽|1,2022,autumn,,2022秋季東北地区大会,SF,regional,宮城,秋田,2,1,1083.699,967.0457,0.677131,8.0,2.5829,1086.2819,964.4627,6.0027,-6.0027,9,historical
2022|autumn||2022秋季関東地区大会|1R|健大高崎|4|青藍泰斗|2,2022,autumn,,2022秋季関東地区大会,1R,regional,群馬,栃木,4,2,1013.4341,962.3774,0.580579,8.0,3.3554,1016.7895,959.022,2.7138,-2.7138,5,historical
2022|autumn||2022秋季関東地区大会|1R|慶応|5|常磐大高|3,2022,autumn,,2022秋季関東地区大会,1R,regional,神奈川,茨城,5,3,1028.5913,970.7994,0.591956,8.0,3.2644,1031.8556,967.5351,3.4206,-3.4206,7,historical
2022|autumn||2022秋季関東地区大会|1R|横浜|2|浦和学院|0,2022,autumn,,2022秋季関東地区大会,1R,regional,神奈川,埼玉,2,0,1031.8556,1035.9573,0.511791,8.0,3.9057,1035.7613,1032.0516,6.1483,-6.1483,13,historical
2022|autumn||2022秋季関東地区大会|1R|専大松戸|7|明和県央|0,2022,autumn,,2022秋季関東地区大会,1R,regional,千葉,群馬,7,0,1000.7984,1016.7895,0.481215,8.0,4.1503,1004.9487,1012.6392,1.466,-1.466,5,historical
2022|autumn||2022秋季関東地区大会|1R|山村学園|6|土浦日大|4,2022,autumn,,2022秋季関東地区大会,1R,regional,埼玉,茨城,6,4,1032.0516,967.5351,0.595825,8.0,3.2334,1035.285,964.3017,1.4515,-1.4515,4,historical
2022|autumn||2022秋季関東地区大会|1R|作新学院|10|駿台甲府|0,2022,autumn,,2022秋季関東地区大会,1R,regional,栃木,山梨,10,0,959.022,967.7747,0.483873,8.0,4.129,963.151,963.6457,-1.2286,1.2286,2,historical
2022|autumn||2022秋季関東地区大会|1R|山梨学院|3|成田|0,2022,autumn,,2022秋季関東地区大会,1R,regional,山梨,千葉,3,0,963.6457,1004.9487,0.434802,8.0,4.5216,968.1673,1000.4271,-2.1303,2.1303,6,historical
2022|autumn||2022秋季関東地区大会|QF|専大松戸|4|作新学院|3,2022,autumn,,2022秋季関東地区大会,QF,regional,千葉,栃木,4,3,1000.4271,963.151,0.558112,8.0,3.5351,1003.9622,959.6159,1.6437,-1.6437,4,historical
2022|autumn||2022秋季関東地区大会|QF|健大高崎|5|横浜|2,2022,autumn,,2022秋季関東地区大会,QF,regional,群馬,神奈川,5,2,1012.6392,1035.7613,0.472007,8.0,4.2239,1016.8632,1031.5374,1.8251,-1.8251,7,historical
2022|autumn||2022秋季関東地区大会|QF|山梨学院|9|山村学園|1,2022,autumn,,2022秋季関東地区大会,QF,regional,山梨,埼玉,9,1,968.1673,1035.285,0.409016,8.0,4.7279,972.8952,1030.5572,1.5919,-1.5919,7,historical
2022|autumn||2022秋季関東地区大会|QF|慶応|7|昌平|3,2022,autumn,,2022秋季関東地区大会,QF,regional,神奈川,埼玉,7,3,1031.5374,1030.5572,0.524946,8.0,3.8004,1035.3378,1026.7568,8.1844,-8.1844,14,historical
2022|autumn||2022秋季関東地区大会|SF|山梨学院|5|健大高崎|2,2022,autumn,,2022秋季関東地区大会,SF,regional,山梨,群馬,5,2,972.8952,1016.8632,0.42617,8.0,4.5906,977.4858,1012.2725,-3.856,3.856,9,historical
2022|autumn||2022秋季関東地区大会|SF|専大松戸|5|慶応|3,2022,autumn,,2022秋季関東地区大会,SF,regional,千葉,神奈川,5,3,1003.9622,1035.3378,0.463697,8.0,4.2904,1008.2527,1031.0474,3.0525,-3.0525,11,historical
2022|autumn||2022秋季関東地区大会|F|山梨学院|9|専大松戸|3,2022,autumn,,2022秋季関東地区大会,F,regional,山梨,千葉,9,3,977.4858,1008.2527,0.453734,8.0,4.3701,981.8559,1003.8825,-0.7371,0.7371,7,historical
2022|autumn||2022秋季東京地区大会|1R|二松学舎大付|11|東大和南|0,2022,autumn,,2022秋季東京地区大会,1R,prefecture,東東京,西東京,11,0,1032.2853,1023.6294,0.470588,4.8,2.5412,1034.8265,1021.0882,-14.5587,14.5587,154,historical
2022|autumn||2022秋季東京地区大会|1R|帝京|10|豊多摩|2,2022,autumn,,2022秋季東京地区大会,1R,prefecture,東東京,西東京,10,2,1034.8265,1021.0882,0.483077,4.8,2.4812,1037.3077,1018.607,-12.7509,12.7509,155,historical
2022|autumn||2022秋季東京地区大会|1R|関東一|10|立川|0,2022,autumn,,2022秋季東京地区大会,1R,prefecture,東東京,西東京,10,0,1037.3077,1018.607,0.495296,4.8,2.4226,1039.7303,1016.1844,-10.9848,10.9848,156,historical
2022|autumn||2022秋季東京地区大会|1R|実践学園|20|東村山西|1,2022,autumn,,2022秋季東京地区大会,1R,prefecture,東東京,西東京,20,1,1039.7303,1016.1844,0.507234,4.8,2.3653,1042.0956,1013.8191,-9.2594,9.2594,157,historical
2022|autumn||2022秋季東京地区大会|1R|片倉|8|青山|7,2022,autumn,,2022秋季東京地区大会,1R,prefecture,西東京,東東京,8,7,1013.8191,1042.0956,0.481115,4.8,2.4906,1016.3097,1039.6049,7.5738,-7.5738,158,historical
2022|autumn||2022秋季東京地区大会|1R|目黒|6|明法|3,2022,autumn,,2022秋季東京地区大会,1R,prefecture,東東京,西東京,6,3,1039.6049,1016.3097,0.506599,4.8,2.3683,1041.9732,1013.9414,-9.3546,9.3546,159,historical
2022|autumn||2022秋季東京地区大会|1R|日体大荏原|4|小川|3,2022,autumn,,2022秋季東京地区大会,1R,prefecture,東東京,西東京,4,3,1041.9732,1013.9414,0.518269,4.8,2.3123,1044.2855,1011.6291,-7.6657,7.6657,160,historical
2022|autumn||2022秋季東京地区大会|1R|岩倉|8|日大鶴ヶ丘|1,2022,autumn,,2022秋季東京地区大会,1R,prefecture,東東京,西東京,8,1,1044.2855,1011.6291,0.529647,4.8,2.2577,1046.5432,1009.3714,-6.0158,6.0158,161,historical
2022|autumn||2022秋季東京地区大会|1R|東海大菅生|7|日大豊山|5,2022,autumn,,2022秋季東京地区大会,1R,prefecture,西東京,東東京,7,5,1009.3714,1046.5432,0.459272,4.8,2.5955,1011.9669,1043.9477,4.404,-4.404,162,historical
2022|autumn||2022秋季東京地区大会|1R|足立新田|9|三鷹|5,2022,autumn,,2022秋季東京地区大会,1R,prefecture,東東京,東京,9,5,1043.9477,955.0673,0.691061,4.8,1.4829,1045.4307,953.5844,25.4887,-25.4887,25,historical
2022|autumn||2022秋季東京地区大会|1R|桜美林|5|駒込学園|1,2022,autumn,,2022秋季東京地区大会,1R,prefecture,西東京,東京,5,1,1011.9669,953.5844,0.583296,4.8,2.0002,1013.9671,951.5842,0.0209,-0.0209,5,historical
2022|autumn||2022秋季東京地区大会|1R|立正大立正|4|町田|3,2022,autumn,,2022秋季東京地区大会,1R,prefecture,東東京,西東京,4,3,1045.4307,1013.9671,0.527233,4.8,2.2693,1047.6999,1011.6978,-6.2608,6.2608,163,historical
2022|autumn||2022秋季東京地区大会|1R|国士舘|4|駿台学園|2,2022,autumn,,2022秋季東京地区大会,1R,prefecture,西東京,東東京,4,2,1011.6978,1047.6999,0.461619,4.8,2.5842,1014.282,1045.1157,4.6398,-4.6398,164,historical
2022|autumn||2022秋季東京地区大会|1R|明治|3|聖パウロ学園|0,2022,autumn,,2022秋季東京地区大会,1R,prefecture,東京,西東京,3,0,951.5842,1014.282,0.408882,4.8,2.8374,954.4216,1011.4447,-0.6663,0.6663,6,historical
2022|autumn||2022秋季東京地区大会|1R|日大三|11|豊島学院|1,2022,autumn,,2022秋季東京地区大会,1R,prefecture,西東京,東東京,11,1,1011.4447,1045.1157,0.470257,4.8,2.5428,1013.9874,1042.5729,6.4897,-6.4897,165,historical
2022|autumn||2022秋季東京地区大会|1R|明大中野八王子|14|拓大一|2,2022,autumn,,2022秋季東京地区大会,1R,prefecture,東東京,西東京,14,2,1042.5729,1013.9874,0.51721,4.8,2.3174,1044.8903,1011.6701,-8.3109,8.3109,166,historical
2022|autumn||2022秋季東京地区大会|2R|岩倉|3|八王子|2,2022,autumn,,2022秋季東京地区大会,2R,prefecture,東東京,西東京,3,2,1044.8903,1011.6701,0.528623,4.8,2.2626,1047.1529,1009.4074,-6.6546,6.6546,167,historical
2022|autumn||2022秋季東京地区大会|2R|日大三|10|明大中野八王子|3,2022,autumn,,2022秋季東京地区大会,2R,prefecture,西東京,東東京,10,3,1009.4074,1047.1529,0.46026,4.8,2.5908,1011.9982,1044.5622,5.0366,-5.0366,168,historical
2022|autumn||2022秋季東京地区大会|2R|佼成学園|9|大森学園|1,2022,autumn,,2022秋季東京地区大会,2R,prefecture,西東京,東東京,9,1,1011.9982,1044.5622,0.473003,4.8,2.5296,1014.5278,1042.0326,6.8932,-6.8932,169,historical
2022|autumn||2022秋季東京地区大会|2R|帝京|7|片倉|0,2022,autumn,,2022秋季東京地区大会,2R,prefecture,東東京,西東京,7,0,1042.0326,1014.5278,0.514518,4.8,2.3303,1044.3629,1012.1975,-8.7069,8.7069,170,historical
2022|autumn||2022秋季東京地区大会|2R|日本ウェルネス|6|早稲田実|4,2022,autumn,,2022秋季東京地区大会,2R,prefecture,東東京,西東京,6,4,1044.3629,1012.1975,0.526005,4.8,2.2752,1046.6381,1009.9223,-7.0396,7.0396,171,historical
2022|autumn||2022秋季東京地区大会|2R|国学院久我山|14|王子総合|1,2022,autumn,,2022秋季東京地区大会,2R,prefecture,西東京,東東京,14,1,1009.9223,1046.6381,0.462804,4.8,2.5785,1012.5008,1044.0596,5.4109,-5.4109,172,historical
2022|autumn||2022秋季東京地区大会|2R|世田谷学園|3|関東一|2,2022,autumn,,2022秋季東京地区大会,2R,prefecture,西東京,東東京,3,2,1012.5008,1044.0596,0.475501,4.8,2.5176,1015.0184,1041.542,7.2607,-7.2607,173,historical
2022|autumn||2022秋季東京地区大会|2R|日野|8|目黒|1,2022,autumn,,2022秋季東京地区大会,2R,prefecture,西東京,東東京,8,1,1015.0184,1041.542,0.487931,4.8,2.4579,1017.4764,1039.084,9.0677,-9.0677,174,historical
2022|autumn||2022秋季東京地区大会|3R|日体大荏原|6|日野|1,2022,autumn,,2022秋季東京地区大会,3R,prefecture,東東京,西東京,6,1,1039.084,1017.4764,0.499916,4.8,2.4004,1041.4844,1015.076,-10.8329,10.8329,175,historical
2022|autumn||2022秋季東京地区大会|3R|帝京|9|国学院久我山|2,2022,autumn,,2022秋季東京地区大会,3R,prefecture,東東京,西東京,9,2,1041.4844,1015.076,0.511772,4.8,2.3435,1043.8279,1012.7325,-9.1135,9.1135,176,historical
2022|autumn||2022秋季東京地区大会|3R|日大三|6|修徳|1,2022,autumn,,2022秋季東京地区大会,3R,prefecture,西東京,東東京,6,1,1012.7325,1043.8279,0.476664,4.8,2.512,1015.2445,1041.3159,7.4341,-7.4341,177,historical
2022|autumn||2022秋季東京地区大会|3R|国士舘|8|岩倉|6,2022,autumn,,2022秋季東京地区大会,3R,prefecture,西東京,東東京,8,6,1015.2445,1041.3159,0.489074,4.8,2.4524,1017.6969,1038.8635,9.2389,-9.2389,178,historical
2022|autumn||2022秋季東京地区大会|3R|桜美林|12|海城|3,2022,autumn,,2022秋季東京地区大会,3R,prefecture,西東京,東東京,12,3,1017.6969,1038.8635,0.501205,4.8,2.3942,1020.0911,1036.4692,11.0018,-11.0018,179,historical
2022|autumn||2022秋季東京地区大会|QF|二松学舎大付|6|世田谷学園|2,2022,autumn,,2022秋季東京地区大会,QF,regional,東東京,西東京,6,2,1036.4692,1020.0911,0.486951,8.0,4.1044,1040.5736,1015.9867,-12.7237,12.7237,180,historical
2022|autumn||2022秋季東京地区大会|F|東海大菅生|8|二松学舎大付|2,2022,autumn,,2022秋季東京地区大会,F,regional,西東京,東東京,8,2,1015.9867,1040.5736,0.492762,8.0,4.0579,1020.0446,1036.5157,9.7787,-9.7787,181,historical
2022|autumn||2022秋季北信越地区大会|1R|福井商|9|佐久長聖|2,2022,autumn,,2022秋季北信越地区大会,1R,regional,福井,長野,9,2,1002.7479,982.8586,0.514786,8.0,3.8817,1006.6296,978.9769,-4.8061,4.8061,13,historical
2022|autumn||2022秋季北信越地区大会|1R|富山第一|11|新潟明訓|5,2022,autumn,,2022秋季北信越地区大会,1R,regional,富山,新潟,11,5,935.7391,955.6211,0.460179,8.0,4.3186,940.0577,951.3025,-3.9236,3.9236,7,historical
2022|autumn||2022秋季北信越地区大会|1R|中越|3|星稜|2,2022,autumn,,2022秋季北信越地区大会,1R,regional,新潟,石川,3,2,951.3025,1063.1572,0.331082,8.0,5.3513,956.6538,1057.8059,-5.1601,5.1601,13,historical
2022|autumn||2022秋季北信越地区大会|1R|北陸|10|新湊|1,2022,autumn,,2022秋季北信越地区大会,1R,regional,福井,富山,10,1,1006.6296,940.0577,0.626413,8.0,2.9887,1009.6183,937.069,11.6079,-11.6079,13,historical
2022|autumn||2022秋季北信越地区大会|1R|敦賀気比|4|松本国際|2,2022,autumn,,2022秋季北信越地区大会,1R,regional,福井,長野,4,2,1009.6183,978.9769,0.535151,8.0,3.7188,1013.3371,975.2581,-3.0879,3.0879,14,historical
2022|autumn||2022秋季北信越地区大会|1R|氷見|2|遊学館|0,2022,autumn,,2022秋季北信越地区大会,1R,regional,富山,石川,2,0,937.069,1057.8059,0.286274,8.0,5.7098,942.7788,1052.0961,-18.9814,18.9814,15,historical
2022|autumn||2022秋季北信越地区大会|1R|松商学園|5|日本文理|4,2022,autumn,,2022秋季北信越地区大会,1R,regional,長野,新潟,5,4,975.2581,956.6538,0.538728,8.0,3.6902,978.9483,952.9636,4.1802,-4.1802,13,historical
2022|autumn||2022秋季北信越地区大会|1R|日本航空石川|5|東京学館新潟|1,2022,autumn,,2022秋季北信越地区大会,1R,regional,石川,新潟,5,1,1052.0961,952.9636,0.646186,8.0,2.8305,1054.9266,950.1331,2.7504,-2.7504,14,historical
2022|autumn||2022秋季北信越地区大会|QF|松商学園|7|氷見|2,2022,autumn,,2022秋季北信越地区大会,QF,regional,長野,富山,7,2,978.9483,942.7788,0.543297,8.0,3.6536,982.6019,939.1252,-3.0041,3.0041,6,historical
2022|autumn||2022秋季北信越地区大会|QF|北陸|5|日本航空石川|0,2022,autumn,,2022秋季北信越地区大会,QF,regional,福井,石川,5,0,1013.3371,1054.9266,0.431262,8.0,4.5499,1017.887,1050.3767,-3.2396,3.2396,13,historical
2022|autumn||2022秋季北信越地区大会|QF|福井商|5|富山第一|0,2022,autumn,,2022秋季北信越地区大会,QF,regional,福井,富山,5,0,1017.887,939.1252,0.6473,8.0,2.8216,1020.7086,936.3036,13.359,-13.359,14,historical
2022|autumn||2022秋季北信越地区大会|QF|敦賀気比|11|中越|8,2022,autumn,,2022秋季北信越地区大会,QF,regional,福井,新潟,11,8,1020.7086,950.1331,0.629303,8.0,2.9656,1023.6742,947.1676,10.6804,-10.6804,14,historical
2022|autumn||2022秋季北信越地区大会|SF|敦賀気比|3|松商学園|0,2022,autumn,,2022秋季北信越地区大会,SF,regional,福井,長野,3,0,1023.6742,982.6019,0.555011,8.0,3.5599,1027.2341,979.042,-1.3456,1.3456,15,historical
2022|autumn||2022秋季東海地区大会|1R|加藤学園|6|至学館|5,2022,autumn,,2022秋季東海地区大会,1R,regional,静岡,愛知,6,5,989.317,1032.5296,0.448883,8.0,4.4089,993.726,1028.1207,3.7842,-3.7842,17,historical
2022|autumn||2022秋季東海地区大会|1R|海星|4|常葉大橘|2,2022,autumn,,2022秋季東海地区大会,1R,regional,長崎,静岡,4,2,1010.4935,993.726,0.525017,8.0,3.7999,1014.2934,989.9261,0.3154,-0.3154,1,historical
2022|autumn||2022秋季東海地区大会|1R|津商|10|市岐阜商|2,2022,autumn,,2022秋季東海地区大会,1R,regional,三重,岐阜,10,2,976.2659,971.1072,0.514554,8.0,3.8836,980.1495,967.2236,2.4787,-2.4787,12,historical
2022|autumn||2022秋季東海地区大会|1R|大垣日大|1|愛工大名電|0,2022,autumn,,2022秋季東海地区大会,1R,regional,岐阜,愛知,1,0,967.2236,1028.1207,0.394936,8.0,4.8405,972.0641,1023.2802,-6.6064,6.6064,17,historical
2022|autumn||2022秋季東海地区大会|QF|常葉大菊川|5|津商|4,2022,autumn,,2022秋季東海地区大会,QF,regional,静岡,三重,5,4,989.9261,980.1495,0.521873,8.0,3.825,993.7511,976.3245,2.716,-2.716,16,historical
2022|autumn||2022秋季東海地区大会|QF|大垣日大|4|三重|2,2022,autumn,,2022秋季東海地区大会,QF,regional,岐阜,三重,4,2,972.0641,976.3245,0.481327,8.0,4.1494,976.2135,972.1751,-4.3605,4.3605,13,historical
2022|autumn||2022秋季東海地区大会|QF|東邦|11|海星|1,2022,autumn,,2022秋季東海地区大会,QF,regional,愛知,長崎,11,1,1023.2802,1014.2934,0.513834,8.0,3.8893,1027.1695,1010.4041,0.3144,-0.3144,1,historical
2022|autumn||2022秋季東海地区大会|QF|加藤学園|9|中京|2,2022,autumn,,2022秋季東海地区大会,QF,regional,静岡,岐阜,9,2,993.7511,976.2135,0.52336,8.0,3.8131,997.5642,972.4004,-0.647,0.647,12,historical
2022|autumn||2022秋季東海地区大会|SF|東邦|7|大垣日大|4,2022,autumn,,2022秋季東海地区大会,SF,regional,愛知,岐阜,7,4,1027.1695,972.4004,0.589954,8.0,3.2804,1030.4498,969.12,4.2126,-4.2126,18,historical
2022|autumn||2022秋季東海地区大会|F|東邦|7|常葉大菊川|2,2022,autumn,,2022秋季東海地区大会,F,regional,愛知,静岡,7,2,1030.4498,997.5642,0.529614,8.0,3.7631,1034.2129,993.8012,-6.142,6.142,18,historical
2022|autumn||2022秋季近畿地区大会|1R|彦根総合|4|近大新宮|2,2022,autumn,,2022秋季近畿地区大会,1R,regional,滋賀,和歌山,4,2,1028.4313,1052.4634,0.459849,8.0,4.3212,1032.7525,1048.1421,-1.9639,1.9639,6,historical
2022|autumn||2022秋季近畿地区大会|1R|高田商|1|乙訓|0,2022,autumn,,2022秋季近畿地区大会,1R,regional,奈良,京,1,0,1053.7724,1006.1467,0.575474,8.0,3.3962,1057.1686,1002.7504,2.6114,-2.6114,6,historical
2022|autumn||2022秋季近畿地区大会|1R|龍谷大平安|17|海南|0,2022,autumn,,2022秋季近畿地区大会,1R,regional,京,和歌山,17,0,1002.7504,1048.1421,0.436722,8.0,4.5062,1007.2567,1043.6359,0.5923,-0.5923,6,historical
2022|autumn||2022秋季近畿地区大会|1R|大阪桐蔭|6|神戸国際大付|3,2022,autumn,,2022秋季近畿地区大会,1R,regional,大阪,兵庫,6,3,1137.1117,997.8021,0.710216,8.0,2.3183,1139.43,995.4838,8.2084,-8.2084,7,historical
2022|autumn||2022秋季近畿地区大会|1R|履正社|10|瀬田工|2,2022,autumn,,2022秋季近畿地区大会,1R,regional,大阪,滋賀,10,2,1139.43,1032.7525,0.658104,8.0,2.7352,1142.1651,1030.0173,3.5415,-3.5415,10,historical
2022|autumn||2022秋季近畿地区大会|1R|報徳学園|11|箕面学園|0,2022,autumn,,2022秋季近畿地区大会,1R,regional,兵庫,大阪,11,0,995.4838,1142.1651,0.277755,8.0,5.778,1001.2618,1136.3872,-9.6641,9.6641,8,historical
2022|autumn||2022秋季近畿地区大会|QF|龍谷大平安|5|高田商|0,2022,autumn,,2022秋季近畿地区大会,QF,regional,京,奈良,5,0,1007.2567,1057.1686,0.417331,8.0,4.6614,1011.918,1052.5072,-4.0322,4.0322,7,historical
2022|autumn||2022秋季近畿地区大会|QF|智弁和歌山|7|社|0,2022,autumn,,2022秋季近畿地区大会,QF,regional,和歌山,兵庫,7,0,1043.6359,1001.2618,0.564866,8.0,3.4811,1047.117,997.7807,1.4774,-1.4774,8,historical
2022|autumn||2022秋季近畿地区大会|QF|報徳学園|9|履正社|6,2022,autumn,,2022秋季近畿地区大会,QF,regional,兵庫,大阪,9,6,997.7807,1136.3872,0.291259,8.0,5.6699,1003.4507,1130.7172,-7.9384,7.9384,9,historical
2022|autumn||2022秋季近畿地区大会|QF|大阪桐蔭|9|彦根総合|4,2022,autumn,,2022秋季近畿地区大会,QF,regional,大阪,滋賀,9,4,1130.7172,1030.0173,0.653812,8.0,2.7695,1133.4867,1027.2478,4.8783,-4.8783,11,historical
2022|autumn||2022秋季近畿地区大会|SF|報徳学園|9|智弁和歌山|5,2022,autumn,,2022秋季近畿地区大会,SF,regional,兵庫,和歌山,9,5,1003.4507,1047.117,0.429158,8.0,4.5667,1008.0174,1042.5503,-2.9465,2.9465,9,historical
2022|autumn||2022秋季近畿地区大会|SF|大阪桐蔭|5|龍谷大平安|3,2022,autumn,,2022秋季近畿地区大会,SF,regional,大阪,京,5,3,1133.4867,1011.918,0.672104,8.0,2.6232,1136.1099,1009.2949,1.5557,-1.5557,7,historical
2022|autumn||2022秋季近畿地区大会|F|大阪桐蔭|1|報徳学園|0,2022,autumn,,2022秋季近畿地区大会,F,regional,大阪,兵庫,1,0,1136.1099,1008.0174,0.691271,8.0,2.4698,1138.5797,1005.5476,5.9679,-5.9679,10,historical
2022|autumn||2022秋季中国地区大会|1R|広陵|5|米子東|1,2022,autumn,,2022秋季中国地区大会,1R,regional,広島,鳥取,5,1,1035.9986,953.7006,0.648949,8.0,2.8084,1038.807,950.8922,12.2191,-12.2191,16,historical
2022|autumn||2022秋季中国地区大会|1R|光|3|浜田|0,2022,autumn,,2022秋季中国地区大会,1R,regional,山口,島根,3,0,1005.1045,939.2231,0.608116,8.0,3.1351,1008.2396,936.0881,5.2249,-5.2249,12,historical
2022|autumn||2022秋季中国地区大会|1R|宇部鴻城|9|三刀屋|3,2022,autumn,,2022秋季中国地区大会,1R,regional,山口,島根,9,3,1008.2396,936.0881,0.621086,8.0,3.0313,1011.2709,933.0567,6.8464,-6.8464,13,historical
2022|autumn||2022秋季中国地区大会|1R|創志学園|10|広島商|2,2022,autumn,,2022秋季中国地区大会,1R,regional,岡山,広島,10,2,1008.0502,1038.807,0.471375,8.0,4.229,1012.2792,1034.578,5.4221,-5.4221,17,historical
2022|autumn||2022秋季中国地区大会|1R|鳥取城北|6|益田|1,2022,autumn,,2022秋季中国地区大会,1R,regional,鳥取,島根,6,1,950.8922,933.0567,0.535197,8.0,3.7184,954.6106,929.3383,3.3313,-3.3313,7,historical
2022|autumn||2022秋季中国地区大会|1R|岡山学芸館|10|米子松蔭|4,2022,autumn,,2022秋季中国地区大会,1R,regional,岡山,鳥取,10,4,1012.2792,954.6106,0.584998,8.0,3.32,1015.5992,951.2906,0.9864,-0.9864,7,historical
2022|autumn||2022秋季中国地区大会|1R|おかやま山陽|14|神辺旭|4,2022,autumn,,2022秋季中国地区大会,1R,regional,岡山,広島,14,4,1015.5992,1034.578,0.494896,8.0,4.0408,1019.64,1030.5372,7.716,-7.716,18,historical
2022|autumn||2022秋季中国地区大会|1R|高川学園|7|広島新庄|5,2022,autumn,,2022秋季中国地区大会,1R,regional,山口,広島,7,5,1011.2709,1030.5372,0.457095,8.0,4.3432,1015.6142,1026.194,-5.3102,5.3102,12,historical
2022|autumn||2022秋季中国地区大会|QF|高川学園|5|岡山学芸館|1,2022,autumn,,2022秋季中国地区大会,QF,regional,山口,岡山,5,1,1015.6142,1019.64,0.493409,8.0,4.0527,1019.6669,1015.5873,-0.2771,0.2771,13,historical
2022|autumn||2022秋季中国地区大会|QF|鳥取城北|4|おかやま山陽|0,2022,autumn,,2022秋季中国地区大会,QF,regional,鳥取,岡山,4,0,951.2906,1015.5873,0.402124,8.0,4.783,956.0736,1010.8043,-2.3018,2.3018,8,historical
2022|autumn||2022秋季中国地区大会|QF|光|6|創志学園|5,2022,autumn,,2022秋季中国地区大会,QF,regional,山口,岡山,6,5,1019.6669,1010.8043,0.517494,8.0,3.86,1023.5269,1006.9443,1.6494,-1.6494,14,historical
2022|autumn||2022秋季中国地区大会|QF|広陵|11|宇部鴻城|0,2022,autumn,,2022秋季中国地区大会,QF,regional,広島,山口,11,0,1026.194,1023.5269,0.5138,8.0,3.8896,1030.0836,1019.6373,3.4622,-3.4622,13,historical
2022|autumn||2022秋季中国地区大会|SF|広陵|8|鳥取城北|6,2022,autumn,,2022秋季中国地区大会,SF,regional,広島,鳥取,8,6,1030.0836,956.0736,0.642451,8.0,2.8604,1032.944,953.2132,13.8957,-13.8957,17,historical
2022|autumn||2022秋季中国地区大会|F|広陵|13|光|0,2022,autumn,,2022秋季中国地区大会,F,regional,広島,山口,13,0,1032.944,1019.6373,0.534681,8.0,3.7226,1036.6665,1015.9148,5.4155,-5.4155,14,historical
2022|autumn||2022秋季四国地区大会|1R|宇和島東|6|鳴門渦潮|5,2022,autumn,,2022秋季四国地区大会,1R,regional,愛媛,徳島,6,5,970.6682,965.9832,0.515218,8.0,3.8783,974.5465,962.1049,2.9464,-2.9464,11,historical
2022|autumn||2022秋季四国地区大会|1R|高松商|9|徳島商|1,2022,autumn,,2022秋季四国地区大会,1R,regional,香川,徳島,9,1,990.4544,962.1049,0.532605,8.0,3.7392,994.1935,958.3658,-2.8306,2.8306,9,historical
2022|autumn||2022秋季四国地区大会|1R|済美|6|高知中央|5,2022,autumn,,2022秋季四国地区大会,1R,regional,愛媛,高知,6,5,974.5465,1051.1973,0.342872,8.0,5.257,979.8035,1045.9403,-18.1781,18.1781,14,historical
2022|autumn||2022秋季四国地区大会|1R|高知|7|尽誠学園|2,2022,autumn,,2022秋季四国地区大会,1R,regional,高知,香川,7,2,1045.9403,994.1935,0.552297,8.0,3.5816,1049.5219,990.6119,-7.6367,7.6367,17,historical
2022|autumn||2022秋季四国地区大会|QF|高松商|4|明徳義塾|3,2022,autumn,,2022秋季四国地区大会,QF,regional,香川,高知,4,3,990.6119,1049.5219,0.432659,8.0,4.5387,995.1506,1044.9832,5.9152,-5.9152,18,historical
2022|autumn||2022秋季四国地区大会|QF|英明|2|宇和島東|0,2022,autumn,,2022秋季四国地区大会,QF,regional,香川,愛媛,2,0,995.1506,979.8035,0.512775,8.0,3.8978,999.0484,975.9057,-3.2342,3.2342,12,historical
2022|autumn||2022秋季四国地区大会|QF|高知|10|今治西|4,2022,autumn,,2022秋季四国地区大会,QF,regional,高知,愛媛,10,4,1044.9832,975.9057,0.641647,8.0,2.8668,1047.85,973.0389,16.0584,-16.0584,15,historical
2022|autumn||2022秋季四国地区大会|QF|鳴門|11|済美|4,2022,autumn,,2022秋季四国地区大会,QF,regional,徳島,愛媛,11,4,958.3658,973.0389,0.465128,8.0,4.279,962.6447,968.7599,-4.7988,4.7988,12,historical
2022|autumn||2022秋季四国地区大会|SF|高松商|4|鳴門|1,2022,autumn,,2022秋季四国地区大会,SF,regional,香川,徳島,4,1,999.0484,962.6447,0.548174,8.0,3.6146,1002.663,959.0301,-1.4124,1.4124,10,historical
2022|autumn||2022秋季四国地区大会|SF|英明|4|高知|2,2022,autumn,,2022秋季四国地区大会,SF,regional,香川,高知,4,2,1002.663,1047.85,0.459262,8.0,4.3259,1006.989,1043.5241,8.408,-8.408,19,historical
2022|autumn||2022秋季九州地区大会|1R|東福岡|7|宮崎商|0,2022,autumn,,2022秋季九州地区大会,1R,regional,福岡,宮崎,7,0,1046.0479,952.5389,0.636477,8.0,2.9082,1048.956,949.6307,1.8957,-1.8957,8,historical
2022|autumn||2022秋季九州地区大会|1R|長崎日大|4|文徳|3,2022,autumn,,2022秋季九州地区大会,1R,regional,長崎,熊本,4,3,1010.4041,956.8304,0.583752,8.0,3.33,1013.734,953.5004,2.5886,-2.5886,3,historical
2022|autumn||2022秋季九州地区大会|1R|大分商|10|神村学園|0,2022,autumn,,2022秋季九州地区大会,1R,regional,大分,鹿児島,10,0,1027.787,984.482,0.585257,8.0,3.3179,1031.1049,981.1641,8.2612,-8.2612,11,historical
2022|autumn||2022秋季九州地区大会|1R|ウェルネス沖縄|6|佐賀北|2,2022,autumn,,2022秋季九州地区大会,1R,regional,沖縄,佐賀,6,2,996.6744,929.7871,0.598039,8.0,3.2157,999.8901,926.5714,1.0655,-1.0655,2,historical
2022|autumn||2022秋季九州地区大会|1R|西日本短大付|6|鹿屋中央|5,2022,autumn,,2022秋季九州地区大会,1R,regional,福岡,鹿児島,6,5,1048.956,981.1641,0.599236,8.0,3.2061,1052.1621,977.9579,1.0457,-1.0457,9,historical
2022|autumn||2022秋季九州地区大会|1R|沖縄尚学|8|鳥栖|2,2022,autumn,,2022秋季九州地区大会,1R,regional,沖縄,佐賀,8,2,999.8901,926.5714,0.609773,8.0,3.1218,1003.0119,923.4496,2.1107,-2.1107,3,historical
2022|autumn||2022秋季九州地区大会|1R|海星|4|東海大熊本星翔|3,2022,autumn,,2022秋季九州地区大会,1R,regional,長崎,熊本,4,3,1013.734,953.5004,0.596942,8.0,3.2245,1016.9585,950.276,3.9963,-3.9963,4,historical
2022|autumn||2022秋季九州地区大会|1R|明豊|2|高鍋|0,2022,autumn,,2022秋季九州地区大会,1R,regional,大分,宮崎,2,0,1031.1049,949.6307,0.619639,8.0,3.0429,1034.1478,946.5878,1.6514,-1.6514,6,historical
2022|autumn||2022秋季九州地区大会|QF|長崎日大|11|ウェルネス沖縄|4,2022,autumn,,2022秋季九州地区大会,QF,regional,長崎,沖縄,11,4,1016.9585,1003.0119,0.523398,8.0,3.8128,1020.7713,999.1991,1.1618,-1.1618,5,historical
2022|autumn||2022秋季九州地区大会|QF|大分商|2|東福岡|1,2022,autumn,,2022秋季九州地区大会,QF,regional,大分,福岡,2,1,1034.1478,1052.1621,0.455743,8.0,4.3541,1038.5019,1047.8081,-6.4097,6.4097,17,historical
2022|autumn||2022秋季九州地区大会|QF|沖縄尚学|3|明豊|2,2022,autumn,,2022秋季九州地区大会,QF,regional,沖縄,大分,3,2,999.1991,1038.5019,0.441595,8.0,4.4672,1003.6663,1034.0347,-0.7335,0.7335,3,historical
2022|autumn||2022秋季九州地区大会|QF|海星|3|西日本短大付|2,2022,autumn,,2022秋季九州地区大会,QF,regional,長崎,福岡,3,2,1020.7713,1047.8081,0.447887,8.0,4.4169,1025.1882,1043.3912,-4.6534,4.6534,6,historical
2022|autumn||2022秋季九州地区大会|SF|長崎日大|4|大分商|1,2022,autumn,,2022秋季九州地区大会,SF,regional,長崎,大分,4,1,1025.1882,1034.0347,0.478083,8.0,4.1753,1029.3636,1029.8593,-3.1963,3.1963,5,historical
2022|autumn||2022秋季九州地区大会|SF|沖縄尚学|7|海星|6,2022,autumn,,2022秋季九州地区大会,SF,regional,沖縄,長崎,7,6,1003.6663,1029.3636,0.45588,8.0,4.353,1008.0193,1025.0106,-2.5202,2.5202,6,historical
2022|autumn||2022秋季九州地区大会|F|沖縄尚学|8|長崎日大|5,2022,autumn,,2022秋季九州地区大会,F,regional,沖縄,長崎,8,5,1008.0193,1025.0106,0.472063,8.0,4.2235,1012.2427,1020.7871,-1.2206,1.2206,7,historical
2022|jingu||2022明治神宮大会|1R|英明|10|山梨学院|7,2022,jingu,,2022明治神宮大会,1R,national,香川,山梨,10,7,1006.989,981.8559,0.536106,9.2,4.2678,1011.2568,977.5881,-0.0,0.0,0,historical
2022|jingu||2022明治神宮大会|1R|大阪桐蔭|9|東邦|1,2022,jingu,,2022明治神宮大会,1R,national,大阪,愛知,9,1,1138.5797,1034.2129,0.645836,9.2,3.2583,1141.8381,1030.9546,0.0,-0.0,0,historical
2022|jingu||2022明治神宮大会|QF|広陵|6|東海大菅生|2,2022,jingu,,2022明治神宮大会,QF,regional,広島,西東京,6,2,1036.6665,1020.0446,0.523903,8.0,3.8088,1040.4753,1016.2359,0.0,-0.0,0,historical
2022|jingu||2022明治神宮大会|QF|仙台育英|5|沖縄尚学|4,2022,jingu,,2022明治神宮大会,QF,national,宮城,沖縄,5,4,1086.2819,1012.2427,0.604967,9.2,3.6343,1089.9162,1008.6084,0.0,-0.0,0,historical
2022|jingu||2022明治神宮大会|QF|北陸|4|英明|3,2022,jingu,,2022明治神宮大会,QF,national,福井,香川,4,3,1027.2341,1011.2568,0.522977,9.2,4.3886,1031.6227,1006.8682,0.0,-0.0,0,historical
2022|jingu||2022明治神宮大会|QF|大阪桐蔭|12|クラーク国際|2,2022,jingu,,2022明治神宮大会,QF,national,大阪,北北海道,12,2,1141.8381,969.9519,0.729265,9.2,2.4908,1144.3288,967.4611,0.1249,-0.1249,1,historical
2022|jingu||2022明治神宮大会|SF|大阪桐蔭|5|仙台育英|4,2022,jingu,,2022明治神宮大会,SF,national,大阪,宮城,5,4,1144.3288,1089.9162,0.576131,9.2,3.8996,1148.2284,1086.0166,-0.5483,0.5483,1,historical
2022|jingu||2022明治神宮大会|SF|広陵|5|北陸|0,2022,jingu,,2022明治神宮大会,SF,national,広島,福井,5,0,1040.4753,1031.6227,0.51625,9.2,4.4505,1044.9258,1027.1722,1.2215,-1.2215,2,historical
2022|jingu||2022明治神宮大会|F|大阪桐蔭|6|広陵|5,2022,jingu,,2022明治神宮大会,F,national,大阪,広島,6,5,1148.2284,1044.9258,0.64756,9.2,3.2424,1151.4709,1041.6834,1.1876,-1.1876,2,historical
2023|spring||2023春季北海道地区大会|1R|白樺学園|7|函館大有斗|1,2023,spring,,2023春季北海道地区大会,1R,regional,北北海道,南北海道,7,1,967.4611,1003.5138,0.423937,7.6,4.3781,971.8392,999.1358,-8.6073,8.6073,98,historical
2023|spring||2023春季北海道地区大会|1R|北海|10|遠軽|9,2023,spring,,2023春季北海道地区大会,1R,regional,南北海道,北北海道,10,9,999.1358,971.8392,0.555107,7.6,3.3812,1002.517,968.458,5.5758,-5.5758,99,historical
2023|spring||2023春季北海道地区大会|1R|札幌大谷|6|岩見沢東|2,2023,spring,,2023春季北海道地区大会,1R,regional,南北海道,北北海道,6,2,1002.517,968.458,0.571343,7.6,3.2578,1005.7747,965.2002,7.928,-7.928,100,historical
2023|spring||2023春季北海道地区大会|QF|立命館慶祥|9|白樺学園|2,2023,spring,,2023春季北海道地区大会,QF,regional,南北海道,北北海道,9,2,1005.7747,965.2002,0.586854,7.6,3.1399,1008.9147,962.0603,10.1979,-10.1979,101,historical
2023|spring||2023春季北海道地区大会|QF|札幌大谷|6|クラーク国際|5,2023,spring,,2023春季北海道地区大会,QF,regional,南北海道,北北海道,6,5,1008.9147,962.0603,0.601651,7.6,3.0275,1011.9421,959.0328,12.3889,-12.3889,102,historical
2023|spring||2023春季北海道地区大会|QF|北海道栄|2|旭川明成|0,2023,spring,,2023春季北海道地区大会,QF,regional,南北海道,北北海道,2,0,1011.9421,959.0328,0.615753,7.6,2.9203,1014.8624,956.1126,14.5046,-14.5046,103,historical
2023|spring||2023春季東北地区大会|1R|八戸学院光星|12|仙台一|2,2023,spring,,2023春季東北地区大会,1R,regional,青森,宮城,12,2,1009.5663,1086.0166,0.373969,7.6,4.7578,1014.3241,1081.2588,-6.5269,6.5269,18,historical
2023|spring||2023春季東北地区大会|1R|一関学院|5|秋田商|4,2023,spring,,2023春季東北地区大会,1R,regional,岩手,秋田,5,4,986.0677,964.4627,0.534267,7.6,3.5396,989.6073,960.9231,1.1217,-1.1217,7,historical
2023|spring||2023春季東北地区大会|1R|盛岡三|8|八戸工大一|1,2023,spring,,2023春季東北地区大会,1R,regional,岩手,青森,8,1,989.6073,1014.3241,0.453873,7.6,4.1506,993.7579,1010.1735,-3.7135,3.7135,11,historical
2023|spring||2023春季東北地区大会|1R|日大山形|6|聖光学院|5,2023,spring,,2023春季東北地区大会,1R,regional,山形,福島,6,5,992.4181,998.9642,0.497276,7.6,3.8207,996.2388,995.1435,2.3268,-2.3268,9,historical
2023|spring||2023春季東北地区大会|1R|明桜|8|日大東北|5,2023,spring,,2023春季東北地区大会,1R,regional,秋田,福島,8,5,960.9231,995.1435,0.439228,7.6,4.2619,965.185,990.8816,-4.1089,4.1089,9,historical
2023|spring||2023春季東北地区大会|1R|花巻東|2|仙台商|0,2023,spring,,2023春季東北地区大会,1R,regional,岩手,宮城,2,0,993.7579,1081.2588,0.363672,7.6,4.8361,998.594,1076.4227,-4.8436,4.8436,10,historical
2023|spring||2023春季東北地区大会|QF|仙台育英|8|一関学院|0,2023,spring,,2023春季東北地区大会,QF,regional,宮城,岩手,8,0,1076.4227,998.594,0.618209,7.6,2.9016,1079.3243,995.6924,2.9477,-2.9477,11,historical
2023|spring||2023春季東北地区大会|QF|盛岡三|6|日大山形|2,2023,spring,,2023春季東北地区大会,QF,regional,岩手,山形,6,2,995.6924,996.2388,0.497712,7.6,3.8174,999.5097,992.4214,-0.5218,0.5218,12,historical
2023|spring||2023春季東北地区大会|QF|八戸学院光星|7|鶴岡東|0,2023,spring,,2023春季東北地区大会,QF,regional,青森,山形,7,0,1010.1735,992.4214,0.536054,7.6,3.526,1013.6995,988.8954,3.6721,-3.6721,9,historical
2023|spring||2023春季東北地区大会|QF|明桜|5|花巻東|2,2023,spring,,2023春季東北地区大会,QF,regional,秋田,岩手,5,2,965.185,999.5097,0.443565,7.6,4.2289,969.4139,995.2808,-2.5291,2.5291,8,historical
2023|spring||2023春季東北地区大会|SF|仙台育英|3|盛岡三|0,2023,spring,,2023春季東北地区大会,SF,regional,宮城,岩手,3,0,1079.3243,995.2808,0.630415,7.6,2.8088,1082.1332,992.472,4.3606,-4.3606,12,historical
2023|spring||2023春季東北地区大会|SF|八戸学院光星|8|明桜|5,2023,spring,,2023春季東北地区大会,SF,regional,青森,秋田,8,5,1013.6995,969.4139,0.572338,7.6,3.2502,1016.9498,966.1637,3.1675,-3.1675,11,historical
2023|spring||2023春季東北地区大会|F|八戸学院光星|3|仙台育英|2,2023,spring,,2023春季東北地区大会,F,regional,青森,宮城,3,2,1016.9498,1082.1332,0.395872,7.6,4.5914,1021.5411,1077.5418,-4.1233,4.1233,19,historical
2023|spring||2023春季関東地区大会|1R|山梨学院|12|横浜隼人|0,2023,spring,,2023春季関東地区大会,1R,regional,山梨,神奈川,12,0,977.5881,1031.0474,0.422439,7.6,4.3895,981.9776,1026.6579,-0.4373,0.4373,5,historical
2023|spring||2023春季関東地区大会|2R|相洋|5|作新学院|4,2023,spring,,2023春季関東地区大会,2R,regional,神奈川,栃木,5,4,1026.6579,959.6159,0.610078,7.6,2.9634,1029.6213,956.6525,5.3605,-5.3605,5,historical
2023|spring||2023春季関東地区大会|2R|常総学院|7|関東一|3,2023,spring,,2023春季関東地区大会,2R,prefecture,茨城,東東京,7,3,964.3017,1036.5157,0.399015,4.56,2.7405,967.0422,1033.7752,0.5322,-0.5322,2,historical
2023|spring||2023春季関東地区大会|2R|専大松戸|4|浦和学院|3,2023,spring,,2023春季関東地区大会,2R,regional,千葉,埼玉,4,3,1003.8825,1026.7568,0.458206,7.6,4.1176,1008.0002,1022.6391,-3.1177,3.1177,7,historical
2023|spring||2023春季関東地区大会|2R|明和県央|6|甲府工|3,2023,spring,,2023春季関東地区大会,2R,regional,群馬,山梨,6,3,1012.2725,981.9776,0.549576,7.6,3.4232,1015.6958,978.5544,2.1337,-2.1337,10,historical
2023|spring||2023春季関東地区大会|2R|帝京|9|山梨学院|8,2023,spring,,2023春季関東地区大会,2R,prefecture,東東京,山梨,9,8,1033.7752,978.5544,0.579363,4.56,1.9181,1035.6934,976.6362,0.1983,-0.1983,3,historical
2023|spring||2023春季関東地区大会|2R|昌平|4|文星芸大付|0,2023,spring,,2023春季関東地区大会,2R,regional,埼玉,栃木,4,0,1022.6391,956.6525,0.60106,7.6,3.0319,1025.6711,953.6206,2.6089,-2.6089,7,historical
2023|spring||2023春季関東地区大会|2R|健大高崎|6|土浦日大|5,2023,spring,,2023春季関東地区大会,2R,regional,群馬,茨城,6,5,1015.6958,967.0422,0.563687,7.6,3.316,1019.0117,963.7262,-2.0787,2.0787,10,historical
2023|spring||2023春季関東地区大会|2R|木更津総合|3|慶応|2,2023,spring,,2023春季関東地区大会,2R,regional,千葉,神奈川,3,2,1008.0002,1029.6213,0.483553,7.6,3.925,1011.9252,1025.6963,5.0942,-5.0942,12,historical
2023|spring||2023春季関東地区大会|QF|木更津総合|7|昌平|2,2023,spring,,2023春季関東地区大会,QF,regional,千葉,埼玉,7,2,1011.9252,1025.6711,0.475069,7.6,3.9895,1015.9146,1021.6816,-1.7962,1.7962,8,historical
2023|spring||2023春季関東地区大会|QF|健大高崎|2|帝京|0,2023,spring,,2023春季関東地区大会,QF,prefecture,群馬,東東京,2,0,1019.0117,1035.6934,0.475488,4.56,2.3918,1021.4035,1033.3016,-0.1824,0.1824,1,historical
2023|spring||2023春季関東地区大会|QF|常総学院|7|明和県央|0,2023,spring,,2023春季関東地区大会,QF,regional,茨城,群馬,7,0,963.7262,1021.4035,0.419785,7.6,4.4096,968.1358,1016.9939,0.7264,-0.7264,11,historical
2023|spring||2023春季関東地区大会|QF|専大松戸|5|相洋|4,2023,spring,,2023春季関東地区大会,QF,regional,千葉,神奈川,5,4,1015.9146,1025.6963,0.506296,7.6,3.7522,1019.6668,1021.9442,7.0783,-7.0783,13,historical
2023|spring||2023春季関東地区大会|SF|木更津総合|3|常総学院|0,2023,spring,,2023春季関東地区大会,SF,regional,千葉,茨城,3,0,1019.6668,968.1358,0.572218,7.6,3.2511,1022.9179,964.8847,-0.4977,0.4977,6,historical
2023|spring||2023春季関東地区大会|SF|健大高崎|6|専大松戸|4,2023,spring,,2023春季関東地区大会,SF,regional,群馬,千葉,6,4,1016.9939,1022.9179,0.48294,7.6,3.9297,1020.9235,1018.9883,-2.9676,2.9676,6,historical
2023|spring||2023春季関東地区大会|F|健大高崎|10|木更津総合|7,2023,spring,,2023春季関東地区大会,F,regional,群馬,千葉,10,7,1020.9235,1018.9883,0.497443,7.6,3.8194,1024.743,1015.1689,-1.856,1.856,7,historical
2023|spring||2023春季北信越地区大会|QF|遊学館|5|上田西|4,2023,spring,,2023春季北信越地区大会,QF,regional,石川,長野,5,4,1050.3767,979.042,0.602952,7.6,3.0176,1053.3942,976.0245,0.6205,-0.6205,15,historical
2023|spring||2023春季北信越地区大会|QF|日本航空石川|4|富山商|1,2023,spring,,2023春季北信越地区大会,QF,regional,石川,富山,4,1,1053.3942,936.3036,0.70361,7.6,2.2526,1055.6468,934.051,16.5483,-16.5483,16,historical
2023|spring||2023春季北信越地区大会|QF|帝京長岡|9|小松大谷|6,2023,spring,,2023春季北信越地区大会,QF,regional,新潟,石川,9,6,947.1676,1055.6468,0.337859,7.6,5.0323,952.1998,1050.6145,-4.2032,4.2032,15,historical
2023|spring||2023春季北信越地区大会|QF|星稜|6|丹生|0,2023,spring,,2023春季北信越地区大会,QF,regional,石川,福井,6,0,1050.6145,1027.1722,0.537003,7.6,3.5188,1054.1333,1023.6535,1.1587,-1.1587,14,historical
2023|spring||2023春季北信越地区大会|SF|星稜|2|帝京長岡|1,2023,spring,,2023春季北信越地区大会,SF,regional,石川,新潟,2,1,1054.1333,952.1998,0.647319,7.6,2.6804,1056.8137,949.5195,1.7805,-1.7805,16,historical
2023|spring||2023春季東海地区大会|QF|県岐阜商|3|津商|0,2023,spring,,2023春季東海地区大会,QF,regional,岐阜,三重,3,0,969.12,972.1751,0.488404,7.6,3.8881,973.0082,968.287,-2.5021,2.5021,14,historical
2023|spring||2023春季東海地区大会|QF|東邦|2|日大三島|1,2023,spring,,2023春季東海地区大会,QF,regional,愛知,静岡,2,1,1030.9546,993.8012,0.541122,7.6,3.4875,1034.4421,990.3137,-4.257,4.257,19,historical
2023|spring||2023春季東海地区大会|QF|加藤学園|5|大垣日大|4,2023,spring,,2023春季東海地区大会,QF,regional,静岡,岐阜,5,4,990.3137,973.0082,0.52805,7.6,3.5868,993.9005,969.4213,1.1029,-1.1029,13,historical
2023|spring||2023春季東海地区大会|QF|至学館|5|いなべ総合|1,2023,spring,,2023春季東海地区大会,QF,regional,愛知,三重,5,1,1034.4421,968.287,0.610381,7.6,2.9611,1037.4032,965.3259,5.9148,-5.9148,14,historical
2023|spring||2023春季東海地区大会|SF|県岐阜商|4|東邦|3,2023,spring,,2023春季東海地区大会,SF,regional,岐阜,愛知,4,3,969.4213,1037.4032,0.386852,7.6,4.6599,974.0813,1032.7433,-6.0132,6.0132,19,historical
2023|spring||2023春季東海地区大会|SF|加藤学園|3|至学館|1,2023,spring,,2023春季東海地区大会,SF,regional,静岡,愛知,3,1,993.9005,1032.7433,0.451315,7.6,4.17,998.0705,1028.5733,2.4527,-2.4527,20,historical
2023|spring||2023春季東海地区大会|F|加藤学園|8|県岐阜商|6,2023,spring,,2023春季東海地区大会,F,regional,静岡,岐阜,8,6,998.0705,974.0813,0.54261,7.6,3.4762,1001.5467,970.6051,2.8456,-2.8456,14,historical
2023|spring||2023春季近畿地区大会|QF|智弁学園|8|大阪桐蔭|6,2023,spring,,2023春季近畿地区大会,QF,regional,奈良,大阪,8,6,1052.5072,1151.4709,0.351704,7.6,4.927,1057.4343,1146.5438,-3.6374,3.6374,13,historical
2023|spring||2023春季近畿地区大会|QF|市和歌山|7|報徳学園|4,2023,spring,,2023春季近畿地区大会,QF,regional,和歌山,兵庫,7,4,1042.5503,1005.5476,0.556432,7.6,3.3711,1045.9214,1002.1764,1.1892,-1.1892,10,historical
2023|spring||2023春季近畿地区大会|QF|金光大阪|3|近江|2,2023,spring,,2023春季近畿地区大会,QF,regional,大阪,滋賀,3,2,1146.5438,1027.2478,0.681197,7.6,2.4229,1148.9667,1024.8249,6.302,-6.302,12,historical
2023|spring||2023春季近畿地区大会|QF|京都国際|2|近大付|0,2023,spring,,2023春季近畿地区大会,QF,regional,京,大阪,2,0,1009.2949,1148.9667,0.302688,7.6,5.2996,1014.5944,1143.6671,-2.6505,2.6505,8,historical
2023|spring||2023春季近畿地区大会|SF|金光大阪|6|京都国際|5,2023,spring,,2023春季近畿地区大会,SF,regional,大阪,京,6,5,1143.6671,1014.5944,0.679415,7.6,2.4364,1146.1036,1012.158,0.7022,-0.7022,9,historical
2023|spring||2023春季近畿地区大会|SF|智弁学園|10|市和歌山|3,2023,spring,,2023春季近畿地区大会,SF,regional,奈良,和歌山,10,3,1057.4343,1045.9214,0.521538,7.6,3.6363,1061.0706,1042.2851,1.7312,-1.7312,6,historical
2023|spring||2023春季近畿地区大会|F|智弁学園|10|金光大阪|0,2023,spring,,2023春季近畿地区大会,F,regional,奈良,大阪,10,0,1061.0706,1146.1036,0.376257,7.6,4.7404,1065.8111,1141.3631,-1.3876,1.3876,14,historical
2023|spring||2023春季中国地区大会|QF|下関国際|10|大社|1,2023,spring,,2023春季中国地区大会,QF,regional,山口,島根,10,1,1015.9148,929.3383,0.644754,7.6,2.6999,1018.6147,926.6385,8.4846,-8.4846,14,historical
2023|spring||2023春季中国地区大会|QF|岡山学芸館|3|高川学園|1,2023,spring,,2023春季中国地区大会,QF,regional,岡山,山口,3,1,1006.9443,1018.6147,0.472932,7.6,4.0057,1010.95,1014.6089,-3.5784,3.5784,15,historical
2023|spring||2023春季中国地区大会|QF|宇部鴻城|12|鳥取城北|8,2023,spring,,2023春季中国地区大会,QF,regional,山口,鳥取,12,8,1014.6089,953.2132,0.586162,7.6,3.1452,1017.7541,950.068,-0.4605,0.4605,6,historical
2023|spring||2023春季中国地区大会|QF|広陵|6|柳井|0,2023,spring,,2023春季中国地区大会,QF,regional,広島,山口,6,0,1041.6834,1017.7541,0.555423,7.6,3.3788,1045.0621,1014.3753,7.3708,-7.3708,15,historical
2023|spring||2023春季中国地区大会|SF|広陵|1|岡山学芸館|0,2023,spring,,2023春季中国地区大会,SF,regional,広島,岡山,1,0,1045.0621,1010.95,0.520368,7.6,3.6452,1048.7073,1007.3048,-9.9757,9.9757,19,historical
2023|spring||2023春季中国地区大会|F|広陵|9|宇部鴻城|1,2023,spring,,2023春季中国地区大会,F,regional,広島,山口,9,1,1048.7073,1014.3753,0.575378,7.6,3.2271,1051.9345,1011.1482,9.224,-9.224,16,historical
2023|spring||2023春季四国地区大会|QF|丸亀城西|4|帝京五|1,2023,spring,,2023春季四国地区大会,QF,regional,香川,愛媛,4,1,1006.8682,968.7599,0.550276,7.6,3.4179,1010.2861,965.342,-1.5272,1.5272,13,historical
2023|spring||2023春季四国地区大会|QF|城東|8|高松商|6,2023,spring,,2023春季四国地区大会,QF,regional,東東京,香川,8,6,1033.3016,1010.2861,0.533499,7.6,3.5454,1036.847,1006.7407,0.1485,-0.1485,2,historical
2023|spring||2023春季四国地区大会|QF|高知|7|阿南光|6,2023,spring,,2023春季四国地区大会,QF,regional,高知,徳島,7,6,1043.5241,959.0301,0.631793,7.6,2.7984,1046.3225,956.2318,4.6495,-4.6495,18,historical
2023|spring||2023春季四国地区大会|QF|明徳義塾|5|松山商|4,2023,spring,,2023春季四国地区大会,QF,regional,高知,愛媛,5,4,1046.3225,965.342,0.661873,7.6,2.5698,1048.8923,962.7722,17.8487,-17.8487,16,historical
2023|spring||2023春季四国地区大会|SF|明徳義塾|2|城東|1,2023,spring,,2023春季四国地区大会,SF,regional,高知,東東京,2,1,1048.8923,1036.847,0.518282,7.6,3.6611,1052.5533,1033.1859,0.3319,-0.3319,1,historical
2023|spring||2023春季四国地区大会|SF|高知|5|丸亀城西|2,2023,spring,,2023春季四国地区大会,SF,regional,高知,香川,5,2,1052.5533,1006.7407,0.53464,7.6,3.5367,1056.0901,1003.2039,-10.8519,10.8519,20,historical
2023|spring||2023春季九州地区大会|1R|有明|7|日南学園|5,2023,spring,,2023春季九州地区大会,1R,regional,熊本,宮崎,7,5,950.276,946.5878,0.493931,7.6,3.8461,954.1221,942.7417,-3.9529,3.9529,4,historical
2023|spring||2023春季九州地区大会|1R|福岡大大濠|10|海星|1,2023,spring,,2023春季九州地区大会,1R,regional,福岡,長崎,10,1,1043.3912,1020.7871,0.542561,7.6,3.4765,1046.8677,1017.3106,3.5212,-3.5212,7,historical
2023|spring||2023春季九州地区大会|1R|大分商|8|大崎|6,2023,spring,,2023春季九州地区大会,1R,regional,大分,東東京,8,6,1029.8593,1033.1859,0.492287,7.6,3.8586,1033.7179,1029.3273,-1.0167,1.0167,4,historical
2023|spring||2023春季九州地区大会|1R|ウェルネス沖縄|6|城北|1,2023,spring,,2023春季九州地区大会,1R,regional,沖縄,東東京,6,1,1008.6084,1029.3273,0.470466,7.6,4.0245,1012.6329,1025.3028,0.0862,-0.0862,2,historical
2023|spring||2023春季九州地区大会|1R|文徳|9|沖縄尚学|4,2023,spring,,2023春季九州地区大会,1R,regional,熊本,沖縄,9,4,954.1221,1012.6329,0.407608,7.6,4.5022,958.6243,1008.1307,-3.2179,3.2179,5,historical
2023|spring||2023春季九州地区大会|1R|佐賀北|7|熊本商|0,2023,spring,,2023春季九州地区大会,1R,regional,佐賀,熊本,7,0,923.4496,958.6243,0.452269,7.6,4.1628,927.6124,954.4615,0.9531,-0.9531,3,historical
2023|spring||2023春季九州地区大会|1R|西日本短大付|4|長崎日大|0,2023,spring,,2023春季九州地区大会,1R,regional,福岡,長崎,4,0,1046.8677,1017.3106,0.5569,7.6,3.3676,1050.2353,1013.943,5.0764,-5.0764,8,historical
2023|spring||2023春季九州地区大会|1R|大分舞鶴|6|鹿児島城西|3,2023,spring,,2023春季九州地区大会,1R,regional,大分,鹿児島,6,3,1033.7179,977.9579,0.607482,7.6,2.9831,1036.7011,974.9748,10.0546,-10.0546,12,historical
2023|spring||2023春季九州地区大会|QF|有明|4|大分商|1,2023,spring,,2023春季九州地区大会,QF,regional,熊本,大分,4,1,954.4615,1036.7011,0.384329,7.6,4.6791,959.1406,1032.022,0.1907,-0.1907,2,historical
2023|spring||2023春季九州地区大会|QF|福岡大大濠|9|ウェルネス沖縄|2,2023,spring,,2023春季九州地区大会,QF,regional,福岡,沖縄,9,2,1050.2353,1008.1307,0.56957,7.6,3.2713,1053.5066,1004.8595,3.2766,-3.2766,14,historical
2023|spring||2023春季九州地区大会|QF|大分舞鶴|6|文徳|2,2023,spring,,2023春季九州地区大会,QF,regional,大分,熊本,6,2,1032.022,959.1406,0.600014,7.6,3.0399,1035.0619,956.1007,-1.2172,1.2172,3,historical
2023|spring||2023春季九州地区大会|QF|西日本短大付|6|佐賀北|0,2023,spring,,2023春季九州地区大会,QF,regional,福岡,佐賀,6,0,1053.5066,927.6124,0.683446,7.6,2.4058,1055.9124,925.2066,3.9042,-3.9042,6,historical
2023|spring||2023春季九州地区大会|SF|有明|3|福岡大大濠|2,2023,spring,,2023春季九州地区大会,SF,regional,熊本,福岡,3,2,956.1007,1055.9124,0.360928,7.6,4.857,960.9577,1051.0554,0.2798,-0.2798,4,historical
2023|spring||2023春季九州地区大会|SF|大分舞鶴|7|西日本短大付|0,2023,spring,,2023春季九州地区大会,SF,regional,大分,福岡,7,0,1035.0619,1051.0554,0.464766,7.6,4.0678,1039.1296,1046.9876,-4.265,4.265,18,historical
2023|spring||2023春季九州地区大会|F|有明|16|大分舞鶴|3,2023,spring,,2023春季九州地区大会,F,regional,熊本,大分,16,3,960.9577,1039.1296,0.391356,7.6,4.6257,965.5834,1034.504,0.7277,-0.7277,4,historical
2023|senbatsu||2023選抜|1R|山梨学院|3|東北|1,2023,senbatsu,,2023選抜,1R,national,山梨,宮城,3,1,976.6362,1077.5418,0.358735,9.12,5.8483,982.4846,1071.6935,-0.0,0.0,0,historical
2023|senbatsu||2023選抜|1R|高知|4|北陸|1,2023,senbatsu,,2023選抜,1R,national,高知,福井,4,1,1056.0901,1023.6535,0.546545,9.12,4.1355,1060.2256,1019.5179,-0.0,0.0,0,historical
2023|senbatsu||2023選抜|1R|沖縄尚学|4|大垣日大|3,2023,senbatsu,,2023選抜,1R,national,沖縄,岐阜,4,3,1004.8595,970.6051,0.549137,9.12,4.1119,1008.9713,966.4932,-0.0,0.0,0,historical
2023|senbatsu||2023選抜|1R|東邦|6|鳥取城北|3,2023,senbatsu,,2023選抜,1R,national,愛知,鳥取,6,3,1028.5733,950.068,0.611094,9.12,3.5468,1032.1201,946.5212,0.0,-0.0,0,historical
2023|senbatsu||2023選抜|2R|作新学院|8|大分商|6,2023,senbatsu,,2023選抜,2R,national,栃木,大分,8,6,953.6206,1034.504,0.385658,9.12,5.6028,959.2234,1028.9012,-0.0,0.0,0,historical
2023|senbatsu||2023選抜|2R|英明|3|智弁和歌山|2,2023,senbatsu,,2023選抜,2R,national,香川,和歌山,3,2,1003.2039,1042.2851,0.439754,9.12,5.1094,1008.3134,1037.1756,-1.4931,1.4931,2,historical
2023|senbatsu||2023選抜|2R|海星|5|社|1,2023,senbatsu,,2023選抜,2R,national,長崎,兵庫,5,1,1013.943,1002.1764,0.515451,9.12,4.4191,1018.3621,997.7574,-0.5132,0.5132,1,historical
2023|senbatsu||2023選抜|2R|広陵|5|二松学舎大付|0,2023,senbatsu,,2023選抜,2R,prefecture,広島,東東京,5,0,1051.9345,1025.3028,0.537517,4.56,2.1089,1054.0434,1023.1939,-0.2566,0.2566,1,historical
2023|senbatsu||2023選抜|2R|大阪桐蔭|3|敦賀気比|1,2023,senbatsu,,2023選抜,2R,national,大阪,福井,3,1,1141.3631,1019.5179,0.669208,9.12,3.0168,1144.38,1016.5011,0.2785,-0.2785,1,historical
2023|senbatsu||2023選抜|2R|能代松陽|3|石橋|0,2023,senbatsu,,2023選抜,2R,national,秋田,栃木,3,0,966.1637,959.2234,0.509987,9.12,4.4689,970.6326,954.7545,-0.0,0.0,0,historical
2023|senbatsu||2023選抜|2R|龍谷大平安|4|長崎日大|3,2023,senbatsu,,2023選抜,2R,national,京,長崎,4,3,1012.158,1018.3621,0.491073,9.12,4.6414,1016.7994,1013.7207,0.0,-0.0,0,historical
2023|senbatsu||2023選抜|2R|仙台育英|2|慶応|1,2023,senbatsu,,2023選抜,2R,national,宮城,神奈川,2,1,1071.6935,1021.9442,0.57111,9.12,3.9115,1075.6049,1018.0327,0.0,-0.0,0,historical
2023|senbatsu||2023選抜|2R|光|2|彦根総合|0,2023,senbatsu,,2023選抜,2R,national,山口,滋賀,2,0,1011.1482,1024.8249,0.481889,9.12,4.7252,1015.8734,1020.0998,0.5432,-0.5432,1,historical
2023|senbatsu||2023選抜|2R|専大松戸|3|常葉大菊川|0,2023,senbatsu,,2023選抜,2R,national,千葉,静岡,3,0,1015.1689,1001.5467,0.519594,9.12,4.3813,1019.5502,997.1654,0.0,-0.0,0,historical
2023|senbatsu||2023選抜|2R|東海大菅生|5|城東|2,2023,senbatsu,,2023選抜,2R,prefecture,西東京,東東京,5,2,1016.2359,1023.1939,0.526504,4.56,2.1591,1018.395,1021.0348,12.6962,-12.6962,182,historical
2023|senbatsu||2023選抜|2R|報徳学園|7|健大高崎|2,2023,senbatsu,,2023選抜,2R,national,兵庫,群馬,7,2,997.7574,1024.743,0.462381,9.12,4.9031,1002.6604,1019.8399,0.398,-0.398,1,historical
2023|senbatsu||2023選抜|2R|山梨学院|4|氷見|1,2023,senbatsu,,2023選抜,2R,national,山梨,富山,4,1,982.4846,934.051,0.569253,9.12,3.9284,986.413,930.1226,-0.0,0.0,0,historical
2023|senbatsu||2023選抜|2R|高知|3|履正社|2,2023,senbatsu,,2023選抜,2R,national,高知,大阪,3,2,1060.2256,1144.38,0.381206,9.12,5.6434,1065.869,1138.7366,-0.0,0.0,0,historical
2023|senbatsu||2023選抜|2R|沖縄尚学|3|クラーク国際|1,2023,senbatsu,,2023選抜,2R,national,沖縄,北北海道,3,1,1008.9713,956.1126,0.575488,9.12,3.8715,1012.8429,952.241,-0.0,0.0,0,historical
2023|senbatsu||2023選抜|2R|東邦|6|高松商|3,2023,senbatsu,,2023選抜,2R,national,愛知,香川,6,3,1032.1201,1008.3134,0.534207,9.12,4.248,1036.3681,1004.0653,0.0,-0.0,0,historical
2023|senbatsu||2023選抜|3R|作新学院|9|英明|8,2023,senbatsu,,2023選抜,3R,national,栃木,香川,9,8,954.7545,1004.0653,0.42923,9.12,5.2054,959.9599,998.8599,-0.0986,0.0986,2,historical
2023|senbatsu||2023選抜|3R|山梨学院|7|光|1,2023,senbatsu,,2023選抜,3R,national,山梨,山口,7,1,986.413,1015.8734,0.457704,9.12,4.9457,991.3587,1010.9276,-0.0,0.0,0,historical
2023|senbatsu||2023選抜|3R|専大松戸|6|高知|4,2023,senbatsu,,2023選抜,3R,national,千葉,高知,6,4,1019.5502,1065.869,0.430096,9.12,5.1975,1024.7477,1060.6714,-1.288,1.288,2,historical
2023|senbatsu||2023選抜|3R|広陵|3|海星|2,2023,senbatsu,,2023選抜,3R,national,広島,長崎,3,2,1054.0434,1013.7207,0.55777,9.12,4.0331,1058.0765,1009.6875,0.0,-0.0,0,historical
2023|senbatsu||2023選抜|3R|大阪桐蔭|1|能代松陽|0,2023,senbatsu,,2023選抜,3R,national,大阪,秋田,1,0,1138.7366,970.6326,0.725506,9.12,2.5034,1141.24,968.1292,0.3698,-0.3698,1,historical
2023|senbatsu||2023選抜|3R|東海大菅生|1|沖縄尚学|0,2023,senbatsu,,2023選抜,3R,prefecture,西東京,沖縄,1,0,1018.395,1012.8429,0.507989,4.56,2.2436,1020.6386,1010.5993,-0.0,0.0,0,historical
2023|senbatsu||2023選抜|3R|報徳学園|5|東邦|4,2023,senbatsu,,2023選抜,3R,national,兵庫,愛知,5,4,1002.6604,1036.3681,0.452348,9.12,4.9946,1007.655,1031.3735,0.2475,-0.2475,2,historical
2023|senbatsu||2023選抜|3R|仙台育英|6|龍谷大平安|1,2023,senbatsu,,2023選抜,3R,national,宮城,京,6,1,1075.6049,1016.7994,0.582598,9.12,3.8067,1079.4116,1012.9927,-0.4397,0.4397,1,historical
2023|senbatsu||2023選抜|QF|山梨学院|12|作新学院|3,2023,senbatsu,,2023選抜,QF,national,山梨,栃木,12,3,991.3587,959.9599,0.547435,9.12,4.1274,995.4861,955.8325,0.8308,-0.8308,3,historical
2023|senbatsu||2023選抜|QF|広陵|9|専大松戸|2,2023,senbatsu,,2023選抜,QF,national,広島,千葉,9,2,1058.0765,1024.7477,0.547817,9.12,4.1239,1062.2004,1020.6238,-0.0,0.0,0,historical
2023|senbatsu||2023選抜|QF|大阪桐蔭|6|東海大菅生|1,2023,senbatsu,,2023選抜,QF,prefecture,大阪,西東京,6,1,1141.24,1020.6386,0.670009,4.56,1.5048,1142.7447,1019.1338,1.2151,-1.2151,3,historical
2023|senbatsu||2023選抜|QF|報徳学園|5|仙台育英|4,2023,senbatsu,,2023選抜,QF,national,兵庫,宮城,5,4,1007.655,1079.4116,0.397299,9.12,5.4966,1013.1517,1073.915,-0.3187,0.3187,1,historical
2023|senbatsu||2023選抜|SF|山梨学院|6|広陵|1,2023,senbatsu,,2023選抜,SF,national,山梨,広島,6,1,995.4861,1062.2004,0.405153,9.12,5.425,1000.9111,1056.7754,0.0,-0.0,0,historical
2023|senbatsu||2023選抜|SF|報徳学園|7|大阪桐蔭|5,2023,senbatsu,,2023選抜,SF,national,兵庫,大阪,7,5,1013.1517,1142.7447,0.303657,9.12,6.3507,1019.5023,1136.3941,-7.2916,7.2916,11,historical
2023|senbatsu||2023選抜|F|山梨学院|7|報徳学園|3,2023,senbatsu,,2023選抜,F,national,山梨,兵庫,7,3,1000.9111,1019.5023,0.473271,9.12,4.8038,1005.7149,1014.6985,-0.0,0.0,0,historical
2023|koshien||2023選手権|1R|土浦日大|8|上田西|3,2023,koshien,,2023選手権,1R,national,茨城,長野,8,3,964.8847,976.0245,0.482582,11.96,6.1883,971.073,969.8361,-0.4844,0.4844,1,historical
2023|koshien||2023選手権|1R|聖光学院|9|共栄学園|3,2023,koshien,,2023選手権,1R,prefecture,福島,東東京,9,3,990.8816,1021.0348,0.457334,5.52,2.9955,993.8771,1018.0393,0.2168,-0.2168,1,historical
2023|koshien||2023選手権|1R|仙台育英|19|浦和学院|9,2023,koshien,,2023選手権,1R,national,宮城,埼玉,19,9,1073.915,1021.6816,0.573305,11.96,5.1033,1079.0183,1016.5783,-0.4632,0.4632,1,historical
2023|koshien||2023選手権|1R|高知中央|9|川之江|4,2023,koshien,,2023選手権,1R,national,高知,愛媛,9,4,1060.6714,962.7722,0.687454,11.96,3.7381,1064.4095,959.0342,19.5162,-19.5162,17,historical
2023|koshien||2023選手権|1R|履正社|6|鳥取商|0,2023,koshien,,2023選手権,1R,national,大阪,鳥取,6,0,1136.3941,946.5212,0.749914,11.96,2.991,1139.3851,943.5301,0.4479,-0.4479,1,historical
2023|koshien||2023選手権|1R|智弁学園|7|英明|6,2023,koshien,,2023選手権,1R,national,奈良,香川,7,6,1065.8111,998.8599,0.595175,11.96,4.8417,1070.6528,994.0182,0.0,-0.0,0,historical
2023|koshien||2023選手権|1R|徳島商|2|愛工大名電|1,2023,koshien,,2023選手権,1R,national,徳島,愛知,2,1,956.2318,1031.3735,0.392521,11.96,7.2654,963.4972,1024.1081,-0.3627,0.3627,1,historical
2023|koshien||2023選手権|1R|花巻東|4|宇部鴻城|1,2023,koshien,,2023選手権,1R,national,岩手,山口,4,1,992.472,1010.9276,0.471978,11.96,6.3151,998.7871,1004.6125,-0.5181,0.5181,1,historical
2023|koshien||2023選手権|1R|クラーク国際|7|前橋商|1,2023,koshien,,2023選手権,1R,prefecture,北北海道,群馬,7,1,952.241,1019.8399,0.403009,5.52,3.2954,955.5364,1016.5445,-0.3311,0.3311,1,historical
2023|koshien||2023選手権|1R|おかやま山陽|9|日大山形|2,2023,koshien,,2023選手権,1R,national,岡山,山形,9,2,1007.3048,988.8954,0.526468,11.96,5.6634,1012.9682,983.2319,-0.0,0.0,0,historical
2023|koshien||2023選手権|1R|大垣日大|7|近江|2,2023,koshien,,2023選手権,1R,national,岐阜,滋賀,7,2,966.4932,1020.0998,0.42346,11.96,6.8954,973.3886,1013.2043,0.0,-0.0,0,historical
2023|koshien||2023選手権|1R|鳥栖工|3|富山商|2,2023,koshien,,2023選手権,1R,national,佐賀,富山,3,2,925.2066,930.1226,0.491524,11.96,6.0814,931.2879,924.0412,-0.487,0.487,1,historical
2023|koshien||2023選手権|1R|日大三|3|社|0,2023,koshien,,2023選手権,1R,prefecture,西東京,兵庫,3,0,1019.1338,1014.6985,0.505774,5.52,2.7281,1021.8619,1011.9704,-0.2114,0.2114,1,historical
2023|koshien||2023選手権|1R|市和歌山|5|東京学館新潟|4,2023,koshien,,2023選手権,1R,national,和歌山,新潟,5,4,1037.1756,949.5195,0.623537,11.96,4.5025,1041.6781,945.017,0.0,-0.0,0,historical
2023|koshien||2023選手権|1R|神村学園|10|立命館宇治|2,2023,koshien,,2023選手権,1R,national,鹿児島,京,10,2,974.9748,1012.9927,0.446802,11.96,6.6162,981.5911,1006.3765,0.4559,-0.4559,1,historical
2023|koshien||2023選手権|1R|浜松開誠館|5|東海大熊本星翔|2,2023,koshien,,2023選手権,1R,national,静岡,熊本,5,2,997.1654,965.5834,0.545325,11.96,5.4379,1002.6033,960.1455,-0.0,0.0,0,historical
2023|koshien||2023選手権|1R|北海|9|明豊|8,2023,koshien,,2023選手権,1R,prefecture,南北海道,大分,9,8,1014.8624,1028.9012,0.47869,5.52,2.8776,1017.74,1026.0235,-0.3889,0.3889,1,historical
2023|koshien||2023選手権|2R|創成館|6|星稜|3,2023,koshien,,2023選手権,2R,national,長崎,石川,6,3,1009.6875,1056.8137,0.432593,11.96,6.7862,1016.4737,1050.0275,-0.0,0.0,0,historical
2023|koshien||2023選手権|2R|沖縄尚学|3|いなべ総合|0,2023,koshien,,2023選手権,2R,national,沖縄,三重,3,0,1010.5993,965.3259,0.564787,11.96,5.2051,1015.8044,960.1207,-0.0,0.0,0,historical
2023|koshien||2023選手権|2R|広陵|8|立正大淞南|3,2023,koshien,,2023選手権,2R,national,広島,島根,8,3,1056.7754,926.6385,0.687299,11.96,3.7399,1060.5153,922.8985,3.3349,-3.3349,8,historical
2023|koshien||2023選手権|2R|慶応|9|北陸|4,2023,koshien,,2023選手権,2R,national,神奈川,福井,9,4,1018.0327,1016.5011,0.501542,11.96,5.9616,1023.9942,1010.5396,-0.2301,0.2301,2,historical
2023|koshien||2023選手権|2R|文星芸大付|9|宮崎学園|7,2023,koshien,,2023選手権,2R,national,栃木,宮崎,9,7,955.8325,942.7417,0.519929,11.96,5.7417,961.5741,937.0,0.3822,-0.3822,1,historical
2023|koshien||2023選手権|2R|八戸学院光星|7|明桜|0,2023,koshien,,2023選手権,2R,national,青森,秋田,7,0,1021.5411,968.1292,0.589548,11.96,4.909,1026.4501,963.2202,4.7453,-4.7453,12,historical
2023|koshien||2023選手権|2R|専大松戸|7|東海大甲府|5,2023,koshien,,2023選手権,2R,national,千葉,山梨,7,5,1020.6238,1005.7149,0.519003,11.96,5.7527,1026.3765,999.9622,-0.849,0.849,8,historical
2023|koshien||2023選手権|2R|土浦日大|3|九州国際大付|0,2023,koshien,,2023選手権,2R,national,茨城,福岡,3,0,971.073,1046.9876,0.392456,11.96,7.2662,978.3392,1039.7214,-0.0,0.0,0,historical
2023|koshien||2023選手権|2R|仙台育英|8|聖光学院|2,2023,koshien,,2023選手権,2R,national,宮城,福島,8,2,1079.0183,993.8771,0.629456,11.96,4.4317,1083.45,989.4454,3.4546,-3.4546,15,historical
2023|koshien||2023選手権|2R|履正社|10|高知中央|4,2023,koshien,,2023選手権,2R,national,大阪,高知,10,4,1139.3851,1064.4095,0.604961,11.96,4.7247,1144.1098,1059.6848,-0.4703,0.4703,1,historical
2023|koshien||2023選手権|2R|智弁学園|12|徳島商|6,2023,koshien,,2023選手権,2R,national,奈良,徳島,12,6,1070.6528,963.4972,0.649499,11.96,4.192,1074.8448,959.3052,0.0,-0.0,0,historical
2023|koshien||2023選手権|2R|花巻東|2|クラーク国際|1,2023,koshien,,2023選手権,2R,prefecture,岩手,北北海道,2,1,998.7871,955.5364,0.561923,5.52,2.4182,1001.2053,953.1182,-0.0,0.0,0,historical
2023|koshien||2023選手権|2R|おかやま山陽|4|大垣日大|3,2023,koshien,,2023選手権,2R,national,岡山,岐阜,4,3,1012.9682,973.3886,0.556714,11.96,5.3017,1018.2699,968.087,-0.0,0.0,0,historical
2023|koshien||2023選手権|2R|日大三|3|鳥栖工|1,2023,koshien,,2023選手権,2R,prefecture,西東京,佐賀,3,1,1021.8619,931.2879,0.627862,5.52,2.0542,1023.9161,929.2337,0.1449,-0.1449,1,historical
2023|koshien||2023選手権|2R|神村学園|11|市和歌山|1,2023,koshien,,2023選手権,2R,national,鹿児島,和歌山,11,1,981.5911,1041.6781,0.41438,11.96,7.004,988.5951,1034.6741,-0.0,0.0,0,historical
2023|koshien||2023選手権|2R|北海|3|浜松開誠館|2,2023,koshien,,2023選手権,2R,prefecture,南北海道,静岡,3,2,1017.74,1002.6033,0.520641,5.52,2.6461,1020.3861,999.9572,-0.393,0.393,1,historical
2023|koshien||2023選手権|3R|沖縄尚学|5|創成館|1,2023,koshien,,2023選手権,3R,national,沖縄,長崎,5,1,1015.8044,1016.4737,0.499831,11.96,5.982,1021.7865,1010.4917,0.276,-0.276,8,historical
2023|koshien||2023選手権|3R|慶応|6|広陵|3,2023,koshien,,2023選手権,3R,national,神奈川,広島,6,3,1023.9942,1060.5153,0.44896,11.96,6.5904,1030.5847,1053.9249,0.4653,-0.4653,1,historical
2023|koshien||2023選手権|3R|八戸学院光星|6|文星芸大付|3,2023,koshien,,2023選手権,3R,national,青森,栃木,6,3,1026.4501,961.5741,0.592294,11.96,4.8762,1031.3263,956.698,-0.0,0.0,0,historical
2023|koshien||2023選手権|3R|土浦日大|10|専大松戸|6,2023,koshien,,2023選手権,3R,national,茨城,千葉,10,6,978.3392,1026.3765,0.429624,11.96,6.8217,985.1609,1019.5548,-0.596,0.596,7,historical
2023|koshien||2023選手権|3R|仙台育英|4|履正社|3,2023,koshien,,2023選手権,3R,national,宮城,大阪,4,3,1083.45,1144.1098,0.414703,11.96,7.0002,1090.4501,1137.1096,0.402,-0.402,2,historical
2023|koshien||2023選手権|3R|花巻東|5|智弁学園|2,2023,koshien,,2023選手権,3R,national,岩手,奈良,5,2,1001.2053,1074.8448,0.396652,11.96,7.216,1008.4214,1067.6287,0.3879,-0.3879,1,historical
2023|koshien||2023選手権|3R|おかやま山陽|7|日大三|2,2023,koshien,,2023選手権,3R,prefecture,岡山,西東京,7,2,1018.2699,1023.9161,0.491875,5.52,2.8048,1021.0748,1021.1113,0.0,-0.0,0,historical
2023|koshien||2023選手権|3R|神村学園|10|北海|4,2023,koshien,,2023選手権,3R,prefecture,鹿児島,南北海道,10,4,988.5951,1020.3861,0.454376,5.52,3.0118,991.6069,1017.3742,-0.0,0.0,0,historical
2023|koshien||2023選手権|QF|慶応|7|沖縄尚学|2,2023,koshien,,2023選手権,QF,national,神奈川,沖縄,7,2,1030.5847,1021.7865,0.512659,11.96,5.8286,1036.4133,1015.9579,-0.0,0.0,0,historical
2023|koshien||2023選手権|QF|土浦日大|9|八戸学院光星|2,2023,koshien,,2023選手権,QF,national,茨城,青森,9,2,985.1609,1031.3263,0.433951,11.96,6.7699,991.9309,1024.5564,0.0,-0.0,0,historical
2023|koshien||2023選手権|QF|仙台育英|9|花巻東|4,2023,koshien,,2023選手権,QF,national,宮城,岩手,9,4,1090.4501,1008.4214,0.631581,11.96,4.4063,1094.8564,1004.0151,5.8032,-5.8032,13,historical
2023|koshien||2023選手権|QF|神村学園|6|おかやま山陽|0,2023,koshien,,2023選手権,QF,national,鹿児島,岡山,6,0,991.6069,1021.0748,0.457694,11.96,6.486,998.0929,1014.5888,-0.0,0.0,0,historical
2023|koshien||2023選手権|SF|仙台育英|6|神村学園|2,2023,koshien,,2023選手権,SF,national,宮城,鹿児島,6,2,1094.8564,998.0929,0.635762,11.96,4.3563,1099.2127,993.7366,0.0,-0.0,0,historical
2023|koshien||2023選手権|SF|慶応|2|土浦日大|0,2023,koshien,,2023選手権,SF,national,神奈川,茨城,2,0,1036.4133,991.9309,0.577458,11.96,5.0536,1041.4669,986.8773,4.8891,-4.8891,8,historical
2023|koshien||2023選手権|F|慶応|8|仙台育英|2,2023,koshien,,2023選手権,F,national,神奈川,宮城,8,2,1041.4669,1099.2127,0.416741,11.96,6.9758,1048.4426,1092.2369,-0.326,0.326,1,historical
2023|autumn||2023秋季北海道地区大会|1R|旭川実|4|北照|3,2023,autumn,,2023秋季北海道地区大会,1R,regional,北北海道,南北海道,4,3,953.1182,1017.3742,0.363453,8.0,5.0924,958.2106,1012.2819,-16.5484,16.5484,104,historical
2023|autumn||2023秋季北海道地区大会|1R|札幌国際情報|6|白樺学園|5,2023,autumn,,2023秋季北海道地区大会,1R,regional,南北海道,北北海道,6,5,1012.2819,958.2106,0.613264,8.0,3.0939,1015.3758,955.1167,13.0108,-13.0108,105,historical
2023|autumn||2023秋季北海道地区大会|2R|北海|9|稚内大谷|0,2023,autumn,,2023秋季北海道地区大会,2R,regional,南北海道,北北海道,9,0,1015.3758,955.1167,0.627524,8.0,2.9798,1018.3556,952.1369,15.1771,-15.1771,106,historical
2023|autumn||2023秋季北海道地区大会|2R|別海|4|苫小牧中央|3,2023,autumn,,2023秋季北海道地区大会,2R,regional,北北海道,南北海道,4,3,952.1369,1018.3556,0.358939,8.0,5.1285,957.2654,1013.2271,-17.2664,17.2664,107,historical
2023|autumn||2023秋季北海道地区大会|2R|クラーク国際|3|駒大苫小牧|2,2023,autumn,,2023秋季北海道地区大会,2R,regional,北北海道,南北海道,3,2,957.2654,1013.2271,0.382293,8.0,4.9417,962.207,1008.2854,-13.6964,13.6964,108,historical
2023|autumn||2023秋季北海道地区大会|2R|東海大札幌|5|旭川実|3,2023,autumn,,2023秋季北海道地区大会,2R,regional,南北海道,北北海道,5,3,1008.2854,962.207,0.594664,8.0,3.2427,1011.5281,958.9644,10.2523,-10.2523,109,historical
2023|autumn||2023秋季北海道地区大会|2R|札幌国際情報|7|旭川北|2,2023,autumn,,2023秋季北海道地区大会,2R,regional,南北海道,北北海道,7,2,1011.5281,958.9644,0.609876,8.0,3.121,1014.6491,955.8434,12.5258,-12.5258,110,historical
2023|autumn||2023秋季北海道地区大会|QF|北海|10|クラーク国際|0,2023,autumn,,2023秋季北海道地区大会,QF,regional,南北海道,北北海道,10,0,1014.6491,955.8434,0.624325,8.0,3.0054,1017.6545,952.838,14.7168,-14.7168,111,historical
2023|autumn||2023秋季北海道地区大会|QF|別海|4|知内|3,2023,autumn,,2023秋季北海道地区大会,QF,regional,北北海道,南北海道,4,3,952.838,1017.6545,0.361959,8.0,5.1043,957.9423,1012.5502,-16.8295,16.8295,112,historical
2023|autumn||2023秋季北海道地区大会|QF|帯広大谷|4|札幌国際情報|2,2023,autumn,,2023秋季北海道地区大会,QF,regional,北北海道,南北海道,4,2,957.9423,1012.5502,0.385313,8.0,4.9175,962.8598,1007.6327,-13.2642,13.2642,113,historical
2023|autumn||2023秋季北海道地区大会|SF|北海|6|別海|1,2023,autumn,,2023秋季北海道地区大会,SF,regional,南北海道,北北海道,6,1,1007.6327,962.8598,0.591666,8.0,3.2667,1010.8993,959.5931,9.8257,-9.8257,114,historical
2023|autumn||2023秋季北海道地区大会|SF|東海大札幌|4|帯広大谷|2,2023,autumn,,2023秋季北海道地区大会,SF,regional,南北海道,北北海道,4,2,1010.8993,959.5931,0.607043,8.0,3.1437,1014.043,956.4495,12.1219,-12.1219,115,historical
2023|autumn||2023秋季東北地区大会|1R|学法石川|8|盛岡中央|5,2023,autumn,,2023秋季東北地区大会,1R,regional,福島,岩手,8,5,989.4454,1004.0151,0.484683,8.0,4.1225,993.568,999.8925,1.9615,-1.9615,11,historical
2023|autumn||2023秋季東北地区大会|1R|聖愛|6|明桜|4,2023,autumn,,2023秋季東北地区大会,1R,regional,青森,秋田,6,4,1024.5564,963.2202,0.607231,8.0,3.1422,1027.6985,960.0781,7.1751,-7.1751,13,historical
2023|autumn||2023秋季東北地区大会|2R|秋田修英|9|古川学園|6,2023,autumn,,2023秋季東北地区大会,2R,regional,秋田,宮城,9,6,960.0781,1092.2369,0.30034,8.0,5.5973,965.6753,1086.6397,-7.3754,7.3754,10,historical
2023|autumn||2023秋季東北地区大会|2R|学法石川|2|聖和学園|1,2023,autumn,,2023秋季東北地区大会,2R,regional,福島,宮城,2,1,993.568,1086.6397,0.353902,8.0,5.1688,998.7367,1081.4709,-5.7472,5.7472,16,historical
2023|autumn||2023秋季東北地区大会|2R|日大山形|7|聖光学院|3,2023,autumn,,2023秋季東北地区大会,2R,regional,山形,福島,7,3,983.2319,998.7367,0.489298,8.0,4.0856,987.3176,994.6511,4.0336,-4.0336,10,historical
2023|autumn||2023秋季東北地区大会|2R|一関学院|3|光南|0,2023,autumn,,2023秋季東北地区大会,2R,regional,岩手,福島,3,0,999.8925,994.6511,0.496352,8.0,4.0292,1003.9217,990.622,-3.888,3.888,12,historical
2023|autumn||2023秋季東北地区大会|2R|青森山田|9|羽黒|8,2023,autumn,,2023秋季東北地区大会,2R,regional,青森,山形,9,8,1027.6985,987.3176,0.572909,8.0,3.4167,1031.1152,983.9008,5.3226,-5.3226,10,historical
2023|autumn||2023秋季東北地区大会|2R|金足農|3|久慈|2,2023,autumn,,2023秋季東北地区大会,2R,regional,秋田,岩手,3,2,965.6753,1003.9217,0.442342,8.0,4.4613,970.1366,999.4605,-0.9988,0.9988,9,historical
2023|autumn||2023秋季東北地区大会|2R|八戸学院光星|5|仙台一|2,2023,autumn,,2023秋季東北地区大会,2R,regional,青森,宮城,5,2,1031.1152,1081.4709,0.423179,8.0,4.6146,1035.7298,1076.8563,-1.7256,1.7256,20,historical
2023|autumn||2023秋季東北地区大会|2R|鶴岡東|7|聖愛|5,2023,autumn,,2023秋季東北地区大会,2R,regional,山形,青森,7,5,983.9008,1035.7298,0.406298,8.0,4.7496,988.6504,1030.9802,-7.0302,7.0302,11,historical
2023|autumn||2023秋季東北地区大会|QF|学法石川|3|金足農|1,2023,autumn,,2023秋季東北地区大会,QF,regional,福島,秋田,3,1,990.622,970.1366,0.536714,8.0,3.7063,994.3282,966.4303,2.5361,-2.5361,10,historical
2023|autumn||2023秋季東北地区大会|QF|八戸学院光星|8|日大山形|1,2023,autumn,,2023秋季東北地区大会,QF,regional,青森,山形,8,1,1030.9802,988.6504,0.575162,8.0,3.3987,1034.3789,985.2517,5.1486,-5.1486,12,historical
2023|autumn||2023秋季東北地区大会|QF|青森山田|5|鶴岡東|1,2023,autumn,,2023秋季東北地区大会,QF,regional,青森,山形,5,1,1034.3789,985.2517,0.589554,8.0,3.2836,1037.6625,981.9682,6.89,-6.89,13,historical
2023|autumn||2023秋季東北地区大会|QF|一関学院|4|秋田修英|1,2023,autumn,,2023秋季東北地区大会,QF,regional,岩手,秋田,4,1,999.4605,966.4303,0.545078,8.0,3.6394,1003.0998,962.7909,-0.8108,0.8108,10,historical
2023|autumn||2023秋季東北地区大会|SF|八戸学院光星|1|学法石川|0,2023,autumn,,2023秋季東北地区大会,SF,regional,青森,福島,1,0,1037.6625,994.3282,0.563131,8.0,3.495,1041.1574,990.8333,0.3845,-0.3845,11,historical
2023|autumn||2023秋季東北地区大会|SF|青森山田|4|一関学院|0,2023,autumn,,2023秋季東北地区大会,SF,regional,青森,岩手,4,0,1041.1574,1003.0998,0.560177,8.0,3.5186,1044.676,999.5812,1.9807,-1.9807,12,historical
2023|autumn||2023秋季関東地区大会|1R|花咲徳栄|8|横浜|6,2023,autumn,,2023秋季関東地区大会,1R,regional,埼玉,神奈川,8,6,1016.5783,1048.4426,0.425217,8.0,4.5983,1021.1766,1043.8444,-10.2466,10.2466,15,historical
2023|autumn||2023秋季関東地区大会|1R|帝京三|5|明和県央|0,2023,autumn,,2023秋季関東地区大会,1R,regional,山梨,群馬,5,0,999.9622,1016.5445,0.465513,8.0,4.2759,1004.2381,1012.2686,-3.7099,3.7099,11,historical
2023|autumn||2023秋季関東地区大会|1R|常総学院|9|専大松戸|2,2023,autumn,,2023秋季関東地区大会,1R,regional,茨城,千葉,9,2,986.8773,1019.5548,0.458593,8.0,4.3313,991.2085,1015.2236,1.9196,-1.9196,8,historical
2023|autumn||2023秋季関東地区大会|1R|山梨学院|2|昌平|1,2023,autumn,,2023秋季関東地区大会,1R,regional,山梨,埼玉,2,1,1004.2381,1021.1766,0.48564,8.0,4.1149,1008.3529,1017.0617,3.4786,-3.4786,8,historical
2023|autumn||2023秋季関東地区大会|1R|健大高崎|7|鹿島学園|5,2023,autumn,,2023秋季関東地区大会,1R,regional,群馬,茨城,7,5,1012.2686,991.2085,0.522415,8.0,3.8207,1016.0893,987.3879,-2.7371,2.7371,12,historical
2023|autumn||2023秋季関東地区大会|1R|中央学院|10|白鴎大足利|2,2023,autumn,,2023秋季関東地区大会,1R,regional,千葉,栃木,10,2,1015.2236,956.698,0.591574,8.0,3.2674,1018.491,953.4306,2.9163,-2.9163,5,historical
2023|autumn||2023秋季関東地区大会|1R|桐光学園|6|文星芸大付|3,2023,autumn,,2023秋季関東地区大会,1R,regional,神奈川,栃木,6,3,1043.8444,953.4306,0.645702,8.0,2.8344,1046.6788,950.5962,6.9257,-6.9257,6,historical
2023|autumn||2023秋季関東地区大会|QF|常総学院|10|花咲徳栄|5,2023,autumn,,2023秋季関東地区大会,QF,regional,茨城,埼玉,10,5,987.3879,1017.0617,0.449959,8.0,4.4003,991.7882,1012.6614,-2.6075,2.6075,5,historical
2023|autumn||2023秋季関東地区大会|QF|作新学院|7|帝京三|2,2023,autumn,,2023秋季関東地区大会,QF,regional,栃木,山梨,7,2,950.5962,1008.3529,0.411917,8.0,4.7047,955.3008,1003.6483,-2.0473,2.0473,4,historical
2023|autumn||2023秋季関東地区大会|QF|山梨学院|4|桐光学園|2,2023,autumn,,2023秋季関東地区大会,QF,regional,山梨,神奈川,4,2,1003.6483,1046.6788,0.441009,8.0,4.4719,1008.1202,1042.2068,0.9236,-0.9236,6,historical
2023|autumn||2023秋季関東地区大会|QF|健大高崎|4|中央学院|3,2023,autumn,,2023秋季関東地区大会,QF,regional,群馬,千葉,4,3,1016.0893,1018.491,0.494943,8.0,4.0405,1020.1297,1014.4505,-0.5563,0.5563,8,historical
2023|autumn||2023秋季関東地区大会|SF|山梨学院|3|健大高崎|2,2023,autumn,,2023秋季関東地区大会,SF,regional,山梨,群馬,3,2,1008.1202,1020.1297,0.477205,8.0,4.1824,1012.3026,1015.9474,-1.9207,1.9207,12,historical
2023|autumn||2023秋季関東地区大会|SF|作新学院|7|常総学院|2,2023,autumn,,2023秋季関東地区大会,SF,regional,栃木,茨城,7,2,955.3008,991.7882,0.453347,8.0,4.3732,959.6741,987.415,1.9874,-1.9874,4,historical
2023|autumn||2023秋季関東地区大会|F|作新学院|13|山梨学院|4,2023,autumn,,2023秋季関東地区大会,F,regional,栃木,山梨,13,4,959.6741,1012.3026,0.42201,8.0,4.6239,964.298,1007.6787,-1.0052,1.0052,5,historical
2023|autumn||2023秋季東京地区大会|1R|修徳|4|片倉|1,2023,autumn,,2023秋季東京地区大会,1R,prefecture,東東京,西東京,4,1,1018.0393,1021.1113,0.454687,4.8,2.6175,1020.6568,1018.4938,-14.2507,14.2507,183,historical
2023|autumn||2023秋季東京地区大会|1R|岩倉|12|東農大一|0,2023,autumn,,2023秋季東京地区大会,1R,prefecture,東東京,西東京,12,0,1020.6568,1018.4938,0.467547,4.8,2.5558,1023.2125,1015.938,-12.3726,12.3726,184,historical
2023|autumn||2023秋季東京地区大会|1R|城西|9|明学東村山|7,2023,autumn,,2023秋季東京地区大会,1R,prefecture,東京,西東京,9,7,954.4216,1015.938,0.413131,4.8,2.817,957.2386,1013.1211,0.2676,-0.2676,7,historical
2023|autumn||2023秋季東京地区大会|1R|豊南|9|明星|2,2023,autumn,,2023秋季東京地区大会,1R,prefecture,東東京,西東京,9,2,1023.2125,1013.1211,0.484197,4.8,2.4759,1025.6884,1010.6452,-10.538,10.538,185,historical
2023|autumn||2023秋季東京地区大会|1R|関東一|12|駒大高|0,2023,autumn,,2023秋季東京地区大会,1R,prefecture,東東京,西東京,12,0,1025.6884,1010.6452,0.496436,4.8,2.4171,1028.1055,1008.2281,-8.76,8.76,186,historical
2023|autumn||2023秋季東京地区大会|1R|早稲田実|13|東京実|1,2023,autumn,,2023秋季東京地区大会,1R,prefecture,西東京,東東京,13,1,1008.2281,1028.1055,0.49161,4.8,2.4403,1010.6684,1025.6652,7.0235,-7.0235,187,historical
2023|autumn||2023秋季東京地区大会|1R|安田学園|6|総合工科|1,2023,autumn,,2023秋季東京地区大会,1R,prefecture,東東京,西東京,6,1,1025.6652,1010.6684,0.49631,4.8,2.4177,1028.0829,1008.2506,-8.7805,8.7805,188,historical
2023|autumn||2023秋季東京地区大会|1R|昭和|2|大東大一|1,2023,autumn,,2023秋季東京地区大会,1R,prefecture,西東京,東東京,2,1,1008.2506,1028.0829,0.491731,4.8,2.4397,1010.6903,1025.6432,7.0428,-7.0428,189,historical
2023|autumn||2023秋季東京地区大会|1R|早大学院|10|日比谷|0,2023,autumn,,2023秋季東京地区大会,1R,prefecture,西東京,東東京,10,0,1010.6903,1025.6432,0.50381,4.8,2.3817,1013.0721,1023.2615,8.8001,-8.8001,190,historical
2023|autumn||2023秋季東京地区大会|1R|桜美林|9|東京|2,2023,autumn,,2023秋季東京地区大会,1R,prefecture,西東京,東東京,9,2,1013.0721,1023.2615,0.5156,4.8,2.3251,1015.3972,1020.9364,10.5165,-10.5165,191,historical
2023|autumn||2023秋季東京地区大会|1R|文京|7|法政大高|0,2023,autumn,,2023秋季東京地区大会,1R,prefecture,東東京,東京,7,0,1020.9364,957.2386,0.662102,4.8,1.6219,1022.5583,955.6167,26.5791,-26.5791,26,historical
2023|autumn||2023秋季東京地区大会|1R|紅葉川|3|明治|1,2023,autumn,,2023秋季東京地区大会,1R,prefecture,東東京,東京,3,1,1022.5583,955.6167,0.669261,4.8,1.5875,1024.1459,954.0291,27.7511,-27.7511,27,historical
2023|autumn||2023秋季東京地区大会|1R|専大付|5|京華商|4,2023,autumn,,2023秋季東京地区大会,1R,prefecture,西東京,東東京,5,4,1015.3972,1024.1459,0.522488,4.8,2.2921,1017.6892,1021.8538,12.1928,-12.1928,192,historical
2023|autumn||2023秋季東京地区大会|1R|小平南|6|麻布|3,2023,autumn,,2023秋季東京地区大会,1R,prefecture,西東京,東東京,6,3,1017.6892,1021.8538,0.533807,4.8,2.2377,1019.927,1019.6161,13.8459,-13.8459,193,historical
2023|autumn||2023秋季東京地区大会|1R|日大三|10|小山台|4,2023,autumn,,2023秋季東京地区大会,1R,prefecture,西東京,東東京,10,4,1019.927,1019.6161,0.544826,4.8,2.1848,1022.1118,1017.4313,15.4606,-15.4606,194,historical
2023|autumn||2023秋季東京地区大会|1R|日大豊山|10|立川|0,2023,autumn,,2023秋季東京地区大会,1R,prefecture,東東京,西東京,10,0,1017.4313,1022.1118,0.444456,4.8,2.6666,1020.0979,1019.4452,-17.0378,17.0378,195,historical
2023|autumn||2023秋季東京地区大会|1R|二松学舎大付|15|駒場学園|8,2023,autumn,,2023秋季東京地区大会,1R,prefecture,東東京,西東京,15,8,1020.0979,1019.4452,0.457524,4.8,2.6039,1022.7017,1016.8413,-15.1197,15.1197,196,historical
2023|autumn||2023秋季東京地区大会|1R|日大二|14|青山学院|2,2023,autumn,,2023秋季東京地区大会,1R,prefecture,西東京,東東京,14,2,1016.8413,1022.7017,0.529656,4.8,2.2576,1019.0989,1020.4441,13.246,-13.246,197,historical
2023|autumn||2023秋季東京地区大会|2R|二松学舎大付|15|日大三|8,2023,autumn,,2023秋季東京地区大会,2R,prefecture,東東京,西東京,15,8,1020.4441,1019.0989,0.45921,4.8,2.5958,1023.0399,1016.5032,-14.8761,14.8761,198,historical
2023|autumn||2023秋季東京地区大会|2R|昭和|8|紅葉川|0,2023,autumn,,2023秋季東京地区大会,2R,prefecture,西東京,東東京,8,0,1016.5032,1023.0399,0.528002,4.8,2.2656,1018.7687,1020.7743,13.0074,-13.0074,199,historical
2023|autumn||2023秋季東京地区大会|2R|日大鶴ヶ丘|16|安田学園|0,2023,autumn,,2023秋季東京地区大会,2R,prefecture,西東京,東東京,16,0,1018.7687,1020.7743,0.539181,4.8,2.2119,1020.9807,1018.5624,14.6437,-14.6437,200,historical
2023|autumn||2023秋季東京地区大会|2R|東海大菅生|7|共栄学園|4,2023,autumn,,2023秋季東京地区大会,2R,prefecture,西東京,東東京,7,4,1020.9807,1018.5624,0.55006,4.8,2.1597,1023.1404,1016.4027,16.242,-16.242,201,historical
2023|autumn||2023秋季東京地区大会|2R|城西|5|工学院大付|3,2023,autumn,,2023秋季東京地区大会,2R,prefecture,東京,西東京,5,3,954.0291,1023.1404,0.405555,4.8,2.8533,956.8824,1020.2871,1.3431,-1.3431,8,historical
2023|autumn||2023秋季東京地区大会|2R|桜美林|9|文京|3,2023,autumn,,2023秋季東京地区大会,2R,prefecture,西東京,東東京,9,3,1020.2871,1016.4027,0.556588,4.8,2.1284,1022.4154,1014.2743,17.8031,-17.8031,202,historical
2023|autumn||2023秋季東京地区大会|2R|早稲田実|5|高島|0,2023,autumn,,2023秋季東京地区大会,2R,prefecture,西東京,東東京,5,0,1022.4154,1014.2743,0.566982,4.8,2.0785,1024.4939,1012.1958,19.3422,-19.3422,203,historical
2023|autumn||2023秋季東京地区大会|3R|東海大菅生|4|修徳|3,2023,autumn,,2023秋季東京地区大会,3R,prefecture,西東京,東東京,4,3,1024.4939,1012.1958,0.577078,4.8,2.03,1026.5239,1010.1658,20.8459,-20.8459,204,historical
2023|autumn||2023秋季東京地区大会|3R|早稲田実|11|岩倉|10,2023,autumn,,2023秋季東京地区大会,3R,prefecture,西東京,東東京,11,10,1026.5239,1010.1658,0.586879,4.8,1.983,1028.5069,1008.1828,22.315,-22.315,205,historical
2023|autumn||2023秋季東京地区大会|3R|関東一|3|城西|2,2023,autumn,,2023秋季東京地区大会,3R,prefecture,東東京,東京,3,2,1008.1828,956.8824,0.652058,4.8,1.6701,1009.8529,955.2123,28.9056,-28.9056,28,historical
2023|autumn||2023秋季東京地区大会|3R|日大二|10|明大中野|0,2023,autumn,,2023秋季東京地区大会,3R,prefecture,西東京,東東京,10,0,1028.5069,1009.8529,0.594071,4.8,1.9485,1030.4554,1007.9045,23.7507,-23.7507,206,historical
2023|autumn||2023秋季東京地区大会|QF|日大二|4|二松学舎大付|3,2023,autumn,,2023秋季東京地区大会,QF,regional,西東京,東東京,4,3,1030.4554,1007.9045,0.603364,8.0,3.1731,1033.6285,1004.7314,25.162,-25.162,207,historical
2023|autumn||2023秋季東京地区大会|QF|関東一|9|東海大菅生|3,2023,autumn,,2023秋季東京地区大会,QF,regional,東東京,西東京,9,3,1004.7314,1033.6285,0.381669,8.0,4.9466,1009.678,1028.6818,-27.4582,27.4582,208,historical
2023|autumn||2023秋季東京地区大会|SF|関東一|5|早稲田実|1,2023,autumn,,2023秋季東京地区大会,SF,regional,東東京,西東京,5,1,1009.678,1028.6818,0.405057,8.0,4.7595,1014.4376,1023.9223,-23.8898,23.8898,209,historical
2023|autumn||2023秋季東京地区大会|F|関東一|4|創価|1,2023,autumn,,2023秋季東京地区大会,F,regional,東東京,西東京,4,1,1014.4376,1023.9223,0.427979,8.0,4.5762,1019.0137,1019.3461,-20.4554,20.4554,210,historical
2023|autumn||2023秋季北信越地区大会|1R|星稜|9|松商学園|3,2023,autumn,,2023秋季北信越地区大会,1R,regional,石川,長野,9,3,1050.0275,969.8361,0.619232,8.0,3.0461,1053.0736,966.79,2.143,-2.143,16,historical
2023|autumn||2023秋季北信越地区大会|1R|敦賀|2|日本文理|1,2023,autumn,,2023秋季北信越地区大会,1R,regional,福井,新潟,2,1,1010.5396,945.017,0.627123,8.0,2.983,1013.5226,942.034,12.3963,-12.3963,15,historical
2023|autumn||2023秋季北信越地区大会|1R|東京都市大塩尻|10|富山北部|7,2023,autumn,,2023秋季北信越地区大会,1R,regional,長野,富山,10,7,966.79,924.0412,0.555556,8.0,3.5556,970.3456,920.4857,-1.9924,1.9924,7,historical
2023|autumn||2023秋季北信越地区大会|1R|北陸|5|小松大谷|4,2023,autumn,,2023秋季北信越地区大会,1R,regional,福井,石川,5,4,1013.5226,1053.0736,0.435078,8.0,4.5194,1018.0419,1048.5543,-2.9086,2.9086,15,historical
2023|autumn||2023秋季北信越地区大会|1R|関根学園|2|高岡商|1,2023,autumn,,2023秋季北信越地区大会,1R,regional,新潟,富山,2,1,942.034,920.4857,0.538373,8.0,3.693,945.727,916.7927,2.5844,-2.5844,8,historical
2023|autumn||2023秋季北信越地区大会|1R|日本航空石川|3|福井商|1,2023,autumn,,2023秋季北信越地区大会,1R,regional,石川,福井,3,1,1048.5543,1018.0419,0.545835,8.0,3.6333,1052.1876,1014.4086,0.7135,-0.7135,16,historical
2023|autumn||2023秋季北信越地区大会|1R|敦賀気比|5|上田西|1,2023,autumn,,2023秋季北信越地区大会,1R,regional,福井,長野,5,1,1014.4086,970.3456,0.564219,8.0,3.4862,1017.8949,966.8593,0.4044,-0.4044,16,historical
2023|autumn||2023秋季北信越地区大会|1R|帝京長岡|7|高岡第一|0,2023,autumn,,2023秋季北信越地区大会,1R,regional,新潟,富山,7,0,945.727,916.7927,0.55353,8.0,3.5718,949.2987,913.2209,4.2028,-4.2028,9,historical
2023|autumn||2023秋季北信越地区大会|QF|北陸|1|東京都市大塩尻|0,2023,autumn,,2023秋季北信越地区大会,QF,regional,福井,長野,1,0,1017.8949,966.8593,0.579081,8.0,3.3673,1021.2622,963.492,2.1905,-2.1905,17,historical
2023|autumn||2023秋季北信越地区大会|QF|星稜|10|敦賀|0,2023,autumn,,2023秋季北信越地区大会,QF,regional,石川,福井,10,0,1052.1876,1021.2622,0.551747,8.0,3.586,1055.7736,1017.6762,2.5808,-2.5808,17,historical
2023|autumn||2023秋季北信越地区大会|QF|日本航空石川|13|関根学園|6,2023,autumn,,2023秋季北信越地区大会,QF,regional,石川,新潟,13,6,1055.7736,949.2987,0.656913,8.0,2.7447,1058.5183,946.554,3.1831,-3.1831,17,historical
2023|autumn||2023秋季北信越地区大会|QF|敦賀気比|11|帝京長岡|5,2023,autumn,,2023秋季北信越地区大会,QF,regional,福井,新潟,11,5,1017.6762,946.554,0.639334,8.0,2.8853,1020.5615,943.6687,14.1633,-14.1633,16,historical
2023|autumn||2023秋季北信越地区大会|SF|星稜|6|北陸|1,2023,autumn,,2023秋季北信越地区大会,SF,regional,石川,福井,6,1,1058.5183,1020.5615,0.567138,8.0,3.4629,1061.9812,1017.0986,4.4895,-4.4895,18,historical
2023|autumn||2023秋季北信越地区大会|SF|敦賀気比|4|日本航空石川|3,2023,autumn,,2023秋季北信越地区大会,SF,regional,福井,石川,4,3,1017.0986,1061.9812,0.417768,8.0,4.6579,1021.7565,1057.3233,-6.391,6.391,19,historical
2023|autumn||2023秋季北信越地区大会|F|星稜|1|敦賀気比|0,2023,autumn,,2023秋季北信越地区大会,F,regional,石川,福井,1,0,1057.3233,1021.7565,0.562348,8.0,3.5012,1060.8246,1018.2553,3.9918,-3.9918,20,historical
2023|autumn||2023秋季東海地区大会|1R|中京|6|浜松開誠館|0,2023,autumn,,2023秋季東海地区大会,1R,regional,岐阜,静岡,6,0,968.087,999.9572,0.441122,8.0,4.471,972.558,995.4862,-4.6166,4.6166,15,historical
2023|autumn||2023秋季東海地区大会|1R|豊川|7|神村学園伊賀|0,2023,autumn,,2023秋季東海地区大会,1R,regional,愛知,三重,7,0,1024.1081,960.1207,0.611781,8.0,3.1058,1027.2138,957.015,7.5101,-7.5101,15,historical
2023|autumn||2023秋季東海地区大会|1R|日大三島|7|鈴鹿|1,2023,autumn,,2023秋季東海地区大会,1R,regional,静岡,三重,7,1,995.4862,957.015,0.568519,8.0,3.4518,998.938,953.5631,4.7211,-4.7211,17,historical
2023|autumn||2023秋季東海地区大会|1R|県岐阜商|4|豊橋中央|0,2023,autumn,,2023秋季東海地区大会,1R,regional,岐阜,愛知,4,0,972.558,1027.2138,0.411891,8.0,4.7049,977.2629,1022.509,-3.6073,3.6073,20,historical
2023|autumn||2023秋季東海地区大会|QF|宇治山田商|10|中京|6,2023,autumn,,2023秋季東海地区大会,QF,regional,三重,岐阜,10,6,953.5631,977.2629,0.467844,8.0,4.2572,957.8204,973.0056,0.6625,-0.6625,15,historical
2023|autumn||2023秋季東海地区大会|QF|豊川|13|岐阜第一|3,2023,autumn,,2023秋季東海地区大会,QF,regional,愛知,岐阜,13,3,1022.509,973.0056,0.573868,8.0,3.4091,1025.918,969.5966,1.1018,-1.1018,21,historical
2023|autumn||2023秋季東海地区大会|QF|愛工大名電|7|日大三島|4,2023,autumn,,2023秋季東海地区大会,QF,regional,愛知,静岡,7,4,1025.918,998.938,0.525131,8.0,3.799,1029.717,995.1391,-4.7513,4.7513,21,historical
2023|autumn||2023秋季東海地区大会|QF|藤枝明誠|6|県岐阜商|3,2023,autumn,,2023秋季東海地区大会,QF,regional,静岡,岐阜,6,3,995.1391,969.5966,0.543795,8.0,3.6496,998.7887,965.9469,2.4837,-2.4837,16,historical
2023|autumn||2023秋季東海地区大会|SF|豊川|6|宇治山田商|5,2023,autumn,,2023秋季東海地区大会,SF,regional,愛知,三重,6,5,1029.717,957.8204,0.627179,8.0,2.9826,1032.6996,954.8378,9.2298,-9.2298,16,historical
2023|autumn||2023秋季東海地区大会|SF|愛工大名電|10|藤枝明誠|6,2023,autumn,,2023秋季東海地区大会,SF,regional,愛知,静岡,10,6,1032.6996,998.7887,0.540875,8.0,3.673,1036.3725,995.1157,-2.7222,2.7222,22,historical
2023|autumn||2023秋季近畿地区大会|1R|近江|2|興国|0,2023,autumn,,2023秋季近畿地区大会,1R,regional,滋賀,大阪,2,0,1013.2043,1137.1096,0.309798,8.0,5.5216,1018.726,1131.588,-7.6269,7.6269,13,historical
2023|autumn||2023秋季近畿地区大会|1R|報徳学園|2|奈良大付|0,2023,autumn,,2023秋季近畿地区大会,1R,regional,兵庫,奈良,2,0,1011.9704,1067.6287,0.405519,8.0,4.7558,1016.7263,1062.8729,-5.3961,5.3961,6,historical
2023|autumn||2023秋季近畿地区大会|1R|大阪桐蔭|6|高田商|0,2023,autumn,,2023秋季近畿地区大会,1R,regional,大阪,奈良,6,0,1131.588,1062.8729,0.595135,8.0,3.2389,1134.8269,1059.6339,-0.8966,0.8966,15,historical
2023|autumn||2023秋季近畿地区大会|1R|履正社|8|滋賀学園|1,2023,autumn,,2023秋季近畿地区大会,1R,regional,大阪,滋賀,8,1,1134.8269,1018.726,0.674422,8.0,2.6046,1137.4315,1016.1213,5.205,-5.205,14,historical
2023|autumn||2023秋季近畿地区大会|1R|京都外大西|7|彦根総合|5,2023,autumn,,2023秋季近畿地区大会,1R,regional,京,滋賀,7,5,1006.3765,1016.1213,0.485874,8.0,4.113,1010.4895,1012.0083,-0.0369,0.0369,2,historical
2023|autumn||2023秋季近畿地区大会|QF|大阪桐蔭|4|報徳学園|3,2023,autumn,,2023秋季近畿地区大会,QF,regional,大阪,兵庫,4,3,1137.4315,1016.7263,0.678946,8.0,2.5684,1140.0,1014.1578,4.699,-4.699,12,historical
2023|autumn||2023秋季近畿地区大会|QF|耐久|4|須磨翔風|1,2023,autumn,,2023秋季近畿地区大会,QF,regional,和歌山,兵庫,4,1,1034.6741,1014.1578,0.537236,8.0,3.7021,1038.3762,1010.4557,2.703,-2.703,11,historical
2023|autumn||2023秋季近畿地区大会|QF|京都外大西|10|履正社|7,2023,autumn,,2023秋季近畿地区大会,QF,regional,京,大阪,10,7,1010.4895,1140.0,0.317411,8.0,5.4607,1015.9502,1134.5392,-1.7521,1.7521,10,historical
2023|autumn||2023秋季近畿地区大会|QF|京都国際|1|近江|0,2023,autumn,,2023秋季近畿地区大会,QF,regional,京,滋賀,1,0,1015.9502,1012.0083,0.507949,8.0,3.9364,1019.8866,1008.0719,0.791,-0.791,3,historical
2023|autumn||2023秋季近畿地区大会|SF|京都外大西|1|耐久|0,2023,autumn,,2023秋季近畿地区大会,SF,regional,京,和歌山,1,0,1019.8866,1038.3762,0.479798,8.0,4.1616,1024.0482,1034.2146,2.2221,-2.2221,7,historical
2023|autumn||2023秋季近畿地区大会|SF|大阪桐蔭|4|京都国際|0,2023,autumn,,2023秋季近畿地区大会,SF,regional,大阪,京,4,0,1134.5392,1024.0482,0.652435,8.0,2.7805,1137.3198,1021.2677,-0.5452,0.5452,11,historical
2023|autumn||2023秋季近畿地区大会|F|大阪桐蔭|2|京都外大西|1,2023,autumn,,2023秋季近畿地区大会,F,regional,大阪,京,2,1,1137.3198,1021.2677,0.662834,8.0,2.6973,1140.0171,1018.5703,0.6862,-0.6862,12,historical
2023|autumn||2023秋季中国地区大会|1R|尾道|3|浜田|1,2023,autumn,,2023秋季中国地区大会,1R,regional,広島,島根,3,1,1053.9249,922.8985,0.692535,8.0,2.4597,1056.3846,920.4388,5.016,-5.016,9,historical
2023|autumn||2023秋季中国地区大会|1R|創志学園|8|米子北|1,2023,autumn,,2023秋季中国地区大会,1R,regional,岡山,鳥取,8,1,1014.5888,943.5301,0.602344,8.0,3.1812,1017.77,940.3489,0.5381,-0.5381,9,historical
2023|autumn||2023秋季中国地区大会|1R|広陵|6|岡山学芸館|3,2023,autumn,,2023秋季中国地区大会,1R,regional,広島,岡山,6,3,1056.3846,1017.77,0.532003,8.0,3.744,1060.1286,1014.0261,-8.1729,8.1729,20,historical
2023|autumn||2023秋季中国地区大会|1R|高川学園|4|総社南|1,2023,autumn,,2023秋季中国地区大会,1R,regional,山口,岡山,4,1,1004.6125,1014.0261,0.491217,8.0,4.0703,1008.6828,1009.9558,1.6551,-1.6551,16,historical
2023|autumn||2023秋季中国地区大会|1R|下関国際|10|鳥取城北|1,2023,autumn,,2023秋季中国地区大会,1R,regional,山口,鳥取,10,1,1008.6828,940.3489,0.598751,8.0,3.21,1011.8927,937.1389,0.5994,-0.5994,7,historical
2023|autumn||2023秋季中国地区大会|1R|米子松蔭|4|大社|2,2023,autumn,,2023秋季中国地区大会,1R,regional,鳥取,島根,4,2,937.1389,920.4388,0.538245,8.0,3.694,940.8329,916.7448,4.9637,-4.9637,8,historical
2023|autumn||2023秋季中国地区大会|1R|宇部鴻城|7|岡山城東|3,2023,autumn,,2023秋季中国地区大会,1R,regional,山口,岡山,7,3,1011.8927,1009.9558,0.513618,8.0,3.8911,1015.7838,1006.0647,3.764,-3.764,17,historical
2023|autumn||2023秋季中国地区大会|1R|広島新庄|13|矢上|1,2023,autumn,,2023秋季中国地区大会,1R,regional,広島,島根,13,1,1060.1286,916.7448,0.710494,8.0,2.316,1062.4446,914.4287,6.2886,-6.2886,10,historical
2023|autumn||2023秋季中国地区大会|QF|高川学園|5|米子松蔭|4,2023,autumn,,2023秋季中国地区大会,QF,regional,山口,鳥取,5,4,1015.7838,940.8329,0.611282,8.0,3.1097,1018.8936,937.7232,1.8459,-1.8459,8,historical
2023|autumn||2023秋季中国地区大会|QF|広陵|4|下関国際|0,2023,autumn,,2023秋季中国地区大会,QF,regional,広島,山口,4,0,1062.4446,1018.8936,0.593383,8.0,3.2529,1065.6976,1015.6406,11.0544,-11.0544,17,historical
2023|autumn||2023秋季中国地区大会|QF|宇部鴻城|5|尾道|4,2023,autumn,,2023秋季中国地区大会,QF,regional,山口,広島,5,4,1015.6406,1065.6976,0.392416,8.0,4.8607,1020.5013,1060.8369,-12.9435,12.9435,18,historical
2023|autumn||2023秋季中国地区大会|QF|創志学園|1|広島新庄|0,2023,autumn,,2023秋季中国地区大会,QF,regional,岡山,広島,1,0,1006.0647,1060.8369,0.43947,8.0,4.4842,1010.549,1056.3527,6.2523,-6.2523,21,historical
2023|autumn||2023秋季中国地区大会|SF|広陵|8|宇部鴻城|4,2023,autumn,,2023秋季中国地区大会,SF,regional,広島,山口,8,4,1056.3527,1020.5013,0.581349,8.0,3.3492,1059.7019,1017.1521,10.5912,-10.5912,19,historical
2023|autumn||2023秋季中国地区大会|SF|創志学園|7|高川学園|0,2023,autumn,,2023秋季中国地区大会,SF,regional,岡山,山口,7,0,1010.549,1017.1521,0.473677,8.0,4.2106,1014.7596,1012.9415,-5.8525,5.8525,18,historical
2023|autumn||2023秋季中国地区大会|F|広陵|2|創志学園|1,2023,autumn,,2023秋季中国地区大会,F,regional,広島,岡山,2,1,1059.7019,1014.7596,0.539273,8.0,3.6858,1063.3877,1011.0737,-8.798,8.798,22,historical
2023|autumn||2023秋季四国地区大会|1R|高知商|8|宇和島東|5,2023,autumn,,2023秋季四国地区大会,1R,regional,高知,愛媛,8,5,1059.6848,959.0342,0.696459,8.0,2.4283,1062.1131,956.6059,21.8104,-21.8104,18,historical
2023|autumn||2023秋季四国地区大会|1R|今治西|13|高松中央|0,2023,autumn,,2023秋季四国地区大会,1R,regional,愛媛,香川,13,0,956.6059,994.0182,0.446192,8.0,4.4305,961.0363,989.5877,-0.0613,0.0613,14,historical
2023|autumn||2023秋季四国地区大会|1R|阿南光|6|丸亀城西|2,2023,autumn,,2023秋季四国地区大会,1R,regional,徳島,香川,6,2,959.3052,989.5877,0.456251,8.0,4.35,963.6552,985.2378,-0.0976,0.0976,11,historical
2023|autumn||2023秋季四国地区大会|1R|明徳義塾|7|池田|1,2023,autumn,,2023秋季四国地区大会,1R,regional,高知,岐阜,7,1,1062.1131,965.9469,0.636027,8.0,2.9118,1065.0249,963.0351,0.398,-0.398,1,historical
2023|autumn||2023秋季四国地区大会|QF|鳴門|12|高知商|8,2023,autumn,,2023秋季四国地区大会,QF,regional,徳島,高知,12,8,963.6552,1065.0249,0.341876,8.0,5.265,968.9202,1059.7599,-6.2029,6.2029,19,historical
2023|autumn||2023秋季四国地区大会|QF|高知|10|今治西|3,2023,autumn,,2023秋季四国地区大会,QF,regional,高知,愛媛,10,3,1059.7599,961.0363,0.698105,8.0,2.4152,1062.1751,958.6212,23.451,-23.451,19,historical
2023|autumn||2023秋季四国地区大会|QF|阿南光|6|松山商|1,2023,autumn,,2023秋季四国地区大会,QF,regional,徳島,愛媛,6,1,968.9202,958.6212,0.506289,8.0,3.9497,972.8699,954.6715,-2.9644,2.9644,13,historical
2023|autumn||2023秋季四国地区大会|QF|明徳義塾|10|大手前高松|3,2023,autumn,,2023秋季四国地区大会,QF,regional,高知,香川,10,3,1062.1751,985.2378,0.583787,8.0,3.3297,1065.5048,981.9081,-9.0808,9.0808,21,historical
2023|autumn||2023秋季四国地区大会|F|高知|5|阿南光|1,2023,autumn,,2023秋季四国地区大会,F,regional,高知,徳島,5,1,1065.5048,972.8699,0.639516,8.0,2.8839,1068.3887,969.986,3.4757,-3.4757,20,historical
2023|autumn||2023秋季九州地区大会|1R|神村学園|9|沖縄尚学|1,2023,autumn,,2023秋季九州地区大会,1R,regional,鹿児島,沖縄,9,1,993.7366,1015.9579,0.467716,8.0,4.2583,997.9949,1011.6996,-0.1216,0.1216,6,historical
2023|autumn||2023秋季九州地区大会|1R|熊本国府|6|飯塚|2,2023,autumn,,2023秋季九州地区大会,1R,regional,熊本,福岡,6,2,960.1455,1039.7214,0.392163,8.0,4.8627,965.0082,1034.8587,1.7239,-1.7239,5,historical
2023|autumn||2023秋季九州地区大会|1R|日南学園|10|有田工|9,2023,autumn,,2023秋季九州地区大会,1R,regional,宮崎,佐賀,10,9,937.0,929.2337,0.515361,8.0,3.8771,940.8771,925.3566,1.4557,-1.4557,2,historical
2023|autumn||2023秋季九州地区大会|1R|大分舞鶴|2|長崎日大|1,2023,autumn,,2023秋季九州地区大会,1R,regional,大分,長崎,2,1,1026.0235,1010.4917,0.528709,8.0,3.7703,1029.7939,1006.7214,2.2195,-2.2195,6,historical
2023|autumn||2023秋季九州地区大会|1R|延岡学園|4|れいめい|1,2023,autumn,,2023秋季九州地区大会,1R,regional,宮崎,鹿児島,4,1,940.8771,997.9949,0.413881,8.0,4.689,945.5661,993.3059,-1.6633,1.6633,4,historical
2023|autumn||2023秋季九州地区大会|1R|唐津商|1|興南|0,2023,autumn,,2023秋季九州地区大会,1R,regional,佐賀,沖縄,1,0,925.3566,1011.6996,0.369185,8.0,5.0465,930.4032,1006.6531,-3.3602,3.3602,4,historical
2023|autumn||2023秋季九州地区大会|1R|明豊|8|海星|7,2023,autumn,,2023秋季九州地区大会,1R,regional,大分,長崎,8,7,1029.7939,1006.7214,0.543845,8.0,3.6492,1033.4431,1003.0721,3.7365,-3.7365,7,historical
2023|autumn||2023秋季九州地区大会|1R|東海大福岡|10|九州学院|8,2023,autumn,,2023秋季九州地区大会,1R,regional,福岡,熊本,10,8,1034.8587,965.0082,0.58952,8.0,3.2838,1038.1426,961.7243,-3.4839,3.4839,6,historical
2023|autumn||2023秋季九州地区大会|QF|東海大福岡|10|延岡学園|8,2023,autumn,,2023秋季九州地区大会,QF,regional,福岡,宮崎,10,8,1038.1426,945.5661,0.638605,8.0,2.8912,1041.0337,942.6749,3.1619,-3.1619,9,historical
2023|autumn||2023秋季九州地区大会|QF|明豊|10|唐津商|1,2023,autumn,,2023秋季九州地区大会,QF,regional,大分,佐賀,10,1,1033.4431,930.4032,0.646792,8.0,2.8257,1036.2687,927.5775,1.027,-1.027,2,historical
2023|autumn||2023秋季九州地区大会|QF|熊本国府|7|大分舞鶴|6,2023,autumn,,2023秋季九州地区大会,QF,regional,熊本,大分,7,6,961.7243,1036.2687,0.400332,8.0,4.7973,966.5217,1031.4714,2.174,-2.174,5,historical
2023|autumn||2023秋季九州地区大会|QF|神村学園|10|日南学園|0,2023,autumn,,2023秋季九州地区大会,QF,regional,鹿児島,宮崎,10,0,993.3059,942.6749,0.573948,8.0,3.4084,996.7143,939.2665,0.5666,-0.5666,5,historical
2023|autumn||2023秋季九州地区大会|SF|明豊|5|東海大福岡|1,2023,autumn,,2023秋季九州地区大会,SF,regional,大分,福岡,5,1,1031.4714,1041.0337,0.479951,8.0,4.1604,1035.6318,1036.8733,-2.1883,2.1883,19,historical
2023|autumn||2023秋季九州地区大会|SF|熊本国府|7|神村学園|1,2023,autumn,,2023秋季九州地区大会,SF,regional,熊本,鹿児島,7,1,966.5217,996.7143,0.455802,8.0,4.3536,970.8753,992.3608,-0.2999,0.2999,1,historical
2023|autumn||2023秋季九州地区大会|F|熊本国府|5|明豊|1,2023,autumn,,2023秋季九州地区大会,F,regional,熊本,大分,5,1,970.8753,1035.6318,0.41894,8.0,4.6485,975.5237,1030.9833,3.9645,-3.9645,6,historical
2023|jingu||2023明治神宮大会|1R|関東一|6|熊本国府|2,2023,jingu,,2023明治神宮大会,1R,prefecture,東東京,熊本,6,2,1019.0137,975.5237,0.564819,4.8,2.0889,1021.1026,973.4349,0.9028,-0.9028,2,historical
2023|jingu||2023明治神宮大会|1R|星稜|7|広陵|6,2023,jingu,,2023明治神宮大会,1R,national,石川,広島,7,6,1060.8246,1063.3877,0.497428,9.2,4.6237,1065.4482,1058.764,0.3879,-0.3879,1,historical
2023|jingu||2023明治神宮大会|QF|作新学院|2|北海|1,2023,jingu,,2023明治神宮大会,QF,national,栃木,南北海道,2,1,964.298,1014.043,0.428896,9.2,5.2542,969.5521,1008.7888,-0.0,0.0,0,historical
2023|jingu||2023明治神宮大会|QF|豊川|9|高知|8,2023,jingu,,2023明治神宮大会,QF,national,愛知,高知,9,8,1036.3725,1068.3887,0.455239,9.2,5.0118,1041.3843,1063.3769,0.4149,-0.4149,1,historical
2023|jingu||2023明治神宮大会|QF|関東一|9|大阪桐蔭|5,2023,jingu,,2023明治神宮大会,QF,regional,東東京,大阪,9,5,1021.1026,1140.0171,0.333679,8.0,5.3306,1026.4332,1134.6865,-0.6136,0.6136,2,historical
2023|jingu||2023明治神宮大会|QF|星稜|3|青森山田|2,2023,jingu,,2023明治神宮大会,QF,national,石川,青森,3,2,1065.4482,1044.676,0.529858,9.2,4.3253,1069.7735,1040.3507,0.0,-0.0,0,historical
2023|jingu||2023明治神宮大会|SF|星稜|15|豊川|3,2023,jingu,,2023明治神宮大会,SF,national,石川,愛知,15,3,1069.7735,1041.3843,0.539133,9.2,4.24,1074.0135,1037.1444,-0.5705,0.5705,1,historical
2023|jingu||2023明治神宮大会|SF|作新学院|8|関東一|6,2023,jingu,,2023明治神宮大会,SF,regional,栃木,東東京,8,6,969.5521,1026.4332,0.418865,8.0,4.6491,974.2012,1021.7841,-0.0,0.0,0,historical
2023|jingu||2023明治神宮大会|F|星稜|3|作新学院|1,2023,jingu,,2023明治神宮大会,F,national,石川,栃木,3,1,1074.0135,974.2012,0.639816,9.2,3.3137,1077.3272,970.8875,-0.0,0.0,0,historical
2024|spring||2024春季北海道地区大会|1R|札幌国際情報|2|別海|1,2024,spring,,2024春季北海道地区大会,1R,regional,南北海道,北北海道,2,1,1008.7888,956.4495,0.614512,7.6,2.9297,1011.7186,953.5198,14.3344,-14.3344,116,historical
2024|spring||2024春季北海道地区大会|1R|クラーク国際|5|函館大柏稜|0,2024,spring,,2024春季北海道地区大会,1R,regional,北北海道,南北海道,5,0,953.5198,1011.7186,0.37196,7.6,4.7731,958.2929,1006.9454,-16.3989,16.3989,117,historical
2024|spring||2024春季北海道地区大会|1R|旭川実|5|札幌大谷|3,2024,spring,,2024春季北海道地区大会,1R,regional,北北海道,南北海道,5,3,958.2929,1006.9454,0.394038,7.6,4.6053,962.8982,1002.3401,-13.0553,13.0553,118,historical
2024|spring||2024春季北海道地区大会|1R|北海|5|帯広大谷|4,2024,spring,,2024春季北海道地区大会,1R,regional,南北海道,北北海道,5,4,1002.3401,962.8982,0.584232,7.6,3.1598,1005.5,959.7383,9.8258,-9.8258,119,historical
2024|spring||2024春季北海道地区大会|1R|釧路江南|13|大麻|1,2024,spring,,2024春季北海道地区大会,1R,regional,北北海道,南北海道,13,1,959.7383,1005.5,0.400787,7.6,4.554,964.2924,1000.946,-12.0528,12.0528,120,historical
2024|spring||2024春季北海道地区大会|QF|遠軽|5|札幌国際情報|1,2024,spring,,2024春季北海道地区大会,QF,regional,北北海道,南北海道,5,1,964.2924,1000.946,0.422396,7.6,4.3898,968.6822,996.5562,-8.8553,8.8553,121,historical
2024|spring||2024春季北海道地区大会|QF|クラーク国際|8|駒大苫小牧|6,2024,spring,,2024春季北海道地区大会,QF,regional,北北海道,南北海道,8,6,968.6822,996.5562,0.443521,7.6,4.2292,972.9114,992.3269,-5.7701,5.7701,122,historical
2024|spring||2024春季北海道地区大会|QF|北海|3|旭川実|1,2024,spring,,2024春季北海道地区大会,QF,regional,南北海道,北北海道,3,1,992.3269,972.9114,0.535923,7.6,3.527,995.8539,969.3844,2.7947,-2.7947,123,historical
2024|spring||2024春季北海道地区大会|QF|東海大札幌|10|釧路江南|3,2024,spring,,2024春季北海道地区大会,QF,regional,南北海道,北北海道,10,3,995.8539,969.3844,0.553092,7.6,3.3965,999.2504,965.9879,5.281,-5.281,124,historical
2024|spring||2024春季北海道地区大会|F|北海|3|クラーク国際|2,2024,spring,,2024春季北海道地区大会,F,regional,南北海道,北北海道,3,2,999.2504,965.9879,0.569514,7.6,3.2717,1002.5221,962.7162,7.6777,-7.6777,125,historical
2024|spring||2024春季東北地区大会|1R|盛岡大付|11|日大山形|10,2024,spring,,2024春季東北地区大会,1R,regional,岩手,山形,11,10,999.5812,981.9682,0.528867,7.6,3.5806,1003.1619,978.3876,1.2339,-1.2339,13,historical
2024|spring||2024春季東北地区大会|1R|秋田商|10|仙台城南|5,2024,spring,,2024春季東北地区大会,1R,regional,秋田,宮城,10,5,962.7909,1076.8563,0.328028,7.6,5.107,967.8979,1071.7493,-5.2555,5.2555,11,historical
2024|spring||2024春季東北地区大会|1R|鶴岡東|7|聖和学園|4,2024,spring,,2024春季東北地区大会,1R,regional,山形,宮城,7,4,978.3876,1071.7493,0.358111,7.6,4.8784,983.2659,1066.871,-4.0075,4.0075,12,historical
2024|spring||2024春季東北地区大会|1R|青森山田|2|聖光学院|1,2024,spring,,2024春季東北地区大会,1R,regional,青森,福島,2,1,1040.3507,990.8333,0.576333,7.6,3.2199,1043.5706,987.6134,1.9712,-1.9712,12,historical
2024|spring||2024春季東北地区大会|1R|聖愛|3|東北文教大山形城北|1,2024,spring,,2024春季東北地区大会,1R,regional,青森,山形,3,1,1043.5706,983.2659,0.609861,7.6,2.9651,1046.5356,980.3009,8.6499,-8.6499,14,historical
2024|spring||2024春季東北地区大会|1R|仙台育英|8|光南|3,2024,spring,,2024春季東北地区大会,1R,regional,宮城,福島,8,3,1066.871,987.6134,0.620903,7.6,2.8811,1069.7521,984.7323,3.2261,-3.2261,17,historical
2024|spring||2024春季東北地区大会|QF|盛岡大付|8|明桜|1,2024,spring,,2024春季東北地区大会,QF,regional,岩手,秋田,8,1,1003.1619,967.8979,0.552669,7.6,3.3997,1006.5616,964.4982,0.7354,-0.7354,11,historical
2024|spring||2024春季東北地区大会|QF|聖愛|7|仙台育英|6,2024,spring,,2024春季東北地区大会,QF,regional,青森,宮城,7,6,1046.5356,1069.7521,0.468808,7.6,4.0371,1050.5727,1065.715,0.7568,-0.7568,21,historical
2024|spring||2024春季東北地区大会|QF|花巻東|8|秋田商|4,2024,spring,,2024春季東北地区大会,QF,regional,岩手,秋田,8,4,1006.5616,964.4982,0.56673,7.6,3.2928,1009.8544,961.2054,2.292,-2.292,12,historical
2024|spring||2024春季東北地区大会|QF|青森山田|5|鶴岡東|0,2024,spring,,2024春季東北地区大会,QF,regional,青森,山形,5,0,1050.5727,980.3009,0.627913,7.6,2.8279,1053.4005,977.473,10.3151,-10.3151,15,historical
2024|spring||2024春季東北地区大会|SF|聖愛|7|盛岡大付|0,2024,spring,,2024春季東北地区大会,SF,regional,青森,岩手,7,0,1053.4005,1009.8544,0.572732,7.6,3.2472,1056.6478,1006.6072,3.6772,-3.6772,13,historical
2024|spring||2024春季東北地区大会|SF|花巻東|2|青森山田|0,2024,spring,,2024春季東北地区大会,SF,regional,岩手,青森,2,0,1006.6072,1056.6478,0.413523,7.6,4.4572,1011.0644,1052.1906,-5.3299,5.3299,14,historical
2024|spring||2024春季東北地区大会|F|花巻東|3|聖愛|2,2024,spring,,2024春季東北地区大会,F,regional,岩手,青森,3,2,1011.0644,1052.1906,0.431796,7.6,4.3184,1015.3828,1047.8722,-3.2822,3.2822,15,historical
2024|spring||2024春季関東地区大会|1R|鹿島学園|2|樹徳|1,2024,spring,,2024春季関東地区大会,1R,regional,茨城,群馬,2,1,987.415,1015.9474,0.462034,7.6,4.0885,991.5035,1011.8588,1.0501,-1.0501,13,historical
2024|spring||2024春季関東地区大会|2R|白鴎大足利|9|前橋商|2,2024,spring,,2024春季関東地区大会,2R,regional,栃木,群馬,9,2,970.8875,1011.8588,0.429699,7.6,4.3343,975.2218,1007.5246,-4.1024,4.1024,6,historical
2024|spring||2024春季関東地区大会|2R|東海大相模|9|専大松戸|3,2024,spring,,2024春季関東地区大会,2R,regional,神奈川,千葉,9,3,1042.2068,1014.4505,0.513844,7.6,3.6948,1045.9016,1010.7557,-9.0671,9.0671,14,historical
2024|spring||2024春季関東地区大会|2R|東海大菅生|2|山梨学院|0,2024,spring,,2024春季関東地区大会,2R,prefecture,西東京,山梨,2,0,1019.3461,1007.6787,0.518467,4.56,2.1958,1021.5419,1005.4829,0.5854,-0.5854,2,historical
2024|spring||2024春季関東地区大会|2R|昌平|8|武相|0,2024,spring,,2024春季関東地区大会,2R,regional,埼玉,神奈川,8,0,1012.6614,1045.9016,0.429114,7.6,4.3387,1017.0001,1041.5629,-8.1752,8.1752,16,historical
2024|spring||2024春季関東地区大会|2R|健大高崎|10|宇都宮商|0,2024,spring,,2024春季関東地区大会,2R,regional,群馬,栃木,10,0,1007.5246,975.2218,0.554758,7.6,3.3838,1010.9084,971.838,2.9501,-2.9501,7,historical
2024|spring||2024春季関東地区大会|2R|花咲徳栄|10|日大明誠|0,2024,spring,,2024春季関東地区大会,2R,regional,埼玉,山梨,10,0,1017.0001,1005.4829,0.501271,7.6,3.7903,1020.7904,1001.6925,-5.3171,5.3171,9,historical
2024|spring||2024春季関東地区大会|2R|常総学院|10|中央学院|3,2024,spring,,2024春季関東地区大会,2R,regional,茨城,千葉,10,3,991.5035,1010.7557,0.4831,7.6,3.9284,995.4319,1006.8273,3.7523,-3.7523,9,historical
2024|spring||2024春季関東地区大会|2R|帝京|9|鹿島学園|2,2024,spring,,2024春季関東地区大会,2R,prefecture,東東京,茨城,9,2,1021.7841,995.4319,0.534168,4.56,2.1242,1023.9083,993.3078,-1.2862,1.2862,3,historical
2024|spring||2024春季関東地区大会|QF|常総学院|6|健大高崎|5,2024,spring,,2024春季関東地区大会,QF,regional,茨城,群馬,6,5,993.3078,1010.9084,0.4834,7.6,3.9262,997.2339,1006.9822,3.0308,-3.0308,14,historical
2024|spring||2024春季関東地区大会|QF|帝京|12|花咲徳栄|5,2024,spring,,2024春季関東地区大会,QF,prefecture,東東京,埼玉,12,5,1023.9083,1020.7904,0.502893,4.56,2.2668,1026.1751,1018.5236,-0.5539,0.5539,3,historical
2024|spring||2024春季関東地区大会|QF|東海大菅生|3|昌平|2,2024,spring,,2024春季関東地区大会,QF,prefecture,西東京,埼玉,3,2,1021.5419,1018.5236,0.502364,4.56,2.2692,1023.8111,1016.2544,-0.6877,0.6877,5,historical
2024|spring||2024春季関東地区大会|QF|白鴎大足利|5|東海大相模|0,2024,spring,,2024春季関東地区大会,QF,regional,栃木,神奈川,5,0,971.838,1041.5629,0.377632,7.6,4.73,976.568,1036.8329,-8.5333,8.5333,7,historical
2024|spring||2024春季関東地区大会|SF|常総学院|9|東海大菅生|8,2024,spring,,2024春季関東地区大会,SF,prefecture,茨城,西東京,9,8,997.2339,1023.8111,0.459958,4.56,2.4626,999.6965,1021.3485,-0.6531,0.6531,2,historical
2024|spring||2024春季関東地区大会|SF|白鴎大足利|3|帝京|1,2024,spring,,2024春季関東地区大会,SF,prefecture,栃木,東東京,3,1,976.568,1026.1751,0.430184,4.56,2.5984,979.1663,1023.5767,0.3874,-0.3874,1,historical
2024|spring||2024春季関東地区大会|F|白鴎大足利|5|常総学院|4,2024,spring,,2024春季関東地区大会,F,regional,栃木,茨城,5,4,979.1663,999.6965,0.480695,7.6,3.9467,983.1131,995.7498,3.5546,-3.5546,5,historical
2024|spring||2024春季北信越地区大会|QF|帝京長岡|10|氷見|0,2024,spring,,2024春季北信越地区大会,QF,regional,新潟,富山,10,0,943.6687,913.2209,0.560497,7.6,3.3402,947.0089,909.8807,5.8986,-5.8986,10,historical
2024|spring||2024春季北信越地区大会|QF|福井工大福井|5|高岡商|2,2024,spring,,2024春季北信越地区大会,QF,regional,福井,富山,5,2,1018.2553,909.8807,0.689411,7.6,2.3605,1020.6158,907.5202,15.071,-15.071,15,historical
2024|spring||2024春季北信越地区大会|QF|星稜|4|富山商|1,2024,spring,,2024春季北信越地区大会,QF,regional,石川,富山,4,1,1077.3272,907.5202,0.765853,7.6,1.7795,1079.1067,905.7407,18.0281,-18.0281,17,historical
2024|spring||2024春季北信越地区大会|QF|東京都市大塩尻|8|高朋|1,2024,spring,,2024春季北信越地区大会,QF,regional,長野,富山,8,1,963.492,905.7407,0.580108,7.6,3.1912,966.6831,902.5495,-0.8013,0.8013,8,historical
2024|spring||2024春季北信越地区大会|SF|帝京長岡|4|福井工大福井|2,2024,spring,,2024春季北信越地区大会,SF,regional,新潟,福井,4,2,947.0089,1020.6158,0.352749,7.6,4.9191,951.928,1015.6967,-15.9181,15.9181,17,historical
2024|spring||2024春季北信越地区大会|SF|東京都市大塩尻|9|星稜|7,2024,spring,,2024春季北信越地区大会,SF,regional,長野,石川,9,7,966.6831,1079.1067,0.333986,7.6,5.0617,971.7448,1074.045,-3.7394,3.7394,17,historical
2024|spring||2024春季北信越地区大会|F|帝京長岡|2|東京都市大塩尻|0,2024,spring,,2024春季北信越地区大会,F,regional,新潟,長野,2,0,951.928,971.7448,0.454173,7.6,4.1483,956.0763,967.5966,-6.0584,6.0584,14,historical
2024|spring||2024春季東海地区大会|QF|津田学園|7|市岐阜商|6,2024,spring,,2024春季東海地区大会,QF,regional,三重,岐阜,7,6,954.8378,963.0351,0.496279,7.6,3.8283,958.6661,959.2068,2.8058,-2.8058,16,historical
2024|spring||2024春季東海地区大会|QF|中京大中京|1|加藤学園|0,2024,spring,,2024春季東海地区大会,QF,regional,愛知,静岡,1,0,1037.1444,995.1157,0.558175,7.6,3.3579,1040.5022,991.7579,-0.7103,0.7103,23,historical
2024|spring||2024春季東海地区大会|QF|菰野|9|享栄|7,2024,spring,,2024春季東海地区大会,QF,regional,三重,愛知,9,7,958.6661,1040.5022,0.355033,7.6,4.9017,963.5678,1035.6005,-10.9356,10.9356,17,historical
2024|spring||2024春季東海地区大会|QF|県岐阜商|2|静岡|1,2024,spring,,2024春季東海地区大会,QF,regional,岐阜,静岡,2,1,959.2068,991.7579,0.440786,7.6,4.25,963.4569,987.5078,-4.3947,4.3947,17,historical
2024|spring||2024春季東海地区大会|SF|中京大中京|7|津田学園|0,2024,spring,,2024春季東海地区大会,SF,regional,愛知,三重,7,0,1035.6005,963.5678,0.625634,7.6,2.8452,1038.4457,960.7227,8.5883,-8.5883,18,historical
2024|spring||2024春季東海地区大会|SF|菰野|6|県岐阜商|5,2024,spring,,2024春季東海地区大会,SF,regional,三重,岐阜,6,5,960.7227,963.4569,0.509921,7.6,3.7246,964.4473,959.7323,4.8143,-4.8143,17,historical
2024|spring||2024春季東海地区大会|F|中京大中京|4|菰野|3,2024,spring,,2024春季東海地区大会,F,regional,愛知,三重,4,3,1038.4457,964.4473,0.632687,7.6,2.7916,1041.2373,961.6557,10.2313,-10.2313,19,historical
2024|spring||2024春季近畿地区大会|QF|天理|11|社|0,2024,spring,,2024春季近畿地区大会,QF,regional,奈良,兵庫,11,0,1059.6339,1010.4557,0.582143,7.6,3.1757,1062.8097,1007.28,4.2112,-4.2112,7,historical
2024|spring||2024春季近畿地区大会|QF|京都国際|8|明石商|1,2024,spring,,2024春季近畿地区大会,QF,regional,京,兵庫,8,1,1018.5703,1007.28,0.515757,7.6,3.6802,1022.2506,1003.5998,-0.1689,0.1689,8,historical
2024|spring||2024春季近畿地区大会|QF|智弁和歌山|4|滋賀学園|0,2024,spring,,2024春季近畿地区大会,QF,regional,和歌山,滋賀,4,0,1034.2146,1008.0719,0.539343,7.6,3.501,1037.7156,1004.5709,0.6261,-0.6261,7,historical
2024|spring||2024春季近畿地区大会|QF|須磨翔風|3|大阪学院大高|1,2024,spring,,2024春季近畿地区大会,QF,regional,兵庫,大阪,3,1,1003.5998,1134.6865,0.304885,7.6,5.2829,1008.8826,1129.4037,-6.0406,6.0406,13,historical
2024|spring||2024春季近畿地区大会|SF|智弁和歌山|12|須磨翔風|0,2024,spring,,2024春季近畿地区大会,SF,regional,和歌山,兵庫,12,0,1037.7156,1008.8826,0.554139,7.6,3.3885,1041.1041,1005.4941,4.4672,-4.4672,12,historical
2024|spring||2024春季近畿地区大会|SF|京都国際|5|天理|1,2024,spring,,2024春季近畿地区大会,SF,regional,京,奈良,5,1,1022.2506,1062.8097,0.434604,7.6,4.297,1026.5476,1058.5126,-2.5722,2.5722,8,historical
2024|spring||2024春季近畿地区大会|F|京都国際|3|智弁和歌山|2,2024,spring,,2024春季近畿地区大会,F,regional,京,和歌山,3,2,1026.5476,1041.1041,0.490397,7.6,3.873,1030.4206,1037.2312,3.9415,-3.9415,8,historical
2024|spring||2024春季中国地区大会|QF|広陵|8|鳥取城北|6,2024,spring,,2024春季中国地区大会,QF,regional,広島,鳥取,8,6,1058.764,937.7232,0.706147,7.6,2.2333,1060.9973,935.4899,15.6325,-15.6325,18,historical
2024|spring||2024春季中国地区大会|QF|尾道|3|宇部鴻城|2,2024,spring,,2024春季中国地区大会,QF,regional,広島,山口,3,2,1060.9973,1012.9415,0.603736,7.6,3.0116,1064.0089,1009.9299,12.5446,-12.5446,20,historical
2024|spring||2024春季中国地区大会|QF|倉敷商|7|崇徳|1,2024,spring,,2024春季中国地区大会,QF,regional,岡山,広島,7,1,1011.0737,1064.0089,0.443776,7.6,4.2273,1015.301,1059.7816,6.8503,-6.8503,23,historical
2024|spring||2024春季中国地区大会|QF|海田|5|益田東|4,2024,spring,,2024春季中国地区大会,QF,regional,広島,島根,5,4,1059.7816,914.4287,0.715805,7.6,2.1599,1061.9415,912.2689,7.559,-7.559,11,historical
2024|spring||2024春季中国地区大会|SF|倉敷商|2|広陵|1,2024,spring,,2024春季中国地区大会,SF,regional,岡山,広島,2,1,1015.301,1061.9415,0.459741,7.6,4.106,1019.407,1057.8355,9.3026,-9.3026,24,historical
2024|spring||2024春季中国地区大会|F|尾道|6|倉敷商|5,2024,spring,,2024春季中国地区大会,F,regional,広島,岡山,6,5,1057.8355,1019.407,0.52153,7.6,3.6364,1061.4719,1015.7706,-11.7295,11.7295,25,historical
2024|spring||2024春季四国地区大会|QF|高知|7|松山商|0,2024,spring,,2024春季四国地区大会,QF,regional,高知,愛媛,7,0,1063.3769,954.6715,0.713962,7.6,2.1739,1065.5508,952.4976,25.0975,-25.0975,20,historical
2024|spring||2024春季四国地区大会|QF|高松商|3|徳島商|2,2024,spring,,2024春季四国地区大会,QF,regional,香川,徳島,3,2,981.9081,969.986,0.511812,7.6,3.7102,985.6183,966.2758,-1.8563,1.8563,12,historical
2024|spring||2024春季四国地区大会|QF|阿南光|5|済美|0,2024,spring,,2024春季四国地区大会,QF,regional,徳島,愛媛,5,0,966.2758,952.4976,0.516477,7.6,3.6748,969.9506,948.8228,-1.1623,1.1623,14,historical
2024|spring||2024春季四国地区大会|QF|尽誠学園|4|明徳義塾|2,2024,spring,,2024春季四国地区大会,QF,regional,香川,高知,4,2,985.6183,1065.5508,0.407252,7.6,4.5049,990.1232,1061.0459,7.3648,-7.3648,22,historical
2024|spring||2024春季四国地区大会|SF|高松商|4|高知|2,2024,spring,,2024春季四国地区大会,SF,regional,香川,高知,4,2,990.1232,1061.0459,0.427118,7.6,4.3539,994.4771,1056.692,9.9579,-9.9579,23,historical
2024|spring||2024春季四国地区大会|SF|尽誠学園|7|阿南光|2,2024,spring,,2024春季四国地区大会,SF,regional,香川,徳島,7,2,994.4771,969.9506,0.534686,7.6,3.5364,998.0135,966.4142,-0.1926,0.1926,13,historical
2024|spring||2024春季九州地区大会|1R|唐津商|5|文徳|2,2024,spring,,2024春季九州地区大会,1R,regional,佐賀,熊本,5,2,927.5775,973.4349,0.440636,7.6,4.2512,931.8287,969.1837,2.2056,-2.2056,4,historical
2024|spring||2024春季九州地区大会|1R|宮崎商|16|東海大福岡|3,2024,spring,,2024春季九州地区大会,1R,regional,宮崎,福岡,16,3,939.2665,1036.8733,0.351161,7.6,4.9312,944.1977,1031.9421,-4.5227,4.5227,10,historical
2024|spring||2024春季九州地区大会|1R|大分|2|北陵|1,2024,spring,,2024春季九州地区大会,1R,regional,大分,佐賀,2,1,1030.9833,931.8287,0.644181,7.6,2.7042,1033.6875,929.1244,1.9785,-1.9785,3,historical
2024|spring||2024春季九州地区大会|1R|佐賀北|5|春日|4,2024,spring,,2024春季九州地区大会,1R,regional,佐賀,福岡,5,4,929.1244,1031.9421,0.342876,7.6,4.9941,934.1186,1026.948,-5.0933,5.0933,7,historical
2024|spring||2024春季九州地区大会|1R|明豊|2|エナジックスポーツ|0,2024,spring,,2024春季九州地区大会,1R,regional,大分,沖縄,2,0,1033.6875,1006.6531,0.538197,7.6,3.5097,1037.1972,1003.1434,-0.2203,0.2203,4,historical
2024|spring||2024春季九州地区大会|1R|神村学園|8|大牟田|1,2024,spring,,2024春季九州地区大会,1R,regional,鹿児島,福岡,8,1,992.3608,1026.948,0.443464,7.6,4.2297,996.5904,1022.7183,-2.4333,2.4333,10,historical
2024|spring||2024春季九州地区大会|1R|熊本国府|2|長崎日大|1,2024,spring,,2024春季九州地区大会,1R,regional,熊本,長崎,2,1,969.1837,1003.0721,0.435641,7.6,4.2891,973.4728,998.783,-5.5412,5.5412,5,historical
2024|spring||2024春季九州地区大会|1R|鹿児島実|3|東明館|2,2024,spring,,2024春季九州地区大会,1R,regional,鹿児島,佐賀,3,2,996.5904,934.1186,0.598066,7.6,3.0547,999.6451,931.0639,3.2829,-3.2829,5,historical
2024|spring||2024春季九州地区大会|QF|唐津商|3|宮崎商|2,2024,spring,,2024春季九州地区大会,QF,regional,佐賀,宮崎,3,2,931.0639,944.1977,0.473129,7.6,4.0042,935.0681,940.1935,-2.778,2.778,3,historical
2024|spring||2024春季九州地区大会|QF|鹿児島実|5|熊本国府|0,2024,spring,,2024春季九州地区大会,QF,regional,鹿児島,熊本,5,0,999.6451,973.4728,0.53727,7.6,3.5167,1003.1619,969.9561,-0.1132,0.1132,2,historical
2024|spring||2024春季九州地区大会|QF|明豊|3|佐賀北|1,2024,spring,,2024春季九州地区大会,QF,regional,大分,佐賀,3,1,1037.1972,935.0681,0.65102,7.6,2.6522,1039.8495,932.4159,3.0942,-3.0942,4,historical
2024|spring||2024春季九州地区大会|QF|神村学園|4|大分|3,2024,spring,,2024春季九州地区大会,QF,regional,鹿児島,大分,4,3,1003.1619,1039.8495,0.414214,7.6,4.452,1007.6138,1035.3975,-11.7589,11.7589,13,historical
2024|spring||2024春季九州地区大会|SF|明豊|5|鹿児島実|3,2024,spring,,2024春季九州地区大会,SF,regional,大分,鹿児島,5,3,1035.3975,1007.6138,0.568231,7.6,3.2814,1038.679,1004.3324,9.963,-9.963,14,historical
2024|spring||2024春季九州地区大会|SF|神村学園|2|唐津商|1,2024,spring,,2024春季九州地区大会,SF,regional,鹿児島,佐賀,2,1,1004.3324,932.4159,0.614769,7.6,2.9278,1007.2602,929.4881,4.6399,-4.6399,6,historical
2024|spring||2024春季九州地区大会|F|明豊|6|神村学園|0,2024,spring,,2024春季九州地区大会,F,regional,大分,鹿児島,6,0,1038.679,1007.2602,0.578567,7.6,3.2029,1041.8819,1004.0573,11.8156,-11.8156,15,historical
2024|senbatsu||2024選抜|1R|八戸学院光星|5|関東一|3,2024,senbatsu,,2024選抜,1R,prefecture,青森,東東京,5,3,1047.8722,1023.5767,0.534907,4.56,2.1208,1049.993,1021.4559,-0.0,0.0,0,historical
2024|senbatsu||2024選抜|1R|星稜|4|田辺|2,2024,senbatsu,,2024選抜,1R,national,石川,京,4,2,1074.045,1030.4206,0.563679,9.12,3.9792,1078.0242,1026.4413,0.433,-0.433,1,historical
2024|senbatsu||2024選抜|1R|熊本国府|2|近江|1,2024,senbatsu,,2024選抜,1R,national,熊本,滋賀,2,1,969.9561,1004.5709,0.450349,9.12,5.0128,974.9689,999.5581,-0.0,0.0,0,historical
2024|senbatsu||2024選抜|1R|阿南光|11|豊川|4,2024,senbatsu,,2024選抜,1R,national,徳島,愛知,11,4,966.4142,1041.2373,0.395157,9.12,5.5162,971.9303,1035.7211,0.4369,-0.4369,2,historical
2024|senbatsu||2024選抜|1R|明豊|1|敦賀気比|0,2024,senbatsu,,2024選抜,1R,national,大分,福井,1,0,1041.8819,1015.6967,0.53904,9.12,4.204,1046.0858,1011.4927,0.4991,-0.4991,1,historical
2024|senbatsu||2024選抜|1R|健大高崎|4|学法石川|0,2024,senbatsu,,2024選抜,1R,national,群馬,福島,4,0,1006.9822,984.7323,0.531977,9.12,4.2684,1011.2506,980.4639,-0.0,0.0,0,historical
2024|senbatsu||2024選抜|1R|創志学園|7|別海|0,2024,senbatsu,,2024選抜,1R,national,岡山,北北海道,7,0,1015.7706,962.7162,0.575763,9.12,3.869,1019.6397,958.8472,-0.0,0.0,0,historical
2024|senbatsu||2024選抜|1R|山梨学院|7|京都外大西|1,2024,senbatsu,,2024選抜,1R,national,山梨,京,7,1,1001.6925,1026.4413,0.464444,9.12,4.8843,1006.5768,1021.5571,-0.0,0.0,0,historical
2024|senbatsu||2024選抜|1R|中央学院|7|耐久|1,2024,senbatsu,,2024選抜,1R,national,千葉,和歌山,7,1,1006.8273,1037.2312,0.457537,9.12,4.9473,1011.7745,1032.2839,0.4132,-0.4132,1,historical
2024|senbatsu||2024選抜|1R|宇治山田商|5|東海大福岡|4,2024,senbatsu,,2024選抜,1R,national,三重,福岡,5,4,961.6557,1022.7183,0.413018,9.12,5.3533,967.009,1017.3651,0.0,-0.0,0,historical
2024|senbatsu||2024選抜|1R|広陵|3|高知|1,2024,senbatsu,,2024選抜,1R,national,広島,高知,3,1,1061.4719,1056.692,0.506878,9.12,4.4973,1065.9692,1052.1947,0.0,-0.0,0,historical
2024|senbatsu||2024選抜|1R|青森山田|4|京都国際|3,2024,senbatsu,,2024選抜,1R,national,青森,京,4,3,1049.993,1021.5571,0.539331,9.12,4.2013,1054.1943,1017.3558,-0.5246,0.5246,1,historical
2024|senbatsu||2024選抜|1R|神村学園|6|作新学院|3,2024,senbatsu,,2024選抜,1R,national,鹿児島,栃木,6,3,1004.0573,983.1131,0.530105,9.12,4.2854,1008.3427,978.8276,-0.0,0.0,0,historical
2024|senbatsu||2024選抜|1R|大阪桐蔭|7|北海|1,2024,senbatsu,,2024選抜,1R,national,大阪,南北海道,7,1,1129.4037,1002.5221,0.675711,9.12,2.9575,1132.3612,999.5646,0.3251,-0.3251,1,historical
2024|senbatsu||2024選抜|1R|報徳学園|3|愛工大名電|2,2024,senbatsu,,2024選抜,1R,national,兵庫,愛知,3,2,1005.4941,1035.7211,0.460494,9.12,4.9203,1010.4144,1030.8008,1.3592,-1.3592,3,historical
2024|senbatsu||2024選抜|1R|常総学院|1|日本航空石川|0,2024,senbatsu,,2024選抜,1R,national,茨城,石川,1,0,995.7498,1078.0242,0.383762,9.12,5.6201,1001.3699,1072.4042,-0.0,0.0,0,historical
2024|senbatsu||2024選抜|2R|星稜|3|八戸学院光星|2,2024,senbatsu,,2024選抜,2R,national,石川,青森,3,2,1072.4042,1054.1943,0.527217,9.12,4.3118,1076.7159,1049.8825,0.3604,-0.3604,1,historical
2024|senbatsu||2024選抜|2R|阿南光|3|熊本国府|0,2024,senbatsu,,2024選抜,2R,national,徳島,熊本,3,0,971.9303,974.9689,0.495627,9.12,4.5999,976.5302,970.369,0.0,-0.0,0,historical
2024|senbatsu||2024選抜|2R|健大高崎|4|明豊|0,2024,senbatsu,,2024選抜,2R,national,群馬,大分,4,0,1011.2506,1046.0858,0.449575,9.12,5.0199,1016.2705,1041.0659,-0.1616,0.1616,2,historical
2024|senbatsu||2024選抜|2R|山梨学院|4|創志学園|0,2024,senbatsu,,2024選抜,2R,national,山梨,岡山,4,0,1006.5768,1019.6397,0.48121,9.12,4.7314,1011.3082,1014.9083,0.0,-0.0,0,historical
2024|senbatsu||2024選抜|2R|中央学院|7|宇治山田商|6,2024,senbatsu,,2024選抜,2R,national,千葉,三重,7,6,1011.7745,967.009,0.564069,9.12,3.9757,1015.7502,963.0333,-0.0,0.0,0,historical
2024|senbatsu||2024選抜|2R|青森山田|6|広陵|5,2024,senbatsu,,2024選抜,2R,national,青森,広島,6,5,1049.8825,1065.9692,0.475778,9.12,4.7809,1054.6634,1061.1883,-0.3787,0.3787,1,historical
2024|senbatsu||2024選抜|2R|大阪桐蔭|4|神村学園|2,2024,senbatsu,,2024選抜,2R,national,大阪,鹿児島,4,2,1132.3612,1008.3427,0.671264,9.12,2.9981,1135.3592,1005.3446,0.0,-0.0,0,historical
2024|senbatsu||2024選抜|2R|報徳学園|6|常総学院|1,2024,senbatsu,,2024選抜,2R,national,兵庫,茨城,6,1,1010.4144,1001.3699,0.513013,9.12,4.4413,1014.8557,996.9286,0.0,-0.0,0,historical
2024|senbatsu||2024選抜|QF|星稜|5|阿南光|0,2024,senbatsu,,2024選抜,QF,national,石川,徳島,5,0,1076.7159,976.5302,0.639644,9.12,3.2864,1080.0024,973.2438,-0.2515,0.2515,2,historical
2024|senbatsu||2024選抜|QF|健大高崎|6|山梨学院|1,2024,senbatsu,,2024選抜,QF,national,群馬,山梨,6,1,1016.2705,1011.3082,0.507256,9.12,4.4938,1020.7643,1006.8143,0.0399,-0.0399,13,historical
2024|senbatsu||2024選抜|QF|中央学院|5|青森山田|2,2024,senbatsu,,2024選抜,QF,national,千葉,青森,5,2,1015.7502,1054.6634,0.444232,9.12,5.0686,1020.8188,1049.5948,0.0,-0.0,0,historical
2024|senbatsu||2024選抜|QF|報徳学園|4|大阪桐蔭|1,2024,senbatsu,,2024選抜,QF,national,兵庫,大阪,4,1,1014.8557,1135.3592,0.32385,9.12,6.1665,1021.0222,1129.1927,-3.6882,3.6882,14,historical
2024|senbatsu||2024選抜|SF|健大高崎|5|星稜|4,2024,senbatsu,,2024選抜,SF,national,群馬,石川,5,4,1020.7643,1080.0024,0.415566,9.12,5.33,1026.0943,1074.6723,-0.0,0.0,0,historical
2024|senbatsu||2024選抜|SF|報徳学園|4|中央学院|2,2024,senbatsu,,2024選抜,SF,national,兵庫,千葉,4,2,1021.0222,1020.8188,0.500293,9.12,4.5573,1025.5795,1016.2615,0.0,-0.0,0,historical
2024|senbatsu||2024選抜|F|健大高崎|3|報徳学園|2,2024,senbatsu,,2024選抜,F,national,群馬,兵庫,3,2,1026.0943,1025.5795,0.496562,9.12,4.5914,1030.6857,1020.9882,-1.4518,1.4518,2,historical
2024|koshien||2024選手権|1R|滋賀学園|10|有田工|6,2024,koshien,,2024選手権,1R,national,滋賀,佐賀,10,6,999.5581,929.4881,0.599494,11.96,4.7901,1004.3482,924.698,-0.0,0.0,0,historical
2024|koshien||2024選手権|1R|健大高崎|1|英明|0,2024,koshien,,2024選手権,1R,national,群馬,香川,1,0,1030.6857,998.0135,0.546881,11.96,5.4193,1036.105,992.5942,0.0,-0.0,0,historical
2024|koshien||2024選手権|1R|智弁学園|9|岐阜城北|6,2024,koshien,,2024選手権,1R,national,奈良,岐阜,9,6,1058.5126,959.7323,0.639785,11.96,4.3082,1062.8208,955.4241,0.5042,-0.5042,1,historical
2024|koshien||2024選手権|1R|大阪桐蔭|5|興南|0,2024,koshien,,2024選手権,1R,national,大阪,沖縄,5,0,1129.1927,1003.1434,0.673839,11.96,3.9009,1133.0936,999.2425,0.0,-0.0,0,historical
2024|koshien||2024選手権|1R|小松大谷|8|明豊|4,2024,koshien,,2024選手権,1R,national,石川,大分,8,4,1074.6723,1041.0659,0.549512,11.96,5.3878,1080.0602,1035.6781,0.4555,-0.4555,1,historical
2024|koshien||2024選手権|1R|京都国際|7|札幌日大|3,2024,koshien,,2024選手権,1R,prefecture,京,南北海道,7,3,1017.3558,999.5646,0.524473,5.52,2.6249,1019.9807,996.9397,-0.386,0.386,1,historical
2024|koshien||2024選手権|1R|新潟産大付|2|花咲徳栄|1,2024,koshien,,2024選手権,1R,national,新潟,埼玉,2,1,956.0763,1016.2544,0.414253,11.96,7.0055,963.0818,1009.2489,-0.0,0.0,0,historical
2024|koshien||2024選手権|1R|西日本短大付|6|金足農|4,2024,koshien,,2024選手権,1R,national,福岡,秋田,6,4,1017.3651,961.2054,0.580124,11.96,5.0217,1022.3868,956.1836,0.0,-0.0,0,historical
2024|koshien||2024選手権|1R|菰野|6|南陽工|2,2024,koshien,,2024選手権,1R,national,三重,山口,6,2,963.0333,1009.9299,0.432917,11.96,6.7823,969.8156,1003.1476,0.0,-0.0,0,historical
2024|koshien||2024選手権|1R|中京大中京|4|宮崎商|3,2024,koshien,,2024選手権,1R,national,愛知,宮崎,4,3,1030.8008,940.1935,0.627517,11.96,4.4549,1035.2557,935.7386,-0.0,0.0,0,historical
2024|koshien||2024選手権|1R|神村学園|8|木更津総合|5,2024,koshien,,2024選手権,1R,national,鹿児島,千葉,8,5,1005.3446,1016.2615,0.484295,11.96,6.1678,1011.5125,1010.0937,-0.0,0.0,0,historical
2024|koshien||2024選手権|1R|岡山学芸館|1|聖カタリナ|0,2024,koshien,,2024選手権,1R,national,岡山,愛媛,1,0,1014.9083,948.8228,0.593974,11.96,4.8561,1019.7644,943.9667,0.0,-0.0,0,historical
2024|koshien||2024選手権|1R|掛川西|8|日本航空|4,2024,koshien,,2024選手権,1R,national,静岡,山梨,8,4,987.5078,1006.8143,0.472244,11.96,6.312,993.8198,1000.5024,-0.0,0.0,0,historical
2024|koshien||2024選手権|1R|早稲田実|8|鳴門渦潮|4,2024,koshien,,2024選手権,1R,prefecture,西東京,徳島,8,4,1021.3485,973.2438,0.568789,5.52,2.3803,1023.7288,970.8635,-0.0,0.0,0,historical
2024|koshien||2024選手権|1R|鶴岡東|2|聖光学院|1,2024,koshien,,2024選手権,1R,national,山形,福島,2,1,977.473,980.4639,0.512897,11.96,5.8257,983.2987,974.6382,5.9775,-5.9775,11,historical
2024|koshien||2024選手権|1R|大社|3|報徳学園|1,2024,koshien,,2024選手権,1R,national,島根,兵庫,3,1,912.2689,1020.9882,0.348455,11.96,7.7925,920.0613,1013.1957,-0.0,0.0,0,historical
2024|koshien||2024選手権|1R|創成館|1|白樺学園|0,2024,koshien,,2024選手権,1R,prefecture,長崎,北北海道,1,0,998.783,958.8472,0.55722,5.52,2.4441,1001.2271,956.403,-0.0,0.0,0,historical
2024|koshien||2024選手権|2R|広陵|2|熊本工|1,2024,koshien,,2024選手権,2R,national,広島,熊本,2,1,1061.1883,970.369,0.629134,11.96,4.4356,1065.6238,965.9335,0.4957,-0.4957,1,historical
2024|koshien||2024選手権|2R|東海大相模|4|富山商|0,2024,koshien,,2024選手権,2R,national,神奈川,富山,4,0,1036.8329,902.5495,0.683339,11.96,3.7873,1040.6202,898.7623,-0.3332,0.3332,1,historical
2024|koshien||2024選手権|2R|明徳義塾|7|鳥取城北|0,2024,koshien,,2024選手権,2R,national,高知,鳥取,7,0,1052.1947,935.4899,0.661908,11.96,4.0436,1056.2383,931.4463,0.0,-0.0,0,historical
2024|koshien||2024選手権|2R|関東一|7|北陸|1,2024,koshien,,2024選手権,2R,prefecture,東東京,福井,7,1,1021.4559,1011.4927,0.514334,5.52,2.6809,1024.1368,1008.8118,0.0,-0.0,0,historical
2024|koshien||2024選手権|2R|青森山田|9|長野日大|1,2024,koshien,,2024選手権,2R,national,青森,長野,9,1,1049.5948,967.5966,0.615862,11.96,4.5943,1054.1891,963.0023,-0.0,0.0,0,historical
2024|koshien||2024選手権|2R|石橋|5|聖和学園|0,2024,koshien,,2024選手権,2R,national,栃木,宮城,5,0,978.8276,1065.715,0.377502,11.96,7.4451,986.2727,1058.27,-0.0,0.0,0,historical
2024|koshien||2024選手権|2R|霞ヶ浦|5|智弁和歌山|4,2024,koshien,,2024選手権,2R,national,茨城,和歌山,5,4,996.9286,1032.2839,0.44848,11.96,6.5962,1003.5247,1025.6877,-0.2859,0.2859,1,historical
2024|koshien||2024選手権|2R|滋賀学園|5|花巻東|0,2024,koshien,,2024選手権,2R,national,滋賀,岩手,5,0,1004.3482,1015.3828,0.487297,11.96,6.1319,1010.4801,1009.2508,1.1029,-1.1029,3,historical
2024|koshien||2024選手権|2R|智弁学園|2|健大高崎|1,2024,koshien,,2024選手権,2R,national,奈良,群馬,2,1,1062.8208,1036.105,0.539413,11.96,5.5086,1068.3294,1030.5964,0.3639,-0.3639,1,historical
2024|koshien||2024選手権|2R|小松大谷|3|大阪桐蔭|0,2024,koshien,,2024選手権,2R,national,石川,大阪,3,0,1080.0602,1133.0936,0.424126,11.96,6.8875,1086.9476,1126.2062,-0.0499,0.0499,2,historical
2024|koshien||2024選手権|2R|京都国際|4|新潟産大付|0,2024,koshien,,2024選手権,2R,national,京,新潟,4,0,1019.9807,963.0818,0.58116,11.96,5.0093,1024.99,958.0725,0.0,-0.0,0,historical
2024|koshien||2024選手権|2R|西日本短大付|13|菰野|0,2024,koshien,,2024選手権,2R,national,福岡,三重,13,0,1022.3868,969.8156,0.573828,11.96,5.097,1027.4838,964.7186,-0.4461,0.4461,1,historical
2024|koshien||2024選手権|2R|神村学園|4|中京大中京|3,2024,koshien,,2024選手権,2R,national,鹿児島,愛知,4,3,1011.5125,1035.2557,0.465884,11.96,6.388,1017.9005,1028.8677,-0.0,0.0,0,historical
2024|koshien||2024選手権|2R|岡山学芸館|2|掛川西|0,2024,koshien,,2024選手権,2R,national,岡山,静岡,2,0,1019.7644,993.8198,0.537268,11.96,5.5343,1025.2987,988.2855,0.0,-0.0,0,historical
2024|koshien||2024選手権|2R|早稲田実|1|鶴岡東|0,2024,koshien,,2024選手権,2R,prefecture,西東京,山形,1,0,1023.7288,983.2987,0.557922,5.52,2.4403,1026.1691,980.8585,-0.0,0.0,0,historical
2024|koshien||2024選手権|2R|大社|5|創成館|4,2024,koshien,,2024選手権,2R,national,島根,長崎,5,4,920.0613,1001.2271,0.385273,11.96,7.3521,927.4135,993.875,0.0,-0.0,0,historical
2024|koshien||2024選手権|3R|東海大相模|8|広陵|1,2024,koshien,,2024選手権,3R,national,神奈川,広島,8,1,1040.6202,1065.6238,0.469312,11.96,6.347,1046.9672,1059.2768,1.8262,-1.8262,2,historical
2024|koshien||2024選手権|3R|関東一|3|明徳義塾|2,2024,koshien,,2024選手権,3R,prefecture,東東京,高知,3,2,1024.1368,1056.2383,0.450663,5.52,3.0323,1027.1691,1053.206,-1.1467,1.1467,2,historical
2024|koshien||2024選手権|3R|青森山田|5|石橋|0,2024,koshien,,2024選手権,3R,national,青森,栃木,5,0,1054.1891,986.2727,0.597639,11.96,4.8122,1059.0014,981.4604,0.4063,-0.4063,1,historical
2024|koshien||2024選手権|3R|滋賀学園|6|霞ヶ浦|2,2024,koshien,,2024選手権,3R,national,滋賀,茨城,6,2,1010.4801,1003.5247,0.510008,11.96,5.8603,1016.3404,997.6644,0.0,-0.0,0,historical
2024|koshien||2024選手権|3R|智弁学園|6|小松大谷|3,2024,koshien,,2024選手権,3R,national,奈良,石川,6,3,1068.3294,1086.9476,0.472154,11.96,6.313,1074.6425,1080.6346,-0.3755,0.3755,1,historical
2024|koshien||2024選手権|3R|京都国際|4|西日本短大付|0,2024,koshien,,2024選手権,3R,national,京,福岡,4,0,1024.99,1027.4838,0.495378,11.96,6.0353,1031.0253,1021.4485,-0.3591,0.3591,1,historical
2024|koshien||2024選手権|3R|神村学園|7|岡山学芸館|1,2024,koshien,,2024選手権,3R,national,鹿児島,岡山,7,1,1017.9005,1025.2987,0.49091,11.96,6.0887,1023.9892,1019.2099,0.5405,-0.5405,1,historical
2024|koshien||2024選手権|3R|大社|3|早稲田実|2,2024,koshien,,2024選手権,3R,prefecture,島根,西東京,3,2,927.4135,1026.1691,0.361587,5.52,3.524,930.9375,1022.645,0.0,-0.0,0,historical
2024|koshien||2024選手権|QF|関東一|2|東海大相模|1,2024,koshien,,2024選手権,QF,prefecture,東東京,神奈川,2,1,1027.1691,1046.9672,0.471539,5.52,2.9171,1030.0862,1044.0501,0.0,-0.0,0,historical
2024|koshien||2024選手権|QF|青森山田|1|滋賀学園|0,2024,koshien,,2024選手権,QF,national,青森,滋賀,1,0,1059.0014,1016.3404,0.562507,11.96,5.2324,1064.2338,1011.108,0.501,-0.501,1,historical
2024|koshien||2024選手権|QF|京都国際|4|智弁学園|0,2024,koshien,,2024選手権,QF,national,京,奈良,4,0,1031.0253,1074.6425,0.434677,11.96,6.7613,1037.7866,1067.8812,-1.0174,1.0174,9,historical
2024|koshien||2024選手権|QF|神村学園|8|大社|2,2024,koshien,,2024選手権,QF,national,鹿児島,島根,8,2,1023.9892,930.9375,0.6308,11.96,4.4156,1028.4049,926.5219,-0.0,0.0,0,historical
2024|koshien||2024選手権|SF|関東一|2|神村学園|1,2024,koshien,,2024選手権,SF,prefecture,東東京,鹿児島,2,1,1030.0862,1028.4049,0.50136,5.52,2.7525,1032.8387,1025.6524,-0.368,0.368,1,historical
2024|koshien||2024選手権|SF|京都国際|3|青森山田|2,2024,koshien,,2024選手権,SF,national,京,青森,3,2,1037.7866,1064.2338,0.462912,11.96,6.4236,1044.2101,1057.8102,0.314,-0.314,2,historical
2024|koshien||2024選手権|F|京都国際|2|関東一|1,2024,koshien,,2024選手権,F,prefecture,京,東東京,2,1,1044.2101,1032.8387,0.517047,5.52,2.6659,1046.876,1030.1728,0.2393,-0.2393,1,historical
2024|autumn||2024秋季北海道地区大会|1R|北照|9|帯広工|1,2024,autumn,,2024秋季北海道地区大会,1R,regional,南北海道,北北海道,9,1,996.9397,956.403,0.586217,8.0,3.3103,1000.2499,953.0928,9.9887,-9.9887,126,historical
2024|autumn||2024秋季北海道地区大会|1R|駒大苫小牧|2|士別翔雲|1,2024,autumn,,2024秋季北海道地区大会,1R,regional,南北海道,北北海道,2,1,1000.2499,953.0928,0.601903,8.0,3.1848,1003.4347,949.908,12.3289,-12.3289,127,historical
2024|autumn||2024秋季北海道地区大会|2R|駒大苫小牧|3|旭川志峯|2,2024,autumn,,2024秋季北海道地区大会,2R,regional,南北海道,北北海道,3,2,1003.4347,949.908,0.616806,8.0,3.0655,1006.5003,946.8424,14.5827,-14.5827,128,historical
2024|autumn||2024秋季北海道地区大会|QF|東海大札幌|3|クラーク国際|1,2024,autumn,,2024秋季北海道地区大会,QF,regional,南北海道,北北海道,3,1,1006.5003,946.8424,0.630953,8.0,2.9524,1009.4526,943.8901,16.7543,-16.7543,129,historical
2024|autumn||2024秋季北海道地区大会|QF|北海|1|釧路江南|0,2024,autumn,,2024秋季北海道地区大会,QF,regional,南北海道,北北海道,1,0,1009.4526,943.8901,0.644374,8.0,2.845,1012.2977,941.0451,18.8477,-18.8477,130,historical
2024|autumn||2024秋季東北地区大会|1R|久慈|7|学法石川|2,2024,autumn,,2024秋季東北地区大会,1R,regional,岩手,福島,7,2,1009.2508,974.6382,0.54354,8.0,3.6517,1012.9025,970.9865,-2.1408,2.1408,13,historical
2024|autumn||2024秋季東北地区大会|1R|山形中央|1|大曲工|0,2024,autumn,,2024秋季東北地区大会,1R,regional,山形,秋田,1,0,980.8585,956.1836,0.53863,8.0,3.691,984.5494,952.4927,1.111,-1.111,7,historical
2024|autumn||2024秋季東北地区大会|2R|青森山田|8|古川学園|2,2024,autumn,,2024秋季東北地区大会,2R,regional,青森,宮城,8,2,1057.8102,1058.27,0.507934,8.0,3.9365,1061.7467,1054.3334,2.9868,-2.9868,22,historical
2024|autumn||2024秋季東北地区大会|2R|聖光学院|5|能代松陽|1,2024,autumn,,2024秋季東北地区大会,2R,regional,福島,秋田,5,1,970.9865,952.4927,0.538775,8.0,3.6898,974.6763,948.8029,4.2521,-4.2521,11,historical
2024|autumn||2024秋季東北地区大会|2R|東日大昌平|11|東北学院榴ヶ岡|7,2024,autumn,,2024秋季東北地区大会,2R,regional,福島,宮城,11,7,974.6763,1054.3334,0.374355,8.0,5.0052,979.6814,1049.3283,-4.7804,4.7804,18,historical
2024|autumn||2024秋季東北地区大会|2R|仙台育英|4|聖愛|0,2024,autumn,,2024秋季東北地区大会,2R,regional,宮城,青森,4,0,1049.3283,1061.7467,0.467174,8.0,4.2626,1053.5909,1057.4841,-5.2123,5.2123,23,historical
2024|autumn||2024秋季東北地区大会|2R|日大山形|3|八戸学院光星|2,2024,autumn,,2024秋季東北地区大会,2R,regional,山形,青森,3,2,984.5494,1057.4841,0.364122,8.0,5.087,989.6365,1052.3971,-11.9582,11.9582,16,historical
2024|autumn||2024秋季東北地区大会|2R|鶴岡東|8|久慈|1,2024,autumn,,2024秋季東北地区大会,2R,regional,山形,岩手,8,1,989.6365,1012.9025,0.458047,8.0,4.3356,993.9721,1008.5669,-2.9774,2.9774,14,historical
2024|autumn||2024秋季東北地区大会|2R|山形中央|3|一関学院|1,2024,autumn,,2024秋季東北地区大会,2R,regional,山形,岩手,3,1,993.9721,1008.5669,0.476335,8.0,4.1893,998.1614,1004.3776,-0.9307,0.9307,15,historical
2024|autumn||2024秋季東北地区大会|2R|花巻東|8|秋田商|0,2024,autumn,,2024秋季東北地区大会,2R,regional,岩手,秋田,8,0,1004.3776,948.8029,0.590187,8.0,3.2785,1007.6561,945.5244,3.8936,-3.8936,13,historical
2024|autumn||2024秋季東北地区大会|QF|聖光学院|3|仙台育英|2,2024,autumn,,2024秋季東北地区大会,QF,regional,福島,宮城,3,2,979.6814,1053.5909,0.389126,8.0,4.887,984.5684,1048.7039,-2.2175,2.2175,19,historical
2024|autumn||2024秋季東北地区大会|QF|花巻東|2|鶴岡東|1,2024,autumn,,2024秋季東北地区大会,QF,regional,岩手,山形,2,1,1007.6561,998.1614,0.510372,8.0,3.917,1011.5731,994.2444,-1.1433,1.1433,16,historical
2024|autumn||2024秋季東北地区大会|QF|青森山田|4|東日大昌平|0,2024,autumn,,2024秋季東北地区大会,QF,regional,青森,福島,4,0,1052.3971,984.5684,0.606131,8.0,3.1509,1055.548,981.4175,3.5288,-3.5288,13,historical
2024|autumn||2024秋季東北地区大会|SF|青森山田|4|花巻東|1,2024,autumn,,2024秋季東北地区大会,SF,regional,青森,岩手,4,1,1055.548,1011.5731,0.566334,8.0,3.4693,1059.0174,1008.1038,1.1959,-1.1959,16,historical
2024|autumn||2024秋季東北地区大会|SF|聖光学院|7|山形中央|1,2024,autumn,,2024秋季東北地区大会,SF,regional,福島,山形,7,1,981.4175,994.2444,0.456277,8.0,4.3498,985.7673,989.8946,-8.8164,8.8164,12,historical
2024|autumn||2024秋季東北地区大会|F|聖光学院|3|青森山田|2,2024,autumn,,2024秋季東北地区大会,F,regional,福島,青森,3,2,985.7673,1059.0174,0.382078,8.0,4.9434,990.7106,1054.074,-5.1313,5.1313,14,historical
2024|autumn||2024秋季関東地区大会|1R|浦和実|4|宇都宮工|2,2024,autumn,,2024秋季関東地区大会,1R,regional,埼玉,栃木,4,2,1009.2489,981.4604,0.551129,8.0,3.591,1012.8398,977.8695,3.9322,-3.9322,8,historical
2024|autumn||2024秋季関東地区大会|1R|東農大二|10|帝京三|3,2024,autumn,,2024秋季関東地区大会,1R,regional,群馬,山梨,10,3,1030.5964,1000.5024,0.549438,8.0,3.6045,1034.2009,996.8979,2.1858,-2.1858,14,historical
2024|autumn||2024秋季関東地区大会|1R|つくば秀英|5|拓大紅陵|3,2024,autumn,,2024秋季関東地区大会,1R,regional,茨城,千葉,5,3,997.6644,1010.0937,0.498157,8.0,4.0147,1001.6792,1006.0789,5.5744,-5.5744,10,historical
2024|autumn||2024秋季関東地区大会|1R|千葉黎明|3|西武台|2,2024,autumn,,2024秋季関東地区大会,1R,regional,千葉,埼玉,3,2,1006.0789,1012.8398,0.489357,8.0,4.0851,1010.1641,1008.7547,-0.3178,0.3178,9,historical
2024|autumn||2024秋季関東地区大会|1R|健大高崎|9|霞ヶ浦|0,2024,autumn,,2024秋季関東地区大会,1R,regional,群馬,茨城,9,0,1034.2009,1001.6792,0.53229,8.0,3.7417,1037.9426,997.9375,-5.0265,5.0265,15,historical
2024|autumn||2024秋季関東地区大会|1R|山梨学院|6|東海大相模|5,2024,autumn,,2024秋季関東地区大会,1R,regional,山梨,神奈川,6,5,996.8979,1044.0501,0.439835,8.0,4.4813,1001.3792,1039.5688,2.5709,-2.5709,7,historical
2024|autumn||2024秋季関東地区大会|1R|佐野日大|6|平塚学園|5,2024,autumn,,2024秋季関東地区大会,1R,regional,栃木,神奈川,6,5,977.8695,1039.5688,0.391739,8.0,4.8661,982.7356,1034.7027,-7.3691,7.3691,8,historical
2024|autumn||2024秋季関東地区大会|QF|浦和実|2|つくば秀英|0,2024,autumn,,2024秋季関東地区大会,QF,regional,埼玉,茨城,2,0,1008.7547,997.9375,0.519849,8.0,3.8412,1012.5959,994.0963,1.4911,-1.4911,6,historical
2024|autumn||2024秋季関東地区大会|QF|横浜|2|東農大二|0,2024,autumn,,2024秋季関東地区大会,QF,regional,神奈川,群馬,2,0,1034.7027,1037.9426,0.485155,8.0,4.1188,1038.8214,1033.8238,-3.5394,3.5394,8,historical
2024|autumn||2024秋季関東地区大会|QF|千葉黎明|5|山梨学院|2,2024,autumn,,2024秋季関東地区大会,QF,regional,千葉,山梨,5,2,1010.1641,1001.3792,0.516623,8.0,3.867,1014.0311,997.5122,1.3852,-1.3852,9,historical
2024|autumn||2024秋季関東地区大会|QF|健大高崎|10|佐野日大|3,2024,autumn,,2024秋季関東地区大会,QF,regional,群馬,栃木,10,3,1033.8238,982.7356,0.585426,8.0,3.3166,1037.1404,979.419,4.4298,-4.4298,8,historical
2024|autumn||2024秋季関東地区大会|SF|横浜|3|浦和実|2,2024,autumn,,2024秋季関東地区大会,SF,regional,神奈川,埼玉,3,2,1038.8214,1012.5959,0.555148,8.0,3.5588,1042.3803,1009.0371,6.1259,-6.1259,17,historical
2024|autumn||2024秋季関東地区大会|SF|健大高崎|6|千葉黎明|0,2024,autumn,,2024秋季関東地区大会,SF,regional,群馬,千葉,6,0,1037.1404,1014.0311,0.536116,8.0,3.7111,1040.8515,1010.32,1.0153,-1.0153,9,historical
2024|autumn||2024秋季関東地区大会|F|横浜|4|健大高崎|3,2024,autumn,,2024秋季関東地区大会,F,regional,神奈川,群馬,4,3,1042.3803,1040.8515,0.496121,8.0,4.031,1046.4113,1036.8204,-2.1122,2.1122,9,historical
2024|autumn||2024秋季東京地区大会|1R|修徳|8|日野台|1,2024,autumn,,2024秋季東京地区大会,1R,prefecture,東東京,西東京,8,1,1030.1728,1022.645,0.461541,4.8,2.5846,1032.7574,1020.0604,-17.1522,17.1522,211,historical
2024|autumn||2024秋季東京地区大会|1R|小平南|6|実践学園|5,2024,autumn,,2024秋季東京地区大会,1R,prefecture,西東京,東東京,6,5,1020.0604,1032.7574,0.525705,4.8,2.2766,1022.3371,1030.4808,15.2872,-15.2872,212,historical
2024|autumn||2024秋季東京地区大会|1R|堀越|4|城西|2,2024,autumn,,2024秋季東京地区大会,1R,prefecture,東東京,東京,4,2,1030.4808,955.2123,0.685667,4.8,1.5088,1031.9896,953.7035,30.1106,-30.1106,29,historical
2024|autumn||2024秋季東京地区大会|1R|駿台学園|9|桜美林|8,2024,autumn,,2024秋季東京地区大会,1R,prefecture,東東京,西東京,9,8,1031.9896,1022.3371,0.465203,4.8,2.567,1034.5566,1019.77,-16.9354,16.9354,213,historical
2024|autumn||2024秋季東京地区大会|1R|明大八王子|6|東京成徳大高|2,2024,autumn,,2024秋季東京地区大会,1R,prefecture,西東京,東東京,6,2,1019.77,1034.5566,0.522117,4.8,2.2938,1022.0639,1032.2628,15.0824,-15.0824,214,historical
2024|autumn||2024秋季東京地区大会|1R|昭和一学園|5|大森学園|4,2024,autumn,,2024秋季東京地区大会,1R,prefecture,西東京,東東京,5,4,1022.0639,1032.2628,0.533464,4.8,2.2394,1024.3032,1030.0234,16.7436,-16.7436,215,historical
2024|autumn||2024秋季東京地区大会|1R|立教池袋|6|国立|0,2024,autumn,,2024秋季東京地区大会,1R,prefecture,東東京,西東京,6,0,1030.0234,1024.3032,0.455489,4.8,2.6137,1032.6371,1021.6896,-18.3659,18.3659,216,historical
2024|autumn||2024秋季東京地区大会|1R|雪谷|10|日大二|3,2024,autumn,,2024秋季東京地区大会,1R,prefecture,東東京,西東京,10,3,1032.6371,1021.6896,0.468368,4.8,2.5518,1035.1889,1019.1378,-16.4784,16.4784,217,historical
2024|autumn||2024秋季東京地区大会|1R|小山台|8|府中西|0,2024,autumn,,2024秋季東京地区大会,1R,prefecture,東東京,西東京,8,0,1035.1889,1019.1378,0.480986,4.8,2.4913,1037.6802,1016.6465,-14.635,14.635,218,historical
2024|autumn||2024秋季東京地区大会|1R|関東一|7|府中東|1,2024,autumn,,2024秋季東京地区大会,1R,prefecture,東東京,西東京,7,1,1037.6802,1016.6465,0.493329,4.8,2.432,1040.1122,1014.2145,-12.8347,12.8347,219,historical
2024|autumn||2024秋季東京地区大会|1R|正則|4|法政大高|3,2024,autumn,,2024秋季東京地区大会,1R,prefecture,東東京,東京,4,3,1040.1122,953.7035,0.702006,4.8,1.4304,1041.5425,952.2732,31.2225,-31.2225,30,historical
2024|autumn||2024秋季東京地区大会|1R|国士舘|11|立正大立正|3,2024,autumn,,2024秋季東京地区大会,1R,prefecture,西東京,東東京,11,3,1014.2145,1041.5425,0.492554,4.8,2.4357,1016.6502,1039.1068,11.0768,-11.0768,220,historical
2024|autumn||2024秋季東京地区大会|1R|帝京|10|練馬|0,2024,autumn,,2024秋季東京地区大会,1R,prefecture,東東京,西東京,10,0,1039.1068,1016.6502,0.495357,4.8,2.4223,1041.5291,1014.2279,-12.8415,12.8415,221,historical
2024|autumn||2024秋季東京地区大会|1R|早大学院|10|朋優学院|0,2024,autumn,,2024秋季東京地区大会,1R,prefecture,西東京,東東京,10,0,1014.2279,1041.5291,0.492631,4.8,2.4354,1016.6633,1039.0937,11.09,-11.09,222,historical
2024|autumn||2024秋季東京地区大会|1R|安田学園|6|桐朋|0,2024,autumn,,2024秋季東京地区大会,1R,prefecture,東東京,西東京,6,0,1039.0937,1016.6633,0.49528,4.8,2.4227,1041.5164,1014.2406,-12.855,12.855,223,historical
2024|autumn||2024秋季東京地区大会|2R|国学院久我山|5|東京|4,2024,autumn,,2024秋季東京地区大会,2R,prefecture,西東京,東東京,5,4,1014.2406,1041.5164,0.492704,4.8,2.435,1016.6757,1039.0813,11.1027,-11.1027,224,historical
2024|autumn||2024秋季東京地区大会|2R|淑徳|9|小平南|4,2024,autumn,,2024秋季東京地区大会,2R,prefecture,東東京,西東京,9,4,1039.0813,1016.6757,0.495208,4.8,2.423,1041.5044,1014.2527,-12.8679,12.8679,225,historical
2024|autumn||2024秋季東京地区大会|2R|昭和|9|雪谷|6,2024,autumn,,2024秋季東京地区大会,2R,prefecture,西東京,東東京,9,6,1014.2527,1041.5044,0.492773,4.8,2.4347,1016.6874,1039.0697,11.1148,-11.1148,226,historical
2024|autumn||2024秋季東京地区大会|2R|早稲田実|5|修徳|2,2024,autumn,,2024秋季東京地区大会,2R,prefecture,西東京,東東京,5,2,1016.6874,1039.0697,0.504862,4.8,2.3767,1019.064,1036.693,12.8803,-12.8803,227,historical
2024|autumn||2024秋季東京地区大会|2R|関東一|5|国士舘|1,2024,autumn,,2024秋季東京地区大会,2R,prefecture,東東京,西東京,5,1,1036.693,1019.064,0.483342,4.8,2.48,1039.173,1016.5841,-14.6043,14.6043,228,historical
2024|autumn||2024秋季東京地区大会|2R|帝京|1|佼成学園|0,2024,autumn,,2024秋季東京地区大会,2R,prefecture,東東京,西東京,1,0,1039.173,1016.5841,0.49564,4.8,2.4209,1041.5939,1014.1631,-12.8093,12.8093,229,historical
2024|autumn||2024秋季東京地区大会|2R|早大学院|6|正則|0,2024,autumn,,2024秋季東京地区大会,2R,prefecture,西東京,東東京,6,0,1014.1631,1041.5939,0.492348,4.8,2.4367,1016.5999,1039.1572,11.0565,-11.0565,230,historical
2024|autumn||2024秋季東京地区大会|2R|駿台学園|11|昭和一学園|4,2024,autumn,,2024秋季東京地区大会,2R,prefecture,東東京,西東京,11,4,1039.1572,1016.5999,0.495551,4.8,2.4214,1041.5785,1014.1785,-12.8245,12.8245,231,historical
2024|autumn||2024秋季東京地区大会|2R|二松学舎大付|9|八王子|5,2024,autumn,,2024秋季東京地区大会,2R,prefecture,東東京,西東京,9,5,1041.5785,1014.1785,0.507567,4.8,2.3637,1043.9422,1011.8148,-11.0708,11.0708,232,historical
2024|autumn||2024秋季東京地区大会|3R|明大八王子|5|堀越|3,2024,autumn,,2024秋季東京地区大会,3R,prefecture,西東京,東東京,5,3,1011.8148,1043.9422,0.480711,4.8,2.4926,1014.3074,1041.4496,9.3585,-9.3585,233,historical
2024|autumn||2024秋季東京地区大会|3R|淑徳|3|国学院久我山|1,2024,autumn,,2024秋季東京地区大会,3R,prefecture,東東京,西東京,3,1,1041.4496,1014.3074,0.506918,4.8,2.3668,1043.8164,1011.9406,-11.1675,11.1675,234,historical
2024|autumn||2024秋季東京地区大会|3R|日大三|10|駿台学園|1,2024,autumn,,2024秋季東京地区大会,3R,prefecture,西東京,東東京,10,1,1011.9406,1043.8164,0.481342,4.8,2.4896,1014.4302,1041.3268,9.4524,-9.4524,235,historical
2024|autumn||2024秋季東京地区大会|3R|二松学舎大付|10|世田谷学園|2,2024,autumn,,2024秋季東京地区大会,3R,prefecture,東東京,西東京,10,2,1041.3268,1014.4302,0.506299,4.8,2.3698,1043.6966,1012.0604,-11.2597,11.2597,236,historical
2024|autumn||2024秋季東京地区大会|3R|共栄学園|6|早大学院|3,2024,autumn,,2024秋季東京地区大会,3R,prefecture,東東京,西東京,6,3,1043.6966,1012.0604,0.518056,4.8,2.3133,1046.0099,1009.7471,-9.5419,9.5419,237,historical
2024|autumn||2024秋季東京地区大会|QF|二松学舎大付|8|日大三|1,2024,autumn,,2024秋季東京地区大会,QF,regional,東東京,西東京,8,1,1046.0099,1009.7471,0.529516,8.0,3.7639,1049.7738,1005.9832,-7.8647,7.8647,238,historical
2024|autumn||2024秋季東京地区大会|QF|早稲田実|3|小山台|2,2024,autumn,,2024秋季東京地区大会,QF,regional,西東京,東東京,3,2,1005.9832,1049.7738,0.451907,8.0,4.3847,1010.368,1045.3891,5.1343,-5.1343,239,historical
2024|autumn||2024秋季東京地区大会|QF|淑徳|7|明大八王子|6,2024,autumn,,2024秋季東京地区大会,QF,regional,東東京,西東京,7,6,1045.3891,1010.368,0.526435,8.0,3.7885,1049.1776,1006.5794,-8.3174,8.3174,240,historical
2024|autumn||2024秋季東京地区大会|SF|早稲田実|6|淑徳|0,2024,autumn,,2024秋季東京地区大会,SF,regional,西東京,東東京,6,0,1006.5794,1049.1776,0.454847,8.0,4.3612,1010.9407,1044.8164,5.5684,-5.5684,241,historical
2024|autumn||2024秋季東京地区大会|F|二松学舎大付|6|早稲田実|5,2024,autumn,,2024秋季東京地区大会,F,regional,東東京,西東京,6,5,1044.8164,1010.9407,0.523591,8.0,3.8113,1048.6276,1007.1294,-8.7354,8.7354,242,historical
2024|autumn||2024秋季北信越地区大会|1R|松本第一|3|小松大谷|1,2024,autumn,,2024秋季北信越地区大会,1R,regional,長野,石川,3,1,963.0023,1080.6346,0.333873,8.0,5.329,968.3313,1075.3056,-1.1789,1.1789,18,historical
2024|autumn||2024秋季北信越地区大会|1R|敦賀気比|9|帝京長岡|2,2024,autumn,,2024秋季北信越地区大会,1R,regional,福井,新潟,9,2,1008.8118,958.0725,0.610462,8.0,3.1163,1011.9281,954.9562,13.652,-13.652,18,historical
2024|autumn||2024秋季北信越地区大会|1R|小松工|8|富山北部|7,2024,autumn,,2024秋季北信越地区大会,1R,regional,石川,富山,8,7,1075.3056,898.7623,0.775253,8.0,1.798,1077.1036,896.9643,19.2784,-19.2784,18,historical
2024|autumn||2024秋季北信越地区大会|1R|日本航空石川|6|富山第一|1,2024,autumn,,2024秋季北信越地区大会,1R,regional,石川,富山,6,1,1077.1036,896.9643,0.78134,8.0,1.7493,1078.8528,895.215,20.5447,-20.5447,19,historical
2024|autumn||2024秋季北信越地区大会|1R|大野|2|中越|0,2024,autumn,,2024秋季北信越地区大会,1R,regional,福井,新潟,2,0,1011.9281,954.9562,0.624022,8.0,3.0078,1014.936,951.9484,15.5215,-15.5215,19,historical
2024|autumn||2024秋季北信越地区大会|1R|福井工大福井|4|松本国際|1,2024,autumn,,2024秋季北信越地区大会,1R,regional,福井,長野,4,1,1014.936,968.3313,0.577882,8.0,3.3769,1018.3129,964.9543,3.9786,-3.9786,18,historical
2024|autumn||2024秋季北信越地区大会|1R|高岡第一|5|金沢|2,2024,autumn,,2024秋季北信越地区大会,1R,regional,富山,神奈川,5,2,895.215,1046.4113,0.295256,8.0,5.638,900.853,1040.7733,0.0316,-0.0316,2,historical
2024|autumn||2024秋季北信越地区大会|1R|新潟明訓|7|長野商|3,2024,autumn,,2024秋季北信越地区大会,1R,regional,新潟,長野,7,3,951.9484,964.9543,0.469291,8.0,4.2457,956.1941,960.7087,-4.1799,4.1799,15,historical
2024|autumn||2024秋季北信越地区大会|QF|敦賀気比|3|松本第一|0,2024,autumn,,2024秋季北信越地区大会,QF,regional,福井,長野,3,0,1018.3129,960.7087,0.598369,8.0,3.213,1021.5259,957.4956,5.8263,-5.8263,19,historical
2024|autumn||2024秋季北信越地区大会|QF|小松工|7|新潟明訓|0,2024,autumn,,2024秋季北信越地区大会,QF,regional,石川,新潟,7,0,1078.8528,956.1941,0.68131,8.0,2.5495,1081.4024,953.6445,4.6658,-4.6658,18,historical
2024|autumn||2024秋季北信越地区大会|QF|高岡第一|9|大野|6,2024,autumn,,2024秋季北信越地区大会,QF,regional,富山,福井,9,6,900.853,1021.5259,0.292018,8.0,5.6639,906.5168,1015.8621,-16.5862,16.5862,16,historical
2024|autumn||2024秋季北信越地区大会|QF|日本航空石川|2|福井工大福井|1,2024,autumn,,2024秋季北信越地区大会,QF,regional,石川,福井,2,1,1081.4024,1015.8621,0.609632,8.0,3.1229,1084.5253,1012.7391,5.9484,-5.9484,21,historical
2024|autumn||2024秋季北信越地区大会|SF|敦賀気比|9|小松工|4,2024,autumn,,2024秋季北信越地区大会,SF,regional,福井,石川,9,4,1012.7391,1084.5253,0.376986,8.0,4.9841,1017.7233,1079.5412,-7.7416,7.7416,22,historical
2024|autumn||2024秋季北信越地区大会|SF|日本航空石川|7|高岡第一|0,2024,autumn,,2024秋季北信越地区大会,SF,regional,石川,富山,7,0,1079.5412,906.5168,0.77676,8.0,1.7859,1081.3271,904.7309,21.7907,-21.7907,20,historical
2024|autumn||2024秋季北信越地区大会|F|敦賀気比|6|日本航空石川|5,2024,autumn,,2024秋季北信越地区大会,F,regional,福井,石川,6,5,1017.7233,1081.3271,0.39547,8.0,4.8362,1022.5595,1076.4909,-5.059,5.059,23,historical
2024|autumn||2024秋季東海地区大会|1R|中京|4|名古屋たちばな|1,2024,autumn,,2024秋季東海地区大会,1R,regional,岐阜,愛知,4,1,955.4241,1028.8677,0.387648,8.0,4.8988,960.3229,1023.9689,-2.9908,2.9908,22,historical
2024|autumn||2024秋季東海地区大会|1R|聖隷クリストファー|5|菰野|1,2024,autumn,,2024秋季東海地区大会,1R,regional,静岡,三重,5,1,988.2855,964.7186,0.552712,8.0,3.5783,991.8638,961.1403,6.5988,-6.5988,18,historical
2024|autumn||2024秋季東海地区大会|1R|中京大中京|1|宇治山田商|0,2024,autumn,,2024秋季東海地区大会,1R,regional,愛知,三重,1,0,1023.9689,961.1403,0.622095,8.0,3.0232,1026.9921,958.117,11.8807,-11.8807,20,historical
2024|autumn||2024秋季東海地区大会|1R|岐阜第一|8|掛川西|1,2024,autumn,,2024秋季東海地区大会,1R,regional,岐阜,静岡,8,1,960.3229,991.8638,0.448268,8.0,4.4139,964.7368,987.45,-2.2675,2.2675,18,historical
2024|autumn||2024秋季東海地区大会|QF|大垣日大|3|中京大中京|2,2024,autumn,,2024秋季東海地区大会,QF,regional,岐阜,愛知,3,2,964.7368,1026.9921,0.410518,8.0,4.7159,969.4526,1022.2762,-0.2999,0.2999,23,historical
2024|autumn||2024秋季東海地区大会|QF|岐阜第一|7|海星|0,2024,autumn,,2024秋季東海地区大会,QF,regional,岐阜,長崎,7,0,969.4526,993.875,0.464911,8.0,4.2807,973.7333,989.5943,0.0,-0.0,0,historical
2024|autumn||2024秋季東海地区大会|QF|至学館|2|聖隷クリストファー|0,2024,autumn,,2024秋季東海地区大会,QF,regional,愛知,静岡,2,0,1022.2762,987.45,0.553286,8.0,3.5737,1025.85,983.8763,1.1708,-1.1708,24,historical
2024|autumn||2024秋季東海地区大会|QF|常葉大菊川|4|中京|1,2024,autumn,,2024秋季東海地区大会,QF,regional,静岡,岐阜,4,1,983.8763,973.7333,0.514522,8.0,3.8838,987.7601,969.8495,-0.0247,0.0247,19,historical
2024|autumn||2024秋季東海地区大会|SF|常葉大菊川|5|至学館|4,2024,autumn,,2024秋季東海地区大会,SF,regional,静岡,愛知,5,4,987.7601,1025.85,0.436284,8.0,4.5097,992.2698,1021.3402,-3.2131,3.2131,25,historical
2024|autumn||2024秋季東海地区大会|F|大垣日大|7|常葉大菊川|4,2024,autumn,,2024秋季東海地区大会,F,regional,岐阜,静岡,7,4,969.8495,992.2698,0.461892,8.0,4.3049,974.1544,987.9649,-2.0555,2.0555,20,historical
2024|autumn||2024秋季近畿地区大会|1R|滋賀短大付|4|履正社|1,2024,autumn,,2024秋季近畿地区大会,1R,regional,滋賀,大阪,4,1,1011.108,1126.2062,0.323302,8.0,5.4136,1016.5216,1120.7926,-6.6083,6.6083,15,historical
2024|autumn||2024秋季近畿地区大会|1R|立命館宇治|4|奈良|1,2024,autumn,,2024秋季近畿地区大会,1R,regional,京,奈良,4,1,1046.876,1067.8812,0.474828,8.0,4.2014,1051.0774,1063.6798,1.7496,-1.7496,10,historical
2024|autumn||2024秋季近畿地区大会|1R|市和歌山|1|三田学園|0,2024,autumn,,2024秋季近畿地区大会,1R,regional,和歌山,兵庫,1,0,1025.6877,1013.1957,0.535711,8.0,3.7143,1029.402,1009.4814,6.1823,-6.1823,13,historical
2024|autumn||2024秋季近畿地区大会|1R|東洋大姫路|9|龍谷大平安|0,2024,autumn,,2024秋季近畿地区大会,1R,regional,兵庫,京,9,0,1009.4814,1051.0774,0.436787,8.0,4.5057,1013.9871,1046.5717,-1.2824,1.2824,9,historical
2024|autumn||2024秋季近畿地区大会|1R|大阪学院大高|1|北稜|0,2024,autumn,,2024秋季近畿地区大会,1R,regional,大阪,京,1,0,1120.7926,1046.5717,0.610596,8.0,3.1152,1123.9078,1043.4565,1.9603,-1.9603,13,historical
2024|autumn||2024秋季近畿地区大会|1R|天理|5|和歌山東|1,2024,autumn,,2024秋季近畿地区大会,1R,regional,奈良,和歌山,5,1,1063.6798,1029.402,0.558154,8.0,3.5348,1067.2146,1025.8673,3.1578,-3.1578,7,historical
2024|autumn||2024秋季近畿地区大会|1R|智弁和歌山|5|神戸学院大付|0,2024,autumn,,2024秋季近畿地区大会,1R,regional,和歌山,兵庫,5,0,1025.8673,1013.9871,0.540403,8.0,3.6768,1029.544,1010.3103,8.128,-8.128,14,historical
2024|autumn||2024秋季近畿地区大会|1R|滋賀学園|3|大阪桐蔭|2,2024,autumn,,2024秋季近畿地区大会,1R,regional,滋賀,大阪,3,2,1016.5216,1123.9078,0.339668,8.0,5.2827,1021.8042,1118.6252,-4.0483,4.0483,16,historical
2024|autumn||2024秋季近畿地区大会|QF|天理|4|滋賀短大付|1,2024,autumn,,2024秋季近畿地区大会,QF,regional,奈良,滋賀,4,1,1067.2146,1021.8042,0.574467,8.0,3.4043,1070.6189,1018.4,3.361,-3.361,7,historical
2024|autumn||2024秋季近畿地区大会|QF|智弁和歌山|7|滋賀学園|2,2024,autumn,,2024秋季近畿地区大会,QF,regional,和歌山,滋賀,7,2,1029.544,1018.4,0.521733,8.0,3.8261,1033.3702,1014.5738,1.9837,-1.9837,8,historical
2024|autumn||2024秋季近畿地区大会|QF|市和歌山|10|立命館宇治|0,2024,autumn,,2024秋季近畿地区大会,QF,regional,和歌山,京,10,0,1033.3702,1043.4565,0.469086,8.0,4.2473,1037.6175,1039.2092,-5.7111,5.7111,9,historical
2024|autumn||2024秋季近畿地区大会|QF|東洋大姫路|4|大阪学院大高|0,2024,autumn,,2024秋季近畿地区大会,QF,regional,兵庫,大阪,4,0,1010.3103,1118.6252,0.346989,8.0,5.2241,1015.5344,1113.4011,-0.7636,0.7636,15,historical
2024|autumn||2024秋季近畿地区大会|SF|東洋大姫路|11|天理|3,2024,autumn,,2024秋季近畿地区大会,SF,regional,兵庫,奈良,11,3,1015.5344,1070.6189,0.405464,8.0,4.7563,1020.2907,1065.8626,-5.7029,5.7029,8,historical
2024|autumn||2024秋季近畿地区大会|F|東洋大姫路|5|智弁和歌山|1,2024,autumn,,2024秋季近畿地区大会,F,regional,兵庫,和歌山,5,1,1020.2907,1037.6175,0.446123,8.0,4.431,1024.7217,1033.1865,-10.1284,10.1284,15,historical
2024|autumn||2024秋季中国地区大会|1R|開星|8|下関国際|1,2024,autumn,,2024秋季中国地区大会,1R,regional,島根,山口,8,1,926.5219,1003.1476,0.364379,8.0,5.085,931.6068,998.0626,-10.016,10.016,15,historical
2024|autumn||2024秋季中国地区大会|1R|米子松蔭|8|創志学園|0,2024,autumn,,2024秋季中国地区大会,1R,regional,鳥取,岡山,8,0,931.4463,1019.2099,0.371224,8.0,5.0302,936.4765,1014.1797,-1.8902,1.8902,10,historical
2024|autumn||2024秋季中国地区大会|1R|広島商|7|米子東|2,2024,autumn,,2024秋季中国地区大会,1R,regional,広島,鳥取,7,2,1059.2768,936.4765,0.711648,8.0,2.3068,1061.5836,934.1697,17.0685,-17.0685,19,historical
2024|autumn||2024秋季中国地区大会|1R|盈進|3|出雲商|1,2024,autumn,,2024秋季中国地区大会,1R,regional,広島,島根,3,1,1061.5836,931.6068,0.700481,8.0,2.3962,1063.9798,929.2107,8.8058,-8.8058,12,historical
2024|autumn||2024秋季中国地区大会|1R|矢上|6|高川学園|5,2024,autumn,,2024秋季中国地区大会,1R,regional,島根,山口,6,5,929.2107,998.0626,0.381084,8.0,4.9513,934.162,993.1113,-7.6961,7.6961,16,historical
2024|autumn||2024秋季中国地区大会|1R|大田|8|境|1,2024,autumn,,2024秋季中国地区大会,1R,regional,島根,茨城,8,1,934.162,994.0963,0.414593,8.0,4.6833,938.8453,989.413,0.0,-0.0,0,historical
2024|autumn||2024秋季中国地区大会|1R|倉敷商|6|如水館|1,2024,autumn,,2024秋季中国地区大会,1R,regional,岡山,広島,6,1,1014.1797,1063.9798,0.456517,8.0,4.3479,1018.5276,1059.6319,9.7543,-9.7543,26,historical
2024|autumn||2024秋季中国地区大会|1R|岡山学芸館|9|西京|0,2024,autumn,,2024秋季中国地区大会,1R,regional,岡山,京,9,0,1018.5276,1039.2092,0.469161,8.0,4.2467,1022.7743,1034.9625,-0.3873,0.3873,1,historical
2024|autumn||2024秋季中国地区大会|QF|矢上|6|倉敷商|5,2024,autumn,,2024秋季中国地区大会,QF,regional,島根,岡山,6,5,938.8453,1022.7743,0.349795,8.0,5.2016,944.0469,1017.5727,-11.8828,11.8828,9,historical
2024|autumn||2024秋季中国地区大会|QF|岡山学芸館|9|大田|2,2024,autumn,,2024秋季中国地区大会,QF,regional,岡山,島根,9,2,1017.5727,944.0469,0.632244,8.0,2.942,1020.5147,941.1049,10.3022,-10.3022,10,historical
2024|autumn||2024秋季中国地区大会|QF|米子松蔭|4|盈進|3,2024,autumn,,2024秋季中国地区大会,QF,regional,鳥取,広島,4,3,934.1697,1059.6319,0.281727,8.0,5.7462,939.9159,1053.8857,-18.5609,18.5609,20,historical
2024|autumn||2024秋季中国地区大会|QF|広島商|2|開星|1,2024,autumn,,2024秋季中国地区大会,QF,regional,広島,島根,2,1,1053.8857,941.1049,0.682791,8.0,2.5377,1056.4234,938.5672,10.1979,-10.1979,13,historical
2024|autumn||2024秋季中国地区大会|SF|米子松蔭|2|矢上|0,2024,autumn,,2024秋季中国地区大会,SF,regional,鳥取,島根,2,0,939.9159,938.5672,0.521277,8.0,3.8298,943.7457,934.7374,6.7224,-6.7224,9,historical
2024|autumn||2024秋季中国地区大会|SF|広島商|6|岡山学芸館|3,2024,autumn,,2024秋季中国地区大会,SF,regional,広島,岡山,6,3,1056.4234,1020.5147,0.516109,8.0,3.8711,1060.2945,1016.6436,-12.3556,12.3556,27,historical
2024|autumn||2024秋季中国地区大会|F|広島商|6|米子松蔭|3,2024,autumn,,2024秋季中国地区大会,F,regional,広島,鳥取,6,3,1060.2945,943.7457,0.700906,8.0,2.3927,1062.6873,941.3529,15.6962,-15.6962,21,historical
2024|autumn||2024秋季四国地区大会|1R|高知中央|5|今治西|2,2024,autumn,,2024秋季四国地区大会,1R,regional,高知,愛媛,5,2,1053.206,943.9667,0.71816,8.0,2.2547,1055.4607,941.712,26.6243,-26.6243,21,historical
2024|autumn||2024秋季四国地区大会|1R|尽誠学園|2|高知|0,2024,autumn,,2024秋季四国地区大会,1R,regional,香川,高知,2,0,992.5942,1055.4607,0.445764,8.0,4.4339,997.028,1051.0268,12.5152,-12.5152,24,historical
2024|autumn||2024秋季四国地区大会|1R|英明|4|小松島|2,2024,autumn,,2024秋季四国地区大会,1R,regional,香川,徳島,4,2,997.028,970.8635,0.541844,8.0,3.6653,1000.6933,967.1982,1.4898,-1.4898,14,historical
2024|autumn||2024秋季四国地区大会|1R|鳴門|4|松山商|2,2024,autumn,,2024秋季四国地区大会,1R,regional,徳島,愛媛,4,2,967.1982,941.712,0.538347,8.0,3.6932,970.8915,938.0188,0.6063,-0.6063,15,historical
2024|autumn||2024秋季四国地区大会|QF|高松商|8|高知中央|0,2024,autumn,,2024秋季四国地区大会,QF,regional,香川,高知,8,0,1000.6933,1051.0268,0.471233,8.0,4.2301,1004.9234,1046.7966,15.1609,-15.1609,25,historical
2024|autumn||2024秋季四国地区大会|QF|鳴門渦潮|3|尽誠学園|2,2024,autumn,,2024秋季四国地区大会,QF,regional,徳島,香川,3,2,970.8915,1004.9234,0.441735,8.0,4.4661,975.3576,1000.4573,-3.3196,3.3196,15,historical
2024|autumn||2024秋季四国地区大会|QF|新田|4|英明|3,2024,autumn,,2024秋季四国地区大会,QF,regional,愛媛,香川,4,3,938.0188,1000.4573,0.416976,8.0,4.6642,942.683,995.7931,2.1042,-2.1042,15,historical
2024|autumn||2024秋季四国地区大会|QF|明徳義塾|6|鳴門|0,2024,autumn,,2024秋季四国地区大会,QF,regional,高知,徳島,6,0,1046.7966,975.3576,0.615345,8.0,3.0772,1049.8739,972.2803,5.0899,-5.0899,21,historical
2024|autumn||2024秋季四国地区大会|SF|高松商|5|新田|3,2024,autumn,,2024秋季四国地区大会,SF,regional,香川,愛媛,5,3,995.7931,942.683,0.563189,8.0,3.4945,999.2876,939.1885,-4.4831,4.4831,16,historical
2024|autumn||2024秋季四国地区大会|SF|明徳義塾|6|鳴門渦潮|3,2024,autumn,,2024秋季四国地区大会,SF,regional,高知,徳島,6,3,1049.8739,972.2803,0.628431,8.0,2.9725,1052.8464,969.3078,6.847,-6.847,22,historical
2024|autumn||2024秋季四国地区大会|F|明徳義塾|5|高松商|3,2024,autumn,,2024秋季四国地区大会,F,regional,高知,香川,5,3,1052.8464,999.2876,0.526024,8.0,3.7918,1056.6382,995.4958,-17.7297,17.7297,26,historical
2024|autumn||2024秋季九州地区大会|1R|壱岐|6|専大熊本|3,2024,autumn,,2024秋季九州地区大会,1R,regional,長崎,熊本,6,3,989.5943,965.9335,0.547709,8.0,3.6183,993.2126,962.3151,4.7959,-4.7959,6,historical
2024|autumn||2024秋季九州地区大会|1R|柳ヶ浦|5|龍谷|3,2024,autumn,,2024秋季九州地区大会,1R,regional,大分,佐賀,5,3,1035.6781,924.698,0.665692,8.0,2.6745,1038.3526,922.0236,4.3353,-4.3353,5,historical
2024|autumn||2024秋季九州地区大会|1R|エナジックスポーツ|2|神村学園|1,2024,autumn,,2024秋季九州地区大会,1R,regional,沖縄,鹿児島,2,1,999.2425,1025.6524,0.458183,8.0,4.3345,1003.577,1021.3178,-1.3579,1.3579,7,historical
2024|autumn||2024秋季九州地区大会|1R|育徳館|2|日南学園|1,2024,autumn,,2024秋季九州地区大会,1R,regional,福岡,宮崎,2,1,1021.4485,935.7386,0.627848,8.0,2.9772,1024.4257,932.7614,2.572,-2.572,11,historical
2024|autumn||2024秋季九州地区大会|1R|鹿児島実|2|明豊|1,2024,autumn,,2024秋季九州地区大会,1R,regional,鹿児島,大分,2,1,1021.3178,1038.3526,0.436458,8.0,4.5083,1025.8262,1033.8442,-13.6796,13.6796,16,historical
2024|autumn||2024秋季九州地区大会|1R|西日本短大付|14|聖心ウルスラ|2,2024,autumn,,2024秋季九州地区大会,1R,regional,福岡,宮崎,14,2,1024.4257,932.7614,0.639634,8.0,2.8829,1027.3086,929.8784,4.0052,-4.0052,12,historical
2024|autumn||2024秋季九州地区大会|1R|有明|7|海星|6,2024,autumn,,2024秋季九州地区大会,1R,regional,熊本,長崎,7,6,962.3151,993.2126,0.437193,8.0,4.5025,966.8176,988.7102,-6.4886,6.4886,7,historical
2024|autumn||2024秋季九州地区大会|1R|沖縄尚学|3|佐賀北|2,2024,autumn,,2024秋季九州地区大会,1R,regional,沖縄,佐賀,3,2,1003.577,922.0236,0.621833,8.0,3.0253,1006.6024,918.9982,2.4214,-2.4214,5,historical
2024|autumn||2024秋季九州地区大会|QF|西日本短大付|4|有明|0,2024,autumn,,2024秋季九州地区大会,QF,regional,福岡,熊本,4,0,1027.3086,966.8176,0.578781,8.0,3.3698,1030.6784,963.4478,-2.6443,2.6443,7,historical
2024|autumn||2024秋季九州地区大会|QF|エナジックスポーツ|9|壱岐|2,2024,autumn,,2024秋季九州地区大会,QF,regional,沖縄,長崎,9,2,1006.6024,988.7102,0.533377,8.0,3.733,1010.3353,984.9772,2.6674,-2.6674,9,historical
2024|autumn||2024秋季九州地区大会|QF|柳ヶ浦|3|育徳館|0,2024,autumn,,2024秋季九州地区大会,QF,regional,大分,福岡,3,0,1033.8442,1030.6784,0.504578,8.0,3.9634,1037.8076,1026.715,0.0076,-0.0076,20,historical
2024|autumn||2024秋季九州地区大会|QF|沖縄尚学|5|鹿児島実|0,2024,autumn,,2024秋季九州地区大会,QF,regional,沖縄,鹿児島,5,0,1010.3353,1025.8262,0.478211,8.0,4.1743,1014.5096,1021.6519,0.1705,-0.1705,8,historical
2024|autumn||2024秋季九州地区大会|SF|エナジックスポーツ|4|柳ヶ浦|2,2024,autumn,,2024秋季九州地区大会,SF,regional,沖縄,大分,4,2,1014.5096,1037.8076,0.46435,8.0,4.2852,1018.7948,1033.5224,-0.7582,0.7582,5,historical
2024|autumn||2024秋季九州地区大会|SF|沖縄尚学|11|西日本短大付|1,2024,autumn,,2024秋季九州地区大会,SF,regional,沖縄,福岡,11,1,1018.7948,1026.715,0.474354,8.0,4.2052,1023.0,1022.5099,-4.9581,4.9581,15,historical
2024|jingu||2024明治神宮大会|1R|東洋大姫路|10|聖光学院|0,2024,jingu,,2024明治神宮大会,1R,national,兵庫,福島,10,0,1024.7217,990.7106,0.553355,9.2,4.1091,1028.8308,986.6015,1.6028,-1.6028,2,historical
2024|jingu||2024明治神宮大会|1R|東海大札幌|3|大垣日大|0,2024,jingu,,2024明治神宮大会,1R,national,南北海道,岐阜,3,0,1012.2977,974.1544,0.553917,9.2,4.104,1016.4016,970.0504,-0.266,0.266,1,historical
2024|jingu||2024明治神宮大会|QF|横浜|2|明徳義塾|0,2024,jingu,,2024明治神宮大会,QF,national,神奈川,高知,2,0,1040.7733,1056.6382,0.475794,9.2,4.8227,1045.596,1051.8156,-0.4841,0.4841,1,historical
2024|jingu||2024明治神宮大会|QF|敦賀気比|11|沖縄尚学|5,2024,jingu,,2024明治神宮大会,QF,national,福井,沖縄,11,5,1022.5595,1023.0,0.499366,9.2,4.6058,1027.1653,1018.3942,-0.0,0.0,0,historical
2024|jingu||2024明治神宮大会|QF|東洋大姫路|6|二松学舎大付|0,2024,jingu,,2024明治神宮大会,QF,regional,兵庫,東東京,6,0,1028.8308,1048.6276,0.470941,8.0,4.2325,1033.0633,1044.3951,-0.2093,0.2093,1,historical
2024|jingu||2024明治神宮大会|QF|広島商|3|東海大札幌|0,2024,jingu,,2024明治神宮大会,QF,national,広島,南北海道,3,0,1062.6873,1016.4016,0.566219,9.2,3.9908,1066.6781,1012.4108,-0.0,0.0,0,historical
2024|jingu||2024明治神宮大会|SF|横浜|3|東洋大姫路|1,2024,jingu,,2024明治神宮大会,SF,national,神奈川,兵庫,3,1,1045.596,1033.0633,0.518028,9.2,4.4341,1050.0302,1028.6292,-0.0,0.0,0,historical
2024|jingu||2024明治神宮大会|SF|広島商|11|敦賀気比|9,2024,jingu,,2024明治神宮大会,SF,national,広島,福井,11,9,1066.6781,1027.1653,0.563926,9.2,4.0119,1070.6899,1023.1534,2.576,-2.576,3,historical
2024|jingu||2024明治神宮大会|F|横浜|4|広島商|3,2024,jingu,,2024明治神宮大会,F,national,神奈川,広島,4,3,1050.0302,1070.6899,0.481181,9.2,4.7731,1054.8033,1065.9168,3.7885,-3.7885,3,historical
2025|spring|2025-03-22|春季香川大会 2025 日程・結果|2R|観音寺総合|7|多度津|0,2025,spring,2025-03-22,春季香川大会 2025 日程・結果,2R,prefecture,香川,徳島,7,0,995.4958,969.3078,0.540935,4.56,2.0933,997.5891,967.2145,1.1603,-1.1603,16,current
2025|spring|2025-03-23|春季香川大会 2025 日程・結果|2R|高松第一|2|志度|12,2025,spring,2025-03-23,春季香川大会 2025 日程・結果,2R,prefecture,香川,徳島,2,12,997.5891,967.2145,0.550024,4.56,-2.5081,995.081,969.7226,2.2511,-2.2511,17,current
2025|spring|2025-03-26|春季香川大会 2025 日程・結果|3R|高松東|10|志度|6,2025,spring,2025-03-26,春季香川大会 2025 日程・結果,3R,prefecture,香川,徳島,10,6,995.081,969.7226,0.539261,4.56,2.101,997.182,967.6216,0.9896,-0.9896,18,current
2025|spring|2025-04-04|春季東京大会 2025 日程・結果|1R|日大一|1|東海大菅生|9,2025,spring,2025-04-04,春季東京大会 2025 日程・結果,1R,prefecture,東東京,西東京,1,9,1044.3951,1007.1294,0.536384,4.56,-2.4459,1041.9492,1009.5753,-5.9692,5.9692,243,current
2025|spring|2025-04-04|春季東京大会 2025 日程・結果|1R|狛江|7|足立学園|6,2025,spring,2025-04-04,春季東京大会 2025 日程・結果,1R,prefecture,西東京,東東京,7,6,1009.5753,1041.9492,0.475725,4.56,2.3907,1011.966,1039.5585,7.7462,-7.7462,244,current
2025|spring|2025-04-04|春季東京大会 2025 日程・結果|1R|足立西|8|桐朋|7,2025,spring,2025-04-04,春季東京大会 2025 日程・結果,1R,prefecture,東京,西東京,8,7,952.2732,1011.966,0.422089,4.56,2.6353,954.9084,1009.3307,2.555,-2.555,9,current
2025|spring|2025-04-04|春季東京大会 2025 日程・結果|1R|板橋|8|東大和|12,2025,spring,2025-04-04,春季東京大会 2025 日程・結果,1R,prefecture,東東京,西東京,8,12,1039.5585,1009.3307,0.5162,4.56,-2.3539,1037.2047,1011.6846,-9.4835,9.4835,245,current
2025|spring|2025-04-04|春季東京大会 2025 日程・結果|1R|東京|2|工学院大附|9,2025,spring,2025-04-04,春季東京大会 2025 日程・結果,1R,prefecture,東東京,西東京,2,9,1037.2047,1011.6846,0.504506,4.56,-2.3005,1034.9041,1013.9851,-11.1946,11.1946,246,current
2025|spring|2025-04-04|春季東京大会 2025 日程・結果|1R|玉川学園|0|立正大立正|2,2025,spring,2025-04-04,春季東京大会 2025 日程・結果,1R,prefecture,西東京,東東京,0,2,1013.9851,1034.9041,0.50693,4.56,-2.3116,1011.6735,1037.2157,12.8673,-12.8673,247,current
2025|spring|2025-04-04|春季東京大会 2025 日程・結果|1R|学習院|7|明星|8,2025,spring,2025-04-04,春季東京大会 2025 日程・結果,1R,prefecture,東東京,西東京,7,8,1037.2157,1011.6735,0.504552,4.56,-2.3008,1034.915,1013.9743,-11.1894,11.1894,248,current
2025|spring|2025-04-04|春季東京大会 2025 日程・結果|1R|国士舘|12|大山|2,2025,spring,2025-04-04,春季東京大会 2025 日程・結果,1R,prefecture,西東京,東東京,12,2,1013.9743,1034.915,0.506885,4.56,2.2486,1016.2229,1032.6664,12.8626,-12.8626,249,current
2025|spring|2025-04-04|春季東京大会 2025 日程・結果|1R|立志舎|22|帝京八王子|2,2025,spring,2025-04-04,春季東京大会 2025 日程・結果,1R,prefecture,東東京,西東京,22,2,1032.6664,1016.2229,0.481942,4.56,2.3623,1035.0287,1013.8606,-14.4984,14.4984,250,current
2025|spring|2025-04-04|春季東京大会 2025 日程・結果|1R|産業技術高専|0|明大中野|31,2025,spring,2025-04-04,春季東京大会 2025 日程・結果,1R,prefecture,東京,東東京,0,31,954.9084,1035.0287,0.303022,4.56,-1.3818,953.5266,1036.4105,-32.2887,32.2887,31,current
2025|spring|2025-04-04|春季東京大会 2025 日程・結果|1R|啓明学園・農業・八王子桑志|5|玉川学園|12,2025,spring,2025-04-04,春季東京大会 2025 日程・結果,1R,prefecture,東京,西東京,5,12,953.5266,1013.8606,0.424629,4.56,-1.9363,951.5903,1015.7969,3.7792,-3.7792,10,current
2025|spring|2025-04-04|春季東京大会 2025 日程・結果|1R|開成|8|調布南|7,2025,spring,2025-04-04,春季東京大会 2025 日程・結果,1R,prefecture,東東京,西東京,8,7,1036.4105,1015.7969,0.492873,4.56,2.3125,1038.723,1013.4844,-12.7832,12.7832,251,current
2025|spring|2025-04-04|春季東京大会 2025 日程・結果|1R|日大豊山|12|駒場学園|5,2025,spring,2025-04-04,春季東京大会 2025 日程・結果,1R,prefecture,東東京,西東京,12,5,1038.723,1013.4844,0.504362,4.56,2.2601,1040.9831,1011.2243,-11.1037,11.1037,252,current
2025|spring|2025-04-04|春季東京大会 2025 日程・結果|1R|三鷹中等|6|正則学園|7,2025,spring,2025-04-04,春季東京大会 2025 日程・結果,1R,prefecture,西東京,東東京,6,7,1011.2243,1040.9831,0.484412,4.56,-2.2089,1009.0153,1043.192,9.4619,-9.4619,253,current
2025|spring|2025-04-04|春季東京大会 2025 日程・結果|1R|国際・竹台・戸山|9|成瀬|19,2025,spring,2025-04-04,春季東京大会 2025 日程・結果,1R,prefecture,東京,西東京,9,19,951.5903,1009.0153,0.426804,4.56,-1.9462,949.6441,1010.9616,3.0976,-3.0976,11,current
2025|spring|2025-04-04|春季東京大会 2025 日程・結果|1R|田園調布|6|成蹊|17,2025,spring,2025-04-04,春季東京大会 2025 日程・結果,1R,prefecture,東東京,西東京,6,17,1043.192,1010.9616,0.523751,4.56,-2.3883,1040.8037,1013.3499,-7.857,7.857,254,current
2025|spring|2025-04-04|春季東京大会 2025 日程・結果|1R|八丈|11|鷺宮・日本橋・松原・芦花|2,2025,spring,2025-04-04,春季東京大会 2025 日程・結果,1R,prefecture,東東京,東京,11,2,1040.8037,949.6441,0.71268,4.56,1.3102,1042.1139,948.3339,33.3261,-33.3261,32,current
2025|spring|2025-04-04|春季東京大会 2025 日程・結果|1R|神代|0|文京|7,2025,spring,2025-04-04,春季東京大会 2025 日程・結果,1R,prefecture,西東京,東東京,0,7,1013.3499,1042.1139,0.486224,4.56,-2.2172,1011.1327,1044.3311,9.5947,-9.5947,255,current
2025|spring|2025-04-04|春季東京大会 2025 日程・結果|1R|大山|9|石神井|7,2025,spring,2025-04-04,春季東京大会 2025 日程・結果,1R,prefecture,東東京,西東京,9,7,1044.3311,1011.1327,0.524778,4.56,2.167,1046.4981,1008.9657,-7.9833,7.9833,256,current
2025|spring|2025-04-04|春季東京大会 2025 日程・結果|1R|町田|3|大森|4,2025,spring,2025-04-04,春季東京大会 2025 日程・結果,1R,prefecture,西東京,東東京,3,4,1008.9657,1046.4981,0.46449,4.56,-2.1181,1006.8476,1048.6162,6.4081,-6.4081,257,current
2025|spring|2025-04-04|春季東京大会 2025 日程・結果|1R|青井・足立東・葛飾総合・蒲田・中野工科・農産・三田・南葛飾|6|帝京八王子|7,2025,spring,2025-04-04,春季東京大会 2025 日程・結果,1R,prefecture,東京,西東京,6,7,948.3339,1006.8476,0.423126,4.56,-1.9295,946.4045,1008.7771,2.3344,-2.3344,12,current
2025|spring|2025-04-04|春季東京大会 2025 日程・結果|1R|日大櫻丘|7|芝浦工大附|0,2025,spring,2025-04-04,春季東京大会 2025 日程・結果,1R,prefecture,西東京,東東京,7,0,1008.7771,1048.6162,0.456786,4.56,2.4771,1011.2541,1046.1391,4.868,-4.868,258,current
2025|spring|2025-04-04|春季東京大会 2025 日程・結果|1R|大成|7|武蔵丘|2,2025,spring,2025-04-04,春季東京大会 2025 日程・結果,1R,prefecture,西東京,東東京,7,2,1011.2541,1046.1391,0.469036,4.56,2.4212,1013.6753,1043.7179,6.6707,-6.6707,259,current
2025|spring|2025-04-04|春季東京大会 2025 日程・結果|1R|高輪|8|穎明館|1,2025,spring,2025-04-04,春季東京大会 2025 日程・結果,1R,prefecture,東東京,西東京,8,1,1043.7179,1013.6753,0.518953,4.56,2.1936,1045.9115,1011.4817,-8.4332,8.4332,260,current
2025|spring|2025-04-04|春季東京大会 2025 日程・結果|1R|順天|10|田無|3,2025,spring,2025-04-04,春季東京大会 2025 日程・結果,1R,prefecture,東東京,西東京,10,3,1045.9115,1011.4817,0.529832,4.56,2.144,1048.0554,1009.3378,-6.8379,6.8379,261,current
2025|spring|2025-04-04|春季東京大会 2025 日程・結果|1R|多摩大目黒|8|多摩工科|7,2025,spring,2025-04-04,春季東京大会 2025 日程・結果,1R,prefecture,東東京,西東京,8,7,1048.0554,1009.3378,0.540438,4.56,2.0956,1050.151,1007.2422,-5.2783,5.2783,262,current
2025|spring|2025-04-04|春季東京大会 2025 日程・結果|1R|九段中等|28|瑞穂農芸|3,2025,spring,2025-04-04,春季東京大会 2025 日程・結果,1R,prefecture,東東京,西東京,28,3,1050.151,1007.2422,0.550771,4.56,2.0485,1052.1995,1005.1937,-3.7536,3.7536,263,current
2025|spring|2025-04-04|春季東京大会 2025 日程・結果|1R|聖徳学園|1|目黒日大|5,2025,spring,2025-04-04,春季東京大会 2025 日程・結果,1R,prefecture,西東京,東東京,1,5,1005.1937,1052.1995,0.439169,4.56,-2.0026,1003.1911,1054.2021,2.2629,-2.2629,264,current
2025|spring|2025-04-04|春季東京大会 2025 日程・結果|1R|桜丘|0|神代|2,2025,spring,2025-04-04,春季東京大会 2025 日程・結果,1R,prefecture,東東京,西東京,0,2,1054.2021,1003.1911,0.570618,4.56,-2.602,1051.6001,1005.7931,-0.8052,0.8052,265,current
2025|spring|2025-04-04|春季東京大会 2025 日程・結果|1R|小岩|11|南多摩中等|0,2025,spring,2025-04-04,春季東京大会 2025 日程・結果,1R,prefecture,東東京,西東京,11,0,1051.6001,1005.7931,0.55789,4.56,2.016,1053.6161,1003.7771,-2.6998,2.6998,266,current
2025|spring|2025-04-04|春季東京大会 2025 日程・結果|1R|南平|21|大島海洋国際・北豊島工科|0,2025,spring,2025-04-04,春季東京大会 2025 日程・結果,1R,prefecture,西東京,東京,21,0,1003.7771,946.4045,0.57758,4.56,1.9262,1005.7033,944.4783,-1.5127,1.5127,13,current
2025|spring|2025-04-04|春季東京大会 2025 日程・結果|1R|千歳丘|2|足立学園|3,2025,spring,2025-04-04,春季東京大会 2025 日程・結果,1R,prefecture,西東京,東東京,2,3,1005.7033,1053.6161,0.434965,4.56,-1.9834,1003.7199,1055.5996,1.2321,-1.2321,267,current
2025|spring|2025-04-04|春季東京大会 2025 日程・結果|1R|小川|7|高輪|9,2025,spring,2025-04-04,春季東京大会 2025 日程・結果,1R,prefecture,西東京,東東京,7,9,1003.7199,1055.5996,0.425292,4.56,-1.9393,1001.7805,1057.5389,-0.2123,0.2123,268,current
2025|spring|2025-04-04|春季東京大会 2025 日程・結果|1R|立川|3|日本ウェルネス|4,2025,spring,2025-04-04,春季東京大会 2025 日程・結果,1R,prefecture,西東京,東東京,3,4,1001.7805,1057.5389,0.415888,4.56,-1.8964,999.8841,1059.4354,-1.6248,1.6248,269,current
2025|spring|2025-04-04|春季東京大会 2025 日程・結果|1R|国際・竹台・戸山|6|葛飾商|1,2025,spring,2025-04-04,春季東京大会 2025 日程・結果,1R,prefecture,東京,東東京,6,1,944.4783,1059.4354,0.257908,4.56,3.3839,947.8622,1056.0514,-34.3202,34.3202,33,current
2025|spring|2025-04-04|春季東京大会 2025 日程・結果|1R|小平西|9|品川翔英|0,2025,spring,2025-04-04,春季東京大会 2025 日程・結果,1R,prefecture,西東京,東東京,9,0,999.8841,1056.0514,0.411459,4.56,2.6837,1002.5678,1053.3677,-3.0064,3.0064,270,current
2025|spring|2025-04-04|春季東京大会 2025 日程・結果|1R|拝島|0|目黒|9,2025,spring,2025-04-04,春季東京大会 2025 日程・結果,1R,prefecture,西東京,東東京,0,9,1002.5678,1053.3677,0.424449,4.56,-1.9355,1000.6323,1055.3032,-1.0516,1.0516,271,current
2025|spring|2025-04-04|春季東京大会 2025 日程・結果|1R|科学技術・葛西南・深川・富士|7|町田|8,2025,spring,2025-04-04,春季東京大会 2025 日程・結果,1R,prefecture,東京,西東京,7,8,947.8622,1000.6323,0.426425,4.56,-1.9445,945.9177,1002.5768,0.6357,-0.6357,14,current
2025|spring|2025-04-04|春季東京大会 2025 日程・結果|1R|駒込|0|工学院大附|10,2025,spring,2025-04-04,春季東京大会 2025 日程・結果,1R,prefecture,東東京,西東京,0,10,1055.3032,1002.5768,0.582212,4.56,-2.6549,1052.6483,1005.2317,2.4618,-2.4618,272,current
2025|spring|2025-04-04|春季東京大会 2025 日程・結果|1R|東洋|2|中大附|1,2025,spring,2025-04-04,春季東京大会 2025 日程・結果,1R,prefecture,東東京,西東京,2,1,1052.6483,1005.2317,0.569307,4.56,1.964,1054.6122,1003.2678,0.5276,-0.5276,273,current
2025|spring|2025-04-04|春季東京大会 2025 日程・結果|1R|足立新田|2|専大附|3,2025,spring,2025-04-04,春季東京大会 2025 日程・結果,1R,prefecture,東東京,西東京,2,3,1054.6122,1003.2678,0.578865,4.56,-2.6396,1051.9726,1005.9074,1.9589,-1.9589,274,current
2025|spring|2025-04-04|春季東京大会 2025 日程・結果|1R|都市大等々力|9|聖学院|4,2025,spring,2025-04-04,春季東京大会 2025 日程・結果,1R,prefecture,西東京,東東京,9,4,1005.9074,1051.9726,0.433993,4.56,2.581,1008.4884,1049.3916,-0.0353,0.0353,275,current
2025|spring|2025-04-04|春季東京大会 2025 日程・結果|1R|穎明館|8|淑徳巣鴨|1,2025,spring,2025-04-04,春季東京大会 2025 日程・結果,1R,prefecture,西東京,東東京,8,1,1008.4884,1049.3916,0.446652,4.56,2.5233,1011.0117,1046.8684,1.8459,-1.8459,276,current
2025|spring|2025-04-04|春季東京大会 2025 日程・結果|1R|立川国際・東村山・府中|1|日大一|8,2025,spring,2025-04-04,春季東京大会 2025 日程・結果,1R,prefecture,西東京,東東京,1,8,1011.0117,1046.8684,0.459097,4.56,-2.0935,1008.9182,1048.9618,3.6854,-3.6854,277,current
2025|spring|2025-04-04|春季東京大会 2025 日程・結果|1R|成瀬|9|篠崎|2,2025,spring,2025-04-04,春季東京大会 2025 日程・結果,1R,prefecture,西東京,東東京,9,2,1008.9182,1048.9618,0.448769,4.56,2.5136,1011.4318,1046.4482,2.1596,-2.1596,278,current
2025|spring|2025-04-04|春季東京大会 2025 日程・結果|1R|大森|12|帝京大高|2,2025,spring,2025-04-04,春季東京大会 2025 日程・結果,1R,prefecture,東東京,西東京,12,2,1046.4482,1011.4318,0.538823,4.56,2.103,1048.5512,1009.3288,-3.9925,3.9925,279,current
2025|spring|2025-04-04|春季東京大会 2025 日程・結果|1R|駒場学園|16|葛西工科|0,2025,spring,2025-04-04,春季東京大会 2025 日程・結果,1R,prefecture,西東京,東東京,16,0,1009.3288,1048.5512,0.450793,4.56,2.5044,1011.8332,1046.0468,2.4595,-2.4595,280,current
2025|spring|2025-04-04|春季東京大会 2025 日程・結果|1R|産業技術高専|37|青鳥特別支援|1,2025,spring,2025-04-04,春季東京大会 2025 日程・結果,1R,prefecture,東京,西東京,37,1,945.9177,1011.8332,0.40543,4.56,2.7112,948.6289,1009.122,-0.2996,0.2996,15,current
2025|spring|2025-04-04|春季東京大会 2025 日程・結果|1R|小岩|20|深沢|1,2025,spring,2025-04-04,春季東京大会 2025 日程・結果,1R,prefecture,東東京,西東京,20,1,1046.0468,1009.122,0.540713,4.56,2.0944,1048.1412,1007.0276,-4.286,4.286,281,current
2025|spring|2025-04-04|春季東京大会 2025 日程・結果|1R|板橋|11|東京高専|0,2025,spring,2025-04-04,春季東京大会 2025 日程・結果,1R,prefecture,東東京,西東京,11,0,1048.1412,1007.0276,0.551048,4.56,2.0472,1050.1884,1004.9804,-2.759,2.759,282,current
2025|spring|2025-04-04|春季東京大会 2025 日程・結果|1R|松が谷|0|錦城学園|13,2025,spring,2025-04-04,春季東京大会 2025 日程・結果,1R,prefecture,西東京,東東京,0,13,1004.9804,1050.1884,0.438891,4.56,-2.0013,1002.979,1052.1897,1.2661,-1.2661,283,current
2025|spring|2025-04-04|春季東京大会 2025 日程・結果|1R|青稜|9|筑波大駒場|2,2025,spring,2025-04-04,春季東京大会 2025 日程・結果,1R,prefecture,東東京,西東京,9,2,1052.1897,1002.979,0.570896,4.56,1.9567,1054.1464,1001.0223,0.1937,-0.1937,284,current
2025|spring|2025-04-04|春季東京大会 2025 日程・結果|1R|秋留台・五日市・多摩|1|多摩工科|17,2025,spring,2025-04-04,春季東京大会 2025 日程・結果,1R,prefecture,東京,西東京,1,17,948.6289,1001.0223,0.428121,4.56,-1.9522,946.6767,1002.9746,1.0493,-1.0493,16,current
2025|spring|2025-04-04|春季東京大会 2025 日程・結果|1R|立川|11|大崎|4,2025,spring,2025-04-04,春季東京大会 2025 日程・結果,1R,prefecture,西東京,東東京,11,4,1002.9746,1054.1464,0.422326,4.56,2.6342,1005.6088,1051.5122,-1.6212,1.6212,285,current
2025|spring|2025-04-04|春季東京大会 2025 日程・結果|1R|小平|3|開成|6,2025,spring,2025-04-04,春季東京大会 2025 日程・結果,1R,prefecture,西東京,東東京,3,6,1005.6088,1051.5122,0.435172,4.56,-1.9844,1003.6244,1053.4966,0.3005,-0.3005,286,current
2025|spring|2025-04-04|春季東京大会 2025 日程・結果|1R|東洋|10|上水|3,2025,spring,2025-04-04,春季東京大会 2025 日程・結果,1R,prefecture,東東京,西東京,10,3,1053.4966,1003.6244,0.574515,4.56,1.9402,1055.4368,1001.6842,1.1474,-1.1474,287,current
2025|spring|2025-04-04|春季東京大会 2025 日程・結果|1R|江戸川|8|八王子北|0,2025,spring,2025-04-04,春季東京大会 2025 日程・結果,1R,prefecture,東東京,西東京,8,0,1055.4368,1001.6842,0.583932,4.56,1.8973,1057.3341,999.7869,2.5633,-2.5633,288,current
2025|spring|2025-04-04|春季東京大会 2025 日程・結果|1R|高島|12|武蔵野北|5,2025,spring,2025-04-04,春季東京大会 2025 日程・結果,1R,prefecture,東東京,西東京,12,5,1057.3341,999.7869,0.593083,4.56,1.8555,1059.1896,997.9314,3.9482,-3.9482,289,current
2025|spring|2025-04-04|春季東京大会 2025 日程・結果|1R|日本ウェルネス|11|田無工科|1,2025,spring,2025-04-04,春季東京大会 2025 日程・結果,1R,prefecture,東東京,西東京,11,1,1059.1896,997.9314,0.60197,4.56,1.815,1061.0047,996.1163,5.3028,-5.3028,290,current
2025|spring|2025-04-04|春季東京大会 2025 日程・結果|1R|桐ヶ丘・三商・千早|0|城北|19,2025,spring,2025-04-04,春季東京大会 2025 日程・結果,1R,prefecture,東京,東東京,0,19,946.6767,1061.0047,0.26272,4.56,-1.198,945.4787,1062.2027,-32.4638,32.4638,34,current
2025|spring|2025-04-04|春季東京大会 2025 日程・結果|1R|農大一|12|筑波大附|16,2025,spring,2025-04-04,春季東京大会 2025 日程・結果,1R,prefecture,西東京,東東京,12,16,996.1163,1062.2027,0.387761,4.56,-1.7682,994.3481,1063.9709,-6.6281,6.6281,291,current
2025|spring|2025-04-04|春季東京大会 2025 日程・結果|1R|自由ヶ丘学園|0|総合工科|3,2025,spring,2025-04-04,春季東京大会 2025 日程・結果,1R,prefecture,東東京,西東京,0,3,1063.9709,994.3481,0.620567,4.56,-2.8298,1061.1411,997.1779,7.9195,-7.9195,292,current
2025|spring|2025-04-04|春季東京大会 2025 日程・結果|1R|麻布|4|中大附|12,2025,spring,2025-04-04,春季東京大会 2025 日程・結果,1R,prefecture,東東京,西東京,4,12,1061.1411,997.1779,0.607211,4.56,-2.7689,1058.3722,999.9468,5.8543,-5.8543,293,current
2025|spring|2025-04-04|春季東京大会 2025 日程・結果|1R|芝浦工大附|7|荒川工科・六郷工科|0,2025,spring,2025-04-04,春季東京大会 2025 日程・結果,1R,prefecture,東東京,東京,7,0,1058.3722,945.4787,0.737707,4.56,1.1961,1059.5682,944.2826,33.3728,-33.3728,35,current
2025|spring|2025-04-04|春季東京大会 2025 日程・結果|1R|工学院大附|32|文教大付|0,2025,spring,2025-04-04,春季東京大会 2025 日程・結果,1R,prefecture,西東京,東東京,32,0,999.9468,1059.5682,0.404358,4.56,2.7161,1002.6629,1056.8521,-3.8332,3.8332,294,current
2025|spring|2025-04-04|春季東京大会 2025 日程・結果|1R|専大附|11|早稲田|0,2025,spring,2025-04-04,春季東京大会 2025 日程・結果,1R,prefecture,西東京,東東京,11,0,1002.6629,1056.8521,0.417453,4.56,2.6564,1005.3194,1054.1957,-1.8502,1.8502,295,current
2025|spring|2025-04-04|春季東京大会 2025 日程・結果|1R|駒場・両国|3|海城|2,2025,spring,2025-04-04,春季東京大会 2025 日程・結果,1R,prefecture,東京,東東京,3,2,944.2826,1054.1957,0.263593,4.56,3.358,947.6407,1050.8377,-34.2801,34.2801,36,current
2025|spring|2025-04-05|春季東京大会 2025 日程・結果|1R|郁文館|11|府中西|1,2025,spring,2025-04-05,春季東京大会 2025 日程・結果,1R,prefecture,東東京,西東京,11,1,1050.8377,1005.3194,0.564881,4.56,1.9841,1052.8218,1003.3352,-0.0895,0.0895,296,current
2025|spring|2025-04-05|春季東京大会 2025 日程・結果|1R|片倉|2|成城|1,2025,spring,2025-04-05,春季東京大会 2025 日程・結果,1R,prefecture,西東京,東東京,2,1,1003.3352,1052.8218,0.42543,4.56,2.62,1005.9553,1050.2018,-1.3596,1.3596,297,current
2025|spring|2025-04-05|春季東京大会 2025 日程・結果|1R|国立|4|日大豊山|5,2025,spring,2025-04-05,春季東京大会 2025 日程・結果,1R,prefecture,西東京,東東京,4,5,1005.9553,1050.2018,0.438236,4.56,-1.9984,1003.9569,1052.2001,0.5539,-0.5539,298,current
2025|spring|2025-04-05|春季東京大会 2025 日程・結果|1R|目白研心|0|聖パウロ学園|7,2025,spring,2025-04-05,春季東京大会 2025 日程・結果,1R,prefecture,東東京,西東京,0,7,1052.2001,1003.9569,0.57154,4.56,-2.6062,1049.5939,1006.5631,0.9057,-0.9057,299,current
2025|spring|2025-04-05|春季東京大会 2025 日程・結果|1R|大森|0|拓大一|10,2025,spring,2025-04-05,春季東京大会 2025 日程・結果,1R,prefecture,東東京,西東京,0,10,1049.5939,1006.5631,0.55878,4.56,-2.548,1047.0459,1009.1112,-0.9981,0.9981,300,current
2025|spring|2025-04-05|春季東京大会 2025 日程・結果|1R|立志舎|2|府中工科|7,2025,spring,2025-04-05,春季東京大会 2025 日程・結果,1R,prefecture,東東京,西東京,2,7,1047.0459,1009.1112,0.546229,4.56,-2.4908,1044.5551,1011.602,-2.8597,2.8597,301,current
2025|spring|2025-04-05|春季東京大会 2025 日程・結果|1R|江戸川|5|小平南|0,2025,spring,2025-04-05,春季東京大会 2025 日程・結果,1R,prefecture,東東京,西東京,5,0,1044.5551,1011.602,0.533901,4.56,2.1254,1046.6805,1009.4766,-4.6799,4.6799,302,current
2025|spring|2025-04-06|春季東京大会 2025 日程・結果|2R|実践学園|7|府中工|4,2025,spring,2025-04-06,春季東京大会 2025 日程・結果,2R,prefecture,東東京,西東京,7,4,1046.6805,1009.4766,0.544422,4.56,2.0774,1048.7579,1007.3991,-3.1272,3.1272,303,current
2025|spring|2025-04-06|春季東京大会 2025 日程・結果|2R|日大三|13|正則|0,2025,spring,2025-04-06,春季東京大会 2025 日程・結果,2R,prefecture,西東京,東東京,13,0,1007.3991,1048.7579,0.445331,4.56,2.5293,1009.9284,1046.2286,1.6094,-1.6094,304,current
2025|spring|2025-04-06|春季東京大会 2025 日程・結果|2R|小山台|10|成瀬|3,2025,spring,2025-04-06,春季東京大会 2025 日程・結果,2R,prefecture,東東京,西東京,10,3,1046.2286,1009.9284,0.542187,4.56,2.0876,1048.3163,1007.8408,-3.458,3.458,305,current
2025|spring|2025-04-06|春季東京大会 2025 日程・結果|2R|明大中野|10|片倉|0,2025,spring,2025-04-06,春季東京大会 2025 日程・結果,2R,prefecture,東東京,西東京,10,0,1048.3163,1007.8408,0.552493,4.56,2.0406,1050.3569,1005.8002,-1.9324,1.9324,306,current
2025|spring|2025-04-06|春季東京大会 2025 日程・結果|2R|府中東|8|立正大立正|3,2025,spring,2025-04-06,春季東京大会 2025 日程・結果,2R,prefecture,西東京,東東京,8,3,1005.8002,1050.3569,0.437476,4.56,2.5651,1008.3653,1047.7918,0.441,-0.441,307,current
2025|spring|2025-04-06|春季東京大会 2025 日程・結果|2R|二松学舎大付|0|八王子|4,2025,spring,2025-04-06,春季東京大会 2025 日程・結果,2R,prefecture,東東京,西東京,0,4,1047.7918,1008.3653,0.549906,4.56,-2.5076,1045.2842,1010.8728,-2.3162,2.3162,308,current
2025|spring|2025-04-06|春季東京大会 2025 日程・結果|2R|狛江|6|江戸川|8,2025,spring,2025-04-06,春季東京大会 2025 日程・結果,2R,prefecture,西東京,東東京,6,8,1010.8728,1045.2842,0.462492,4.56,-2.109,1008.7639,1047.3932,4.1496,-4.1496,309,current
2025|spring|2025-04-06|春季東京大会 2025 日程・結果|1R|大森学園|6|富士森|1,2025,spring,2025-04-06,春季東京大会 2025 日程・結果,1R,prefecture,東東京,西東京,6,1,1047.3932,1008.7639,0.547938,4.56,2.0614,1049.4546,1006.7025,-2.608,2.608,310,current
2025|spring|2025-04-06|春季東京大会 2025 日程・結果|1R|法政|4|目黒日大|3,2025,spring,2025-04-06,春季東京大会 2025 日程・結果,1R,prefecture,西東京,東東京,4,3,1006.7025,1049.4546,0.441907,4.56,2.5449,1009.2474,1046.9097,1.1009,-1.1009,311,current
2025|spring|2025-04-06|春季東京大会 2025 日程・結果|1R|日大桜丘|2|城西大城西|3,2025,spring,2025-04-06,春季東京大会 2025 日程・結果,1R,prefecture,西東京,東東京,2,3,1009.2474,1046.9097,0.454451,4.56,-2.0723,1007.1751,1048.982,2.962,-2.962,312,current
2025|spring|2025-04-07|春季東京大会 2025 日程・結果|2R|昭和|0|日体大荏原|7,2025,spring,2025-04-07,春季東京大会 2025 日程・結果,2R,prefecture,西東京,東東京,0,7,1007.1751,1048.982,0.444232,4.56,-2.0257,1005.1494,1051.0077,1.4467,-1.4467,313,current
2025|spring|2025-04-07|春季東京大会 2025 日程・結果|2R|堀越|0|工学院大付|7,2025,spring,2025-04-07,春季東京大会 2025 日程・結果,2R,prefecture,東東京,西東京,0,7,1051.0077,1005.1494,0.565713,4.56,-2.5797,1048.428,1007.729,0.0347,-0.0347,314,current
2025|spring|2025-04-07|春季東京大会 2025 日程・結果|2R|東京成徳大高|10|聖パウロ学園|3,2025,spring,2025-04-07,春季東京大会 2025 日程・結果,2R,prefecture,東東京,西東京,10,3,1048.428,1007.729,0.553039,4.56,2.0381,1050.4662,1005.6909,-1.8521,1.8521,315,current
2025|spring|2025-04-07|春季東京大会 2025 日程・結果|2R|佼成学園|0|成立学園|1,2025,spring,2025-04-07,春季東京大会 2025 日程・結果,2R,prefecture,西東京,東東京,0,1,1005.6909,1050.4662,0.436941,4.56,-1.9925,1003.6984,1052.4586,0.3614,-0.3614,316,current
2025|spring|2025-04-07|春季東京大会 2025 日程・結果|2R|大成|3|立教池袋|5,2025,spring,2025-04-07,春季東京大会 2025 日程・結果,2R,prefecture,西東京,東東京,3,5,1003.6984,1052.4586,0.427195,4.56,-1.948,1001.7504,1054.4066,-1.0961,1.0961,317,current
2025|spring|2025-04-07|春季東京大会 2025 日程・結果|2R|日大鶴ヶ丘|5|足立西|1,2025,spring,2025-04-07,春季東京大会 2025 日程・結果,2R,prefecture,西東京,東京,5,1,1001.7504,947.6407,0.577037,4.56,1.9287,1003.6791,945.7119,-0.0747,0.0747,17,current
2025|spring|2025-04-08|春季東京大会 2025 日程・結果|2R|早稲田実|10|順天|0,2025,spring,2025-04-08,春季東京大会 2025 日程・結果,2R,prefecture,西東京,東東京,10,0,1003.6791,1054.4066,0.420423,4.56,2.6429,1006.322,1051.7637,-2.5214,2.5214,318,current
2025|spring|2025-04-08|春季東京大会 2025 日程・結果|2R|国学院久我山|9|明大中野|2,2025,spring,2025-04-08,春季東京大会 2025 日程・結果,2R,prefecture,西東京,東東京,9,2,1006.322,1051.7637,0.433312,4.56,2.5841,1008.9061,1049.1796,-0.5879,0.5879,319,current
2025|spring|2025-04-08|春季東京大会 2025 日程・結果|2R|淑徳|7|法政|8,2025,spring,2025-04-08,春季東京大会 2025 日程・結果,2R,prefecture,東東京,西東京,7,8,1049.1796,1008.9061,0.553997,4.56,-2.5262,1046.6534,1011.4323,-1.3029,1.3029,320,current
2025|spring|2025-04-08|春季東京大会 2025 日程・結果|2R|大森学園|1|創価|14,2025,spring,2025-04-08,春季東京大会 2025 日程・結果,2R,prefecture,東東京,西東京,1,14,1046.6534,1011.4323,0.54152,4.56,-2.4693,1044.1841,1013.9017,-3.1516,3.1516,321,current
2025|spring|2025-04-12|春季東京大会 2025 日程・結果|3R|八王子|14|実践学園|2,2025,spring,2025-04-12,春季東京大会 2025 日程・結果,3R,prefecture,西東京,東東京,14,2,1013.9017,1044.1841,0.470726,4.56,2.4135,1016.3152,1041.7706,4.9589,-4.9589,322,current
2025|spring|2025-04-12|春季東京大会 2025 日程・結果|3R|立教池袋|1|早稲田実|11,2025,spring,2025-04-12,春季東京大会 2025 日程・結果,3R,prefecture,東東京,西東京,1,11,1041.7706,1016.3152,0.517269,4.56,-2.3587,1039.4119,1018.6739,-6.7256,6.7256,323,current
2025|spring|2025-04-12|春季東京大会 2025 日程・結果|3R|創価|4|東亜学園|7,2025,spring,2025-04-12,春季東京大会 2025 日程・結果,3R,prefecture,西東京,東東京,4,7,1018.6739,1039.4119,0.494484,4.56,-2.2548,1016.4191,1041.6667,8.4526,-8.4526,324,current
2025|spring|2025-04-19|春季茨城大会 2025 日程・結果|1R|東風|6|麻生|0,2025,spring,2025-04-19,春季茨城大会 2025 日程・結果,1R,district_qualifier,茨城,神奈川,6,0,989.413,1054.8033,0.387195,4.18,2.5615,991.9745,1052.2418,-7.1832,7.1832,9,current
2025|spring|2025-04-19|春季東京大会 2025 日程・結果|4R|東海大菅生|5|共栄学園|4,2025,spring,2025-04-19,春季東京大会 2025 日程・結果,4R,prefecture,西東京,東東京,5,4,1016.4191,1041.6667,0.483252,4.56,2.3564,1018.7754,1039.3103,6.8027,-6.8027,325,current
2025|spring|2025-04-19|春季東京大会 2025 日程・結果|4R|明大八王子|1|東亜学園|6,2025,spring,2025-04-19,春季東京大会 2025 日程・結果,4R,prefecture,西東京,東東京,1,6,1018.7754,1039.3103,0.494994,4.56,-2.2572,1016.5183,1041.5675,8.5281,-8.5281,326,current
2025|spring|2025-04-19|春季鳥取大会 2025 日程・結果|1R|倉吉農業|1|米子西|26,2025,spring,2025-04-19,春季鳥取大会 2025 日程・結果,1R,prefecture,岡山,鳥取,1,26,1016.6436,941.3529,0.606098,4.56,-2.7638,1013.8798,944.1167,-0.2144,0.2144,11,current
2025|spring|2025-04-19|春季鳥取大会 2025 日程・結果|1R|鳥取商業|9|倉吉北|5,2025,spring,2025-04-19,春季鳥取大会 2025 日程・結果,1R,prefecture,鳥取,岡山,9,5,944.1167,1013.8798,0.404991,4.56,2.7132,946.83,1011.1665,1.4659,-1.4659,12,current
2025|spring|2025-04-19|春季鳥取大会 2025 日程・結果|1R|倉吉総合産業|5|岩美|9,2025,spring,2025-04-19,春季鳥取大会 2025 日程・結果,1R,prefecture,岡山,鳥取,5,9,1011.1665,946.83,0.58381,4.56,-2.6622,1008.5044,949.4922,-2.7722,2.7722,13,current
2025|spring|2025-04-19|春季九州大会 2025 日程・結果|1R|創成館(長崎)|1|エナジック(沖縄)|2,2025,spring,2025-04-19,春季九州大会 2025 日程・結果,1R,regional,長崎,沖縄,1,2,984.9772,1018.3942,0.439671,7.6,-3.3415,981.6357,1021.7357,-4.3546,4.3546,10,current
2025|spring|2025-04-19|春季九州大会 2025 日程・結果|1R|龍谷(佐賀)|0|海星(長崎)|7,2025,spring,2025-04-19,春季九州大会 2025 日程・結果,1R,regional,佐賀,長崎,0,7,918.9982,981.6357,0.409563,7.6,-3.1127,915.8856,984.7484,-0.452,0.452,3,current
2025|spring|2025-04-19|春季九州大会 2025 日程・結果|1R|柳ヶ浦(大分)|0|東海大熊本星翔(熊本)|2,2025,spring,2025-04-19,春季九州大会 2025 日程・結果,1R,regional,大分,熊本,0,2,1033.5224,963.4478,0.582963,7.6,-4.4305,1029.0919,967.8784,-5.9438,5.9438,7,current
2025|spring|2025-04-19|春季九州大会 2025 日程・結果|1R|西日本短大附(福岡)|3|宜野座(沖縄)|2,2025,spring,2025-04-19,春季九州大会 2025 日程・結果,1R,regional,福岡,沖縄,3,2,1022.5099,1021.7357,0.509649,7.6,3.7267,1026.2365,1018.009,2.9657,-2.9657,16,current
2025|spring|2025-04-20|春季東京大会 2025 日程・結果|4R|八王子|10|駿台学園|0,2025,spring,2025-04-20,春季東京大会 2025 日程・結果,4R,prefecture,西東京,東東京,10,0,1016.5183,1041.5675,0.483749,4.56,2.3541,1018.8724,1039.2134,6.8763,-6.8763,327,current
2025|spring|2025-04-20|春季東京大会 2025 日程・結果|4R|大東大第一|0|早稲田実|12,2025,spring,2025-04-20,春季東京大会 2025 日程・結果,4R,prefecture,東東京,西東京,0,12,1039.2134,1018.8724,0.504519,4.56,-2.3006,1036.9128,1021.173,-8.6004,8.6004,328,current
2025|spring|2025-04-20|春季東京大会 2025 日程・結果|4R|帝京|11|日大鶴ヶ丘|7,2025,spring,2025-04-20,春季東京大会 2025 日程・結果,4R,prefecture,東東京,西東京,11,7,1036.9128,1021.173,0.493048,4.56,2.3117,1039.2245,1018.8613,-10.2855,10.2855,329,current
2025|spring|2025-04-20|春季鳥取大会 2025 日程・結果|1R|倉吉西|0|米子高専|7,2025,spring,2025-04-20,春季鳥取大会 2025 日程・結果,1R,prefecture,岡山,鳥取,0,7,1008.5044,949.4922,0.572551,4.56,-2.6108,1005.8935,952.103,-4.1203,4.1203,14,current
2025|spring|2025-04-20|春季九州大会 2025 日程・結果|1R|宮崎商業(宮崎)|2|東筑(福岡)|4,2025,spring,2025-04-20,春季九州大会 2025 日程・結果,1R,regional,宮崎,福岡,2,4,929.8784,1026.2365,0.350312,7.6,-2.6624,927.2161,1028.8989,-5.4709,5.4709,13,current
2025|spring|2025-04-20|春季九州大会 2025 日程・結果|1R|沖縄尚学(沖縄)|0|長崎商(長崎)|1,2025,spring,2025-04-20,春季九州大会 2025 日程・結果,1R,regional,沖縄,長崎,0,1,1018.009,984.7484,0.564738,7.6,-4.292,1013.717,989.0404,5.9888,-5.9888,11,current
2025|spring|2025-04-20|春季九州大会 2025 日程・結果|1R|壱岐(長崎)|4|神村学園(鹿児島)|7,2025,spring,2025-04-20,春季九州大会 2025 日程・結果,1R,regional,長崎,鹿児島,4,7,989.0404,1021.6519,0.453206,7.6,-3.4444,985.596,1025.0962,0.0,-0.0,0,current
2025|spring|2025-04-20|春季九州大会 2025 日程・結果|1R|福岡大大濠(福岡)|4|明豊(大分)|6,2025,spring,2025-04-20,春季九州大会 2025 日程・結果,1R,regional,福岡,大分,4,6,1028.8989,1029.0919,0.493505,7.6,-3.7506,1025.1483,1032.8425,-2.1602,2.1602,21,current
2025|spring|2025-04-21|春季鳥取大会 2025 日程・結果|2R|鳥取中央育英|7|倉吉東|1,2025,spring,2025-04-21,春季鳥取大会 2025 日程・結果,2R,prefecture,鳥取,岡山,7,1,952.103,1005.8935,0.438728,4.56,2.5594,954.6624,1003.3341,5.4997,-5.4997,15,current
2025|spring|2025-04-21|春季九州大会 2025 日程・結果|QF|明豊(大分)|8|長崎商(長崎)|3,2025,spring,2025-04-21,春季九州大会 2025 日程・結果,QF,regional,大分,長崎,8,3,1032.8425,985.596,0.582688,7.6,3.1716,1036.0141,982.4244,5.3718,-5.3718,8,current
2025|spring|2025-04-21|春季九州大会 2025 日程・結果|QF|神村学園(鹿児島)|4|東筑(福岡)|3,2025,spring,2025-04-21,春季九州大会 2025 日程・結果,QF,regional,鹿児島,福岡,4,3,1025.0962,1025.1483,0.497913,7.6,3.8159,1028.9121,1021.3324,-0.6991,0.6991,11,current
2025|spring|2025-04-21|春季九州大会 2025 日程・結果|QF|東海大熊本星翔(熊本)|3|エナジック(沖縄)|4,2025,spring,2025-04-21,春季九州大会 2025 日程・結果,QF,regional,熊本,沖縄,3,4,967.8784,1013.717,0.428374,7.6,-3.2556,964.6227,1016.9726,-2.1385,2.1385,6,current
2025|spring|2025-04-21|春季九州大会 2025 日程・結果|QF|西日本短大附(福岡)|6|海星(長崎)|0,2025,spring,2025-04-21,春季九州大会 2025 日程・結果,QF,regional,福岡,長崎,6,0,1021.3324,982.4244,0.574748,7.6,3.2319,1024.5643,979.1925,6.7121,-6.7121,9,current
2025|spring|2025-04-23|春季九州大会 2025 日程・結果|SF|神村学園(鹿児島)|6|明豊(大分)|0,2025,spring,2025-04-23,春季九州大会 2025 日程・結果,SF,regional,鹿児島,大分,6,0,1028.9121,1036.0141,0.456348,7.6,4.1318,1033.0438,1031.8823,-11.6539,11.6539,17,current
2025|spring|2025-04-23|春季九州大会 2025 日程・結果|SF|西日本短大附(福岡)|7|エナジック(沖縄)|6,2025,spring,2025-04-23,春季九州大会 2025 日程・結果,SF,regional,福岡,沖縄,7,6,1024.5643,1016.9726,0.525081,7.6,3.6094,1028.1737,1013.3633,4.9256,-4.9256,17,current
2025|spring|2025-04-24|春季埼玉大会 2025 日程・結果|1R|川越|11|3校連合|0,2025,spring,2025-04-24,春季埼玉大会 2025 日程・結果,1R,district_qualifier,埼玉,宮城,11,0,1009.0371,1048.7039,0.443356,4.18,2.3268,1011.3639,1046.3771,0.0683,-0.0683,2,current
2025|spring|2025-04-24|春季九州大会 2025 日程・結果|F|西日本短大附(福岡)|1|神村学園(鹿児島)|5,2025,spring,2025-04-24,春季九州大会 2025 日程・結果,F,regional,福岡,鹿児島,1,5,1028.1737,1033.0438,0.490136,7.6,-3.725,1024.4487,1036.7689,-0.9926,0.9926,12,current
2025|spring|2025-04-26|春季東京大会 2025 日程・結果|QF|八王子|5|小山台|0,2025,spring,2025-04-26,春季東京大会 2025 日程・結果,QF,prefecture,西東京,東東京,5,0,1018.8613,1039.2245,0.495429,4.56,2.3008,1021.1621,1036.9236,8.5935,-8.5935,330,current
2025|spring|2025-04-26|春季岡山大会 2025 日程・結果|1R|明誠|2|西大寺|3,2025,spring,2025-04-26,春季岡山大会 2025 日程・結果,1R,district_qualifier,島根,岡山,2,3,934.7374,1003.3341,0.369774,4.18,-1.5457,933.1917,1004.8798,-12.0135,12.0135,11,current
2025|spring|2025-04-26|春季岡山大会 2025 日程・結果|1R|一宮|3|朝日|5,2025,spring,2025-04-26,春季岡山大会 2025 日程・結果,1R,district_qualifier,愛知,岡山,3,5,1021.3402,1004.8798,0.523671,4.18,-2.1889,1019.1513,1007.0687,-0.0,0.0,0,current
2025|spring|2025-04-26|春季岡山大会 2025 日程・結果|1R|津山商|8|勝山|0,2025,spring,2025-04-26,春季岡山大会 2025 日程・結果,1R,district_qualifier,岡山,鳥取,8,0,1007.0687,954.6624,0.555327,4.18,1.8587,1008.9275,952.8037,-6.9016,6.9016,16,current
2025|spring|2025-04-26|春季岡山大会 2025 日程・結果|1R|芳泉|12|白陵|0,2025,spring,2025-04-26,春季岡山大会 2025 日程・結果,1R,district_qualifier,岡山,兵庫,12,0,1008.9275,1028.6292,0.471677,4.18,2.2084,1011.1358,1026.4208,-0.0,0.0,0,current
2025|spring|2025-04-26|2025年度（第78回）春季四国地区高等学校野球大会|QF|新田|5|高知|3,2025,spring,2025-04-26,2025年度（第78回）春季四国地区高等学校野球大会,QF,regional,愛媛,高知,5,3,939.1885,1051.8156,0.274278,7.6,5.5155,944.704,1046.3001,-28.2025,28.2025,22,current
2025|spring|2025-04-26|2025年度（第78回）春季四国地区高等学校野球大会|QF|徳島商|4|今治西|0,2025,spring,2025-04-26,2025年度（第78回）春季四国地区高等学校野球大会,QF,regional,徳島,愛媛,4,0,967.6216,944.704,0.539994,7.6,3.496,971.1176,941.208,2.4664,-2.4664,16,current
2025|spring|2025-04-26|2025年度（第78回）春季四国地区高等学校野球大会|QF|英明|8|鳴門|5,2025,spring,2025-04-26,2025年度（第78回）春季四国地区高等学校野球大会,QF,regional,香川,徳島,8,5,997.182,971.1176,0.543486,7.6,3.4695,1000.6515,967.6481,2.1147,-2.1147,19,current
2025|spring|2025-04-26|2025年度（第78回）春季四国地区高等学校野球大会|QF|明徳義塾|5|高松商|2,2025,spring,2025-04-26,2025年度（第78回）春季四国地区高等学校野球大会,QF,regional,高知,香川,5,2,1046.3001,1000.6515,0.520518,7.6,3.6441,1049.9441,997.0074,-15.6917,15.6917,27,current
2025|spring|2025-04-27|春季東京大会 2025 日程・結果|QF|帝京|5|東海大菅生|7,2025,spring,2025-04-27,春季東京大会 2025 日程・結果,QF,prefecture,東東京,西東京,5,7,1036.9236,1021.1621,0.493098,4.56,-2.2485,1034.6751,1023.4106,-10.279,10.279,331,current
2025|spring|2025-04-27|春季東京大会 2025 日程・結果|QF|東亜学園|5|国学院久我山|3,2025,spring,2025-04-27,春季東京大会 2025 日程・結果,QF,prefecture,東東京,西東京,5,3,1034.6751,1023.4106,0.481892,4.56,2.3626,1037.0377,1021.0481,-11.9264,11.9264,332,current
2025|spring|2025-04-27|2025年度（第78回）春季四国地区高等学校野球大会|SF|英明|4|新田|1,2025,spring,2025-04-27,2025年度（第78回）春季四国地区高等学校野球大会,SF,regional,香川,愛媛,4,1,997.0074,941.208,0.571771,7.6,3.2545,1000.262,937.9534,-2.7905,2.7905,17,current
2025|spring|2025-04-27|2025年度（第78回）春季四国地区高等学校野球大会|SF|明徳義塾|4|徳島商|2,2025,spring,2025-04-27,2025年度（第78回）春季四国地区高等学校野球大会,SF,regional,高知,徳島,4,2,1049.9441,967.6481,0.639347,7.6,2.741,1052.6851,964.9072,8.5814,-8.5814,23,current
2025|spring|2025-05-03|春季東京大会 2025 日程・結果|SF|八王子|3|東亜学園|4,2025,spring,2025-05-03,春季東京大会 2025 日程・結果,SF,prefecture,西東京,東東京,3,4,1021.0481,1037.0377,0.506338,4.56,-2.3089,1018.7392,1039.3466,10.1969,-10.1969,333,current
2025|spring|2025-05-03|2025年度（第78回）春季四国地区高等学校野球大会|F|明徳義塾|5|英明|0,2025,spring,2025-05-03,2025年度（第78回）春季四国地区高等学校野球大会,F,regional,高知,香川,5,0,1052.6851,1000.262,0.535963,7.6,3.5267,1056.2118,996.7353,-13.6952,13.6952,28,current
2025|spring|2025-05-04|春季東京大会 2025 日程・結果|F|東亜学園|7|東海大菅生|1,2025,spring,2025-05-04,春季東京大会 2025 日程・結果,F,prefecture,東東京,西東京,7,1,1039.3466,1018.7392,0.505173,4.56,2.2564,1041.603,1016.4827,-8.5065,8.5065,334,current
2025|spring|2025-05-12|春季秋田大会 2025 日程・結果|2R|大曲農業|5|増田・羽後|3,2025,spring,2025-05-12,春季秋田大会 2025 日程・結果,2R,prefecture,秋田,岩手,5,3,945.5244,1008.1038,0.395481,4.56,2.7566,948.281,1005.3472,-5.5672,5.5672,14,current
2025|spring|2025-05-13|春季秋田大会 2025 日程・結果|2R|五城目・西目|1|男鹿工業|10,2025,spring,2025-05-13,春季秋田大会 2025 日程・結果,2R,prefecture,岩手,秋田,1,10,1005.3472,948.281,0.593551,4.56,-2.7066,1002.6406,950.9876,4.3572,-4.3572,15,current
2025|spring|2025-05-16|春季宮城大会 2025 日程・結果|1R|松島|5|日本ウェルネス|6,2025,spring,2025-05-16,春季宮城大会 2025 日程・結果,1R,district_qualifier,宮城,東東京,5,6,1046.3771,1041.603,0.50687,4.18,-2.1187,1044.2584,1043.7217,0.0,-0.0,0,current
2025|spring|2025-05-16|春季宮城大会 2025 日程・結果|1R|石巻工業|14|日本ウェルネス|4,2025,spring,2025-05-16,春季宮城大会 2025 日程・結果,1R,district_qualifier,宮城,東東京,14,4,1044.2584,1043.7217,0.500264,4.18,2.0889,1046.3473,1041.6328,-0.1766,0.1766,1,current
2025|spring|2025-05-16|春季宮城大会 2025 日程・結果|1R|登米総合産業|3|日本ウェルネス|10,2025,spring,2025-05-16,春季宮城大会 2025 日程・結果,1R,district_qualifier,宮城,東東京,3,10,1046.3473,1041.6328,0.506771,4.18,-2.1183,1044.229,1043.7511,-0.0045,0.0045,2,current
2025|spring|2025-05-18|春季関東大会 2025 日程・結果|2R|専大松戸(千葉1)|3|境(茨城2)|1,2025,spring,2025-05-18,春季関東大会 2025 日程・結果,2R,regional,千葉,茨城,3,1,1010.32,991.9745,0.504664,7.6,3.7646,1014.0846,988.21,-7.5524,7.5524,11,current
2025|spring|2025-05-18|春季関東大会 2025 日程・結果|2R|健大高崎(群馬1)|2|東海大菅生(東京2)|0,2025,spring,2025-05-18,春季関東大会 2025 日程・結果,2R,regional,群馬,西東京,2,0,1036.8204,1016.4827,0.529116,7.6,3.5787,1040.3991,1012.904,-0.0413,0.0413,2,current
2025|spring|2025-05-18|春季関東大会 2025 日程・結果|2R|東亜学園(東京1)|9|桐生第一(群馬2)|10,2025,spring,2025-05-18,春季関東大会 2025 日程・結果,2R,regional,東東京,群馬,9,10,1043.7511,1040.3991,0.504736,7.6,-3.836,1039.9151,1044.2351,-0.0305,0.0305,2,current
2025|spring|2025-05-18|春季関東大会 2025 日程・結果|2R|佐野日大(栃木1)|2|習志野(千葉2)|3,2025,spring,2025-05-18,春季関東大会 2025 日程・結果,2R,regional,栃木,千葉,2,3,979.419,1014.0846,0.438056,7.6,-3.3292,976.0897,1017.4138,-4.2998,4.2998,6,current
2025|spring|2025-05-18|春季関東大会 2025 日程・結果|1R|帝京三(山梨2)|4|藤代(茨城3)|2,2025,spring,2025-05-18,春季関東大会 2025 日程・結果,1R,regional,山梨,茨城,4,2,997.5122,988.21,0.501841,7.6,3.786,1001.2982,984.424,-4.0116,4.0116,4,current
2025|spring|2025-05-19|春季関東大会 2025 日程・結果|2R|常総学院(茨城1)|3|東海大相模(神奈川2)|10,2025,spring,2025-05-19,春季関東大会 2025 日程・結果,2R,regional,茨城,神奈川,3,10,984.424,1052.2418,0.385827,7.6,-2.9323,981.4917,1055.1741,-6.4707,6.4707,10,current
2025|spring|2025-05-19|春季関東大会 2025 日程・結果|2R|横浜(神奈川1)|8|作新学院(栃木2)|1,2025,spring,2025-05-19,春季関東大会 2025 日程・結果,2R,regional,神奈川,栃木,8,1,1055.1741,976.0897,0.62781,7.6,2.8286,1058.0027,973.2611,5.8704,-5.8704,9,current
2025|spring|2025-05-19|春季関東大会 2025 日程・結果|2R|山梨学院(山梨1)|7|叡明(埼玉2)|6,2025,spring,2025-05-19,春季関東大会 2025 日程・結果,2R,regional,山梨,埼玉,7,6,1001.2982,1011.3639,0.497028,7.6,3.8226,1005.1208,1007.5413,4.0003,-4.0003,10,current
2025|spring|2025-05-19|春季関東大会 2025 日程・結果|2R|浦和学院(埼玉1)|2|帝京三(山梨2)|0,2025,spring,2025-05-19,春季関東大会 2025 日程・結果,2R,regional,埼玉,山梨,2,0,1007.5413,1005.1208,0.48671,7.6,3.901,1011.4423,1001.2198,-5.8286,5.8286,11,current
2025|spring|2025-05-20|春季関東大会 2025 日程・結果|QF|習志野(千葉2)|1|健大高崎(群馬1)|3,2025,spring,2025-05-20,春季関東大会 2025 日程・結果,QF,regional,千葉,群馬,1,3,1017.4138,1044.2351,0.454014,7.6,-3.4505,1013.9633,1047.6856,-2.6117,2.6117,10,current
2025|spring|2025-05-20|春季関東大会 2025 日程・結果|QF|桐生第一(群馬2)|1|専大松戸(千葉1)|4,2025,spring,2025-05-20,春季関東大会 2025 日程・結果,QF,regional,群馬,千葉,1,4,1047.6856,1013.9633,0.56038,7.6,-4.2589,1043.4267,1018.2222,4.2199,-4.2199,11,current
2025|spring|2025-05-21|春季関東大会 2025 日程・結果|QF|山梨学院(山梨1)|6|東海大相模(神奈川2)|2,2025,spring,2025-05-21,春季関東大会 2025 日程・結果,QF,regional,山梨,神奈川,6,2,1001.2198,1058.0027,0.431482,7.6,4.3207,1005.5405,1053.682,4.4351,-4.4351,8,current
2025|spring|2025-05-21|春季関東大会 2025 日程・結果|QF|浦和学院(埼玉1)|2|横浜(神奈川1)|3,2025,spring,2025-05-21,春季関東大会 2025 日程・結果,QF,regional,埼玉,神奈川,2,3,1011.4423,1053.682,0.416726,7.6,-3.1671,1008.2752,1056.8491,-8.0846,8.0846,18,current
2025|spring|2025-05-24|春季関東大会 2025 日程・結果|SF|健大高崎(群馬1)|4|山梨学院(山梨1)|3,2025,spring,2025-05-24,春季関東大会 2025 日程・結果,SF,regional,群馬,山梨,4,3,1043.4267,1005.5405,0.565663,7.6,3.301,1046.7277,1002.2396,4.0031,-4.0031,15,current
2025|spring|2025-05-24|春季関東大会 2025 日程・結果|SF|横浜(神奈川1)|3|専大松戸(千葉1)|4,2025,spring,2025-05-24,春季関東大会 2025 日程・結果,SF,regional,神奈川,千葉,3,4,1056.8491,1018.2222,0.533992,7.6,-4.0583,1052.7907,1022.2805,-7.4851,7.4851,15,current
2025|spring|2025-05-24|春季近畿大会 2025 日程・結果|1R|奈良(奈良3)|2|滋賀学園(滋賀)|8,2025,spring,2025-05-24,春季近畿大会 2025 日程・結果,1R,regional,奈良,滋賀,2,8,1065.8626,1014.5738,0.586957,7.6,-4.4609,1061.4017,1019.0347,4.8777,-4.8777,8,current
2025|spring|2025-05-24|春季近畿大会 2025 日程・結果|1R|天理(奈良1)|3|智弁和歌山(和歌山)|7,2025,spring,2025-05-24,春季近畿大会 2025 日程・結果,1R,regional,奈良,和歌山,3,7,1061.4017,1033.1865,0.553947,7.6,-4.21,1057.1917,1037.3965,4.7089,-4.7089,8,current
2025|spring|2025-05-24|春季東海大会 2025 日程・結果|1R|津田学園(三重1)|7|中京(岐阜2)|4,2025,spring,2025-05-24,春季東海大会 2025 日程・結果,1R,regional,三重,岐阜,7,4,958.117,970.0504,0.5025,7.6,3.781,961.898,966.2694,6.8354,-6.8354,18,current
2025|spring|2025-05-24|春季東海大会 2025 日程・結果|1R|聖隷クリストファー(静岡1)|2|三重(三重2)|3,2025,spring,2025-05-24,春季東海大会 2025 日程・結果,1R,regional,静岡,三重,2,3,987.9649,961.898,0.561935,7.6,-4.2707,983.6942,966.1687,8.596,-8.596,19,current
2025|spring|2025-05-25|春季関東大会 2025 日程・結果|F|専大松戸(千葉1)|2|健大高崎(群馬1)|7,2025,spring,2025-05-25,春季関東大会 2025 日程・結果,F,regional,千葉,群馬,2,7,1022.2805,1046.7277,0.457847,7.6,-3.4796,1018.8009,1050.2073,-2.4569,2.4569,12,current
2025|spring|2025-05-25|春季近畿大会 2025 日程・結果|1R|東洋大姫路(兵庫)|9|大阪桐蔭(大阪)|2,2025,spring,2025-05-25,春季近畿大会 2025 日程・結果,1R,regional,兵庫,大阪,9,2,1026.4208,1113.4011,0.382343,7.6,4.6942,1031.115,1108.7069,1.8314,-1.8314,16,current
2025|spring|2025-05-25|春季近畿大会 2025 日程・結果|1R|奈良大付(奈良2)|8|京都共栄(京都)|1,2025,spring,2025-05-25,春季近畿大会 2025 日程・結果,1R,regional,奈良,京,8,1,1057.1917,1034.9625,0.521479,7.6,3.6368,1060.8285,1031.3257,-3.6475,3.6475,11,current
2025|spring|2025-05-25|春季東海大会 2025 日程・結果|1R|岐阜城北(岐阜1)|5|東邦(愛知2)|4,2025,spring,2025-05-25,春季東海大会 2025 日程・結果,1R,regional,岐阜,愛知,5,4,966.2694,1019.1513,0.4311,7.6,4.3236,970.593,1014.8276,2.3495,-2.3495,24,current
2025|spring|2025-05-25|春季東海大会 2025 日程・結果|1R|豊川(愛知1)|17|桐陽(静岡2)|7,2025,spring,2025-05-25,春季東海大会 2025 日程・結果,1R,regional,愛知,静岡,17,7,1014.8276,983.6942,0.54656,7.6,3.4461,1018.2738,980.2481,0.6569,-0.6569,26,current
2025|spring|2025-05-26|春季北海道大会 2025 日程・結果|1R|札幌光星|0|旭川実業|5,2025,spring,2025-05-26,春季北海道大会 2025 日程・結果,1R,regional,南北海道,北北海道,0,5,1012.4108,941.0451,0.657248,7.6,-4.9951,1007.4157,946.0401,20.867,-20.867,131,current
2025|spring|2025-05-26|春季北海道大会 2025 日程・結果|1R|札幌山の手|3|立命館|5,2025,spring,2025-05-26,春季北海道大会 2025 日程・結果,1R,regional,南北海道,京,3,5,1007.4157,1031.3257,0.466507,7.6,-3.5455,1003.8703,1034.8711,0.301,-0.301,2,current
2025|spring|2025-05-26|春季北海道大会 2025 日程・結果|1R|開成中等|1|札幌大谷|12,2025,spring,2025-05-26,春季北海道大会 2025 日程・結果,1R,regional,北海道,南北海道,1,12,987.9661,1003.8703,0.470499,7.6,-3.5758,984.3903,1007.4461,-2.3096,2.3096,3,current
2025|spring|2025-05-26|春季北海道大会 2025 日程・結果|1R|立命館|13|札幌東|5,2025,spring,2025-05-26,春季北海道大会 2025 日程・結果,1R,regional,京,南北海道,13,5,1034.8711,1007.4461,0.540286,7.6,3.4938,1038.365,1003.9523,0.3148,-0.3148,3,current
2025|spring|2025-05-26|春季北海道大会 2025 日程・結果|1R|開成中等|13|琴似工業|10,2025,spring,2025-05-26,春季北海道大会 2025 日程・結果,1R,regional,北海道,南北海道,13,10,984.3903,1003.9523,0.461228,7.6,4.0947,988.4849,999.8576,-3.7168,3.7168,4,current
2025|spring|2025-05-26|春季北海道大会 2025 日程・結果|1R|立命館|7|札幌平岡|0,2025,spring,2025-05-26,春季北海道大会 2025 日程・結果,1R,regional,京,南北海道,7,0,1038.365,999.8576,0.558765,7.6,3.3534,1041.7184,996.5042,1.2582,-1.2582,4,current
2025|spring|2025-05-26|春季北海道大会 2025 日程・結果|1R|連合|0|琴似工業|10,2025,spring,2025-05-26,春季北海道大会 2025 日程・結果,1R,regional,北海道,南北海道,0,10,988.4849,996.5042,0.479527,7.6,-3.6444,984.8405,1000.1486,-3.1075,3.1075,5,current
2025|spring|2025-05-26|春季北海道大会 2025 日程・結果|1R|小樽双葉|10|水産・倶農・寿都・蘭越|0,2025,spring,2025-05-26,春季北海道大会 2025 日程・結果,1R,regional,南北海道,北海道,10,0,1000.1486,984.8405,0.535309,7.6,3.5317,1003.6803,981.3089,4.6341,-4.6341,6,current
2025|spring|2025-05-26|春季北海道大会 2025 日程・結果|1R|苫小牧西・えりも・富川|6|苫小牧東|7,2025,spring,2025-05-26,春季北海道大会 2025 日程・結果,1R,regional,北海道,南北海道,6,7,981.3089,1003.6803,0.449893,7.6,-3.4192,977.8897,1007.0994,-6.2821,6.2821,7,current
2025|spring|2025-05-26|春季北海道大会 2025 日程・結果|1R|室工・東翔|2|大谷室蘭|9,2025,spring,2025-05-26,春季北海道大会 2025 日程・結果,1R,regional,北海道,南北海道,2,9,977.8897,1007.0994,0.435266,7.6,-3.308,974.5817,1010.4075,-8.013,8.013,8,current
2025|spring|2025-05-26|春季北海道大会 2025 日程・結果|1R|釧路湖陵|12|高専.商・標・厚翔・霧|1,2025,spring,2025-05-26,春季北海道大会 2025 日程・結果,1R,regional,北北海道,北海道,12,1,946.0401,974.5817,0.459336,7.6,4.109,950.1492,970.4726,0.1114,-0.1114,2,current
2025|spring|2025-05-26|春季北海道大会 2025 日程・結果|1R|北広島西|0|札幌龍谷|7,2025,spring,2025-05-26,春季北海道大会 2025 日程・結果,1R,regional,北海道,南北海道,0,7,970.4726,1010.4075,0.415157,7.6,-3.1552,967.3174,1013.5627,-9.7978,9.7978,9,current
2025|spring|2025-05-26|春季北海道大会 2025 日程・結果|1R|釧路北陽|3|釧路工業|2,2025,spring,2025-05-26,春季北海道大会 2025 日程・結果,1R,regional,北北海道,北海道,3,2,950.1492,967.3174,0.478163,7.6,3.966,954.1152,963.3515,0.9923,-0.9923,3,current
2025|spring|2025-05-26|春季北海道大会 2025 日程・結果|1R|栗山|0|砂川美唄尚栄|10,2025,spring,2025-05-26,春季北海道大会 2025 日程・結果,1R,regional,北北海道,北海道,0,10,954.1152,963.3515,0.493053,7.6,-3.7472,950.368,967.0987,2.2043,-2.2043,4,current
2025|spring|2025-05-26|春季北海道大会 2025 日程・結果|1R|足寄|19|鹿追・清水・広尾・更別農業|0,2025,spring,2025-05-26,春季北海道大会 2025 日程・結果,1R,regional,北北海道,北海道,19,0,950.368,967.0987,0.480143,7.6,3.9509,954.3189,963.1478,1.4626,-1.4626,5,current
2025|spring|2025-05-26|春季北海道大会 2025 日程・結果|1R|水産・倶農・寿都・蘭越|16|小樽未来創造|6,2025,spring,2025-05-26,春季北海道大会 2025 日程・結果,1R,regional,北海道,南北海道,16,6,963.1478,1013.5627,0.395627,7.6,4.5932,967.741,1008.9694,-11.5963,11.5963,10,current
2025|spring|2025-05-26|春季北海道大会 2025 日程・結果|1R|斜里・津別|0|北見柏陽|18,2025,spring,2025-05-26,春季北海道大会 2025 日程・結果,1R,regional,北海道,北北海道,0,18,967.741,954.3189,0.510968,7.6,-3.8834,963.8576,958.2022,-2.8996,2.8996,6,current
2025|spring|2025-05-26|春季北海道大会 2025 日程・結果|1R|根室|2|釧路工業|12,2025,spring,2025-05-26,春季北海道大会 2025 日程・結果,1R,regional,北北海道,北海道,2,12,958.2022,963.8576,0.504861,7.6,-3.8369,954.3653,967.6946,4.5166,-4.5166,7,current
2025|spring|2025-05-26|春季北海道大会 2025 日程・結果|1R|函大柏稜|15|七飯・大農|1,2025,spring,2025-05-26,春季北海道大会 2025 日程・結果,1R,regional,南北海道,北海道,15,1,1008.9694,967.6946,0.58753,7.6,3.1348,1012.1042,964.5598,10.0901,-10.0901,11,current
2025|spring|2025-05-26|春季北海道大会 2025 日程・結果|1R|函館中部|19|森・八雲|0,2025,spring,2025-05-26,春季北海道大会 2025 日程・結果,1R,regional,南北海道,北海道,19,0,1012.1042,964.5598,0.601165,7.6,3.0311,1015.1353,961.5286,11.8677,-11.8677,12,current
2025|spring|2025-05-26|春季北海道大会 2025 日程・結果|1R|函商奥尻|2|檜山北|5,2025,spring,2025-05-26,春季北海道大会 2025 日程・結果,1R,regional,北海道,南北海道,2,5,961.5286,1015.1353,0.385621,7.6,-2.9307,958.5979,1018.0661,-13.6518,13.6518,13,current
2025|spring|2025-05-26|春季北海道大会 2025 日程・結果|1R|札幌光星|0|旭川実業|5,2025,spring,2025-05-26,春季北海道大会 2025 日程・結果,1R,regional,南北海道,北北海道,0,5,1018.0661,954.3653,0.637925,7.6,-4.8482,1013.2178,959.2135,17.3439,-17.3439,132,current
2025|spring|2025-05-26|春季北海道大会 2025 日程・結果|1R|札幌山の手|3|立命館|5,2025,spring,2025-05-26,春季北海道大会 2025 日程・結果,1R,regional,南北海道,京,3,5,1013.2178,1041.7184,0.452169,7.6,-3.4365,1009.7814,1045.1548,-2.419,2.419,5,current
2025|spring|2025-05-26|春季北海道大会 2025 日程・結果|1R|開成中等|1|札幌大谷|12,2025,spring,2025-05-26,春季北海道大会 2025 日程・結果,1R,regional,北海道,南北海道,1,12,958.5979,1009.7814,0.38407,7.6,-2.9189,955.679,1012.7003,-15.4324,15.4324,14,current
2025|spring|2025-05-26|春季北海道大会 2025 日程・結果|1R|立命館|13|札幌東|5,2025,spring,2025-05-26,春季北海道大会 2025 日程・結果,1R,regional,京,南北海道,13,5,1045.1548,1012.7003,0.557389,7.6,3.3638,1048.5187,1009.3364,3.8001,-3.8001,6,current
2025|spring|2025-05-26|春季北海道大会 2025 日程・結果|1R|開成中等|13|琴似工業|10,2025,spring,2025-05-26,春季北海道大会 2025 日程・結果,1R,regional,北海道,南北海道,13,10,955.679,1009.3364,0.375803,7.6,4.7439,960.4229,1004.5925,-17.2436,17.2436,15,current
2025|spring|2025-05-26|春季北海道大会 2025 日程・結果|1R|立命館|7|札幌平岡|0,2025,spring,2025-05-26,春季北海道大会 2025 日程・結果,1R,regional,京,南北海道,7,0,1048.5187,1004.5925,0.577874,7.6,3.2082,1051.7268,1001.3844,5.3152,-5.3152,7,current
2025|spring|2025-05-26|春季北海道大会 2025 日程・結果|1R|連合|0|琴似工業|10,2025,spring,2025-05-26,春季北海道大会 2025 日程・結果,1R,regional,北海道,南北海道,0,10,960.4229,1001.3844,0.398572,7.6,-3.0291,957.3937,1004.4135,-15.2548,15.2548,16,current
2025|spring|2025-05-26|春季北海道大会 2025 日程・結果|1R|小樽双葉|10|水産・倶農・寿都・蘭越|0,2025,spring,2025-05-26,春季北海道大会 2025 日程・結果,1R,regional,南北海道,北海道,10,0,1004.4135,957.3937,0.614814,7.6,2.9274,1007.341,954.4663,17.1048,-17.1048,17,current
2025|spring|2025-05-26|春季北海道大会 2025 日程・結果|1R|苫小牧西・えりも・富川|6|苫小牧東|7,2025,spring,2025-05-26,春季北海道大会 2025 日程・結果,1R,regional,北海道,南北海道,6,7,954.4663,1007.341,0.3723,7.6,-2.8295,951.6368,1010.1704,-18.9343,18.9343,18,current
2025|spring|2025-05-26|春季北海道大会 2025 日程・結果|1R|室工・東翔|2|大谷室蘭|9,2025,spring,2025-05-26,春季北海道大会 2025 日程・結果,1R,regional,北海道,南北海道,2,9,951.6368,1010.1704,0.359919,7.6,-2.7354,948.9015,1012.9058,-20.7394,20.7394,19,current
2025|spring|2025-05-26|春季北海道大会 2025 日程・結果|1R|釧路湖陵|12|高専.商・標・厚翔・霧|1,2025,spring,2025-05-26,春季北海道大会 2025 日程・結果,1R,regional,北北海道,北海道,12,1,959.2135,948.9015,0.524607,7.6,3.613,962.8265,945.2885,3.4003,-3.4003,8,current
2025|spring|2025-05-26|春季北海道大会 2025 日程・結果|1R|北広島西|0|札幌龍谷|7,2025,spring,2025-05-26,春季北海道大会 2025 日程・結果,1R,regional,北海道,南北海道,0,7,945.2885,1012.9058,0.343335,7.6,-2.6093,942.6791,1015.5152,-22.5166,22.5166,20,current
2025|spring|2025-05-26|春季北海道大会 2025 日程・結果|1R|釧路北陽|3|釧路工業|2,2025,spring,2025-05-26,春季北海道大会 2025 日程・結果,1R,regional,北北海道,北海道,3,2,962.8265,942.6791,0.543377,7.6,3.4703,966.2968,939.2088,5.0349,-5.0349,9,current
2025|spring|2025-05-26|春季北海道大会 2025 日程・結果|1R|栗山|0|砂川美唄尚栄|10,2025,spring,2025-05-26,春季北海道大会 2025 日程・結果,1R,regional,北北海道,北海道,0,10,966.2968,939.2088,0.558088,7.6,-4.2415,962.0554,943.4503,6.7295,-6.7295,10,current
2025|spring|2025-05-26|春季北海道大会 2025 日程・結果|1R|足寄|19|鹿追・清水・広尾・更別農業|0,2025,spring,2025-05-26,春季北海道大会 2025 日程・結果,1R,regional,北北海道,北海道,19,0,962.0554,943.4503,0.541563,7.6,3.4841,965.5395,939.9662,5.1712,-5.1712,11,current
2025|spring|2025-05-26|春季北海道大会 2025 日程・結果|1R|水産・倶農・寿都・蘭越|16|小樽未来創造|6,2025,spring,2025-05-26,春季北海道大会 2025 日程・結果,1R,regional,北海道,南北海道,16,6,939.9662,1015.5152,0.328712,7.6,5.1018,945.0679,1010.4134,-24.2443,24.2443,21,current
2025|spring|2025-05-26|春季北海道大会 2025 日程・結果|1R|斜里・津別|0|北見柏陽|18,2025,spring,2025-05-26,春季北海道大会 2025 日程・結果,1R,regional,北海道,北北海道,0,18,945.0679,965.5395,0.450761,7.6,-3.4258,941.6422,968.9653,-6.9271,6.9271,12,current
2025|spring|2025-05-26|春季北海道大会 2025 日程・結果|1R|根室|2|釧路工業|12,2025,spring,2025-05-26,春季北海道大会 2025 日程・結果,1R,regional,北北海道,北海道,2,12,968.9653,941.6422,0.564115,7.6,-4.2873,964.678,945.9294,8.7375,-8.7375,13,current
2025|spring|2025-05-26|春季北海道大会 2025 日程・結果|1R|函大柏稜|15|七飯・大農|1,2025,spring,2025-05-26,春季北海道大会 2025 日程・結果,1R,regional,南北海道,北海道,15,1,1010.4134,945.9294,0.650574,7.6,2.6556,1013.069,943.2738,21.7462,-21.7462,22,current
2025|spring|2025-05-26|春季北海道大会 2025 日程・結果|1R|函館中部|19|森・八雲|0,2025,spring,2025-05-26,春季北海道大会 2025 日程・結果,1R,regional,南北海道,北海道,19,0,1013.069,943.2738,0.66197,7.6,2.569,1015.638,940.7048,23.479,-23.479,23,current
2025|spring|2025-05-26|春季北海道大会 2025 日程・結果|1R|函商奥尻|2|檜山北|5,2025,spring,2025-05-26,春季北海道大会 2025 日程・結果,1R,regional,北海道,南北海道,2,5,940.7048,1015.638,0.32712,7.6,-2.4861,938.2186,1018.1241,-25.1793,25.1793,24,current
2025|spring|2025-05-26|春季東海大会 2025 日程・結果|SF|津田学園(三重1)|6|豊川(愛知1)|3,2025,spring,2025-05-26,春季東海大会 2025 日程・結果,SF,regional,三重,愛知,6,3,966.1687,1018.2738,0.387576,7.6,4.6544,970.8231,1013.6194,-13.6865,13.6865,21,current
2025|spring|2025-05-26|春季東海大会 2025 日程・結果|SF|三重(三重2)|8|岐阜城北(岐阜1)|5,2025,spring,2025-05-26,春季東海大会 2025 日程・結果,SF,regional,三重,岐阜,8,5,970.8231,970.593,0.526049,7.6,3.602,974.4252,966.991,8.9434,-8.9434,19,current
2025|spring|2025-05-27|春季北海道大会 2025 日程・結果|1R|滝川西|3|東海大札幌|5,2025,spring,2025-05-27,春季北海道大会 2025 日程・結果,1R,regional,北北海道,南北海道,3,5,964.678,1018.1241,0.385104,7.6,-2.9268,961.7512,1021.0509,-13.9215,13.9215,133,current
2025|spring|2025-05-27|春季北海道大会 2025 日程・結果|1R|滝川西|3|東海大札幌|5,2025,spring,2025-05-27,春季北海道大会 2025 日程・結果,1R,regional,北北海道,南北海道,3,5,961.7512,1021.0509,0.371555,7.6,-2.8238,958.9274,1023.8748,-15.9988,15.9988,134,current
2025|spring|2025-05-28|春季北海道大会 2025 日程・結果|QF|知内|5|北見北斗|3,2025,spring,2025-05-28,春季北海道大会 2025 日程・結果,QF,regional,南北海道,北北海道,5,3,1023.8748,958.9274,0.641333,7.6,2.7259,1026.6006,956.2015,18.0049,-18.0049,135,current
2025|spring|2025-05-28|春季北海道大会 2025 日程・結果|1R|立命館慶祥|2|白樺学園|6,2025,spring,2025-05-28,春季北海道大会 2025 日程・結果,1R,regional,南北海道,北北海道,2,6,1026.6006,956.2015,0.653589,7.6,-4.9673,1021.6334,961.1688,19.9431,-19.9431,136,current
2025|spring|2025-05-28|春季北海道大会 2025 日程・結果|1R|士別翔雲|2|北海道栄|0,2025,spring,2025-05-28,春季北海道大会 2025 日程・結果,1R,regional,北北海道,南北海道,2,0,961.1688,1021.6334,0.368831,7.6,4.7969,965.9657,1016.8365,-16.4313,16.4313,137,current
2025|spring|2025-05-28|春季北海道大会 2025 日程・結果|QF|知内|5|北見北斗|3,2025,spring,2025-05-28,春季北海道大会 2025 日程・結果,QF,regional,南北海道,北北海道,5,3,1016.8365,965.9657,0.608958,7.6,2.9719,1019.8084,962.9938,13.0373,-13.0373,138,current
2025|spring|2025-05-28|春季北海道大会 2025 日程・結果|1R|立命館慶祥|2|白樺学園|6,2025,spring,2025-05-28,春季北海道大会 2025 日程・結果,1R,regional,南北海道,北北海道,2,6,1019.8084,962.9938,0.622805,7.6,-4.7333,1015.0751,967.7271,15.1501,-15.1501,139,current
2025|spring|2025-05-28|春季北海道大会 2025 日程・結果|1R|士別翔雲|2|北海道栄|0,2025,spring,2025-05-28,春季北海道大会 2025 日程・結果,1R,regional,北北海道,南北海道,2,0,967.7271,1015.0751,0.399299,7.6,4.5653,972.2924,1010.5097,-11.7979,11.7979,140,current
2025|spring|2025-05-29|春季北海道大会 2025 日程・結果|QF|旭川実業|7|札幌大谷|4,2025,spring,2025-05-29,春季北海道大会 2025 日程・結果,QF,regional,北北海道,南北海道,7,4,972.2924,1010.5097,0.421023,7.6,4.4002,976.6926,1006.1095,-8.5623,8.5623,141,current
2025|spring|2025-05-29|春季北海道大会 2025 日程・結果|QF|旭川実業|7|札幌大谷|4,2025,spring,2025-05-29,春季北海道大会 2025 日程・結果,QF,regional,北北海道,南北海道,7,4,976.6926,1006.1095,0.442263,7.6,4.2388,980.9314,1001.8707,-5.4413,5.4413,142,current
2025|spring|2025-05-31|春季北海道大会 2025 日程・結果|SF|北海|6|白樺学園|0,2025,spring,2025-05-31,春季北海道大会 2025 日程・結果,SF,regional,南北海道,北北海道,6,0,1001.8707,980.9314,0.537068,7.6,3.5183,1005.389,977.4131,2.4327,-2.4327,143,current
2025|spring|2025-05-31|春季北海道大会 2025 日程・結果|SF|知内|0|旭川実業|4,2025,spring,2025-05-31,春季北海道大会 2025 日程・結果,SF,regional,南北海道,北北海道,0,4,1005.389,977.4131,0.554246,7.6,-4.2123,1001.1767,981.6254,4.9334,-4.9334,144,current
2025|spring|2025-05-31|春季中国大会 2025 日程・結果|1R|倉敷商(岡山1)|5|鳥取城北(鳥取)|4,2025,spring,2025-05-31,春季中国大会 2025 日程・結果,1R,regional,岡山,鳥取,5,4,1011.1358,952.8037,0.566026,7.6,3.2982,1014.4341,949.5055,-6.0917,6.0917,17,current
2025|spring|2025-05-31|春季中国大会 2025 日程・結果|1R|岡山東商(岡山3)|6|英数学館(広島)|5,2025,spring,2025-05-31,春季中国大会 2025 日程・結果,1R,regional,岡山,広島,6,5,1014.4341,1065.9168,0.455385,7.6,4.1391,1018.5731,1061.7777,10.1991,-10.1991,28,current
2025|spring|2025-05-31|春季中国大会 2025 日程・結果|1R|玉野光南(岡山4)|3|矢上(島根)|8,2025,spring,2025-05-31,春季中国大会 2025 日程・結果,1R,regional,岡山,島根,3,8,1018.5731,933.1917,0.655396,7.6,-4.981,1013.5921,938.1728,13.1459,-13.1459,12,current
2025|spring|2025-05-31|春季中国大会 2025 日程・結果|1R|創志学園(岡山2)|5|南陽工(山口)|3,2025,spring,2025-05-31,春季中国大会 2025 日程・結果,1R,regional,岡山,山口,5,3,1013.5921,993.1113,0.51874,7.6,3.6576,1017.2497,989.4537,-3.7266,3.7266,19,current
2025|spring|2025-05-31|春季北海道大会 2025 日程・結果|SF|北海|6|白樺学園|0,2025,spring,2025-05-31,春季北海道大会 2025 日程・結果,SF,regional,南北海道,北北海道,6,0,1001.1767,981.6254,0.533673,7.6,3.5441,1004.7208,978.0813,1.9412,-1.9412,145,current
2025|spring|2025-05-31|春季北海道大会 2025 日程・結果|SF|知内|0|旭川実業|4,2025,spring,2025-05-31,春季北海道大会 2025 日程・結果,SF,regional,南北海道,北北海道,0,4,1004.7208,978.0813,0.551002,7.6,-4.1876,1000.5332,982.2689,4.4619,-4.4619,146,current
2025|spring|2025-05-31|春季北信越大会 2025 日程・結果|1R|北越(新潟2)|2|長野商(長野)|4,2025,spring,2025-05-31,春季北信越大会 2025 日程・結果,1R,regional,新潟,長野,2,4,953.6445,957.4956,0.488272,7.6,-3.7109,949.9337,961.2065,-2.1499,2.1499,16,current
2025|spring|2025-05-31|春季北信越大会 2025 日程・結果|1R|小松工(石川)|0|関根学園(新潟3)|1,2025,spring,2025-05-31,春季北信越大会 2025 日程・結果,1R,regional,石川,新潟,0,1,1076.4909,949.9337,0.689678,7.6,-5.2416,1071.2493,955.1752,6.0882,-6.0882,19,current
2025|spring|2025-05-31|春季近畿大会 2025 日程・結果|SF|奈良大付(奈良2)|0|東洋大姫路(兵庫)|1,2025,spring,2025-05-31,春季近畿大会 2025 日程・結果,SF,regional,奈良,兵庫,0,1,1060.8285,1031.115,0.554488,7.6,-4.2141,1056.6144,1035.3291,4.1498,-4.1498,9,current
2025|spring|2025-05-31|春季近畿大会 2025 日程・結果|SF|智弁和歌山(和歌山)|8|滋賀学園(滋賀)|1,2025,spring,2025-05-31,春季近畿大会 2025 日程・結果,SF,regional,和歌山,滋賀,8,1,1037.3965,1019.0347,0.536776,7.6,3.5205,1040.917,1015.5142,3.6196,-3.6196,9,current
2025|spring|2025-06-01|春季北海道大会 2025 日程・結果|F|旭川実業|4|北海|5,2025,spring,2025-06-01,春季北海道大会 2025 日程・結果,F,regional,北北海道,南北海道,4,5,982.2689,1000.5332,0.46948,7.6,-3.568,978.7009,1004.1013,-1.4849,1.4849,147,current
2025|spring|2025-06-01|春季中国大会 2025 日程・結果|SF|矢上(島根)|0|倉敷商(岡山1)|11,2025,spring,2025-06-01,春季中国大会 2025 日程・結果,SF,regional,島根,岡山,0,11,938.1728,1017.2497,0.357845,7.6,-2.7196,935.4531,1019.9693,-11.2506,11.2506,13,current
2025|spring|2025-06-01|春季北海道大会 2025 日程・結果|F|旭川実業|4|北海|5,2025,spring,2025-06-01,春季北海道大会 2025 日程・結果,F,regional,北北海道,南北海道,4,5,978.7009,1004.1013,0.452012,7.6,-3.4353,975.2656,1007.5365,-4.0242,4.0242,148,current
2025|spring|2025-06-01|春季北信越大会 2025 日程・結果|1R|新潟明訓(新潟3)|1|富山第一(富山)|4,2025,spring,2025-06-01,春季北信越大会 2025 日程・結果,1R,regional,新潟,富山,1,4,955.1752,904.7309,0.593354,7.6,-4.5095,950.6657,909.2404,7.5973,-7.5973,11,current
2025|spring|2025-06-01|春季北信越大会 2025 日程・結果|1R|中越(新潟1)|7|敦賀気比(福井)|3,2025,spring,2025-06-01,春季北信越大会 2025 日程・結果,1R,regional,新潟,福井,7,3,950.6657,1023.1534,0.350417,7.6,4.9368,955.6026,1018.2166,-17.3662,17.3662,20,current
2025|spring|2025-06-01|春季近畿大会 2025 日程・結果|F|智弁和歌山(和歌山)|0|東洋大姫路(兵庫)|1,2025,spring,2025-06-01,春季近畿大会 2025 日程・結果,F,regional,和歌山,兵庫,0,1,1040.917,1035.3291,0.531423,7.6,-4.0388,1036.8782,1039.3679,8.1379,-8.1379,16,current
2025|spring|2025-06-02|春季北信越大会 2025 日程・結果|SF|長野商(長野)|6|関根学園(新潟3)|4,2025,spring,2025-06-02,春季北信越大会 2025 日程・結果,SF,regional,長野,新潟,6,4,961.2065,955.6026,0.519813,7.6,3.6494,964.8559,951.9531,4.0855,-4.0855,17,current
2025|spring|2025-06-02|春季北信越大会 2025 日程・結果|SF|中越(新潟1)|6|富山第一(富山)|10,2025,spring,2025-06-02,春季北信越大会 2025 日程・結果,SF,regional,新潟,富山,6,10,951.9531,909.2404,0.577656,7.6,-4.3902,947.563,913.6306,5.8443,-5.8443,12,current
2025|spring|2025-06-03|春季北信越大会 2025 日程・結果|F|長野商|6|富山第一|7,2025,spring,2025-06-03,春季北信越大会 2025 日程・結果,F,regional,長野,富山,6,7,964.8559,913.6306,0.574368,7.6,-4.3652,960.4907,917.9958,0.4186,-0.4186,9,current
2025|spring|2025-06-10|春季東北大会 2025 日程・結果|1R|学法石川(福島2)|4|酒田南(山形1)|3,2025,spring,2025-06-10,春季東北大会 2025 日程・結果,1R,regional,福島,山形,4,3,986.6015,989.8946,0.474913,7.6,3.9907,990.5922,985.9039,-7.0768,7.0768,13,current
2025|spring|2025-06-10|春季東北大会 2025 日程・結果|1R|盛岡大附(岩手1)|0|八戸学院光星(青森2)|2,2025,spring,2025-06-10,春季東北大会 2025 日程・結果,1R,regional,岩手,青森,0,2,1002.6406,1054.074,0.418122,7.6,-3.1777,999.4629,1057.2517,-2.9892,2.9892,17,current
2025|spring|2025-06-10|春季東北大会 2025 日程・結果|1R|明桜(秋田2)|3|仙台育英(宮城1)|4,2025,spring,2025-06-10,春季東北大会 2025 日程・結果,1R,regional,秋田,宮城,3,4,950.9876,1044.229,0.360547,7.6,-2.7402,948.2474,1046.9692,-3.1485,3.1485,12,current
2025|spring|2025-06-10|春季東北大会 2025 日程・結果|1R|青森山田(青森1)|4|山形城北(山形3)|3,2025,spring,2025-06-10,春季東北大会 2025 日程・結果,1R,regional,青森,山形,4,3,1057.2517,985.9039,0.627445,7.6,2.8314,1060.0831,983.0725,9.603,-9.603,17,current
2025|spring|2025-06-10|春季東北大会 2025 日程・結果|1R|久慈(岩手2)|6|山形中央(山形2)|5,2025,spring,2025-06-10,春季東北大会 2025 日程・結果,1R,regional,岩手,山形,6,5,999.4629,983.0725,0.525958,7.6,3.6027,1003.0656,979.4698,0.8315,-0.8315,17,current
2025|spring|2025-06-10|春季東北大会 2025 日程・結果|1R|聖和学園(宮城2)|3|青森北(青森3)|2,2025,spring,2025-06-10,春季東北大会 2025 日程・結果,1R,regional,宮城,青森,3,2,1046.9692,1060.0831,0.47289,7.6,4.006,1050.9752,1056.0771,-2.8712,2.8712,24,current
2025|spring|2025-06-11|春季東北大会 2025 日程・結果|QF|聖和学園(宮城2)|6|能代松陽(秋田1)|7,2025,spring,2025-06-11,春季東北大会 2025 日程・結果,QF,regional,宮城,秋田,6,7,1050.9752,948.2474,0.65552,7.6,-4.982,1045.9932,953.2294,4.5207,-4.5207,13,current
2025|spring|2025-06-11|春季東北大会 2025 日程・結果|QF|八戸学院光星(青森2)|8|学法石川(福島2)|1,2025,spring,2025-06-11,春季東北大会 2025 日程・結果,QF,regional,青森,福島,8,1,1056.0771,990.5922,0.601008,7.6,3.0323,1059.1094,987.5598,2.8409,-2.8409,15,current
2025|spring|2025-06-11|春季東北大会 2025 日程・結果|QF|青森山田(青森1)|4|仙台育英(宮城1)|8,2025,spring,2025-06-11,春季東北大会 2025 日程・結果,QF,regional,青森,宮城,4,8,1059.1094,1045.9932,0.52066,7.6,-3.957,1055.1524,1049.9503,0.6241,-0.6241,25,current
2025|spring|2025-06-11|春季東北大会 2025 日程・結果|QF|聖光学院(福島1)|7|久慈(岩手2)|6,2025,spring,2025-06-11,春季東北大会 2025 日程・結果,QF,regional,福島,岩手,7,6,987.5598,1003.0656,0.479015,7.6,3.9595,991.5193,999.1061,0.4578,-0.4578,14,current
2025|spring|2025-06-13|春季東北大会 2025 日程・結果|SF|八戸学院光星(青森2)|12|能代松陽(秋田1)|6,2025,spring,2025-06-13,春季東北大会 2025 日程・結果,SF,regional,青森,秋田,12,6,1055.1524,953.2294,0.665722,7.6,2.5405,1057.6929,950.6889,8.8755,-8.8755,14,current
2025|spring|2025-06-13|春季東北大会 2025 日程・結果|SF|聖光学院(福島1)|0|仙台育英(宮城1)|3,2025,spring,2025-06-13,春季東北大会 2025 日程・結果,SF,regional,福島,宮城,0,3,991.5193,1049.9503,0.417723,7.6,-3.1747,988.3446,1053.1249,0.3672,-0.3672,20,current
2025|spring|2025-06-14|春季東北大会 2025 日程・結果|F|仙台育英(宮城1)|7|八戸学院光星(青森2)|2,2025,spring,2025-06-14,春季東北大会 2025 日程・結果,F,regional,宮城,青森,7,2,1053.1249,1057.6929,0.498145,7.6,3.8141,1056.939,1053.8788,1.6395,-1.6395,26,current
2025|summer|2025-07-05|選手権兵庫大会 2025 日程・結果|1R|加古川西|18|千種|0,2025,summer,2025-07-05,選手権兵庫大会 2025 日程・結果,1R,prefecture,兵庫,愛知,18,0,1039.3679,1013.6194,0.545253,5.52,2.5102,1041.8781,1011.1092,2.8913,-2.8913,4,current
2025|summer|2025-07-06|選手権茨城大会 2025 日程・結果|1R|下館一|6|麻生|3,2025,summer,2025-07-06,選手権茨城大会 2025 日程・結果,1R,prefecture,茨城,神奈川,6,3,981.4917,1052.7907,0.376901,5.52,3.4395,984.9312,1049.3512,-8.0163,8.0163,11,current
2025|summer|2025-07-10|選手権福岡大会 2025 日程・結果|2R|若松|1|大和青藍|7,2025,summer,2025-07-10,選手権福岡大会 2025 日程・結果,2R,prefecture,千葉,福岡,1,7,1018.8009,1024.4487,0.491873,5.52,-2.7151,1016.0858,1027.1638,0.0,-0.0,0,current
2025|summer|2025-07-11|選手権秋田大会 2025 日程・結果|2R|横手|6|増田・羽後|2,2025,summer,2025-07-11,選手権秋田大会 2025 日程・結果,2R,prefecture,秋田,岩手,6,2,950.6889,999.1061,0.422039,5.52,3.1903,953.8792,995.9157,-3.1007,3.1007,16,current
2025|summer|2025-07-11|選手権秋田大会 2025 日程・結果|1R|大曲工業|9|五城目・西目|0,2025,summer,2025-07-11,選手権秋田大会 2025 日程・結果,1R,prefecture,秋田,岩手,9,0,953.8792,995.9157,0.435447,5.52,3.1163,956.9956,992.7994,-1.5357,1.5357,17,current
2025|summer|2025-07-12|選手権西東京大会 2025 日程・結果|2R|多摩|0|福生|3,2025,summer,2025-07-12,選手権西東京大会 2025 日程・結果,2R,prefecture,神奈川,西東京,0,3,1049.3512,1012.904,0.553679,5.52,-3.0563,1046.2949,1015.9603,0.4984,-0.4984,3,current
2025|summer|2025-07-12|選手権岡山大会 2025 日程・結果|1R|瀬戸|3|倉敷南|11,2025,summer,2025-07-12,選手権岡山大会 2025 日程・結果,1R,prefecture,愛知,岡山,3,11,1011.1092,1019.9693,0.486727,5.52,-2.6867,1008.4224,1022.6561,-0.1824,0.1824,1,current
2025|summer|2025-07-12|選手権岡山大会 2025 日程・結果|1R|作陽学園|3|勝山|1,2025,summer,2025-07-12,選手権岡山大会 2025 日程・結果,1R,prefecture,岡山,鳥取,3,1,1022.6561,949.5055,0.591315,5.52,2.2559,1024.912,947.2495,-4.4894,4.4894,18,current
2025|summer|2025-07-13|選手権神奈川大会 2025 日程・結果|2R|有馬|10|寒川|0,2025,summer,2025-07-13,選手権神奈川大会 2025 日程・結果,2R,prefecture,神奈川,香川,10,0,1046.2949,996.7353,0.570842,5.52,2.369,1048.6639,994.3663,0.0,-0.0,0,current
2025|summer|2025-07-13|選手権東東京大会 2025 日程・結果|2R|日本ウエルネス|7|文京|10,2025,summer,2025-07-13,選手権東東京大会 2025 日程・結果,2R,prefecture,宮城,東東京,7,10,1056.939,1039.9151,0.523218,5.52,-2.8882,1054.0509,1042.8033,-0.4394,0.4394,3,current
2025|summer|2025-07-13|選手権香川大会 2025 日程・結果|2R|香川高専高松|1|志度|8,2025,summer,2025-07-13,選手権香川大会 2025 日程・結果,2R,prefecture,香川,徳島,1,8,994.3663,964.9072,0.553715,5.52,-3.0565,991.3098,967.9637,4.0052,-4.0052,20,current
2025|summer|2025-07-13|選手権香川大会 2025 日程・結果|2R|多度津|4|高松北|5,2025,summer,2025-07-13,選手権香川大会 2025 日程・結果,2R,prefecture,徳島,香川,4,5,967.9637,991.3098,0.459582,5.52,-2.5369,965.4268,993.8467,-2.4004,2.4004,21,current
2025|summer|2025-07-17|選手権香川大会 2025 日程・結果|3R|英明|11|志度|1,2025,summer,2025-07-17,選手権香川大会 2025 日程・結果,3R,prefecture,香川,徳島,11,1,993.8467,965.4268,0.551727,5.52,2.4745,996.3212,962.9523,3.8262,-3.8262,22,current
2025|summer|2025-07-19|選手権鳥取大会 2025 日程・結果|2R|倉吉北|6|米子東|9,2025,summer,2025-07-19,選手権鳥取大会 2025 日程・結果,2R,prefecture,岡山,鳥取,6,9,1024.912,947.2495,0.600664,5.52,-3.3157,1021.5963,950.5652,-3.3727,3.3727,19,current
2025|summer|2025-07-21|選手権鳥取大会 2025 日程・結果|2R|鳥取東|7|倉吉西|0,2025,summer,2025-07-21,選手権鳥取大会 2025 日程・結果,2R,prefecture,鳥取,岡山,7,0,950.5652,1021.5963,0.413619,5.52,3.2368,953.802,1018.3595,5.1996,-5.1996,20,current
2025|summer|2025-07-23|選手権鳥取大会 2025 日程・結果|QF|鳥取城北|5|倉吉東|1,2025,summer,2025-07-23,選手権鳥取大会 2025 日程・結果,QF,prefecture,鳥取,岡山,5,1,953.802,1018.3595,0.427834,5.52,3.1584,956.9604,1015.2012,7.0293,-7.0293,21,current
2025|koshien|2025-08-05|第107回全国高等学校野球選手権大会|1R|創成館(長崎)|3|小松大谷(石川)|1,2025,koshien,2025-08-05,第107回全国高等学校野球選手権大会,1R,national,長崎,石川,3,1,979.1925,1071.2493,0.372055,11.96,7.5102,986.7027,1063.7391,0.5655,-0.5655,1,current
2025|koshien|2025-08-06|第107回全国高等学校野球選手権大会|1R|鳥取城北(鳥取)|0|仙台育英(宮城)|5,2025,koshien,2025-08-06,第107回全国高等学校野球選手権大会,1R,national,鳥取,宮城,0,5,956.9604,1054.0509,0.362812,11.96,-4.3392,952.6211,1058.3901,-0.3719,0.3719,1,current
2025|koshien|2025-08-06|第107回全国高等学校野球選手権大会|1R|開星(島根)|6|宮崎商(宮崎)|5,2025,koshien,2025-08-06,第107回全国高等学校野球選手権大会,1R,national,島根,宮崎,6,5,935.4531,927.2161,0.511852,11.96,5.8383,941.2914,921.3778,-0.0,0.0,0,current
2025|koshien|2025-08-06|第107回全国高等学校野球選手権大会|1R|金足農(秋田)|0|沖縄尚学(沖縄)|1,2025,koshien,2025-08-06,第107回全国高等学校野球選手権大会,1R,national,秋田,沖縄,0,1,956.9956,1013.3633,0.419585,11.96,-5.0182,951.9773,1018.3815,-0.0,0.0,0,current
2025|koshien|2025-08-06|第107回全国高等学校野球選手権大会|1R|鳴門(徳島)|5|天理(奈良)|4,2025,koshien,2025-08-06,第107回全国高等学校野球選手権大会,1R,national,徳島,奈良,5,4,962.9523,1056.6144,0.367447,11.96,7.5653,970.5176,1049.049,-0.3493,0.3493,1,current
2025|koshien|2025-08-07|第107回全国高等学校野球選手権大会|1R|津田学園(三重)|5|叡明(埼玉)|4,2025,koshien,2025-08-07,第107回全国高等学校野球選手権大会,1R,national,三重,埼玉,5,4,974.4252,1008.2752,0.45144,11.96,6.5608,980.986,1001.7144,0.0,-0.0,0,current
2025|koshien|2025-08-07|第107回全国高等学校野球選手権大会|1R|旭川志峯(北北海道)|1|広陵(広島)|3,2025,koshien,2025-08-07,第107回全国高等学校野球選手権大会,1R,national,北北海道,広島,1,3,975.2656,1061.7777,0.37801,11.96,-4.521,970.7446,1066.2987,0.0,-0.0,0,current
2025|koshien|2025-08-08|第107回全国高等学校野球選手権大会|1R|智弁和歌山(和歌山)|1|花巻東(岩手)|4,2025,koshien,2025-08-08,第107回全国高等学校野球選手権大会,1R,national,和歌山,岩手,1,4,1036.8782,992.7994,0.563987,11.96,-6.7453,1030.1329,999.5447,0.3145,-0.3145,1,current
2025|koshien|2025-08-08|第107回全国高等学校野球選手権大会|1R|東洋大姫路(兵庫)|5|済美(愛媛)|3,2025,koshien,2025-08-08,第107回全国高等学校野球選手権大会,1R,national,兵庫,愛媛,5,3,1041.8781,937.9534,0.644043,11.96,4.2572,1046.1353,933.6962,-0.4588,0.4588,1,current
2025|koshien|2025-08-08|第107回全国高等学校野球選手権大会|1R|横浜(神奈川)|5|敦賀気比(福井)|0,2025,koshien,2025-08-08,第107回全国高等学校野球選手権大会,1R,national,神奈川,福井,5,0,1048.6639,1018.2166,0.546291,11.96,5.4264,1054.0902,1012.7903,0.9057,-0.9057,3,current
2025|koshien|2025-08-08|第107回全国高等学校野球選手権大会|1R|高知中央(高知)|4|綾羽(滋賀)|6,2025,koshien,2025-08-08,第107回全国高等学校野球選手権大会,1R,national,高知,滋賀,4,6,1056.2118,1015.5142,0.558302,11.96,-6.6773,1049.5345,1022.1915,-0.0,0.0,0,current
2025|koshien|2025-08-09|第107回全国高等学校野球選手権大会|1R|聖愛(青森)|3|西日本短大付(福岡)|4,2025,koshien,2025-08-09,第107回全国高等学校野球選手権大会,1R,national,青森,福岡,3,4,1053.8788,1027.1638,0.53837,11.96,-6.4389,1047.4399,1033.6027,-0.0,0.0,0,current
2025|koshien|2025-08-09|第107回全国高等学校野球選手権大会|1R|明秀日立(茨城)|1|聖隷クリストファー(静岡)|5,2025,koshien,2025-08-09,第107回全国高等学校野球選手権大会,1R,national,茨城,静岡,1,5,984.9312,980.2481,0.506739,11.96,-6.0606,978.8706,986.3087,0.0,-0.0,0,current
2025|koshien|2025-08-09|第107回全国高等学校野球選手権大会|1R|青藍泰斗(栃木)|4|佐賀北(佐賀)|5,2025,koshien,2025-08-09,第107回全国高等学校野球選手権大会,1R,national,栃木,佐賀,4,5,973.2611,915.8856,0.581828,11.96,-6.9587,966.3024,922.8442,-0.0,0.0,0,current
2025|koshien|2025-08-09|第107回全国高等学校野球選手権大会|1R|市立船橋(千葉)|2|明豊(大分)|6,2025,koshien,2025-08-09,第107回全国高等学校野球選手権大会,1R,national,千葉,大分,2,6,1016.0858,1031.8823,0.482213,11.96,-5.7673,1010.3185,1037.6496,1.7158,-1.7158,2,current
2025|koshien|2025-08-11|第107回全国高等学校野球選手権大会|2R|高川学園(山口)|8|未来富山(富山)|5,2025,koshien,2025-08-11,第107回全国高等学校野球選手権大会,2R,national,山口,富山,8,5,989.4537,917.9958,0.60141,11.96,4.7671,994.2208,913.2286,-0.0,0.0,0,current
2025|koshien|2025-08-11|第107回全国高等学校野球選手権大会|2R|豊橋中央(愛知)|2|日大三(西東京)|3,2025,koshien,2025-08-11,第107回全国高等学校野球選手権大会,2R,national,愛知,西東京,2,3,1008.4224,1015.9603,0.489689,11.96,-5.8567,1002.5657,1021.817,0.1862,-0.1862,1,current
2025|koshien|2025-08-11|第107回全国高等学校野球選手権大会|1R|県岐阜商(岐阜)|6|日大山形(山形)|3,2025,koshien,2025-08-11,第107回全国高等学校野球選手権大会,1R,national,岐阜,山形,6,3,966.991,979.4698,0.482049,11.96,6.1947,973.1857,973.2751,-0.0,0.0,0,current
2025|koshien|2025-08-11|第107回全国高等学校野球選手権大会|1R|北海(南北海道)|7|東海大星翔(熊本)|10,2025,koshien,2025-08-11,第107回全国高等学校野球選手権大会,1R,national,南北海道,熊本,7,10,1007.5365,964.6227,0.561446,11.96,-6.7149,1000.8217,971.3376,0.0,-0.0,0,current
2025|koshien|2025-08-12|第107回全国高等学校野球選手権大会|2R|聖光学院(福島)|2|山梨学院(山梨)|6,2025,koshien,2025-08-12,第107回全国高等学校野球選手権大会,2R,national,福島,山梨,2,6,988.3446,1002.2396,0.480014,11.96,-5.741,982.6037,1007.9805,-0.0,0.0,0,current
2025|koshien|2025-08-12|第107回全国高等学校野球選手権大会|2R|岡山学芸館(岡山)|3|松商学園(長野)|0,2025,koshien,2025-08-12,第107回全国高等学校野球選手権大会,2R,national,岡山,長野,3,0,1015.2012,960.4907,0.57809,11.96,5.046,1020.2472,955.4447,0.0,-0.0,0,current
2025|koshien|2025-08-12|第107回全国高等学校野球選手権大会|2R|尽誠学園(香川)|3|東大阪大柏原(大阪)|0,2025,koshien,2025-08-12,第107回全国高等学校野球選手権大会,2R,national,香川,大阪,3,0,996.3212,1108.7069,0.343679,11.96,7.8496,1004.1708,1100.8573,-0.0,0.0,0,current
2025|koshien|2025-08-13|第107回全国高等学校野球選手権大会|2R|健大高崎(群馬)|3|京都国際(京都)|6,2025,koshien,2025-08-13,第107回全国高等学校野球選手権大会,2R,national,群馬,京,3,6,1050.2073,1051.7268,0.496295,11.96,-5.9357,1044.2717,1057.6625,-0.5275,0.5275,1,current
2025|koshien|2025-08-13|第107回全国高等学校野球選手権大会|2R|中越(新潟)|1|関東第一(東東京)|6,2025,koshien,2025-08-13,第107回全国高等学校野球選手権大会,2R,national,新潟,東東京,1,6,947.563,1042.8033,0.365736,11.96,-4.3742,943.1888,1047.1775,-0.2003,0.2003,1,current
2025|koshien|2025-08-13|第107回全国高等学校野球選手権大会|2R|神村学園(鹿児島)|0|創成館(長崎)|1,2025,koshien,2025-08-13,第107回全国高等学校野球選手権大会,2R,national,鹿児島,長崎,0,1,1036.7689,986.7027,0.572365,11.96,-6.8455,1029.9234,993.5482,0.287,-0.287,1,current
2025|koshien|2025-08-14|第107回全国高等学校野球選手権大会|2R|仙台育英(宮城)|6|開星(島根)|2,2025,koshien,2025-08-14,第107回全国高等学校野球選手権大会,2R,national,宮城,島根,6,2,1058.3901,941.2914,0.662415,11.96,4.0375,1062.4276,937.2539,0.0,-0.0,0,current
2025|koshien|2025-08-14|第107回全国高等学校野球選手権大会|2R|沖縄尚学(沖縄)|3|鳴門(徳島)|0,2025,koshien,2025-08-14,第107回全国高等学校野球選手権大会,2R,national,沖縄,徳島,3,0,1018.3815,970.5176,0.569621,11.96,5.1473,1023.5288,965.3703,0.4152,-0.4152,1,current
2025|koshien|2025-08-14|第107回全国高等学校野球選手権大会|2R|横浜(神奈川)|5|綾羽(滋賀)|1,2025,koshien,2025-08-14,第107回全国高等学校野球選手権大会,2R,national,神奈川,滋賀,5,1,1054.0902,1022.1915,0.546186,11.96,5.4276,1059.5179,1016.7639,0.1431,-0.1431,2,current
2025|koshien|2025-08-15|第107回全国高等学校野球選手権大会|2R|花巻東(岩手)|4|東洋大姫路(兵庫)|8,2025,koshien,2025-08-15,第107回全国高等学校野球選手権大会,2R,national,岩手,兵庫,4,8,999.5447,1046.1353,0.43335,11.96,-5.1829,994.3618,1051.3182,-0.0,0.0,0,current
2025|koshien|2025-08-15|第107回全国高等学校野球選手権大会|2R|西日本短大付(福岡)|2|聖隷クリストファー(静岡)|1,2025,koshien,2025-08-15,第107回全国高等学校野球選手権大会,2R,national,福岡,静岡,2,1,1033.6027,986.3087,0.568585,11.96,5.1597,1038.7624,981.149,0.3329,-0.3329,1,current
2025|koshien|2025-08-15|第107回全国高等学校野球選手権大会|2R|佐賀北(佐賀)|1|明豊(大分)|6,2025,koshien,2025-08-15,第107回全国高等学校野球選手権大会,2R,national,佐賀,大分,1,6,922.8442,1037.6496,0.325988,11.96,-3.8988,918.9454,1041.5484,-5.6904,5.6904,6,current
2025|koshien|2025-08-15|第107回全国高等学校野球選手権大会|2R|県岐阜商(岐阜)|4|東海大星翔(熊本)|3,2025,koshien,2025-08-15,第107回全国高等学校野球選手権大会,2R,national,岐阜,熊本,4,3,973.1857,971.3376,0.504144,11.96,5.9304,979.1161,965.4072,0.5159,-0.5159,1,current
2025|koshien|2025-08-16|第107回全国高等学校野球選手権大会|3R|高川学園(山口)|4|日大三(西東京)|9,2025,koshien,2025-08-16,第107回全国高等学校野球選手権大会,3R,national,山口,西東京,4,9,994.2208,1021.817,0.459752,11.96,-5.4986,988.7222,1027.3157,-0.2159,0.2159,1,current
2025|koshien|2025-08-16|第107回全国高等学校野球選手権大会|3R|山梨学院(山梨)|14|岡山学芸館(岡山)|0,2025,koshien,2025-08-16,第107回全国高等学校野球選手権大会,3R,national,山梨,岡山,14,0,1007.9805,1020.2472,0.483488,11.96,6.1775,1014.158,1014.0697,0.3943,-0.3943,1,current
2025|koshien|2025-08-16|第107回全国高等学校野球選手権大会|3R|尽誠学園(香川)|2|京都国際(京都)|3,2025,koshien,2025-08-16,第107回全国高等学校野球選手権大会,3R,national,香川,京,2,3,1004.1708,1057.6625,0.423622,11.96,-5.0665,999.1043,1062.729,-0.0,0.0,0,current
2025|koshien|2025-08-16|第107回全国高等学校野球選手権大会|3R|関東第一(東東京)|4|創成館(長崎)|1,2025,koshien,2025-08-16,第107回全国高等学校野球選手権大会,3R,national,東東京,長崎,4,1,1047.1775,993.5482,0.576572,11.96,5.0642,1052.2417,988.484,0.0,-0.0,0,current
2025|koshien|2025-08-17|第107回全国高等学校野球選手権大会|3R|仙台育英(宮城)|3|沖縄尚学(沖縄)|5,2025,koshien,2025-08-17,第107回全国高等学校野球選手権大会,3R,national,宮城,沖縄,3,5,1062.4276,1023.5288,0.556608,11.96,-6.657,1055.7706,1030.1859,0.3029,-0.3029,1,current
2025|koshien|2025-08-17|第107回全国高等学校野球選手権大会|3R|横浜(神奈川)|5|津田学園(三重)|0,2025,koshien,2025-08-17,第107回全国高等学校野球選手権大会,3R,national,神奈川,三重,5,0,1059.5179,980.986,0.612302,11.96,4.6369,1064.1547,976.3491,0.4286,-0.4286,1,current
2025|koshien|2025-08-17|第107回全国高等学校野球選手権大会|3R|東洋大姫路(兵庫)|3|西日本短大付(福岡)|2,2025,koshien,2025-08-17,第107回全国高等学校野球選手権大会,3R,national,兵庫,福岡,3,2,1051.3182,1038.7624,0.518051,11.96,5.7641,1057.0823,1032.9983,-0.0035,0.0035,2,current
2025|koshien|2025-08-17|第107回全国高等学校野球選手権大会|3R|明豊(大分)|1|県岐阜商(岐阜)|3,2025,koshien,2025-08-17,第107回全国高等学校野球選手権大会,3R,national,大分,岐阜,1,3,1041.5484,979.1161,0.588893,11.96,-7.0432,1034.5053,986.1593,0.0,-0.0,0,current
2025|koshien|2025-08-19|第107回全国高等学校野球選手権大会|QF|京都国際(京都)|4|山梨学院(山梨)|11,2025,koshien,2025-08-19,第107回全国高等学校野球選手権大会,QF,national,京,山梨,4,11,1062.729,1014.158,0.568298,11.96,-6.7968,1055.9322,1020.9549,-0.407,0.407,1,current
2025|koshien|2025-08-19|第107回全国高等学校野球選手権大会|QF|関東第一(東東京)|3|日大三(西東京)|5,2025,koshien,2025-08-19,第107回全国高等学校野球選手権大会,QF,national,東東京,西東京,3,5,1052.2417,1027.3157,0.516138,11.96,-6.173,1046.0687,1033.4887,-6.8542,6.8542,335,current
2025|koshien|2025-08-19|第107回全国高等学校野球選手権大会|QF|県岐阜商(岐阜)|8|横浜(神奈川)|7,2025,koshien,2025-08-19,第107回全国高等学校野球選手権大会,QF,national,岐阜,神奈川,8,7,986.1593,1064.1547,0.391188,11.96,7.2814,993.4407,1056.8733,0.5781,-0.5781,1,current
2025|koshien|2025-08-19|第107回全国高等学校野球選手権大会|QF|沖縄尚学(沖縄)|2|東洋大姫路(兵庫)|1,2025,koshien,2025-08-19,第107回全国高等学校野球選手権大会,QF,national,沖縄,兵庫,2,1,1030.1859,1057.0823,0.46137,11.96,6.442,1036.6279,1050.6403,-0.0,0.0,0,current
2025|koshien|2025-08-21|第107回全国高等学校野球選手権大会|SF|日大三(西東京)|4|県岐阜商(岐阜)|2,2025,koshien,2025-08-21,第107回全国高等学校野球選手権大会,SF,national,西東京,岐阜,4,2,1033.4887,993.4407,0.55738,11.96,5.2937,1038.7824,988.1469,-0.0,0.0,0,current
2025|koshien|2025-08-21|第107回全国高等学校野球選手権大会|SF|沖縄尚学(沖縄)|5|山梨学院(山梨)|4,2025,koshien,2025-08-21,第107回全国高等学校野球選手権大会,SF,national,沖縄,山梨,5,4,1036.6279,1020.9549,0.52254,11.96,5.7104,1042.3383,1015.2444,-0.0,0.0,0,current
2025|koshien|2025-08-23|第107回全国高等学校野球選手権大会|F|日大三(西東京)|1|沖縄尚学(沖縄)|3,2025,koshien,2025-08-23,第107回全国高等学校野球選手権大会,F,national,西東京,沖縄,1,3,1038.7824,1042.3383,0.495421,11.96,-5.9252,1032.8572,1048.2635,0.187,-0.187,1,current
2025|autumn|2025-09-12|秋季島根大会 2025 日程・結果|1R|情報・松西・浜商|1|平田|4,2025,autumn,2025-09-12,秋季島根大会 2025 日程・結果,1R,prefecture,広島,島根,1,4,1066.2987,937.2539,0.706299,4.8,-3.3902,1062.9085,940.6441,11.6943,-11.6943,14,current
2025|autumn|2025-09-13|秋季島根大会 2025 日程・結果|2R|江津・江工・浜水|5|出雲北陵|3,2025,autumn,2025-09-13,秋季島根大会 2025 日程・結果,2R,prefecture,広島,島根,5,3,1062.9085,940.6441,0.694809,4.8,1.4649,1064.3734,939.1792,10.3266,-10.3266,15,current
2025|autumn|2025-09-13|秋季島根大会 2025 日程・結果|2R|大社|11|大東・出雲農林|0,2025,autumn,2025-09-13,秋季島根大会 2025 日程・結果,2R,prefecture,島根,広島,11,0,939.1792,1064.3734,0.299299,4.8,3.3634,942.5426,1061.01,-11.2885,11.2885,16,current
2025|autumn|2025-09-13|秋季鳥取大会 2025 日程・結果|1R|倉吉西・倉吉農業|0|鳥取東|10,2025,autumn,2025-09-13,秋季鳥取大会 2025 日程・結果,1R,prefecture,岡山,鳥取,0,10,1014.0697,952.6211,0.562613,4.8,-2.7005,1011.3692,955.3217,-8.8557,8.8557,22,current
2025|autumn|2025-09-13|秋季香川大会 2025 日程・結果|1R|多度津|3|丸亀|5,2025,autumn,2025-09-13,秋季香川大会 2025 日程・結果,1R,prefecture,徳島,香川,3,5,965.3703,999.1043,0.43669,4.8,-2.0961,963.2742,1001.2004,-5.248,5.248,23,current
2025|autumn|2025-09-14|秋季徳島大会 2025 日程・結果|1R|小松島|28|穴吹･阿波西･池田辻|2,2025,autumn,2025-09-14,秋季徳島大会 2025 日程・結果,1R,prefecture,徳島,香川,28,2,963.2742,1001.2004,0.427277,4.8,2.7491,966.0233,998.4513,-6.4841,6.4841,24,current
2025|autumn|2025-09-15|秋季鳥取大会 2025 日程・結果|2R|鳥取東|13|倉吉東|9,2025,autumn,2025-09-15,秋季鳥取大会 2025 日程・結果,2R,prefecture,鳥取,岡山,13,9,955.3217,1011.3692,0.449625,4.8,2.6418,957.9635,1008.7274,10.4623,-10.4623,23,current
2025|autumn|2025-09-16|秋季鳥取大会 2025 日程・結果|2R|米子高専|2|倉吉北|9,2025,autumn,2025-09-16,秋季鳥取大会 2025 日程・結果,2R,prefecture,鳥取,岡山,2,9,957.9635,1008.7274,0.461737,4.8,-2.2163,955.7471,1010.9437,12.062,-12.062,24,current
2025|autumn|2025-09-16|秋季鳥取大会 2025 日程・結果|2R|倉吉総合産業|9|米子工業|2,2025,autumn,2025-09-16,秋季鳥取大会 2025 日程・結果,2R,prefecture,岡山,鳥取,9,2,1010.9437,955.7471,0.547844,4.8,2.1703,1013.1141,953.5768,-10.9245,10.9245,25,current
2025|autumn|2025-09-20|秋季島根大会 2025 日程・結果|3R|島根中央|7|江津・江工・浜水|0,2025,autumn,2025-09-20,秋季島根大会 2025 日程・結果,3R,prefecture,島根,広島,7,0,942.5426,1061.01,0.311146,4.8,3.3065,945.8491,1057.7035,-9.799,9.799,17,current
2025|autumn|2025-09-20|秋季鳥取大会 2025 日程・結果|QF|境|2|倉吉北|0,2025,autumn,2025-09-20,秋季鳥取大会 2025 日程・結果,QF,prefecture,鳥取,岡山,2,0,953.5768,1013.1141,0.442728,4.8,2.6749,956.2517,1010.4391,9.7826,-9.7826,26,current
2025|autumn|2025-09-20|秋季鳥取大会 2025 日程・結果|QF|倉吉総合産業|0|米子松蔭|4,2025,autumn,2025-09-20,秋季鳥取大会 2025 日程・結果,QF,prefecture,岡山,鳥取,0,4,1010.4391,956.2517,0.545001,4.8,-2.616,1007.8231,958.8677,-11.4162,11.4162,27,current
2025|autumn|2025-09-20|秋季岡山大会 2025 日程・結果|1R|津山工業|2|勝山|1,2025,autumn,2025-09-20,秋季岡山大会 2025 日程・結果,1R,prefecture,岡山,鳥取,2,1,1007.8231,958.8677,0.532884,4.8,2.2422,1010.0653,956.6255,-13.0362,13.0362,28,current
2025|autumn|2025-09-20|秋季香川大会 2025 日程・結果|2R|津田|2|志度|4,2025,autumn,2025-09-20,秋季香川大会 2025 日程・結果,2R,prefecture,香川,徳島,2,4,998.4513,966.0233,0.560722,4.8,-2.6915,995.7599,968.7147,4.9876,-4.9876,25,current
2025|autumn|2025-09-23|秋季香川大会 2025 日程・結果|3R|尽誠学園|6|志度|1,2025,autumn,2025-09-23,秋季香川大会 2025 日程・結果,3R,prefecture,香川,徳島,6,1,995.7599,968.7147,0.548813,4.8,2.1657,997.9256,966.549,3.4909,-3.4909,26,current
2025|autumn|2025-10-09|秋季東北大会 2025 日程・結果|2R|日大山形(山形1)|9|学法石川(福島3)|4,2025,autumn,2025-10-09,秋季東北大会 2025 日程・結果,2R,regional,山形,福島,9,4,973.2751,982.6037,0.502032,8.0,3.9837,977.2588,978.6199,5.3701,-5.3701,14,current
2025|autumn|2025-10-09|秋季東北大会 2025 日程・結果|2R|日大東北(福島2)|0|東北(宮城2)|8,2025,autumn,2025-10-09,秋季東北大会 2025 日程・結果,2R,regional,福島,宮城,0,8,978.6199,1055.7706,0.387062,8.0,-3.0965,975.5234,1058.8671,-1.3519,1.3519,21,current
2025|autumn|2025-10-09|秋季東北大会 2025 日程・結果|2R|金足農業(秋田2)|5|東海大山形(山形2)|0,2025,autumn,2025-10-09,秋季東北大会 2025 日程・結果,2R,regional,秋田,山形,5,0,951.9773,977.2588,0.456319,8.0,4.3494,956.3268,972.9094,-2.5744,2.5744,8,current
2025|autumn|2025-10-09|秋季東北大会 2025 日程・結果|2R|一関学院(岩手2)|1|八学光星(青森1)|5,2025,autumn,2025-10-09,秋季東北大会 2025 日程・結果,2R,regional,岩手,青森,1,5,994.3618,1047.4399,0.411062,8.0,-3.2885,991.0733,1050.7284,-4.6933,4.6933,18,current
2025|autumn|2025-10-09|秋季東北大会 2025 日程・結果|1R|盛岡中央(岩手3)|6|青森山田(青森3)|4,2025,autumn,2025-10-09,秋季東北大会 2025 日程・結果,1R,regional,岩手,青森,6,4,991.0733,1050.7284,0.396922,8.0,4.8246,995.898,1045.9038,-6.5061,6.5061,19,current
2025|autumn|2025-10-09|秋季東北大会 2025 日程・結果|1R|鶴岡東(山形3)|3|名取北(宮城3)|1,2025,autumn,2025-10-09,秋季東北大会 2025 日程・結果,1R,regional,山形,宮城,3,1,972.9094,1058.8671,0.373709,8.0,5.0103,977.9197,1053.8568,-1.8698,1.8698,13,current
2025|autumn|2025-10-10|秋季東北大会 2025 日程・結果|2R|明桜(秋田1)|2|八工大一(青森2)|3,2025,autumn,2025-10-10,秋季東北大会 2025 日程・結果,2R,regional,秋田,青森,2,3,956.3268,1045.9038,0.346451,8.0,-2.7716,953.5552,1048.6754,-10.3387,10.3387,15,current
2025|autumn|2025-10-10|秋季東北大会 2025 日程・結果|2R|鶴岡東(山形3)|0|花巻東(岩手1)|7,2025,autumn,2025-10-10,秋季東北大会 2025 日程・結果,2R,regional,山形,岩手,0,7,977.9197,995.898,0.466357,8.0,-3.7309,974.1889,999.6288,-2.7172,2.7172,18,current
2025|autumn|2025-10-10|秋季東北大会 2025 日程・結果|2R|聖光学院(福島1)|9|盛岡中央(岩手3)|1,2025,autumn,2025-10-10,秋季東北大会 2025 日程・結果,2R,regional,福島,岩手,9,1,975.5234,999.6288,0.472263,8.0,4.2219,979.7453,995.4069,2.4059,-2.4059,15,current
2025|autumn|2025-10-10|秋季東北大会 2025 日程・結果|2R|秋田中央(秋田3)|0|仙台育英(宮城1)|14,2025,autumn,2025-10-10,秋季東北大会 2025 日程・結果,2R,regional,秋田,宮城,0,14,953.5552,1053.8568,0.353541,8.0,-2.8283,950.7268,1056.6851,-2.2694,2.2694,14,current
2025|autumn|2025-10-11|秋季東京大会 2025 日程・結果|1R|葛飾野|2|狛江|5,2025,autumn,2025-10-11,秋季東京大会 2025 日程・結果,1R,prefecture,東東京,西東京,2,5,1046.0687,1032.8572,0.486271,4.8,-2.3341,1043.7346,1035.1913,-11.3768,11.3768,336,current
2025|autumn|2025-10-11|秋季東京大会 2025 日程・結果|1R|駿台学園|4|八王子|5,2025,autumn,2025-10-11,秋季東京大会 2025 日程・結果,1R,prefecture,東東京,西東京,4,5,1043.7346,1035.1913,0.474648,4.8,-2.2783,1041.4563,1037.4696,-13.0876,13.0876,337,current
2025|autumn|2025-10-11|秋季東京大会 2025 日程・結果|1R|町田|0|東海大高輪台|14,2025,autumn,2025-10-11,秋季東京大会 2025 日程・結果,1R,prefecture,西東京,東東京,0,14,1037.4696,1041.4563,0.536673,4.8,-2.576,1034.8936,1044.0323,14.7577,-14.7577,338,current
2025|autumn|2025-10-11|秋季北信越大会 2025 日程・結果|1R|新湊(富山4)|7|小松大谷(石川1)|9,2025,autumn,2025-10-11,秋季北信越大会 2025 日程・結果,1R,regional,富山,石川,7,9,913.2286,1063.7391,0.243809,8.0,-1.9505,911.2782,1065.6896,-23.0612,23.0612,21,current
2025|autumn|2025-10-11|秋季北信越大会 2025 日程・結果|1R|日本航空石川(石川2)|10|氷見(富山3)|0,2025,autumn,2025-10-11,秋季北信越大会 2025 日程・結果,1R,regional,石川,富山,10,0,1065.6896,911.2782,0.763161,8.0,1.8947,1067.5843,909.3835,24.4268,-24.4268,22,current
2025|autumn|2025-10-11|秋季北信越大会 2025 日程・結果|1R|中越(新潟2)|11|若狭(福井2)|3,2025,autumn,2025-10-11,秋季北信越大会 2025 日程・結果,1R,regional,新潟,福井,11,3,943.1888,1012.7903,0.360664,8.0,5.1147,948.3034,1007.6756,-14.9245,14.9245,21,current
2025|autumn|2025-10-11|秋季北信越大会 2025 日程・結果|1R|上田西(長野1)|2|帝京長岡(新潟3)|5,2025,autumn,2025-10-11,秋季北信越大会 2025 日程・結果,1R,regional,長野,新潟,2,5,955.4447,948.3034,0.527674,8.0,-4.2214,951.2233,952.5248,6.0543,-6.0543,18,current
2025|autumn|2025-10-11|秋季北信越大会 2025 日程・結果|1R|敦賀気比(福井1)|4|松本国際(長野3)|3,2025,autumn,2025-10-11,秋季北信越大会 2025 日程・結果,1R,regional,福井,長野,4,3,1007.6756,951.2233,0.601776,8.0,3.1858,1010.8614,948.0375,7.6352,-7.6352,20,current
2025|autumn|2025-10-11|秋季北信越大会 2025 日程・結果|1R|長野日大(長野2)|4|高岡第一(富山2)|5,2025,autumn,2025-10-11,秋季北信越大会 2025 日程・結果,1R,regional,長野,富山,4,5,948.0375,909.3835,0.551474,8.0,-4.4118,943.6257,913.7952,-1.3796,1.3796,10,current
2025|autumn|2025-10-11|秋季北信越大会 2025 日程・結果|1R|星稜(石川3)|5|富山商(富山1)|3,2025,autumn,2025-10-11,秋季北信越大会 2025 日程・結果,1R,regional,石川,富山,5,3,1067.5843,913.7952,0.765297,8.0,1.8776,1069.4619,911.9176,25.7677,-25.7677,23,current
2025|autumn|2025-10-11|秋季北信越大会 2025 日程・結果|1R|福井商(福井3)|2|日本文理(新潟1)|3,2025,autumn,2025-10-11,秋季北信越大会 2025 日程・結果,1R,regional,福井,新潟,2,3,1010.8614,952.5248,0.617141,8.0,-4.9371,1005.9242,957.462,12.301,-12.301,22,current
2025|autumn|2025-10-12|秋季東京大会 2025 日程・結果|1R|立正大立正|10|桜町|4,2025,autumn,2025-10-12,秋季東京大会 2025 日程・結果,1R,prefecture,東東京,西東京,10,4,1044.0323,1034.8936,0.476124,4.8,2.5146,1046.5469,1032.3789,-12.8712,12.8712,339,current
2025|autumn|2025-10-12|秋季東京大会 2025 日程・結果|1R|東海大菅生|2|修徳|6,2025,autumn,2025-10-12,秋季東京大会 2025 日程・結果,1R,prefecture,西東京,東東京,2,6,1032.3789,1046.5469,0.511354,4.8,-2.4545,1029.9244,1049.0014,11.0295,-11.0295,340,current
2025|autumn|2025-10-12|秋季東京大会 2025 日程・結果|1R|城東|5|明星|0,2025,autumn,2025-10-12,秋季東京大会 2025 日程・結果,1R,prefecture,東東京,西東京,5,0,1049.0014,1029.9244,0.500883,4.8,2.3958,1051.3972,1027.5287,-9.2315,9.2315,341,current
2025|autumn|2025-10-12|秋季東京大会 2025 日程・結果|1R|日大三|9|大森学園|3,2025,autumn,2025-10-12,秋季東京大会 2025 日程・結果,1R,prefecture,西東京,東東京,9,3,1027.5287,1051.3972,0.487172,4.8,2.4616,1029.9903,1048.9356,7.4764,-7.4764,342,current
2025|autumn|2025-10-12|秋季東京大会 2025 日程・結果|1R|桜修館|2|世田谷学園|9,2025,autumn,2025-10-12,秋季東京大会 2025 日程・結果,1R,prefecture,東東京,西東京,2,9,1048.9356,1029.9903,0.500552,4.8,-2.4026,1046.533,1032.3929,-9.281,9.281,343,current
2025|autumn|2025-10-12|秋季東京大会 2025 日程・結果|1R|八王子実践|8|高島|1,2025,autumn,2025-10-12,秋季東京大会 2025 日程・結果,1R,prefecture,西東京,東東京,8,1,1032.3929,1046.533,0.511432,4.8,2.3451,1034.738,1044.1878,11.0427,-11.0427,344,current
2025|autumn|2025-10-12|秋季東京大会 2025 日程・結果|1R|実践学園|3|府中工科|5,2025,autumn,2025-10-12,秋季東京大会 2025 日程・結果,1R,prefecture,東東京,西東京,3,5,1044.1878,1034.738,0.476883,4.8,-2.289,1041.8988,1037.0271,-12.7624,12.7624,345,current
2025|autumn|2025-10-12|秋季東京大会 2025 日程・結果|1R|早稲田実|3|岩倉|4,2025,autumn,2025-10-12,秋季東京大会 2025 日程・結果,1R,prefecture,西東京,東東京,3,4,1037.0271,1041.8988,0.534499,4.8,-2.5656,1034.4615,1044.4644,14.4412,-14.4412,346,current
2025|autumn|2025-10-12|秋季東京大会 2025 日程・結果|1R|武蔵丘|0|駒大高|7,2025,autumn,2025-10-12,秋季東京大会 2025 日程・結果,1R,prefecture,東東京,西東京,0,7,1044.4644,1034.4615,0.478255,4.8,-2.2956,1042.1688,1036.7571,-12.5613,12.5613,347,current
2025|autumn|2025-10-12|秋季東京大会 2025 日程・結果|1R|帝京|6|専大附|2,2025,autumn,2025-10-12,秋季東京大会 2025 日程・結果,1R,prefecture,東東京,西東京,6,2,1042.1688,1036.7571,0.466836,4.8,2.5592,1044.728,1034.1979,-14.2451,14.2451,348,current
2025|autumn|2025-10-12|秋季東京大会 2025 日程・結果|1R|朋優学院|0|明大八王子|6,2025,autumn,2025-10-12,秋季東京大会 2025 日程・結果,1R,prefecture,東東京,西東京,0,6,1044.728,1034.1979,0.479563,4.8,-2.3019,1042.4261,1036.4998,-12.3697,12.3697,349,current
2025|autumn|2025-10-12|秋季北信越大会 2025 日程・結果|QF|敦賀気比(福井1)|1|日本航空石川(石川2)|0,2025,autumn,2025-10-12,秋季北信越大会 2025 日程・結果,QF,regional,福井,石川,1,0,1005.9242,1069.4619,0.402921,8.0,4.7766,1010.7009,1064.6853,-2.3936,2.3936,24,current
2025|autumn|2025-10-12|秋季北信越大会 2025 日程・結果|QF|帝京長岡(新潟3)|2|小松大谷(石川1)|1,2025,autumn,2025-10-12,秋季北信越大会 2025 日程・結果,QF,regional,新潟,石川,2,1,957.462,1064.6853,0.341628,8.0,5.267,962.7289,1059.4183,-3.3718,3.3718,20,current
2025|autumn|2025-10-12|秋季北信越大会 2025 日程・結果|QF|日本文理(新潟1)|8|高岡第一(富山2)|5,2025,autumn,2025-10-12,秋季北信越大会 2025 日程・結果,QF,regional,新潟,富山,8,5,962.7289,911.9176,0.583813,8.0,3.3295,966.0584,908.5881,3.9915,-3.9915,13,current
2025|autumn|2025-10-12|秋季北信越大会 2025 日程・結果|QF|星稜(石川3)|2|中越(新潟2)|1,2025,autumn,2025-10-12,秋季北信越大会 2025 日程・結果,QF,regional,石川,新潟,2,1,1059.4183,966.0584,0.632706,8.0,2.9383,1062.3567,963.1201,0.5578,-0.5578,21,current
2025|autumn|2025-10-13|秋季北海道大会 2025 日程・結果|1R|東海大札幌|4|旭川東|1,2025,autumn,2025-10-13,秋季北海道大会 2025 日程・結果,1R,regional,南北海道,北北海道,4,1,1000.8217,970.7446,0.561594,8.0,3.5072,1004.3289,967.2374,6.4707,-6.4707,149,current
2025|autumn|2025-10-13|秋季東京大会 2025 日程・結果|1R|聖パウロ学園|6|豊南|2,2025,autumn,2025-10-13,秋季東京大会 2025 日程・結果,1R,prefecture,西東京,東東京,6,2,1036.4998,1042.4261,0.531891,4.8,2.2469,1038.7467,1040.1791,14.0583,-14.0583,350,current
2025|autumn|2025-10-13|秋季東京大会 2025 日程・結果|1R|郁文館|4|工学院大附|11,2025,autumn,2025-10-13,秋季東京大会 2025 日程・結果,1R,prefecture,東東京,西東京,4,11,1040.1791,1038.7467,0.45696,4.8,-2.1934,1037.9857,1040.9401,-15.7068,15.7068,351,current
2025|autumn|2025-10-13|秋季東京大会 2025 日程・結果|1R|江戸川|3|日大二|10,2025,autumn,2025-10-13,秋季東京大会 2025 日程・結果,1R,prefecture,東東京,西東京,3,10,1037.9857,1040.9401,0.446118,4.8,-2.1414,1035.8444,1043.0815,-17.3163,17.3163,352,current
2025|autumn|2025-10-13|秋季東京大会 2025 日程・結果|1R|国士舘|5|安田学園|2,2025,autumn,2025-10-13,秋季東京大会 2025 日程・結果,1R,prefecture,西東京,東東京,5,2,1043.0815,1035.8444,0.564419,4.8,2.0908,1045.1723,1033.7536,18.8879,-18.8879,353,current
2025|autumn|2025-10-13|秋季東北大会 2025 日程・結果|QF|八工大一(青森2)|3|花巻東(岩手1)|4,2025,autumn,2025-10-13,秋季東北大会 2025 日程・結果,QF,regional,青森,岩手,3,4,1048.6754,995.4069,0.587324,8.0,-4.6986,1043.9768,1000.1055,4.0194,-4.0194,20,current
2025|autumn|2025-10-13|秋季東北大会 2025 日程・結果|QF|日大山形(山形1)|1|東北(宮城2)|9,2025,autumn,2025-10-13,秋季東北大会 2025 日程・結果,QF,regional,山形,宮城,1,9,974.1889,1056.6851,0.384738,8.0,-3.0779,971.111,1059.763,0.4692,-0.4692,14,current
2025|autumn|2025-10-13|秋季東北大会 2025 日程・結果|QF|金足農業(秋田2)|4|八学光星(青森1)|10,2025,autumn,2025-10-13,秋季東北大会 2025 日程・結果,QF,regional,秋田,青森,4,10,950.7268,1043.9768,0.337508,8.0,-2.7001,948.0268,1046.6769,-11.9542,11.9542,16,current
2025|autumn|2025-10-13|秋季東北大会 2025 日程・結果|QF|聖光学院(福島1)|4|仙台育英(宮城1)|1,2025,autumn,2025-10-13,秋季東北大会 2025 日程・結果,QF,regional,福島,宮城,4,1,979.7453,1059.763,0.378484,8.0,4.9721,984.7174,1054.7909,-3.0722,3.0722,22,current
2025|autumn|2025-10-14|秋季北海道大会 2025 日程・結果|2R|北広島|4|士別翔雲|10,2025,autumn,2025-10-14,秋季北海道大会 2025 日程・結果,2R,regional,南北海道,北北海道,4,10,1004.3289,967.2374,0.578542,8.0,-4.6283,999.7006,971.8657,8.9702,-8.9702,150,current
2025|autumn|2025-10-14|秋季東北大会 2025 日程・結果|SF|東北(宮城2)|1|花巻東(岩手1)|4,2025,autumn,2025-10-14,秋季東北大会 2025 日程・結果,SF,regional,宮城,岩手,1,4,1054.7909,1000.1055,0.600533,8.0,-4.8043,1049.9866,1004.9098,8.0685,-8.0685,14,current
2025|autumn|2025-10-14|秋季東北大会 2025 日程・結果|SF|聖光学院(福島1)|0|八学光星(青森1)|7,2025,autumn,2025-10-14,秋季東北大会 2025 日程・結果,SF,regional,福島,青森,0,7,984.7174,1046.6769,0.399498,8.0,-3.196,981.5215,1049.8729,-4.4201,4.4201,16,current
2025|autumn|2025-10-15|秋季北海道大会 2025 日程・結果|2R|東海大札幌|1|旭川実業|6,2025,autumn,2025-10-15,秋季北海道大会 2025 日程・結果,2R,regional,南北海道,北北海道,1,6,999.7006,971.8657,0.556158,8.0,-4.4493,995.2513,976.315,5.6766,-5.6766,151,current
2025|autumn|2025-10-17|秋季東北大会 2025 日程・結果|F|八学光星(青森1)|2|花巻東(岩手1)|3,2025,autumn,2025-10-17,秋季東北大会 2025 日程・結果,F,regional,青森,岩手,2,3,1049.8729,1004.9098,0.568654,8.0,-4.5492,1045.3236,1009.459,1.523,-1.523,21,current
2025|autumn|2025-10-18|秋季東京大会 2025 日程・結果|2R|岩倉|3|聖パウロ学園|4,2025,autumn,2025-10-18,秋季東京大会 2025 日程・結果,2R,prefecture,東東京,西東京,3,4,1033.7536,1045.1723,0.425349,4.8,-2.0417,1031.7119,1047.214,-20.4225,20.4225,354,current
2025|autumn|2025-10-18|秋季東京大会 2025 日程・結果|2R|修徳|1|桜美林|2,2025,autumn,2025-10-18,秋季東京大会 2025 日程・結果,2R,prefecture,東東京,西東京,1,2,1031.7119,1047.214,0.415417,4.8,-1.994,1029.7179,1049.208,-21.9213,21.9213,355,current
2025|autumn|2025-10-18|秋季東京大会 2025 日程・結果|2R|府中工科|0|関東第一|9,2025,autumn,2025-10-18,秋季東京大会 2025 日程・結果,2R,prefecture,西東京,東東京,0,9,1049.208,1029.7179,0.594217,4.8,-2.8522,1046.3557,1032.5701,23.3853,-23.3853,356,current
2025|autumn|2025-10-18|秋季東京大会 2025 日程・結果|2R|日野|9|立正大立正|2,2025,autumn,2025-10-18,秋季東京大会 2025 日程・結果,2R,prefecture,西東京,東東京,9,2,1046.3557,1032.5701,0.580425,4.8,2.014,1048.3697,1030.5562,21.2944,-21.2944,357,current
2025|autumn|2025-10-18|秋季東京大会 2025 日程・結果|2R|狛江|3|東海大高輪台|10,2025,autumn,2025-10-18,秋季東京大会 2025 日程・結果,2R,prefecture,西東京,東東京,3,10,1048.3697,1030.5562,0.590185,4.8,-2.8329,1045.5368,1033.3891,22.7732,-22.7732,358,current
2025|autumn|2025-10-18|秋季北信越大会 2025 日程・結果|SF|星稜(石川3)|1|帝京長岡(新潟3)|2,2025,autumn,2025-10-18,秋季北信越大会 2025 日程・結果,SF,regional,石川,新潟,1,2,1062.3567,963.1201,0.644823,8.0,-5.1586,1057.1981,968.2787,2.181,-2.181,22,current
2025|autumn|2025-10-18|秋季北信越大会 2025 日程・結果|SF|日本文理(新潟1)|7|敦賀気比(福井1)|6,2025,autumn,2025-10-18,秋季北信越大会 2025 日程・結果,SF,regional,新潟,福井,7,6,968.2787,1010.7009,0.411964,8.0,4.7043,972.983,1005.9966,-9.698,9.698,23,current
2025|autumn|2025-10-18|秋季関東大会 2025 日程・結果|1R|横浜(神奈川1)|5|高崎商大附(群馬2)|4,2025,autumn,2025-10-18,秋季関東大会 2025 日程・結果,1R,regional,神奈川,群馬,5,4,1056.8733,1044.2717,0.516584,8.0,3.8673,1060.7407,1040.4043,-0.5369,0.5369,10,current
2025|autumn|2025-10-18|秋季関東大会 2025 日程・結果|1R|下妻一(茨城2)|6|浦和学院(埼玉2)|12,2025,autumn,2025-10-18,秋季関東大会 2025 日程・結果,1R,regional,茨城,埼玉,6,12,978.8706,1001.7144,0.458677,8.0,-3.6694,975.2012,1005.3838,-2.9681,2.9681,7,current
2025|autumn|2025-10-18|秋季関東大会 2025 日程・結果|1R|専大松戸(千葉1)|11|文星芸大附(栃木2)|2,2025,autumn,2025-10-18,秋季関東大会 2025 日程・結果,1R,regional,千葉,栃木,11,2,1010.3185,966.3024,0.579494,8.0,3.364,1013.6825,962.9384,5.8472,-5.8472,7,current
2025|autumn|2025-10-18|秋季近畿大会 2025 日程・結果|1R|滋賀学園(滋賀3)|5|乙訓(京都2)|2,2025,autumn,2025-10-18,秋季近畿大会 2025 日程・結果,1R,regional,滋賀,京,5,2,1016.7639,1055.9322,0.438333,8.0,4.4933,1021.2572,1051.4389,-1.9509,1.9509,4,current
2025|autumn|2025-10-18|秋季近畿大会 2025 日程・結果|1R|智辯学園(奈良1)|8|近大付(大阪2)|6,2025,autumn,2025-10-18,秋季近畿大会 2025 日程・結果,1R,regional,奈良,大阪,8,6,1049.049,1100.8573,0.424012,8.0,4.6079,1053.6569,1096.2494,-0.7029,0.7029,16,current
2025|autumn|2025-10-18|秋季近畿大会 2025 日程・結果|1R|近大新宮(和歌山1)|1|東洋大姫路(兵庫3)|4,2025,autumn,2025-10-18,秋季近畿大会 2025 日程・結果,1R,regional,和歌山,兵庫,1,4,1030.1329,1050.6403,0.488452,8.0,-3.9076,1026.2253,1054.5479,6.2409,-6.2409,17,current
2025|autumn|2025-10-18|秋季四国大会 2025 日程・結果|1R|土佐(高知2)|5|海部(徳島3)|4,2025,autumn,2025-10-18,秋季四国大会 2025 日程・結果,1R,regional,高知,徳島,5,4,1049.5345,966.549,0.644586,8.0,2.8433,1052.3778,963.7057,10.2164,-10.2164,24,current
2025|autumn|2025-10-18|秋季四国大会 2025 日程・結果|1R|英明(香川2)|1|高知商業(高知3)|0,2025,autumn,2025-10-18,秋季四国大会 2025 日程・結果,1R,regional,香川,高知,1,0,997.9256,1052.3778,0.45551,8.0,4.3559,1002.2815,1048.0219,11.7278,-11.7278,29,current
2025|autumn|2025-10-18|秋季四国大会 2025 日程・結果|1R|西条(愛媛2)|4|尽誠学園(香川3)|2,2025,autumn,2025-10-18,秋季四国大会 2025 日程・結果,1R,regional,愛媛,香川,4,2,933.6962,1002.2815,0.405752,8.0,4.754,938.4502,997.5275,1.1512,-1.1512,18,current
2025|autumn|2025-10-18|秋季四国大会 2025 日程・結果|1R|徳島商(徳島2)|4|新田(愛媛3)|3,2025,autumn,2025-10-18,秋季四国大会 2025 日程・結果,1R,regional,徳島,愛媛,4,3,963.7057,938.4502,0.548565,8.0,3.6115,967.3172,934.8387,4.2987,-4.2987,17,current
2025|autumn|2025-10-18|秋季東海大会 2025 日程・結果|1R|中京(岐阜2)|6|常葉大菊川(静岡3)|8,2025,autumn,2025-10-18,秋季東海大会 2025 日程・結果,1R,regional,岐阜,静岡,6,8,988.1469,981.149,0.510801,8.0,-4.0864,984.0605,985.2354,0.2541,-0.2541,21,current
2025|autumn|2025-10-18|秋季東海大会 2025 日程・結果|1R|津田学園(三重2)|3|岐阜城北(岐阜3)|10,2025,autumn,2025-10-18,秋季東海大会 2025 日程・結果,1R,regional,三重,岐阜,3,10,976.3491,984.0605,0.520573,8.0,-4.1646,972.1845,988.2251,11.0076,-11.0076,20,current
2025|autumn|2025-10-18|秋季東海大会 2025 日程・結果|1R|豊川(愛知2)|4|津商(三重3)|5,2025,autumn,2025-10-18,秋季東海大会 2025 日程・結果,1R,regional,愛知,三重,4,5,1002.5657,972.1845,0.575662,8.0,-4.6053,997.9604,976.7898,11.3004,-11.3004,22,current
2025|autumn|2025-10-18|秋季東海大会 2025 日程・結果|1R|掛川西(静岡2)|1|東邦(愛知3)|2,2025,autumn,2025-10-18,秋季東海大会 2025 日程・結果,1R,regional,静岡,愛知,1,2,985.2354,997.9604,0.474064,8.0,-3.7925,981.4429,1001.753,-2.6565,2.6565,27,current
2025|autumn|2025-10-19|秋季北海道大会 2025 日程・結果|SF|白樺学園|8|立命館慶祥|1,2025,autumn,2025-10-19,秋季北海道大会 2025 日程・結果,SF,regional,北北海道,南北海道,8,1,976.315,995.2513,0.465583,8.0,4.2753,980.5903,990.976,-2.5084,2.5084,152,current
2025|autumn|2025-10-19|秋季北海道大会 2025 日程・結果|SF|北照|7|旭川実業|0,2025,autumn,2025-10-19,秋季北海道大会 2025 日程・結果,SF,regional,南北海道,北北海道,7,0,990.976,980.5903,0.513395,8.0,3.8928,994.8688,976.6975,-0.538,0.538,153,current
2025|autumn|2025-10-19|秋季東京大会 2025 日程・結果|2R|城東|6|駒大高|3,2025,autumn,2025-10-19,秋季東京大会 2025 日程・結果,2R,prefecture,東東京,西東京,6,3,1033.3891,1045.5368,0.423554,4.8,2.7669,1036.156,1042.7699,-20.6962,20.6962,359,current
2025|autumn|2025-10-19|秋季東京大会 2025 日程・結果|2R|成立学園|4|創価|3,2025,autumn,2025-10-19,秋季東京大会 2025 日程・結果,2R,prefecture,東東京,西東京,4,3,1036.156,1042.7699,0.437088,4.8,2.702,1038.858,1040.0679,-18.6674,18.6674,360,current
2025|autumn|2025-10-19|秋季東京大会 2025 日程・結果|2R|日大櫻丘|0|帝京|11,2025,autumn,2025-10-19,秋季東京大会 2025 日程・結果,2R,prefecture,西東京,東東京,0,11,1040.0679,1038.858,0.549603,4.8,-2.6381,1037.4298,1041.4961,16.6859,-16.6859,361,current
2025|autumn|2025-10-19|秋季関東大会 2025 日程・結果|1R|桐生第一(群馬1)|0|甲府工(山梨2)|1,2025,autumn,2025-10-19,秋季関東大会 2025 日程・結果,1R,regional,群馬,山梨,0,1,1040.4043,1015.2444,0.552542,8.0,-4.4203,1035.984,1019.6648,5.7426,-5.7426,16,current
2025|autumn|2025-10-19|秋季関東大会 2025 日程・結果|1R|下妻二(茨城1)|3|駿台甲府(山梨3)|9,2025,autumn,2025-10-19,秋季関東大会 2025 日程・結果,1R,regional,茨城,山梨,3,9,975.2012,1019.6648,0.446398,8.0,-3.5712,971.63,1023.236,3.5366,-3.5366,5,current
2025|autumn|2025-10-19|秋季関東大会 2025 日程・結果|1R|花咲徳栄(埼玉1)|10|法政二(神奈川2)|9,2025,autumn,2025-10-19,秋季関東大会 2025 日程・結果,1R,regional,埼玉,神奈川,10,9,1005.3838,1060.7407,0.393526,8.0,4.8518,1010.2356,1055.8889,-9.8893,9.8893,19,current
2025|autumn|2025-10-19|秋季関東大会 2025 日程・結果|1R|佐野日大(栃木1)|8|中央学院(千葉2)|7,2025,autumn,2025-10-19,秋季関東大会 2025 日程・結果,1R,regional,栃木,千葉,8,7,962.9384,1013.6825,0.406427,8.0,4.7486,967.687,1008.934,-7.5264,7.5264,8,current
2025|autumn|2025-10-19|秋季近畿大会 2025 日程・結果|1R|大阪桐蔭(大阪1)|7|市和歌山(和歌山2)|1,2025,autumn,2025-10-19,秋季近畿大会 2025 日程・結果,1R,regional,大阪,和歌山,7,1,1096.2494,1026.2253,0.600472,8.0,3.1962,1099.4456,1023.029,0.3771,-0.3771,17,current
2025|autumn|2025-10-19|秋季近畿大会 2025 日程・結果|1R|彦根東(滋賀2)|0|天理(奈良2)|7,2025,autumn,2025-10-19,秋季近畿大会 2025 日程・結果,1R,regional,滋賀,奈良,0,7,1021.2572,1053.6569,0.443844,8.0,-3.5508,1017.7065,1057.2077,-3.3934,3.3934,9,current
2025|autumn|2025-10-19|秋季近畿大会 2025 日程・結果|1R|近江(滋賀1)|9|市尼崎(兵庫2)|1,2025,autumn,2025-10-19,秋季近畿大会 2025 日程・結果,1R,regional,滋賀,兵庫,9,1,1017.7065,1054.5479,0.456036,8.0,4.3517,1022.0582,1050.1962,3.1067,-3.1067,6,current
2025|autumn|2025-10-19|秋季四国大会 2025 日程・結果|QF|藤井(香川1)|6|土佐(高知2)|0,2025,autumn,2025-10-19,秋季四国大会 2025 日程・結果,QF,regional,香川,高知,6,0,997.5275,1048.0219,0.468797,8.0,4.2496,1001.7771,1043.7723,14.3921,-14.3921,30,current
2025|autumn|2025-10-19|秋季四国大会 2025 日程・結果|QF|松山聖陵(愛媛1)|2|英明(香川2)|12,2025,autumn,2025-10-19,秋季四国大会 2025 日程・結果,QF,regional,愛媛,香川,2,12,934.8387,1001.7771,0.415088,8.0,-3.3207,931.518,1005.0978,3.6792,-3.6792,19,current
2025|autumn|2025-10-19|秋季四国大会 2025 日程・結果|QF|明徳義塾(高知1)|3|徳島商(徳島2)|1,2025,autumn,2025-10-19,秋季四国大会 2025 日程・結果,QF,regional,高知,徳島,3,1,1043.7723,967.3172,0.640496,8.0,2.876,1046.6483,964.4412,11.9352,-11.9352,25,current
2025|autumn|2025-10-19|秋季四国大会 2025 日程・結果|QF|阿南光(徳島1)|3|西条(愛媛2)|0,2025,autumn,2025-10-19,秋季四国大会 2025 日程・結果,QF,regional,徳島,愛媛,3,0,964.4412,931.518,0.565004,8.0,3.48,967.9212,928.038,6.2517,-6.2517,18,current
2025|autumn|2025-10-19|秋季東海大会 2025 日程・結果|QF|大垣日大(岐阜1)|8|東邦(愛知3)|2,2025,autumn,2025-10-19,秋季東海大会 2025 日程・結果,QF,regional,岐阜,愛知,8,2,988.2251,1001.753,0.494434,8.0,4.0445,992.2697,997.7084,4.8299,-4.8299,25,current
2025|autumn|2025-10-19|秋季東海大会 2025 日程・結果|QF|三重(三重1)|8|常葉大菊川(静岡3)|4,2025,autumn,2025-10-19,秋季東海大会 2025 日程・結果,QF,regional,三重,静岡,8,4,976.7898,981.4429,0.474797,8.0,4.2016,980.9914,977.2412,-6.4374,6.4374,20,current
2025|autumn|2025-10-19|秋季東海大会 2025 日程・結果|QF|聖隷クリストファー(静岡1)|5|津商(三重3)|3,2025,autumn,2025-10-19,秋季東海大会 2025 日程・結果,QF,regional,静岡,三重,5,3,977.2412,980.9914,0.506819,8.0,3.9455,981.1867,977.046,4.2442,-4.2442,21,current
2025|autumn|2025-10-19|秋季東海大会 2025 日程・結果|QF|中京大中京(愛知1)|14|岐阜城北(岐阜3)|3,2025,autumn,2025-10-19,秋季東海大会 2025 日程・結果,QF,regional,愛知,岐阜,14,3,997.7084,992.2697,0.487121,8.0,4.103,1001.8115,988.1666,-7.195,7.195,26,current
2025|autumn|2025-10-20|秋季北海道大会 2025 日程・結果|F|白樺学園|0|北照|2,2025,autumn,2025-10-20,秋季北海道大会 2025 日程・結果,F,regional,北北海道,南北海道,0,2,976.6975,994.8688,0.467456,8.0,-3.7396,972.9578,998.6085,-2.2373,2.2373,154,current
2025|autumn|2025-10-20|秋季関東大会 2025 日程・結果|QF|専大松戸(千葉1)|4|横浜(神奈川1)|2,2025,autumn,2025-10-20,秋季関東大会 2025 日程・結果,QF,regional,千葉,神奈川,4,2,1008.934,1055.8889,0.460373,8.0,4.317,1013.251,1051.5719,9.6806,-9.6806,16,current
2025|autumn|2025-10-20|秋季関東大会 2025 日程・結果|QF|山梨学院(山梨1)|6|浦和学院(埼玉2)|3,2025,autumn,2025-10-20,秋季関東大会 2025 日程・結果,QF,regional,山梨,埼玉,6,3,1023.236,1010.2356,0.531003,8.0,3.752,1026.9879,1006.4836,4.2851,-4.2851,12,current
2025|autumn|2025-10-21|秋季関東大会 2025 日程・結果|QF|佐野日大(栃木1)|7|駿台甲府(山梨3)|0,2025,autumn,2025-10-21,秋季関東大会 2025 日程・結果,QF,regional,栃木,山梨,7,0,967.687,1026.9879,0.416502,8.0,4.668,972.355,1022.32,0.3662,-0.3662,6,current
2025|autumn|2025-10-21|秋季関東大会 2025 日程・結果|QF|花咲徳栄(埼玉1)|10|甲府工(山梨2)|0,2025,autumn,2025-10-21,秋季関東大会 2025 日程・結果,QF,regional,埼玉,山梨,10,0,1006.4836,1022.32,0.459559,8.0,4.3235,1010.8071,1017.9964,-6.1631,6.1631,13,current
2025|autumn|2025-10-24|秋季中国大会 2025 日程・結果|1R|桜ケ丘(山口2)|1|崇徳(広島2)|8,2025,autumn,2025-10-24,秋季中国大会 2025 日程・結果,1R,regional,山口,広島,1,8,988.7222,1057.7035,0.363007,8.0,-2.9041,985.8182,1060.6076,-14.3533,14.3533,21,current
2025|autumn|2025-10-24|秋季中国大会 2025 日程・結果|1R|石見智翠館(島根2)|5|玉島商(岡山2)|4,2025,autumn,2025-10-24,秋季中国大会 2025 日程・結果,1R,regional,島根,岡山,5,4,945.8491,1010.0653,0.373378,8.0,5.013,950.862,1005.0523,-12.8633,12.8633,14,current
2025|autumn|2025-10-24|秋季中国大会 2025 日程・結果|1R|下関国際(山口1)|6|鳥取商(鳥取3)|3,2025,autumn,2025-10-24,秋季中国大会 2025 日程・結果,1R,regional,山口,鳥取,6,3,985.8182,956.6255,0.551013,8.0,3.5919,989.41,953.0336,3.1893,-3.1893,9,current
2025|autumn|2025-10-24|秋季中国大会 2025 日程・結果|1R|島根中央(島根1)|4|関西(岡山3)|5,2025,autumn,2025-10-24,秋季中国大会 2025 日程・結果,1R,regional,島根,岡山,4,5,950.862,1005.0523,0.392817,8.0,-3.1425,947.7195,1008.1949,-10.7309,10.7309,15,current
2025|autumn|2025-10-25|秋季中国大会 2025 日程・結果|1R|山口県鴻城(山口3)|1|倉敷商(岡山1)|5,2025,autumn,2025-10-25,秋季中国大会 2025 日程・結果,1R,regional,山口,岡山,1,5,989.41,1008.1949,0.478228,8.0,-3.8258,985.5842,1012.0207,1.8232,-1.8232,20,current
2025|autumn|2025-10-25|秋季中国大会 2025 日程・結果|1R|高川学園(山口4)|8|広陵(広島1)|2,2025,autumn,2025-10-25,秋季中国大会 2025 日程・結果,1R,regional,山口,広島,8,2,985.5842,1060.6076,0.350326,8.0,5.1974,990.7816,1055.4102,-16.1328,16.1328,22,current
2025|autumn|2025-10-25|秋季中国大会 2025 日程・結果|1R|広島商(広島3)|5|米子松蔭(鳥取2)|4,2025,autumn,2025-10-25,秋季中国大会 2025 日程・結果,1R,regional,広島,鳥取,5,4,1055.4102,953.0336,0.68729,8.0,2.5017,1057.9119,950.532,17.2115,-17.2115,22,current
2025|autumn|2025-10-25|秋季中国大会 2025 日程・結果|1R|鳥取城北(鳥取1)|4|立正大淞南(島根3)|3,2025,autumn,2025-10-25,秋季中国大会 2025 日程・結果,1R,regional,鳥取,島根,4,3,950.532,947.7195,0.528912,8.0,3.7687,954.3007,943.9508,8.6501,-8.6501,10,current
2025|autumn|2025-10-25|秋季関東大会 2025 日程・結果|SF|花咲徳栄(埼玉1)|7|佐野日大(栃木1)|4,2025,autumn,2025-10-25,秋季関東大会 2025 日程・結果,SF,regional,埼玉,栃木,7,4,1010.8071,972.355,0.570943,8.0,3.4325,1014.2396,968.9225,5.5893,-5.5893,9,current
2025|autumn|2025-10-25|秋季関東大会 2025 日程・結果|SF|山梨学院(山梨1)|11|専大松戸(千葉1)|4,2025,autumn,2025-10-25,秋季関東大会 2025 日程・結果,SF,regional,山梨,千葉,11,4,1017.9964,1013.251,0.498008,8.0,4.0159,1022.0124,1009.235,-3.0649,3.0649,10,current
2025|autumn|2025-10-25|秋季近畿大会 2025 日程・結果|1R|龍谷大平安(京都1)|2|橿原学院(奈良3)|3,2025,autumn,2025-10-25,秋季近畿大会 2025 日程・結果,1R,regional,京,奈良,2,3,1051.4389,1057.2077,0.497868,8.0,-3.9829,1047.4559,1061.1906,2.1436,-2.1436,12,current
2025|autumn|2025-10-25|秋季近畿大会 2025 日程・結果|1R|神戸国際大付(兵庫1)|3|金光大阪(大阪3)|1,2025,autumn,2025-10-25,秋季近畿大会 2025 日程・結果,1R,regional,兵庫,大阪,3,1,1050.1962,1099.4456,0.441659,8.0,4.4667,1054.6629,1094.9789,4.2621,-4.2621,17,current
2025|autumn|2025-10-25|秋季九州大会 2025 日程・結果|1R|日本ウェルネス沖縄(沖縄2)|7|明豊(大分1)|3,2025,autumn,2025-10-25,秋季九州大会 2025 日程・結果,1R,regional,沖縄,大分,7,3,1048.2635,1034.5053,0.52132,8.0,3.8294,1052.093,1030.6758,0.5326,-0.5326,6,current
2025|autumn|2025-10-25|秋季九州大会 2025 日程・結果|1R|小林西(宮崎1)|2|出水中央(鹿児島2)|1,2025,autumn,2025-10-25,秋季九州大会 2025 日程・結果,1R,regional,宮崎,鹿児島,2,1,921.3778,1029.9234,0.34418,8.0,5.2466,926.6244,1024.6768,-1.7269,1.7269,6,current
2025|autumn|2025-10-25|秋季九州大会 2025 日程・結果|1R|福岡大大濠(福岡2)|1|熊本工業(熊本1)|4,2025,autumn,2025-10-25,秋季九州大会 2025 日程・結果,1R,regional,福岡,熊本,1,4,1032.9983,965.4072,0.591705,8.0,-4.7336,1028.2647,970.1408,-1.5695,1.5695,8,current
2025|autumn|2025-10-25|秋季九州大会 2025 日程・結果|1R|龍谷(佐賀2)|0|長崎日大(長崎1)|6,2025,autumn,2025-10-25,秋季九州大会 2025 日程・結果,1R,regional,佐賀,長崎,0,6,918.9454,988.484,0.397566,8.0,-3.1805,915.7649,991.6646,-1.3306,1.3306,4,current
2025|autumn|2025-10-25|秋季四国大会 2025 日程・結果|SF|明徳義塾(高知1)|1|英明(香川2)|2,2025,autumn,2025-10-25,秋季四国大会 2025 日程・結果,SF,regional,高知,香川,1,2,1046.6483,1005.0978,0.510795,8.0,-4.0864,1042.5619,1009.1842,-17.0239,17.0239,31,current
2025|autumn|2025-10-25|秋季四国大会 2025 日程・結果|SF|阿南光(徳島1)|6|藤井(香川1)|5,2025,autumn,2025-10-25,秋季四国大会 2025 日程・結果,SF,regional,徳島,香川,6,5,967.9212,1009.1842,0.427392,8.0,4.5809,972.502,1004.6033,-4.7746,4.7746,27,current
2025|autumn|2025-10-25|秋季東海大会 2025 日程・結果|SF|中京大中京(愛知1)|6|大垣日大(岐阜1)|4,2025,autumn,2025-10-25,秋季東海大会 2025 日程・結果,SF,regional,愛知,岐阜,6,4,1001.8115,988.1666,0.505578,8.0,3.9554,1005.7668,984.2112,-4.8843,4.8843,27,current
2025|autumn|2025-10-25|秋季東海大会 2025 日程・結果|SF|聖隷クリストファー(静岡1)|2|三重(三重1)|10,2025,autumn,2025-10-25,秋季東海大会 2025 日程・結果,SF,regional,静岡,三重,2,10,981.1867,977.046,0.524556,8.0,-4.1964,976.9902,981.2424,6.4681,-6.4681,22,current
2025|autumn|2025-10-26|秋季中国大会 2025 日程・結果|QF|広島商(広島3)|4|倉敷商(岡山1)|5,2025,autumn,2025-10-26,秋季中国大会 2025 日程・結果,QF,regional,広島,岡山,4,5,1057.9119,1012.0207,0.529424,8.0,-4.2354,1053.6765,1016.2561,-12.711,12.711,29,current
2025|autumn|2025-10-26|秋季中国大会 2025 日程・結果|QF|鳥取城北(鳥取1)|0|高川学園(山口4)|10,2025,autumn,2025-10-26,秋季中国大会 2025 日程・結果,QF,regional,鳥取,山口,0,10,954.3007,990.7816,0.433948,8.0,-3.4716,950.8291,994.2532,-4.8434,4.8434,10,current
2025|autumn|2025-10-26|秋季中国大会 2025 日程・結果|QF|関西(岡山3)|0|崇徳(広島2)|5,2025,autumn,2025-10-26,秋季中国大会 2025 日程・結果,QF,regional,岡山,広島,0,5,1016.2561,1053.6765,0.490218,8.0,-3.9217,1012.3343,1057.5982,15.3111,-15.3111,30,current
2025|autumn|2025-10-26|秋季中国大会 2025 日程・結果|QF|下関国際(山口1)|6|石見智翠館(島根2)|3,2025,autumn,2025-10-26,秋季中国大会 2025 日程・結果,QF,regional,山口,島根,6,3,994.2532,943.9508,0.586828,8.0,3.3054,997.5586,940.6454,5.3249,-5.3249,17,current
2025|autumn|2025-10-26|秋季関東大会 2025 日程・結果|F|山梨学院(山梨1)|14|花咲徳栄(埼玉1)|5,2025,autumn,2025-10-26,秋季関東大会 2025 日程・結果,F,regional,山梨,埼玉,14,5,1022.0124,1014.2396,0.523464,8.0,3.8123,1025.8247,1010.4273,4.272,-4.272,14,current
2025|autumn|2025-10-26|秋季近畿大会 2025 日程・結果|QF|神戸国際大付(兵庫1)|3|橿原学院(奈良3)|0,2025,autumn,2025-10-26,秋季近畿大会 2025 日程・結果,QF,regional,兵庫,奈良,3,0,1054.6629,1061.1906,0.483132,8.0,4.1349,1058.7979,1057.0557,-2.5989,2.5989,10,current
2025|autumn|2025-10-26|秋季近畿大会 2025 日程・結果|QF|天理(奈良2)|0|大阪桐蔭(大阪1)|10,2025,autumn,2025-10-26,秋季近畿大会 2025 日程・結果,QF,regional,奈良,大阪,0,10,1057.0557,1094.9789,0.450289,8.0,-3.6023,1053.4534,1098.5812,1.633,-1.633,17,current
2025|autumn|2025-10-26|秋季九州大会 2025 日程・結果|1R|神村学園(鹿児島1)|6|宮崎学園(宮崎2)|2,2025,autumn,2025-10-26,秋季九州大会 2025 日程・結果,1R,regional,鹿児島,宮崎,6,2,1024.6768,926.6244,0.637596,8.0,2.8992,1027.5761,923.7251,0.0441,-0.0441,7,current
2025|autumn|2025-10-26|秋季九州大会 2025 日程・結果|1R|唐津商(佐賀1)|2|長崎西(長崎2)|9,2025,autumn,2025-10-26,秋季九州大会 2025 日程・結果,1R,regional,佐賀,長崎,2,9,915.7649,991.6646,0.385764,8.0,-3.0861,912.6788,994.7507,-2.4528,2.4528,5,current
2025|autumn|2025-10-26|秋季九州大会 2025 日程・結果|1R|沖縄尚学(沖縄1)|1|有明(熊本2)|0,2025,autumn,2025-10-26,秋季九州大会 2025 日程・結果,1R,regional,沖縄,熊本,1,0,1052.093,970.1408,0.625201,8.0,2.9984,1055.0914,967.1424,3.4681,-3.4681,7,current
2025|autumn|2025-10-26|秋季九州大会 2025 日程・結果|1R|杵築(大分2)|0|九州国際大付(福岡1)|7,2025,autumn,2025-10-26,秋季九州大会 2025 日程・結果,1R,regional,大分,福岡,0,7,1030.6758,1028.2647,0.515699,8.0,-4.1256,1026.5502,1032.3903,4.2505,-4.2505,22,current
2025|autumn|2025-10-26|秋季四国大会 2025 日程・結果|F|阿南光(徳島1)|2|英明(香川2)|7,2025,autumn,2025-10-26,秋季四国大会 2025 日程・結果,F,regional,徳島,香川,2,7,972.502,1004.6033,0.447829,8.0,-3.5826,968.9194,1008.1859,-2.1418,2.1418,28,current
2025|autumn|2025-10-27|秋季近畿大会 2025 日程・結果|QF|東洋大姫路(兵庫3)|5|智辯学園(奈良1)|6,2025,autumn,2025-10-27,秋季近畿大会 2025 日程・結果,QF,regional,兵庫,奈良,5,6,1058.7979,1053.4534,0.505064,8.0,-4.0405,1054.7574,1057.4939,-0.9129,0.9129,11,current
2025|autumn|2025-10-27|秋季東海大会 2025 日程・結果|F|三重(三重1)|7|中京大中京(愛知1)|8,2025,autumn,2025-10-27,秋季東海大会 2025 日程・結果,F,regional,三重,愛知,7,8,981.2424,1005.7668,0.439474,8.0,-3.5158,977.7266,1009.2826,-8.8703,8.8703,23,current
2025|autumn|2025-10-28|秋季九州大会 2025 日程・結果|QF|九州国際大付(福岡1)|5|長崎西(長崎2)|0,2025,autumn,2025-10-28,秋季九州大会 2025 日程・結果,QF,regional,福岡,長崎,5,0,1032.3903,994.7507,0.577682,8.0,3.3785,1035.7688,991.3721,8.3902,-8.3902,10,current
2025|autumn|2025-10-28|秋季九州大会 2025 日程・結果|QF|沖縄尚学(沖縄1)|1|神村学園(鹿児島1)|4,2025,autumn,2025-10-28,秋季九州大会 2025 日程・結果,QF,regional,沖縄,鹿児島,1,4,1055.0914,1027.5761,0.544768,8.0,-4.3581,1050.7332,1031.9342,1.838,-1.838,9,current
2025|autumn|2025-10-28|秋季九州大会 2025 日程・結果|QF|熊本工業(熊本1)|6|日本ウェルネス沖縄(沖縄2)|1,2025,autumn,2025-10-28,秋季九州大会 2025 日程・結果,QF,regional,熊本,沖縄,6,1,967.1424,1050.7332,0.368906,8.0,5.0488,972.1912,1045.6845,-4.8402,4.8402,8,current
2025|autumn|2025-10-28|秋季九州大会 2025 日程・結果|QF|長崎日大(長崎1)|4|小林西(宮崎1)|1,2025,autumn,2025-10-28,秋季九州大会 2025 日程・結果,QF,regional,長崎,宮崎,4,1,991.3721,923.7251,0.610461,8.0,3.1163,994.4884,920.6088,5.198,-5.198,8,current
2025|autumn|2025-10-30|秋季九州大会 2025 日程・結果|SF|神村学園(鹿児島1)|4|九州国際大付(福岡1)|5,2025,autumn,2025-10-30,秋季九州大会 2025 日程・結果,SF,regional,鹿児島,福岡,4,5,1031.9342,1035.7688,0.502407,8.0,-4.0193,1027.9149,1039.7881,2.7536,-2.7536,13,current
2025|autumn|2025-10-30|秋季九州大会 2025 日程・結果|SF|熊本工業(熊本1)|3|長崎日大(長崎1)|4,2025,autumn,2025-10-30,秋季九州大会 2025 日程・結果,SF,regional,熊本,長崎,3,4,972.1912,994.4884,0.452902,8.0,-3.6232,968.568,998.1117,-5.2636,5.2636,8,current
2025|autumn|2025-11-01|秋季東京大会 2025 日程・結果|QF|日野|7|広尾|0,2025,autumn,2025-11-01,秋季東京大会 2025 日程・結果,QF,regional,西東京,東東京,7,0,1037.4298,1041.4961,0.53654,8.0,3.7077,1041.1375,1037.7884,14.7511,-14.7511,362,current
2025|autumn|2025-11-01|秋季東京大会 2025 日程・結果|QF|明大八王子|1|関東第一|11,2025,autumn,2025-11-01,秋季東京大会 2025 日程・結果,QF,regional,西東京,東東京,1,11,1041.1375,1037.7884,0.554888,8.0,-4.4391,1036.6984,1042.2275,17.4728,-17.4728,363,current
2025|autumn|2025-11-01|秋季中国大会 2025 日程・結果|SF|崇徳(広島2)|10|倉敷商(岡山1)|0,2025,autumn,2025-11-01,秋季中国大会 2025 日程・結果,SF,regional,広島,岡山,10,0,1057.5982,1012.3343,0.527471,8.0,3.7802,1061.3785,1008.5541,-13.0778,13.0778,31,current
2025|autumn|2025-11-01|秋季九州大会 2025 日程・結果|F|長崎日大(長崎1)|2|九州国際大付(福岡1)|3,2025,autumn,2025-11-01,秋季九州大会 2025 日程・結果,F,regional,長崎,福岡,2,3,998.1117,1039.7881,0.411574,8.0,-3.2926,994.8191,1043.0807,-10.2105,10.2105,11,current
2025|autumn|2025-11-02|秋季東京大会 2025 日程・結果|QF|成立学園|0|国士舘|8,2025,autumn,2025-11-02,秋季東京大会 2025 日程・結果,QF,regional,東東京,西東京,0,8,1042.2275,1036.6984,0.467087,8.0,-3.7367,1038.4908,1040.4351,-14.2161,14.2161,364,current
2025|autumn|2025-11-02|秋季東京大会 2025 日程・結果|QF|帝京|3|日大三|0,2025,autumn,2025-11-02,秋季東京大会 2025 日程・結果,QF,regional,東東京,西東京,3,0,1038.4908,1040.4351,0.448572,8.0,4.4114,1042.9022,1036.0236,-16.9594,16.9594,365,current
2025|autumn|2025-11-02|秋季中国大会 2025 日程・結果|F|高川学園(山口4)|0|崇徳(広島2)|5,2025,autumn,2025-11-02,秋季中国大会 2025 日程・結果,F,regional,山口,広島,0,5,997.5586,1061.3785,0.372386,8.0,-2.9791,994.5795,1064.3576,-13.4299,13.4299,23,current
2025|autumn|2025-11-02|秋季近畿大会 2025 日程・結果|SF|大阪桐蔭(大阪1)|1|神戸国際大付(兵庫1)|7,2025,autumn,2025-11-02,秋季近畿大会 2025 日程・結果,SF,regional,大阪,兵庫,1,7,1098.5812,1054.7574,0.54379,8.0,-4.3503,1094.2309,1059.1077,-6.6585,6.6585,18,current
2025|autumn|2025-11-02|秋季近畿大会 2025 日程・結果|SF|智辯学園(奈良1)|7|滋賀学園(滋賀3)|3,2025,autumn,2025-11-02,秋季近畿大会 2025 日程・結果,SF,regional,奈良,滋賀,7,3,1057.4939,1022.0582,0.565132,8.0,3.4789,1060.9728,1018.5792,5.0405,-5.0405,10,current
2025|autumn|2025-11-03|秋季近畿大会 2025 日程・結果|F|智辯学園(奈良1)|6|神戸国際大付(兵庫1)|7,2025,autumn,2025-11-03,秋季近畿大会 2025 日程・結果,F,regional,奈良,兵庫,6,7,1060.9728,1059.1077,0.510639,8.0,-4.0851,1056.8877,1063.1928,2.7643,-2.7643,12,current
2025|autumn|2025-11-08|秋季東京大会 2025 日程・結果|SF|国士舘|0|帝京|9,2025,autumn,2025-11-08,秋季東京大会 2025 日程・結果,SF,regional,西東京,東東京,0,9,1036.0236,1042.9022,0.529563,8.0,-4.2365,1031.7871,1047.1387,13.7226,-13.7226,366,current
2025|autumn|2025-11-08|秋季東京大会 2025 日程・結果|SF|関東第一|9|桜美林|1,2025,autumn,2025-11-08,秋季東京大会 2025 日程・結果,SF,regional,東東京,西東京,9,1,1047.1387,1031.7871,0.491545,8.0,4.0676,1051.2064,1027.7195,-10.6138,10.6138,367,current
2025|jingu|2025-11-14|明治神宮野球大会 2025|1R|山梨学院(山梨)|6|帝京(東京)|3,2025,jingu,2025-11-14,明治神宮野球大会 2025,1R,national,山梨,東東京,6,3,1025.8247,1051.2064,0.461472,9.2,4.9545,1030.7791,1046.2519,-0.7219,0.7219,4,current
2025|jingu|2025-11-14|明治神宮野球大会 2025|1R|英明(香川)|5|帝京長岡(新潟)|2,2025,jingu,2025-11-14,明治神宮野球大会 2025,1R,national,香川,新潟,5,2,1008.1859,972.983,0.550489,9.2,4.1355,1012.3215,968.8475,-0.0,0.0,0,current
2025|jingu|2025-11-15|明治神宮野球大会 2025|QF|花巻東(岩手)|3|崇徳(広島)|1,2025,jingu,2025-11-15,明治神宮野球大会 2025,QF,national,岩手,広島,3,1,1009.459,1064.3576,0.420631,9.2,5.3302,1014.7892,1059.0274,-0.3615,0.3615,1,current
2025|jingu|2025-11-15|明治神宮野球大会 2025|QF|中京大中京(愛知)|0|神戸国際大付(兵庫)|7,2025,jingu,2025-11-15,明治神宮野球大会 2025,QF,national,愛知,兵庫,0,7,1009.2826,1063.1928,0.411667,9.2,-3.7873,1005.4953,1066.9801,-4.0602,4.0602,5,current
2025|jingu|2025-11-16|明治神宮野球大会 2025|QF|山梨学院(山梨)|5|九州国際大付(福岡)|6,2025,jingu,2025-11-16,明治神宮野球大会 2025,QF,national,山梨,福岡,5,6,1030.7791,1043.0807,0.481398,9.2,-4.4289,1026.3503,1047.5095,-0.3151,0.3151,1,current
2025|jingu|2025-11-16|明治神宮野球大会 2025|QF|北照(北海道)|1|英明(香川)|2,2025,jingu,2025-11-16,明治神宮野球大会 2025,QF,national,南北海道,香川,1,2,998.6085,1012.3215,0.480276,9.2,-4.4185,994.1899,1016.74,0.0,-0.0,0,current
2025|jingu|2025-11-17|明治神宮野球大会 2025|SF|花巻東(岩手)|7|九州国際大付(福岡)|8,2025,jingu,2025-11-17,明治神宮野球大会 2025,SF,national,岩手,福岡,7,8,1014.7892,1047.5095,0.45305,9.2,-4.1681,1010.6211,1051.6776,0.0,-0.0,0,current
2025|jingu|2025-11-17|明治神宮野球大会 2025|SF|神戸国際大付(兵庫)|6|英明(香川)|2,2025,jingu,2025-11-17,明治神宮野球大会 2025,SF,national,兵庫,香川,6,2,1066.9801,1016.74,0.571802,9.2,3.9394,1070.9196,1012.8006,0.0,-0.0,0,current
2025|jingu|2025-11-19|明治神宮野球大会 2025|F|神戸国際大付(兵庫)|1|九州国際大付(福岡)|11,2025,jingu,2025-11-19,明治神宮野球大会 2025,F,national,兵庫,福岡,1,11,1070.9196,1051.6776,0.531031,9.2,-4.8855,1066.0341,1056.5631,1.1742,-1.1742,3,current
2026|spring|2026-03-14|春季東京大会 2026 日程・結果|QUAL|東京高専|1|早稲田|11,2026,spring,2026-03-14,春季東京大会 2026 日程・結果,QUAL,prefecture,西東京,東東京,1,11,1027.7195,1046.2519,0.495287,4.56,-2.2585,1025.461,1048.5104,7.6286,-7.6286,368,current
2026|spring|2026-03-14|春季東京大会 2026 日程・結果|QUAL|駒込|3|八王子北|13,2026,spring,2026-03-14,春季東京大会 2026 日程・結果,QUAL,prefecture,東東京,西東京,3,13,1048.5104,1025.461,0.515979,4.56,-2.3529,1046.1576,1027.8138,-5.9711,5.9711,369,current
2026|spring|2026-03-14|春季東京大会 2026 日程・結果|QUAL|永山|1|足立西・荒川工科・大島・大島海洋国際・科学技術・北豊島工科|3,2026,spring,2026-03-14,春季東京大会 2026 日程・結果,QUAL,prefecture,西東京,東京,1,3,1027.8138,945.7119,0.61852,4.56,-2.8205,1024.9934,948.5324,0.9254,-0.9254,18,current
2026|spring|2026-03-14|春季東京大会 2026 日程・結果|QUAL|南平|10|大崎|12,2026,spring,2026-03-14,春季東京大会 2026 日程・結果,QUAL,prefecture,西東京,東東京,10,12,1024.9934,1046.1576,0.491702,4.56,-2.2422,1022.7512,1048.3997,7.6987,-7.6987,370,current
2026|spring|2026-03-14|春季東京大会 2026 日程・結果|QUAL|海城|19|足立工科・大田桜台・桐ヶ丘・三商・中野工科|0,2026,spring,2026-03-14,春季東京大会 2026 日程・結果,QUAL,prefecture,東東京,東京,19,0,1048.3997,948.5324,0.720643,4.56,1.2739,1049.6736,947.2585,32.3786,-32.3786,37,current
2026|spring|2026-03-14|春季東京大会 2026 日程・結果|QUAL|啓明学園|0|堀越|10,2026,spring,2026-03-14,春季東京大会 2026 日程・結果,QUAL,prefecture,西東京,東東京,0,10,1022.7512,1049.6736,0.478691,4.56,-2.1828,1020.5684,1051.8564,6.053,-6.053,371,current
2026|spring|2026-03-14|春季東京大会 2026 日程・結果|QUAL|中大杉並|6|本郷|4,2026,spring,2026-03-14,春季東京大会 2026 日程・結果,QUAL,prefecture,西東京,東東京,6,4,1020.5684,1051.8564,0.467828,4.56,2.4267,1022.9951,1049.4297,4.4507,-4.4507,372,current
2026|spring|2026-03-14|春季東京大会 2026 日程・結果|QUAL|田無工科|17|大森|9,2026,spring,2026-03-14,春季東京大会 2026 日程・結果,QUAL,prefecture,西東京,東東京,17,9,1022.9951,1049.4297,0.479908,4.56,2.3716,1025.3667,1047.0581,6.2328,-6.2328,373,current
2026|spring|2026-03-14|春季東京大会 2026 日程・結果|QUAL|中大附|10|品川翔英|0,2026,spring,2026-03-14,春季東京大会 2026 日程・結果,QUAL,prefecture,西東京,東東京,10,0,1025.3667,1047.0581,0.491737,4.56,2.3177,1027.6844,1044.7404,7.9746,-7.9746,374,current
2026|spring|2026-03-14|春季東京大会 2026 日程・結果|QUAL|秋留台|2|目白研心|19,2026,spring,2026-03-14,春季東京大会 2026 日程・結果,QUAL,prefecture,西東京,東東京,2,19,1027.6844,1044.7404,0.503307,4.56,-2.2951,1025.3893,1047.0355,9.677,-9.677,375,current
2026|spring|2026-03-14|春季東京大会 2026 日程・結果|QUAL|新宿|22|翔陽|2,2026,spring,2026-03-14,春季東京大会 2026 日程・結果,QUAL,prefecture,東東京,西東京,22,2,1047.0355,1025.3893,0.508148,4.56,2.2428,1049.2783,1023.1465,-7.9921,7.9921,376,current
2026|spring|2026-03-14|春季東京大会 2026 日程・結果|QUAL|高輪|2|昭和|11,2026,spring,2026-03-14,春季東京大会 2026 日程・結果,QUAL,prefecture,東東京,西東京,2,11,1049.2783,1023.1465,0.519334,4.56,-2.3682,1046.9102,1025.5146,-6.3453,6.3453,377,current
2026|spring|2026-03-14|春季東京大会 2026 日程・結果|QUAL|日大一|6|石神井|1,2026,spring,2026-03-14,春季東京大会 2026 日程・結果,QUAL,prefecture,東東京,西東京,6,1,1046.9102,1025.5146,0.50752,4.56,2.2457,1049.1559,1023.2689,-8.085,8.085,378,current
2026|spring|2026-03-14|春季東京大会 2026 日程・結果|QUAL|攻玉社|3|調布南|4,2026,spring,2026-03-14,春季東京大会 2026 日程・結果,QUAL,prefecture,東東京,西東京,3,4,1049.1559,1023.2689,0.518721,4.56,-2.3654,1046.7905,1025.6343,-6.436,6.436,379,current
2026|spring|2026-03-14|春季東京大会 2026 日程・結果|QUAL|総合工科|6|昭和一|5,2026,spring,2026-03-14,春季東京大会 2026 日程・結果,QUAL,prefecture,西東京,東東京,6,5,1025.6343,1046.7905,0.49308,4.56,2.3116,1027.9459,1044.479,8.1738,-8.1738,380,current
2026|spring|2026-03-14|春季東京大会 2026 日程・結果|QUAL|成城学園|11|豊島学院|1,2026,spring,2026-03-14,春季東京大会 2026 日程・結果,QUAL,prefecture,西東京,東東京,11,1,1027.9459,1044.479,0.504621,4.56,2.2589,1030.2048,1042.22,9.8722,-9.8722,381,current
2026|spring|2026-03-14|春季東京大会 2026 日程・結果|QUAL|自由ヶ丘学園|6|帝京八王子|7,2026,spring,2026-03-14,春季東京大会 2026 日程・結果,QUAL,prefecture,東東京,西東京,6,7,1042.22,1030.2048,0.484104,4.56,-2.2075,1040.0125,1032.4123,-11.5322,11.5322,382,current
2026|spring|2026-03-14|春季東京大会 2026 日程・結果|QUAL|多摩大聖ヶ丘|6|多摩大目黒|15,2026,spring,2026-03-14,春季東京大会 2026 日程・結果,QUAL,prefecture,西東京,東東京,6,15,1032.4123,1040.0125,0.526898,4.56,-2.4027,1030.0096,1042.4152,13.1546,-13.1546,383,current
2026|spring|2026-03-14|春季東京大会 2026 日程・結果|QUAL|明学東村山|12|雪谷|5,2026,spring,2026-03-14,春季東京大会 2026 日程・結果,QUAL,prefecture,西東京,東東京,12,5,1030.0096,1042.4152,0.514926,4.56,2.2119,1032.2216,1040.2032,11.3901,-11.3901,384,current
2026|spring|2026-03-14|春季東京大会 2026 日程・結果|QUAL|竹台|14|小平西|3,2026,spring,2026-03-14,春季東京大会 2026 日程・結果,QUAL,prefecture,東東京,西東京,14,3,1040.2032,1032.2216,0.474047,4.56,2.3983,1042.6016,1029.8232,-13.0159,13.0159,385,current
2026|spring|2026-03-14|春季東京大会 2026 日程・結果|QUAL|板橋|7|国立|1,2026,spring,2026-03-14,春季東京大会 2026 日程・結果,QUAL,prefecture,東東京,西東京,7,1,1042.6016,1029.8232,0.486001,4.56,2.3438,1044.9454,1027.4794,-11.2543,11.2543,386,current
2026|spring|2026-03-15|春季東京大会 2026 日程・結果|QUAL|目黒|9|国分寺|2,2026,spring,2026-03-15,春季東京大会 2026 日程・結果,QUAL,prefecture,東東京,西東京,9,2,1044.9454,1027.4794,0.497699,4.56,2.2905,1047.2359,1025.1889,-9.5326,9.5326,387,current
2026|spring|2026-03-15|春季東京大会 2026 日程・結果|QUAL|明法|21|日本橋|0,2026,spring,2026-03-15,春季東京大会 2026 日程・結果,QUAL,prefecture,西東京,東東京,21,0,1025.1889,1047.2359,0.490867,4.56,2.3216,1027.5106,1044.9143,7.85,-7.85,388,current
2026|spring|2026-03-15|春季東京大会 2026 日程・結果|QUAL|足立学園|10|清瀬|3,2026,spring,2026-03-15,春季東京大会 2026 日程・結果,QUAL,prefecture,東東京,西東京,10,3,1044.9143,1027.5106,0.49754,4.56,2.2912,1047.2055,1025.2193,-9.5565,9.5565,389,current
2026|spring|2026-03-15|春季東京大会 2026 日程・結果|QUAL|両国|1|久留米西|19,2026,spring,2026-03-15,春季東京大会 2026 日程・結果,QUAL,prefecture,東東京,西東京,1,19,1047.2055,1025.2193,0.508979,4.56,-2.3209,1044.8845,1027.5403,-7.8731,7.8731,390,current
2026|spring|2026-03-15|春季東京大会 2026 日程・結果|QUAL|明大明治|2|足立新田|1,2026,spring,2026-03-15,春季東京大会 2026 日程・結果,QUAL,prefecture,西東京,東東京,2,1,1027.5403,1044.8845,0.502611,4.56,2.2681,1029.8084,1042.6165,9.5793,-9.5793,391,current
2026|spring|2026-03-15|春季東京大会 2026 日程・結果|QUAL|明星学園・和光|0|聖学院|17,2026,spring,2026-03-15,春季東京大会 2026 日程・結果,QUAL,prefecture,東京,東東京,0,17,947.2585,1042.6165,0.282411,4.56,-1.2878,945.9707,1043.9042,-33.32,33.32,38,current
2026|spring|2026-03-15|春季東京大会 2026 日程・結果|QUAL|六郷工科|2|町田工科|23,2026,spring,2026-03-15,春季東京大会 2026 日程・結果,QUAL,prefecture,東東京,西東京,2,23,1043.9042,1029.8084,0.487917,4.56,-2.2249,1041.6793,1032.0333,-11.2469,11.2469,392,current
2026|spring|2026-03-15|春季東京大会 2026 日程・結果|QUAL|渋谷教育渋谷|6|穎明館|17,2026,spring,2026-03-15,春季東京大会 2026 日程・結果,QUAL,prefecture,東東京,西東京,6,17,1041.6793,1032.0333,0.476819,4.56,-2.1743,1039.505,1034.2076,-12.8828,12.8828,393,current
2026|spring|2026-03-15|春季東京大会 2026 日程・結果|QUAL|深川|3|小平南|14,2026,spring,2026-03-15,春季東京大会 2026 日程・結果,QUAL,prefecture,東東京,西東京,3,14,1039.505,1034.2076,0.465994,4.56,-2.1249,1037.3801,1036.3325,-14.4818,14.4818,394,current
2026|spring|2026-03-15|春季東京大会 2026 日程・結果|QUAL|拝島|12|葛飾商|1,2026,spring,2026-03-15,春季東京大会 2026 日程・結果,QUAL,prefecture,西東京,東東京,12,1,1036.3325,1037.3801,0.544554,4.56,2.0768,1038.4093,1035.3033,16.0445,-16.0445,395,current
2026|spring|2026-03-15|春季東京大会 2026 日程・結果|QUAL|農産|0|九段中等|56,2026,spring,2026-03-15,春季東京大会 2026 日程・結果,QUAL,prefecture,東京,東東京,0,56,945.9707,1035.3033,0.287246,4.56,-1.3098,944.6609,1036.6131,-34.2707,34.2707,39,current
2026|spring|2026-03-15|春季東京大会 2026 日程・結果|QUAL|日工大駒場|12|産技高専|2,2026,spring,2026-03-15,春季東京大会 2026 日程・結果,QUAL,prefecture,東東京,東京,12,2,1036.6131,944.6609,0.718086,4.56,1.2855,1037.8987,943.3754,35.2358,-35.2358,40,current
2026|spring|2026-03-15|春季東京大会 2026 日程・結果|QUAL|筑波大附|3|学芸大附|8,2026,spring,2026-03-15,春季東京大会 2026 日程・結果,QUAL,prefecture,東東京,西東京,3,8,1037.8987,1038.4093,0.448868,4.56,-2.0468,1035.8518,1040.4562,-17.5721,17.5721,396,current
2026|spring|2026-03-15|春季東京大会 2026 日程・結果|QUAL|上野学園|9|南多摩中等|8,2026,spring,2026-03-15,春季東京大会 2026 日程・結果,QUAL,prefecture,東東京,西東京,9,8,1035.8518,1040.4562,0.438772,4.56,2.5592,1038.411,1037.897,-19.0778,19.0778,397,current
2026|spring|2026-03-15|春季東京大会 2026 日程・結果|QUAL|拓大一|19|淵江|2,2026,spring,2026-03-15,春季東京大会 2026 日程・結果,QUAL,prefecture,西東京,東東京,19,2,1037.897,1038.411,0.548604,4.56,2.0584,1039.9553,1036.3526,17.1972,-17.1972,398,current
2026|spring|2026-03-15|春季東京大会 2026 日程・結果|QUAL|正則|3|大成|11,2026,spring,2026-03-15,春季東京大会 2026 日程・結果,QUAL,prefecture,東東京,西東京,3,11,1036.3526,1039.9553,0.441232,4.56,-2.012,1034.3406,1041.9674,-18.7115,18.7115,399,current
2026|senbatsu|2026-03-19|第98回選抜高等学校野球大会|1R|帝京(東京)|4|沖縄尚学(沖縄)|3,2026,senbatsu,2026-03-19,第98回選抜高等学校野球大会,1R,national,東東京,沖縄,4,3,1034.3406,1045.6845,0.480977,9.12,4.7335,1039.0741,1040.951,-0.9407,0.9407,3,current
2026|senbatsu|2026-03-19|第98回選抜高等学校野球大会|1R|阿南光(徳島)|1|中京大中京(愛知)|3,2026,senbatsu,2026-03-19,第98回選抜高等学校野球大会,1R,national,徳島,愛知,1,3,968.9194,1005.4953,0.452469,9.12,-4.1265,964.7929,1009.6218,1.7241,-1.7241,3,current
2026|senbatsu|2026-03-19|第98回選抜高等学校野球大会|1R|八学光星(青森)|15|崇徳(広島)|6,2026,senbatsu,2026-03-19,第98回選抜高等学校野球大会,1R,national,青森,広島,15,6,1045.3236,1059.0274,0.480391,9.12,4.7388,1050.0625,1054.2885,0.0355,-0.0355,2,current
2026|spring|2026-03-20|春季東京大会 2026 日程・結果|QUAL|成蹊|2|篠崎|3,2026,spring,2026-03-20,春季東京大会 2026 日程・結果,QUAL,prefecture,西東京,東東京,2,3,1041.9674,1039.0741,0.56196,4.56,-2.5625,1039.4048,1041.6367,20.1918,-20.1918,400,current
2026|spring|2026-03-20|春季東京大会 2026 日程・結果|QUAL|立西・荒川工科・大島・大島海洋国際・科学技術・北豊島工科|2|目白研心|12,2026,spring,2026-03-20,春季東京大会 2026 日程・結果,QUAL,prefecture,東京,東東京,2,12,943.3754,1041.6367,0.272446,4.56,-1.2424,942.133,1042.879,-36.1864,36.1864,41,current
2026|spring|2026-03-20|春季東京大会 2026 日程・結果|QUAL|早稲田|10|東大和南|8,2026,spring,2026-03-20,春季東京大会 2026 日程・結果,QUAL,prefecture,東東京,西東京,10,8,1042.879,1039.4048,0.452448,4.56,2.4968,1045.3759,1036.908,-18.3085,18.3085,401,current
2026|spring|2026-03-20|春季東京大会 2026 日程・結果|QUAL|大崎|2|日本学園|5,2026,spring,2026-03-20,春季東京大会 2026 日程・結果,QUAL,prefecture,東東京,西東京,2,5,1045.3759,1036.908,0.46483,4.56,-2.1196,1043.2562,1039.0276,-16.4733,16.4733,402,current
2026|spring|2026-03-20|春季東京大会 2026 日程・結果|QUAL|紅葉川|4|昭和|11,2026,spring,2026-03-20,春季東京大会 2026 日程・結果,QUAL,prefecture,東東京,西東京,4,11,1043.2562,1039.0276,0.454311,4.56,-2.0717,1041.1846,1041.0993,-18.0329,18.0329,403,current
2026|spring|2026-03-20|春季東京大会 2026 日程・結果|QUAL|小山台|7|都市大高|6,2026,spring,2026-03-20,春季東京大会 2026 日程・結果,QUAL,prefecture,東東京,西東京,7,6,1041.1846,1041.0993,0.444067,4.56,2.5351,1043.7196,1038.5642,-19.5573,19.5573,404,current
2026|spring|2026-03-20|春季東京大会 2026 日程・結果|QUAL|久留米西|6|上野学園|5,2026,spring,2026-03-20,春季東京大会 2026 日程・結果,QUAL,prefecture,西東京,東東京,6,5,1038.5642,1043.7196,0.543398,4.56,2.0821,1040.6463,1041.6375,17.6938,-17.6938,405,current
2026|spring|2026-03-20|春季東京大会 2026 日程・結果|QUAL|聖徳学園|2|鷺宮・農大一・光丘・芦花|11,2026,spring,2026-03-20,春季東京大会 2026 日程・結果,QUAL,prefecture,西東京,東京,2,11,1040.6463,942.133,0.636633,4.56,-2.903,1037.7433,945.0361,-0.5479,0.5479,19,current
2026|spring|2026-03-20|春季東京大会 2026 日程・結果|QUAL|明大明治|12|國學院|1,2026,spring,2026-03-20,春季東京大会 2026 日程・結果,QUAL,prefecture,西東京,東東京,12,1,1037.7433,1041.6375,0.549569,4.56,2.054,1039.7972,1039.5836,19.226,-19.226,406,current
2026|spring|2026-03-20|春季東京大会 2026 日程・結果|QUAL|目黒日大|4|成城学園|1,2026,spring,2026-03-20,春季東京大会 2026 日程・結果,QUAL,prefecture,東東京,西東京,4,1,1039.5836,1039.7972,0.440291,4.56,2.5523,1042.1358,1037.245,-20.7377,20.7377,407,current
2026|spring|2026-03-20|春季東京大会 2026 日程・結果|QUAL|昭和鉄道|0|早大学院|8,2026,spring,2026-03-20,春季東京大会 2026 日程・結果,QUAL,prefecture,東東京,西東京,0,8,1042.1358,1037.245,0.452891,4.56,-2.0652,1040.0706,1039.3102,-18.8613,18.8613,408,current
2026|spring|2026-03-20|春季東京大会 2026 日程・結果|QUAL|八丈|3|明学東村山|14,2026,spring,2026-03-20,春季東京大会 2026 日程・結果,QUAL,prefecture,東東京,西東京,3,14,1040.0706,1039.3102,0.442685,4.56,-2.0186,1038.052,1041.3288,-20.3814,20.3814,409,current
2026|spring|2026-03-20|春季東京大会 2026 日程・結果|QUAL|正則学園|9|田無工科|0,2026,spring,2026-03-20,春季東京大会 2026 日程・結果,QUAL,prefecture,東東京,西東京,9,0,1038.052,1041.3288,0.432755,4.56,2.5866,1040.6386,1038.7422,-21.8673,21.8673,410,current
2026|spring|2026-03-20|春季東京大会 2026 日程・結果|QUAL|府中西|1|海城|3,2026,spring,2026-03-20,春季東京大会 2026 日程・結果,QUAL,prefecture,西東京,東東京,1,3,1038.7422,1040.6386,0.554518,4.56,-2.5286,1036.2136,1043.1672,19.9654,-19.9654,411,current
2026|spring|2026-03-20|春季東京大会 2026 日程・結果|QUAL|富士森|11|目黒|6,2026,spring,2026-03-20,春季東京大会 2026 日程・結果,QUAL,prefecture,西東京,東東京,11,6,1036.2136,1043.1672,0.542007,4.56,2.0884,1038.302,1041.0788,18.106,-18.106,412,current
2026|spring|2026-03-20|春季東京大会 2026 日程・結果|QUAL|日比谷|4|総合工科|3,2026,spring,2026-03-20,春季東京大会 2026 日程・結果,QUAL,prefecture,東東京,西東京,4,3,1041.0788,1038.302,0.44765,4.56,2.5187,1043.5975,1035.7833,-19.6434,19.6434,413,current
2026|spring|2026-03-20|春季東京大会 2026 日程・結果|QUAL|神代・調布北|1|松が谷|10,2026,spring,2026-03-20,春季東京大会 2026 日程・結果,QUAL,prefecture,東京,西東京,1,10,945.0361,1035.7833,0.377993,4.56,-1.7236,943.3124,1037.5069,2.1114,-2.1114,20,current
2026|spring|2026-03-20|春季香川大会 2026 日程・結果|2R|蓬莱|1|観音寺総合|0,2026,spring,2026-03-20,春季香川大会 2026 日程・結果,2R,prefecture,徳島,香川,1,0,964.7929,1012.8006,0.419348,4.56,2.6478,967.4406,1010.1528,-4.2643,4.2643,29,current
2026|spring|2026-03-20|春季香川大会 2026 日程・結果|1R|多度津|6|高松|2,2026,spring,2026-03-20,春季香川大会 2026 日程・結果,1R,prefecture,徳島,香川,6,2,967.4406,1010.1528,0.431123,4.56,2.5941,970.0347,1007.5587,-2.7275,2.7275,30,current
2026|senbatsu|2026-03-20|第98回選抜高等学校野球大会|1R|滋賀学園(滋賀)|5|長崎西(長崎)|4,2026,senbatsu,2026-03-20,第98回選抜高等学校野球大会,1R,national,滋賀,長崎,5,4,1018.5792,994.8191,0.543758,9.12,4.1609,1022.7401,990.6581,3.3619,-3.3619,3,current
2026|senbatsu|2026-03-20|第98回選抜高等学校野球大会|1R|横浜(神奈川)|0|神村学園(鹿児島)|2,2026,senbatsu,2026-03-20,第98回選抜高等学校野球大会,1R,national,神奈川,鹿児島,0,2,1051.5719,1027.9149,0.533993,9.12,-4.87,1046.7018,1032.785,0.0,-0.0,0,current
2026|senbatsu|2026-03-20|第98回選抜高等学校野球大会|1R|花巻東(岩手)|0|智辯学園(奈良)|4,2026,senbatsu,2026-03-20,第98回選抜高等学校野球大会,1R,national,岩手,奈良,0,4,1010.6211,1056.8877,0.43885,9.12,-4.0023,1006.6188,1060.89,1.7806,-1.7806,2,current
2026|spring|2026-03-21|春季東京大会 2026 日程・結果|QUAL|国際・駒場・東村山・府中|0|日本ウェルネス|12,2026,spring,2026-03-21,春季東京大会 2026 日程・結果,QUAL,prefecture,東京,東東京,0,12,943.3124,1043.5975,0.268051,4.56,-1.2223,942.0901,1044.8198,-37.1103,37.1103,42,current
2026|spring|2026-03-21|春季広島大会 2026 日程・結果|QUAL|国際学院|11|呉三津田|0,2026,spring,2026-03-21,春季広島大会 2026 日程・結果,QUAL,district_qualifier,埼玉,広島,11,0,1010.4273,1054.2885,0.438609,4.18,2.3466,1012.7739,1051.9419,0.4932,-0.4932,1,current
2026|senbatsu|2026-03-21|第98回選抜高等学校野球大会|1R|東洋大姫路(兵庫)|2|花咲徳栄(埼玉)|3,2026,senbatsu,2026-03-21,第98回選抜高等学校野球大会,1R,national,兵庫,埼玉,2,3,1066.0341,1012.7739,0.577567,9.12,-5.2674,1060.7667,1018.0413,0.5389,-0.5389,1,current
2026|senbatsu|2026-03-21|第98回選抜高等学校野球大会|1R|高知農業(高知)|1|日本文理(新潟)|8,2026,senbatsu,2026-03-21,第98回選抜高等学校野球大会,1R,national,高知,新潟,1,8,1042.5619,968.8475,0.60452,9.12,-5.5132,1037.0487,974.3607,-0.0,0.0,0,current
2026|senbatsu|2026-03-21|第98回選抜高等学校野球大会|1R|北照(北海道)|0|専大松戸(千葉)|4,2026,senbatsu,2026-03-21,第98回選抜高等学校野球大会,1R,national,南北海道,千葉,0,4,994.1899,1009.235,0.478362,9.12,-4.3627,989.8273,1013.5977,-0.0,0.0,0,current
2026|spring|2026-03-22|春季香川大会 2026 日程・結果|2R|志度|7|高松北|1,2026,spring,2026-03-22,春季香川大会 2026 日程・結果,2R,prefecture,徳島,香川,7,1,970.0347,1007.5587,0.442797,4.56,2.5408,972.5756,1005.0179,-1.1997,1.1997,31,current
2026|spring|2026-03-22|春季香川大会 2026 日程・結果|2R|多度津|4|寒川|8,2026,spring,2026-03-22,春季香川大会 2026 日程・結果,2R,prefecture,徳島,香川,4,8,972.5756,1005.0179,0.454352,4.56,-2.0718,970.5037,1007.0897,0.3171,-0.3171,32,current
2026|senbatsu|2026-03-22|第98回選抜高等学校野球大会|1R|神戸国際大付(兵庫)|3|九州国際大付(福岡)|4,2026,senbatsu,2026-03-22,第98回選抜高等学校野球大会,1R,national,兵庫,福岡,3,4,1060.7667,1056.5631,0.506664,9.12,-4.6208,1056.1459,1061.1839,0.2138,-0.2138,4,current
2026|senbatsu|2026-03-22|第98回選抜高等学校野球大会|1R|近江(滋賀)|1|大垣日大(岐阜)|2,2026,senbatsu,2026-03-22,第98回選抜高等学校野球大会,1R,national,滋賀,岐阜,1,2,1022.7401,984.2112,0.553587,9.12,-5.0487,1017.6914,989.26,-0.5746,0.5746,1,current
2026|senbatsu|2026-03-22|第98回選抜高等学校野球大会|1R|山梨学院(山梨)|5|長崎日大(長崎)|3,2026,senbatsu,2026-03-22,第98回選抜高等学校野球大会,1R,national,山梨,長崎,5,3,1026.3503,990.6581,0.551185,9.12,4.0932,1030.4434,986.5649,0.0,-0.0,0,current
2026|senbatsu|2026-03-23|第98回選抜高等学校野球大会|1R|東北(宮城)|5|帝京長岡(新潟)|1,2026,senbatsu,2026-03-23,第98回選抜高等学校野球大会,1R,national,宮城,新潟,5,1,1049.9866,974.3607,0.608446,9.12,3.571,1053.5576,970.7897,0.4729,-0.4729,1,current
2026|senbatsu|2026-03-23|第98回選抜高等学校野球大会|1R|高川学園(山口)|3|英明(香川)|5,2026,senbatsu,2026-03-23,第98回選抜高等学校野球大会,1R,national,山口,香川,3,5,994.5795,1007.0897,0.480575,9.12,-4.3828,990.1966,1011.4726,-0.4973,0.4973,1,current
2026|senbatsu|2026-03-23|第98回選抜高等学校野球大会|1R|三重(三重)|2|佐野日大(栃木)|0,2026,senbatsu,2026-03-23,第98回選抜高等学校野球大会,1R,national,三重,栃木,2,0,977.7266,968.9225,0.512667,9.12,4.4445,982.1711,964.478,0.0,-0.0,0,current
2026|spring|2026-03-24|春季香川大会 2026 日程・結果|3R|蓬莱|9|坂出工|0,2026,spring,2026-03-24,春季香川大会 2026 日程・結果,3R,prefecture,徳島,香川,9,0,970.5037,1011.4726,0.43867,4.56,2.5597,973.0634,1008.9129,-0.9317,0.9317,33,current
2026|senbatsu|2026-03-24|第98回選抜高等学校野球大会|2R|帝京(東京)|4|中京大中京(愛知)|9,2026,senbatsu,2026-03-24,第98回選抜高等学校野球大会,2R,national,東東京,愛知,4,9,1044.8198,1009.6218,0.550481,9.12,-5.0204,1039.7994,1014.6422,-0.0,0.0,0,current
2026|senbatsu|2026-03-24|第98回選抜高等学校野球大会|2R|八学光星(青森)|5|滋賀学園(滋賀)|4,2026,senbatsu,2026-03-24,第98回選抜高等学校野球大会,2R,national,青森,滋賀,5,4,1050.0625,1017.6914,0.55126,9.12,4.0925,1054.155,1013.5989,1.6867,-1.6867,2,current
2026|senbatsu|2026-03-24|第98回選抜高等学校野球大会|1R|熊本工業(熊本)|0|大阪桐蔭(大阪)|4,2026,senbatsu,2026-03-24,第98回選抜高等学校野球大会,1R,national,熊本,大阪,0,4,968.568,1094.2309,0.325789,9.12,-2.9712,965.5968,1097.2021,-0.3404,0.3404,1,current
2026|senbatsu|2026-03-25|第98回選抜高等学校野球大会|2R|神村学園(鹿児島)|1|智辯学園(奈良)|2,2026,senbatsu,2026-03-25,第98回選抜高等学校野球大会,2R,national,鹿児島,奈良,1,2,1032.785,1060.89,0.459642,9.12,-4.1919,1028.593,1065.082,-0.0,0.0,0,current
2026|senbatsu|2026-03-25|第98回選抜高等学校野球大会|2R|花咲徳栄(埼玉)|17|日本文理(新潟)|0,2026,senbatsu,2026-03-25,第98回選抜高等学校野球大会,2R,national,埼玉,新潟,17,0,1018.0413,970.7897,0.565934,9.12,3.9587,1022.0,966.831,-0.5838,0.5838,1,current
2026|spring|2026-03-26|春季香川大会 2026 日程・結果|3R|高松南|1|志度|8,2026,spring,2026-03-26,春季香川大会 2026 日程・結果,3R,prefecture,香川,徳島,1,8,1008.9129,973.0634,0.549651,4.56,-2.5064,1006.4065,975.5698,-0.617,0.617,34,current
2026|senbatsu|2026-03-26|第98回選抜高等学校野球大会|2R|大垣日大(岐阜)|1|山梨学院(山梨)|3,2026,senbatsu,2026-03-26,第98回選抜高等学校野球大会,2R,national,岐阜,山梨,1,3,989.26,1030.4434,0.441008,9.12,-4.022,985.238,1034.4654,-0.0,0.0,0,current
2026|senbatsu|2026-03-26|第98回選抜高等学校野球大会|2R|東北(宮城)|3|英明(香川)|6,2026,senbatsu,2026-03-26,第98回選抜高等学校野球大会,2R,national,宮城,香川,3,6,1053.5576,1006.4065,0.567442,9.12,-5.1751,1048.3825,1011.5816,0.0,-0.0,0,current
2026|senbatsu|2026-03-26|第98回選抜高等学校野球大会|2R|三重(三重)|5|大阪桐蔭(大阪)|6,2026,senbatsu,2026-03-26,第98回選抜高等学校野球大会,2R,national,三重,大阪,5,6,982.1711,1097.2021,0.337096,9.12,-3.0743,979.0968,1100.2764,-1.2238,1.2238,2,current
2026|senbatsu|2026-03-26|第98回選抜高等学校野球大会|2R|専大松戸(千葉)|8|九州国際大付(福岡)|3,2026,senbatsu,2026-03-26,第98回選抜高等学校野球大会,2R,national,千葉,福岡,8,3,1013.5977,1061.1839,0.431304,9.12,5.1865,1018.7842,1055.9974,-0.2263,0.2263,1,current
2026|senbatsu|2026-03-27|第98回選抜高等学校野球大会|QF|中京大中京(愛知)|2|八学光星(青森)|1,2026,senbatsu,2026-03-27,第98回選抜高等学校野球大会,QF,national,愛知,青森,2,1,1014.6422,1054.155,0.440882,9.12,5.0992,1019.7414,1049.0558,-0.8799,0.8799,3,current
2026|senbatsu|2026-03-27|第98回選抜高等学校野球大会|QF|智辯学園(奈良)|12|花咲徳栄(埼玉)|8,2026,senbatsu,2026-03-27,第98回選抜高等学校野球大会,QF,national,奈良,埼玉,12,8,1065.082,1022.0,0.561684,9.12,3.9974,1069.0794,1018.0026,-0.0,0.0,0,current
2026|senbatsu|2026-03-27|第98回選抜高等学校野球大会|QF|専大松戸(千葉)|2|山梨学院(山梨)|1,2026,senbatsu,2026-03-27,第98回選抜高等学校野球大会,QF,national,千葉,山梨,2,1,1018.7842,1034.4654,0.481615,9.12,4.7277,1023.5119,1029.7378,1.4502,-1.4502,11,current
2026|senbatsu|2026-03-27|第98回選抜高等学校野球大会|QF|英明(香川)|3|大阪桐蔭(大阪)|4,2026,senbatsu,2026-03-27,第98回選抜高等学校野球大会,QF,national,香川,大阪,3,4,1011.5816,1100.2764,0.376827,9.12,-3.4367,1008.1449,1103.713,0.6541,-0.6541,1,current
2026|spring|2026-03-29|春季香川大会 2026 日程・結果|QF|蓬莱|3|高松東|0,2026,spring,2026-03-29,春季香川大会 2026 日程・結果,QF,prefecture,徳島,香川,3,0,975.5698,1008.1449,0.4594,4.56,2.4651,978.0349,1005.6798,2.1505,-2.1505,35,current
2026|senbatsu|2026-03-29|第98回選抜高等学校野球大会|SF|中京大中京(愛知)|1|智辯学園(奈良)|2,2026,senbatsu,2026-03-29,第98回選抜高等学校野球大会,SF,national,愛知,奈良,1,2,1019.7414,1069.0794,0.430547,9.12,-3.9266,1015.8148,1073.006,0.3816,-0.3816,1,current
2026|senbatsu|2026-03-29|第98回選抜高等学校野球大会|SF|専大松戸(千葉)|2|大阪桐蔭(大阪)|3,2026,senbatsu,2026-03-29,第98回選抜高等学校野球大会,SF,national,千葉,大阪,2,3,1023.5119,1103.713,0.38592,9.12,-3.5196,1019.9923,1107.2326,-0.2451,0.2451,1,current
2026|spring|2026-03-30|春季香川大会 2026 日程・結果|QF|志度|1|高松商|4,2026,spring,2026-03-30,春季香川大会 2026 日程・結果,QF,prefecture,徳島,香川,1,4,978.0349,1005.6798,0.470825,4.56,-2.147,975.888,1007.8267,3.6744,-3.6744,36,current
2026|senbatsu|2026-03-31|第98回選抜高等学校野球大会|F|智辯学園(奈良)|3|大阪桐蔭(大阪)|7,2026,senbatsu,2026-03-31,第98回選抜高等学校野球大会,F,national,奈良,大阪,3,7,1073.006,1107.2326,0.45031,9.12,-4.1068,1068.8992,1111.3395,-0.2078,0.2078,18,current
2026|spring|2026-04-01|春季東京大会 2026 日程・結果|1R|松が谷|0|錦城学園|10,2026,spring,2026-04-01,春季東京大会 2026 日程・結果,1R,prefecture,西東京,東東京,0,10,1037.5069,1039.7994,0.547762,4.56,-2.4978,1035.0091,1042.2972,17.7911,-17.7911,414,current
2026|spring|2026-04-01|春季東京大会 2026 日程・結果|1R|日野台|0|大森学園|8,2026,spring,2026-04-01,春季東京大会 2026 日程・結果,1R,prefecture,西東京,東東京,0,8,1035.0091,1042.2972,0.535372,4.56,-2.4413,1032.5678,1044.7385,15.954,-15.954,415,current
2026|spring|2026-04-01|春季東京大会 2026 日程・結果|1R|明星|6|城西大城西|1,2026,spring,2026-04-01,春季東京大会 2026 日程・結果,1R,prefecture,西東京,東東京,6,1,1032.5678,1044.7385,0.523219,4.56,2.1741,1034.742,1042.5644,14.1583,-14.1583,416,current
2026|spring|2026-04-01|春季東京大会 2026 日程・結果|1R|明大明治|6|朋優学院|9,2026,spring,2026-04-01,春季東京大会 2026 日程・結果,1R,prefecture,西東京,東東京,6,9,1034.742,1042.5644,0.534047,4.56,-2.4353,1032.3067,1044.9996,15.7588,-15.7588,417,current
2026|spring|2026-04-01|春季東京大会 2026 日程・結果|1R|桐朋|5|小岩|0,2026,spring,2026-04-01,春季東京大会 2026 日程・結果,1R,prefecture,西東京,東東京,5,0,1032.3067,1044.9996,0.521921,4.56,2.18,1034.4868,1042.8196,13.9674,-13.9674,418,current
2026|spring|2026-04-01|春季東京大会 2026 日程・結果|1R|鷺宮・農大一・光丘・芦花|4|多摩工科|2,2026,spring,2026-04-01,春季東京大会 2026 日程・結果,1R,prefecture,東京,西東京,4,2,942.0901,1034.4868,0.373317,4.56,2.8577,944.9478,1031.6291,1.2044,-1.2044,21,current
2026|spring|2026-04-01|春季東京大会 2026 日程・結果|1R|正則学園|5|狛江|15,2026,spring,2026-04-01,春季東京大会 2026 日程・結果,1R,prefecture,東東京,西東京,5,15,1042.8196,1031.6291,0.471315,4.56,-2.1492,1040.6704,1033.7783,-15.5724,15.5724,419,current
2026|spring|2026-04-02|春季東京大会 2026 日程・結果|1R|調布南|9|葛飾野|8,2026,spring,2026-04-02,春季東京大会 2026 日程・結果,1R,prefecture,西東京,東東京,9,8,1033.7783,1040.6704,0.539375,4.56,2.1004,1035.8787,1038.57,17.1549,-17.1549,420,current
2026|spring|2026-04-02|春季東京大会 2026 日程・結果|1R|立川|2|豊南|8,2026,spring,2026-04-02,春季東京大会 2026 日程・結果,1R,prefecture,西東京,東東京,2,8,1035.8787,1038.57,0.549789,4.56,-2.507,1033.3717,1041.077,18.7016,-18.7016,421,current
2026|spring|2026-04-02|春季東京大会 2026 日程・結果|1R|拝島|0|共栄学園|10,2026,spring,2026-04-02,春季東京大会 2026 日程・結果,1R,prefecture,西東京,東東京,0,10,1033.3717,1041.077,0.53736,4.56,-2.4504,1030.9213,1043.5274,16.8571,-16.8571,422,current
2026|spring|2026-04-02|春季東京大会 2026 日程・結果|1R|昭和|7|東京|8,2026,spring,2026-04-02,春季東京大会 2026 日程・結果,1R,prefecture,西東京,東東京,7,8,1030.9213,1043.5274,0.525167,4.56,-2.3948,1028.5266,1045.9221,15.0542,-15.0542,423,current
2026|spring|2026-04-02|春季東京大会 2026 日程・結果|1R|青山|12|福生|13,2026,spring,2026-04-02,春季東京大会 2026 日程・結果,1R,prefecture,東東京,西東京,12,13,1045.9221,1028.5266,0.48678,4.56,-2.2197,1043.7024,1030.7463,-13.2921,13.2921,424,current
2026|spring|2026-04-03|春季東京大会 2026 日程・結果|1R|日大櫻丘|4|目白研心|2,2026,spring,2026-04-03,春季東京大会 2026 日程・結果,1R,prefecture,西東京,東東京,4,2,1030.7463,1043.7024,0.524298,4.56,2.1692,1032.9155,1041.5332,14.9267,-14.9267,425,current
2026|spring|2026-04-03|春季東京大会 2026 日程・結果|1R|青山学院|14|八王子北|15,2026,spring,2026-04-03,春季東京大会 2026 日程・結果,1R,prefecture,東東京,西東京,14,15,1041.5332,1032.9155,0.464899,4.56,-2.1199,1039.4133,1035.0354,-16.5242,16.5242,426,current
2026|spring|2026-04-03|春季東京大会 2026 日程・結果|1R|明大中野|10|豊多摩|1,2026,spring,2026-04-03,春季東京大会 2026 日程・結果,1R,prefecture,東東京,西東京,10,1,1039.4133,1035.0354,0.454373,4.56,2.4881,1041.9013,1032.5474,-18.0857,18.0857,427,current
2026|spring|2026-04-03|春季東京大会 2026 日程・結果|1R|岩倉|10|東村山西|0,2026,spring,2026-04-03,春季東京大会 2026 日程・結果,1R,prefecture,東東京,西東京,10,0,1041.9013,1032.5474,0.466726,4.56,2.4317,1044.3331,1030.1156,-16.2546,16.2546,428,current
2026|spring|2026-04-03|春季東京大会 2026 日程・結果|1R|成瀬|0|安田学園|9,2026,spring,2026-04-03,春季東京大会 2026 日程・結果,1R,prefecture,西東京,東東京,0,9,1030.1156,1044.3331,0.52116,4.56,-2.3765,1027.7391,1046.7095,14.4649,-14.4649,429,current
2026|spring|2026-04-03|春季東京大会 2026 日程・結果|1R|東大和|3|海城|4,2026,spring,2026-04-03,春季東京大会 2026 日程・結果,1R,prefecture,西東京,東東京,3,4,1027.7391,1046.7095,0.509297,4.56,-2.3224,1025.4167,1049.0319,12.7157,-12.7157,430,current
2026|spring|2026-04-03|春季東京大会 2026 日程・結果|1R|大東大一|7|府中工科|6,2026,spring,2026-04-03,春季東京大会 2026 日程・結果,1R,prefecture,東東京,西東京,7,6,1049.0319,1025.4167,0.502307,4.56,2.2695,1051.3014,1023.1473,-11.0062,11.0062,431,current
2026|spring|2026-04-03|春季東京大会 2026 日程・結果|1R|目黒日大|11|専大附|1,2026,spring,2026-04-03,春季東京大会 2026 日程・結果,1R,prefecture,東東京,西東京,11,1,1051.3014,1023.1473,0.513644,4.56,2.2178,1053.5192,1020.9295,-9.3355,9.3355,432,current
2026|spring|2026-04-03|春季東京大会 2026 日程・結果|1R|九段中等|8|片倉|7,2026,spring,2026-04-03,春季東京大会 2026 日程・結果,1R,prefecture,東東京,西東京,8,7,1053.5192,1020.9295,0.52471,4.56,2.1673,1055.6865,1018.7622,-7.7027,7.7027,433,current
2026|spring|2026-04-03|春季東京大会 2026 日程・結果|1R|駿台学園|0|練馬|4,2026,spring,2026-04-03,春季東京大会 2026 日程・結果,1R,prefecture,東東京,西東京,0,4,1055.6865,1018.7622,0.535501,4.56,-2.4419,1053.2446,1021.204,-6.107,6.107,434,current
2026|spring|2026-04-03|春季東京大会 2026 日程・結果|1R|穎明館|2|高島|4,2026,spring,2026-04-03,春季東京大会 2026 日程・結果,1R,prefecture,西東京,東東京,2,4,1021.204,1053.2446,0.476661,4.56,-2.1736,1019.0305,1055.4182,7.9056,-7.9056,435,current
2026|spring|2026-04-03|春季東京大会 2026 日程・結果|1R|小山台|4|杉並|6,2026,spring,2026-04-03,春季東京大会 2026 日程・結果,1R,prefecture,東東京,西東京,4,6,1055.4182,1019.0305,0.534165,4.56,-2.4358,1052.9824,1021.4663,-6.3051,6.3051,436,current
2026|spring|2026-04-03|春季東京大会 2026 日程・結果|1R|篠崎|4|千歳丘|8,2026,spring,2026-04-03,春季東京大会 2026 日程・結果,1R,prefecture,東東京,西東京,4,8,1052.9824,1021.4663,0.522029,4.56,-2.3805,1050.602,1023.8467,-8.0994,8.0994,437,current
2026|spring|2026-04-04|春季東京大会 2026 日程・結果|2R|東亜学園|15|狛江|2,2026,spring,2026-04-04,春季東京大会 2026 日程・結果,2R,prefecture,東東京,西東京,15,2,1050.602,1023.8467,0.510143,4.56,2.2337,1052.8357,1021.613,-9.853,9.853,438,current
2026|spring|2026-04-04|春季東京大会 2026 日程・結果|2R|実践学園|4|八王子実践|5,2026,spring,2026-04-04,春季東京大会 2026 日程・結果,2R,prefecture,東東京,西東京,4,5,1052.8357,1021.613,0.521295,4.56,-2.3771,1050.4586,1023.9901,-8.2081,8.2081,439,current
2026|spring|2026-04-04|春季東京大会 2026 日程・結果|2R|桜美林|7|朋優学院|1,2026,spring,2026-04-04,春季東京大会 2026 日程・結果,2R,prefecture,西東京,東東京,7,1,1023.9901,1050.4586,0.490575,4.56,2.323,1026.3131,1048.1356,9.9594,-9.9594,440,current
2026|spring|2026-04-04|春季東京大会 2026 日程・結果|2R|聖パウロ学園|19|錦城学園|5,2026,spring,2026-04-04,春季東京大会 2026 日程・結果,2R,prefecture,西東京,東東京,19,5,1026.3131,1048.1356,0.502187,4.56,2.27,1028.5831,1045.8656,11.671,-11.671,441,current
2026|spring|2026-04-05|春季東京大会 2026 日程・結果|2R|福生|4|立正大立正|8,2026,spring,2026-04-05,春季東京大会 2026 日程・結果,2R,prefecture,西東京,東東京,4,8,1028.5831,1045.8656,0.513531,4.56,-2.3417,1026.2414,1048.2073,13.3437,-13.3437,442,current
2026|spring|2026-04-05|春季東京大会 2026 日程・結果|2R|八王子|7|広尾|0,2026,spring,2026-04-05,春季東京大会 2026 日程・結果,2R,prefecture,西東京,東東京,7,0,1026.2414,1048.2073,0.501831,4.56,2.2717,1028.513,1045.9357,11.6191,-11.6191,443,current
2026|spring|2026-04-05|春季東京大会 2026 日程・結果|2R|日体大荏原|8|鷺宮・農大一・光丘・芦花|0,2026,spring,2026-04-05,春季東京大会 2026 日程・結果,2R,prefecture,東東京,東京,8,0,1045.9357,944.9478,0.734792,4.56,1.2093,1047.145,943.7384,38.0218,-38.0218,43,current
2026|spring|2026-04-05|春季東京大会 2026 日程・結果|2R|早稲田実|1|関東第一|5,2026,spring,2026-04-05,春季東京大会 2026 日程・結果,2R,prefecture,西東京,東東京,1,5,1028.513,1047.145,0.511445,4.56,-2.3322,1026.1808,1049.4772,13.2932,-13.2932,444,current
2026|spring|2026-04-05|春季東京大会 2026 日程・結果|2R|淑徳|4|日大鶴ヶ丘|3,2026,spring,2026-04-05,春季東京大会 2026 日程・結果,2R,prefecture,東東京,西東京,4,3,1049.4772,1026.1808,0.500209,4.56,2.279,1051.7562,1023.9018,-11.5755,11.5755,445,current
2026|spring|2026-04-05|春季東京大会 2026 日程・結果|2R|成城|4|富士森|3,2026,spring,2026-04-05,春季東京大会 2026 日程・結果,2R,prefecture,東東京,西東京,4,3,1051.7562,1023.9018,0.511599,4.56,2.2271,1053.9833,1021.6747,-9.8968,9.8968,446,current
2026|spring|2026-04-05|春季東京大会 2026 日程・結果|2R|江戸川|13|桐朋|3,2026,spring,2026-04-05,春季東京大会 2026 日程・結果,2R,prefecture,東東京,西東京,13,3,1053.9833,1021.6747,0.522717,4.56,2.1764,1056.1598,1019.4983,-8.2562,8.2562,447,current
2026|spring|2026-04-05|春季東京大会 2026 日程・結果|2R|日大一|1|工学院大附|8,2026,spring,2026-04-05,春季東京大会 2026 日程・結果,2R,prefecture,東東京,西東京,1,8,1056.1598,1019.4983,0.533561,4.56,-2.433,1053.7267,1021.9313,-6.6528,6.6528,448,current
2026|spring|2026-04-05|春季東京大会 2026 日程・結果|2R|文京|3|千歳丘|1,2026,spring,2026-04-05,春季東京大会 2026 日程・結果,2R,prefecture,東東京,西東京,3,1,1053.7267,1021.9313,0.521435,4.56,2.1823,1055.909,1019.7491,-8.4459,8.4459,449,current
2026|spring|2026-04-05|春季東京大会 2026 日程・結果|2R|日野|3|共栄学園|6,2026,spring,2026-04-05,春季東京大会 2026 日程・結果,2R,prefecture,西東京,東東京,3,6,1019.7491,1055.909,0.467689,4.56,-2.1327,1017.6164,1058.0416,6.8382,-6.8382,450,current
2026|spring|2026-04-05|春季東京大会 2026 日程・結果|2R|明大中野|9|杉並|1,2026,spring,2026-04-05,春季東京大会 2026 日程・結果,2R,prefecture,東東京,西東京,9,1,1058.0416,1017.6164,0.542912,4.56,2.0843,1060.126,1015.5321,-5.2668,5.2668,451,current
2026|spring|2026-04-05|春季東京大会 2026 日程・結果|2R|早大学院|4|東海大高輪台|10,2026,spring,2026-04-05,春季東京大会 2026 日程・結果,2R,prefecture,西東京,東東京,4,10,1015.5321,1060.126,0.446765,4.56,-2.0372,1013.4948,1062.1632,3.731,-3.731,452,current
2026|spring|2026-04-05|春季香川大会 2026 日程・結果|SF|蓬莱|0|高松商|4,2026,spring,2026-04-05,春季香川大会 2026 日程・結果,SF,prefecture,徳島,香川,0,4,975.888,1007.8267,0.460933,4.56,-2.1019,973.7861,1009.9286,2.3685,-2.3685,37,current
2026|spring|2026-04-06|春季東京大会 2026 日程・結果|2R|武蔵丘|6|駒大高|10,2026,spring,2026-04-06,春季東京大会 2026 日程・結果,2R,prefecture,東東京,西東京,6,10,1062.1632,1013.4948,0.563281,4.56,-2.5686,1059.5946,1016.0634,-2.2297,2.2297,453,current
2026|spring|2026-04-06|春季東京大会 2026 日程・結果|2R|修徳|14|日大二|3,2026,spring,2026-04-06,春季東京大会 2026 日程・結果,2R,prefecture,東東京,西東京,14,3,1059.5946,1016.0634,0.550606,4.56,2.0492,1061.6439,1014.0142,-4.1228,4.1228,454,current
2026|spring|2026-04-06|春季東京大会 2026 日程・結果|2R|國學院久我山|3|大東大一|1,2026,spring,2026-04-06,春季東京大会 2026 日程・結果,2R,prefecture,西東京,東東京,3,1,1014.0142,1061.6439,0.439276,4.56,2.5569,1016.5711,1059.087,2.6126,-2.6126,455,current
2026|spring|2026-04-07|春季東京大会 2026 日程・結果|3R|成城|3|八王子実践|6,2026,spring,2026-04-07,春季東京大会 2026 日程・結果,3R,prefecture,東東京,西東京,3,6,1059.087,1016.5711,0.548092,4.56,-2.4993,1056.5877,1019.0704,-4.4973,4.4973,456,current
2026|spring|2026-04-07|春季東京大会 2026 日程・結果|3R|聖パウロ学園|11|江戸川|1,2026,spring,2026-04-07,春季東京大会 2026 日程・結果,3R,prefecture,西東京,東東京,11,1,1019.0704,1056.5877,0.464316,4.56,2.4427,1021.5131,1054.145,6.3397,-6.3397,457,current
2026|spring|2026-04-11|春季東京大会 2026 日程・結果|3R|帝京|6|工学院大附|1,2026,spring,2026-04-11,春季東京大会 2026 日程・結果,3R,prefecture,東東京,西東京,6,1,1054.145,1021.5131,0.523513,4.56,2.1728,1056.3177,1019.3403,-8.1405,8.1405,458,current
2026|spring|2026-04-11|春季東京大会 2026 日程・結果|3R|調布南|0|淑徳|7,2026,spring,2026-04-11,春季東京大会 2026 日程・結果,3R,prefecture,西東京,東東京,0,7,1019.3403,1056.3177,0.465661,4.56,-2.1234,1017.2169,1058.4412,6.5392,-6.5392,459,current
2026|spring|2026-04-11|春季岡山大会 2026 日程・結果|QUAL|岡山吉備|0|明誠|26,2026,spring,2026-04-11,春季岡山大会 2026 日程・結果,QUAL,district_qualifier,岡山,島根,0,26,1008.5541,940.6454,0.630717,4.18,-2.6364,1005.9177,943.2818,12.5406,-12.5406,16,current
2026|spring|2026-04-11|春季香川大会 2026 日程・結果|3P|蓬莱|10|三本松|3,2026,spring,2026-04-11,春季香川大会 2026 日程・結果,3P,prefecture,徳島,香川,10,3,973.7861,1009.9286,0.451243,4.56,2.5023,976.2884,1007.4262,1.0774,-1.0774,38,current
2026|spring|2026-04-12|春季東京大会 2026 日程・結果|3R|桜美林|4|立正大立正|0,2026,spring,2026-04-12,春季東京大会 2026 日程・結果,3R,prefecture,西東京,東東京,4,0,1017.2169,1058.4412,0.455111,4.56,2.4847,1019.7016,1055.9565,4.9741,-4.9741,460,current
2026|spring|2026-04-12|春季東京大会 2026 日程・結果|3R|豊南|1|国士舘|9,2026,spring,2026-04-12,春季東京大会 2026 日程・結果,3R,prefecture,東東京,西東京,1,9,1055.9565,1019.7016,0.53254,4.56,-2.4284,1053.5281,1022.13,-6.806,6.806,461,current
2026|spring|2026-04-12|春季東京大会 2026 日程・結果|3R|世田谷学園|5|二松学舎大附|3,2026,spring,2026-04-12,春季東京大会 2026 日程・結果,3R,prefecture,西東京,東東京,5,3,1022.13,1053.5281,0.479569,4.56,2.3732,1024.5031,1051.1549,8.5965,-8.5965,462,current
2026|spring|2026-04-12|春季東京大会 2026 日程・結果|3R|城東|5|駒大高|9,2026,spring,2026-04-12,春季東京大会 2026 日程・結果,3R,prefecture,東東京,西東京,5,9,1051.1549,1024.5031,0.508575,4.56,-2.3191,1048.8358,1026.8222,-10.3465,10.3465,463,current
2026|spring|2026-04-12|春季岡山大会 2026 日程・結果|QUAL|勝山|8|津山高専|1,2026,spring,2026-04-12,春季岡山大会 2026 日程・結果,QUAL,district_qualifier,鳥取,岡山,8,1,950.8291,1005.9177,0.454862,4.18,2.2787,953.1078,1003.639,11.8188,-11.8188,29,current
2026|spring|2026-04-18|春季東京大会 2026 日程・結果|4R|聖パウロ学園|1|岩倉|4,2026,spring,2026-04-18,春季東京大会 2026 日程・結果,4R,prefecture,西東京,東東京,1,4,1026.8222,1048.8358,0.503022,4.56,-2.2938,1024.5284,1051.1296,12.0567,-12.0567,464,current
2026|spring|2026-04-18|春季東京大会 2026 日程・結果|4R|共栄学園|5|世田谷学園|7,2026,spring,2026-04-18,春季東京大会 2026 日程・結果,4R,prefecture,東東京,西東京,5,7,1051.1296,1024.5284,0.508446,4.56,-2.3185,1048.8111,1026.847,-10.3659,10.3659,465,current
2026|spring|2026-04-18|春季鳥取大会 2026 日程・結果|1R|米子北|5|倉吉東|4,2026,spring,2026-04-18,春季鳥取大会 2026 日程・結果,1R,prefecture,鳥取,岡山,5,4,953.1078,1003.639,0.465482,4.56,2.4374,955.5452,1001.2016,13.2538,-13.2538,30,current
2026|spring|2026-04-18|春季鳥取大会 2026 日程・結果|1R|米子西|12|倉吉西・倉吉農業・境港総合技術|0,2026,spring,2026-04-18,春季鳥取大会 2026 日程・結果,1R,prefecture,鳥取,岡山,12,0,955.5452,1001.2016,0.476902,4.56,2.3853,957.9305,998.8163,14.7975,-14.7975,31,current
2026|spring|2026-04-18|春季鳥取大会 2026 日程・結果|1R|鳥取工業|1|倉吉総合産業|11,2026,spring,2026-04-18,春季鳥取大会 2026 日程・結果,1R,prefecture,鳥取,岡山,1,11,957.9305,998.8163,0.488148,4.56,-2.226,955.7045,1001.0422,16.3242,-16.3242,32,current
2026|spring|2026-04-18|春季岡山大会 2026 日程・結果|QUAL|勝山|4|津山東|5,2026,spring,2026-04-18,春季岡山大会 2026 日程・結果,QUAL,district_qualifier,鳥取,岡山,4,5,955.7045,1001.0422,0.478171,4.18,-1.9988,953.7058,1003.041,15.08,-15.08,33,current
2026|spring|2026-04-18|春季岡山大会 2026 日程・結果|QUAL|白陵|0|城東|20,2026,spring,2026-04-18,春季岡山大会 2026 日程・結果,QUAL,district_qualifier,兵庫,岡山,0,20,1056.1459,1003.041,0.575317,4.18,-2.4048,1053.7411,1005.4458,-0.184,0.184,1,current
2026|spring|2026-04-18|春季岡山大会 2026 日程・結果|QUAL|西大寺|5|明誠|4,2026,spring,2026-04-18,春季岡山大会 2026 日程・結果,QUAL,district_qualifier,岡山,島根,5,4,1005.4458,943.2818,0.62002,4.18,1.5883,1007.0341,941.6935,11.4469,-11.4469,17,current
2026|spring|2026-04-19|春季東京大会 2026 日程・結果|4R|帝京|1|佼成学園|4,2026,spring,2026-04-19,春季東京大会 2026 日程・結果,4R,prefecture,東東京,西東京,1,4,1048.8111,1026.847,0.496852,4.56,-2.2656,1046.5454,1029.1126,-12.0758,12.0758,466,current
2026|spring|2026-04-19|春季東京大会 2026 日程・結果|4R|安田学園|8|國學院久我山|15,2026,spring,2026-04-19,春季東京大会 2026 日程・結果,4R,prefecture,東東京,西東京,8,15,1046.5454,1029.1126,0.485525,4.56,-2.214,1044.3314,1031.3266,-13.7469,13.7469,467,current
2026|spring|2026-04-19|春季鳥取大会 2026 日程・結果|2R|倉吉総合産業|0|米子松蔭|6,2026,spring,2026-04-19,春季鳥取大会 2026 日程・結果,2R,prefecture,岡山,鳥取,0,6,1007.0341,953.7058,0.536519,4.56,-2.4465,1004.5876,956.1523,-13.9535,13.9535,34,current
2026|spring|2026-04-19|春季鳥取大会 2026 日程・結果|1R|鳥取東|4|倉吉北|11,2026,spring,2026-04-19,春季鳥取大会 2026 日程・結果,1R,prefecture,鳥取,岡山,4,11,956.1523,1004.5876,0.474997,4.56,-2.166,953.9863,1006.7536,15.5234,-15.5234,35,current
2026|spring|2026-04-20|春季鳥取大会 2026 日程・結果|2R|鳥取中央育英|2|倉吉北|3,2026,spring,2026-04-20,春季鳥取大会 2026 日程・結果,2R,prefecture,鳥取,岡山,2,3,953.9863,1006.7536,0.465205,4.56,-2.1213,951.865,1008.8749,14.2749,-14.2749,36,current
2026|spring|2026-04-25|春季東京大会 2026 日程・結果|QF|佼成学園|5|淑徳|4,2026,spring,2026-04-25,春季東京大会 2026 日程・結果,QF,prefecture,西東京,東東京,5,4,1031.3266,1044.3314,0.525529,4.56,2.1636,1033.4902,1042.1679,15.38,-15.38,468,current
2026|spring|2026-04-25|春季東京大会 2026 日程・結果|QF|國學院久我山|1|関東第一|4,2026,spring,2026-04-25,春季東京大会 2026 日程・結果,QF,prefecture,西東京,東東京,1,4,1033.4902,1042.1679,0.536309,4.56,-2.4456,1031.0446,1044.6134,16.976,-16.976,469,current
2026|spring|2026-04-25|春季鳥取大会 2026 日程・結果|QF|倉吉北|2|境|9,2026,spring,2026-04-25,春季鳥取大会 2026 日程・結果,QF,prefecture,岡山,鳥取,2,9,1008.8749,951.865,0.544402,4.56,-2.4825,1006.3925,954.3475,-13.0373,13.0373,37,current
2026|spring|2026-04-26|春季東京大会 2026 日程・結果|QF|桜美林|8|岩倉|9,2026,spring,2026-04-26,春季東京大会 2026 日程・結果,QF,prefecture,西東京,東東京,8,9,1031.0446,1044.6134,0.524126,4.56,-2.39,1028.6546,1047.0034,15.1731,-15.1731,470,current
2026|spring|2026-05-03|春季東京大会 2026 日程・結果|F|国士舘|2|関東一|5,2026,spring,2026-05-03,春季東京大会 2026 日程・結果,F,prefecture,西東京,東東京,2,5,1028.6546,1047.0034,0.512192,4.56,-2.3356,1026.319,1049.339,13.4111,-13.4111,471,current
2026|spring|2026-05-08|春季秋田大会 2026 日程・結果|1R|仁賀保|0|男鹿工業|30,2026,spring,2026-05-08,春季秋田大会 2026 日程・結果,1R,prefecture,岩手,秋田,0,30,1006.6188,948.0268,0.583377,4.56,-2.6602,1003.9586,950.687,-0.0546,0.0546,18,current
2026|spring|2026-05-09|春季北海道大会 2026 日程・結果|QUAL|帯広工業|10|更別農業・鹿追・広尾|0,2026,spring,2026-05-09,春季北海道大会 2026 日程・結果,QUAL,regional,北北海道,北海道,10,0,972.9578,938.2186,0.569503,7.6,3.2718,976.2296,934.9469,6.9357,-6.9357,14,current
2026|spring|2026-05-10|春季北海道大会 2026 日程・結果|QUAL|美幌・津別|5|網走南ヶ丘|24,2026,spring,2026-05-10,春季北海道大会 2026 日程・結果,QUAL,regional,北海道,北北海道,5,24,934.9469,976.2296,0.416319,7.6,-3.164,931.7828,979.3936,-8.7084,8.7084,15,current
2026|spring|2026-05-11|春季北海道大会 2026 日程・結果|QUAL|室蘭清水丘|16|室工・東翔|14,2026,spring,2026-05-11,春季北海道大会 2026 日程・結果,QUAL,regional,南北海道,北海道,16,14,989.8273,931.7828,0.655479,7.6,2.6184,992.4456,929.1645,26.8462,-26.8462,25,current
2026|spring|2026-05-11|春季北海道大会 2026 日程・結果|QUAL|苫小牧西・えりも・富川|0|北海道栄|11,2026,spring,2026-05-11,春季北海道大会 2026 日程・結果,QUAL,regional,北海道,南北海道,0,11,929.1645,992.4456,0.333243,7.6,-2.5326,926.6318,994.9783,-28.6006,28.6006,26,current
2026|spring|2026-05-11|春季北海道大会 2026 日程・結果|QUAL|七飯|7|江差・奥尻・大農|2,2026,spring,2026-05-11,春季北海道大会 2026 日程・結果,QUAL,regional,南北海道,北海道,7,2,994.9783,926.6318,0.677537,7.6,2.4507,997.429,924.1811,30.3174,-30.3174,27,current
2026|spring|2026-05-11|春季秋田大会 2026 日程・結果|2R|横手|11|増田・羽後|1,2026,spring,2026-05-11,春季秋田大会 2026 日程・結果,2R,prefecture,秋田,岩手,11,1,950.687,1003.9586,0.42804,4.56,2.6081,953.2951,1001.3505,1.4595,-1.4595,19,current
2026|spring|2026-05-12|春季北海道大会 2026 日程・結果|QUAL|釧路高専|1|釧路工業・厚岸翔洋・標茶|12,2026,spring,2026-05-12,春季北海道大会 2026 日程・結果,QUAL,regional,北北海道,北海道,1,12,979.3936,924.1811,0.607908,7.6,-4.6201,974.7735,928.8012,10.4839,-10.4839,16,current
2026|spring|2026-05-13|春季北海道大会 2026 日程・結果|QUAL|札幌工業|10|北広島西・北斗・開成|0,2026,spring,2026-05-13,春季北海道大会 2026 日程・結果,QUAL,regional,南北海道,北海道,10,0,997.429,928.8012,0.682097,7.6,2.4161,999.8451,926.3852,31.9965,-31.9965,28,current
2026|spring|2026-05-13|春季北海道大会 2026 日程・結果|QUAL|小樽水産|0|寿都・岩内・蘭越|10,2026,spring,2026-05-13,春季北海道大会 2026 日程・結果,QUAL,regional,南北海道,北海道,0,10,999.8451,926.3852,0.692203,7.6,-5.2607,994.5843,931.6459,33.6638,-33.6638,29,current
2026|spring|2026-05-14|春季北海道大会 2026 日程・結果|QUAL|釧路工業・厚岸翔洋・標茶|3|釧路湖陵|6,2026,spring,2026-05-14,春季北海道大会 2026 日程・結果,QUAL,regional,北海道,北北海道,3,6,931.6459,974.7735,0.414778,7.6,-3.1523,928.4936,977.9258,-8.3373,8.3373,17,current
2026|spring|2026-05-16|春季北海道大会 2026 日程・結果|QUAL|北照|13|寿都・岩内・蘭越|1,2026,spring,2026-05-16,春季北海道大会 2026 日程・結果,QUAL,regional,南北海道,北海道,13,1,994.5843,928.4936,0.675895,7.6,2.4632,997.0475,926.0304,30.7933,-30.7933,30,current
2026|spring|2026-05-25|春季北海道大会 2026 日程・結果|1R|北海|9|旭川東|0,2026,spring,2026-05-25,春季北海道大会 2026 日程・結果,1R,regional,南北海道,北北海道,9,0,997.0475,977.9258,0.54154,7.6,3.4843,1000.5318,974.4415,4.9051,-4.9051,155,current
2026|spring|2026-05-26|春季北海道大会 2026 日程・結果|1R|士別翔雲|6|東海大札幌|3,2026,spring,2026-05-26,春季北海道大会 2026 日程・結果,1R,regional,北北海道,南北海道,6,3,974.4415,1000.5318,0.441446,7.6,4.245,978.6865,996.2868,-7.3924,7.3924,156,current
2026|spring|2026-05-27|春季北海道大会 2026 日程・結果|QF|クラーク国際|5|北海|3,2026,spring,2026-05-27,春季北海道大会 2026 日程・結果,QF,regional,北北海道,南北海道,5,3,978.6865,996.2868,0.462179,7.6,4.0874,982.774,992.1994,-4.3653,4.3653,157,current
2026|spring|2026-05-27|春季北海道大会 2026 日程・結果|1R|網走南ヶ丘|4|倶知安|7,2026,spring,2026-05-27,春季北海道大会 2026 日程・結果,1R,regional,北北海道,南北海道,4,7,982.774,992.1994,0.482273,7.6,-3.6653,979.1087,995.8646,-1.4488,1.4488,158,current
2026|spring|2026-05-28|春季北海道大会 2026 日程・結果|QF|倶知安|3|旭川志峯|5,2026,spring,2026-05-28,春季北海道大会 2026 日程・結果,QF,regional,南北海道,北北海道,3,5,995.8646,979.1087,0.535757,7.6,-4.0718,991.7929,983.1804,4.0665,-4.0665,159,current
2026|spring|2026-05-28|春季北海道大会 2026 日程・結果|QF|士別翔雲|5|札幌龍谷|2,2026,spring,2026-05-28,春季北海道大会 2026 日程・結果,QF,regional,北北海道,南北海道,5,2,983.1804,991.7929,0.484274,7.6,3.9195,987.1,987.8734,-1.1593,1.1593,160,current
2026|spring|2026-05-30|春季北海道大会 2026 日程・結果|SF|クラーク国際|6|札幌日大|4,2026,spring,2026-05-30,春季北海道大会 2026 日程・結果,SF,regional,北北海道,南北海道,6,4,987.1,987.8734,0.50361,7.6,3.7726,990.8725,984.1008,1.6408,-1.6408,161,current
2026|summer|2026-07-10|選手権秋田大会 2026 日程・結果|2R|能代松陽|5|増田・羽後|1,2026,summer,2026-07-10,選手権秋田大会 2026 日程・結果,2R,prefecture,秋田,岩手,5,1,953.2951,1001.3505,0.439427,5.52,3.0944,956.3895,998.2561,2.8787,-2.8787,20,current
2026|summer|2026-07-10|選手権秋田大会 2026 日程・結果|2R|仁賀保|0|大館国際|26,2026,summer,2026-07-10,選手権秋田大会 2026 日程・結果,2R,prefecture,岩手,秋田,0,26,998.2561,956.3895,0.546876,5.52,-3.0188,995.2374,959.4082,-4.599,4.599,21,current
2026|summer|2026-07-11|選手権香川大会 2026 日程・結果|2R|蓬莱|7|高松第一|0,2026,summer,2026-07-11,選手権香川大会 2026 日程・結果,2R,prefecture,徳島,香川,7,0,976.2884,1007.4262,0.462855,5.52,2.965,979.2535,1004.4612,2.6396,-2.6396,39,current
2026|summer|2026-07-12|選手権鳥取大会 2026 日程・結果|1R|倉吉東|8|鳥取中央育英|1,2026,summer,2026-07-12,選手権鳥取大会 2026 日程・結果,1R,prefecture,岡山,鳥取,8,1,1006.3925,954.3475,0.532724,5.52,2.5794,1008.9718,951.7681,-14.6366,14.6366,38,current
2026|summer|2026-07-12|選手権香川大会 2026 日程・結果|2R|志度|5|坂出商業|1,2026,summer,2026-07-12,選手権香川大会 2026 日程・結果,2R,prefecture,徳島,香川,5,1,979.2535,1004.4612,0.476704,5.52,2.8886,982.1421,1001.5726,4.504,-4.504,40,current
2026|summer|2026-07-13|選手権香川大会 2026 日程・結果|2R|多度津|2|観音寺一|9,2026,summer,2026-07-13,選手権香川大会 2026 日程・結果,2R,prefecture,徳島,香川,2,9,982.1421,1001.5726,0.490272,5.52,-2.7063,979.4358,1004.2789,6.3351,-6.3351,41,current
2026|summer|2026-07-18|選手権鳥取大会 2026 日程・結果|2R|鳥取商業|4|倉吉東|1,2026,summer,2026-07-18,選手権鳥取大会 2026 日程・結果,2R,prefecture,鳥取,岡山,4,1,951.7681,1008.9718,0.455491,5.52,3.0057,954.7738,1005.9661,13.0969,-13.0969,39,current
2026|summer|2026-07-18|選手権香川大会 2026 日程・結果|3R|蓬莱|8|三木|0,2026,summer,2026-07-18,選手権香川大会 2026 日程・結果,3R,prefecture,徳島,香川,8,0,979.4358,1004.2789,0.477661,5.52,2.8833,982.3191,1001.3956,4.6549,-4.6549,42,current
2026|summer|2026-07-19|選手権鳥取大会 2026 日程・結果|2R|米子東|13|倉吉西・倉吉農業・境港総合技術|2,2026,summer,2026-07-19,選手権鳥取大会 2026 日程・結果,2R,prefecture,鳥取,岡山,13,2,954.7738,1005.9661,0.46963,5.52,2.9276,957.7014,1003.0385,15.0314,-15.0314,40,current
2026|summer|2026-07-19|選手権香川大会 2026 日程・結果|3R|志度|0|丸亀|11,2026,summer,2026-07-19,選手権香川大会 2026 日程・結果,3R,prefecture,徳島,香川,0,11,982.3191,1001.3956,0.491243,5.52,-2.7117,979.6074,1004.1073,6.4955,-6.4955,43,current
2026|summer|2026-07-20|選手権香川大会 2026 日程・結果|QF|蓬莱|5|丸亀|6,2026,summer,2026-07-20,選手権香川大会 2026 日程・結果,QF,prefecture,徳島,香川,5,6,979.6074,1004.1073,0.478565,5.52,-2.6417,976.9658,1006.7489,4.7979,-4.7979,44,current
2026|koshien|2026-08-05|第108回全国高等学校野球選手権大会|1R|札幌日大|1|仙台育英|3,2026,koshien,2026-08-05,第108回全国高等学校野球選手権大会,1R,prefecture,南北海道,宮城,1,3,984.1008,1048.3825,0.408532,5.52,-2.2551,981.8457,1050.6376,0.0,-0.0,0,current
2026|koshien|2026-08-06|第108回全国高等学校野球選手権大会|1R|東筑|1|神村学園|5,2026,koshien,2026-08-06,第108回全国高等学校野球選手権大会,1R,national,福岡,鹿児島,1,5,1055.9974,1028.593,0.536746,11.96,-6.4195,1049.5779,1035.0125,-0.9123,0.9123,14,current
2026|koshien|2026-08-06|第108回全国高等学校野球選手権大会|1R|聖隷クリストファー|0|佐野日大|1,2026,koshien,2026-08-06,第108回全国高等学校野球選手権大会,1R,national,静岡,栃木,0,1,976.9902,964.478,0.516395,11.96,-6.1761,970.8142,970.6541,-0.558,0.558,1,current
2026|koshien|2026-08-07|第108回全国高等学校野球選手権大会|1R|東海大甲府|5|鶴岡東|2,2026,koshien,2026-08-07,第108回全国高等学校野球選手権大会,1R,national,山梨,山形,5,2,1029.7378,971.111,0.583579,11.96,4.9804,1034.7182,966.1306,-0.0,0.0,0,current
2026|koshien|2026-08-07|第108回全国高等学校野球選手権大会|1R|八幡商|1|健大高崎|7,2026,koshien,2026-08-07,第108回全国高等学校野球選手権大会,1R,national,滋賀,群馬,1,7,1013.5989,1035.984,0.469364,11.96,-5.6136,1007.9853,1041.5976,0.5353,-0.5353,1,current
2026|koshien|2026-08-07|第108回全国高等学校野球選手権大会|1R|立命館宇治|3|有明|6,2026,koshien,2026-08-07,第108回全国高等学校野球選手権大会,1R,national,京,熊本,3,6,1047.4559,965.5968,0.615672,11.96,-7.3634,1040.0925,972.9602,0.0,-0.0,0,current
2026|koshien|2026-08-07|第108回全国高等学校野球選手権大会|1R|立正大淞南|1|長崎日大|15,2026,koshien,2026-08-07,第108回全国高等学校野球選手権大会,1R,national,島根,長崎,1,15,941.6935,986.5649,0.437517,11.96,-5.2327,936.4608,991.7976,0.6127,-0.6127,1,current
2026|koshien|2026-08-08|第108回全国高等学校野球選手権大会|1R|遊学館|5|青森山田|6,2026,koshien,2026-08-08,第108回全国高等学校野球選手権大会,1R,national,石川,青森,5,6,1057.1981,1049.0558,0.515442,11.96,-6.1647,1051.0334,1055.2205,1.2956,-1.2956,2,current
2026|koshien|2026-08-08|第108回全国高等学校野球選手権大会|1R|白樺学園|1|東日大昌平|2,2026,koshien,2026-08-08,第108回全国高等学校野球選手権大会,1R,prefecture,北北海道,福島,1,2,990.8725,981.5215,0.513454,5.52,-2.8343,988.0383,984.3557,0.0,-0.0,0,current
2026|koshien|2026-08-08|第108回全国高等学校野球選手権大会|1R|日本文理|4|大分商|6,2026,koshien,2026-08-08,第108回全国高等学校野球選手権大会,1R,national,新潟,大分,4,6,966.831,1026.5502,0.414894,11.96,-4.9621,961.8689,1031.5124,-0.0,0.0,0,current
2026|koshien|2026-08-08|第108回全国高等学校野球選手権大会|1R|英明|4|関東第一|1,2026,koshien,2026-08-08,第108回全国高等学校野球選手権大会,1R,prefecture,香川,東東京,4,1,1006.7489,1049.339,0.436384,5.52,3.1112,1009.8601,1046.2279,-0.9278,0.9278,3,current
2026|koshien|2026-08-09|第108回全国高等学校野球選手権大会|1R|新田|2|花巻東|4,2026,koshien,2026-08-09,第108回全国高等学校野球選手権大会,1R,national,愛媛,岩手,2,4,928.038,995.2374,0.403064,11.96,-4.8206,923.2174,1000.058,-0.5112,0.5112,1,current
2026|koshien|2026-08-09|第108回全国高等学校野球選手権大会|1R|岡山学芸館|7|鳥取城北|3,2026,koshien,2026-08-09,第108回全国高等学校野球選手権大会,1R,national,岡山,鳥取,7,3,1003.0385,957.7014,0.516511,11.96,5.7825,1008.821,951.9189,-16.93,16.93,41,current
2026|koshien|2026-08-09|第108回全国高等学校野球選手権大会|1R|鳴門渦潮|2|八王子実践|1,2026,koshien,2026-08-09,第108回全国高等学校野球選手権大会,1R,prefecture,徳島,西東京,2,1,976.9658,1026.319,0.428889,5.52,3.1525,980.1183,1023.1665,-0.1984,0.1984,1,current
2026|koshien|2026-08-09|第108回全国高等学校野球選手権大会|1R|中京|3|霞ヶ浦|6,2026,koshien,2026-08-09,第108回全国高等学校野球選手権大会,1R,national,岐阜,茨城,3,6,985.238,971.63,0.519573,11.96,-6.2141,979.0239,977.8441,0.0,-0.0,0,current
2026|koshien|2026-08-10|第108回全国高等学校野球選手権大会|2R|高岡商|1|高川学園|7,2026,koshien,2026-08-10,第108回全国高等学校野球選手権大会,2R,national,富山,山口,1,7,908.5881,990.1966,0.383587,11.96,-4.5877,904.0004,994.7843,-0.3973,0.3973,1,current
2026|koshien|2026-08-10|第108回全国高等学校野球選手権大会|2R|天理|7|福山|2,2026,koshien,2026-08-10,第108回全国高等学校野球選手権大会,2R,national,奈良,広島,7,2,1068.8992,1051.9419,0.523772,11.96,5.6957,1074.5949,1046.2462,-0.2133,0.2133,2,current
2026|koshien|2026-08-10|第108回全国高等学校野球選手権大会|1R|明徳義塾|1|日南学園|2,2026,koshien,2026-08-10,第108回全国高等学校野球選手権大会,1R,national,高知,宮崎,1,2,1037.0487,920.6088,0.661566,11.96,-7.9123,1029.1364,928.5212,-0.0,0.0,0,current
2026|koshien|2026-08-10|第108回全国高等学校野球選手権大会|1R|横浜|7|沖縄尚学|2,2026,koshien,2026-08-10,第108回全国高等学校野球選手権大会,1R,national,神奈川,沖縄,7,2,1046.7018,1040.951,0.509673,11.96,5.8643,1052.5662,1035.0867,0.4857,-0.4857,1,current
2026|koshien|2026-08-11|第108回全国高等学校野球選手権大会|2R|横手|0|敦賀気比|10,2026,koshien,2026-08-11,第108回全国高等学校野球選手権大会,2R,national,秋田,福井,0,10,959.4082,1005.9966,0.433353,11.96,-5.1829,954.2253,1011.1795,-0.0,0.0,0,current
2026|koshien|2026-08-11|第108回全国高等学校野球選手権大会|2R|智辯和歌山|2|社|1,2026,koshien,2026-08-11,第108回全国高等学校野球選手権大会,2R,national,和歌山,兵庫,2,1,1023.029,1053.7411,0.468292,11.96,6.3592,1029.3883,1047.3818,4.3249,-4.3249,18,current
2026|koshien|2026-08-11|第108回全国高等学校野球選手権大会|2R|履正社|6|享栄|2,2026,koshien,2026-08-11,第108回全国高等学校野球選手権大会,2R,national,大阪,愛知,6,2,1111.3395,1015.8148,0.634834,11.96,4.3674,1115.7068,1011.4474,0.2715,-0.2715,1,current
2026|koshien|2026-08-11|第108回全国高等学校野球選手権大会|2R|松商学園|3|三重|5,2026,koshien,2026-08-11,第108回全国高等学校野球選手権大会,2R,national,長野,三重,3,5,943.6257,979.0968,0.44913,11.96,-5.3716,938.2541,984.4684,-0.0,0.0,0,current
2026|koshien|2026-08-12|第108回全国高等学校野球選手権大会|2R|拓大紅陵|1|佐賀商|0,2026,koshien,2026-08-12,第108回全国高等学校野球選手権大会,2R,national,千葉,佐賀,1,0,1019.9923,912.6788,0.649706,11.96,4.1895,1024.1818,908.4892,-0.0,0.0,0,current
2026|koshien|2026-08-12|第108回全国高等学校野球選手権大会|2R|花咲徳栄|0|仙台育英|1,2026,koshien,2026-08-12,第108回全国高等学校野球選手権大会,2R,national,埼玉,宮城,0,1,1018.0026,1050.6376,0.454796,11.96,-5.4394,1012.5632,1056.077,0.5691,-0.5691,3,current
2026|koshien|2026-08-12|第108回全国高等学校野球選手権大会|2R|神村学園|1|佐野日大|3,2026,koshien,2026-08-12,第108回全国高等学校野球選手権大会,2R,national,鹿児島,栃木,1,3,1035.0125,970.6541,0.592567,11.96,-7.0871,1027.9254,977.7412,0.3571,-0.3571,1,current
2026|koshien|2026-08-13|第108回全国高等学校野球選手権大会|2R|東海大甲府|0|健大高崎|1,2026,koshien,2026-08-13,第108回全国高等学校野球選手権大会,2R,national,山梨,群馬,0,1,1034.7182,1041.5976,0.47974,11.96,-5.7377,1028.9805,1047.3353,-3.603,3.603,17,current
2026|koshien|2026-08-13|第108回全国高等学校野球選手権大会|2R|有明|3|長崎日大|2,2026,koshien,2026-08-13,第108回全国高等学校野球選手権大会,2R,national,熊本,長崎,3,2,972.9602,991.7976,0.452849,11.96,6.5439,979.5041,985.2537,-7.0119,7.0119,9,current
2026|koshien|2026-08-13|第108回全国高等学校野球選手権大会|2R|青森山田|2|東日大昌平|6,2026,koshien,2026-08-13,第108回全国高等学校野球選手権大会,2R,national,青森,福島,2,6,1055.2205,984.3557,0.617418,11.96,-7.3843,1047.8362,991.74,6.1385,-6.1385,17,current
2026|koshien|2026-08-13|第108回全国高等学校野球選手権大会|2R|大分商|1|英明|6,2026,koshien,2026-08-13,第108回全国高等学校野球選手権大会,2R,national,大分,香川,1,6,1031.5124,1009.8601,0.53112,11.96,-6.3522,1025.1602,1016.2123,0.0,-0.0,0,current
2026|koshien|2026-08-14|第108回全国高等学校野球選手権大会|2R|花巻東|4|岡山学芸館|1,2026,koshien,2026-08-14,第108回全国高等学校野球選手権大会,2R,national,岩手,岡山,4,1,1000.058,1008.821,0.487392,11.96,6.1308,1006.1888,1002.6902,-0.0,0.0,0,current
2026|koshien|2026-08-14|第108回全国高等学校野球選手権大会|2R|鳴門渦潮|1|霞ヶ浦|5,2026,koshien,2026-08-14,第108回全国高等学校野球選手権大会,2R,national,徳島,茨城,1,5,980.1183,977.8441,0.503273,11.96,-6.0191,974.0991,983.8632,0.0,-0.0,0,current
2026|koshien|2026-08-14|第108回全国高等学校野球選手権大会|2R|日南学園|1|横浜|10,2026,koshien,2026-08-14,第108回全国高等学校野球選手権大会,2R,national,宮崎,神奈川,1,10,928.5212,1052.5662,0.328702,11.96,-3.9313,924.5899,1056.4974,0.0,-0.0,0,current
2026|koshien|2026-08-15|第108回全国高等学校野球選手権大会|3R|高川学園|3|天理|6,2026,koshien,2026-08-15,第108回全国高等学校野球選手権大会,3R,national,山口,奈良,3,6,994.7843,1074.5949,0.387122,11.96,-4.63,990.1544,1079.2248,-0.0,0.0,0,current
2026|koshien|2026-08-15|第108回全国高等学校野球選手権大会|3R|敦賀気比|3|智辯和歌山|7,2026,koshien,2026-08-15,第108回全国高等学校野球選手権大会,3R,national,福井,和歌山,3,7,1011.1795,1029.3883,0.472859,11.96,-5.6554,1005.5241,1035.0436,-0.3346,0.3346,1,current
2026|koshien|2026-08-15|第108回全国高等学校野球選手権大会|3R|履正社|2|三重|5,2026,koshien,2026-08-15,第108回全国高等学校野球選手権大会,3R,national,大阪,三重,2,5,1115.7068,984.4684,0.686094,11.96,-8.2057,1107.5012,992.6741,2.2977,-2.2977,3,current
2026|koshien|2026-08-15|第108回全国高等学校野球選手権大会|3R|拓大紅陵|3|仙台育英|6,2026,koshien,2026-08-15,第108回全国高等学校野球選手権大会,3R,national,千葉,宮城,3,6,1024.1818,1056.077,0.454228,11.96,-5.4326,1018.7492,1061.5095,0.0,-0.0,0,current
2026|koshien|2026-08-16|第108回全国高等学校野球選手権大会|3R|佐野日大|1|健大高崎|4,2026,koshien,2026-08-16,第108回全国高等学校野球選手権大会,3R,national,栃木,群馬,1,4,977.7412,1047.3353,0.384669,11.96,-4.6006,973.1406,1051.9359,-6.0072,6.0072,9,current
2026|koshien|2026-08-16|第108回全国高等学校野球選手権大会|3R|有明|4|東日大昌平|1,2026,koshien,2026-08-16,第108回全国高等学校野球選手権大会,3R,national,熊本,福島,4,1,979.5041,991.74,0.481111,11.96,6.2059,985.71,985.5341,-0.4478,0.4478,1,current
2026|koshien|2026-08-16|第108回全国高等学校野球選手権大会|3R|英明|0|花巻東|4,2026,koshien,2026-08-16,第108回全国高等学校野球選手権大会,3R,national,香川,岩手,0,4,1016.2123,1006.1888,0.514421,11.96,-6.1525,1010.0598,1012.3413,-0.0,0.0,0,current
2026|koshien|2026-08-16|第108回全国高等学校野球選手権大会|3R|霞ヶ浦|2|横浜|5,2026,koshien,2026-08-16,第108回全国高等学校野球選手権大会,3R,national,茨城,神奈川,2,5,983.8632,1056.4974,0.378494,11.96,-4.5268,979.3364,1061.0242,-6.7601,6.7601,12,current
2026|koshien|2026-08-18|第108回全国高等学校野球選手権大会|QF|天理|7|三重|0,2026,koshien,2026-08-18,第108回全国高等学校野球選手権大会,QF,national,奈良,三重,7,0,1079.2248,992.6741,0.622042,11.96,4.5204,1083.7452,988.1537,-0.0,0.0,0,current
2026|koshien|2026-08-18|第108回全国高等学校野球選手権大会|QF|仙台育英|3|智辯和歌山|11,2026,koshien,2026-08-18,第108回全国高等学校野球選手権大会,QF,national,宮城,和歌山,3,11,1061.5095,1035.0436,0.538014,11.96,-6.4346,1055.0749,1041.4783,-0.0,0.0,0,current
2026|koshien|2026-08-18|第108回全国高等学校野球選手権大会|QF|花巻東|0|横浜|6,2026,koshien,2026-08-18,第108回全国高等学校野球選手権大会,QF,national,岩手,神奈川,0,6,1012.3413,1061.0242,0.430395,11.96,-5.1475,1007.1938,1066.1717,0.0,-0.0,0,current
2026|koshien|2026-08-18|第108回全国高等学校野球選手権大会|QF|健大高崎|1|有明|0,2026,koshien,2026-08-18,第108回全国高等学校野球選手権大会,QF,national,群馬,熊本,1,0,1051.9359,985.71,0.593081,11.96,4.8668,1056.8027,980.8433,-0.3918,0.3918,1,current
2026|koshien|2026-08-20|第108回全国高等学校野球選手権大会|SF|智辯和歌山|7|横浜|1,2026,koshien,2026-08-20,第108回全国高等学校野球選手権大会,SF,national,和歌山,神奈川,7,1,1041.4783,1066.1717,0.465584,11.96,6.3916,1047.8699,1059.7801,0.3705,-0.3705,1,current
2026|koshien|2026-08-20|第108回全国高等学校野球選手権大会|SF|天理|0|健大高崎|1,2026,koshien,2026-08-20,第108回全国高等学校野球選手権大会,SF,national,奈良,群馬,0,1,1083.7452,1056.8027,0.542931,11.96,-6.4935,1077.2518,1063.2961,1.4813,-1.4813,2,current
2026|koshien|2026-08-22|第108回全国高等学校野球選手権大会|F|智辯和歌山|4|健大高崎|3,2026,koshien,2026-08-22,第108回全国高等学校野球選手権大会,F,national,和歌山,群馬,4,3,1047.8699,1063.2961,0.477814,11.96,6.2453,1054.1152,1057.0508,0.0,-0.0,0,current
2026|autumn|2026-08-30|秋季北信越長野2026|地区予選|飯田風越|1|飯田|5,2026,autumn,2026-08-30,秋季北信越長野2026,地区予選,prefecture,長野,石川,1,5,938.2541,1051.0334,0.347369,4.8,-1.6674,936.5867,1052.7008,1.6142,-1.6142,19,current
2026|autumn|2026-08-31|秋季北信越長野2026|地区予選|飯田|2|伊那弥生ヶ丘|9,2026,autumn,2026-08-31,秋季北信越長野2026,地区予選,prefecture,石川,長野,2,9,1052.7008,936.5867,0.659221,4.8,-3.1643,1049.5365,939.751,-0.7453,0.7453,20,current
