rank,school,rating,base_rating,history_prior,prefecture,region,games,wins,losses,draws,win_pct,runs_for,runs_against,run_diff,first_date,last_date
1,横浜,1313.64,1000.0,4.44,神奈川,関東・東京,45,40,5,0,0.8889,319.0,83.0,236.0,2025-04-12,2026-08-20
2,智辯和歌山,1282.25,1000.0,0.99,和歌山,近畿,30,27,3,0,0.9,197.0,59.0,138.0,2025-04-12,2026-08-22
3,健大高崎,1274.01,1000.0,3.22,群馬,関東・東京,35,32,3,0,0.9143,242.0,47.0,195.0,2025-04-19,2026-08-22
4,花巻東,1272.83,1000.0,3.8,宮城,東北,40,35,5,0,0.875,284.0,78.0,206.0,2025-05-16,2026-08-18
5,仙台育英,1268.18,1000.0,-1.84,山形,東北,40,37,3,0,0.925,314.0,54.0,260.0,2025-05-16,2026-08-18
6,専大松戸,1259.56,1000.0,0.63,千葉,関東・東京,40,35,5,0,0.875,259.0,79.0,180.0,2025-04-20,2026-07-26
7,大阪桐蔭,1257.28,1000.0,8.38,大阪,近畿,38,33,5,0,0.8684,305.0,67.0,238.0,2025-04-12,2026-07-19
8,山梨学院,1250.32,1000.0,-0.05,山梨,関東・東京,35,30,5,0,0.8571,243.0,68.0,175.0,2025-04-26,2026-07-20
9,九州国際大付,1239.24,1000.0,2.09,福岡,九州,31,27,4,0,0.871,198.0,88.0,110.0,2025-03-20,2026-07-23
10,天理,1237.96,1000.0,3.92,奈良,近畿,33,28,5,0,0.8485,233.0,52.0,181.0,2025-04-20,2026-08-20
11,履正社,1234.26,1000.0,8.38,大阪,近畿,33,29,4,0,0.8788,255.0,55.0,200.0,2025-04-19,2026-08-15
12,英明,1231.07,1000.0,-4.3,徳島,四国,36,30,6,0,0.8333,199.0,97.0,102.0,2025-03-20,2026-08-16
13,神村学園,1227.11,1000.0,1.49,鹿児島,九州,33,29,4,0,0.8788,224.0,49.0,175.0,2025-03-25,2026-08-12
14,三重,1217.79,1000.0,-4.97,三重,東海,34,28,6,0,0.8235,219.0,102.0,117.0,2025-04-12,2026-08-18
15,関東一,1213.13,1000.0,2.37,東京,関東・東京,30,26,4,0,0.8667,231.0,44.0,187.0,2025-04-07,2026-08-08
16,花咲徳栄,1212.63,1000.0,-0.08,埼玉,関東・東京,35,29,6,0,0.8286,292.0,110.0,182.0,2025-04-24,2026-08-12
17,聖光学院,1209.61,1000.0,-1.38,福島,東北,35,31,4,0,0.8857,256.0,68.0,188.0,2025-05-16,2026-07-23
18,八戸学院光星,1206.61,1000.0,4.16,青森,東北,35,28,7,0,0.8,249.0,97.0,152.0,2025-05-12,2026-07-20
19,神戸国際大付,1205.54,1000.0,0.49,兵庫,近畿,35,28,7,0,0.8,198.0,77.0,121.0,2025-04-19,2026-07-24
20,享栄,1203.68,1000.0,2.72,愛知,東海,36,31,5,0,0.8611,232.0,83.0,149.0,2025-04-12,2026-08-11
21,沖縄尚学,1201.85,1000.0,1.73,沖縄,九州,26,22,4,0,0.8462,112.0,38.0,74.0,2025-04-20,2026-08-10
22,日大三,1192.94,1000.0,2.37,東京,関東・東京,26,22,4,0,0.8462,191.0,57.0,134.0,2025-04-06,2026-07-24
23,中京大中京,1188.48,1000.0,2.72,愛知,東海,39,30,9,0,0.7692,216.0,102.0,114.0,2025-04-12,2026-07-21
24,浦和学院,1188.41,1000.0,-0.08,埼玉,関東・東京,29,24,5,0,0.8276,247.0,72.0,175.0,2025-04-26,2026-07-26
25,佐野日大,1187.33,1000.0,-2.36,栃木,関東・東京,30,24,6,0,0.8,197.0,75.0,122.0,2025-04-19,2026-08-16
26,聖隷クリストファー,1183.5,1000.0,-1.42,静岡,東海,39,32,7,0,0.8205,176.0,59.0,117.0,2025-04-19,2026-08-06
27,報徳学園,1181.87,1000.0,0.49,兵庫,近畿,31,27,4,0,0.871,210.0,58.0,152.0,2025-04-19,2026-07-20
28,高川学園,1181.42,1000.0,-1.06,山口,中国,30,23,7,0,0.7667,193.0,71.0,122.0,2025-04-19,2026-08-15
29,愛工大名電,1181.1,1000.0,2.72,愛知,東海,36,29,7,0,0.8056,219.0,68.0,151.0,2025-04-12,2026-07-28
30,広陵,1179.06,1000.0,-6.32,島根,中国,32,28,4,0,0.875,270.0,49.0,221.0,2025-04-19,2026-07-26
31,智辯学園,1173.36,1000.0,3.92,奈良,近畿,26,20,6,0,0.7692,185.0,80.0,105.0,2025-04-13,2026-07-20
32,東洋大姫路,1172.83,1000.0,0.49,兵庫,近畿,36,29,7,0,0.8056,185.0,83.0,102.0,2025-04-26,2026-07-20
33,北海,1171.97,1000.0,-9.79,北海道,北海道,34,30,4,0,0.8824,183.0,65.0,118.0,2025-05-26,2026-07-19
34,倉敷商,1171.82,1000.0,-7.46,鳥取,中国,31,26,5,0,0.8387,225.0,77.0,148.0,2025-04-27,2026-07-27
35,県岐阜商,1171.25,1000.0,-2.62,岐阜,東海,28,23,5,0,0.8214,177.0,57.0,120.0,2025-04-12,2026-07-26
36,有明,1171.14,1000.0,-4.28,熊本,九州,25,19,6,0,0.76,121.0,32.0,89.0,2025-03-25,2026-08-18
37,敦賀気比,1168.6,1000.0,1.72,福井,北信越,27,23,4,0,0.8519,186.0,69.0,117.0,2025-04-26,2026-08-15
38,豊川,1166.81,1000.0,2.72,愛知,東海,40,32,8,0,0.8,311.0,78.0,233.0,2025-04-12,2026-07-23
39,下関国際,1165.61,1000.0,-1.06,山口,中国,27,22,5,0,0.8148,195.0,60.0,135.0,2025-04-19,2026-07-28
40,青森山田,1164.92,1000.0,4.16,青森,東北,29,24,5,0,0.8276,199.0,61.0,138.0,2025-05-12,2026-08-13
41,中部大春日丘,1164.92,1000.0,2.72,愛知,東海,36,27,9,0,0.75,242.0,116.0,126.0,2025-04-12,2026-07-27
42,拓殖大紅陵,1163.83,1000.0,0.63,千葉,関東・東京,22,20,2,0,0.9091,146.0,44.0,102.0,2025-04-20,2026-07-26
43,津商,1163.6,1000.0,-4.97,三重,東海,32,26,6,0,0.8125,238.0,74.0,164.0,2025-04-12,2026-07-25
44,龍谷大平安,1159.91,1000.0,2.25,京都,近畿,26,22,4,0,0.8462,157.0,55.0,102.0,2025-04-19,2026-07-22
45,東筑,1159.62,1000.0,2.09,福岡,九州,28,23,5,0,0.8214,167.0,61.0,106.0,2025-03-20,2026-08-06
46,明豊,1159.38,1000.0,2.65,大分,九州,29,24,5,0,0.8276,180.0,76.0,104.0,2025-03-25,2026-07-23
47,上田西,1156.56,1000.0,-4.39,長野,北信越,34,28,6,0,0.8235,251.0,96.0,155.0,2025-05-10,2026-07-18
48,崇徳,1156.09,1000.0,-6.32,島根,中国,31,24,7,0,0.7742,208.0,72.0,136.0,2025-04-19,2026-07-22
49,白樺学園,1154.56,1000.0,-9.79,北海道,北海道,34,28,6,0,0.8235,229.0,55.0,174.0,2025-05-26,2026-08-08
50,滋賀学園,1153.12,1000.0,-0.81,滋賀,近畿,30,24,6,0,0.8,166.0,73.0,93.0,2025-04-20,2026-07-21
51,東海大熊本星翔,1152.95,1000.0,-4.28,熊本,九州,28,23,5,0,0.8214,146.0,60.0,86.0,2025-03-25,2026-07-24
52,大垣日大,1152.84,1000.0,-2.62,岐阜,東海,24,19,5,0,0.7917,145.0,38.0,107.0,2025-04-19,2026-07-28
53,新田,1152.27,1000.0,-7.48,愛媛,四国,27,22,5,0,0.8148,195.0,42.0,153.0,2025-03-21,2026-08-09
54,東海大大阪仰星,1151.88,1000.0,8.38,大阪,近畿,25,20,5,0,0.8,172.0,53.0,119.0,2025-04-20,2026-07-26
55,飯塚,1150.88,1000.0,2.09,福岡,九州,24,20,4,0,0.8333,156.0,44.0,112.0,2025-03-22,2026-07-23
56,西日本短大付,1150.46,1000.0,2.09,福岡,九州,25,20,5,0,0.8,153.0,50.0,103.0,2025-04-19,2026-07-17
57,学法石川,1149.0,1000.0,-1.38,福島,東北,35,27,8,0,0.7714,251.0,92.0,159.0,2025-05-16,2026-07-25
58,金光大阪,1147.55,1000.0,8.38,大阪,近畿,26,20,6,0,0.7692,116.0,46.0,70.0,2025-04-06,2026-07-26
59,日大山形,1146.88,1000.0,-6.25,秋田,東北,25,21,4,0,0.84,169.0,63.0,106.0,2025-05-12,2026-07-23
60,札幌日大,1146.8,1000.0,-9.79,北海道,北海道,30,24,6,0,0.8,170.0,63.0,107.0,2025-05-26,2026-08-05
61,長崎日大,1145.57,1000.0,-0.81,長崎,九州,23,18,5,0,0.7826,120.0,47.0,73.0,2025-03-25,2026-08-13
62,桐光学園,1145.37,1000.0,4.44,神奈川,関東・東京,22,17,5,0,0.7727,175.0,69.0,106.0,2025-04-06,2026-07-26
63,帝京,1145.29,1000.0,2.37,東京,関東・東京,27,21,6,0,0.7778,194.0,85.0,109.0,2025-04-06,2026-07-25
64,東北,1144.56,1000.0,-1.84,山形,東北,28,21,7,0,0.75,143.0,55.0,88.0,2025-05-16,2026-07-28
65,エナジック,1143.77,1000.0,1.73,沖縄,九州,22,18,4,0,0.8182,134.0,48.0,86.0,2025-04-19,2026-07-20
66,日本文理,1143.26,1000.0,-5.27,新潟,北信越,28,22,6,0,0.7857,195.0,102.0,93.0,2025-04-27,2026-08-08
67,星稜,1141.79,1000.0,6.19,石川,北信越,24,19,5,0,0.7917,151.0,56.0,95.0,2025-04-27,2026-07-22
68,近大付,1140.2,1000.0,8.38,大阪,近畿,24,18,6,0,0.75,178.0,65.0,113.0,2025-04-06,2026-07-24
69,東邦,1139.84,1000.0,2.72,愛知,東海,41,30,11,0,0.7317,178.0,100.0,78.0,2025-04-12,2026-07-23
70,長野日大,1139.8,1000.0,-4.39,長野,北信越,32,25,7,0,0.7812,312.0,86.0,226.0,2025-05-10,2026-07-19
71,立花学園,1139.75,1000.0,4.44,神奈川,関東・東京,24,19,5,0,0.7917,204.0,66.0,138.0,2025-04-06,2026-07-21
72,常総学院,1139.55,1000.0,-1.03,茨城,関東・東京,27,22,5,0,0.8148,208.0,63.0,145.0,2025-04-22,2026-07-25
73,鶴岡東,1138.09,1000.0,-6.25,秋田,東北,27,21,6,0,0.7778,232.0,60.0,172.0,2025-05-11,2026-08-07
74,習志野,1138.07,1000.0,0.63,千葉,関東・東京,29,23,6,0,0.7931,177.0,70.0,107.0,2025-04-19,2026-07-24
75,東日大昌平,1138.04,1000.0,-1.38,福島,東北,25,19,6,0,0.76,151.0,63.0,88.0,2025-05-16,2026-08-16
76,昌平,1137.86,1000.0,-0.08,埼玉,関東・東京,24,19,5,0,0.7917,195.0,77.0,118.0,2025-04-24,2026-07-24
77,箕面学園,1137.86,1000.0,8.38,大阪,近畿,24,19,5,0,0.7917,165.0,67.0,98.0,2025-04-06,2026-07-28
78,大阪学院大高,1136.86,1000.0,8.38,大阪,近畿,23,18,5,0,0.7826,191.0,34.0,157.0,2025-04-20,2026-07-19
79,佐久長聖,1136.27,1000.0,-4.39,長野,北信越,28,22,6,0,0.7857,267.0,77.0,190.0,2025-05-10,2026-07-22
80,盛岡大付,1136.21,1000.0,3.8,宮城,東北,31,25,6,0,0.8065,201.0,100.0,101.0,2025-05-16,2026-07-25
81,至学館,1135.2,1000.0,2.72,愛知,東海,28,21,7,0,0.75,221.0,53.0,168.0,2025-04-19,2026-07-21
82,小松大谷,1134.24,1000.0,6.19,石川,北信越,25,20,5,0,0.8,170.0,65.0,105.0,2025-04-26,2026-07-24
83,明石商,1133.49,1000.0,0.49,兵庫,近畿,22,19,3,0,0.8636,107.0,43.0,64.0,2025-04-19,2026-07-26
84,関大北陽,1133.23,1000.0,8.38,大阪,近畿,22,17,5,0,0.7727,141.0,43.0,98.0,2025-04-20,2026-07-24
85,帝京長岡,1132.61,1000.0,-5.27,新潟,北信越,27,20,7,0,0.7407,176.0,70.0,106.0,2025-04-26,2026-07-24
86,新潟明訓,1131.64,1000.0,-5.27,新潟,北信越,23,18,5,0,0.7826,180.0,63.0,117.0,2025-05-02,2026-07-22
87,市船橋,1131.16,1000.0,0.63,千葉,関東・東京,27,22,5,0,0.8148,205.0,73.0,132.0,2025-04-19,2026-07-22
88,東海大相模,1130.36,1000.0,4.44,神奈川,関東・東京,25,19,6,0,0.76,175.0,69.0,106.0,2025-04-06,2026-07-16
89,松本国際,1130.18,1000.0,-4.39,長野,北信越,35,27,8,0,0.7714,196.0,66.0,130.0,2025-05-10,2026-07-22
90,開星,1129.8,1000.0,5.45,広島,中国,23,18,5,0,0.7826,201.0,85.0,116.0,2025-04-19,2026-07-24
91,近江,1129.41,1000.0,-0.81,滋賀,近畿,26,20,6,0,0.7692,170.0,78.0,92.0,2025-04-26,2026-07-23
92,桐生一,1129.0,1000.0,3.22,群馬,関東・東京,25,19,6,0,0.76,190.0,72.0,118.0,2025-04-13,2026-07-24
93,常葉大菊川,1128.92,1000.0,-1.42,静岡,東海,25,19,6,0,0.76,167.0,65.0,102.0,2025-04-19,2026-07-27
94,岡山学芸館,1128.57,1000.0,-7.46,鳥取,中国,24,19,5,0,0.7917,91.0,67.0,24.0,2025-04-27,2026-08-14
95,富山商,1128.35,1000.0,-10.7,富山,北信越,22,18,4,0,0.8182,143.0,42.0,101.0,2025-04-19,2026-07-23
96,富山一,1128.17,1000.0,-10.7,富山,北信越,23,19,4,0,0.8261,172.0,65.0,107.0,2025-04-20,2026-07-25
97,霞ヶ浦,1127.59,1000.0,-1.03,茨城,関東・東京,22,16,6,0,0.7273,101.0,62.0,39.0,2025-04-21,2026-08-16
98,希望が丘,1126.48,1000.0,2.09,福岡,九州,19,15,4,0,0.7895,117.0,38.0,79.0,2025-03-24,2026-07-25
99,広島商,1124.65,1000.0,-6.32,島根,中国,24,18,6,0,0.75,164.0,58.0,106.0,2025-04-19,2026-07-28
100,鳥羽,1122.86,1000.0,2.25,京都,近畿,25,19,6,0,0.76,153.0,85.0,68.0,2025-04-19,2026-07-27
101,クラーク国際,1122.75,1000.0,-9.79,北海道,北海道,24,18,6,0,0.75,167.0,68.0,99.0,2025-05-26,2026-07-20
102,立命館宇治,1121.47,1000.0,2.25,京都,近畿,23,18,5,0,0.7826,155.0,65.0,90.0,2025-04-19,2026-08-07
103,明徳義塾,1121.26,1000.0,3.76,高知,四国,21,17,4,0,0.8095,108.0,33.0,75.0,2025-04-26,2026-08-10
104,文星芸大附,1121.09,1000.0,-2.36,栃木,関東・東京,22,17,5,0,0.7727,149.0,57.0,92.0,2025-04-19,2026-07-24
105,石見智翠館,1120.34,1000.0,5.45,広島,中国,22,17,5,0,0.7727,136.0,66.0,70.0,2025-04-20,2026-07-24
106,日南学園,1119.47,1000.0,-7.87,宮崎,九州,22,17,5,0,0.7727,130.0,53.0,77.0,2025-03-23,2026-08-14
107,国士舘,1118.95,1000.0,2.37,東京,関東・東京,23,18,5,0,0.7826,169.0,66.0,103.0,2025-04-04,2026-07-13
108,津田学園,1118.32,1000.0,-4.97,三重,東海,35,26,9,0,0.7429,233.0,130.0,103.0,2025-04-12,2026-07-23
109,東海大甲府,1117.96,1000.0,-0.05,山梨,関東・東京,19,14,5,0,0.7368,107.0,41.0,66.0,2025-04-15,2026-08-13
110,創価,1117.9,1000.0,2.37,東京,関東・東京,20,15,5,0,0.75,162.0,54.0,108.0,2025-04-05,2026-07-26
111,中越,1116.45,1000.0,-5.27,新潟,北信越,27,21,6,0,0.7778,179.0,83.0,96.0,2025-05-02,2026-07-10
112,日本航空石川,1116.19,1000.0,6.19,石川,北信越,22,16,6,0,0.7273,169.0,53.0,116.0,2025-04-26,2026-07-22
113,岩倉,1115.48,1000.0,2.37,東京,関東・東京,23,18,5,0,0.7826,154.0,56.0,98.0,2025-04-05,2026-07-19
114,松商学園,1115.24,1000.0,-4.39,長野,北信越,28,21,7,0,0.75,196.0,52.0,144.0,2025-05-10,2026-08-11
115,中京,1114.57,1000.0,-2.62,岐阜,東海,28,21,7,0,0.75,164.0,60.0,104.0,2025-04-19,2026-08-09
116,東大阪大柏原,1114.36,1000.0,8.38,大阪,近畿,23,18,5,0,0.7826,157.0,47.0,110.0,2025-04-06,2026-07-22
117,弘前学院聖愛,1114.26,1000.0,4.16,青森,東北,22,16,6,0,0.7273,154.0,64.0,90.0,2025-05-11,2026-07-22
118,熊本工,1113.44,1000.0,-4.28,熊本,九州,20,15,5,0,0.75,123.0,33.0,90.0,2025-03-24,2026-07-22
119,福岡大大濠,1113.32,1000.0,2.09,福岡,九州,26,19,7,0,0.7308,144.0,78.0,66.0,2025-03-23,2026-07-21
120,旭川実業,1112.76,1000.0,-9.79,北海道,北海道,28,22,6,0,0.7857,175.0,93.0,82.0,2025-05-26,2026-07-10
121,八王子実践,1112.74,1000.0,2.37,東京,関東・東京,25,20,5,0,0.8,138.0,82.0,56.0,2025-04-04,2026-08-09
122,名古屋たちばな,1112.71,1000.0,2.72,愛知,東海,31,22,9,0,0.7097,158.0,76.0,82.0,2025-04-12,2026-07-23
123,静岡,1112.21,1000.0,-1.42,静岡,東海,26,21,5,0,0.8077,154.0,41.0,113.0,2025-04-19,2026-07-23
124,土浦日大,1110.92,1000.0,-1.03,茨城,関東・東京,21,16,5,0,0.7619,162.0,44.0,118.0,2025-04-19,2026-07-18
125,呉港,1110.65,1000.0,-6.32,島根,中国,22,18,4,0,0.8182,141.0,51.0,90.0,2025-04-19,2026-07-22
126,日大三島,1110.03,1000.0,-1.42,静岡,東海,26,20,6,0,0.7692,183.0,53.0,130.0,2025-04-19,2026-07-21
127,社,1109.4,1000.0,0.49,兵庫,近畿,16,13,3,0,0.8125,90.0,17.0,73.0,2025-07-20,2026-08-11
128,前橋育英,1109.34,1000.0,3.22,群馬,関東・東京,20,15,5,0,0.75,154.0,44.0,110.0,2025-04-20,2026-07-24
129,金沢,1108.94,1000.0,6.19,石川,北信越,22,16,6,0,0.7273,133.0,68.0,65.0,2025-04-26,2026-07-26
130,鹿屋中央,1108.91,1000.0,1.49,鹿児島,九州,19,15,4,0,0.7895,128.0,44.0,84.0,2025-03-22,2026-07-12
131,創成館,1108.83,1000.0,-0.81,長崎,九州,24,18,6,0,0.75,110.0,49.0,61.0,2025-03-28,2026-07-20
132,鎌倉学園,1108.17,1000.0,4.44,神奈川,関東・東京,17,13,4,0,0.7647,112.0,36.0,76.0,2025-07-10,2026-07-24
133,山村学園,1108.12,1000.0,-0.08,埼玉,関東・東京,21,16,5,0,0.7619,171.0,69.0,102.0,2025-04-26,2026-07-22
134,星城,1107.96,1000.0,2.72,愛知,東海,28,20,8,0,0.7143,179.0,81.0,98.0,2025-04-12,2026-07-27
135,前橋商,1107.8,1000.0,3.22,群馬,関東・東京,20,15,5,0,0.75,105.0,71.0,34.0,2025-04-19,2026-07-26
136,駒大苫小牧,1106.96,1000.0,-9.79,北海道,北海道,24,18,6,0,0.75,128.0,51.0,77.0,2025-05-26,2026-07-21
137,奈良大附,1106.93,1000.0,3.92,奈良,近畿,21,15,6,0,0.7143,104.0,50.0,54.0,2025-04-19,2026-07-27
138,尽誠学園,1106.68,1000.0,-4.3,徳島,四国,24,18,6,0,0.75,125.0,52.0,73.0,2025-03-20,2026-07-23
139,京都外大西,1105.52,1000.0,2.25,京都,近畿,21,16,5,0,0.7619,155.0,76.0,79.0,2025-04-20,2026-07-18
140,東海大菅生,1105.46,1000.0,2.37,東京,関東・東京,22,16,6,0,0.7273,171.0,68.0,103.0,2025-04-04,2026-07-21
141,明秀日立,1105.37,1000.0,-1.03,茨城,関東・東京,23,18,5,0,0.7826,187.0,63.0,124.0,2025-04-19,2026-07-23
142,大分商,1105.23,1000.0,2.65,大分,九州,18,13,5,0,0.7222,102.0,62.0,40.0,2025-03-22,2026-08-13
143,中央学院,1104.98,1000.0,0.63,千葉,関東・東京,24,18,6,0,0.75,168.0,76.0,92.0,2025-04-19,2026-07-18
144,京都国際,1104.66,1000.0,2.25,京都,近畿,20,15,5,0,0.75,88.0,47.0,41.0,2025-04-20,2026-07-23
145,北照,1104.65,1000.0,-9.79,北海道,北海道,27,20,7,0,0.7407,163.0,69.0,94.0,2025-05-26,2026-07-13
146,旭川志峯,1103.19,1000.0,-9.79,北海道,北海道,19,14,5,0,0.7368,124.0,60.0,64.0,2025-05-26,2026-07-09
147,東山,1102.88,1000.0,2.25,京都,近畿,22,16,6,0,0.7273,132.0,40.0,92.0,2025-04-19,2026-07-23
148,誠信,1102.85,1000.0,2.72,愛知,東海,29,23,6,0,0.7931,177.0,84.0,93.0,2025-04-12,2026-07-19
149,大阪立命館,1102.52,1000.0,8.38,大阪,近畿,19,14,5,0,0.7368,111.0,50.0,61.0,2025-04-06,2026-07-22
150,島根中央,1102.04,1000.0,5.45,広島,中国,19,14,5,0,0.7368,117.0,51.0,66.0,2025-04-18,2026-07-26
151,知徳,1101.74,1000.0,-1.42,静岡,東海,23,17,6,0,0.7391,120.0,47.0,73.0,2025-04-19,2026-07-18
152,東亜学園,1101.71,1000.0,2.37,東京,関東・東京,21,16,5,0,0.7619,155.0,76.0,79.0,2025-04-04,2026-07-23
153,明大中野,1101.63,1000.0,2.37,東京,関東・東京,21,16,5,0,0.7619,171.0,49.0,122.0,2025-04-04,2026-07-22
154,南陽工,1101.39,1000.0,-1.06,山口,中国,22,17,5,0,0.7727,104.0,47.0,57.0,2025-04-12,2026-07-26
155,九産大九州,1100.57,1000.0,2.09,福岡,九州,21,16,5,0,0.7619,137.0,71.0,66.0,2025-03-22,2026-07-18
156,二松学舎大附,1100.45,1000.0,2.37,東京,関東・東京,16,12,4,0,0.75,131.0,50.0,81.0,2025-07-17,2026-07-27
157,興國,1100.32,1000.0,8.38,大阪,近畿,20,15,5,0,0.75,120.0,42.0,78.0,2025-04-12,2026-07-19
158,三浦学苑,1100.11,1000.0,4.44,神奈川,関東・東京,19,14,5,0,0.7368,120.0,60.0,60.0,2025-04-05,2026-07-18
159,八千代松陰,1099.66,1000.0,0.63,千葉,関東・東京,27,20,7,0,0.7407,162.0,105.0,57.0,2025-04-19,2026-07-12
160,太成学院大高,1099.5,1000.0,8.38,大阪,近畿,20,14,6,0,0.7,183.0,56.0,127.0,2025-04-12,2026-07-18
161,東海大諏訪,1099.24,1000.0,-4.39,長野,北信越,26,21,5,0,0.8077,221.0,86.0,135.0,2025-05-10,2026-07-19
162,佼成学園,1098.88,1000.0,2.37,東京,関東・東京,20,15,5,0,0.75,119.0,48.0,71.0,2025-04-05,2026-07-20
163,会津北嶺,1098.85,1000.0,-1.38,福島,東北,27,20,7,0,0.7407,200.0,109.0,91.0,2025-05-16,2026-07-20
164,國學院栃木,1098.77,1000.0,-2.36,栃木,関東・東京,19,14,5,0,0.7368,120.0,59.0,61.0,2025-04-19,2026-07-26
165,八幡商,1098.64,1000.0,-0.81,滋賀,近畿,21,16,5,0,0.7619,128.0,61.0,67.0,2025-04-26,2026-08-07
166,桐陽,1098.2,1000.0,-1.42,静岡,東海,28,21,7,0,0.75,152.0,74.0,78.0,2025-04-19,2026-07-23
167,遊学館,1097.47,1000.0,6.19,石川,北信越,21,15,6,0,0.7143,123.0,68.0,55.0,2025-04-19,2026-08-08
168,慶應義塾,1097.47,1000.0,4.44,神奈川,関東・東京,18,13,5,0,0.7222,114.0,55.0,59.0,2025-04-06,2026-07-24
169,おかやま山陽,1097.31,1000.0,-7.46,鳥取,中国,23,17,6,0,0.7391,165.0,49.0,116.0,2025-04-27,2026-07-25
170,新潟産大附,1097.15,1000.0,-5.27,新潟,北信越,19,14,5,0,0.7368,143.0,52.0,91.0,2025-04-26,2026-07-22
171,大崎,1096.88,1000.0,-0.81,長崎,九州,27,18,9,0,0.6667,161.0,89.0,72.0,2025-03-28,2026-07-25
172,平塚学園,1096.57,1000.0,4.44,神奈川,関東・東京,19,14,5,0,0.7368,119.0,49.0,70.0,2025-04-06,2026-07-18
173,生野,1095.75,1000.0,8.38,大阪,近畿,18,13,5,0,0.7222,158.0,53.0,105.0,2025-04-20,2026-07-24
174,興南,1095.63,1000.0,1.73,沖縄,九州,20,15,5,0,0.75,107.0,37.0,70.0,2025-03-22,2026-07-05
175,一関学院,1095.37,1000.0,3.8,宮城,東北,25,17,8,0,0.68,172.0,76.0,96.0,2025-05-16,2026-07-23
176,常磐大高,1095.24,1000.0,-1.03,茨城,関東・東京,21,16,5,0,0.7619,121.0,53.0,68.0,2025-04-19,2026-07-20
177,学館浦安,1095.15,1000.0,0.63,千葉,関東・東京,10,10,0,0,1.0,96.0,7.0,89.0,2025-04-19,2026-07-11
178,大商大堺,1095.12,1000.0,8.38,大阪,近畿,19,14,5,0,0.7368,120.0,70.0,50.0,2025-04-20,2026-07-18
179,綾羽,1094.85,1000.0,-0.81,滋賀,近畿,22,16,6,0,0.7273,123.0,62.0,61.0,2025-04-20,2026-07-21
180,作新学院,1094.55,1000.0,-2.36,栃木,関東・東京,21,15,6,0,0.7143,168.0,62.0,106.0,2025-04-20,2026-07-24
181,桜美林,1094.46,1000.0,2.37,東京,関東・東京,20,15,5,0,0.75,124.0,76.0,48.0,2025-04-05,2026-07-16
182,福井工大福井,1094.25,1000.0,1.72,福井,北信越,20,14,6,0,0.7,129.0,43.0,86.0,2025-04-26,2026-07-25
183,東陵,1093.94,1000.0,-1.84,山形,東北,21,16,5,0,0.7619,135.0,55.0,80.0,2025-05-16,2026-07-27
184,大体大浪商,1093.8,1000.0,8.38,大阪,近畿,21,15,6,0,0.7143,135.0,50.0,85.0,2025-04-06,2026-07-22
185,加藤学園,1093.64,1000.0,-1.42,静岡,東海,23,17,6,0,0.7391,125.0,39.0,86.0,2025-04-19,2026-07-25
186,昴学園,1093.5,1000.0,-4.97,三重,東海,22,17,5,0,0.7727,132.0,47.0,85.0,2025-04-12,2026-07-18
187,磐田東,1093.38,1000.0,-1.42,静岡,東海,23,17,6,0,0.7391,138.0,69.0,69.0,2025-04-19,2026-07-25
188,東京都市大塩尻,1093.14,1000.0,-4.39,長野,北信越,25,18,7,0,0.72,173.0,72.0,101.0,2025-05-10,2026-07-25
189,創志学園,1093.02,1000.0,-7.46,鳥取,中国,21,16,5,0,0.7619,125.0,57.0,68.0,2025-04-27,2026-07-20
190,高知中央,1092.39,1000.0,3.76,高知,四国,21,15,6,0,0.7143,139.0,44.0,95.0,2025-03-21,2026-07-25
191,祐誠,1091.53,1000.0,2.09,福岡,九州,20,15,5,0,0.75,93.0,73.0,20.0,2025-03-20,2026-07-20
192,海星,1091.32,1000.0,-0.81,長崎,九州,37,27,10,0,0.7297,222.0,99.0,123.0,2025-03-28,2026-07-19
193,大分舞鶴,1091.08,1000.0,2.65,大分,九州,19,14,5,0,0.7368,116.0,56.0,60.0,2025-03-22,2026-07-23
194,近大高専,1091.02,1000.0,-4.97,三重,東海,25,18,7,0,0.72,164.0,103.0,61.0,2025-04-12,2026-07-27
195,関商工,1091.02,1000.0,-2.62,岐阜,東海,24,17,7,0,0.7083,147.0,60.0,87.0,2025-04-12,2026-07-26
196,帝京三,1090.6,1000.0,-0.05,山梨,関東・東京,21,15,6,0,0.7143,152.0,72.0,80.0,2025-04-13,2026-07-22
197,刈谷北,1090.26,1000.0,2.72,愛知,東海,26,18,8,0,0.6923,207.0,76.0,131.0,2025-04-12,2026-07-19
198,鹿児島実,1090.0,1000.0,1.49,鹿児島,九州,18,13,5,0,0.7222,96.0,52.0,44.0,2025-03-25,2026-07-25
199,彦根総合,1089.71,1000.0,-0.81,滋賀,近畿,20,14,6,0,0.7,95.0,40.0,55.0,2025-04-19,2026-07-25
200,豊橋中央,1089.63,1000.0,2.72,愛知,東海,25,19,6,0,0.76,200.0,64.0,136.0,2025-04-12,2026-07-04
201,八戸工大一,1089.59,1000.0,4.16,青森,東北,20,14,6,0,0.7,95.0,62.0,33.0,2025-05-11,2026-07-20
202,大牟田,1089.43,1000.0,2.09,福岡,九州,18,13,5,0,0.7222,97.0,46.0,51.0,2025-03-20,2026-07-15
203,高知商,1089.43,1000.0,3.76,高知,四国,19,14,5,0,0.7368,103.0,48.0,55.0,2025-03-20,2026-07-20
204,阿南光,1089.03,1000.0,-0.82,香川,四国,18,13,5,0,0.7222,94.0,45.0,49.0,2025-03-20,2026-07-27
205,成田,1088.74,1000.0,0.63,千葉,関東・東京,19,14,5,0,0.7368,162.0,65.0,97.0,2025-04-19,2026-07-22
206,浪速,1088.61,1000.0,8.38,大阪,近畿,18,13,5,0,0.7222,98.0,43.0,55.0,2025-04-19,2026-07-20
207,市立呉,1088.32,1000.0,-6.32,島根,中国,21,16,5,0,0.7619,136.0,61.0,75.0,2025-04-19,2026-07-26
208,士別翔雲,1088.28,1000.0,-9.79,北海道,北海道,24,18,6,0,0.75,136.0,87.0,49.0,2025-05-26,2026-07-12
209,利府,1088.06,1000.0,-1.84,山形,東北,20,15,5,0,0.75,142.0,67.0,75.0,2025-05-16,2026-07-19
210,宮崎商,1087.66,1000.0,-7.87,宮崎,九州,22,17,5,0,0.7727,154.0,54.0,100.0,2025-03-22,2026-07-10
211,帝京大可児,1087.66,1000.0,-2.62,岐阜,東海,27,20,7,0,0.7407,117.0,79.0,38.0,2025-04-12,2026-07-11
212,千葉黎明,1087.6,1000.0,0.63,千葉,関東・東京,22,16,6,0,0.7273,170.0,83.0,87.0,2025-04-20,2026-07-14
213,日大藤沢,1087.51,1000.0,4.44,神奈川,関東・東京,18,13,5,0,0.7222,94.0,49.0,45.0,2025-04-06,2026-07-22
214,盛岡誠桜,1087.38,1000.0,3.8,宮城,東北,28,19,9,0,0.6786,169.0,102.0,67.0,2025-05-16,2026-07-20
215,大商大高,1087.34,1000.0,8.38,大阪,近畿,17,12,5,0,0.7059,81.0,39.0,42.0,2025-04-20,2026-07-24
216,樟南,1087.26,1000.0,1.49,鹿児島,九州,20,14,6,0,0.7,123.0,54.0,69.0,2025-03-26,2026-07-18
217,光南,1087.09,1000.0,-1.38,福島,東北,27,19,8,0,0.7037,177.0,61.0,116.0,2025-05-16,2026-07-14
218,川和,1086.91,1000.0,4.44,神奈川,関東・東京,19,14,5,0,0.7368,109.0,64.0,45.0,2025-04-06,2026-07-18
219,掛川西,1086.62,1000.0,-1.42,静岡,東海,25,18,7,0,0.72,135.0,72.0,63.0,2025-04-19,2026-07-21
220,愛知,1086.61,1000.0,2.72,愛知,東海,25,17,8,0,0.68,165.0,77.0,88.0,2025-04-12,2026-07-23
221,九州学院,1085.96,1000.0,-4.28,熊本,九州,16,12,4,0,0.75,113.0,24.0,89.0,2025-03-20,2026-07-20
222,駿台甲府,1085.92,1000.0,-0.05,山梨,関東・東京,20,14,6,0,0.7,116.0,61.0,55.0,2025-04-13,2026-07-17
223,名護,1085.72,1000.0,1.73,沖縄,九州,18,13,5,0,0.7222,90.0,67.0,23.0,2025-03-20,2026-07-18
224,東洋大牛久,1085.68,1000.0,-1.03,茨城,関東・東京,21,15,6,0,0.7143,132.0,76.0,56.0,2025-04-22,2026-07-18
225,志学館,1085.65,1000.0,0.63,千葉,関東・東京,18,13,5,0,0.7222,123.0,48.0,75.0,2025-04-19,2026-07-24
226,長野商,1085.54,1000.0,-4.39,長野,北信越,29,22,7,0,0.7586,162.0,99.0,63.0,2025-05-10,2026-07-15
227,東播磨,1085.52,1000.0,0.49,兵庫,近畿,20,15,5,0,0.75,91.0,32.0,59.0,2025-04-19,2026-07-22
228,八王子,1085.31,1000.0,2.37,東京,関東・東京,19,14,5,0,0.7368,149.0,59.0,90.0,2025-04-05,2026-07-10
229,甲府工,1085.14,1000.0,-0.05,山梨,関東・東京,20,14,6,0,0.7,135.0,74.0,61.0,2025-04-19,2026-07-20
230,駒大高,1084.4,1000.0,2.37,東京,関東・東京,16,12,4,0,0.75,116.0,53.0,63.0,2025-04-04,2026-07-20
231,知内,1084.31,1000.0,-9.79,北海道,北海道,23,17,6,0,0.7391,118.0,59.0,59.0,2025-05-26,2026-07-13
232,大社,1084.07,1000.0,5.45,広島,中国,18,13,5,0,0.7222,109.0,27.0,82.0,2025-04-18,2026-07-18
233,立正大淞南,1083.99,1000.0,5.45,広島,中国,23,16,7,0,0.6957,116.0,71.0,45.0,2025-04-20,2026-08-07
234,浜松商,1083.67,1000.0,-1.42,静岡,東海,24,18,6,0,0.75,128.0,76.0,52.0,2025-04-19,2026-07-21
235,日本福祉大付,1083.39,1000.0,2.72,愛知,東海,26,20,6,0,0.7692,190.0,103.0,87.0,2025-04-12,2026-07-12
236,東海大浦安,1082.7,1000.0,0.63,千葉,関東・東京,21,16,5,0,0.7619,144.0,65.0,79.0,2025-04-19,2026-07-14
237,盈進,1082.54,1000.0,-6.32,島根,中国,21,16,5,0,0.7619,183.0,61.0,122.0,2025-04-19,2026-07-19
238,上尾,1082.47,1000.0,-0.08,埼玉,関東・東京,19,14,5,0,0.7368,133.0,79.0,54.0,2025-04-24,2026-07-18
239,高知,1082.25,1000.0,3.76,高知,四国,18,13,5,0,0.7222,119.0,43.0,76.0,2025-03-21,2026-07-23
240,明大八王子,1082.07,1000.0,2.37,東京,関東・東京,17,12,5,0,0.7059,104.0,58.0,46.0,2025-04-06,2026-07-24
241,滝川第二,1081.99,1000.0,0.49,兵庫,近畿,20,15,5,0,0.75,107.0,44.0,63.0,2025-04-19,2026-07-20
242,杜若,1081.89,1000.0,2.72,愛知,東海,26,19,7,0,0.7308,154.0,77.0,77.0,2025-04-12,2026-07-04
243,久慈,1081.82,1000.0,3.8,宮城,東北,25,17,8,0,0.68,180.0,77.0,103.0,2025-05-16,2026-07-20
244,岐阜一,1081.8,1000.0,-2.62,岐阜,東海,21,15,6,0,0.7143,138.0,57.0,81.0,2025-04-19,2026-07-20
245,川越東,1081.56,1000.0,-0.08,埼玉,関東・東京,20,15,5,0,0.75,172.0,70.0,102.0,2025-04-24,2026-07-18
246,京都翔英,1081.51,1000.0,2.25,京都,近畿,16,11,5,0,0.6875,90.0,35.0,55.0,2025-04-19,2026-07-25
247,桐蔭学園,1081.39,1000.0,4.44,神奈川,関東・東京,16,11,5,0,0.6875,80.0,30.0,50.0,2025-04-05,2026-07-22
248,向上,1081.37,1000.0,4.44,神奈川,関東・東京,17,12,5,0,0.7059,119.0,56.0,63.0,2025-04-06,2026-07-18
249,叡明,1081.04,1000.0,-0.08,埼玉,関東・東京,22,16,6,0,0.7273,155.0,52.0,103.0,2025-04-24,2026-07-10
250,岐阜城北,1081.01,1000.0,-2.62,岐阜,東海,25,18,7,0,0.72,134.0,88.0,46.0,2025-04-19,2026-07-12
251,小林西,1080.68,1000.0,-7.87,宮崎,九州,21,15,6,0,0.7143,93.0,51.0,42.0,2025-03-24,2026-07-20
252,日本航空,1080.64,1000.0,-0.05,山梨,関東・東京,19,13,6,0,0.6842,97.0,39.0,58.0,2025-04-12,2026-07-18
253,津久見,1080.14,1000.0,2.65,大分,九州,18,13,5,0,0.7222,82.0,54.0,28.0,2025-03-22,2026-07-25
254,大成,1080.09,1000.0,2.72,愛知,東海,38,26,12,0,0.6842,245.0,139.0,106.0,2025-04-04,2026-07-19
255,山形城北,1080.09,1000.0,-6.25,秋田,東北,21,14,7,0,0.6667,150.0,68.0,82.0,2025-05-11,2026-07-27
256,修徳,1079.71,1000.0,2.37,東京,関東・東京,18,13,5,0,0.7222,122.0,49.0,73.0,2025-04-05,2026-07-14
257,市福山,1079.13,1000.0,-6.32,島根,中国,23,17,6,0,0.7391,163.0,76.0,87.0,2025-04-19,2026-08-10
258,鹿児島商,1078.85,1000.0,1.49,鹿児島,九州,17,12,5,0,0.7059,80.0,34.0,46.0,2025-03-20,2026-07-18
259,明桜,1078.74,1000.0,0.62,岩手,東北,20,14,6,0,0.7,114.0,34.0,80.0,2025-05-12,2026-07-09
260,乙訓,1078.71,1000.0,2.25,京都,近畿,21,14,7,0,0.6667,143.0,49.0,94.0,2025-04-19,2026-07-20
261,日大東北,1078.68,1000.0,-1.38,福島,東北,25,18,7,0,0.72,140.0,80.0,60.0,2025-05-16,2026-07-18
262,淑徳,1078.62,1000.0,2.37,東京,関東・東京,18,13,5,0,0.7222,138.0,62.0,76.0,2025-04-08,2026-07-19
263,早稲田実,1078.09,1000.0,2.37,東京,関東・東京,17,12,5,0,0.7059,137.0,34.0,103.0,2025-04-08,2026-07-18
264,高岡一,1077.82,1000.0,-10.7,富山,北信越,19,13,6,0,0.6842,122.0,60.0,62.0,2025-04-20,2026-07-23
265,鳥取城北,1077.54,1000.0,1.62,岡山,中国,23,17,6,0,0.7391,134.0,65.0,69.0,2025-04-20,2026-08-09
266,名古屋,1077.2,1000.0,2.72,愛知,東海,25,17,8,0,0.68,171.0,126.0,45.0,2025-04-12,2026-07-21
267,酒田南,1077.12,1000.0,-6.25,秋田,東北,21,16,5,0,0.7619,150.0,82.0,68.0,2025-05-11,2026-07-20
268,藤井,1077.07,1000.0,-4.3,徳島,四国,13,10,3,0,0.7692,73.0,47.0,26.0,2025-03-21,2025-10-25
269,西条,1076.8,1000.0,-7.48,愛媛,四国,21,15,6,0,0.7143,123.0,61.0,62.0,2025-03-20,2026-07-22
270,函大柏稜,1076.75,1000.0,-9.79,北海道,北海道,15,12,3,0,0.8,115.0,23.0,92.0,2025-05-26,2026-05-17
271,東海大静岡翔洋,1076.0,1000.0,-1.42,静岡,東海,24,17,7,0,0.7083,117.0,44.0,73.0,2025-04-19,2026-07-21
272,耐久,1075.79,1000.0,0.99,和歌山,近畿,17,12,5,0,0.7059,84.0,45.0,39.0,2025-04-12,2026-07-27
273,札幌大谷,1075.78,1000.0,-9.79,北海道,北海道,22,16,6,0,0.7273,159.0,53.0,106.0,2025-05-26,2026-06-25
274,千葉経大附,1075.78,1000.0,0.63,千葉,関東・東京,13,10,3,0,0.7692,109.0,39.0,70.0,2025-04-19,2026-07-18
275,豊中,1075.65,1000.0,8.38,大阪,近畿,17,12,5,0,0.7059,99.0,77.0,22.0,2025-04-05,2026-07-22
276,畝傍,1075.39,1000.0,3.92,奈良,近畿,17,12,5,0,0.7059,102.0,65.0,37.0,2025-04-13,2026-07-25
277,藤枝明誠,1075.33,1000.0,-1.42,静岡,東海,19,14,5,0,0.7368,87.0,33.0,54.0,2025-04-19,2026-07-23
278,堺東,1074.8,1000.0,8.38,大阪,近畿,17,12,5,0,0.7059,108.0,76.0,32.0,2025-04-20,2026-07-22
279,法政二,1074.52,1000.0,4.44,神奈川,関東・東京,19,13,6,0,0.6842,98.0,76.0,22.0,2025-04-06,2026-07-16
280,専大北上,1074.28,1000.0,3.8,宮城,東北,25,17,8,0,0.68,128.0,75.0,53.0,2025-05-16,2026-07-16
281,広島新庄,1074.15,1000.0,-6.32,島根,中国,19,14,5,0,0.7368,144.0,37.0,107.0,2025-04-19,2026-07-15
282,東筑紫学園,1074.01,1000.0,2.09,福岡,九州,18,13,5,0,0.7222,119.0,65.0,54.0,2025-03-23,2026-07-16
283,立教新座,1073.63,1000.0,-0.08,埼玉,関東・東京,18,13,5,0,0.7222,109.0,79.0,30.0,2025-04-24,2026-07-24
284,早大本庄,1073.58,1000.0,-0.08,埼玉,関東・東京,18,13,5,0,0.7222,113.0,63.0,50.0,2025-04-24,2026-07-20
285,西武台,1073.37,1000.0,-0.08,埼玉,関東・東京,17,12,5,0,0.7059,106.0,56.0,50.0,2025-04-26,2026-07-20
286,鹿島学園,1073.05,1000.0,-1.03,茨城,関東・東京,20,14,6,0,0.7,119.0,44.0,75.0,2025-04-19,2026-07-20
287,北越,1073.04,1000.0,-5.27,新潟,北信越,20,14,6,0,0.7,107.0,48.0,59.0,2025-04-26,2026-07-20
288,香里丘,1072.97,1000.0,8.38,大阪,近畿,16,11,5,0,0.6875,87.0,40.0,47.0,2025-04-26,2026-07-16
289,尾道,1072.91,1000.0,-6.32,島根,中国,23,17,6,0,0.7391,104.0,52.0,52.0,2025-04-19,2026-07-15
290,鳴門,1072.82,1000.0,-0.82,香川,四国,19,13,6,0,0.6842,98.0,42.0,56.0,2025-03-26,2026-07-22
291,橿原学院,1072.78,1000.0,3.92,奈良,近畿,20,13,7,0,0.65,155.0,84.0,71.0,2025-04-26,2026-07-25
292,下山学園,1072.53,1000.0,4.16,青森,東北,15,11,4,0,0.7333,85.0,50.0,35.0,2025-05-09,2026-07-18
293,西尾東,1072.46,1000.0,2.72,愛知,東海,24,16,8,0,0.6667,124.0,64.0,60.0,2025-04-12,2026-07-21
294,日体大柏,1072.37,1000.0,0.63,千葉,関東・東京,20,14,6,0,0.7,136.0,75.0,61.0,2025-04-20,2026-07-20
295,徳島商,1072.24,1000.0,-0.82,香川,四国,20,14,6,0,0.7,87.0,37.0,50.0,2025-03-23,2026-07-20
296,古川学園,1072.17,1000.0,-1.84,山形,東北,18,13,5,0,0.7222,114.0,66.0,48.0,2025-05-16,2026-07-22
297,金沢学院大附,1072.09,1000.0,6.19,石川,北信越,16,11,5,0,0.6875,112.0,39.0,73.0,2025-04-27,2026-07-22
298,立命館,1072.08,1000.0,2.25,京都,近畿,18,13,5,0,0.7222,106.0,53.0,53.0,2025-04-19,2026-07-09
299,西脇工,1071.48,1000.0,0.49,兵庫,近畿,18,14,4,0,0.7778,65.0,38.0,27.0,2025-04-19,2026-07-22
300,高岡商,1071.25,1000.0,-10.7,富山,北信越,19,14,5,0,0.7368,98.0,65.0,33.0,2025-04-20,2026-08-10
301,境,1071.09,1000.0,-1.03,茨城,関東・東京,21,14,7,0,0.6667,94.0,57.0,37.0,2025-04-27,2026-07-18
302,延岡学園,1071.06,1000.0,-7.87,宮崎,九州,15,11,4,0,0.7333,103.0,25.0,78.0,2025-03-23,2026-07-14
303,六日町,1070.75,1000.0,-5.27,新潟,北信越,18,13,5,0,0.7222,114.0,51.0,63.0,2025-04-27,2026-07-18
304,小野,1070.5,1000.0,0.49,兵庫,近畿,20,14,6,0,0.7,91.0,54.0,37.0,2025-04-19,2026-07-20
305,小松,1069.88,1000.0,-7.48,愛媛,四国,27,17,10,0,0.6296,161.0,116.0,45.0,2025-03-21,2026-07-24
306,聖パウロ学園,1069.75,1000.0,2.37,東京,関東・東京,16,11,5,0,0.6875,115.0,62.0,53.0,2025-04-05,2026-07-21
307,北海道栄,1069.34,1000.0,-9.79,北海道,北海道,20,14,6,0,0.7,137.0,54.0,83.0,2025-05-26,2026-07-19
308,三好,1069.31,1000.0,2.72,愛知,東海,27,19,8,0,0.7037,123.0,90.0,33.0,2025-04-12,2026-07-21
309,木更津総合,1069.3,1000.0,0.63,千葉,関東・東京,17,12,5,0,0.7059,124.0,66.0,58.0,2025-04-20,2026-07-18
310,日大鶴ヶ丘,1069.07,1000.0,2.37,東京,関東・東京,16,11,5,0,0.6875,147.0,51.0,96.0,2025-04-04,2026-07-18
311,関大一,1069.0,1000.0,8.38,大阪,近畿,16,11,5,0,0.6875,88.0,53.0,35.0,2025-04-06,2026-07-15
312,高松商業,1068.91,1000.0,-4.3,徳島,四国,10,8,2,0,0.8,74.0,16.0,58.0,2025-07-12,2026-07-25
313,下妻二,1068.9,1000.0,-1.03,茨城,関東・東京,20,14,6,0,0.7,133.0,60.0,73.0,2025-04-19,2026-07-18
314,藤沢翔陵,1068.87,1000.0,4.44,神奈川,関東・東京,15,10,5,0,0.6667,89.0,37.0,52.0,2025-04-06,2026-07-16
315,唐津商,1068.86,1000.0,-9.64,佐賀,九州,19,14,5,0,0.7368,90.0,49.0,41.0,2025-03-22,2026-07-21
316,刈谷,1068.72,1000.0,2.72,愛知,東海,23,16,7,0,0.6957,138.0,68.0,70.0,2025-04-12,2026-07-11
317,清林館,1068.52,1000.0,2.72,愛知,東海,24,16,8,0,0.6667,126.0,94.0,32.0,2025-04-12,2026-07-19
318,市立松戸,1068.33,1000.0,0.63,千葉,関東・東京,17,12,5,0,0.7059,124.0,44.0,80.0,2025-04-19,2026-07-20
319,鹿児島城西,1068.33,1000.0,1.49,鹿児島,九州,16,11,5,0,0.6875,91.0,38.0,53.0,2025-03-20,2026-07-23
320,金足農,1067.81,1000.0,0.62,岩手,東北,21,15,6,0,0.7143,102.0,42.0,60.0,2025-05-11,2026-07-10
321,愛知啓成,1067.75,1000.0,2.72,愛知,東海,25,17,8,0,0.68,125.0,65.0,60.0,2025-04-12,2026-07-19
322,世田谷学園,1067.73,1000.0,2.37,東京,関東・東京,16,11,5,0,0.6875,123.0,58.0,65.0,2025-04-06,2026-07-16
323,八女工業,1067.69,1000.0,2.09,福岡,九州,11,9,2,0,0.8182,54.0,28.0,26.0,2025-03-20,2026-07-20
324,久留米商,1067.6,1000.0,2.09,福岡,九州,16,11,5,0,0.6875,104.0,69.0,35.0,2025-03-25,2026-04-02
325,京都共栄,1067.52,1000.0,2.25,京都,近畿,18,13,5,0,0.7222,102.0,50.0,52.0,2025-04-19,2026-07-10
326,水城,1067.33,1000.0,-1.03,茨城,関東・東京,22,15,7,0,0.6818,129.0,76.0,53.0,2025-04-19,2026-07-18
327,日本ウェルネス茨城,1067.23,1000.0,-1.03,茨城,関東・東京,25,16,9,0,0.64,144.0,61.0,83.0,2025-03-24,2026-07-18
328,市原中央,1067.19,1000.0,0.63,千葉,関東・東京,16,11,5,0,0.6875,108.0,32.0,76.0,2025-04-19,2026-07-20
329,熊谷商,1067.0,1000.0,-0.08,埼玉,関東・東京,18,13,5,0,0.7222,106.0,55.0,51.0,2025-04-24,2026-07-20
330,鳴門渦潮,1066.98,1000.0,-0.82,香川,四国,19,13,6,0,0.6842,57.0,51.0,6.0,2025-03-26,2026-08-14
331,関根学園,1066.94,1000.0,-5.27,新潟,北信越,20,14,6,0,0.7,94.0,52.0,42.0,2025-04-26,2026-07-18
332,済美,1066.92,1000.0,-7.48,愛媛,四国,18,13,5,0,0.7222,99.0,43.0,56.0,2025-03-20,2026-07-22
333,ＫＢＣ,1066.83,1000.0,1.73,沖縄,九州,18,12,6,0,0.6667,102.0,36.0,66.0,2025-03-22,2026-06-27
334,実践学園,1066.56,1000.0,2.37,東京,関東・東京,17,12,5,0,0.7059,101.0,56.0,45.0,2025-04-04,2026-07-17
335,豊田大谷,1066.55,1000.0,2.72,愛知,東海,26,17,9,0,0.6538,148.0,95.0,53.0,2025-04-12,2026-07-19
336,東福岡,1066.48,1000.0,2.09,福岡,九州,16,11,5,0,0.6875,101.0,57.0,44.0,2025-03-20,2026-07-18
337,浦和麗明,1066.24,1000.0,-0.08,埼玉,関東・東京,16,11,5,0,0.6875,107.0,52.0,55.0,2025-04-24,2026-07-20
338,須磨学園,1066.07,1000.0,0.49,兵庫,近畿,18,13,5,0,0.7222,86.0,43.0,43.0,2025-04-19,2026-07-24
339,城東,1065.94,1000.0,2.37,東京,関東・東京,30,18,12,0,0.6,244.0,93.0,151.0,2025-03-22,2026-07-16
340,利根商,1065.88,1000.0,3.22,群馬,関東・東京,16,11,5,0,0.6875,93.0,62.0,31.0,2025-04-19,2026-07-21
341,福大若葉,1065.88,1000.0,2.09,福岡,九州,14,10,4,0,0.7143,74.0,43.0,31.0,2025-03-20,2026-07-15
342,鹿角,1065.85,1000.0,0.62,岩手,東北,18,13,5,0,0.7222,98.0,55.0,43.0,2025-05-13,2026-07-09
343,東北学院榴ケ岡,1065.76,1000.0,-1.84,山形,東北,17,12,5,0,0.7059,63.0,49.0,14.0,2025-05-16,2026-07-27
344,日大,1065.21,1000.0,4.44,神奈川,関東・東京,16,11,5,0,0.6875,121.0,64.0,57.0,2025-04-06,2026-07-13
345,市尼崎,1065.03,1000.0,0.49,兵庫,近畿,19,13,6,0,0.6842,91.0,47.0,44.0,2025-04-19,2026-07-20
346,宜野座,1064.92,1000.0,1.73,沖縄,九州,18,13,5,0,0.7222,79.0,41.0,38.0,2025-03-21,2026-06-28
347,近大福山,1064.77,1000.0,-6.32,島根,中国,24,16,8,0,0.6667,130.0,69.0,61.0,2025-04-19,2026-07-16
348,江戸川,1064.67,1000.0,2.37,東京,関東・東京,19,14,5,0,0.7368,109.0,69.0,40.0,2025-04-04,2026-07-18
349,藤嶺藤沢,1064.63,1000.0,4.44,神奈川,関東・東京,15,10,5,0,0.6667,107.0,43.0,64.0,2025-04-06,2026-07-16
350,京都両洋,1064.56,1000.0,2.25,京都,近畿,16,11,5,0,0.6875,58.0,34.0,24.0,2025-04-20,2026-07-25
351,春日部共栄,1064.5,1000.0,-0.08,埼玉,関東・東京,14,10,4,0,0.7143,123.0,36.0,87.0,2025-07-11,2026-07-18
352,東海大山形,1064.31,1000.0,-6.25,秋田,東北,19,13,6,0,0.6842,116.0,38.0,78.0,2025-05-11,2026-07-13
353,岩国,1064.05,1000.0,-1.06,山口,中国,16,11,5,0,0.6875,108.0,67.0,41.0,2025-04-13,2026-07-23
354,滋賀短大付,1064.01,1000.0,-0.81,滋賀,近畿,15,10,5,0,0.6667,75.0,35.0,40.0,2025-04-26,2026-07-23
355,郁文館,1063.85,1000.0,2.37,東京,関東・東京,17,12,5,0,0.7059,141.0,75.0,66.0,2025-04-04,2026-07-23
356,九州文化,1063.44,1000.0,-0.81,長崎,九州,10,8,2,0,0.8,41.0,21.0,20.0,2025-07-09,2026-04-05
357,成立学園,1063.15,1000.0,2.37,東京,関東・東京,17,12,5,0,0.7059,78.0,56.0,22.0,2025-04-05,2026-07-19
358,四街道,1063.11,1000.0,0.63,千葉,関東・東京,16,11,5,0,0.6875,108.0,49.0,59.0,2025-04-19,2026-07-12
359,浦和実,1063.05,1000.0,-0.08,埼玉,関東・東京,16,11,5,0,0.6875,97.0,37.0,60.0,2025-04-26,2026-07-18
360,國學院久我山,1062.99,1000.0,2.37,東京,関東・東京,13,9,4,0,0.6923,107.0,47.0,60.0,2025-07-16,2026-07-19
361,明石商業,1062.96,1000.0,0.49,兵庫,近畿,9,7,2,0,0.7778,46.0,15.0,31.0,2025-04-20,2026-05-04
362,市ケ尾,1062.93,1000.0,4.44,神奈川,関東・東京,11,8,3,0,0.7273,62.0,47.0,15.0,2025-04-12,2026-07-21
363,福井商,1062.78,1000.0,1.72,福井,北信越,19,13,6,0,0.6842,84.0,59.0,25.0,2025-04-19,2026-07-23
364,関西学院,1062.65,1000.0,0.49,兵庫,近畿,19,14,5,0,0.7368,77.0,50.0,27.0,2025-04-19,2026-07-18
365,中津商,1062.22,1000.0,-2.62,岐阜,東海,23,15,8,0,0.6522,131.0,66.0,65.0,2025-04-12,2026-07-22
366,多治見工,1061.58,1000.0,-2.62,岐阜,東海,22,15,7,0,0.6818,115.0,75.0,40.0,2025-04-12,2026-07-23
367,いわき湯本,1061.55,1000.0,-1.38,福島,東北,23,15,8,0,0.6522,128.0,61.0,67.0,2025-05-16,2026-07-14
368,松山聖陵,1061.47,1000.0,-7.48,愛媛,四国,16,11,5,0,0.6875,103.0,70.0,33.0,2025-03-22,2026-07-13
369,東農大二,1061.3,1000.0,3.22,群馬,関東・東京,15,10,5,0,0.6667,95.0,62.0,33.0,2025-04-19,2026-07-21
370,水戸葵陵,1061.21,1000.0,-1.03,茨城,関東・東京,18,12,6,0,0.6667,104.0,65.0,39.0,2025-04-19,2026-07-20
371,関西,1060.74,1000.0,-7.46,鳥取,中国,20,13,7,0,0.65,124.0,61.0,63.0,2025-04-26,2026-07-25
372,滝川西,1060.63,1000.0,-9.79,北海道,北海道,20,14,6,0,0.7,128.0,73.0,55.0,2025-05-26,2026-07-13
373,市川越,1060.6,1000.0,-0.08,埼玉,関東・東京,17,12,5,0,0.7059,114.0,58.0,56.0,2025-04-24,2026-07-20
374,久留米商業,1060.48,1000.0,2.09,福岡,九州,9,7,2,0,0.7778,81.0,20.0,61.0,2025-03-20,2026-07-18
375,山口県鴻城,1060.45,1000.0,-1.06,山口,中国,19,13,6,0,0.6842,90.0,78.0,12.0,2025-04-13,2026-07-21
376,御殿場西,1060.26,1000.0,-1.42,静岡,東海,20,14,6,0,0.7,125.0,65.0,60.0,2025-04-19,2026-07-18
377,千葉商大付,1060.17,1000.0,0.63,千葉,関東・東京,18,12,6,0,0.6667,113.0,43.0,70.0,2025-04-19,2026-07-20
378,安田学園,1060.12,1000.0,2.37,東京,関東・東京,16,11,5,0,0.6875,111.0,67.0,44.0,2025-04-04,2026-07-18
379,加古川西,1060.01,1000.0,0.49,兵庫,近畿,18,12,6,0,0.6667,114.0,69.0,45.0,2025-04-19,2026-07-22
380,宇治山田商,1059.92,1000.0,-4.97,三重,東海,22,14,8,0,0.6364,150.0,70.0,80.0,2025-04-12,2026-07-21
381,流経大柏,1059.88,1000.0,0.63,千葉,関東・東京,20,14,6,0,0.7,95.0,56.0,39.0,2025-04-20,2026-07-20
382,佐賀商,1059.8,1000.0,-9.64,佐賀,九州,16,12,4,0,0.75,60.0,29.0,31.0,2025-03-21,2026-08-12
383,福岡工大城東,1059.64,1000.0,2.09,福岡,九州,15,10,5,0,0.6667,75.0,54.0,21.0,2025-03-24,2026-07-18
384,岸和田産,1059.52,1000.0,8.38,大阪,近畿,15,10,5,0,0.6667,83.0,45.0,38.0,2025-04-20,2026-07-15
385,神戸学院大附,1059.41,1000.0,0.49,兵庫,近畿,19,13,6,0,0.6842,88.0,45.0,43.0,2025-04-20,2026-07-20
386,鳥取商,1059.31,1000.0,1.62,岡山,中国,16,11,5,0,0.6875,65.0,47.0,18.0,2025-04-19,2026-07-18
387,新発田中央,1059.16,1000.0,-5.27,新潟,北信越,16,11,5,0,0.6875,109.0,65.0,44.0,2025-04-26,2026-07-20
388,佐伯鶴城,1058.86,1000.0,2.65,大分,九州,17,12,5,0,0.7059,87.0,60.0,27.0,2025-03-22,2026-07-20
389,仙台商,1058.79,1000.0,-1.84,山形,東北,21,14,7,0,0.6667,122.0,71.0,51.0,2025-05-16,2026-07-22
390,秀明英光,1058.73,1000.0,-0.08,埼玉,関東・東京,15,10,5,0,0.6667,92.0,74.0,18.0,2025-04-24,2026-07-22
391,東海大福岡,1058.71,1000.0,2.09,福岡,九州,15,10,5,0,0.6667,82.0,34.0,48.0,2025-03-21,2026-07-15
392,目黒日大,1058.51,1000.0,2.37,東京,関東・東京,15,10,5,0,0.6667,84.0,59.0,25.0,2025-04-04,2026-07-25
393,帯広三条,1058.48,1000.0,-9.79,北海道,北海道,16,11,5,0,0.6875,141.0,59.0,82.0,2025-05-26,2026-07-18
394,相洋,1058.41,1000.0,4.44,神奈川,関東・東京,15,10,5,0,0.6667,86.0,34.0,52.0,2025-04-06,2026-07-09
395,青藍泰斗,1058.35,1000.0,-2.36,栃木,関東・東京,16,11,5,0,0.6875,118.0,56.0,62.0,2025-04-20,2026-07-15
396,加茂暁星,1058.25,1000.0,-5.27,新潟,北信越,15,10,5,0,0.6667,83.0,37.0,46.0,2025-04-26,2026-07-20
397,初芝橋本,1058.12,1000.0,0.99,和歌山,近畿,17,12,5,0,0.7059,78.0,52.0,26.0,2025-04-12,2026-07-19
398,大府,1058.05,1000.0,2.72,愛知,東海,26,17,9,0,0.6538,225.0,106.0,119.0,2025-04-12,2026-07-18
399,石橋,1058.03,1000.0,-2.36,栃木,関東・東京,15,10,5,0,0.6667,99.0,45.0,54.0,2025-04-12,2026-07-22
400,横浜創学館,1057.94,1000.0,4.44,神奈川,関東・東京,13,8,5,0,0.6154,65.0,40.0,25.0,2025-04-06,2026-07-10
401,三田学園,1057.73,1000.0,0.49,兵庫,近畿,17,12,5,0,0.7059,119.0,52.0,67.0,2025-04-20,2026-07-15
402,瀬戸内,1057.72,1000.0,-6.32,島根,中国,19,14,5,0,0.7368,127.0,48.0,79.0,2025-04-19,2026-07-12
403,明野,1057.64,1000.0,-4.97,三重,東海,22,14,8,0,0.6364,139.0,103.0,36.0,2025-04-12,2026-07-25
404,宇和島東,1057.56,1000.0,-7.48,愛媛,四国,16,11,5,0,0.6875,72.0,29.0,43.0,2025-03-22,2026-07-19
405,篠山産,1057.42,1000.0,0.49,兵庫,近畿,15,11,4,0,0.7333,119.0,57.0,62.0,2025-04-19,2026-07-16
406,浦和,1057.31,1000.0,-0.08,埼玉,関東・東京,16,11,5,0,0.6875,115.0,65.0,50.0,2025-04-24,2026-07-20
407,佐賀北,1057.31,1000.0,-9.64,佐賀,九州,17,12,5,0,0.7059,67.0,35.0,32.0,2025-03-21,2026-07-18
408,高砂,1056.57,1000.0,0.49,兵庫,近畿,17,11,6,0,0.6471,66.0,38.0,28.0,2025-04-19,2026-07-11
409,近大新宮,1056.56,1000.0,0.99,和歌山,近畿,15,10,5,0,0.6667,84.0,54.0,30.0,2025-04-12,2026-07-22
410,須磨翔風,1056.54,1000.0,0.49,兵庫,近畿,18,12,6,0,0.6667,118.0,44.0,74.0,2025-04-19,2026-07-16
411,西尾,1056.5,1000.0,2.72,愛知,東海,24,16,8,0,0.6667,124.0,71.0,53.0,2025-04-12,2026-07-18
412,岡崎北,1056.36,1000.0,2.72,愛知,東海,23,14,9,0,0.6087,138.0,87.0,51.0,2025-04-12,2026-07-19
413,横浜商大,1056.3,1000.0,4.44,神奈川,関東・東京,15,10,5,0,0.6667,89.0,50.0,39.0,2025-04-05,2026-07-16
414,富山北部,1056.19,1000.0,-10.7,富山,北信越,17,12,5,0,0.7059,107.0,59.0,48.0,2025-04-20,2026-07-18
415,大冠,1056.09,1000.0,8.38,大阪,近畿,14,9,5,0,0.6429,107.0,37.0,70.0,2025-04-05,2026-07-19
416,刈谷工科,1056.04,1000.0,2.72,愛知,東海,23,15,8,0,0.6522,146.0,78.0,68.0,2025-04-12,2026-07-21
417,日体大荏原,1055.99,1000.0,2.37,東京,関東・東京,15,10,5,0,0.6667,119.0,58.0,61.0,2025-04-04,2026-07-18
418,工学院大附,1055.92,1000.0,2.37,東京,関東・東京,13,9,4,0,0.6923,98.0,43.0,55.0,2025-04-04,2026-07-19
419,屋代,1055.87,1000.0,-4.39,長野,北信越,17,11,6,0,0.6471,138.0,56.0,82.0,2025-05-10,2026-07-15
420,市立柏,1055.86,1000.0,0.63,千葉,関東・東京,17,12,5,0,0.7059,118.0,68.0,50.0,2025-04-19,2026-07-18
421,津西,1055.7,1000.0,-4.97,三重,東海,21,14,7,0,0.6667,145.0,81.0,64.0,2025-04-12,2026-07-23
422,長崎西,1055.66,1000.0,-0.81,長崎,九州,16,10,6,0,0.625,69.0,46.0,23.0,2025-03-28,2026-07-23
423,青森北,1055.65,1000.0,4.16,青森,東北,17,11,6,0,0.6471,94.0,69.0,25.0,2025-05-11,2026-07-17
424,石巻,1055.36,1000.0,-1.84,山形,東北,19,13,6,0,0.6842,109.0,54.0,55.0,2025-05-16,2026-07-22
425,ルーテル学院,1055.22,1000.0,-4.28,熊本,九州,16,11,5,0,0.6875,64.0,52.0,12.0,2025-03-24,2026-07-19
426,小山台,1055.04,1000.0,2.37,東京,関東・東京,14,9,5,0,0.6429,88.0,55.0,33.0,2025-04-06,2026-07-19
427,福岡工業,1054.82,1000.0,2.09,福岡,九州,11,8,3,0,0.7273,72.0,31.0,41.0,2025-03-21,2026-07-12
428,横手,1054.69,1000.0,0.62,岩手,東北,18,12,6,0,0.6667,100.0,69.0,31.0,2025-05-13,2026-08-11
429,高崎,1054.67,1000.0,3.22,群馬,関東・東京,15,10,5,0,0.6667,97.0,81.0,16.0,2025-04-15,2026-07-11
430,旭川龍谷,1054.57,1000.0,-9.79,北海道,北海道,17,11,6,0,0.6471,92.0,51.0,41.0,2025-05-26,2026-07-18
431,錦城学園,1054.55,1000.0,2.37,東京,関東・東京,16,11,5,0,0.6875,119.0,86.0,33.0,2025-04-04,2026-07-22
432,福岡舞鶴,1054.28,1000.0,2.09,福岡,九州,16,11,5,0,0.6875,119.0,72.0,47.0,2025-03-22,2026-07-15
433,日章学園,1054.04,1000.0,-7.87,宮崎,九州,16,11,5,0,0.6875,99.0,50.0,49.0,2025-03-22,2026-07-13
434,宇都宮,1053.97,1000.0,-2.36,栃木,関東・東京,16,11,5,0,0.6875,107.0,64.0,43.0,2025-04-13,2026-07-22
435,赤穂,1053.79,1000.0,0.49,兵庫,近畿,36,23,13,0,0.6389,251.0,142.0,109.0,2025-04-19,2026-07-16
436,岡山東商,1053.75,1000.0,-7.46,鳥取,中国,20,13,7,0,0.65,127.0,54.0,73.0,2025-04-27,2026-07-23
437,函大有斗,1053.73,1000.0,-9.79,北海道,北海道,12,9,3,0,0.75,91.0,22.0,69.0,2025-05-26,2026-05-25
438,波佐見,1053.69,1000.0,-0.81,長崎,九州,14,9,5,0,0.6429,85.0,47.0,38.0,2025-03-28,2026-07-23
439,鹿児島南,1053.63,1000.0,1.49,鹿児島,九州,15,10,5,0,0.6667,89.0,61.0,28.0,2025-03-20,2026-07-17
440,水沢工,1053.55,1000.0,3.8,宮城,東北,24,16,8,0,0.6667,124.0,90.0,34.0,2025-05-16,2026-07-20
441,川内,1053.34,1000.0,1.49,鹿児島,九州,16,11,5,0,0.6875,66.0,64.0,2.0,2025-03-24,2026-07-20
442,氷見,1053.24,1000.0,-10.7,富山,北信越,18,12,6,0,0.6667,110.0,67.0,43.0,2025-04-19,2026-07-20
443,郡山,1053.13,1000.0,3.92,奈良,近畿,33,19,14,0,0.5758,212.0,134.0,78.0,2025-04-12,2026-07-23
444,長崎商,1053.07,1000.0,-0.81,長崎,九州,18,12,6,0,0.6667,85.0,46.0,39.0,2025-03-28,2026-07-11
445,弘前東,1052.98,1000.0,4.16,青森,東北,17,10,7,0,0.5882,113.0,64.0,49.0,2025-05-11,2026-07-18
446,精華,1052.94,1000.0,8.38,大阪,近畿,13,8,5,0,0.6154,97.0,39.0,58.0,2025-04-12,2026-07-22
447,一関一,1052.89,1000.0,3.8,宮城,東北,24,15,9,0,0.625,94.0,80.0,14.0,2025-05-16,2026-07-23
448,いわき光洋,1052.85,1000.0,-1.38,福島,東北,22,13,9,0,0.5909,150.0,68.0,82.0,2025-05-16,2026-07-18
449,千葉学芸,1052.83,1000.0,0.63,千葉,関東・東京,16,11,5,0,0.6875,94.0,31.0,63.0,2025-04-19,2026-07-11
450,東京学館浦安,1052.8,1000.0,0.63,千葉,関東・東京,13,8,5,0,0.6154,67.0,43.0,24.0,2025-04-26,2026-07-22
451,福島成蹊,1052.75,1000.0,-1.38,福島,東北,21,14,7,0,0.6667,142.0,63.0,79.0,2025-05-16,2026-07-18
452,宇都宮工,1052.74,1000.0,-2.36,栃木,関東・東京,16,11,5,0,0.6875,73.0,59.0,14.0,2025-04-20,2026-07-22
453,秋田商,1052.6,1000.0,0.62,岩手,東北,14,9,5,0,0.6429,75.0,38.0,37.0,2025-05-12,2026-07-09
454,水戸商,1052.45,1000.0,-1.03,茨城,関東・東京,18,12,6,0,0.6667,107.0,51.0,56.0,2025-04-19,2026-07-23
455,兵庫工,1052.4,1000.0,0.49,兵庫,近畿,15,11,4,0,0.7333,72.0,49.0,23.0,2025-04-19,2026-07-18
456,れいめい,1052.12,1000.0,1.49,鹿児島,九州,14,9,5,0,0.6429,73.0,39.0,34.0,2025-03-22,2026-07-18
457,大宮東,1051.74,1000.0,-0.08,埼玉,関東・東京,15,10,5,0,0.6667,67.0,45.0,22.0,2025-04-24,2026-07-22
458,樹徳,1051.6,1000.0,3.22,群馬,関東・東京,13,8,5,0,0.6154,84.0,30.0,54.0,2025-04-15,2026-07-22
459,日本ウェルネス沖縄,1051.39,1000.0,1.73,沖縄,九州,9,6,3,0,0.6667,44.0,34.0,10.0,2025-09-28,2026-03-28
460,相模原,1051.35,1000.0,4.44,神奈川,関東・東京,13,8,5,0,0.6154,89.0,41.0,48.0,2025-04-05,2026-07-16
461,松山北,1051.23,1000.0,-7.48,愛媛,四国,16,11,5,0,0.6875,109.0,78.0,31.0,2025-03-20,2026-07-24
462,熊本学園大付,1051.06,1000.0,-4.28,熊本,九州,15,10,5,0,0.6667,75.0,53.0,22.0,2025-03-25,2026-07-22
463,京都文教,1051.04,1000.0,2.25,京都,近畿,15,10,5,0,0.6667,63.0,55.0,8.0,2025-04-20,2026-07-16
464,秋田西,1050.99,1000.0,0.62,岩手,東北,18,12,6,0,0.6667,128.0,85.0,43.0,2025-05-13,2026-07-17
465,市川,1050.95,1000.0,0.63,千葉,関東・東京,30,19,11,0,0.6333,200.0,87.0,113.0,2025-04-19,2026-07-14
466,鶴崎工業,1050.94,1000.0,2.65,大分,九州,11,8,3,0,0.7273,76.0,37.0,39.0,2025-03-23,2026-07-16
467,横浜隼人,1050.81,1000.0,4.44,神奈川,関東・東京,14,9,5,0,0.6429,77.0,43.0,34.0,2025-04-06,2026-07-13
468,国府,1050.78,1000.0,2.72,愛知,東海,24,16,8,0,0.6667,139.0,78.0,61.0,2025-04-12,2026-07-12
469,高崎商大付,1050.62,1000.0,3.22,群馬,関東・東京,13,8,5,0,0.6154,64.0,39.0,25.0,2025-07-07,2026-07-12
470,戸畑,1050.5,1000.0,2.09,福岡,九州,14,9,5,0,0.6429,93.0,51.0,42.0,2025-03-22,2026-07-15
471,阪南大高,1050.49,1000.0,8.38,大阪,近畿,14,9,5,0,0.6429,72.0,38.0,34.0,2025-04-20,2026-07-15
472,田村,1050.18,1000.0,-1.38,福島,東北,22,14,8,0,0.6364,111.0,57.0,54.0,2025-05-16,2026-07-15
473,松江南,1049.98,1000.0,5.45,広島,中国,16,11,5,0,0.6875,83.0,96.0,-13.0,2025-04-18,2026-07-22
474,徳之島,1049.85,1000.0,1.49,鹿児島,九州,15,10,5,0,0.6667,92.0,61.0,31.0,2025-03-23,2026-07-17
475,能代松陽,1049.63,1000.0,0.62,岩手,東北,21,14,7,0,0.6667,112.0,78.0,34.0,2025-05-13,2026-07-16
476,清教学園,1049.61,1000.0,8.38,大阪,近畿,12,7,5,0,0.5833,71.0,46.0,25.0,2025-04-06,2026-07-22
477,四学大香川西,1049.31,1000.0,-4.3,徳島,四国,18,12,6,0,0.6667,90.0,64.0,26.0,2025-03-20,2026-07-18
478,有田工,1049.05,1000.0,-9.64,佐賀,九州,16,11,5,0,0.6875,81.0,42.0,39.0,2025-03-21,2026-07-24
479,翔凜,1048.48,1000.0,0.63,千葉,関東・東京,17,11,6,0,0.6471,122.0,54.0,68.0,2025-04-19,2026-07-18
480,佐土原,1048.27,1000.0,-7.87,宮崎,九州,16,11,5,0,0.6875,83.0,57.0,26.0,2025-03-21,2026-07-18
481,久御山,1048.25,1000.0,2.25,京都,近畿,15,10,5,0,0.6667,96.0,52.0,44.0,2025-04-19,2026-07-13
482,小樽双葉,1048.14,1000.0,-9.79,北海道,北海道,15,10,5,0,0.6667,104.0,26.0,78.0,2025-05-26,2026-07-14
483,暁星国際,1048.06,1000.0,0.63,千葉,関東・東京,17,11,6,0,0.6471,114.0,75.0,39.0,2025-04-19,2026-07-22
484,北陵,1048.0,1000.0,-9.64,佐賀,九州,16,11,5,0,0.6875,69.0,44.0,25.0,2025-03-21,2026-07-26
485,美里工,1047.95,1000.0,1.73,沖縄,九州,14,9,5,0,0.6429,90.0,43.0,47.0,2025-03-22,2026-07-05
486,生光学園,1047.9,1000.0,-0.82,香川,四国,15,10,5,0,0.6667,78.0,60.0,18.0,2025-03-22,2026-07-25
487,広島国際学院,1047.88,1000.0,-6.32,島根,中国,17,11,6,0,0.6471,114.0,56.0,58.0,2025-04-19,2026-07-22
488,川口市立,1047.81,1000.0,-0.08,埼玉,関東・東京,14,9,5,0,0.6429,85.0,46.0,39.0,2025-04-26,2026-07-22
489,下妻一,1047.55,1000.0,-1.03,茨城,関東・東京,19,13,6,0,0.6842,115.0,72.0,43.0,2025-04-19,2026-07-11
490,今治西,1047.46,1000.0,-7.48,愛媛,四国,18,12,6,0,0.6667,68.0,55.0,13.0,2025-03-21,2026-07-19
491,久米田,1047.42,1000.0,8.38,大阪,近畿,11,7,4,0,0.6364,71.0,30.0,41.0,2025-04-19,2026-07-20
492,光泉カトリック,1047.34,1000.0,-0.81,滋賀,近畿,14,9,5,0,0.6429,68.0,30.0,38.0,2025-04-19,2026-07-19
493,釧路北陽,1047.28,1000.0,-9.79,北海道,北海道,17,12,5,0,0.7059,111.0,73.0,38.0,2025-05-26,2026-07-14
494,鳥栖工,1047.04,1000.0,-9.64,佐賀,九州,16,11,5,0,0.6875,67.0,29.0,38.0,2025-03-22,2026-07-10
495,栄徳,1046.99,1000.0,2.72,愛知,東海,23,15,8,0,0.6522,150.0,79.0,71.0,2025-04-12,2026-07-11
496,東海大高輪台,1046.81,1000.0,2.37,東京,関東・東京,13,8,5,0,0.6154,115.0,66.0,49.0,2025-04-05,2026-07-06
497,九州文化学園,1046.78,1000.0,-0.81,長崎,九州,10,7,3,0,0.7,62.0,34.0,28.0,2025-03-29,2026-07-20
498,藤代,1046.77,1000.0,-1.03,茨城,関東・東京,20,13,7,0,0.65,89.0,51.0,38.0,2025-04-19,2026-07-06
499,柳ヶ浦,1046.5,1000.0,2.65,大分,九州,14,9,5,0,0.6429,57.0,34.0,23.0,2025-04-19,2026-07-18
500,茨城,1046.49,1000.0,-1.03,茨城,関東・東京,18,12,6,0,0.6667,60.0,65.0,-5.0,2025-04-19,2026-07-20
501,東奥義塾,1046.36,1000.0,4.16,青森,東北,14,9,5,0,0.6429,67.0,46.0,21.0,2025-05-09,2026-07-13
502,盛岡中央,1046.26,1000.0,3.8,宮城,東北,21,13,8,0,0.619,119.0,72.0,47.0,2025-05-16,2026-07-09
503,山口県桜ヶ丘,1046.12,1000.0,-1.06,山口,中国,17,11,6,0,0.6471,80.0,57.0,23.0,2025-04-13,2026-07-21
504,大分工業,1046.1,1000.0,2.65,大分,九州,8,6,2,0,0.75,57.0,26.0,31.0,2025-03-26,2026-07-18
505,小牧南,1046.09,1000.0,2.72,愛知,東海,27,17,10,0,0.6296,165.0,99.0,66.0,2025-04-12,2026-07-04
506,旭川明成,1046.02,1000.0,-9.79,北海道,北海道,16,10,6,0,0.625,102.0,54.0,48.0,2025-05-26,2026-07-14
507,大村工,1045.93,1000.0,-0.81,長崎,九州,16,10,6,0,0.625,81.0,50.0,31.0,2025-03-29,2026-07-20
508,宇部商,1045.9,1000.0,-1.06,山口,中国,14,9,5,0,0.6429,76.0,42.0,34.0,2025-04-19,2026-07-21
509,聖望学園,1045.88,1000.0,-0.08,埼玉,関東・東京,15,10,5,0,0.6667,98.0,62.0,36.0,2025-04-24,2026-07-10
510,文京,1045.85,1000.0,2.37,東京,関東・東京,16,11,5,0,0.6875,120.0,59.0,61.0,2025-04-04,2026-07-08
511,山形中央,1045.77,1000.0,-6.25,秋田,東北,20,13,7,0,0.65,136.0,71.0,65.0,2025-05-11,2026-07-19
512,渥美農,1045.73,1000.0,2.72,愛知,東海,24,15,8,1,0.625,134.0,83.0,51.0,2025-04-12,2026-07-19
513,早大学院,1045.71,1000.0,2.37,東京,関東・東京,14,9,5,0,0.6429,91.0,57.0,34.0,2025-04-06,2026-07-14
514,松本一,1045.61,1000.0,-4.39,長野,北信越,21,13,8,0,0.619,104.0,57.0,47.0,2025-05-10,2026-07-18
515,長門,1045.53,1000.0,-1.06,山口,中国,13,8,5,0,0.6154,88.0,46.0,42.0,2025-04-13,2026-07-24
516,海部,1045.15,1000.0,-0.82,香川,四国,14,9,5,0,0.6429,81.0,54.0,27.0,2025-03-23,2026-07-18
517,いなべ総合,1045.14,1000.0,-4.97,三重,東海,19,12,7,0,0.6316,90.0,59.0,31.0,2025-04-12,2026-07-23
518,桐生,1045.13,1000.0,3.22,群馬,関東・東京,13,8,5,0,0.6154,79.0,43.0,36.0,2025-04-15,2026-07-22
519,八女学院,1044.61,1000.0,2.09,福岡,九州,14,9,5,0,0.6429,63.0,49.0,14.0,2025-03-21,2026-07-16
520,幸福学園,1044.55,1000.0,-2.36,栃木,関東・東京,15,10,5,0,0.6667,105.0,82.0,23.0,2025-04-12,2026-07-11
521,彩星工科,1044.19,1000.0,0.49,兵庫,近畿,18,12,6,0,0.6667,94.0,61.0,33.0,2025-04-19,2026-07-15
522,誉,1044.16,1000.0,2.72,愛知,東海,15,9,6,0,0.6,72.0,28.0,44.0,2025-04-12,2026-07-19
523,神港学園,1044.14,1000.0,0.49,兵庫,近畿,15,10,5,0,0.6667,63.0,29.0,34.0,2025-04-19,2026-07-12
524,沖縄工,1043.9,1000.0,1.73,沖縄,九州,14,9,5,0,0.6429,88.0,50.0,38.0,2025-03-22,2026-07-04
525,千葉明徳,1043.81,1000.0,0.63,千葉,関東・東京,16,10,6,0,0.625,71.0,45.0,26.0,2025-04-19,2026-07-18
526,愛知黎明,1043.77,1000.0,2.72,愛知,東海,21,12,9,0,0.5714,126.0,70.0,56.0,2025-04-12,2026-07-19
527,土佐,1043.6,1000.0,3.76,高知,四国,15,9,6,0,0.6,78.0,56.0,22.0,2025-03-20,2026-07-23
528,横浜清陵,1043.55,1000.0,4.44,神奈川,関東・東京,14,9,5,0,0.6429,64.0,55.0,9.0,2025-04-12,2026-07-18
529,北稜,1043.53,1000.0,2.25,京都,近畿,15,10,5,0,0.6667,67.0,54.0,13.0,2025-04-19,2026-07-15
530,武蔵越生,1043.45,1000.0,-0.08,埼玉,関東・東京,14,9,5,0,0.6429,75.0,43.0,32.0,2025-04-24,2026-07-20
531,藤井学園寒川,1043.43,1000.0,-4.3,徳島,四国,13,9,4,0,0.6923,63.0,42.0,21.0,2025-03-20,2026-07-20
532,六甲アイランド,1043.41,1000.0,0.49,兵庫,近畿,18,12,6,0,0.6667,90.0,72.0,18.0,2025-04-19,2026-07-10
533,八幡南,1043.37,1000.0,2.09,福岡,九州,16,10,6,0,0.625,97.0,63.0,34.0,2025-03-22,2026-07-15
534,札幌光星,1043.33,1000.0,-9.79,北海道,北海道,18,12,6,0,0.6667,101.0,44.0,57.0,2025-05-26,2026-07-13
535,市岡,1043.25,1000.0,8.38,大阪,近畿,11,7,4,0,0.6364,75.0,50.0,25.0,2025-04-06,2026-07-20
536,鹿児島情報,1043.24,1000.0,1.49,鹿児島,九州,13,8,5,0,0.6154,99.0,39.0,60.0,2025-03-24,2026-07-06
537,鹿屋農,1043.16,1000.0,1.49,鹿児島,九州,14,9,5,0,0.6429,66.0,42.0,24.0,2025-03-23,2026-07-17
538,京都先端科学大付,1043.09,1000.0,2.25,京都,近畿,12,8,4,0,0.6667,96.0,53.0,43.0,2025-04-20,2026-07-16
539,堀越,1043.05,1000.0,2.37,東京,関東・東京,13,8,5,0,0.6154,71.0,33.0,38.0,2025-04-07,2026-07-16
540,名取北,1042.76,1000.0,-1.84,山形,東北,17,11,6,0,0.6471,100.0,65.0,35.0,2025-05-16,2026-07-19
541,仙台一,1042.68,1000.0,-1.84,山形,東北,18,11,7,0,0.6111,129.0,65.0,64.0,2025-05-16,2026-07-15
542,英数学館,1042.6,1000.0,-6.32,島根,中国,19,13,6,0,0.6842,90.0,45.0,45.0,2025-04-19,2026-07-16
543,水口東,1042.5,1000.0,-0.81,滋賀,近畿,14,9,5,0,0.6429,89.0,54.0,35.0,2025-04-19,2026-07-18
544,大阪偕星,1042.48,1000.0,8.38,大阪,近畿,5,4,1,0,0.8,18.0,5.0,13.0,2025-07-13,2025-07-24
545,東京学館新潟,1042.41,1000.0,-5.27,新潟,北信越,14,9,5,0,0.6429,82.0,59.0,23.0,2025-04-26,2026-07-20
546,東北学院,1042.41,1000.0,-1.84,山形,東北,18,12,6,0,0.6667,85.0,61.0,24.0,2025-05-16,2026-07-19
547,成章,1042.24,1000.0,2.72,愛知,東海,24,14,10,0,0.5833,164.0,102.0,62.0,2025-04-12,2026-07-19
548,西春,1042.18,1000.0,2.72,愛知,東海,21,13,8,0,0.619,137.0,98.0,39.0,2025-04-12,2026-07-12
549,富士市立,1042.06,1000.0,-1.42,静岡,東海,19,12,7,0,0.6316,97.0,48.0,49.0,2025-04-19,2026-07-23
550,開志学園,1041.97,1000.0,-5.27,新潟,北信越,15,9,6,0,0.6,86.0,47.0,39.0,2025-04-27,2026-07-18
551,とわの森,1041.81,1000.0,-9.79,北海道,北海道,11,8,3,0,0.7273,61.0,25.0,36.0,2025-05-26,2026-05-14
552,育英,1041.79,1000.0,0.49,兵庫,近畿,15,10,5,0,0.6667,83.0,43.0,40.0,2025-04-19,2026-07-12
553,米子西,1041.71,1000.0,1.62,岡山,中国,11,7,4,0,0.6364,130.0,34.0,96.0,2025-04-19,2026-07-19
554,星翔,1041.54,1000.0,8.38,大阪,近畿,13,8,5,0,0.6154,98.0,63.0,35.0,2025-04-06,2026-07-18
555,益田東,1041.26,1000.0,5.45,広島,中国,12,7,5,0,0.5833,66.0,31.0,35.0,2025-04-19,2026-07-21
556,西武文理,1041.17,1000.0,-0.08,埼玉,関東・東京,15,10,5,0,0.6667,109.0,67.0,42.0,2025-04-24,2026-07-18
557,水戸啓明,1041.09,1000.0,-1.03,茨城,関東・東京,17,11,6,0,0.6471,94.0,51.0,43.0,2025-04-19,2026-07-10
558,大森学園,1041.04,1000.0,2.37,東京,関東・東京,14,9,5,0,0.6429,95.0,58.0,37.0,2025-04-06,2026-07-19
559,星槎国際湘南,1040.9,1000.0,4.44,神奈川,関東・東京,13,8,5,0,0.6154,64.0,26.0,38.0,2025-04-05,2026-07-14
560,知念,1040.88,1000.0,1.73,沖縄,九州,13,8,5,0,0.6154,72.0,41.0,31.0,2025-03-20,2026-07-13
561,福知山成美,1040.71,1000.0,2.25,京都,近畿,13,8,5,0,0.6154,89.0,40.0,49.0,2025-04-19,2026-07-22
562,京都成章,1040.59,1000.0,2.25,京都,近畿,13,8,5,0,0.6154,76.0,28.0,48.0,2025-04-20,2026-07-20
563,岐阜聖徳,1040.33,1000.0,-2.62,岐阜,東海,14,9,5,0,0.6429,98.0,41.0,57.0,2025-04-12,2026-07-23
564,如水館,1039.97,1000.0,-6.32,島根,中国,16,11,5,0,0.6875,112.0,50.0,62.0,2025-04-19,2026-07-11
565,出水中央,1039.84,1000.0,1.49,鹿児島,九州,16,10,6,0,0.625,88.0,58.0,30.0,2025-03-28,2026-07-15
566,蓬莱,1039.72,1000.0,-4.3,徳島,四国,8,6,2,0,0.75,43.0,13.0,30.0,2026-03-20,2026-07-20
567,山陽,1039.68,1000.0,-6.32,島根,中国,19,12,7,0,0.6316,129.0,57.0,72.0,2025-04-19,2026-07-16
568,菰野,1039.65,1000.0,-4.97,三重,東海,24,15,9,0,0.625,139.0,110.0,29.0,2025-04-12,2026-07-21
569,東海大札幌,1039.56,1000.0,-9.79,北海道,北海道,13,8,5,0,0.6154,62.0,39.0,23.0,2025-05-27,2026-07-14
570,大曲工,1039.45,1000.0,0.62,岩手,東北,20,12,8,0,0.6,98.0,81.0,17.0,2025-05-12,2026-07-21
571,駒場学園,1039.45,1000.0,2.37,東京,関東・東京,13,8,5,0,0.6154,106.0,53.0,53.0,2025-04-04,2026-07-19
572,小倉工業,1039.32,1000.0,2.09,福岡,九州,8,6,2,0,0.75,36.0,16.0,20.0,2025-03-20,2026-07-09
573,城北,1039.12,1000.0,-4.28,熊本,九州,35,20,15,0,0.5714,239.0,138.0,101.0,2025-03-20,2026-07-17
574,大阪偕星学園,1039.06,1000.0,8.38,大阪,近畿,12,8,4,0,0.6667,59.0,52.0,7.0,2025-04-05,2026-07-13
575,美来工科,1039.04,1000.0,1.73,沖縄,九州,13,8,5,0,0.6154,49.0,28.0,21.0,2025-03-23,2026-07-13
576,ふたば未来,1039.01,1000.0,-1.38,福島,東北,12,8,4,0,0.6667,69.0,27.0,42.0,2025-05-19,2026-07-11
577,高田,1038.96,1000.0,-4.97,三重,東海,57,32,25,0,0.5614,300.0,239.0,61.0,2025-03-22,2026-07-21
578,北筑,1038.81,1000.0,2.09,福岡,九州,13,8,5,0,0.6154,59.0,46.0,13.0,2025-03-22,2026-07-17
579,柏原,1038.59,1000.0,0.49,兵庫,近畿,13,9,4,0,0.6923,57.0,44.0,13.0,2025-04-19,2026-07-18
580,弘前南,1038.5,1000.0,4.16,青森,東北,12,7,5,0,0.5833,92.0,35.0,57.0,2025-05-12,2026-07-15
581,秋田中央,1038.44,1000.0,0.62,岩手,東北,17,11,6,0,0.6471,89.0,73.0,16.0,2025-05-13,2026-07-11
582,篠山産業,1038.38,1000.0,0.49,兵庫,近畿,5,4,1,0,0.8,37.0,13.0,24.0,2025-04-19,2025-09-23
583,諏訪清陵,1038.23,1000.0,-4.39,長野,北信越,23,14,9,0,0.6087,135.0,94.0,41.0,2025-05-10,2026-07-12
584,文徳,1038.15,1000.0,-4.28,熊本,九州,15,10,5,0,0.6667,90.0,54.0,36.0,2025-03-25,2026-07-14
585,北陸学院,1038.13,1000.0,6.19,石川,北信越,13,8,5,0,0.6154,77.0,44.0,33.0,2025-04-20,2026-07-11
586,栃木工,1038.01,1000.0,-2.36,栃木,関東・東京,13,8,5,0,0.6154,76.0,35.0,41.0,2025-04-12,2026-07-14
587,関西創価,1038.01,1000.0,8.38,大阪,近畿,11,6,5,0,0.5455,50.0,30.0,20.0,2025-04-20,2026-07-18
588,秋田南,1037.97,1000.0,0.62,岩手,東北,16,10,6,0,0.625,85.0,56.0,29.0,2025-05-12,2026-07-14
589,松蔭,1037.91,1000.0,2.72,愛知,東海,17,11,6,0,0.6471,91.0,56.0,35.0,2025-04-12,2026-07-12
590,高松商,1037.87,1000.0,-4.3,徳島,四国,7,5,2,0,0.7143,34.0,13.0,21.0,2025-04-26,2026-04-11
591,菊華,1037.63,1000.0,2.72,愛知,東海,20,12,8,0,0.6,139.0,93.0,46.0,2025-04-12,2026-07-07
592,盛岡一,1037.49,1000.0,3.8,宮城,東北,22,14,8,0,0.6364,135.0,75.0,60.0,2025-05-16,2026-07-16
593,未来富山,1037.48,1000.0,-10.7,富山,北信越,16,11,5,0,0.6875,101.0,54.0,47.0,2025-04-19,2026-07-11
594,大垣西,1037.48,1000.0,-2.62,岐阜,東海,20,13,7,0,0.65,138.0,82.0,56.0,2025-04-12,2026-07-19
595,関東学院,1037.44,1000.0,4.44,神奈川,関東・東京,9,6,3,0,0.6667,52.0,36.0,16.0,2025-07-09,2026-07-18
596,美作,1037.37,1000.0,-7.46,鳥取,中国,14,11,3,0,0.7857,90.0,38.0,52.0,2025-04-26,2026-07-12
597,北陸,1037.37,1000.0,1.72,福井,北信越,13,8,5,0,0.6154,59.0,32.0,27.0,2025-04-20,2026-07-18
598,山形南,1037.3,1000.0,-6.25,秋田,東北,17,11,6,0,0.6471,96.0,75.0,21.0,2025-05-09,2026-07-23
599,関東学園大付,1037.1,1000.0,3.22,群馬,関東・東京,13,8,5,0,0.6154,66.0,52.0,14.0,2025-04-20,2026-07-20
600,近江兄弟社,1037.09,1000.0,-0.81,滋賀,近畿,15,9,6,0,0.6,73.0,43.0,30.0,2025-04-12,2026-07-18
601,光英VERITAS,1036.89,1000.0,0.63,千葉,関東・東京,11,7,4,0,0.6364,91.0,63.0,28.0,2025-04-19,2026-04-25
602,伊那北,1036.81,1000.0,-4.39,長野,北信越,26,16,10,0,0.6154,162.0,135.0,27.0,2025-05-10,2026-07-11
603,米子東,1036.76,1000.0,1.62,岡山,中国,11,7,4,0,0.6364,87.0,44.0,43.0,2025-04-20,2026-07-19
604,西大寺,1036.62,1000.0,-7.46,鳥取,中国,19,13,6,0,0.6842,102.0,74.0,28.0,2025-04-26,2026-07-19
605,福翔,1036.6,1000.0,2.09,福岡,九州,13,8,5,0,0.6154,101.0,47.0,54.0,2025-03-21,2026-07-10
606,秋田修英,1036.59,1000.0,0.62,岩手,東北,14,9,5,0,0.6429,54.0,47.0,7.0,2025-05-13,2026-07-17
607,千種,1036.57,1000.0,2.72,愛知,東海,20,11,9,0,0.55,108.0,84.0,24.0,2025-04-12,2026-07-21
608,苫小牧中央,1036.49,1000.0,-9.79,北海道,北海道,18,12,6,0,0.6667,98.0,54.0,44.0,2025-05-26,2026-06-24
609,千葉商業,1036.41,1000.0,0.63,千葉,関東・東京,16,11,5,0,0.6875,86.0,35.0,51.0,2025-04-19,2026-07-11
610,愛産大三河,1036.31,1000.0,2.72,愛知,東海,21,13,8,0,0.619,113.0,82.0,31.0,2025-04-12,2026-07-12
611,上宮太子,1036.28,1000.0,8.38,大阪,近畿,12,7,5,0,0.5833,100.0,40.0,60.0,2025-04-20,2026-07-17
612,立命館守山,1036.28,1000.0,-0.81,滋賀,近畿,13,8,5,0,0.6154,72.0,47.0,25.0,2025-04-12,2026-07-21
613,大同大大同,1036.24,1000.0,2.72,愛知,東海,20,12,8,0,0.6,122.0,94.0,28.0,2025-04-12,2026-07-19
614,春日,1035.95,1000.0,2.09,福岡,九州,13,8,5,0,0.6154,83.0,59.0,24.0,2025-03-21,2026-07-12
615,富島,1035.73,1000.0,-7.87,宮崎,九州,16,11,5,0,0.6875,71.0,62.0,9.0,2025-03-23,2026-07-13
616,宮崎学園,1035.73,1000.0,-7.87,宮崎,九州,15,10,5,0,0.6667,50.0,54.0,-4.0,2025-03-23,2026-04-06
617,筑陽学園,1035.68,1000.0,2.09,福岡,九州,13,8,5,0,0.6154,60.0,35.0,25.0,2025-03-22,2026-07-12
618,坂井,1035.54,1000.0,1.72,福井,北信越,13,8,5,0,0.6154,86.0,66.0,20.0,2025-04-19,2026-07-18
619,桜丘,1035.51,1000.0,2.72,愛知,東海,37,22,15,0,0.5946,204.0,158.0,46.0,2025-04-04,2026-07-12
620,安城,1035.45,1000.0,2.72,愛知,東海,24,14,10,0,0.5833,113.0,87.0,26.0,2025-04-12,2026-07-11
621,門前,1035.31,1000.0,6.19,石川,北信越,12,7,5,0,0.5833,63.0,46.0,17.0,2025-04-27,2026-07-22
622,共栄学園,1034.74,1000.0,2.37,東京,関東・東京,13,8,5,0,0.6154,87.0,49.0,38.0,2025-04-06,2026-07-15
623,鹿児島,1034.69,1000.0,1.49,鹿児島,九州,13,8,5,0,0.6154,60.0,44.0,16.0,2025-03-26,2026-07-15
624,釧路湖陵,1034.65,1000.0,-9.79,北海道,北海道,16,11,5,0,0.6875,101.0,51.0,50.0,2025-05-26,2026-07-07
625,尾道商業,1034.63,1000.0,-6.32,島根,中国,16,11,5,0,0.6875,79.0,41.0,38.0,2025-04-19,2026-07-19
626,大阪,1034.49,1000.0,8.38,大阪,近畿,12,7,5,0,0.5833,60.0,50.0,10.0,2025-04-27,2026-07-18
627,金沢商,1034.38,1000.0,6.19,石川,北信越,13,8,5,0,0.6154,66.0,46.0,20.0,2025-04-20,2026-07-18
628,三次,1034.37,1000.0,-6.32,島根,中国,16,11,5,0,0.6875,73.0,42.0,31.0,2025-04-19,2026-07-19
629,岐阜総合,1034.28,1000.0,-2.62,岐阜,東海,13,9,4,0,0.6923,51.0,39.0,12.0,2025-04-12,2026-07-20
630,白鷗大足利,1034.26,1000.0,-2.36,栃木,関東・東京,12,7,5,0,0.5833,68.0,36.0,32.0,2025-04-12,2026-07-22
631,丸亀,1034.16,1000.0,-4.3,徳島,四国,13,8,5,0,0.6154,67.0,43.0,24.0,2025-03-21,2026-07-23
632,北見北斗,1034.09,1000.0,-9.79,北海道,北海道,19,13,6,0,0.6842,117.0,76.0,41.0,2025-05-26,2026-06-26
633,大分上野丘,1034.07,1000.0,2.65,大分,九州,11,7,4,0,0.6364,48.0,39.0,9.0,2025-03-27,2026-07-19
634,海城,1034.05,1000.0,2.37,東京,関東・東京,13,8,5,0,0.6154,78.0,67.0,11.0,2025-04-04,2026-07-18
635,帝京五,1033.79,1000.0,-7.48,愛媛,四国,17,11,6,0,0.6471,114.0,76.0,38.0,2025-03-21,2026-07-11
636,市和歌山,1033.78,1000.0,0.99,和歌山,近畿,14,8,6,0,0.5714,70.0,44.0,26.0,2025-04-19,2026-07-22
637,旭川東,1033.78,1000.0,-9.79,北海道,北海道,15,10,5,0,0.6667,124.0,51.0,73.0,2025-05-26,2026-07-08
638,三田松聖,1033.73,1000.0,0.49,兵庫,近畿,17,11,6,0,0.6471,62.0,55.0,7.0,2025-04-19,2026-07-22
639,山形学院,1033.67,1000.0,-6.25,秋田,東北,14,9,5,0,0.6429,67.0,50.0,17.0,2025-05-12,2026-07-20
640,東京学館,1033.67,1000.0,0.63,千葉,関東・東京,15,9,6,0,0.6,92.0,42.0,50.0,2025-04-20,2026-07-11
641,銚子商業,1033.65,1000.0,0.63,千葉,関東・東京,14,9,5,0,0.6429,95.0,44.0,51.0,2025-04-19,2026-07-18
642,西城陽,1033.54,1000.0,2.25,京都,近畿,12,7,5,0,0.5833,83.0,36.0,47.0,2025-04-20,2026-07-04
643,帯広大谷,1033.43,1000.0,-9.79,北海道,北海道,15,9,6,0,0.6,82.0,49.0,33.0,2025-05-26,2026-07-13
644,石岡商,1033.42,1000.0,-1.03,茨城,関東・東京,16,10,6,0,0.625,82.0,45.0,37.0,2025-04-19,2026-07-18
645,明石清水,1033.2,1000.0,0.49,兵庫,近畿,15,10,5,0,0.6667,49.0,42.0,7.0,2025-04-19,2026-07-15
646,中部大一,1033.06,1000.0,2.72,愛知,東海,16,9,7,0,0.5625,111.0,52.0,59.0,2025-04-12,2026-07-12
647,商大附,1033.0,1000.0,3.22,群馬,関東・東京,9,6,3,0,0.6667,59.0,23.0,36.0,2025-04-15,2026-04-18
648,城南,1032.87,1000.0,2.09,福岡,九州,23,13,10,0,0.5652,108.0,91.0,17.0,2025-03-22,2026-07-15
649,小野工,1032.76,1000.0,0.49,兵庫,近畿,15,10,5,0,0.6667,56.0,49.0,7.0,2025-04-19,2026-07-13
650,妻,1032.65,1000.0,-7.87,宮崎,九州,7,6,1,0,0.8571,21.0,16.0,5.0,2025-03-20,2026-07-16
651,名古屋市工芸,1032.6,1000.0,2.72,愛知,東海,19,11,8,0,0.5789,121.0,105.0,16.0,2025-04-12,2026-07-19
652,浜松開誠館,1032.54,1000.0,-1.42,静岡,東海,16,10,6,0,0.625,76.0,58.0,18.0,2025-04-19,2026-07-21
653,明和県央,1032.41,1000.0,3.22,群馬,関東・東京,13,8,5,0,0.6154,54.0,39.0,15.0,2025-04-15,2026-07-19
654,駿台学園,1032.35,1000.0,2.37,東京,関東・東京,14,8,6,0,0.5714,80.0,55.0,25.0,2025-04-07,2026-07-19
655,聖カタリナ学園,1032.21,1000.0,-7.48,愛媛,四国,14,9,5,0,0.6429,80.0,59.0,21.0,2025-03-21,2026-07-19
656,宇部鴻城,1032.14,1000.0,-1.06,山口,中国,13,8,5,0,0.6154,67.0,43.0,24.0,2025-04-13,2026-07-23
657,港,1032.13,1000.0,8.38,大阪,近畿,8,5,3,0,0.625,48.0,60.0,-12.0,2025-04-19,2026-07-19
658,茂原北陵,1032.03,1000.0,0.63,千葉,関東・東京,15,10,5,0,0.6667,121.0,50.0,71.0,2025-04-19,2026-07-10
659,箕島,1031.86,1000.0,0.99,和歌山,近畿,13,8,5,0,0.6154,69.0,57.0,12.0,2025-04-12,2026-07-14
660,神辺旭,1031.82,1000.0,-6.32,島根,中国,21,13,8,0,0.619,152.0,70.0,82.0,2025-04-19,2026-07-16
661,小倉商業,1031.79,1000.0,2.09,福岡,九州,7,5,2,0,0.7143,39.0,13.0,26.0,2025-03-22,2026-07-07
662,日星,1031.69,1000.0,2.25,京都,近畿,12,7,5,0,0.5833,68.0,42.0,26.0,2025-04-20,2026-07-18
663,鳥取西,1031.65,1000.0,1.62,岡山,中国,13,8,5,0,0.6154,68.0,50.0,18.0,2025-04-21,2026-07-16
664,松山,1031.6,1000.0,-0.08,埼玉,関東・東京,15,10,5,0,0.6667,93.0,54.0,39.0,2025-04-24,2026-07-11
665,玉島商,1031.6,1000.0,-7.46,鳥取,中国,16,10,6,0,0.625,77.0,35.0,42.0,2025-04-26,2026-07-16
666,小松工,1031.53,1000.0,6.19,石川,北信越,13,8,5,0,0.6154,65.0,44.0,21.0,2025-04-26,2026-07-11
667,上宮,1031.53,1000.0,8.38,大阪,近畿,11,6,5,0,0.5455,62.0,37.0,25.0,2025-04-20,2026-07-20
668,前橋,1031.42,1000.0,3.22,群馬,関東・東京,13,8,5,0,0.6154,70.0,55.0,15.0,2025-04-12,2026-07-05
669,今治北,1031.37,1000.0,-7.48,愛媛,四国,13,8,5,0,0.6154,78.0,59.0,19.0,2025-03-22,2026-07-21
670,静岡商,1031.35,1000.0,-1.42,静岡,東海,15,11,4,0,0.7333,72.0,37.0,35.0,2025-04-19,2026-07-12
671,沼津東,1031.33,1000.0,-1.42,静岡,東海,14,9,5,0,0.6429,81.0,37.0,44.0,2025-04-19,2026-07-12
672,日大櫻丘,1031.3,1000.0,2.37,東京,関東・東京,10,7,3,0,0.7,50.0,39.0,11.0,2025-04-04,2026-07-16
673,武相,1031.28,1000.0,4.44,神奈川,関東・東京,12,7,5,0,0.5833,51.0,33.0,18.0,2025-04-06,2026-07-13
674,名城大付,1031.15,1000.0,2.72,愛知,東海,18,10,8,0,0.5556,94.0,75.0,19.0,2025-04-12,2026-07-08
675,気仙沼,1031.11,1000.0,-1.84,山形,東北,20,12,8,0,0.6,119.0,69.0,50.0,2025-05-16,2026-07-15
676,松山学院,1031.04,1000.0,-7.48,愛媛,四国,13,8,5,0,0.6154,70.0,62.0,8.0,2025-03-22,2026-07-26
677,福島商,1030.91,1000.0,-1.38,福島,東北,11,7,4,0,0.6364,34.0,33.0,1.0,2025-05-18,2026-07-20
678,和泉,1030.84,1000.0,8.38,大阪,近畿,12,7,5,0,0.5833,108.0,79.0,29.0,2025-04-12,2026-07-18
679,国学院久我山,1030.83,1000.0,2.37,東京,関東・東京,4,3,1,0,0.75,41.0,10.0,31.0,2025-04-06,2025-04-27
680,埼玉栄,1030.83,1000.0,-0.08,埼玉,関東・東京,13,8,5,0,0.6154,89.0,41.0,48.0,2025-04-24,2026-07-15
681,東浦,1030.81,1000.0,2.72,愛知,東海,23,14,9,0,0.6087,138.0,92.0,46.0,2025-04-12,2026-07-08
682,市西宮,1030.78,1000.0,0.49,兵庫,近畿,14,8,6,0,0.5714,81.0,29.0,52.0,2025-04-19,2026-07-13
683,立正大立正,1030.78,1000.0,2.37,東京,関東・東京,13,8,5,0,0.6154,79.0,47.0,32.0,2025-04-04,2026-07-16
684,矢上,1030.77,1000.0,5.45,広島,中国,16,10,6,0,0.625,74.0,61.0,13.0,2025-04-20,2026-07-15
685,小平南,1030.74,1000.0,2.37,東京,関東・東京,10,6,4,0,0.6,73.0,55.0,18.0,2025-04-05,2026-07-18
686,掛川東,1030.69,1000.0,-1.42,静岡,東海,20,12,8,0,0.6,112.0,79.0,33.0,2025-04-19,2026-07-19
687,新潟県央工,1030.68,1000.0,-5.27,新潟,北信越,13,8,5,0,0.6154,104.0,59.0,45.0,2025-04-27,2026-07-16
688,廿日市西,1030.51,1000.0,-6.32,島根,中国,20,13,7,0,0.65,126.0,106.0,20.0,2025-04-19,2026-07-19
689,静岡商業,1030.5,1000.0,-1.42,静岡,東海,5,4,1,0,0.8,28.0,11.0,17.0,2025-07-13,2026-04-19
690,周防大島,1030.46,1000.0,-1.06,山口,中国,12,7,5,0,0.5833,62.0,36.0,26.0,2025-04-20,2026-07-18
691,長岡大手,1030.46,1000.0,-5.27,新潟,北信越,14,9,5,0,0.6429,78.0,62.0,16.0,2025-04-26,2026-07-16
692,水沢,1030.28,1000.0,3.8,宮城,東北,17,10,7,0,0.5882,120.0,52.0,68.0,2025-05-16,2026-07-20
693,尚志館,1030.22,1000.0,1.49,鹿児島,九州,15,9,6,0,0.6,56.0,75.0,-19.0,2025-03-22,2026-07-23
694,宮崎日大,1030.07,1000.0,-7.87,宮崎,九州,15,9,6,0,0.6,79.0,54.0,25.0,2025-03-23,2026-07-16
695,沖縄水産,1029.93,1000.0,1.73,沖縄,九州,12,7,5,0,0.5833,67.0,34.0,33.0,2025-03-21,2026-06-23
696,聖和学園,1029.91,1000.0,-1.84,山形,東北,21,12,9,0,0.5714,98.0,68.0,30.0,2025-05-16,2026-07-16
697,大宮北,1029.82,1000.0,-0.08,埼玉,関東・東京,13,8,5,0,0.6154,109.0,54.0,55.0,2025-04-24,2026-07-09
698,沖学園,1029.8,1000.0,2.09,福岡,九州,12,7,5,0,0.5833,60.0,27.0,33.0,2025-03-21,2026-07-17
699,聖心ウルスラ,1029.68,1000.0,-7.87,宮崎,九州,9,6,3,0,0.6667,53.0,27.0,26.0,2025-03-23,2026-07-14
700,洲本,1029.61,1000.0,0.49,兵庫,近畿,13,8,5,0,0.6154,47.0,32.0,15.0,2025-04-19,2026-07-18
701,横浜栄,1029.61,1000.0,4.44,神奈川,関東・東京,12,7,5,0,0.5833,74.0,51.0,23.0,2025-04-05,2026-07-16
702,藤蔭,1029.5,1000.0,2.65,大分,九州,11,6,5,0,0.5455,82.0,53.0,29.0,2025-03-25,2026-07-19
703,若狭,1029.4,1000.0,1.72,福井,北信越,15,9,6,0,0.6,85.0,76.0,9.0,2025-04-20,2026-07-18
704,彦根東,1029.33,1000.0,-0.81,滋賀,近畿,14,8,6,0,0.5714,76.0,63.0,13.0,2025-04-20,2026-07-21
705,折尾,1029.26,1000.0,2.09,福岡,九州,12,7,5,0,0.5833,64.0,38.0,26.0,2025-03-21,2026-07-12
706,石動,1029.25,1000.0,-10.7,富山,北信越,14,9,5,0,0.6429,76.0,45.0,31.0,2025-04-19,2026-07-20
707,花巻北,1029.19,1000.0,3.8,宮城,東北,19,11,8,0,0.5789,118.0,61.0,57.0,2025-05-16,2026-07-15
708,相模原城山,1029.17,1000.0,4.44,神奈川,関東・東京,12,7,5,0,0.5833,75.0,63.0,12.0,2025-04-05,2026-07-14
709,正智深谷,1029.13,1000.0,-0.08,埼玉,関東・東京,13,8,5,0,0.6154,100.0,53.0,47.0,2025-04-24,2026-07-20
710,石川県工,1028.96,1000.0,6.19,石川,北信越,11,6,5,0,0.5455,89.0,46.0,43.0,2025-04-27,2026-07-19
711,日川,1028.93,1000.0,-0.05,山梨,関東・東京,12,7,5,0,0.5833,72.0,62.0,10.0,2025-04-12,2026-07-17
712,日大豊山,1028.93,1000.0,2.37,東京,関東・東京,12,7,5,0,0.5833,89.0,48.0,41.0,2025-04-04,2026-07-13
713,二松学舎大付,1028.64,1000.0,2.37,東京,関東・東京,4,3,1,0,0.75,29.0,7.0,22.0,2025-04-06,2025-07-13
714,網干,1028.55,1000.0,0.49,兵庫,近畿,8,6,2,0,0.75,34.0,24.0,10.0,2025-04-19,2025-07-19
715,大谷室蘭,1028.53,1000.0,-9.79,北海道,北海道,13,8,5,0,0.6154,76.0,40.0,36.0,2025-05-26,2026-07-13
716,名経大市邨,1028.5,1000.0,2.72,愛知,東海,21,13,8,0,0.619,99.0,75.0,24.0,2025-04-12,2026-07-12
717,奈良北,1028.45,1000.0,3.92,奈良,近畿,12,7,5,0,0.5833,62.0,44.0,18.0,2025-04-19,2026-07-21
718,札幌新川,1028.42,1000.0,-9.79,北海道,北海道,16,10,6,0,0.625,78.0,58.0,20.0,2025-05-26,2026-07-12
719,日高,1028.37,1000.0,0.99,和歌山,近畿,13,8,5,0,0.6154,77.0,59.0,18.0,2025-04-19,2026-07-20
720,啓新,1028.28,1000.0,1.72,福井,北信越,12,7,5,0,0.5833,49.0,39.0,10.0,2025-04-19,2026-07-21
721,広島城北,1028.2,1000.0,-6.32,島根,中国,19,11,8,0,0.5789,96.0,86.0,10.0,2025-04-19,2026-07-22
722,西武台千葉,1028.18,1000.0,0.63,千葉,関東・東京,14,9,5,0,0.6429,83.0,60.0,23.0,2025-04-19,2026-07-10
723,糸満,1028.15,1000.0,1.73,沖縄,九州,11,6,5,0,0.5455,80.0,34.0,46.0,2025-03-22,2026-07-12
724,専大熊本,1028.14,1000.0,-4.28,熊本,九州,12,7,5,0,0.5833,71.0,40.0,31.0,2025-03-24,2026-07-13
725,具志川商,1028.02,1000.0,1.73,沖縄,九州,12,7,5,0,0.5833,63.0,39.0,24.0,2025-03-20,2026-06-27
726,伊奈学園総合,1027.95,1000.0,-0.08,埼玉,関東・東京,14,9,5,0,0.6429,90.0,65.0,25.0,2025-04-24,2026-07-12
727,時習館,1027.87,1000.0,2.72,愛知,東海,25,14,11,0,0.56,153.0,110.0,43.0,2025-04-12,2026-07-19
728,和歌山工,1027.73,1000.0,0.99,和歌山,近畿,12,8,4,0,0.6667,41.0,51.0,-10.0,2025-04-12,2026-07-25
729,千葉敬愛,1027.7,1000.0,0.63,千葉,関東・東京,16,9,7,0,0.5625,103.0,51.0,52.0,2025-04-19,2026-07-18
730,橿原,1027.69,1000.0,3.92,奈良,近畿,13,8,5,0,0.6154,68.0,61.0,7.0,2025-04-12,2026-07-12
731,狛江,1027.66,1000.0,2.37,東京,関東・東京,13,8,5,0,0.6154,90.0,63.0,27.0,2025-04-04,2026-07-14
732,コザ,1027.51,1000.0,1.73,沖縄,九州,17,10,7,0,0.5882,78.0,58.0,20.0,2025-03-20,2026-07-12
733,駒ケ根工,1027.45,1000.0,-4.39,長野,北信越,12,8,4,0,0.6667,54.0,51.0,3.0,2025-07-07,2026-07-15
734,川越,1027.4,1000.0,-4.97,三重,東海,30,17,13,0,0.5667,150.0,134.0,16.0,2025-04-12,2026-07-23
735,北九州市立,1027.38,1000.0,2.09,福岡,九州,12,7,5,0,0.5833,82.0,45.0,37.0,2025-03-23,2026-07-12
736,文教大附属,1027.29,1000.0,-9.79,北海道,北海道,5,4,1,0,0.8,33.0,17.0,16.0,2026-06-24,2026-07-14
737,横浜商,1027.14,1000.0,4.44,神奈川,関東・東京,11,6,5,0,0.5455,70.0,56.0,14.0,2025-04-06,2026-07-18
738,九段中等,1027.1,1000.0,2.37,東京,関東・東京,14,9,5,0,0.6429,131.0,57.0,74.0,2025-04-04,2026-07-05
739,嘉穂,1027.09,1000.0,2.09,福岡,九州,12,7,5,0,0.5833,65.0,33.0,32.0,2025-03-22,2026-07-12
740,徳島北,1027.0,1000.0,-0.82,香川,四国,12,7,5,0,0.5833,52.0,30.0,22.0,2025-03-23,2026-07-23
741,三本松,1026.99,1000.0,-4.3,徳島,四国,15,9,6,0,0.6,72.0,66.0,6.0,2025-03-22,2026-07-20
742,盛岡三,1026.93,1000.0,3.8,宮城,東北,21,12,9,0,0.5714,106.0,80.0,26.0,2025-05-16,2026-07-14
743,市浦和,1026.88,1000.0,-0.08,埼玉,関東・東京,14,9,5,0,0.6429,86.0,60.0,26.0,2025-04-24,2026-07-11
744,帯広農業,1026.85,1000.0,-9.79,北海道,北海道,12,8,4,0,0.6667,64.0,53.0,11.0,2025-05-26,2026-06-28
745,春日部,1026.81,1000.0,-0.08,埼玉,関東・東京,14,9,5,0,0.6429,97.0,48.0,49.0,2025-04-24,2026-07-18
746,東海札幌,1026.75,1000.0,-9.79,北海道,北海道,8,6,2,0,0.75,47.0,19.0,28.0,2025-05-26,2026-05-13
747,早稲田佐賀,1026.74,1000.0,-9.64,佐賀,九州,13,8,5,0,0.6154,63.0,48.0,15.0,2025-03-22,2026-07-24
748,山村国際,1026.72,1000.0,-0.08,埼玉,関東・東京,13,8,5,0,0.6154,72.0,52.0,20.0,2025-04-24,2026-07-14
749,倶知安,1026.6,1000.0,-9.79,北海道,北海道,14,8,6,0,0.5714,100.0,61.0,39.0,2025-05-26,2026-07-13
750,中標津,1026.58,1000.0,-9.79,北海道,北海道,16,10,6,0,0.625,98.0,79.0,19.0,2025-05-26,2026-07-13
751,法政,1026.42,1000.0,2.37,東京,関東・東京,13,8,5,0,0.6154,71.0,65.0,6.0,2025-04-06,2026-07-15
752,岩国工,1026.42,1000.0,-1.06,山口,中国,11,7,4,0,0.6364,58.0,48.0,10.0,2025-04-13,2026-07-19
753,福岡第一,1026.41,1000.0,2.09,福岡,九州,12,7,5,0,0.5833,80.0,66.0,14.0,2025-03-24,2026-07-15
754,広尾,1026.35,1000.0,2.37,東京,関東・東京,14,9,5,0,0.6429,96.0,66.0,30.0,2025-04-04,2026-07-12
755,幕張総合,1026.2,1000.0,0.63,千葉,関東・東京,14,8,6,0,0.5714,86.0,70.0,16.0,2025-04-19,2026-07-20
756,布施,1026.07,1000.0,8.38,大阪,近畿,12,7,5,0,0.5833,61.0,39.0,22.0,2025-04-12,2026-07-18
757,松山商,1026.03,1000.0,-7.48,愛媛,四国,13,8,5,0,0.6154,67.0,51.0,16.0,2025-03-21,2026-07-21
758,松阪工,1025.84,1000.0,-4.97,三重,東海,13,8,5,0,0.6154,72.0,48.0,24.0,2025-04-12,2026-07-21
759,大垣商,1025.79,1000.0,-2.62,岐阜,東海,20,13,7,0,0.65,104.0,80.0,24.0,2025-04-12,2026-07-18
760,土浦三,1025.76,1000.0,-1.03,茨城,関東・東京,15,9,6,0,0.6,81.0,55.0,26.0,2025-04-19,2026-07-11
761,常葉大橘,1025.75,1000.0,-1.42,静岡,東海,16,9,7,0,0.5625,69.0,38.0,31.0,2025-04-19,2026-07-11
762,立命館慶祥,1025.75,1000.0,-9.79,北海道,北海道,14,8,6,0,0.5714,109.0,49.0,60.0,2025-05-28,2026-07-09
763,桐生市商,1025.75,1000.0,3.22,群馬,関東・東京,13,8,5,0,0.6154,56.0,44.0,12.0,2025-04-15,2026-07-20
764,茅ヶ崎北陵,1025.67,1000.0,4.44,神奈川,関東・東京,2,2,0,0,1.0,13.0,3.0,10.0,2025-04-05,2025-04-06
765,静岡学園,1025.66,1000.0,-1.42,静岡,東海,19,11,8,0,0.5789,73.0,69.0,4.0,2025-04-19,2026-07-21
766,能登川,1025.64,1000.0,-0.81,滋賀,近畿,12,7,5,0,0.5833,73.0,55.0,18.0,2025-04-19,2026-07-19
767,大秦,1025.53,1000.0,4.16,青森,東北,2,2,0,0,1.0,18.0,9.0,9.0,2025-07-13,2025-07-15
768,柳川,1025.4,1000.0,2.09,福岡,九州,11,6,5,0,0.5455,66.0,30.0,36.0,2025-03-21,2026-07-13
769,雪谷,1025.26,1000.0,2.37,東京,関東・東京,11,6,5,0,0.5455,81.0,52.0,29.0,2025-04-04,2026-07-18
770,星林,1025.15,1000.0,0.99,和歌山,近畿,14,9,5,0,0.6429,52.0,56.0,-4.0,2025-04-14,2026-07-11
771,平田,1025.06,1000.0,5.45,広島,中国,11,6,5,0,0.5455,60.0,44.0,16.0,2025-04-19,2026-07-18
772,小松商,1025.02,1000.0,6.19,石川,北信越,11,6,5,0,0.5455,52.0,33.0,19.0,2025-04-19,2026-07-19
773,工学院大付,1024.87,1000.0,2.37,東京,関東・東京,4,3,1,0,0.75,33.0,8.0,25.0,2025-04-07,2025-10-11
774,神戸弘陵学園,1024.76,1000.0,0.49,兵庫,近畿,12,7,5,0,0.5833,60.0,32.0,28.0,2025-04-19,2026-07-14
775,仁川学院,1024.75,1000.0,0.49,兵庫,近畿,13,8,5,0,0.6154,59.0,44.0,15.0,2025-04-19,2026-07-20
776,聖心ウルスラ学園,1024.72,1000.0,-7.87,宮崎,九州,5,4,1,0,0.8,35.0,20.0,15.0,2025-09-16,2026-04-06
777,長野俊英,1024.71,1000.0,-4.39,長野,北信越,19,11,8,0,0.5789,98.0,86.0,12.0,2025-05-10,2026-07-11
778,県伊丹,1024.7,1000.0,0.49,兵庫,近畿,14,9,5,0,0.6429,76.0,46.0,30.0,2025-04-19,2026-07-12
779,理大附,1024.67,1000.0,-7.46,鳥取,中国,4,4,0,0,1.0,32.0,4.0,28.0,2025-04-26,2025-09-20
780,仙台三,1024.54,1000.0,-1.84,山形,東北,14,9,5,0,0.6429,80.0,54.0,26.0,2025-05-16,2026-07-15
781,不二越工,1024.52,1000.0,-10.7,富山,北信越,14,9,5,0,0.6429,80.0,65.0,15.0,2025-04-20,2026-07-18
782,宮古,1024.46,1000.0,1.73,沖縄,九州,29,16,13,0,0.5517,152.0,127.0,25.0,2025-03-23,2026-07-18
783,大崎中央,1024.35,1000.0,-1.84,山形,東北,17,10,7,0,0.5882,99.0,57.0,42.0,2025-05-16,2026-07-13
784,浮羽究真館,1024.15,1000.0,2.09,福岡,九州,13,8,5,0,0.6154,84.0,75.0,9.0,2025-03-23,2026-07-11
785,袋井,1024.07,1000.0,-1.42,静岡,東海,18,11,7,0,0.6111,114.0,78.0,36.0,2025-04-19,2026-07-11
786,柴田,1024.02,1000.0,-1.84,山形,東北,14,9,5,0,0.6429,51.0,32.0,19.0,2025-05-16,2026-07-18
787,広島工業,1023.98,1000.0,-6.32,島根,中国,9,6,3,0,0.6667,43.0,38.0,5.0,2025-04-19,2026-07-12
788,新発田農,1023.93,1000.0,-5.27,新潟,北信越,13,8,5,0,0.6154,73.0,47.0,26.0,2025-04-28,2026-07-15
789,拓大紅陵,1023.91,1000.0,0.63,千葉,関東・東京,6,3,3,0,0.5,18.0,19.0,-1.0,2025-09-27,2026-08-15
790,小禄,1023.9,1000.0,1.73,沖縄,九州,11,6,5,0,0.5455,62.0,32.0,30.0,2025-03-20,2026-06-21
791,城南菱創,1023.87,1000.0,2.25,京都,近畿,15,9,6,0,0.6,64.0,58.0,6.0,2025-04-19,2026-07-19
792,大分,1023.83,1000.0,2.65,大分,九州,12,7,5,0,0.5833,61.0,46.0,15.0,2025-03-27,2026-07-20
793,勢多農林,1023.7,1000.0,3.22,群馬,関東・東京,12,7,5,0,0.5833,67.0,49.0,18.0,2025-04-12,2026-07-11
794,作陽学園,1023.7,1000.0,-7.46,鳥取,中国,16,10,6,0,0.625,79.0,60.0,19.0,2025-04-26,2026-07-16
795,八重山,1023.69,1000.0,1.73,沖縄,九州,12,7,5,0,0.5833,39.0,34.0,5.0,2025-03-21,2026-07-04
796,宇部工,1023.69,1000.0,-1.06,山口,中国,11,6,5,0,0.5455,63.0,28.0,35.0,2025-04-20,2026-07-19
797,片倉,1023.67,1000.0,2.37,東京,関東・東京,13,8,5,0,0.6154,75.0,57.0,18.0,2025-04-04,2026-07-15
798,新屋,1023.67,1000.0,0.62,岩手,東北,12,7,5,0,0.5833,50.0,40.0,10.0,2025-05-13,2026-07-19
799,茨城キリスト,1023.62,1000.0,-1.03,茨城,関東・東京,15,9,6,0,0.6,76.0,56.0,20.0,2025-04-19,2026-07-09
800,北海学園札幌,1023.58,1000.0,-9.79,北海道,北海道,5,4,1,0,0.8,23.0,13.0,10.0,2026-06-22,2026-07-14
801,牛久,1023.39,1000.0,-1.03,茨城,関東・東京,15,9,6,0,0.6,91.0,57.0,34.0,2025-04-19,2026-07-18
802,島田工,1023.38,1000.0,-1.42,静岡,東海,13,8,5,0,0.6154,63.0,47.0,16.0,2025-04-19,2026-07-18
803,清水桜が丘,1023.29,1000.0,-1.42,静岡,東海,16,9,7,0,0.5625,71.0,54.0,17.0,2025-04-19,2026-07-19
804,目白研心,1023.18,1000.0,2.37,東京,関東・東京,12,7,5,0,0.5833,92.0,52.0,40.0,2025-04-04,2026-07-15
805,下関商,1023.09,1000.0,-1.06,山口,中国,13,8,5,0,0.6154,73.0,85.0,-12.0,2025-04-12,2026-07-18
806,大産大附,1023.01,1000.0,8.38,大阪,近畿,8,4,4,0,0.5,76.0,26.0,50.0,2025-04-20,2026-07-12
807,長崎工,1022.99,1000.0,-0.81,長崎,九州,12,7,5,0,0.5833,47.0,44.0,3.0,2025-03-29,2026-07-20
808,武田,1022.97,1000.0,-6.32,島根,中国,20,12,8,0,0.6,109.0,84.0,25.0,2025-04-19,2026-07-15
809,鷺宮・農大一・光丘・芦花,1022.87,1000.0,2.37,東京,関東・東京,4,3,1,0,0.75,28.0,13.0,15.0,2026-03-15,2026-04-05
810,札幌龍谷,1022.86,1000.0,-9.79,北海道,北海道,13,8,5,0,0.6154,72.0,54.0,18.0,2025-05-26,2026-07-08
811,羽咋工,1022.82,1000.0,6.19,石川,北信越,11,6,5,0,0.5455,59.0,51.0,8.0,2025-04-27,2026-07-18
812,秀岳館,1022.78,1000.0,-4.28,熊本,九州,12,7,5,0,0.5833,65.0,42.0,23.0,2025-03-22,2026-07-20
813,飯能,1022.76,1000.0,-0.08,埼玉,関東・東京,13,8,5,0,0.6154,103.0,56.0,47.0,2025-04-24,2026-07-18
814,敬愛学園,1022.67,1000.0,0.63,千葉,関東・東京,14,8,6,0,0.5714,69.0,56.0,13.0,2025-04-19,2026-07-12
815,調布南,1022.59,1000.0,2.37,東京,関東・東京,12,7,5,0,0.5833,105.0,49.0,56.0,2025-04-04,2026-07-14
816,日進西,1022.52,1000.0,2.72,愛知,東海,18,10,8,0,0.5556,118.0,109.0,9.0,2025-04-12,2026-07-11
817,横須賀,1022.38,1000.0,2.72,愛知,東海,35,19,16,0,0.5429,227.0,192.0,35.0,2025-04-12,2026-07-18
818,玉野光南,1022.35,1000.0,-7.46,鳥取,中国,18,11,7,0,0.6111,72.0,58.0,14.0,2025-04-27,2026-07-19
819,昭和学院,1022.24,1000.0,0.63,千葉,関東・東京,13,8,5,0,0.6154,101.0,64.0,37.0,2025-04-19,2026-07-14
820,安房,1022.18,1000.0,0.63,千葉,関東・東京,14,8,6,0,0.5714,68.0,64.0,4.0,2025-04-19,2026-07-20
821,福島,1022.08,1000.0,-1.38,福島,東北,31,17,14,0,0.5484,154.0,173.0,-19.0,2025-03-22,2026-07-14
822,草加西,1022.0,1000.0,-0.08,埼玉,関東・東京,13,8,5,0,0.6154,82.0,56.0,26.0,2025-04-24,2026-07-15
823,瓊浦,1021.87,1000.0,-0.81,長崎,九州,12,7,5,0,0.5833,41.0,30.0,11.0,2025-03-29,2026-07-11
824,明善,1021.77,1000.0,2.09,福岡,九州,11,6,5,0,0.5455,60.0,48.0,12.0,2025-03-22,2026-07-16
825,八戸工大二,1021.72,1000.0,4.16,青森,東北,11,6,5,0,0.5455,62.0,44.0,18.0,2025-05-11,2026-07-15
826,広島県工,1021.7,1000.0,-6.32,島根,中国,8,6,2,0,0.75,55.0,24.0,31.0,2025-04-19,2026-03-28
827,御所実業,1021.69,1000.0,3.92,奈良,近畿,12,7,5,0,0.5833,60.0,53.0,7.0,2025-04-20,2026-07-23
828,鵬翔,1021.69,1000.0,-7.87,宮崎,九州,13,8,5,0,0.6154,74.0,53.0,21.0,2025-03-21,2026-07-13
829,横須賀工,1021.59,1000.0,4.44,神奈川,関東・東京,5,3,2,0,0.6,57.0,32.0,25.0,2025-07-10,2026-07-14
830,同志社香里,1021.57,1000.0,8.38,大阪,近畿,11,6,5,0,0.5455,73.0,41.0,32.0,2025-04-20,2026-07-18
831,麗澤瑞浪,1021.54,1000.0,-2.62,岐阜,東海,20,11,9,0,0.55,100.0,76.0,24.0,2025-04-12,2026-07-20
832,十日町,1021.51,1000.0,-5.27,新潟,北信越,12,7,5,0,0.5833,60.0,22.0,38.0,2025-04-28,2026-07-16
833,市ヶ尾,1021.48,1000.0,4.44,神奈川,関東・東京,6,4,2,0,0.6667,30.0,22.0,8.0,2025-04-05,2026-04-05
834,折尾愛真,1021.44,1000.0,2.09,福岡,九州,11,6,5,0,0.5455,71.0,41.0,30.0,2025-03-25,2026-07-16
835,府中工科,1021.44,1000.0,2.37,東京,関東・東京,10,6,4,0,0.6,52.0,42.0,10.0,2025-04-05,2026-07-14
836,清水東,1021.36,1000.0,-1.42,静岡,東海,16,9,7,0,0.5625,72.0,47.0,25.0,2025-04-19,2026-07-18
837,武庫荘総合,1021.24,1000.0,0.49,兵庫,近畿,13,8,5,0,0.6154,65.0,41.0,24.0,2025-04-19,2026-07-18
838,磐城,1021.17,1000.0,-1.38,福島,東北,17,10,7,0,0.5882,66.0,52.0,14.0,2025-05-16,2026-07-11
839,富士見,1021.12,1000.0,-0.08,埼玉,関東・東京,14,9,5,0,0.6429,87.0,80.0,7.0,2025-04-24,2026-07-18
840,茨木,1020.97,1000.0,8.38,大阪,近畿,11,6,5,0,0.5455,52.0,50.0,2.0,2025-04-12,2026-07-20
841,早鞆,1020.92,1000.0,-1.06,山口,中国,12,7,5,0,0.5833,74.0,58.0,16.0,2025-04-12,2026-07-21
842,明大世田谷,1020.85,1000.0,2.37,東京,関東・東京,5,3,2,0,0.6,37.0,21.0,16.0,2026-04-02,2026-07-19
843,城東工科,1020.81,1000.0,8.38,大阪,近畿,3,2,1,0,0.6667,21.0,15.0,6.0,2025-04-12,2025-05-03
844,川崎北,1020.81,1000.0,4.44,神奈川,関東・東京,7,4,3,0,0.5714,49.0,29.0,20.0,2025-07-11,2026-07-10
845,小倉,1020.77,1000.0,2.09,福岡,九州,11,6,5,0,0.5455,46.0,50.0,-4.0,2025-03-23,2026-07-21
846,堺,1020.77,1000.0,8.38,大阪,近畿,1,1,0,0,1.0,10.0,0.0,10.0,2025-07-13,2025-07-13
847,大分雄城台,1020.75,1000.0,2.65,大分,九州,11,6,5,0,0.5455,54.0,37.0,17.0,2025-03-28,2026-07-15
848,小牧,1020.71,1000.0,2.72,愛知,東海,17,9,8,0,0.5294,146.0,101.0,45.0,2025-04-12,2026-07-12
849,埼玉平成,1020.65,1000.0,-0.08,埼玉,関東・東京,11,6,5,0,0.5455,69.0,36.0,33.0,2025-04-24,2026-07-08
850,羽黒,1020.63,1000.0,-6.25,秋田,東北,17,9,8,0,0.5294,103.0,68.0,35.0,2025-05-10,2026-07-14
851,東農大三,1020.61,1000.0,-0.08,埼玉,関東・東京,12,7,5,0,0.5833,62.0,36.0,26.0,2025-04-24,2026-07-18
852,浜松日体,1020.54,1000.0,-1.42,静岡,東海,21,12,9,0,0.5714,81.0,72.0,9.0,2025-04-19,2026-07-12
853,東海大市原望洋,1020.53,1000.0,0.63,千葉,関東・東京,12,7,5,0,0.5833,99.0,43.0,56.0,2025-04-20,2026-07-11
854,工大高,1020.49,1000.0,-6.32,島根,中国,10,7,3,0,0.7,65.0,30.0,35.0,2025-04-19,2026-04-19
855,龍谷,1020.41,1000.0,-9.64,佐賀,九州,17,11,6,0,0.6471,68.0,65.0,3.0,2025-03-20,2026-07-21
856,大島,1020.33,1000.0,1.49,鹿児島,九州,13,7,6,0,0.5385,58.0,44.0,14.0,2025-03-22,2026-07-19
857,須恵,1020.31,1000.0,2.09,福岡,九州,12,7,5,0,0.5833,74.0,51.0,23.0,2025-03-23,2026-07-16
858,宮崎一,1020.26,1000.0,-7.87,宮崎,九州,12,7,5,0,0.5833,81.0,46.0,35.0,2025-03-20,2026-07-16
859,石巻工,1020.25,1000.0,-1.84,山形,東北,17,10,7,0,0.5882,79.0,55.0,24.0,2025-05-16,2026-07-18
860,安中総合,1020.22,1000.0,3.22,群馬,関東・東京,11,6,5,0,0.5455,54.0,43.0,11.0,2025-04-15,2026-07-20
861,千葉英和,1020.13,1000.0,0.63,千葉,関東・東京,13,8,5,0,0.6154,100.0,57.0,43.0,2025-04-19,2026-07-12
862,尚志,1020.09,1000.0,-1.38,福島,東北,16,9,7,0,0.5625,75.0,79.0,-4.0,2025-05-16,2026-07-23
863,美濃加茂,1020.07,1000.0,-2.62,岐阜,東海,19,12,7,0,0.6316,77.0,44.0,33.0,2025-04-12,2026-07-05
864,明星,1019.94,1000.0,2.37,東京,関東・東京,21,12,9,0,0.5714,93.0,94.0,-1.0,2025-04-04,2026-07-17
865,明和,1019.92,1000.0,2.72,愛知,東海,18,10,8,0,0.5556,96.0,82.0,14.0,2025-04-12,2026-07-11
866,姫路工,1019.84,1000.0,0.49,兵庫,近畿,12,8,4,0,0.6667,38.0,28.0,10.0,2025-04-19,2026-07-16
867,日田林工,1019.8,1000.0,2.65,大分,九州,11,6,5,0,0.5455,49.0,30.0,19.0,2025-03-25,2026-07-08
868,只見,1019.67,1000.0,-1.38,福島,東北,18,10,8,0,0.5556,97.0,72.0,25.0,2025-05-16,2026-07-14
869,北山,1019.66,1000.0,1.73,沖縄,九州,11,6,5,0,0.5455,50.0,49.0,1.0,2025-03-24,2026-07-18
870,鳳,1019.64,1000.0,8.38,大阪,近畿,3,2,1,0,0.6667,20.0,13.0,7.0,2026-07-11,2026-07-17
871,梼原,1019.61,1000.0,3.76,高知,四国,11,6,5,0,0.5455,58.0,45.0,13.0,2025-03-21,2026-07-21
872,学館船橋,1019.6,1000.0,0.63,千葉,関東・東京,13,8,5,0,0.6154,74.0,48.0,26.0,2025-04-19,2026-04-18
873,館林,1019.57,1000.0,3.22,群馬,関東・東京,11,6,5,0,0.5455,57.0,43.0,14.0,2025-04-12,2026-07-13
874,会津工,1019.42,1000.0,-1.38,福島,東北,8,5,3,0,0.625,49.0,40.0,9.0,2025-05-18,2026-07-18
875,野沢北,1019.35,1000.0,-4.39,長野,北信越,12,7,5,0,0.5833,75.0,62.0,13.0,2025-05-10,2026-07-15
876,札幌山の手,1019.34,1000.0,-9.79,北海道,北海道,12,7,5,0,0.5833,85.0,53.0,32.0,2025-05-26,2026-06-29
877,城東工科・東大阪みらい工科,1019.33,1000.0,8.38,大阪,近畿,9,5,4,0,0.5556,55.0,41.0,14.0,2025-07-11,2026-07-12
878,慶應志木,1019.28,1000.0,-0.08,埼玉,関東・東京,7,5,2,0,0.7143,53.0,34.0,19.0,2025-07-13,2026-07-11
879,網走南ヶ丘,1019.24,1000.0,-9.79,北海道,北海道,7,5,2,0,0.7143,67.0,35.0,32.0,2026-05-10,2026-07-07
880,三木,1019.22,1000.0,0.49,兵庫,近畿,21,12,9,0,0.5714,96.0,61.0,35.0,2025-03-22,2026-07-18
881,香寺,1018.96,1000.0,0.49,兵庫,近畿,12,7,5,0,0.5833,41.0,30.0,11.0,2025-04-19,2026-07-16
882,熊本国府,1018.87,1000.0,-4.28,熊本,九州,11,6,5,0,0.5455,71.0,28.0,43.0,2025-03-25,2026-07-17
883,熊本商,1018.78,1000.0,-4.28,熊本,九州,11,6,5,0,0.5455,83.0,42.0,41.0,2025-03-26,2026-07-14
884,枕崎,1018.77,1000.0,1.49,鹿児島,九州,12,7,5,0,0.5833,64.0,44.0,20.0,2025-03-22,2026-07-13
885,近大福岡,1018.71,1000.0,2.09,福岡,九州,9,5,4,0,0.5556,41.0,32.0,9.0,2025-07-10,2026-07-17
886,桑名西,1018.66,1000.0,-4.97,三重,東海,14,8,6,0,0.5714,89.0,56.0,33.0,2025-04-12,2026-07-18
887,桜宮,1018.63,1000.0,8.38,大阪,近畿,10,5,5,0,0.5,31.0,37.0,-6.0,2025-04-20,2026-07-19
888,横須賀学院,1018.47,1000.0,4.44,神奈川,関東・東京,11,6,5,0,0.5455,58.0,44.0,14.0,2025-04-05,2026-07-14
889,碧南,1018.39,1000.0,2.72,愛知,東海,15,8,7,0,0.5333,104.0,79.0,25.0,2025-04-12,2026-07-19
890,浜松学院興誠,1018.34,1000.0,-1.42,静岡,東海,13,7,6,0,0.5385,64.0,52.0,12.0,2025-07-05,2026-07-21
891,前原,1018.34,1000.0,1.73,沖縄,九州,12,7,5,0,0.5833,45.0,41.0,4.0,2025-03-20,2026-06-23
892,星野,1018.28,1000.0,-0.08,埼玉,関東・東京,12,7,5,0,0.5833,74.0,44.0,30.0,2025-04-24,2026-07-14
893,姫路西,1018.27,1000.0,0.49,兵庫,近畿,15,9,6,0,0.6,81.0,43.0,38.0,2025-04-19,2026-07-15
894,秋田工,1018.15,1000.0,0.62,岩手,東北,10,6,4,0,0.6,53.0,33.0,20.0,2025-05-13,2026-07-13
895,京都精華,1018.14,1000.0,2.25,京都,近畿,9,5,4,0,0.5556,59.0,47.0,12.0,2025-04-19,2026-07-16
896,浦河,1018.11,1000.0,-9.79,北海道,北海道,13,8,5,0,0.6154,68.0,49.0,19.0,2025-05-26,2026-06-23
897,盛岡四,1018.09,1000.0,3.8,宮城,東北,18,10,8,0,0.5556,69.0,88.0,-19.0,2025-05-16,2026-07-09
898,酒田光陵,1018.09,1000.0,-6.25,秋田,東北,14,8,6,0,0.5714,77.0,70.0,7.0,2025-05-10,2026-07-19
899,北見柏陽,1018.05,1000.0,-9.79,北海道,北海道,13,8,5,0,0.6154,120.0,70.0,50.0,2025-05-26,2026-07-07
900,学芸館,1017.9,1000.0,-7.46,鳥取,中国,3,3,0,0,1.0,52.0,1.0,51.0,2025-09-20,2026-04-18
901,都市大高,1017.84,1000.0,2.37,東京,関東・東京,10,6,4,0,0.6,59.0,64.0,-5.0,2025-04-05,2026-07-18
902,岱志,1017.83,1000.0,-4.28,熊本,九州,12,7,5,0,0.5833,43.0,49.0,-6.0,2025-03-26,2026-07-19
903,東大和南,1017.82,1000.0,2.37,東京,関東・東京,11,6,5,0,0.5455,83.0,73.0,10.0,2025-04-04,2026-07-13
904,華陵,1017.79,1000.0,-1.06,山口,中国,12,7,5,0,0.5833,38.0,33.0,5.0,2025-04-20,2026-07-21
905,静岡市立,1017.79,1000.0,-1.42,静岡,東海,16,9,7,0,0.5625,88.0,47.0,41.0,2025-04-19,2026-07-18
906,栃木商,1017.75,1000.0,-2.36,栃木,関東・東京,12,7,5,0,0.5833,60.0,61.0,-1.0,2025-04-12,2026-07-19
907,葛飾野,1017.73,1000.0,2.37,東京,関東・東京,12,7,5,0,0.5833,74.0,46.0,28.0,2025-04-04,2026-07-15
908,岐阜工,1017.7,1000.0,-2.62,岐阜,東海,18,11,7,0,0.6111,83.0,62.0,21.0,2025-04-12,2026-07-05
909,八代工,1017.54,1000.0,-4.28,熊本,九州,12,7,5,0,0.5833,50.0,47.0,3.0,2025-03-20,2026-07-16
910,取手松陽,1017.36,1000.0,-1.03,茨城,関東・東京,14,8,6,0,0.5714,65.0,29.0,36.0,2025-04-19,2026-07-11
911,ふたば未来学園,1017.35,1000.0,-1.38,福島,東北,5,4,1,0,0.8,43.0,15.0,28.0,2025-05-16,2026-04-28
912,成東,1017.28,1000.0,0.63,千葉,関東・東京,14,8,6,0,0.5714,88.0,47.0,41.0,2025-04-19,2026-07-15
913,諫早農,1017.19,1000.0,-0.81,長崎,九州,11,6,5,0,0.5455,67.0,49.0,18.0,2025-03-29,2026-07-18
914,三沢商業,1017.19,1000.0,4.16,青森,東北,10,5,5,0,0.5,54.0,43.0,11.0,2025-05-11,2026-07-17
915,香椎工業,1017.17,1000.0,2.09,福岡,九州,9,5,4,0,0.5556,62.0,46.0,16.0,2025-03-20,2026-07-16
916,就実,1017.08,1000.0,-7.46,鳥取,中国,15,9,6,0,0.6,78.0,49.0,29.0,2025-04-26,2026-07-18
917,松江北,1017.02,1000.0,5.45,広島,中国,11,6,5,0,0.5455,59.0,71.0,-12.0,2025-04-19,2026-07-22
918,鹿沼,1017.01,1000.0,-2.36,栃木,関東・東京,11,6,5,0,0.5455,63.0,47.0,16.0,2025-04-19,2026-07-18
919,伊志田,1016.94,1000.0,4.44,神奈川,関東・東京,11,6,5,0,0.5455,60.0,58.0,2.0,2025-04-05,2026-07-16
920,綾瀬,1016.92,1000.0,4.44,神奈川,関東・東京,7,4,3,0,0.5714,45.0,23.0,22.0,2025-07-10,2026-07-13
921,岡崎城西,1016.9,1000.0,2.72,愛知,東海,17,9,8,0,0.5294,91.0,71.0,20.0,2025-04-12,2026-07-12
922,鹿児島工,1016.81,1000.0,1.49,鹿児島,九州,14,8,6,0,0.5714,80.0,67.0,13.0,2025-03-24,2026-07-11
923,九産大九産,1016.8,1000.0,2.09,福岡,九州,11,6,5,0,0.5455,51.0,36.0,15.0,2025-03-24,2026-07-11
924,懐風館,1016.78,1000.0,8.38,大阪,近畿,9,5,4,0,0.5556,33.0,55.0,-22.0,2025-04-27,2026-07-12
925,学法福島,1016.73,1000.0,-1.38,福島,東北,18,10,8,0,0.5556,78.0,70.0,8.0,2025-05-16,2026-07-14
926,栃木,1016.64,1000.0,-2.36,栃木,関東・東京,11,6,5,0,0.5455,85.0,29.0,56.0,2025-04-20,2026-07-19
927,成瀬,1016.54,1000.0,2.37,東京,関東・東京,13,8,5,0,0.6154,81.0,78.0,3.0,2025-04-04,2026-07-13
928,古賀竟成館,1016.52,1000.0,2.09,福岡,九州,9,5,4,0,0.5556,47.0,33.0,14.0,2025-03-21,2026-07-13
929,宇都宮商,1016.49,1000.0,-2.36,栃木,関東・東京,11,6,5,0,0.5455,65.0,50.0,15.0,2025-04-12,2026-07-18
930,青森南,1016.49,1000.0,4.16,青森,東北,11,6,5,0,0.5455,61.0,54.0,7.0,2025-05-09,2026-07-15
931,安積黎明,1016.33,1000.0,-1.38,福島,東北,20,11,9,0,0.55,110.0,111.0,-1.0,2025-05-16,2026-07-20
932,網走南ケ丘,1016.23,1000.0,-9.79,北海道,北海道,8,5,3,0,0.625,37.0,21.0,16.0,2025-05-26,2025-10-12
933,大東大一,1016.19,1000.0,2.37,東京,関東・東京,9,5,4,0,0.5556,50.0,53.0,-3.0,2025-07-13,2026-07-15
934,朋優学院,1016.16,1000.0,2.37,東京,関東・東京,12,7,5,0,0.5833,72.0,60.0,12.0,2025-04-06,2026-07-14
935,岡崎工科,1016.03,1000.0,2.72,愛知,東海,21,12,9,0,0.5714,130.0,79.0,51.0,2025-04-12,2026-07-07
936,鎮西,1015.97,1000.0,-4.28,熊本,九州,12,7,5,0,0.5833,45.0,37.0,8.0,2025-03-22,2026-07-09
937,那覇商,1015.91,1000.0,1.73,沖縄,九州,11,6,5,0,0.5455,48.0,51.0,-3.0,2025-03-22,2026-07-05
938,戸畑工業,1015.9,1000.0,2.09,福岡,九州,7,4,3,0,0.5714,44.0,43.0,1.0,2025-03-20,2026-07-12
939,細田学園,1015.88,1000.0,-0.08,埼玉,関東・東京,11,6,5,0,0.5455,76.0,30.0,46.0,2025-04-24,2026-07-14
940,日本学園,1015.87,1000.0,2.37,東京,関東・東京,7,4,3,0,0.5714,51.0,28.0,23.0,2025-04-04,2026-03-20
941,浜松城北工,1015.85,1000.0,-1.42,静岡,東海,10,6,4,0,0.6,53.0,26.0,27.0,2025-04-19,2026-03-20
942,検見川,1015.76,1000.0,0.63,千葉,関東・東京,10,6,4,0,0.6,56.0,40.0,16.0,2025-04-19,2026-07-14
943,生駒,1015.61,1000.0,3.92,奈良,近畿,10,5,5,0,0.5,49.0,37.0,12.0,2025-04-19,2026-07-22
944,高崎東,1015.6,1000.0,3.22,群馬,関東・東京,11,6,5,0,0.5455,41.0,40.0,1.0,2025-04-15,2026-07-12
945,岩美,1015.5,1000.0,1.62,岡山,中国,12,7,5,0,0.5833,56.0,56.0,0.0,2025-04-19,2026-07-16
946,旭丘,1015.3,1000.0,2.72,愛知,東海,30,16,14,0,0.5333,158.0,153.0,5.0,2025-04-05,2026-07-13
947,倉吉北,1015.28,1000.0,1.62,岡山,中国,9,5,4,0,0.5556,57.0,41.0,16.0,2025-04-19,2026-07-17
948,熊本北,1015.27,1000.0,-4.28,熊本,九州,12,7,5,0,0.5833,67.0,60.0,7.0,2025-03-23,2026-07-17
949,開新,1015.24,1000.0,-4.28,熊本,九州,11,6,5,0,0.5455,51.0,35.0,16.0,2025-03-23,2026-07-16
950,守谷,1015.12,1000.0,-1.03,茨城,関東・東京,13,8,5,0,0.6154,59.0,59.0,0.0,2025-04-19,2026-07-15
951,狭山ヶ丘,1015.12,1000.0,-0.08,埼玉,関東・東京,11,6,5,0,0.5455,72.0,42.0,30.0,2025-04-26,2026-07-09
952,坂戸,1014.98,1000.0,-0.08,埼玉,関東・東京,12,7,5,0,0.5833,92.0,54.0,38.0,2025-04-26,2026-07-14
953,花巻南,1014.9,1000.0,3.8,宮城,東北,20,12,8,0,0.6,108.0,98.0,10.0,2025-05-16,2026-07-09
954,大野,1014.81,1000.0,1.72,福井,北信越,11,6,5,0,0.5455,57.0,42.0,15.0,2025-04-26,2026-07-20
955,中大附,1014.79,1000.0,2.37,東京,関東・東京,7,4,3,0,0.5714,45.0,24.0,21.0,2025-04-04,2026-07-13
956,日高中津,1014.78,1000.0,0.99,和歌山,近畿,10,5,5,0,0.5,49.0,30.0,19.0,2025-04-12,2026-07-18
957,出雲,1014.78,1000.0,5.45,広島,中国,12,7,5,0,0.5833,60.0,64.0,-4.0,2025-04-20,2026-07-11
958,青洲,1014.76,1000.0,-0.05,山梨,関東・東京,11,6,5,0,0.5455,52.0,42.0,10.0,2025-04-15,2026-07-18
959,伊丹北,1014.76,1000.0,0.49,兵庫,近畿,14,8,6,0,0.5714,72.0,78.0,-6.0,2025-04-19,2026-07-11
960,近大泉州,1014.73,1000.0,8.38,大阪,近畿,10,5,5,0,0.5,43.0,31.0,12.0,2025-04-06,2026-07-16
961,紋別,1014.7,1000.0,-9.79,北海道,北海道,13,7,6,0,0.5385,70.0,49.0,21.0,2025-05-26,2026-07-12
962,中津東,1014.61,1000.0,2.65,大分,九州,11,6,5,0,0.5455,64.0,45.0,19.0,2025-03-23,2026-07-17
963,富士東,1014.59,1000.0,-1.42,静岡,東海,14,8,6,0,0.5714,62.0,65.0,-3.0,2025-04-19,2026-07-19
964,岡山理大附,1014.57,1000.0,-7.46,鳥取,中国,13,7,6,0,0.5385,57.0,46.0,11.0,2025-04-26,2026-07-22
965,大阪ビジネスフロンティア,1014.44,1000.0,8.38,大阪,近畿,4,2,2,0,0.5,24.0,13.0,11.0,2025-07-13,2026-07-18
966,海田,1014.39,1000.0,-6.32,島根,中国,13,8,5,0,0.6154,121.0,42.0,79.0,2025-04-19,2026-07-15
967,高稜,1014.35,1000.0,2.09,福岡,九州,12,7,5,0,0.5833,68.0,64.0,4.0,2025-03-20,2026-07-08
968,浜松工,1014.34,1000.0,-1.42,静岡,東海,11,7,4,0,0.6364,56.0,30.0,26.0,2025-04-19,2026-03-29
969,四日市,1014.32,1000.0,-4.97,三重,東海,18,9,9,0,0.5,125.0,102.0,23.0,2025-04-12,2026-07-21
970,柏井,1014.27,1000.0,0.63,千葉,関東・東京,15,9,6,0,0.6,80.0,71.0,9.0,2025-04-19,2026-07-18
971,国分中央,1014.08,1000.0,1.49,鹿児島,九州,11,6,5,0,0.5455,34.0,43.0,-9.0,2025-03-26,2026-07-20
972,法隆寺国際,1014.06,1000.0,3.92,奈良,近畿,10,5,5,0,0.5,60.0,35.0,25.0,2025-04-13,2026-07-21
973,木造,1014.04,1000.0,4.16,青森,東北,11,6,5,0,0.5455,62.0,68.0,-6.0,2025-05-09,2026-07-14
974,前橋工,1013.98,1000.0,3.22,群馬,関東・東京,12,7,5,0,0.5833,62.0,76.0,-14.0,2025-04-15,2026-07-19
975,船橋,1013.98,1000.0,0.63,千葉,関東・東京,12,6,6,0,0.5,76.0,53.0,23.0,2025-04-19,2026-07-18
976,小倉東,1013.97,1000.0,2.09,福岡,九州,11,6,5,0,0.5455,42.0,45.0,-3.0,2025-03-22,2026-07-11
977,本庄一,1013.95,1000.0,-0.08,埼玉,関東・東京,12,7,5,0,0.5833,68.0,54.0,14.0,2025-04-24,2026-07-15
978,丸亀城西,1013.9,1000.0,-4.3,徳島,四国,11,6,5,0,0.5455,62.0,35.0,27.0,2025-03-22,2026-07-19
979,津東,1013.81,1000.0,-4.97,三重,東海,17,9,8,0,0.5294,111.0,86.0,25.0,2025-04-12,2026-07-18
980,砂川美唄尚栄,1013.8,1000.0,-9.79,北海道,北海道,2,2,0,0,1.0,20.0,0.0,20.0,2025-05-26,2025-05-26
981,近大福岡7),1013.72,1000.0,2.09,福岡,九州,1,1,0,0,1.0,7.0,0.0,7.0,2026-03-21,2026-03-21
982,土岐商,1013.72,1000.0,-2.62,岐阜,東海,18,11,7,0,0.6111,80.0,66.0,14.0,2025-04-12,2026-07-12
983,田無,1013.71,1000.0,2.37,東京,関東・東京,11,6,5,0,0.5455,60.0,59.0,1.0,2025-04-04,2026-07-13
984,飾磨工,1013.66,1000.0,0.49,兵庫,近畿,11,6,5,0,0.5455,66.0,40.0,26.0,2025-04-19,2026-07-16
985,函館中部,1013.64,1000.0,-9.79,北海道,北海道,12,7,5,0,0.5833,87.0,63.0,24.0,2025-05-26,2026-07-10
986,久留米高専・久留米筑水,1013.62,1000.0,2.09,福岡,九州,1,1,0,0,1.0,8.0,1.0,7.0,2025-03-22,2025-03-22
987,大船渡,1013.6,1000.0,3.8,宮城,東北,19,10,9,0,0.5263,91.0,70.0,21.0,2025-05-16,2026-07-18
988,鹿児島玉龍,1013.54,1000.0,1.49,鹿児島,九州,11,6,5,0,0.5455,68.0,45.0,23.0,2025-03-20,2026-07-09
989,北嵯峨,1013.49,1000.0,2.25,京都,近畿,11,6,5,0,0.5455,61.0,71.0,-10.0,2025-04-19,2026-07-08
990,帝京安積,1013.41,1000.0,-1.38,福島,東北,16,8,8,0,0.5,68.0,74.0,-6.0,2025-05-16,2026-07-18
991,宇和,1013.4,1000.0,-7.48,愛媛,四国,12,7,5,0,0.5833,62.0,53.0,9.0,2025-03-23,2026-07-18
992,緑峰・江南,1013.38,1000.0,3.8,宮城,東北,1,1,0,0,1.0,6.0,4.0,2.0,2025-07-10,2025-07-10
993,川西緑台,1013.36,1000.0,0.49,兵庫,近畿,12,6,6,0,0.5,54.0,37.0,17.0,2025-04-19,2026-07-18
994,高津,1013.32,1000.0,8.38,大阪,近畿,11,6,5,0,0.5455,54.0,65.0,-11.0,2025-04-06,2026-07-11
995,千里青雲,1013.28,1000.0,8.38,大阪,近畿,10,5,5,0,0.5,36.0,43.0,-7.0,2025-04-20,2026-07-15
996,九里学園,1013.26,1000.0,-6.25,秋田,東北,13,7,6,0,0.5385,62.0,44.0,18.0,2025-05-10,2026-07-18
997,知多翔洋,1013.16,1000.0,2.72,愛知,東海,22,12,10,0,0.5455,139.0,91.0,48.0,2025-04-12,2026-07-11
998,桜台,1013.15,1000.0,2.72,愛知,東海,17,9,8,0,0.5294,100.0,79.0,21.0,2025-04-12,2026-07-12
999,日大一,1013.14,1000.0,2.37,東京,関東・東京,12,7,5,0,0.5833,67.0,72.0,-5.0,2025-04-04,2026-07-06
1000,伊勢,1013.07,1000.0,-4.97,三重,東海,16,9,7,0,0.5625,79.0,91.0,-12.0,2025-04-12,2026-07-18
1001,船橋東,1013.07,1000.0,0.63,千葉,関東・東京,14,8,6,0,0.5714,68.0,46.0,22.0,2025-04-19,2026-07-14
1002,豊国学園,1013.07,1000.0,2.09,福岡,九州,11,6,5,0,0.5455,56.0,64.0,-8.0,2025-03-23,2026-07-16
1003,舞子,1013.06,1000.0,0.49,兵庫,近畿,13,7,6,0,0.5385,49.0,60.0,-11.0,2025-04-19,2026-07-11
1004,長崎南山,1013.04,1000.0,-0.81,長崎,九州,11,6,5,0,0.5455,52.0,35.0,17.0,2025-03-29,2026-07-18
1005,遠賀・築上西・水産,1013.02,1000.0,2.09,福岡,九州,1,1,0,0,1.0,8.0,3.0,5.0,2025-03-20,2025-03-20
1006,武蔵丘,1013.0,1000.0,2.37,東京,関東・東京,11,6,5,0,0.5455,79.0,46.0,33.0,2025-04-04,2026-07-16
1007,青州,1012.82,1000.0,-0.05,山梨,関東・東京,1,1,0,0,1.0,13.0,0.0,13.0,2025-07-13,2025-07-13
1008,夢野台,1012.8,1000.0,0.49,兵庫,近畿,11,6,5,0,0.5455,66.0,45.0,21.0,2025-04-19,2026-07-12
1009,立教池袋,1012.73,1000.0,2.37,東京,関東・東京,11,6,5,0,0.5455,80.0,68.0,12.0,2025-04-04,2026-07-13
1010,伊那弥生ヶ丘,1012.59,1000.0,-4.39,長野,北信越,12,7,5,0,0.5833,71.0,55.0,16.0,2025-05-10,2026-07-11
1011,東京成徳大高,1012.55,1000.0,2.37,東京,関東・東京,11,6,5,0,0.5455,51.0,41.0,10.0,2025-04-05,2026-07-13
1012,成蹊,1012.53,1000.0,2.37,東京,関東・東京,10,5,5,0,0.5,104.0,40.0,64.0,2025-04-04,2026-07-15
1013,敦賀,1012.37,1000.0,1.72,福井,北信越,11,6,5,0,0.5455,58.0,61.0,-3.0,2025-04-19,2026-07-23
1014,久喜北陽,1012.33,1000.0,-0.08,埼玉,関東・東京,12,7,5,0,0.5833,87.0,53.0,34.0,2025-04-24,2026-07-14
1015,日立一,1012.3,1000.0,-1.03,茨城,関東・東京,14,8,6,0,0.5714,68.0,40.0,28.0,2025-04-19,2026-07-15
1016,武岡台,1012.27,1000.0,1.49,鹿児島,九州,11,6,5,0,0.5455,39.0,35.0,4.0,2025-03-21,2026-07-18
1017,福井農林・奥越明成,1012.23,1000.0,1.72,福井,北信越,3,2,1,0,0.6667,12.0,17.0,-5.0,2026-07-11,2026-07-20
1018,平塚江南,1012.2,1000.0,4.44,神奈川,関東・東京,6,3,3,0,0.5,25.0,16.0,9.0,2025-07-10,2026-07-18
1019,米子北,1012.19,1000.0,1.62,岡山,中国,8,4,4,0,0.5,54.0,31.0,23.0,2025-04-21,2026-07-17
1020,真颯館,1012.1,1000.0,2.09,福岡,九州,11,6,5,0,0.5455,44.0,35.0,9.0,2025-03-23,2026-07-07
1021,窪川,1012.04,1000.0,3.76,高知,四国,3,2,1,0,0.6667,24.0,25.0,-1.0,2026-07-12,2026-07-20
1022,津名,1012.0,1000.0,0.49,兵庫,近畿,13,7,6,0,0.5385,49.0,45.0,4.0,2025-04-19,2026-07-16
1023,静清,1011.97,1000.0,-1.42,静岡,東海,18,10,8,0,0.5556,66.0,53.0,13.0,2025-04-19,2026-07-19
1024,藤枝東,1011.87,1000.0,-1.42,静岡,東海,18,10,8,0,0.5556,59.0,74.0,-15.0,2025-04-19,2026-07-18
1025,加治木,1011.85,1000.0,1.49,鹿児島,九州,11,6,5,0,0.5455,53.0,46.0,7.0,2025-03-24,2026-07-13
1026,柳井学園,1011.85,1000.0,-1.06,山口,中国,11,6,5,0,0.5455,45.0,40.0,5.0,2025-04-20,2026-07-18
1027,仙台城南,1011.75,1000.0,-1.84,山形,東北,15,8,7,0,0.5333,72.0,56.0,16.0,2025-05-16,2026-07-22
1028,千歳,1011.64,1000.0,-9.79,北海道,北海道,12,7,5,0,0.5833,55.0,44.0,11.0,2025-05-26,2026-06-24
1029,東葛飾,1011.62,1000.0,0.63,千葉,関東・東京,13,7,6,0,0.5385,82.0,63.0,19.0,2025-04-19,2026-07-18
1030,板野,1011.6,1000.0,-0.82,香川,四国,11,6,5,0,0.5455,49.0,35.0,14.0,2025-03-20,2026-07-25
1031,札幌国際,1011.58,1000.0,-9.79,北海道,北海道,4,3,1,0,0.75,39.0,25.0,14.0,2026-05-09,2026-05-17
1032,芦屋,1011.56,1000.0,0.49,兵庫,近畿,14,8,6,0,0.5714,71.0,55.0,16.0,2025-04-19,2026-07-14
1033,誠之館,1011.42,1000.0,-6.32,島根,中国,3,2,1,0,0.6667,21.0,5.0,16.0,2026-07-10,2026-07-19
1034,杵築,1011.39,1000.0,2.65,大分,九州,13,7,6,0,0.5385,42.0,56.0,-14.0,2025-03-28,2026-07-13
1035,東北学院榴ヶ岡,1011.37,1000.0,-1.84,山形,東北,6,4,2,0,0.6667,30.0,25.0,5.0,2025-05-16,2025-09-18
1036,飾磨工業,1011.34,1000.0,0.49,兵庫,近畿,3,2,1,0,0.6667,9.0,6.0,3.0,2025-09-13,2025-09-21
1037,磐田南,1011.33,1000.0,-1.42,静岡,東海,16,9,7,0,0.5625,87.0,52.0,35.0,2025-04-19,2026-07-05
1038,芝,1011.31,1000.0,2.37,東京,関東・東京,6,3,3,0,0.5,26.0,25.0,1.0,2025-07-06,2026-07-16
1039,太宰府,1011.31,1000.0,2.09,福岡,九州,11,6,5,0,0.5455,50.0,69.0,-19.0,2025-03-21,2026-07-14
1040,佐和,1011.26,1000.0,-1.03,茨城,関東・東京,13,7,6,0,0.5385,98.0,52.0,46.0,2025-04-19,2026-07-15
1041,青森工業,1011.17,1000.0,4.16,青森,東北,10,5,5,0,0.5,50.0,59.0,-9.0,2025-05-09,2026-07-13
1042,都城東,1011.15,1000.0,-7.87,宮崎,九州,4,3,1,0,0.75,12.0,6.0,6.0,2025-03-20,2025-03-31
1043,嵯峨野,1011.14,1000.0,2.25,京都,近畿,11,5,5,1,0.4545,56.0,52.0,4.0,2025-04-20,2026-07-19
1044,八戸,1011.1,1000.0,4.16,青森,東北,11,6,5,0,0.5455,60.0,47.0,13.0,2025-05-10,2026-07-14
1045,八代東,1011.08,1000.0,-4.28,熊本,九州,12,7,5,0,0.5833,65.0,42.0,23.0,2025-03-20,2026-07-11
1046,穎明館,1011.05,1000.0,2.37,東京,関東・東京,10,5,5,0,0.5,90.0,63.0,27.0,2025-04-04,2026-07-15
1047,大田,1011.04,1000.0,5.45,広島,中国,10,5,5,0,0.5,52.0,47.0,5.0,2025-04-19,2026-07-19
1048,磯子工,1010.99,1000.0,4.44,神奈川,関東・東京,7,4,3,0,0.5714,35.0,40.0,-5.0,2025-04-05,2026-07-16
1049,練馬,1010.98,1000.0,2.37,東京,関東・東京,8,4,4,0,0.5,33.0,27.0,6.0,2025-04-04,2026-07-16
1050,鈴鹿,1010.91,1000.0,-4.97,三重,東海,16,8,8,0,0.5,97.0,74.0,23.0,2025-04-12,2026-07-21
1051,青井・足立東・葛飾総合・農産・南葛飾,1010.87,1000.0,2.37,東京,関東・東京,1,1,0,0,1.0,7.0,6.0,1.0,2025-07-12,2025-07-12
1052,汎愛,1010.79,1000.0,8.38,大阪,近畿,10,5,5,0,0.5,33.0,66.0,-33.0,2025-04-20,2026-07-15
1053,済々黌,1010.78,1000.0,-4.28,熊本,九州,11,6,5,0,0.5455,53.0,39.0,14.0,2025-03-24,2026-07-17
1054,富士学苑,1010.71,1000.0,-0.05,山梨,関東・東京,11,6,5,0,0.5455,61.0,43.0,18.0,2025-04-12,2026-07-09
1055,小山西,1010.65,1000.0,-2.36,栃木,関東・東京,11,6,5,0,0.5455,69.0,50.0,19.0,2025-04-12,2026-07-11
1056,福山工業,1010.64,1000.0,-6.32,島根,中国,17,9,8,0,0.5294,104.0,72.0,32.0,2025-04-19,2026-07-11
1057,天王寺,1010.6,1000.0,8.38,大阪,近畿,10,5,5,0,0.5,45.0,61.0,-16.0,2025-04-26,2026-07-20
1058,益田清風,1010.58,1000.0,-2.62,岐阜,東海,18,10,8,0,0.5556,92.0,90.0,2.0,2025-04-12,2026-07-22
1059,嬉野,1010.56,1000.0,-9.64,佐賀,九州,11,6,5,0,0.5455,49.0,34.0,15.0,2025-03-21,2026-07-20
1060,八鹿,1010.54,1000.0,0.49,兵庫,近畿,11,6,5,0,0.5455,62.0,56.0,6.0,2025-04-19,2026-07-13
1061,大東大第一,1010.46,1000.0,2.37,東京,関東・東京,3,2,1,0,0.6667,10.0,13.0,-3.0,2025-04-07,2025-04-20
1062,稲沢緑風館・犬山総合・一宮商業,1010.42,1000.0,2.72,愛知,東海,1,1,0,0,1.0,12.0,3.0,9.0,2026-03-20,2026-03-20
1063,太田東,1010.39,1000.0,3.22,群馬,関東・東京,10,5,5,0,0.5,49.0,28.0,21.0,2025-04-15,2026-07-05
1064,那覇,1010.39,1000.0,1.73,沖縄,九州,11,6,5,0,0.5455,64.0,62.0,2.0,2025-03-20,2026-06-28
1065,島田樟誠,1010.33,1000.0,-1.42,静岡,東海,14,8,6,0,0.5714,58.0,39.0,19.0,2025-04-19,2026-07-18
1066,観音寺総合,1010.32,1000.0,-4.3,徳島,四国,11,6,5,0,0.5455,40.0,37.0,3.0,2025-03-22,2026-07-20
1067,金井,1010.22,1000.0,4.44,神奈川,関東・東京,11,6,5,0,0.5455,54.0,64.0,-10.0,2025-04-05,2026-07-14
1068,沖縄カトリック,1010.19,1000.0,1.73,沖縄,九州,3,2,1,0,0.6667,22.0,12.0,10.0,2026-03-20,2026-03-28
1069,竹台,1010.13,1000.0,2.37,東京,関東・東京,9,5,4,0,0.5556,56.0,50.0,6.0,2025-07-10,2026-07-15
1070,小松市立,1010.1,1000.0,6.19,石川,北信越,10,5,5,0,0.5,49.0,41.0,8.0,2025-04-19,2026-07-14
1071,大産大付,1010.07,1000.0,8.38,大阪,近畿,2,1,1,0,0.5,6.0,6.0,0.0,2026-04-19,2026-04-26
1072,大館鳳鳴,1010.06,1000.0,0.62,岩手,東北,13,7,6,0,0.5385,64.0,57.0,7.0,2025-05-14,2026-07-10
1073,浜名,1009.98,1000.0,-1.42,静岡,東海,13,7,6,0,0.5385,68.0,55.0,13.0,2025-04-19,2026-07-12
1074,鎌倉,1009.92,1000.0,4.44,神奈川,関東・東京,6,3,3,0,0.5,34.0,28.0,6.0,2025-07-12,2026-07-14
1075,姫路東,1009.9,1000.0,0.49,兵庫,近畿,13,8,5,0,0.6154,59.0,31.0,28.0,2025-04-19,2026-07-10
1076,神埼清明,1009.85,1000.0,-9.64,佐賀,九州,13,8,5,0,0.6154,59.0,57.0,2.0,2025-03-22,2026-07-14
1077,流山,1009.82,1000.0,0.63,千葉,関東・東京,12,6,6,0,0.5,57.0,59.0,-2.0,2025-04-19,2026-07-18
1078,姫路南・網干,1009.81,1000.0,0.49,兵庫,近畿,7,4,3,0,0.5714,42.0,18.0,24.0,2025-09-13,2026-07-12
1079,杉並,1009.69,1000.0,2.37,東京,関東・東京,12,7,5,0,0.5833,52.0,49.0,3.0,2025-04-04,2026-07-10
1080,伊具・名取・仙台工,1009.66,1000.0,-1.84,山形,東北,2,2,0,0,1.0,14.0,10.0,4.0,2025-05-16,2025-05-16
1081,北中城,1009.66,1000.0,1.73,沖縄,九州,10,5,5,0,0.5,52.0,31.0,21.0,2025-03-23,2026-06-23
1082,拓大一,1009.61,1000.0,2.37,東京,関東・東京,8,4,4,0,0.5,58.0,36.0,22.0,2025-04-05,2026-07-11
1083,豊丘,1009.56,1000.0,2.72,愛知,東海,22,12,10,0,0.5455,136.0,97.0,39.0,2025-04-12,2026-06-28
1084,明学東村山,1009.53,1000.0,2.37,東京,関東・東京,10,5,5,0,0.5,54.0,42.0,12.0,2025-04-04,2026-07-12
1085,豊岡総合,1009.53,1000.0,0.49,兵庫,近畿,15,9,6,0,0.6,74.0,65.0,9.0,2025-04-19,2026-07-10
1086,膳所,1009.51,1000.0,-0.81,滋賀,近畿,11,6,5,0,0.5455,48.0,50.0,-2.0,2025-04-19,2026-07-11
1087,必由館,1009.51,1000.0,-4.28,熊本,九州,11,6,5,0,0.5455,44.0,26.0,18.0,2025-03-25,2026-07-16
1088,白鴎大足利,1009.34,1000.0,-2.36,栃木,関東・東京,1,1,0,0,1.0,7.0,0.0,7.0,2025-07-11,2025-07-11
1089,有教館,1009.34,1000.0,2.72,愛知,東海,15,8,7,0,0.5333,55.0,59.0,-4.0,2025-04-12,2026-03-30
1090,島田商業,1009.33,1000.0,-1.42,静岡,東海,3,2,1,0,0.6667,23.0,17.0,6.0,2025-07-06,2026-07-12
1091,西宮東,1009.3,1000.0,0.49,兵庫,近畿,13,7,6,0,0.5385,54.0,39.0,15.0,2025-04-19,2026-07-18
1092,名経大高蔵,1009.27,1000.0,2.72,愛知,東海,18,10,8,0,0.5556,108.0,83.0,25.0,2025-04-12,2026-07-04
1093,南会津,1009.26,1000.0,-1.38,福島,東北,17,10,7,0,0.5882,86.0,94.0,-8.0,2025-05-16,2026-07-11
1094,武南,1009.23,1000.0,-0.08,埼玉,関東・東京,11,6,5,0,0.5455,49.0,57.0,-8.0,2025-04-24,2026-07-18
1095,笠岡商業,1009.21,1000.0,-7.46,鳥取,中国,9,5,4,0,0.5556,34.0,28.0,6.0,2025-07-13,2026-07-22
1096,一関二,1009.21,1000.0,3.8,宮城,東北,18,9,9,0,0.5,108.0,79.0,29.0,2025-05-16,2026-07-16
1097,米子松蔭,1009.16,1000.0,1.62,岡山,中国,12,6,6,0,0.5,48.0,43.0,5.0,2025-04-20,2026-07-18
1098,惺山,1009.08,1000.0,-6.25,秋田,東北,13,8,5,0,0.6154,68.0,59.0,9.0,2025-05-11,2026-07-13
1099,新湊,1009.04,1000.0,-10.7,富山,北信越,15,8,7,0,0.5333,91.0,75.0,16.0,2025-04-19,2026-07-20
1100,日本ウェルネス宮城,1009.02,1000.0,-1.84,山形,東北,10,5,5,0,0.5,51.0,45.0,6.0,2025-05-16,2026-07-18
1101,学園札幌,1008.92,1000.0,-9.79,北海道,北海道,10,6,4,0,0.6,99.0,39.0,60.0,2025-05-26,2026-05-13
1102,半田東(タイブレーク方式),1008.77,1000.0,2.72,愛知,東海,1,1,0,0,1.0,2.0,0.0,2.0,2025-09-13,2025-09-13
1103,立川,1008.72,1000.0,2.37,東京,関東・東京,10,5,5,0,0.5,85.0,46.0,39.0,2025-04-04,2026-07-13
1104,楊志館,1008.71,1000.0,2.65,大分,九州,10,5,5,0,0.5,48.0,35.0,13.0,2025-03-28,2026-07-13
1105,倉敷工,1008.61,1000.0,-7.46,鳥取,中国,15,8,7,0,0.5333,73.0,64.0,9.0,2025-04-27,2026-07-23
1106,北須磨,1008.61,1000.0,0.49,兵庫,近畿,12,6,6,0,0.5,107.0,41.0,66.0,2025-04-19,2026-07-14
1107,種子島・屋久島,1008.59,1000.0,1.49,鹿児島,九州,3,2,1,0,0.6667,12.0,14.0,-2.0,2025-03-23,2025-03-30
1108,高知農,1008.5,1000.0,3.76,高知,四国,10,5,5,0,0.5,39.0,27.0,12.0,2025-03-20,2026-07-18
1109,千葉商大付(没収試合),1008.38,1000.0,0.63,千葉,関東・東京,1,1,0,0,1.0,9.0,0.0,9.0,2025-04-19,2025-04-19
1110,佐野工科・堺工科,1008.37,1000.0,8.38,大阪,近畿,2,1,1,0,0.5,14.0,16.0,-2.0,2025-04-06,2025-04-26
1111,越ケ谷総合,1008.33,1000.0,-0.08,埼玉,関東・東京,1,1,0,0,1.0,20.0,10.0,10.0,2025-09-26,2025-09-26
1112,岐阜総合学園,1008.29,1000.0,-2.62,岐阜,東海,7,4,3,0,0.5714,36.0,35.0,1.0,2025-04-12,2025-09-23
1113,大阪ビジネスフロンティア・西野田工科,1008.27,1000.0,8.38,大阪,近畿,2,1,1,0,0.5,12.0,16.0,-4.0,2025-08-31,2025-09-15
1114,大阪電通大高,1008.26,1000.0,8.38,大阪,近畿,10,5,5,0,0.5,40.0,40.0,0.0,2025-04-20,2026-07-15
1115,相模原中等教育,1008.25,1000.0,4.44,神奈川,関東・東京,4,2,2,0,0.5,31.0,30.0,1.0,2025-07-12,2026-07-11
1116,川西北陵,1008.24,1000.0,0.49,兵庫,近畿,14,8,6,0,0.5714,66.0,60.0,6.0,2025-04-19,2026-07-13
1117,米沢興譲館,1008.22,1000.0,-6.25,秋田,東北,13,7,6,0,0.5385,60.0,67.0,-7.0,2025-05-10,2026-07-17
1118,北星大附,1008.18,1000.0,-9.79,北海道,北海道,9,5,4,0,0.5556,61.0,30.0,31.0,2025-05-26,2026-05-12
1119,碧南工科,1008.12,1000.0,2.72,愛知,東海,17,9,8,0,0.5294,92.0,90.0,2.0,2025-04-12,2026-07-18
1120,多摩工,1008.0,1000.0,2.37,東京,関東・東京,1,1,0,0,1.0,4.0,3.0,1.0,2025-10-11,2025-10-11
1121,大磯,1007.99,1000.0,4.44,神奈川,関東・東京,6,3,3,0,0.5,30.0,32.0,-2.0,2025-07-10,2026-07-13
1122,本庄東,1007.91,1000.0,-0.08,埼玉,関東・東京,11,6,5,0,0.5455,80.0,44.0,36.0,2025-04-24,2026-07-10
1123,日大習志野,1007.85,1000.0,0.63,千葉,関東・東京,14,8,6,0,0.5714,63.0,71.0,-8.0,2025-04-19,2026-07-12
1124,豊南,1007.8,1000.0,2.37,東京,関東・東京,10,5,5,0,0.5,58.0,47.0,11.0,2025-04-04,2026-07-05
1125,高陽東,1007.7,1000.0,-6.32,島根,中国,16,10,6,0,0.625,67.0,69.0,-2.0,2025-04-19,2026-07-16
1126,志度,1007.68,1000.0,-4.3,徳島,四国,11,6,5,0,0.5455,53.0,50.0,3.0,2025-03-23,2026-07-19
1127,日立商,1007.61,1000.0,-1.03,茨城,関東・東京,12,7,5,0,0.5833,71.0,54.0,17.0,2025-04-19,2026-07-10
1128,金沢市工,1007.59,1000.0,6.19,石川,北信越,9,4,5,0,0.4444,36.0,40.0,-4.0,2025-04-27,2026-07-24
1129,帯広南商,1007.53,1000.0,-9.79,北海道,北海道,6,4,2,0,0.6667,44.0,29.0,15.0,2025-10-12,2026-05-16
1130,北科大,1007.51,1000.0,-9.79,北海道,北海道,2,2,0,0,1.0,27.0,14.0,13.0,2025-10-12,2026-05-10
1131,アレセイア湘南,1007.49,1000.0,4.44,神奈川,関東・東京,6,3,3,0,0.5,40.0,30.0,10.0,2025-04-05,2026-07-14
1132,田園調布,1007.48,1000.0,2.37,東京,関東・東京,10,5,5,0,0.5,44.0,96.0,-52.0,2025-04-04,2026-07-18
1133,仙台南,1007.33,1000.0,-1.84,山形,東北,14,8,6,0,0.5714,72.0,48.0,24.0,2025-05-16,2026-07-17
1134,長岡,1007.28,1000.0,-5.27,新潟,北信越,10,5,5,0,0.5,60.0,36.0,24.0,2025-04-27,2026-07-12
1135,京都工学院,1007.2,1000.0,2.25,京都,近畿,11,6,5,0,0.5455,57.0,56.0,1.0,2025-04-19,2026-07-16
1136,柴島・東住吉総合・大正白稜・東淀工・泉尾工,1007.18,1000.0,8.38,大阪,近畿,2,1,1,0,0.5,8.0,11.0,-3.0,2025-09-06,2025-09-21
1137,伊勢崎商,1007.16,1000.0,3.22,群馬,関東・東京,11,6,5,0,0.5455,33.0,42.0,-9.0,2025-04-12,2026-07-20
1138,石岡一,1007.11,1000.0,-1.03,茨城,関東・東京,12,6,6,0,0.5,91.0,65.0,26.0,2025-04-19,2026-07-14
1139,安芸府中,1007.01,1000.0,-6.32,島根,中国,19,11,8,0,0.5789,96.0,86.0,10.0,2025-04-19,2026-07-07
1140,岐阜,1006.97,1000.0,-2.62,岐阜,東海,15,8,7,0,0.5333,75.0,57.0,18.0,2025-04-12,2026-07-18
1141,高山西,1006.86,1000.0,-2.62,岐阜,東海,16,9,7,0,0.5625,83.0,82.0,1.0,2025-04-12,2026-07-05
1142,総合工科,1006.84,1000.0,2.37,東京,関東・東京,11,6,5,0,0.5455,56.0,44.0,12.0,2025-04-04,2026-07-14
1143,多摩,1006.69,1000.0,4.44,神奈川,関東・東京,8,4,4,0,0.5,60.0,40.0,20.0,2025-07-09,2026-07-16
1144,安城学園,1006.66,1000.0,2.72,愛知,東海,19,10,9,0,0.5263,135.0,87.0,48.0,2025-04-12,2026-07-04
1145,松江商,1006.65,1000.0,5.45,広島,中国,10,5,5,0,0.5,45.0,54.0,-9.0,2025-04-19,2026-07-21
1146,水口,1006.63,1000.0,-0.81,滋賀,近畿,11,6,5,0,0.5455,56.0,62.0,-6.0,2025-04-12,2026-07-09
1147,鶴見大付,1006.62,1000.0,4.44,神奈川,関東・東京,7,4,3,0,0.5714,25.0,41.0,-16.0,2025-07-09,2026-07-08
1148,中野西,1006.6,1000.0,-4.39,長野,北信越,14,7,7,0,0.5,79.0,74.0,5.0,2025-05-10,2026-07-15
1149,日大桜丘,1006.59,1000.0,2.37,東京,関東・東京,4,2,2,0,0.5,31.0,15.0,16.0,2025-04-06,2025-07-19
1150,作陽,1006.55,1000.0,-7.46,鳥取,中国,2,2,0,0,1.0,15.0,3.0,12.0,2025-04-26,2026-04-18
1151,八日市南,1006.54,1000.0,-0.81,滋賀,近畿,10,5,5,0,0.5,34.0,24.0,10.0,2025-04-19,2026-07-19
1152,桃山学院,1006.52,1000.0,8.38,大阪,近畿,10,5,5,0,0.5,57.0,52.0,5.0,2025-04-06,2026-07-18
1153,小野田工,1006.52,1000.0,-1.06,山口,中国,10,5,5,0,0.5,45.0,45.0,0.0,2025-04-12,2026-07-26
1154,朝日,1006.49,1000.0,-7.46,鳥取,中国,6,4,2,0,0.6667,29.0,24.0,5.0,2025-04-26,2026-04-18
1155,盛岡商,1006.48,1000.0,3.8,宮城,東北,16,8,8,0,0.5,91.0,70.0,21.0,2025-05-16,2026-07-14
1156,旭川北,1006.44,1000.0,-9.79,北海道,北海道,11,6,5,0,0.5455,54.0,28.0,26.0,2025-05-26,2026-07-08
1157,高田商業,1006.4,1000.0,3.92,奈良,近畿,11,5,6,0,0.4545,50.0,38.0,12.0,2025-04-13,2026-07-15
1158,高朋,1006.38,1000.0,-10.7,富山,北信越,11,6,5,0,0.5455,36.0,32.0,4.0,2025-04-19,2026-07-20
1159,豊浦,1006.34,1000.0,-1.06,山口,中国,10,5,5,0,0.5,48.0,42.0,6.0,2025-04-12,2026-07-19
1160,平塚湘風,1006.33,1000.0,4.44,神奈川,関東・東京,4,2,2,0,0.5,17.0,18.0,-1.0,2025-07-12,2026-07-11
1161,佐倉,1006.31,1000.0,0.63,千葉,関東・東京,14,8,6,0,0.5714,74.0,78.0,-4.0,2025-04-19,2026-07-12
1162,広島工大,1006.3,1000.0,-6.32,島根,中国,6,3,3,0,0.5,45.0,26.0,19.0,2025-07-13,2026-07-15
1163,今宮,1006.19,1000.0,8.38,大阪,近畿,8,4,4,0,0.5,46.0,38.0,8.0,2025-04-26,2026-07-11
1164,関西大倉,1006.18,1000.0,8.38,大阪,近畿,9,4,5,0,0.4444,35.0,52.0,-17.0,2025-04-27,2026-07-20
1165,久居農林,1006.07,1000.0,-4.97,三重,東海,19,11,8,0,0.5789,74.0,89.0,-15.0,2025-04-12,2026-07-04
1166,高蔵寺,1006.03,1000.0,2.72,愛知,東海,16,8,8,0,0.5,90.0,72.0,18.0,2025-04-12,2026-07-11
1167,弘前中央,1005.97,1000.0,4.16,青森,東北,10,5,5,0,0.5,73.0,82.0,-9.0,2025-05-10,2026-07-13
1168,市立函館,1005.92,1000.0,-9.79,北海道,北海道,11,6,5,0,0.5455,55.0,50.0,5.0,2025-05-26,2026-07-08
1169,館林商工,1005.88,1000.0,3.22,群馬,関東・東京,11,6,5,0,0.5455,47.0,60.0,-13.0,2025-04-14,2026-07-06
1170,大垣北,1005.8,1000.0,-2.62,岐阜,東海,17,9,8,0,0.5294,87.0,77.0,10.0,2025-04-12,2026-07-19
1171,二松学舎柏,1005.75,1000.0,0.63,千葉,関東・東京,13,7,6,0,0.5385,94.0,64.0,30.0,2025-04-19,2026-07-15
1172,日大二,1005.72,1000.0,2.37,東京,関東・東京,10,5,5,0,0.5,70.0,56.0,14.0,2025-04-05,2026-07-11
1173,名古屋大谷,1005.69,1000.0,2.72,愛知,東海,16,8,8,0,0.5,66.0,86.0,-20.0,2025-04-12,2026-07-19
1174,祇園北,1005.68,1000.0,-6.32,島根,中国,17,10,7,0,0.5882,93.0,77.0,16.0,2025-04-19,2026-07-10
1175,湘南学院,1005.68,1000.0,4.44,神奈川,関東・東京,10,5,5,0,0.5,51.0,47.0,4.0,2025-04-05,2026-07-16
1176,松江工,1005.6,1000.0,5.45,広島,中国,9,4,5,0,0.4444,48.0,32.0,16.0,2025-04-20,2026-07-15
1177,大宮南,1005.51,1000.0,-0.08,埼玉,関東・東京,12,7,5,0,0.5833,46.0,61.0,-15.0,2025-04-24,2026-07-15
1178,自由ヶ丘,1005.46,1000.0,2.09,福岡,九州,4,2,2,0,0.5,30.0,17.0,13.0,2025-03-20,2026-03-22
1179,茅ケ崎北陵,1005.46,1000.0,4.44,神奈川,関東・東京,7,3,4,0,0.4286,44.0,26.0,18.0,2025-04-12,2026-07-16
1180,菊池,1005.42,1000.0,-4.28,熊本,九州,12,7,5,0,0.5833,42.0,45.0,-3.0,2025-03-23,2026-07-10
1181,岩瀬日大,1005.4,1000.0,-1.03,茨城,関東・東京,13,7,6,0,0.5385,70.0,45.0,25.0,2025-04-19,2026-07-14
1182,寝屋川,1005.39,1000.0,8.38,大阪,近畿,9,4,5,0,0.4444,28.0,46.0,-18.0,2025-04-20,2026-07-19
1183,不動岡,1005.35,1000.0,-0.08,埼玉,関東・東京,11,6,5,0,0.5455,71.0,44.0,27.0,2025-04-24,2026-07-11
1184,身延,1005.34,1000.0,-0.05,山梨,関東・東京,11,6,5,0,0.5455,44.0,55.0,-11.0,2025-04-19,2026-07-13
1185,博多工業,1005.33,1000.0,2.09,福岡,九州,6,3,3,0,0.5,34.0,34.0,0.0,2025-03-23,2026-07-12
1186,宝塚,1005.28,1000.0,0.49,兵庫,近畿,11,5,6,0,0.4545,33.0,45.0,-12.0,2025-04-19,2026-07-14
1187,総合技術,1005.24,1000.0,-6.32,島根,中国,20,11,9,0,0.55,141.0,88.0,53.0,2025-04-19,2026-07-07
1188,岩見沢東,1005.19,1000.0,-9.79,北海道,北海道,12,7,5,0,0.5833,64.0,61.0,3.0,2025-05-26,2026-07-09
1189,立志舎,1005.17,1000.0,2.37,東京,関東・東京,10,5,5,0,0.5,80.0,51.0,29.0,2025-04-04,2026-07-12
1190,柏陽,1005.17,1000.0,4.44,神奈川,関東・東京,4,2,2,0,0.5,18.0,20.0,-2.0,2025-07-09,2026-07-10
1191,東岡工,1005.11,1000.0,-7.46,鳥取,中国,6,4,2,0,0.6667,19.0,20.0,-1.0,2025-04-26,2026-04-18
1192,盛岡工,1005.1,1000.0,3.8,宮城,東北,17,8,9,0,0.4706,92.0,91.0,1.0,2025-05-16,2026-07-18
1193,津久井浜,1005.09,1000.0,4.44,神奈川,関東・東京,4,2,2,0,0.5,21.0,18.0,3.0,2025-07-10,2026-07-10
1194,板橋,1005.08,1000.0,2.37,東京,関東・東京,10,5,5,0,0.5,76.0,51.0,25.0,2025-04-04,2026-07-14
1195,長良,1004.99,1000.0,-2.62,岐阜,東海,16,8,8,0,0.5,77.0,49.0,28.0,2025-04-12,2026-07-20
1196,桐朋,1004.93,1000.0,2.37,東京,関東・東京,9,4,5,0,0.4444,55.0,47.0,8.0,2025-04-04,2026-07-13
1197,新潟商,1004.91,1000.0,-5.27,新潟,北信越,10,5,5,0,0.5,48.0,53.0,-5.0,2025-04-27,2026-07-15
1198,芝浦工大付,1004.88,1000.0,2.37,東京,関東・東京,10,5,5,0,0.5,54.0,65.0,-11.0,2025-04-04,2026-07-17
1199,堺西,1004.86,1000.0,8.38,大阪,近畿,9,4,5,0,0.4444,44.0,65.0,-21.0,2025-04-27,2026-07-20
1200,海津明誠,1004.85,1000.0,-2.62,岐阜,東海,15,8,7,0,0.5333,59.0,76.0,-17.0,2025-04-12,2026-07-20
1201,金沢龍谷,1004.67,1000.0,6.19,石川,北信越,10,5,5,0,0.5,65.0,49.0,16.0,2025-04-19,2026-07-14
1202,秋田,1004.62,1000.0,0.62,岩手,東北,10,5,5,0,0.5,47.0,35.0,12.0,2025-05-14,2026-07-13
1203,中村三陽,1004.58,1000.0,2.09,福岡,九州,6,3,3,0,0.5,26.0,20.0,6.0,2025-03-24,2026-07-08
1204,遠軽,1004.58,1000.0,-9.79,北海道,北海道,12,6,6,0,0.5,86.0,72.0,14.0,2025-05-26,2026-07-08
1205,川崎総合科学,1004.58,1000.0,4.44,神奈川,関東・東京,4,2,2,0,0.5,20.0,22.0,-2.0,2025-07-13,2025-09-13
1206,津島北・津島北翔,1004.49,1000.0,2.72,愛知,東海,2,1,1,0,0.5,12.0,5.0,7.0,2026-03-20,2026-03-22
1207,早稲田,1004.46,1000.0,2.37,東京,関東・東京,10,5,5,0,0.5,47.0,73.0,-26.0,2025-04-04,2026-07-16
1208,北谷,1004.4,1000.0,1.73,沖縄,九州,10,5,5,0,0.5,49.0,55.0,-6.0,2025-03-20,2026-07-05
1209,宮津天橋,1004.35,1000.0,2.25,京都,近畿,10,5,5,0,0.5,70.0,52.0,18.0,2025-04-19,2026-07-16
1210,我孫子東,1004.34,1000.0,0.63,千葉,関東・東京,11,5,6,0,0.4545,52.0,54.0,-2.0,2025-04-19,2026-07-18
1211,市立太田,1004.34,1000.0,3.22,群馬,関東・東京,10,5,5,0,0.5,51.0,50.0,1.0,2025-04-12,2026-07-12
1212,桐生清桜,1004.28,1000.0,3.22,群馬,関東・東京,9,4,5,0,0.4444,80.0,31.0,49.0,2025-04-12,2026-07-13
1213,亀岡,1004.27,1000.0,2.25,京都,近畿,10,5,5,0,0.5,44.0,52.0,-8.0,2025-04-19,2026-07-19
1214,八戸西,1004.19,1000.0,4.16,青森,東北,9,4,5,0,0.4444,44.0,27.0,17.0,2025-05-10,2026-07-15
1215,大塚,1004.16,1000.0,8.38,大阪,近畿,9,4,5,0,0.4444,54.0,52.0,2.0,2025-04-12,2026-07-16
1216,大師,1004.15,1000.0,4.44,神奈川,関東・東京,6,3,3,0,0.5,27.0,25.0,2.0,2025-04-06,2026-07-09
1217,熊本,1004.09,1000.0,-4.28,熊本,九州,11,6,5,0,0.5455,48.0,49.0,-1.0,2025-03-20,2026-07-13
1218,八日市,1004.05,1000.0,-0.81,滋賀,近畿,10,5,5,0,0.5,42.0,38.0,4.0,2025-04-12,2026-07-12
1219,鶴崎工,1003.99,1000.0,2.65,大分,九州,4,2,2,0,0.5,27.0,25.0,2.0,2025-03-30,2025-10-05
1220,京都府工,1003.97,1000.0,2.25,京都,近畿,8,4,4,0,0.5,42.0,46.0,-4.0,2025-04-20,2026-07-08
1221,兵庫工業,1003.96,1000.0,0.49,兵庫,近畿,2,1,1,0,0.5,6.0,5.0,1.0,2025-09-15,2026-04-25
1222,修明・白河旭・石川,1003.94,1000.0,-1.38,福島,東北,4,2,2,0,0.5,20.0,16.0,4.0,2025-09-11,2025-09-15
1223,厚木,1003.94,1000.0,4.44,神奈川,関東・東京,7,4,3,0,0.5714,38.0,50.0,-12.0,2025-07-10,2026-07-13
1224,福知山,1003.94,1000.0,2.25,京都,近畿,10,5,5,0,0.5,67.0,81.0,-14.0,2025-04-19,2026-07-15
1225,豊橋西,1003.91,1000.0,2.72,愛知,東海,20,10,10,0,0.5,99.0,78.0,21.0,2025-04-12,2026-07-04
1226,鵡川,1003.89,1000.0,-9.79,北海道,北海道,11,6,5,0,0.5455,41.0,50.0,-9.0,2025-05-26,2026-07-08
1227,清峰,1003.87,1000.0,-0.81,長崎,九州,10,5,5,0,0.5,66.0,32.0,34.0,2025-03-28,2026-07-13
1228,足立西・荒川工科・大島・大島海洋国際・科学技術・北豊島工科,1003.83,1000.0,2.37,東京,関東・東京,2,1,1,0,0.5,6.0,11.0,-5.0,2025-10-11,2026-03-14
1229,旭川実,1003.77,1000.0,-9.79,北海道,北海道,1,1,0,0,1.0,10.0,0.0,10.0,2026-07-07,2026-07-07
1230,三国丘,1003.74,1000.0,8.38,大阪,近畿,10,5,5,0,0.5,34.0,51.0,-17.0,2025-04-06,2026-07-18
1231,筑紫台,1003.72,1000.0,2.09,福岡,九州,10,5,5,0,0.5,45.0,50.0,-5.0,2025-03-23,2026-07-09
1232,熊野,1003.72,1000.0,0.99,和歌山,近畿,24,11,13,0,0.4583,105.0,129.0,-24.0,2025-04-15,2026-07-25
1233,浜松湖東・新居・佐久間,1003.69,1000.0,-1.42,静岡,東海,1,1,0,0,1.0,4.0,3.0,1.0,2026-03-20,2026-03-20
1234,和歌山東,1003.63,1000.0,0.99,和歌山,近畿,10,5,5,0,0.5,43.0,38.0,5.0,2025-04-12,2026-07-19
1235,早稲田大阪,1003.62,1000.0,8.38,大阪,近畿,9,4,5,0,0.4444,51.0,44.0,7.0,2025-04-27,2026-07-16
1236,錦江湾,1003.61,1000.0,1.49,鹿児島,九州,10,5,5,0,0.5,40.0,67.0,-27.0,2025-03-22,2026-07-19
1237,瀬田工,1003.61,1000.0,-0.81,滋賀,近畿,10,5,5,0,0.5,41.0,38.0,3.0,2025-04-12,2026-07-13
1238,小田原北,1003.6,1000.0,4.44,神奈川,関東・東京,2,1,1,0,0.5,6.0,13.0,-7.0,2026-07-10,2026-07-14
1239,千葉,1003.59,1000.0,0.63,千葉,関東・東京,11,6,5,0,0.5455,54.0,41.0,13.0,2025-04-19,2026-07-13
1240,角田,1003.56,1000.0,-1.84,山形,東北,13,7,6,0,0.5385,74.0,55.0,19.0,2025-05-16,2026-07-15
1241,名久井農・八戸商・八戸高専,1003.55,1000.0,4.16,青森,東北,2,1,1,0,0.5,10.0,11.0,-1.0,2025-05-09,2025-05-11
1242,墨田工科,1003.53,1000.0,2.37,東京,関東・東京,10,5,5,0,0.5,61.0,73.0,-12.0,2025-04-04,2026-07-14
1243,君津商業,1003.5,1000.0,0.63,千葉,関東・東京,11,5,6,0,0.4545,71.0,78.0,-7.0,2025-04-19,2026-07-18
1244,学芸大附,1003.48,1000.0,2.37,東京,関東・東京,8,4,4,0,0.5,38.0,44.0,-6.0,2025-04-04,2026-07-15
1245,大和南,1003.46,1000.0,4.44,神奈川,関東・東京,4,2,2,0,0.5,26.0,27.0,-1.0,2025-07-13,2026-07-10
1246,小諸義塾,1003.43,1000.0,-4.39,長野,北信越,7,4,3,0,0.5714,45.0,30.0,15.0,2026-04-29,2026-07-05
1247,男鹿工,1003.41,1000.0,0.62,岩手,東北,12,6,6,0,0.5,68.0,51.0,17.0,2025-05-13,2026-07-16
1248,洛星,1003.23,1000.0,2.25,京都,近畿,10,5,5,0,0.5,34.0,40.0,-6.0,2025-04-20,2026-07-15
1249,高鍋,1003.22,1000.0,-7.87,宮崎,九州,10,5,5,0,0.5,46.0,39.0,7.0,2025-03-20,2026-07-16
1250,神戸商,1003.19,1000.0,0.49,兵庫,近畿,11,5,6,0,0.4545,49.0,62.0,-13.0,2025-04-19,2026-07-20
1251,緑丘・春泉・日進・春西,1003.16,1000.0,2.72,愛知,東海,2,1,1,0,0.5,17.0,10.0,7.0,2025-04-12,2025-04-12
1252,浜田,1003.14,1000.0,5.45,広島,中国,9,4,5,0,0.4444,53.0,46.0,7.0,2025-04-19,2026-07-18
1253,多摩大聖ケ丘,1003.13,1000.0,2.37,東京,関東・東京,2,1,1,0,0.5,4.0,22.0,-18.0,2025-10-11,2025-10-11
1254,角館,1003.03,1000.0,0.62,岩手,東北,12,6,6,0,0.5,64.0,43.0,21.0,2025-05-14,2026-07-14
1255,加古川東,1003.01,1000.0,0.49,兵庫,近畿,11,6,5,0,0.5455,34.0,43.0,-9.0,2025-04-19,2026-07-11
1256,宇部,1002.8,1000.0,-1.06,山口,中国,11,6,5,0,0.5455,54.0,59.0,-5.0,2025-04-12,2026-07-18
1257,茨木工科・福井・北摂つばさ・箕面東,1002.78,1000.0,8.38,大阪,近畿,4,2,2,0,0.5,10.0,27.0,-17.0,2025-07-12,2025-09-07
1258,尼崎双星,1002.74,1000.0,0.49,兵庫,近畿,11,5,6,0,0.4545,38.0,42.0,-4.0,2025-04-19,2026-07-10
1259,川内商工,1002.72,1000.0,1.49,鹿児島,九州,10,5,5,0,0.5,65.0,52.0,13.0,2025-03-23,2026-07-07
1260,神村学園伊賀,1002.69,1000.0,-4.97,三重,東海,6,3,3,0,0.5,29.0,15.0,14.0,2025-07-07,2026-07-18
1261,(新)小松,1002.66,1000.0,-7.48,愛媛,四国,1,1,0,0,1.0,11.0,6.0,5.0,2026-07-12,2026-07-12
1262,塩尻志学館,1002.62,1000.0,-4.39,長野,北信越,16,8,8,0,0.5,103.0,64.0,39.0,2025-05-10,2026-07-15
1263,東濃実業,1002.62,1000.0,-2.62,岐阜,東海,9,5,4,0,0.5556,62.0,39.0,23.0,2025-04-12,2026-07-05
1264,北里順天,1002.55,1000.0,2.37,東京,関東・東京,2,1,1,0,0.5,10.0,9.0,1.0,2026-07-12,2026-07-15
1265,富士森,1002.5,1000.0,2.37,東京,関東・東京,10,5,5,0,0.5,55.0,39.0,16.0,2025-04-04,2026-07-12
1266,江津・江工・浜水,1002.44,1000.0,5.45,広島,中国,2,1,1,0,0.5,5.0,10.0,-5.0,2025-09-13,2025-09-20
1267,常滑(タイブレーク方式),1002.41,1000.0,2.72,愛知,東海,2,1,1,0,0.5,8.0,7.0,1.0,2025-09-13,2025-09-13
1268,鷺宮,1002.37,1000.0,2.37,東京,関東・東京,4,2,2,0,0.5,28.0,34.0,-6.0,2025-07-07,2026-07-14
1269,山本,1002.35,1000.0,8.38,大阪,近畿,9,4,5,0,0.4444,74.0,56.0,18.0,2025-04-06,2026-07-05
1270,橋本・愛川・中央農業,1002.34,1000.0,4.44,神奈川,関東・東京,2,1,1,0,0.5,5.0,12.0,-7.0,2025-07-10,2025-07-13
1271,新潟一,1002.33,1000.0,-5.27,新潟,北信越,11,6,5,0,0.5455,57.0,70.0,-13.0,2025-04-28,2026-07-16
1272,春日井,1002.31,1000.0,2.72,愛知,東海,16,8,8,0,0.5,78.0,73.0,5.0,2025-04-12,2026-06-28
1273,私立武蔵,1002.28,1000.0,2.37,東京,関東・東京,2,1,1,0,0.5,14.0,14.0,0.0,2025-04-04,2025-04-04
1274,柏木学園,1002.22,1000.0,4.44,神奈川,関東・東京,10,5,5,0,0.5,48.0,49.0,-1.0,2025-04-05,2026-07-14
1275,塩釜,1002.21,1000.0,-1.84,山形,東北,12,6,6,0,0.5,56.0,47.0,9.0,2025-05-16,2026-07-17
1276,町田,1002.2,1000.0,2.37,東京,関東・東京,11,6,5,0,0.5455,66.0,78.0,-12.0,2025-04-04,2026-07-16
1277,清陵情報,1002.19,1000.0,-1.38,福島,東北,15,7,8,0,0.4667,83.0,79.0,4.0,2025-05-16,2026-07-20
1278,姫路工業,1002.18,1000.0,0.49,兵庫,近畿,2,1,1,0,0.5,5.0,2.0,3.0,2025-04-20,2025-09-14
1279,小浜,1002.15,1000.0,-0.81,長崎,九州,10,5,5,0,0.5,44.0,23.0,21.0,2025-03-28,2026-07-08
1280,荏田,1002.15,1000.0,4.44,神奈川,関東・東京,6,3,3,0,0.5,24.0,46.0,-22.0,2025-07-09,2026-07-10
1281,袖ケ浦,1002.11,1000.0,0.63,千葉,関東・東京,9,5,4,0,0.5556,62.0,60.0,2.0,2025-04-19,2026-04-04
1282,六ケ所・七戸・野辺地・野辺地西・三本木農業恵拓,1002.08,1000.0,4.16,青森,東北,2,1,1,0,0.5,13.0,14.0,-1.0,2026-05-08,2026-05-10
1283,長野西,1002.07,1000.0,-4.39,長野,北信越,11,5,6,0,0.4545,55.0,60.0,-5.0,2025-05-10,2026-07-12
1284,豊多摩,1002.02,1000.0,2.37,東京,関東・東京,10,5,5,0,0.5,81.0,51.0,30.0,2025-04-04,2026-07-14
1285,東村山西,1002.02,1000.0,2.37,東京,関東・東京,9,4,5,0,0.4444,41.0,46.0,-5.0,2025-04-04,2026-07-15
1286,須磨友が丘,1001.98,1000.0,0.49,兵庫,近畿,12,6,6,0,0.5,51.0,50.0,1.0,2025-04-19,2026-07-09
1287,国際・竹台・戸山,1001.96,1000.0,2.37,東京,関東・東京,2,1,1,0,0.5,15.0,20.0,-5.0,2025-04-04,2025-04-04
1288,芦花,1001.94,1000.0,2.37,東京,関東・東京,2,1,1,0,0.5,8.0,8.0,0.0,2025-07-12,2025-07-17
1289,山形商業,1001.88,1000.0,-6.25,秋田,東北,12,6,6,0,0.5,69.0,56.0,13.0,2025-05-10,2026-07-11
1290,龍野,1001.87,1000.0,0.49,兵庫,近畿,11,6,5,0,0.5455,35.0,47.0,-12.0,2025-04-19,2026-07-15
1291,大垣養老,1001.86,1000.0,-2.62,岐阜,東海,13,6,7,0,0.4615,63.0,57.0,6.0,2025-04-12,2026-07-20
1292,三鷹中等,1001.81,1000.0,2.37,東京,関東・東京,9,4,5,0,0.4444,64.0,65.0,-1.0,2025-04-04,2026-07-13
1293,金沢桜丘,1001.81,1000.0,6.19,石川,北信越,9,4,5,0,0.4444,51.0,40.0,11.0,2025-04-19,2026-07-18
1294,千厩,1001.76,1000.0,3.8,宮城,東北,16,8,8,0,0.5,82.0,82.0,0.0,2025-05-16,2026-07-17
1295,七飯,1001.73,1000.0,-9.79,北海道,北海道,5,3,2,0,0.6,20.0,14.0,6.0,2026-05-09,2026-06-23
1296,大阪旭,1001.6,1000.0,8.38,大阪,近畿,1,0,1,0,0.0,1.0,3.0,-2.0,2026-04-26,2026-04-26
1297,草加東,1001.54,1000.0,-0.08,埼玉,関東・東京,10,5,5,0,0.5,56.0,66.0,-10.0,2025-04-24,2026-07-18
1298,富山国際大付,1001.52,1000.0,-10.7,富山,北信越,10,5,5,0,0.5,73.0,31.0,42.0,2025-04-20,2026-07-10
1299,笠田・紀北農芸,1001.51,1000.0,0.99,和歌山,近畿,4,2,2,0,0.5,22.0,19.0,3.0,2025-09-15,2026-07-20
1300,一宮南,1001.5,1000.0,2.72,愛知,東海,16,8,8,0,0.5,82.0,88.0,-6.0,2025-04-12,2026-07-11
1301,拓大第一,1001.49,1000.0,2.37,東京,関東・東京,2,1,1,0,0.5,8.0,12.0,-4.0,2025-04-07,2025-04-15
1302,愛知商業,1001.48,1000.0,2.72,愛知,東海,13,6,7,0,0.4615,94.0,79.0,15.0,2025-04-12,2026-07-18
1303,産業技術高専,1001.46,1000.0,2.37,東京,関東・東京,4,2,2,0,0.5,49.0,54.0,-5.0,2025-04-04,2025-07-15
1304,総科大付,1001.46,1000.0,-0.81,長崎,九州,2,1,1,0,0.5,14.0,15.0,-1.0,2026-07-08,2026-07-11
1305,成城学園,1001.44,1000.0,2.37,東京,関東・東京,10,5,5,0,0.5,48.0,49.0,-1.0,2025-04-04,2026-07-14
1306,致道館,1001.44,1000.0,-6.25,秋田,東北,12,6,6,0,0.5,64.0,62.0,2.0,2025-05-11,2026-07-18
1307,科技日立,1001.41,1000.0,-1.03,茨城,関東・東京,13,7,6,0,0.5385,67.0,78.0,-11.0,2025-04-19,2026-07-15
1308,浜松西,1001.37,1000.0,-1.42,静岡,東海,8,3,5,0,0.375,44.0,43.0,1.0,2025-04-19,2026-07-12
1309,帯広南商業,1001.27,1000.0,-9.79,北海道,北海道,7,4,3,0,0.5714,38.0,26.0,12.0,2025-05-26,2026-06-28
1310,三重総合,1001.25,1000.0,2.65,大分,九州,10,5,5,0,0.5,45.0,43.0,2.0,2025-03-25,2026-07-12
1311,那賀,1001.24,1000.0,-0.82,香川,四国,21,11,10,0,0.5238,104.0,105.0,-1.0,2025-03-22,2026-07-13
1312,新発田,1001.22,1000.0,-5.27,新潟,北信越,11,6,5,0,0.5455,61.0,62.0,-1.0,2025-04-26,2026-07-12
1313,徳島科技,1001.15,1000.0,-0.82,香川,四国,8,4,4,0,0.5,83.0,46.0,37.0,2025-03-22,2026-07-19
1314,名古屋南,1001.09,1000.0,2.72,愛知,東海,14,6,8,0,0.4286,72.0,73.0,-1.0,2025-04-12,2026-07-21
1315,香椎工,1001.06,1000.0,2.09,福岡,九州,2,1,1,0,0.5,3.0,5.0,-2.0,2025-09-15,2025-09-23
1316,興譲館,1001.06,1000.0,-7.46,鳥取,中国,13,7,6,0,0.5385,48.0,59.0,-11.0,2025-04-26,2026-07-20
1317,藤沢清流,1001.02,1000.0,4.44,神奈川,関東・東京,5,2,3,0,0.4,32.0,25.0,7.0,2025-04-12,2026-07-10
1318,大阪学芸,1000.94,1000.0,8.38,大阪,近畿,9,4,5,0,0.4444,47.0,41.0,6.0,2025-04-19,2026-07-12
1319,旭農業・銚子･成田西陵・八街,1000.85,1000.0,0.63,千葉,関東・東京,2,1,1,0,0.5,9.0,5.0,4.0,2026-04-05,2026-04-08
1320,巻,1000.84,1000.0,-5.27,新潟,北信越,6,3,3,0,0.5,31.0,20.0,11.0,2025-04-27,2026-07-15
1321,新宮,1000.83,1000.0,2.09,福岡,九州,9,4,5,0,0.4444,42.0,45.0,-3.0,2025-03-22,2026-07-13
1322,修大協創,1000.8,1000.0,-6.32,島根,中国,10,5,5,0,0.5,41.0,38.0,3.0,2025-04-19,2026-04-25
1323,福島工業,1000.79,1000.0,-1.38,福島,東北,8,5,3,0,0.625,39.0,47.0,-8.0,2025-05-16,2026-05-02
1324,甲府城西,1000.72,1000.0,-0.05,山梨,関東・東京,10,5,5,0,0.5,56.0,61.0,-5.0,2025-04-19,2026-07-11
1325,木本・紀南・熊野青藍,1000.68,1000.0,-4.97,三重,東海,8,4,4,0,0.5,50.0,38.0,12.0,2025-08-30,2026-07-12
1326,広島市工,1000.59,1000.0,-6.32,島根,中国,17,9,8,0,0.5294,99.0,97.0,2.0,2025-04-19,2026-07-19
1327,新潟,1000.59,1000.0,-5.27,新潟,北信越,10,5,5,0,0.5,63.0,42.0,21.0,2025-04-27,2026-07-10
1328,本宮,1000.57,1000.0,-1.38,福島,東北,2,1,1,0,0.5,19.0,9.0,10.0,2025-07-12,2025-07-15
1329,屋久島,1000.53,1000.0,1.49,鹿児島,九州,4,2,2,0,0.5,17.0,13.0,4.0,2025-07-11,2026-07-14
1330,大宮,1000.5,1000.0,-0.08,埼玉,関東・東京,10,5,5,0,0.5,59.0,68.0,-9.0,2025-04-24,2026-07-18
1331,高志館,1000.42,1000.0,-9.64,佐賀,九州,11,6,5,0,0.5455,47.0,43.0,4.0,2025-03-20,2026-07-09
1332,川辺・串木野・薩摩中央・鶴翔・古仁屋,1000.38,1000.0,1.49,鹿児島,九州,2,1,1,0,0.5,16.0,13.0,3.0,2025-07-07,2025-07-15
1333,浦添商業,1000.32,1000.0,1.73,沖縄,九州,10,5,5,0,0.5,39.0,43.0,-4.0,2025-03-24,2026-06-28
1334,札幌工,1000.31,1000.0,-9.79,北海道,北海道,3,2,1,0,0.6667,14.0,9.0,5.0,2026-05-15,2026-07-09
1335,南部工業・向陽,1000.28,1000.0,1.73,沖縄,九州,2,1,1,0,0.5,3.0,4.0,-1.0,2025-03-21,2025-03-23
1336,大野・葛巻・伊保内,1000.28,1000.0,3.8,宮城,東北,6,3,3,0,0.5,16.0,46.0,-30.0,2025-05-16,2025-07-18
1337,鎮西学院,1000.28,1000.0,-0.81,長崎,九州,10,5,5,0,0.5,39.0,43.0,-4.0,2025-03-29,2026-07-12
1338,福岡,1000.26,1000.0,3.8,宮城,東北,34,17,17,0,0.5,154.0,148.0,6.0,2025-03-22,2026-07-17
1339,岡山城東,1000.26,1000.0,-7.46,鳥取,中国,8,4,4,0,0.5,26.0,23.0,3.0,2025-04-26,2026-07-19
1340,五所川原工科・柏木農業,1000.19,1000.0,4.16,青森,東北,2,1,1,0,0.5,3.0,10.0,-7.0,2025-05-10,2025-05-12
1341,金光学園,1000.19,1000.0,-7.46,鳥取,中国,12,7,5,0,0.5833,65.0,49.0,16.0,2025-04-26,2026-07-20
1342,麻生・つくば国際,1000.16,1000.0,-1.03,茨城,関東・東京,2,1,1,0,0.5,6.0,13.0,-7.0,2026-07-06,2026-07-12
1343,湘南工大付,1000.16,1000.0,4.44,神奈川,関東・東京,7,3,4,0,0.4286,24.0,28.0,-4.0,2025-04-12,2026-07-09
1344,明法,1000.1,1000.0,2.37,東京,関東・東京,10,5,5,0,0.5,85.0,30.0,55.0,2025-04-04,2026-07-13
1345,浜坂・村岡,1000.09,1000.0,0.49,兵庫,近畿,4,2,2,0,0.5,17.0,20.0,-3.0,2025-04-19,2025-07-14
1346,駒場・両国,1000.02,1000.0,2.37,東京,関東・東京,2,1,1,0,0.5,3.0,12.0,-9.0,2025-04-04,2025-04-04
1347,大原・鴨川令徳・茂原,1000.0,1000.0,0.63,千葉,関東・東京,2,1,1,0,0.5,5.0,11.0,-6.0,2025-04-19,2025-04-19
1348,松阪商,1000.0,1000.0,-4.97,三重,東海,18,10,8,0,0.5556,91.0,61.0,30.0,2025-04-12,2026-07-08
1349,ビジネスフロンティア,999.99,1000.0,8.38,大阪,近畿,1,0,1,0,0.0,6.0,7.0,-1.0,2026-04-19,2026-04-19
1350,高田（宮城）,999.96,1000.0,3.8,宮城,東北,7,3,4,0,0.4286,26.0,32.0,-6.0,2025-05-16,2026-07-17
1351,竜ヶ崎一,999.95,1000.0,-1.03,茨城,関東・東京,11,5,6,0,0.4545,66.0,49.0,17.0,2025-04-19,2026-07-12
1352,安城南,999.94,1000.0,2.72,愛知,東海,15,7,8,0,0.4667,95.0,83.0,12.0,2025-04-12,2026-07-12
1353,防府商工,999.93,1000.0,-1.06,山口,中国,11,6,5,0,0.5455,48.0,58.0,-10.0,2025-04-13,2026-07-24
1354,阿波,999.87,1000.0,-0.82,香川,四国,10,5,5,0,0.5,52.0,34.0,18.0,2025-03-22,2026-07-19
1355,昭和,999.83,1000.0,2.37,東京,関東・東京,22,9,13,0,0.4091,132.0,135.0,-3.0,2025-04-07,2026-07-18
1356,青葉総合・釜利谷・永谷・横浜明朋・三浦初声・海洋科学,999.8,1000.0,4.44,神奈川,関東・東京,2,1,1,0,0.5,4.0,9.0,-5.0,2026-07-08,2026-07-11
1357,岸和田,999.79,1000.0,8.38,大阪,近畿,9,4,5,0,0.4444,43.0,58.0,-15.0,2025-04-12,2026-07-12
1358,富山東,999.79,1000.0,-10.7,富山,北信越,11,6,5,0,0.5455,57.0,61.0,-4.0,2025-04-19,2026-07-19
1359,小川,999.75,1000.0,2.37,東京,関東・東京,9,4,5,0,0.4444,55.0,45.0,10.0,2025-04-04,2026-07-12
1360,四谷学院,999.74,1000.0,-1.03,茨城,関東・東京,2,1,1,0,0.5,8.0,9.0,-1.0,2026-07-05,2026-07-10
1361,春日部工,999.73,1000.0,-0.08,埼玉,関東・東京,10,5,5,0,0.5,48.0,40.0,8.0,2025-04-24,2026-07-12
1362,札幌連合,999.72,1000.0,-9.79,北海道,北海道,1,1,0,0,1.0,7.0,5.0,2.0,2026-06-25,2026-06-25
1363,桜が丘,999.7,1000.0,-6.32,島根,中国,1,1,0,0,1.0,6.0,4.0,2.0,2026-03-21,2026-03-21
1364,本部,999.7,1000.0,1.73,沖縄,九州,9,4,5,0,0.4444,43.0,31.0,12.0,2025-03-22,2026-06-20
1365,奈良,999.69,1000.0,3.92,奈良,近畿,12,6,6,0,0.5,40.0,53.0,-13.0,2025-04-12,2026-07-15
1366,四日市南,999.68,1000.0,-4.97,三重,東海,16,8,8,0,0.5,70.0,73.0,-3.0,2025-04-12,2026-07-21
1367,岡山朝日,999.67,1000.0,-7.46,鳥取,中国,8,4,4,0,0.5,25.0,23.0,2.0,2025-04-26,2026-07-19
1368,一宮興道,999.62,1000.0,2.72,愛知,東海,18,9,9,0,0.5,94.0,84.0,10.0,2025-04-12,2026-07-08
1369,宮城県農,999.61,1000.0,-1.84,山形,東北,12,6,6,0,0.5,68.0,50.0,18.0,2025-05-16,2026-07-19
1370,星琳,999.57,1000.0,2.09,福岡,九州,9,4,5,0,0.4444,44.0,32.0,12.0,2025-03-22,2026-07-07
1371,秀英,999.56,1000.0,4.44,神奈川,関東・東京,4,2,2,0,0.5,23.0,36.0,-13.0,2025-07-09,2026-07-11
1372,厚木北,999.55,1000.0,4.44,神奈川,関東・東京,5,2,3,0,0.4,28.0,19.0,9.0,2025-07-12,2026-07-10
1373,防府,999.54,1000.0,-1.06,山口,中国,8,4,4,0,0.5,33.0,32.0,1.0,2025-04-12,2026-07-12
1374,浦安・行徳,999.52,1000.0,0.63,千葉,関東・東京,2,1,1,0,0.5,4.0,9.0,-5.0,2025-04-19,2025-04-19
1375,野村・吉田・南宇和,999.49,1000.0,-7.48,愛媛,四国,3,2,1,0,0.6667,9.0,12.0,-3.0,2026-03-20,2026-03-26
1376,高松工芸,999.47,1000.0,-4.3,徳島,四国,10,5,5,0,0.5,45.0,35.0,10.0,2025-03-23,2026-07-18
1377,東濃実,999.47,1000.0,-2.62,岐阜,東海,7,4,3,0,0.5714,42.0,48.0,-6.0,2025-04-12,2026-03-22
1378,今宮工科,999.45,1000.0,8.38,大阪,近畿,9,4,5,0,0.4444,39.0,56.0,-17.0,2025-04-27,2026-07-18
1379,城西大川越,999.43,1000.0,-0.08,埼玉,関東・東京,9,4,5,0,0.4444,37.0,58.0,-21.0,2025-04-24,2026-07-18
1380,駒大,999.42,1000.0,2.37,東京,関東・東京,2,1,1,0,0.5,5.0,6.0,-1.0,2025-04-06,2025-10-11
1381,鹿沼東・今市・壬生,999.41,1000.0,-2.36,栃木,関東・東京,4,2,2,0,0.5,33.0,31.0,2.0,2025-09-13,2026-04-19
1382,修文学院,999.36,1000.0,2.72,愛知,東海,22,11,11,0,0.5,107.0,87.0,20.0,2025-04-12,2026-07-05
1383,苅田工,999.35,1000.0,2.09,福岡,九州,2,1,1,0,0.5,7.0,12.0,-5.0,2025-03-25,2025-03-27
1384,六ヶ所・七戸・野辺地・野辺地西・三農恵拓,999.28,1000.0,4.16,青森,東北,2,1,1,0,0.5,2.0,9.0,-7.0,2026-07-08,2026-07-14
1385,所沢西,999.28,1000.0,-0.08,埼玉,関東・東京,9,4,5,0,0.4444,42.0,53.0,-11.0,2025-04-24,2026-07-18
1386,浅野,999.21,1000.0,4.44,神奈川,関東・東京,5,2,3,0,0.4,29.0,33.0,-4.0,2025-07-10,2026-07-14
1387,5校連合B,999.18,1000.0,-0.08,埼玉,関東・東京,2,1,1,0,0.5,8.0,11.0,-3.0,2025-04-24,2025-04-24
1388,釧路工業,999.18,1000.0,-9.79,北海道,北海道,4,2,2,0,0.5,28.0,10.0,18.0,2025-05-26,2025-05-26
1389,有田中央・笠田・貴志川・紀北農芸,999.15,1000.0,0.99,和歌山,近畿,2,1,1,0,0.5,9.0,10.0,-1.0,2026-04-11,2026-04-18
1390,茅ケ崎,999.14,1000.0,4.44,神奈川,関東・東京,5,2,3,0,0.4,24.0,17.0,7.0,2025-07-10,2026-07-13
1391,知立東,999.14,1000.0,2.72,愛知,東海,15,7,8,0,0.4667,81.0,84.0,-3.0,2025-04-12,2026-07-12
1392,開邦・真和志・豊見城南・那覇工業,999.11,1000.0,1.73,沖縄,九州,2,1,1,0,0.5,5.0,15.0,-10.0,2025-03-21,2025-03-24
1393,前橋西・吉井・長野原,999.1,1000.0,3.22,群馬,関東・東京,2,1,1,0,0.5,4.0,16.0,-12.0,2025-09-07,2025-09-15
1394,岩見沢緑陵,999.1,1000.0,-9.79,北海道,北海道,12,6,6,0,0.5,75.0,41.0,34.0,2025-05-26,2026-06-28
1395,県西連合,999.08,1000.0,-1.03,茨城,関東・東京,2,1,1,0,0.5,29.0,18.0,11.0,2026-04-11,2026-04-13
1396,昭和薬大附,999.07,1000.0,1.73,沖縄,九州,2,1,1,0,0.5,7.0,15.0,-8.0,2025-03-20,2025-03-23
1397,七飯・森,999.03,1000.0,-9.79,北海道,北海道,3,2,1,0,0.6667,23.0,17.0,6.0,2025-10-12,2025-10-12
1398,日本ウェルネス,999.02,1000.0,2.37,東京,関東・東京,10,5,5,0,0.5,60.0,50.0,10.0,2025-04-04,2026-07-11
1399,高知東工,998.94,1000.0,3.76,高知,四国,10,5,5,0,0.5,62.0,52.0,10.0,2025-03-20,2026-07-11
1400,川之江,998.91,1000.0,-7.48,愛媛,四国,9,4,5,0,0.4444,47.0,27.0,20.0,2025-03-20,2026-07-16
1401,福生,998.9,1000.0,2.37,東京,関東・東京,9,4,5,0,0.4444,37.0,46.0,-9.0,2025-04-04,2026-07-10
1402,西乙訓・園部・須知,998.89,1000.0,2.25,京都,近畿,4,2,2,0,0.5,17.0,28.0,-11.0,2025-07-08,2026-07-09
1403,神埼,998.87,1000.0,-9.64,佐賀,九州,10,5,5,0,0.5,33.0,29.0,4.0,2025-03-20,2026-07-15
1404,紅葉川,998.84,1000.0,2.37,東京,関東・東京,8,3,5,0,0.375,48.0,42.0,6.0,2025-04-04,2026-07-17
1405,金光,998.69,1000.0,-7.46,鳥取,中国,1,1,0,0,1.0,8.0,4.0,4.0,2026-04-12,2026-04-12
1406,高崎商,998.69,1000.0,3.22,群馬,関東・東京,9,4,5,0,0.4444,43.0,36.0,7.0,2025-04-12,2026-07-13
1407,舟入,998.69,1000.0,-6.32,島根,中国,17,9,8,0,0.5294,94.0,74.0,20.0,2025-04-19,2026-07-11
1408,昭和薬附,998.68,1000.0,1.73,沖縄,九州,6,3,3,0,0.5,38.0,38.0,0.0,2025-06-22,2026-03-20
1409,小岩,998.55,1000.0,2.37,東京,関東・東京,11,6,5,0,0.5455,76.0,52.0,24.0,2025-04-04,2026-07-11
1410,三木東,998.53,1000.0,0.49,兵庫,近畿,2,1,1,0,0.5,11.0,19.0,-8.0,2025-04-19,2025-04-19
1411,諫早,998.53,1000.0,-0.81,長崎,九州,10,5,5,0,0.5,48.0,57.0,-9.0,2025-03-25,2026-07-12
1412,武蔵,998.52,1000.0,2.37,東京,関東・東京,4,2,2,0,0.5,16.0,40.0,-24.0,2026-03-14,2026-07-16
1413,君津,998.52,1000.0,0.63,千葉,関東・東京,10,4,6,0,0.4,53.0,50.0,3.0,2025-04-19,2026-07-15
1414,宮崎南,998.5,1000.0,-7.87,宮崎,九州,10,5,5,0,0.5,59.0,50.0,9.0,2025-03-20,2026-07-11
1415,東大和,998.48,1000.0,2.37,東京,関東・東京,10,5,5,0,0.5,57.0,54.0,3.0,2025-04-04,2026-07-15
1416,福崎,998.45,1000.0,0.49,兵庫,近畿,5,3,2,0,0.6,13.0,19.0,-6.0,2025-04-19,2025-07-15
1417,相馬連合,998.38,1000.0,-1.38,福島,東北,4,2,2,0,0.5,32.0,26.0,6.0,2026-04-25,2026-04-29
1418,那覇工業・真和志・開邦・豊見城南・南部農林,998.35,1000.0,1.73,沖縄,九州,2,1,1,0,0.5,7.0,15.0,-8.0,2025-06-15,2025-06-28
1419,南三陸・宮城水産・涌谷・石巻北,998.34,1000.0,-1.84,山形,東北,2,1,1,0,0.5,11.0,9.0,2.0,2025-07-13,2025-07-17
1420,会津工業,998.34,1000.0,-1.38,福島,東北,11,6,5,0,0.5455,63.0,65.0,-2.0,2025-05-16,2026-05-16
1421,宇短大附,998.3,1000.0,-2.36,栃木,関東・東京,10,5,5,0,0.5,51.0,57.0,-6.0,2025-04-12,2026-07-13
1422,修明,998.3,1000.0,-1.38,福島,東北,12,6,6,0,0.5,65.0,42.0,23.0,2025-05-16,2026-07-10
1423,北星附,998.29,1000.0,-9.79,北海道,北海道,1,1,0,0,1.0,9.0,8.0,1.0,2026-05-09,2026-05-09
1424,松戸・松戸国際・清水・沼南・沼南高柳・流山おおたかの森,998.28,1000.0,0.63,千葉,関東・東京,2,1,1,0,0.5,7.0,10.0,-3.0,2025-07-12,2025-07-16
1425,岡山工,998.26,1000.0,-7.46,鳥取,中国,7,4,3,0,0.5714,36.0,43.0,-7.0,2025-04-26,2026-04-18
1426,安曇川・湖南農業・守山・愛知,998.25,1000.0,-0.81,滋賀,近畿,2,1,1,0,0.5,13.0,16.0,-3.0,2025-04-19,2025-04-26
1427,麻生・国際,998.25,1000.0,-1.03,茨城,関東・東京,2,1,1,0,0.5,9.0,11.0,-2.0,2026-04-09,2026-04-12
1428,明大明治,998.17,1000.0,2.37,東京,関東・東京,9,4,5,0,0.4444,53.0,56.0,-3.0,2025-04-04,2026-07-14
1429,農林・塩山・上野原,998.17,1000.0,-0.05,山梨,関東・東京,2,1,1,0,0.5,8.0,18.0,-10.0,2026-04-12,2026-04-25
1430,南多摩中等,998.16,1000.0,2.37,東京,関東・東京,6,3,3,0,0.5,49.0,45.0,4.0,2025-04-04,2026-07-13
1431,小樽未来,998.15,1000.0,-9.79,北海道,北海道,1,1,0,0,1.0,12.0,3.0,9.0,2025-10-12,2025-10-12
1432,伯太,998.09,1000.0,8.38,大阪,近畿,3,1,2,0,0.3333,17.0,19.0,-2.0,2025-04-05,2025-07-13
1433,神戸甲北・北神戸総合,998.09,1000.0,0.49,兵庫,近畿,2,1,1,0,0.5,9.0,12.0,-3.0,2025-07-11,2025-07-14
1434,開建,998.09,1000.0,2.25,京都,近畿,8,3,5,0,0.375,31.0,33.0,-2.0,2025-04-19,2026-07-18
1435,つくば秀英,998.0,1000.0,-1.03,茨城,関東・東京,12,6,6,0,0.5,50.0,54.0,-4.0,2025-04-21,2026-07-05
1436,山北,997.97,1000.0,4.44,神奈川,関東・東京,5,2,3,0,0.4,16.0,14.0,2.0,2025-04-05,2026-07-14
1437,柴島・東住吉総合・大正白稜,997.91,1000.0,8.38,大阪,近畿,1,0,1,0,0.0,0.0,19.0,-19.0,2026-04-19,2026-04-19
1438,指宿商,997.9,1000.0,1.49,鹿児島,九州,9,4,5,0,0.4444,44.0,46.0,-2.0,2025-03-24,2026-07-10
1439,小林秀峰,997.88,1000.0,-7.87,宮崎,九州,10,5,5,0,0.5,47.0,42.0,5.0,2025-03-24,2026-07-05
1440,浜松学院,997.83,1000.0,-1.42,静岡,東海,2,1,1,0,0.5,4.0,8.0,-4.0,2025-04-19,2025-09-14
1441,前橋西・下仁田・吉井・長野原,997.83,1000.0,3.22,群馬,関東・東京,2,1,1,0,0.5,10.0,20.0,-10.0,2026-04-13,2026-04-19
1442,姫路南,997.81,1000.0,0.49,兵庫,近畿,3,1,2,0,0.3333,13.0,12.0,1.0,2025-04-19,2025-07-10
1443,洛北,997.78,1000.0,2.25,京都,近畿,7,3,4,0,0.4286,44.0,25.0,19.0,2025-04-20,2026-07-15
1444,みどり清朋,997.74,1000.0,8.38,大阪,近畿,7,3,4,0,0.4286,28.0,44.0,-16.0,2025-04-05,2026-07-17
1445,札幌新陽,997.71,1000.0,-9.79,北海道,北海道,10,5,5,0,0.5,46.0,31.0,15.0,2025-05-26,2026-07-12
1446,大阪農芸,997.71,1000.0,8.38,大阪,近畿,1,0,1,0,0.0,0.0,10.0,-10.0,2026-04-19,2026-04-19
1447,宇都宮清陵・さくら清修,997.7,1000.0,-2.36,栃木,関東・東京,2,1,1,0,0.5,8.0,7.0,1.0,2025-04-12,2025-04-19
1448,柴島・東住吉総合・大正白稜・東淀工・淀川清流,997.69,1000.0,8.38,大阪,近畿,1,0,1,0,0.0,2.0,6.0,-4.0,2026-07-05,2026-07-05
1449,城北埼玉,997.66,1000.0,-0.08,埼玉,関東・東京,9,4,5,0,0.4444,61.0,59.0,2.0,2025-04-24,2026-07-18
1450,八幡,997.64,1000.0,2.09,福岡,九州,19,9,10,0,0.4737,91.0,82.0,9.0,2025-03-24,2026-07-19
1451,総合科学,997.61,1000.0,4.44,神奈川,関東・東京,5,2,3,0,0.4,28.0,19.0,9.0,2025-04-05,2026-07-08
1452,紀南・熊野青藍,997.59,1000.0,-4.97,三重,東海,2,1,1,0,0.5,22.0,7.0,15.0,2025-07-06,2025-07-14
1453,川越工,997.57,1000.0,-0.08,埼玉,関東・東京,10,5,5,0,0.5,55.0,49.0,6.0,2025-04-24,2026-07-12
1454,東葉,997.56,1000.0,0.63,千葉,関東・東京,11,5,6,0,0.4545,69.0,71.0,-2.0,2025-04-19,2026-07-15
1455,門真西,997.55,1000.0,8.38,大阪,近畿,1,0,1,0,0.0,0.0,13.0,-13.0,2026-07-11,2026-07-11
1456,福島北・伊達,997.54,1000.0,-1.38,福島,東北,5,2,3,0,0.4,35.0,27.0,8.0,2025-05-16,2025-07-14
1457,勿来工,997.51,1000.0,-1.38,福島,東北,8,4,4,0,0.5,33.0,39.0,-6.0,2025-05-18,2026-07-18
1458,松本美須々ケ丘,997.5,1000.0,-4.39,長野,北信越,12,6,6,0,0.5,68.0,50.0,18.0,2025-05-10,2026-07-05
1459,緑岡,997.48,1000.0,-1.03,茨城,関東・東京,11,5,6,0,0.4545,66.0,47.0,19.0,2025-04-19,2026-07-14
1460,多摩大聖ヶ丘,997.44,1000.0,2.37,東京,関東・東京,7,3,4,0,0.4286,64.0,44.0,20.0,2025-04-04,2026-07-15
1461,庄原格致,997.44,1000.0,-6.32,島根,中国,18,10,8,0,0.5556,94.0,91.0,3.0,2025-04-19,2026-07-11
1462,柏南,997.28,1000.0,0.63,千葉,関東・東京,11,5,6,0,0.4545,51.0,35.0,16.0,2025-04-19,2026-07-14
1463,安達・本宮,997.27,1000.0,-1.38,福島,東北,2,1,1,0,0.5,8.0,13.0,-5.0,2025-05-16,2025-05-16
1464,堺市立堺,997.24,1000.0,8.38,大阪,近畿,1,0,1,0,0.0,1.0,8.0,-7.0,2025-04-27,2025-04-27
1465,阿倍野,997.21,1000.0,8.38,大阪,近畿,9,4,5,0,0.4444,47.0,53.0,-6.0,2025-04-05,2026-07-11
1466,船橋古和釜,997.21,1000.0,0.63,千葉,関東・東京,12,6,6,0,0.5,65.0,70.0,-5.0,2025-04-19,2026-07-15
1467,長野工,997.21,1000.0,-4.39,長野,北信越,14,7,7,0,0.5,63.0,63.0,0.0,2025-05-10,2026-07-05
1468,勿来工業,997.19,1000.0,-1.38,福島,東北,8,4,4,0,0.5,33.0,41.0,-8.0,2025-05-16,2026-05-16
1469,松江西・江津・浜田水産,997.15,1000.0,5.45,広島,中国,1,0,1,0,0.0,3.0,4.0,-1.0,2025-07-12,2025-07-12
1470,奈良商工,997.12,1000.0,3.92,奈良,近畿,9,4,5,0,0.4444,32.0,44.0,-12.0,2025-04-20,2026-07-22
1471,開智未来,997.07,1000.0,-0.08,埼玉,関東・東京,10,5,5,0,0.5,59.0,47.0,12.0,2025-04-24,2026-07-15
1472,科学技術・葛西南・深川・富士,997.07,1000.0,2.37,東京,関東・東京,1,0,1,0,0.0,7.0,8.0,-1.0,2025-04-04,2025-04-04
1473,東宇治,997.06,1000.0,2.25,京都,近畿,9,4,5,0,0.4444,37.0,35.0,2.0,2025-04-20,2026-07-13
1474,稚内大谷,997.05,1000.0,-9.79,北海道,北海道,10,5,5,0,0.5,75.0,49.0,26.0,2025-05-26,2026-07-07
1475,櫻町,997.02,1000.0,2.37,東京,関東・東京,1,0,1,0,0.0,3.0,4.0,-1.0,2025-04-04,2025-04-04
1476,青井・足立東・葛飾総合・蒲田・中野工科・農産・三田・南葛飾,997.02,1000.0,2.37,東京,関東・東京,1,0,1,0,0.0,6.0,7.0,-1.0,2025-04-04,2025-04-04
1477,大船,997.02,1000.0,4.44,神奈川,関東・東京,5,2,3,0,0.4,41.0,30.0,11.0,2025-04-05,2026-07-11
1478,伊達・本宮・福島北,997.01,1000.0,-1.38,福島,東北,6,3,3,0,0.5,25.0,28.0,-3.0,2026-04-24,2026-07-14
1479,徳山商工,996.99,1000.0,-1.06,山口,中国,9,4,5,0,0.4444,51.0,35.0,16.0,2025-04-12,2026-07-18
1480,泉陽,996.98,1000.0,8.38,大阪,近畿,8,3,5,0,0.375,30.0,38.0,-8.0,2025-04-20,2026-07-19
1481,大子清流,996.98,1000.0,-1.03,茨城,関東・東京,6,3,3,0,0.5,25.0,74.0,-49.0,2025-04-19,2026-07-10
1482,豊島,996.97,1000.0,8.38,大阪,近畿,7,3,4,0,0.4286,31.0,35.0,-4.0,2025-04-06,2026-07-11
1483,東北生文大,996.96,1000.0,-1.84,山形,東北,12,5,7,0,0.4167,60.0,49.0,11.0,2025-05-16,2026-07-16
1484,新発田南,996.89,1000.0,-5.27,新潟,北信越,9,4,5,0,0.4444,92.0,56.0,36.0,2025-04-28,2026-07-18
1485,西条農,996.89,1000.0,-6.32,島根,中国,14,7,7,0,0.5,73.0,53.0,20.0,2025-04-19,2026-07-15
1486,大阪ﾋﾞｼﾞﾈｽﾌﾛﾝﾃｨｱ,996.84,1000.0,8.38,大阪,近畿,1,0,1,0,0.0,2.0,10.0,-8.0,2025-04-12,2025-04-12
1487,浜松修学舎,996.81,1000.0,-1.42,静岡,東海,9,4,5,0,0.4444,30.0,44.0,-14.0,2025-04-19,2026-07-18
1488,出石・村岡,996.8,1000.0,0.49,兵庫,近畿,3,1,2,0,0.3333,12.0,10.0,2.0,2026-03-28,2026-07-11
1489,栄北,996.8,1000.0,-0.08,埼玉,関東・東京,9,4,5,0,0.4444,45.0,39.0,6.0,2025-04-24,2026-07-15
1490,青梅総合,996.77,1000.0,2.37,東京,関東・東京,2,1,1,0,0.5,16.0,22.0,-6.0,2025-04-04,2025-07-06
1491,坂出商,996.74,1000.0,-4.3,徳島,四国,4,2,2,0,0.5,15.0,14.0,1.0,2025-03-25,2025-04-06
1492,金沢泉丘,996.71,1000.0,6.19,石川,北信越,9,4,5,0,0.4444,42.0,57.0,-15.0,2025-04-20,2026-07-18
1493,札幌静修,996.71,1000.0,-9.79,北海道,北海道,10,5,5,0,0.5,51.0,51.0,0.0,2025-05-26,2026-06-28
1494,長崎東・西彼杵・鶴洋・海陽・五島,996.7,1000.0,-0.81,長崎,九州,2,1,1,0,0.5,3.0,10.0,-7.0,2025-03-26,2025-03-28
1495,八尾北・布施北・西成,996.61,1000.0,8.38,大阪,近畿,1,0,1,0,0.0,2.0,11.0,-9.0,2026-07-11,2026-07-11
1496,柴島・東住吉総合・大正白稜・東淀工・淀川清流・泉尾工,996.59,1000.0,8.38,大阪,近畿,1,0,1,0,0.0,3.0,9.0,-6.0,2025-07-12,2025-07-12
1497,宮﨑学園,996.59,1000.0,-7.87,宮崎,九州,2,1,1,0,0.5,11.0,2.0,9.0,2026-07-09,2026-07-14
1498,登米総合産,996.55,1000.0,-1.84,山形,東北,9,4,5,0,0.4444,38.0,87.0,-49.0,2025-05-16,2026-07-18
1499,可児,996.52,1000.0,-2.62,岐阜,東海,10,5,5,0,0.5,46.0,67.0,-21.0,2025-04-12,2026-07-18
1500,会津ザベリオ・喜多方桐桜,996.51,1000.0,-1.38,福島,東北,2,1,1,0,0.5,9.0,11.0,-2.0,2025-09-11,2025-09-14
1501,糸魚川,996.48,1000.0,-5.27,新潟,北信越,9,4,5,0,0.4444,51.0,28.0,23.0,2025-04-28,2026-07-14
1502,津山工,996.44,1000.0,-7.46,鳥取,中国,7,4,3,0,0.5714,31.0,36.0,-5.0,2025-04-26,2026-04-12
1503,田川・梓川・明科・穂高商・池田工・蘇南,996.44,1000.0,-4.39,長野,北信越,2,1,1,0,0.5,14.0,12.0,2.0,2025-07-07,2025-07-12
1504,沼津工業,996.43,1000.0,-1.42,静岡,東海,2,1,1,0,0.5,7.0,9.0,-2.0,2025-07-05,2025-07-12
1505,甲府西,996.41,1000.0,-0.05,山梨,関東・東京,10,5,5,0,0.5,84.0,63.0,21.0,2025-04-20,2026-07-05
1506,京都,996.4,1000.0,2.09,福岡,九州,9,4,5,0,0.4444,46.0,40.0,6.0,2025-03-23,2026-07-15
1507,八戸商,996.33,1000.0,4.16,青森,東北,1,0,1,0,0.0,7.0,8.0,-1.0,2026-05-08,2026-05-08
1508,千原台,996.33,1000.0,-4.28,熊本,九州,10,5,5,0,0.5,38.0,35.0,3.0,2025-03-20,2026-07-12
1509,府中東,996.32,1000.0,2.37,東京,関東・東京,25,12,13,0,0.48,105.0,145.0,-40.0,2025-04-04,2026-07-16
1510,仙台東,996.29,1000.0,-1.84,山形,東北,14,7,7,0,0.5,96.0,73.0,23.0,2025-05-16,2026-07-17
1511,八王子北,996.25,1000.0,2.37,東京,関東・東京,9,4,5,0,0.4444,66.0,63.0,3.0,2025-04-04,2026-07-07
1512,大阪教育センター附,996.21,1000.0,8.38,大阪,近畿,1,0,1,0,0.0,0.0,10.0,-10.0,2025-04-06,2025-04-06
1513,大安寺白陵,996.21,1000.0,-7.46,鳥取,中国,3,2,1,0,0.6667,19.0,31.0,-12.0,2025-09-20,2025-09-20
1514,八戸聖ウルスラ,996.2,1000.0,4.16,青森,東北,9,4,5,0,0.4444,46.0,49.0,-3.0,2025-05-12,2026-07-14
1515,日大明誠,996.18,1000.0,-0.05,山梨,関東・東京,9,4,5,0,0.4444,46.0,38.0,8.0,2025-04-19,2026-07-12
1516,玉名・高専熊本・菊池農業,996.1,1000.0,-4.28,熊本,九州,2,1,1,0,0.5,8.0,6.0,2.0,2025-03-22,2025-03-25
1517,岩瀬農,996.1,1000.0,-1.38,福島,東北,4,2,2,0,0.5,20.0,37.0,-17.0,2025-07-13,2026-07-10
1518,鳥取東,996.08,1000.0,1.62,岡山,中国,10,5,5,0,0.5,62.0,66.0,-4.0,2025-04-19,2026-07-12
1519,宮城工,996.08,1000.0,-1.84,山形,東北,2,1,1,0,0.5,8.0,14.0,-6.0,2026-05-16,2026-05-17
1520,八尾北・門真西・開明・布施北・西成,996.05,1000.0,8.38,大阪,近畿,1,0,1,0,0.0,0.0,11.0,-11.0,2025-04-05,2025-04-05
1521,佐世保実,996.04,1000.0,-0.81,長崎,九州,10,5,5,0,0.5,61.0,52.0,9.0,2025-03-25,2026-07-12
1522,富岡西,996.04,1000.0,-0.82,香川,四国,9,4,5,0,0.4444,57.0,53.0,4.0,2025-03-22,2026-07-18
1523,緑峰・紫波,996.01,1000.0,3.8,宮城,東北,1,0,1,0,0.0,3.0,11.0,-8.0,2025-05-16,2025-05-16
1524,木更津,996.0,1000.0,0.63,千葉,関東・東京,11,5,6,0,0.4545,55.0,74.0,-19.0,2025-04-19,2026-07-18
1525,亀山四農,995.99,1000.0,-4.97,三重,東海,2,1,1,0,0.5,15.0,10.0,5.0,2025-04-12,2025-04-12
1526,秦野総合,995.95,1000.0,4.44,神奈川,関東・東京,3,1,2,0,0.3333,19.0,25.0,-6.0,2025-07-10,2026-07-09
1527,渋川青翠,995.94,1000.0,3.22,群馬,関東・東京,9,4,5,0,0.4444,35.0,33.0,2.0,2025-04-15,2026-07-19
1528,田奈・釜利谷・永谷・横浜明朋・三浦初声・横須賀南・海洋科学,995.94,1000.0,4.44,神奈川,関東・東京,1,0,1,0,0.0,13.0,14.0,-1.0,2025-07-13,2025-07-13
1529,函館大有斗,995.94,1000.0,-9.79,北海道,北海道,6,3,3,0,0.5,28.0,28.0,0.0,2025-07-10,2026-07-13
1530,尼崎小田,995.94,1000.0,0.49,兵庫,近畿,13,7,6,0,0.5385,57.0,43.0,14.0,2025-04-19,2026-07-09
1531,笠岡商,995.93,1000.0,-7.46,鳥取,中国,6,3,3,0,0.5,28.0,15.0,13.0,2025-04-26,2026-07-22
1532,武生商工,995.91,1000.0,1.72,福井,北信越,9,4,5,0,0.4444,38.0,35.0,3.0,2025-04-20,2026-07-19
1533,国分,995.91,1000.0,0.63,千葉,関東・東京,19,9,10,0,0.4737,91.0,96.0,-5.0,2025-03-23,2026-07-15
1534,富田林・藤井寺,995.89,1000.0,8.38,大阪,近畿,1,0,1,0,0.0,0.0,12.0,-12.0,2025-04-20,2025-04-20
1535,阿久比,995.87,1000.0,2.72,愛知,東海,17,8,9,0,0.4706,99.0,110.0,-11.0,2025-04-12,2026-07-11
1536,新庄神室産業,995.86,1000.0,-6.25,秋田,東北,6,3,3,0,0.5,31.0,37.0,-6.0,2025-05-11,2026-07-17
1537,富士宮西,995.85,1000.0,-1.42,静岡,東海,13,6,7,0,0.4615,68.0,56.0,12.0,2025-04-19,2026-07-11
1538,苫小牧東,995.85,1000.0,-9.79,北海道,北海道,12,7,5,0,0.5833,71.0,54.0,17.0,2025-05-26,2026-06-25
1539,青翔・奈良南・十津川,995.84,1000.0,3.92,奈良,近畿,1,0,1,0,0.0,1.0,2.0,-1.0,2025-04-19,2025-04-19
1540,相生,995.82,1000.0,0.49,兵庫,近畿,10,5,5,0,0.5,39.0,53.0,-14.0,2025-04-19,2026-07-14
1541,教大天王寺,995.82,1000.0,8.38,大阪,近畿,1,0,1,0,0.0,1.0,8.0,-7.0,2025-07-06,2025-07-06
1542,草津,995.8,1000.0,-0.81,滋賀,近畿,10,5,5,0,0.5,33.0,45.0,-12.0,2025-04-19,2026-07-18
1543,美和・愛西工科,995.73,1000.0,2.72,愛知,東海,3,1,2,0,0.3333,15.0,17.0,-2.0,2026-03-20,2026-03-27
1544,頴娃,995.73,1000.0,1.49,鹿児島,九州,9,4,5,0,0.4444,39.0,30.0,9.0,2025-03-23,2026-07-12
1545,静岡東,995.71,1000.0,-1.42,静岡,東海,15,7,8,0,0.4667,66.0,77.0,-11.0,2025-04-19,2026-07-18
1546,麻布大附,995.68,1000.0,4.44,神奈川,関東・東京,7,3,4,0,0.4286,38.0,38.0,0.0,2025-07-13,2026-07-16
1547,高専熊本,995.66,1000.0,-4.28,熊本,九州,2,1,1,0,0.5,13.0,14.0,-1.0,2025-07-09,2025-07-14
1548,石薬師・南伊勢・鳥羽,995.64,1000.0,-4.97,三重,東海,2,1,1,0,0.5,12.0,8.0,4.0,2026-07-05,2026-07-19
1549,千葉西,995.6,1000.0,0.63,千葉,関東・東京,11,5,6,0,0.4545,65.0,60.0,5.0,2025-04-19,2026-07-14
1550,市立,995.59,1000.0,0.63,千葉,関東・東京,1,0,1,0,0.0,3.0,4.0,-1.0,2025-09-20,2025-09-20
1551,戸畑工,995.56,1000.0,2.09,福岡,九州,3,1,2,0,0.3333,6.0,12.0,-6.0,2025-09-15,2026-03-24
1552,相生産,995.54,1000.0,0.49,兵庫,近畿,10,5,5,0,0.5,58.0,46.0,12.0,2025-04-19,2026-07-11
1553,沼南・沼南高柳・流山おおたかの森・流山北,995.54,1000.0,0.63,千葉,関東・東京,4,2,2,0,0.5,17.0,32.0,-15.0,2025-09-20,2026-04-02
1554,邇摩,995.51,1000.0,5.45,広島,中国,10,5,5,0,0.5,33.0,50.0,-17.0,2025-04-19,2026-07-14
1555,立川国際・東村山・府中,995.48,1000.0,2.37,東京,関東・東京,3,1,2,0,0.3333,16.0,19.0,-3.0,2025-04-04,2025-07-18
1556,鹿西・翠星・明倫,995.47,1000.0,6.19,石川,北信越,1,0,1,0,0.0,2.0,8.0,-6.0,2025-09-13,2025-09-13
1557,壱岐商,995.42,1000.0,-0.81,長崎,九州,7,3,4,0,0.4286,33.0,31.0,2.0,2025-07-08,2026-07-11
1558,農大一,995.41,1000.0,2.37,東京,関東・東京,1,0,1,0,0.0,12.0,16.0,-4.0,2025-04-04,2025-04-04
1559,東住吉総合・大正白稜・泉尾工・柴島・東淀工・淀川清流,995.4,1000.0,8.38,大阪,近畿,1,0,1,0,0.0,0.0,19.0,-19.0,2025-04-12,2025-04-12
1560,新宿,995.39,1000.0,2.37,東京,関東・東京,9,4,5,0,0.4444,74.0,53.0,21.0,2025-04-04,2026-07-10
1561,竹原,995.37,1000.0,-6.32,島根,中国,10,5,5,0,0.5,54.0,51.0,3.0,2025-04-19,2025-09-20
1562,糸島,995.37,1000.0,2.09,福岡,九州,9,4,5,0,0.4444,45.0,60.0,-15.0,2025-03-20,2026-07-12
1563,瀬工瀬北日進,995.37,1000.0,2.72,愛知,東海,1,0,1,0,0.0,0.0,10.0,-10.0,2026-03-21,2026-03-21
1564,瀬戸工瀬戸北日進,995.34,1000.0,2.72,愛知,東海,1,0,1,0,0.0,2.0,7.0,-5.0,2026-03-20,2026-03-20
1565,津田沼・船橋法典,995.33,1000.0,0.63,千葉,関東・東京,1,0,1,0,0.0,4.0,5.0,-1.0,2025-04-19,2025-04-19
1566,市立伊丹・尼崎稲園,995.29,1000.0,0.49,兵庫,近畿,1,0,1,0,0.0,0.0,17.0,-17.0,2026-03-29,2026-03-29
1567,遠野緑峰・江南義塾盛岡,995.29,1000.0,3.8,宮城,東北,1,0,1,0,0.0,2.0,3.0,-1.0,2025-07-14,2025-07-14
1568,五所川原,995.28,1000.0,4.16,青森,東北,9,4,5,0,0.4444,42.0,47.0,-5.0,2025-05-09,2026-07-13
1569,市立沼津,995.22,1000.0,-1.42,静岡,東海,11,5,6,0,0.4545,42.0,49.0,-7.0,2025-04-19,2026-07-11
1570,佐野工科,995.22,1000.0,8.38,大阪,近畿,1,0,1,0,0.0,0.0,17.0,-17.0,2025-07-14,2025-07-14
1571,桂,995.17,1000.0,2.25,京都,近畿,7,3,4,0,0.4286,24.0,24.0,0.0,2025-04-19,2026-07-07
1572,緑風冠,995.16,1000.0,8.38,大阪,近畿,9,4,5,0,0.4444,46.0,75.0,-29.0,2025-04-19,2026-07-11
1573,播磨南・県農,995.16,1000.0,0.49,兵庫,近畿,1,0,1,0,0.0,5.0,6.0,-1.0,2025-04-19,2025-04-19
1574,神戸第一,995.14,1000.0,0.49,兵庫,近畿,12,6,6,0,0.5,36.0,37.0,-1.0,2025-04-19,2026-07-13
1575,秦野曽屋・二宮,995.13,1000.0,4.44,神奈川,関東・東京,1,0,1,0,0.0,9.0,11.0,-2.0,2025-04-05,2025-04-05
1576,金津,995.1,1000.0,1.72,福井,北信越,9,4,5,0,0.4444,32.0,38.0,-6.0,2025-04-26,2026-07-21
1577,登美丘,995.09,1000.0,8.38,大阪,近畿,9,4,5,0,0.4444,36.0,55.0,-19.0,2025-04-12,2026-07-18
1578,生田,995.07,1000.0,4.44,神奈川,関東・東京,5,2,3,0,0.4,25.0,41.0,-16.0,2025-07-12,2026-07-08
1579,三国,995.03,1000.0,1.72,福井,北信越,10,5,5,0,0.5,39.0,40.0,-1.0,2025-04-20,2026-07-12
1580,緑丘春泉日進春西,995.0,1000.0,2.72,愛知,東海,1,0,1,0,0.0,1.0,10.0,-9.0,2025-04-12,2025-04-12
1581,水戸桜ノ牧,994.96,1000.0,-1.03,茨城,関東・東京,11,5,6,0,0.4545,59.0,51.0,8.0,2025-04-19,2026-07-14
1582,稲沢緑風館・犬山総合・一宮商,994.93,1000.0,2.72,愛知,東海,3,1,2,0,0.3333,22.0,32.0,-10.0,2026-03-27,2026-04-02
1583,大宮武蔵野,994.92,1000.0,-0.08,埼玉,関東・東京,9,5,4,0,0.5556,44.0,47.0,-3.0,2025-04-24,2026-07-11
1584,紀南,994.9,1000.0,-4.97,三重,東海,4,2,2,0,0.5,23.0,20.0,3.0,2025-04-12,2025-04-12
1585,西南学院,994.88,1000.0,2.09,福岡,九州,9,4,5,0,0.4444,52.0,54.0,-2.0,2025-03-22,2026-07-14
1586,半田農業・内海・武豊,994.85,1000.0,2.72,愛知,東海,1,0,1,0,0.0,1.0,10.0,-9.0,2025-04-12,2025-04-12
1587,藤島,994.85,1000.0,1.72,福井,北信越,10,5,5,0,0.5,37.0,53.0,-16.0,2025-04-19,2026-07-19
1588,八重山商工,994.83,1000.0,1.73,沖縄,九州,9,4,5,0,0.4444,44.0,38.0,6.0,2025-03-24,2026-06-28
1589,四日市四郷・南伊勢・鳥羽,994.82,1000.0,-4.97,三重,東海,2,1,1,0,0.5,10.0,9.0,1.0,2025-07-08,2025-07-14
1590,隼人工,994.8,1000.0,1.49,鹿児島,九州,7,3,4,0,0.4286,33.0,32.0,1.0,2025-03-24,2026-07-10
1591,守山春日井泉緑丘,994.77,1000.0,2.72,愛知,東海,1,0,1,0,0.0,1.0,9.0,-8.0,2026-03-20,2026-03-20
1592,京都精華学園,994.76,1000.0,2.25,京都,近畿,1,0,1,0,0.0,0.0,7.0,-7.0,2026-05-05,2026-05-05
1593,田辺,994.76,1000.0,0.99,和歌山,近畿,18,8,10,0,0.4444,92.0,88.0,4.0,2025-04-12,2026-07-19
1594,荒川工科・六郷工科,994.75,1000.0,2.37,東京,関東・東京,1,0,1,0,0.0,0.0,7.0,-7.0,2025-04-04,2025-04-04
1595,烏山,994.75,1000.0,-2.36,栃木,関東・東京,10,5,5,0,0.5,37.0,45.0,-8.0,2025-04-12,2026-07-13
1596,足立西,994.75,1000.0,2.37,東京,関東・東京,4,2,2,0,0.5,19.0,19.0,0.0,2025-04-04,2025-07-10
1597,正則学園,994.74,1000.0,2.37,東京,関東・東京,10,5,5,0,0.5,74.0,72.0,2.0,2025-04-04,2026-07-13
1598,守山春泉緑丘,994.74,1000.0,2.72,愛知,東海,1,0,1,0,0.0,3.0,13.0,-10.0,2026-03-21,2026-03-21
1599,小松島,994.71,1000.0,-0.82,香川,四国,8,3,5,0,0.375,77.0,40.0,37.0,2025-03-27,2026-07-20
1600,啓明学園・農業・八王子桑志,994.71,1000.0,2.37,東京,関東・東京,1,0,1,0,0.0,5.0,12.0,-7.0,2025-04-04,2025-04-04
1601,一色・御津,994.69,1000.0,2.72,愛知,東海,1,0,1,0,0.0,6.0,15.0,-9.0,2025-04-12,2025-04-12
1602,新潟西,994.66,1000.0,-5.27,新潟,北信越,8,4,4,0,0.5,40.0,43.0,-3.0,2025-04-26,2026-07-15
1603,大和広陵,994.65,1000.0,3.92,奈良,近畿,8,3,5,0,0.375,34.0,30.0,4.0,2025-04-12,2026-07-19
1604,神戸甲北,994.61,1000.0,0.49,兵庫,近畿,1,0,1,0,0.0,5.0,7.0,-2.0,2025-04-19,2025-04-19
1605,三条,994.6,1000.0,-5.27,新潟,北信越,10,5,5,0,0.5,36.0,47.0,-11.0,2025-04-27,2026-07-11
1606,慶應義塾志木,994.58,1000.0,-0.08,埼玉,関東・東京,1,0,1,0,0.0,8.0,9.0,-1.0,2025-04-24,2025-04-24
1607,佐世保南,994.57,1000.0,-0.81,長崎,九州,9,4,5,0,0.4444,73.0,42.0,31.0,2025-03-25,2026-07-18
1608,新庄志誠館,994.57,1000.0,-6.25,秋田,東北,4,2,2,0,0.5,14.0,23.0,-9.0,2026-05-10,2026-07-17
1609,東野,994.56,1000.0,-0.08,埼玉,関東・東京,9,4,5,0,0.4444,48.0,51.0,-3.0,2025-04-24,2026-07-14
1610,岡山理大付,994.52,1000.0,1.62,岡山,中国,1,0,1,0,0.0,2.0,3.0,-1.0,2026-07-22,2026-07-22
1611,松西･江津・浜水,994.52,1000.0,5.45,広島,中国,1,0,1,0,0.0,1.0,6.0,-5.0,2025-04-19,2025-04-19
1612,桐ヶ丘・三商・千早,994.51,1000.0,2.37,東京,関東・東京,1,0,1,0,0.0,0.0,19.0,-19.0,2025-04-04,2025-04-04
1613,波崎柳川,994.5,1000.0,-1.03,茨城,関東・東京,7,3,4,0,0.4286,36.0,41.0,-5.0,2025-09-20,2026-07-11
1614,都島工,994.48,1000.0,8.38,大阪,近畿,9,4,5,0,0.4444,34.0,40.0,-6.0,2025-04-19,2026-07-05
1615,伊勢崎興陽,994.47,1000.0,3.22,群馬,関東・東京,1,0,1,0,0.0,5.0,6.0,-1.0,2025-07-09,2025-07-09
1616,鷺宮・日本橋・松原・芦花,994.46,1000.0,2.37,東京,関東・東京,1,0,1,0,0.0,2.0,11.0,-9.0,2025-04-04,2025-04-04
1617,瀬戸工瀬戸北,994.46,1000.0,2.72,愛知,東海,1,0,1,0,0.0,3.0,24.0,-21.0,2025-04-12,2025-04-12
1618,南,994.46,1000.0,4.44,神奈川,関東・東京,3,1,2,0,0.3333,14.0,26.0,-12.0,2025-07-10,2026-07-14
1619,市岐阜商,994.45,1000.0,-2.62,岐阜,東海,12,5,7,0,0.4167,31.0,38.0,-7.0,2025-04-12,2026-07-19
1620,県農・播磨南,994.45,1000.0,0.49,兵庫,近畿,1,0,1,0,0.0,1.0,5.0,-4.0,2026-03-29,2026-03-29
1621,農・内・武,994.43,1000.0,2.72,愛知,東海,1,0,1,0,0.0,0.0,22.0,-22.0,2025-04-12,2025-04-12
1622,篠山鳳鳴･有馬･氷上西,994.42,1000.0,0.49,兵庫,近畿,1,0,1,0,0.0,1.0,3.0,-2.0,2025-04-19,2025-04-19
1623,都市大等々力,994.39,1000.0,2.37,東京,関東・東京,1,0,1,0,0.0,2.0,13.0,-11.0,2025-04-04,2025-04-04
1624,千葉工業,994.37,1000.0,0.63,千葉,関東・東京,12,7,5,0,0.5833,43.0,47.0,-4.0,2025-04-19,2026-07-10
1625,泉尾工,994.36,1000.0,8.38,大阪,近畿,1,0,1,0,0.0,1.0,11.0,-10.0,2026-07-12,2026-07-12
1626,玉野,994.29,1000.0,-7.46,鳥取,中国,11,5,6,0,0.4545,67.0,52.0,15.0,2025-04-26,2026-07-16
1627,相馬・相馬総合,994.29,1000.0,-1.38,福島,東北,11,5,6,0,0.4545,65.0,65.0,0.0,2025-05-16,2026-07-14
1628,御津・鷲羽・備前緑陽・倉敷,994.28,1000.0,-7.46,鳥取,中国,2,1,1,0,0.5,26.0,17.0,9.0,2025-04-26,2025-04-26
1629,矢板・黒磯南・黒羽,994.28,1000.0,-2.36,栃木,関東・東京,4,2,2,0,0.5,16.0,23.0,-7.0,2026-04-12,2026-07-15
1630,函館工業,994.28,1000.0,-9.79,北海道,北海道,11,6,5,0,0.5455,38.0,48.0,-10.0,2025-05-26,2026-06-21
1631,宇佐産業科学･由布,994.27,1000.0,2.65,大分,九州,1,0,1,0,0.0,6.0,7.0,-1.0,2025-09-26,2025-09-26
1632,矢板中央,994.26,1000.0,-2.36,栃木,関東・東京,9,4,5,0,0.4444,56.0,45.0,11.0,2025-04-20,2026-07-15
1633,浜坂・村岡・出石,994.26,1000.0,0.49,兵庫,近畿,3,1,2,0,0.3333,14.0,19.0,-5.0,2025-09-13,2025-09-13
1634,高津・横浜旭陵,994.19,1000.0,4.44,神奈川,関東・東京,1,0,1,0,0.0,0.0,10.0,-10.0,2026-07-08,2026-07-08
1635,一関高専・前沢・岩谷堂,994.16,1000.0,3.8,宮城,東北,1,0,1,0,0.0,1.0,2.0,-1.0,2026-07-11,2026-07-11
1636,秋留台・五日市・多摩,994.15,1000.0,2.37,東京,関東・東京,1,0,1,0,0.0,1.0,17.0,-16.0,2025-04-04,2025-04-04
1637,須磨東,994.1,1000.0,0.49,兵庫,近畿,11,5,6,0,0.4545,22.0,49.0,-27.0,2025-04-19,2026-07-13
1638,大島海洋国際・北豊島工科,994.1,1000.0,2.37,東京,関東・東京,1,0,1,0,0.0,0.0,21.0,-21.0,2025-04-04,2025-04-04
1639,中部商,994.09,1000.0,1.73,沖縄,九州,7,3,4,0,0.4286,33.0,39.0,-6.0,2025-03-23,2026-06-28
1640,逗子開成,994.06,1000.0,4.44,神奈川,関東・東京,3,1,2,0,0.3333,12.0,15.0,-3.0,2025-07-11,2026-07-13
1641,米子工,994.04,1000.0,1.62,岡山,中国,7,3,4,0,0.4286,38.0,47.0,-9.0,2025-04-19,2026-07-16
1642,金沢二水,994.02,1000.0,6.19,石川,北信越,9,4,5,0,0.4444,43.0,50.0,-7.0,2025-04-19,2026-07-19
1643,追手門学院,994.02,1000.0,8.38,大阪,近畿,8,3,5,0,0.375,69.0,45.0,24.0,2025-04-20,2026-07-13
1644,浮羽工,994.01,1000.0,2.09,福岡,九州,1,0,1,0,0.0,1.0,2.0,-1.0,2025-03-26,2025-03-26
1645,熊谷,994.01,1000.0,-0.08,埼玉,関東・東京,10,5,5,0,0.5,54.0,53.0,1.0,2025-04-24,2026-07-15
1646,四日市商,993.97,1000.0,-4.97,三重,東海,13,6,7,0,0.4615,77.0,58.0,19.0,2025-04-12,2026-07-19
1647,滑川総合,993.96,1000.0,-0.08,埼玉,関東・東京,9,4,5,0,0.4444,41.0,39.0,2.0,2025-04-24,2026-07-11
1648,福岡大若葉,993.96,1000.0,2.09,福岡,九州,1,0,1,0,0.0,5.0,10.0,-5.0,2026-03-26,2026-03-26
1649,南多摩中教校,993.95,1000.0,2.37,東京,関東・東京,1,0,1,0,0.0,0.0,17.0,-17.0,2025-10-11,2025-10-11
1650,六ヶ所・七戸・野辺地西・野辺地,993.95,1000.0,4.16,青森,東北,1,0,1,0,0.0,4.0,6.0,-2.0,2025-09-05,2025-09-05
1651,篠山鳳鳴・氷上西・氷上,993.94,1000.0,0.49,兵庫,近畿,1,0,1,0,0.0,7.0,11.0,-4.0,2026-03-27,2026-03-27
1652,鷲宮,993.94,1000.0,-0.08,埼玉,関東・東京,9,4,5,0,0.4444,37.0,38.0,-1.0,2025-04-24,2026-07-15
1653,福江・御津あおば,993.93,1000.0,2.72,愛知,東海,1,0,1,0,0.0,5.0,6.0,-1.0,2026-07-07,2026-07-07
1654,粉河,993.93,1000.0,0.99,和歌山,近畿,10,5,5,0,0.5,35.0,46.0,-11.0,2025-04-13,2026-07-11
1655,筑紫中央,993.92,1000.0,2.09,福岡,九州,10,5,5,0,0.5,54.0,60.0,-6.0,2025-03-21,2026-07-10
1656,富士宮北,993.92,1000.0,-1.42,静岡,東海,13,6,7,0,0.4615,59.0,36.0,23.0,2025-04-19,2026-07-04
1657,大東・出雲農林,993.92,1000.0,5.45,広島,中国,1,0,1,0,0.0,0.0,11.0,-11.0,2025-09-13,2025-09-13
1658,神奈川総合産業,993.89,1000.0,4.44,神奈川,関東・東京,1,0,1,0,0.0,2.0,5.0,-3.0,2025-07-10,2025-07-10
1659,賀茂,993.86,1000.0,-6.32,島根,中国,15,7,8,0,0.4667,92.0,72.0,20.0,2025-04-19,2026-07-19
1660,二本松実,993.82,1000.0,-1.38,福島,東北,5,2,3,0,0.4,20.0,26.0,-6.0,2025-07-13,2026-07-10
1661,弘前実業,993.79,1000.0,4.16,青森,東北,8,3,5,0,0.375,50.0,57.0,-7.0,2025-05-10,2026-07-09
1662,江津・江津工業・浜田水産,993.79,1000.0,5.45,広島,中国,1,0,1,0,0.0,4.0,8.0,-4.0,2026-04-17,2026-04-17
1663,御殿場南,993.79,1000.0,-1.42,静岡,東海,11,5,6,0,0.4545,48.0,56.0,-8.0,2025-04-19,2026-07-19
1664,青井・足立東・葛飾総合・千早,993.78,1000.0,2.37,東京,関東・東京,1,0,1,0,0.0,1.0,11.0,-10.0,2025-10-11,2025-10-11
1665,新栄,993.72,1000.0,4.44,神奈川,関東・東京,3,1,2,0,0.3333,16.0,27.0,-11.0,2025-07-12,2026-07-09
1666,取手一,993.7,1000.0,-1.03,茨城,関東・東京,11,5,6,0,0.4545,69.0,45.0,24.0,2025-04-19,2026-07-15
1667,情報・松西・浜商,993.68,1000.0,5.45,広島,中国,1,0,1,0,0.0,1.0,4.0,-3.0,2025-09-12,2025-09-12
1668,津山,993.67,1000.0,-7.46,鳥取,中国,11,5,6,0,0.4545,60.0,68.0,-8.0,2025-04-26,2026-07-20
1669,鷺宮・農大一・芦花,993.66,1000.0,2.37,東京,関東・東京,1,0,1,0,0.0,1.0,13.0,-12.0,2025-10-11,2025-10-11
1670,静内,993.65,1000.0,-9.79,北海道,北海道,9,4,5,0,0.4444,80.0,26.0,54.0,2025-05-26,2026-07-09
1671,いわき総合,993.63,1000.0,-1.38,福島,東北,2,1,1,0,0.5,4.0,10.0,-6.0,2026-07-12,2026-07-15
1672,大船渡東・遠野緑峰・大東・江南義塾盛岡・住田・山田,993.61,1000.0,3.8,宮城,東北,3,1,2,0,0.3333,9.0,23.0,-14.0,2025-09-19,2025-09-19
1673,堅田,993.53,1000.0,-0.81,滋賀,近畿,9,4,5,0,0.4444,40.0,33.0,7.0,2025-04-12,2026-07-07
1674,加古川北,993.5,1000.0,0.49,兵庫,近畿,10,4,6,0,0.4,42.0,29.0,13.0,2025-04-19,2026-07-13
1675,金光八尾,993.49,1000.0,8.38,大阪,近畿,7,3,4,0,0.4286,56.0,53.0,3.0,2025-04-27,2026-07-16
1676,明誠学院,993.46,1000.0,-7.46,鳥取,中国,4,2,2,0,0.5,24.0,22.0,2.0,2025-07-16,2026-07-11
1677,加納,993.43,1000.0,-2.62,岐阜,東海,14,7,7,0,0.5,52.0,65.0,-13.0,2025-04-12,2026-07-20
1678,明新館・天童・谷地・左沢,993.43,1000.0,-6.25,秋田,東北,2,1,1,0,0.5,10.0,11.0,-1.0,2025-09-12,2025-09-12
1679,松任・翠星・野々市明倫,993.43,1000.0,6.19,石川,北信越,1,0,1,0,0.0,2.0,17.0,-15.0,2026-04-19,2026-04-19
1680,野辺地西,993.42,1000.0,4.16,青森,東北,3,1,2,0,0.3333,17.0,23.0,-6.0,2025-05-09,2025-07-15
1681,川辺・串木野・薩摩中央・鶴翔・喜界,993.41,1000.0,1.49,鹿児島,九州,1,0,1,0,0.0,0.0,1.0,-1.0,2025-03-23,2025-03-23
1682,越谷総合,993.39,1000.0,-0.08,埼玉,関東・東京,1,0,1,0,0.0,0.0,17.0,-17.0,2025-09-26,2025-09-26
1683,西海学園,993.35,1000.0,-0.81,長崎,九州,9,4,5,0,0.4444,33.0,36.0,-3.0,2025-03-25,2026-07-12
1684,札幌白石,993.33,1000.0,-9.79,北海道,北海道,10,5,5,0,0.5,62.0,52.0,10.0,2025-05-26,2026-07-08
1685,十日町総合,993.31,1000.0,-5.27,新潟,北信越,2,1,1,0,0.5,15.0,16.0,-1.0,2026-07-12,2026-07-16
1686,神奈川大付,993.3,1000.0,4.44,神奈川,関東・東京,5,2,3,0,0.4,31.0,29.0,2.0,2025-07-09,2026-07-11
1687,光英ＶＥＲＩＴＡＳ,993.3,1000.0,0.63,千葉,関東・東京,1,0,1,0,0.0,2.0,3.0,-1.0,2026-07-11,2026-07-11
1688,川崎工科,993.29,1000.0,4.44,神奈川,関東・東京,5,2,3,0,0.4,20.0,28.0,-8.0,2025-04-06,2026-07-16
1689,尼崎西,993.25,1000.0,0.49,兵庫,近畿,10,5,5,0,0.5,42.0,45.0,-3.0,2025-04-19,2026-07-09
1690,白鶴見大附,993.22,1000.0,4.44,神奈川,関東・東京,1,0,1,0,0.0,1.0,12.0,-11.0,2025-09-07,2025-09-07
1691,森村学園,993.2,1000.0,4.44,神奈川,関東・東京,3,1,2,0,0.3333,15.0,26.0,-11.0,2025-07-09,2026-07-08
1692,田辺工,993.19,1000.0,0.99,和歌山,近畿,5,2,3,0,0.4,11.0,16.0,-5.0,2025-04-12,2026-07-16
1693,久留米筑水・八女農業・輝翔館,993.18,1000.0,2.09,福岡,九州,1,0,1,0,0.0,8.0,9.0,-1.0,2026-07-10,2026-07-10
1694,福岡柏陵,993.17,1000.0,2.09,福岡,九州,1,0,1,0,0.0,0.0,10.0,-10.0,2025-09-15,2025-09-15
1695,鞍手竜徳,993.16,1000.0,2.09,福岡,九州,3,1,2,0,0.3333,11.0,12.0,-1.0,2025-03-23,2025-07-07
1696,常翔啓光学園,993.13,1000.0,8.38,大阪,近畿,8,3,5,0,0.375,52.0,67.0,-15.0,2025-04-20,2026-07-16
1697,釧路工業・厚岸翔洋・標茶,993.1,1000.0,-9.79,北海道,北海道,2,1,1,0,0.5,15.0,7.0,8.0,2026-05-12,2026-05-14
1698,姫路別所・千種・太子・夢前,993.06,1000.0,0.49,兵庫,近畿,1,0,1,0,0.0,4.0,11.0,-7.0,2025-04-19,2025-04-19
1699,那須拓陽,993.05,1000.0,-2.36,栃木,関東・東京,9,4,5,0,0.4444,52.0,42.0,10.0,2025-04-12,2026-07-19
1700,多賀城,993.05,1000.0,-1.84,山形,東北,12,6,6,0,0.5,73.0,56.0,17.0,2025-05-16,2026-07-14
1701,西宮北,993.04,1000.0,0.49,兵庫,近畿,1,0,1,0,0.0,0.0,6.0,-6.0,2025-04-19,2025-04-19
1702,磐田農業,993.02,1000.0,-1.42,静岡,東海,4,2,2,0,0.5,14.0,22.0,-8.0,2025-07-06,2026-07-12
1703,四街道北 ・旭農業・銚子・成田西陵・八街,992.99,1000.0,0.63,千葉,関東・東京,1,0,1,0,0.0,0.0,19.0,-19.0,2025-09-20,2025-09-20
1704,出雲商,992.99,1000.0,5.45,広島,中国,8,3,5,0,0.375,56.0,47.0,9.0,2025-04-18,2026-07-14
1705,沼津工,992.97,1000.0,-1.42,静岡,東海,1,0,1,0,0.0,2.0,4.0,-2.0,2025-04-19,2025-04-19
1706,京都農芸,992.95,1000.0,2.25,京都,近畿,1,0,1,0,0.0,1.0,5.0,-4.0,2026-04-18,2026-04-18
1707,京都先端大付,992.94,1000.0,2.25,京都,近畿,1,0,1,0,0.0,2.0,4.0,-2.0,2025-09-15,2025-09-15
1708,新宮・新翔・串本古座,992.91,1000.0,0.99,和歌山,近畿,1,0,1,0,0.0,3.0,4.0,-1.0,2025-04-13,2025-04-13
1709,神戸北・伊川谷北,992.88,1000.0,0.49,兵庫,近畿,1,0,1,0,0.0,2.0,9.0,-7.0,2025-04-19,2025-04-19
1710,神奈川県商工,992.88,1000.0,4.44,神奈川,関東・東京,5,2,3,0,0.4,15.0,22.0,-7.0,2025-04-05,2026-07-07
1711,都市大等々力,992.86,1000.0,2.37,東京,関東・東京,7,3,4,0,0.4286,36.0,40.0,-4.0,2025-04-04,2026-07-14
1712,丸の内・追手前,992.86,1000.0,3.76,高知,四国,3,1,2,0,0.3333,9.0,20.0,-11.0,2025-09-13,2026-03-26
1713,弘前工業,992.86,1000.0,4.16,青森,東北,9,4,5,0,0.4444,45.0,76.0,-31.0,2025-05-12,2026-07-15
1714,宜野湾・嘉手納,992.84,1000.0,1.73,沖縄,九州,1,0,1,0,0.0,0.0,1.0,-1.0,2025-09-23,2025-09-23
1715,浜松城北,992.84,1000.0,-1.42,静岡,東海,1,0,1,0,0.0,0.0,2.0,-2.0,2025-04-19,2025-04-19
1716,浜松工業,992.84,1000.0,-1.42,静岡,東海,5,2,3,0,0.4,23.0,22.0,1.0,2025-07-05,2026-07-11
1717,清水・沼南・沼南高柳・流山おおたかの森・麗澤,992.83,1000.0,0.63,千葉,関東・東京,1,0,1,0,0.0,2.0,10.0,-8.0,2025-04-19,2025-04-19
1718,幸手桜･吉川美南･松伏･三郷工業技術,992.81,1000.0,-0.08,埼玉,関東・東京,1,0,1,0,0.0,0.0,25.0,-25.0,2026-07-10,2026-07-10
1719,結城一・総和工・古河二・茎崎,992.8,1000.0,-1.03,茨城,関東・東京,1,0,1,0,0.0,8.0,9.0,-1.0,2025-09-20,2025-09-20
1720,相模原弥栄,992.77,1000.0,4.44,神奈川,関東・東京,8,3,5,0,0.375,37.0,43.0,-6.0,2025-04-06,2026-07-14
1721,桜美学園,992.76,1000.0,-7.87,宮崎,九州,2,1,1,0,0.5,21.0,11.0,10.0,2025-07-13,2025-07-19
1722,琴似工業,992.75,1000.0,-9.79,北海道,北海道,8,4,4,0,0.5,61.0,42.0,19.0,2025-05-26,2026-05-15
1723,足利,992.74,1000.0,-2.36,栃木,関東・東京,10,5,5,0,0.5,62.0,77.0,-15.0,2025-04-14,2026-07-14
1724,獨協埼玉,992.73,1000.0,-0.08,埼玉,関東・東京,10,5,5,0,0.5,57.0,42.0,15.0,2025-04-24,2026-07-11
1725,秦野曽屋・二宮・足柄,992.72,1000.0,4.44,神奈川,関東・東京,1,0,1,0,0.0,1.0,4.0,-3.0,2025-09-06,2025-09-06
1726,飯田OIDE長姫,992.71,1000.0,-4.39,長野,北信越,11,5,6,0,0.4545,61.0,63.0,-2.0,2025-05-10,2026-07-08
1727,旭農業・銚子,992.7,1000.0,0.63,千葉,関東・東京,1,0,1,0,0.0,4.0,13.0,-9.0,2025-04-19,2025-04-19
1728,大洲,992.7,1000.0,-7.48,愛媛,四国,6,3,3,0,0.5,39.0,35.0,4.0,2025-03-20,2026-07-15
1729,鴨川令徳,992.69,1000.0,0.63,千葉,関東・東京,10,5,5,0,0.5,39.0,61.0,-22.0,2025-07-10,2026-07-14
1730,府中工,992.68,1000.0,2.37,東京,関東・東京,1,0,1,0,0.0,4.0,7.0,-3.0,2025-04-06,2025-04-06
1731,寿都・岩内・蘭越,992.66,1000.0,-9.79,北海道,北海道,2,1,1,0,0.5,11.0,13.0,-2.0,2026-05-13,2026-05-16
1732,柏中央,992.66,1000.0,0.63,千葉,関東・東京,11,5,6,0,0.4545,74.0,57.0,17.0,2025-04-19,2026-07-13
1733,江津・浜田水産,992.64,1000.0,5.45,広島,中国,1,0,1,0,0.0,1.0,10.0,-9.0,2026-07-13,2026-07-13
1734,久居,992.63,1000.0,-4.97,三重,東海,14,7,7,0,0.5,84.0,59.0,25.0,2025-04-12,2026-07-19
1735,大洲・大洲農,992.63,1000.0,-7.48,愛媛,四国,4,2,2,0,0.5,19.0,28.0,-9.0,2025-09-20,2026-03-26
1736,玖珠美山・大分東・安心院・由布,992.62,1000.0,2.65,大分,九州,1,0,1,0,0.0,0.0,3.0,-3.0,2025-03-22,2025-03-22
1737,市川昴・松戸・松戸国際,992.62,1000.0,0.63,千葉,関東・東京,1,0,1,0,0.0,3.0,13.0,-10.0,2025-04-19,2025-04-19
1738,東北信連合,992.59,1000.0,-4.39,長野,北信越,2,1,1,0,0.5,11.0,19.0,-8.0,2025-09-20,2025-09-20
1739,筑波大付,992.57,1000.0,2.37,東京,関東・東京,1,0,1,0,0.0,1.0,3.0,-2.0,2025-07-10,2025-07-10
1740,日向学院,992.57,1000.0,-7.87,宮崎,九州,10,5,5,0,0.5,46.0,48.0,-2.0,2025-03-24,2026-07-14
1741,足立学園,992.56,1000.0,2.37,東京,関東・東京,9,4,5,0,0.4444,36.0,47.0,-11.0,2025-04-04,2026-07-13
1742,山口,992.54,1000.0,-1.06,山口,中国,9,4,5,0,0.4444,61.0,51.0,10.0,2025-04-12,2026-07-18
1743,上野,992.53,1000.0,-4.97,三重,東海,16,7,9,0,0.4375,88.0,73.0,15.0,2025-04-12,2026-07-18
1744,豊明,992.51,1000.0,2.72,愛知,東海,14,6,8,0,0.4286,83.0,93.0,-10.0,2025-04-12,2026-07-04
1745,千歳丘,992.5,1000.0,2.37,東京,関東・東京,9,4,5,0,0.4444,44.0,41.0,3.0,2025-04-04,2026-07-10
1746,瀬戸工科・瀬戸北総合・日進,992.49,1000.0,2.72,愛知,東海,3,1,2,0,0.3333,16.0,32.0,-16.0,2025-09-13,2025-09-13
1747,小倉工,992.47,1000.0,2.09,福岡,九州,5,2,3,0,0.4,13.0,24.0,-11.0,2025-03-24,2026-03-30
1748,平工業,992.47,1000.0,-1.38,福島,東北,8,3,5,0,0.375,41.0,33.0,8.0,2025-05-16,2026-05-17
1749,志木・浦和東・新座総合技術,992.46,1000.0,-0.08,埼玉,関東・東京,1,0,1,0,0.0,0.0,5.0,-5.0,2026-04-12,2026-04-12
1750,大網・九十九里・東金・茂原樟陽,992.46,1000.0,0.63,千葉,関東・東京,1,0,1,0,0.0,0.0,13.0,-13.0,2025-04-19,2025-04-19
1751,富田林,992.44,1000.0,8.38,大阪,近畿,5,2,3,0,0.4,20.0,35.0,-15.0,2025-07-12,2026-07-14
1752,首里東・八重山農林,992.42,1000.0,1.73,沖縄,九州,1,0,1,0,0.0,2.0,4.0,-2.0,2025-03-22,2025-03-22
1753,佐世保北,992.42,1000.0,-0.81,長崎,九州,9,4,5,0,0.4444,38.0,40.0,-2.0,2025-03-29,2026-07-18
1754,伊丹,992.41,1000.0,0.49,兵庫,近畿,1,0,1,0,0.0,1.0,2.0,-1.0,2025-04-20,2025-04-20
1755,横浜立野,992.38,1000.0,4.44,神奈川,関東・東京,3,1,2,0,0.3333,18.0,28.0,-10.0,2025-07-11,2026-07-08
1756,天羽・木更津高専・君津青葉,992.38,1000.0,0.63,千葉,関東・東京,1,0,1,0,0.0,2.0,20.0,-18.0,2025-04-19,2025-04-19
1757,方谷學舎,992.37,1000.0,-7.46,鳥取,中国,8,4,4,0,0.5,33.0,24.0,9.0,2025-04-26,2026-07-18
1758,4校連合B,992.37,1000.0,-0.08,埼玉,関東・東京,1,0,1,0,0.0,0.0,11.0,-11.0,2025-04-24,2025-04-24
1759,稲毛・生浜・市原・市原緑,992.36,1000.0,0.63,千葉,関東・東京,1,0,1,0,0.0,0.0,13.0,-13.0,2025-04-19,2025-04-19
1760,蒲郡,992.34,1000.0,2.72,愛知,東海,20,9,11,0,0.45,86.0,123.0,-37.0,2025-04-12,2026-07-07
1761,浜松城北工業,992.33,1000.0,-1.42,静岡,東海,3,1,2,0,0.3333,14.0,9.0,5.0,2025-07-05,2026-07-05
1762,八潮フロンティア,992.31,1000.0,-0.08,埼玉,関東・東京,3,1,2,0,0.3333,29.0,28.0,1.0,2026-04-10,2026-07-14
1763,中村学園三陽,992.3,1000.0,2.09,福岡,九州,3,1,2,0,0.3333,7.0,10.0,-3.0,2025-03-26,2026-03-24
1764,香芝,992.27,1000.0,3.92,奈良,近畿,9,4,5,0,0.4444,42.0,67.0,-25.0,2025-04-19,2026-07-16
1765,加治木工,992.27,1000.0,1.49,鹿児島,九州,8,3,5,0,0.375,30.0,23.0,7.0,2025-03-20,2026-07-08
1766,熊谷農業・桶川西・日高・越生,992.26,1000.0,-0.08,埼玉,関東・東京,1,0,1,0,0.0,0.0,10.0,-10.0,2025-09-26,2025-09-26
1767,小松明峰,992.23,1000.0,6.19,石川,北信越,8,3,5,0,0.375,37.0,39.0,-2.0,2025-04-20,2026-07-11
1768,高輪,992.22,1000.0,2.37,東京,関東・東京,10,5,5,0,0.5,51.0,74.0,-23.0,2025-04-04,2026-07-16
1769,佐久間,992.21,1000.0,-1.42,静岡,東海,3,1,2,0,0.3333,12.0,17.0,-5.0,2025-04-19,2025-04-19
1770,麻生総合・高津・横浜旭陵,992.2,1000.0,4.44,神奈川,関東・東京,1,0,1,0,0.0,2.0,8.0,-6.0,2025-07-13,2025-07-13
1771,東京都市大付,992.19,1000.0,2.37,東京,関東・東京,1,0,1,0,0.0,4.0,9.0,-5.0,2025-04-07,2025-04-07
1772,高畠・南陽・長井・長井工業,992.15,1000.0,-6.25,秋田,東北,2,1,1,0,0.5,10.0,18.0,-8.0,2025-09-13,2025-09-19
1773,白河旭・県立石川・船引・小野,992.14,1000.0,-1.38,福島,東北,1,0,1,0,0.0,5.0,8.0,-3.0,2025-05-16,2025-05-16
1774,上矢部,992.14,1000.0,4.44,神奈川,関東・東京,5,2,3,0,0.4,18.0,29.0,-11.0,2025-04-06,2026-07-14
1775,春日部東,992.14,1000.0,-0.08,埼玉,関東・東京,9,4,5,0,0.4444,47.0,56.0,-9.0,2025-04-24,2026-07-14
1776,千葉科大附,992.13,1000.0,0.63,千葉,関東・東京,1,0,1,0,0.0,2.0,4.0,-2.0,2026-07-10,2026-07-10
1777,博多,992.12,1000.0,2.09,福岡,九州,9,4,5,0,0.4444,32.0,41.0,-9.0,2025-03-21,2026-07-09
1778,青森明の星,992.1,1000.0,4.16,青森,東北,8,3,5,0,0.375,55.0,28.0,27.0,2025-05-12,2026-07-09
1779,青陵,992.1,1000.0,-7.46,鳥取,中国,4,2,2,0,0.5,23.0,24.0,-1.0,2025-04-26,2025-09-20
1780,麻生・高津・横浜旭陵,992.08,1000.0,4.44,神奈川,関東・東京,1,0,1,0,0.0,0.0,7.0,-7.0,2025-09-06,2025-09-06
1781,上溝南,992.08,1000.0,4.44,神奈川,関東・東京,7,3,4,0,0.4286,23.0,37.0,-14.0,2025-04-06,2026-07-08
1782,太田一,992.07,1000.0,-1.03,茨城,関東・東京,12,6,6,0,0.5,59.0,62.0,-3.0,2025-04-19,2026-07-15
1783,喜多方桐桜・ザベリオ,992.03,1000.0,-1.38,福島,東北,1,0,1,0,0.0,3.0,5.0,-2.0,2025-09-11,2025-09-11
1784,長岡商,992.01,1000.0,-5.27,新潟,北信越,9,4,5,0,0.4444,69.0,43.0,26.0,2025-04-26,2026-07-14
1785,向原・加計・千代田・三次青陵,992.01,1000.0,-6.32,島根,中国,2,1,1,0,0.5,5.0,13.0,-8.0,2025-07-06,2025-07-11
1786,藤沢工科,992.0,1000.0,4.44,神奈川,関東・東京,1,0,1,0,0.0,0.0,11.0,-11.0,2026-07-09,2026-07-09
1787,藤沢総合・深沢・藤沢工科,991.97,1000.0,4.44,神奈川,関東・東京,1,0,1,0,0.0,1.0,15.0,-14.0,2025-07-13,2025-07-13
1788,東鷹・田川科学技術,991.97,1000.0,2.09,福岡,九州,1,0,1,0,0.0,7.0,9.0,-2.0,2025-07-09,2025-07-09
1789,小高産業,991.95,1000.0,-1.38,福島,東北,1,0,1,0,0.0,5.0,9.0,-4.0,2025-05-16,2025-05-16
1790,前橋西・玉村・榛名・下仁田・藤岡工・吉井・長野原,991.95,1000.0,3.22,群馬,関東・東京,1,0,1,0,0.0,2.0,16.0,-14.0,2026-07-06,2026-07-06
1791,札幌平岡,991.95,1000.0,-9.79,北海道,北海道,8,4,4,0,0.5,41.0,49.0,-8.0,2025-05-26,2026-07-09
1792,御影,991.94,1000.0,0.49,兵庫,近畿,8,3,5,0,0.375,47.0,46.0,1.0,2025-04-19,2026-07-11
1793,カトリック,991.92,1000.0,1.73,沖縄,九州,7,3,4,0,0.4286,28.0,35.0,-7.0,2025-03-21,2026-06-23
1794,東淀川,991.88,1000.0,8.38,大阪,近畿,8,3,5,0,0.375,26.0,33.0,-7.0,2025-04-06,2026-07-22
1795,寒川・藤沢総合・深沢・厚木清南,991.88,1000.0,4.44,神奈川,関東・東京,1,0,1,0,0.0,2.0,11.0,-9.0,2026-07-08,2026-07-08
1796,玉村・利根実・榛名・藤岡工,991.87,1000.0,3.22,群馬,関東・東京,1,0,1,0,0.0,1.0,11.0,-10.0,2026-04-14,2026-04-14
1797,柏崎,991.85,1000.0,-5.27,新潟,北信越,9,4,5,0,0.4444,40.0,32.0,8.0,2025-04-28,2026-07-10
1798,宜野湾,991.8,1000.0,1.73,沖縄,九州,7,3,4,0,0.4286,23.0,33.0,-10.0,2025-03-23,2026-06-28
1799,児玉・進修館・小鹿野・寄居城北・深谷,991.8,1000.0,-0.08,埼玉,関東・東京,1,0,1,0,0.0,0.0,13.0,-13.0,2026-04-12,2026-04-12
1800,水郡連合,991.77,1000.0,-1.03,茨城,関東・東京,1,0,1,0,0.0,2.0,9.0,-7.0,2026-04-13,2026-04-13
1801,南部龍神,991.77,1000.0,0.99,和歌山,近畿,9,4,5,0,0.4444,38.0,55.0,-17.0,2025-04-19,2026-07-23
1802,四ツ葉中等・玉村・下仁田,991.75,1000.0,3.22,群馬,関東・東京,1,0,1,0,0.0,0.0,4.0,-4.0,2025-07-08,2025-07-08
1803,名久井農・大間,991.74,1000.0,4.16,青森,東北,1,0,1,0,0.0,2.0,9.0,-7.0,2025-09-05,2025-09-05
1804,県立大附属,991.74,1000.0,3.92,奈良,近畿,1,0,1,0,0.0,0.0,13.0,-13.0,2026-04-19,2026-04-19
1805,福岡魁誠,991.71,1000.0,2.09,福岡,九州,9,4,5,0,0.4444,41.0,44.0,-3.0,2025-03-20,2026-07-12
1806,相模田名,991.7,1000.0,4.44,神奈川,関東・東京,3,1,2,0,0.3333,12.0,23.0,-11.0,2025-07-11,2026-07-11
1807,福岡農,991.7,1000.0,2.09,福岡,九州,1,0,1,0,0.0,6.0,15.0,-9.0,2026-03-27,2026-03-27
1808,有田中央・南部,991.68,1000.0,0.99,和歌山,近畿,1,0,1,0,0.0,6.0,8.0,-2.0,2025-04-12,2025-04-12
1809,石神井,991.68,1000.0,2.37,東京,関東・東京,9,4,5,0,0.4444,47.0,61.0,-14.0,2025-04-04,2026-07-10
1810,波崎柳川・玉造工・茨城東,991.66,1000.0,-1.03,茨城,関東・東京,3,1,2,0,0.3333,8.0,14.0,-6.0,2025-04-19,2025-07-11
1811,5校連合A,991.65,1000.0,-0.08,埼玉,関東・東京,1,0,1,0,0.0,0.0,15.0,-15.0,2025-04-24,2025-04-24
1812,4校連合A,991.65,1000.0,-0.08,埼玉,関東・東京,1,0,1,0,0.0,1.0,15.0,-14.0,2025-04-24,2025-04-24
1813,横須賀大津,991.65,1000.0,4.44,神奈川,関東・東京,7,3,4,0,0.4286,31.0,53.0,-22.0,2025-04-05,2026-07-13
1814,青井・足立東・農産・南葛飾,991.63,1000.0,2.37,東京,関東・東京,1,0,1,0,0.0,0.0,37.0,-37.0,2026-07-08,2026-07-08
1815,越谷南,991.61,1000.0,-0.08,埼玉,関東・東京,9,4,5,0,0.4444,68.0,54.0,14.0,2025-04-24,2026-07-15
1816,帯広工業,991.6,1000.0,-9.79,北海道,北海道,7,3,4,0,0.4286,51.0,31.0,20.0,2025-05-26,2026-06-27
1817,青森中央・青森東・松風塾,991.59,1000.0,4.16,青森,東北,5,2,3,0,0.4,20.0,24.0,-4.0,2025-09-06,2026-07-08
1818,矢部・甲佐・湧心館・八代農,991.58,1000.0,-4.28,熊本,九州,2,1,1,0,0.5,10.0,32.0,-22.0,2026-07-08,2026-07-12
1819,弘前・柏木農業・五所川原工科,991.57,1000.0,4.16,青森,東北,1,0,1,0,0.0,0.0,7.0,-7.0,2025-09-08,2025-09-08
1820,長久手,991.56,1000.0,2.72,愛知,東海,17,8,9,0,0.4706,67.0,96.0,-29.0,2025-04-12,2026-07-18
1821,農林・塩山・上野原・富士河口湖,991.55,1000.0,-0.05,山梨,関東・東京,1,0,1,0,0.0,0.0,1.0,-1.0,2025-09-07,2025-09-07
1822,豊田北,991.54,1000.0,2.72,愛知,東海,15,7,8,0,0.4667,70.0,59.0,11.0,2025-04-12,2026-07-11
1823,利根実・榛名・藤岡工,991.54,1000.0,3.22,群馬,関東・東京,1,0,1,0,0.0,3.0,6.0,-3.0,2025-09-06,2025-09-06
1824,久留米筑水・輝翔館,991.54,1000.0,2.09,福岡,九州,1,0,1,0,0.0,6.0,9.0,-3.0,2025-07-06,2025-07-06
1825,庄原実業,991.52,1000.0,-6.32,島根,中国,7,3,4,0,0.4286,37.0,30.0,7.0,2025-04-19,2026-07-12
1826,伊川谷,991.51,1000.0,0.49,兵庫,近畿,3,1,2,0,0.3333,6.0,22.0,-16.0,2025-04-19,2025-07-15
1827,莵道,991.51,1000.0,2.25,京都,近畿,6,2,4,0,0.3333,29.0,27.0,2.0,2025-04-20,2026-07-12
1828,古河二・総和工業・結城一・石下紫峰・茎崎,991.51,1000.0,-1.03,茨城,関東・東京,1,0,1,0,0.0,2.0,9.0,-7.0,2025-04-19,2025-04-19
1829,江津工,991.5,1000.0,5.45,広島,中国,4,1,3,0,0.25,26.0,31.0,-5.0,2025-04-18,2026-07-13
1830,盛岡白百合,991.5,1000.0,3.8,宮城,東北,4,1,3,0,0.25,10.0,22.0,-12.0,2026-04-25,2026-07-18
1831,平塚農商,991.5,1000.0,4.44,神奈川,関東・東京,1,0,1,0,0.0,1.0,12.0,-11.0,2026-07-09,2026-07-09
1832,竹田・玖珠美山,991.5,1000.0,2.65,大分,九州,1,0,1,0,0.0,1.0,11.0,-10.0,2026-03-22,2026-03-22
1833,川越総合・日高・越生翔桜・桶川西・小川,991.48,1000.0,-0.08,埼玉,関東・東京,1,0,1,0,0.0,5.0,18.0,-13.0,2026-04-12,2026-04-12
1834,大分東・宇佐産業科学・由布,991.48,1000.0,2.65,大分,九州,1,0,1,0,0.0,0.0,12.0,-12.0,2026-03-26,2026-03-26
1835,方谷学舎,991.47,1000.0,-7.46,鳥取,中国,4,2,2,0,0.5,21.0,21.0,0.0,2025-09-20,2026-04-18
1836,札幌創成,991.47,1000.0,-9.79,北海道,北海道,9,4,5,0,0.4444,53.0,41.0,12.0,2025-05-26,2026-07-11
1837,府立工,991.46,1000.0,2.25,京都,近畿,1,0,1,0,0.0,1.0,5.0,-4.0,2025-09-14,2025-09-14
1838,宇美商,991.41,1000.0,2.09,福岡,九州,1,0,1,0,0.0,2.0,9.0,-7.0,2026-03-26,2026-03-26
1839,坂戸西,991.41,1000.0,-0.08,埼玉,関東・東京,9,4,5,0,0.4444,43.0,69.0,-26.0,2025-04-24,2026-07-15
1840,川根・清水西,991.4,1000.0,-1.42,静岡,東海,1,0,1,0,0.0,0.0,8.0,-8.0,2025-09-14,2025-09-14
1841,伊野商業,991.39,1000.0,3.76,高知,四国,1,0,1,0,0.0,1.0,9.0,-8.0,2025-09-06,2025-09-06
1842,磐田西,991.38,1000.0,-1.42,静岡,東海,11,5,6,0,0.4545,64.0,73.0,-9.0,2025-04-19,2026-07-12
1843,川西明峰,991.37,1000.0,0.49,兵庫,近畿,11,5,6,0,0.4545,42.0,41.0,1.0,2025-04-19,2026-07-10
1844,開陽,991.37,1000.0,1.49,鹿児島,九州,3,1,2,0,0.3333,17.0,33.0,-16.0,2025-09-23,2026-07-08
1845,秩父農工,991.34,1000.0,-0.08,埼玉,関東・東京,1,0,1,0,0.0,0.0,25.0,-25.0,2025-09-26,2025-09-26
1846,明成・安達・本宮,991.33,1000.0,-1.38,福島,東北,3,1,2,0,0.3333,18.0,25.0,-7.0,2025-09-11,2025-09-15
1847,東京学館船橋,991.33,1000.0,0.63,千葉,関東・東京,1,0,1,0,0.0,1.0,5.0,-4.0,2026-07-10,2026-07-10
1848,春日丘,991.32,1000.0,8.38,大阪,近畿,8,3,5,0,0.375,30.0,49.0,-19.0,2025-04-19,2026-07-16
1849,南稜,991.32,1000.0,-0.08,埼玉,関東・東京,19,9,10,0,0.4737,110.0,118.0,-8.0,2025-03-22,2026-07-18
1850,大井・小田原城北工業,991.29,1000.0,4.44,神奈川,関東・東京,1,0,1,0,0.0,0.0,12.0,-12.0,2025-07-09,2025-07-09
1851,小城,991.28,1000.0,-9.64,佐賀,九州,11,6,5,0,0.5455,45.0,48.0,-3.0,2025-03-21,2026-07-09
1852,三田祥雲館,991.28,1000.0,0.49,兵庫,近畿,8,3,5,0,0.375,33.0,36.0,-3.0,2025-04-19,2026-07-11
1853,神代,991.27,1000.0,2.37,東京,関東・東京,5,2,3,0,0.4,15.0,27.0,-12.0,2025-04-04,2026-07-10
1854,境港総合技術,991.26,1000.0,1.62,岡山,中国,3,1,2,0,0.3333,5.0,13.0,-8.0,2025-04-21,2025-07-20
1855,文教大附,991.25,1000.0,-9.79,北海道,北海道,6,3,3,0,0.5,30.0,32.0,-2.0,2025-05-26,2025-10-12
1856,水戸工,991.24,1000.0,-1.03,茨城,関東・東京,11,5,6,0,0.4545,59.0,78.0,-19.0,2025-04-19,2026-07-14
1857,南多摩中央,991.24,1000.0,2.37,東京,関東・東京,1,0,1,0,0.0,4.0,8.0,-4.0,2025-07-13,2025-07-13
1858,中部農林・名護商工,991.19,1000.0,1.73,沖縄,九州,1,0,1,0,0.0,1.0,5.0,-4.0,2025-03-21,2025-03-21
1859,玖珠美山・安心院,991.19,1000.0,2.65,大分,九州,1,0,1,0,0.0,4.0,8.0,-4.0,2025-07-07,2025-07-07
1860,尼崎工,991.19,1000.0,0.49,兵庫,近畿,11,5,6,0,0.4545,27.0,44.0,-17.0,2025-04-19,2026-07-18
1861,奈良南・青翔・十津川,991.16,1000.0,3.92,奈良,近畿,1,0,1,0,0.0,0.0,10.0,-10.0,2025-07-14,2025-07-14
1862,若松・行橋,991.16,1000.0,2.09,福岡,九州,1,0,1,0,0.0,2.0,7.0,-5.0,2025-03-21,2025-03-21
1863,千葉経済大附,991.14,1000.0,0.63,千葉,関東・東京,3,1,2,0,0.3333,15.0,23.0,-8.0,2025-07-10,2026-07-20
1864,小田原,991.13,1000.0,4.44,神奈川,関東・東京,4,1,3,0,0.25,15.0,22.0,-7.0,2025-04-05,2026-07-13
1865,島田工業,991.12,1000.0,-1.42,静岡,東海,5,2,3,0,0.4,15.0,19.0,-4.0,2025-07-05,2026-07-21
1866,川越総合・浦和東・新座総合,991.12,1000.0,-0.08,埼玉,関東・東京,1,0,1,0,0.0,0.0,11.0,-11.0,2025-09-26,2025-09-26
1867,三田,991.11,1000.0,2.37,東京,関東・東京,1,0,1,0,0.0,2.0,6.0,-4.0,2025-07-11,2025-07-11
1868,出水工,991.1,1000.0,1.49,鹿児島,九州,9,4,5,0,0.4444,46.0,42.0,4.0,2025-03-20,2026-07-11
1869,寒川・湘南学園,991.08,1000.0,4.44,神奈川,関東・東京,1,0,1,0,0.0,5.0,15.0,-10.0,2025-09-07,2025-09-07
1870,日比谷,991.07,1000.0,2.37,東京,関東・東京,9,4,5,0,0.4444,36.0,74.0,-38.0,2025-04-04,2026-07-18
1871,厚木王子,991.07,1000.0,4.44,神奈川,関東・東京,3,1,2,0,0.3333,15.0,25.0,-10.0,2025-07-09,2026-07-09
1872,白河旭・石川・船引・小野,991.07,1000.0,-1.38,福島,東北,1,0,1,0,0.0,2.0,12.0,-10.0,2025-05-16,2025-05-16
1873,八戸商・八戸水産,991.07,1000.0,4.16,青森,東北,1,0,1,0,0.0,0.0,16.0,-16.0,2025-09-06,2025-09-06
1874,前橋西・利根実・尾瀬,991.05,1000.0,3.22,群馬,関東・東京,1,0,1,0,0.0,1.0,11.0,-10.0,2025-04-15,2025-04-15
1875,四ツ葉・玉村・榛名・藤岡工・長野原,991.05,1000.0,3.22,群馬,関東・東京,1,0,1,0,0.0,1.0,11.0,-10.0,2025-04-15,2025-04-15
1876,人環大岡崎,991.03,1000.0,2.72,愛知,東海,14,6,8,0,0.4286,64.0,75.0,-11.0,2025-04-12,2026-07-18
1877,橋本・神奈川総合産業,991.03,1000.0,4.44,神奈川,関東・東京,1,0,1,0,0.0,4.0,15.0,-11.0,2026-07-07,2026-07-07
1878,中央農,991.03,1000.0,4.44,神奈川,関東・東京,1,0,1,0,0.0,0.0,12.0,-12.0,2026-07-09,2026-07-09
1879,何筑,991.02,1000.0,2.09,福岡,九州,1,0,1,0,0.0,2.0,9.0,-7.0,2026-07-08,2026-07-08
1880,西宮北・苦楽園,991.02,1000.0,0.49,兵庫,近畿,1,0,1,0,0.0,1.0,7.0,-6.0,2026-04-19,2026-04-19
1881,名久井農,991.02,1000.0,4.16,青森,東北,1,0,1,0,0.0,0.0,31.0,-31.0,2025-07-12,2025-07-12
1882,国際・駒場・東村山・府中,991.01,1000.0,2.37,東京,関東・東京,3,1,2,0,0.3333,9.0,26.0,-17.0,2025-10-11,2026-03-21
1883,登米総合,990.98,1000.0,-1.84,山形,東北,1,0,1,0,0.0,3.0,13.0,-10.0,2026-05-05,2026-05-05
1884,大分東・竹田・玖珠美山,990.98,1000.0,2.65,大分,九州,1,0,1,0,0.0,2.0,7.0,-5.0,2025-09-24,2025-09-24
1885,相生産業,990.97,1000.0,0.49,兵庫,近畿,1,0,1,0,0.0,0.0,4.0,-4.0,2026-04-19,2026-04-19
1886,衣台,990.95,1000.0,2.72,愛知,東海,1,0,1,0,0.0,1.0,8.0,-7.0,2026-07-05,2026-07-05
1887,久留米高専・久留米築水,990.95,1000.0,2.09,福岡,九州,1,0,1,0,0.0,4.0,11.0,-7.0,2025-03-25,2025-03-25
1888,有田中央・貴志川・和歌山南陵,990.92,1000.0,0.99,和歌山,近畿,1,0,1,0,0.0,0.0,10.0,-10.0,2025-07-16,2025-07-16
1889,立西・荒川工科・大島・大島海洋国際・科学技術・北豊島工科,990.91,1000.0,2.37,東京,関東・東京,1,0,1,0,0.0,2.0,12.0,-10.0,2026-03-20,2026-03-20
1890,江差・奥尻,990.9,1000.0,-9.79,北海道,北海道,2,1,1,0,0.5,13.0,12.0,1.0,2025-10-12,2025-10-12
1891,宇佐産・由布,990.9,1000.0,2.65,大分,九州,1,0,1,0,0.0,3.0,7.0,-4.0,2026-07-06,2026-07-06
1892,水戸三・笠間・那珂湊,990.87,1000.0,-1.03,茨城,関東・東京,1,0,1,0,0.0,1.0,16.0,-15.0,2025-04-19,2025-04-19
1893,下田・熱海・沼津城北,990.85,1000.0,-1.42,静岡,東海,1,0,1,0,0.0,0.0,11.0,-11.0,2025-04-19,2025-04-19
1894,門真なみはや,990.84,1000.0,8.38,大阪,近畿,9,4,5,0,0.4444,42.0,54.0,-12.0,2025-04-05,2026-07-12
1895,涌谷・石巻北,990.83,1000.0,-1.84,山形,東北,1,0,1,0,0.0,0.0,10.0,-10.0,2026-04-29,2026-04-29
1896,横浜緑ケ丘,990.82,1000.0,4.44,神奈川,関東・東京,5,2,3,0,0.4,21.0,34.0,-13.0,2025-07-11,2026-07-13
1897,深谷商,990.82,1000.0,-0.08,埼玉,関東・東京,8,3,5,0,0.375,49.0,48.0,1.0,2025-04-24,2026-07-14
1898,札幌東,990.8,1000.0,-9.79,北海道,北海道,10,5,5,0,0.5,43.0,49.0,-6.0,2025-05-26,2026-06-26
1899,西脇,990.75,1000.0,0.49,兵庫,近畿,11,5,6,0,0.4545,35.0,49.0,-14.0,2025-04-19,2026-07-10
1900,園田学園,990.74,1000.0,0.49,兵庫,近畿,1,0,1,0,0.0,0.0,4.0,-4.0,2026-07-05,2026-07-05
1901,美和・杏和,990.73,1000.0,2.72,愛知,東海,2,0,2,0,0.0,8.0,12.0,-4.0,2025-04-12,2025-04-12
1902,錦城,990.72,1000.0,2.37,東京,関東・東京,8,3,5,0,0.375,34.0,42.0,-8.0,2025-04-05,2026-07-14
1903,有田中央･貴志川・和歌山南陵,990.72,1000.0,0.99,和歌山,近畿,1,0,1,0,0.0,2.0,7.0,-5.0,2025-09-06,2025-09-06
1904,沼津工・沼津城北・熱海,990.71,1000.0,-1.42,静岡,東海,1,0,1,0,0.0,1.0,8.0,-7.0,2026-03-21,2026-03-21
1905,那珂・海洋,990.69,1000.0,-1.03,茨城,関東・東京,1,0,1,0,0.0,1.0,21.0,-20.0,2025-04-19,2025-04-19
1906,麻生・つくば国際・つくばサイエンス,990.68,1000.0,-1.03,茨城,関東・東京,3,1,2,0,0.3333,21.0,23.0,-2.0,2025-09-20,2025-09-20
1907,学芸大付,990.67,1000.0,2.37,東京,関東・東京,1,0,1,0,0.0,1.0,8.0,-7.0,2025-07-12,2025-07-12
1908,葛西南,990.64,1000.0,2.37,東京,関東・東京,1,0,1,0,0.0,0.0,20.0,-20.0,2026-07-07,2026-07-07
1909,奈良高専,990.63,1000.0,3.92,奈良,近畿,9,4,5,0,0.4444,39.0,54.0,-15.0,2025-04-20,2026-07-20
1910,松戸六実,990.63,1000.0,0.63,千葉,関東・東京,9,4,5,0,0.4444,59.0,76.0,-17.0,2025-04-19,2026-07-11
1911,小倉西,990.61,1000.0,2.09,福岡,九州,9,4,5,0,0.4444,30.0,38.0,-8.0,2025-03-21,2026-07-09
1912,今治東・大三島・今治南,990.58,1000.0,-7.48,愛媛,四国,2,1,1,0,0.5,6.0,10.0,-4.0,2025-09-13,2025-09-15
1913,東海丹,990.58,1000.0,2.25,京都,近畿,1,0,1,0,0.0,3.0,12.0,-9.0,2026-04-11,2026-04-11
1914,国立,990.57,1000.0,2.37,東京,関東・東京,8,3,5,0,0.375,39.0,48.0,-9.0,2025-04-05,2026-07-13
1915,福岡農業・輝翔館,990.56,1000.0,2.09,福岡,九州,1,0,1,0,0.0,1.0,8.0,-7.0,2025-03-22,2025-03-22
1916,県農,990.52,1000.0,0.49,兵庫,近畿,3,1,2,0,0.3333,13.0,16.0,-3.0,2025-07-10,2026-07-14
1917,大船渡東・山田・住田・江南義塾盛岡・遠野緑峰・大東,990.52,1000.0,3.8,宮城,東北,1,0,1,0,0.0,1.0,18.0,-17.0,2026-07-10,2026-07-10
1918,千葉北,990.52,1000.0,0.63,千葉,関東・東京,11,5,6,0,0.4545,48.0,49.0,-1.0,2025-04-19,2026-07-12
1919,総合・平商・磐,990.51,1000.0,-1.38,福島,東北,1,0,1,0,0.0,2.0,8.0,-6.0,2025-09-11,2025-09-11
1920,藤岡工・尾瀬・榛名,990.49,1000.0,3.22,群馬,関東・東京,1,0,1,0,0.0,0.0,11.0,-11.0,2025-07-06,2025-07-06
1921,吉田・南宇和・野村,990.45,1000.0,-7.48,愛媛,四国,2,1,1,0,0.5,4.0,7.0,-3.0,2025-09-14,2025-09-20
1922,西目・大農太田・六郷・増田,990.44,1000.0,0.62,岩手,東北,3,1,2,0,0.3333,6.0,19.0,-13.0,2025-09-12,2025-09-12
1923,姫路市立,990.43,1000.0,0.49,兵庫,近畿,1,0,1,0,0.0,0.0,2.0,-2.0,2026-07-10,2026-07-10
1924,瀬戸工科・瀬戸北,990.43,1000.0,2.72,愛知,東海,1,0,1,0,0.0,0.0,7.0,-7.0,2025-06-28,2025-06-28
1925,志學館・鹿児島修学館・山川・川辺・薩摩中央・大口・蒲生,990.43,1000.0,1.49,鹿児島,九州,1,0,1,0,0.0,8.0,11.0,-3.0,2026-03-24,2026-03-24
1926,緑丘,990.42,1000.0,2.72,愛知,東海,1,0,1,0,0.0,4.0,8.0,-4.0,2026-06-28,2026-06-28
1927,長野原・嬬恋・前橋西・吉井,990.41,1000.0,3.22,群馬,関東・東京,1,0,1,0,0.0,1.0,11.0,-10.0,2025-07-06,2025-07-06
1928,私武蔵,990.38,1000.0,2.37,東京,関東・東京,3,1,2,0,0.3333,11.0,21.0,-10.0,2025-07-11,2025-10-11
1929,西教園須,990.37,1000.0,2.25,京都,近畿,1,0,1,0,0.0,2.0,9.0,-7.0,2026-04-11,2026-04-11
1930,水産・倶農・寿都・蘭越,990.36,1000.0,-9.79,北海道,北海道,4,2,2,0,0.5,32.0,32.0,0.0,2025-05-26,2025-05-26
1931,結城一・古河二・茎崎・総和工・右下紫峰,990.35,1000.0,-1.03,茨城,関東・東京,1,0,1,0,0.0,2.0,13.0,-11.0,2025-09-20,2025-09-20
1932,四街道北・旭農業・銚子・成田西陵・八街,990.34,1000.0,0.63,千葉,関東・東京,3,1,2,0,0.3333,10.0,13.0,-3.0,2025-09-20,2026-07-09
1933,米原,990.34,1000.0,-0.81,滋賀,近畿,9,4,5,0,0.4444,48.0,41.0,7.0,2025-04-19,2026-07-12
1934,三島,990.32,1000.0,8.38,大阪,近畿,17,8,9,0,0.4706,78.0,96.0,-18.0,2025-03-22,2026-07-17
1935,今治東・今治南・大三島・しまなみ,990.31,1000.0,-7.48,愛媛,四国,2,1,1,0,0.5,9.0,12.0,-3.0,2026-07-11,2026-07-15
1936,児玉・小鹿野・寄居城北・深谷・小川,990.3,1000.0,-0.08,埼玉,関東・東京,1,0,1,0,0.0,0.0,13.0,-13.0,2025-09-26,2025-09-26
1937,県川崎,990.3,1000.0,4.44,神奈川,関東・東京,3,1,2,0,0.3333,20.0,50.0,-30.0,2025-07-09,2026-07-07
1938,舞岡,990.27,1000.0,4.44,神奈川,関東・東京,3,1,2,0,0.3333,10.0,21.0,-11.0,2025-07-09,2026-07-07
1939,小平西,990.27,1000.0,2.37,東京,関東・東京,9,4,5,0,0.4444,43.0,55.0,-12.0,2025-04-04,2026-07-12
1940,岩谷堂,990.25,1000.0,3.8,宮城,東北,1,0,1,0,0.0,2.0,20.0,-18.0,2025-07-11,2025-07-11
1941,農大一・芦花,990.25,1000.0,2.37,東京,関東・東京,1,0,1,0,0.0,4.0,11.0,-7.0,2026-07-10,2026-07-10
1942,石巻好文館・涌谷・石巻商業,990.24,1000.0,-1.84,山形,東北,1,0,1,0,0.0,0.0,14.0,-14.0,2025-05-16,2025-05-16
1943,井草・大泉・松蔭大松陰・杉並工科,990.23,1000.0,2.37,東京,関東・東京,1,0,1,0,0.0,4.0,11.0,-7.0,2025-07-11,2025-07-11
1944,武蔵野北,990.22,1000.0,2.37,東京,関東・東京,8,3,5,0,0.375,48.0,55.0,-7.0,2025-04-04,2026-07-14
1945,隠岐,990.21,1000.0,5.45,広島,中国,9,4,5,0,0.4444,24.0,45.0,-21.0,2025-04-19,2026-07-13
1946,津島北・北翔,990.21,1000.0,2.72,愛知,東海,7,3,4,0,0.4286,53.0,47.0,6.0,2025-06-28,2026-06-28
1947,国学院,990.2,1000.0,2.37,東京,関東・東京,1,0,1,0,0.0,2.0,11.0,-9.0,2025-07-13,2025-07-13
1948,三本木農業恵拓,990.19,1000.0,4.16,青森,東北,1,0,1,0,0.0,5.0,12.0,-7.0,2025-09-05,2025-09-05
1949,大島・大島海洋国際・北豊島工科,990.19,1000.0,2.37,東京,関東・東京,1,0,1,0,0.0,4.0,13.0,-9.0,2025-07-10,2025-07-10
1950,津島北,990.18,1000.0,2.72,愛知,東海,2,0,2,0,0.0,11.0,18.0,-7.0,2025-04-12,2025-04-12
1951,口加,990.17,1000.0,-0.81,長崎,九州,1,0,1,0,0.0,1.0,2.0,-1.0,2026-07-07,2026-07-07
1952,川之石,990.16,1000.0,-7.48,愛媛,四国,4,2,2,0,0.5,15.0,20.0,-5.0,2025-03-21,2025-07-16
1953,美弥青嶺,990.16,1000.0,-1.06,山口,中国,1,0,1,0,0.0,4.0,5.0,-1.0,2026-04-11,2026-04-11
1954,松陰,990.14,1000.0,2.72,愛知,東海,2,0,2,0,0.0,6.0,18.0,-12.0,2025-09-13,2025-09-13
1955,多久,990.13,1000.0,-9.64,佐賀,九州,4,2,2,0,0.5,19.0,19.0,0.0,2025-07-06,2026-07-12
1956,三校連合,990.09,1000.0,-1.03,茨城,関東・東京,1,0,1,0,0.0,4.0,14.0,-10.0,2026-04-08,2026-04-08
1957,磯辺,990.09,1000.0,0.63,千葉,関東・東京,10,4,6,0,0.4,61.0,65.0,-4.0,2025-04-19,2026-07-14
1958,喜界,990.09,1000.0,1.49,鹿児島,九州,3,1,2,0,0.3333,5.0,23.0,-18.0,2025-07-12,2026-07-12
1959,須知・東舞鶴・丹後緑風,990.08,1000.0,2.25,京都,近畿,1,0,1,0,0.0,0.0,10.0,-10.0,2025-04-19,2025-04-19
1960,飛龍,990.07,1000.0,-1.42,静岡,東海,15,7,8,0,0.4667,56.0,49.0,7.0,2025-04-19,2026-07-04
1961,葛飾総合,990.05,1000.0,2.37,東京,関東・東京,1,0,1,0,0.0,1.0,6.0,-5.0,2026-07-09,2026-07-09
1962,小豆島中央,990.0,1000.0,-4.3,徳島,四国,9,4,5,0,0.4444,32.0,29.0,3.0,2025-03-21,2026-07-19
1963,帯広柏葉,989.99,1000.0,-9.79,北海道,北海道,10,5,5,0,0.5,61.0,69.0,-8.0,2025-05-26,2026-06-28
1964,高遠・松川,989.98,1000.0,-4.39,長野,北信越,1,0,1,0,0.0,10.0,11.0,-1.0,2026-04-29,2026-04-29
1965,足立工科桐ヶ丘・三商・中野工科,989.96,1000.0,2.37,東京,関東・東京,1,0,1,0,0.0,1.0,9.0,-8.0,2025-07-10,2025-07-10
1966,内子小田・上浮穴済美平成・北条,989.96,1000.0,-7.48,愛媛,四国,2,1,1,0,0.5,9.0,17.0,-8.0,2025-03-22,2025-03-24
1967,岩津・加茂丘・衣台,989.95,1000.0,2.72,愛知,東海,1,0,1,0,0.0,2.0,14.0,-12.0,2025-06-28,2025-06-28
1968,鹿屋,989.92,1000.0,1.49,鹿児島,九州,9,4,5,0,0.4444,35.0,54.0,-19.0,2025-03-21,2026-07-15
1969,佐倉西・佐倉東,989.92,1000.0,0.63,千葉,関東・東京,7,3,4,0,0.4286,36.0,34.0,2.0,2025-09-20,2026-07-10
1970,向陽・京都八幡,989.92,1000.0,2.25,京都,近畿,1,0,1,0,0.0,0.0,11.0,-11.0,2025-04-19,2025-04-19
1971,園部農芸,989.92,1000.0,2.25,京都,近畿,1,0,1,0,0.0,5.0,16.0,-11.0,2025-04-19,2025-04-19
1972,四ツ葉・玉村・下仁田,989.91,1000.0,3.22,群馬,関東・東京,1,0,1,0,0.0,3.0,10.0,-7.0,2025-09-06,2025-09-06
1973,緑丘・春日井泉・日進,989.89,1000.0,2.72,愛知,東海,1,0,1,0,0.0,4.0,10.0,-6.0,2025-07-05,2025-07-05
1974,黒石,989.89,1000.0,4.16,青森,東北,9,4,5,0,0.4444,50.0,78.0,-28.0,2025-05-10,2026-07-13
1975,青井・足立東・葛飾総合・千早・南葛飾,989.88,1000.0,2.37,東京,関東・東京,1,0,1,0,0.0,1.0,13.0,-12.0,2026-03-15,2026-03-15
1976,園部・須知,989.86,1000.0,2.25,京都,近畿,1,0,1,0,0.0,2.0,6.0,-4.0,2025-08-23,2025-08-23
1977,下館一,989.86,1000.0,-1.03,茨城,関東・東京,12,6,6,0,0.5,80.0,77.0,3.0,2025-04-19,2026-07-12
1978,大田桜台・桐ヶ丘・三商・中野工科,989.84,1000.0,2.37,東京,関東・東京,1,0,1,0,0.0,3.0,11.0,-8.0,2026-07-11,2026-07-11
1979,国際・駒場・三田,989.83,1000.0,2.37,東京,関東・東京,1,0,1,0,0.0,5.0,11.0,-6.0,2026-07-10,2026-07-10
1980,八戸北,989.82,1000.0,4.16,青森,東北,10,4,6,0,0.4,55.0,70.0,-15.0,2025-05-09,2026-07-14
1981,宇佐産業科学,989.81,1000.0,2.65,大分,九州,3,1,2,0,0.3333,14.0,29.0,-15.0,2025-03-26,2025-07-10
1982,旭川西,989.81,1000.0,-9.79,北海道,北海道,9,4,5,0,0.4444,57.0,37.0,20.0,2025-05-26,2026-07-13
1983,気仙沼向洋,989.79,1000.0,-1.84,山形,東北,1,0,1,0,0.0,1.0,2.0,-1.0,2025-07-11,2025-07-11
1984,亀山・四日市農芸,989.79,1000.0,-4.97,三重,東海,1,0,1,0,0.0,7.0,8.0,-1.0,2025-04-12,2025-04-12
1985,八女,989.75,1000.0,2.09,福岡,九州,9,4,5,0,0.4444,32.0,37.0,-5.0,2025-03-23,2026-07-10
1986,三刀屋,989.73,1000.0,5.45,広島,中国,10,4,6,0,0.4,28.0,34.0,-6.0,2025-04-20,2026-07-12
1987,北海道科学大,989.71,1000.0,-9.79,北海道,北海道,2,1,1,0,0.5,3.0,2.0,1.0,2026-06-23,2026-06-26
1988,朱雀・京教大附・大江,989.7,1000.0,2.25,京都,近畿,1,0,1,0,0.0,3.0,10.0,-7.0,2025-07-05,2025-07-05
1989,青井・足立東・葛飾総合・ 農産・南葛飾,989.7,1000.0,2.37,東京,関東・東京,1,0,1,0,0.0,2.0,12.0,-10.0,2025-07-15,2025-07-15
1990,東農大一,989.7,1000.0,2.37,東京,関東・東京,1,0,1,0,0.0,2.0,14.0,-12.0,2025-07-12,2025-07-12
1991,元石川,989.68,1000.0,4.44,神奈川,関東・東京,4,1,3,0,0.25,19.0,22.0,-3.0,2025-07-11,2026-07-09
1992,天羽,989.66,1000.0,0.63,千葉,関東・東京,1,0,1,0,0.0,0.0,27.0,-27.0,2026-07-09,2026-07-09
1993,市来農芸・霧島,989.66,1000.0,1.49,鹿児島,九州,1,0,1,0,0.0,2.0,14.0,-12.0,2026-03-21,2026-03-21
1994,北星学園大附属,989.64,1000.0,-9.79,北海道,北海道,2,1,1,0,0.5,10.0,10.0,0.0,2026-06-25,2026-06-28
1995,美里・嘉手納,989.63,1000.0,1.73,沖縄,九州,1,0,1,0,0.0,1.0,10.0,-9.0,2026-06-14,2026-06-14
1996,玖珠美山,989.63,1000.0,2.65,大分,九州,1,0,1,0,0.0,0.0,5.0,-5.0,2026-07-06,2026-07-06
1997,小諸商,989.61,1000.0,-4.39,長野,北信越,14,7,7,0,0.5,57.0,73.0,-16.0,2025-05-10,2025-09-20
1998,高専・那珂湊,989.61,1000.0,-1.03,茨城,関東・東京,1,0,1,0,0.0,0.0,21.0,-21.0,2025-09-20,2025-09-20
1999,大口・霧島,989.59,1000.0,1.49,鹿児島,九州,1,0,1,0,0.0,1.0,5.0,-4.0,2025-09-23,2025-09-23
2000,岡谷南,989.59,1000.0,-4.39,長野,北信越,16,8,8,0,0.5,82.0,108.0,-26.0,2025-05-10,2026-07-12
2001,下関工科,989.59,1000.0,-1.06,山口,中国,9,4,5,0,0.4444,29.0,43.0,-14.0,2025-04-20,2026-07-18
2002,神港橘,989.57,1000.0,0.49,兵庫,近畿,10,4,6,0,0.4,54.0,52.0,2.0,2025-04-19,2026-07-14
2003,北桑田・西乙訓・京教大附,989.57,1000.0,2.25,京都,近畿,1,0,1,0,0.0,1.0,7.0,-6.0,2025-08-30,2025-08-30
2004,須崎総合,989.56,1000.0,3.76,高知,四国,9,4,5,0,0.4444,37.0,54.0,-17.0,2025-03-22,2026-07-11
2005,四街道北・成田西陵・八街,989.54,1000.0,0.63,千葉,関東・東京,3,1,2,0,0.3333,13.0,26.0,-13.0,2025-04-19,2025-07-10
2006,東舞鶴・丹後緑風,989.51,1000.0,2.25,京都,近畿,1,0,1,0,0.0,0.0,10.0,-10.0,2025-07-10,2025-07-10
2007,黒川・古川黎明・迫桜・中新田,989.49,1000.0,-1.84,山形,東北,1,0,1,0,0.0,5.0,6.0,-1.0,2025-07-12,2025-07-12
2008,斐太・高山工・飛騨神岡,989.48,1000.0,-2.62,岐阜,東海,3,1,2,0,0.3333,10.0,14.0,-4.0,2025-09-07,2026-03-26
2009,大船渡東・住田・山田・江南義塾盛岡・遠野緑峰・大東,989.47,1000.0,3.8,宮城,東北,2,0,2,0,0.0,11.0,21.0,-10.0,2026-04-29,2026-05-04
2010,一色・内海・武豊・御津あおば,989.45,1000.0,2.72,愛知,東海,1,0,1,0,0.0,4.0,14.0,-10.0,2025-06-29,2025-06-29
2011,高崎工,989.43,1000.0,3.22,群馬,関東・東京,9,4,5,0,0.4444,43.0,63.0,-20.0,2025-04-15,2026-07-08
2012,明石南,989.42,1000.0,0.49,兵庫,近畿,10,4,6,0,0.4,51.0,52.0,-1.0,2025-04-19,2026-07-13
2013,一色・岩津・加茂丘・武豊,989.38,1000.0,2.72,愛知,東海,1,0,1,0,0.0,0.0,12.0,-12.0,2026-07-05,2026-07-05
2014,佐倉東,989.37,1000.0,0.63,千葉,関東・東京,3,1,2,0,0.3333,23.0,24.0,-1.0,2025-04-19,2025-07-11
2015,若松,989.36,1000.0,0.63,千葉,関東・東京,12,6,6,0,0.5,51.0,52.0,-1.0,2025-04-19,2026-07-11
2016,足立西・科学技術,989.36,1000.0,2.37,東京,関東・東京,1,0,1,0,0.0,7.0,18.0,-11.0,2026-07-11,2026-07-11
2017,光,989.35,1000.0,-1.06,山口,中国,9,4,5,0,0.4444,38.0,41.0,-3.0,2025-04-12,2026-07-12
2018,朱雀・西乙訓・京教大附・大江,989.35,1000.0,2.25,京都,近畿,1,0,1,0,0.0,0.0,21.0,-21.0,2025-04-19,2025-04-19
2019,志學館・鹿児島修学館・明桜館・鹿児島高特支,989.32,1000.0,1.49,鹿児島,九州,1,0,1,0,0.0,0.0,10.0,-10.0,2025-03-20,2025-03-20
2020,小松川,989.31,1000.0,2.37,東京,関東・東京,8,3,5,0,0.375,45.0,50.0,-5.0,2025-04-04,2026-07-15
2021,廿日市,989.27,1000.0,-6.32,島根,中国,16,8,8,0,0.5,61.0,79.0,-18.0,2025-04-19,2026-07-19
2022,上水,989.26,1000.0,2.37,東京,関東・東京,8,3,5,0,0.375,54.0,53.0,1.0,2025-04-04,2026-07-13
2023,今市,989.26,1000.0,-2.36,栃木,関東・東京,3,1,2,0,0.3333,16.0,18.0,-2.0,2025-04-13,2025-07-16
2024,霧が丘,989.25,1000.0,4.44,神奈川,関東・東京,3,1,2,0,0.3333,14.0,26.0,-12.0,2025-07-10,2026-07-07
2025,6校連合,989.23,1000.0,-2.62,岐阜,東海,1,0,1,0,0.0,0.0,10.0,-10.0,2025-09-07,2025-09-07
2026,伊川谷北・伊川谷・神戸学園都市,989.22,1000.0,0.49,兵庫,近畿,4,1,3,0,0.25,16.0,20.0,-4.0,2025-09-13,2026-04-02
2027,創学館,989.21,1000.0,-6.25,秋田,東北,11,5,6,0,0.4545,71.0,67.0,4.0,2025-05-09,2026-07-12
2028,天白,989.21,1000.0,2.72,愛知,東海,14,6,8,0,0.4286,71.0,69.0,2.0,2025-04-12,2026-07-07
2029,新潟工,989.2,1000.0,-5.27,新潟,北信越,9,4,5,0,0.4444,45.0,51.0,-6.0,2025-04-28,2026-07-18
2030,高崎経済大付,989.16,1000.0,3.22,群馬,関東・東京,8,3,5,0,0.375,29.0,33.0,-4.0,2025-04-12,2026-07-05
2031,由布,989.16,1000.0,2.65,大分,九州,1,0,1,0,0.0,3.0,15.0,-12.0,2025-07-13,2025-07-13
2032,有田中央・貴志川,989.16,1000.0,0.99,和歌山,近畿,1,0,1,0,0.0,2.0,8.0,-6.0,2026-07-16,2026-07-16
2033,北九州,989.16,1000.0,2.09,福岡,九州,8,3,5,0,0.375,33.0,55.0,-22.0,2025-03-22,2026-07-11
2034,荒川工科・大島海洋国際・北豊島工科,989.15,1000.0,2.37,東京,関東・東京,1,0,1,0,0.0,8.0,23.0,-15.0,2026-07-05,2026-07-05
2035,千里,989.14,1000.0,8.38,大阪,近畿,8,3,5,0,0.375,38.0,46.0,-8.0,2025-04-12,2026-07-18
2036,荒川工科,989.14,1000.0,2.37,東京,関東・東京,1,0,1,0,0.0,0.0,15.0,-15.0,2025-07-11,2025-07-11
2037,宇都宮南,989.13,1000.0,-2.36,栃木,関東・東京,9,4,5,0,0.4444,41.0,42.0,-1.0,2025-04-19,2026-07-12
2038,百津・羽島・山県・瑞浪・恵那南・不破,989.11,1000.0,-2.62,岐阜,東海,1,0,1,0,0.0,2.0,12.0,-10.0,2025-09-07,2025-09-07
2039,越ヶ谷,989.11,1000.0,-0.08,埼玉,関東・東京,10,5,5,0,0.5,46.0,50.0,-4.0,2025-04-24,2026-07-12
2040,東村山・府中,989.11,1000.0,2.37,東京,関東・東京,1,0,1,0,0.0,2.0,15.0,-13.0,2026-07-10,2026-07-10
2041,村上桜ヶ丘,989.09,1000.0,-5.27,新潟,北信越,10,5,5,0,0.5,46.0,53.0,-7.0,2025-04-27,2026-07-14
2042,茂原,989.08,1000.0,0.63,千葉,関東・東京,3,1,2,0,0.3333,26.0,21.0,5.0,2025-07-10,2026-07-09
2043,津幡,989.08,1000.0,6.19,石川,北信越,8,3,5,0,0.375,29.0,33.0,-4.0,2025-04-26,2026-07-12
2044,名西,989.06,1000.0,-0.82,香川,四国,9,4,5,0,0.4444,31.0,40.0,-9.0,2025-03-22,2026-07-11
2045,斐太・高山工業・飛騨神岡,989.02,1000.0,-2.62,岐阜,東海,1,0,1,0,0.0,1.0,10.0,-9.0,2025-09-07,2025-09-07
2046,国見・口加・島原翔南・島原農,988.98,1000.0,-0.81,長崎,九州,1,0,1,0,0.0,7.0,10.0,-3.0,2025-07-09,2025-07-09
2047,京教大附属,988.98,1000.0,2.25,京都,近畿,1,0,1,0,0.0,2.0,26.0,-24.0,2026-07-12,2026-07-12
2048,大口・蒲生・霧島・串良商業,988.97,1000.0,1.49,鹿児島,九州,1,0,1,0,0.0,0.0,15.0,-15.0,2025-03-22,2025-03-22
2049,国際・駒場,988.9,1000.0,2.37,東京,関東・東京,1,0,1,0,0.0,0.0,14.0,-14.0,2025-07-09,2025-07-09
2050,昭和薬付,988.9,1000.0,1.73,沖縄,九州,1,0,1,0,0.0,1.0,8.0,-7.0,2026-06-20,2026-06-20
2051,科学技術・葛西南・日本橋,988.89,1000.0,2.37,東京,関東・東京,1,0,1,0,0.0,0.0,18.0,-18.0,2025-07-13,2025-07-13
2052,宮崎工,988.87,1000.0,-7.87,宮崎,九州,9,4,5,0,0.4444,32.0,38.0,-6.0,2025-03-24,2026-07-13
2053,春日井泉・日進,988.85,1000.0,2.72,愛知,東海,1,0,1,0,0.0,2.0,12.0,-10.0,2026-07-04,2026-07-04
2054,横浜翠陵,988.84,1000.0,4.44,神奈川,関東・東京,7,3,4,0,0.4286,22.0,43.0,-21.0,2025-04-05,2026-07-08
2055,松陰兵庫尼崎,988.83,1000.0,0.49,兵庫,近畿,1,0,1,0,0.0,1.0,8.0,-7.0,2026-07-12,2026-07-12
2056,つくば国際,988.83,1000.0,-1.03,茨城,関東・東京,3,1,2,0,0.3333,3.0,18.0,-15.0,2025-04-19,2025-07-18
2057,羽村,988.79,1000.0,2.37,東京,関東・東京,1,0,1,0,0.0,0.0,26.0,-26.0,2025-07-06,2025-07-06
2058,大口・鹿児島第一・蒲生・串良商業,988.77,1000.0,1.49,鹿児島,九州,1,0,1,0,0.0,1.0,18.0,-17.0,2025-07-08,2025-07-08
2059,白河,988.77,1000.0,-1.38,福島,東北,15,7,8,0,0.4667,58.0,64.0,-6.0,2025-05-16,2026-07-15
2060,神村伊賀,988.76,1000.0,-4.97,三重,東海,3,1,2,0,0.3333,12.0,15.0,-3.0,2025-04-12,2025-04-12
2061,四ツ葉,988.74,1000.0,3.22,群馬,関東・東京,3,1,2,0,0.3333,31.0,26.0,5.0,2026-04-14,2026-07-05
2062,城南静岡,988.73,1000.0,-1.42,静岡,東海,6,2,4,0,0.3333,16.0,22.0,-6.0,2025-04-19,2026-07-12
2063,新田暁,988.73,1000.0,3.22,群馬,関東・東京,9,4,5,0,0.4444,48.0,47.0,1.0,2025-04-12,2026-07-06
2064,育徳館,988.72,1000.0,2.09,福岡,九州,8,3,5,0,0.375,41.0,33.0,8.0,2025-03-24,2026-07-10
2065,遠江総合,988.71,1000.0,-1.42,静岡,東海,12,5,7,0,0.4167,36.0,51.0,-15.0,2025-04-19,2026-07-11
2066,佐野東・足利清風・足利南,988.7,1000.0,-2.36,栃木,関東・東京,1,0,1,0,0.0,6.0,7.0,-1.0,2026-07-13,2026-07-13
2067,開成中等,988.66,1000.0,-9.79,北海道,北海道,4,2,2,0,0.5,28.0,44.0,-16.0,2025-05-26,2025-05-26
2068,浦和東,988.66,1000.0,-0.08,埼玉,関東・東京,5,2,3,0,0.4,21.0,31.0,-10.0,2025-04-24,2026-07-15
2069,一・高・武,988.65,1000.0,2.72,愛知,東海,2,0,2,0,0.0,2.0,40.0,-38.0,2026-03-20,2026-03-21
2070,鹿沼東・今市,988.64,1000.0,-2.36,栃木,関東・東京,1,0,1,0,0.0,4.0,5.0,-1.0,2026-07-11,2026-07-11
2071,中野立志館・須坂,988.64,1000.0,-4.39,長野,北信越,1,0,1,0,0.0,4.0,8.0,-4.0,2025-05-10,2025-05-10
2072,札幌啓北商,988.63,1000.0,-9.79,北海道,北海道,2,1,1,0,0.5,8.0,11.0,-3.0,2026-05-09,2026-05-11
2073,鶴見総合,988.62,1000.0,4.44,神奈川,関東・東京,3,1,2,0,0.3333,13.0,39.0,-26.0,2025-07-10,2026-07-13
2074,読谷,988.61,1000.0,1.73,沖縄,九州,8,3,5,0,0.375,33.0,38.0,-5.0,2025-03-22,2026-07-04
2075,駿河総合,988.58,1000.0,-1.42,静岡,東海,12,6,6,0,0.5,48.0,64.0,-16.0,2025-04-19,2026-07-12
2076,霧島,988.56,1000.0,1.49,鹿児島,九州,1,0,1,0,0.0,0.0,19.0,-19.0,2025-07-06,2025-07-06
2077,志學館・鹿児島修学館・川辺・薩摩中央・蒲生,988.55,1000.0,1.49,鹿児島,九州,1,0,1,0,0.0,0.0,15.0,-15.0,2026-07-04,2026-07-04
2078,青森商業,988.54,1000.0,4.16,青森,東北,7,2,5,0,0.2857,17.0,20.0,-3.0,2025-05-11,2026-07-15
2079,城郷,988.53,1000.0,4.44,神奈川,関東・東京,6,2,4,0,0.3333,37.0,36.0,1.0,2025-04-05,2026-07-09
2080,新居浜西,988.53,1000.0,-7.48,愛媛,四国,9,4,5,0,0.4444,54.0,51.0,3.0,2025-03-21,2026-07-18
2081,富士見・茅野・箕輪進修・阿智,988.48,1000.0,-4.39,長野,北信越,1,0,1,0,0.0,1.0,11.0,-10.0,2025-05-10,2025-05-10
2082,井口,988.48,1000.0,-6.32,島根,中国,1,0,1,0,0.0,7.0,8.0,-1.0,2026-03-21,2026-03-21
2083,宗像,988.47,1000.0,2.09,福岡,九州,9,4,5,0,0.4444,39.0,46.0,-7.0,2025-03-20,2026-07-12
2084,辺土名・中部農林,988.46,1000.0,1.73,沖縄,九州,1,0,1,0,0.0,0.0,10.0,-10.0,2025-09-20,2025-09-20
2085,安積,988.46,1000.0,-1.38,福島,東北,17,9,8,0,0.5294,72.0,92.0,-20.0,2025-05-16,2026-07-11
2086,鴨沂,988.46,1000.0,2.25,京都,近畿,6,2,4,0,0.3333,27.0,31.0,-4.0,2025-04-19,2026-07-08
2087,皇學館,988.43,1000.0,-4.97,三重,東海,14,7,7,0,0.5,81.0,86.0,-5.0,2025-04-12,2026-07-21
2088,倉吉西・倉吉農業,988.43,1000.0,1.62,岡山,中国,1,0,1,0,0.0,0.0,10.0,-10.0,2025-09-13,2025-09-13
2089,盛岡市立,988.42,1000.0,3.8,宮城,東北,17,7,10,0,0.4118,100.0,89.0,11.0,2025-05-16,2026-07-15
2090,日野台,988.42,1000.0,2.37,東京,関東・東京,8,3,5,0,0.375,48.0,50.0,-2.0,2025-04-04,2026-07-08
2091,茎崎・茨城東・結城一・総和工・笠間・わせがくPURE・岩瀬,988.42,1000.0,-1.03,茨城,関東・東京,1,0,1,0,0.0,3.0,6.0,-3.0,2026-07-06,2026-07-06
2092,横手城南,988.37,1000.0,0.62,岩手,東北,10,4,6,0,0.4,44.0,57.0,-13.0,2025-05-13,2026-07-19
2093,中村学園,988.37,1000.0,2.09,福岡,九州,1,0,1,0,0.0,0.0,10.0,-10.0,2026-07-09,2026-07-09
2094,伊川谷・伊川谷北・神戸学園都市,988.37,1000.0,0.49,兵庫,近畿,1,0,1,0,0.0,0.0,10.0,-10.0,2026-07-04,2026-07-04
2095,篠崎,988.36,1000.0,2.37,東京,関東・東京,8,3,5,0,0.375,48.0,44.0,4.0,2025-04-04,2026-07-12
2096,防府西,988.35,1000.0,-1.06,山口,中国,9,4,5,0,0.4444,34.0,50.0,-16.0,2025-04-12,2026-07-13
2097,丹生,988.32,1000.0,1.72,福井,北信越,9,4,5,0,0.4444,22.0,38.0,-16.0,2025-04-19,2026-07-18
2098,志學館・開陽・鹿児島修学館・高特支・山川,988.32,1000.0,1.49,鹿児島,九州,1,0,1,0,0.0,0.0,13.0,-13.0,2025-07-07,2025-07-07
2099,和歌山工業,988.31,1000.0,0.99,和歌山,近畿,1,0,1,0,0.0,4.0,10.0,-6.0,2025-09-15,2025-09-15
2100,屋久島・喜界・沖永良部,988.31,1000.0,1.49,鹿児島,九州,3,1,2,0,0.3333,12.0,20.0,-8.0,2025-09-20,2026-03-26
2101,鶴丸,988.3,1000.0,1.49,鹿児島,九州,8,3,5,0,0.375,32.0,42.0,-10.0,2025-03-21,2026-07-14
2102,中大付,988.3,1000.0,2.37,東京,関東・東京,2,0,2,0,0.0,6.0,8.0,-2.0,2025-07-11,2025-10-11
2103,香川中央,988.28,1000.0,-4.3,徳島,四国,8,3,5,0,0.375,27.0,30.0,-3.0,2025-03-23,2026-07-11
2104,寒河江,988.26,1000.0,-6.25,秋田,東北,11,5,6,0,0.4545,54.0,52.0,2.0,2025-05-10,2026-07-18
2105,大口・鹿児島第一・霧島,988.24,1000.0,1.49,鹿児島,九州,1,0,1,0,0.0,0.0,7.0,-7.0,2026-07-07,2026-07-07
2106,東京実,988.23,1000.0,2.37,東京,関東・東京,8,3,5,0,0.375,39.0,37.0,2.0,2025-04-05,2026-07-06
2107,北野,988.21,1000.0,8.38,大阪,近畿,7,2,5,0,0.2857,61.0,45.0,16.0,2025-04-12,2026-07-18
2108,成田国際,988.19,1000.0,0.63,千葉,関東・東京,11,5,6,0,0.4545,47.0,57.0,-10.0,2025-04-19,2026-07-14
2109,比叡山,988.18,1000.0,-0.81,滋賀,近畿,8,3,5,0,0.375,40.0,33.0,7.0,2025-04-20,2026-07-08
2110,熱海・沼津工・沼津城北,988.16,1000.0,-1.42,静岡,東海,3,1,2,0,0.3333,17.0,31.0,-14.0,2025-09-14,2025-09-14
2111,船橋北,988.12,1000.0,0.63,千葉,関東・東京,10,4,6,0,0.4,71.0,64.0,7.0,2025-04-19,2026-07-11
2112,神戸北・伊川谷北・学園都市,988.11,1000.0,0.49,兵庫,近畿,1,0,1,0,0.0,2.0,9.0,-7.0,2025-07-05,2025-07-05
2113,鴻巣,988.1,1000.0,-0.08,埼玉,関東・東京,9,4,5,0,0.4444,53.0,65.0,-12.0,2025-04-24,2026-07-14
2114,西宮北・西宮苦楽園,988.09,1000.0,0.49,兵庫,近畿,7,3,4,0,0.4286,38.0,40.0,-2.0,2025-07-06,2026-07-11
2115,北信連合,988.04,1000.0,-4.39,長野,北信越,1,0,1,0,0.0,0.0,7.0,-7.0,2026-05-03,2026-05-03
2116,田川・梓川・明科・穂高商業・池田工業,988.02,1000.0,-4.39,長野,北信越,1,0,1,0,0.0,1.0,8.0,-7.0,2025-05-10,2025-05-10
2117,熊谷工,988.02,1000.0,-0.08,埼玉,関東・東京,9,4,5,0,0.4444,46.0,61.0,-15.0,2025-04-24,2026-07-15
2118,多摩大目黒,988.0,1000.0,2.37,東京,関東・東京,9,4,5,0,0.4444,55.0,62.0,-7.0,2025-04-04,2026-07-13
2119,明聖,987.97,1000.0,0.63,千葉,関東・東京,10,4,6,0,0.4,55.0,58.0,-3.0,2025-04-19,2026-07-12
2120,富山中部,987.93,1000.0,-10.7,富山,北信越,9,4,5,0,0.4444,50.0,43.0,7.0,2025-04-26,2026-07-12
2121,七飯・大農,987.93,1000.0,-9.79,北海道,北海道,4,2,2,0,0.5,10.0,30.0,-20.0,2025-05-26,2025-05-26
2122,東海南,987.88,1000.0,2.72,愛知,東海,16,7,9,0,0.4375,104.0,98.0,6.0,2025-04-12,2026-07-12
2123,五条,987.87,1000.0,2.72,愛知,東海,14,6,8,0,0.4286,77.0,79.0,-2.0,2025-04-12,2026-06-28
2124,各務原西,987.85,1000.0,-2.62,岐阜,東海,15,7,8,0,0.4667,79.0,98.0,-19.0,2025-04-12,2026-07-19
2125,高石,987.84,1000.0,8.38,大阪,近畿,8,3,5,0,0.375,40.0,63.0,-23.0,2025-04-06,2026-07-14
2126,新羽,987.84,1000.0,4.44,神奈川,関東・東京,6,2,4,0,0.3333,40.0,55.0,-15.0,2025-04-05,2026-07-16
2127,高森・岩国総合・下関中等教育,987.8,1000.0,-1.06,山口,中国,1,0,1,0,0.0,3.0,7.0,-4.0,2025-07-16,2025-07-16
2128,田柄・光丘,987.77,1000.0,2.37,東京,関東・東京,1,0,1,0,0.0,7.0,22.0,-15.0,2026-07-10,2026-07-10
2129,三本木,987.76,1000.0,4.16,青森,東北,8,3,5,0,0.375,35.0,46.0,-11.0,2025-05-12,2026-07-13
2130,大分西,987.75,1000.0,2.65,大分,九州,9,4,5,0,0.4444,40.0,46.0,-6.0,2025-03-23,2026-07-08
2131,姫路,987.71,1000.0,0.49,兵庫,近畿,11,5,6,0,0.4545,44.0,65.0,-21.0,2025-04-19,2026-07-15
2132,蓼科・軽井沢・小海・坂城・北部・長野高専・松代,987.71,1000.0,-4.39,長野,北信越,1,0,1,0,0.0,7.0,16.0,-9.0,2025-05-10,2025-05-10
2133,久留米高専,987.69,1000.0,2.09,福岡,九州,3,1,2,0,0.3333,9.0,24.0,-15.0,2025-07-06,2026-07-09
2134,古河二,987.69,1000.0,-1.03,茨城,関東・東京,1,0,1,0,0.0,0.0,4.0,-4.0,2026-07-09,2026-07-09
2135,浜松市立,987.69,1000.0,-1.42,静岡,東海,8,3,5,0,0.375,19.0,37.0,-18.0,2025-04-19,2026-07-19
2136,飾磨,987.68,1000.0,0.49,兵庫,近畿,10,4,6,0,0.4,52.0,48.0,4.0,2025-04-19,2026-07-09
2137,対馬・上対馬・壱岐商,987.66,1000.0,-0.81,長崎,九州,1,0,1,0,0.0,2.0,9.0,-7.0,2025-03-26,2025-03-26
2138,菊里,987.63,1000.0,2.72,愛知,東海,15,7,8,0,0.4667,53.0,85.0,-32.0,2025-04-12,2026-07-07
2139,津工,987.6,1000.0,-4.97,三重,東海,14,7,7,0,0.5,57.0,64.0,-7.0,2025-04-12,2026-07-19
2140,志學館・鹿児島修学館・明桜館・山川・川辺・薩摩中央・蒲生,987.59,1000.0,1.49,鹿児島,九州,1,0,1,0,0.0,0.0,8.0,-8.0,2025-09-22,2025-09-22
2141,栗橋北彩・日高・新座総合技術・上尾橘・桶川西,987.54,1000.0,-0.08,埼玉,関東・東京,1,0,1,0,0.0,0.0,20.0,-20.0,2026-07-12,2026-07-12
2142,旭農業・県銚子,987.54,1000.0,0.63,千葉,関東・東京,1,0,1,0,0.0,0.0,10.0,-10.0,2025-07-11,2025-07-11
2143,岩谷堂・北上翔南,987.53,1000.0,3.8,宮城,東北,2,0,2,0,0.0,0.0,40.0,-40.0,2025-05-16,2025-05-16
2144,生浜・天羽・市原・市原緑・君津青葉,987.52,1000.0,0.63,千葉,関東・東京,1,0,1,0,0.0,1.0,11.0,-10.0,2025-07-15,2025-07-15
2145,長生,987.51,1000.0,0.63,千葉,関東・東京,10,4,6,0,0.4,71.0,73.0,-2.0,2025-04-19,2026-07-14
2146,吉川,987.49,1000.0,0.49,兵庫,近畿,1,0,1,0,0.0,0.0,10.0,-10.0,2025-07-05,2025-07-05
2147,黒川・古川黎明・中新田・迫桜・岩ヶ崎,987.49,1000.0,-1.84,山形,東北,3,1,2,0,0.3333,7.0,22.0,-15.0,2025-09-12,2025-09-12
2148,江南義塾盛岡,987.46,1000.0,3.8,宮城,東北,2,0,2,0,0.0,1.0,32.0,-31.0,2025-05-16,2025-05-16
2149,越生・小川・日高,987.44,1000.0,-0.08,埼玉,関東・東京,1,0,1,0,0.0,0.0,11.0,-11.0,2025-07-12,2025-07-12
2150,韮崎・上野原,987.43,1000.0,-0.05,山梨,関東・東京,1,0,1,0,0.0,1.0,30.0,-29.0,2025-04-13,2025-04-13
2151,足立工科・大田桜台・桐ヶ丘・三商・中野工科,987.43,1000.0,2.37,東京,関東・東京,3,1,2,0,0.3333,12.0,53.0,-41.0,2025-10-11,2026-03-14
2152,栗東・石部・信楽,987.42,1000.0,-0.81,滋賀,近畿,1,0,1,0,0.0,0.0,8.0,-8.0,2025-04-19,2025-04-19
2153,姫路別所・太子,987.42,1000.0,0.49,兵庫,近畿,1,0,1,0,0.0,0.0,24.0,-24.0,2025-07-13,2025-07-13
2154,兵庫,987.41,1000.0,0.49,兵庫,近畿,10,4,6,0,0.4,28.0,45.0,-17.0,2025-04-19,2026-07-15
2155,甲南,987.4,1000.0,1.49,鹿児島,九州,20,10,10,0,0.5,89.0,89.0,0.0,2025-03-23,2026-07-08
2156,尾道商,987.39,1000.0,-6.32,島根,中国,3,1,2,0,0.3333,6.0,19.0,-13.0,2025-04-27,2026-07-07
2157,田川・梓川・明科・穂高商業・池田工業・南安曇農業・蘇南,987.25,1000.0,-4.39,長野,北信越,1,0,1,0,0.0,4.0,13.0,-9.0,2026-04-29,2026-04-29
2158,南山,987.25,1000.0,2.72,愛知,東海,12,4,8,0,0.3333,55.0,53.0,2.0,2025-04-12,2026-07-05
2159,大網・九十九里・東金商,987.25,1000.0,0.63,千葉,関東・東京,1,0,1,0,0.0,0.0,14.0,-14.0,2025-07-16,2025-07-16
2160,鎌ヶ谷西・松戸国際・沼南・沼南高柳・流山おおたかの森・流山北,987.23,1000.0,0.63,千葉,関東・東京,1,0,1,0,0.0,1.0,9.0,-8.0,2026-07-10,2026-07-10
2161,夢前・播磨福崎,987.21,1000.0,0.49,兵庫,近畿,1,0,1,0,0.0,6.0,17.0,-11.0,2025-07-05,2025-07-05
2162,名寄・豊富,987.2,1000.0,-9.79,北海道,北海道,2,1,1,0,0.5,12.0,22.0,-10.0,2025-10-12,2025-10-12
2163,江戸川学園,987.2,1000.0,-1.03,茨城,関東・東京,11,5,6,0,0.4545,48.0,63.0,-15.0,2025-04-19,2026-07-12
2164,翠松,987.2,1000.0,-7.46,鳥取,中国,5,2,3,0,0.4,17.0,26.0,-9.0,2025-04-26,2025-09-20
2165,鹿児島中央,987.18,1000.0,1.49,鹿児島,九州,8,3,5,0,0.375,34.0,51.0,-17.0,2025-03-24,2026-07-17
2166,順天,987.16,1000.0,2.37,東京,関東・東京,7,3,4,0,0.4286,31.0,45.0,-14.0,2025-04-04,2026-03-20
2167,首里,987.16,1000.0,1.73,沖縄,九州,9,4,5,0,0.4444,26.0,40.0,-14.0,2025-03-24,2026-06-14
2168,九十九里・東金商,987.14,1000.0,0.63,千葉,関東・東京,1,0,1,0,0.0,2.0,16.0,-14.0,2026-07-10,2026-07-10
2169,山梨農林・塩山・上野原,987.14,1000.0,-0.05,山梨,関東・東京,1,0,1,0,0.0,0.0,16.0,-16.0,2025-07-12,2025-07-12
2170,狭山清陵・狭山経済,987.12,1000.0,-0.08,埼玉,関東・東京,2,0,2,0,0.0,16.0,24.0,-8.0,2025-09-26,2026-04-10
2171,武蔵台,987.1,1000.0,2.09,福岡,九州,9,4,5,0,0.4444,22.0,41.0,-19.0,2025-03-22,2026-07-08
2172,王寺工業,987.09,1000.0,3.92,奈良,近畿,8,3,5,0,0.375,35.0,38.0,-3.0,2025-04-19,2026-07-19
2173,気仙沼向洋・南三陸,987.07,1000.0,-1.84,山形,東北,1,0,1,0,0.0,6.0,9.0,-3.0,2026-07-11,2026-07-11
2174,桐蔭,987.06,1000.0,0.99,和歌山,近畿,8,3,5,0,0.375,28.0,27.0,1.0,2025-04-12,2026-07-16
2175,福島商業,987.06,1000.0,-1.38,福島,東北,7,3,4,0,0.4286,28.0,26.0,2.0,2025-05-16,2026-05-16
2176,大分豊府,987.02,1000.0,2.65,大分,九州,8,3,5,0,0.375,28.0,32.0,-4.0,2025-03-27,2026-07-17
2177,寄居城北,987.0,1000.0,-0.08,埼玉,関東・東京,1,0,1,0,0.0,2.0,12.0,-10.0,2026-07-12,2026-07-12
2178,徳風英心,987.0,1000.0,-4.97,三重,東海,1,0,1,0,0.0,4.0,14.0,-10.0,2025-04-12,2025-04-12
2179,あぶくま柏鵬・石川,986.99,1000.0,-1.38,福島,東北,1,0,1,0,0.0,0.0,23.0,-23.0,2026-07-12,2026-07-12
2180,長狭,986.99,1000.0,0.63,千葉,関東・東京,10,4,6,0,0.4,52.0,41.0,11.0,2025-04-19,2026-07-11
2181,日本ウエルネス,986.97,1000.0,-1.84,山形,東北,3,1,2,0,0.3333,10.0,20.0,-10.0,2025-07-13,2026-05-02
2182,那覇国際・那覇西,986.95,1000.0,1.73,沖縄,九州,3,1,2,0,0.3333,5.0,18.0,-13.0,2025-03-21,2025-06-29
2183,淡路三原,986.9,1000.0,0.49,兵庫,近畿,10,4,6,0,0.4,19.0,32.0,-13.0,2025-04-19,2026-07-12
2184,摂津,986.89,1000.0,8.38,大阪,近畿,8,3,5,0,0.375,36.0,57.0,-21.0,2025-04-20,2026-07-12
2185,高山工・飛騨神岡,986.89,1000.0,-2.62,岐阜,東海,1,0,1,0,0.0,1.0,8.0,-7.0,2026-07-12,2026-07-12
2186,安曇川・湖南農業・石部・信楽・愛知・長浜農業,986.87,1000.0,-0.81,滋賀,近畿,1,0,1,0,0.0,1.0,11.0,-10.0,2026-07-13,2026-07-13
2187,京都八幡,986.85,1000.0,2.25,京都,近畿,7,3,4,0,0.4286,29.0,50.0,-21.0,2025-07-08,2026-07-15
2188,新座総合技術・三郷・三郷工業技術・八潮・吉川美南,986.84,1000.0,-0.08,埼玉,関東・東京,1,0,1,0,0.0,3.0,14.0,-11.0,2025-07-10,2025-07-10
2189,秀明八千代,986.84,1000.0,0.63,千葉,関東・東京,10,5,5,0,0.5,60.0,95.0,-35.0,2025-04-19,2026-07-15
2190,穴吹・阿波西・池田辻,986.78,1000.0,-0.82,香川,四国,1,0,1,0,0.0,1.0,11.0,-10.0,2026-03-27,2026-03-27
2191,大島商船・岩国総合・高森,986.77,1000.0,-1.06,山口,中国,1,0,1,0,0.0,1.0,11.0,-10.0,2025-04-13,2025-04-13
2192,児玉・寄居城北・深谷・上尾橘・桶川西,986.76,1000.0,-0.08,埼玉,関東・東京,1,0,1,0,0.0,0.0,34.0,-34.0,2025-07-12,2025-07-12
2193,四條畷,986.76,1000.0,8.38,大阪,近畿,8,3,5,0,0.375,34.0,54.0,-20.0,2025-04-05,2026-07-16
2194,秩父農工科,986.75,1000.0,-0.08,埼玉,関東・東京,1,0,1,0,0.0,0.0,38.0,-38.0,2025-07-11,2025-07-11
2195,横浜瀬谷,986.74,1000.0,4.44,神奈川,関東・東京,6,2,4,0,0.3333,37.0,34.0,3.0,2025-04-05,2026-07-07
2196,磐城農,986.73,1000.0,-1.38,福島,東北,1,0,1,0,0.0,0.0,13.0,-13.0,2025-07-11,2025-07-11
2197,狭山清陵,986.73,1000.0,-0.08,埼玉,関東・東京,5,2,3,0,0.4,26.0,30.0,-4.0,2025-04-24,2026-07-11
2198,宇都宮清陵・今市工,986.73,1000.0,-2.36,栃木,関東・東京,1,0,1,0,0.0,2.0,5.0,-3.0,2025-07-12,2025-07-12
2199,今市工・真岡北陵,986.71,1000.0,-2.36,栃木,関東・東京,1,0,1,0,0.0,0.0,5.0,-5.0,2025-04-12,2025-04-12
2200,那珂湊・茨城高専,986.7,1000.0,-1.03,茨城,関東・東京,1,0,1,0,0.0,0.0,10.0,-10.0,2026-07-05,2026-07-05
2201,水沢商,986.69,1000.0,3.8,宮城,東北,16,6,10,0,0.375,91.0,96.0,-5.0,2025-05-16,2026-07-11
2202,横浜氷取沢,986.69,1000.0,4.44,神奈川,関東・東京,4,1,3,0,0.25,21.0,24.0,-3.0,2025-07-09,2026-07-13
2203,五島・長崎鶴洋・西彼杵,986.68,1000.0,-0.81,長崎,九州,1,0,1,0,0.0,1.0,8.0,-7.0,2025-07-08,2025-07-08
2204,佐世保商・佐世保西・平戸,986.67,1000.0,-0.81,長崎,九州,1,0,1,0,0.0,0.0,37.0,-37.0,2025-03-28,2025-03-28
2205,越生翔桜・児玉・小鹿野・深谷・小川,986.67,1000.0,-0.08,埼玉,関東・東京,1,0,1,0,0.0,0.0,10.0,-10.0,2026-07-12,2026-07-12
2206,上五馬,986.66,1000.0,-0.81,長崎,九州,1,0,1,0,0.0,0.0,6.0,-6.0,2026-07-07,2026-07-07
2207,具志川,986.65,1000.0,1.73,沖縄,九州,8,3,5,0,0.375,34.0,47.0,-13.0,2025-03-20,2026-06-28
2208,伊具・名取・仙台工業,986.63,1000.0,-1.84,山形,東北,1,0,1,0,0.0,1.0,8.0,-7.0,2025-05-16,2025-05-16
2209,柳井,986.61,1000.0,-1.06,山口,中国,9,4,5,0,0.4444,28.0,47.0,-19.0,2025-04-19,2026-07-21
2210,石部・信楽,986.56,1000.0,-0.81,滋賀,近畿,1,0,1,0,0.0,0.0,14.0,-14.0,2025-07-08,2025-07-08
2211,岐阜聖徳学園,986.54,1000.0,-2.62,岐阜,東海,3,1,2,0,0.3333,16.0,22.0,-6.0,2025-04-12,2025-09-14
2212,羽生実業・幸手桜・羽生第一・栗橋北彩・岩槻北陵,986.54,1000.0,-0.08,埼玉,関東・東京,1,0,1,0,0.0,1.0,20.0,-19.0,2025-07-12,2025-07-12
2213,取手二,986.49,1000.0,-1.03,茨城,関東・東京,10,4,6,0,0.4,34.0,48.0,-14.0,2025-04-19,2026-07-11
2214,五島,986.47,1000.0,-0.81,長崎,九州,1,0,1,0,0.0,1.0,12.0,-11.0,2026-07-07,2026-07-07
2215,函館大柏稜,986.46,1000.0,-9.79,北海道,北海道,3,1,2,0,0.3333,14.0,17.0,-3.0,2025-10-12,2026-07-11
2216,下関中等教育・下関北,986.45,1000.0,-1.06,山口,中国,1,0,1,0,0.0,0.0,12.0,-12.0,2025-04-13,2025-04-13
2217,新居・佐久間,986.45,1000.0,-1.42,静岡,東海,1,0,1,0,0.0,1.0,6.0,-5.0,2026-07-04,2026-07-04
2218,姉崎,986.43,1000.0,0.63,千葉,関東・東京,11,5,6,0,0.4545,54.0,61.0,-7.0,2025-04-19,2026-07-15
2219,観音,986.41,1000.0,-6.32,島根,中国,1,0,1,0,0.0,4.0,11.0,-7.0,2026-03-21,2026-03-21
2220,泉・生浜・市原・市原緑・君津青葉,986.41,1000.0,0.63,千葉,関東・東京,1,0,1,0,0.0,0.0,10.0,-10.0,2026-07-12,2026-07-12
2221,上伊那農業,986.39,1000.0,-4.39,長野,北信越,12,5,7,0,0.4167,52.0,84.0,-32.0,2025-05-10,2026-07-15
2222,高森・柳井商工・新南陽・中等,986.38,1000.0,-1.06,山口,中国,1,0,1,0,0.0,0.0,10.0,-10.0,2026-04-18,2026-04-18
2223,宮崎大宮,986.36,1000.0,-7.87,宮崎,九州,9,4,5,0,0.4444,50.0,51.0,-1.0,2025-03-21,2026-07-10
2224,出雲農林,986.35,1000.0,5.45,広島,中国,6,2,4,0,0.3333,20.0,39.0,-19.0,2025-04-18,2026-07-18
2225,前橋東,986.35,1000.0,3.22,群馬,関東・東京,9,4,5,0,0.4444,38.0,66.0,-28.0,2025-04-15,2026-07-07
2226,三田西陵,986.34,1000.0,0.49,兵庫,近畿,9,4,5,0,0.4444,33.0,47.0,-14.0,2025-04-19,2026-07-12
2227,多摩工科,986.34,1000.0,2.37,東京,関東・東京,8,3,5,0,0.375,49.0,33.0,16.0,2025-04-04,2026-07-12
2228,いわき総合・平商,986.33,1000.0,-1.38,福島,東北,1,0,1,0,0.0,0.0,6.0,-6.0,2025-07-12,2025-07-12
2229,佐世保西・佐世保商・平戸・上対馬,986.33,1000.0,-0.81,長崎,九州,1,0,1,0,0.0,0.0,10.0,-10.0,2025-07-08,2025-07-08
2230,村上,986.32,1000.0,-5.27,新潟,北信越,3,1,2,0,0.3333,17.0,16.0,1.0,2025-04-27,2025-07-12
2231,稲沢緑風館・犬山総合,986.3,1000.0,2.72,愛知,東海,2,0,2,0,0.0,8.0,27.0,-19.0,2025-09-13,2025-09-13
2232,匝瑳,986.28,1000.0,0.63,千葉,関東・東京,10,4,6,0,0.4,44.0,60.0,-16.0,2025-04-19,2026-07-15
2233,黒磯,986.26,1000.0,-2.36,栃木,関東・東京,9,4,5,0,0.4444,46.0,50.0,-4.0,2025-04-13,2026-07-12
2234,神戸鈴蘭台,986.24,1000.0,0.49,兵庫,近畿,10,4,6,0,0.4,39.0,63.0,-24.0,2025-04-19,2026-07-10
2235,西邑楽,986.18,1000.0,3.22,群馬,関東・東京,8,3,5,0,0.375,34.0,44.0,-10.0,2025-04-15,2026-07-11
2236,新居浜商,986.17,1000.0,-7.48,愛媛,四国,9,4,5,0,0.4444,41.0,40.0,1.0,2025-03-20,2026-07-19
2237,北宇和,986.16,1000.0,-7.48,愛媛,四国,9,4,5,0,0.4444,67.0,68.0,-1.0,2025-03-21,2026-07-12
2238,原町・相馬農,986.16,1000.0,-1.38,福島,東北,1,0,1,0,0.0,1.0,8.0,-7.0,2025-07-13,2025-07-13
2239,鶴嶺,986.15,1000.0,4.44,神奈川,関東・東京,7,3,4,0,0.4286,17.0,48.0,-31.0,2025-07-09,2026-07-09
2240,沼津工業・熱海,986.12,1000.0,-1.42,静岡,東海,1,0,1,0,0.0,0.0,10.0,-10.0,2026-07-04,2026-07-04
2241,伊勢崎,986.12,1000.0,3.22,群馬,関東・東京,7,2,5,0,0.2857,37.0,27.0,10.0,2025-04-14,2026-07-19
2242,日工大駒場,986.11,1000.0,2.37,東京,関東・東京,8,3,5,0,0.375,49.0,54.0,-5.0,2025-04-04,2026-07-13
2243,富岡,986.09,1000.0,3.22,群馬,関東・東京,8,3,5,0,0.375,37.0,46.0,-9.0,2025-04-14,2026-07-12
2244,安曇川・湖南農業・愛知・長浜農業,986.07,1000.0,-0.81,滋賀,近畿,1,0,1,0,0.0,0.0,11.0,-11.0,2025-07-10,2025-07-10
2245,紀北工業,986.06,1000.0,0.99,和歌山,近畿,3,1,2,0,0.3333,10.0,21.0,-11.0,2025-09-06,2026-04-12
2246,大網,986.03,1000.0,0.63,千葉,関東・東京,1,0,1,0,0.0,1.0,15.0,-14.0,2026-07-10,2026-07-10
2247,黒川・古川黎明・迫桜・中新田・岩ヶ崎,986.02,1000.0,-1.84,山形,東北,1,0,1,0,0.0,0.0,14.0,-14.0,2026-07-11,2026-07-11
2248,壬生・今市工・宇都宮清陵,986.01,1000.0,-2.36,栃木,関東・東京,1,0,1,0,0.0,2.0,7.0,-5.0,2026-07-10,2026-07-10
2249,福江,986.0,1000.0,2.72,愛知,東海,6,2,4,0,0.3333,31.0,36.0,-5.0,2025-04-12,2025-06-28
2250,那珂湊・高専,985.97,1000.0,-1.03,茨城,関東・東京,2,0,2,0,0.0,0.0,14.0,-14.0,2025-09-20,2026-04-13
2251,青稜,985.97,1000.0,2.37,東京,関東・東京,8,3,5,0,0.375,29.0,56.0,-27.0,2025-04-04,2026-07-15
2252,成田北,985.96,1000.0,0.63,千葉,関東・東京,9,3,6,0,0.3333,54.0,50.0,4.0,2025-04-19,2026-07-11
2253,仙台二,985.95,1000.0,-1.84,山形,東北,13,6,7,0,0.4615,58.0,65.0,-7.0,2025-05-16,2026-07-16
2254,大和西,985.94,1000.0,4.44,神奈川,関東・東京,6,2,4,0,0.3333,34.0,44.0,-10.0,2025-04-05,2026-07-10
2255,高畠・南陽・長井・長工,985.93,1000.0,-6.25,秋田,東北,1,0,1,0,0.0,1.0,8.0,-7.0,2025-09-12,2025-09-12
2256,阿波西・池田辻,985.92,1000.0,-0.82,香川,四国,1,0,1,0,0.0,0.0,39.0,-39.0,2026-07-13,2026-07-13
2257,静岡農業,985.92,1000.0,-1.42,静岡,東海,3,1,2,0,0.3333,7.0,21.0,-14.0,2025-07-06,2026-07-05
2258,上田,985.91,1000.0,-4.39,長野,北信越,10,4,6,0,0.4,66.0,60.0,6.0,2025-05-10,2026-07-12
2259,高森・柳井商工・下関中等教育,985.9,1000.0,-1.06,山口,中国,1,0,1,0,0.0,3.0,13.0,-10.0,2026-07-12,2026-07-12
2260,那珂湊,985.89,1000.0,-1.03,茨城,関東・東京,1,0,1,0,0.0,0.0,10.0,-10.0,2025-07-07,2025-07-07
2261,向原・千代田,985.84,1000.0,-6.32,島根,中国,3,1,2,0,0.3333,17.0,46.0,-29.0,2025-04-19,2025-04-19
2262,大手前高松,985.84,1000.0,-4.3,徳島,四国,8,3,5,0,0.375,40.0,34.0,6.0,2025-03-22,2026-07-15
2263,広島中等教育学校,985.82,1000.0,-6.32,島根,中国,1,0,1,0,0.0,2.0,11.0,-9.0,2026-03-21,2026-03-21
2264,黒瀬・大柿・黒瀬特別支援学校のみのお分校,985.82,1000.0,-6.32,島根,中国,1,0,1,0,0.0,0.0,48.0,-48.0,2026-03-21,2026-03-21
2265,総社南,985.81,1000.0,-7.46,鳥取,中国,12,6,6,0,0.5,59.0,72.0,-13.0,2025-04-26,2026-07-14
2266,八尾北・門真西・布施北・西成,985.79,1000.0,8.38,大阪,近畿,2,0,2,0,0.0,10.0,19.0,-9.0,2025-07-12,2026-04-11
2267,熱海・佐久間・浜北特支,985.79,1000.0,-1.42,静岡,東海,1,0,1,0,0.0,0.0,11.0,-11.0,2025-07-06,2025-07-06
2268,川口工,985.77,1000.0,-0.08,埼玉,関東・東京,10,5,5,0,0.5,55.0,54.0,1.0,2025-04-24,2026-07-10
2269,磐城農・いわき商業情報,985.77,1000.0,-1.38,福島,東北,1,0,1,0,0.0,1.0,15.0,-14.0,2026-07-11,2026-07-11
2270,白河旭,985.76,1000.0,-1.38,福島,東北,1,0,1,0,0.0,1.0,8.0,-7.0,2026-07-10,2026-07-10
2271,柳井商工・熊毛南,985.76,1000.0,-1.06,山口,中国,3,1,2,0,0.3333,7.0,18.0,-11.0,2025-04-12,2025-07-13
2272,石田・琴平・飯山,985.75,1000.0,-4.3,徳島,四国,1,0,1,0,0.0,2.0,5.0,-3.0,2026-07-12,2026-07-12
2273,光陵,985.74,1000.0,2.09,福岡,九州,15,7,8,0,0.4667,58.0,78.0,-20.0,2025-03-23,2026-07-10
2274,高森・柳井商工・新南陽・下関中等教育,985.74,1000.0,-1.06,山口,中国,1,0,1,0,0.0,0.0,7.0,-7.0,2025-09-13,2025-09-13
2275,矢板・黒磯南,985.73,1000.0,-2.36,栃木,関東・東京,1,0,1,0,0.0,0.0,7.0,-7.0,2025-07-12,2025-07-12
2276,岡崎,985.73,1000.0,2.72,愛知,東海,14,6,8,0,0.4286,85.0,91.0,-6.0,2025-04-12,2026-06-28
2277,高専笠間,985.71,1000.0,-1.03,茨城,関東・東京,1,0,1,0,0.0,0.0,11.0,-11.0,2025-07-05,2025-07-05
2278,松が谷,985.71,1000.0,2.37,東京,関東・東京,8,3,5,0,0.375,34.0,55.0,-21.0,2025-04-04,2026-07-14
2279,郡山商,985.69,1000.0,-1.38,福島,東北,12,4,8,0,0.3333,44.0,64.0,-20.0,2025-05-16,2026-07-18
2280,白河旭石川・船引小野,985.68,1000.0,-1.38,福島,東北,1,0,1,0,0.0,0.0,10.0,-10.0,2025-07-10,2025-07-10
2281,石田・善通寺一・飯山,985.67,1000.0,-4.3,徳島,四国,1,0,1,0,0.0,3.0,6.0,-3.0,2025-03-23,2025-03-23
2282,深川西,985.67,1000.0,-9.79,北海道,北海道,9,4,5,0,0.4444,63.0,66.0,-3.0,2025-05-26,2026-07-13
2283,坂出商業,985.67,1000.0,-4.3,徳島,四国,7,3,4,0,0.4286,21.0,23.0,-2.0,2025-03-22,2026-07-12
2284,筑波大附,985.66,1000.0,2.37,東京,関東・東京,6,2,4,0,0.3333,30.0,64.0,-34.0,2025-04-04,2026-07-13
2285,金沢錦丘,985.66,1000.0,6.19,石川,北信越,8,3,5,0,0.375,47.0,46.0,1.0,2025-04-26,2026-07-15
2286,大安寺,985.63,1000.0,-7.46,鳥取,中国,3,1,2,0,0.3333,9.0,18.0,-9.0,2025-04-26,2026-04-12
2287,宮城県工,985.63,1000.0,-1.84,山形,東北,11,5,6,0,0.4545,53.0,63.0,-10.0,2025-05-16,2026-07-16
2288,黒川・黎明・迫桜,985.59,1000.0,-1.84,山形,東北,2,0,2,0,0.0,7.0,13.0,-6.0,2025-05-16,2025-05-16
2289,熊本二,985.59,1000.0,-4.28,熊本,九州,8,3,5,0,0.375,45.0,41.0,4.0,2025-03-20,2026-07-13
2290,塩沢商工・十日町総合,985.57,1000.0,-5.27,新潟,北信越,1,0,1,0,0.0,4.0,5.0,-1.0,2025-09-12,2025-09-12
2291,球陽,985.55,1000.0,1.73,沖縄,九州,8,3,5,0,0.375,44.0,42.0,2.0,2025-03-21,2026-06-13
2292,柏崎常盤･総合,985.55,1000.0,-5.27,新潟,北信越,1,0,1,0,0.0,2.0,14.0,-12.0,2026-07-10,2026-07-10
2293,北見緑陵・津別,985.55,1000.0,-9.79,北海道,北海道,1,0,1,0,0.0,2.0,3.0,-1.0,2025-10-12,2025-10-12
2294,鹿沼商工,985.54,1000.0,-2.36,栃木,関東・東京,9,4,5,0,0.4444,35.0,49.0,-14.0,2025-04-13,2026-07-13
2295,大宮工,985.5,1000.0,-0.08,埼玉,関東・東京,5,2,3,0,0.4,21.0,46.0,-25.0,2025-04-24,2025-09-26
2296,八幡浜,985.45,1000.0,-7.48,愛媛,四国,3,1,2,0,0.3333,16.0,15.0,1.0,2025-03-23,2025-07-20
2297,操山・瀬戸,985.43,1000.0,-7.46,鳥取,中国,1,0,1,0,0.0,0.0,7.0,-7.0,2025-04-26,2025-04-26
2298,魚津工業・大門・中央農業・上市,985.41,1000.0,-10.7,富山,北信越,2,1,1,0,0.5,10.0,16.0,-6.0,2025-09-06,2025-09-13
2299,都城商,985.36,1000.0,-7.87,宮崎,九州,9,4,5,0,0.4444,47.0,40.0,7.0,2025-03-24,2026-07-05
2300,成城,985.36,1000.0,2.37,東京,関東・東京,17,7,10,0,0.4118,95.0,87.0,8.0,2025-04-05,2026-07-14
2301,上野原,985.36,1000.0,-0.05,山梨,関東・東京,1,0,1,0,0.0,0.0,35.0,-35.0,2026-07-11,2026-07-11
2302,國學院,985.34,1000.0,2.37,東京,関東・東京,6,2,4,0,0.3333,44.0,53.0,-9.0,2025-04-04,2026-07-15
2303,厚木西,985.32,1000.0,4.44,神奈川,関東・東京,4,1,3,0,0.25,20.0,25.0,-5.0,2025-07-10,2026-07-11
2304,福岡中央,985.31,1000.0,2.09,福岡,九州,8,3,5,0,0.375,52.0,48.0,4.0,2025-03-22,2026-07-07
2305,狭山・藤井寺工科・金剛,985.31,1000.0,8.38,大阪,近畿,2,0,2,0,0.0,2.0,17.0,-15.0,2025-04-12,2025-07-11
2306,神戸甲北・神戸北・北神戸総合,985.31,1000.0,0.49,兵庫,近畿,5,1,4,0,0.2,10.0,14.0,-4.0,2025-09-13,2026-07-14
2307,岩国商,985.3,1000.0,-1.06,山口,中国,8,3,5,0,0.375,40.0,36.0,4.0,2025-04-12,2026-07-12
2308,浜松南,985.29,1000.0,-1.42,静岡,東海,15,7,8,0,0.4667,55.0,72.0,-17.0,2025-04-19,2026-07-12
2309,大阪青凌,985.26,1000.0,8.38,大阪,近畿,7,2,5,0,0.2857,33.0,28.0,5.0,2025-04-06,2026-07-16
2310,科学技術（静岡）,985.26,1000.0,-1.42,静岡,東海,3,1,2,0,0.3333,6.0,16.0,-10.0,2025-04-19,2026-07-11
2311,翠星,985.26,1000.0,6.19,石川,北信越,4,1,3,0,0.25,10.0,44.0,-34.0,2025-04-20,2026-07-11
2312,竹原・福山商業,985.24,1000.0,-6.32,島根,中国,1,0,1,0,0.0,3.0,4.0,-1.0,2026-07-06,2026-07-06
2313,島原翔南・島原農,985.22,1000.0,-0.81,長崎,九州,1,0,1,0,0.0,0.0,27.0,-27.0,2026-07-07,2026-07-07
2314,福岡工,985.22,1000.0,2.09,福岡,九州,2,0,2,0,0.0,3.0,8.0,-5.0,2025-03-24,2025-09-13
2315,都城,985.22,1000.0,-7.87,宮崎,九州,15,7,8,0,0.4667,56.0,78.0,-22.0,2025-03-23,2026-07-18
2316,文教大付・目黒学院,985.19,1000.0,2.37,東京,関東・東京,2,0,2,0,0.0,6.0,12.0,-6.0,2025-10-11,2026-03-15
2317,市伊丹・猪名川,985.19,1000.0,0.49,兵庫,近畿,2,0,2,0,0.0,2.0,19.0,-17.0,2025-09-13,2025-09-13
2318,八百津・飛騨神岡・郡上北,985.18,1000.0,-2.62,岐阜,東海,2,0,2,0,0.0,10.0,18.0,-8.0,2025-04-12,2025-04-12
2319,天草・天草拓心・上天草,985.18,1000.0,-4.28,熊本,九州,1,0,1,0,0.0,7.0,11.0,-4.0,2025-03-20,2025-03-20
2320,桜町,985.18,1000.0,2.37,東京,関東・東京,7,3,4,0,0.4286,38.0,65.0,-27.0,2025-07-13,2026-07-14
2321,中大横浜,985.17,1000.0,4.44,神奈川,関東・東京,8,3,5,0,0.375,51.0,66.0,-15.0,2025-04-05,2026-07-09
2322,大田桜台,985.16,1000.0,2.37,東京,関東・東京,2,0,2,0,0.0,8.0,17.0,-9.0,2025-04-04,2025-07-07
2323,八百津,985.15,1000.0,-2.62,岐阜,東海,1,0,1,0,0.0,4.0,11.0,-7.0,2025-07-12,2025-07-12
2324,壬生・小山高専・栃木農・足利南,985.12,1000.0,-2.36,栃木,関東・東京,1,0,1,0,0.0,2.0,23.0,-21.0,2025-04-12,2025-04-12
2325,矢板・矢板東・黒磯南・黒羽,985.12,1000.0,-2.36,栃木,関東・東京,1,0,1,0,0.0,1.0,17.0,-16.0,2025-04-13,2025-04-13
2326,足利清風・佐野東・栃木翔南,985.12,1000.0,-2.36,栃木,関東・東京,1,0,1,0,0.0,1.0,14.0,-13.0,2025-04-12,2025-04-12
2327,古河三,985.1,1000.0,-1.03,茨城,関東・東京,9,4,5,0,0.4444,51.0,58.0,-7.0,2025-04-19,2026-07-06
2328,古河二・総和工・結城一・茎崎・石下紫峰,985.1,1000.0,-1.03,茨城,関東・東京,1,0,1,0,0.0,0.0,12.0,-12.0,2025-07-10,2025-07-10
2329,わせがく夢育,985.09,1000.0,-0.08,埼玉,関東・東京,3,1,2,0,0.3333,17.0,64.0,-47.0,2026-04-10,2026-07-09
2330,忠海,985.08,1000.0,-6.32,島根,中国,1,0,1,0,0.0,5.0,6.0,-1.0,2025-07-06,2025-07-06
2331,大網・九十九里・東金商業,985.08,1000.0,0.63,千葉,関東・東京,4,1,3,0,0.25,16.0,42.0,-26.0,2025-09-20,2026-04-05
2332,壬生・栃木翔南,985.05,1000.0,-2.36,栃木,関東・東京,1,0,1,0,0.0,2.0,11.0,-9.0,2025-07-11,2025-07-11
2333,伊万里,985.03,1000.0,-9.64,佐賀,九州,9,4,5,0,0.4444,26.0,25.0,1.0,2025-03-20,2026-07-14
2334,西,985.0,1000.0,2.37,東京,関東・東京,4,1,3,0,0.25,21.0,16.0,5.0,2025-04-04,2026-07-11
2335,猪名川,985.0,1000.0,0.49,兵庫,近畿,2,0,2,0,0.0,5.0,10.0,-5.0,2025-04-19,2025-07-11
2336,修猷館,984.98,1000.0,2.09,福岡,九州,8,3,5,0,0.375,26.0,38.0,-12.0,2025-03-20,2026-07-12
2337,釧路連合,984.97,1000.0,-9.79,北海道,北海道,1,0,1,0,0.0,3.0,4.0,-1.0,2025-10-12,2025-10-12
2338,小倉商,984.96,1000.0,2.09,福岡,九州,4,1,3,0,0.25,10.0,22.0,-12.0,2025-03-25,2026-03-27
2339,上鶴間,984.95,1000.0,4.44,神奈川,関東・東京,2,0,2,0,0.0,6.0,10.0,-4.0,2025-07-11,2026-07-08
2340,名寄,984.93,1000.0,-9.79,北海道,北海道,8,4,4,0,0.5,48.0,74.0,-26.0,2025-05-26,2026-06-28
2341,水島工業,984.89,1000.0,-7.46,鳥取,中国,3,1,2,0,0.3333,15.0,18.0,-3.0,2025-07-16,2026-07-12
2342,佐原,984.87,1000.0,0.63,千葉,関東・東京,10,4,6,0,0.4,43.0,46.0,-3.0,2025-04-19,2026-07-15
2343,佐野東・足利南・足利清風,984.87,1000.0,-2.36,栃木,関東・東京,1,0,1,0,0.0,3.0,13.0,-10.0,2025-07-13,2025-07-13
2344,栃木農,984.86,1000.0,-2.36,栃木,関東・東京,1,0,1,0,0.0,1.0,9.0,-8.0,2025-07-13,2025-07-13
2345,鞍手,984.82,1000.0,2.09,福岡,九州,8,3,5,0,0.375,30.0,40.0,-10.0,2025-03-21,2026-07-16
2346,北部・松代・蓼科・軽井沢・小海,984.81,1000.0,-4.39,長野,北信越,1,0,1,0,0.0,3.0,6.0,-3.0,2025-07-08,2025-07-08
2347,広島工,984.79,1000.0,-6.32,島根,中国,1,0,1,0,0.0,1.0,3.0,-2.0,2025-04-26,2025-04-26
2348,名取・仙台工,984.79,1000.0,-1.84,山形,東北,1,0,1,0,0.0,1.0,13.0,-12.0,2025-07-13,2025-07-13
2349,伊勢崎清明,984.76,1000.0,3.22,群馬,関東・東京,8,3,5,0,0.375,38.0,45.0,-7.0,2025-04-15,2026-07-12
2350,石巻北・宮城水産・涌谷,984.76,1000.0,-1.84,山形,東北,1,0,1,0,0.0,6.0,14.0,-8.0,2026-07-14,2026-07-14
2351,桜和,984.76,1000.0,8.38,大阪,近畿,2,0,2,0,0.0,1.0,22.0,-21.0,2025-04-06,2026-07-11
2352,国東,984.73,1000.0,2.65,大分,九州,8,3,5,0,0.375,34.0,49.0,-15.0,2025-03-27,2026-07-11
2353,鹿児島水産,984.72,1000.0,1.49,鹿児島,九州,8,3,5,0,0.375,39.0,36.0,3.0,2025-03-21,2026-07-07
2354,守山・春日井泉・緑丘,984.71,1000.0,2.72,愛知,東海,2,0,2,0,0.0,3.0,23.0,-20.0,2025-09-13,2025-09-13
2355,滝川工業・砂川・美唄尚栄,984.67,1000.0,-9.79,北海道,北海道,1,0,1,0,0.0,7.0,8.0,-1.0,2025-10-12,2025-10-12
2356,大宮科学技術,984.65,1000.0,-0.08,埼玉,関東・東京,3,1,2,0,0.3333,11.0,38.0,-27.0,2026-04-10,2026-07-09
2357,吉原工業,984.64,1000.0,-1.42,静岡,東海,3,1,2,0,0.3333,9.0,19.0,-10.0,2025-07-05,2026-07-04
2358,野村・大洲農,984.61,1000.0,-7.48,愛媛,四国,3,1,2,0,0.3333,9.0,9.0,0.0,2025-03-23,2025-07-16
2359,羽咋,984.6,1000.0,6.19,石川,北信越,8,3,5,0,0.375,26.0,63.0,-37.0,2025-04-19,2026-07-12
2360,希望ヶ丘,984.6,1000.0,4.44,神奈川,関東・東京,8,3,5,0,0.375,44.0,59.0,-15.0,2025-04-05,2026-07-11
2361,穴吹･阿波西･池田辻,984.59,1000.0,-0.82,香川,四国,1,0,1,0,0.0,2.0,28.0,-26.0,2025-09-14,2025-09-14
2362,広島観音,984.56,1000.0,-6.32,島根,中国,12,5,7,0,0.4167,68.0,108.0,-40.0,2025-04-19,2026-07-11
2363,いわき総合・平商・磐城農,984.54,1000.0,-1.38,福島,東北,1,0,1,0,0.0,1.0,18.0,-17.0,2025-09-11,2025-09-11
2364,県農業,984.5,1000.0,0.49,兵庫,近畿,2,0,2,0,0.0,0.0,14.0,-14.0,2025-09-13,2025-09-13
2365,矢板東・黒羽,984.5,1000.0,-2.36,栃木,関東・東京,1,0,1,0,0.0,0.0,21.0,-21.0,2025-07-13,2025-07-13
2366,正則,984.5,1000.0,2.37,東京,関東・東京,8,3,5,0,0.375,37.0,55.0,-18.0,2025-04-05,2026-07-14
2367,太田西山,984.46,1000.0,-1.03,茨城,関東・東京,4,1,3,0,0.25,21.0,26.0,-5.0,2025-04-19,2026-07-11
2368,黒川・古川黎明・迫桜・岩ヶ崎・中新田,984.46,1000.0,-1.84,山形,東北,2,0,2,0,0.0,3.0,16.0,-13.0,2026-04-25,2026-04-29
2369,黒瀬・大柿・のみのお分校,984.43,1000.0,-6.32,島根,中国,1,0,1,0,0.0,1.0,15.0,-14.0,2026-03-28,2026-03-28
2370,いわき総合・磐城農業・いわき商業情報,984.41,1000.0,-1.38,福島,東北,2,0,2,0,0.0,3.0,16.0,-13.0,2026-04-24,2026-04-28
2371,牧野,984.4,1000.0,8.38,大阪,近畿,7,2,5,0,0.2857,19.0,33.0,-14.0,2025-04-12,2026-07-12
2372,大館国際,984.38,1000.0,0.62,岩手,東北,10,4,6,0,0.4,70.0,71.0,-1.0,2025-05-13,2026-07-14
2373,大子清流・太田西山・小瀬,984.37,1000.0,-1.03,茨城,関東・東京,2,0,2,0,0.0,2.0,13.0,-11.0,2025-09-20,2025-09-20
2374,阿武野,984.37,1000.0,8.38,大阪,近畿,7,2,5,0,0.2857,57.0,54.0,3.0,2025-04-06,2026-07-18
2375,十日町総合・塩沢商工,984.36,1000.0,-5.27,新潟,北信越,3,1,2,0,0.3333,10.0,35.0,-25.0,2025-07-10,2026-05-02
2376,草津東,984.34,1000.0,-0.81,滋賀,近畿,8,3,5,0,0.375,39.0,44.0,-5.0,2025-04-20,2026-07-12
2377,御船・矢部・甲佐・湧心館・松橋・八代農業,984.33,1000.0,-4.28,熊本,九州,1,0,1,0,0.0,4.0,11.0,-7.0,2025-03-22,2025-03-22
2378,宮城農,984.31,1000.0,-1.84,山形,東北,3,1,2,0,0.3333,4.0,22.0,-18.0,2025-05-16,2026-05-15
2379,自由ケ丘,984.29,1000.0,2.09,福岡,九州,4,1,3,0,0.25,22.0,22.0,0.0,2025-03-24,2026-07-08
2380,枝幸・天塩,984.29,1000.0,-9.79,北海道,北海道,1,0,1,0,0.0,8.0,9.0,-1.0,2025-10-12,2025-10-12
2381,翔南・栃農・エイジェック,984.27,1000.0,-2.36,栃木,関東・東京,1,0,1,0,0.0,3.0,10.0,-7.0,2026-07-12,2026-07-12
2382,富士見・茅野・箕輪進修,984.26,1000.0,-4.39,長野,北信越,1,0,1,0,0.0,9.0,13.0,-4.0,2025-07-07,2025-07-07
2383,一・高・内・武,984.24,1000.0,2.72,愛知,東海,2,0,2,0,0.0,1.0,26.0,-25.0,2025-09-13,2025-09-13
2384,流山南,984.24,1000.0,0.63,千葉,関東・東京,7,2,5,0,0.2857,35.0,49.0,-14.0,2025-04-19,2026-07-11
2385,交野,984.23,1000.0,8.38,大阪,近畿,7,2,5,0,0.2857,39.0,44.0,-5.0,2025-04-06,2026-07-14
2386,大谷,984.23,1000.0,2.25,京都,近畿,8,3,5,0,0.375,25.0,51.0,-26.0,2025-04-20,2026-07-16
2387,丸の内,984.22,1000.0,3.76,高知,四国,4,1,3,0,0.25,10.0,21.0,-11.0,2025-03-20,2026-07-19
2388,サレジオ学院,984.21,1000.0,4.44,神奈川,関東・東京,2,0,2,0,0.0,12.0,21.0,-9.0,2025-07-11,2026-07-10
2389,川薩清修館,984.21,1000.0,1.49,鹿児島,九州,8,3,5,0,0.375,27.0,37.0,-10.0,2025-03-24,2026-07-14
2390,名取,984.2,1000.0,-1.84,山形,東北,1,0,1,0,0.0,0.0,12.0,-12.0,2026-07-13,2026-07-13
2391,鉾田一,984.19,1000.0,-1.03,茨城,関東・東京,9,4,5,0,0.4444,36.0,59.0,-23.0,2025-04-19,2026-07-10
2392,不破・飛騨神岡・郡上北,984.19,1000.0,-2.62,岐阜,東海,1,0,1,0,0.0,1.0,19.0,-18.0,2025-07-06,2025-07-06
2393,高田北城,984.18,1000.0,-5.27,新潟,北信越,8,3,5,0,0.375,33.0,28.0,5.0,2025-04-27,2026-07-12
2394,与野,984.13,1000.0,-0.08,埼玉,関東・東京,8,3,5,0,0.375,29.0,38.0,-9.0,2025-04-24,2026-07-15
2395,宇部西,984.12,1000.0,-1.06,山口,中国,3,1,2,0,0.3333,4.0,14.0,-10.0,2025-04-12,2025-07-13
2396,瑞浪,984.11,1000.0,-2.62,岐阜,東海,1,0,1,0,0.0,0.0,26.0,-26.0,2025-07-06,2025-07-06
2397,水戸農,984.11,1000.0,-1.03,茨城,関東・東京,9,3,6,0,0.3333,39.0,53.0,-14.0,2025-04-19,2026-07-15
2398,伊勢原,984.1,1000.0,4.44,神奈川,関東・東京,2,0,2,0,0.0,14.0,22.0,-8.0,2025-07-09,2026-07-08
2399,百合丘,984.09,1000.0,4.44,神奈川,関東・東京,4,1,3,0,0.25,8.0,21.0,-13.0,2025-07-10,2026-07-07
2400,清水西・川根,984.08,1000.0,-1.42,静岡,東海,2,0,2,0,0.0,0.0,16.0,-16.0,2025-04-19,2026-03-20
2401,東濃・恵那南・山県・羽島,984.08,1000.0,-2.62,岐阜,東海,1,0,1,0,0.0,0.0,18.0,-18.0,2025-07-12,2025-07-12
2402,出石・生野,984.08,1000.0,0.49,兵庫,近畿,2,0,2,0,0.0,9.0,14.0,-5.0,2025-04-19,2025-07-05
2403,桜井,984.06,1000.0,-10.7,富山,北信越,19,9,10,0,0.4737,112.0,94.0,18.0,2025-04-20,2026-07-18
2404,桃山,984.04,1000.0,2.25,京都,近畿,8,3,5,0,0.375,38.0,45.0,-7.0,2025-04-20,2026-07-15
2405,坂出工,984.01,1000.0,-4.3,徳島,四国,1,0,1,0,0.0,0.0,9.0,-9.0,2026-03-24,2026-03-24
2406,桜和・清水谷,984.0,1000.0,8.38,大阪,近畿,2,0,2,0,0.0,2.0,22.0,-20.0,2025-09-07,2026-04-12
2407,和歌山商,983.97,1000.0,0.99,和歌山,近畿,9,4,5,0,0.4444,39.0,61.0,-22.0,2025-04-14,2026-07-14
2408,大安寺・白陵,983.94,1000.0,-7.46,鳥取,中国,1,0,1,0,0.0,0.0,7.0,-7.0,2025-09-20,2025-09-20
2409,北星大付,983.93,1000.0,-9.79,北海道,北海道,1,0,1,0,0.0,3.0,4.0,-1.0,2025-07-10,2025-07-10
2410,南筑,983.91,1000.0,2.09,福岡,九州,6,2,4,0,0.3333,25.0,29.0,-4.0,2025-03-20,2026-03-21
2411,浜松湖北,983.88,1000.0,-1.42,静岡,東海,10,4,6,0,0.4,45.0,44.0,1.0,2025-04-19,2026-07-04
2412,慶風,983.84,1000.0,0.99,和歌山,近畿,6,2,4,0,0.3333,25.0,31.0,-6.0,2025-04-14,2026-07-23
2413,明石城西,983.84,1000.0,0.49,兵庫,近畿,10,4,6,0,0.4,34.0,42.0,-8.0,2025-04-19,2026-07-09
2414,別府翔青,983.83,1000.0,2.65,大分,九州,8,3,5,0,0.375,31.0,35.0,-4.0,2025-03-23,2026-07-14
2415,猪名川・西宮甲山,983.83,1000.0,0.49,兵庫,近畿,2,0,2,0,0.0,6.0,16.0,-10.0,2026-03-26,2026-07-10
2416,天草拓心・牛深,983.82,1000.0,-4.28,熊本,九州,1,0,1,0,0.0,0.0,11.0,-11.0,2026-07-09,2026-07-09
2417,高松東,983.82,1000.0,-4.3,徳島,四国,9,4,5,0,0.4444,26.0,34.0,-8.0,2025-03-21,2026-07-10
2418,豊田,983.79,1000.0,2.72,愛知,東海,13,5,8,0,0.3846,57.0,72.0,-15.0,2025-04-12,2026-07-11
2419,鶴城丘,983.76,1000.0,2.72,愛知,東海,14,6,8,0,0.4286,83.0,78.0,5.0,2025-04-12,2026-07-05
2420,小鹿野,983.75,1000.0,-0.08,埼玉,関東・東京,2,0,2,0,0.0,7.0,27.0,-20.0,2025-04-24,2025-07-13
2421,吉田・野村,983.74,1000.0,-7.48,愛媛,四国,1,0,1,0,0.0,2.0,3.0,-1.0,2026-07-12,2026-07-12
2422,桜修館,983.73,1000.0,2.37,東京,関東・東京,7,3,4,0,0.4286,43.0,57.0,-14.0,2025-07-11,2026-07-14
2423,酒田東・酒田西,983.72,1000.0,-6.25,秋田,東北,1,0,1,0,0.0,3.0,6.0,-3.0,2025-05-09,2025-05-09
2424,石田・飯山,983.71,1000.0,-4.3,徳島,四国,1,0,1,0,0.0,1.0,11.0,-10.0,2025-07-12,2025-07-12
2425,鹿本商工・鹿本,983.68,1000.0,-4.28,熊本,九州,5,2,3,0,0.4,21.0,37.0,-16.0,2025-03-22,2026-03-23
2426,蘇南･田川･梓川･明科･南安曇農業･穂高商業･池田工業,983.68,1000.0,-4.39,長野,北信越,1,0,1,0,0.0,4.0,8.0,-4.0,2026-07-06,2026-07-06
2427,布施工科,983.65,1000.0,8.38,大阪,近畿,2,0,2,0,0.0,1.0,20.0,-19.0,2025-04-06,2025-07-06
2428,八百津・瑞浪・東濃・恵那南,983.65,1000.0,-2.62,岐阜,東海,1,0,1,0,0.0,5.0,15.0,-10.0,2026-07-05,2026-07-05
2429,千代田・向原,983.64,1000.0,-6.32,島根,中国,1,0,1,0,0.0,0.0,23.0,-23.0,2026-07-10,2026-07-10
2430,新庄神室,983.59,1000.0,-6.25,秋田,東北,1,0,1,0,0.0,0.0,4.0,-4.0,2025-05-16,2025-05-16
2431,市立銚子,983.57,1000.0,0.63,千葉,関東・東京,10,4,6,0,0.4,41.0,53.0,-12.0,2025-04-19,2026-07-09
2432,川越南,983.54,1000.0,-0.08,埼玉,関東・東京,8,3,5,0,0.375,44.0,48.0,-4.0,2025-04-24,2026-07-09
2433,三潴,983.49,1000.0,2.09,福岡,九州,8,3,5,0,0.375,39.0,40.0,-1.0,2025-03-24,2026-07-10
2434,白河実,983.46,1000.0,-1.38,福島,東北,4,1,3,0,0.25,21.0,20.0,1.0,2025-07-12,2026-07-14
2435,大東・金ケ崎,983.45,1000.0,3.8,宮城,東北,4,1,3,0,0.25,13.0,37.0,-24.0,2025-05-16,2025-07-11
2436,新潟北・碧・村上・中条,983.43,1000.0,-5.27,新潟,北信越,3,1,2,0,0.3333,9.0,39.0,-30.0,2026-04-28,2026-07-15
2437,香椎,983.42,1000.0,2.09,福岡,九州,7,2,5,0,0.2857,31.0,29.0,2.0,2025-03-23,2026-07-13
2438,福島工,983.42,1000.0,-1.38,福島,東北,8,3,5,0,0.375,34.0,29.0,5.0,2025-05-18,2026-07-12
2439,不破・山県・羽島,983.42,1000.0,-2.62,岐阜,東海,2,0,2,0,0.0,3.0,17.0,-14.0,2025-04-12,2025-04-12
2440,沼津商,983.36,1000.0,-1.42,静岡,東海,12,5,7,0,0.4167,32.0,42.0,-10.0,2025-04-19,2026-07-05
2441,平岡,983.34,1000.0,-9.79,北海道,北海道,1,0,1,0,0.0,2.0,5.0,-3.0,2025-10-12,2025-10-12
2442,小高産業技術,983.32,1000.0,-1.38,福島,東北,14,7,7,0,0.5,58.0,63.0,-5.0,2025-05-16,2026-07-15
2443,土浦湖北,983.29,1000.0,-1.03,茨城,関東・東京,10,4,6,0,0.4,34.0,54.0,-20.0,2025-04-19,2026-07-15
2444,羽島・山県,983.28,1000.0,-2.62,岐阜,東海,1,0,1,0,0.0,0.0,10.0,-10.0,2026-07-11,2026-07-11
2445,関東六浦,983.27,1000.0,4.44,神奈川,関東・東京,2,0,2,0,0.0,8.0,20.0,-12.0,2026-04-04,2026-07-07
2446,愛大附・松山西,983.27,1000.0,-7.48,愛媛,四国,1,0,1,0,0.0,1.0,3.0,-2.0,2026-03-20,2026-03-20
2447,小高産技・原町・相農,983.27,1000.0,-1.38,福島,東北,2,0,2,0,0.0,5.0,22.0,-17.0,2025-05-16,2025-05-16
2448,七里ガ浜,983.24,1000.0,4.44,神奈川,関東・東京,4,1,3,0,0.25,9.0,23.0,-14.0,2025-07-12,2026-07-10
2449,三次青陵,983.23,1000.0,-6.32,島根,中国,1,0,1,0,0.0,0.0,31.0,-31.0,2026-07-06,2026-07-06
2450,岐阜高専,983.23,1000.0,-2.62,岐阜,東海,13,6,7,0,0.4615,60.0,94.0,-34.0,2025-04-12,2026-07-20
2451,いわき総合・小名浜海星平商業・福島高専,983.22,1000.0,-1.38,福島,東北,2,0,2,0,0.0,1.0,21.0,-20.0,2025-05-16,2025-05-16
2452,山手学院,983.2,1000.0,4.44,神奈川,関東・東京,7,2,5,0,0.2857,27.0,27.0,0.0,2025-04-05,2026-07-10
2453,幸手桜・吉川美南・羽生第一・栗橋北彩・松伏・三郷工業技術,983.17,1000.0,-0.08,埼玉,関東・東京,2,0,2,0,0.0,2.0,26.0,-24.0,2025-09-26,2026-04-10
2454,庄原実業・向原・三次青陵・千代田・加計,983.16,1000.0,-6.32,島根,中国,6,2,4,0,0.3333,35.0,29.0,6.0,2025-09-20,2026-03-22
2455,瀬戸工科・瀬戸北総合,983.13,1000.0,2.72,愛知,東海,2,0,2,0,0.0,0.0,28.0,-28.0,2025-04-12,2026-07-05
2456,鹿本商工・菊池農,983.11,1000.0,-4.28,熊本,九州,1,0,1,0,0.0,3.0,12.0,-9.0,2025-07-09,2025-07-09
2457,袋井商業,983.11,1000.0,-1.42,静岡,東海,3,1,2,0,0.3333,5.0,21.0,-16.0,2025-07-06,2026-07-05
2458,池田,983.11,1000.0,-0.82,香川,四国,38,17,21,0,0.4474,167.0,186.0,-19.0,2025-03-20,2026-07-23
2459,本荘,983.08,1000.0,0.62,岩手,東北,10,4,6,0,0.4,47.0,62.0,-15.0,2025-05-13,2026-07-09
2460,橘学苑,983.07,1000.0,4.44,神奈川,関東・東京,2,0,2,0,0.0,8.0,19.0,-11.0,2025-07-13,2026-07-07
2461,矢板東・黒磯南・矢板・黒羽,983.06,1000.0,-2.36,栃木,関東・東京,1,0,1,0,0.0,3.0,14.0,-11.0,2025-09-15,2025-09-15
2462,不破,983.04,1000.0,-2.62,岐阜,東海,1,0,1,0,0.0,0.0,24.0,-24.0,2026-07-11,2026-07-11
2463,3校連合,982.99,1000.0,-1.84,山形,東北,2,0,2,0,0.0,2.0,33.0,-31.0,2025-04-24,2025-05-16
2464,青森東,982.98,1000.0,4.16,青森,東北,2,0,2,0,0.0,6.0,13.0,-7.0,2025-05-10,2025-07-12
2465,呉工,982.97,1000.0,-6.32,島根,中国,1,0,1,0,0.0,1.0,9.0,-8.0,2026-07-07,2026-07-07
2466,新潟東・新潟向陽・新津南・新発田商・加茂,982.96,1000.0,-5.27,新潟,北信越,1,0,1,0,0.0,0.0,8.0,-8.0,2025-04-27,2025-04-27
2467,浜松大平台,982.96,1000.0,-1.42,静岡,東海,10,4,6,0,0.4,34.0,43.0,-9.0,2025-04-19,2026-07-11
2468,小牧工科,982.95,1000.0,2.72,愛知,東海,12,5,7,0,0.4167,65.0,66.0,-1.0,2025-04-12,2026-06-28
2469,磐城農業,982.95,1000.0,-1.38,福島,東北,2,0,2,0,0.0,8.0,32.0,-24.0,2025-05-16,2025-05-16
2470,足立新田,982.93,1000.0,2.37,東京,関東・東京,7,2,5,0,0.2857,28.0,32.0,-4.0,2025-04-04,2026-07-13
2471,足利大附,982.93,1000.0,-2.36,栃木,関東・東京,8,3,5,0,0.375,43.0,41.0,2.0,2025-04-14,2026-07-14
2472,浮羽工業,982.92,1000.0,2.09,福岡,九州,7,3,4,0,0.4286,29.0,48.0,-19.0,2025-03-24,2026-07-14
2473,津,982.88,1000.0,-4.97,三重,東海,8,4,4,0,0.5,40.0,65.0,-25.0,2025-04-12,2026-07-12
2474,上天草,982.86,1000.0,-4.28,熊本,九州,1,0,1,0,0.0,0.0,21.0,-21.0,2026-07-10,2026-07-10
2475,神奈川工,982.85,1000.0,4.44,神奈川,関東・東京,8,3,5,0,0.375,27.0,50.0,-23.0,2025-04-06,2026-07-11
2476,延岡,982.84,1000.0,-7.87,宮崎,九州,9,4,5,0,0.4444,42.0,47.0,-5.0,2025-03-22,2026-07-07
2477,気仙沼向洋・南三陸・石巻北・宮城水産,982.83,1000.0,-1.84,山形,東北,2,0,2,0,0.0,8.0,25.0,-17.0,2025-05-16,2025-05-16
2478,新潟南,982.82,1000.0,-5.27,新潟,北信越,8,3,5,0,0.375,45.0,51.0,-6.0,2025-04-28,2026-07-18
2479,宇佐,982.79,1000.0,2.65,大分,九州,8,3,5,0,0.375,32.0,53.0,-21.0,2025-03-28,2026-07-09
2480,東舞鶴・海洋・丹後緑風,982.77,1000.0,2.25,京都,近畿,2,0,2,0,0.0,13.0,16.0,-3.0,2025-08-30,2026-07-09
2481,彦根翔西館,982.75,1000.0,-0.81,滋賀,近畿,8,3,5,0,0.375,34.0,45.0,-11.0,2025-04-20,2026-07-10
2482,千葉日大一,982.75,1000.0,0.63,千葉,関東・東京,11,5,6,0,0.4545,45.0,46.0,-1.0,2025-04-19,2026-07-10
2483,登米総産,982.73,1000.0,-1.84,山形,東北,2,0,2,0,0.0,3.0,15.0,-12.0,2025-09-12,2025-09-12
2484,神代・調布北,982.73,1000.0,2.37,東京,関東・東京,2,0,2,0,0.0,1.0,20.0,-19.0,2025-10-11,2026-03-20
2485,朝霞,982.73,1000.0,-0.08,埼玉,関東・東京,8,3,5,0,0.375,34.0,61.0,-27.0,2025-04-24,2026-07-11
2486,朝明・四日市四郷,982.73,1000.0,-4.97,三重,東海,1,0,1,0,0.0,1.0,11.0,-10.0,2026-07-08,2026-07-08
2487,会津,982.71,1000.0,-1.38,福島,東北,16,7,9,0,0.4375,80.0,77.0,3.0,2025-05-16,2026-07-10
2488,真岡,982.66,1000.0,-2.36,栃木,関東・東京,8,3,5,0,0.375,46.0,40.0,6.0,2025-04-19,2026-07-09
2489,長岡農・正徳館・栃尾・分水・三条商,982.62,1000.0,-5.27,新潟,北信越,1,0,1,0,0.0,0.0,7.0,-7.0,2025-07-12,2025-07-12
2490,観音寺一,982.62,1000.0,-4.3,徳島,四国,9,4,5,0,0.4444,38.0,54.0,-16.0,2025-03-22,2026-07-18
2491,加茂農林,982.6,1000.0,-2.62,岐阜,東海,20,10,10,0,0.5,91.0,136.0,-45.0,2025-04-12,2026-07-18
2492,福農・明成,982.58,1000.0,1.72,福井,北信越,2,0,2,0,0.0,2.0,10.0,-8.0,2025-09-14,2026-04-25
2493,御船・矢部・甲佐・湧心館・八代農,982.57,1000.0,-4.28,熊本,九州,1,0,1,0,0.0,0.0,10.0,-10.0,2025-07-07,2025-07-07
2494,長岡農・正徳館・栃尾・分水・三条商・塩沢商工・十日町総合,982.56,1000.0,-5.27,新潟,北信越,1,0,1,0,0.0,1.0,11.0,-10.0,2025-04-27,2025-04-27
2495,坂出,982.54,1000.0,-4.3,徳島,四国,5,2,3,0,0.4,26.0,26.0,0.0,2025-03-23,2026-07-11
2496,那須清峰,982.54,1000.0,-2.36,栃木,関東・東京,9,4,5,0,0.4444,60.0,72.0,-12.0,2025-04-14,2026-07-13
2497,草加,982.51,1000.0,-0.08,埼玉,関東・東京,8,3,5,0,0.375,35.0,34.0,1.0,2025-04-24,2026-07-12
2498,能登,982.5,1000.0,6.19,石川,北信越,2,0,2,0,0.0,3.0,17.0,-14.0,2025-04-19,2025-07-13
2499,苫小牧工,982.5,1000.0,-9.79,北海道,北海道,1,0,1,0,0.0,0.0,5.0,-5.0,2026-07-10,2026-07-10
2500,長井・南陽,982.49,1000.0,-6.25,秋田,東北,1,0,1,0,0.0,1.0,7.0,-6.0,2025-05-12,2025-05-12
2501,古川工,982.49,1000.0,-1.84,山形,東北,12,5,7,0,0.4167,53.0,61.0,-8.0,2025-05-16,2026-07-16
2502,中野立志館,982.46,1000.0,-4.39,長野,北信越,1,0,1,0,0.0,0.0,26.0,-26.0,2025-07-08,2025-07-08
2503,純真,982.44,1000.0,2.09,福岡,九州,8,3,5,0,0.375,32.0,47.0,-15.0,2025-03-20,2026-07-06
2504,久留米,982.42,1000.0,2.09,福岡,九州,8,3,5,0,0.375,39.0,41.0,-2.0,2025-03-22,2026-07-10
2505,国際学院,982.42,1000.0,-0.08,埼玉,関東・東京,8,3,5,0,0.375,44.0,48.0,-4.0,2025-04-24,2026-07-12
2506,農産,982.41,1000.0,2.37,東京,関東・東京,2,0,2,0,0.0,0.0,75.0,-75.0,2025-10-11,2026-03-15
2507,富士見･茅野･箕輪進修,982.39,1000.0,-4.39,長野,北信越,1,0,1,0,0.0,0.0,9.0,-9.0,2026-07-06,2026-07-06
2508,茅ケ崎西浜,982.39,1000.0,4.44,神奈川,関東・東京,2,0,2,0,0.0,7.0,17.0,-10.0,2025-07-11,2026-07-11
2509,鳥栖,982.38,1000.0,-9.64,佐賀,九州,9,4,5,0,0.4444,34.0,28.0,6.0,2025-03-20,2026-07-08
2510,玉川学園,982.38,1000.0,2.37,東京,関東・東京,9,4,5,0,0.4444,42.0,64.0,-22.0,2025-04-04,2026-07-13
2511,実籾,982.37,1000.0,0.63,千葉,関東・東京,9,3,6,0,0.3333,42.0,60.0,-18.0,2025-04-19,2026-07-18
2512,福島西・伊達・福島北,982.37,1000.0,-1.38,福島,東北,2,0,2,0,0.0,4.0,9.0,-5.0,2025-09-11,2025-09-12
2513,見附・三条商・分水,982.36,1000.0,-5.27,新潟,北信越,1,0,1,0,0.0,1.0,9.0,-8.0,2026-07-11,2026-07-11
2514,南砺福野,982.36,1000.0,-10.7,富山,北信越,9,4,5,0,0.4444,32.0,46.0,-14.0,2025-04-26,2026-07-12
2515,芝浦工大柏,982.35,1000.0,0.63,千葉,関東・東京,10,4,6,0,0.4,55.0,67.0,-12.0,2025-04-19,2026-07-15
2516,英心,982.35,1000.0,-4.97,三重,東海,1,0,1,0,0.0,0.0,34.0,-34.0,2025-07-07,2025-07-07
2517,紀央館,982.34,1000.0,0.99,和歌山,近畿,7,2,5,0,0.2857,27.0,21.0,6.0,2025-04-15,2026-07-21
2518,寒川,982.33,1000.0,-4.3,徳島,四国,3,1,2,0,0.3333,10.0,20.0,-10.0,2025-07-13,2026-03-28
2519,富山・雄山,982.31,1000.0,-10.7,富山,北信越,5,2,3,0,0.4,23.0,24.0,-1.0,2025-09-06,2026-07-11
2520,東予・東予総合,982.31,1000.0,-7.48,愛媛,四国,1,0,1,0,0.0,0.0,11.0,-11.0,2026-07-14,2026-07-14
2521,南平,982.3,1000.0,2.37,東京,関東・東京,8,3,5,0,0.375,56.0,53.0,3.0,2025-04-04,2026-07-08
2522,八幡浜工,982.29,1000.0,-7.48,愛媛,四国,7,3,4,0,0.4286,44.0,45.0,-1.0,2025-07-13,2026-07-14
2523,ふじみ野,982.25,1000.0,-0.08,埼玉,関東・東京,8,3,5,0,0.375,43.0,46.0,-3.0,2025-04-24,2026-07-12
2524,湘南学園,982.24,1000.0,4.44,神奈川,関東・東京,4,1,3,0,0.25,26.0,41.0,-15.0,2025-07-10,2026-07-11
2525,岩見沢農,982.23,1000.0,-9.79,北海道,北海道,1,0,1,0,0.0,0.0,13.0,-13.0,2026-07-09,2026-07-09
2526,金沢西,982.23,1000.0,6.19,石川,北信越,8,3,5,0,0.375,25.0,52.0,-27.0,2025-04-26,2026-07-12
2527,大聖寺実,982.22,1000.0,6.19,石川,北信越,7,2,5,0,0.2857,23.0,35.0,-12.0,2025-04-19,2026-07-15
2528,磯城野,982.21,1000.0,3.92,奈良,近畿,8,3,5,0,0.375,33.0,50.0,-17.0,2025-04-26,2026-07-19
2529,今治南・今治東・今治北大三島,982.21,1000.0,-7.48,愛媛,四国,1,0,1,0,0.0,0.0,10.0,-10.0,2026-03-21,2026-03-21
2530,筑紫丘,982.2,1000.0,2.09,福岡,九州,7,2,5,0,0.2857,32.0,42.0,-10.0,2025-03-20,2026-07-11
2531,釧路江南,982.19,1000.0,-9.79,北海道,北海道,10,4,6,0,0.4,43.0,41.0,2.0,2025-05-26,2026-07-12
2532,能代科技・五城目・男鹿海洋・西仙北,982.19,1000.0,0.62,岩手,東北,2,0,2,0,0.0,0.0,28.0,-28.0,2025-09-12,2025-09-12
2533,東京,982.19,1000.0,2.37,東京,関東・東京,9,4,5,0,0.4444,38.0,74.0,-36.0,2025-04-04,2026-07-11
2534,東岡山工業,982.18,1000.0,-7.46,鳥取,中国,7,3,4,0,0.4286,37.0,41.0,-4.0,2025-04-26,2026-07-15
2535,岩内・寿都・蘭越,982.17,1000.0,-9.79,北海道,北海道,3,1,2,0,0.3333,8.0,14.0,-6.0,2025-10-12,2026-07-08
2536,新潟向陽・新津南・新発田商,982.16,1000.0,-5.27,新潟,北信越,1,0,1,0,0.0,2.0,9.0,-7.0,2025-07-10,2025-07-10
2537,開智,982.16,1000.0,-0.08,埼玉,関東・東京,8,3,5,0,0.375,31.0,45.0,-14.0,2025-04-24,2026-07-12
2538,津和野,982.14,1000.0,5.45,広島,中国,7,2,5,0,0.2857,26.0,34.0,-8.0,2025-04-18,2026-07-14
2539,文教附,982.13,1000.0,-9.79,北海道,北海道,1,0,1,0,0.0,8.0,9.0,-1.0,2026-05-09,2026-05-09
2540,香住丘,982.12,1000.0,2.09,福岡,九州,8,3,5,0,0.375,46.0,38.0,8.0,2025-03-20,2026-07-07
2541,金沢総合,982.11,1000.0,4.44,神奈川,関東・東京,4,1,3,0,0.25,15.0,23.0,-8.0,2025-07-10,2026-07-11
2542,聖学院,982.1,1000.0,2.37,東京,関東・東京,7,2,5,0,0.2857,42.0,42.0,0.0,2025-04-04,2026-07-11
2543,利根実,982.07,1000.0,3.22,群馬,関東・東京,2,0,2,0,0.0,1.0,13.0,-12.0,2025-07-06,2026-07-07
2544,新潟東・新潟向陽・新発田商,982.03,1000.0,-5.27,新潟,北信越,1,0,1,0,0.0,6.0,13.0,-7.0,2026-04-26,2026-04-26
2545,高山工,982.01,1000.0,-2.62,岐阜,東海,4,1,3,0,0.25,20.0,33.0,-13.0,2025-04-12,2025-07-20
2546,帯広農,981.99,1000.0,-9.79,北海道,北海道,1,0,1,0,0.0,1.0,7.0,-6.0,2026-07-09,2026-07-09
2547,高畠・南陽・長井工業・左沢,981.98,1000.0,-6.25,秋田,東北,3,1,2,0,0.3333,14.0,23.0,-9.0,2026-05-09,2026-07-11
2548,恵那南・瑞浪・東濃,981.98,1000.0,-2.62,岐阜,東海,2,0,2,0,0.0,1.0,19.0,-18.0,2025-04-12,2025-04-12
2549,日吉ケ丘,981.98,1000.0,2.25,京都,近畿,8,3,5,0,0.375,42.0,54.0,-12.0,2025-04-19,2026-07-08
2550,長岡農・正徳館・栃尾,981.97,1000.0,-5.27,新潟,北信越,1,0,1,0,0.0,0.0,10.0,-10.0,2026-07-11,2026-07-11
2551,鹿町工,981.96,1000.0,-0.81,長崎,九州,8,3,5,0,0.375,42.0,29.0,13.0,2025-03-25,2026-07-11
2552,滝,981.95,1000.0,2.72,愛知,東海,8,3,5,0,0.375,30.0,46.0,-16.0,2025-04-12,2026-07-07
2553,成美学園,981.95,1000.0,0.63,千葉,関東・東京,4,1,3,0,0.25,18.0,21.0,-3.0,2025-07-10,2026-07-10
2554,宮古商工,981.95,1000.0,3.8,宮城,東北,14,6,8,0,0.4286,66.0,80.0,-14.0,2025-05-16,2026-07-11
2555,市立堺,981.92,1000.0,8.38,大阪,近畿,5,1,4,0,0.2,21.0,43.0,-22.0,2025-07-16,2026-07-18
2556,那珂・笠間・茨城東,981.91,1000.0,-1.03,茨城,関東・東京,2,0,2,0,0.0,1.0,28.0,-27.0,2025-09-20,2025-09-20
2557,白河旭・あぶくま柏鵬・石川,981.89,1000.0,-1.38,福島,東北,2,0,2,0,0.0,0.0,26.0,-26.0,2026-04-25,2026-04-29
2558,川口青陵,981.88,1000.0,-0.08,埼玉,関東・東京,8,3,5,0,0.375,41.0,78.0,-37.0,2025-04-24,2026-07-14
2559,高松北,981.87,1000.0,-4.3,徳島,四国,9,4,5,0,0.4444,49.0,54.0,-5.0,2025-03-22,2026-07-19
2560,大分工,981.86,1000.0,2.65,大分,九州,3,0,3,0,0.0,0.0,4.0,-4.0,2025-03-29,2026-04-02
2561,穴水,981.85,1000.0,6.19,石川,北信越,2,0,2,0,0.0,0.0,17.0,-17.0,2025-04-26,2025-07-14
2562,中野立志館･北部･松代,981.82,1000.0,-4.39,長野,北信越,1,0,1,0,0.0,1.0,11.0,-10.0,2026-07-07,2026-07-07
2563,桜林,981.76,1000.0,0.63,千葉,関東・東京,10,4,6,0,0.4,52.0,51.0,1.0,2025-04-19,2026-07-13
2564,保土ケ谷,981.75,1000.0,4.44,神奈川,関東・東京,2,0,2,0,0.0,6.0,28.0,-22.0,2025-07-11,2026-07-11
2565,鹿追・本別・広尾・更別農業,981.72,1000.0,-9.79,北海道,北海道,1,0,1,0,0.0,0.0,9.0,-9.0,2025-10-12,2025-10-12
2566,輪島,981.72,1000.0,6.19,石川,北信越,7,2,5,0,0.2857,27.0,27.0,0.0,2025-04-27,2026-07-11
2567,磐田農,981.71,1000.0,-1.42,静岡,東海,5,1,4,0,0.2,16.0,22.0,-6.0,2025-04-19,2026-03-21
2568,朝明・石薬師,981.7,1000.0,-4.97,三重,東海,1,0,1,0,0.0,3.0,15.0,-12.0,2025-07-05,2025-07-05
2569,山城,981.68,1000.0,2.25,京都,近畿,8,3,5,0,0.375,42.0,50.0,-8.0,2025-04-20,2026-07-09
2570,韮山,981.68,1000.0,-1.42,静岡,東海,7,2,5,0,0.2857,18.0,43.0,-25.0,2025-04-19,2026-07-12
2571,大田原,981.67,1000.0,-2.36,栃木,関東・東京,8,3,5,0,0.375,46.0,52.0,-6.0,2025-04-13,2026-07-13
2572,豊田工科,981.66,1000.0,2.72,愛知,東海,15,6,9,0,0.4,52.0,71.0,-19.0,2025-04-12,2026-07-04
2573,明星学園・和光,981.63,1000.0,2.37,東京,関東・東京,2,0,2,0,0.0,0.0,28.0,-28.0,2025-10-11,2026-03-15
2574,六ケ所・七戸・野辺地,981.62,1000.0,4.16,青森,東北,2,0,2,0,0.0,2.0,16.0,-14.0,2025-05-09,2025-07-13
2575,新潟向陽・新発田商,981.62,1000.0,-5.27,新潟,北信越,1,0,1,0,0.0,2.0,9.0,-7.0,2026-07-11,2026-07-11
2576,あすかぜ,981.6,1000.0,-9.79,北海道,北海道,1,0,1,0,0.0,7.0,8.0,-1.0,2026-05-11,2026-05-11
2577,福山商・神辺,981.6,1000.0,-6.32,島根,中国,1,0,1,0,0.0,0.0,7.0,-7.0,2025-07-12,2025-07-12
2578,白根,981.59,1000.0,-0.05,山梨,関東・東京,6,2,4,0,0.3333,32.0,42.0,-10.0,2025-04-20,2026-07-13
2579,鶴見,981.57,1000.0,4.44,神奈川,関東・東京,2,0,2,0,0.0,5.0,21.0,-16.0,2025-07-12,2026-07-11
2580,高松一,981.57,1000.0,-4.3,徳島,四国,1,0,1,0,0.0,0.0,10.0,-10.0,2025-09-13,2025-09-13
2581,室蘭工業・室蘭東翔,981.56,1000.0,-9.79,北海道,北海道,1,0,1,0,0.0,2.0,15.0,-13.0,2025-10-12,2025-10-12
2582,高城・福島,981.53,1000.0,-7.87,宮崎,九州,1,0,1,0,0.0,1.0,7.0,-6.0,2026-07-04,2026-07-04
2583,岩見沢農業,981.52,1000.0,-9.79,北海道,北海道,7,3,4,0,0.4286,49.0,41.0,8.0,2025-05-26,2026-06-27
2584,広島中等,981.52,1000.0,-6.32,島根,中国,2,0,2,0,0.0,9.0,14.0,-5.0,2025-04-19,2025-04-19
2585,広島中等教育,981.52,1000.0,-6.32,島根,中国,11,5,6,0,0.4545,60.0,39.0,21.0,2025-07-06,2026-07-07
2586,攻玉社,981.51,1000.0,2.37,東京,関東・東京,8,3,5,0,0.375,45.0,57.0,-12.0,2025-04-04,2026-07-16
2587,岡山商大附,981.51,1000.0,-7.46,鳥取,中国,6,2,4,0,0.3333,24.0,22.0,2.0,2025-04-27,2026-07-16
2588,五商,981.5,1000.0,2.37,東京,関東・東京,2,0,2,0,0.0,0.0,33.0,-33.0,2025-04-04,2025-07-05
2589,津久井,981.48,1000.0,4.44,神奈川,関東・東京,2,0,2,0,0.0,16.0,27.0,-11.0,2025-07-10,2026-07-08
2590,名取・宮城広瀬・伊具・仙台工業,981.48,1000.0,-1.84,山形,東北,2,0,2,0,0.0,0.0,20.0,-20.0,2025-09-12,2025-09-12
2591,浜松湖東,981.42,1000.0,-1.42,静岡,東海,4,1,3,0,0.25,7.0,26.0,-19.0,2025-04-19,2026-07-04
2592,青森中央・松風塾,981.4,1000.0,4.16,青森,東北,2,0,2,0,0.0,7.0,20.0,-13.0,2025-05-10,2025-07-13
2593,鹿本商工,981.36,1000.0,-4.28,熊本,九州,1,0,1,0,0.0,0.0,10.0,-10.0,2026-07-10,2026-07-10
2594,槻の木,981.36,1000.0,8.38,大阪,近畿,7,2,5,0,0.2857,31.0,45.0,-14.0,2025-04-06,2026-07-12
2595,川島,981.35,1000.0,-0.82,香川,四国,8,3,5,0,0.375,43.0,55.0,-12.0,2025-03-27,2026-07-19
2596,宇都宮中央,981.33,1000.0,-2.36,栃木,関東・東京,9,4,5,0,0.4444,48.0,67.0,-19.0,2025-04-19,2026-07-11
2597,藤沢西,981.32,1000.0,4.44,神奈川,関東・東京,4,1,3,0,0.25,15.0,25.0,-10.0,2025-04-06,2026-07-10
2598,刀根山,981.32,1000.0,8.38,大阪,近畿,7,2,5,0,0.2857,34.0,38.0,-4.0,2025-04-20,2026-07-12
2599,明石高専,981.32,1000.0,0.49,兵庫,近畿,9,3,6,0,0.3333,25.0,47.0,-22.0,2025-04-19,2026-07-11
2600,安西,981.31,1000.0,-6.32,島根,中国,16,7,9,0,0.4375,60.0,75.0,-15.0,2025-04-19,2026-07-10
2601,益田翔陽,981.29,1000.0,5.45,広島,中国,8,3,5,0,0.375,27.0,38.0,-11.0,2025-04-20,2026-07-19
2602,田柄,981.29,1000.0,2.37,東京,関東・東京,2,0,2,0,0.0,1.0,53.0,-52.0,2025-04-04,2025-07-10
2603,西大寺園,981.28,1000.0,-7.46,鳥取,中国,1,0,1,0,0.0,0.0,6.0,-6.0,2025-04-27,2025-04-27
2604,八重山農林,981.27,1000.0,1.73,沖縄,九州,2,0,2,0,0.0,1.0,19.0,-18.0,2025-06-15,2026-06-13
2605,湘南台,981.24,1000.0,4.44,神奈川,関東・東京,2,0,2,0,0.0,5.0,14.0,-9.0,2025-07-09,2026-07-09
2606,北村山・谷地・天童・上山明新館,981.23,1000.0,-6.25,秋田,東北,1,0,1,0,0.0,0.0,15.0,-15.0,2025-05-10,2025-05-10
2607,生田東,981.21,1000.0,4.44,神奈川,関東・東京,2,0,2,0,0.0,4.0,17.0,-13.0,2025-07-11,2026-07-11
2608,平成,981.2,1000.0,0.62,岩手,東北,2,0,2,0,0.0,12.0,17.0,-5.0,2025-05-13,2025-07-12
2609,岩村田,981.19,1000.0,-4.39,長野,北信越,14,6,8,0,0.4286,73.0,110.0,-37.0,2025-05-10,2026-07-07
2610,朝明・四日市四郷・石薬師・鳥羽・南伊勢,981.18,1000.0,-4.97,三重,東海,1,0,1,0,0.0,0.0,11.0,-11.0,2025-08-31,2025-08-31
2611,東播工,981.18,1000.0,0.49,兵庫,近畿,6,2,4,0,0.3333,23.0,26.0,-3.0,2025-04-19,2026-07-09
2612,八百津・瑞浪・恵那南・羽島・山県・不破,981.16,1000.0,-2.62,岐阜,東海,2,0,2,0,0.0,7.0,29.0,-22.0,2026-03-20,2026-03-21
2613,一関工,981.16,1000.0,3.8,宮城,東北,13,5,8,0,0.3846,29.0,63.0,-34.0,2025-05-16,2026-07-10
2614,あすかぜ・札幌北斗・札幌東豊・開成中等,981.14,1000.0,-9.79,北海道,北海道,1,0,1,0,0.0,0.0,9.0,-9.0,2025-10-12,2025-10-12
2615,奥越明成,981.12,1000.0,1.72,福井,北信越,2,0,2,0,0.0,3.0,10.0,-7.0,2025-04-19,2025-07-12
2616,松永,981.09,1000.0,-6.32,島根,中国,1,0,1,0,0.0,0.0,10.0,-10.0,2025-07-07,2025-07-07
2617,天童・谷地・左沢・上山明新館,981.07,1000.0,-6.25,秋田,東北,1,0,1,0,0.0,5.0,10.0,-5.0,2025-09-14,2025-09-14
2618,米沢鶴城,981.07,1000.0,-6.25,秋田,東北,10,4,6,0,0.4,46.0,53.0,-7.0,2025-05-12,2026-07-11
2619,藤岡中央,981.05,1000.0,3.22,群馬,関東・東京,8,3,5,0,0.375,33.0,53.0,-20.0,2025-04-12,2026-07-06
2620,西脇工業,981.05,1000.0,0.49,兵庫,近畿,2,0,2,0,0.0,0.0,5.0,-5.0,2025-04-26,2025-09-13
2621,京都明徳,981.05,1000.0,2.25,京都,近畿,7,2,5,0,0.2857,32.0,35.0,-3.0,2025-04-20,2026-07-11
2622,黒瀬・大柿・のみのお分校・忠海,981.03,1000.0,-6.32,島根,中国,1,0,1,0,0.0,1.0,11.0,-10.0,2026-07-07,2026-07-07
2623,能代科技,981.03,1000.0,0.62,岩手,東北,2,0,2,0,0.0,8.0,15.0,-7.0,2025-05-13,2025-07-11
2624,西宮甲山,981.02,1000.0,0.49,兵庫,近畿,2,0,2,0,0.0,0.0,14.0,-14.0,2025-04-19,2025-07-12
2625,福島東,981.01,1000.0,-1.38,福島,東北,11,3,8,0,0.2727,37.0,48.0,-11.0,2025-05-16,2026-07-18
2626,和歌山,981.01,1000.0,0.99,和歌山,近畿,2,0,2,0,0.0,3.0,8.0,-5.0,2025-07-19,2026-07-12
2627,五泉,980.98,1000.0,-5.27,新潟,北信越,8,3,5,0,0.375,36.0,42.0,-6.0,2025-04-28,2026-07-18
2628,大村,980.97,1000.0,-0.81,長崎,九州,8,3,5,0,0.375,20.0,29.0,-9.0,2025-03-25,2026-07-18
2629,横浜桜陽,980.96,1000.0,4.44,神奈川,関東・東京,2,0,2,0,0.0,1.0,16.0,-15.0,2025-07-10,2026-07-07
2630,北村山・谷地・上山明新館,980.95,1000.0,-6.25,秋田,東北,1,0,1,0,0.0,5.0,13.0,-8.0,2025-07-10,2025-07-10
2631,旭川工業,980.95,1000.0,-9.79,北海道,北海道,9,4,5,0,0.4444,43.0,39.0,4.0,2025-05-26,2026-06-28
2632,岡山操山,980.92,1000.0,-7.46,鳥取,中国,3,1,2,0,0.3333,10.0,17.0,-7.0,2025-07-12,2026-07-16
2633,伊具・名取,980.91,1000.0,-1.84,山形,東北,2,0,2,0,0.0,2.0,22.0,-20.0,2026-04-22,2026-04-29
2634,三農恵拓,980.88,1000.0,4.16,青森,東北,2,0,2,0,0.0,5.0,18.0,-13.0,2025-05-12,2025-07-13
2635,海陽,980.87,1000.0,2.72,愛知,東海,3,0,3,0,0.0,2.0,47.0,-45.0,2026-03-21,2026-03-24
2636,佐倉西,980.86,1000.0,0.63,千葉,関東・東京,2,0,2,0,0.0,17.0,35.0,-18.0,2025-04-19,2025-07-15
2637,宮島工,980.8,1000.0,-6.32,島根,中国,1,0,1,0,0.0,4.0,16.0,-12.0,2026-07-10,2026-07-10
2638,飯野,980.79,1000.0,-7.87,宮崎,九州,1,0,1,0,0.0,0.0,27.0,-27.0,2026-07-06,2026-07-06
2639,名東,980.76,1000.0,2.72,愛知,東海,12,4,8,0,0.3333,57.0,68.0,-11.0,2025-04-12,2026-07-12
2640,西条農・土居,980.75,1000.0,-7.48,愛媛,四国,1,0,1,0,0.0,2.0,10.0,-8.0,2025-03-21,2025-03-21
2641,岡山大安寺,980.72,1000.0,-7.46,鳥取,中国,3,1,2,0,0.3333,11.0,17.0,-6.0,2025-07-15,2026-07-18
2642,高根沢,980.71,1000.0,-2.36,栃木,関東・東京,8,3,5,0,0.375,44.0,79.0,-35.0,2025-04-12,2026-07-18
2643,戸塚,980.69,1000.0,4.44,神奈川,関東・東京,4,1,3,0,0.25,16.0,34.0,-18.0,2025-04-05,2026-07-07
2644,多可・三木北,980.68,1000.0,0.49,兵庫,近畿,2,0,2,0,0.0,0.0,17.0,-17.0,2025-04-19,2025-07-11
2645,下田,980.66,1000.0,-1.42,静岡,東海,6,2,4,0,0.3333,22.0,47.0,-25.0,2025-07-06,2026-07-11
2646,新潟東・新潟向陽・新津南・新発田商,980.66,1000.0,-5.27,新潟,北信越,1,0,1,0,0.0,0.0,9.0,-9.0,2025-09-13,2025-09-13
2647,都城農,980.59,1000.0,-7.87,宮崎,九州,9,4,5,0,0.4444,35.0,32.0,3.0,2025-03-21,2026-07-09
2648,羽幌・上富良野,980.57,1000.0,-9.79,北海道,北海道,1,0,1,0,0.0,2.0,16.0,-14.0,2025-10-12,2025-10-12
2649,富山高専,980.57,1000.0,-10.7,富山,北信越,9,4,5,0,0.4444,35.0,52.0,-17.0,2025-04-19,2026-07-18
2650,天童,980.53,1000.0,-6.25,秋田,東北,1,0,1,0,0.0,0.0,16.0,-16.0,2025-07-12,2025-07-12
2651,佐賀学園,980.51,1000.0,-9.64,佐賀,九州,9,4,5,0,0.4444,34.0,36.0,-2.0,2025-03-20,2026-07-10
2652,須賀川創英館,980.51,1000.0,-1.38,福島,東北,13,6,7,0,0.4615,48.0,91.0,-43.0,2025-05-16,2026-07-14
2653,岡山県美作,980.51,1000.0,-7.46,鳥取,中国,3,1,2,0,0.3333,8.0,14.0,-6.0,2025-04-26,2026-04-25
2654,加計,980.5,1000.0,-6.32,島根,中国,1,0,1,0,0.0,0.0,14.0,-14.0,2026-07-10,2026-07-10
2655,松本深志,980.5,1000.0,-4.39,長野,北信越,11,4,7,0,0.3636,63.0,50.0,13.0,2025-05-10,2026-07-07
2656,会津学鳳,980.48,1000.0,-1.38,福島,東北,13,6,7,0,0.4615,73.0,83.0,-10.0,2025-05-16,2026-07-11
2657,海陽学園,980.47,1000.0,2.72,愛知,東海,2,0,2,0,0.0,0.0,34.0,-34.0,2025-06-29,2026-07-05
2658,飯南・尾鷲,980.47,1000.0,-4.97,三重,東海,2,0,2,0,0.0,7.0,20.0,-13.0,2026-03-20,2026-03-21
2659,洛水,980.45,1000.0,2.25,京都,近畿,7,2,5,0,0.2857,53.0,34.0,19.0,2025-04-19,2026-07-11
2660,新潟北・村上・中条,980.44,1000.0,-5.27,新潟,北信越,1,0,1,0,0.0,1.0,11.0,-10.0,2025-09-12,2025-09-12
2661,長田,980.43,1000.0,0.49,兵庫,近畿,8,2,6,0,0.25,27.0,31.0,-4.0,2025-04-19,2026-07-15
2662,狭山経済,980.41,1000.0,-0.08,埼玉,関東・東京,4,1,3,0,0.25,14.0,35.0,-21.0,2025-04-24,2026-07-12
2663,島原,980.41,1000.0,-0.81,長崎,九州,8,3,5,0,0.375,24.0,46.0,-22.0,2025-03-29,2026-07-08
2664,壱岐,980.38,1000.0,-0.81,長崎,九州,8,3,5,0,0.375,35.0,38.0,-3.0,2025-04-20,2026-07-07
2665,市前橋,980.37,1000.0,3.22,群馬,関東・東京,8,3,5,0,0.375,27.0,48.0,-21.0,2025-04-14,2026-07-08
2666,一宮起工科,980.37,1000.0,2.72,愛知,東海,14,5,9,0,0.3571,59.0,101.0,-42.0,2025-04-12,2026-07-18
2667,今治北大三島・今治南・今治東・東予,980.35,1000.0,-7.48,愛媛,四国,1,0,1,0,0.0,5.0,15.0,-10.0,2025-03-23,2025-03-23
2668,勝田中等,980.32,1000.0,-1.03,茨城,関東・東京,6,2,4,0,0.3333,49.0,33.0,16.0,2025-09-20,2026-07-06
2669,今治北大三島・今治東,980.29,1000.0,-7.48,愛媛,四国,1,0,1,0,0.0,2.0,9.0,-7.0,2025-07-20,2025-07-20
2670,朝明・四日市四郷・石薬師・南伊勢・鳥羽,980.27,1000.0,-4.97,三重,東海,2,0,2,0,0.0,5.0,15.0,-10.0,2026-03-20,2026-03-21
2671,武生,980.21,1000.0,1.72,福井,北信越,8,3,5,0,0.375,31.0,54.0,-23.0,2025-04-19,2026-07-12
2672,嘉手納,980.21,1000.0,1.73,沖縄,九州,2,0,2,0,0.0,0.0,9.0,-9.0,2025-03-22,2025-06-15
2673,黒瀬・大柿,980.21,1000.0,-6.32,島根,中国,1,0,1,0,0.0,0.0,24.0,-24.0,2025-07-07,2025-07-07
2674,東洋,980.19,1000.0,2.37,東京,関東・東京,9,4,5,0,0.4444,44.0,54.0,-10.0,2025-04-04,2026-07-12
2675,松戸馬橋,980.18,1000.0,0.63,千葉,関東・東京,4,1,3,0,0.25,11.0,17.0,-6.0,2025-04-19,2026-07-12
2676,浜坂,980.15,1000.0,0.49,兵庫,近畿,2,0,2,0,0.0,3.0,38.0,-35.0,2026-03-27,2026-07-09
2677,西和清陵,980.14,1000.0,3.92,奈良,近畿,2,0,2,0,0.0,0.0,26.0,-26.0,2025-04-13,2025-07-19
2678,札幌北,980.13,1000.0,-9.79,北海道,北海道,8,3,5,0,0.375,36.0,48.0,-12.0,2025-05-26,2026-06-26
2679,日立北,980.1,1000.0,-1.03,茨城,関東・東京,10,4,6,0,0.4,38.0,53.0,-15.0,2025-04-19,2026-07-10
2680,鳥羽・四日市四郷・南伊勢,980.09,1000.0,-4.97,三重,東海,2,0,2,0,0.0,2.0,16.0,-14.0,2025-04-12,2025-04-12
2681,佐用,980.07,1000.0,0.49,兵庫,近畿,2,0,2,0,0.0,6.0,25.0,-19.0,2025-04-19,2025-07-12
2682,西条農業・土居,980.07,1000.0,-7.48,愛媛,四国,1,0,1,0,0.0,5.0,12.0,-7.0,2025-07-12,2025-07-12
2683,駒ヶ根工業,980.06,1000.0,-4.39,長野,北信越,4,1,3,0,0.25,16.0,28.0,-12.0,2025-05-10,2025-09-20
2684,竹原・忠海・福山商業,980.05,1000.0,-6.32,島根,中国,2,0,2,0,0.0,5.0,12.0,-7.0,2026-03-21,2026-03-22
2685,白河実業,980.04,1000.0,-1.38,福島,東北,7,2,5,0,0.2857,29.0,43.0,-14.0,2025-05-16,2026-05-04
2686,済美平成・内子小田・上浮穴,980.01,1000.0,-7.48,愛媛,四国,1,0,1,0,0.0,0.0,10.0,-10.0,2026-03-20,2026-03-20
2687,郡山東・船引・小野,980.0,1000.0,-1.38,福島,東北,2,0,2,0,0.0,6.0,18.0,-12.0,2025-09-11,2025-09-12
2688,千早,980.0,1000.0,2.37,東京,関東・東京,2,0,2,0,0.0,10.0,33.0,-23.0,2025-07-12,2026-07-10
2689,岡山工業,979.99,1000.0,-7.46,鳥取,中国,5,2,3,0,0.4,16.0,19.0,-3.0,2025-04-26,2026-07-11
2690,青森西,979.97,1000.0,4.16,青森,東北,7,2,5,0,0.2857,20.0,35.0,-15.0,2025-05-09,2026-07-13
2691,市川昴,979.97,1000.0,0.63,千葉,関東・東京,8,3,5,0,0.375,43.0,63.0,-20.0,2025-07-11,2026-07-09
2692,柏陵,979.95,1000.0,2.09,福岡,九州,17,7,10,0,0.4118,46.0,88.0,-42.0,2025-03-23,2026-07-13
2693,魚津工業・大門・中央農・上市,979.94,1000.0,-10.7,富山,北信越,1,0,1,0,0.0,2.0,8.0,-6.0,2026-04-19,2026-04-19
2694,帝京八王子,979.91,1000.0,2.37,東京,関東・東京,9,4,5,0,0.4444,49.0,96.0,-47.0,2025-04-04,2026-07-12
2695,千葉東,979.91,1000.0,0.63,千葉,関東・東京,8,2,6,0,0.25,40.0,61.0,-21.0,2025-04-19,2026-07-15
2696,原町,979.89,1000.0,-1.38,福島,東北,8,3,5,0,0.375,51.0,61.0,-10.0,2025-09-11,2026-07-15
2697,塩沢商工,979.87,1000.0,-5.27,新潟,北信越,1,0,1,0,0.0,0.0,13.0,-13.0,2026-07-11,2026-07-11
2698,土居・北条・西条農,979.86,1000.0,-7.48,愛媛,四国,1,0,1,0,0.0,0.0,10.0,-10.0,2026-03-20,2026-03-20
2699,横須賀総合,979.85,1000.0,4.44,神奈川,関東・東京,4,1,3,0,0.25,17.0,44.0,-27.0,2025-07-13,2026-07-09
2700,岡山芳泉,979.84,1000.0,-7.46,鳥取,中国,3,1,2,0,0.3333,11.0,22.0,-11.0,2025-07-15,2026-07-16
2701,大竹,979.82,1000.0,-6.32,島根,中国,13,5,8,0,0.3846,67.0,73.0,-6.0,2025-04-19,2026-07-15
2702,北桑田,979.81,1000.0,2.25,京都,近畿,6,2,4,0,0.3333,22.0,47.0,-25.0,2025-04-19,2026-07-10
2703,蕨,979.8,1000.0,-0.08,埼玉,関東・東京,7,2,5,0,0.2857,46.0,47.0,-1.0,2025-04-25,2026-07-14
2704,科技高豊田,979.8,1000.0,2.72,愛知,東海,12,4,8,0,0.3333,46.0,55.0,-9.0,2025-04-12,2026-07-10
2705,二宮,979.79,1000.0,4.44,神奈川,関東・東京,2,0,2,0,0.0,0.0,43.0,-43.0,2025-07-12,2026-07-08
2706,博多工,979.77,1000.0,2.09,福岡,九州,2,0,2,0,0.0,1.0,13.0,-12.0,2025-03-26,2025-09-15
2707,修道,979.76,1000.0,-6.32,島根,中国,13,5,8,0,0.3846,89.0,79.0,10.0,2025-04-19,2026-07-16
2708,球磨工,979.74,1000.0,-4.28,熊本,九州,8,3,5,0,0.375,41.0,39.0,2.0,2025-03-22,2026-07-12
2709,岡山・吉備,979.73,1000.0,-7.46,鳥取,中国,1,0,1,0,0.0,0.0,10.0,-10.0,2025-07-15,2025-07-15
2710,足柄,979.7,1000.0,4.44,神奈川,関東・東京,2,0,2,0,0.0,0.0,22.0,-22.0,2025-07-12,2026-07-09
2711,八女工,979.69,1000.0,2.09,福岡,九州,3,0,3,0,0.0,19.0,23.0,-4.0,2025-03-26,2026-03-26
2712,道科学大,979.67,1000.0,-9.79,北海道,北海道,1,0,1,0,0.0,1.0,5.0,-4.0,2026-05-15,2026-05-15
2713,県和歌山,979.66,1000.0,0.99,和歌山,近畿,4,1,3,0,0.25,18.0,27.0,-9.0,2025-04-14,2026-04-19
2714,福江御津,979.65,1000.0,2.72,愛知,東海,7,2,5,0,0.2857,34.0,65.0,-31.0,2025-09-13,2026-03-27
2715,倉敷青陵,979.65,1000.0,-7.46,鳥取,中国,7,3,4,0,0.4286,24.0,38.0,-14.0,2025-07-13,2026-07-15
2716,青山学院,979.65,1000.0,2.37,東京,関東・東京,8,3,5,0,0.375,49.0,68.0,-19.0,2025-04-04,2026-07-12
2717,苫小牧工業,979.64,1000.0,-9.79,北海道,北海道,6,2,4,0,0.3333,28.0,42.0,-14.0,2025-05-26,2026-06-24
2718,三沢,979.59,1000.0,4.16,青森,東北,8,3,5,0,0.375,24.0,51.0,-27.0,2025-05-10,2026-07-08
2719,都城工業高専,979.59,1000.0,-7.87,宮崎,九州,1,0,1,0,0.0,2.0,7.0,-5.0,2025-09-14,2025-09-14
2720,江差・奥尻・大農,979.58,1000.0,-9.79,北海道,北海道,1,0,1,0,0.0,2.0,7.0,-5.0,2026-05-11,2026-05-11
2721,渋谷,979.58,1000.0,8.38,大阪,近畿,7,2,5,0,0.2857,29.0,42.0,-13.0,2025-04-27,2026-07-13
2722,中央中等,979.57,1000.0,3.22,群馬,関東・東京,8,3,5,0,0.375,19.0,39.0,-20.0,2025-04-15,2026-07-05
2723,帯広工,979.57,1000.0,-9.79,北海道,北海道,1,0,1,0,0.0,3.0,8.0,-5.0,2026-07-08,2026-07-08
2724,横浜平沼,979.56,1000.0,4.44,神奈川,関東・東京,2,0,2,0,0.0,5.0,20.0,-15.0,2025-07-10,2026-07-11
2725,神辺・福山商業,979.55,1000.0,-6.32,島根,中国,2,0,2,0,0.0,7.0,13.0,-6.0,2025-09-20,2025-09-20
2726,富士北稜,979.47,1000.0,-0.05,山梨,関東・東京,8,3,5,0,0.375,37.0,74.0,-37.0,2025-04-19,2026-07-09
2727,金剛,979.42,1000.0,8.38,大阪,近畿,3,0,3,0,0.0,8.0,21.0,-13.0,2025-08-30,2026-07-13
2728,内子小田・上浮穴・済美平成・北条,979.42,1000.0,-7.48,愛媛,四国,1,0,1,0,0.0,0.0,10.0,-10.0,2025-07-12,2025-07-12
2729,西・朝・石,979.39,1000.0,-4.97,三重,東海,2,0,2,0,0.0,0.0,25.0,-25.0,2025-04-12,2025-04-12
2730,操山,979.38,1000.0,-7.46,鳥取,中国,4,1,3,0,0.25,18.0,30.0,-12.0,2025-09-20,2026-04-12
2731,二本松実業,979.36,1000.0,-1.38,福島,東北,7,2,5,0,0.2857,29.0,46.0,-17.0,2025-05-16,2026-05-16
2732,七尾,979.35,1000.0,6.19,石川,北信越,7,2,5,0,0.2857,29.0,43.0,-14.0,2025-04-26,2026-07-11
2733,名久井農・八戸水産,979.34,1000.0,4.16,青森,東北,2,0,2,0,0.0,3.0,20.0,-17.0,2026-05-11,2026-07-08
2734,下松工,979.34,1000.0,-1.06,山口,中国,8,3,5,0,0.375,25.0,62.0,-37.0,2025-04-13,2026-07-21
2735,横浜サイエンスフロンティア,979.33,1000.0,4.44,神奈川,関東・東京,2,0,2,0,0.0,4.0,30.0,-26.0,2025-07-09,2026-07-08
2736,大商学園,979.27,1000.0,8.38,大阪,近畿,8,3,5,0,0.375,21.0,54.0,-33.0,2025-04-06,2026-07-11
2737,江差・奥尻・大野農,979.26,1000.0,-9.79,北海道,北海道,1,0,1,0,0.0,1.0,6.0,-5.0,2026-06-20,2026-06-20
2738,邑久・瀬戸,979.25,1000.0,-7.46,鳥取,中国,1,0,1,0,0.0,1.0,13.0,-12.0,2026-07-14,2026-07-14
2739,日本文理大附,979.18,1000.0,2.65,大分,九州,7,2,5,0,0.2857,24.0,23.0,1.0,2025-03-26,2026-07-11
2740,八戸商業,979.17,1000.0,4.16,青森,東北,2,0,2,0,0.0,6.0,27.0,-21.0,2025-07-15,2026-07-08
2741,秦野曽屋,979.16,1000.0,4.44,神奈川,関東・東京,2,0,2,0,0.0,0.0,33.0,-33.0,2025-07-10,2026-07-08
2742,福岡農業,979.15,1000.0,2.09,福岡,九州,4,1,3,0,0.25,15.0,33.0,-18.0,2025-07-07,2026-07-07
2743,津島,979.12,1000.0,2.72,愛知,東海,15,6,9,0,0.4,85.0,104.0,-19.0,2025-04-12,2026-06-28
2744,氷上,979.12,1000.0,0.49,兵庫,近畿,8,3,5,0,0.375,18.0,32.0,-14.0,2025-04-19,2026-07-11
2745,新城,979.11,1000.0,4.44,神奈川,関東・東京,2,0,2,0,0.0,6.0,57.0,-51.0,2025-07-09,2026-07-11
2746,今治南,979.11,1000.0,-7.48,愛媛,四国,1,0,1,0,0.0,0.0,11.0,-11.0,2025-07-12,2025-07-12
2747,松山西・愛大附,979.09,1000.0,-7.48,愛媛,四国,1,0,1,0,0.0,2.0,9.0,-7.0,2025-09-13,2025-09-13
2748,未来創造,979.09,1000.0,-9.79,北海道,北海道,1,0,1,0,0.0,0.0,11.0,-11.0,2026-05-14,2026-05-14
2749,能代,979.09,1000.0,0.62,岩手,東北,10,4,6,0,0.4,38.0,57.0,-19.0,2025-05-10,2026-07-10
2750,倉敷天城,979.08,1000.0,-7.46,鳥取,中国,3,1,2,0,0.3333,7.0,14.0,-7.0,2025-07-13,2026-07-11
2751,大和東・相模向陽館,979.08,1000.0,4.44,神奈川,関東・東京,2,0,2,0,0.0,1.0,26.0,-25.0,2025-07-12,2026-07-10
2752,石川高専,979.07,1000.0,6.19,石川,北信越,8,3,5,0,0.375,24.0,50.0,-26.0,2025-04-26,2026-07-10
2753,苅田工業,979.04,1000.0,2.09,福岡,九州,6,2,4,0,0.3333,30.0,44.0,-14.0,2025-03-23,2026-07-11
2754,加世田,979.03,1000.0,1.49,鹿児島,九州,7,2,5,0,0.2857,36.0,36.0,0.0,2025-03-21,2026-07-09
2755,関東学院六浦,979.01,1000.0,4.44,神奈川,関東・東京,2,0,2,0,0.0,6.0,20.0,-14.0,2025-07-11,2025-09-07
2756,金沢（神奈川）,978.98,1000.0,4.44,神奈川,関東・東京,5,1,4,0,0.2,17.0,24.0,-7.0,2025-04-05,2026-07-11
2757,那覇工業・陽明・開邦・南部農林,978.97,1000.0,1.73,沖縄,九州,4,1,3,0,0.25,17.0,23.0,-6.0,2025-09-21,2026-06-21
2758,所沢北,978.95,1000.0,-0.08,埼玉,関東・東京,7,2,5,0,0.2857,44.0,72.0,-28.0,2025-04-24,2026-07-14
2759,福井農林,978.93,1000.0,1.72,福井,北信越,2,0,2,0,0.0,5.0,18.0,-13.0,2025-04-20,2025-07-12
2760,小諸,978.93,1000.0,-4.39,長野,北信越,2,0,2,0,0.0,8.0,20.0,-12.0,2025-05-10,2025-07-06
2761,札幌厚別,978.91,1000.0,-9.79,北海道,北海道,9,4,5,0,0.4444,38.0,50.0,-12.0,2025-05-26,2026-06-22
2762,平舘,978.89,1000.0,3.8,宮城,東北,3,0,3,0,0.0,0.0,24.0,-24.0,2025-05-16,2025-07-10
2763,松山西,978.89,1000.0,-7.48,愛媛,四国,5,2,3,0,0.4,21.0,31.0,-10.0,2025-03-21,2026-07-18
2764,田川科技・東鷹,978.88,1000.0,2.09,福岡,九州,2,0,2,0,0.0,1.0,26.0,-25.0,2025-03-24,2025-08-31
2765,佐賀工,978.88,1000.0,-9.64,佐賀,九州,8,3,5,0,0.375,32.0,33.0,-1.0,2025-03-21,2026-07-16
2766,浦和北,978.88,1000.0,-0.08,埼玉,関東・東京,8,3,5,0,0.375,25.0,55.0,-30.0,2025-04-24,2026-07-09
2767,市川崎,978.88,1000.0,4.44,神奈川,関東・東京,2,0,2,0,0.0,2.0,30.0,-28.0,2025-07-09,2026-07-08
2768,袋井商,978.87,1000.0,-1.42,静岡,東海,5,1,4,0,0.2,20.0,33.0,-13.0,2025-04-19,2026-03-21
2769,並木学院・五日市,978.84,1000.0,-6.32,島根,中国,6,2,4,0,0.3333,18.0,37.0,-19.0,2025-04-19,2026-04-05
2770,秩父農工科学,978.81,1000.0,-0.08,埼玉,関東・東京,2,0,2,0,0.0,3.0,25.0,-22.0,2026-04-12,2026-07-10
2771,八戸工業,978.8,1000.0,4.16,青森,東北,8,3,5,0,0.375,18.0,39.0,-21.0,2025-05-10,2026-07-15
2772,潮陵,978.8,1000.0,-9.79,北海道,北海道,1,0,1,0,0.0,2.0,9.0,-7.0,2026-05-14,2026-05-14
2773,青梅総合・多摩・羽村,978.8,1000.0,2.37,東京,関東・東京,4,1,3,0,0.25,18.0,25.0,-7.0,2025-10-11,2026-07-11
2774,行徳・松戸国際・松戸馬橋,978.78,1000.0,0.63,千葉,関東・東京,3,0,3,0,0.0,14.0,32.0,-18.0,2025-09-20,2026-04-02
2775,大原・茂原・茂原樟陽,978.78,1000.0,0.63,千葉,関東・東京,3,0,3,0,0.0,13.0,28.0,-15.0,2025-09-20,2026-04-05
2776,陽明,978.76,1000.0,1.73,沖縄,九州,2,0,2,0,0.0,0.0,12.0,-12.0,2025-03-22,2025-06-22
2777,苫小牧西・富川・えりも,978.75,1000.0,-9.79,北海道,北海道,1,0,1,0,0.0,4.0,11.0,-7.0,2026-06-22,2026-06-22
2778,大分南,978.72,1000.0,2.65,大分,九州,7,2,5,0,0.2857,26.0,28.0,-2.0,2025-03-27,2026-07-07
2779,久慈翔北,978.7,1000.0,3.8,宮城,東北,13,5,8,0,0.3846,59.0,90.0,-31.0,2025-05-16,2026-07-15
2780,所沢中央,978.69,1000.0,-0.08,埼玉,関東・東京,8,3,5,0,0.375,38.0,49.0,-11.0,2025-04-24,2026-07-09
2781,湘南,978.68,1000.0,4.44,神奈川,関東・東京,5,1,4,0,0.2,20.0,26.0,-6.0,2025-07-12,2026-07-11
2782,高松南,978.67,1000.0,-4.3,徳島,四国,8,3,5,0,0.375,29.0,35.0,-6.0,2025-03-22,2026-07-16
2783,大山,978.64,1000.0,2.37,東京,関東・東京,8,3,5,0,0.375,45.0,53.0,-8.0,2025-04-04,2026-07-13
2784,唐津工,978.59,1000.0,-9.64,佐賀,九州,8,3,5,0,0.375,38.0,33.0,5.0,2025-03-20,2026-07-15
2785,倉吉西,978.59,1000.0,1.62,岡山,中国,2,0,2,0,0.0,0.0,14.0,-14.0,2025-04-20,2025-07-21
2786,八女農業,978.58,1000.0,2.09,福岡,九州,2,0,2,0,0.0,0.0,18.0,-18.0,2025-03-21,2025-07-07
2787,東郷,978.54,1000.0,2.72,愛知,東海,13,5,8,0,0.3846,59.0,94.0,-35.0,2025-04-12,2026-06-28
2788,勝田,978.53,1000.0,-1.03,茨城,関東・東京,2,0,2,0,0.0,3.0,21.0,-18.0,2025-04-19,2025-07-06
2789,伊勢工,978.51,1000.0,-4.97,三重,東海,14,6,8,0,0.4286,66.0,70.0,-4.0,2025-04-12,2026-07-19
2790,桶川,978.51,1000.0,-0.08,埼玉,関東・東京,8,3,5,0,0.375,28.0,59.0,-31.0,2025-04-24,2026-07-11
2791,佐伯豊南,978.47,1000.0,2.65,大分,九州,7,2,5,0,0.2857,34.0,41.0,-7.0,2025-03-26,2026-07-07
2792,岡崎西,978.46,1000.0,2.72,愛知,東海,12,4,8,0,0.3333,68.0,71.0,-3.0,2025-04-12,2026-07-04
2793,岡山一宮,978.45,1000.0,-7.46,鳥取,中国,5,2,3,0,0.4,30.0,36.0,-6.0,2025-07-12,2026-07-12
2794,岡崎商業,978.44,1000.0,2.72,愛知,東海,13,5,8,0,0.3846,89.0,81.0,8.0,2025-04-12,2026-07-05
2795,松山東,978.43,1000.0,-7.48,愛媛,四国,8,3,5,0,0.375,30.0,27.0,3.0,2025-03-20,2026-07-11
2796,蓼科,978.41,1000.0,-4.39,長野,北信越,2,0,2,0,0.0,0.0,40.0,-40.0,2026-04-29,2026-07-07
2797,札幌あすかぜ,978.38,1000.0,-9.79,北海道,北海道,1,0,1,0,0.0,1.0,11.0,-10.0,2026-06-25,2026-06-25
2798,伊香,978.32,1000.0,-0.81,滋賀,近畿,8,3,5,0,0.375,21.0,41.0,-20.0,2025-04-20,2026-07-12
2799,和歌山南陵,978.32,1000.0,0.99,和歌山,近畿,2,0,2,0,0.0,7.0,24.0,-17.0,2026-04-11,2026-07-13
2800,佐用・千種・姫路別所・太子,978.29,1000.0,0.49,兵庫,近畿,5,1,4,0,0.2,12.0,25.0,-13.0,2025-09-13,2026-07-05
2801,一宮西,978.29,1000.0,2.72,愛知,東海,15,7,8,0,0.4667,69.0,110.0,-41.0,2025-04-12,2026-07-07
2802,羽衣学園,978.28,1000.0,8.38,大阪,近畿,7,2,5,0,0.2857,35.0,54.0,-19.0,2025-04-27,2026-07-14
2803,本庄,978.28,1000.0,-0.08,埼玉,関東・東京,16,7,9,0,0.4375,77.0,87.0,-10.0,2025-03-23,2026-07-15
2804,札幌開成・札幌北斗・北広島西・札幌東豊,978.25,1000.0,-9.79,北海道,北海道,1,0,1,0,0.0,0.0,20.0,-20.0,2026-06-29,2026-06-29
2805,袖ヶ浦,978.21,1000.0,0.63,千葉,関東・東京,2,0,2,0,0.0,2.0,17.0,-15.0,2025-04-19,2026-07-09
2806,八尾,978.21,1000.0,8.38,大阪,近畿,17,7,10,0,0.4118,88.0,117.0,-29.0,2025-04-19,2026-07-17
2807,久留米高専・久留米筑水・八女農業・輝翔館,978.2,1000.0,2.09,福岡,九州,2,0,2,0,0.0,5.0,17.0,-12.0,2025-09-12,2026-03-21
2808,相原,978.19,1000.0,4.44,神奈川,関東・東京,2,0,2,0,0.0,7.0,30.0,-23.0,2025-07-11,2026-07-09
2809,高知追手前,978.17,1000.0,3.76,高知,四国,3,0,3,0,0.0,17.0,21.0,-4.0,2025-03-21,2026-07-12
2810,渋谷幕張,978.13,1000.0,0.63,千葉,関東・東京,10,4,6,0,0.4,52.0,64.0,-12.0,2025-04-19,2026-07-13
2811,富山西・富山南,978.11,1000.0,-10.7,富山,北信越,1,0,1,0,0.0,2.0,14.0,-12.0,2026-07-11,2026-07-11
2812,島原中央,978.1,1000.0,-0.81,長崎,九州,8,3,5,0,0.375,30.0,51.0,-21.0,2025-03-29,2026-07-18
2813,犬山,978.1,1000.0,2.72,愛知,東海,13,5,8,0,0.3846,48.0,71.0,-23.0,2025-04-12,2026-07-18
2814,東翔室工,978.08,1000.0,-9.79,北海道,北海道,1,0,1,0,0.0,2.0,9.0,-7.0,2026-06-22,2026-06-22
2815,倉吉西・倉吉農業・境港総合技術,978.08,1000.0,1.62,岡山,中国,2,0,2,0,0.0,2.0,25.0,-23.0,2026-04-18,2026-07-19
2816,玄界,978.07,1000.0,2.09,福岡,九州,8,3,5,0,0.375,27.0,53.0,-26.0,2025-03-21,2026-07-12
2817,致遠,978.04,1000.0,-9.64,佐賀,九州,1,0,1,0,0.0,0.0,7.0,-7.0,2025-09-28,2025-09-28
2818,逗子葉山,978.04,1000.0,4.44,神奈川,関東・東京,2,0,2,0,0.0,3.0,25.0,-22.0,2025-07-11,2026-07-07
2819,築豊,977.99,1000.0,2.09,福岡,九州,2,0,2,0,0.0,1.0,29.0,-28.0,2025-03-20,2026-03-22
2820,日南振徳,977.99,1000.0,-7.87,宮崎,九州,9,4,5,0,0.4444,32.0,47.0,-15.0,2025-03-20,2026-07-07
2821,足利工,977.96,1000.0,-2.36,栃木,関東・東京,8,3,5,0,0.375,59.0,67.0,-8.0,2025-04-20,2026-07-18
2822,釜石,977.94,1000.0,3.8,宮城,東北,12,5,7,0,0.4167,52.0,78.0,-26.0,2025-05-16,2026-07-13
2823,戸山,977.93,1000.0,2.37,東京,関東・東京,6,2,4,0,0.3333,56.0,83.0,-27.0,2025-07-10,2026-07-10
2824,目黒,977.92,1000.0,2.37,東京,関東・東京,7,2,5,0,0.2857,39.0,45.0,-6.0,2025-04-04,2026-07-10
2825,能代科技・男鹿海洋・五城目,977.92,1000.0,0.62,岩手,東北,2,0,2,0,0.0,4.0,38.0,-34.0,2026-05-10,2026-07-09
2826,那珂,977.91,1000.0,-1.03,茨城,関東・東京,2,0,2,0,0.0,8.0,21.0,-13.0,2025-07-06,2026-07-05
2827,釧路工・厚岸翔洋・標茶・弟子屈・霧多布,977.88,1000.0,-9.79,北海道,北海道,1,0,1,0,0.0,1.0,7.0,-6.0,2026-06-27,2026-06-27
2828,札幌琴似工業,977.87,1000.0,-9.79,北海道,北海道,1,0,1,0,0.0,0.0,6.0,-6.0,2026-06-23,2026-06-23
2829,秦野,977.87,1000.0,4.44,神奈川,関東・東京,3,0,3,0,0.0,6.0,11.0,-5.0,2025-07-11,2026-07-07
2830,田川,977.86,1000.0,2.09,福岡,九州,8,3,5,0,0.375,34.0,47.0,-13.0,2025-03-23,2026-07-10
2831,上市・雄山・中央農,977.86,1000.0,-10.7,富山,北信越,1,0,1,0,0.0,4.0,8.0,-4.0,2025-07-11,2025-07-11
2832,高槻北,977.84,1000.0,8.38,大阪,近畿,7,2,5,0,0.2857,43.0,53.0,-10.0,2025-04-12,2026-07-11
2833,横浜緑園,977.83,1000.0,4.44,神奈川,関東・東京,2,0,2,0,0.0,0.0,31.0,-31.0,2025-07-10,2026-07-08
2834,加計芸北・加計,977.8,1000.0,-6.32,島根,中国,2,0,2,0,0.0,6.0,26.0,-20.0,2025-04-19,2025-04-19
2835,獨協,977.75,1000.0,2.37,東京,関東・東京,7,2,5,0,0.2857,43.0,62.0,-19.0,2025-04-04,2026-07-14
2836,新居,977.73,1000.0,-1.42,静岡,東海,2,0,2,0,0.0,2.0,22.0,-20.0,2025-04-19,2025-07-05
2837,奈女大附,977.73,1000.0,3.92,奈良,近畿,7,2,5,0,0.2857,20.0,39.0,-19.0,2025-04-19,2026-07-11
2838,松永・神辺・福山商業,977.72,1000.0,-6.32,島根,中国,2,0,2,0,0.0,2.0,27.0,-25.0,2025-04-19,2025-04-19
2839,美幌・津別,977.69,1000.0,-9.79,北海道,北海道,1,0,1,0,0.0,5.0,24.0,-19.0,2026-05-10,2026-05-10
2840,十和田工業,977.69,1000.0,4.16,青森,東北,8,3,5,0,0.375,26.0,49.0,-23.0,2025-05-11,2026-07-14
2841,高野山,977.65,1000.0,0.99,和歌山,近畿,7,2,5,0,0.2857,20.0,28.0,-8.0,2025-04-12,2026-07-15
2842,向の岡工業,977.64,1000.0,4.44,神奈川,関東・東京,2,0,2,0,0.0,5.0,32.0,-27.0,2025-07-09,2026-07-10
2843,足寄,977.62,1000.0,-9.79,北海道,北海道,8,3,5,0,0.375,59.0,37.0,22.0,2025-05-26,2026-06-25
2844,桑名,977.6,1000.0,-4.97,三重,東海,11,4,7,0,0.3636,51.0,63.0,-12.0,2025-04-12,2026-07-18
2845,佐野松桜,977.59,1000.0,-2.36,栃木,関東・東京,4,1,3,0,0.25,13.0,38.0,-25.0,2025-04-12,2026-07-14
2846,久留米西,977.59,1000.0,2.37,東京,関東・東京,7,2,5,0,0.2857,45.0,50.0,-5.0,2025-04-04,2026-07-10
2847,栃木翔南・栃木農業・佐野松桜,977.58,1000.0,-2.36,栃木,関東・東京,2,0,2,0,0.0,7.0,15.0,-8.0,2025-09-13,2026-04-18
2848,北科大高,977.57,1000.0,-9.79,北海道,北海道,4,1,3,0,0.25,10.0,30.0,-20.0,2025-05-26,2026-05-12
2849,田辺工業,977.56,1000.0,0.99,和歌山,近畿,2,0,2,0,0.0,2.0,16.0,-14.0,2025-09-07,2026-04-11
2850,中央農業・上市・雄山,977.53,1000.0,-10.7,富山,北信越,1,0,1,0,0.0,2.0,10.0,-8.0,2025-04-20,2025-04-20
2851,大分東,977.51,1000.0,2.65,大分,九州,2,0,2,0,0.0,5.0,27.0,-22.0,2025-07-07,2026-07-12
2852,横浜学園,977.5,1000.0,4.44,神奈川,関東・東京,2,0,2,0,0.0,0.0,22.0,-22.0,2025-07-12,2026-07-08
2853,瀬戸,977.49,1000.0,2.72,愛知,東海,13,4,9,0,0.3077,51.0,63.0,-12.0,2025-04-12,2026-07-18
2854,岐阜北,977.45,1000.0,-2.62,岐阜,東海,12,5,7,0,0.4167,57.0,66.0,-9.0,2025-04-12,2026-07-12
2855,浜松湖東・佐久間・新居,977.45,1000.0,-1.42,静岡,東海,3,0,3,0,0.0,5.0,25.0,-20.0,2025-09-14,2026-03-29
2856,田川・梓川・明科・穂高商業・池田工業・蘇南・木曽青峰・南安曇農業,977.42,1000.0,-4.39,長野,北信越,2,0,2,0,0.0,6.0,28.0,-22.0,2025-09-20,2025-09-20
2857,富山西・呉羽・富山南,977.42,1000.0,-10.7,富山,北信越,1,0,1,0,0.0,1.0,11.0,-10.0,2025-04-26,2025-04-26
2858,更別農業・鹿追・広尾,977.42,1000.0,-9.79,北海道,北海道,1,0,1,0,0.0,0.0,10.0,-10.0,2026-05-09,2026-05-09
2859,札幌啓北商業,977.41,1000.0,-9.79,北海道,北海道,1,0,1,0,0.0,2.0,8.0,-6.0,2026-06-24,2026-06-24
2860,横浜翠嵐,977.4,1000.0,4.44,神奈川,関東・東京,6,2,4,0,0.3333,13.0,39.0,-26.0,2025-04-05,2026-07-10
2861,世羅・上下・三次青陵,977.36,1000.0,-6.32,島根,中国,2,0,2,0,0.0,5.0,26.0,-21.0,2025-04-19,2025-04-19
2862,三島北,977.35,1000.0,-1.42,静岡,東海,12,5,7,0,0.4167,45.0,65.0,-20.0,2025-04-19,2026-07-11
2863,魚津工・上市,977.28,1000.0,-10.7,富山,北信越,1,0,1,0,0.0,0.0,4.0,-4.0,2026-07-10,2026-07-10
2864,越谷北,977.27,1000.0,-0.08,埼玉,関東・東京,7,2,5,0,0.2857,33.0,36.0,-3.0,2025-04-24,2026-07-11
2865,西舞鶴,977.25,1000.0,2.25,京都,近畿,7,2,5,0,0.2857,28.0,45.0,-17.0,2025-04-20,2026-07-13
2866,西野田工科,977.21,1000.0,8.38,大阪,近畿,3,0,3,0,0.0,2.0,25.0,-23.0,2025-04-05,2026-07-15
2867,箕面自由学園,977.19,1000.0,8.38,大阪,近畿,7,2,5,0,0.2857,27.0,55.0,-28.0,2025-04-27,2026-07-12
2868,伊丹西,977.19,1000.0,0.49,兵庫,近畿,8,2,6,0,0.25,31.0,61.0,-30.0,2025-04-19,2026-07-14
2869,北広島西・北斗・開成,977.15,1000.0,-9.79,北海道,北海道,1,0,1,0,0.0,0.0,10.0,-10.0,2026-05-13,2026-05-13
2870,安来,977.15,1000.0,5.45,広島,中国,7,2,5,0,0.2857,22.0,37.0,-15.0,2025-04-19,2026-07-19
2871,志布志,977.11,1000.0,1.49,鹿児島,九州,2,0,2,0,0.0,1.0,21.0,-20.0,2025-03-22,2025-07-10
2872,津山商業,977.08,1000.0,-7.46,鳥取,中国,4,1,3,0,0.25,19.0,17.0,2.0,2025-04-26,2026-07-14
2873,菅,977.06,1000.0,4.44,神奈川,関東・東京,4,1,3,0,0.25,16.0,39.0,-23.0,2025-04-05,2026-07-10
2874,幸,977.04,1000.0,4.44,神奈川,関東・東京,2,0,2,0,0.0,3.0,38.0,-35.0,2025-07-11,2026-07-08
2875,津山工業,977.03,1000.0,-7.46,鳥取,中国,5,2,3,0,0.4,6.0,23.0,-17.0,2025-07-12,2026-07-15
2876,東邦大東邦,977.03,1000.0,0.63,千葉,関東・東京,9,3,6,0,0.3333,41.0,74.0,-33.0,2025-04-19,2026-07-18
2877,芳泉,976.98,1000.0,-7.46,鳥取,中国,6,2,4,0,0.3333,34.0,50.0,-16.0,2025-04-26,2026-04-11
2878,御鷲緑,976.97,1000.0,-7.46,鳥取,中国,2,0,2,0,0.0,4.0,23.0,-19.0,2025-09-20,2026-04-11
2879,長崎北,976.97,1000.0,-0.81,長崎,九州,8,3,5,0,0.375,33.0,39.0,-6.0,2025-03-26,2026-07-13
2880,愛媛大付,976.96,1000.0,-7.48,愛媛,四国,4,1,3,0,0.25,16.0,22.0,-6.0,2025-03-21,2026-07-15
2881,佐沼,976.93,1000.0,-1.84,山形,東北,9,3,6,0,0.3333,38.0,39.0,-1.0,2025-05-16,2026-07-13
2882,下諏訪向陽,976.91,1000.0,-4.39,長野,北信越,8,3,5,0,0.375,42.0,58.0,-16.0,2025-05-10,2026-07-05
2883,修道協創,976.86,1000.0,-6.32,島根,中国,2,0,2,0,0.0,9.0,12.0,-3.0,2025-07-12,2026-07-12
2884,長崎北陽台,976.85,1000.0,-0.81,長崎,九州,8,3,5,0,0.375,28.0,42.0,-14.0,2025-03-25,2026-07-11
2885,門司大翔館,976.8,1000.0,2.09,福岡,九州,7,2,5,0,0.2857,20.0,24.0,-4.0,2025-03-21,2026-07-13
2886,函館商業,976.77,1000.0,-9.79,北海道,北海道,5,2,3,0,0.4,32.0,38.0,-6.0,2025-10-12,2026-06-24
2887,北大津,976.76,1000.0,-0.81,滋賀,近畿,8,3,5,0,0.375,24.0,36.0,-12.0,2025-04-26,2026-07-08
2888,北広島,976.76,1000.0,-9.79,北海道,北海道,10,5,5,0,0.5,52.0,66.0,-14.0,2025-05-26,2026-06-25
2889,川根,976.71,1000.0,-1.42,静岡,東海,2,0,2,0,0.0,1.0,8.0,-7.0,2025-07-06,2026-07-04
2890,札幌第一,976.71,1000.0,-9.79,北海道,北海道,8,3,5,0,0.375,42.0,36.0,6.0,2025-05-26,2026-06-23
2891,甲府東,976.7,1000.0,-0.05,山梨,関東・東京,8,3,5,0,0.375,31.0,46.0,-15.0,2025-04-15,2026-07-08
2892,相可,976.69,1000.0,-4.97,三重,東海,12,5,7,0,0.4167,49.0,65.0,-16.0,2025-04-12,2026-07-08
2893,山形工業,976.68,1000.0,-6.25,秋田,東北,9,4,5,0,0.4444,34.0,44.0,-10.0,2025-05-10,2026-07-12
2894,武修館,976.68,1000.0,-9.79,北海道,北海道,8,3,5,0,0.375,60.0,29.0,31.0,2025-05-26,2026-07-08
2895,旭,976.66,1000.0,8.38,大阪,近畿,9,3,6,0,0.3333,40.0,57.0,-17.0,2025-04-05,2026-07-16
2896,秩父,976.64,1000.0,-0.08,埼玉,関東・東京,6,1,5,0,0.1667,32.0,40.0,-8.0,2025-04-24,2026-07-12
2897,宝塚東,976.62,1000.0,0.49,兵庫,近畿,8,2,6,0,0.25,33.0,42.0,-9.0,2025-04-19,2026-07-14
2898,広尾・鹿追・清水・更別農・幕別清陵,976.57,1000.0,-9.79,北海道,北海道,1,0,1,0,0.0,2.0,15.0,-13.0,2026-06-27,2026-06-27
2899,五城目・西目,976.51,1000.0,0.62,岩手,東北,2,0,2,0,0.0,1.0,19.0,-18.0,2025-05-13,2025-07-11
2900,呉羽・富山西・富山南,976.46,1000.0,-10.7,富山,北信越,1,0,1,0,0.0,2.0,7.0,-5.0,2025-09-06,2025-09-06
2901,中津川工,976.45,1000.0,-2.62,岐阜,東海,13,5,8,0,0.3846,43.0,69.0,-26.0,2025-04-12,2026-07-18
2902,豊岡,976.44,1000.0,0.49,兵庫,近畿,17,6,11,0,0.3529,89.0,87.0,2.0,2025-04-19,2026-07-14
2903,岡豊,976.44,1000.0,3.76,高知,四国,7,2,5,0,0.2857,29.0,43.0,-14.0,2025-03-21,2026-07-19
2904,藤枝西,976.42,1000.0,-1.42,静岡,東海,7,2,5,0,0.2857,22.0,64.0,-42.0,2025-04-19,2026-07-19
2905,旭川永嶺,976.38,1000.0,-9.79,北海道,北海道,9,4,5,0,0.4444,38.0,48.0,-10.0,2025-05-26,2026-06-27
2906,竹田,976.36,1000.0,2.65,大分,九州,4,1,3,0,0.25,12.0,38.0,-26.0,2025-03-23,2026-07-15
2907,大湊,976.36,1000.0,4.16,青森,東北,7,2,5,0,0.2857,32.0,42.0,-10.0,2025-05-12,2026-07-07
2908,基町,976.3,1000.0,-6.32,島根,中国,15,6,9,0,0.4,69.0,108.0,-39.0,2025-04-19,2026-07-12
2909,新川・ＡＯＩＫＥ,976.29,1000.0,-10.7,富山,北信越,1,0,1,0,0.0,1.0,9.0,-8.0,2025-09-06,2025-09-06
2910,青豊,976.28,1000.0,2.09,福岡,九州,7,2,5,0,0.2857,40.0,36.0,4.0,2025-03-21,2026-07-10
2911,高知東,976.27,1000.0,3.76,高知,四国,7,2,5,0,0.2857,20.0,41.0,-21.0,2025-03-20,2026-07-21
2912,豊橋東,976.26,1000.0,2.72,愛知,東海,17,6,11,0,0.3529,77.0,113.0,-36.0,2025-04-12,2026-07-18
2913,邑久,976.24,1000.0,-7.46,鳥取,中国,3,1,2,0,0.3333,7.0,38.0,-31.0,2025-04-26,2025-07-12
2914,今治工,976.22,1000.0,-7.48,愛媛,四国,8,3,5,0,0.375,32.0,43.0,-11.0,2025-03-20,2026-07-16
2915,沖縄高専,976.2,1000.0,1.73,沖縄,九州,2,0,2,0,0.0,0.0,36.0,-36.0,2025-09-23,2026-03-22
2916,八頭,976.19,1000.0,1.62,岡山,中国,7,2,5,0,0.2857,14.0,26.0,-12.0,2025-04-20,2026-07-13
2917,姫路飾西,976.18,1000.0,0.49,兵庫,近畿,9,3,6,0,0.3333,42.0,54.0,-12.0,2025-04-19,2026-07-13
2918,大原・茂原樟陽,976.13,1000.0,0.63,千葉,関東・東京,2,0,2,0,0.0,2.0,18.0,-16.0,2025-07-10,2026-07-13
2919,松江農林,976.12,1000.0,5.45,広島,中国,7,2,5,0,0.2857,14.0,38.0,-24.0,2025-04-19,2026-07-19
2920,幸田,976.11,1000.0,2.72,愛知,東海,11,3,8,0,0.2727,47.0,69.0,-22.0,2025-04-12,2026-07-18
2921,佐賀農,976.1,1000.0,-9.64,佐賀,九州,8,3,5,0,0.375,39.0,39.0,0.0,2025-03-21,2026-07-11
2922,新南陽,976.06,1000.0,-1.06,山口,中国,4,1,3,0,0.25,11.0,35.0,-24.0,2025-04-12,2026-07-19
2923,慶応志木,976.04,1000.0,-0.08,埼玉,関東・東京,2,0,2,0,0.0,3.0,18.0,-15.0,2025-07-16,2026-07-15
2924,福島西,976.03,1000.0,-1.38,福島,東北,6,1,5,0,0.1667,17.0,37.0,-20.0,2025-05-16,2026-07-12
2925,高知工,976.03,1000.0,3.76,高知,四国,8,3,5,0,0.375,30.0,66.0,-36.0,2025-03-21,2026-07-12
2926,宇美商業,976.02,1000.0,2.09,福岡,九州,6,2,4,0,0.3333,17.0,39.0,-22.0,2025-03-21,2026-07-10
2927,稲毛・稲毛国際中等教育,976.01,1000.0,0.63,千葉,関東・東京,7,2,5,0,0.2857,33.0,72.0,-39.0,2025-07-11,2026-07-14
2928,倉吉農業,976.0,1000.0,1.62,岡山,中国,2,0,2,0,0.0,1.0,39.0,-38.0,2025-04-19,2025-07-12
2929,平塚工科,976.0,1000.0,4.44,神奈川,関東・東京,2,0,2,0,0.0,4.0,25.0,-21.0,2025-07-10,2026-07-07
2930,北条,975.96,1000.0,0.49,兵庫,近畿,8,2,6,0,0.25,22.0,30.0,-8.0,2025-04-19,2026-07-10
2931,八潮南,975.94,1000.0,-0.08,埼玉,関東・東京,3,0,3,0,0.0,13.0,24.0,-11.0,2025-04-24,2025-09-26
2932,滝川,975.93,1000.0,0.49,兵庫,近畿,20,9,11,0,0.45,143.0,75.0,68.0,2025-04-19,2026-07-12
2933,あずさ第一,975.93,1000.0,0.63,千葉,関東・東京,10,4,6,0,0.4,33.0,55.0,-22.0,2025-04-19,2026-07-10
2934,港北,975.92,1000.0,4.44,神奈川,関東・東京,7,2,5,0,0.2857,28.0,43.0,-15.0,2025-04-05,2026-07-14
2935,田方農,975.91,1000.0,-1.42,静岡,東海,3,0,3,0,0.0,1.0,16.0,-15.0,2025-04-19,2026-03-20
2936,行徳,975.88,1000.0,0.63,千葉,関東・東京,2,0,2,0,0.0,7.0,21.0,-14.0,2025-07-11,2026-07-10
2937,拝島,975.87,1000.0,2.37,東京,関東・東京,7,2,5,0,0.2857,27.0,52.0,-25.0,2025-04-04,2026-07-11
2938,開成,975.86,1000.0,2.37,東京,関東・東京,9,4,5,0,0.4444,37.0,66.0,-29.0,2025-04-04,2026-07-11
2939,高岡,975.84,1000.0,-10.7,富山,北信越,8,3,5,0,0.375,30.0,40.0,-10.0,2025-04-20,2026-07-18
2940,呉羽,975.82,1000.0,-10.7,富山,北信越,1,0,1,0,0.0,2.0,12.0,-10.0,2026-07-12,2026-07-12
2941,釜石商工,975.78,1000.0,3.8,宮城,東北,12,4,8,0,0.3333,71.0,58.0,13.0,2025-05-16,2026-07-15
2942,夕陽丘,975.77,1000.0,8.38,大阪,近畿,7,2,5,0,0.2857,19.0,41.0,-22.0,2025-04-19,2026-07-11
2943,紀北農芸・笠田,975.74,1000.0,0.99,和歌山,近畿,2,0,2,0,0.0,3.0,31.0,-28.0,2025-04-19,2025-07-11
2944,三木東・三木総合,975.74,1000.0,0.49,兵庫,近畿,7,2,5,0,0.2857,21.0,40.0,-19.0,2025-07-11,2026-07-14
2945,磐田北,975.61,1000.0,-1.42,静岡,東海,8,3,5,0,0.375,30.0,45.0,-15.0,2025-04-19,2026-07-05
2946,神島,975.57,1000.0,0.99,和歌山,近畿,8,3,5,0,0.375,21.0,35.0,-14.0,2025-04-15,2026-07-15
2947,沖高専,975.54,1000.0,1.73,沖縄,九州,2,0,2,0,0.0,0.0,27.0,-27.0,2025-06-22,2026-06-14
2948,越谷西,975.53,1000.0,-0.08,埼玉,関東・東京,8,3,5,0,0.375,41.0,73.0,-32.0,2025-04-24,2026-07-12
2949,学習院,975.48,1000.0,2.37,東京,関東・東京,8,3,5,0,0.375,37.0,50.0,-13.0,2025-04-04,2026-07-11
2950,鹿沼東,975.47,1000.0,-2.36,栃木,関東・東京,2,0,2,0,0.0,3.0,15.0,-12.0,2025-04-13,2025-07-13
2951,田無工科,975.4,1000.0,2.37,東京,関東・東京,7,2,5,0,0.2857,28.0,62.0,-34.0,2025-04-04,2026-07-13
2952,美和,975.37,1000.0,2.72,愛知,東海,5,1,4,0,0.2,12.0,41.0,-29.0,2025-07-06,2026-07-04
2953,巻総合,975.37,1000.0,-5.27,新潟,北信越,8,3,5,0,0.375,35.0,50.0,-15.0,2025-04-26,2026-07-16
2954,海南,975.36,1000.0,0.99,和歌山,近畿,7,2,5,0,0.2857,33.0,36.0,-3.0,2025-04-15,2026-07-12
2955,泉・生浜・天羽・市原・市原緑・君津青葉,975.33,1000.0,0.63,千葉,関東・東京,3,0,3,0,0.0,0.0,42.0,-42.0,2025-09-20,2026-04-02
2956,矢板東,975.32,1000.0,-2.36,栃木,関東・東京,2,0,2,0,0.0,0.0,36.0,-36.0,2026-04-12,2026-07-11
2957,南安曇農業,975.26,1000.0,-4.39,長野,北信越,2,0,2,0,0.0,3.0,23.0,-20.0,2025-05-10,2025-07-08
2958,伊保内・葛巻・平舘,975.23,1000.0,3.8,宮城,東北,6,1,5,0,0.1667,11.0,38.0,-27.0,2025-09-19,2026-07-14
2959,魚津,975.2,1000.0,-10.7,富山,北信越,8,3,5,0,0.375,35.0,36.0,-1.0,2025-04-26,2026-07-18
2960,大船渡東・住田・山田,975.08,1000.0,3.8,宮城,東北,3,0,3,0,0.0,0.0,33.0,-33.0,2025-05-16,2025-07-10
2961,磯原郷英,975.02,1000.0,-1.03,茨城,関東・東京,10,4,6,0,0.4,47.0,48.0,-1.0,2025-04-19,2026-07-04
2962,静岡農,975.0,1000.0,-1.42,静岡,東海,3,0,3,0,0.0,11.0,30.0,-19.0,2025-04-19,2026-03-21
2963,川越総合,974.99,1000.0,-0.08,埼玉,関東・東京,2,0,2,0,0.0,0.0,20.0,-20.0,2025-07-11,2026-07-12
2964,大和,974.99,1000.0,4.44,神奈川,関東・東京,7,2,5,0,0.2857,22.0,49.0,-27.0,2025-04-06,2026-07-13
2965,男鹿海洋・西仙北・大農太田・六郷,974.98,1000.0,0.62,岩手,東北,2,0,2,0,0.0,2.0,29.0,-27.0,2025-05-11,2025-07-11
2966,入間向陽,974.96,1000.0,-0.08,埼玉,関東・東京,7,2,5,0,0.2857,42.0,57.0,-15.0,2025-04-24,2026-07-11
2967,倉吉総合産業,974.96,1000.0,1.62,岡山,中国,7,2,5,0,0.2857,32.0,34.0,-2.0,2025-04-19,2026-07-17
2968,吉田,974.89,1000.0,-0.05,山梨,関東・東京,25,10,15,0,0.4,110.0,140.0,-30.0,2025-03-20,2026-07-15
2969,倉吉東,974.86,1000.0,1.62,岡山,中国,7,2,5,0,0.2857,28.0,38.0,-10.0,2025-04-21,2026-07-18
2970,名古屋市工,974.84,1000.0,2.72,愛知,東海,12,4,8,0,0.3333,50.0,66.0,-16.0,2025-04-12,2026-07-05
2971,富山,974.83,1000.0,-10.7,富山,北信越,3,1,2,0,0.3333,3.0,16.0,-13.0,2025-04-19,2025-07-12
2972,小津,974.81,1000.0,3.76,高知,四国,6,1,5,0,0.1667,25.0,32.0,-7.0,2025-03-21,2026-07-18
2973,熊本一,974.72,1000.0,-4.28,熊本,九州,4,1,3,0,0.25,17.0,29.0,-12.0,2025-03-20,2026-03-21
2974,福岡西陵,974.71,1000.0,2.09,福岡,九州,7,2,5,0,0.2857,33.0,46.0,-13.0,2025-03-24,2026-07-11
2975,明石,974.69,1000.0,0.49,兵庫,近畿,8,2,6,0,0.25,24.0,32.0,-8.0,2025-04-19,2026-07-10
2976,座間総合,974.68,1000.0,4.44,神奈川,関東・東京,5,1,4,0,0.2,17.0,28.0,-11.0,2025-04-05,2026-07-10
2977,市川東,974.65,1000.0,0.63,千葉,関東・東京,9,3,6,0,0.3333,35.0,59.0,-24.0,2025-04-19,2026-07-09
2978,石巻好文館・涌谷・石巻北,974.64,1000.0,-1.84,山形,東北,3,0,3,0,0.0,1.0,21.0,-20.0,2025-09-12,2026-04-25
2979,河瀬,974.64,1000.0,-0.81,滋賀,近畿,8,3,5,0,0.375,26.0,41.0,-15.0,2025-04-20,2026-07-09
2980,北見緑陵,974.61,1000.0,-9.79,北海道,北海道,6,2,4,0,0.3333,28.0,22.0,6.0,2025-05-26,2026-06-29
2981,静岡北,974.57,1000.0,-1.42,静岡,東海,8,2,6,0,0.25,22.0,35.0,-13.0,2025-04-19,2026-07-11
2982,大津商,974.57,1000.0,-0.81,滋賀,近畿,7,2,5,0,0.2857,44.0,47.0,-3.0,2025-04-26,2026-07-11
2983,仙台工,974.53,1000.0,-1.84,山形,東北,3,0,3,0,0.0,3.0,66.0,-63.0,2026-04-19,2026-07-11
2984,西目・西仙北・大農太田・六郷,974.5,1000.0,0.62,岩手,東北,2,0,2,0,0.0,2.0,19.0,-17.0,2026-05-08,2026-07-10
2985,田方農業,974.5,1000.0,-1.42,静岡,東海,2,0,2,0,0.0,0.0,14.0,-14.0,2025-07-06,2026-07-04
2986,保谷,974.46,1000.0,2.37,東京,関東・東京,8,3,5,0,0.375,58.0,73.0,-15.0,2025-04-04,2026-07-10
2987,豊田西,974.44,1000.0,2.72,愛知,東海,13,4,9,0,0.3077,64.0,85.0,-21.0,2025-04-12,2026-07-05
2988,東住吉,974.44,1000.0,8.38,大阪,近畿,7,2,5,0,0.2857,22.0,60.0,-38.0,2025-04-19,2026-07-18
2989,大柿,974.42,1000.0,-6.32,島根,中国,2,0,2,0,0.0,1.0,48.0,-47.0,2025-09-20,2025-09-20
2990,浜北西,974.38,1000.0,-1.42,静岡,東海,7,2,5,0,0.2857,13.0,41.0,-28.0,2025-04-19,2026-07-04
2991,岸根,974.37,1000.0,4.44,神奈川,関東・東京,3,0,3,0,0.0,6.0,30.0,-24.0,2025-07-09,2026-07-09
2992,府中西,974.36,1000.0,2.37,東京,関東・東京,7,2,5,0,0.2857,20.0,54.0,-34.0,2025-04-05,2026-07-14
2993,前橋南,974.35,1000.0,3.22,群馬,関東・東京,7,2,5,0,0.2857,35.0,41.0,-6.0,2025-04-15,2026-07-11
2994,島田商,974.35,1000.0,-1.42,静岡,東海,4,0,4,0,0.0,10.0,22.0,-12.0,2025-04-19,2026-07-19
2995,柏,974.32,1000.0,0.63,千葉,関東・東京,7,2,5,0,0.2857,26.0,53.0,-27.0,2025-07-11,2026-07-14
2996,高専八代・甲佐,974.31,1000.0,-4.28,熊本,九州,2,0,2,0,0.0,9.0,21.0,-12.0,2025-09-16,2026-03-21
2997,宇都宮東,974.23,1000.0,-2.36,栃木,関東・東京,8,3,5,0,0.375,30.0,67.0,-37.0,2025-04-12,2026-07-19
2998,調布北,974.21,1000.0,2.37,東京,関東・東京,3,0,3,0,0.0,8.0,23.0,-15.0,2025-04-04,2026-07-07
2999,加古川南,974.18,1000.0,0.49,兵庫,近畿,9,3,6,0,0.3333,31.0,50.0,-19.0,2025-04-19,2026-07-09
3000,天童・谷地・上山明新館,974.17,1000.0,-6.25,秋田,東北,2,0,2,0,0.0,5.0,18.0,-13.0,2026-05-10,2026-07-13
3001,仁賀保,974.16,1000.0,0.62,岩手,東北,2,0,2,0,0.0,0.0,56.0,-56.0,2026-05-08,2026-07-10
3002,光丘,974.16,1000.0,2.37,東京,関東・東京,3,0,3,0,0.0,3.0,31.0,-28.0,2025-04-04,2025-10-11
3003,とわの森三愛,974.12,1000.0,-9.79,北海道,北海道,2,0,2,0,0.0,7.0,9.0,-2.0,2026-05-17,2026-06-26
3004,虎姫,974.1,1000.0,-0.81,滋賀,近畿,7,2,5,0,0.2857,22.0,35.0,-13.0,2025-04-26,2026-07-11
3005,八千代,974.08,1000.0,0.63,千葉,関東・東京,20,8,12,0,0.4,85.0,151.0,-66.0,2025-04-19,2026-07-15
3006,大手前,974.04,1000.0,8.38,大阪,近畿,7,2,5,0,0.2857,29.0,56.0,-27.0,2025-04-20,2026-07-11
3007,土浦工,974.03,1000.0,-1.03,茨城,関東・東京,8,2,6,0,0.25,28.0,40.0,-12.0,2025-04-19,2026-07-11
3008,湯沢翔北,974.02,1000.0,0.62,岩手,東北,9,3,6,0,0.3333,32.0,52.0,-20.0,2025-05-13,2026-07-08
3009,大和青藍,973.97,1000.0,2.09,福岡,九州,7,2,5,0,0.2857,23.0,39.0,-16.0,2025-03-23,2026-07-11
3010,相馬農,973.97,1000.0,-1.38,福島,東北,2,0,2,0,0.0,0.0,28.0,-28.0,2025-09-12,2026-07-10
3011,三養基,973.94,1000.0,-9.64,佐賀,九州,7,2,5,0,0.2857,35.0,28.0,7.0,2025-03-21,2026-07-16
3012,高崎北,973.92,1000.0,3.22,群馬,関東・東京,7,2,5,0,0.2857,28.0,38.0,-10.0,2025-04-15,2026-07-07
3013,石巻西,973.91,1000.0,-1.84,山形,東北,12,5,7,0,0.4167,64.0,61.0,3.0,2025-05-16,2026-07-14
3014,三郷北,973.9,1000.0,-0.08,埼玉,関東・東京,7,2,5,0,0.2857,29.0,49.0,-20.0,2025-04-24,2026-07-09
3015,横浜南陵,973.9,1000.0,4.44,神奈川,関東・東京,7,2,5,0,0.2857,58.0,50.0,8.0,2025-04-05,2026-07-07
3016,津山商,973.89,1000.0,-7.46,鳥取,中国,6,2,4,0,0.3333,33.0,46.0,-13.0,2025-04-26,2026-04-11
3017,武雄,973.88,1000.0,-9.64,佐賀,九州,8,3,5,0,0.375,26.0,31.0,-5.0,2025-03-21,2026-07-11
3018,高取国際,973.85,1000.0,3.92,奈良,近畿,7,2,5,0,0.2857,11.0,31.0,-20.0,2025-04-12,2026-07-11
3019,吉原工,973.84,1000.0,-1.42,静岡,東海,7,2,5,0,0.2857,11.0,75.0,-64.0,2025-04-19,2026-03-29
3020,白石,973.84,1000.0,-1.84,山形,東北,22,10,12,0,0.4545,108.0,106.0,2.0,2025-03-21,2026-07-17
3021,日立工,973.84,1000.0,-1.03,茨城,関東・東京,10,4,6,0,0.4,36.0,71.0,-35.0,2025-04-19,2026-07-04
3022,清水西,973.83,1000.0,-1.42,静岡,東海,2,0,2,0,0.0,5.0,30.0,-25.0,2025-07-05,2026-07-05
3023,府教育センター附,973.82,1000.0,8.38,大阪,近畿,5,1,4,0,0.2,12.0,45.0,-33.0,2025-07-12,2026-07-11
3024,嘉穂東,973.8,1000.0,2.09,福岡,九州,7,2,5,0,0.2857,33.0,41.0,-8.0,2025-03-23,2026-07-07
3025,高岡龍谷,973.79,1000.0,-10.7,富山,北信越,8,3,5,0,0.375,17.0,21.0,-4.0,2025-04-20,2026-07-18
3026,西湘,973.78,1000.0,4.44,神奈川,関東・東京,5,1,4,0,0.2,11.0,33.0,-22.0,2025-04-05,2026-07-09
3027,帯広北,973.71,1000.0,-9.79,北海道,北海道,9,3,6,0,0.3333,50.0,61.0,-11.0,2025-05-26,2026-07-10
3028,築館,973.7,1000.0,-1.84,山形,東北,12,5,7,0,0.4167,45.0,60.0,-15.0,2025-05-16,2026-07-12
3029,北摂三田,973.69,1000.0,0.49,兵庫,近畿,8,2,6,0,0.25,28.0,31.0,-3.0,2025-04-19,2026-07-10
3030,下館工,973.68,1000.0,-1.03,茨城,関東・東京,9,3,6,0,0.3333,32.0,55.0,-23.0,2025-04-19,2026-07-14
3031,高島,973.67,1000.0,2.37,東京,関東・東京,18,8,10,0,0.4444,86.0,92.0,-6.0,2025-04-04,2026-07-14
3032,札幌藻岩,973.67,1000.0,-9.79,北海道,北海道,9,4,5,0,0.4444,48.0,57.0,-9.0,2025-05-26,2026-06-24
3033,天草工,973.67,1000.0,-4.28,熊本,九州,8,3,5,0,0.375,38.0,42.0,-4.0,2025-03-23,2026-07-12
3034,松本蟻ケ崎,973.66,1000.0,-4.39,長野,北信越,9,3,6,0,0.3333,34.0,84.0,-50.0,2025-05-10,2026-07-11
3035,綾瀬西,973.6,1000.0,4.44,神奈川,関東・東京,3,0,3,0,0.0,9.0,23.0,-14.0,2025-07-12,2026-07-07
3036,諫早東,973.57,1000.0,-0.81,長崎,九州,2,0,2,0,0.0,0.0,27.0,-27.0,2025-07-09,2026-07-13
3037,誠英,973.45,1000.0,-1.06,山口,中国,8,3,5,0,0.375,28.0,36.0,-8.0,2025-04-13,2026-07-13
3038,宇部フロンティア大香川,973.43,1000.0,-1.06,山口,中国,8,3,5,0,0.375,25.0,43.0,-18.0,2025-04-12,2026-07-19
3039,恵庭北,973.42,1000.0,-9.79,北海道,北海道,8,3,5,0,0.375,28.0,47.0,-19.0,2025-05-26,2026-06-28
3040,上田染谷丘,973.39,1000.0,-4.39,長野,北信越,10,3,7,0,0.3,51.0,92.0,-41.0,2025-05-10,2026-07-11
3041,穴吹,973.38,1000.0,-0.82,香川,四国,4,1,3,0,0.25,11.0,41.0,-30.0,2025-03-23,2026-07-15
3042,今市工業・宇都宮清陵・真岡北陵,973.38,1000.0,-2.36,栃木,関東・東京,2,0,2,0,0.0,8.0,25.0,-17.0,2025-09-21,2026-04-18
3043,高萩清松,973.38,1000.0,-1.03,茨城,関東・東京,2,0,2,0,0.0,0.0,25.0,-25.0,2025-07-07,2026-07-06
3044,半田,973.38,1000.0,2.72,愛知,東海,20,8,12,0,0.4,114.0,134.0,-20.0,2025-04-12,2026-07-05
3045,安曇川・湖南農業・石部・信楽・守山・愛知・長浜農業,973.38,1000.0,-0.81,滋賀,近畿,2,0,2,0,0.0,2.0,27.0,-25.0,2025-08-30,2026-04-12
3046,土浦一,973.37,1000.0,-1.03,茨城,関東・東京,8,2,6,0,0.25,32.0,65.0,-33.0,2025-04-19,2026-07-12
3047,農林・塩山,973.33,1000.0,-0.05,山梨,関東・東京,2,0,2,0,0.0,3.0,37.0,-34.0,2025-04-20,2026-07-11
3048,浦和西,973.33,1000.0,-0.08,埼玉,関東・東京,7,2,5,0,0.2857,32.0,63.0,-31.0,2025-04-24,2026-07-10
3049,喜多方桐桜,973.32,1000.0,-1.38,福島,東北,9,3,6,0,0.3333,38.0,63.0,-25.0,2025-05-16,2026-07-10
3050,津山東,973.32,1000.0,-7.46,鳥取,中国,11,5,6,0,0.4545,31.0,63.0,-32.0,2025-04-26,2026-07-15
3051,八代清流・矢部・湧心館・八代農業,973.32,1000.0,-4.28,熊本,九州,2,0,2,0,0.0,5.0,18.0,-13.0,2025-09-16,2026-03-20
3052,出水,973.27,1000.0,1.49,鹿児島,九州,7,2,5,0,0.2857,23.0,40.0,-17.0,2025-03-21,2026-07-13
3053,長岡農・正徳館・栃尾・見附・分水・三条商,973.26,1000.0,-5.27,新潟,北信越,2,0,2,0,0.0,2.0,13.0,-11.0,2025-09-13,2026-04-25
3054,新庄神室産,973.24,1000.0,-6.25,秋田,東北,2,0,2,0,0.0,6.0,17.0,-11.0,2025-09-12,2025-09-13
3055,海老名,973.23,1000.0,4.44,神奈川,関東・東京,3,0,3,0,0.0,10.0,26.0,-16.0,2025-07-09,2026-07-10
3056,都城工,973.2,1000.0,-7.87,宮崎,九州,8,3,5,0,0.375,35.0,55.0,-20.0,2025-03-22,2026-07-07
3057,沼津城北,973.16,1000.0,-1.42,静岡,東海,2,0,2,0,0.0,0.0,21.0,-21.0,2025-07-06,2026-07-05
3058,大垣南,973.15,1000.0,-2.62,岐阜,東海,13,5,8,0,0.3846,60.0,66.0,-6.0,2025-04-12,2026-07-19
3059,会津ザベリオ,973.15,1000.0,-1.38,福島,東北,2,0,2,0,0.0,2.0,19.0,-17.0,2025-07-13,2026-07-10
3060,新城有教館,973.13,1000.0,2.72,愛知,東海,3,0,3,0,0.0,8.0,16.0,-8.0,2025-07-05,2026-07-04
3061,清水谷,973.11,1000.0,8.38,大阪,近畿,3,0,3,0,0.0,4.0,29.0,-25.0,2025-04-20,2026-07-14
3062,別府鶴見丘,973.11,1000.0,2.65,大分,九州,7,2,5,0,0.2857,27.0,35.0,-8.0,2025-03-28,2026-07-10
3063,青森,973.11,1000.0,4.16,青森,東北,7,2,5,0,0.2857,46.0,69.0,-23.0,2025-05-10,2026-07-09
3064,広島国泰寺,973.1,1000.0,-6.32,島根,中国,14,6,8,0,0.4286,59.0,67.0,-8.0,2025-04-19,2026-07-05
3065,相馬農業,973.07,1000.0,-1.38,福島,東北,3,0,3,0,0.0,1.0,49.0,-48.0,2025-09-11,2026-04-26
3066,広島桜が丘,973.07,1000.0,-6.32,島根,中国,12,4,8,0,0.3333,53.0,84.0,-31.0,2025-04-19,2026-07-11
3067,米沢中央,973.01,1000.0,-6.25,秋田,東北,9,3,6,0,0.3333,36.0,62.0,-26.0,2025-05-10,2026-07-17
3068,熊本第一,972.98,1000.0,-4.28,熊本,九州,2,0,2,0,0.0,9.0,18.0,-9.0,2025-07-06,2026-07-08
3069,横芝敬愛,972.9,1000.0,0.63,千葉,関東・東京,9,3,6,0,0.3333,47.0,92.0,-45.0,2025-04-19,2026-07-10
3070,三島南,972.89,1000.0,-1.42,静岡,東海,9,3,6,0,0.3333,39.0,47.0,-8.0,2025-04-19,2026-07-05
3071,寺井,972.85,1000.0,6.19,石川,北信越,7,2,5,0,0.2857,22.0,48.0,-26.0,2025-04-20,2026-07-12
3072,仙台,972.84,1000.0,-1.84,山形,東北,11,3,8,0,0.2727,43.0,80.0,-37.0,2025-05-16,2026-07-15
3073,尾北,972.83,1000.0,2.72,愛知,東海,12,4,8,0,0.3333,55.0,95.0,-40.0,2025-04-12,2026-07-07
3074,足利清風・足利南・佐野東,972.8,1000.0,-2.36,栃木,関東・東京,2,0,2,0,0.0,0.0,35.0,-35.0,2025-09-15,2026-04-11
3075,筑波大駒場,972.77,1000.0,2.37,東京,関東・東京,7,2,5,0,0.2857,22.0,55.0,-33.0,2025-04-04,2026-07-11
3076,星陵,972.72,1000.0,-1.42,静岡,東海,24,10,14,0,0.4167,69.0,96.0,-27.0,2025-04-19,2026-07-16
3077,宮島工業,972.68,1000.0,-6.32,島根,中国,10,4,6,0,0.4,50.0,71.0,-21.0,2025-04-19,2026-03-28
3078,野々市明倫,972.68,1000.0,6.19,石川,北信越,3,0,3,0,0.0,0.0,42.0,-42.0,2025-04-19,2026-07-12
3079,群馬高専,972.67,1000.0,3.22,群馬,関東・東京,7,2,5,0,0.2857,32.0,56.0,-24.0,2025-04-12,2026-07-12
3080,京葉,972.65,1000.0,0.63,千葉,関東・東京,8,2,6,0,0.25,46.0,89.0,-43.0,2025-04-19,2026-07-15
3081,若松商,972.62,1000.0,-1.38,福島,東北,3,0,3,0,0.0,13.0,16.0,-3.0,2025-07-11,2026-07-10
3082,清松・海洋,972.6,1000.0,-1.03,茨城,関東・東京,3,0,3,0,0.0,5.0,55.0,-50.0,2025-09-20,2026-04-11
3083,橋本,972.57,1000.0,0.99,和歌山,近畿,7,2,5,0,0.2857,33.0,50.0,-17.0,2025-04-19,2026-07-13
3084,森,972.53,1000.0,-9.79,北海道,北海道,2,0,2,0,0.0,4.0,12.0,-8.0,2026-05-10,2026-06-23
3085,上田東,972.48,1000.0,-4.39,長野,北信越,14,6,8,0,0.4286,92.0,124.0,-32.0,2025-05-10,2026-07-05
3086,東奥学園,972.47,1000.0,4.16,青森,東北,7,2,5,0,0.2857,33.0,51.0,-18.0,2025-05-09,2026-07-09
3087,貝塚,972.44,1000.0,8.38,大阪,近畿,3,0,3,0,0.0,2.0,49.0,-47.0,2025-07-11,2026-07-11
3088,柏崎常盤・柏崎総合,972.39,1000.0,-5.27,新潟,北信越,2,0,2,0,0.0,3.0,17.0,-14.0,2025-04-28,2025-07-11
3089,敦賀工,972.36,1000.0,1.72,福井,北信越,7,2,5,0,0.2857,22.0,35.0,-13.0,2025-04-20,2026-07-12
3090,美方,972.36,1000.0,1.72,福井,北信越,7,2,5,0,0.2857,19.0,32.0,-13.0,2025-04-20,2026-07-11
3091,信太,972.33,1000.0,8.38,大阪,近畿,6,1,5,0,0.1667,32.0,62.0,-30.0,2025-04-05,2026-07-13
3092,松阪,972.32,1000.0,-4.97,三重,東海,11,4,7,0,0.3636,76.0,71.0,5.0,2025-04-12,2026-07-04
3093,大教大池田,972.27,1000.0,8.38,大阪,近畿,6,1,5,0,0.1667,39.0,31.0,8.0,2025-04-19,2026-07-04
3094,熊谷西,972.24,1000.0,-0.08,埼玉,関東・東京,7,2,5,0,0.2857,34.0,41.0,-7.0,2025-04-24,2026-07-12
3095,古城池,972.23,1000.0,-7.46,鳥取,中国,5,1,4,0,0.2,25.0,37.0,-12.0,2025-04-26,2026-04-11
3096,小松島西,972.21,1000.0,-0.82,香川,四国,7,2,5,0,0.2857,28.0,46.0,-18.0,2025-03-22,2026-07-22
3097,麻布,972.13,1000.0,2.37,東京,関東・東京,7,2,5,0,0.2857,24.0,64.0,-40.0,2025-04-04,2026-07-12
3098,佐渡,972.12,1000.0,-5.27,新潟,北信越,8,3,5,0,0.375,33.0,69.0,-36.0,2025-04-26,2026-07-18
3099,弘前,972.0,1000.0,4.16,青森,東北,5,1,4,0,0.2,28.0,52.0,-24.0,2025-05-09,2026-07-15
3100,東,971.99,1000.0,8.38,大阪,近畿,15,6,9,0,0.4,78.0,127.0,-49.0,2025-04-04,2026-07-18
3101,富士,971.95,1000.0,-1.42,静岡,東海,18,8,10,0,0.4444,62.0,98.0,-36.0,2025-04-19,2026-07-12
3102,羽水,971.93,1000.0,1.72,福井,北信越,7,2,5,0,0.2857,22.0,32.0,-10.0,2025-04-19,2026-07-19
3103,伊具,971.92,1000.0,-1.84,山形,東北,2,0,2,0,0.0,1.0,31.0,-30.0,2025-07-12,2026-07-12
3104,深川,971.92,1000.0,2.37,東京,関東・東京,5,1,4,0,0.2,6.0,39.0,-33.0,2025-07-10,2026-07-05
3105,多賀,971.89,1000.0,-1.03,茨城,関東・東京,8,2,6,0,0.25,45.0,52.0,-7.0,2025-04-19,2026-07-09
3106,下関西,971.88,1000.0,-1.06,山口,中国,7,2,5,0,0.2857,22.0,42.0,-20.0,2025-04-12,2026-07-21
3107,半田商業,971.87,1000.0,2.72,愛知,東海,11,3,8,0,0.2727,67.0,61.0,6.0,2025-04-12,2026-07-05
3108,葵,971.87,1000.0,-1.38,福島,東北,7,2,5,0,0.2857,41.0,61.0,-20.0,2025-05-16,2026-07-10
3109,丸子修学館,971.86,1000.0,-4.39,長野,北信越,8,3,5,0,0.375,38.0,58.0,-20.0,2025-05-10,2026-07-08
3110,紀北工,971.84,1000.0,0.99,和歌山,近畿,3,0,3,0,0.0,7.0,19.0,-12.0,2025-04-13,2026-07-12
3111,桜塚,971.82,1000.0,8.38,大阪,近畿,6,1,5,0,0.1667,34.0,35.0,-1.0,2025-04-19,2026-07-05
3112,ザベリオ,971.77,1000.0,-1.38,福島,東北,4,0,4,0,0.0,11.0,33.0,-22.0,2025-05-16,2026-04-29
3113,佐野工科・岬,971.77,1000.0,8.38,大阪,近畿,3,0,3,0,0.0,5.0,32.0,-27.0,2025-08-30,2026-07-15
3114,昭和一,971.75,1000.0,2.37,東京,関東・東京,6,1,5,0,0.1667,28.0,38.0,-10.0,2025-04-04,2026-07-11
3115,和気閑谷,971.74,1000.0,-7.46,鳥取,中国,10,4,6,0,0.4,48.0,61.0,-13.0,2025-04-26,2026-07-12
3116,新居浜南,971.73,1000.0,-7.48,愛媛,四国,8,3,5,0,0.375,35.0,48.0,-13.0,2025-03-23,2026-07-15
3117,佐賀東,971.68,1000.0,-9.64,佐賀,九州,8,3,5,0,0.375,26.0,38.0,-12.0,2025-03-22,2026-07-20
3118,高専八代,971.66,1000.0,-4.28,熊本,九州,4,1,3,0,0.25,6.0,21.0,-15.0,2025-03-26,2026-07-07
3119,檜山北,971.65,1000.0,-9.79,北海道,北海道,8,3,5,0,0.375,40.0,67.0,-27.0,2025-05-26,2026-06-25
3120,北桜,971.65,1000.0,3.8,宮城,東北,10,3,7,0,0.3,40.0,79.0,-39.0,2025-05-16,2026-07-09
3121,茨木工科・北摂つばさ・箕面東,971.65,1000.0,8.38,大阪,近畿,3,0,3,0,0.0,2.0,29.0,-27.0,2025-04-20,2026-07-12
3122,飯野・高城・福島,971.64,1000.0,-7.87,宮崎,九州,2,0,2,0,0.0,9.0,16.0,-7.0,2025-09-13,2026-03-21
3123,柏木農業・五所川原工科,971.62,1000.0,4.16,青森,東北,3,0,3,0,0.0,8.0,28.0,-20.0,2025-07-12,2026-07-08
3124,富士見・箕輪進修,971.62,1000.0,-4.39,長野,北信越,3,0,3,0,0.0,2.0,44.0,-42.0,2025-09-20,2026-05-03
3125,柏崎常盤・柏崎総合・高田商・新井・糸魚川白嶺,971.6,1000.0,-5.27,新潟,北信越,2,0,2,0,0.0,1.0,17.0,-16.0,2025-09-14,2026-04-25
3126,石田・坂出・飯山,971.55,1000.0,-4.3,徳島,四国,2,0,2,0,0.0,3.0,22.0,-19.0,2025-09-15,2026-03-20
3127,飯南,971.51,1000.0,5.45,広島,中国,16,6,10,0,0.375,58.0,97.0,-39.0,2025-04-12,2026-07-18
3128,加茂,971.5,1000.0,-5.27,新潟,北信越,17,7,10,0,0.4118,90.0,105.0,-15.0,2025-04-12,2026-07-19
3129,専大付,971.48,1000.0,2.37,東京,関東・東京,11,5,6,0,0.4545,53.0,76.0,-23.0,2025-04-04,2026-07-12
3130,渋川,971.45,1000.0,3.22,群馬,関東・東京,6,1,5,0,0.1667,22.0,39.0,-17.0,2025-04-15,2026-07-11
3131,上溝,971.45,1000.0,4.44,神奈川,関東・東京,5,1,4,0,0.2,8.0,32.0,-24.0,2025-04-05,2026-07-14
3132,犬山総合,971.38,1000.0,2.72,愛知,東海,5,1,4,0,0.2,8.0,76.0,-68.0,2025-04-12,2026-07-07
3133,新居浜東,971.35,1000.0,-7.48,愛媛,四国,7,2,5,0,0.2857,22.0,43.0,-21.0,2025-03-20,2026-07-18
3134,所沢,971.33,1000.0,-0.08,埼玉,関東・東京,7,2,5,0,0.2857,33.0,52.0,-19.0,2025-04-24,2026-07-09
3135,堺工科,971.32,1000.0,8.38,大阪,近畿,5,1,4,0,0.2,20.0,39.0,-19.0,2025-07-11,2026-07-11
3136,佐世保高専,971.31,1000.0,-0.81,長崎,九州,8,3,5,0,0.375,18.0,41.0,-23.0,2025-03-25,2026-07-08
3137,岡山・吉備高原,971.3,1000.0,-7.46,鳥取,中国,2,0,2,0,0.0,13.0,43.0,-30.0,2025-04-26,2026-07-13
3138,目黒学院,971.29,1000.0,2.37,東京,関東・東京,3,0,3,0,0.0,9.0,36.0,-27.0,2025-04-04,2026-07-09
3139,北杜,971.27,1000.0,-0.05,山梨,関東・東京,7,2,5,0,0.2857,32.0,51.0,-19.0,2025-04-15,2026-07-14
3140,木曽青峰,971.26,1000.0,-4.39,長野,北信越,5,1,4,0,0.2,19.0,53.0,-34.0,2025-05-10,2026-07-05
3141,船橋芝山,971.22,1000.0,0.63,千葉,関東・東京,9,3,6,0,0.3333,33.0,64.0,-31.0,2025-04-19,2026-07-09
3142,安芸南,971.21,1000.0,-6.32,島根,中国,13,5,8,0,0.3846,75.0,86.0,-11.0,2025-04-19,2026-07-07
3143,深谷一,971.2,1000.0,-0.08,埼玉,関東・東京,6,1,5,0,0.1667,36.0,58.0,-22.0,2025-04-24,2026-07-14
3144,平工,971.1,1000.0,-1.38,福島,東北,3,0,3,0,0.0,6.0,12.0,-6.0,2025-07-11,2026-07-12
3145,稲沢緑風館,971.07,1000.0,2.72,愛知,東海,5,1,4,0,0.2,16.0,48.0,-32.0,2025-04-12,2026-07-04
3146,見附,971.07,1000.0,-5.27,新潟,北信越,2,0,2,0,0.0,6.0,20.0,-14.0,2025-04-27,2025-07-13
3147,石巻好文館,971.01,1000.0,-1.84,山形,東北,2,0,2,0,0.0,2.0,24.0,-22.0,2025-07-13,2026-07-11
3148,飯山,971.0,1000.0,-4.39,長野,北信越,9,3,6,0,0.3333,31.0,68.0,-37.0,2025-05-10,2026-07-08
3149,青山,970.97,1000.0,2.37,東京,関東・東京,15,6,9,0,0.4,72.0,126.0,-54.0,2025-04-04,2026-07-19
3150,文教大付,970.96,1000.0,2.37,東京,関東・東京,3,0,3,0,0.0,0.0,49.0,-49.0,2025-04-04,2026-07-11
3151,長崎東,970.9,1000.0,-0.81,長崎,九州,5,1,4,0,0.2,20.0,36.0,-16.0,2025-07-09,2026-07-13
3152,甲府商,970.88,1000.0,-0.05,山梨,関東・東京,6,1,5,0,0.1667,53.0,35.0,18.0,2025-04-19,2026-07-15
3153,高知国際,970.88,1000.0,3.76,高知,四国,7,2,5,0,0.2857,21.0,41.0,-20.0,2025-03-20,2026-07-19
3154,市立千葉,970.87,1000.0,0.63,千葉,関東・東京,9,3,6,0,0.3333,49.0,73.0,-24.0,2025-04-19,2026-07-10
3155,京華商,970.84,1000.0,2.37,東京,関東・東京,6,1,5,0,0.1667,48.0,48.0,0.0,2025-04-04,2026-07-05
3156,安達,970.8,1000.0,-1.38,福島,東北,5,1,4,0,0.2,10.0,55.0,-45.0,2025-07-11,2026-07-14
3157,中央,970.75,1000.0,-1.03,茨城,関東・東京,8,2,6,0,0.25,46.0,44.0,2.0,2025-04-19,2026-07-11
3158,啓明学園,970.74,1000.0,2.37,東京,関東・東京,5,1,4,0,0.2,15.0,43.0,-28.0,2025-07-06,2026-07-12
3159,鯖江,970.74,1000.0,1.72,福井,北信越,7,2,5,0,0.2857,27.0,45.0,-18.0,2025-04-19,2026-07-12
3160,浜松江之島,970.69,1000.0,-1.42,静岡,東海,8,2,6,0,0.25,20.0,38.0,-18.0,2025-04-19,2026-07-05
3161,狭山・藤井寺工科,970.66,1000.0,8.38,大阪,近畿,3,0,3,0,0.0,5.0,33.0,-28.0,2025-08-31,2026-07-12
3162,札幌平岸,970.66,1000.0,-9.79,北海道,北海道,8,3,5,0,0.375,35.0,47.0,-12.0,2025-05-26,2026-06-25
3163,真岡北陵,970.6,1000.0,-2.36,栃木,関東・東京,2,0,2,0,0.0,1.0,32.0,-31.0,2025-07-11,2026-07-10
3164,笠岡工業,970.6,1000.0,-7.46,鳥取,中国,2,0,2,0,0.0,8.0,16.0,-8.0,2025-07-12,2026-07-12
3165,大東,970.59,1000.0,5.45,広島,中国,5,1,4,0,0.2,8.0,35.0,-27.0,2025-04-18,2026-07-15
3166,暁,970.52,1000.0,-4.97,三重,東海,7,2,5,0,0.2857,32.0,54.0,-22.0,2025-04-12,2026-07-08
3167,富良野,970.5,1000.0,-9.79,北海道,北海道,7,2,5,0,0.2857,38.0,43.0,-5.0,2025-05-26,2026-06-25
3168,湖西,970.5,1000.0,-1.42,静岡,東海,10,3,7,0,0.3,38.0,51.0,-13.0,2025-04-19,2026-07-04
3169,佐世保工,970.42,1000.0,-0.81,長崎,九州,7,2,5,0,0.2857,20.0,27.0,-7.0,2025-03-25,2026-07-08
3170,福山誠之館,970.41,1000.0,-6.32,島根,中国,11,4,7,0,0.3636,54.0,95.0,-41.0,2025-04-19,2026-03-28
3171,座間,970.39,1000.0,4.44,神奈川,関東・東京,3,0,3,0,0.0,6.0,24.0,-18.0,2025-04-05,2026-07-09
3172,麻溝台,970.37,1000.0,4.44,神奈川,関東・東京,7,2,5,0,0.2857,22.0,47.0,-25.0,2025-04-05,2026-07-10
3173,能登・穴水,970.3,1000.0,6.19,石川,北信越,3,0,3,0,0.0,4.0,21.0,-17.0,2025-09-07,2026-07-09
3174,黒沢尻工,970.29,1000.0,3.8,宮城,東北,12,4,8,0,0.3333,47.0,69.0,-22.0,2025-05-16,2026-07-13
3175,川口,970.29,1000.0,-0.08,埼玉,関東・東京,7,2,5,0,0.2857,14.0,33.0,-19.0,2025-04-24,2026-07-10
3176,直方,970.29,1000.0,2.09,福岡,九州,8,3,5,0,0.375,23.0,60.0,-37.0,2025-03-21,2026-07-08
3177,新潟北・中条,970.26,1000.0,-5.27,新潟,北信越,2,0,2,0,0.0,1.0,21.0,-20.0,2025-04-27,2025-07-12
3178,旭野,970.25,1000.0,2.72,愛知,東海,12,4,8,0,0.3333,54.0,92.0,-38.0,2025-04-12,2026-07-05
3179,吹田,970.24,1000.0,8.38,大阪,近畿,6,1,5,0,0.1667,33.0,46.0,-13.0,2025-04-05,2026-07-17
3180,王子総合,970.22,1000.0,2.37,東京,関東・東京,7,2,5,0,0.2857,33.0,66.0,-33.0,2025-04-04,2026-07-15
3181,熊本西,970.21,1000.0,-4.28,熊本,九州,7,2,5,0,0.2857,26.0,33.0,-7.0,2025-03-23,2026-07-07
3182,小千谷,970.15,1000.0,-5.27,新潟,北信越,8,3,5,0,0.375,26.0,46.0,-20.0,2025-04-26,2026-07-09
3183,鳴尾,970.14,1000.0,0.49,兵庫,近畿,8,2,6,0,0.25,37.0,56.0,-19.0,2025-04-19,2026-07-08
3184,龍野北,970.14,1000.0,0.49,兵庫,近畿,8,2,6,0,0.25,23.0,31.0,-8.0,2025-04-19,2026-07-12
3185,安城東,970.13,1000.0,2.72,愛知,東海,13,5,8,0,0.3846,51.0,78.0,-27.0,2025-04-12,2026-06-28
3186,水海道二,970.11,1000.0,-1.03,茨城,関東・東京,9,3,6,0,0.3333,25.0,63.0,-38.0,2025-04-19,2026-07-14
3187,松本工,970.11,1000.0,-4.39,長野,北信越,8,2,6,0,0.25,37.0,39.0,-2.0,2025-05-10,2026-07-05
3188,大曲農,970.1,1000.0,0.62,岩手,東北,8,2,6,0,0.25,32.0,48.0,-16.0,2025-05-12,2026-07-13
3189,八尾翠翔,970.08,1000.0,8.38,大阪,近畿,8,2,6,0,0.25,40.0,65.0,-25.0,2025-04-06,2026-07-18
3190,和光,970.02,1000.0,2.37,東京,関東・東京,3,0,3,0,0.0,2.0,37.0,-35.0,2025-04-04,2026-07-10
3191,鹿本,970.01,1000.0,-4.28,熊本,九州,2,0,2,0,0.0,2.0,20.0,-18.0,2025-07-13,2026-07-07
3192,オイスカ浜松国際,969.95,1000.0,-1.42,静岡,東海,8,2,6,0,0.25,24.0,39.0,-15.0,2025-04-19,2026-07-12
3193,浦和商,969.91,1000.0,-0.08,埼玉,関東・東京,6,1,5,0,0.1667,15.0,62.0,-47.0,2025-04-24,2026-07-14
3194,一宮北,969.9,1000.0,2.72,愛知,東海,7,2,5,0,0.2857,27.0,53.0,-26.0,2025-04-12,2026-07-05
3195,坂出工業,969.89,1000.0,-4.3,徳島,四国,6,2,4,0,0.3333,24.0,49.0,-25.0,2025-03-20,2026-07-11
3196,延岡工,969.89,1000.0,-7.87,宮崎,九州,7,2,5,0,0.2857,20.0,28.0,-8.0,2025-03-24,2026-07-08
3197,種子島,969.88,1000.0,1.49,鹿児島,九州,5,1,4,0,0.2,17.0,30.0,-13.0,2025-07-12,2026-07-06
3198,徳風,969.85,1000.0,-4.97,三重,東海,2,0,2,0,0.0,0.0,29.0,-29.0,2025-07-06,2026-07-05
3199,農業,969.85,1000.0,2.37,東京,関東・東京,5,1,4,0,0.2,12.0,66.0,-54.0,2025-07-11,2026-07-10
3200,五所川原農林,969.84,1000.0,4.16,青森,東北,7,2,5,0,0.2857,41.0,67.0,-26.0,2025-05-09,2026-07-13
3201,麗澤,969.83,1000.0,0.63,千葉,関東・東京,6,1,5,0,0.1667,22.0,70.0,-48.0,2025-07-10,2026-07-15
3202,東灘,969.82,1000.0,0.49,兵庫,近畿,8,2,6,0,0.25,19.0,56.0,-37.0,2025-04-19,2026-07-13
3203,高畠,969.74,1000.0,-6.25,秋田,東北,2,0,2,0,0.0,1.0,19.0,-18.0,2025-05-11,2025-07-11
3204,藤岡北,969.74,1000.0,3.22,群馬,関東・東京,5,1,4,0,0.2,14.0,48.0,-34.0,2025-04-12,2026-07-07
3205,静岡大成,969.73,1000.0,-1.42,静岡,東海,8,2,6,0,0.25,24.0,50.0,-26.0,2025-04-19,2026-07-12
3206,函商奥尻,969.71,1000.0,-9.79,北海道,北海道,2,0,2,0,0.0,4.0,10.0,-6.0,2025-05-26,2025-05-26
3207,安芸,969.7,1000.0,3.76,高知,四国,7,2,5,0,0.2857,22.0,38.0,-16.0,2025-03-20,2026-07-12
3208,青翔・西和清陵・十津川・奈良南,969.7,1000.0,3.92,奈良,近畿,3,0,3,0,0.0,3.0,34.0,-31.0,2025-09-20,2026-07-14
3209,県西宮,969.69,1000.0,0.49,兵庫,近畿,8,2,6,0,0.25,34.0,47.0,-13.0,2025-04-19,2026-07-09
3210,八丈,969.67,1000.0,2.37,東京,関東・東京,7,2,5,0,0.2857,26.0,66.0,-40.0,2025-04-04,2026-07-10
3211,西宮南,969.66,1000.0,0.49,兵庫,近畿,7,2,5,0,0.2857,24.0,61.0,-37.0,2025-04-19,2026-07-09
3212,白岡,969.63,1000.0,-0.08,埼玉,関東・東京,6,1,5,0,0.1667,21.0,35.0,-14.0,2025-04-24,2026-07-12
3213,那覇国際,969.62,1000.0,1.73,沖縄,九州,3,0,3,0,0.0,5.0,19.0,-14.0,2025-09-21,2026-06-28
3214,札幌月寒,969.62,1000.0,-9.79,北海道,北海道,9,4,5,0,0.4444,39.0,74.0,-35.0,2025-05-26,2026-06-23
3215,天城,969.6,1000.0,-7.46,鳥取,中国,5,1,4,0,0.2,21.0,49.0,-28.0,2025-04-26,2026-04-11
3216,川棚,969.56,1000.0,-0.81,長崎,九州,7,2,5,0,0.2857,18.0,42.0,-24.0,2025-03-29,2026-07-18
3217,明石西,969.54,1000.0,0.49,兵庫,近畿,7,2,5,0,0.2857,30.0,53.0,-23.0,2025-04-19,2026-07-04
3218,上越,969.52,1000.0,-5.27,新潟,北信越,8,3,5,0,0.375,25.0,42.0,-17.0,2025-04-26,2026-07-15
3219,留萌,969.46,1000.0,-9.79,北海道,北海道,9,4,5,0,0.4444,42.0,89.0,-47.0,2025-05-26,2026-07-07
3220,長井工業・左沢,969.41,1000.0,-6.25,秋田,東北,2,0,2,0,0.0,5.0,22.0,-17.0,2025-05-11,2025-07-11
3221,中村,969.34,1000.0,3.76,高知,四国,20,7,13,0,0.35,73.0,90.0,-17.0,2025-03-20,2026-07-18
3222,名古屋国際,969.32,1000.0,2.72,愛知,東海,12,4,8,0,0.3333,56.0,78.0,-22.0,2025-04-12,2026-07-04
3223,中部農林,969.32,1000.0,1.73,沖縄,九州,3,0,3,0,0.0,8.0,30.0,-22.0,2025-06-21,2026-06-21
3224,県尼崎,969.3,1000.0,0.49,兵庫,近畿,7,2,5,0,0.2857,9.0,37.0,-28.0,2025-04-19,2026-07-11
3225,曽於,969.3,1000.0,1.49,鹿児島,九州,7,2,5,0,0.2857,14.0,40.0,-26.0,2025-03-20,2026-07-15
3226,篠ノ井,969.27,1000.0,-4.39,長野,北信越,18,7,11,0,0.3889,145.0,125.0,20.0,2025-05-10,2026-07-12
3227,武義,969.25,1000.0,-2.62,岐阜,東海,13,5,8,0,0.3846,80.0,87.0,-7.0,2025-04-12,2026-07-18
3228,札幌工業,969.24,1000.0,-9.79,北海道,北海道,5,1,4,0,0.2,19.0,29.0,-10.0,2025-05-26,2026-05-16
3229,高遠,969.23,1000.0,-4.39,長野,北信越,9,3,6,0,0.3333,34.0,91.0,-57.0,2025-05-10,2026-07-12
3230,遠野,969.2,1000.0,3.8,宮城,東北,14,5,9,0,0.3571,60.0,83.0,-23.0,2025-05-16,2026-07-16
3231,五條,969.19,1000.0,3.92,奈良,近畿,6,1,5,0,0.1667,21.0,54.0,-33.0,2025-04-12,2026-07-18
3232,甲西,969.19,1000.0,-0.81,滋賀,近畿,7,2,5,0,0.2857,30.0,56.0,-26.0,2025-04-19,2026-07-18
3233,神戸高塚,969.18,1000.0,0.49,兵庫,近畿,6,1,5,0,0.1667,26.0,51.0,-25.0,2025-04-19,2026-07-09
3234,慶應藤沢,969.1,1000.0,4.44,神奈川,関東・東京,5,1,4,0,0.2,12.0,42.0,-30.0,2025-07-12,2026-07-08
3235,佐渡総合,969.06,1000.0,-5.27,新潟,北信越,8,3,5,0,0.375,46.0,76.0,-30.0,2025-04-28,2026-07-16
3236,薬園台,969.05,1000.0,0.63,千葉,関東・東京,8,2,6,0,0.25,27.0,55.0,-28.0,2025-04-19,2026-07-10
3237,朝霞西,969.04,1000.0,-0.08,埼玉,関東・東京,6,1,5,0,0.1667,27.0,42.0,-15.0,2025-04-24,2026-07-09
3238,新宮・新翔,969.03,1000.0,0.99,和歌山,近畿,5,1,4,0,0.2,17.0,31.0,-14.0,2025-07-12,2026-07-21
3239,各務原,968.98,1000.0,-2.62,岐阜,東海,12,4,8,0,0.3333,42.0,61.0,-19.0,2025-04-12,2026-07-19
3240,石山,968.95,1000.0,-0.81,滋賀,近畿,7,2,5,0,0.2857,29.0,35.0,-6.0,2025-04-19,2026-07-12
3241,掛川工,968.93,1000.0,-1.42,静岡,東海,9,3,6,0,0.3333,34.0,56.0,-22.0,2025-04-19,2026-07-05
3242,新庄北,968.92,1000.0,-6.25,秋田,東北,5,1,4,0,0.2,18.0,43.0,-25.0,2025-05-09,2025-09-19
3243,弓削商船高専,968.9,1000.0,-7.48,愛媛,四国,2,0,2,0,0.0,6.0,24.0,-18.0,2025-03-20,2025-07-13
3244,明星学園,968.83,1000.0,2.37,東京,関東・東京,3,0,3,0,0.0,4.0,34.0,-30.0,2025-04-04,2026-07-12
3245,咲くやこの花,968.83,1000.0,8.38,大阪,近畿,5,1,4,0,0.2,12.0,69.0,-57.0,2025-04-05,2026-07-15
3246,福岡講倫館,968.81,1000.0,2.09,福岡,九州,5,1,4,0,0.2,10.0,39.0,-29.0,2025-03-21,2026-07-08
3247,産技高専,968.81,1000.0,2.37,東京,関東・東京,3,0,3,0,0.0,6.0,33.0,-27.0,2025-10-11,2026-07-10
3248,帝塚山,968.8,1000.0,3.92,奈良,近畿,7,2,5,0,0.2857,16.0,44.0,-28.0,2025-04-19,2026-07-16
3249,洲本実,968.77,1000.0,0.49,兵庫,近畿,8,2,6,0,0.25,27.0,45.0,-18.0,2025-04-19,2026-07-04
3250,阪南,968.76,1000.0,8.38,大阪,近畿,6,1,5,0,0.1667,12.0,49.0,-37.0,2025-04-20,2026-07-14
3251,日本橋,968.71,1000.0,2.37,東京,関東・東京,3,0,3,0,0.0,0.0,47.0,-47.0,2025-10-11,2026-07-07
3252,岐阜各務野,968.68,1000.0,-2.62,岐阜,東海,13,5,8,0,0.3846,61.0,82.0,-21.0,2025-04-12,2026-07-05
3253,中津,968.62,1000.0,-2.62,岐阜,東海,12,4,8,0,0.3333,53.0,45.0,8.0,2025-04-12,2026-07-05
3254,江差,968.57,1000.0,-9.79,北海道,北海道,2,0,2,0,0.0,0.0,8.0,-8.0,2025-05-26,2025-05-26
3255,一関高専,968.57,1000.0,3.8,宮城,東北,4,0,4,0,0.0,2.0,41.0,-39.0,2025-05-16,2026-04-25
3256,大分東明,968.56,1000.0,2.65,大分,九州,6,1,5,0,0.1667,20.0,27.0,-7.0,2025-03-27,2026-07-10
3257,千葉南,968.52,1000.0,0.63,千葉,関東・東京,8,2,6,0,0.25,16.0,81.0,-65.0,2025-04-19,2026-07-12
3258,花泉,968.52,1000.0,3.8,宮城,東北,12,3,9,0,0.25,30.0,76.0,-46.0,2025-05-16,2026-07-17
3259,西陵,968.5,1000.0,-0.81,長崎,九州,7,2,5,0,0.2857,22.0,43.0,-21.0,2025-03-29,2026-07-07
3260,飯野・福島,968.49,1000.0,-7.87,宮崎,九州,2,0,2,0,0.0,3.0,17.0,-14.0,2025-03-21,2025-07-06
3261,吉良,968.46,1000.0,2.72,愛知,東海,12,4,8,0,0.3333,37.0,72.0,-35.0,2025-04-12,2026-06-28
3262,上郡,968.44,1000.0,0.49,兵庫,近畿,9,2,7,0,0.2222,41.0,71.0,-30.0,2025-04-19,2026-07-12
3263,猶興館,968.34,1000.0,-0.81,長崎,九州,7,2,5,0,0.2857,22.0,49.0,-27.0,2025-03-29,2026-07-07
3264,伊豆中央,968.33,1000.0,-1.42,静岡,東海,6,1,5,0,0.1667,11.0,29.0,-18.0,2025-04-19,2026-07-11
3265,愛知総合工科,968.3,1000.0,2.72,愛知,東海,12,4,8,0,0.3333,51.0,81.0,-30.0,2025-04-12,2026-07-04
3266,篠山鳳鳴・氷上西,968.3,1000.0,0.49,兵庫,近畿,5,1,4,0,0.2,17.0,41.0,-24.0,2025-07-13,2026-07-04
3267,木本,968.3,1000.0,-4.97,三重,東海,3,0,3,0,0.0,3.0,25.0,-22.0,2025-04-12,2025-07-06
3268,新潟東,968.29,1000.0,-5.27,新潟,北信越,2,0,2,0,0.0,4.0,21.0,-17.0,2025-07-10,2026-07-11
3269,諫早東・口加・島原翔南・島原農,968.29,1000.0,-0.81,長崎,九州,3,0,3,0,0.0,8.0,23.0,-15.0,2025-03-25,2026-03-20
3270,東稜,968.23,1000.0,2.25,京都,近畿,16,6,10,0,0.375,81.0,100.0,-19.0,2025-03-23,2026-07-16
3271,上三川,968.21,1000.0,-2.36,栃木,関東・東京,7,2,5,0,0.2857,31.0,41.0,-10.0,2025-04-12,2026-07-10
3272,AOIKE,968.21,1000.0,-10.7,富山,北信越,2,0,2,0,0.0,1.0,15.0,-14.0,2026-04-25,2026-07-12
3273,中大杉並,968.19,1000.0,2.37,東京,関東・東京,6,1,5,0,0.1667,8.0,34.0,-26.0,2025-04-04,2026-07-10
3274,伊集院,968.17,1000.0,1.49,鹿児島,九州,6,1,5,0,0.1667,19.0,28.0,-9.0,2025-03-25,2026-07-14
3275,木更津高専,968.14,1000.0,0.63,千葉,関東・東京,6,1,5,0,0.1667,22.0,73.0,-51.0,2025-07-11,2026-07-14
3276,常磐,968.14,1000.0,3.22,群馬,関東・東京,16,6,10,0,0.375,44.0,86.0,-42.0,2025-03-20,2026-07-13
3277,本郷,968.06,1000.0,2.37,東京,関東・東京,6,1,5,0,0.1667,29.0,46.0,-17.0,2025-04-04,2026-07-12
3278,名古屋工業,968.06,1000.0,2.72,愛知,東海,12,4,8,0,0.3333,53.0,76.0,-23.0,2025-04-12,2026-07-04
3279,上野学園,968.02,1000.0,2.37,東京,関東・東京,6,1,5,0,0.1667,17.0,43.0,-26.0,2025-04-04,2026-07-12
3280,天竜,968.0,1000.0,-1.42,静岡,東海,8,2,6,0,0.25,38.0,42.0,-4.0,2025-04-19,2026-07-04
3281,神辺,967.98,1000.0,-6.32,島根,中国,3,0,3,0,0.0,15.0,32.0,-17.0,2026-03-21,2026-07-06
3282,愛西工科,967.96,1000.0,2.72,愛知,東海,10,3,7,0,0.3,80.0,100.0,-20.0,2025-04-12,2026-06-28
3283,普天間,967.92,1000.0,1.73,沖縄,九州,6,1,5,0,0.1667,26.0,29.0,-3.0,2025-03-22,2026-06-20
3284,徳山高専,967.91,1000.0,-1.06,山口,中国,7,2,5,0,0.2857,15.0,40.0,-25.0,2025-04-13,2026-07-19
3285,深沢,967.89,1000.0,2.37,東京,関東・東京,6,1,5,0,0.1667,28.0,59.0,-31.0,2025-04-04,2026-07-13
3286,札幌南,967.88,1000.0,-9.79,北海道,北海道,8,3,5,0,0.375,38.0,61.0,-23.0,2025-05-26,2026-06-26
3287,淑徳巣鴨,967.87,1000.0,2.37,東京,関東・東京,6,1,5,0,0.1667,31.0,48.0,-17.0,2025-04-04,2026-07-10
3288,出水商,967.83,1000.0,1.49,鹿児島,九州,7,2,5,0,0.2857,22.0,43.0,-21.0,2025-03-23,2026-07-06
3289,飯田,967.76,1000.0,-4.39,長野,北信越,18,7,11,0,0.3889,116.0,105.0,11.0,2025-04-20,2026-07-12
3290,小坂井,967.76,1000.0,2.72,愛知,東海,16,5,10,1,0.3125,90.0,111.0,-21.0,2025-04-12,2026-07-07
3291,香川高専高松,967.68,1000.0,-4.3,徳島,四国,7,2,5,0,0.2857,29.0,49.0,-20.0,2025-03-20,2026-07-12
3292,辰野,967.66,1000.0,-4.39,長野,北信越,9,3,6,0,0.3333,40.0,74.0,-34.0,2025-05-10,2026-07-12
3293,我孫子,967.64,1000.0,0.63,千葉,関東・東京,8,2,6,0,0.25,31.0,51.0,-20.0,2025-04-19,2026-07-09
3294,小倉南,967.6,1000.0,2.09,福岡,九州,7,2,5,0,0.2857,29.0,54.0,-25.0,2025-03-20,2026-07-10
3295,小金,967.58,1000.0,0.63,千葉,関東・東京,8,2,6,0,0.25,23.0,58.0,-35.0,2025-04-19,2026-07-13
3296,市伊丹,967.57,1000.0,0.49,兵庫,近畿,3,0,3,0,0.0,1.0,54.0,-53.0,2025-04-19,2026-07-09
3297,白石工,967.5,1000.0,-1.84,山形,東北,9,3,6,0,0.3333,47.0,57.0,-10.0,2025-05-16,2026-07-11
3298,富田,967.46,1000.0,-2.62,岐阜,東海,24,9,15,0,0.375,92.0,143.0,-51.0,2025-04-12,2026-07-11
3299,八戸東,967.46,1000.0,4.16,青森,東北,7,2,5,0,0.2857,34.0,64.0,-30.0,2025-05-09,2026-07-08
3300,出雲工,967.46,1000.0,5.45,広島,中国,6,1,5,0,0.1667,16.0,38.0,-22.0,2025-04-19,2026-07-15
3301,土佐塾,967.45,1000.0,3.76,高知,四国,6,1,5,0,0.1667,8.0,25.0,-17.0,2025-03-20,2026-07-19
3302,気仙沼向洋・南三陸・宮城水産,967.4,1000.0,-1.84,山形,東北,4,0,4,0,0.0,8.0,37.0,-29.0,2025-09-12,2026-04-29
3303,倉敷翠松,967.38,1000.0,-7.46,鳥取,中国,4,1,3,0,0.25,8.0,20.0,-12.0,2025-07-15,2026-07-14
3304,長総大附,967.37,1000.0,-0.81,長崎,九州,5,1,4,0,0.2,12.0,29.0,-17.0,2025-03-25,2026-03-26
3305,知立,967.35,1000.0,2.72,愛知,東海,11,3,8,0,0.2727,31.0,51.0,-20.0,2025-04-12,2026-07-11
3306,三井,967.35,1000.0,2.09,福岡,九州,7,2,5,0,0.2857,22.0,43.0,-21.0,2025-03-20,2026-07-09
3307,武生東,967.29,1000.0,1.72,福井,北信越,7,2,5,0,0.2857,23.0,50.0,-27.0,2025-04-20,2026-07-11
3308,千城台,967.26,1000.0,0.63,千葉,関東・東京,7,1,6,0,0.1429,23.0,46.0,-23.0,2025-04-19,2026-07-11
3309,田川科学技術・東鷹,967.22,1000.0,2.09,福岡,九州,3,0,3,0,0.0,8.0,30.0,-22.0,2025-03-20,2026-07-09
3310,敬徳,967.08,1000.0,-9.64,佐賀,九州,8,3,5,0,0.375,22.0,34.0,-12.0,2025-03-21,2026-07-09
3311,富士宮東,967.06,1000.0,-1.42,静岡,東海,6,1,5,0,0.1667,6.0,36.0,-30.0,2025-04-19,2026-07-11
3312,内子小田・上浮穴・済美平成,967.05,1000.0,-7.48,愛媛,四国,2,0,2,0,0.0,0.0,28.0,-28.0,2025-09-13,2026-07-12
3313,多治見,967.0,1000.0,-2.62,岐阜,東海,11,3,8,0,0.2727,31.0,61.0,-30.0,2025-04-12,2026-07-19
3314,若松・鞍手竜徳,966.98,1000.0,2.09,福岡,九州,3,0,3,0,0.0,12.0,26.0,-14.0,2025-09-07,2026-07-07
3315,印旛明誠,966.96,1000.0,0.63,千葉,関東・東京,7,1,6,0,0.1429,25.0,57.0,-32.0,2025-04-19,2026-07-14
3316,巨摩,966.96,1000.0,-0.05,山梨,関東・東京,6,1,5,0,0.1667,15.0,39.0,-24.0,2025-04-13,2026-07-12
3317,杏和,966.95,1000.0,2.72,愛知,東海,8,2,6,0,0.25,39.0,72.0,-33.0,2025-06-29,2026-07-04
3318,岡山白陵,966.95,1000.0,-7.46,鳥取,中国,2,0,2,0,0.0,1.0,17.0,-16.0,2025-07-13,2026-07-11
3319,真和,966.89,1000.0,-4.28,熊本,九州,7,2,5,0,0.2857,23.0,41.0,-18.0,2025-03-23,2026-07-07
3320,草加南,966.88,1000.0,-0.08,埼玉,関東・東京,6,1,5,0,0.1667,40.0,52.0,-12.0,2025-04-24,2026-07-10
3321,豊見城,966.85,1000.0,1.73,沖縄,九州,6,1,5,0,0.1667,18.0,28.0,-10.0,2025-03-21,2026-06-14
3322,益田,966.84,1000.0,5.45,広島,中国,6,1,5,0,0.1667,17.0,42.0,-25.0,2025-04-20,2026-07-13
3323,伊勢崎工,966.69,1000.0,3.22,群馬,関東・東京,6,1,5,0,0.1667,17.0,53.0,-36.0,2025-04-15,2026-07-11
3324,いちりつ,966.69,1000.0,8.38,大阪,近畿,6,1,5,0,0.1667,9.0,38.0,-29.0,2025-04-06,2026-07-12
3325,岩槻,966.69,1000.0,-0.08,埼玉,関東・東京,5,1,4,0,0.2,19.0,61.0,-42.0,2025-04-24,2026-07-11
3326,蓮田松韻,966.67,1000.0,-0.08,埼玉,関東・東京,6,1,5,0,0.1667,18.0,59.0,-41.0,2025-04-24,2026-07-14
3327,栄東,966.66,1000.0,-0.08,埼玉,関東・東京,6,1,5,0,0.1667,29.0,55.0,-26.0,2025-04-24,2026-07-12
3328,浜松北,966.63,1000.0,-1.42,静岡,東海,11,4,7,0,0.3636,33.0,81.0,-48.0,2025-04-19,2026-07-05
3329,高鍋農業・宮崎海洋・高千穂,966.61,1000.0,-7.87,宮崎,九州,2,0,2,0,0.0,4.0,29.0,-25.0,2025-09-15,2026-03-20
3330,北広島西,966.61,1000.0,-9.79,北海道,北海道,2,0,2,0,0.0,0.0,14.0,-14.0,2025-05-26,2025-05-26
3331,八代,966.6,1000.0,-4.28,熊本,九州,8,3,5,0,0.375,24.0,50.0,-26.0,2025-03-22,2026-07-14
3332,鳥取工業,966.59,1000.0,1.62,岡山,中国,5,1,4,0,0.2,9.0,37.0,-28.0,2025-04-20,2026-07-17
3333,松山中央,966.57,1000.0,-7.48,愛媛,四国,8,3,5,0,0.375,17.0,38.0,-21.0,2025-03-20,2026-07-11
3334,葛西工科,966.57,1000.0,2.37,東京,関東・東京,5,1,4,0,0.2,10.0,54.0,-44.0,2025-04-04,2026-07-11
3335,多古,966.56,1000.0,0.63,千葉,関東・東京,8,2,6,0,0.25,20.0,45.0,-25.0,2025-04-19,2026-07-11
3336,大分国際情報,966.53,1000.0,2.65,大分,九州,6,1,5,0,0.1667,15.0,34.0,-19.0,2025-03-23,2026-07-08
3337,豊田南,966.52,1000.0,2.72,愛知,東海,11,3,8,0,0.2727,53.0,74.0,-21.0,2025-04-12,2026-07-11
3338,高松西,966.5,1000.0,-4.3,徳島,四国,7,2,5,0,0.2857,21.0,30.0,-9.0,2025-03-20,2026-07-14
3339,高鍋農,966.48,1000.0,-7.87,宮崎,九州,2,0,2,0,0.0,0.0,19.0,-19.0,2025-07-08,2026-07-06
3340,東総工業,966.44,1000.0,0.63,千葉,関東・東京,8,2,6,0,0.25,33.0,50.0,-17.0,2025-04-19,2026-07-11
3341,伊豆伊東,966.41,1000.0,-1.42,静岡,東海,10,3,7,0,0.3,33.0,52.0,-19.0,2025-04-19,2026-07-05
3342,北条・西条農・土居,966.34,1000.0,-7.48,愛媛,四国,2,0,2,0,0.0,0.0,20.0,-20.0,2025-09-15,2026-07-12
3343,小樽潮陵,966.32,1000.0,-9.79,北海道,北海道,5,1,4,0,0.2,15.0,36.0,-21.0,2025-05-26,2026-06-27
3344,市川工業,966.31,1000.0,0.63,千葉,関東・東京,7,1,6,0,0.1429,41.0,73.0,-32.0,2025-04-19,2026-07-10
3345,岐阜農林,966.31,1000.0,-2.62,岐阜,東海,13,4,9,0,0.3077,53.0,58.0,-5.0,2025-04-12,2026-07-19
3346,福崎・夢前・播磨福崎,966.3,1000.0,0.49,兵庫,近畿,4,0,4,0,0.0,15.0,36.0,-21.0,2025-09-13,2026-07-10
3347,一宮,966.22,1000.0,2.72,愛知,東海,20,8,12,0,0.4,98.0,126.0,-28.0,2025-04-12,2026-07-07
3348,春日井西,966.22,1000.0,2.72,愛知,東海,8,2,6,0,0.25,33.0,81.0,-48.0,2025-06-28,2026-07-07
3349,小林,966.21,1000.0,-7.87,宮崎,九州,7,2,5,0,0.2857,22.0,29.0,-7.0,2025-03-21,2026-07-10
3350,呉羽・富山南・富山西,966.2,1000.0,-10.7,富山,北信越,2,0,2,0,0.0,0.0,19.0,-19.0,2025-07-13,2026-04-19
3351,越谷総合技術,966.2,1000.0,-0.08,埼玉,関東・東京,3,0,3,0,0.0,2.0,36.0,-34.0,2025-07-10,2026-07-09
3352,大宮光陵,966.19,1000.0,-0.08,埼玉,関東・東京,7,2,5,0,0.2857,33.0,86.0,-53.0,2025-04-24,2026-07-10
3353,高梁,966.17,1000.0,-7.46,鳥取,中国,9,3,6,0,0.3333,33.0,55.0,-22.0,2025-04-26,2026-07-15
3354,尼崎稲園,966.17,1000.0,0.49,兵庫,近畿,6,1,5,0,0.1667,18.0,41.0,-23.0,2025-04-19,2026-07-12
3355,斜里・津別,966.16,1000.0,-9.79,北海道,北海道,2,0,2,0,0.0,0.0,36.0,-36.0,2025-05-26,2025-05-26
3356,船橋啓明,966.15,1000.0,0.63,千葉,関東・東京,9,3,6,0,0.3333,35.0,74.0,-39.0,2025-04-19,2026-07-09
3357,東温,966.13,1000.0,-7.48,愛媛,四国,7,2,5,0,0.2857,23.0,31.0,-8.0,2025-03-20,2026-07-16
3358,聖光,966.08,1000.0,-1.06,山口,中国,7,2,5,0,0.2857,15.0,34.0,-19.0,2025-04-12,2026-07-19
3359,沖永良部,966.06,1000.0,1.49,鹿児島,九州,3,0,3,0,0.0,5.0,28.0,-23.0,2025-03-22,2026-07-05
3360,臼杵,966.03,1000.0,2.65,大分,九州,7,2,5,0,0.2857,22.0,50.0,-28.0,2025-03-28,2026-07-07
3361,森・八雲,966.0,1000.0,-9.79,北海道,北海道,2,0,2,0,0.0,0.0,38.0,-38.0,2025-05-26,2025-05-26
3362,厳木,965.99,1000.0,-9.64,佐賀,九州,2,0,2,0,0.0,1.0,22.0,-21.0,2025-07-07,2026-07-12
3363,南宇和,965.98,1000.0,-7.48,愛媛,四国,3,0,3,0,0.0,12.0,31.0,-19.0,2025-03-21,2026-07-13
3364,函館西,965.93,1000.0,-9.79,北海道,北海道,7,2,5,0,0.2857,19.0,33.0,-14.0,2025-05-26,2026-06-25
3365,杉戸農業,965.92,1000.0,-0.08,埼玉,関東・東京,3,0,3,0,0.0,1.0,37.0,-36.0,2025-07-13,2026-07-11
3366,長野吉田,965.87,1000.0,-4.39,長野,北信越,7,2,5,0,0.2857,22.0,42.0,-20.0,2025-05-10,2026-07-07
3367,勝田工,965.79,1000.0,-1.03,茨城,関東・東京,8,2,6,0,0.25,28.0,61.0,-33.0,2025-04-19,2026-07-14
3368,麻生,965.77,1000.0,4.44,神奈川,関東・東京,4,0,4,0,0.0,6.0,24.0,-18.0,2025-04-19,2026-07-08
3369,桐生工,965.76,1000.0,3.22,群馬,関東・東京,6,1,5,0,0.1667,16.0,33.0,-17.0,2025-04-15,2026-07-08
3370,札幌丘珠,965.74,1000.0,-9.79,北海道,北海道,7,2,5,0,0.2857,34.0,39.0,-5.0,2025-05-26,2026-06-28
3371,魚津工,965.6,1000.0,-10.7,富山,北信越,2,0,2,0,0.0,1.0,17.0,-16.0,2025-04-20,2025-07-13
3372,高専.商・標・厚翔・霧,965.6,1000.0,-9.79,北海道,北海道,2,0,2,0,0.0,2.0,24.0,-22.0,2025-05-26,2025-05-26
3373,須坂創成,965.59,1000.0,-4.39,長野,北信越,11,4,7,0,0.3636,48.0,79.0,-31.0,2025-05-10,2026-07-05
3374,鶴岡中央,965.57,1000.0,-6.25,秋田,東北,9,3,6,0,0.3333,36.0,67.0,-31.0,2025-05-09,2026-07-14
3375,連合,965.5,1000.0,-9.79,北海道,北海道,2,0,2,0,0.0,0.0,20.0,-20.0,2025-05-26,2025-05-26
3376,宇都宮北,965.5,1000.0,-2.36,栃木,関東・東京,7,2,5,0,0.2857,20.0,42.0,-22.0,2025-04-14,2026-07-14
3377,樟南二,965.46,1000.0,1.49,鹿児島,九州,3,0,3,0,0.0,7.0,28.0,-21.0,2025-07-07,2026-07-10
3378,西京,965.44,1000.0,-1.06,山口,中国,16,6,10,0,0.375,65.0,79.0,-14.0,2025-04-19,2026-07-13
3379,石川,965.36,1000.0,1.73,沖縄,九州,7,2,5,0,0.2857,23.0,62.0,-39.0,2025-03-22,2026-06-23
3380,安城農林,965.33,1000.0,2.72,愛知,東海,12,4,8,0,0.3333,64.0,115.0,-51.0,2025-04-12,2026-07-05
3381,長岡工,965.3,1000.0,-5.27,新潟,北信越,7,2,5,0,0.2857,33.0,43.0,-10.0,2025-04-26,2026-07-14
3382,京都廣学館,965.28,1000.0,2.25,京都,近畿,6,1,5,0,0.1667,22.0,38.0,-16.0,2025-04-20,2026-07-10
3383,筑豊,965.28,1000.0,2.09,福岡,九州,3,0,3,0,0.0,2.0,24.0,-22.0,2025-07-06,2026-07-07
3384,古河一,965.25,1000.0,-1.03,茨城,関東・東京,10,4,6,0,0.4,35.0,78.0,-43.0,2025-04-19,2026-07-05
3385,松島,965.25,1000.0,-1.84,山形,東北,12,4,8,0,0.3333,41.0,86.0,-45.0,2025-05-16,2026-07-11
3386,櫻美学園,965.17,1000.0,-7.87,宮崎,九州,3,0,3,0,0.0,6.0,15.0,-9.0,2025-09-17,2026-07-08
3387,京葉工業,965.13,1000.0,0.63,千葉,関東・東京,8,2,6,0,0.25,31.0,75.0,-44.0,2025-04-19,2026-07-13
3388,一関修紅,965.12,1000.0,3.8,宮城,東北,16,6,10,0,0.375,78.0,93.0,-15.0,2025-05-16,2026-07-13
3389,慶成,965.08,1000.0,2.09,福岡,九州,6,1,5,0,0.1667,24.0,41.0,-17.0,2025-03-20,2026-07-12
3390,宇土,965.04,1000.0,-4.28,熊本,九州,7,2,5,0,0.2857,18.0,53.0,-35.0,2025-03-26,2026-07-13
3391,静岡西,965.03,1000.0,-1.42,静岡,東海,6,1,5,0,0.1667,16.0,43.0,-27.0,2025-04-19,2026-07-12
3392,志木,965.03,1000.0,-0.08,埼玉,関東・東京,4,0,4,0,0.0,28.0,44.0,-16.0,2025-04-24,2026-07-09
3393,日本ウェルネス長野,964.98,1000.0,-4.39,長野,北信越,12,4,8,0,0.3333,55.0,66.0,-11.0,2025-05-10,2026-07-06
3394,名護商工,964.92,1000.0,1.73,沖縄,九州,5,1,4,0,0.2,13.0,55.0,-42.0,2025-06-22,2026-06-21
3395,大館桂桜,964.89,1000.0,0.62,岩手,東北,9,3,6,0,0.3333,31.0,54.0,-23.0,2025-05-12,2026-07-09
3396,宝塚西,964.89,1000.0,0.49,兵庫,近畿,7,1,6,0,0.1429,15.0,29.0,-14.0,2025-04-19,2026-07-12
3397,市来農芸,964.89,1000.0,1.49,鹿児島,九州,3,0,3,0,0.0,1.0,48.0,-47.0,2025-07-09,2026-07-11
3398,城陽,964.89,1000.0,2.25,京都,近畿,6,1,5,0,0.1667,20.0,47.0,-27.0,2025-04-20,2026-07-12
3399,阿南高専,964.86,1000.0,-0.82,香川,四国,7,2,5,0,0.2857,13.0,43.0,-30.0,2025-03-23,2026-07-18
3400,鹿追・清水・広尾・更別農業,964.84,1000.0,-9.79,北海道,北海道,2,0,2,0,0.0,0.0,38.0,-38.0,2025-05-26,2025-05-26
3401,因島,964.79,1000.0,-6.32,島根,中国,3,0,3,0,0.0,4.0,42.0,-38.0,2025-04-19,2025-07-13
3402,致遠館,964.75,1000.0,-9.64,佐賀,九州,6,2,4,0,0.3333,9.0,35.0,-26.0,2025-03-20,2026-07-11
3403,因島・松永,964.74,1000.0,-6.32,島根,中国,7,2,5,0,0.2857,32.0,72.0,-40.0,2025-09-20,2026-07-12
3404,徳島市立,964.64,1000.0,-0.82,香川,四国,6,1,5,0,0.1667,13.0,26.0,-13.0,2025-03-20,2026-07-12
3405,西原,964.63,1000.0,1.73,沖縄,九州,6,1,5,0,0.1667,22.0,37.0,-15.0,2025-03-20,2026-06-20
3406,笠岡工,964.62,1000.0,-7.46,鳥取,中国,4,0,4,0,0.0,13.0,31.0,-18.0,2025-04-26,2026-04-11
3407,小山高専,964.6,1000.0,-2.36,栃木,関東・東京,5,1,4,0,0.2,19.0,46.0,-27.0,2025-07-12,2026-07-12
3408,大教大天王寺,964.57,1000.0,8.38,大阪,近畿,4,0,4,0,0.0,6.0,46.0,-40.0,2025-04-06,2026-07-12
3409,吉川・三木北・多可,964.57,1000.0,0.49,兵庫,近畿,4,0,4,0,0.0,14.0,42.0,-28.0,2025-09-13,2026-07-10
3410,所沢商業,964.54,1000.0,-0.08,埼玉,関東・東京,6,1,5,0,0.1667,10.0,62.0,-52.0,2025-04-24,2026-07-11
3411,甲府一,964.54,1000.0,-0.05,山梨,関東・東京,7,2,5,0,0.2857,21.0,46.0,-25.0,2025-04-12,2026-07-09
3412,茂木,964.49,1000.0,-2.36,栃木,関東・東京,7,2,5,0,0.2857,34.0,37.0,-3.0,2025-04-13,2026-07-12
3413,藤井寺,964.49,1000.0,8.38,大阪,近畿,4,0,4,0,0.0,0.0,42.0,-42.0,2025-07-13,2026-07-11
3414,越谷東,964.48,1000.0,-0.08,埼玉,関東・東京,6,1,5,0,0.1667,17.0,49.0,-32.0,2025-04-24,2026-07-15
3415,進修館,964.47,1000.0,-0.08,埼玉,関東・東京,4,0,4,0,0.0,8.0,34.0,-26.0,2025-04-24,2026-07-11
3416,松山南,964.45,1000.0,-7.48,愛媛,四国,7,2,5,0,0.2857,28.0,46.0,-18.0,2025-03-22,2026-07-11
3417,南部,964.38,1000.0,0.99,和歌山,近畿,5,1,4,0,0.2,18.0,41.0,-23.0,2025-07-16,2026-07-11
3418,唐津東,964.36,1000.0,-9.64,佐賀,九州,7,2,5,0,0.2857,19.0,37.0,-18.0,2025-03-21,2026-07-08
3419,高専熊本・菊池農業,964.32,1000.0,-4.28,熊本,九州,3,0,3,0,0.0,5.0,23.0,-18.0,2025-09-17,2026-07-09
3420,釧路高専,964.3,1000.0,-9.79,北海道,北海道,2,0,2,0,0.0,2.0,25.0,-23.0,2026-05-12,2026-06-28
3421,土気,964.25,1000.0,0.63,千葉,関東・東京,8,2,6,0,0.25,29.0,74.0,-45.0,2025-04-19,2026-07-10
3422,高松中央,964.19,1000.0,-4.3,徳島,四国,6,1,5,0,0.1667,26.0,28.0,-2.0,2025-03-22,2026-07-12
3423,並木学院,964.19,1000.0,-6.32,島根,中国,5,1,4,0,0.2,18.0,44.0,-26.0,2025-07-07,2026-07-07
3424,諏訪二葉,964.17,1000.0,-4.39,長野,北信越,8,2,6,0,0.25,51.0,85.0,-34.0,2025-05-10,2026-07-08
3425,須坂,964.16,1000.0,-4.39,長野,北信越,6,1,5,0,0.1667,19.0,38.0,-19.0,2025-07-06,2026-07-12
3426,安房拓心,964.16,1000.0,0.63,千葉,関東・東京,8,2,6,0,0.25,44.0,58.0,-14.0,2025-04-19,2026-07-10
3427,井草・大泉・松蔭大松蔭・杉並工科,964.15,1000.0,2.37,東京,関東・東京,4,0,4,0,0.0,0.0,56.0,-56.0,2025-04-04,2026-07-11
3428,大阪国際,964.11,1000.0,8.38,大阪,近畿,6,1,5,0,0.1667,28.0,58.0,-30.0,2025-04-05,2026-07-13
3429,和歌山北,964.11,1000.0,0.99,和歌山,近畿,6,1,5,0,0.1667,15.0,27.0,-12.0,2025-04-19,2026-07-15
3430,金沢北陵,964.09,1000.0,6.19,石川,北信越,6,1,5,0,0.1667,10.0,36.0,-26.0,2025-04-26,2026-07-15
3431,府中,964.08,1000.0,-6.32,島根,中国,11,3,8,0,0.2727,48.0,72.0,-24.0,2025-04-19,2026-07-11
3432,札幌北陵,964.08,1000.0,-9.79,北海道,北海道,7,2,5,0,0.2857,27.0,45.0,-18.0,2025-05-26,2026-06-28
3433,鵬学園,964.05,1000.0,6.19,石川,北信越,6,1,5,0,0.1667,12.0,47.0,-35.0,2025-04-27,2026-07-11
3434,田名部,964.05,1000.0,4.16,青森,東北,6,1,5,0,0.1667,24.0,51.0,-27.0,2025-05-12,2026-07-14
3435,豊橋商,964.05,1000.0,2.72,愛知,東海,11,3,8,0,0.2727,34.0,64.0,-30.0,2025-04-12,2026-07-08
3436,泉大津,963.96,1000.0,8.38,大阪,近畿,6,1,5,0,0.1667,13.0,59.0,-46.0,2025-04-20,2026-07-12
3437,高志,963.95,1000.0,1.72,福井,北信越,6,1,5,0,0.1667,40.0,40.0,0.0,2025-04-19,2026-07-11
3438,守口東,963.94,1000.0,8.38,大阪,近畿,6,1,5,0,0.1667,8.0,56.0,-48.0,2025-04-05,2026-07-14
3439,鳥栖商,963.88,1000.0,-9.64,佐賀,九州,7,2,5,0,0.2857,17.0,31.0,-14.0,2025-03-20,2026-07-18
3440,志布志・串良商業,963.85,1000.0,1.49,鹿児島,九州,3,0,3,0,0.0,6.0,41.0,-35.0,2025-09-19,2026-07-05
3441,駒込,963.84,1000.0,2.37,東京,関東・東京,6,1,5,0,0.1667,33.0,53.0,-20.0,2025-04-04,2026-07-12
3442,追浜,963.78,1000.0,4.44,神奈川,関東・東京,4,0,4,0,0.0,5.0,27.0,-22.0,2025-07-09,2026-07-07
3443,佐久平総合技術,963.77,1000.0,-4.39,長野,北信越,12,4,8,0,0.3333,45.0,72.0,-27.0,2025-05-10,2026-07-11
3444,地球環境,963.76,1000.0,-4.39,長野,北信越,8,2,6,0,0.25,30.0,44.0,-14.0,2025-05-10,2026-07-06
3445,富谷,963.74,1000.0,-1.84,山形,東北,12,5,7,0,0.4167,34.0,71.0,-37.0,2025-05-16,2026-07-13
3446,高砂南,963.74,1000.0,0.49,兵庫,近畿,8,2,6,0,0.25,28.0,47.0,-19.0,2025-04-19,2026-07-11
3447,苫小牧西・えりも・富川,963.73,1000.0,-9.79,北海道,北海道,5,1,4,0,0.2,25.0,38.0,-13.0,2025-05-26,2026-05-11
3448,水戸一,963.67,1000.0,-1.03,茨城,関東・東京,8,2,6,0,0.25,34.0,37.0,-3.0,2025-04-19,2026-07-10
3449,四日市工,963.63,1000.0,-4.97,三重,東海,13,5,8,0,0.3846,53.0,72.0,-19.0,2025-04-12,2026-07-04
3450,淡路,963.6,1000.0,0.49,兵庫,近畿,8,2,6,0,0.25,24.0,65.0,-41.0,2025-04-19,2026-07-09
3451,光明相模原,963.59,1000.0,4.44,神奈川,関東・東京,6,1,5,0,0.1667,12.0,31.0,-19.0,2025-04-06,2026-07-08
3452,徳山,963.56,1000.0,-1.06,山口,中国,6,1,5,0,0.1667,24.0,28.0,-4.0,2025-04-12,2026-07-18
3453,町田工科,963.55,1000.0,2.37,東京,関東・東京,6,1,5,0,0.1667,27.0,88.0,-61.0,2025-04-04,2026-07-07
3454,水俣,963.54,1000.0,-4.28,熊本,九州,7,2,5,0,0.2857,22.0,55.0,-33.0,2025-03-23,2026-07-11
3455,朱雀,963.52,1000.0,2.25,京都,近畿,3,0,3,0,0.0,5.0,47.0,-42.0,2025-08-23,2026-07-11
3456,津田沼,963.49,1000.0,0.63,千葉,関東・東京,6,1,5,0,0.1667,29.0,68.0,-39.0,2025-07-11,2026-07-10
3457,明桜館,963.45,1000.0,1.49,鹿児島,九州,3,0,3,0,0.0,2.0,32.0,-30.0,2025-07-05,2026-07-08
3458,出雲北陵,963.43,1000.0,5.45,広島,中国,6,1,5,0,0.1667,16.0,35.0,-19.0,2025-04-18,2026-07-14
3459,白陵,963.42,1000.0,0.49,兵庫,近畿,10,3,7,0,0.3,29.0,78.0,-49.0,2025-04-19,2026-07-13
3460,人吉,963.4,1000.0,-4.28,熊本,九州,7,2,5,0,0.2857,24.0,53.0,-29.0,2025-03-24,2026-07-08
3461,延岡商,963.37,1000.0,-7.87,宮崎,九州,7,2,5,0,0.2857,24.0,34.0,-10.0,2025-03-20,2026-07-09
3462,長岡向陵,963.29,1000.0,-5.27,新潟,北信越,7,2,5,0,0.2857,22.0,39.0,-17.0,2025-04-27,2026-07-10
3463,江南,963.29,1000.0,2.72,愛知,東海,12,4,8,0,0.3333,50.0,92.0,-42.0,2025-04-12,2026-06-28
3464,島田,963.26,1000.0,-1.42,静岡,東海,8,2,6,0,0.25,24.0,76.0,-52.0,2025-04-19,2026-07-11
3465,岐山,963.23,1000.0,-2.62,岐阜,東海,10,3,7,0,0.3,31.0,51.0,-20.0,2025-04-12,2026-07-12
3466,盛岡農,963.23,1000.0,3.8,宮城,東北,10,2,8,0,0.2,34.0,76.0,-42.0,2025-05-16,2026-07-14
3467,可部,963.19,1000.0,-6.32,島根,中国,15,6,9,0,0.4,74.0,100.0,-26.0,2025-04-19,2026-07-05
3468,宮代,963.19,1000.0,-0.08,埼玉,関東・東京,6,1,5,0,0.1667,18.0,43.0,-25.0,2025-04-24,2026-07-12
3469,明誠,963.18,1000.0,5.45,広島,中国,12,3,9,0,0.25,77.0,52.0,25.0,2025-04-19,2026-07-13
3470,由利,963.17,1000.0,0.62,岩手,東北,8,2,6,0,0.25,22.0,45.0,-23.0,2025-05-12,2026-07-09
3471,玉川,963.17,1000.0,-0.81,滋賀,近畿,7,2,5,0,0.2857,24.0,56.0,-32.0,2025-04-26,2026-07-08
3472,情報科学,963.13,1000.0,2.65,大分,九州,14,5,9,0,0.3571,40.0,73.0,-33.0,2025-03-26,2026-07-16
3473,永山,963.13,1000.0,2.37,東京,関東・東京,6,1,5,0,0.1667,25.0,56.0,-31.0,2025-04-04,2026-07-12
3474,高岡南,963.11,1000.0,-10.7,富山,北信越,7,2,5,0,0.2857,25.0,47.0,-22.0,2025-04-26,2026-07-12
3475,北本,963.05,1000.0,-0.08,埼玉,関東・東京,6,1,5,0,0.1667,22.0,45.0,-23.0,2025-04-24,2026-07-12
3476,東金,963.01,1000.0,0.63,千葉,関東・東京,6,1,5,0,0.1667,27.0,80.0,-53.0,2025-07-11,2026-07-13
3477,鹿屋工,962.95,1000.0,1.49,鹿児島,九州,6,1,5,0,0.1667,22.0,45.0,-23.0,2025-03-24,2026-07-04
3478,洛東,962.94,1000.0,2.25,京都,近畿,6,1,5,0,0.1667,16.0,41.0,-25.0,2025-04-19,2026-07-12
3479,大間々,962.93,1000.0,3.22,群馬,関東・東京,6,1,5,0,0.1667,28.0,48.0,-20.0,2025-04-15,2026-07-07
3480,富山工,962.89,1000.0,-10.7,富山,北信越,7,2,5,0,0.2857,25.0,32.0,-7.0,2025-04-20,2026-07-11
3481,京都産大付,962.87,1000.0,2.25,京都,近畿,6,1,5,0,0.1667,16.0,47.0,-31.0,2025-04-19,2026-07-11
3482,清流館,962.81,1000.0,-1.42,静岡,東海,5,0,5,0,0.0,16.0,31.0,-15.0,2025-04-19,2026-07-04
3483,小川工,962.8,1000.0,-4.28,熊本,九州,7,2,5,0,0.2857,25.0,41.0,-16.0,2025-03-22,2026-07-09
3484,浦安,962.77,1000.0,0.63,千葉,関東・東京,6,1,5,0,0.1667,19.0,50.0,-31.0,2025-07-12,2026-07-10
3485,太田,962.76,1000.0,3.22,群馬,関東・東京,6,1,5,0,0.1667,14.0,37.0,-23.0,2025-04-15,2026-07-08
3486,浜松湖南,962.74,1000.0,-1.42,静岡,東海,6,1,5,0,0.1667,10.0,48.0,-38.0,2025-04-19,2026-07-04
3487,笠田,962.73,1000.0,-4.3,徳島,四国,5,1,4,0,0.2,11.0,44.0,-33.0,2025-03-23,2026-07-16
3488,佐賀西,962.72,1000.0,-9.64,佐賀,九州,8,3,5,0,0.375,16.0,40.0,-24.0,2025-03-22,2026-07-07
3489,いずみ,962.68,1000.0,-0.08,埼玉,関東・東京,6,1,5,0,0.1667,17.0,46.0,-29.0,2025-04-24,2026-07-09
3490,小山,962.6,1000.0,-2.36,栃木,関東・東京,17,6,11,0,0.3529,81.0,100.0,-19.0,2025-04-13,2026-07-14
3491,広,962.54,1000.0,-6.32,島根,中国,6,1,5,0,0.1667,33.0,67.0,-34.0,2025-04-19,2026-07-12
3492,下松,962.51,1000.0,-1.06,山口,中国,6,1,5,0,0.1667,27.0,33.0,-6.0,2025-04-13,2026-07-11
3493,波崎,962.38,1000.0,-1.03,茨城,関東・東京,8,2,6,0,0.25,31.0,43.0,-12.0,2025-04-19,2026-07-05
3494,明石北,962.35,1000.0,0.49,兵庫,近畿,7,1,6,0,0.1429,9.0,34.0,-25.0,2025-04-19,2026-07-12
3495,脇町,962.31,1000.0,-0.82,香川,四国,7,2,5,0,0.2857,39.0,66.0,-27.0,2025-03-22,2026-07-13
3496,熊谷農,962.3,1000.0,-0.08,埼玉,関東・東京,4,0,4,0,0.0,6.0,35.0,-29.0,2025-04-24,2026-07-10
3497,湯沢,962.27,1000.0,0.62,岩手,東北,7,1,6,0,0.1429,26.0,50.0,-24.0,2025-05-13,2026-07-13
3498,牛久栄進,962.27,1000.0,-1.03,茨城,関東・東京,8,2,6,0,0.25,25.0,51.0,-26.0,2025-04-19,2026-07-05
3499,韮崎,962.26,1000.0,-0.05,山梨,関東・東京,4,0,4,0,0.0,8.0,36.0,-28.0,2025-07-10,2026-07-06
3500,八千代東,962.25,1000.0,0.63,千葉,関東・東京,7,1,6,0,0.1429,27.0,57.0,-30.0,2025-04-19,2026-07-10
3501,清真学園,962.25,1000.0,-1.03,茨城,関東・東京,8,2,6,0,0.25,25.0,63.0,-38.0,2025-04-19,2026-07-06
3502,焼津中央,962.16,1000.0,-1.42,静岡,東海,12,4,8,0,0.3333,20.0,42.0,-22.0,2025-04-19,2026-07-05
3503,下関北,962.13,1000.0,-1.06,山口,中国,5,1,4,0,0.2,10.0,40.0,-30.0,2025-07-13,2026-07-11
3504,上越総合技術,962.12,1000.0,-5.27,新潟,北信越,6,1,5,0,0.1667,21.0,27.0,-6.0,2025-04-28,2026-07-14
3505,小杉,962.09,1000.0,-10.7,富山,北信越,8,3,5,0,0.375,22.0,50.0,-28.0,2025-04-26,2026-07-12
3506,尾瀬,962.07,1000.0,3.22,群馬,関東・東京,3,0,3,0,0.0,2.0,52.0,-50.0,2025-09-06,2026-07-05
3507,峰山,962.05,1000.0,2.25,京都,近畿,6,1,5,0,0.1667,15.0,44.0,-29.0,2025-04-19,2026-07-13
3508,都留,962.04,1000.0,-0.05,山梨,関東・東京,7,2,5,0,0.2857,20.0,58.0,-38.0,2025-04-20,2026-07-09
3509,岩槻商,962.03,1000.0,-0.08,埼玉,関東・東京,6,1,5,0,0.1667,23.0,66.0,-43.0,2025-04-24,2026-07-10
3510,浜田商,961.95,1000.0,5.45,広島,中国,4,0,4,0,0.0,4.0,33.0,-29.0,2025-04-18,2026-07-12
3511,白山,961.94,1000.0,-4.97,三重,東海,15,5,10,0,0.3333,91.0,95.0,-4.0,2025-04-12,2026-07-11
3512,札幌真栄,961.94,1000.0,-9.79,北海道,北海道,7,2,5,0,0.2857,17.0,46.0,-29.0,2025-05-26,2026-07-08
3513,岩瀬農業,961.92,1000.0,-1.38,福島,東北,7,1,6,0,0.1429,23.0,54.0,-31.0,2025-05-16,2026-05-03
3514,玉名,961.9,1000.0,-4.28,熊本,九州,5,1,4,0,0.2,15.0,48.0,-33.0,2025-07-07,2026-07-11
3515,南部工,961.87,1000.0,1.73,沖縄,九州,4,0,4,0,0.0,3.0,24.0,-21.0,2025-06-21,2026-06-21
3516,久米島,961.85,1000.0,1.73,沖縄,九州,6,1,5,0,0.1667,16.0,40.0,-24.0,2025-03-22,2026-06-14
3517,木津,961.78,1000.0,2.25,京都,近畿,7,2,5,0,0.2857,33.0,58.0,-25.0,2025-04-20,2026-07-07
3518,吾妻中央,961.77,1000.0,3.22,群馬,関東・東京,6,1,5,0,0.1667,33.0,54.0,-21.0,2025-04-15,2026-07-05
3519,昭和秀英,961.71,1000.0,0.63,千葉,関東・東京,7,1,6,0,0.1429,15.0,72.0,-57.0,2025-04-19,2026-07-15
3520,神戸高専,961.71,1000.0,0.49,兵庫,近畿,7,1,6,0,0.1429,9.0,76.0,-67.0,2025-04-19,2026-07-14
3521,松山工,961.68,1000.0,-7.48,愛媛,四国,7,2,5,0,0.2857,25.0,51.0,-26.0,2025-03-20,2026-07-12
3522,洛南,961.65,1000.0,2.25,京都,近畿,6,1,5,0,0.1667,12.0,48.0,-36.0,2025-04-19,2026-07-09
3523,高知高専,961.65,1000.0,3.76,高知,四国,6,1,5,0,0.1667,23.0,72.0,-49.0,2025-03-21,2026-07-18
3524,邑久瀬戸,961.62,1000.0,-7.46,鳥取,中国,4,0,4,0,0.0,7.0,46.0,-39.0,2025-09-20,2026-04-11
3525,豊橋南,961.6,1000.0,2.72,愛知,東海,17,6,11,0,0.3529,75.0,137.0,-62.0,2025-04-12,2026-07-11
3526,播磨南,961.6,1000.0,0.49,兵庫,近畿,4,0,4,0,0.0,3.0,31.0,-28.0,2025-07-05,2026-07-04
3527,日野,961.57,1000.0,2.37,東京,関東・東京,23,9,14,0,0.3913,98.0,145.0,-47.0,2025-04-04,2026-07-13
3528,伊達開来,961.5,1000.0,-9.79,北海道,北海道,7,2,5,0,0.2857,31.0,51.0,-20.0,2025-05-26,2026-06-25
3529,佐世保西・佐世保商・平戸,961.47,1000.0,-0.81,長崎,九州,3,0,3,0,0.0,5.0,74.0,-69.0,2025-09-13,2026-07-08
3530,甲陽学院,961.36,1000.0,0.49,兵庫,近畿,8,2,6,0,0.25,18.0,53.0,-35.0,2025-04-19,2026-07-05
3531,小郡,961.35,1000.0,2.09,福岡,九州,6,1,5,0,0.1667,25.0,46.0,-21.0,2025-03-20,2026-07-11
3532,姫路商,961.35,1000.0,0.49,兵庫,近畿,7,1,6,0,0.1429,17.0,39.0,-22.0,2025-04-19,2026-07-12
3533,富岡実,961.34,1000.0,3.22,群馬,関東・東京,6,1,5,0,0.1667,23.0,41.0,-18.0,2025-04-12,2026-07-08
3534,笛吹,961.32,1000.0,-0.05,山梨,関東・東京,6,1,5,0,0.1667,30.0,44.0,-14.0,2025-04-15,2026-07-14
3535,八代清流,961.28,1000.0,-4.28,熊本,九州,3,0,3,0,0.0,4.0,23.0,-19.0,2025-03-20,2026-07-09
3536,西彼杵・上対馬・長崎鶴洋,961.27,1000.0,-0.81,長崎,九州,3,0,3,0,0.0,0.0,33.0,-33.0,2025-09-14,2026-07-06
3537,葛飾商,961.27,1000.0,2.37,東京,関東・東京,6,1,5,0,0.1667,9.0,50.0,-41.0,2025-04-04,2026-07-10
3538,北かわち皐が丘,961.25,1000.0,8.38,大阪,近畿,6,1,5,0,0.1667,20.0,80.0,-60.0,2025-04-06,2026-07-14
3539,八幡浜・川之石,961.11,1000.0,-7.48,愛媛,四国,3,0,3,0,0.0,4.0,19.0,-15.0,2025-09-14,2026-07-11
3540,宝塚北,961.09,1000.0,0.49,兵庫,近畿,7,1,6,0,0.1429,9.0,42.0,-33.0,2025-04-19,2026-07-12
3541,松江東,961.08,1000.0,5.45,広島,中国,6,1,5,0,0.1667,17.0,50.0,-33.0,2025-04-20,2026-07-14
3542,瑞陵,961.03,1000.0,2.72,愛知,東海,11,3,8,0,0.2727,48.0,88.0,-40.0,2025-04-12,2026-07-18
3543,船橋法典,960.97,1000.0,0.63,千葉,関東・東京,6,1,5,0,0.1667,23.0,66.0,-43.0,2025-07-10,2026-07-10
3544,堀川,960.95,1000.0,2.25,京都,近畿,5,0,4,1,0.0,8.0,37.0,-29.0,2025-04-20,2026-07-12
3545,津島東,960.92,1000.0,2.72,愛知,東海,9,2,7,0,0.2222,46.0,87.0,-41.0,2025-04-12,2026-07-04
3546,水海道一,960.92,1000.0,-1.03,茨城,関東・東京,6,1,5,0,0.1667,22.0,57.0,-35.0,2025-07-06,2026-07-06
3547,小名浜海星,960.91,1000.0,-1.38,福島,東北,8,2,6,0,0.25,22.0,47.0,-25.0,2025-07-13,2026-07-11
3548,久喜工,960.9,1000.0,-0.08,埼玉,関東・東京,6,1,5,0,0.1667,27.0,60.0,-33.0,2025-04-24,2026-07-09
3549,盛岡北,960.85,1000.0,3.8,宮城,東北,10,2,8,0,0.2,29.0,87.0,-58.0,2025-05-16,2026-07-15
3550,一宮商,960.85,1000.0,2.72,愛知,東海,5,0,5,0,0.0,8.0,46.0,-38.0,2025-04-12,2025-09-13
3551,増田・羽後,960.84,1000.0,0.62,岩手,東北,4,0,4,0,0.0,7.0,27.0,-20.0,2025-05-12,2026-07-10
3552,野崎,960.82,1000.0,8.38,大阪,近畿,6,1,5,0,0.1667,17.0,130.0,-113.0,2025-04-12,2026-07-13
3553,浦添,960.79,1000.0,1.73,沖縄,九州,6,1,5,0,0.1667,14.0,39.0,-25.0,2025-03-23,2026-06-27
3554,倉敷古城池,960.77,1000.0,-7.46,鳥取,中国,3,0,3,0,0.0,2.0,27.0,-25.0,2025-07-16,2026-07-13
3555,美鈴が丘,960.75,1000.0,-6.32,島根,中国,11,3,8,0,0.2727,35.0,79.0,-44.0,2025-04-19,2026-07-16
3556,鹿西,960.73,1000.0,6.19,石川,北信越,4,0,4,0,0.0,0.0,57.0,-57.0,2025-04-19,2026-07-11
3557,国府台,960.72,1000.0,0.63,千葉,関東・東京,7,1,6,0,0.1429,30.0,72.0,-42.0,2025-04-19,2026-07-09
3558,長野東,960.7,1000.0,-4.39,長野,北信越,9,3,6,0,0.3333,27.0,80.0,-53.0,2025-05-10,2026-07-06
3559,嘉穂総合,960.56,1000.0,2.09,福岡,九州,6,1,5,0,0.1667,17.0,51.0,-34.0,2025-03-23,2026-07-09
3560,丹原,960.46,1000.0,-7.48,愛媛,四国,7,2,5,0,0.2857,40.0,56.0,-16.0,2025-03-20,2026-07-11
3561,秋田北鷹,960.45,1000.0,0.62,岩手,東北,7,1,6,0,0.1429,23.0,33.0,-10.0,2025-05-13,2026-07-10
3562,阿智,960.41,1000.0,-4.39,長野,北信越,6,1,5,0,0.1667,30.0,46.0,-16.0,2025-07-07,2026-07-07
3563,高田商・新井・糸魚川白嶺,960.4,1000.0,-5.27,新潟,北信越,3,0,3,0,0.0,1.0,30.0,-29.0,2025-04-26,2026-07-11
3564,啓北商業,960.33,1000.0,-9.79,北海道,北海道,3,0,3,0,0.0,11.0,34.0,-23.0,2025-05-26,2025-10-12
3565,東大津,960.33,1000.0,-0.81,滋賀,近畿,6,1,5,0,0.1667,13.0,40.0,-27.0,2025-04-26,2026-07-11
3566,同朋,960.3,1000.0,2.72,愛知,東海,10,2,8,0,0.2,25.0,72.0,-47.0,2025-04-12,2026-07-07
3567,小瀬,960.3,1000.0,-1.03,茨城,関東・東京,4,0,4,0,0.0,5.0,43.0,-38.0,2025-04-19,2026-07-12
3568,郡上,960.29,1000.0,-2.62,岐阜,東海,7,1,6,0,0.1429,32.0,57.0,-25.0,2025-04-12,2026-07-11
3569,内子,960.26,1000.0,-7.48,愛媛,四国,7,2,5,0,0.2857,40.0,64.0,-24.0,2025-03-22,2026-07-12
3570,富里,960.24,1000.0,0.63,千葉,関東・東京,4,0,4,0,0.0,4.0,48.0,-44.0,2025-04-19,2026-07-10
3571,島原工,960.21,1000.0,-0.81,長崎,九州,6,1,5,0,0.1667,13.0,22.0,-9.0,2025-03-25,2026-07-12
3572,東風,960.19,1000.0,-1.03,茨城,関東・東京,8,2,6,0,0.25,11.0,59.0,-48.0,2025-04-19,2026-07-05
3573,西宮今津,960.18,1000.0,0.49,兵庫,近畿,7,1,6,0,0.1429,26.0,44.0,-18.0,2025-04-19,2026-07-11
3574,県立商業,960.18,1000.0,3.92,奈良,近畿,6,1,5,0,0.1667,13.0,40.0,-27.0,2025-04-12,2026-07-14
3575,綾部,960.15,1000.0,2.25,京都,近畿,6,1,5,0,0.1667,23.0,53.0,-30.0,2025-04-19,2026-07-10
3576,筑前,960.13,1000.0,2.09,福岡,九州,6,1,5,0,0.1667,12.0,35.0,-23.0,2025-03-23,2026-07-07
3577,琴丘,960.13,1000.0,0.49,兵庫,近畿,8,2,6,0,0.25,23.0,47.0,-24.0,2025-04-19,2026-07-04
3578,紫野,960.12,1000.0,2.25,京都,近畿,6,1,5,0,0.1667,40.0,53.0,-13.0,2025-04-19,2026-07-12
3579,東海樟風,960.12,1000.0,2.72,愛知,東海,13,4,9,0,0.3077,60.0,122.0,-62.0,2025-04-12,2026-07-07
3580,枚方津田,960.11,1000.0,8.38,大阪,近畿,6,1,5,0,0.1667,7.0,54.0,-47.0,2025-04-06,2026-07-12
3581,久留米学園,960.06,1000.0,2.09,福岡,九州,6,1,5,0,0.1667,21.0,46.0,-25.0,2025-03-21,2026-07-07
3582,天草拓心・牛深・上天草,960.02,1000.0,-4.28,熊本,九州,3,0,3,0,0.0,3.0,43.0,-40.0,2025-07-09,2026-03-22
3583,県立大附,959.98,1000.0,0.49,兵庫,近畿,7,1,6,0,0.1429,10.0,49.0,-39.0,2025-04-19,2026-07-11
3584,小樽水産,959.92,1000.0,-9.79,北海道,北海道,3,0,3,0,0.0,1.0,26.0,-25.0,2025-10-12,2026-06-27
3585,川越西,959.91,1000.0,-0.08,埼玉,関東・東京,5,0,5,0,0.0,18.0,41.0,-23.0,2025-04-24,2026-07-10
3586,武蔵村山,959.87,1000.0,2.37,東京,関東・東京,5,0,5,0,0.0,14.0,49.0,-35.0,2025-04-04,2026-07-13
3587,岡山吉備,959.84,1000.0,-7.46,鳥取,中国,4,0,4,0,0.0,0.0,97.0,-97.0,2025-09-20,2026-04-11
3588,大聖寺,959.84,1000.0,6.19,石川,北信越,6,1,5,0,0.1667,24.0,54.0,-30.0,2025-04-20,2026-07-10
3589,四商,959.83,1000.0,2.37,東京,関東・東京,6,1,5,0,0.1667,17.0,68.0,-51.0,2025-04-04,2026-07-11
3590,東明館,959.81,1000.0,-9.64,佐賀,九州,7,2,5,0,0.2857,22.0,35.0,-13.0,2025-03-21,2026-07-13
3591,巣鴨,959.79,1000.0,2.37,東京,関東・東京,6,1,5,0,0.1667,21.0,53.0,-32.0,2025-04-04,2026-07-10
3592,伊野商,959.77,1000.0,3.76,高知,四国,4,0,4,0,0.0,1.0,34.0,-33.0,2025-03-22,2026-07-12
3593,筑紫,959.75,1000.0,2.09,福岡,九州,5,0,5,0,0.0,16.0,25.0,-9.0,2025-03-21,2026-07-06
3594,佐原白楊,959.72,1000.0,0.63,千葉,関東・東京,8,2,6,0,0.25,23.0,77.0,-54.0,2025-04-19,2026-07-09
3595,南昌みらい,959.72,1000.0,3.8,宮城,東北,11,3,8,0,0.2727,43.0,101.0,-58.0,2025-05-16,2026-07-10
3596,与勝,959.71,1000.0,1.73,沖縄,九州,6,1,5,0,0.1667,20.0,41.0,-21.0,2025-03-22,2026-06-14
3597,大泉,959.7,1000.0,3.22,群馬,関東・東京,4,0,4,0,0.0,3.0,59.0,-56.0,2025-04-12,2026-07-08
3598,岡山南,959.69,1000.0,-7.46,鳥取,中国,8,2,6,0,0.25,29.0,61.0,-32.0,2025-04-26,2026-07-15
3599,鬼怒商,959.68,1000.0,-1.03,茨城,関東・東京,5,0,5,0,0.0,18.0,29.0,-11.0,2025-04-19,2026-07-05
3600,水島工,959.66,1000.0,-7.46,鳥取,中国,5,0,5,0,0.0,15.0,53.0,-38.0,2025-04-26,2026-04-11
3601,西和賀,959.62,1000.0,3.8,宮城,東北,11,3,8,0,0.2727,31.0,91.0,-60.0,2025-05-16,2026-07-11
3602,国分寺,959.59,1000.0,2.37,東京,関東・東京,6,1,5,0,0.1667,20.0,44.0,-24.0,2025-04-04,2026-07-12
3603,船橋二和,959.55,1000.0,0.63,千葉,関東・東京,7,1,6,0,0.1429,16.0,56.0,-40.0,2025-04-19,2026-07-09
3604,鎌ヶ谷,959.51,1000.0,0.63,千葉,関東・東京,7,1,6,0,0.1429,20.0,57.0,-37.0,2025-04-19,2026-07-09
3605,英真学園,959.43,1000.0,8.38,大阪,近畿,5,0,5,0,0.0,5.0,39.0,-34.0,2025-04-12,2026-07-13
3606,小出,959.41,1000.0,-5.27,新潟,北信越,7,2,5,0,0.2857,33.0,58.0,-25.0,2025-04-28,2026-07-12
3607,御船,959.4,1000.0,-4.28,熊本,九州,3,0,3,0,0.0,4.0,32.0,-28.0,2025-09-14,2026-07-08
3608,唐津南,959.39,1000.0,-9.64,佐賀,九州,7,2,5,0,0.2857,14.0,30.0,-16.0,2025-03-20,2026-07-08
3609,誠恵,959.39,1000.0,-1.42,静岡,東海,8,2,6,0,0.25,28.0,83.0,-55.0,2025-04-19,2026-07-04
3610,長崎南,959.36,1000.0,-0.81,長崎,九州,6,1,5,0,0.1667,16.0,29.0,-13.0,2025-03-29,2026-07-12
3611,大森,959.3,1000.0,2.37,東京,関東・東京,7,2,5,0,0.2857,31.0,57.0,-26.0,2025-04-04,2026-07-07
3612,上田千曲,959.26,1000.0,-4.39,長野,北信越,7,1,6,0,0.1429,29.0,62.0,-33.0,2025-05-10,2026-07-11
3613,同志社,959.25,1000.0,2.25,京都,近畿,6,1,5,0,0.1667,14.0,39.0,-25.0,2025-04-19,2026-07-13
3614,神崎,959.24,1000.0,0.49,兵庫,近畿,6,1,5,0,0.1667,24.0,68.0,-44.0,2025-04-19,2026-07-04
3615,香住,959.24,1000.0,0.49,兵庫,近畿,7,1,6,0,0.1429,28.0,50.0,-22.0,2025-04-19,2026-07-09
3616,浦添工,959.19,1000.0,1.73,沖縄,九州,6,1,5,0,0.1667,10.0,43.0,-33.0,2025-03-22,2026-06-28
3617,藤枝北,959.18,1000.0,-1.42,静岡,東海,6,1,5,0,0.1667,14.0,57.0,-43.0,2025-04-19,2026-07-04
3618,善通寺一,959.16,1000.0,-4.3,徳島,四国,4,0,4,0,0.0,8.0,26.0,-18.0,2025-07-13,2026-07-15
3619,八戸高専,959.09,1000.0,4.16,青森,東北,4,0,4,0,0.0,15.0,41.0,-26.0,2025-07-13,2026-07-09
3620,開明,959.09,1000.0,8.38,大阪,近畿,4,0,4,0,0.0,0.0,122.0,-122.0,2025-07-10,2026-07-14
3621,つくばサイエンス,959.08,1000.0,-1.03,茨城,関東・東京,4,0,4,0,0.0,2.0,64.0,-62.0,2025-04-19,2026-07-05
3622,薩南工,959.02,1000.0,1.49,鹿児島,九州,6,1,5,0,0.1667,22.0,44.0,-22.0,2025-03-23,2026-07-07
3623,多久・厳木,959.02,1000.0,-9.64,佐賀,九州,3,0,3,0,0.0,5.0,18.0,-13.0,2025-03-20,2026-03-20
3624,聖徳学園,958.94,1000.0,2.37,東京,関東・東京,5,0,5,0,0.0,9.0,34.0,-25.0,2025-04-04,2026-07-11
3625,旭川高専,958.85,1000.0,-9.79,北海道,北海道,7,2,5,0,0.2857,25.0,72.0,-47.0,2025-05-26,2026-06-26
3626,大宮開成,958.83,1000.0,-0.08,埼玉,関東・東京,5,0,5,0,0.0,13.0,69.0,-56.0,2025-04-24,2026-07-10
3627,対馬,958.78,1000.0,-0.81,長崎,九州,4,0,4,0,0.0,23.0,40.0,-17.0,2025-07-14,2026-07-07
3628,更級農,958.75,1000.0,-4.39,長野,北信越,8,2,6,0,0.25,21.0,45.0,-24.0,2025-05-10,2026-07-05
3629,富岳館,958.73,1000.0,-1.42,静岡,東海,9,2,7,0,0.2222,13.0,43.0,-30.0,2025-04-19,2026-07-04
3630,杉戸,958.72,1000.0,-0.08,埼玉,関東・東京,6,1,5,0,0.1667,19.0,75.0,-56.0,2025-04-24,2026-07-12
3631,岡谷工,958.7,1000.0,-4.39,長野,北信越,6,1,5,0,0.1667,17.0,39.0,-22.0,2025-05-10,2026-07-08
3632,榛原,958.7,1000.0,-1.42,静岡,東海,7,1,6,0,0.1429,15.0,33.0,-18.0,2025-04-19,2026-07-05
3633,県大附属,958.68,1000.0,3.92,奈良,近畿,4,0,4,0,0.0,1.0,34.0,-33.0,2025-04-26,2026-07-12
3634,室工・東翔,958.63,1000.0,-9.79,北海道,北海道,3,0,3,0,0.0,18.0,34.0,-16.0,2025-05-26,2026-05-11
3635,札幌旭丘,958.61,1000.0,-9.79,北海道,北海道,7,2,5,0,0.2857,12.0,25.0,-13.0,2025-05-26,2026-06-24
3636,秋留台,958.6,1000.0,2.37,東京,関東・東京,4,0,4,0,0.0,4.0,63.0,-59.0,2025-07-06,2026-07-11
3637,松江高専,958.57,1000.0,5.45,広島,中国,6,1,5,0,0.1667,15.0,40.0,-25.0,2025-04-18,2026-07-12
3638,大分高専,958.57,1000.0,2.65,大分,九州,6,1,5,0,0.1667,9.0,51.0,-42.0,2025-03-25,2026-07-10
3639,むつ工業,958.56,1000.0,4.16,青森,東北,6,1,5,0,0.1667,20.0,44.0,-24.0,2025-05-10,2026-07-14
3640,渋川工,958.55,1000.0,3.22,群馬,関東・東京,6,1,5,0,0.1667,17.0,52.0,-35.0,2025-04-15,2026-07-04
3641,美祢青嶺,958.55,1000.0,-1.06,山口,中国,4,0,4,0,0.0,14.0,32.0,-18.0,2025-04-13,2026-07-13
3642,灘,958.54,1000.0,0.49,兵庫,近畿,7,1,6,0,0.1429,16.0,49.0,-33.0,2025-04-19,2026-07-12
3643,小野田,958.45,1000.0,-1.06,山口,中国,6,1,5,0,0.1667,15.0,37.0,-22.0,2025-04-12,2026-07-11
3644,焼津水産,958.41,1000.0,-1.42,静岡,東海,5,0,5,0,0.0,15.0,41.0,-26.0,2025-04-19,2026-07-05
3645,白子,958.39,1000.0,-4.97,三重,東海,12,4,8,0,0.3333,52.0,90.0,-38.0,2025-04-12,2026-07-11
3646,淀川工科,958.34,1000.0,8.38,大阪,近畿,6,1,5,0,0.1667,12.0,59.0,-47.0,2025-04-26,2026-07-18
3647,串本古座,958.3,1000.0,0.99,和歌山,近畿,4,0,4,0,0.0,9.0,31.0,-22.0,2025-07-15,2026-07-18
3648,札幌西,958.3,1000.0,-9.79,北海道,北海道,6,1,5,0,0.1667,35.0,43.0,-8.0,2025-05-26,2026-06-29
3649,都留興譲館,958.29,1000.0,-0.05,山梨,関東・東京,6,1,5,0,0.1667,16.0,47.0,-31.0,2025-04-12,2026-07-06
3650,米子高専,958.27,1000.0,1.62,岡山,中国,6,1,5,0,0.1667,15.0,41.0,-26.0,2025-04-20,2026-07-19
3651,八幡中央,958.22,1000.0,2.09,福岡,九州,6,1,5,0,0.1667,9.0,59.0,-50.0,2025-03-21,2026-07-07
3652,宮城広瀬,958.2,1000.0,-1.84,山形,東北,7,1,6,0,0.1429,34.0,63.0,-29.0,2025-05-16,2026-07-11
3653,自由ヶ丘学園,958.05,1000.0,2.37,東京,関東・東京,5,0,5,0,0.0,16.0,38.0,-22.0,2025-04-04,2026-07-05
3654,昭和一学園,958.04,1000.0,2.37,東京,関東・東京,5,0,5,0,0.0,31.0,44.0,-13.0,2025-04-04,2026-07-10
3655,川越初雁,958.02,1000.0,-0.08,埼玉,関東・東京,5,0,5,0,0.0,21.0,47.0,-26.0,2025-04-24,2026-07-11
3656,長井,958.01,1000.0,-6.25,秋田,東北,3,0,3,0,0.0,13.0,35.0,-22.0,2025-07-11,2026-07-12
3657,大川樟風,957.93,1000.0,2.09,福岡,九州,6,1,5,0,0.1667,21.0,74.0,-53.0,2025-03-21,2026-07-08
3658,小樽未来創造,957.92,1000.0,-9.79,北海道,北海道,5,1,4,0,0.2,31.0,68.0,-37.0,2025-05-26,2026-06-28
3659,富士河口湖,957.85,1000.0,-0.05,山梨,関東・東京,4,0,4,0,0.0,3.0,33.0,-30.0,2025-04-19,2026-07-08
3660,広島井口,957.84,1000.0,-6.32,島根,中国,10,3,7,0,0.3,53.0,69.0,-16.0,2025-04-19,2026-07-11
3661,滑川,957.84,1000.0,-10.7,富山,北信越,7,2,5,0,0.2857,19.0,39.0,-20.0,2025-04-26,2026-07-12
3662,清瀬,957.81,1000.0,2.37,東京,関東・東京,6,1,5,0,0.1667,18.0,61.0,-43.0,2025-04-04,2026-07-08
3663,吉原,957.77,1000.0,-1.42,静岡,東海,7,1,6,0,0.1429,23.0,52.0,-29.0,2025-04-19,2026-07-11
3664,雲雀丘学園,957.73,1000.0,0.49,兵庫,近畿,7,1,6,0,0.1429,21.0,56.0,-35.0,2025-04-19,2026-07-11
3665,大町岳陽,957.72,1000.0,-4.39,長野,北信越,7,1,6,0,0.1429,23.0,90.0,-67.0,2025-05-10,2026-07-07
3666,奄美,957.69,1000.0,1.49,鹿児島,九州,6,1,5,0,0.1667,12.0,47.0,-35.0,2025-03-21,2026-07-10
3667,酒田東,957.64,1000.0,-6.25,秋田,東北,6,1,5,0,0.1667,19.0,45.0,-26.0,2025-07-12,2026-07-18
3668,斐太,957.64,1000.0,-2.62,岐阜,東海,4,0,4,0,0.0,7.0,42.0,-35.0,2025-04-12,2026-07-12
3669,大間,957.6,1000.0,4.16,青森,東北,4,0,4,0,0.0,6.0,60.0,-54.0,2025-05-09,2026-07-09
3670,甲府昭和,957.59,1000.0,-0.05,山梨,関東・東京,6,1,5,0,0.1667,21.0,45.0,-24.0,2025-04-15,2026-07-07
3671,中津南,957.58,1000.0,2.65,大分,九州,6,1,5,0,0.1667,18.0,43.0,-25.0,2025-03-25,2026-07-09
3672,大河原産,957.55,1000.0,-1.84,山形,東北,10,2,8,0,0.2,47.0,77.0,-30.0,2025-05-16,2026-07-15
3673,大曲,957.48,1000.0,0.62,岩手,東北,7,1,6,0,0.1429,24.0,54.0,-30.0,2025-05-14,2026-07-09
3674,山梨,957.47,1000.0,-0.05,山梨,関東・東京,6,1,5,0,0.1667,19.0,55.0,-36.0,2025-04-19,2026-07-11
3675,常翔学園,957.44,1000.0,8.38,大阪,近畿,5,0,5,0,0.0,5.0,35.0,-30.0,2025-04-06,2026-07-14
3676,八幡工,957.42,1000.0,-0.81,滋賀,近畿,16,6,10,0,0.375,54.0,78.0,-24.0,2025-03-22,2026-07-13
3677,伊吹,957.39,1000.0,-0.81,滋賀,近畿,6,1,5,0,0.1667,8.0,31.0,-23.0,2025-04-20,2026-07-11
3678,諏訪実,957.38,1000.0,-4.39,長野,北信越,8,2,6,0,0.25,30.0,79.0,-49.0,2025-05-10,2026-07-06
3679,山田,957.37,1000.0,8.38,大阪,近畿,19,6,13,0,0.3158,99.0,137.0,-38.0,2025-04-06,2026-07-11
3680,戸手,957.36,1000.0,-6.32,島根,中国,12,4,8,0,0.3333,51.0,111.0,-60.0,2025-04-19,2026-07-06
3681,沼津高専,957.34,1000.0,-1.42,静岡,東海,5,0,5,0,0.0,17.0,51.0,-34.0,2025-04-19,2026-07-05
3682,小山南,957.34,1000.0,-2.36,栃木,関東・東京,6,1,5,0,0.1667,19.0,45.0,-26.0,2025-04-14,2026-07-15
3683,名張青峰,957.33,1000.0,-4.97,三重,東海,9,2,7,0,0.2222,47.0,46.0,1.0,2025-04-12,2026-07-11
3684,広尾学園,957.3,1000.0,2.37,東京,関東・東京,4,0,4,0,0.0,5.0,79.0,-74.0,2025-07-12,2026-07-05
3685,辺土名,957.28,1000.0,1.73,沖縄,九州,4,0,4,0,0.0,12.0,50.0,-38.0,2025-03-21,2026-06-20
3686,両国,957.25,1000.0,2.37,東京,関東・東京,4,0,4,0,0.0,1.0,51.0,-50.0,2025-07-05,2026-07-12
3687,砺波工,957.23,1000.0,-10.7,富山,北信越,6,1,5,0,0.1667,21.0,38.0,-17.0,2025-04-26,2026-07-10
3688,太田工,957.22,1000.0,3.22,群馬,関東・東京,6,1,5,0,0.1667,13.0,52.0,-39.0,2025-04-12,2026-07-05
3689,鹿沼南,957.08,1000.0,-2.36,栃木,関東・東京,6,1,5,0,0.1667,21.0,64.0,-43.0,2025-04-13,2026-07-11
3690,相良,957.08,1000.0,-1.42,静岡,東海,5,0,5,0,0.0,12.0,45.0,-33.0,2025-04-19,2026-07-04
3691,高岡工芸,957.04,1000.0,-10.7,富山,北信越,7,2,5,0,0.2857,16.0,39.0,-23.0,2025-04-20,2026-07-10
3692,稲生,957.03,1000.0,-4.97,三重,東海,10,3,7,0,0.3,45.0,77.0,-32.0,2025-04-12,2026-07-11
3693,五日市・八王子桑志・松原,957.03,1000.0,2.37,東京,関東・東京,4,0,4,0,0.0,7.0,49.0,-42.0,2025-07-11,2026-07-12
3694,玉野商工,956.99,1000.0,-7.46,鳥取,中国,9,2,7,0,0.2222,32.0,61.0,-29.0,2025-04-26,2026-07-15
3695,徳風・英心,956.99,1000.0,-4.97,三重,東海,4,0,4,0,0.0,1.0,93.0,-92.0,2025-04-12,2026-03-24
3696,足羽,956.96,1000.0,1.72,福井,北信越,6,1,5,0,0.1667,10.0,42.0,-32.0,2025-04-20,2026-07-19
3697,村山産業,956.94,1000.0,-6.25,秋田,東北,9,3,6,0,0.3333,30.0,66.0,-36.0,2025-05-09,2026-07-11
3698,伊豆総合,956.92,1000.0,-1.42,静岡,東海,7,1,6,0,0.1429,12.0,50.0,-38.0,2025-04-19,2026-07-05
3699,野田中央,956.91,1000.0,0.63,千葉,関東・東京,8,2,6,0,0.25,28.0,55.0,-27.0,2025-04-19,2026-07-09
3700,都城西,956.89,1000.0,-7.87,宮崎,九州,6,1,5,0,0.1667,26.0,38.0,-12.0,2025-03-28,2026-07-11
3701,首里東,956.89,1000.0,1.73,沖縄,九州,4,0,4,0,0.0,5.0,30.0,-25.0,2025-06-15,2026-06-23
3702,札幌手稲,956.87,1000.0,-9.79,北海道,北海道,7,2,5,0,0.2857,19.0,45.0,-26.0,2025-05-26,2026-06-22
3703,堺上・和泉総合,956.87,1000.0,8.38,大阪,近畿,5,0,5,0,0.0,9.0,39.0,-30.0,2025-04-05,2026-07-16
3704,さくら清修,956.85,1000.0,-2.36,栃木,関東・東京,5,1,4,0,0.2,8.0,51.0,-43.0,2025-07-12,2026-07-09
3705,天草,956.71,1000.0,-4.28,熊本,九州,5,1,4,0,0.2,11.0,62.0,-51.0,2025-07-08,2026-07-07
3706,下伊那農,956.69,1000.0,-4.39,長野,北信越,7,1,6,0,0.1429,27.0,62.0,-35.0,2025-05-10,2026-07-05
3707,宇部高専,956.68,1000.0,-1.06,山口,中国,6,1,5,0,0.1667,18.0,44.0,-26.0,2025-04-21,2026-07-12
3708,鹿児島高専,956.64,1000.0,1.49,鹿児島,九州,6,1,5,0,0.1667,17.0,54.0,-37.0,2025-03-22,2026-07-09
3709,淵江,956.62,1000.0,2.37,東京,関東・東京,5,0,5,0,0.0,26.0,58.0,-32.0,2025-04-04,2026-07-09
3710,住吉,956.57,1000.0,4.44,神奈川,関東・東京,13,4,9,0,0.3077,40.0,99.0,-59.0,2025-04-12,2026-07-14
3711,仙台向山,956.55,1000.0,-1.84,山形,東北,11,3,8,0,0.2727,28.0,82.0,-54.0,2025-05-16,2026-07-16
3712,長野南,956.53,1000.0,-4.39,長野,北信越,6,1,5,0,0.1667,13.0,49.0,-36.0,2025-05-10,2026-07-07
3713,萩,956.53,1000.0,-1.06,山口,中国,4,0,4,0,0.0,7.0,28.0,-21.0,2025-04-13,2026-07-12
3714,土浦二,956.47,1000.0,-1.03,茨城,関東・東京,7,1,6,0,0.1429,27.0,48.0,-21.0,2025-04-19,2026-07-09
3715,花北青雲,956.47,1000.0,3.8,宮城,東北,12,3,9,0,0.25,51.0,89.0,-38.0,2025-05-16,2026-07-10
3716,河南,956.44,1000.0,8.38,大阪,近畿,5,0,5,0,0.0,15.0,41.0,-26.0,2025-04-19,2026-07-12
3717,京華,956.35,1000.0,2.37,東京,関東・東京,5,0,5,0,0.0,46.0,66.0,-20.0,2025-04-04,2026-07-05
3718,江別,956.27,1000.0,-9.79,北海道,北海道,7,2,5,0,0.2857,15.0,47.0,-32.0,2025-05-26,2026-06-23
3719,砂川・美唄尚栄,956.27,1000.0,-9.79,北海道,北海道,5,1,4,0,0.2,14.0,50.0,-36.0,2025-05-26,2026-06-27
3720,長浜北,956.25,1000.0,-0.81,滋賀,近畿,6,1,5,0,0.1667,21.0,44.0,-23.0,2025-04-12,2026-07-07
3721,小笠,956.25,1000.0,-1.42,静岡,東海,5,0,5,0,0.0,10.0,58.0,-48.0,2025-04-19,2026-07-05
3722,中津北,956.2,1000.0,2.65,大分,九州,6,1,5,0,0.1667,15.0,54.0,-39.0,2025-03-23,2026-07-06
3723,旭川農業,956.19,1000.0,-9.79,北海道,北海道,6,1,5,0,0.1667,26.0,53.0,-27.0,2025-05-26,2026-06-28
3724,本別,956.14,1000.0,-9.79,北海道,北海道,5,1,4,0,0.2,23.0,49.0,-26.0,2025-05-26,2026-06-25
3725,花巻農,956.13,1000.0,3.8,宮城,東北,10,2,8,0,0.2,37.0,84.0,-47.0,2025-05-16,2026-07-15
3726,高瀬,956.09,1000.0,-4.3,徳島,四国,6,1,5,0,0.1667,15.0,39.0,-24.0,2025-03-23,2026-07-11
3727,加美農,956.05,1000.0,-1.84,山形,東北,10,2,8,0,0.2,26.0,39.0,-13.0,2025-05-16,2026-07-11
3728,有馬,955.86,1000.0,4.44,神奈川,関東・東京,11,3,8,0,0.2727,39.0,92.0,-53.0,2025-04-05,2026-07-12
3729,八雲,955.85,1000.0,-9.79,北海道,北海道,3,0,3,0,0.0,5.0,38.0,-33.0,2025-10-12,2026-06-24
3730,東予,955.85,1000.0,-7.48,愛媛,四国,3,0,3,0,0.0,8.0,31.0,-23.0,2025-07-15,2026-03-21
3731,御津・鷲羽・緑陽,955.81,1000.0,-7.46,鳥取,中国,4,0,4,0,0.0,13.0,33.0,-20.0,2025-07-16,2026-07-13
3732,熊本農,955.79,1000.0,-4.28,熊本,九州,6,1,5,0,0.1667,14.0,37.0,-23.0,2025-03-23,2026-07-07
3733,高知海洋・室戸・幡多農,955.73,1000.0,3.76,高知,四国,4,0,4,0,0.0,13.0,71.0,-58.0,2025-07-20,2026-07-12
3734,伊奈,955.64,1000.0,-1.03,茨城,関東・東京,8,2,6,0,0.25,35.0,65.0,-30.0,2025-04-19,2026-07-12
3735,池新田,955.62,1000.0,-1.42,静岡,東海,7,1,6,0,0.1429,19.0,47.0,-28.0,2025-04-19,2026-07-04
3736,浜松東,955.61,1000.0,-1.42,静岡,東海,5,0,5,0,0.0,15.0,50.0,-35.0,2025-04-19,2026-07-05
3737,六郷工科,955.55,1000.0,2.37,東京,関東・東京,4,0,4,0,0.0,7.0,91.0,-84.0,2025-07-11,2026-07-11
3738,小平,955.5,1000.0,2.37,東京,関東・東京,5,0,5,0,0.0,15.0,44.0,-29.0,2025-04-04,2026-07-11
3739,呉三津田,955.47,1000.0,-6.32,島根,中国,12,4,8,0,0.3333,73.0,106.0,-33.0,2025-04-19,2026-07-06
3740,大麻,955.47,1000.0,-9.79,北海道,北海道,8,2,6,0,0.25,23.0,45.0,-22.0,2025-05-26,2026-06-29
3741,西大和学園,955.39,1000.0,3.92,奈良,近畿,6,1,5,0,0.1667,19.0,59.0,-40.0,2025-04-19,2026-07-13
3742,大垣東,955.39,1000.0,-2.62,岐阜,東海,9,2,7,0,0.2222,33.0,63.0,-30.0,2025-04-12,2026-07-11
3743,御殿場,955.39,1000.0,-1.42,静岡,東海,7,1,6,0,0.1429,11.0,46.0,-35.0,2025-04-19,2026-07-04
3744,鶴ヶ島清風,955.31,1000.0,-0.08,埼玉,関東・東京,5,0,5,0,0.0,7.0,48.0,-41.0,2025-04-24,2026-07-09
3745,有明高専,955.23,1000.0,2.09,福岡,九州,5,0,5,0,0.0,13.0,45.0,-32.0,2025-03-20,2026-07-06
3746,宿毛工,955.19,1000.0,3.76,高知,四国,6,1,5,0,0.1667,13.0,54.0,-41.0,2025-03-21,2026-07-12
3747,七尾東雲,955.17,1000.0,6.19,石川,北信越,5,0,5,0,0.0,14.0,49.0,-35.0,2025-04-20,2026-07-12
3748,美里,955.12,1000.0,1.73,沖縄,九州,4,0,4,0,0.0,5.0,57.0,-52.0,2025-03-21,2026-03-21
3749,犢橋,955.11,1000.0,0.63,千葉,関東・東京,7,1,6,0,0.1429,10.0,80.0,-70.0,2025-04-19,2026-07-12
3750,新庄東,955.1,1000.0,-6.25,秋田,東北,8,2,6,0,0.25,15.0,49.0,-34.0,2025-05-09,2026-07-14
3751,栗山,955.02,1000.0,-9.79,北海道,北海道,7,2,5,0,0.2857,18.0,74.0,-56.0,2025-05-26,2026-07-07
3752,佐野,955.0,1000.0,8.38,大阪,近畿,14,4,10,0,0.2857,86.0,100.0,-14.0,2025-04-12,2026-07-16
3753,高千穂,954.91,1000.0,-7.87,宮崎,九州,3,0,3,0,0.0,3.0,30.0,-27.0,2025-03-23,2026-07-05
3754,横手清陵,954.89,1000.0,0.62,岩手,東北,7,1,6,0,0.1429,8.0,42.0,-34.0,2025-05-14,2026-07-14
3755,新居浜工,954.88,1000.0,-7.48,愛媛,四国,6,1,5,0,0.1667,21.0,34.0,-13.0,2025-03-20,2026-07-13
3756,津山高専,954.83,1000.0,-7.46,鳥取,中国,8,2,6,0,0.25,29.0,61.0,-32.0,2025-04-26,2026-07-13
3757,鉾田二,954.82,1000.0,-1.03,茨城,関東・東京,7,1,6,0,0.1429,13.0,47.0,-34.0,2025-04-19,2026-07-10
3758,新座柳瀬,954.8,1000.0,-0.08,埼玉,関東・東京,5,0,5,0,0.0,7.0,39.0,-32.0,2025-04-24,2026-07-09
3759,岩・加・衣,954.78,1000.0,2.72,愛知,東海,6,0,6,0,0.0,5.0,171.0,-166.0,2025-04-12,2026-03-23
3760,北九州高専,954.75,1000.0,2.09,福岡,九州,4,0,4,0,0.0,2.0,83.0,-81.0,2025-03-23,2026-07-08
3761,阿蘇中央,954.72,1000.0,-4.28,熊本,九州,7,2,5,0,0.2857,21.0,52.0,-31.0,2025-03-20,2026-07-08
3762,沼田,954.67,1000.0,-6.32,島根,中国,22,9,13,0,0.4091,79.0,98.0,-19.0,2025-04-12,2026-07-06
3763,翔陽,954.62,1000.0,-4.28,熊本,九州,14,4,10,0,0.2857,41.0,115.0,-74.0,2025-03-20,2026-07-14
3764,裾野,954.58,1000.0,-1.42,静岡,東海,5,0,5,0,0.0,6.0,62.0,-56.0,2025-04-19,2026-07-04
3765,多度津,954.46,1000.0,-4.3,徳島,四国,6,1,5,0,0.1667,19.0,36.0,-17.0,2025-03-22,2026-07-13
3766,札幌西陵,954.44,1000.0,-9.79,北海道,北海道,7,2,5,0,0.2857,18.0,56.0,-38.0,2025-05-26,2026-06-24
3767,指宿,954.41,1000.0,1.49,鹿児島,九州,6,1,5,0,0.1667,25.0,51.0,-26.0,2025-03-23,2026-07-09
3768,福山葦陽,954.37,1000.0,-6.32,島根,中国,11,3,8,0,0.2727,39.0,71.0,-32.0,2025-04-19,2026-07-15
3769,五日市,954.27,1000.0,-6.32,島根,中国,4,0,4,0,0.0,15.0,50.0,-35.0,2025-07-07,2026-07-10
3770,宮崎北,954.26,1000.0,-7.87,宮崎,九州,6,1,5,0,0.1667,28.0,40.0,-12.0,2025-03-22,2026-07-05
3771,国際基督教大高,954.16,1000.0,2.37,東京,関東・東京,5,0,5,0,0.0,19.0,54.0,-35.0,2025-04-04,2026-07-07
3772,山崎,954.14,1000.0,0.49,兵庫,近畿,6,0,6,0,0.0,30.0,50.0,-20.0,2025-04-19,2026-07-12
3773,飛騨高山,954.14,1000.0,-2.62,岐阜,東海,9,2,7,0,0.2222,41.0,70.0,-29.0,2025-04-12,2026-07-11
3774,市原八幡,954.14,1000.0,0.63,千葉,関東・東京,7,1,6,0,0.1429,17.0,78.0,-61.0,2025-04-19,2026-07-09
3775,城西大城西,954.14,1000.0,2.37,東京,関東・東京,14,4,10,0,0.2857,56.0,72.0,-16.0,2025-03-22,2026-07-12
3776,網走桂陽,954.09,1000.0,-9.79,北海道,北海道,7,2,5,0,0.2857,38.0,71.0,-33.0,2025-05-26,2026-07-08
3777,由利工,954.05,1000.0,0.62,岩手,東北,6,0,6,0,0.0,12.0,26.0,-14.0,2025-05-10,2026-07-10
3778,高浜,953.99,1000.0,2.72,愛知,東海,7,1,6,0,0.1429,15.0,74.0,-59.0,2025-04-12,2026-07-07
3779,真岡工,953.96,1000.0,-2.36,栃木,関東・東京,6,1,5,0,0.1667,28.0,52.0,-24.0,2025-04-14,2026-07-10
3780,岐阜東,953.91,1000.0,-2.62,岐阜,東海,10,2,8,0,0.2,28.0,62.0,-34.0,2025-04-12,2026-07-18
3781,恵庭南,953.9,1000.0,-9.79,北海道,北海道,7,2,5,0,0.2857,11.0,43.0,-32.0,2025-05-26,2026-06-28
3782,姫路海稜,953.82,1000.0,0.49,兵庫,近畿,5,0,5,0,0.0,9.0,54.0,-45.0,2025-07-12,2026-07-11
3783,野洲,953.79,1000.0,-0.81,滋賀,近畿,6,1,5,0,0.1667,10.0,39.0,-29.0,2025-04-19,2026-07-12
3784,上尾南,953.79,1000.0,-0.08,埼玉,関東・東京,5,0,5,0,0.0,14.0,52.0,-38.0,2025-04-24,2026-07-09
3785,鳥取中央育英,953.75,1000.0,1.62,岡山,中国,8,2,6,0,0.25,20.0,56.0,-36.0,2025-04-21,2026-07-12
3786,宮崎海洋,953.7,1000.0,-7.87,宮崎,九州,3,0,3,0,0.0,0.0,38.0,-38.0,2025-03-21,2026-07-07
3787,慶進,953.7,1000.0,-1.06,山口,中国,6,1,5,0,0.1667,24.0,54.0,-30.0,2025-04-13,2026-07-19
3788,一宮工科,953.62,1000.0,2.72,愛知,東海,9,1,8,0,0.1111,56.0,105.0,-49.0,2025-04-12,2026-07-05
3789,伊予,953.58,1000.0,-7.48,愛媛,四国,6,1,5,0,0.1667,11.0,33.0,-22.0,2025-03-20,2026-07-14
3790,新津,953.56,1000.0,-5.27,新潟,北信越,6,1,5,0,0.1667,19.0,50.0,-31.0,2025-04-28,2026-07-12
3791,栗東,953.53,1000.0,-0.81,滋賀,近畿,4,0,4,0,0.0,1.0,41.0,-40.0,2025-07-13,2026-07-09
3792,新津工,953.5,1000.0,-5.27,新潟,北信越,6,1,5,0,0.1667,20.0,62.0,-42.0,2025-04-26,2026-07-15
3793,練馬工科,953.46,1000.0,2.37,東京,関東・東京,5,0,5,0,0.0,11.0,61.0,-50.0,2025-04-04,2026-07-07
3794,渋谷教育渋谷,953.45,1000.0,2.37,東京,関東・東京,5,0,5,0,0.0,14.0,67.0,-53.0,2025-04-04,2026-07-05
3795,岐南工,953.45,1000.0,-2.62,岐阜,東海,9,2,7,0,0.2222,24.0,54.0,-30.0,2025-04-12,2026-07-11
3796,小千谷西,953.38,1000.0,-5.27,新潟,北信越,6,1,5,0,0.1667,23.0,55.0,-32.0,2025-04-28,2026-07-15
3797,庄和,953.35,1000.0,-0.08,埼玉,関東・東京,5,0,5,0,0.0,2.0,52.0,-50.0,2025-04-24,2026-07-09
3798,日新,953.32,1000.0,8.38,大阪,近畿,5,0,5,0,0.0,9.0,57.0,-48.0,2025-04-06,2026-07-12
3799,市川南,953.31,1000.0,0.63,千葉,関東・東京,6,0,6,0,0.0,7.0,52.0,-45.0,2025-04-19,2026-07-09
3800,泉館山,953.28,1000.0,-1.84,山形,東北,9,2,7,0,0.2222,27.0,64.0,-37.0,2025-05-16,2026-07-12
3801,関,953.26,1000.0,-2.62,岐阜,東海,6,0,6,0,0.0,17.0,37.0,-20.0,2025-04-12,2026-07-05
3802,昭和鉄道,953.22,1000.0,2.37,東京,関東・東京,5,0,5,0,0.0,3.0,52.0,-49.0,2025-04-04,2026-07-05
3803,小見川,953.21,1000.0,0.63,千葉,関東・東京,5,0,5,0,0.0,2.0,55.0,-53.0,2025-04-19,2026-07-10
3804,葺合,953.13,1000.0,0.49,兵庫,近畿,7,1,6,0,0.1429,12.0,63.0,-51.0,2025-04-19,2026-07-10
3805,同志社国際,953.1,1000.0,2.25,京都,近畿,5,0,5,0,0.0,8.0,34.0,-26.0,2025-04-19,2026-07-07
3806,日南,953.04,1000.0,-7.87,宮崎,九州,6,1,5,0,0.1667,29.0,49.0,-20.0,2025-03-23,2026-07-11
3807,倉敷南,953.03,1000.0,-7.46,鳥取,中国,8,1,7,0,0.125,42.0,60.0,-18.0,2025-04-26,2026-07-11
3808,日向,953.02,1000.0,-7.87,宮崎,九州,6,1,5,0,0.1667,18.0,31.0,-13.0,2025-03-23,2026-07-08
3809,水沢一,952.99,1000.0,3.8,宮城,東北,10,2,8,0,0.2,32.0,84.0,-52.0,2025-05-16,2026-07-14
3810,亀山,952.93,1000.0,-4.97,三重,東海,6,1,5,0,0.1667,14.0,53.0,-39.0,2025-07-07,2026-07-11
3811,行橋,952.93,1000.0,2.09,福岡,九州,4,0,4,0,0.0,3.0,36.0,-33.0,2025-07-06,2026-07-06
3812,尼崎北,952.89,1000.0,0.49,兵庫,近畿,6,0,6,0,0.0,4.0,33.0,-29.0,2025-04-19,2026-07-09
3813,別海,952.82,1000.0,-9.79,北海道,北海道,6,1,5,0,0.1667,29.0,46.0,-17.0,2025-05-26,2026-06-26
3814,半田東,952.8,1000.0,2.72,愛知,東海,12,3,9,0,0.25,39.0,98.0,-59.0,2025-04-12,2026-07-04
3815,一条,952.74,1000.0,3.92,奈良,近畿,5,0,5,0,0.0,15.0,39.0,-24.0,2025-04-26,2026-07-13
3816,鶴来,952.6,1000.0,6.19,石川,北信越,5,0,5,0,0.0,5.0,50.0,-45.0,2025-04-20,2026-07-12
3817,名張,952.57,1000.0,-4.97,三重,東海,9,2,7,0,0.2222,35.0,69.0,-34.0,2025-04-12,2026-07-19
3818,柏崎工,952.55,1000.0,-5.27,新潟,北信越,6,1,5,0,0.1667,23.0,49.0,-26.0,2025-04-26,2026-07-14
3819,新座,952.54,1000.0,-0.08,埼玉,関東・東京,5,0,5,0,0.0,6.0,60.0,-54.0,2025-04-24,2026-07-11
3820,南丹,952.53,1000.0,2.25,京都,近畿,5,0,5,0,0.0,12.0,44.0,-32.0,2025-04-20,2026-07-08
3821,出雲西,952.52,1000.0,5.45,広島,中国,5,0,5,0,0.0,6.0,68.0,-62.0,2025-04-18,2026-07-13
3822,和歌山高専,952.49,1000.0,0.99,和歌山,近畿,6,1,5,0,0.1667,13.0,41.0,-28.0,2025-04-13,2026-07-14
3823,宇陀,952.41,1000.0,3.92,奈良,近畿,6,1,5,0,0.1667,15.0,76.0,-61.0,2025-04-19,2026-07-18
3824,飯田風越,952.37,1000.0,-4.39,長野,北信越,6,0,6,0,0.0,32.0,47.0,-15.0,2025-05-10,2026-07-05
3825,大阪星光学院,952.36,1000.0,8.38,大阪,近畿,5,0,5,0,0.0,4.0,46.0,-42.0,2025-04-19,2026-07-11
3826,桑名工,952.3,1000.0,-4.97,三重,東海,10,2,8,0,0.2,49.0,68.0,-19.0,2025-04-12,2026-07-11
3827,京都すばる,952.29,1000.0,2.25,京都,近畿,5,0,5,0,0.0,21.0,40.0,-19.0,2025-04-20,2026-07-11
3828,豊島学院,952.28,1000.0,2.37,東京,関東・東京,5,0,5,0,0.0,13.0,53.0,-40.0,2025-04-04,2026-07-12
3829,尾道北,952.28,1000.0,-6.32,島根,中国,11,3,8,0,0.2727,47.0,88.0,-41.0,2025-04-19,2026-07-06
3830,小樽桜陽,952.26,1000.0,-9.79,北海道,北海道,6,1,5,0,0.1667,16.0,33.0,-17.0,2025-05-26,2026-06-28
3831,泉,952.16,1000.0,-1.84,山形,東北,6,0,6,0,0.0,15.0,46.0,-31.0,2025-05-16,2026-07-14
3832,蒲郡東,952.13,1000.0,2.72,愛知,東海,16,4,12,0,0.25,73.0,161.0,-88.0,2025-04-12,2026-07-07
3833,四日市西,952.13,1000.0,-4.97,三重,東海,5,0,5,0,0.0,10.0,35.0,-25.0,2025-07-05,2026-07-05
3834,河内,952.03,1000.0,-6.32,島根,中国,11,3,8,0,0.2727,33.0,78.0,-45.0,2025-04-19,2026-07-10
3835,岡崎東,952.02,1000.0,2.72,愛知,東海,11,3,8,0,0.2727,58.0,113.0,-55.0,2025-04-12,2026-07-05
3836,富山いずみ,952.01,1000.0,-10.7,富山,北信越,6,1,5,0,0.1667,29.0,52.0,-23.0,2025-04-19,2026-07-10
3837,琴平,952.0,1000.0,-4.3,徳島,四国,4,0,4,0,0.0,11.0,38.0,-27.0,2025-03-22,2026-03-21
3838,宇都宮白楊,951.97,1000.0,-2.36,栃木,関東・東京,6,1,5,0,0.1667,17.0,46.0,-29.0,2025-04-20,2026-07-12
3839,大東学園,951.96,1000.0,2.37,東京,関東・東京,5,0,5,0,0.0,2.0,63.0,-61.0,2025-04-04,2026-07-11
3840,狭山工,951.94,1000.0,-0.08,埼玉,関東・東京,5,0,5,0,0.0,9.0,64.0,-55.0,2025-04-24,2026-07-12
3841,上五島,951.93,1000.0,-0.81,長崎,九州,4,0,4,0,0.0,9.0,52.0,-43.0,2025-03-25,2026-03-21
3842,つばさ総合,951.9,1000.0,2.37,東京,関東・東京,5,0,5,0,0.0,3.0,70.0,-67.0,2025-04-04,2026-07-04
3843,伊賀白鳳,951.88,1000.0,-4.97,三重,東海,10,3,7,0,0.3,22.0,66.0,-44.0,2025-04-12,2026-07-12
3844,美幌,951.8,1000.0,-9.79,北海道,北海道,4,0,4,0,0.0,3.0,40.0,-37.0,2025-05-26,2026-06-29
3845,帯広緑陽,951.79,1000.0,-9.79,北海道,北海道,6,1,5,0,0.1667,15.0,37.0,-22.0,2025-05-26,2026-06-29
3846,磐城桜が丘,951.73,1000.0,-1.38,福島,東北,11,3,8,0,0.2727,42.0,103.0,-61.0,2025-05-16,2026-07-15
3847,札幌東陵,951.71,1000.0,-9.79,北海道,北海道,6,1,5,0,0.1667,10.0,50.0,-40.0,2025-05-26,2026-06-29
3848,岩手,951.67,1000.0,3.8,宮城,東北,9,1,8,0,0.1111,25.0,83.0,-58.0,2025-05-16,2026-07-14
3849,我孫子二階堂,951.57,1000.0,0.63,千葉,関東・東京,6,0,6,0,0.0,11.0,57.0,-46.0,2025-04-19,2026-07-09
3850,瑞穂農芸,951.53,1000.0,2.37,東京,関東・東京,5,0,5,0,0.0,5.0,125.0,-120.0,2025-04-04,2026-07-11
3851,東海,951.5,1000.0,2.72,愛知,東海,20,6,14,0,0.3,102.0,144.0,-42.0,2025-04-12,2026-07-12
3852,品川翔英,951.48,1000.0,2.37,東京,関東・東京,5,0,5,0,0.0,8.0,52.0,-44.0,2025-04-04,2026-07-08
3853,黒沢尻北,951.47,1000.0,3.8,宮城,東北,9,1,8,0,0.1111,22.0,67.0,-45.0,2025-05-16,2026-07-13
3854,つるぎ,951.44,1000.0,-0.82,香川,四国,6,1,5,0,0.1667,11.0,57.0,-46.0,2025-03-23,2026-07-14
3855,山形東,951.43,1000.0,-6.25,秋田,東北,8,2,6,0,0.25,25.0,64.0,-39.0,2025-05-09,2026-07-11
3856,高松第一,951.42,1000.0,-4.3,徳島,四国,4,0,4,0,0.0,7.0,38.0,-31.0,2025-03-23,2026-07-11
3857,都城泉ヶ丘,951.41,1000.0,-7.87,宮崎,九州,6,1,5,0,0.1667,26.0,49.0,-23.0,2025-03-24,2026-07-11
3858,添上,951.38,1000.0,3.92,奈良,近畿,5,0,5,0,0.0,7.0,50.0,-43.0,2025-04-12,2026-07-12
3859,福島明成,951.25,1000.0,-1.38,福島,東北,7,1,6,0,0.1429,18.0,59.0,-41.0,2025-05-16,2026-07-11
3860,丹羽,951.23,1000.0,2.72,愛知,東海,8,1,7,0,0.125,32.0,79.0,-47.0,2025-04-12,2026-07-07
3861,宮崎農業,951.2,1000.0,-7.87,宮崎,九州,6,1,5,0,0.1667,16.0,41.0,-25.0,2025-03-20,2026-07-08
3862,津田,951.19,1000.0,-4.3,徳島,四国,6,1,5,0,0.1667,12.0,38.0,-26.0,2025-03-20,2026-07-10
3863,ラ・サール,951.15,1000.0,1.49,鹿児島,九州,5,0,5,0,0.0,11.0,40.0,-29.0,2025-03-20,2026-07-11
3864,三池工業,951.12,1000.0,2.09,福岡,九州,5,0,5,0,0.0,5.0,44.0,-39.0,2025-03-20,2026-07-06
3865,電機大高,951.08,1000.0,2.37,東京,関東・東京,5,0,5,0,0.0,8.0,76.0,-68.0,2025-04-04,2026-07-10
3866,三池,951.07,1000.0,2.09,福岡,九州,6,1,5,0,0.1667,11.0,61.0,-50.0,2025-03-22,2026-07-09
3867,札幌稲雲,951.06,1000.0,-9.79,北海道,北海道,4,0,4,0,0.0,24.0,41.0,-17.0,2025-05-26,2026-06-26
3868,吹上,951.02,1000.0,1.49,鹿児島,九州,5,0,5,0,0.0,8.0,36.0,-28.0,2025-03-24,2026-07-05
3869,大島商船,950.97,1000.0,-1.06,山口,中国,4,0,4,0,0.0,1.0,40.0,-39.0,2025-07-13,2026-07-13
3870,福井高専,950.96,1000.0,1.72,福井,北信越,5,0,5,0,0.0,17.0,46.0,-29.0,2025-04-20,2026-07-11
3871,秀明,950.92,1000.0,-0.08,埼玉,関東・東京,5,0,5,0,0.0,9.0,115.0,-106.0,2025-04-24,2026-07-11
3872,早良,950.91,1000.0,2.09,福岡,九州,5,0,5,0,0.0,21.0,47.0,-26.0,2025-03-23,2026-07-06
3873,白井,950.91,1000.0,0.63,千葉,関東・東京,7,1,6,0,0.1429,12.0,75.0,-63.0,2025-04-19,2026-07-09
3874,関有知,950.9,1000.0,-2.62,岐阜,東海,10,3,7,0,0.3,37.0,89.0,-52.0,2025-04-12,2026-07-11
3875,東京高専,950.86,1000.0,2.37,東京,関東・東京,5,0,5,0,0.0,5.0,56.0,-51.0,2025-04-04,2026-07-11
3876,函館水産,950.85,1000.0,-9.79,北海道,北海道,6,1,5,0,0.1667,19.0,48.0,-29.0,2025-05-26,2026-06-21
3877,登別青嶺,950.79,1000.0,-9.79,北海道,北海道,6,1,5,0,0.1667,27.0,52.0,-25.0,2025-05-26,2026-06-24
3878,高槻,950.79,1000.0,8.38,大阪,近畿,5,0,5,0,0.0,12.0,59.0,-47.0,2025-04-19,2026-07-11
3879,鹿島,950.78,1000.0,-9.64,佐賀,九州,18,7,11,0,0.3889,84.0,118.0,-34.0,2025-03-20,2026-07-09
3880,城ノ内,950.73,1000.0,-0.82,香川,四国,5,0,5,0,0.0,11.0,30.0,-19.0,2025-03-20,2026-07-11
3881,小国,950.72,1000.0,-4.28,熊本,九州,6,1,5,0,0.1667,8.0,46.0,-38.0,2025-03-22,2026-07-11
3882,郡山東,950.66,1000.0,-1.38,福島,東北,6,0,6,0,0.0,10.0,48.0,-38.0,2025-05-16,2026-07-12
3883,大分鶴崎,950.62,1000.0,2.65,大分,九州,5,0,5,0,0.0,8.0,33.0,-25.0,2025-03-23,2026-07-12
3884,萩商工,950.57,1000.0,-1.06,山口,中国,5,0,5,0,0.0,12.0,32.0,-20.0,2025-04-20,2026-07-12
3885,宮古総実・宮古工業,950.55,1000.0,1.73,沖縄,九州,5,0,5,0,0.0,9.0,49.0,-40.0,2025-03-24,2026-06-13
3886,枚方なぎさ,950.51,1000.0,8.38,大阪,近畿,5,0,5,0,0.0,4.0,75.0,-71.0,2025-04-12,2026-07-11
3887,工業高専,950.5,1000.0,8.38,大阪,近畿,5,0,5,0,0.0,2.0,94.0,-92.0,2025-04-12,2026-07-14
3888,日出総合,950.45,1000.0,2.65,大分,九州,5,0,5,0,0.0,7.0,36.0,-29.0,2025-03-26,2026-07-14
3889,淀商,950.39,1000.0,8.38,大阪,近畿,5,0,5,0,0.0,10.0,50.0,-40.0,2025-04-12,2026-07-13
3890,上下,950.28,1000.0,-6.32,島根,中国,7,1,6,0,0.1429,13.0,49.0,-36.0,2025-07-06,2026-07-10
3891,常滑,950.18,1000.0,2.72,愛知,東海,13,3,10,0,0.2308,31.0,109.0,-78.0,2025-04-12,2026-07-18
3892,砺波,950.16,1000.0,-10.7,富山,北信越,6,1,5,0,0.1667,12.0,43.0,-31.0,2025-04-20,2026-07-18
3893,松本県ケ丘,950.15,1000.0,-4.39,長野,北信越,6,0,6,0,0.0,14.0,56.0,-42.0,2025-05-10,2026-07-04
3894,向陽,950.15,1000.0,2.72,愛知,近畿,36,15,21,0,0.4167,163.0,219.0,-56.0,2025-04-12,2026-07-20
3895,新川,950.12,1000.0,2.72,愛知,東海,23,9,14,0,0.3913,124.0,173.0,-49.0,2025-04-12,2026-07-11
3896,朝倉光陽,950.07,1000.0,2.09,福岡,九州,5,0,5,0,0.0,2.0,43.0,-41.0,2025-03-21,2026-07-07
3897,園芸,950.07,1000.0,8.38,大阪,近畿,5,0,5,0,0.0,2.0,60.0,-58.0,2025-04-06,2026-07-11
3898,春日井工科,949.98,1000.0,2.72,愛知,東海,11,2,9,0,0.1818,33.0,95.0,-62.0,2025-04-12,2026-07-05
3899,古川,949.98,1000.0,-1.84,山形,東北,10,2,8,0,0.2,33.0,66.0,-33.0,2025-05-16,2026-07-14
3900,酒田西,949.93,1000.0,-6.25,秋田,東北,6,1,5,0,0.1667,20.0,46.0,-26.0,2025-07-12,2026-07-13
3901,枝幸・天塩・豊富,949.86,1000.0,-9.79,北海道,北海道,4,0,4,0,0.0,15.0,48.0,-33.0,2025-05-26,2026-06-28
3902,韮崎工,949.84,1000.0,-0.05,山梨,関東・東京,5,0,5,0,0.0,7.0,36.0,-29.0,2025-04-19,2026-07-11
3903,江戸崎総合,949.79,1000.0,-1.03,茨城,関東・東京,5,0,5,0,0.0,4.0,57.0,-53.0,2025-07-10,2026-07-05
3904,長野,949.77,1000.0,-4.39,長野,北信越,17,6,11,0,0.3529,90.0,159.0,-69.0,2025-04-05,2026-07-05
3905,帝京大高,949.71,1000.0,2.37,東京,関東・東京,5,0,5,0,0.0,3.0,70.0,-67.0,2025-04-04,2026-07-11
3906,中間,949.64,1000.0,2.09,福岡,九州,5,0,5,0,0.0,3.0,28.0,-25.0,2025-03-23,2026-07-07
3907,伊万里実,949.57,1000.0,-9.64,佐賀,九州,6,1,5,0,0.1667,20.0,41.0,-21.0,2025-03-20,2026-07-13
3908,野沢南,949.54,1000.0,-4.39,長野,北信越,7,1,6,0,0.1429,22.0,77.0,-55.0,2025-05-10,2026-07-07
3909,青鳥特別支援,949.46,1000.0,2.37,東京,関東・東京,5,0,5,0,0.0,2.0,112.0,-110.0,2025-04-04,2026-07-10
3910,松戸向陽,949.42,1000.0,0.63,千葉,関東・東京,6,0,6,0,0.0,8.0,60.0,-52.0,2025-04-19,2026-07-09
3911,種子島中央,949.4,1000.0,1.49,鹿児島,九州,5,0,5,0,0.0,13.0,42.0,-29.0,2025-03-21,2026-07-05
3912,水戸三,949.28,1000.0,-1.03,茨城,関東・東京,5,0,5,0,0.0,9.0,63.0,-54.0,2025-07-07,2026-07-06
3913,四日市中央工,949.12,1000.0,-4.97,三重,東海,9,2,7,0,0.2222,36.0,72.0,-36.0,2025-04-12,2026-07-11
3914,呉高専,948.75,1000.0,-6.32,島根,中国,11,3,8,0,0.2727,49.0,92.0,-43.0,2025-04-19,2026-07-05
3915,新潟江南,948.72,1000.0,-5.27,新潟,北信越,6,1,5,0,0.1667,18.0,61.0,-43.0,2025-04-26,2026-07-12
3916,惟信,948.69,1000.0,2.72,愛知,東海,9,1,8,0,0.1111,32.0,67.0,-35.0,2025-04-12,2026-07-04
3917,尾鷲,948.61,1000.0,-4.97,三重,東海,5,0,5,0,0.0,10.0,69.0,-59.0,2025-04-12,2026-07-08
3918,万代,948.59,1000.0,-5.27,新潟,北信越,6,1,5,0,0.1667,25.0,62.0,-37.0,2025-04-27,2026-07-11
3919,須賀川桐陽,948.56,1000.0,-1.38,福島,東北,10,2,8,0,0.2,36.0,93.0,-57.0,2025-05-16,2026-07-12
3920,金沢大付,948.56,1000.0,6.19,石川,北信越,5,0,5,0,0.0,6.0,81.0,-75.0,2025-04-19,2026-07-10
3921,朝倉,948.55,1000.0,2.09,福岡,九州,5,0,5,0,0.0,10.0,42.0,-32.0,2025-03-23,2026-07-07
3922,旭川南,948.46,1000.0,-9.79,北海道,北海道,6,1,5,0,0.1667,19.0,46.0,-27.0,2025-05-26,2026-06-26
3923,札幌清田,948.34,1000.0,-9.79,北海道,北海道,6,1,5,0,0.1667,16.0,43.0,-27.0,2025-05-26,2026-06-25
3924,四日市農芸,948.34,1000.0,-4.97,三重,東海,5,0,5,0,0.0,3.0,87.0,-84.0,2025-07-05,2026-07-04
3925,淳心学院,948.31,1000.0,0.49,兵庫,近畿,6,0,6,0,0.0,4.0,53.0,-49.0,2025-04-19,2026-07-05
3926,長野高専,948.22,1000.0,-4.39,長野,北信越,5,0,5,0,0.0,5.0,70.0,-65.0,2025-07-06,2026-07-08
3927,敬和学園,948.14,1000.0,-5.27,新潟,北信越,6,1,5,0,0.1667,22.0,58.0,-36.0,2025-04-27,2026-07-10
3928,厚狭・厚狭明進,948.12,1000.0,-1.06,山口,中国,5,0,5,0,0.0,15.0,37.0,-22.0,2025-04-19,2026-07-13
3929,甲府南,948.1,1000.0,-0.05,山梨,関東・東京,5,0,5,0,0.0,10.0,40.0,-30.0,2025-04-12,2026-07-07
3930,勝山,947.98,1000.0,1.72,福井,北信越,16,5,11,0,0.3125,64.0,87.0,-23.0,2025-04-19,2026-07-12
3931,山門,947.93,1000.0,2.09,福岡,九州,5,0,5,0,0.0,11.0,54.0,-43.0,2025-03-20,2026-07-12
3932,岩倉総合,947.88,1000.0,2.72,愛知,東海,9,1,8,0,0.1111,21.0,64.0,-43.0,2025-04-12,2026-07-04
3933,函館ラ・サール,947.76,1000.0,-9.79,北海道,北海道,6,1,5,0,0.1667,10.0,51.0,-41.0,2025-05-26,2026-06-20
3934,加計芸北,947.72,1000.0,-6.32,島根,中国,7,1,6,0,0.1429,30.0,70.0,-40.0,2025-07-06,2026-07-07
3935,守山,947.71,1000.0,2.72,愛知,東海,7,1,6,0,0.1429,13.0,67.0,-54.0,2025-04-12,2026-07-07
3936,呉商業,947.7,1000.0,-6.32,島根,中国,10,2,8,0,0.2,28.0,61.0,-33.0,2025-04-19,2026-07-06
3937,唐津西,947.68,1000.0,-9.64,佐賀,九州,6,1,5,0,0.1667,15.0,36.0,-21.0,2025-03-22,2026-07-10
3938,柏の葉,947.67,1000.0,0.63,千葉,関東・東京,6,0,6,0,0.0,8.0,65.0,-57.0,2025-04-19,2026-07-13
3939,三原,947.59,1000.0,-6.32,島根,中国,10,2,8,0,0.2,35.0,57.0,-22.0,2025-04-19,2026-07-12
3940,長岡高専,947.55,1000.0,-5.27,新潟,北信越,6,1,5,0,0.1667,15.0,66.0,-51.0,2025-04-27,2026-07-12
3941,芦北,947.54,1000.0,-4.28,熊本,九州,5,0,5,0,0.0,13.0,28.0,-15.0,2025-03-22,2026-07-08
3942,国際情報,947.53,1000.0,-0.81,滋賀,近畿,11,2,9,0,0.1818,33.0,54.0,-21.0,2025-04-12,2026-07-09
3943,米子,947.48,1000.0,1.62,岡山,中国,5,0,5,0,0.0,9.0,53.0,-44.0,2025-04-21,2026-07-11
3944,喜多方,947.44,1000.0,-1.38,福島,東北,11,3,8,0,0.2727,49.0,79.0,-30.0,2025-05-16,2026-07-11
3945,一宮商業,947.33,1000.0,0.63,千葉,関東・東京,8,1,7,0,0.125,28.0,74.0,-46.0,2025-04-19,2026-07-11
3946,札幌啓成,947.29,1000.0,-9.79,北海道,北海道,5,0,5,0,0.0,6.0,23.0,-17.0,2025-05-26,2026-06-23
3947,本巣松陽,947.28,1000.0,-2.62,岐阜,東海,8,1,7,0,0.125,14.0,51.0,-37.0,2025-04-12,2026-07-11
3948,ありあけ新世,947.12,1000.0,2.09,福岡,九州,5,0,5,0,0.0,4.0,43.0,-39.0,2025-03-21,2026-07-08
3949,宮崎西,947.02,1000.0,-7.87,宮崎,九州,5,0,5,0,0.0,21.0,48.0,-27.0,2025-03-23,2026-07-06
3950,長崎明誠,946.76,1000.0,-0.81,長崎,九州,5,0,5,0,0.0,10.0,30.0,-20.0,2025-03-26,2026-07-08
3951,高円芸術・国際・二階堂・山辺,946.62,1000.0,3.92,奈良,近畿,5,0,5,0,0.0,1.0,66.0,-65.0,2025-04-13,2026-07-11
3952,三条東,946.59,1000.0,-5.27,新潟,北信越,6,1,5,0,0.1667,24.0,69.0,-45.0,2025-04-28,2026-07-09
3953,南風原,946.47,1000.0,1.73,沖縄,九州,5,0,5,0,0.0,8.0,51.0,-43.0,2025-03-20,2026-06-20
3954,函館大谷,946.45,1000.0,-9.79,北海道,北海道,7,1,6,0,0.1429,20.0,46.0,-26.0,2025-05-26,2026-07-09
3955,松川,946.37,1000.0,-4.39,長野,北信越,5,0,5,0,0.0,9.0,69.0,-60.0,2025-05-10,2026-07-07
3956,都城高専,946.29,1000.0,-7.87,宮崎,九州,4,0,4,0,0.0,3.0,45.0,-42.0,2025-03-22,2026-07-09
3957,福岡常葉,946.11,1000.0,2.09,福岡,九州,5,0,5,0,0.0,0.0,56.0,-56.0,2025-03-21,2026-07-09
3958,室蘭清水丘,945.97,1000.0,-9.79,北海道,北海道,6,1,5,0,0.1667,31.0,76.0,-45.0,2025-05-26,2026-06-21
3959,大多喜,945.94,1000.0,0.63,千葉,関東・東京,6,0,6,0,0.0,11.0,72.0,-61.0,2025-04-19,2026-07-13
3960,日田,945.82,1000.0,2.65,大分,九州,5,0,5,0,0.0,6.0,52.0,-46.0,2025-03-28,2026-07-11
3961,和田山,945.79,1000.0,0.49,兵庫,近畿,6,0,6,0,0.0,3.0,67.0,-64.0,2025-04-19,2026-07-09
3962,呉工業,945.61,1000.0,-6.32,島根,中国,8,1,7,0,0.125,24.0,73.0,-49.0,2025-04-19,2026-03-28
3963,郡山北工,945.53,1000.0,-1.38,福島,東北,9,1,8,0,0.1111,21.0,48.0,-27.0,2025-05-16,2026-07-11
3964,玄洋,945.41,1000.0,2.09,福岡,九州,5,0,5,0,0.0,16.0,55.0,-39.0,2025-03-21,2026-07-07
3965,わせがく,945.29,1000.0,0.63,千葉,関東・東京,6,0,6,0,0.0,9.0,94.0,-85.0,2025-04-19,2026-07-13
3966,洛西,945.25,1000.0,2.25,京都,近畿,5,0,5,0,0.0,0.0,62.0,-62.0,2025-04-19,2026-07-09
3967,倉敷,945.06,1000.0,-7.46,鳥取,中国,5,0,5,0,0.0,9.0,59.0,-50.0,2025-07-13,2026-07-12
3968,羽幌,945.01,1000.0,-9.79,北海道,北海道,4,0,4,0,0.0,4.0,54.0,-50.0,2025-05-26,2026-06-25
3969,油木,944.98,1000.0,-6.32,島根,中国,10,2,8,0,0.2,40.0,128.0,-88.0,2025-04-19,2026-07-10
3970,芽室,944.96,1000.0,-9.79,北海道,北海道,5,0,5,0,0.0,13.0,61.0,-48.0,2025-05-26,2026-06-26
3971,滝川工業,944.95,1000.0,-9.79,北海道,北海道,4,0,4,0,0.0,6.0,43.0,-37.0,2025-05-26,2026-06-26
3972,石狩南,944.89,1000.0,-9.79,北海道,北海道,6,1,5,0,0.1667,12.0,60.0,-48.0,2025-05-26,2026-06-25
3973,守山北,944.77,1000.0,-0.81,滋賀,近畿,5,0,5,0,0.0,5.0,41.0,-36.0,2025-04-19,2026-07-07
3974,新潟青陵,944.71,1000.0,-5.27,新潟,北信越,5,0,5,0,0.0,5.0,40.0,-35.0,2025-04-27,2026-07-10
3975,可児工,944.66,1000.0,-2.62,岐阜,東海,10,2,8,0,0.2,29.0,76.0,-47.0,2025-04-12,2026-07-12
3976,玉名工,944.66,1000.0,-4.28,熊本,九州,5,0,5,0,0.0,3.0,30.0,-27.0,2025-03-20,2026-07-08
3977,金沢伏見,944.65,1000.0,6.19,石川,北信越,5,0,5,0,0.0,2.0,54.0,-52.0,2025-04-26,2026-07-11
3978,大津緑洋,944.59,1000.0,-1.06,山口,中国,5,0,5,0,0.0,8.0,46.0,-38.0,2025-04-12,2026-07-12
3979,米沢東,944.4,1000.0,-6.25,秋田,東北,7,1,6,0,0.1429,29.0,66.0,-37.0,2025-05-11,2026-07-10
3980,秋田高専,944.37,1000.0,0.62,岩手,東北,6,0,6,0,0.0,4.0,54.0,-50.0,2025-05-14,2026-07-11
3981,旭川商業,944.26,1000.0,-9.79,北海道,北海道,5,0,5,0,0.0,16.0,52.0,-36.0,2025-05-26,2026-06-27
3982,門川,944.25,1000.0,-7.87,宮崎,九州,6,1,5,0,0.1667,7.0,53.0,-46.0,2025-03-22,2026-07-06
3983,藤代紫水,944.03,1000.0,-1.03,茨城,関東・東京,6,0,6,0,0.0,7.0,69.0,-62.0,2025-04-19,2026-07-09
3984,北見商業,943.98,1000.0,-9.79,北海道,北海道,5,0,5,0,0.0,13.0,33.0,-20.0,2025-05-26,2026-06-28
3985,彦根工,943.95,1000.0,-0.81,滋賀,近畿,5,0,5,0,0.0,2.0,29.0,-27.0,2025-04-19,2026-07-10
3986,釧路明輝,943.93,1000.0,-9.79,北海道,北海道,4,0,4,0,0.0,3.0,47.0,-44.0,2025-05-26,2026-06-27
3987,伝習館,943.75,1000.0,2.09,福岡,九州,5,0,5,0,0.0,15.0,58.0,-43.0,2025-03-24,2026-07-09
3988,名古屋工科,943.74,1000.0,2.72,愛知,東海,9,1,8,0,0.1111,35.0,81.0,-46.0,2025-04-12,2026-07-04
3989,長浜北星,943.7,1000.0,-0.81,滋賀,近畿,5,0,5,0,0.0,8.0,46.0,-38.0,2025-04-12,2026-07-08
3990,尾道東,943.52,1000.0,-6.32,島根,中国,10,2,8,0,0.2,38.0,111.0,-73.0,2025-04-19,2026-07-12
3991,門司学園,943.37,1000.0,2.09,福岡,九州,5,0,5,0,0.0,6.0,59.0,-53.0,2025-03-22,2026-07-08
3992,豊田高専,943.25,1000.0,2.72,愛知,東海,9,1,8,0,0.1111,31.0,98.0,-67.0,2025-04-12,2026-07-04
3993,林野,943.17,1000.0,-7.46,鳥取,中国,8,1,7,0,0.125,23.0,70.0,-47.0,2025-04-26,2026-07-11
3994,科学技術,943.15,1000.0,1.72,福井,北信越,25,8,17,0,0.32,90.0,105.0,-15.0,2025-04-19,2026-07-14
3995,丸岡,942.89,1000.0,1.72,福井,北信越,5,0,5,0,0.0,15.0,72.0,-57.0,2025-04-20,2026-07-11
3996,伊予農,942.88,1000.0,-7.48,愛媛,四国,5,0,5,0,0.0,9.0,42.0,-33.0,2025-03-22,2026-07-14
3997,吉野川,942.81,1000.0,-0.82,香川,四国,5,0,5,0,0.0,11.0,54.0,-43.0,2025-03-22,2026-07-12
3998,太良,942.74,1000.0,-9.64,佐賀,九州,5,0,5,0,0.0,14.0,34.0,-20.0,2025-03-20,2026-07-12
3999,苫小牧南,942.61,1000.0,-9.79,北海道,北海道,5,0,5,0,0.0,3.0,61.0,-58.0,2025-05-26,2026-06-20
4000,松井田,942.53,1000.0,3.22,群馬,関東・東京,5,0,5,0,0.0,7.0,90.0,-83.0,2025-04-15,2026-07-06
4001,日向工,942.49,1000.0,-7.87,宮崎,九州,5,0,5,0,0.0,16.0,45.0,-29.0,2025-03-21,2026-07-05
4002,下高井農林,942.36,1000.0,-4.39,長野,北信越,6,0,6,0,0.0,7.0,106.0,-99.0,2025-05-10,2026-07-07
4003,室蘭栄,942.29,1000.0,-9.79,北海道,北海道,5,0,5,0,0.0,1.0,26.0,-25.0,2025-05-26,2026-06-21
4004,稲築志耕館,942.2,1000.0,2.09,福岡,九州,5,0,5,0,0.0,2.0,59.0,-57.0,2025-03-22,2026-07-06
4005,高松,942.14,1000.0,-4.3,徳島,四国,5,0,5,0,0.0,5.0,50.0,-45.0,2025-03-23,2026-07-13
4006,豊科,942.04,1000.0,-4.39,長野,北信越,6,0,6,0,0.0,6.0,119.0,-113.0,2025-05-10,2026-07-07
4007,舞鶴高専,941.99,1000.0,2.25,京都,近畿,5,0,5,0,0.0,1.0,71.0,-70.0,2025-04-19,2026-07-10
4008,東桜学館,941.81,1000.0,-6.25,秋田,東北,7,1,6,0,0.1429,26.0,72.0,-46.0,2025-05-10,2026-07-12
4009,高水,941.67,1000.0,-1.06,山口,中国,5,0,5,0,0.0,5.0,55.0,-50.0,2025-04-12,2026-07-11
4010,仙台高専名取,941.37,1000.0,-1.84,山形,東北,11,2,9,0,0.1818,25.0,87.0,-62.0,2025-05-16,2026-07-13
4011,北見工業,941.33,1000.0,-9.79,北海道,北海道,5,0,5,0,0.0,21.0,56.0,-35.0,2025-05-26,2026-06-28
4012,高岡向陵,940.99,1000.0,-10.7,富山,北信越,5,0,5,0,0.0,11.0,37.0,-26.0,2025-04-26,2026-07-10
4013,宇和島南,940.84,1000.0,-7.48,愛媛,四国,5,0,5,0,0.0,25.0,46.0,-21.0,2025-03-20,2026-07-12
4014,猿投農林,940.74,1000.0,2.72,愛知,東海,8,0,8,0,0.0,6.0,93.0,-87.0,2025-04-12,2026-06-28
4015,土岐紅陵,940.1,1000.0,-2.62,岐阜,東海,9,1,8,0,0.1111,16.0,70.0,-54.0,2025-04-12,2026-07-04
4016,木曽川,940.1,1000.0,2.72,愛知,東海,9,1,8,0,0.1111,17.0,111.0,-94.0,2025-04-12,2026-07-07
4017,延岡星雲,940.06,1000.0,-7.87,宮崎,九州,5,0,5,0,0.0,17.0,53.0,-36.0,2025-03-22,2026-07-10
4018,呉宮原,939.96,1000.0,-6.32,島根,中国,9,1,8,0,0.1111,36.0,72.0,-36.0,2025-04-19,2026-07-11
4019,稚内,939.96,1000.0,-9.79,北海道,北海道,5,0,5,0,0.0,13.0,55.0,-42.0,2025-05-26,2026-06-27
4020,高松桜井,939.89,1000.0,-4.3,徳島,四国,5,0,5,0,0.0,12.0,43.0,-31.0,2025-03-23,2026-07-14
4021,日彰館,939.83,1000.0,-6.32,島根,中国,9,1,8,0,0.1111,22.0,90.0,-68.0,2025-04-19,2026-07-10
4022,小山北桜,939.75,1000.0,-2.36,栃木,関東・東京,5,0,5,0,0.0,11.0,53.0,-42.0,2025-04-12,2026-07-10
4023,深川東,939.52,1000.0,-9.79,北海道,北海道,5,0,5,0,0.0,10.0,93.0,-83.0,2025-05-26,2026-06-26
4024,橘,939.4,1000.0,4.44,神奈川,関東・東京,9,1,8,0,0.1111,23.0,65.0,-42.0,2025-04-06,2026-07-12
4025,松平,939.4,1000.0,2.72,愛知,東海,8,0,8,0,0.0,16.0,75.0,-59.0,2025-04-12,2026-07-05
4026,大津,939.38,1000.0,-0.81,滋賀,近畿,14,4,10,0,0.2857,53.0,131.0,-78.0,2025-03-22,2026-07-11
4027,福島高専,939.35,1000.0,-1.38,福島,東北,6,0,6,0,0.0,8.0,83.0,-75.0,2025-07-12,2026-07-09
4028,札幌英藍,938.89,1000.0,-9.79,北海道,北海道,5,0,5,0,0.0,0.0,80.0,-80.0,2025-05-26,2026-06-23
4029,半田工科,938.88,1000.0,2.72,愛知,東海,11,1,10,0,0.0909,41.0,111.0,-70.0,2025-04-12,2026-07-07
4030,函館高専,938.38,1000.0,-9.79,北海道,北海道,5,0,5,0,0.0,9.0,55.0,-46.0,2025-05-26,2026-06-21
4031,鶴岡高専,937.94,1000.0,-6.25,秋田,東北,7,1,6,0,0.1429,21.0,60.0,-39.0,2025-05-09,2026-07-11
4032,岩泉,937.54,1000.0,3.8,宮城,東北,8,0,8,0,0.0,13.0,94.0,-81.0,2025-05-16,2026-07-09
4033,宇治山田,937.46,1000.0,-4.97,三重,東海,10,1,9,0,0.1,27.0,62.0,-35.0,2025-04-12,2026-07-04
4034,揖斐,937.34,1000.0,-2.62,岐阜,東海,9,1,8,0,0.1111,16.0,92.0,-76.0,2025-04-12,2026-07-11
4035,世羅,937.26,1000.0,-6.32,島根,中国,6,0,6,0,0.0,18.0,70.0,-52.0,2025-07-11,2026-07-06
4036,石狩翔陽,937.05,1000.0,-9.79,北海道,北海道,5,0,5,0,0.0,2.0,40.0,-38.0,2025-05-26,2026-06-24
4037,山形明正,936.93,1000.0,-6.25,秋田,東北,7,1,6,0,0.1429,11.0,66.0,-55.0,2025-05-09,2026-07-14
4038,音更,936.77,1000.0,-9.79,北海道,北海道,5,0,5,0,0.0,3.0,111.0,-108.0,2025-05-26,2026-06-26
4039,豊野,936.54,1000.0,2.72,愛知,東海,8,0,8,0,0.0,16.0,103.0,-87.0,2025-04-12,2026-07-04
4040,苫小牧高専,936.43,1000.0,-9.79,北海道,北海道,5,0,5,0,0.0,8.0,94.0,-86.0,2025-05-26,2026-06-23
4041,新居浜高専,936.43,1000.0,-7.48,愛媛,四国,5,0,5,0,0.0,5.0,52.0,-47.0,2025-03-21,2026-07-11
4042,興陽,936.16,1000.0,3.22,群馬,関東・東京,12,2,10,0,0.1667,40.0,99.0,-59.0,2025-04-13,2026-07-11
4043,東川,936.08,1000.0,-9.79,北海道,北海道,5,0,5,0,0.0,10.0,71.0,-61.0,2025-05-26,2026-06-27
4044,大府東,935.82,1000.0,2.72,愛知,東海,15,3,12,0,0.2,61.0,118.0,-57.0,2025-04-12,2026-06-28
4045,大垣工,935.6,1000.0,-2.62,岐阜,東海,8,0,8,0,0.0,16.0,60.0,-44.0,2025-04-12,2026-07-12
4046,夕張,935.44,1000.0,-9.79,北海道,北海道,5,0,5,0,0.0,3.0,75.0,-72.0,2025-05-26,2026-06-27
4047,泉松陵,935.27,1000.0,-1.84,山形,東北,8,0,8,0,0.0,11.0,75.0,-64.0,2025-05-16,2026-07-12
4048,高田農,935.21,1000.0,-5.27,新潟,北信越,5,0,5,0,0.0,6.0,67.0,-61.0,2025-04-27,2026-07-14
4049,若松商業,935.18,1000.0,-1.38,福島,東北,15,4,11,0,0.2667,54.0,127.0,-73.0,2025-03-22,2026-07-09
4050,羽島北,934.98,1000.0,-2.62,岐阜,東海,8,0,8,0,0.0,22.0,68.0,-46.0,2025-04-12,2026-07-12
4051,農芸,934.52,1000.0,2.25,京都,近畿,6,0,6,0,0.0,4.0,82.0,-78.0,2025-07-09,2026-07-13
4052,鶴岡工業,934.51,1000.0,-6.25,秋田,東北,6,0,6,0,0.0,11.0,59.0,-48.0,2025-05-11,2026-07-13
4053,入善,934.43,1000.0,-10.7,富山,北信越,5,0,5,0,0.0,14.0,68.0,-54.0,2025-04-26,2026-07-12
4054,広島商船,934.0,1000.0,-6.32,島根,中国,9,1,8,0,0.1111,31.0,99.0,-68.0,2025-04-19,2026-07-06
4055,根室,933.54,1000.0,-9.79,北海道,北海道,5,0,5,0,0.0,5.0,91.0,-86.0,2025-05-26,2026-06-28
4056,福山明王台,933.49,1000.0,-6.32,島根,中国,9,1,8,0,0.1111,19.0,96.0,-77.0,2025-04-19,2026-07-11
4057,仙台西,933.4,1000.0,-1.84,山形,東北,8,0,8,0,0.0,19.0,79.0,-60.0,2025-05-16,2026-07-13
4058,大門,933.03,1000.0,-6.32,島根,中国,15,4,11,0,0.2667,51.0,111.0,-60.0,2025-04-19,2026-07-11
4059,鳴海,932.92,1000.0,2.72,愛知,東海,8,0,8,0,0.0,16.0,129.0,-113.0,2025-04-12,2026-07-07
4060,寒河江工業,932.88,1000.0,-6.25,秋田,東北,6,0,6,0,0.0,24.0,68.0,-44.0,2025-05-11,2026-07-13
4061,半田農,932.76,1000.0,2.72,愛知,東海,8,0,8,0,0.0,17.0,114.0,-97.0,2025-06-29,2026-07-07
4062,桑名北,932.61,1000.0,-4.97,三重,東海,7,0,7,0,0.0,15.0,77.0,-62.0,2025-04-12,2026-07-08
4063,小牛田農林,932.01,1000.0,-1.84,山形,東北,8,0,8,0,0.0,12.0,90.0,-78.0,2025-05-16,2026-07-11
4064,小樽明峰,932.0,1000.0,-9.79,北海道,北海道,5,0,5,0,0.0,12.0,90.0,-78.0,2025-05-26,2026-06-26
4065,豊川工科,928.66,1000.0,2.72,愛知,東海,12,1,11,0,0.0833,34.0,141.0,-107.0,2025-04-12,2026-07-05
4066,松陽,928.02,1000.0,1.49,鹿児島,九州,18,4,14,0,0.2222,68.0,127.0,-59.0,2025-03-20,2026-07-13
4067,豊橋工科,925.95,1000.0,2.72,愛知,東海,15,2,13,0,0.1333,48.0,123.0,-75.0,2025-04-12,2026-07-07
4068,会津農林,925.76,1000.0,-1.38,福島,東北,8,0,8,0,0.0,10.0,105.0,-95.0,2025-05-16,2026-07-12
4069,花園,925.33,1000.0,2.25,京都,近畿,12,2,10,0,0.1667,36.0,96.0,-60.0,2025-04-06,2026-07-13
4070,三谷水産,902.71,1000.0,2.72,愛知,東海,14,0,14,0,0.0,17.0,161.0,-144.0,2025-04-12,2026-07-07
4071,神戸,901.32,1000.0,-4.97,三重,東海,14,1,13,0,0.0714,25.0,122.0,-97.0,2025-04-12,2026-07-12
4072,海洋,900.62,1000.0,-5.27,新潟,北信越,9,0,9,0,0.0,10.0,118.0,-108.0,2025-04-20,2026-07-12
4073,南陽,897.97,1000.0,2.25,京都,近畿,15,1,14,0,0.0667,48.0,200.0,-152.0,2025-04-12,2026-07-08
4074,三重水産,891.23,1000.0,-4.97,三重,東海,13,1,12,0,0.0769,19.0,146.0,-127.0,2025-04-12,2026-07-11
