year,season,region,prefecture,sub_area,tournament,round,date,team1,score1,team2,score2,team1_prefecture,team2_prefecture,source_url,source_ref,source_status,source_dataset,note
2017,senbatsu,national,,,2017選抜,1R,,市呉,6,至学館,5,広島,愛知,,v1_3_workcopy.xlsx / 試合元帳,元帳あり・Web URL未登録,v1_3_workcopy.xlsx,level=national;historical_reference=1;team1_pref=広島;team2_pref=愛知;legacy_note=延長12回
2017,senbatsu,national,,,2017選抜,1R,,履正社,12,日大三,5,大阪,東京,,v1_3_workcopy.xlsx / 試合元帳,元帳あり・Web URL未登録,v1_3_workcopy.xlsx,level=national;historical_reference=1;team1_pref=大阪;team2_pref=東京
2017,senbatsu,national,,,2017選抜,1R,,智弁学園,9,熊本工,0,奈良,熊本,,v1_3_workcopy.xlsx / 試合元帳,元帳あり・Web URL未登録,v1_3_workcopy.xlsx,level=national;historical_reference=1;team1_pref=奈良;team2_pref=熊本
2017,senbatsu,national,,,2017選抜,1R,,盛岡大付,10,高岡商,9,岩手,富山,,v1_3_workcopy.xlsx / 試合元帳,元帳あり・Web URL未登録,v1_3_workcopy.xlsx,level=national;historical_reference=1;team1_pref=岩手;team2_pref=富山;legacy_note=延長10回逆転サヨナラ
2017,senbatsu,national,,,2017選抜,1R,,報徳学園,21,多治見,0,兵庫,岐阜,,v1_3_workcopy.xlsx / 試合元帳,元帳あり・Web URL未登録,v1_3_workcopy.xlsx,level=national;historical_reference=1;team1_pref=兵庫;team2_pref=岐阜
2017,senbatsu,national,,,2017選抜,1R,,前橋育英,5,中村,1,群馬,高知,,v1_3_workcopy.xlsx / 試合元帳,元帳あり・Web URL未登録,v1_3_workcopy.xlsx,level=national;historical_reference=1;team1_pref=群馬;team2_pref=高知
2017,senbatsu,national,,,2017選抜,1R,,福岡大大濠,6,創志学園,3,福岡,岡山,,v1_3_workcopy.xlsx / 試合元帳,元帳あり・Web URL未登録,v1_3_workcopy.xlsx,level=national;historical_reference=1;team1_pref=福岡;team2_pref=岡山
2017,senbatsu,national,,,2017選抜,1R,,滋賀学園,6,東海大市原望洋,2,滋賀,千葉,,v1_3_workcopy.xlsx / 試合元帳,元帳あり・Web URL未登録,v1_3_workcopy.xlsx,level=national;historical_reference=1;team1_pref=滋賀;team2_pref=千葉;legacy_note=延長14回
2017,senbatsu,national,,,2017選抜,1R,,健大高崎,11,札幌第一,1,群馬,北海道,,v1_3_workcopy.xlsx / 試合元帳,元帳あり・Web URL未登録,v1_3_workcopy.xlsx,level=national;historical_reference=1;team1_pref=群馬;team2_pref=北海道
2017,senbatsu,national,,,2017選抜,1R,,福井工大福井,6,仙台育英,4,福井,宮城,,v1_3_workcopy.xlsx / 試合元帳,元帳あり・Web URL未登録,v1_3_workcopy.xlsx,level=national;historical_reference=1;team1_pref=福井;team2_pref=宮城
2017,senbatsu,national,,,2017選抜,1R,,秀岳館,11,高田商,1,熊本,奈良,,v1_3_workcopy.xlsx / 試合元帳,元帳あり・Web URL未登録,v1_3_workcopy.xlsx,level=national;historical_reference=1;team1_pref=熊本;team2_pref=奈良
2017,senbatsu,national,,,2017選抜,1R,,作新学院,9,帝京五,1,栃木,愛媛,,v1_3_workcopy.xlsx / 試合元帳,元帳あり・Web URL未登録,v1_3_workcopy.xlsx,level=national;historical_reference=1;team1_pref=栃木;team2_pref=愛媛
2017,senbatsu,national,,,2017選抜,1R,,東海大福岡,2,神戸国際大付,1,福岡,兵庫,,v1_3_workcopy.xlsx / 試合元帳,元帳あり・Web URL未登録,v1_3_workcopy.xlsx,level=national;historical_reference=1;team1_pref=福岡;team2_pref=兵庫;legacy_note=サヨナラ
2017,senbatsu,national,,,2017選抜,1R,,早稲田実,5,明徳義塾,4,東京,高知,,v1_3_workcopy.xlsx / 試合元帳,元帳あり・Web URL未登録,v1_3_workcopy.xlsx,level=national;historical_reference=1;team1_pref=東京;team2_pref=高知;legacy_note=延長10回
2017,senbatsu,national,,,2017選抜,1R,,静岡,12,不来方,3,静岡,岩手,,v1_3_workcopy.xlsx / 試合元帳,元帳あり・Web URL未登録,v1_3_workcopy.xlsx,level=national;historical_reference=1;team1_pref=静岡;team2_pref=岩手
2017,senbatsu,national,,,2017選抜,1R,,大阪桐蔭,11,宇部鴻城,0,大阪,山口,,v1_3_workcopy.xlsx / 試合元帳,元帳あり・Web URL未登録,v1_3_workcopy.xlsx,level=national;historical_reference=1;team1_pref=大阪;team2_pref=山口
2017,senbatsu,national,,,2017選抜,2R,,履正社,1,市呉,0,大阪,広島,,v1_3_workcopy.xlsx / 試合元帳,元帳あり・Web URL未登録,v1_3_workcopy.xlsx,level=national;historical_reference=1;team1_pref=大阪;team2_pref=広島
2017,senbatsu,national,,,2017選抜,2R,,盛岡大付,5,智弁学園,1,岩手,奈良,,v1_3_workcopy.xlsx / 試合元帳,元帳あり・Web URL未登録,v1_3_workcopy.xlsx,level=national;historical_reference=1;team1_pref=岩手;team2_pref=奈良
2017,senbatsu,national,,,2017選抜,2R,,報徳学園,4,前橋育英,0,兵庫,群馬,,v1_3_workcopy.xlsx / 試合元帳,元帳あり・Web URL未登録,v1_3_workcopy.xlsx,level=national;historical_reference=1;team1_pref=兵庫;team2_pref=群馬
2017,senbatsu,national,,,2017選抜,2R,,福岡大大濠,1,滋賀学園,1,福岡,滋賀,,v1_3_workcopy.xlsx / 試合元帳,元帳あり・Web URL未登録,v1_3_workcopy.xlsx,level=national;historical_reference=1;team1_pref=福岡;team2_pref=滋賀;legacy_note=延長15回引分け
2017,senbatsu,national,,,2017選抜,2R,,福井工大福井,7,健大高崎,7,福井,群馬,,v1_3_workcopy.xlsx / 試合元帳,元帳あり・Web URL未登録,v1_3_workcopy.xlsx,level=national;historical_reference=1;team1_pref=福井;team2_pref=群馬;legacy_note=延長15回引分け
2017,senbatsu,national,,,2017選抜,2R,,秀岳館,3,作新学院,2,熊本,栃木,,v1_3_workcopy.xlsx / 試合元帳,元帳あり・Web URL未登録,v1_3_workcopy.xlsx,level=national;historical_reference=1;team1_pref=熊本;team2_pref=栃木
2017,senbatsu,national,,,2017選抜,2R,,東海大福岡,11,早稲田実,8,福岡,東京,,v1_3_workcopy.xlsx / 試合元帳,元帳あり・Web URL未登録,v1_3_workcopy.xlsx,level=national;historical_reference=1;team1_pref=福岡;team2_pref=東京
2017,senbatsu,national,,,2017選抜,2R,,大阪桐蔭,11,静岡,8,大阪,静岡,,v1_3_workcopy.xlsx / 試合元帳,元帳あり・Web URL未登録,v1_3_workcopy.xlsx,level=national;historical_reference=1;team1_pref=大阪;team2_pref=静岡
2017,senbatsu,national,,,2017選抜,2R,,福岡大大濠,5,滋賀学園,3,福岡,滋賀,,v1_3_workcopy.xlsx / 試合元帳,元帳あり・Web URL未登録,v1_3_workcopy.xlsx,level=national;historical_reference=1;team1_pref=福岡;team2_pref=滋賀
2017,senbatsu,national,,,2017選抜,2R,,健大高崎,10,福井工大福井,2,群馬,福井,,v1_3_workcopy.xlsx / 試合元帳,元帳あり・Web URL未登録,v1_3_workcopy.xlsx,level=national;historical_reference=1;team1_pref=群馬;team2_pref=福井
2017,senbatsu,national,,,2017選抜,QF,,履正社,8,盛岡大付,1,大阪,岩手,,v1_3_workcopy.xlsx / 試合元帳,元帳あり・Web URL未登録,v1_3_workcopy.xlsx,level=national;historical_reference=1;team1_pref=大阪;team2_pref=岩手
2017,senbatsu,national,,,2017選抜,QF,,報徳学園,8,福岡大大濠,3,兵庫,福岡,,v1_3_workcopy.xlsx / 試合元帳,元帳あり・Web URL未登録,v1_3_workcopy.xlsx,level=national;historical_reference=1;team1_pref=兵庫;team2_pref=福岡
2017,senbatsu,national,,,2017選抜,QF,,秀岳館,9,健大高崎,2,熊本,群馬,,v1_3_workcopy.xlsx / 試合元帳,元帳あり・Web URL未登録,v1_3_workcopy.xlsx,level=national;historical_reference=1;team1_pref=熊本;team2_pref=群馬
2017,senbatsu,national,,,2017選抜,QF,,大阪桐蔭,4,東海大福岡,2,大阪,福岡,,v1_3_workcopy.xlsx / 試合元帳,元帳あり・Web URL未登録,v1_3_workcopy.xlsx,level=national;historical_reference=1;team1_pref=大阪;team2_pref=福岡
2017,senbatsu,national,,,2017選抜,SF,,履正社,6,報徳学園,4,大阪,兵庫,,v1_3_workcopy.xlsx / 試合元帳,元帳あり・Web URL未登録,v1_3_workcopy.xlsx,level=national;historical_reference=1;team1_pref=大阪;team2_pref=兵庫
2017,senbatsu,national,,,2017選抜,SF,,大阪桐蔭,2,秀岳館,1,大阪,熊本,,v1_3_workcopy.xlsx / 試合元帳,元帳あり・Web URL未登録,v1_3_workcopy.xlsx,level=national;historical_reference=1;team1_pref=大阪;team2_pref=熊本
2017,senbatsu,national,,,2017選抜,F,,大阪桐蔭,8,履正社,3,大阪,大阪,,v1_3_workcopy.xlsx / 試合元帳,元帳あり・Web URL未登録,v1_3_workcopy.xlsx,level=national;historical_reference=1;team1_pref=大阪;team2_pref=大阪
2017,spring,hokkaido,,,2017春季北海道地区大会,1R,,札幌日大,13,鵡川,9,北海道,北海道,,v1_3_workcopy.xlsx / 試合元帳,元帳あり・Web URL未登録,v1_3_workcopy.xlsx,level=regional;historical_reference=1;team1_pref=北海道;team2_pref=北海道
2017,spring,hokkaido,,,2017春季北海道地区大会,1R,,稚内大谷,3,旭川実,2,北海道,北海道,,v1_3_workcopy.xlsx / 試合元帳,元帳あり・Web URL未登録,v1_3_workcopy.xlsx,level=regional;historical_reference=1;team1_pref=北海道;team2_pref=北海道
2017,spring,hokkaido,,,2017春季北海道地区大会,1R,,北照,4,札幌南,1,北海道,北海道,,v1_3_workcopy.xlsx / 試合元帳,元帳あり・Web URL未登録,v1_3_workcopy.xlsx,level=regional;historical_reference=1;team1_pref=北海道;team2_pref=北海道
2017,spring,hokkaido,,,2017春季北海道地区大会,1R,,函館大有斗,10,遠軽,9,北海道,北海道,,v1_3_workcopy.xlsx / 試合元帳,元帳あり・Web URL未登録,v1_3_workcopy.xlsx,level=regional;historical_reference=1;team1_pref=北海道;team2_pref=北海道;legacy_note=延長10回サヨナラ
2017,spring,hokkaido,,,2017春季北海道地区大会,1R,,札幌第一,11,旭川大高,1,北海道,北海道,,v1_3_workcopy.xlsx / 試合元帳,元帳あり・Web URL未登録,v1_3_workcopy.xlsx,level=regional;historical_reference=1;team1_pref=北海道;team2_pref=北海道;legacy_note=7回コールド
2017,spring,hokkaido,,,2017春季北海道地区大会,1R,,駒大苫小牧,3,東海大札幌,1,北海道,北海道,,v1_3_workcopy.xlsx / 試合元帳,元帳あり・Web URL未登録,v1_3_workcopy.xlsx,level=regional;historical_reference=1;team1_pref=北海道;team2_pref=北海道
2017,spring,hokkaido,,,2017春季北海道地区大会,1R,,武修館,10,北広島,9,北海道,北海道,,v1_3_workcopy.xlsx / 試合元帳,元帳あり・Web URL未登録,v1_3_workcopy.xlsx,level=regional;historical_reference=1;team1_pref=北海道;team2_pref=北海道
2017,spring,hokkaido,,,2017春季北海道地区大会,1R,,帯広大谷,8,滝川西,3,北海道,北海道,,v1_3_workcopy.xlsx / 試合元帳,元帳あり・Web URL未登録,v1_3_workcopy.xlsx,level=regional;historical_reference=1;team1_pref=北海道;team2_pref=北海道
2017,spring,hokkaido,,,2017春季北海道地区大会,QF,,稚内大谷,4,札幌日大,2,北海道,北海道,,v1_3_workcopy.xlsx / 試合元帳,元帳あり・Web URL未登録,v1_3_workcopy.xlsx,level=regional;historical_reference=1;team1_pref=北海道;team2_pref=北海道
2017,spring,hokkaido,,,2017春季北海道地区大会,QF,,函館大有斗,4,北照,2,北海道,北海道,,v1_3_workcopy.xlsx / 試合元帳,元帳あり・Web URL未登録,v1_3_workcopy.xlsx,level=regional;historical_reference=1;team1_pref=北海道;team2_pref=北海道
2017,spring,hokkaido,,,2017春季北海道地区大会,QF,,駒大苫小牧,14,札幌第一,4,北海道,北海道,,v1_3_workcopy.xlsx / 試合元帳,元帳あり・Web URL未登録,v1_3_workcopy.xlsx,level=regional;historical_reference=1;team1_pref=北海道;team2_pref=北海道;legacy_note=7回コールド
2017,spring,hokkaido,,,2017春季北海道地区大会,QF,,帯広大谷,8,武修館,1,北海道,北海道,,v1_3_workcopy.xlsx / 試合元帳,元帳あり・Web URL未登録,v1_3_workcopy.xlsx,level=regional;historical_reference=1;team1_pref=北海道;team2_pref=北海道;legacy_note=7回コールド
2017,spring,hokkaido,,,2017春季北海道地区大会,SF,,函館大有斗,4,稚内大谷,2,北海道,北海道,,v1_3_workcopy.xlsx / 試合元帳,元帳あり・Web URL未登録,v1_3_workcopy.xlsx,level=regional;historical_reference=1;team1_pref=北海道;team2_pref=北海道
2017,spring,hokkaido,,,2017春季北海道地区大会,SF,,駒大苫小牧,9,帯広大谷,8,北海道,北海道,,v1_3_workcopy.xlsx / 試合元帳,元帳あり・Web URL未登録,v1_3_workcopy.xlsx,level=regional;historical_reference=1;team1_pref=北海道;team2_pref=北海道;legacy_note=延長13回サヨナラ、タイブレーク
2017,spring,hokkaido,,,2017春季北海道地区大会,F,,駒大苫小牧,6,函館大有斗,4,北海道,北海道,,v1_3_workcopy.xlsx / 試合元帳,元帳あり・Web URL未登録,v1_3_workcopy.xlsx,level=regional;historical_reference=1;team1_pref=北海道;team2_pref=北海道
2017,spring,tohoku,,,2017春季東北地区大会,1R,,東日大昌平,7,大船渡東,3,福島,岩手,,v1_3_workcopy.xlsx / 試合元帳,元帳あり・Web URL未登録,v1_3_workcopy.xlsx,level=regional;historical_reference=1;team1_pref=福島;team2_pref=岩手
2017,spring,tohoku,,,2017春季東北地区大会,1R,,九里学園,7,角館,5,山形,秋田,,v1_3_workcopy.xlsx / 試合元帳,元帳あり・Web URL未登録,v1_3_workcopy.xlsx,level=regional;historical_reference=1;team1_pref=山形;team2_pref=秋田;legacy_note=延長10回、タイブレーク
2017,spring,tohoku,,,2017春季東北地区大会,2R,,八戸学院光星,3,明桜,2,青森,秋田,,v1_3_workcopy.xlsx / 試合元帳,元帳あり・Web URL未登録,v1_3_workcopy.xlsx,level=regional;historical_reference=1;team1_pref=青森;team2_pref=秋田
2017,spring,tohoku,,,2017春季東北地区大会,2R,,東陵,2,青森山田,1,宮城,青森,,v1_3_workcopy.xlsx / 試合元帳,元帳あり・Web URL未登録,v1_3_workcopy.xlsx,level=regional;historical_reference=1;team1_pref=宮城;team2_pref=青森
2017,spring,tohoku,,,2017春季東北地区大会,2R,,仙台育英,3,聖光学院,1,宮城,福島,,v1_3_workcopy.xlsx / 試合元帳,元帳あり・Web URL未登録,v1_3_workcopy.xlsx,level=regional;historical_reference=1;team1_pref=宮城;team2_pref=福島
2017,spring,tohoku,,,2017春季東北地区大会,2R,,聖愛,7,盛岡大付,4,青森,岩手,,v1_3_workcopy.xlsx / 試合元帳,元帳あり・Web URL未登録,v1_3_workcopy.xlsx,level=regional;historical_reference=1;team1_pref=青森;team2_pref=岩手;legacy_note=延長10回、タイブレーク
2017,spring,tohoku,,,2017春季東北地区大会,2R,,東北,4,九里学園,3,宮城,山形,,v1_3_workcopy.xlsx / 試合元帳,元帳あり・Web URL未登録,v1_3_workcopy.xlsx,level=regional;historical_reference=1;team1_pref=宮城;team2_pref=山形
2017,spring,tohoku,,,2017春季東北地区大会,2R,,東日大昌平,3,日大山形,0,福島,山形,,v1_3_workcopy.xlsx / 試合元帳,元帳あり・Web URL未登録,v1_3_workcopy.xlsx,level=regional;historical_reference=1;team1_pref=福島;team2_pref=山形
2017,spring,tohoku,,,2017春季東北地区大会,2R,,いわき光洋,8,久慈,1,福島,岩手,,v1_3_workcopy.xlsx / 試合元帳,元帳あり・Web URL未登録,v1_3_workcopy.xlsx,level=regional;historical_reference=1;team1_pref=福島;team2_pref=岩手;legacy_note=7回コールド
2017,spring,tohoku,,,2017春季東北地区大会,2R,,羽黒,5,能代松陽,2,山形,秋田,,v1_3_workcopy.xlsx / 試合元帳,元帳あり・Web URL未登録,v1_3_workcopy.xlsx,level=regional;historical_reference=1;team1_pref=山形;team2_pref=秋田
2017,spring,tohoku,,,2017春季東北地区大会,QF,,東日大昌平,7,いわき光洋,0,福島,福島,,v1_3_workcopy.xlsx / 試合元帳,元帳あり・Web URL未登録,v1_3_workcopy.xlsx,level=regional;historical_reference=1;team1_pref=福島;team2_pref=福島;legacy_note=8回コールド
2017,spring,tohoku,,,2017春季東北地区大会,QF,,八戸学院光星,4,東陵,3,青森,宮城,,v1_3_workcopy.xlsx / 試合元帳,元帳あり・Web URL未登録,v1_3_workcopy.xlsx,level=regional;historical_reference=1;team1_pref=青森;team2_pref=宮城;legacy_note=サヨナラ
2017,spring,tohoku,,,2017春季東北地区大会,QF,,仙台育英,8,聖愛,1,宮城,青森,,v1_3_workcopy.xlsx / 試合元帳,元帳あり・Web URL未登録,v1_3_workcopy.xlsx,level=regional;historical_reference=1;team1_pref=宮城;team2_pref=青森;legacy_note=8回コールド
2017,spring,tohoku,,,2017春季東北地区大会,QF,,東北,11,羽黒,3,宮城,山形,,v1_3_workcopy.xlsx / 試合元帳,元帳あり・Web URL未登録,v1_3_workcopy.xlsx,level=regional;historical_reference=1;team1_pref=宮城;team2_pref=山形;legacy_note=8回コールド
2017,spring,tohoku,,,2017春季東北地区大会,SF,,八戸学院光星,7,東日大昌平,0,青森,福島,,v1_3_workcopy.xlsx / 試合元帳,元帳あり・Web URL未登録,v1_3_workcopy.xlsx,level=regional;historical_reference=1;team1_pref=青森;team2_pref=福島;legacy_note=8回コールド
2017,spring,tohoku,,,2017春季東北地区大会,SF,,仙台育英,7,東北,5,宮城,宮城,,v1_3_workcopy.xlsx / 試合元帳,元帳あり・Web URL未登録,v1_3_workcopy.xlsx,level=regional;historical_reference=1;team1_pref=宮城;team2_pref=宮城;legacy_note=サヨナラ
2017,spring,tohoku,,,2017春季東北地区大会,F,,仙台育英,1,八戸学院光星,0,宮城,青森,,v1_3_workcopy.xlsx / 試合元帳,元帳あり・Web URL未登録,v1_3_workcopy.xlsx,level=regional;historical_reference=1;team1_pref=宮城;team2_pref=青森
2017,spring,kanto_tokyo,,,2017春季関東地区大会,1R,,健大高崎,7,石岡一,0,群馬,茨城,,v1_3_workcopy.xlsx / 試合元帳,元帳あり・Web URL未登録,v1_3_workcopy.xlsx,level=regional;historical_reference=1;team1_pref=群馬;team2_pref=茨城;legacy_note=8回コールド
2017,spring,kanto_tokyo,,,2017春季関東地区大会,1R,,横浜,10,土浦湖北,0,神奈川,茨城,,v1_3_workcopy.xlsx / 試合元帳,元帳あり・Web URL未登録,v1_3_workcopy.xlsx,level=regional;historical_reference=1;team1_pref=神奈川;team2_pref=茨城;legacy_note=7回コールド
2017,spring,kanto_tokyo,,,2017春季関東地区大会,2R,,前橋育英,1,駿台甲府,0,群馬,山梨,,v1_3_workcopy.xlsx / 試合元帳,元帳あり・Web URL未登録,v1_3_workcopy.xlsx,level=regional;historical_reference=1;team1_pref=群馬;team2_pref=山梨;legacy_note=延長10回サヨナラ、タイブレーク
2017,spring,kanto_tokyo,,,2017春季関東地区大会,2R,,東海大相模,14,千葉敬愛,4,神奈川,千葉,,v1_3_workcopy.xlsx / 試合元帳,元帳あり・Web URL未登録,v1_3_workcopy.xlsx,level=regional;historical_reference=1;team1_pref=神奈川;team2_pref=千葉;legacy_note=5回コールド
2017,spring,kanto_tokyo,,,2017春季関東地区大会,2R,,浦和学院,2,横浜,0,埼玉,神奈川,,v1_3_workcopy.xlsx / 試合元帳,元帳あり・Web URL未登録,v1_3_workcopy.xlsx,level=regional;historical_reference=1;team1_pref=埼玉;team2_pref=神奈川
2017,spring,kanto_tokyo,,,2017春季関東地区大会,2R,,霞ヶ浦,8,白鴎大足利,1,茨城,栃木,,v1_3_workcopy.xlsx / 試合元帳,元帳あり・Web URL未登録,v1_3_workcopy.xlsx,level=regional;historical_reference=1;team1_pref=茨城;team2_pref=栃木;legacy_note=8回コールド
2017,spring,kanto_tokyo,,,2017春季関東地区大会,2R,,日大三,10,専大松戸,9,東京,千葉,,v1_3_workcopy.xlsx / 試合元帳,元帳あり・Web URL未登録,v1_3_workcopy.xlsx,level=regional;historical_reference=1;team1_pref=東京;team2_pref=千葉
2017,spring,kanto_tokyo,,,2017春季関東地区大会,2R,,作新学院,17,明秀日立,2,栃木,茨城,,v1_3_workcopy.xlsx / 試合元帳,元帳あり・Web URL未登録,v1_3_workcopy.xlsx,level=regional;historical_reference=1;team1_pref=栃木;team2_pref=茨城;legacy_note=5回コールド
2017,spring,kanto_tokyo,,,2017春季関東地区大会,2R,,早稲田実,10,花咲徳栄,9,東京,埼玉,,v1_3_workcopy.xlsx / 試合元帳,元帳あり・Web URL未登録,v1_3_workcopy.xlsx,level=regional;historical_reference=1;team1_pref=東京;team2_pref=埼玉;legacy_note=延長10回サヨナラ、タイブレーク
2017,spring,kanto_tokyo,,,2017春季関東地区大会,2R,,健大高崎,4,山梨学院,3,群馬,山梨,,v1_3_workcopy.xlsx / 試合元帳,元帳あり・Web URL未登録,v1_3_workcopy.xlsx,level=regional;historical_reference=1;team1_pref=群馬;team2_pref=山梨
2017,spring,kanto_tokyo,,,2017春季関東地区大会,QF,,浦和学院,2,前橋育英,0,埼玉,群馬,,v1_3_workcopy.xlsx / 試合元帳,元帳あり・Web URL未登録,v1_3_workcopy.xlsx,level=regional;historical_reference=1;team1_pref=埼玉;team2_pref=群馬
2017,spring,kanto_tokyo,,,2017春季関東地区大会,QF,,作新学院,8,早稲田実,4,栃木,東京,,v1_3_workcopy.xlsx / 試合元帳,元帳あり・Web URL未登録,v1_3_workcopy.xlsx,level=regional;historical_reference=1;team1_pref=栃木;team2_pref=東京
2017,spring,kanto_tokyo,,,2017春季関東地区大会,QF,,日大三,8,霞ヶ浦,6,東京,茨城,,v1_3_workcopy.xlsx / 試合元帳,元帳あり・Web URL未登録,v1_3_workcopy.xlsx,level=regional;historical_reference=1;team1_pref=東京;team2_pref=茨城
2017,spring,kanto_tokyo,,,2017春季関東地区大会,QF,,東海大相模,3,健大高崎,2,神奈川,群馬,,v1_3_workcopy.xlsx / 試合元帳,元帳あり・Web URL未登録,v1_3_workcopy.xlsx,level=regional;historical_reference=1;team1_pref=神奈川;team2_pref=群馬
2017,spring,kanto_tokyo,,,2017春季関東地区大会,SF,,浦和学院,6,日大三,4,埼玉,東京,,v1_3_workcopy.xlsx / 試合元帳,元帳あり・Web URL未登録,v1_3_workcopy.xlsx,level=regional;historical_reference=1;team1_pref=埼玉;team2_pref=東京
2017,spring,kanto_tokyo,,,2017春季関東地区大会,SF,,東海大相模,5,作新学院,4,神奈川,栃木,,v1_3_workcopy.xlsx / 試合元帳,元帳あり・Web URL未登録,v1_3_workcopy.xlsx,level=regional;historical_reference=1;team1_pref=神奈川;team2_pref=栃木;legacy_note=延長10回サヨナラ、タイブレーク
2017,spring,kanto_tokyo,,,2017春季関東地区大会,F,,浦和学院,3,東海大相模,2,埼玉,神奈川,,v1_3_workcopy.xlsx / 試合元帳,元帳あり・Web URL未登録,v1_3_workcopy.xlsx,level=regional;historical_reference=1;team1_pref=埼玉;team2_pref=神奈川
2017,spring,hokushinetsu,,,2017春季北信越地区大会,1R,,啓新,9,関根学園,0,福井,新潟,,v1_3_workcopy.xlsx / 試合元帳,元帳あり・Web URL未登録,v1_3_workcopy.xlsx,level=regional;historical_reference=1;team1_pref=福井;team2_pref=新潟;legacy_note=8回コールド
2017,spring,hokushinetsu,,,2017春季北信越地区大会,1R,,星稜,7,新潟明訓,0,石川,新潟,,v1_3_workcopy.xlsx / 試合元帳,元帳あり・Web URL未登録,v1_3_workcopy.xlsx,level=regional;historical_reference=1;team1_pref=石川;team2_pref=新潟;legacy_note=7回コールド
2017,spring,hokushinetsu,,,2017春季北信越地区大会,1R,,中越,6,砺波工,4,新潟,富山,,v1_3_workcopy.xlsx / 試合元帳,元帳あり・Web URL未登録,v1_3_workcopy.xlsx,level=regional;historical_reference=1;team1_pref=新潟;team2_pref=富山
2017,spring,hokushinetsu,,,2017春季北信越地区大会,1R,,東海大諏訪,4,福井工大福井,2,長野,福井,,v1_3_workcopy.xlsx / 試合元帳,元帳あり・Web URL未登録,v1_3_workcopy.xlsx,level=regional;historical_reference=1;team1_pref=長野;team2_pref=福井
2017,spring,hokushinetsu,,,2017春季北信越地区大会,QF,,星稜,7,高岡商,0,石川,富山,,v1_3_workcopy.xlsx / 試合元帳,元帳あり・Web URL未登録,v1_3_workcopy.xlsx,level=regional;historical_reference=1;team1_pref=石川;team2_pref=富山;legacy_note=7回コールド
2017,spring,hokushinetsu,,,2017春季北信越地区大会,QF,,金沢,13,啓新,5,石川,福井,,v1_3_workcopy.xlsx / 試合元帳,元帳あり・Web URL未登録,v1_3_workcopy.xlsx,level=regional;historical_reference=1;team1_pref=石川;team2_pref=福井
2017,spring,hokushinetsu,,,2017春季北信越地区大会,QF,,日本文理,8,東海大諏訪,3,新潟,長野,,v1_3_workcopy.xlsx / 試合元帳,元帳あり・Web URL未登録,v1_3_workcopy.xlsx,level=regional;historical_reference=1;team1_pref=新潟;team2_pref=長野
2017,spring,hokushinetsu,,,2017春季北信越地区大会,QF,,小諸商,2,中越,1,長野,新潟,,v1_3_workcopy.xlsx / 試合元帳,元帳あり・Web URL未登録,v1_3_workcopy.xlsx,level=regional;historical_reference=1;team1_pref=長野;team2_pref=新潟;legacy_note=サヨナラ
2017,spring,hokushinetsu,,,2017春季北信越地区大会,SF,,星稜,5,日本文理,2,石川,新潟,,v1_3_workcopy.xlsx / 試合元帳,元帳あり・Web URL未登録,v1_3_workcopy.xlsx,level=regional;historical_reference=1;team1_pref=石川;team2_pref=新潟
2017,spring,hokushinetsu,,,2017春季北信越地区大会,SF,,金沢,5,小諸商,2,石川,長野,,v1_3_workcopy.xlsx / 試合元帳,元帳あり・Web URL未登録,v1_3_workcopy.xlsx,level=regional;historical_reference=1;team1_pref=石川;team2_pref=長野
2017,spring,hokushinetsu,,,2017春季北信越地区大会,F,,星稜,5,金沢,0,石川,石川,,v1_3_workcopy.xlsx / 試合元帳,元帳あり・Web URL未登録,v1_3_workcopy.xlsx,level=regional;historical_reference=1;team1_pref=石川;team2_pref=石川
2017,spring,tokai,,,2017春季東海地区大会,QF,,至学館,6,中京,4,愛知,岐阜,,v1_3_workcopy.xlsx / 試合元帳,元帳あり・Web URL未登録,v1_3_workcopy.xlsx,level=regional;historical_reference=1;team1_pref=愛知;team2_pref=岐阜
2017,spring,tokai,,,2017春季東海地区大会,QF,,静岡,7,近大高専,3,静岡,三重,,v1_3_workcopy.xlsx / 試合元帳,元帳あり・Web URL未登録,v1_3_workcopy.xlsx,level=regional;historical_reference=1;team1_pref=静岡;team2_pref=三重
2017,spring,tokai,,,2017春季東海地区大会,QF,,大垣日大,12,津田学園,0,岐阜,三重,,v1_3_workcopy.xlsx / 試合元帳,元帳あり・Web URL未登録,v1_3_workcopy.xlsx,level=regional;historical_reference=1;team1_pref=岐阜;team2_pref=三重;legacy_note=6回コールド
2017,spring,tokai,,,2017春季東海地区大会,QF,,東邦,8,東海大静岡翔洋,0,愛知,静岡,,v1_3_workcopy.xlsx / 試合元帳,元帳あり・Web URL未登録,v1_3_workcopy.xlsx,level=regional;historical_reference=1;team1_pref=愛知;team2_pref=静岡;legacy_note=7回コールド
2017,spring,tokai,,,2017春季東海地区大会,SF,,大垣日大,8,東邦,5,岐阜,愛知,,v1_3_workcopy.xlsx / 試合元帳,元帳あり・Web URL未登録,v1_3_workcopy.xlsx,level=regional;historical_reference=1;team1_pref=岐阜;team2_pref=愛知
2017,spring,tokai,,,2017春季東海地区大会,SF,,至学館,13,静岡,0,愛知,静岡,,v1_3_workcopy.xlsx / 試合元帳,元帳あり・Web URL未登録,v1_3_workcopy.xlsx,level=regional;historical_reference=1;team1_pref=愛知;team2_pref=静岡;legacy_note=7回コールド
2017,spring,tokai,,,2017春季東海地区大会,F,,至学館,4,大垣日大,1,愛知,岐阜,,v1_3_workcopy.xlsx / 試合元帳,元帳あり・Web URL未登録,v1_3_workcopy.xlsx,level=regional;historical_reference=1;team1_pref=愛知;team2_pref=岐阜
2017,spring,kinki,,,2017春季近畿地区大会,QF,,大体大浪商,3,智弁学園,2,大阪,奈良,,v1_3_workcopy.xlsx / 試合元帳,元帳あり・Web URL未登録,v1_3_workcopy.xlsx,level=regional;historical_reference=1;team1_pref=大阪;team2_pref=奈良;legacy_note=延長13回サヨナラ、タイブレーク
2017,spring,kinki,,,2017春季近畿地区大会,QF,,東海大仰星,4,報徳学園,3,大阪,兵庫,,v1_3_workcopy.xlsx / 試合元帳,元帳あり・Web URL未登録,v1_3_workcopy.xlsx,level=regional;historical_reference=1;team1_pref=大阪;team2_pref=兵庫
2017,spring,kinki,,,2017春季近畿地区大会,QF,,彦根東,3,龍谷大平安,2,滋賀,京都,,v1_3_workcopy.xlsx / 試合元帳,元帳あり・Web URL未登録,v1_3_workcopy.xlsx,level=regional;historical_reference=1;team1_pref=滋賀;team2_pref=京都
2017,spring,kinki,,,2017春季近畿地区大会,QF,,大阪桐蔭,6,智弁和歌山,3,大阪,和歌山,,v1_3_workcopy.xlsx / 試合元帳,元帳あり・Web URL未登録,v1_3_workcopy.xlsx,level=regional;historical_reference=1;team1_pref=大阪;team2_pref=和歌山
2017,spring,kinki,,,2017春季近畿地区大会,SF,,東海大仰星,3,大体大浪商,0,大阪,大阪,,v1_3_workcopy.xlsx / 試合元帳,元帳あり・Web URL未登録,v1_3_workcopy.xlsx,level=regional;historical_reference=1;team1_pref=大阪;team2_pref=大阪
2017,spring,kinki,,,2017春季近畿地区大会,SF,,大阪桐蔭,4,彦根東,3,大阪,滋賀,,v1_3_workcopy.xlsx / 試合元帳,元帳あり・Web URL未登録,v1_3_workcopy.xlsx,level=regional;historical_reference=1;team1_pref=大阪;team2_pref=滋賀
2017,spring,kinki,,,2017春季近畿地区大会,F,,大阪桐蔭,18,東海大仰星,0,大阪,大阪,,v1_3_workcopy.xlsx / 試合元帳,元帳あり・Web URL未登録,v1_3_workcopy.xlsx,level=regional;historical_reference=1;team1_pref=大阪;team2_pref=大阪
2017,spring,chugoku,,,2017春季中国地区大会,QF,,宇部鴻城,8,浜田,2,山口,島根,,v1_3_workcopy.xlsx / 試合元帳,元帳あり・Web URL未登録,v1_3_workcopy.xlsx,level=regional;historical_reference=1;team1_pref=山口;team2_pref=島根
2017,spring,chugoku,,,2017春季中国地区大会,QF,,広島新庄,8,石見智翠館,3,広島,島根,,v1_3_workcopy.xlsx / 試合元帳,元帳あり・Web URL未登録,v1_3_workcopy.xlsx,level=regional;historical_reference=1;team1_pref=広島;team2_pref=島根
2017,spring,chugoku,,,2017春季中国地区大会,QF,,創志学園,11,大社,1,岡山,島根,,v1_3_workcopy.xlsx / 試合元帳,元帳あり・Web URL未登録,v1_3_workcopy.xlsx,level=regional;historical_reference=1;team1_pref=岡山;team2_pref=島根;legacy_note=6回コールド
2017,spring,chugoku,,,2017春季中国地区大会,QF,,鳥取城北,6,益田東,4,鳥取,島根,,v1_3_workcopy.xlsx / 試合元帳,元帳あり・Web URL未登録,v1_3_workcopy.xlsx,level=regional;historical_reference=1;team1_pref=鳥取;team2_pref=島根
2017,spring,chugoku,,,2017春季中国地区大会,SF,,広島新庄,7,宇部鴻城,3,広島,山口,,v1_3_workcopy.xlsx / 試合元帳,元帳あり・Web URL未登録,v1_3_workcopy.xlsx,level=regional;historical_reference=1;team1_pref=広島;team2_pref=山口
2017,spring,chugoku,,,2017春季中国地区大会,SF,,鳥取城北,5,創志学園,4,鳥取,岡山,,v1_3_workcopy.xlsx / 試合元帳,元帳あり・Web URL未登録,v1_3_workcopy.xlsx,level=regional;historical_reference=1;team1_pref=鳥取;team2_pref=岡山
2017,spring,chugoku,,,2017春季中国地区大会,F,,鳥取城北,2,広島新庄,1,鳥取,広島,,v1_3_workcopy.xlsx / 試合元帳,元帳あり・Web URL未登録,v1_3_workcopy.xlsx,level=regional;historical_reference=1;team1_pref=鳥取;team2_pref=広島
2017,spring,shikoku,,,2017春季四国地区大会,QF,,明徳義塾,4,鳴門渦潮,0,高知,徳島,,v1_3_workcopy.xlsx / 試合元帳,元帳あり・Web URL未登録,v1_3_workcopy.xlsx,level=regional;historical_reference=1;team1_pref=高知;team2_pref=徳島
2017,spring,shikoku,,,2017春季四国地区大会,QF,,帝京五,9,英明,4,愛媛,香川,,v1_3_workcopy.xlsx / 試合元帳,元帳あり・Web URL未登録,v1_3_workcopy.xlsx,level=regional;historical_reference=1;team1_pref=愛媛;team2_pref=香川
2017,spring,shikoku,,,2017春季四国地区大会,QF,,松山聖陵,1,徳島商,0,愛媛,徳島,,v1_3_workcopy.xlsx / 試合元帳,元帳あり・Web URL未登録,v1_3_workcopy.xlsx,level=regional;historical_reference=1;team1_pref=愛媛;team2_pref=徳島
2017,spring,shikoku,,,2017春季四国地区大会,QF,,三本松,9,高知,2,香川,高知,,v1_3_workcopy.xlsx / 試合元帳,元帳あり・Web URL未登録,v1_3_workcopy.xlsx,level=regional;historical_reference=1;team1_pref=香川;team2_pref=高知
2017,spring,shikoku,,,2017春季四国地区大会,SF,,松山聖陵,4,三本松,2,愛媛,香川,,v1_3_workcopy.xlsx / 試合元帳,元帳あり・Web URL未登録,v1_3_workcopy.xlsx,level=regional;historical_reference=1;team1_pref=愛媛;team2_pref=香川
2017,spring,shikoku,,,2017春季四国地区大会,SF,,明徳義塾,8,帝京五,5,高知,愛媛,,v1_3_workcopy.xlsx / 試合元帳,元帳あり・Web URL未登録,v1_3_workcopy.xlsx,level=regional;historical_reference=1;team1_pref=高知;team2_pref=愛媛
2017,spring,shikoku,,,2017春季四国地区大会,F,,明徳義塾,8,松山聖陵,7,高知,愛媛,,v1_3_workcopy.xlsx / 試合元帳,元帳あり・Web URL未登録,v1_3_workcopy.xlsx,level=regional;historical_reference=1;team1_pref=高知;team2_pref=愛媛;legacy_note=延長11回サヨナラ
2017,spring,kyushu,,,2017春季九州地区大会,1R,,鹿児島実,2,興南,1,鹿児島,沖縄,,v1_3_workcopy.xlsx / 試合元帳,元帳あり・Web URL未登録,v1_3_workcopy.xlsx,level=regional;historical_reference=1;team1_pref=鹿児島;team2_pref=沖縄
2017,spring,kyushu,,,2017春季九州地区大会,1R,,美来工科,11,九州国際大付,1,沖縄,福岡,,v1_3_workcopy.xlsx / 試合元帳,元帳あり・Web URL未登録,v1_3_workcopy.xlsx,level=regional;historical_reference=1;team1_pref=沖縄;team2_pref=福岡;legacy_note=7回コールド
2017,spring,kyushu,,,2017春季九州地区大会,2R,,沖縄尚学,6,鹿町工,1,沖縄,長崎,,v1_3_workcopy.xlsx / 試合元帳,元帳あり・Web URL未登録,v1_3_workcopy.xlsx,level=regional;historical_reference=1;team1_pref=沖縄;team2_pref=長崎
2017,spring,kyushu,,,2017春季九州地区大会,2R,,福岡大大濠,10,明豊,0,福岡,大分,,v1_3_workcopy.xlsx / 試合元帳,元帳あり・Web URL未登録,v1_3_workcopy.xlsx,level=regional;historical_reference=1;team1_pref=福岡;team2_pref=大分;legacy_note=6回コールド
2017,spring,kyushu,,,2017春季九州地区大会,2R,,神村学園,14,東海大福岡,4,鹿児島,福岡,,v1_3_workcopy.xlsx / 試合元帳,元帳あり・Web URL未登録,v1_3_workcopy.xlsx,level=regional;historical_reference=1;team1_pref=鹿児島;team2_pref=福岡;legacy_note=6回コールド
2017,spring,kyushu,,,2017春季九州地区大会,2R,,秀岳館,7,西日本短大付,0,熊本,福岡,,v1_3_workcopy.xlsx / 試合元帳,元帳あり・Web URL未登録,v1_3_workcopy.xlsx,level=regional;historical_reference=1;team1_pref=熊本;team2_pref=福岡
2017,spring,kyushu,,,2017春季九州地区大会,2R,,鹿児島実,2,日南学園,0,鹿児島,宮崎,,v1_3_workcopy.xlsx / 試合元帳,元帳あり・Web URL未登録,v1_3_workcopy.xlsx,level=regional;historical_reference=1;team1_pref=鹿児島;team2_pref=宮崎
2017,spring,kyushu,,,2017春季九州地区大会,2R,,美里工,2,熊本工,1,沖縄,熊本,,v1_3_workcopy.xlsx / 試合元帳,元帳あり・Web URL未登録,v1_3_workcopy.xlsx,level=regional;historical_reference=1;team1_pref=沖縄;team2_pref=熊本
2017,spring,kyushu,,,2017春季九州地区大会,2R,,九産大九州,7,佐賀北,1,福岡,佐賀,,v1_3_workcopy.xlsx / 試合元帳,元帳あり・Web URL未登録,v1_3_workcopy.xlsx,level=regional;historical_reference=1;team1_pref=福岡;team2_pref=佐賀
2017,spring,kyushu,,,2017春季九州地区大会,2R,,美来工科,2,文徳,1,沖縄,熊本,,v1_3_workcopy.xlsx / 試合元帳,元帳あり・Web URL未登録,v1_3_workcopy.xlsx,level=regional;historical_reference=1;team1_pref=沖縄;team2_pref=熊本;legacy_note=延長11回
2017,spring,kyushu,,,2017春季九州地区大会,QF,,鹿児島実,6,福岡大大濠,1,鹿児島,福岡,,v1_3_workcopy.xlsx / 試合元帳,元帳あり・Web URL未登録,v1_3_workcopy.xlsx,level=regional;historical_reference=1;team1_pref=鹿児島;team2_pref=福岡
2017,spring,kyushu,,,2017春季九州地区大会,QF,,秀岳館,3,沖縄尚学,1,熊本,沖縄,,v1_3_workcopy.xlsx / 試合元帳,元帳あり・Web URL未登録,v1_3_workcopy.xlsx,level=regional;historical_reference=1;team1_pref=熊本;team2_pref=沖縄
2017,spring,kyushu,,,2017春季九州地区大会,QF,,美里工,4,九産大九州,3,沖縄,福岡,,v1_3_workcopy.xlsx / 試合元帳,元帳あり・Web URL未登録,v1_3_workcopy.xlsx,level=regional;historical_reference=1;team1_pref=沖縄;team2_pref=福岡
2017,spring,kyushu,,,2017春季九州地区大会,QF,,神村学園,3,美来工科,0,鹿児島,沖縄,,v1_3_workcopy.xlsx / 試合元帳,元帳あり・Web URL未登録,v1_3_workcopy.xlsx,level=regional;historical_reference=1;team1_pref=鹿児島;team2_pref=沖縄
2017,spring,kyushu,,,2017春季九州地区大会,SF,,鹿児島実,3,秀岳館,2,鹿児島,熊本,,v1_3_workcopy.xlsx / 試合元帳,元帳あり・Web URL未登録,v1_3_workcopy.xlsx,level=regional;historical_reference=1;team1_pref=鹿児島;team2_pref=熊本
2017,spring,kyushu,,,2017春季九州地区大会,SF,,神村学園,7,美里工,0,鹿児島,沖縄,,v1_3_workcopy.xlsx / 試合元帳,元帳あり・Web URL未登録,v1_3_workcopy.xlsx,level=regional;historical_reference=1;team1_pref=鹿児島;team2_pref=沖縄;legacy_note=7回コールド
2017,spring,kyushu,,,2017春季九州地区大会,F,,神村学園,3,鹿児島実,1,鹿児島,鹿児島,,v1_3_workcopy.xlsx / 試合元帳,元帳あり・Web URL未登録,v1_3_workcopy.xlsx,level=regional;historical_reference=1;team1_pref=鹿児島;team2_pref=鹿児島
2017,koshien,national,,,2017選手権,1R,,彦根東,6,波佐見,5,滋賀,長崎,,v1_3_workcopy.xlsx / 試合元帳,元帳あり・Web URL未登録,v1_3_workcopy.xlsx,level=national;historical_reference=1;team1_pref=滋賀;team2_pref=長崎;legacy_note=サヨナラ
2017,koshien,national,,,2017選手権,1R,,済美,10,東筑,4,愛媛,福岡,,v1_3_workcopy.xlsx / 試合元帳,元帳あり・Web URL未登録,v1_3_workcopy.xlsx,level=national;historical_reference=1;team1_pref=愛媛;team2_pref=福岡
2017,koshien,national,,,2017選手権,1R,,津田学園,7,藤枝明誠,6,三重,静岡,,v1_3_workcopy.xlsx / 試合元帳,元帳あり・Web URL未登録,v1_3_workcopy.xlsx,level=national;historical_reference=1;team1_pref=三重;team2_pref=静岡;legacy_note=延長11回サヨナラ
2017,koshien,national,,,2017選手権,1R,,盛岡大付,4,作新学院,1,岩手,栃木,,v1_3_workcopy.xlsx / 試合元帳,元帳あり・Web URL未登録,v1_3_workcopy.xlsx,level=national;historical_reference=1;team1_pref=岩手;team2_pref=栃木
2017,koshien,national,,,2017選手権,1R,,松商学園,12,土浦日大,3,長野,茨城,,v1_3_workcopy.xlsx / 試合元帳,元帳あり・Web URL未登録,v1_3_workcopy.xlsx,level=national;historical_reference=1;team1_pref=長野;team2_pref=茨城
2017,koshien,national,,,2017選手権,1R,,前橋育英,12,山梨学院,5,群馬,山梨,,v1_3_workcopy.xlsx / 試合元帳,元帳あり・Web URL未登録,v1_3_workcopy.xlsx,level=national;historical_reference=1;team1_pref=群馬;team2_pref=山梨
2017,koshien,national,,,2017選手権,1R,,明徳義塾,6,日大山形,3,高知,山形,,v1_3_workcopy.xlsx / 試合元帳,元帳あり・Web URL未登録,v1_3_workcopy.xlsx,level=national;historical_reference=1;team1_pref=高知;team2_pref=山形;legacy_note=延長12回
2017,koshien,national,,,2017選手権,1R,,日本航空石川,6,木更津総合,5,石川,千葉,,v1_3_workcopy.xlsx / 試合元帳,元帳あり・Web URL未登録,v1_3_workcopy.xlsx,level=national;historical_reference=1;team1_pref=石川;team2_pref=千葉
2017,koshien,national,,,2017選手権,1R,,花咲徳栄,9,開星,0,埼玉,島根,,v1_3_workcopy.xlsx / 試合元帳,元帳あり・Web URL未登録,v1_3_workcopy.xlsx,level=national;historical_reference=1;team1_pref=埼玉;team2_pref=島根
2017,koshien,national,,,2017選手権,1R,,聖光学院,6,おかやま山陽,0,福島,岡山,,v1_3_workcopy.xlsx / 試合元帳,元帳あり・Web URL未登録,v1_3_workcopy.xlsx,level=national;historical_reference=1;team1_pref=福島;team2_pref=岡山
2017,koshien,national,,,2017選手権,1R,,聖心ウルスラ,5,早稲田佐賀,2,宮崎,佐賀,,v1_3_workcopy.xlsx / 試合元帳,元帳あり・Web URL未登録,v1_3_workcopy.xlsx,level=national;historical_reference=1;team1_pref=宮崎;team2_pref=佐賀
2017,koshien,national,,,2017選手権,1R,,広陵,10,中京大中京,6,広島,愛知,,v1_3_workcopy.xlsx / 試合元帳,元帳あり・Web URL未登録,v1_3_workcopy.xlsx,level=national;historical_reference=1;team1_pref=広島;team2_pref=愛知
2017,koshien,national,,,2017選手権,1R,,秀岳館,6,横浜,4,熊本,神奈川,,v1_3_workcopy.xlsx / 試合元帳,元帳あり・Web URL未登録,v1_3_workcopy.xlsx,level=national;historical_reference=1;team1_pref=熊本;team2_pref=神奈川
2017,koshien,national,,,2017選手権,1R,,智弁和歌山,9,興南,6,和歌山,沖縄,,v1_3_workcopy.xlsx / 試合元帳,元帳あり・Web URL未登録,v1_3_workcopy.xlsx,level=national;historical_reference=1;team1_pref=和歌山;team2_pref=沖縄
2017,koshien,national,,,2017選手権,1R,,大阪桐蔭,8,米子松蔭,1,大阪,鳥取,,v1_3_workcopy.xlsx / 試合元帳,元帳あり・Web URL未登録,v1_3_workcopy.xlsx,level=national;historical_reference=1;team1_pref=大阪;team2_pref=鳥取
2017,koshien,national,,,2017選手権,1R,,仙台育英,15,滝川西,3,宮城,北海道,,v1_3_workcopy.xlsx / 試合元帳,元帳あり・Web URL未登録,v1_3_workcopy.xlsx,level=national;historical_reference=1;team1_pref=宮城;team2_pref=北海道
2017,koshien,national,,,2017選手権,1R,,日本文理,9,鳴門渦潮,5,新潟,徳島,,v1_3_workcopy.xlsx / 試合元帳,元帳あり・Web URL未登録,v1_3_workcopy.xlsx,level=national;historical_reference=1;team1_pref=新潟;team2_pref=徳島
2017,koshien,national,,,2017選手権,2R,,神戸国際大付,5,北海,4,兵庫,北海道,,v1_3_workcopy.xlsx / 試合元帳,元帳あり・Web URL未登録,v1_3_workcopy.xlsx,level=national;historical_reference=1;team1_pref=兵庫;team2_pref=北海道
2017,koshien,national,,,2017選手権,2R,,天理,6,大垣日大,0,奈良,岐阜,,v1_3_workcopy.xlsx / 試合元帳,元帳あり・Web URL未登録,v1_3_workcopy.xlsx,level=national;historical_reference=1;team1_pref=奈良;team2_pref=岐阜
2017,koshien,national,,,2017選手権,2R,,三本松,9,下関国際,4,香川,山口,,v1_3_workcopy.xlsx / 試合元帳,元帳あり・Web URL未登録,v1_3_workcopy.xlsx,level=national;historical_reference=1;team1_pref=香川;team2_pref=山口
2017,koshien,national,,,2017選手権,2R,,二松学舎大付,14,明桜,2,東京,秋田,,v1_3_workcopy.xlsx / 試合元帳,元帳あり・Web URL未登録,v1_3_workcopy.xlsx,level=national;historical_reference=1;team1_pref=東京;team2_pref=秋田
2017,koshien,national,,,2017選手権,2R,,明豊,7,坂井,6,大分,福井,,v1_3_workcopy.xlsx / 試合元帳,元帳あり・Web URL未登録,v1_3_workcopy.xlsx,level=national;historical_reference=1;team1_pref=大分;team2_pref=福井
2017,koshien,national,,,2017選手権,2R,,神村学園,3,京都成章,2,鹿児島,京都,,v1_3_workcopy.xlsx / 試合元帳,元帳あり・Web URL未登録,v1_3_workcopy.xlsx,level=national;historical_reference=1;team1_pref=鹿児島;team2_pref=京都;legacy_note=サヨナラ
2017,koshien,national,,,2017選手権,2R,,東海大菅生,11,高岡商,1,東京,富山,,v1_3_workcopy.xlsx / 試合元帳,元帳あり・Web URL未登録,v1_3_workcopy.xlsx,level=national;historical_reference=1;team1_pref=東京;team2_pref=富山
2017,koshien,national,,,2017選手権,2R,,青森山田,6,彦根東,2,青森,滋賀,,v1_3_workcopy.xlsx / 試合元帳,元帳あり・Web URL未登録,v1_3_workcopy.xlsx,level=national;historical_reference=1;team1_pref=青森;team2_pref=滋賀
2017,koshien,national,,,2017選手権,2R,,済美,7,津田学園,1,愛媛,三重,,v1_3_workcopy.xlsx / 試合元帳,元帳あり・Web URL未登録,v1_3_workcopy.xlsx,level=national;historical_reference=1;team1_pref=愛媛;team2_pref=三重
2017,koshien,national,,,2017選手権,2R,,盛岡大付,6,松商学園,3,岩手,長野,,v1_3_workcopy.xlsx / 試合元帳,元帳あり・Web URL未登録,v1_3_workcopy.xlsx,level=national;historical_reference=1;team1_pref=岩手;team2_pref=長野
2017,koshien,national,,,2017選手権,2R,,前橋育英,3,明徳義塾,1,群馬,高知,,v1_3_workcopy.xlsx / 試合元帳,元帳あり・Web URL未登録,v1_3_workcopy.xlsx,level=national;historical_reference=1;team1_pref=群馬;team2_pref=高知
2017,koshien,national,,,2017選手権,2R,,花咲徳栄,9,日本航空石川,3,埼玉,石川,,v1_3_workcopy.xlsx / 試合元帳,元帳あり・Web URL未登録,v1_3_workcopy.xlsx,level=national;historical_reference=1;team1_pref=埼玉;team2_pref=石川
2017,koshien,national,,,2017選手権,2R,,聖光学院,5,聖心ウルスラ,4,福島,宮崎,,v1_3_workcopy.xlsx / 試合元帳,元帳あり・Web URL未登録,v1_3_workcopy.xlsx,level=national;historical_reference=1;team1_pref=福島;team2_pref=宮崎
2017,koshien,national,,,2017選手権,2R,,広陵,6,秀岳館,1,広島,熊本,,v1_3_workcopy.xlsx / 試合元帳,元帳あり・Web URL未登録,v1_3_workcopy.xlsx,level=national;historical_reference=1;team1_pref=広島;team2_pref=熊本
2017,koshien,national,,,2017選手権,2R,,大阪桐蔭,2,智弁和歌山,1,大阪,和歌山,,v1_3_workcopy.xlsx / 試合元帳,元帳あり・Web URL未登録,v1_3_workcopy.xlsx,level=national;historical_reference=1;team1_pref=大阪;team2_pref=和歌山
2017,koshien,national,,,2017選手権,2R,,仙台育英,1,日本文理,0,宮城,新潟,,v1_3_workcopy.xlsx / 試合元帳,元帳あり・Web URL未登録,v1_3_workcopy.xlsx,level=national;historical_reference=1;team1_pref=宮城;team2_pref=新潟
2017,koshien,national,,,2017選手権,3R,,天理,2,神戸国際大付,1,奈良,兵庫,,v1_3_workcopy.xlsx / 試合元帳,元帳あり・Web URL未登録,v1_3_workcopy.xlsx,level=national;historical_reference=1;team1_pref=奈良;team2_pref=兵庫;legacy_note=延長11回
2017,koshien,national,,,2017選手権,3R,,三本松,5,二松学舎大付,2,香川,東京,,v1_3_workcopy.xlsx / 試合元帳,元帳あり・Web URL未登録,v1_3_workcopy.xlsx,level=national;historical_reference=1;team1_pref=香川;team2_pref=東京
2017,koshien,national,,,2017選手権,3R,,明豊,9,神村学園,8,大分,鹿児島,,v1_3_workcopy.xlsx / 試合元帳,元帳あり・Web URL未登録,v1_3_workcopy.xlsx,level=national;historical_reference=1;team1_pref=大分;team2_pref=鹿児島;legacy_note=延長12回逆転サヨナラ
2017,koshien,national,,,2017選手権,3R,,東海大菅生,9,青森山田,1,東京,青森,,v1_3_workcopy.xlsx / 試合元帳,元帳あり・Web URL未登録,v1_3_workcopy.xlsx,level=national;historical_reference=1;team1_pref=東京;team2_pref=青森
2017,koshien,national,,,2017選手権,3R,,盛岡大付,12,済美,7,岩手,愛媛,,v1_3_workcopy.xlsx / 試合元帳,元帳あり・Web URL未登録,v1_3_workcopy.xlsx,level=national;historical_reference=1;team1_pref=岩手;team2_pref=愛媛;legacy_note=延長10回
2017,koshien,national,,,2017選手権,3R,,花咲徳栄,10,前橋育英,4,埼玉,群馬,,v1_3_workcopy.xlsx / 試合元帳,元帳あり・Web URL未登録,v1_3_workcopy.xlsx,level=national;historical_reference=1;team1_pref=埼玉;team2_pref=群馬
2017,koshien,national,,,2017選手権,3R,,広陵,6,聖光学院,4,広島,福島,,v1_3_workcopy.xlsx / 試合元帳,元帳あり・Web URL未登録,v1_3_workcopy.xlsx,level=national;historical_reference=1;team1_pref=広島;team2_pref=福島
2017,koshien,national,,,2017選手権,3R,,仙台育英,2,大阪桐蔭,1,宮城,大阪,,v1_3_workcopy.xlsx / 試合元帳,元帳あり・Web URL未登録,v1_3_workcopy.xlsx,level=national;historical_reference=1;team1_pref=宮城;team2_pref=大阪;legacy_note=逆転サヨナラ
2017,koshien,national,,,2017選手権,QF,,東海大菅生,9,三本松,1,東京,香川,,v1_3_workcopy.xlsx / 試合元帳,元帳あり・Web URL未登録,v1_3_workcopy.xlsx,level=national;historical_reference=1;team1_pref=東京;team2_pref=香川
2017,koshien,national,,,2017選手権,QF,,天理,13,明豊,9,奈良,大分,,v1_3_workcopy.xlsx / 試合元帳,元帳あり・Web URL未登録,v1_3_workcopy.xlsx,level=national;historical_reference=1;team1_pref=奈良;team2_pref=大分
2017,koshien,national,,,2017選手権,QF,,広陵,10,仙台育英,4,広島,宮城,,v1_3_workcopy.xlsx / 試合元帳,元帳あり・Web URL未登録,v1_3_workcopy.xlsx,level=national;historical_reference=1;team1_pref=広島;team2_pref=宮城
2017,koshien,national,,,2017選手権,QF,,花咲徳栄,10,盛岡大付,1,埼玉,岩手,,v1_3_workcopy.xlsx / 試合元帳,元帳あり・Web URL未登録,v1_3_workcopy.xlsx,level=national;historical_reference=1;team1_pref=埼玉;team2_pref=岩手
2017,koshien,national,,,2017選手権,SF,,広陵,12,天理,9,広島,奈良,,v1_3_workcopy.xlsx / 試合元帳,元帳あり・Web URL未登録,v1_3_workcopy.xlsx,level=national;historical_reference=1;team1_pref=広島;team2_pref=奈良
2017,koshien,national,,,2017選手権,SF,,花咲徳栄,9,東海大菅生,6,埼玉,東京,,v1_3_workcopy.xlsx / 試合元帳,元帳あり・Web URL未登録,v1_3_workcopy.xlsx,level=national;historical_reference=1;team1_pref=埼玉;team2_pref=東京;legacy_note=延長11回
2017,koshien,national,,,2017選手権,F,,花咲徳栄,14,広陵,4,埼玉,広島,,v1_3_workcopy.xlsx / 試合元帳,元帳あり・Web URL未登録,v1_3_workcopy.xlsx,level=national;historical_reference=1;team1_pref=埼玉;team2_pref=広島
2017,autumn,hokkaido,,,2017秋季北海道地区大会,1R,,函館工,6,札幌創成,2,北海道,北海道,,v1_3_workcopy.xlsx / 試合元帳,元帳あり・Web URL未登録,v1_3_workcopy.xlsx,level=regional;historical_reference=1;team1_pref=北海道;team2_pref=北海道
2017,autumn,hokkaido,,,2017秋季北海道地区大会,1R,,旭川実,2,北照,1,北海道,北海道,,v1_3_workcopy.xlsx / 試合元帳,元帳あり・Web URL未登録,v1_3_workcopy.xlsx,level=regional;historical_reference=1;team1_pref=北海道;team2_pref=北海道
2017,autumn,hokkaido,,,2017秋季北海道地区大会,1R,,立命館慶祥,7,北広島,0,北海道,北海道,,v1_3_workcopy.xlsx / 試合元帳,元帳あり・Web URL未登録,v1_3_workcopy.xlsx,level=regional;historical_reference=1;team1_pref=北海道;team2_pref=北海道;legacy_note=8回コールド
2017,autumn,hokkaido,,,2017秋季北海道地区大会,1R,,旭川龍谷,11,函館大柏稜,0,北海道,北海道,,v1_3_workcopy.xlsx / 試合元帳,元帳あり・Web URL未登録,v1_3_workcopy.xlsx,level=regional;historical_reference=1;team1_pref=北海道;team2_pref=北海道;legacy_note=7回コールド
2017,autumn,hokkaido,,,2017秋季北海道地区大会,2R,,北海道栄,4,帯広農,0,北海道,北海道,,v1_3_workcopy.xlsx / 試合元帳,元帳あり・Web URL未登録,v1_3_workcopy.xlsx,level=regional;historical_reference=1;team1_pref=北海道;team2_pref=北海道
2017,autumn,hokkaido,,,2017秋季北海道地区大会,2R,,稚内大谷,6,札幌山の手,3,北海道,北海道,,v1_3_workcopy.xlsx / 試合元帳,元帳あり・Web URL未登録,v1_3_workcopy.xlsx,level=regional;historical_reference=1;team1_pref=北海道;team2_pref=北海道
2017,autumn,hokkaido,,,2017秋季北海道地区大会,2R,,函館工,9,武修館,4,北海道,北海道,,v1_3_workcopy.xlsx / 試合元帳,元帳あり・Web URL未登録,v1_3_workcopy.xlsx,level=regional;historical_reference=1;team1_pref=北海道;team2_pref=北海道
2017,autumn,hokkaido,,,2017秋季北海道地区大会,2R,,旭川実,8,札幌大谷,3,北海道,北海道,,v1_3_workcopy.xlsx / 試合元帳,元帳あり・Web URL未登録,v1_3_workcopy.xlsx,level=regional;historical_reference=1;team1_pref=北海道;team2_pref=北海道;legacy_note=延長10回
2017,autumn,hokkaido,,,2017秋季北海道地区大会,2R,,立命館慶祥,6,釧路明輝,3,北海道,北海道,,v1_3_workcopy.xlsx / 試合元帳,元帳あり・Web URL未登録,v1_3_workcopy.xlsx,level=regional;historical_reference=1;team1_pref=北海道;team2_pref=北海道
2017,autumn,hokkaido,,,2017秋季北海道地区大会,2R,,駒大苫小牧,8,白樺学園,1,北海道,北海道,,v1_3_workcopy.xlsx / 試合元帳,元帳あり・Web URL未登録,v1_3_workcopy.xlsx,level=regional;historical_reference=1;team1_pref=北海道;team2_pref=北海道;legacy_note=8回コールド
2017,autumn,hokkaido,,,2017秋季北海道地区大会,2R,,旭川龍谷,8,遠軽,6,北海道,北海道,,v1_3_workcopy.xlsx / 試合元帳,元帳あり・Web URL未登録,v1_3_workcopy.xlsx,level=regional;historical_reference=1;team1_pref=北海道;team2_pref=北海道
2017,autumn,hokkaido,,,2017秋季北海道地区大会,2R,,札幌日大,9,クラーク国際,5,北海道,北海道,,v1_3_workcopy.xlsx / 試合元帳,元帳あり・Web URL未登録,v1_3_workcopy.xlsx,level=regional;historical_reference=1;team1_pref=北海道;team2_pref=北海道
2017,autumn,hokkaido,,,2017秋季北海道地区大会,QF,,北海道栄,8,函館工,1,北海道,北海道,,v1_3_workcopy.xlsx / 試合元帳,元帳あり・Web URL未登録,v1_3_workcopy.xlsx,level=regional;historical_reference=1;team1_pref=北海道;team2_pref=北海道;legacy_note=7回コールド
2017,autumn,hokkaido,,,2017秋季北海道地区大会,QF,,旭川実,2,稚内大谷,0,北海道,北海道,,v1_3_workcopy.xlsx / 試合元帳,元帳あり・Web URL未登録,v1_3_workcopy.xlsx,level=regional;historical_reference=1;team1_pref=北海道;team2_pref=北海道
2017,autumn,hokkaido,,,2017秋季北海道地区大会,QF,,駒大苫小牧,5,立命館慶祥,3,北海道,北海道,,v1_3_workcopy.xlsx / 試合元帳,元帳あり・Web URL未登録,v1_3_workcopy.xlsx,level=regional;historical_reference=1;team1_pref=北海道;team2_pref=北海道
2017,autumn,hokkaido,,,2017秋季北海道地区大会,QF,,札幌日大,12,旭川龍谷,6,北海道,北海道,,v1_3_workcopy.xlsx / 試合元帳,元帳あり・Web URL未登録,v1_3_workcopy.xlsx,level=regional;historical_reference=1;team1_pref=北海道;team2_pref=北海道
2017,autumn,hokkaido,,,2017秋季北海道地区大会,SF,,旭川実,4,北海道栄,3,北海道,北海道,,v1_3_workcopy.xlsx / 試合元帳,元帳あり・Web URL未登録,v1_3_workcopy.xlsx,level=regional;historical_reference=1;team1_pref=北海道;team2_pref=北海道
2017,autumn,hokkaido,,,2017秋季北海道地区大会,SF,,駒大苫小牧,7,札幌日大,6,北海道,北海道,,v1_3_workcopy.xlsx / 試合元帳,元帳あり・Web URL未登録,v1_3_workcopy.xlsx,level=regional;historical_reference=1;team1_pref=北海道;team2_pref=北海道;legacy_note=延長12回サヨナラ
2017,autumn,hokkaido,,,2017秋季北海道地区大会,F,,駒大苫小牧,12,旭川実,10,北海道,北海道,,v1_3_workcopy.xlsx / 試合元帳,元帳あり・Web URL未登録,v1_3_workcopy.xlsx,level=regional;historical_reference=1;team1_pref=北海道;team2_pref=北海道
2017,autumn,tohoku,,,2017秋季東北地区大会,1R,,八戸学院光星,9,一関学院,2,青森,岩手,,v1_3_workcopy.xlsx / 試合元帳,元帳あり・Web URL未登録,v1_3_workcopy.xlsx,level=regional;historical_reference=1;team1_pref=青森;team2_pref=岩手;legacy_note=8回コールド
2017,autumn,tohoku,,,2017秋季東北地区大会,1R,,日大山形,7,学法石川,2,山形,福島,,v1_3_workcopy.xlsx / 試合元帳,元帳あり・Web URL未登録,v1_3_workcopy.xlsx,level=regional;historical_reference=1;team1_pref=山形;team2_pref=福島
2017,autumn,tohoku,,,2017秋季東北地区大会,2R,,利府,7,青森山田,6,宮城,青森,,v1_3_workcopy.xlsx / 試合元帳,元帳あり・Web URL未登録,v1_3_workcopy.xlsx,level=regional;historical_reference=1;team1_pref=宮城;team2_pref=青森
2017,autumn,tohoku,,,2017秋季東北地区大会,2R,,聖光学院,7,仙台南,0,福島,宮城,,v1_3_workcopy.xlsx / 試合元帳,元帳あり・Web URL未登録,v1_3_workcopy.xlsx,level=regional;historical_reference=1;team1_pref=福島;team2_pref=宮城;legacy_note=7回コールド
2017,autumn,tohoku,,,2017秋季東北地区大会,2R,,由利工,5,弘前東,4,秋田,青森,,v1_3_workcopy.xlsx / 試合元帳,元帳あり・Web URL未登録,v1_3_workcopy.xlsx,level=regional;historical_reference=1;team1_pref=秋田;team2_pref=青森
2017,autumn,tohoku,,,2017秋季東北地区大会,2R,,花巻東,5,角館,2,岩手,秋田,,v1_3_workcopy.xlsx / 試合元帳,元帳あり・Web URL未登録,v1_3_workcopy.xlsx,level=regional;historical_reference=1;team1_pref=岩手;team2_pref=秋田
2017,autumn,tohoku,,,2017秋季東北地区大会,2R,,日大山形,1,仙台育英,0,山形,宮城,,v1_3_workcopy.xlsx / 試合元帳,元帳あり・Web URL未登録,v1_3_workcopy.xlsx,level=regional;historical_reference=1;team1_pref=山形;team2_pref=宮城
2017,autumn,tohoku,,,2017秋季東北地区大会,2R,,能代松陽,2,八戸学院光星,1,秋田,青森,,v1_3_workcopy.xlsx / 試合元帳,元帳あり・Web URL未登録,v1_3_workcopy.xlsx,level=regional;historical_reference=1;team1_pref=秋田;team2_pref=青森
2017,autumn,tohoku,,,2017秋季東北地区大会,2R,,黒沢尻工,4,東海大山形,2,岩手,山形,,v1_3_workcopy.xlsx / 試合元帳,元帳あり・Web URL未登録,v1_3_workcopy.xlsx,level=regional;historical_reference=1;team1_pref=岩手;team2_pref=山形
2017,autumn,tohoku,,,2017秋季東北地区大会,2R,,酒田南,8,光南,6,山形,福島,,v1_3_workcopy.xlsx / 試合元帳,元帳あり・Web URL未登録,v1_3_workcopy.xlsx,level=regional;historical_reference=1;team1_pref=山形;team2_pref=福島
2017,autumn,tohoku,,,2017秋季東北地区大会,QF,,能代松陽,7,黒沢尻工,0,秋田,岩手,,v1_3_workcopy.xlsx / 試合元帳,元帳あり・Web URL未登録,v1_3_workcopy.xlsx,level=regional;historical_reference=1;team1_pref=秋田;team2_pref=岩手;legacy_note=8回コールド
2017,autumn,tohoku,,,2017秋季東北地区大会,QF,,聖光学院,15,利府,0,福島,宮城,,v1_3_workcopy.xlsx / 試合元帳,元帳あり・Web URL未登録,v1_3_workcopy.xlsx,level=regional;historical_reference=1;team1_pref=福島;team2_pref=宮城;legacy_note=5回コールド
2017,autumn,tohoku,,,2017秋季東北地区大会,QF,,花巻東,4,由利工,2,岩手,秋田,,v1_3_workcopy.xlsx / 試合元帳,元帳あり・Web URL未登録,v1_3_workcopy.xlsx,level=regional;historical_reference=1;team1_pref=岩手;team2_pref=秋田
2017,autumn,tohoku,,,2017秋季東北地区大会,QF,,日大山形,7,酒田南,0,山形,山形,,v1_3_workcopy.xlsx / 試合元帳,元帳あり・Web URL未登録,v1_3_workcopy.xlsx,level=regional;historical_reference=1;team1_pref=山形;team2_pref=山形;legacy_note=7回コールド
2017,autumn,tohoku,,,2017秋季東北地区大会,SF,,聖光学院,16,能代松陽,2,福島,秋田,,v1_3_workcopy.xlsx / 試合元帳,元帳あり・Web URL未登録,v1_3_workcopy.xlsx,level=regional;historical_reference=1;team1_pref=福島;team2_pref=秋田
2017,autumn,tohoku,,,2017秋季東北地区大会,SF,,花巻東,6,日大山形,4,岩手,山形,,v1_3_workcopy.xlsx / 試合元帳,元帳あり・Web URL未登録,v1_3_workcopy.xlsx,level=regional;historical_reference=1;team1_pref=岩手;team2_pref=山形
2017,autumn,tohoku,,,2017秋季東北地区大会,F,,聖光学院,6,花巻東,4,福島,岩手,,v1_3_workcopy.xlsx / 試合元帳,元帳あり・Web URL未登録,v1_3_workcopy.xlsx,level=regional;historical_reference=1;team1_pref=福島;team2_pref=岩手
2017,autumn,kanto_tokyo,,,2017秋季関東地区大会,1R,,国学院栃木,2,市川越,1,栃木,埼玉,,v1_3_workcopy.xlsx / 試合元帳,元帳あり・Web URL未登録,v1_3_workcopy.xlsx,level=regional;historical_reference=1;team1_pref=栃木;team2_pref=埼玉
2017,autumn,kanto_tokyo,,,2017秋季関東地区大会,1R,,作新学院,9,関東学園大付,4,栃木,群馬,,v1_3_workcopy.xlsx / 試合元帳,元帳あり・Web URL未登録,v1_3_workcopy.xlsx,level=regional;historical_reference=1;team1_pref=栃木;team2_pref=群馬
2017,autumn,kanto_tokyo,,,2017秋季関東地区大会,1R,,慶応,5,拓大紅陵,4,神奈川,千葉,,v1_3_workcopy.xlsx / 試合元帳,元帳あり・Web URL未登録,v1_3_workcopy.xlsx,level=regional;historical_reference=1;team1_pref=神奈川;team2_pref=千葉
2017,autumn,kanto_tokyo,,,2017秋季関東地区大会,1R,,明秀日立,7,山梨学院,3,茨城,山梨,,v1_3_workcopy.xlsx / 試合元帳,元帳あり・Web URL未登録,v1_3_workcopy.xlsx,level=regional;historical_reference=1;team1_pref=茨城;team2_pref=山梨
2017,autumn,kanto_tokyo,,,2017秋季関東地区大会,1R,,健大高崎,3,桐光学園,1,群馬,神奈川,,v1_3_workcopy.xlsx / 試合元帳,元帳あり・Web URL未登録,v1_3_workcopy.xlsx,level=regional;historical_reference=1;team1_pref=群馬;team2_pref=神奈川
2017,autumn,kanto_tokyo,,,2017秋季関東地区大会,1R,,中央学院,6,花咲徳栄,3,千葉,埼玉,,v1_3_workcopy.xlsx / 試合元帳,元帳あり・Web URL未登録,v1_3_workcopy.xlsx,level=regional;historical_reference=1;team1_pref=千葉;team2_pref=埼玉
2017,autumn,kanto_tokyo,,,2017秋季関東地区大会,1R,,霞ヶ浦,13,東海大甲府,9,茨城,山梨,,v1_3_workcopy.xlsx / 試合元帳,元帳あり・Web URL未登録,v1_3_workcopy.xlsx,level=regional;historical_reference=1;team1_pref=茨城;team2_pref=山梨
2017,autumn,kanto_tokyo,,,2017秋季関東地区大会,QF,,慶応,3,国学院栃木,2,神奈川,栃木,,v1_3_workcopy.xlsx / 試合元帳,元帳あり・Web URL未登録,v1_3_workcopy.xlsx,level=regional;historical_reference=1;team1_pref=神奈川;team2_pref=栃木
2017,autumn,kanto_tokyo,,,2017秋季関東地区大会,QF,,中央学院,5,霞ヶ浦,1,千葉,茨城,,v1_3_workcopy.xlsx / 試合元帳,元帳あり・Web URL未登録,v1_3_workcopy.xlsx,level=regional;historical_reference=1;team1_pref=千葉;team2_pref=茨城
2017,autumn,kanto_tokyo,,,2017秋季関東地区大会,QF,,明秀日立,7,健大高崎,5,茨城,群馬,,v1_3_workcopy.xlsx / 試合元帳,元帳あり・Web URL未登録,v1_3_workcopy.xlsx,level=regional;historical_reference=1;team1_pref=茨城;team2_pref=群馬
2017,autumn,kanto_tokyo,,,2017秋季関東地区大会,QF,,東海大相模,12,作新学院,1,神奈川,栃木,,v1_3_workcopy.xlsx / 試合元帳,元帳あり・Web URL未登録,v1_3_workcopy.xlsx,level=regional;historical_reference=1;team1_pref=神奈川;team2_pref=栃木;legacy_note=5回コールド
2017,autumn,kanto_tokyo,,,2017秋季関東地区大会,SF,,明秀日立,7,慶応,4,茨城,神奈川,,v1_3_workcopy.xlsx / 試合元帳,元帳あり・Web URL未登録,v1_3_workcopy.xlsx,level=regional;historical_reference=1;team1_pref=茨城;team2_pref=神奈川
2017,autumn,kanto_tokyo,,,2017秋季関東地区大会,SF,,中央学院,3,東海大相模,2,千葉,神奈川,,v1_3_workcopy.xlsx / 試合元帳,元帳あり・Web URL未登録,v1_3_workcopy.xlsx,level=regional;historical_reference=1;team1_pref=千葉;team2_pref=神奈川;legacy_note=延長10回
2017,autumn,kanto_tokyo,,,2017秋季関東地区大会,F,,中央学院,6,明秀日立,5,千葉,茨城,,v1_3_workcopy.xlsx / 試合元帳,元帳あり・Web URL未登録,v1_3_workcopy.xlsx,level=regional;historical_reference=1;team1_pref=千葉;team2_pref=茨城
2017,autumn,kanto_tokyo,,,2017秋季東京地区大会,1R,,東海大高輪台,9,明治,7,東京,東京,,v1_3_workcopy.xlsx / 試合元帳,元帳あり・Web URL未登録,v1_3_workcopy.xlsx,level=regional;historical_reference=1;team1_pref=東京;team2_pref=東京
2017,autumn,kanto_tokyo,,,2017秋季東京地区大会,1R,,日野,8,東京成徳大高,7,東京,東京,,v1_3_workcopy.xlsx / 試合元帳,元帳あり・Web URL未登録,v1_3_workcopy.xlsx,level=regional;historical_reference=1;team1_pref=東京;team2_pref=東京;legacy_note=延長10回
2017,autumn,kanto_tokyo,,,2017秋季東京地区大会,1R,,国士舘,7,早大学院,0,東京,東京,,v1_3_workcopy.xlsx / 試合元帳,元帳あり・Web URL未登録,v1_3_workcopy.xlsx,level=regional;historical_reference=1;team1_pref=東京;team2_pref=東京;legacy_note=7回コールド
2017,autumn,kanto_tokyo,,,2017秋季東京地区大会,1R,,関東一,11,専大付,4,東京,東京,,v1_3_workcopy.xlsx / 試合元帳,元帳あり・Web URL未登録,v1_3_workcopy.xlsx,level=regional;historical_reference=1;team1_pref=東京;team2_pref=東京;legacy_note=7回コールド
2017,autumn,kanto_tokyo,,,2017秋季東京地区大会,1R,,高島,5,江戸川,2,東京,東京,,v1_3_workcopy.xlsx / 試合元帳,元帳あり・Web URL未登録,v1_3_workcopy.xlsx,level=regional;historical_reference=1;team1_pref=東京;team2_pref=東京
2017,autumn,kanto_tokyo,,,2017秋季東京地区大会,1R,,郁文館,8,総合工科,1,東京,東京,,v1_3_workcopy.xlsx / 試合元帳,元帳あり・Web URL未登録,v1_3_workcopy.xlsx,level=regional;historical_reference=1;team1_pref=東京;team2_pref=東京;legacy_note=7回コールド
2017,autumn,kanto_tokyo,,,2017秋季東京地区大会,1R,,佼成学園,3,堀越,2,東京,東京,,v1_3_workcopy.xlsx / 試合元帳,元帳あり・Web URL未登録,v1_3_workcopy.xlsx,level=regional;historical_reference=1;team1_pref=東京;team2_pref=東京
2017,autumn,kanto_tokyo,,,2017秋季東京地区大会,1R,,東大和,9,保谷,6,東京,東京,,v1_3_workcopy.xlsx / 試合元帳,元帳あり・Web URL未登録,v1_3_workcopy.xlsx,level=regional;historical_reference=1;team1_pref=東京;team2_pref=東京
2017,autumn,kanto_tokyo,,,2017秋季東京地区大会,1R,,錦城学園,6,雪谷,4,東京,東京,,v1_3_workcopy.xlsx / 試合元帳,元帳あり・Web URL未登録,v1_3_workcopy.xlsx,level=regional;historical_reference=1;team1_pref=東京;team2_pref=東京
2017,autumn,kanto_tokyo,,,2017秋季東京地区大会,1R,,中大付,1,片倉,0,東京,東京,,v1_3_workcopy.xlsx / 試合元帳,元帳あり・Web URL未登録,v1_3_workcopy.xlsx,level=regional;historical_reference=1;team1_pref=東京;team2_pref=東京
2017,autumn,kanto_tokyo,,,2017秋季東京地区大会,1R,,聖パウロ学園,7,多摩大聖ヶ丘,0,東京,東京,,v1_3_workcopy.xlsx / 試合元帳,元帳あり・Web URL未登録,v1_3_workcopy.xlsx,level=regional;historical_reference=1;team1_pref=東京;team2_pref=東京;legacy_note=8回コールド
2017,autumn,kanto_tokyo,,,2017秋季東京地区大会,1R,,立正大立正,8,富士,1,東京,東京,,v1_3_workcopy.xlsx / 試合元帳,元帳あり・Web URL未登録,v1_3_workcopy.xlsx,level=regional;historical_reference=1;team1_pref=東京;team2_pref=東京;legacy_note=7回コールド
2017,autumn,kanto_tokyo,,,2017秋季東京地区大会,1R,,昭和,10,石神井,5,東京,東京,,v1_3_workcopy.xlsx / 試合元帳,元帳あり・Web URL未登録,v1_3_workcopy.xlsx,level=regional;historical_reference=1;team1_pref=東京;team2_pref=東京
2017,autumn,kanto_tokyo,,,2017秋季東京地区大会,1R,,共栄学園,5,城西,3,東京,東京,,v1_3_workcopy.xlsx / 試合元帳,元帳あり・Web URL未登録,v1_3_workcopy.xlsx,level=regional;historical_reference=1;team1_pref=東京;team2_pref=東京
2017,autumn,kanto_tokyo,,,2017秋季東京地区大会,1R,,日大三,7,城東,1,東京,東京,,v1_3_workcopy.xlsx / 試合元帳,元帳あり・Web URL未登録,v1_3_workcopy.xlsx,level=regional;historical_reference=1;team1_pref=東京;team2_pref=東京
2017,autumn,kanto_tokyo,,,2017秋季東京地区大会,1R,,修徳,6,国学院久我山,1,東京,東京,,v1_3_workcopy.xlsx / 試合元帳,元帳あり・Web URL未登録,v1_3_workcopy.xlsx,level=regional;historical_reference=1;team1_pref=東京;team2_pref=東京
2017,autumn,kanto_tokyo,,,2017秋季東京地区大会,1R,,駿台学園,11,学習院,1,東京,東京,,v1_3_workcopy.xlsx / 試合元帳,元帳あり・Web URL未登録,v1_3_workcopy.xlsx,level=regional;historical_reference=1;team1_pref=東京;team2_pref=東京;legacy_note=8回コールド
2017,autumn,kanto_tokyo,,,2017秋季東京地区大会,1R,,明大中野,9,府中工,2,東京,東京,,v1_3_workcopy.xlsx / 試合元帳,元帳あり・Web URL未登録,v1_3_workcopy.xlsx,level=regional;historical_reference=1;team1_pref=東京;team2_pref=東京;legacy_note=7回コールド
2017,autumn,kanto_tokyo,,,2017秋季東京地区大会,1R,,帝京,9,練馬,1,東京,東京,,v1_3_workcopy.xlsx / 試合元帳,元帳あり・Web URL未登録,v1_3_workcopy.xlsx,level=regional;historical_reference=1;team1_pref=東京;team2_pref=東京;legacy_note=8回コールド
2017,autumn,kanto_tokyo,,,2017秋季東京地区大会,1R,,創価,8,駒大高,1,東京,東京,,v1_3_workcopy.xlsx / 試合元帳,元帳あり・Web URL未登録,v1_3_workcopy.xlsx,level=regional;historical_reference=1;team1_pref=東京;team2_pref=東京;legacy_note=7回コールド
2017,autumn,kanto_tokyo,,,2017秋季東京地区大会,1R,,明大中野八王子,9,日野台,0,東京,東京,,v1_3_workcopy.xlsx / 試合元帳,元帳あり・Web URL未登録,v1_3_workcopy.xlsx,level=regional;historical_reference=1;team1_pref=東京;team2_pref=東京;legacy_note=7回コールド
2017,autumn,kanto_tokyo,,,2017秋季東京地区大会,1R,,葛飾野,5,工学院大付,3,東京,東京,,v1_3_workcopy.xlsx / 試合元帳,元帳あり・Web URL未登録,v1_3_workcopy.xlsx,level=regional;historical_reference=1;team1_pref=東京;team2_pref=東京
2017,autumn,kanto_tokyo,,,2017秋季東京地区大会,1R,,東京,9,ＩＣＵ,2,東京,東京,,v1_3_workcopy.xlsx / 試合元帳,元帳あり・Web URL未登録,v1_3_workcopy.xlsx,level=regional;historical_reference=1;team1_pref=東京;team2_pref=東京;legacy_note=7回コールド
2017,autumn,kanto_tokyo,,,2017秋季東京地区大会,1R,,早稲田実,10,東京実,0,東京,東京,,v1_3_workcopy.xlsx / 試合元帳,元帳あり・Web URL未登録,v1_3_workcopy.xlsx,level=regional;historical_reference=1;team1_pref=東京;team2_pref=東京;legacy_note=5回コールド
2017,autumn,kanto_tokyo,,,2017秋季東京地区大会,1R,,秋留台,5,成蹊,2,東京,東京,,v1_3_workcopy.xlsx / 試合元帳,元帳あり・Web URL未登録,v1_3_workcopy.xlsx,level=regional;historical_reference=1;team1_pref=東京;team2_pref=東京
2017,autumn,kanto_tokyo,,,2017秋季東京地区大会,1R,,日本ウェルネス,10,大崎,0,東京,東京,,v1_3_workcopy.xlsx / 試合元帳,元帳あり・Web URL未登録,v1_3_workcopy.xlsx,level=regional;historical_reference=1;team1_pref=東京;team2_pref=東京;legacy_note=6回コールド
2017,autumn,kanto_tokyo,,,2017秋季東京地区大会,1R,,日大豊山,4,成立学園,3,東京,東京,,v1_3_workcopy.xlsx / 試合元帳,元帳あり・Web URL未登録,v1_3_workcopy.xlsx,level=regional;historical_reference=1;team1_pref=東京;team2_pref=東京
2017,autumn,kanto_tokyo,,,2017秋季東京地区大会,1R,,桜美林,2,二松学舎大付,1,東京,東京,,v1_3_workcopy.xlsx / 試合元帳,元帳あり・Web URL未登録,v1_3_workcopy.xlsx,level=regional;historical_reference=1;team1_pref=東京;team2_pref=東京;legacy_note=延長10回
2017,autumn,kanto_tokyo,,,2017秋季東京地区大会,1R,,世田谷学園,3,上野学園,0,東京,東京,,v1_3_workcopy.xlsx / 試合元帳,元帳あり・Web URL未登録,v1_3_workcopy.xlsx,level=regional;historical_reference=1;team1_pref=東京;team2_pref=東京
2017,autumn,kanto_tokyo,,,2017秋季東京地区大会,1R,,明星,8,紅葉川,0,東京,東京,,v1_3_workcopy.xlsx / 試合元帳,元帳あり・Web URL未登録,v1_3_workcopy.xlsx,level=regional;historical_reference=1;team1_pref=東京;team2_pref=東京;legacy_note=7回コールド
2017,autumn,kanto_tokyo,,,2017秋季東京地区大会,1R,,八王子,6,日大二,4,東京,東京,,v1_3_workcopy.xlsx / 試合元帳,元帳あり・Web URL未登録,v1_3_workcopy.xlsx,level=regional;historical_reference=1;team1_pref=東京;team2_pref=東京
2017,autumn,kanto_tokyo,,,2017秋季東京地区大会,1R,,岩倉,12,多摩大目黒,8,東京,東京,,v1_3_workcopy.xlsx / 試合元帳,元帳あり・Web URL未登録,v1_3_workcopy.xlsx,level=regional;historical_reference=1;team1_pref=東京;team2_pref=東京
2017,autumn,kanto_tokyo,,,2017秋季東京地区大会,2R,,日大三,10,修徳,3,東京,東京,,v1_3_workcopy.xlsx / 試合元帳,元帳あり・Web URL未登録,v1_3_workcopy.xlsx,level=regional;historical_reference=1;team1_pref=東京;team2_pref=東京;legacy_note=7回コールド
2017,autumn,kanto_tokyo,,,2017秋季東京地区大会,2R,,帝京,9,創価,3,東京,東京,,v1_3_workcopy.xlsx / 試合元帳,元帳あり・Web URL未登録,v1_3_workcopy.xlsx,level=regional;historical_reference=1;team1_pref=東京;team2_pref=東京
2017,autumn,kanto_tokyo,,,2017秋季東京地区大会,2R,,日本ウェルネス,9,秋留台,1,東京,東京,,v1_3_workcopy.xlsx / 試合元帳,元帳あり・Web URL未登録,v1_3_workcopy.xlsx,level=regional;historical_reference=1;team1_pref=東京;team2_pref=東京;legacy_note=7回コールド
2017,autumn,kanto_tokyo,,,2017秋季東京地区大会,2R,,日大豊山,3,桜美林,1,東京,東京,,v1_3_workcopy.xlsx / 試合元帳,元帳あり・Web URL未登録,v1_3_workcopy.xlsx,level=regional;historical_reference=1;team1_pref=東京;team2_pref=東京
2017,autumn,kanto_tokyo,,,2017秋季東京地区大会,2R,,岩倉,4,八王子,3,東京,東京,,v1_3_workcopy.xlsx / 試合元帳,元帳あり・Web URL未登録,v1_3_workcopy.xlsx,level=regional;historical_reference=1;team1_pref=東京;team2_pref=東京;legacy_note=サヨナラ
2017,autumn,kanto_tokyo,,,2017秋季東京地区大会,2R,,東海大高輪台,6,葛飾野,2,東京,東京,,v1_3_workcopy.xlsx / 試合元帳,元帳あり・Web URL未登録,v1_3_workcopy.xlsx,level=regional;historical_reference=1;team1_pref=東京;team2_pref=東京
2017,autumn,kanto_tokyo,,,2017秋季東京地区大会,2R,,東大和,5,東京,4,東京,東京,,v1_3_workcopy.xlsx / 試合元帳,元帳あり・Web URL未登録,v1_3_workcopy.xlsx,level=regional;historical_reference=1;team1_pref=東京;team2_pref=東京;legacy_note=サヨナラ
2017,autumn,kanto_tokyo,,,2017秋季東京地区大会,2R,,高島,3,郁文館,2,東京,東京,,v1_3_workcopy.xlsx / 試合元帳,元帳あり・Web URL未登録,v1_3_workcopy.xlsx,level=regional;historical_reference=1;team1_pref=東京;team2_pref=東京
2017,autumn,kanto_tokyo,,,2017秋季東京地区大会,2R,,佼成学園,2,明大中野八王子,0,東京,東京,,v1_3_workcopy.xlsx / 試合元帳,元帳あり・Web URL未登録,v1_3_workcopy.xlsx,level=regional;historical_reference=1;team1_pref=東京;team2_pref=東京
2017,autumn,kanto_tokyo,,,2017秋季東京地区大会,2R,,錦城学園,7,中大付,0,東京,東京,,v1_3_workcopy.xlsx / 試合元帳,元帳あり・Web URL未登録,v1_3_workcopy.xlsx,level=regional;historical_reference=1;team1_pref=東京;team2_pref=東京;legacy_note=7回コールド
2017,autumn,kanto_tokyo,,,2017秋季東京地区大会,2R,,立正大立正,3,聖パウロ学園,2,東京,東京,,v1_3_workcopy.xlsx / 試合元帳,元帳あり・Web URL未登録,v1_3_workcopy.xlsx,level=regional;historical_reference=1;team1_pref=東京;team2_pref=東京
2017,autumn,kanto_tokyo,,,2017秋季東京地区大会,2R,,昭和,3,共栄学園,2,東京,東京,,v1_3_workcopy.xlsx / 試合元帳,元帳あり・Web URL未登録,v1_3_workcopy.xlsx,level=regional;historical_reference=1;team1_pref=東京;team2_pref=東京
2017,autumn,kanto_tokyo,,,2017秋季東京地区大会,2R,,明大中野,9,駿台学園,2,東京,東京,,v1_3_workcopy.xlsx / 試合元帳,元帳あり・Web URL未登録,v1_3_workcopy.xlsx,level=regional;historical_reference=1;team1_pref=東京;team2_pref=東京;legacy_note=7回コールド
2017,autumn,kanto_tokyo,,,2017秋季東京地区大会,2R,,明星,7,世田谷学園,1,東京,東京,,v1_3_workcopy.xlsx / 試合元帳,元帳あり・Web URL未登録,v1_3_workcopy.xlsx,level=regional;historical_reference=1;team1_pref=東京;team2_pref=東京
2017,autumn,kanto_tokyo,,,2017秋季東京地区大会,2R,,国士舘,4,日野,0,東京,東京,,v1_3_workcopy.xlsx / 試合元帳,元帳あり・Web URL未登録,v1_3_workcopy.xlsx,level=regional;historical_reference=1;team1_pref=東京;team2_pref=東京
2017,autumn,kanto_tokyo,,,2017秋季東京地区大会,2R,,早稲田実,5,関東一,1,東京,東京,,v1_3_workcopy.xlsx / 試合元帳,元帳あり・Web URL未登録,v1_3_workcopy.xlsx,level=regional;historical_reference=1;team1_pref=東京;team2_pref=東京
2017,autumn,kanto_tokyo,,,2017秋季東京地区大会,3R,,日大豊山,3,日本ウェルネス,0,東京,東京,,v1_3_workcopy.xlsx / 試合元帳,元帳あり・Web URL未登録,v1_3_workcopy.xlsx,level=regional;historical_reference=1;team1_pref=東京;team2_pref=東京
2017,autumn,kanto_tokyo,,,2017秋季東京地区大会,3R,,東海大高輪台,11,東大和,0,東京,東京,,v1_3_workcopy.xlsx / 試合元帳,元帳あり・Web URL未登録,v1_3_workcopy.xlsx,level=regional;historical_reference=1;team1_pref=東京;team2_pref=東京
2017,autumn,kanto_tokyo,,,2017秋季東京地区大会,3R,,佼成学園,7,高島,0,東京,東京,,v1_3_workcopy.xlsx / 試合元帳,元帳あり・Web URL未登録,v1_3_workcopy.xlsx,level=regional;historical_reference=1;team1_pref=東京;team2_pref=東京;legacy_note=8回コールド
2017,autumn,kanto_tokyo,,,2017秋季東京地区大会,3R,,明星,3,岩倉,2,東京,東京,,v1_3_workcopy.xlsx / 試合元帳,元帳あり・Web URL未登録,v1_3_workcopy.xlsx,level=regional;historical_reference=1;team1_pref=東京;team2_pref=東京
2017,autumn,kanto_tokyo,,,2017秋季東京地区大会,3R,,帝京,9,明大中野,4,東京,東京,,v1_3_workcopy.xlsx / 試合元帳,元帳あり・Web URL未登録,v1_3_workcopy.xlsx,level=regional;historical_reference=1;team1_pref=東京;team2_pref=東京
2017,autumn,kanto_tokyo,,,2017秋季東京地区大会,3R,,日大三,8,昭和,1,東京,東京,,v1_3_workcopy.xlsx / 試合元帳,元帳あり・Web URL未登録,v1_3_workcopy.xlsx,level=regional;historical_reference=1;team1_pref=東京;team2_pref=東京;legacy_note=7回コールド
2017,autumn,kanto_tokyo,,,2017秋季東京地区大会,3R,,国士舘,1,早稲田実,0,東京,東京,,v1_3_workcopy.xlsx / 試合元帳,元帳あり・Web URL未登録,v1_3_workcopy.xlsx,level=regional;historical_reference=1;team1_pref=東京;team2_pref=東京
2017,autumn,kanto_tokyo,,,2017秋季東京地区大会,3R,,立正大立正,10,錦城学園,9,東京,東京,,v1_3_workcopy.xlsx / 試合元帳,元帳あり・Web URL未登録,v1_3_workcopy.xlsx,level=regional;historical_reference=1;team1_pref=東京;team2_pref=東京
2017,autumn,kanto_tokyo,,,2017秋季東京地区大会,QF,,日大三,12,帝京,5,東京,東京,,v1_3_workcopy.xlsx / 試合元帳,元帳あり・Web URL未登録,v1_3_workcopy.xlsx,level=regional;historical_reference=1;team1_pref=東京;team2_pref=東京;legacy_note=7回コールド
2017,autumn,kanto_tokyo,,,2017秋季東京地区大会,QF,,日大豊山,4,明星,2,東京,東京,,v1_3_workcopy.xlsx / 試合元帳,元帳あり・Web URL未登録,v1_3_workcopy.xlsx,level=regional;historical_reference=1;team1_pref=東京;team2_pref=東京
2017,autumn,kanto_tokyo,,,2017秋季東京地区大会,QF,,佼成学園,8,東海大高輪台,2,東京,東京,,v1_3_workcopy.xlsx / 試合元帳,元帳あり・Web URL未登録,v1_3_workcopy.xlsx,level=regional;historical_reference=1;team1_pref=東京;team2_pref=東京
2017,autumn,kanto_tokyo,,,2017秋季東京地区大会,QF,,国士舘,4,立正大立正,1,東京,東京,,v1_3_workcopy.xlsx / 試合元帳,元帳あり・Web URL未登録,v1_3_workcopy.xlsx,level=regional;historical_reference=1;team1_pref=東京;team2_pref=東京
2017,autumn,kanto_tokyo,,,2017秋季東京地区大会,SF,,日大三,12,日大豊山,2,東京,東京,,v1_3_workcopy.xlsx / 試合元帳,元帳あり・Web URL未登録,v1_3_workcopy.xlsx,level=regional;historical_reference=1;team1_pref=東京;team2_pref=東京;legacy_note=7回コールド
2017,autumn,kanto_tokyo,,,2017秋季東京地区大会,SF,,佼成学園,3,国士舘,2,東京,東京,,v1_3_workcopy.xlsx / 試合元帳,元帳あり・Web URL未登録,v1_3_workcopy.xlsx,level=regional;historical_reference=1;team1_pref=東京;team2_pref=東京
2017,autumn,kanto_tokyo,,,2017秋季東京地区大会,F,,日大三,11,佼成学園,5,東京,東京,,v1_3_workcopy.xlsx / 試合元帳,元帳あり・Web URL未登録,v1_3_workcopy.xlsx,level=regional;historical_reference=1;team1_pref=東京;team2_pref=東京
2017,autumn,hokushinetsu,,,2017秋季北信越地区大会,1R,,富山商,6,金沢学院,3,富山,石川,,v1_3_workcopy.xlsx / 試合元帳,元帳あり・Web URL未登録,v1_3_workcopy.xlsx,level=regional;historical_reference=1;team1_pref=富山;team2_pref=石川
2017,autumn,hokushinetsu,,,2017秋季北信越地区大会,1R,,坂井,2,佐久長聖,1,福井,長野,,v1_3_workcopy.xlsx / 試合元帳,元帳あり・Web URL未登録,v1_3_workcopy.xlsx,level=regional;historical_reference=1;team1_pref=福井;team2_pref=長野;legacy_note=サヨナラ
2017,autumn,hokushinetsu,,,2017秋季北信越地区大会,1R,,日本航空石川,4,高岡商,0,石川,富山,,v1_3_workcopy.xlsx / 試合元帳,元帳あり・Web URL未登録,v1_3_workcopy.xlsx,level=regional;historical_reference=1;team1_pref=石川;team2_pref=富山
2017,autumn,hokushinetsu,,,2017秋季北信越地区大会,1R,,日本文理,6,福井工大福井,4,新潟,福井,,v1_3_workcopy.xlsx / 試合元帳,元帳あり・Web URL未登録,v1_3_workcopy.xlsx,level=regional;historical_reference=1;team1_pref=新潟;team2_pref=福井
2017,autumn,hokushinetsu,,,2017秋季北信越地区大会,1R,,北越,5,日本ウェルネス筑北,0,新潟,長野,,v1_3_workcopy.xlsx / 試合元帳,元帳あり・Web URL未登録,v1_3_workcopy.xlsx,level=regional;historical_reference=1;team1_pref=新潟;team2_pref=長野
2017,autumn,hokushinetsu,,,2017秋季北信越地区大会,1R,,星稜,1,北陸,0,石川,福井,,v1_3_workcopy.xlsx / 試合元帳,元帳あり・Web URL未登録,v1_3_workcopy.xlsx,level=regional;historical_reference=1;team1_pref=石川;team2_pref=福井
2017,autumn,hokushinetsu,,,2017秋季北信越地区大会,1R,,松商学園,11,金津,1,長野,福井,,v1_3_workcopy.xlsx / 試合元帳,元帳あり・Web URL未登録,v1_3_workcopy.xlsx,level=regional;historical_reference=1;team1_pref=長野;team2_pref=福井;legacy_note=7回コールド
2017,autumn,hokushinetsu,,,2017秋季北信越地区大会,1R,,富山国際大付,4,中越,3,富山,新潟,,v1_3_workcopy.xlsx / 試合元帳,元帳あり・Web URL未登録,v1_3_workcopy.xlsx,level=regional;historical_reference=1;team1_pref=富山;team2_pref=新潟
2017,autumn,hokushinetsu,,,2017秋季北信越地区大会,QF,,富山商,6,坂井,1,富山,福井,,v1_3_workcopy.xlsx / 試合元帳,元帳あり・Web URL未登録,v1_3_workcopy.xlsx,level=regional;historical_reference=1;team1_pref=富山;team2_pref=福井
2017,autumn,hokushinetsu,,,2017秋季北信越地区大会,QF,,日本航空石川,7,日本文理,1,石川,新潟,,v1_3_workcopy.xlsx / 試合元帳,元帳あり・Web URL未登録,v1_3_workcopy.xlsx,level=regional;historical_reference=1;team1_pref=石川;team2_pref=新潟
2017,autumn,hokushinetsu,,,2017秋季北信越地区大会,QF,,星稜,7,北越,5,石川,新潟,,v1_3_workcopy.xlsx / 試合元帳,元帳あり・Web URL未登録,v1_3_workcopy.xlsx,level=regional;historical_reference=1;team1_pref=石川;team2_pref=新潟;legacy_note=延長12回
2017,autumn,hokushinetsu,,,2017秋季北信越地区大会,QF,,富山国際大付,2,松商学園,0,富山,長野,,v1_3_workcopy.xlsx / 試合元帳,元帳あり・Web URL未登録,v1_3_workcopy.xlsx,level=regional;historical_reference=1;team1_pref=富山;team2_pref=長野
2017,autumn,hokushinetsu,,,2017秋季北信越地区大会,SF,,日本航空石川,7,富山商,2,石川,富山,,v1_3_workcopy.xlsx / 試合元帳,元帳あり・Web URL未登録,v1_3_workcopy.xlsx,level=regional;historical_reference=1;team1_pref=石川;team2_pref=富山
2017,autumn,hokushinetsu,,,2017秋季北信越地区大会,SF,,星稜,7,富山国際大付,0,石川,富山,,v1_3_workcopy.xlsx / 試合元帳,元帳あり・Web URL未登録,v1_3_workcopy.xlsx,level=regional;historical_reference=1;team1_pref=石川;team2_pref=富山;legacy_note=7回コールド
2017,autumn,hokushinetsu,,,2017秋季北信越地区大会,F,,日本航空石川,10,星稜,0,石川,石川,,v1_3_workcopy.xlsx / 試合元帳,元帳あり・Web URL未登録,v1_3_workcopy.xlsx,level=regional;historical_reference=1;team1_pref=石川;team2_pref=石川
2017,autumn,tokai,,,2017秋季東海地区大会,1R,,常葉大橘,2,愛産大三河,1,静岡,愛知,,v1_3_workcopy.xlsx / 試合元帳,元帳あり・Web URL未登録,v1_3_workcopy.xlsx,level=regional;historical_reference=1;team1_pref=静岡;team2_pref=愛知
2017,autumn,tokai,,,2017秋季東海地区大会,1R,,いなべ総合,5,岐阜各務野,4,三重,岐阜,,v1_3_workcopy.xlsx / 試合元帳,元帳あり・Web URL未登録,v1_3_workcopy.xlsx,level=regional;historical_reference=1;team1_pref=三重;team2_pref=岐阜;legacy_note=延長10回サヨナラ
2017,autumn,tokai,,,2017秋季東海地区大会,1R,,常葉大菊川,8,松阪商,4,静岡,三重,,v1_3_workcopy.xlsx / 試合元帳,元帳あり・Web URL未登録,v1_3_workcopy.xlsx,level=regional;historical_reference=1;team1_pref=静岡;team2_pref=三重
2017,autumn,tokai,,,2017秋季東海地区大会,1R,,大垣西,8,中京大中京,7,岐阜,愛知,,v1_3_workcopy.xlsx / 試合元帳,元帳あり・Web URL未登録,v1_3_workcopy.xlsx,level=regional;historical_reference=1;team1_pref=岐阜;team2_pref=愛知
2017,autumn,tokai,,,2017秋季東海地区大会,QF,,中京学院大中京,8,常葉大橘,1,岐阜,静岡,,v1_3_workcopy.xlsx / 試合元帳,元帳あり・Web URL未登録,v1_3_workcopy.xlsx,level=regional;historical_reference=1;team1_pref=岐阜;team2_pref=静岡;legacy_note=8回コールド
2017,autumn,tokai,,,2017秋季東海地区大会,QF,,静岡,1,いなべ総合,0,静岡,三重,,v1_3_workcopy.xlsx / 試合元帳,元帳あり・Web URL未登録,v1_3_workcopy.xlsx,level=regional;historical_reference=1;team1_pref=静岡;team2_pref=三重
2017,autumn,tokai,,,2017秋季東海地区大会,QF,,東邦,10,常葉大菊川,6,愛知,静岡,,v1_3_workcopy.xlsx / 試合元帳,元帳あり・Web URL未登録,v1_3_workcopy.xlsx,level=regional;historical_reference=1;team1_pref=愛知;team2_pref=静岡
2017,autumn,tokai,,,2017秋季東海地区大会,QF,,三重,5,大垣西,0,三重,岐阜,,v1_3_workcopy.xlsx / 試合元帳,元帳あり・Web URL未登録,v1_3_workcopy.xlsx,level=regional;historical_reference=1;team1_pref=三重;team2_pref=岐阜
2017,autumn,tokai,,,2017秋季東海地区大会,SF,,静岡,7,中京学院大中京,4,静岡,岐阜,,v1_3_workcopy.xlsx / 試合元帳,元帳あり・Web URL未登録,v1_3_workcopy.xlsx,level=regional;historical_reference=1;team1_pref=静岡;team2_pref=岐阜
2017,autumn,tokai,,,2017秋季東海地区大会,SF,,東邦,10,三重,9,愛知,三重,,v1_3_workcopy.xlsx / 試合元帳,元帳あり・Web URL未登録,v1_3_workcopy.xlsx,level=regional;historical_reference=1;team1_pref=愛知;team2_pref=三重
2017,autumn,tokai,,,2017秋季東海地区大会,F,,静岡,6,東邦,5,静岡,愛知,,v1_3_workcopy.xlsx / 試合元帳,元帳あり・Web URL未登録,v1_3_workcopy.xlsx,level=regional;historical_reference=1;team1_pref=静岡;team2_pref=愛知
2017,autumn,kinki,,,2017秋季近畿地区大会,1R,,智弁和歌山,12,履正社,8,和歌山,大阪,,v1_3_workcopy.xlsx / 試合元帳,元帳あり・Web URL未登録,v1_3_workcopy.xlsx,level=regional;historical_reference=1;team1_pref=和歌山;team2_pref=大阪
2017,autumn,kinki,,,2017秋季近畿地区大会,1R,,法隆寺国際,9,比叡山,0,奈良,滋賀,,v1_3_workcopy.xlsx / 試合元帳,元帳あり・Web URL未登録,v1_3_workcopy.xlsx,level=regional;historical_reference=1;team1_pref=奈良;team2_pref=滋賀;legacy_note=7回コールド
2017,autumn,kinki,,,2017秋季近畿地区大会,1R,,乙訓,8,神港学園,1,京都,兵庫,,v1_3_workcopy.xlsx / 試合元帳,元帳あり・Web URL未登録,v1_3_workcopy.xlsx,level=regional;historical_reference=1;team1_pref=京都;team2_pref=兵庫;legacy_note=7回コールド
2017,autumn,kinki,,,2017秋季近畿地区大会,1R,,智弁学園,6,西脇工,4,奈良,兵庫,,v1_3_workcopy.xlsx / 試合元帳,元帳あり・Web URL未登録,v1_3_workcopy.xlsx,level=regional;historical_reference=1;team1_pref=奈良;team2_pref=兵庫;legacy_note=サヨナラ
2017,autumn,kinki,,,2017秋季近畿地区大会,1R,,近江,10,日高中津,0,滋賀,和歌山,,v1_3_workcopy.xlsx / 試合元帳,元帳あり・Web URL未登録,v1_3_workcopy.xlsx,level=regional;historical_reference=1;team1_pref=滋賀;team2_pref=和歌山;legacy_note=5回コールド
2017,autumn,kinki,,,2017秋季近畿地区大会,1R,,彦根東,4,明石商,3,滋賀,兵庫,,v1_3_workcopy.xlsx / 試合元帳,元帳あり・Web URL未登録,v1_3_workcopy.xlsx,level=regional;historical_reference=1;team1_pref=滋賀;team2_pref=兵庫
2017,autumn,kinki,,,2017秋季近畿地区大会,1R,,大阪桐蔭,12,京都翔英,0,大阪,京都,,v1_3_workcopy.xlsx / 試合元帳,元帳あり・Web URL未登録,v1_3_workcopy.xlsx,level=regional;historical_reference=1;team1_pref=大阪;team2_pref=京都;legacy_note=7回コールド
2017,autumn,kinki,,,2017秋季近畿地区大会,1R,,近大付,4,高田商,1,大阪,奈良,,v1_3_workcopy.xlsx / 試合元帳,元帳あり・Web URL未登録,v1_3_workcopy.xlsx,level=regional;historical_reference=1;team1_pref=大阪;team2_pref=奈良
2017,autumn,kinki,,,2017秋季近畿地区大会,QF,,智弁和歌山,11,法隆寺国際,4,和歌山,奈良,,v1_3_workcopy.xlsx / 試合元帳,元帳あり・Web URL未登録,v1_3_workcopy.xlsx,level=regional;historical_reference=1;team1_pref=和歌山;team2_pref=奈良;legacy_note=7回コールド
2017,autumn,kinki,,,2017秋季近畿地区大会,QF,,乙訓,9,智弁学園,4,京都,奈良,,v1_3_workcopy.xlsx / 試合元帳,元帳あり・Web URL未登録,v1_3_workcopy.xlsx,level=regional;historical_reference=1;team1_pref=京都;team2_pref=奈良
2017,autumn,kinki,,,2017秋季近畿地区大会,QF,,近江,4,彦根東,3,滋賀,滋賀,,v1_3_workcopy.xlsx / 試合元帳,元帳あり・Web URL未登録,v1_3_workcopy.xlsx,level=regional;historical_reference=1;team1_pref=滋賀;team2_pref=滋賀
2017,autumn,kinki,,,2017秋季近畿地区大会,QF,,大阪桐蔭,10,近大付,1,大阪,大阪,,v1_3_workcopy.xlsx / 試合元帳,元帳あり・Web URL未登録,v1_3_workcopy.xlsx,level=regional;historical_reference=1;team1_pref=大阪;team2_pref=大阪;legacy_note=7回コールド
2017,autumn,kinki,,,2017秋季近畿地区大会,SF,,智弁和歌山,5,乙訓,4,和歌山,京都,,v1_3_workcopy.xlsx / 試合元帳,元帳あり・Web URL未登録,v1_3_workcopy.xlsx,level=regional;historical_reference=1;team1_pref=和歌山;team2_pref=京都;legacy_note=サヨナラ
2017,autumn,kinki,,,2017秋季近畿地区大会,SF,,大阪桐蔭,5,近江,0,大阪,滋賀,,v1_3_workcopy.xlsx / 試合元帳,元帳あり・Web URL未登録,v1_3_workcopy.xlsx,level=regional;historical_reference=1;team1_pref=大阪;team2_pref=滋賀
2017,autumn,kinki,,,2017秋季近畿地区大会,F,,大阪桐蔭,1,智弁和歌山,0,大阪,和歌山,,v1_3_workcopy.xlsx / 試合元帳,元帳あり・Web URL未登録,v1_3_workcopy.xlsx,level=regional;historical_reference=1;team1_pref=大阪;team2_pref=和歌山
2017,autumn,chugoku,,,2017秋季中国地区大会,1R,,尾道,5,鳥取城北,4,広島,鳥取,,v1_3_workcopy.xlsx / 試合元帳,元帳あり・Web URL未登録,v1_3_workcopy.xlsx,level=regional;historical_reference=1;team1_pref=広島;team2_pref=鳥取
2017,autumn,chugoku,,,2017秋季中国地区大会,1R,,高川学園,3,岡山学芸館,1,山口,岡山,,v1_3_workcopy.xlsx / 試合元帳,元帳あり・Web URL未登録,v1_3_workcopy.xlsx,level=regional;historical_reference=1;team1_pref=山口;team2_pref=岡山
2017,autumn,chugoku,,,2017秋季中国地区大会,1R,,盈進,5,倉敷商,3,広島,岡山,,v1_3_workcopy.xlsx / 試合元帳,元帳あり・Web URL未登録,v1_3_workcopy.xlsx,level=regional;historical_reference=1;team1_pref=広島;team2_pref=岡山
2017,autumn,chugoku,,,2017秋季中国地区大会,1R,,おかやま山陽,7,石見智翠館,3,岡山,島根,,v1_3_workcopy.xlsx / 試合元帳,元帳あり・Web URL未登録,v1_3_workcopy.xlsx,level=regional;historical_reference=1;team1_pref=岡山;team2_pref=島根
2017,autumn,chugoku,,,2017秋季中国地区大会,1R,,下関国際,4,益田東,1,山口,島根,,v1_3_workcopy.xlsx / 試合元帳,元帳あり・Web URL未登録,v1_3_workcopy.xlsx,level=regional;historical_reference=1;team1_pref=山口;team2_pref=島根
2017,autumn,chugoku,,,2017秋季中国地区大会,1R,,鳥取商,11,広島国際学院,7,鳥取,広島,,v1_3_workcopy.xlsx / 試合元帳,元帳あり・Web URL未登録,v1_3_workcopy.xlsx,level=regional;historical_reference=1;team1_pref=鳥取;team2_pref=広島
2017,autumn,chugoku,,,2017秋季中国地区大会,1R,,開星,3,下関西,1,島根,山口,,v1_3_workcopy.xlsx / 試合元帳,元帳あり・Web URL未登録,v1_3_workcopy.xlsx,level=regional;historical_reference=1;team1_pref=島根;team2_pref=山口
2017,autumn,chugoku,,,2017秋季中国地区大会,1R,,瀬戸内,23,米子松蔭,3,広島,鳥取,,v1_3_workcopy.xlsx / 試合元帳,元帳あり・Web URL未登録,v1_3_workcopy.xlsx,level=regional;historical_reference=1;team1_pref=広島;team2_pref=鳥取
2017,autumn,chugoku,,,2017秋季中国地区大会,QF,,尾道,6,盈進,3,広島,広島,,v1_3_workcopy.xlsx / 試合元帳,元帳あり・Web URL未登録,v1_3_workcopy.xlsx,level=regional;historical_reference=1;team1_pref=広島;team2_pref=広島;legacy_note=延長10回
2017,autumn,chugoku,,,2017秋季中国地区大会,QF,,おかやま山陽,7,高川学園,0,岡山,山口,,v1_3_workcopy.xlsx / 試合元帳,元帳あり・Web URL未登録,v1_3_workcopy.xlsx,level=regional;historical_reference=1;team1_pref=岡山;team2_pref=山口
2017,autumn,chugoku,,,2017秋季中国地区大会,QF,,下関国際,10,開星,0,山口,島根,,v1_3_workcopy.xlsx / 試合元帳,元帳あり・Web URL未登録,v1_3_workcopy.xlsx,level=regional;historical_reference=1;team1_pref=山口;team2_pref=島根;legacy_note=6回コールド
2017,autumn,chugoku,,,2017秋季中国地区大会,QF,,瀬戸内,10,鳥取商,1,広島,鳥取,,v1_3_workcopy.xlsx / 試合元帳,元帳あり・Web URL未登録,v1_3_workcopy.xlsx,level=regional;historical_reference=1;team1_pref=広島;team2_pref=鳥取
2017,autumn,chugoku,,,2017秋季中国地区大会,SF,,下関国際,7,尾道,0,山口,広島,,v1_3_workcopy.xlsx / 試合元帳,元帳あり・Web URL未登録,v1_3_workcopy.xlsx,level=regional;historical_reference=1;team1_pref=山口;team2_pref=広島;legacy_note=8回コールド
2017,autumn,chugoku,,,2017秋季中国地区大会,SF,,おかやま山陽,7,瀬戸内,4,岡山,広島,,v1_3_workcopy.xlsx / 試合元帳,元帳あり・Web URL未登録,v1_3_workcopy.xlsx,level=regional;historical_reference=1;team1_pref=岡山;team2_pref=広島
2017,autumn,chugoku,,,2017秋季中国地区大会,F,,おかやま山陽,12,下関国際,11,岡山,山口,,v1_3_workcopy.xlsx / 試合元帳,元帳あり・Web URL未登録,v1_3_workcopy.xlsx,level=regional;historical_reference=1;team1_pref=岡山;team2_pref=山口;legacy_note=延長10回サヨナラ
2017,autumn,shikoku,,,2017秋季四国地区大会,1R,,生光学園,6,小松,4,徳島,愛媛,,v1_3_workcopy.xlsx / 試合元帳,元帳あり・Web URL未登録,v1_3_workcopy.xlsx,level=regional;historical_reference=1;team1_pref=徳島;team2_pref=愛媛
2017,autumn,shikoku,,,2017秋季四国地区大会,1R,,高知,2,鳴門渦潮,0,高知,徳島,,v1_3_workcopy.xlsx / 試合元帳,元帳あり・Web URL未登録,v1_3_workcopy.xlsx,level=regional;historical_reference=1;team1_pref=高知;team2_pref=徳島
2017,autumn,shikoku,,,2017秋季四国地区大会,1R,,大手前高松,3,高知追手前,2,香川,高知,,v1_3_workcopy.xlsx / 試合元帳,元帳あり・Web URL未登録,v1_3_workcopy.xlsx,level=regional;historical_reference=1;team1_pref=香川;team2_pref=高知;legacy_note=延長14回サヨナラ
2017,autumn,shikoku,,,2017秋季四国地区大会,1R,,高松商,7,西条,3,香川,愛媛,,v1_3_workcopy.xlsx / 試合元帳,元帳あり・Web URL未登録,v1_3_workcopy.xlsx,level=regional;historical_reference=1;team1_pref=香川;team2_pref=愛媛
2017,autumn,shikoku,,,2017秋季四国地区大会,QF,,明徳義塾,13,生光学園,0,高知,徳島,,v1_3_workcopy.xlsx / 試合元帳,元帳あり・Web URL未登録,v1_3_workcopy.xlsx,level=regional;historical_reference=1;team1_pref=高知;team2_pref=徳島;legacy_note=5回コールド
2017,autumn,shikoku,,,2017秋季四国地区大会,QF,,英明,8,高知,7,香川,高知,,v1_3_workcopy.xlsx / 試合元帳,元帳あり・Web URL未登録,v1_3_workcopy.xlsx,level=regional;historical_reference=1;team1_pref=香川;team2_pref=高知
2017,autumn,shikoku,,,2017秋季四国地区大会,QF,,松山聖陵,8,大手前高松,6,愛媛,香川,,v1_3_workcopy.xlsx / 試合元帳,元帳あり・Web URL未登録,v1_3_workcopy.xlsx,level=regional;historical_reference=1;team1_pref=愛媛;team2_pref=香川
2017,autumn,shikoku,,,2017秋季四国地区大会,QF,,高松商,9,鳴門,5,香川,徳島,,v1_3_workcopy.xlsx / 試合元帳,元帳あり・Web URL未登録,v1_3_workcopy.xlsx,level=regional;historical_reference=1;team1_pref=香川;team2_pref=徳島
2017,autumn,shikoku,,,2017秋季四国地区大会,SF,,明徳義塾,3,松山聖陵,1,高知,愛媛,,v1_3_workcopy.xlsx / 試合元帳,元帳あり・Web URL未登録,v1_3_workcopy.xlsx,level=regional;historical_reference=1;team1_pref=高知;team2_pref=愛媛
2017,autumn,shikoku,,,2017秋季四国地区大会,SF,,英明,12,高松商,2,香川,香川,,v1_3_workcopy.xlsx / 試合元帳,元帳あり・Web URL未登録,v1_3_workcopy.xlsx,level=regional;historical_reference=1;team1_pref=香川;team2_pref=香川;legacy_note=6回コールド
2017,autumn,shikoku,,,2017秋季四国地区大会,F,,明徳義塾,2,英明,1,高知,香川,,v1_3_workcopy.xlsx / 試合元帳,元帳あり・Web URL未登録,v1_3_workcopy.xlsx,level=regional;historical_reference=1;team1_pref=高知;team2_pref=香川
2017,autumn,kyushu,,,2017秋季九州地区大会,1R,,都城東,3,九州学院,2,宮崎,熊本,,v1_3_workcopy.xlsx / 試合元帳,元帳あり・Web URL未登録,v1_3_workcopy.xlsx,level=regional;historical_reference=1;team1_pref=宮崎;team2_pref=熊本
2017,autumn,kyushu,,,2017秋季九州地区大会,1R,,興南,2,宮崎日大,1,沖縄,宮崎,,v1_3_workcopy.xlsx / 試合元帳,元帳あり・Web URL未登録,v1_3_workcopy.xlsx,level=regional;historical_reference=1;team1_pref=沖縄;team2_pref=宮崎
2017,autumn,kyushu,,,2017秋季九州地区大会,2R,,延岡学園,5,筑陽学園,2,宮崎,福岡,,v1_3_workcopy.xlsx / 試合元帳,元帳あり・Web URL未登録,v1_3_workcopy.xlsx,level=regional;historical_reference=1;team1_pref=宮崎;team2_pref=福岡
2017,autumn,kyushu,,,2017秋季九州地区大会,2R,,沖縄尚学,8,伊万里,0,沖縄,佐賀,,v1_3_workcopy.xlsx / 試合元帳,元帳あり・Web URL未登録,v1_3_workcopy.xlsx,level=regional;historical_reference=1;team1_pref=沖縄;team2_pref=佐賀
2017,autumn,kyushu,,,2017秋季九州地区大会,2R,,神村学園,12,鶴崎工,0,鹿児島,大分,,v1_3_workcopy.xlsx / 試合元帳,元帳あり・Web URL未登録,v1_3_workcopy.xlsx,level=regional;historical_reference=1;team1_pref=鹿児島;team2_pref=大分;legacy_note=5回コールド
2017,autumn,kyushu,,,2017秋季九州地区大会,2R,,創成館,8,都城東,1,長崎,宮崎,,v1_3_workcopy.xlsx / 試合元帳,元帳あり・Web URL未登録,v1_3_workcopy.xlsx,level=regional;historical_reference=1;team1_pref=長崎;team2_pref=宮崎;legacy_note=7回コールド
2017,autumn,kyushu,,,2017秋季九州地区大会,2R,,明豊,10,鹿児島実,1,大分,鹿児島,,v1_3_workcopy.xlsx / 試合元帳,元帳あり・Web URL未登録,v1_3_workcopy.xlsx,level=regional;historical_reference=1;team1_pref=大分;team2_pref=鹿児島;legacy_note=7回コールド
2017,autumn,kyushu,,,2017秋季九州地区大会,2R,,長崎商,5,佐賀学園,0,長崎,佐賀,,v1_3_workcopy.xlsx / 試合元帳,元帳あり・Web URL未登録,v1_3_workcopy.xlsx,level=regional;historical_reference=1;team1_pref=長崎;team2_pref=佐賀
2017,autumn,kyushu,,,2017秋季九州地区大会,2R,,富島,4,文徳,1,宮崎,熊本,,v1_3_workcopy.xlsx / 試合元帳,元帳あり・Web URL未登録,v1_3_workcopy.xlsx,level=regional;historical_reference=1;team1_pref=宮崎;team2_pref=熊本
2017,autumn,kyushu,,,2017秋季九州地区大会,2R,,東筑,4,興南,1,福岡,沖縄,,v1_3_workcopy.xlsx / 試合元帳,元帳あり・Web URL未登録,v1_3_workcopy.xlsx,level=regional;historical_reference=1;team1_pref=福岡;team2_pref=沖縄
2017,autumn,kyushu,,,2017秋季九州地区大会,QF,,創成館,8,沖縄尚学,3,長崎,沖縄,,v1_3_workcopy.xlsx / 試合元帳,元帳あり・Web URL未登録,v1_3_workcopy.xlsx,level=regional;historical_reference=1;team1_pref=長崎;team2_pref=沖縄
2017,autumn,kyushu,,,2017秋季九州地区大会,QF,,延岡学園,10,明豊,6,宮崎,大分,,v1_3_workcopy.xlsx / 試合元帳,元帳あり・Web URL未登録,v1_3_workcopy.xlsx,level=regional;historical_reference=1;team1_pref=宮崎;team2_pref=大分
2017,autumn,kyushu,,,2017秋季九州地区大会,QF,,富島,9,長崎商,2,宮崎,長崎,,v1_3_workcopy.xlsx / 試合元帳,元帳あり・Web URL未登録,v1_3_workcopy.xlsx,level=regional;historical_reference=1;team1_pref=宮崎;team2_pref=長崎;legacy_note=7回コールド
2017,autumn,kyushu,,,2017秋季九州地区大会,QF,,東筑,2,神村学園,0,福岡,鹿児島,,v1_3_workcopy.xlsx / 試合元帳,元帳あり・Web URL未登録,v1_3_workcopy.xlsx,level=regional;historical_reference=1;team1_pref=福岡;team2_pref=鹿児島
2017,autumn,kyushu,,,2017秋季九州地区大会,SF,,創成館,2,延岡学園,0,長崎,宮崎,,v1_3_workcopy.xlsx / 試合元帳,元帳あり・Web URL未登録,v1_3_workcopy.xlsx,level=regional;historical_reference=1;team1_pref=長崎;team2_pref=宮崎
2017,autumn,kyushu,,,2017秋季九州地区大会,SF,,富島,6,東筑,5,宮崎,福岡,,v1_3_workcopy.xlsx / 試合元帳,元帳あり・Web URL未登録,v1_3_workcopy.xlsx,level=regional;historical_reference=1;team1_pref=宮崎;team2_pref=福岡
2017,autumn,kyushu,,,2017秋季九州地区大会,F,,創成館,7,富島,4,長崎,宮崎,,v1_3_workcopy.xlsx / 試合元帳,元帳あり・Web URL未登録,v1_3_workcopy.xlsx,level=regional;historical_reference=1;team1_pref=長崎;team2_pref=宮崎
2017,jingu,national,,,2017明治神宮大会,1R,,創成館,5,おかやま山陽,1,長崎,岡山,,v1_3_workcopy.xlsx / 試合元帳,元帳あり・Web URL未登録,v1_3_workcopy.xlsx,level=national;historical_reference=1;team1_pref=長崎;team2_pref=岡山
2017,jingu,national,,,2017明治神宮大会,1R,,日本航空石川,7,日大三,6,石川,東京,,v1_3_workcopy.xlsx / 試合元帳,元帳あり・Web URL未登録,v1_3_workcopy.xlsx,level=national;historical_reference=1;team1_pref=石川;team2_pref=東京;legacy_note=延長10回、タイブレーク
2017,jingu,national,,,2017明治神宮大会,QF,,大阪桐蔭,4,駒大苫小牧,2,大阪,北海道,,v1_3_workcopy.xlsx / 試合元帳,元帳あり・Web URL未登録,v1_3_workcopy.xlsx,level=national;historical_reference=1;team1_pref=大阪;team2_pref=北海道
2017,jingu,national,,,2017明治神宮大会,QF,,明徳義塾,5,中央学院,3,高知,千葉,,v1_3_workcopy.xlsx / 試合元帳,元帳あり・Web URL未登録,v1_3_workcopy.xlsx,level=national;historical_reference=1;team1_pref=高知;team2_pref=千葉
2017,jingu,national,,,2017明治神宮大会,QF,,創成館,6,聖光学院,4,長崎,福島,,v1_3_workcopy.xlsx / 試合元帳,元帳あり・Web URL未登録,v1_3_workcopy.xlsx,level=national;historical_reference=1;team1_pref=長崎;team2_pref=福島
2017,jingu,national,,,2017明治神宮大会,QF,,静岡,6,日本航空石川,4,静岡,石川,,v1_3_workcopy.xlsx / 試合元帳,元帳あり・Web URL未登録,v1_3_workcopy.xlsx,level=national;historical_reference=1;team1_pref=静岡;team2_pref=石川
2017,jingu,national,,,2017明治神宮大会,SF,,創成館,7,大阪桐蔭,4,長崎,大阪,,v1_3_workcopy.xlsx / 試合元帳,元帳あり・Web URL未登録,v1_3_workcopy.xlsx,level=national;historical_reference=1;team1_pref=長崎;team2_pref=大阪
2017,jingu,national,,,2017明治神宮大会,SF,,明徳義塾,5,静岡,3,高知,静岡,,v1_3_workcopy.xlsx / 試合元帳,元帳あり・Web URL未登録,v1_3_workcopy.xlsx,level=national;historical_reference=1;team1_pref=高知;team2_pref=静岡
2017,jingu,national,,,2017明治神宮大会,F,,明徳義塾,4,創成館,0,高知,長崎,,v1_3_workcopy.xlsx / 試合元帳,元帳あり・Web URL未登録,v1_3_workcopy.xlsx,level=national;historical_reference=1;team1_pref=高知;team2_pref=長崎
2018,senbatsu,national,,,2018選抜,1R,,聖光学院,5,東筑,3,福島,福岡,,v1_3_workcopy.xlsx / 試合元帳,元帳あり・Web URL未登録,v1_3_workcopy.xlsx,level=national;historical_reference=1;team1_pref=福島;team2_pref=福岡
2018,senbatsu,national,,,2018選抜,1R,,国学院栃木,3,英明,2,栃木,香川,,v1_3_workcopy.xlsx / 試合元帳,元帳あり・Web URL未登録,v1_3_workcopy.xlsx,level=national;historical_reference=1;team1_pref=栃木;team2_pref=香川
2018,senbatsu,national,,,2018選抜,1R,,明秀日立,4,瀬戸内,3,茨城,広島,,v1_3_workcopy.xlsx / 試合元帳,元帳あり・Web URL未登録,v1_3_workcopy.xlsx,level=national;historical_reference=1;team1_pref=茨城;team2_pref=広島
2018,senbatsu,national,,,2018選抜,1R,,日大三,5,由利工,0,東京,秋田,,v1_3_workcopy.xlsx / 試合元帳,元帳あり・Web URL未登録,v1_3_workcopy.xlsx,level=national;historical_reference=1;team1_pref=東京;team2_pref=秋田
2018,senbatsu,national,,,2018選抜,2R,,静岡,7,駒大苫小牧,0,静岡,北海道,,v1_3_workcopy.xlsx / 試合元帳,元帳あり・Web URL未登録,v1_3_workcopy.xlsx,level=national;historical_reference=1;team1_pref=静岡;team2_pref=北海道
2018,senbatsu,national,,,2018選抜,2R,,日本航空石川,10,膳所,0,石川,滋賀,,v1_3_workcopy.xlsx / 試合元帳,元帳あり・Web URL未登録,v1_3_workcopy.xlsx,level=national;historical_reference=1;team1_pref=石川;team2_pref=滋賀
2018,senbatsu,national,,,2018選抜,2R,,明徳義塾,7,中央学院,5,高知,千葉,,v1_3_workcopy.xlsx / 試合元帳,元帳あり・Web URL未登録,v1_3_workcopy.xlsx,level=national;historical_reference=1;team1_pref=高知;team2_pref=千葉;legacy_note=逆転サヨナラ
2018,senbatsu,national,,,2018選抜,2R,,智弁和歌山,4,富山商,2,和歌山,富山,,v1_3_workcopy.xlsx / 試合元帳,元帳あり・Web URL未登録,v1_3_workcopy.xlsx,level=national;historical_reference=1;team1_pref=和歌山;team2_pref=富山
2018,senbatsu,national,,,2018選抜,2R,,智弁学園,5,日大山形,3,奈良,山形,,v1_3_workcopy.xlsx / 試合元帳,元帳あり・Web URL未登録,v1_3_workcopy.xlsx,level=national;historical_reference=1;team1_pref=奈良;team2_pref=山形
2018,senbatsu,national,,,2018選抜,2R,,創成館,3,下関国際,1,長崎,山口,,v1_3_workcopy.xlsx / 試合元帳,元帳あり・Web URL未登録,v1_3_workcopy.xlsx,level=national;historical_reference=1;team1_pref=長崎;team2_pref=山口
2018,senbatsu,national,,,2018選抜,2R,,大阪桐蔭,14,伊万里,2,大阪,佐賀,,v1_3_workcopy.xlsx / 試合元帳,元帳あり・Web URL未登録,v1_3_workcopy.xlsx,level=national;historical_reference=1;team1_pref=大阪;team2_pref=佐賀
2018,senbatsu,national,,,2018選抜,2R,,花巻東,5,東邦,3,岩手,愛知,,v1_3_workcopy.xlsx / 試合元帳,元帳あり・Web URL未登録,v1_3_workcopy.xlsx,level=national;historical_reference=1;team1_pref=岩手;team2_pref=愛知
2018,senbatsu,national,,,2018選抜,2R,,東海大相模,12,聖光学院,3,神奈川,福島,,v1_3_workcopy.xlsx / 試合元帳,元帳あり・Web URL未登録,v1_3_workcopy.xlsx,level=national;historical_reference=1;team1_pref=神奈川;team2_pref=福島
2018,senbatsu,national,,,2018選抜,2R,,国学院栃木,9,延岡学園,5,栃木,宮崎,,v1_3_workcopy.xlsx / 試合元帳,元帳あり・Web URL未登録,v1_3_workcopy.xlsx,level=national;historical_reference=1;team1_pref=栃木;team2_pref=宮崎
2018,senbatsu,national,,,2018選抜,2R,,明秀日立,10,高知,1,茨城,高知,,v1_3_workcopy.xlsx / 試合元帳,元帳あり・Web URL未登録,v1_3_workcopy.xlsx,level=national;historical_reference=1;team1_pref=茨城;team2_pref=高知
2018,senbatsu,national,,,2018選抜,2R,,彦根東,4,慶応,3,滋賀,神奈川,,v1_3_workcopy.xlsx / 試合元帳,元帳あり・Web URL未登録,v1_3_workcopy.xlsx,level=national;historical_reference=1;team1_pref=滋賀;team2_pref=神奈川
2018,senbatsu,national,,,2018選抜,2R,,乙訓,7,おかやま山陽,2,京都,岡山,,v1_3_workcopy.xlsx / 試合元帳,元帳あり・Web URL未登録,v1_3_workcopy.xlsx,level=national;historical_reference=1;team1_pref=京都;team2_pref=岡山
2018,senbatsu,national,,,2018選抜,2R,,近江,8,松山聖陵,5,滋賀,愛媛,,v1_3_workcopy.xlsx / 試合元帳,元帳あり・Web URL未登録,v1_3_workcopy.xlsx,level=national;historical_reference=1;team1_pref=滋賀;team2_pref=愛媛
2018,senbatsu,national,,,2018選抜,2R,,星稜,11,富島,2,石川,宮崎,,v1_3_workcopy.xlsx / 試合元帳,元帳あり・Web URL未登録,v1_3_workcopy.xlsx,level=national;historical_reference=1;team1_pref=石川;team2_pref=宮崎
2018,senbatsu,national,,,2018選抜,2R,,三重,8,日大三,0,三重,東京,,v1_3_workcopy.xlsx / 試合元帳,元帳あり・Web URL未登録,v1_3_workcopy.xlsx,level=national;historical_reference=1;team1_pref=三重;team2_pref=東京
2018,senbatsu,national,,,2018選抜,3R,,東海大相模,8,静岡,1,神奈川,静岡,,v1_3_workcopy.xlsx / 試合元帳,元帳あり・Web URL未登録,v1_3_workcopy.xlsx,level=national;historical_reference=1;team1_pref=神奈川;team2_pref=静岡
2018,senbatsu,national,,,2018選抜,3R,,日本航空石川,3,明徳義塾,1,石川,高知,,v1_3_workcopy.xlsx / 試合元帳,元帳あり・Web URL未登録,v1_3_workcopy.xlsx,level=national;historical_reference=1;team1_pref=石川;team2_pref=高知;legacy_note=サヨナラ
2018,senbatsu,national,,,2018選抜,3R,,智弁和歌山,7,国学院栃木,4,和歌山,栃木,,v1_3_workcopy.xlsx / 試合元帳,元帳あり・Web URL未登録,v1_3_workcopy.xlsx,level=national;historical_reference=1;team1_pref=和歌山;team2_pref=栃木
2018,senbatsu,national,,,2018選抜,3R,,創成館,2,智弁学園,1,長崎,奈良,,v1_3_workcopy.xlsx / 試合元帳,元帳あり・Web URL未登録,v1_3_workcopy.xlsx,level=national;historical_reference=1;team1_pref=長崎;team2_pref=奈良;legacy_note=延長10回サヨナラ
2018,senbatsu,national,,,2018選抜,3R,,大阪桐蔭,5,明秀日立,1,大阪,茨城,,v1_3_workcopy.xlsx / 試合元帳,元帳あり・Web URL未登録,v1_3_workcopy.xlsx,level=national;historical_reference=1;team1_pref=大阪;team2_pref=茨城
2018,senbatsu,national,,,2018選抜,3R,,花巻東,1,彦根東,0,岩手,滋賀,,v1_3_workcopy.xlsx / 試合元帳,元帳あり・Web URL未登録,v1_3_workcopy.xlsx,level=national;historical_reference=1;team1_pref=岩手;team2_pref=滋賀;legacy_note=延長10回サヨナラ
2018,senbatsu,national,,,2018選抜,3R,,三重,2,乙訓,1,三重,京都,,v1_3_workcopy.xlsx / 試合元帳,元帳あり・Web URL未登録,v1_3_workcopy.xlsx,level=national;historical_reference=1;team1_pref=三重;team2_pref=京都
2018,senbatsu,national,,,2018選抜,3R,,星稜,4,近江,3,石川,滋賀,,v1_3_workcopy.xlsx / 試合元帳,元帳あり・Web URL未登録,v1_3_workcopy.xlsx,level=national;historical_reference=1;team1_pref=石川;team2_pref=滋賀;legacy_note=延長10回サヨナラ
2018,senbatsu,national,,,2018選抜,QF,,東海大相模,3,日本航空石川,1,神奈川,石川,,v1_3_workcopy.xlsx / 試合元帳,元帳あり・Web URL未登録,v1_3_workcopy.xlsx,level=national;historical_reference=1;team1_pref=神奈川;team2_pref=石川
2018,senbatsu,national,,,2018選抜,QF,,智弁和歌山,11,創成館,10,和歌山,長崎,,v1_3_workcopy.xlsx / 試合元帳,元帳あり・Web URL未登録,v1_3_workcopy.xlsx,level=national;historical_reference=1;team1_pref=和歌山;team2_pref=長崎;legacy_note=延長11回逆転サヨナラ
2018,senbatsu,national,,,2018選抜,QF,,大阪桐蔭,19,花巻東,0,大阪,岩手,,v1_3_workcopy.xlsx / 試合元帳,元帳あり・Web URL未登録,v1_3_workcopy.xlsx,level=national;historical_reference=1;team1_pref=大阪;team2_pref=岩手
2018,senbatsu,national,,,2018選抜,QF,,三重,14,星稜,9,三重,石川,,v1_3_workcopy.xlsx / 試合元帳,元帳あり・Web URL未登録,v1_3_workcopy.xlsx,level=national;historical_reference=1;team1_pref=三重;team2_pref=石川
2018,senbatsu,national,,,2018選抜,SF,,智弁和歌山,12,東海大相模,10,和歌山,神奈川,,v1_3_workcopy.xlsx / 試合元帳,元帳あり・Web URL未登録,v1_3_workcopy.xlsx,level=national;historical_reference=1;team1_pref=和歌山;team2_pref=神奈川;legacy_note=延長10回
2018,senbatsu,national,,,2018選抜,SF,,大阪桐蔭,3,三重,2,大阪,三重,,v1_3_workcopy.xlsx / 試合元帳,元帳あり・Web URL未登録,v1_3_workcopy.xlsx,level=national;historical_reference=1;team1_pref=大阪;team2_pref=三重;legacy_note=延長12回サヨナラ
2018,senbatsu,national,,,2018選抜,F,,大阪桐蔭,5,智弁和歌山,2,大阪,和歌山,,v1_3_workcopy.xlsx / 試合元帳,元帳あり・Web URL未登録,v1_3_workcopy.xlsx,level=national;historical_reference=1;team1_pref=大阪;team2_pref=和歌山
2018,spring,hokkaido,,,2018春季北海道地区大会,1R,,札幌日大,9,富良野,6,北海道,北海道,,v1_3_workcopy.xlsx / 試合元帳,元帳あり・Web URL未登録,v1_3_workcopy.xlsx,level=regional;historical_reference=1;team1_pref=北海道;team2_pref=北海道
2018,spring,hokkaido,,,2018春季北海道地区大会,1R,,北海,11,釧路明輝,0,北海道,北海道,,v1_3_workcopy.xlsx / 試合元帳,元帳あり・Web URL未登録,v1_3_workcopy.xlsx,level=regional;historical_reference=1;team1_pref=北海道;team2_pref=北海道;legacy_note=5回コールド
2018,spring,hokkaido,,,2018春季北海道地区大会,1R,,北照,10,室蘭清水丘,0,北海道,北海道,,v1_3_workcopy.xlsx / 試合元帳,元帳あり・Web URL未登録,v1_3_workcopy.xlsx,level=regional;historical_reference=1;team1_pref=北海道;team2_pref=北海道;legacy_note=5回コールド
2018,spring,hokkaido,,,2018春季北海道地区大会,1R,,クラーク国際,5,駒大苫小牧,3,北海道,北海道,,v1_3_workcopy.xlsx / 試合元帳,元帳あり・Web URL未登録,v1_3_workcopy.xlsx,level=regional;historical_reference=1;team1_pref=北海道;team2_pref=北海道
2018,spring,hokkaido,,,2018春季北海道地区大会,1R,,旭川実,11,札幌国際情報,2,北海道,北海道,,v1_3_workcopy.xlsx / 試合元帳,元帳あり・Web URL未登録,v1_3_workcopy.xlsx,level=regional;historical_reference=1;team1_pref=北海道;team2_pref=北海道;legacy_note=7回コールド
2018,spring,hokkaido,,,2018春季北海道地区大会,1R,,札幌第一,12,白樺学園,8,北海道,北海道,,v1_3_workcopy.xlsx / 試合元帳,元帳あり・Web URL未登録,v1_3_workcopy.xlsx,level=regional;historical_reference=1;team1_pref=北海道;team2_pref=北海道
2018,spring,hokkaido,,,2018春季北海道地区大会,1R,,士別翔雲,11,遠軽,1,北海道,北海道,,v1_3_workcopy.xlsx / 試合元帳,元帳あり・Web URL未登録,v1_3_workcopy.xlsx,level=regional;historical_reference=1;team1_pref=北海道;team2_pref=北海道;legacy_note=5回コールド
2018,spring,hokkaido,,,2018春季北海道地区大会,1R,,大谷室蘭,3,函館大有斗,2,北海道,北海道,,v1_3_workcopy.xlsx / 試合元帳,元帳あり・Web URL未登録,v1_3_workcopy.xlsx,level=regional;historical_reference=1;team1_pref=北海道;team2_pref=北海道
2018,spring,hokkaido,,,2018春季北海道地区大会,QF,,札幌日大,9,北海,1,北海道,北海道,,v1_3_workcopy.xlsx / 試合元帳,元帳あり・Web URL未登録,v1_3_workcopy.xlsx,level=regional;historical_reference=1;team1_pref=北海道;team2_pref=北海道;legacy_note=7回コールド
2018,spring,hokkaido,,,2018春季北海道地区大会,QF,,北照,2,クラーク国際,0,北海道,北海道,,v1_3_workcopy.xlsx / 試合元帳,元帳あり・Web URL未登録,v1_3_workcopy.xlsx,level=regional;historical_reference=1;team1_pref=北海道;team2_pref=北海道
2018,spring,hokkaido,,,2018春季北海道地区大会,QF,,札幌第一,10,旭川実,8,北海道,北海道,,v1_3_workcopy.xlsx / 試合元帳,元帳あり・Web URL未登録,v1_3_workcopy.xlsx,level=regional;historical_reference=1;team1_pref=北海道;team2_pref=北海道
2018,spring,hokkaido,,,2018春季北海道地区大会,QF,,大谷室蘭,6,士別翔雲,3,北海道,北海道,,v1_3_workcopy.xlsx / 試合元帳,元帳あり・Web URL未登録,v1_3_workcopy.xlsx,level=regional;historical_reference=1;team1_pref=北海道;team2_pref=北海道
2018,spring,hokkaido,,,2018春季北海道地区大会,SF,,札幌日大,6,北照,5,北海道,北海道,,v1_3_workcopy.xlsx / 試合元帳,元帳あり・Web URL未登録,v1_3_workcopy.xlsx,level=regional;historical_reference=1;team1_pref=北海道;team2_pref=北海道
2018,spring,hokkaido,,,2018春季北海道地区大会,SF,,札幌第一,4,大谷室蘭,2,北海道,北海道,,v1_3_workcopy.xlsx / 試合元帳,元帳あり・Web URL未登録,v1_3_workcopy.xlsx,level=regional;historical_reference=1;team1_pref=北海道;team2_pref=北海道
2018,spring,hokkaido,,,2018春季北海道地区大会,F,,札幌第一,11,札幌日大,0,北海道,北海道,,v1_3_workcopy.xlsx / 試合元帳,元帳あり・Web URL未登録,v1_3_workcopy.xlsx,level=regional;historical_reference=1;team1_pref=北海道;team2_pref=北海道
2018,spring,tohoku,,,2018春季東北地区大会,1R,,弘前工,6,利府,5,青森,宮城,,v1_3_workcopy.xlsx / 試合元帳,元帳あり・Web URL未登録,v1_3_workcopy.xlsx,level=regional;historical_reference=1;team1_pref=青森;team2_pref=宮城
2018,spring,tohoku,,,2018春季東北地区大会,1R,,明桜,8,磐城,1,秋田,福島,,v1_3_workcopy.xlsx / 試合元帳,元帳あり・Web URL未登録,v1_3_workcopy.xlsx,level=regional;historical_reference=1;team1_pref=秋田;team2_pref=福島;legacy_note=7回コールド
2018,spring,tohoku,,,2018春季東北地区大会,2R,,弘前東,8,古川学園,1,青森,宮城,,v1_3_workcopy.xlsx / 試合元帳,元帳あり・Web URL未登録,v1_3_workcopy.xlsx,level=regional;historical_reference=1;team1_pref=青森;team2_pref=宮城;legacy_note=7回コールド
2018,spring,tohoku,,,2018春季東北地区大会,2R,,山形城北,5,花巻東,3,山形,岩手,,v1_3_workcopy.xlsx / 試合元帳,元帳あり・Web URL未登録,v1_3_workcopy.xlsx,level=regional;historical_reference=1;team1_pref=山形;team2_pref=岩手
2018,spring,tohoku,,,2018春季東北地区大会,2R,,八戸学院光星,7,盛岡中央,4,青森,岩手,,v1_3_workcopy.xlsx / 試合元帳,元帳あり・Web URL未登録,v1_3_workcopy.xlsx,level=regional;historical_reference=1;team1_pref=青森;team2_pref=岩手
2018,spring,tohoku,,,2018春季東北地区大会,2R,,聖光学院,6,弘前工,4,福島,青森,,v1_3_workcopy.xlsx / 試合元帳,元帳あり・Web URL未登録,v1_3_workcopy.xlsx,level=regional;historical_reference=1;team1_pref=福島;team2_pref=青森;legacy_note=延長11回
2018,spring,tohoku,,,2018春季東北地区大会,2R,,福島商,8,山形中央,4,福島,山形,,v1_3_workcopy.xlsx / 試合元帳,元帳あり・Web URL未登録,v1_3_workcopy.xlsx,level=regional;historical_reference=1;team1_pref=福島;team2_pref=山形
2018,spring,tohoku,,,2018春季東北地区大会,2R,,羽黒,2,由利工,1,山形,秋田,,v1_3_workcopy.xlsx / 試合元帳,元帳あり・Web URL未登録,v1_3_workcopy.xlsx,level=regional;historical_reference=1;team1_pref=山形;team2_pref=秋田
2018,spring,tohoku,,,2018春季東北地区大会,2R,,東北,8,明桜,6,宮城,秋田,,v1_3_workcopy.xlsx / 試合元帳,元帳あり・Web URL未登録,v1_3_workcopy.xlsx,level=regional;historical_reference=1;team1_pref=宮城;team2_pref=秋田;legacy_note=延長10回
2018,spring,tohoku,,,2018春季東北地区大会,2R,,金足農,4,専大北上,1,秋田,岩手,,v1_3_workcopy.xlsx / 試合元帳,元帳あり・Web URL未登録,v1_3_workcopy.xlsx,level=regional;historical_reference=1;team1_pref=秋田;team2_pref=岩手
2018,spring,tohoku,,,2018春季東北地区大会,QF,,聖光学院,4,羽黒,1,福島,山形,,v1_3_workcopy.xlsx / 試合元帳,元帳あり・Web URL未登録,v1_3_workcopy.xlsx,level=regional;historical_reference=1;team1_pref=福島;team2_pref=山形
2018,spring,tohoku,,,2018春季東北地区大会,QF,,八戸学院光星,16,福島商,1,青森,福島,,v1_3_workcopy.xlsx / 試合元帳,元帳あり・Web URL未登録,v1_3_workcopy.xlsx,level=regional;historical_reference=1;team1_pref=青森;team2_pref=福島;legacy_note=5回コールド
2018,spring,tohoku,,,2018春季東北地区大会,QF,,弘前東,14,山形城北,4,青森,山形,,v1_3_workcopy.xlsx / 試合元帳,元帳あり・Web URL未登録,v1_3_workcopy.xlsx,level=regional;historical_reference=1;team1_pref=青森;team2_pref=山形;legacy_note=5回コールド
2018,spring,tohoku,,,2018春季東北地区大会,QF,,東北,3,金足農,0,宮城,秋田,,v1_3_workcopy.xlsx / 試合元帳,元帳あり・Web URL未登録,v1_3_workcopy.xlsx,level=regional;historical_reference=1;team1_pref=宮城;team2_pref=秋田
2018,spring,tohoku,,,2018春季東北地区大会,SF,,聖光学院,10,弘前東,4,福島,青森,,v1_3_workcopy.xlsx / 試合元帳,元帳あり・Web URL未登録,v1_3_workcopy.xlsx,level=regional;historical_reference=1;team1_pref=福島;team2_pref=青森;legacy_note=8回コールド
2018,spring,tohoku,,,2018春季東北地区大会,SF,,東北,9,八戸学院光星,6,宮城,青森,,v1_3_workcopy.xlsx / 試合元帳,元帳あり・Web URL未登録,v1_3_workcopy.xlsx,level=regional;historical_reference=1;team1_pref=宮城;team2_pref=青森
2018,spring,tohoku,,,2018春季東北地区大会,F,,聖光学院,2,東北,1,福島,宮城,,v1_3_workcopy.xlsx / 試合元帳,元帳あり・Web URL未登録,v1_3_workcopy.xlsx,level=regional;historical_reference=1;team1_pref=福島;team2_pref=宮城;legacy_note=延長10回サヨナラ
2018,spring,kanto_tokyo,,,2018春季関東地区大会,1R,,花咲徳栄,14,専大松戸,9,埼玉,千葉,,v1_3_workcopy.xlsx / 試合元帳,元帳あり・Web URL未登録,v1_3_workcopy.xlsx,level=regional;historical_reference=1;team1_pref=埼玉;team2_pref=千葉
2018,spring,kanto_tokyo,,,2018春季関東地区大会,1R,,日大三,5,桐光学園,3,東京,神奈川,,v1_3_workcopy.xlsx / 試合元帳,元帳あり・Web URL未登録,v1_3_workcopy.xlsx,level=regional;historical_reference=1;team1_pref=東京;team2_pref=神奈川;legacy_note=延長10回
2018,spring,kanto_tokyo,,,2018春季関東地区大会,1R,,千葉黎明,4,青藍泰斗,3,千葉,栃木,,v1_3_workcopy.xlsx / 試合元帳,元帳あり・Web URL未登録,v1_3_workcopy.xlsx,level=regional;historical_reference=1;team1_pref=千葉;team2_pref=栃木
2018,spring,kanto_tokyo,,,2018春季関東地区大会,2R,,木更津総合,10,国士舘,2,千葉,東京,,v1_3_workcopy.xlsx / 試合元帳,元帳あり・Web URL未登録,v1_3_workcopy.xlsx,level=regional;historical_reference=1;team1_pref=千葉;team2_pref=東京;legacy_note=7回コールド
2018,spring,kanto_tokyo,,,2018春季関東地区大会,2R,,東海大相模,8,花咲徳栄,7,神奈川,埼玉,,v1_3_workcopy.xlsx / 試合元帳,元帳あり・Web URL未登録,v1_3_workcopy.xlsx,level=regional;historical_reference=1;team1_pref=神奈川;team2_pref=埼玉;legacy_note=サヨナラ
2018,spring,kanto_tokyo,,,2018春季関東地区大会,2R,,常総学院,7,関東学園大付,2,茨城,群馬,,v1_3_workcopy.xlsx / 試合元帳,元帳あり・Web URL未登録,v1_3_workcopy.xlsx,level=regional;historical_reference=1;team1_pref=茨城;team2_pref=群馬
2018,spring,kanto_tokyo,,,2018春季関東地区大会,2R,,横浜,6,明秀日立,1,神奈川,茨城,,v1_3_workcopy.xlsx / 試合元帳,元帳あり・Web URL未登録,v1_3_workcopy.xlsx,level=regional;historical_reference=1;team1_pref=神奈川;team2_pref=茨城
2018,spring,kanto_tokyo,,,2018春季関東地区大会,2R,,習志野,7,作新学院,2,千葉,栃木,,v1_3_workcopy.xlsx / 試合元帳,元帳あり・Web URL未登録,v1_3_workcopy.xlsx,level=regional;historical_reference=1;team1_pref=千葉;team2_pref=栃木
2018,spring,kanto_tokyo,,,2018春季関東地区大会,2R,,健大高崎,8,東海大甲府,2,群馬,山梨,,v1_3_workcopy.xlsx / 試合元帳,元帳あり・Web URL未登録,v1_3_workcopy.xlsx,level=regional;historical_reference=1;team1_pref=群馬;team2_pref=山梨
2018,spring,kanto_tokyo,,,2018春季関東地区大会,2R,,日大三,8,山梨学院,5,東京,山梨,,v1_3_workcopy.xlsx / 試合元帳,元帳あり・Web URL未登録,v1_3_workcopy.xlsx,level=regional;historical_reference=1;team1_pref=東京;team2_pref=山梨
2018,spring,kanto_tokyo,,,2018春季関東地区大会,2R,,浦和学院,5,千葉黎明,2,埼玉,千葉,,v1_3_workcopy.xlsx / 試合元帳,元帳あり・Web URL未登録,v1_3_workcopy.xlsx,level=regional;historical_reference=1;team1_pref=埼玉;team2_pref=千葉
2018,spring,kanto_tokyo,,,2018春季関東地区大会,QF,,常総学院,7,東海大相模,3,茨城,神奈川,,v1_3_workcopy.xlsx / 試合元帳,元帳あり・Web URL未登録,v1_3_workcopy.xlsx,level=regional;historical_reference=1;team1_pref=茨城;team2_pref=神奈川
2018,spring,kanto_tokyo,,,2018春季関東地区大会,QF,,日大三,9,習志野,2,東京,千葉,,v1_3_workcopy.xlsx / 試合元帳,元帳あり・Web URL未登録,v1_3_workcopy.xlsx,level=regional;historical_reference=1;team1_pref=東京;team2_pref=千葉;legacy_note=7回コールド
2018,spring,kanto_tokyo,,,2018春季関東地区大会,QF,,木更津総合,13,横浜,5,千葉,神奈川,,v1_3_workcopy.xlsx / 試合元帳,元帳あり・Web URL未登録,v1_3_workcopy.xlsx,level=regional;historical_reference=1;team1_pref=千葉;team2_pref=神奈川;legacy_note=7回コールド
2018,spring,kanto_tokyo,,,2018春季関東地区大会,QF,,健大高崎,7,浦和学院,6,群馬,埼玉,,v1_3_workcopy.xlsx / 試合元帳,元帳あり・Web URL未登録,v1_3_workcopy.xlsx,level=regional;historical_reference=1;team1_pref=群馬;team2_pref=埼玉
2018,spring,kanto_tokyo,,,2018春季関東地区大会,SF,,日大三,9,常総学院,8,東京,茨城,,v1_3_workcopy.xlsx / 試合元帳,元帳あり・Web URL未登録,v1_3_workcopy.xlsx,level=regional;historical_reference=1;team1_pref=東京;team2_pref=茨城;legacy_note=サヨナラ
2018,spring,kanto_tokyo,,,2018春季関東地区大会,SF,,健大高崎,9,木更津総合,8,群馬,千葉,,v1_3_workcopy.xlsx / 試合元帳,元帳あり・Web URL未登録,v1_3_workcopy.xlsx,level=regional;historical_reference=1;team1_pref=群馬;team2_pref=千葉;legacy_note=サヨナラ
2018,spring,kanto_tokyo,,,2018春季関東地区大会,F,,健大高崎,15,日大三,10,群馬,東京,,v1_3_workcopy.xlsx / 試合元帳,元帳あり・Web URL未登録,v1_3_workcopy.xlsx,level=regional;historical_reference=1;team1_pref=群馬;team2_pref=東京
2018,spring,hokushinetsu,,,2018春季北信越地区大会,1R,,関根学園,5,福井商,2,新潟,福井,,v1_3_workcopy.xlsx / 試合元帳,元帳あり・Web URL未登録,v1_3_workcopy.xlsx,level=regional;historical_reference=1;team1_pref=新潟;team2_pref=福井
2018,spring,hokushinetsu,,,2018春季北信越地区大会,1R,,金沢,1,上田西,0,石川,長野,,v1_3_workcopy.xlsx / 試合元帳,元帳あり・Web URL未登録,v1_3_workcopy.xlsx,level=regional;historical_reference=1;team1_pref=石川;team2_pref=長野;legacy_note=延長11回
2018,spring,hokushinetsu,,,2018春季北信越地区大会,1R,,日本航空石川,5,富山商,2,石川,富山,,v1_3_workcopy.xlsx / 試合元帳,元帳あり・Web URL未登録,v1_3_workcopy.xlsx,level=regional;historical_reference=1;team1_pref=石川;team2_pref=富山
2018,spring,hokushinetsu,,,2018春季北信越地区大会,1R,,日本文理,7,金沢学院,1,新潟,石川,,v1_3_workcopy.xlsx / 試合元帳,元帳あり・Web URL未登録,v1_3_workcopy.xlsx,level=regional;historical_reference=1;team1_pref=新潟;team2_pref=石川
2018,spring,hokushinetsu,,,2018春季北信越地区大会,QF,,日本文理,3,坂井,2,新潟,福井,,v1_3_workcopy.xlsx / 試合元帳,元帳あり・Web URL未登録,v1_3_workcopy.xlsx,level=regional;historical_reference=1;team1_pref=新潟;team2_pref=福井
2018,spring,hokushinetsu,,,2018春季北信越地区大会,QF,,高岡商,14,金沢,6,富山,石川,,v1_3_workcopy.xlsx / 試合元帳,元帳あり・Web URL未登録,v1_3_workcopy.xlsx,level=regional;historical_reference=1;team1_pref=富山;team2_pref=石川;legacy_note=7回コールド
2018,spring,hokushinetsu,,,2018春季北信越地区大会,QF,,星稜,7,関根学園,0,石川,新潟,,v1_3_workcopy.xlsx / 試合元帳,元帳あり・Web URL未登録,v1_3_workcopy.xlsx,level=regional;historical_reference=1;team1_pref=石川;team2_pref=新潟;legacy_note=7回コールド
2018,spring,hokushinetsu,,,2018春季北信越地区大会,QF,,佐久長聖,3,日本航空石川,2,長野,石川,,v1_3_workcopy.xlsx / 試合元帳,元帳あり・Web URL未登録,v1_3_workcopy.xlsx,level=regional;historical_reference=1;team1_pref=長野;team2_pref=石川;legacy_note=サヨナラ
2018,spring,hokushinetsu,,,2018春季北信越地区大会,SF,,星稜,10,高岡商,5,石川,富山,,v1_3_workcopy.xlsx / 試合元帳,元帳あり・Web URL未登録,v1_3_workcopy.xlsx,level=regional;historical_reference=1;team1_pref=石川;team2_pref=富山
2018,spring,hokushinetsu,,,2018春季北信越地区大会,SF,,佐久長聖,7,日本文理,6,長野,新潟,,v1_3_workcopy.xlsx / 試合元帳,元帳あり・Web URL未登録,v1_3_workcopy.xlsx,level=regional;historical_reference=1;team1_pref=長野;team2_pref=新潟
2018,spring,hokushinetsu,,,2018春季北信越地区大会,F,,星稜,9,佐久長聖,5,石川,長野,,v1_3_workcopy.xlsx / 試合元帳,元帳あり・Web URL未登録,v1_3_workcopy.xlsx,level=regional;historical_reference=1;team1_pref=石川;team2_pref=長野
2018,spring,tokai,,,2018春季東海地区大会,QF,,東邦,11,津田学園,4,愛知,三重,,v1_3_workcopy.xlsx / 試合元帳,元帳あり・Web URL未登録,v1_3_workcopy.xlsx,level=regional;historical_reference=1;team1_pref=愛知;team2_pref=三重;legacy_note=8回コールド
2018,spring,tokai,,,2018春季東海地区大会,QF,,静岡,3,帝京大可児,0,静岡,岐阜,,v1_3_workcopy.xlsx / 試合元帳,元帳あり・Web URL未登録,v1_3_workcopy.xlsx,level=regional;historical_reference=1;team1_pref=静岡;team2_pref=岐阜
2018,spring,tokai,,,2018春季東海地区大会,QF,,東海大静岡翔洋,6,誉,5,静岡,愛知,,v1_3_workcopy.xlsx / 試合元帳,元帳あり・Web URL未登録,v1_3_workcopy.xlsx,level=regional;historical_reference=1;team1_pref=静岡;team2_pref=愛知
2018,spring,tokai,,,2018春季東海地区大会,QF,,いなべ総合,3,中京学院大中京,2,三重,岐阜,,v1_3_workcopy.xlsx / 試合元帳,元帳あり・Web URL未登録,v1_3_workcopy.xlsx,level=regional;historical_reference=1;team1_pref=三重;team2_pref=岐阜;legacy_note=サヨナラ
2018,spring,tokai,,,2018春季東海地区大会,SF,,東邦,9,静岡,7,愛知,静岡,,v1_3_workcopy.xlsx / 試合元帳,元帳あり・Web URL未登録,v1_3_workcopy.xlsx,level=regional;historical_reference=1;team1_pref=愛知;team2_pref=静岡
2018,spring,tokai,,,2018春季東海地区大会,SF,,いなべ総合,13,東海大静岡翔洋,6,三重,静岡,,v1_3_workcopy.xlsx / 試合元帳,元帳あり・Web URL未登録,v1_3_workcopy.xlsx,level=regional;historical_reference=1;team1_pref=三重;team2_pref=静岡;legacy_note=7回コールド
2018,spring,tokai,,,2018春季東海地区大会,F,,東邦,2,いなべ総合,0,愛知,三重,,v1_3_workcopy.xlsx / 試合元帳,元帳あり・Web URL未登録,v1_3_workcopy.xlsx,level=regional;historical_reference=1;team1_pref=愛知;team2_pref=三重
2018,spring,kinki,,,2018春季近畿地区大会,QF,,大阪桐蔭,7,明石商,6,大阪,兵庫,,v1_3_workcopy.xlsx / 試合元帳,元帳あり・Web URL未登録,v1_3_workcopy.xlsx,level=regional;historical_reference=1;team1_pref=大阪;team2_pref=兵庫;legacy_note=延長10回
2018,spring,kinki,,,2018春季近畿地区大会,QF,,智弁学園,7,市尼崎,0,奈良,兵庫,,v1_3_workcopy.xlsx / 試合元帳,元帳あり・Web URL未登録,v1_3_workcopy.xlsx,level=regional;historical_reference=1;team1_pref=奈良;team2_pref=兵庫;legacy_note=7回コールド
2018,spring,kinki,,,2018春季近畿地区大会,QF,,智弁和歌山,9,比叡山,0,和歌山,滋賀,,v1_3_workcopy.xlsx / 試合元帳,元帳あり・Web URL未登録,v1_3_workcopy.xlsx,level=regional;historical_reference=1;team1_pref=和歌山;team2_pref=滋賀;legacy_note=7回コールド
2018,spring,kinki,,,2018春季近畿地区大会,QF,,滝川二,3,乙訓,1,兵庫,京都,,v1_3_workcopy.xlsx / 試合元帳,元帳あり・Web URL未登録,v1_3_workcopy.xlsx,level=regional;historical_reference=1;team1_pref=兵庫;team2_pref=京都
2018,spring,kinki,,,2018春季近畿地区大会,SF,,大阪桐蔭,6,智弁学園,3,大阪,奈良,,v1_3_workcopy.xlsx / 試合元帳,元帳あり・Web URL未登録,v1_3_workcopy.xlsx,level=regional;historical_reference=1;team1_pref=大阪;team2_pref=奈良
2018,spring,kinki,,,2018春季近畿地区大会,SF,,智弁和歌山,9,滝川二,7,和歌山,兵庫,,v1_3_workcopy.xlsx / 試合元帳,元帳あり・Web URL未登録,v1_3_workcopy.xlsx,level=regional;historical_reference=1;team1_pref=和歌山;team2_pref=兵庫
2018,spring,kinki,,,2018春季近畿地区大会,F,,大阪桐蔭,3,智弁和歌山,1,大阪,和歌山,,v1_3_workcopy.xlsx / 試合元帳,元帳あり・Web URL未登録,v1_3_workcopy.xlsx,level=regional;historical_reference=1;team1_pref=大阪;team2_pref=和歌山
2018,spring,chugoku,,,2018春季中国地区大会,QF,,広島新庄,8,早鞆,2,広島,山口,,v1_3_workcopy.xlsx / 試合元帳,元帳あり・Web URL未登録,v1_3_workcopy.xlsx,level=regional;historical_reference=1;team1_pref=広島;team2_pref=山口
2018,spring,chugoku,,,2018春季中国地区大会,QF,,下関国際,9,八頭,7,山口,鳥取,,v1_3_workcopy.xlsx / 試合元帳,元帳あり・Web URL未登録,v1_3_workcopy.xlsx,level=regional;historical_reference=1;team1_pref=山口;team2_pref=鳥取
2018,spring,chugoku,,,2018春季中国地区大会,QF,,倉敷商,11,宇部工,3,岡山,山口,,v1_3_workcopy.xlsx / 試合元帳,元帳あり・Web URL未登録,v1_3_workcopy.xlsx,level=regional;historical_reference=1;team1_pref=岡山;team2_pref=山口;legacy_note=7回コールド
2018,spring,chugoku,,,2018春季中国地区大会,QF,,宇部鴻城,10,石見智翠館,7,山口,島根,,v1_3_workcopy.xlsx / 試合元帳,元帳あり・Web URL未登録,v1_3_workcopy.xlsx,level=regional;historical_reference=1;team1_pref=山口;team2_pref=島根
2018,spring,chugoku,,,2018春季中国地区大会,SF,,下関国際,6,宇部鴻城,2,山口,山口,,v1_3_workcopy.xlsx / 試合元帳,元帳あり・Web URL未登録,v1_3_workcopy.xlsx,level=regional;historical_reference=1;team1_pref=山口;team2_pref=山口
2018,spring,chugoku,,,2018春季中国地区大会,SF,,広島新庄,3,倉敷商,1,広島,岡山,,v1_3_workcopy.xlsx / 試合元帳,元帳あり・Web URL未登録,v1_3_workcopy.xlsx,level=regional;historical_reference=1;team1_pref=広島;team2_pref=岡山
2018,spring,chugoku,,,2018春季中国地区大会,F,,広島新庄,8,下関国際,2,広島,山口,,v1_3_workcopy.xlsx / 試合元帳,元帳あり・Web URL未登録,v1_3_workcopy.xlsx,level=regional;historical_reference=1;team1_pref=広島;team2_pref=山口
2018,spring,shikoku,,,2018春季四国地区大会,QF,,明徳義塾,11,松山聖陵,4,高知,愛媛,,v1_3_workcopy.xlsx / 試合元帳,元帳あり・Web URL未登録,v1_3_workcopy.xlsx,level=regional;historical_reference=1;team1_pref=高知;team2_pref=愛媛;legacy_note=7回コールド
2018,spring,shikoku,,,2018春季四国地区大会,QF,,大手前高松,7,小松島,0,香川,徳島,,v1_3_workcopy.xlsx / 試合元帳,元帳あり・Web URL未登録,v1_3_workcopy.xlsx,level=regional;historical_reference=1;team1_pref=香川;team2_pref=徳島;legacy_note=7回コールド
2018,spring,shikoku,,,2018春季四国地区大会,QF,,鳴門,8,高知商,0,徳島,高知,,v1_3_workcopy.xlsx / 試合元帳,元帳あり・Web URL未登録,v1_3_workcopy.xlsx,level=regional;historical_reference=1;team1_pref=徳島;team2_pref=高知;legacy_note=7回コールド
2018,spring,shikoku,,,2018春季四国地区大会,QF,,聖カタリナ,5,英明,4,愛媛,香川,,v1_3_workcopy.xlsx / 試合元帳,元帳あり・Web URL未登録,v1_3_workcopy.xlsx,level=regional;historical_reference=1;team1_pref=愛媛;team2_pref=香川
2018,spring,shikoku,,,2018春季四国地区大会,SF,,聖カタリナ,9,鳴門,8,愛媛,徳島,,v1_3_workcopy.xlsx / 試合元帳,元帳あり・Web URL未登録,v1_3_workcopy.xlsx,level=regional;historical_reference=1;team1_pref=愛媛;team2_pref=徳島
2018,spring,shikoku,,,2018春季四国地区大会,SF,,大手前高松,6,明徳義塾,4,香川,高知,,v1_3_workcopy.xlsx / 試合元帳,元帳あり・Web URL未登録,v1_3_workcopy.xlsx,level=regional;historical_reference=1;team1_pref=香川;team2_pref=高知
2018,spring,shikoku,,,2018春季四国地区大会,F,,大手前高松,13,聖カタリナ,9,香川,愛媛,,v1_3_workcopy.xlsx / 試合元帳,元帳あり・Web URL未登録,v1_3_workcopy.xlsx,level=regional;historical_reference=1;team1_pref=香川;team2_pref=愛媛
2018,spring,kyushu,,,2018春季九州地区大会,1R,,未来沖縄,4,れいめい,2,沖縄,鹿児島,,v1_3_workcopy.xlsx / 試合元帳,元帳あり・Web URL未登録,v1_3_workcopy.xlsx,level=regional;historical_reference=1;team1_pref=沖縄;team2_pref=鹿児島
2018,spring,kyushu,,,2018春季九州地区大会,1R,,八幡,3,富島,2,福岡,宮崎,,v1_3_workcopy.xlsx / 試合元帳,元帳あり・Web URL未登録,v1_3_workcopy.xlsx,level=regional;historical_reference=1;team1_pref=福岡;team2_pref=宮崎
2018,spring,kyushu,,,2018春季九州地区大会,1R,,創成館,5,文徳,4,長崎,熊本,,v1_3_workcopy.xlsx / 試合元帳,元帳あり・Web URL未登録,v1_3_workcopy.xlsx,level=regional;historical_reference=1;team1_pref=長崎;team2_pref=熊本
2018,spring,kyushu,,,2018春季九州地区大会,1R,,九州国際大付,2,東明館,1,福岡,佐賀,,v1_3_workcopy.xlsx / 試合元帳,元帳あり・Web URL未登録,v1_3_workcopy.xlsx,level=regional;historical_reference=1;team1_pref=福岡;team2_pref=佐賀
2018,spring,kyushu,,,2018春季九州地区大会,1R,,伊万里,10,東筑紫学園,3,佐賀,福岡,,v1_3_workcopy.xlsx / 試合元帳,元帳あり・Web URL未登録,v1_3_workcopy.xlsx,level=regional;historical_reference=1;team1_pref=佐賀;team2_pref=福岡
2018,spring,kyushu,,,2018春季九州地区大会,1R,,明豊,4,聖心ウルスラ,3,大分,宮崎,,v1_3_workcopy.xlsx / 試合元帳,元帳あり・Web URL未登録,v1_3_workcopy.xlsx,level=regional;historical_reference=1;team1_pref=大分;team2_pref=宮崎
2018,spring,kyushu,,,2018春季九州地区大会,1R,,東筑,6,長崎総大付,0,福岡,長崎,,v1_3_workcopy.xlsx / 試合元帳,元帳あり・Web URL未登録,v1_3_workcopy.xlsx,level=regional;historical_reference=1;team1_pref=福岡;team2_pref=長崎
2018,spring,kyushu,,,2018春季九州地区大会,1R,,樟南,6,延岡学園,3,鹿児島,宮崎,,v1_3_workcopy.xlsx / 試合元帳,元帳あり・Web URL未登録,v1_3_workcopy.xlsx,level=regional;historical_reference=1;team1_pref=鹿児島;team2_pref=宮崎
2018,spring,kyushu,,,2018春季九州地区大会,QF,,未来沖縄,9,八幡,1,沖縄,福岡,,v1_3_workcopy.xlsx / 試合元帳,元帳あり・Web URL未登録,v1_3_workcopy.xlsx,level=regional;historical_reference=1;team1_pref=沖縄;team2_pref=福岡
2018,spring,kyushu,,,2018春季九州地区大会,QF,,九州国際大付,5,創成館,1,福岡,長崎,,v1_3_workcopy.xlsx / 試合元帳,元帳あり・Web URL未登録,v1_3_workcopy.xlsx,level=regional;historical_reference=1;team1_pref=福岡;team2_pref=長崎
2018,spring,kyushu,,,2018春季九州地区大会,QF,,明豊,5,伊万里,4,大分,佐賀,,v1_3_workcopy.xlsx / 試合元帳,元帳あり・Web URL未登録,v1_3_workcopy.xlsx,level=regional;historical_reference=1;team1_pref=大分;team2_pref=佐賀;legacy_note=サヨナラ
2018,spring,kyushu,,,2018春季九州地区大会,QF,,東筑,6,樟南,3,福岡,鹿児島,,v1_3_workcopy.xlsx / 試合元帳,元帳あり・Web URL未登録,v1_3_workcopy.xlsx,level=regional;historical_reference=1;team1_pref=福岡;team2_pref=鹿児島
2018,spring,kyushu,,,2018春季九州地区大会,SF,,九州国際大付,2,未来沖縄,1,福岡,沖縄,,v1_3_workcopy.xlsx / 試合元帳,元帳あり・Web URL未登録,v1_3_workcopy.xlsx,level=regional;historical_reference=1;team1_pref=福岡;team2_pref=沖縄
2018,spring,kyushu,,,2018春季九州地区大会,SF,,明豊,9,東筑,7,大分,福岡,,v1_3_workcopy.xlsx / 試合元帳,元帳あり・Web URL未登録,v1_3_workcopy.xlsx,level=regional;historical_reference=1;team1_pref=大分;team2_pref=福岡
2018,spring,kyushu,,,2018春季九州地区大会,F,,九州国際大付,13,明豊,0,福岡,大分,,v1_3_workcopy.xlsx / 試合元帳,元帳あり・Web URL未登録,v1_3_workcopy.xlsx,level=regional;historical_reference=1;team1_pref=福岡;team2_pref=大分
2018,koshien,national,,,2018選手権,1R,,星稜,9,藤蔭,4,石川,大分,,v1_3_workcopy.xlsx / 試合元帳,元帳あり・Web URL未登録,v1_3_workcopy.xlsx,level=national;historical_reference=1;team1_pref=石川;team2_pref=大分
2018,koshien,national,,,2018選手権,1R,,済美,5,中央学院,4,愛媛,千葉,,v1_3_workcopy.xlsx / 試合元帳,元帳あり・Web URL未登録,v1_3_workcopy.xlsx,level=national;historical_reference=1;team1_pref=愛媛;team2_pref=千葉
2018,koshien,national,,,2018選手権,1R,,慶応,3,中越,2,神奈川,新潟,,v1_3_workcopy.xlsx / 試合元帳,元帳あり・Web URL未登録,v1_3_workcopy.xlsx,level=national;historical_reference=1;team1_pref=神奈川;team2_pref=新潟;legacy_note=サヨナラ
2018,koshien,national,,,2018選手権,1R,,高知商,14,山梨学院,12,高知,山梨,,v1_3_workcopy.xlsx / 試合元帳,元帳あり・Web URL未登録,v1_3_workcopy.xlsx,level=national;historical_reference=1;team1_pref=高知;team2_pref=山梨
2018,koshien,national,,,2018選手権,1R,,大阪桐蔭,3,作新学院,1,大阪,栃木,,v1_3_workcopy.xlsx / 試合元帳,元帳あり・Web URL未登録,v1_3_workcopy.xlsx,level=national;historical_reference=1;team1_pref=大阪;team2_pref=栃木
2018,koshien,national,,,2018選手権,1R,,沖学園,4,北照,2,福岡,北海道,,v1_3_workcopy.xlsx / 試合元帳,元帳あり・Web URL未登録,v1_3_workcopy.xlsx,level=national;historical_reference=1;team1_pref=福岡;team2_pref=北海道
2018,koshien,national,,,2018選手権,1R,,佐久長聖,5,旭川大高,4,長野,北海道,,v1_3_workcopy.xlsx / 試合元帳,元帳あり・Web URL未登録,v1_3_workcopy.xlsx,level=national;historical_reference=1;team1_pref=長野;team2_pref=北海道;legacy_note=延長14回、タイブレーク
2018,koshien,national,,,2018選手権,1R,,高岡商,4,佐賀商,1,富山,佐賀,,v1_3_workcopy.xlsx / 試合元帳,元帳あり・Web URL未登録,v1_3_workcopy.xlsx,level=national;historical_reference=1;team1_pref=富山;team2_pref=佐賀
2018,koshien,national,,,2018選手権,1R,,近江,7,智弁和歌山,3,滋賀,和歌山,,v1_3_workcopy.xlsx / 試合元帳,元帳あり・Web URL未登録,v1_3_workcopy.xlsx,level=national;historical_reference=1;team1_pref=滋賀;team2_pref=和歌山
2018,koshien,national,,,2018選手権,1R,,前橋育英,2,近大付,0,群馬,大阪,,v1_3_workcopy.xlsx / 試合元帳,元帳あり・Web URL未登録,v1_3_workcopy.xlsx,level=national;historical_reference=1;team1_pref=群馬;team2_pref=大阪
2018,koshien,national,,,2018選手権,1R,,常葉大菊川,8,益田東,7,静岡,島根,,v1_3_workcopy.xlsx / 試合元帳,元帳あり・Web URL未登録,v1_3_workcopy.xlsx,level=national;historical_reference=1;team1_pref=静岡;team2_pref=島根
2018,koshien,national,,,2018選手権,1R,,日南学園,2,丸亀城西,0,宮崎,香川,,v1_3_workcopy.xlsx / 試合元帳,元帳あり・Web URL未登録,v1_3_workcopy.xlsx,level=national;historical_reference=1;team1_pref=宮崎;team2_pref=香川
2018,koshien,national,,,2018選手権,1R,,金足農,5,鹿児島実,1,秋田,鹿児島,,v1_3_workcopy.xlsx / 試合元帳,元帳あり・Web URL未登録,v1_3_workcopy.xlsx,level=national;historical_reference=1;team1_pref=秋田;team2_pref=鹿児島
2018,koshien,national,,,2018選手権,1R,,大垣日大,9,東海大星翔,3,岐阜,熊本,,v1_3_workcopy.xlsx / 試合元帳,元帳あり・Web URL未登録,v1_3_workcopy.xlsx,level=national;historical_reference=1;team1_pref=岐阜;team2_pref=熊本
2018,koshien,national,,,2018選手権,1R,,花咲徳栄,8,鳴門,5,埼玉,徳島,,v1_3_workcopy.xlsx / 試合元帳,元帳あり・Web URL未登録,v1_3_workcopy.xlsx,level=national;historical_reference=1;team1_pref=埼玉;team2_pref=徳島
2018,koshien,national,,,2018選手権,1R,,横浜,7,愛産大三河,0,神奈川,愛知,,v1_3_workcopy.xlsx / 試合元帳,元帳あり・Web URL未登録,v1_3_workcopy.xlsx,level=national;historical_reference=1;team1_pref=神奈川;team2_pref=愛知
2018,koshien,national,,,2018選手権,1R,,下関国際,4,花巻東,2,山口,岩手,,v1_3_workcopy.xlsx / 試合元帳,元帳あり・Web URL未登録,v1_3_workcopy.xlsx,level=national;historical_reference=1;team1_pref=山口;team2_pref=岩手;legacy_note=延長10回
2018,koshien,national,,,2018選手権,1R,,創志学園,7,創成館,0,岡山,長崎,,v1_3_workcopy.xlsx / 試合元帳,元帳あり・Web URL未登録,v1_3_workcopy.xlsx,level=national;historical_reference=1;team1_pref=岡山;team2_pref=長崎
2018,koshien,national,,,2018選手権,1R,,興南,6,土浦日大,2,沖縄,茨城,,v1_3_workcopy.xlsx / 試合元帳,元帳あり・Web URL未登録,v1_3_workcopy.xlsx,level=national;historical_reference=1;team1_pref=沖縄;team2_pref=茨城
2018,koshien,national,,,2018選手権,1R,,木更津総合,10,敦賀気比,1,千葉,福井,,v1_3_workcopy.xlsx / 試合元帳,元帳あり・Web URL未登録,v1_3_workcopy.xlsx,level=national;historical_reference=1;team1_pref=千葉;team2_pref=福井
2018,koshien,national,,,2018選手権,1R,,日大三,16,折尾愛真,3,東京,福岡,,v1_3_workcopy.xlsx / 試合元帳,元帳あり・Web URL未登録,v1_3_workcopy.xlsx,level=national;historical_reference=1;team1_pref=東京;team2_pref=福岡
2018,koshien,national,,,2018選手権,1R,,奈良大付,4,羽黒,1,奈良,山形,,v1_3_workcopy.xlsx / 試合元帳,元帳あり・Web URL未登録,v1_3_workcopy.xlsx,level=national;historical_reference=1;team1_pref=奈良;team2_pref=山形
2018,koshien,national,,,2018選手権,1R,,龍谷大平安,3,鳥取城北,2,京都,鳥取,,v1_3_workcopy.xlsx / 試合元帳,元帳あり・Web URL未登録,v1_3_workcopy.xlsx,level=national;historical_reference=1;team1_pref=京都;team2_pref=鳥取;legacy_note=サヨナラ
2018,koshien,national,,,2018選手権,1R,,八戸学院光星,9,明石商,8,青森,兵庫,,v1_3_workcopy.xlsx / 試合元帳,元帳あり・Web URL未登録,v1_3_workcopy.xlsx,level=national;historical_reference=1;team1_pref=青森;team2_pref=兵庫;legacy_note=延長10回
2018,koshien,national,,,2018選手権,2R,,報徳学園,3,聖光学院,2,兵庫,福島,,v1_3_workcopy.xlsx / 試合元帳,元帳あり・Web URL未登録,v1_3_workcopy.xlsx,level=national;historical_reference=1;team1_pref=兵庫;team2_pref=福島
2018,koshien,national,,,2018選手権,2R,,愛工大名電,10,白山,0,愛知,三重,,v1_3_workcopy.xlsx / 試合元帳,元帳あり・Web URL未登録,v1_3_workcopy.xlsx,level=national;historical_reference=1;team1_pref=愛知;team2_pref=三重
2018,koshien,national,,,2018選手権,2R,,二松学舎大付,5,広陵,2,東京,広島,,v1_3_workcopy.xlsx / 試合元帳,元帳あり・Web URL未登録,v1_3_workcopy.xlsx,level=national;historical_reference=1;team1_pref=東京;team2_pref=広島
2018,koshien,national,,,2018選手権,2R,,浦和学院,9,仙台育英,0,埼玉,宮城,,v1_3_workcopy.xlsx / 試合元帳,元帳あり・Web URL未登録,v1_3_workcopy.xlsx,level=national;historical_reference=1;team1_pref=埼玉;team2_pref=宮城
2018,koshien,national,,,2018選手権,2R,,済美,13,星稜,11,愛媛,石川,,v1_3_workcopy.xlsx / 試合元帳,元帳あり・Web URL未登録,v1_3_workcopy.xlsx,level=national;historical_reference=1;team1_pref=愛媛;team2_pref=石川;legacy_note=延長13回サヨナラ、タイブレーク
2018,koshien,national,,,2018選手権,2R,,高知商,12,慶応,6,高知,神奈川,,v1_3_workcopy.xlsx / 試合元帳,元帳あり・Web URL未登録,v1_3_workcopy.xlsx,level=national;historical_reference=1;team1_pref=高知;team2_pref=神奈川
2018,koshien,national,,,2018選手権,2R,,大阪桐蔭,10,沖学園,4,大阪,福岡,,v1_3_workcopy.xlsx / 試合元帳,元帳あり・Web URL未登録,v1_3_workcopy.xlsx,level=national;historical_reference=1;team1_pref=大阪;team2_pref=福岡
2018,koshien,national,,,2018選手権,2R,,高岡商,5,佐久長聖,4,富山,長野,,v1_3_workcopy.xlsx / 試合元帳,元帳あり・Web URL未登録,v1_3_workcopy.xlsx,level=national;historical_reference=1;team1_pref=富山;team2_pref=長野
2018,koshien,national,,,2018選手権,2R,,近江,4,前橋育英,3,滋賀,群馬,,v1_3_workcopy.xlsx / 試合元帳,元帳あり・Web URL未登録,v1_3_workcopy.xlsx,level=national;historical_reference=1;team1_pref=滋賀;team2_pref=群馬;legacy_note=サヨナラ
2018,koshien,national,,,2018選手権,2R,,常葉大菊川,3,日南学園,0,静岡,宮崎,,v1_3_workcopy.xlsx / 試合元帳,元帳あり・Web URL未登録,v1_3_workcopy.xlsx,level=national;historical_reference=1;team1_pref=静岡;team2_pref=宮崎
2018,koshien,national,,,2018選手権,2R,,金足農,6,大垣日大,3,秋田,岐阜,,v1_3_workcopy.xlsx / 試合元帳,元帳あり・Web URL未登録,v1_3_workcopy.xlsx,level=national;historical_reference=1;team1_pref=秋田;team2_pref=岐阜
2018,koshien,national,,,2018選手権,2R,,横浜,8,花咲徳栄,6,神奈川,埼玉,,v1_3_workcopy.xlsx / 試合元帳,元帳あり・Web URL未登録,v1_3_workcopy.xlsx,level=national;historical_reference=1;team1_pref=神奈川;team2_pref=埼玉
2018,koshien,national,,,2018選手権,2R,,下関国際,5,創志学園,4,山口,岡山,,v1_3_workcopy.xlsx / 試合元帳,元帳あり・Web URL未登録,v1_3_workcopy.xlsx,level=national;historical_reference=1;team1_pref=山口;team2_pref=岡山
2018,koshien,national,,,2018選手権,2R,,木更津総合,7,興南,0,千葉,沖縄,,v1_3_workcopy.xlsx / 試合元帳,元帳あり・Web URL未登録,v1_3_workcopy.xlsx,level=national;historical_reference=1;team1_pref=千葉;team2_pref=沖縄
2018,koshien,national,,,2018選手権,2R,,日大三,8,奈良大付,4,東京,奈良,,v1_3_workcopy.xlsx / 試合元帳,元帳あり・Web URL未登録,v1_3_workcopy.xlsx,level=national;historical_reference=1;team1_pref=東京;team2_pref=奈良
2018,koshien,national,,,2018選手権,2R,,龍谷大平安,14,八戸学院光星,1,京都,青森,,v1_3_workcopy.xlsx / 試合元帳,元帳あり・Web URL未登録,v1_3_workcopy.xlsx,level=national;historical_reference=1;team1_pref=京都;team2_pref=青森
2018,koshien,national,,,2018選手権,3R,,報徳学園,7,愛工大名電,2,兵庫,愛知,,v1_3_workcopy.xlsx / 試合元帳,元帳あり・Web URL未登録,v1_3_workcopy.xlsx,level=national;historical_reference=1;team1_pref=兵庫;team2_pref=愛知
2018,koshien,national,,,2018選手権,3R,,浦和学院,6,二松学舎大付,0,埼玉,東京,,v1_3_workcopy.xlsx / 試合元帳,元帳あり・Web URL未登録,v1_3_workcopy.xlsx,level=national;historical_reference=1;team1_pref=埼玉;team2_pref=東京
2018,koshien,national,,,2018選手権,3R,,済美,3,高知商,1,愛媛,高知,,v1_3_workcopy.xlsx / 試合元帳,元帳あり・Web URL未登録,v1_3_workcopy.xlsx,level=national;historical_reference=1;team1_pref=愛媛;team2_pref=高知
2018,koshien,national,,,2018選手権,3R,,大阪桐蔭,3,高岡商,1,大阪,富山,,v1_3_workcopy.xlsx / 試合元帳,元帳あり・Web URL未登録,v1_3_workcopy.xlsx,level=national;historical_reference=1;team1_pref=大阪;team2_pref=富山
2018,koshien,national,,,2018選手権,3R,,近江,9,常葉大菊川,4,滋賀,静岡,,v1_3_workcopy.xlsx / 試合元帳,元帳あり・Web URL未登録,v1_3_workcopy.xlsx,level=national;historical_reference=1;team1_pref=滋賀;team2_pref=静岡
2018,koshien,national,,,2018選手権,3R,,金足農,5,横浜,4,秋田,神奈川,,v1_3_workcopy.xlsx / 試合元帳,元帳あり・Web URL未登録,v1_3_workcopy.xlsx,level=national;historical_reference=1;team1_pref=秋田;team2_pref=神奈川
2018,koshien,national,,,2018選手権,3R,,下関国際,4,木更津総合,1,山口,千葉,,v1_3_workcopy.xlsx / 試合元帳,元帳あり・Web URL未登録,v1_3_workcopy.xlsx,level=national;historical_reference=1;team1_pref=山口;team2_pref=千葉
2018,koshien,national,,,2018選手権,3R,,日大三,4,龍谷大平安,3,東京,京都,,v1_3_workcopy.xlsx / 試合元帳,元帳あり・Web URL未登録,v1_3_workcopy.xlsx,level=national;historical_reference=1;team1_pref=東京;team2_pref=京都
2018,koshien,national,,,2018選手権,QF,,大阪桐蔭,11,浦和学院,2,大阪,埼玉,,v1_3_workcopy.xlsx / 試合元帳,元帳あり・Web URL未登録,v1_3_workcopy.xlsx,level=national;historical_reference=1;team1_pref=大阪;team2_pref=埼玉
2018,koshien,national,,,2018選手権,QF,,済美,3,報徳学園,2,愛媛,兵庫,,v1_3_workcopy.xlsx / 試合元帳,元帳あり・Web URL未登録,v1_3_workcopy.xlsx,level=national;historical_reference=1;team1_pref=愛媛;team2_pref=兵庫
2018,koshien,national,,,2018選手権,QF,,日大三,3,下関国際,2,東京,山口,,v1_3_workcopy.xlsx / 試合元帳,元帳あり・Web URL未登録,v1_3_workcopy.xlsx,level=national;historical_reference=1;team1_pref=東京;team2_pref=山口
2018,koshien,national,,,2018選手権,QF,,金足農,3,近江,2,秋田,滋賀,,v1_3_workcopy.xlsx / 試合元帳,元帳あり・Web URL未登録,v1_3_workcopy.xlsx,level=national;historical_reference=1;team1_pref=秋田;team2_pref=滋賀;legacy_note=サヨナラ
2018,koshien,national,,,2018選手権,SF,,金足農,2,日大三,1,秋田,東京,,v1_3_workcopy.xlsx / 試合元帳,元帳あり・Web URL未登録,v1_3_workcopy.xlsx,level=national;historical_reference=1;team1_pref=秋田;team2_pref=東京
2018,koshien,national,,,2018選手権,SF,,大阪桐蔭,5,済美,2,大阪,愛媛,,v1_3_workcopy.xlsx / 試合元帳,元帳あり・Web URL未登録,v1_3_workcopy.xlsx,level=national;historical_reference=1;team1_pref=大阪;team2_pref=愛媛
2018,koshien,national,,,2018選手権,F,,大阪桐蔭,13,金足農,2,大阪,秋田,,v1_3_workcopy.xlsx / 試合元帳,元帳あり・Web URL未登録,v1_3_workcopy.xlsx,level=national;historical_reference=1;team1_pref=大阪;team2_pref=秋田
2018,autumn,hokkaido,,,2018秋季北海道地区大会,1R,,駒大苫小牧,11,釧路工,3,北海道,北海道,,v1_3_workcopy.xlsx / 試合元帳,元帳あり・Web URL未登録,v1_3_workcopy.xlsx,level=regional;historical_reference=1;team1_pref=北海道;team2_pref=北海道;legacy_note=7回コールド
2018,autumn,hokkaido,,,2018秋季北海道地区大会,1R,,白樺学園,4,札幌光星,3,北海道,北海道,,v1_3_workcopy.xlsx / 試合元帳,元帳あり・Web URL未登録,v1_3_workcopy.xlsx,level=regional;historical_reference=1;team1_pref=北海道;team2_pref=北海道;legacy_note=延長10回サヨナラ
2018,autumn,hokkaido,,,2018秋季北海道地区大会,1R,,函館工,5,大谷室蘭,4,北海道,北海道,,v1_3_workcopy.xlsx / 試合元帳,元帳あり・Web URL未登録,v1_3_workcopy.xlsx,level=regional;historical_reference=1;team1_pref=北海道;team2_pref=北海道;legacy_note=延長10回
2018,autumn,hokkaido,,,2018秋季北海道地区大会,1R,,旭川大高,15,北照,8,北海道,北海道,,v1_3_workcopy.xlsx / 試合元帳,元帳あり・Web URL未登録,v1_3_workcopy.xlsx,level=regional;historical_reference=1;team1_pref=北海道;team2_pref=北海道;legacy_note=7回コールド
2018,autumn,hokkaido,,,2018秋季北海道地区大会,2R,,札幌新川,6,旭川明成,4,北海道,北海道,,v1_3_workcopy.xlsx / 試合元帳,元帳あり・Web URL未登録,v1_3_workcopy.xlsx,level=regional;historical_reference=1;team1_pref=北海道;team2_pref=北海道
2018,autumn,hokkaido,,,2018秋季北海道地区大会,2R,,札幌大谷,5,滝川西,2,北海道,北海道,,v1_3_workcopy.xlsx / 試合元帳,元帳あり・Web URL未登録,v1_3_workcopy.xlsx,level=regional;historical_reference=1;team1_pref=北海道;team2_pref=北海道
2018,autumn,hokkaido,,,2018秋季北海道地区大会,2R,,駒大苫小牧,6,函館大柏稜,0,北海道,北海道,,v1_3_workcopy.xlsx / 試合元帳,元帳あり・Web URL未登録,v1_3_workcopy.xlsx,level=regional;historical_reference=1;team1_pref=北海道;team2_pref=北海道
2018,autumn,hokkaido,,,2018秋季北海道地区大会,2R,,釧路湖陵,14,札幌英藍,12,北海道,北海道,,v1_3_workcopy.xlsx / 試合元帳,元帳あり・Web URL未登録,v1_3_workcopy.xlsx,level=regional;historical_reference=1;team1_pref=北海道;team2_pref=北海道
2018,autumn,hokkaido,,,2018秋季北海道地区大会,2R,,白樺学園,7,北見工,4,北海道,北海道,,v1_3_workcopy.xlsx / 試合元帳,元帳あり・Web URL未登録,v1_3_workcopy.xlsx,level=regional;historical_reference=1;team1_pref=北海道;team2_pref=北海道
2018,autumn,hokkaido,,,2018秋季北海道地区大会,2R,,札幌第一,15,札幌日大,3,北海道,北海道,,v1_3_workcopy.xlsx / 試合元帳,元帳あり・Web URL未登録,v1_3_workcopy.xlsx,level=regional;historical_reference=1;team1_pref=北海道;team2_pref=北海道;legacy_note=7回コールド
2018,autumn,hokkaido,,,2018秋季北海道地区大会,2R,,稚内大谷,2,函館工,1,北海道,北海道,,v1_3_workcopy.xlsx / 試合元帳,元帳あり・Web URL未登録,v1_3_workcopy.xlsx,level=regional;historical_reference=1;team1_pref=北海道;team2_pref=北海道
2018,autumn,hokkaido,,,2018秋季北海道地区大会,2R,,旭川大高,3,帯広大谷,2,北海道,北海道,,v1_3_workcopy.xlsx / 試合元帳,元帳あり・Web URL未登録,v1_3_workcopy.xlsx,level=regional;historical_reference=1;team1_pref=北海道;team2_pref=北海道
2018,autumn,hokkaido,,,2018秋季北海道地区大会,QF,,駒大苫小牧,3,札幌新川,0,北海道,北海道,,v1_3_workcopy.xlsx / 試合元帳,元帳あり・Web URL未登録,v1_3_workcopy.xlsx,level=regional;historical_reference=1;team1_pref=北海道;team2_pref=北海道
2018,autumn,hokkaido,,,2018秋季北海道地区大会,QF,,札幌大谷,5,白樺学園,1,北海道,北海道,,v1_3_workcopy.xlsx / 試合元帳,元帳あり・Web URL未登録,v1_3_workcopy.xlsx,level=regional;historical_reference=1;team1_pref=北海道;team2_pref=北海道
2018,autumn,hokkaido,,,2018秋季北海道地区大会,QF,,釧路湖陵,10,稚内大谷,0,北海道,北海道,,v1_3_workcopy.xlsx / 試合元帳,元帳あり・Web URL未登録,v1_3_workcopy.xlsx,level=regional;historical_reference=1;team1_pref=北海道;team2_pref=北海道;legacy_note=6回コールド
2018,autumn,hokkaido,,,2018秋季北海道地区大会,QF,,札幌第一,10,旭川大高,8,北海道,北海道,,v1_3_workcopy.xlsx / 試合元帳,元帳あり・Web URL未登録,v1_3_workcopy.xlsx,level=regional;historical_reference=1;team1_pref=北海道;team2_pref=北海道
2018,autumn,hokkaido,,,2018秋季北海道地区大会,SF,,札幌大谷,7,駒大苫小牧,6,北海道,北海道,,v1_3_workcopy.xlsx / 試合元帳,元帳あり・Web URL未登録,v1_3_workcopy.xlsx,level=regional;historical_reference=1;team1_pref=北海道;team2_pref=北海道;legacy_note=延長10回
2018,autumn,hokkaido,,,2018秋季北海道地区大会,SF,,札幌第一,5,釧路湖陵,1,北海道,北海道,,v1_3_workcopy.xlsx / 試合元帳,元帳あり・Web URL未登録,v1_3_workcopy.xlsx,level=regional;historical_reference=1;team1_pref=北海道;team2_pref=北海道
2018,autumn,hokkaido,,,2018秋季北海道地区大会,F,,札幌大谷,9,札幌第一,6,北海道,北海道,,v1_3_workcopy.xlsx / 試合元帳,元帳あり・Web URL未登録,v1_3_workcopy.xlsx,level=regional;historical_reference=1;team1_pref=北海道;team2_pref=北海道
2018,autumn,tohoku,,,2018秋季東北地区大会,1R,,大崎中央,4,青森山田,3,宮城,青森,,v1_3_workcopy.xlsx / 試合元帳,元帳あり・Web URL未登録,v1_3_workcopy.xlsx,level=regional;historical_reference=1;team1_pref=宮城;team2_pref=青森;legacy_note=サヨナラ
2018,autumn,tohoku,,,2018秋季東北地区大会,1R,,専大北上,6,秋田商,1,岩手,秋田,,v1_3_workcopy.xlsx / 試合元帳,元帳あり・Web URL未登録,v1_3_workcopy.xlsx,level=regional;historical_reference=1;team1_pref=岩手;team2_pref=秋田
2018,autumn,tohoku,,,2018秋季東北地区大会,2R,,酒田南,4,日大東北,1,山形,福島,,v1_3_workcopy.xlsx / 試合元帳,元帳あり・Web URL未登録,v1_3_workcopy.xlsx,level=regional;historical_reference=1;team1_pref=山形;team2_pref=福島;legacy_note=延長12回
2018,autumn,tohoku,,,2018秋季東北地区大会,2R,,盛岡大付,8,山形城北,2,岩手,山形,,v1_3_workcopy.xlsx / 試合元帳,元帳あり・Web URL未登録,v1_3_workcopy.xlsx,level=regional;historical_reference=1;team1_pref=岩手;team2_pref=山形
2018,autumn,tohoku,,,2018秋季東北地区大会,2R,,仙台育英,10,福島商,2,宮城,福島,,v1_3_workcopy.xlsx / 試合元帳,元帳あり・Web URL未登録,v1_3_workcopy.xlsx,level=regional;historical_reference=1;team1_pref=宮城;team2_pref=福島;legacy_note=7回コールド
2018,autumn,tohoku,,,2018秋季東北地区大会,2R,,秋田修英,9,大崎中央,1,秋田,宮城,,v1_3_workcopy.xlsx / 試合元帳,元帳あり・Web URL未登録,v1_3_workcopy.xlsx,level=regional;historical_reference=1;team1_pref=秋田;team2_pref=宮城;legacy_note=7回コールド
2018,autumn,tohoku,,,2018秋季東北地区大会,2R,,花巻東,12,聖光学院,10,岩手,福島,,v1_3_workcopy.xlsx / 試合元帳,元帳あり・Web URL未登録,v1_3_workcopy.xlsx,level=regional;historical_reference=1;team1_pref=岩手;team2_pref=福島
2018,autumn,tohoku,,,2018秋季東北地区大会,2R,,古川,4,弘前東,3,宮城,青森,,v1_3_workcopy.xlsx / 試合元帳,元帳あり・Web URL未登録,v1_3_workcopy.xlsx,level=regional;historical_reference=1;team1_pref=宮城;team2_pref=青森;legacy_note=延長10回サヨナラ
2018,autumn,tohoku,,,2018秋季東北地区大会,2R,,八戸学院光星,9,専大北上,2,青森,岩手,,v1_3_workcopy.xlsx / 試合元帳,元帳あり・Web URL未登録,v1_3_workcopy.xlsx,level=regional;historical_reference=1;team1_pref=青森;team2_pref=岩手;legacy_note=8回コールド
2018,autumn,tohoku,,,2018秋季東北地区大会,2R,,羽黒,14,横手,6,山形,秋田,,v1_3_workcopy.xlsx / 試合元帳,元帳あり・Web URL未登録,v1_3_workcopy.xlsx,level=regional;historical_reference=1;team1_pref=山形;team2_pref=秋田
2018,autumn,tohoku,,,2018秋季東北地区大会,QF,,古川,3,秋田修英,1,宮城,秋田,,v1_3_workcopy.xlsx / 試合元帳,元帳あり・Web URL未登録,v1_3_workcopy.xlsx,level=regional;historical_reference=1;team1_pref=宮城;team2_pref=秋田
2018,autumn,tohoku,,,2018秋季東北地区大会,QF,,盛岡大付,7,酒田南,0,岩手,山形,,v1_3_workcopy.xlsx / 試合元帳,元帳あり・Web URL未登録,v1_3_workcopy.xlsx,level=regional;historical_reference=1;team1_pref=岩手;team2_pref=山形;legacy_note=7回コールド
2018,autumn,tohoku,,,2018秋季東北地区大会,QF,,花巻東,6,仙台育英,5,岩手,宮城,,v1_3_workcopy.xlsx / 試合元帳,元帳あり・Web URL未登録,v1_3_workcopy.xlsx,level=regional;historical_reference=1;team1_pref=岩手;team2_pref=宮城;legacy_note=延長10回サヨナラ
2018,autumn,tohoku,,,2018秋季東北地区大会,QF,,八戸学院光星,3,羽黒,2,青森,山形,,v1_3_workcopy.xlsx / 試合元帳,元帳あり・Web URL未登録,v1_3_workcopy.xlsx,level=regional;historical_reference=1;team1_pref=青森;team2_pref=山形
2018,autumn,tohoku,,,2018秋季東北地区大会,SF,,盛岡大付,10,古川,0,岩手,宮城,,v1_3_workcopy.xlsx / 試合元帳,元帳あり・Web URL未登録,v1_3_workcopy.xlsx,level=regional;historical_reference=1;team1_pref=岩手;team2_pref=宮城;legacy_note=6回コールド
2018,autumn,tohoku,,,2018秋季東北地区大会,SF,,八戸学院光星,7,花巻東,3,青森,岩手,,v1_3_workcopy.xlsx / 試合元帳,元帳あり・Web URL未登録,v1_3_workcopy.xlsx,level=regional;historical_reference=1;team1_pref=青森;team2_pref=岩手
2018,autumn,tohoku,,,2018秋季東北地区大会,F,,八戸学院光星,5,盛岡大付,3,青森,岩手,,v1_3_workcopy.xlsx / 試合元帳,元帳あり・Web URL未登録,v1_3_workcopy.xlsx,level=regional;historical_reference=1;team1_pref=青森;team2_pref=岩手
2018,autumn,kanto_tokyo,,,2018秋季関東地区大会,1R,,前橋育英,1,作新学院,0,群馬,栃木,,v1_3_workcopy.xlsx / 試合元帳,元帳あり・Web URL未登録,v1_3_workcopy.xlsx,level=regional;historical_reference=1;team1_pref=群馬;team2_pref=栃木
2018,autumn,kanto_tokyo,,,2018秋季関東地区大会,1R,,山梨学院,7,中央学院,2,山梨,千葉,,v1_3_workcopy.xlsx / 試合元帳,元帳あり・Web URL未登録,v1_3_workcopy.xlsx,level=regional;historical_reference=1;team1_pref=山梨;team2_pref=千葉
2018,autumn,kanto_tokyo,,,2018秋季関東地区大会,1R,,習志野,3,桐生第一,1,千葉,群馬,,v1_3_workcopy.xlsx / 試合元帳,元帳あり・Web URL未登録,v1_3_workcopy.xlsx,level=regional;historical_reference=1;team1_pref=千葉;team2_pref=群馬;legacy_note=延長14回、タイブレーク
2018,autumn,kanto_tokyo,,,2018秋季関東地区大会,1R,,佐野日大,5,東農大三,2,栃木,埼玉,,v1_3_workcopy.xlsx / 試合元帳,元帳あり・Web URL未登録,v1_3_workcopy.xlsx,level=regional;historical_reference=1;team1_pref=栃木;team2_pref=埼玉
2018,autumn,kanto_tokyo,,,2018秋季関東地区大会,1R,,桐蔭学園,7,常総学院,5,神奈川,茨城,,v1_3_workcopy.xlsx / 試合元帳,元帳あり・Web URL未登録,v1_3_workcopy.xlsx,level=regional;historical_reference=1;team1_pref=神奈川;team2_pref=茨城;legacy_note=サヨナラ
2018,autumn,kanto_tokyo,,,2018秋季関東地区大会,1R,,横浜,8,甲府工,2,神奈川,山梨,,v1_3_workcopy.xlsx / 試合元帳,元帳あり・Web URL未登録,v1_3_workcopy.xlsx,level=regional;historical_reference=1;team1_pref=神奈川;team2_pref=山梨
2018,autumn,kanto_tokyo,,,2018秋季関東地区大会,1R,,春日部共栄,7,藤代,6,埼玉,茨城,,v1_3_workcopy.xlsx / 試合元帳,元帳あり・Web URL未登録,v1_3_workcopy.xlsx,level=regional;historical_reference=1;team1_pref=埼玉;team2_pref=茨城
2018,autumn,kanto_tokyo,,,2018秋季関東地区大会,QF,,山梨学院,9,前橋育英,1,山梨,群馬,,v1_3_workcopy.xlsx / 試合元帳,元帳あり・Web URL未登録,v1_3_workcopy.xlsx,level=regional;historical_reference=1;team1_pref=山梨;team2_pref=群馬;legacy_note=7回コールド
2018,autumn,kanto_tokyo,,,2018秋季関東地区大会,QF,,習志野,8,東海大甲府,4,千葉,山梨,,v1_3_workcopy.xlsx / 試合元帳,元帳あり・Web URL未登録,v1_3_workcopy.xlsx,level=regional;historical_reference=1;team1_pref=千葉;team2_pref=山梨
2018,autumn,kanto_tokyo,,,2018秋季関東地区大会,QF,,桐蔭学園,8,佐野日大,1,神奈川,栃木,,v1_3_workcopy.xlsx / 試合元帳,元帳あり・Web URL未登録,v1_3_workcopy.xlsx,level=regional;historical_reference=1;team1_pref=神奈川;team2_pref=栃木
2018,autumn,kanto_tokyo,,,2018秋季関東地区大会,QF,,春日部共栄,9,横浜,2,埼玉,神奈川,,v1_3_workcopy.xlsx / 試合元帳,元帳あり・Web URL未登録,v1_3_workcopy.xlsx,level=regional;historical_reference=1;team1_pref=埼玉;team2_pref=神奈川;legacy_note=7回コールド
2018,autumn,kanto_tokyo,,,2018秋季関東地区大会,SF,,桐蔭学園,4,習志野,2,神奈川,千葉,,v1_3_workcopy.xlsx / 試合元帳,元帳あり・Web URL未登録,v1_3_workcopy.xlsx,level=regional;historical_reference=1;team1_pref=神奈川;team2_pref=千葉
2018,autumn,kanto_tokyo,,,2018秋季関東地区大会,SF,,春日部共栄,1,山梨学院,1,埼玉,山梨,,v1_3_workcopy.xlsx / 試合元帳,元帳あり・Web URL未登録,v1_3_workcopy.xlsx,level=regional;historical_reference=1;team1_pref=埼玉;team2_pref=山梨
2018,autumn,kanto_tokyo,,,2018秋季関東地区大会,F,,桐蔭学園,9,春日部共栄,6,神奈川,埼玉,,v1_3_workcopy.xlsx / 試合元帳,元帳あり・Web URL未登録,v1_3_workcopy.xlsx,level=regional;historical_reference=1;team1_pref=神奈川;team2_pref=埼玉
2018,autumn,kanto_tokyo,,,2018秋季東京地区大会,1R,,岩倉,4,立志舎,1,東京,東京,,v1_3_workcopy.xlsx / 試合元帳,元帳あり・Web URL未登録,v1_3_workcopy.xlsx,level=regional;historical_reference=1;team1_pref=東京;team2_pref=東京
2018,autumn,kanto_tokyo,,,2018秋季東京地区大会,1R,,八王子,2,明星,0,東京,東京,,v1_3_workcopy.xlsx / 試合元帳,元帳あり・Web URL未登録,v1_3_workcopy.xlsx,level=regional;historical_reference=1;team1_pref=東京;team2_pref=東京
2018,autumn,kanto_tokyo,,,2018秋季東京地区大会,1R,,立正大立正,3,錦城学園,0,東京,東京,,v1_3_workcopy.xlsx / 試合元帳,元帳あり・Web URL未登録,v1_3_workcopy.xlsx,level=regional;historical_reference=1;team1_pref=東京;team2_pref=東京
2018,autumn,kanto_tokyo,,,2018秋季東京地区大会,1R,,大森学園,4,駒大高,0,東京,東京,,v1_3_workcopy.xlsx / 試合元帳,元帳あり・Web URL未登録,v1_3_workcopy.xlsx,level=regional;historical_reference=1;team1_pref=東京;team2_pref=東京
2018,autumn,kanto_tokyo,,,2018秋季東京地区大会,1R,,東海大菅生,20,東京成徳大高,2,東京,東京,,v1_3_workcopy.xlsx / 試合元帳,元帳あり・Web URL未登録,v1_3_workcopy.xlsx,level=regional;historical_reference=1;team1_pref=東京;team2_pref=東京;legacy_note=5回コールド
2018,autumn,kanto_tokyo,,,2018秋季東京地区大会,1R,,桜美林,8,八王子北,1,東京,東京,,v1_3_workcopy.xlsx / 試合元帳,元帳あり・Web URL未登録,v1_3_workcopy.xlsx,level=regional;historical_reference=1;team1_pref=東京;team2_pref=東京;legacy_note=7回コールド
2018,autumn,kanto_tokyo,,,2018秋季東京地区大会,1R,,二松学舎大付,10,共栄学園,0,東京,東京,,v1_3_workcopy.xlsx / 試合元帳,元帳あり・Web URL未登録,v1_3_workcopy.xlsx,level=regional;historical_reference=1;team1_pref=東京;team2_pref=東京;legacy_note=5回コールド
2018,autumn,kanto_tokyo,,,2018秋季東京地区大会,1R,,東大和,2,葛飾野,1,東京,東京,,v1_3_workcopy.xlsx / 試合元帳,元帳あり・Web URL未登録,v1_3_workcopy.xlsx,level=regional;historical_reference=1;team1_pref=東京;team2_pref=東京
2018,autumn,kanto_tokyo,,,2018秋季東京地区大会,1R,,墨田工,7,板橋,6,東京,東京,,v1_3_workcopy.xlsx / 試合元帳,元帳あり・Web URL未登録,v1_3_workcopy.xlsx,level=regional;historical_reference=1;team1_pref=東京;team2_pref=東京;legacy_note=延長14回サヨナラ、タイブレーク
2018,autumn,kanto_tokyo,,,2018秋季東京地区大会,1R,,日体大荏原,5,成瀬,0,東京,東京,,v1_3_workcopy.xlsx / 試合元帳,元帳あり・Web URL未登録,v1_3_workcopy.xlsx,level=regional;historical_reference=1;team1_pref=東京;team2_pref=東京
2018,autumn,kanto_tokyo,,,2018秋季東京地区大会,1R,,啓明学園,6,国立,5,東京,東京,,v1_3_workcopy.xlsx / 試合元帳,元帳あり・Web URL未登録,v1_3_workcopy.xlsx,level=regional;historical_reference=1;team1_pref=東京;team2_pref=東京;legacy_note=延長13回サヨナラ、タイブレーク
2018,autumn,kanto_tokyo,,,2018秋季東京地区大会,1R,,文京,9,南平,5,東京,東京,,v1_3_workcopy.xlsx / 試合元帳,元帳あり・Web URL未登録,v1_3_workcopy.xlsx,level=regional;historical_reference=1;team1_pref=東京;team2_pref=東京
2018,autumn,kanto_tokyo,,,2018秋季東京地区大会,1R,,帝京,8,雪谷,3,東京,東京,,v1_3_workcopy.xlsx / 試合元帳,元帳あり・Web URL未登録,v1_3_workcopy.xlsx,level=regional;historical_reference=1;team1_pref=東京;team2_pref=東京
2018,autumn,kanto_tokyo,,,2018秋季東京地区大会,1R,,創価,7,佼成学園,6,東京,東京,,v1_3_workcopy.xlsx / 試合元帳,元帳あり・Web URL未登録,v1_3_workcopy.xlsx,level=regional;historical_reference=1;team1_pref=東京;team2_pref=東京;legacy_note=サヨナラ
2018,autumn,kanto_tokyo,,,2018秋季東京地区大会,1R,,早稲田実,7,明学東村山,0,東京,東京,,v1_3_workcopy.xlsx / 試合元帳,元帳あり・Web URL未登録,v1_3_workcopy.xlsx,level=regional;historical_reference=1;team1_pref=東京;team2_pref=東京;legacy_note=7回コールド
2018,autumn,kanto_tokyo,,,2018秋季東京地区大会,1R,,拓大一,9,府中西,2,東京,東京,,v1_3_workcopy.xlsx / 試合元帳,元帳あり・Web URL未登録,v1_3_workcopy.xlsx,level=regional;historical_reference=1;team1_pref=東京;team2_pref=東京;legacy_note=8回コールド
2018,autumn,kanto_tokyo,,,2018秋季東京地区大会,1R,,正則学園,5,田無,1,東京,東京,,v1_3_workcopy.xlsx / 試合元帳,元帳あり・Web URL未登録,v1_3_workcopy.xlsx,level=regional;historical_reference=1;team1_pref=東京;team2_pref=東京
2018,autumn,kanto_tokyo,,,2018秋季東京地区大会,1R,,城東,8,早大学院,1,東京,東京,,v1_3_workcopy.xlsx / 試合元帳,元帳あり・Web URL未登録,v1_3_workcopy.xlsx,level=regional;historical_reference=1;team1_pref=東京;team2_pref=東京;legacy_note=8回コールド
2018,autumn,kanto_tokyo,,,2018秋季東京地区大会,1R,,日大一,9,安田学園,4,東京,東京,,v1_3_workcopy.xlsx / 試合元帳,元帳あり・Web URL未登録,v1_3_workcopy.xlsx,level=regional;historical_reference=1;team1_pref=東京;team2_pref=東京
2018,autumn,kanto_tokyo,,,2018秋季東京地区大会,1R,,足立新田,10,足立学園,5,東京,東京,,v1_3_workcopy.xlsx / 試合元帳,元帳あり・Web URL未登録,v1_3_workcopy.xlsx,level=regional;historical_reference=1;team1_pref=東京;team2_pref=東京
2018,autumn,kanto_tokyo,,,2018秋季東京地区大会,1R,,明大中野,10,東京都市大等々力,1,東京,東京,,v1_3_workcopy.xlsx / 試合元帳,元帳あり・Web URL未登録,v1_3_workcopy.xlsx,level=regional;historical_reference=1;team1_pref=東京;team2_pref=東京;legacy_note=7回コールド
2018,autumn,kanto_tokyo,,,2018秋季東京地区大会,1R,,関東一,3,成蹊,2,東京,東京,,v1_3_workcopy.xlsx / 試合元帳,元帳あり・Web URL未登録,v1_3_workcopy.xlsx,level=regional;historical_reference=1;team1_pref=東京;team2_pref=東京;legacy_note=サヨナラ
2018,autumn,kanto_tokyo,,,2018秋季東京地区大会,1R,,国士舘,8,ＩＣＵ,1,東京,東京,,v1_3_workcopy.xlsx / 試合元帳,元帳あり・Web URL未登録,v1_3_workcopy.xlsx,level=regional;historical_reference=1;team1_pref=東京;team2_pref=東京;legacy_note=7回コールド
2018,autumn,kanto_tokyo,,,2018秋季東京地区大会,1R,,昭和一学園,3,小山台,2,東京,東京,,v1_3_workcopy.xlsx / 試合元帳,元帳あり・Web URL未登録,v1_3_workcopy.xlsx,level=regional;historical_reference=1;team1_pref=東京;team2_pref=東京;legacy_note=延長11回サヨナラ
2018,autumn,kanto_tokyo,,,2018秋季東京地区大会,1R,,日本ウェルネス,17,大山･蒲田･目黒学院･六郷工科,0,東京,東京,,v1_3_workcopy.xlsx / 試合元帳,元帳あり・Web URL未登録,v1_3_workcopy.xlsx,level=regional;historical_reference=1;team1_pref=東京;team2_pref=東京;legacy_note=5回コールド
2018,autumn,kanto_tokyo,,,2018秋季東京地区大会,1R,,日本ウェルネス,17,大山･蒲田･目黒学院･六郷工科,0,東京,東京,,v1_3_workcopy.xlsx / 試合元帳,元帳あり・Web URL未登録,v1_3_workcopy.xlsx,level=regional;historical_reference=1;team1_pref=東京;team2_pref=東京;legacy_note=5回コールド
2018,autumn,kanto_tokyo,,,2018秋季東京地区大会,1R,,日本ウェルネス,17,大山･蒲田･目黒学院･六郷工科,0,東京,東京,,v1_3_workcopy.xlsx / 試合元帳,元帳あり・Web URL未登録,v1_3_workcopy.xlsx,level=regional;historical_reference=1;team1_pref=東京;team2_pref=東京;legacy_note=5回コールド
2018,autumn,kanto_tokyo,,,2018秋季東京地区大会,1R,,日本ウェルネス,17,大山･蒲田･目黒学院･六郷工科,0,東京,東京,,v1_3_workcopy.xlsx / 試合元帳,元帳あり・Web URL未登録,v1_3_workcopy.xlsx,level=regional;historical_reference=1;team1_pref=東京;team2_pref=東京;legacy_note=5回コールド
2018,autumn,kanto_tokyo,,,2018秋季東京地区大会,1R,,日本ウェルネス,17,大山･蒲田･目黒学院･六郷工科,0,東京,東京,,v1_3_workcopy.xlsx / 試合元帳,元帳あり・Web URL未登録,v1_3_workcopy.xlsx,level=regional;historical_reference=1;team1_pref=東京;team2_pref=東京;legacy_note=5回コールド
2018,autumn,kanto_tokyo,,,2018秋季東京地区大会,1R,,日本ウェルネス,17,大山･蒲田･目黒学院･六郷工科,0,東京,東京,,v1_3_workcopy.xlsx / 試合元帳,元帳あり・Web URL未登録,v1_3_workcopy.xlsx,level=regional;historical_reference=1;team1_pref=東京;team2_pref=東京;legacy_note=5回コールド
2018,autumn,kanto_tokyo,,,2018秋季東京地区大会,1R,,日本ウェルネス,17,大山･蒲田･目黒学院･六郷工科,0,東京,東京,,v1_3_workcopy.xlsx / 試合元帳,元帳あり・Web URL未登録,v1_3_workcopy.xlsx,level=regional;historical_reference=1;team1_pref=東京;team2_pref=東京;legacy_note=5回コールド
2018,autumn,kanto_tokyo,,,2018秋季東京地区大会,1R,,日本ウェルネス,17,大山･蒲田･目黒学院･六郷工科,0,東京,東京,,v1_3_workcopy.xlsx / 試合元帳,元帳あり・Web URL未登録,v1_3_workcopy.xlsx,level=regional;historical_reference=1;team1_pref=東京;team2_pref=東京;legacy_note=5回コールド
2018,autumn,kanto_tokyo,,,2018秋季東京地区大会,1R,,日本ウェルネス,17,大山･蒲田･目黒学院･六郷工科,0,東京,東京,,v1_3_workcopy.xlsx / 試合元帳,元帳あり・Web URL未登録,v1_3_workcopy.xlsx,level=regional;historical_reference=1;team1_pref=東京;team2_pref=東京;legacy_note=5回コールド
2018,autumn,kanto_tokyo,,,2018秋季東京地区大会,1R,,日本ウェルネス,17,大山･蒲田･目黒学院･六郷工科,0,東京,東京,,v1_3_workcopy.xlsx / 試合元帳,元帳あり・Web URL未登録,v1_3_workcopy.xlsx,level=regional;historical_reference=1;team1_pref=東京;team2_pref=東京;legacy_note=5回コールド
2018,autumn,kanto_tokyo,,,2018秋季東京地区大会,1R,,日本ウェルネス,17,大山･蒲田･目黒学院･六郷工科,0,東京,東京,,v1_3_workcopy.xlsx / 試合元帳,元帳あり・Web URL未登録,v1_3_workcopy.xlsx,level=regional;historical_reference=1;team1_pref=東京;team2_pref=東京;legacy_note=5回コールド
2018,autumn,kanto_tokyo,,,2018秋季東京地区大会,1R,,日本ウェルネス,17,大山･蒲田･目黒学院･六郷工科,0,東京,東京,,v1_3_workcopy.xlsx / 試合元帳,元帳あり・Web URL未登録,v1_3_workcopy.xlsx,level=regional;historical_reference=1;team1_pref=東京;team2_pref=東京;legacy_note=5回コールド
2018,autumn,kanto_tokyo,,,2018秋季東京地区大会,1R,,日本ウェルネス,17,大山･蒲田･目黒学院･六郷工科,0,東京,東京,,v1_3_workcopy.xlsx / 試合元帳,元帳あり・Web URL未登録,v1_3_workcopy.xlsx,level=regional;historical_reference=1;team1_pref=東京;team2_pref=東京;legacy_note=5回コールド
2018,autumn,kanto_tokyo,,,2018秋季東京地区大会,1R,,日本ウェルネス,17,大山･蒲田･目黒学院･六郷工科,0,東京,東京,,v1_3_workcopy.xlsx / 試合元帳,元帳あり・Web URL未登録,v1_3_workcopy.xlsx,level=regional;historical_reference=1;team1_pref=東京;team2_pref=東京;legacy_note=5回コールド
2018,autumn,kanto_tokyo,,,2018秋季東京地区大会,1R,,日本ウェルネス,17,大山･蒲田･目黒学院･六郷工科,0,東京,東京,,v1_3_workcopy.xlsx / 試合元帳,元帳あり・Web URL未登録,v1_3_workcopy.xlsx,level=regional;historical_reference=1;team1_pref=東京;team2_pref=東京;legacy_note=5回コールド
2018,autumn,kanto_tokyo,,,2018秋季東京地区大会,1R,,日本ウェルネス,17,大山･蒲田･目黒学院･六郷工科,0,東京,東京,,v1_3_workcopy.xlsx / 試合元帳,元帳あり・Web URL未登録,v1_3_workcopy.xlsx,level=regional;historical_reference=1;team1_pref=東京;team2_pref=東京;legacy_note=5回コールド
2018,autumn,kanto_tokyo,,,2018秋季東京地区大会,1R,,片倉,2,修徳,1,東京,東京,,v1_3_workcopy.xlsx / 試合元帳,元帳あり・Web URL未登録,v1_3_workcopy.xlsx,level=regional;historical_reference=1;team1_pref=東京;team2_pref=東京
2018,autumn,kanto_tokyo,,,2018秋季東京地区大会,1R,,目白研心,7,日大三,5,東京,東京,,v1_3_workcopy.xlsx / 試合元帳,元帳あり・Web URL未登録,v1_3_workcopy.xlsx,level=regional;historical_reference=1;team1_pref=東京;team2_pref=東京
2018,autumn,kanto_tokyo,,,2018秋季東京地区大会,1R,,東亜学園,10,淵江,4,東京,東京,,v1_3_workcopy.xlsx / 試合元帳,元帳あり・Web URL未登録,v1_3_workcopy.xlsx,level=regional;historical_reference=1;team1_pref=東京;team2_pref=東京
2018,autumn,kanto_tokyo,,,2018秋季東京地区大会,1R,,小平西,6,海城,2,東京,東京,,v1_3_workcopy.xlsx / 試合元帳,元帳あり・Web URL未登録,v1_3_workcopy.xlsx,level=regional;historical_reference=1;team1_pref=東京;team2_pref=東京
2018,autumn,kanto_tokyo,,,2018秋季東京地区大会,1R,,国学院久我山,4,実践学園,1,東京,東京,,v1_3_workcopy.xlsx / 試合元帳,元帳あり・Web URL未登録,v1_3_workcopy.xlsx,level=regional;historical_reference=1;team1_pref=東京;team2_pref=東京
2018,autumn,kanto_tokyo,,,2018秋季東京地区大会,1R,,成立学園,10,城北,4,東京,東京,,v1_3_workcopy.xlsx / 試合元帳,元帳あり・Web URL未登録,v1_3_workcopy.xlsx,level=regional;historical_reference=1;team1_pref=東京;team2_pref=東京
2018,autumn,kanto_tokyo,,,2018秋季東京地区大会,1R,,世田谷学園,4,江戸川,2,東京,東京,,v1_3_workcopy.xlsx / 試合元帳,元帳あり・Web URL未登録,v1_3_workcopy.xlsx,level=regional;historical_reference=1;team1_pref=東京;team2_pref=東京
2018,autumn,kanto_tokyo,,,2018秋季東京地区大会,2R,,城東,6,正則学園,4,東京,東京,,v1_3_workcopy.xlsx / 試合元帳,元帳あり・Web URL未登録,v1_3_workcopy.xlsx,level=regional;historical_reference=1;team1_pref=東京;team2_pref=東京
2018,autumn,kanto_tokyo,,,2018秋季東京地区大会,2R,,足立新田,3,日大一,1,東京,東京,,v1_3_workcopy.xlsx / 試合元帳,元帳あり・Web URL未登録,v1_3_workcopy.xlsx,level=regional;historical_reference=1;team1_pref=東京;team2_pref=東京
2018,autumn,kanto_tokyo,,,2018秋季東京地区大会,2R,,関東一,4,明大中野,0,東京,東京,,v1_3_workcopy.xlsx / 試合元帳,元帳あり・Web URL未登録,v1_3_workcopy.xlsx,level=regional;historical_reference=1;team1_pref=東京;team2_pref=東京
2018,autumn,kanto_tokyo,,,2018秋季東京地区大会,2R,,国士舘,4,昭和一学園,2,東京,東京,,v1_3_workcopy.xlsx / 試合元帳,元帳あり・Web URL未登録,v1_3_workcopy.xlsx,level=regional;historical_reference=1;team1_pref=東京;team2_pref=東京
2018,autumn,kanto_tokyo,,,2018秋季東京地区大会,2R,,日本ウェルネス,2,目白研心,1,東京,東京,,v1_3_workcopy.xlsx / 試合元帳,元帳あり・Web URL未登録,v1_3_workcopy.xlsx,level=regional;historical_reference=1;team1_pref=東京;team2_pref=東京
2018,autumn,kanto_tokyo,,,2018秋季東京地区大会,2R,,東亜学園,4,片倉,2,東京,東京,,v1_3_workcopy.xlsx / 試合元帳,元帳あり・Web URL未登録,v1_3_workcopy.xlsx,level=regional;historical_reference=1;team1_pref=東京;team2_pref=東京
2018,autumn,kanto_tokyo,,,2018秋季東京地区大会,2R,,国学院久我山,14,小平西,6,東京,東京,,v1_3_workcopy.xlsx / 試合元帳,元帳あり・Web URL未登録,v1_3_workcopy.xlsx,level=regional;historical_reference=1;team1_pref=東京;team2_pref=東京;legacy_note=7回コールド
2018,autumn,kanto_tokyo,,,2018秋季東京地区大会,2R,,世田谷学園,9,成立学園,3,東京,東京,,v1_3_workcopy.xlsx / 試合元帳,元帳あり・Web URL未登録,v1_3_workcopy.xlsx,level=regional;historical_reference=1;team1_pref=東京;team2_pref=東京
2018,autumn,kanto_tokyo,,,2018秋季東京地区大会,2R,,岩倉,3,八王子,2,東京,東京,,v1_3_workcopy.xlsx / 試合元帳,元帳あり・Web URL未登録,v1_3_workcopy.xlsx,level=regional;historical_reference=1;team1_pref=東京;team2_pref=東京
2018,autumn,kanto_tokyo,,,2018秋季東京地区大会,2R,,立正大立正,10,大森学園,3,東京,東京,,v1_3_workcopy.xlsx / 試合元帳,元帳あり・Web URL未登録,v1_3_workcopy.xlsx,level=regional;historical_reference=1;team1_pref=東京;team2_pref=東京;legacy_note=8回コールド
2018,autumn,kanto_tokyo,,,2018秋季東京地区大会,2R,,東海大菅生,11,桜美林,4,東京,東京,,v1_3_workcopy.xlsx / 試合元帳,元帳あり・Web URL未登録,v1_3_workcopy.xlsx,level=regional;historical_reference=1;team1_pref=東京;team2_pref=東京;legacy_note=8回コールド
2018,autumn,kanto_tokyo,,,2018秋季東京地区大会,2R,,二松学舎大付,10,東大和,0,東京,東京,,v1_3_workcopy.xlsx / 試合元帳,元帳あり・Web URL未登録,v1_3_workcopy.xlsx,level=regional;historical_reference=1;team1_pref=東京;team2_pref=東京;legacy_note=6回コールド
2018,autumn,kanto_tokyo,,,2018秋季東京地区大会,2R,,日体大荏原,9,墨田工,3,東京,東京,,v1_3_workcopy.xlsx / 試合元帳,元帳あり・Web URL未登録,v1_3_workcopy.xlsx,level=regional;historical_reference=1;team1_pref=東京;team2_pref=東京
2018,autumn,kanto_tokyo,,,2018秋季東京地区大会,2R,,文京,4,啓明学園,1,東京,東京,,v1_3_workcopy.xlsx / 試合元帳,元帳あり・Web URL未登録,v1_3_workcopy.xlsx,level=regional;historical_reference=1;team1_pref=東京;team2_pref=東京;legacy_note=延長11回
2018,autumn,kanto_tokyo,,,2018秋季東京地区大会,2R,,帝京,6,創価,5,東京,東京,,v1_3_workcopy.xlsx / 試合元帳,元帳あり・Web URL未登録,v1_3_workcopy.xlsx,level=regional;historical_reference=1;team1_pref=東京;team2_pref=東京;legacy_note=サヨナラ
2018,autumn,kanto_tokyo,,,2018秋季東京地区大会,2R,,早稲田実,5,拓大一,0,東京,東京,,v1_3_workcopy.xlsx / 試合元帳,元帳あり・Web URL未登録,v1_3_workcopy.xlsx,level=regional;historical_reference=1;team1_pref=東京;team2_pref=東京
2018,autumn,kanto_tokyo,,,2018秋季東京地区大会,3R,,岩倉,3,立正大立正,1,東京,東京,,v1_3_workcopy.xlsx / 試合元帳,元帳あり・Web URL未登録,v1_3_workcopy.xlsx,level=regional;historical_reference=1;team1_pref=東京;team2_pref=東京
2018,autumn,kanto_tokyo,,,2018秋季東京地区大会,3R,,東海大菅生,2,二松学舎大付,1,東京,東京,,v1_3_workcopy.xlsx / 試合元帳,元帳あり・Web URL未登録,v1_3_workcopy.xlsx,level=regional;historical_reference=1;team1_pref=東京;team2_pref=東京
2018,autumn,kanto_tokyo,,,2018秋季東京地区大会,3R,,日体大荏原,9,文京,8,東京,東京,,v1_3_workcopy.xlsx / 試合元帳,元帳あり・Web URL未登録,v1_3_workcopy.xlsx,level=regional;historical_reference=1;team1_pref=東京;team2_pref=東京
2018,autumn,kanto_tokyo,,,2018秋季東京地区大会,3R,,早稲田実,3,帝京,1,東京,東京,,v1_3_workcopy.xlsx / 試合元帳,元帳あり・Web URL未登録,v1_3_workcopy.xlsx,level=regional;historical_reference=1;team1_pref=東京;team2_pref=東京
2018,autumn,kanto_tokyo,,,2018秋季東京地区大会,3R,,城東,7,足立新田,6,東京,東京,,v1_3_workcopy.xlsx / 試合元帳,元帳あり・Web URL未登録,v1_3_workcopy.xlsx,level=regional;historical_reference=1;team1_pref=東京;team2_pref=東京;legacy_note=延長10回サヨナラ
2018,autumn,kanto_tokyo,,,2018秋季東京地区大会,3R,,東亜学園,11,日本ウェルネス,7,東京,東京,,v1_3_workcopy.xlsx / 試合元帳,元帳あり・Web URL未登録,v1_3_workcopy.xlsx,level=regional;historical_reference=1;team1_pref=東京;team2_pref=東京
2018,autumn,kanto_tokyo,,,2018秋季東京地区大会,3R,,国士舘,5,関東一,1,東京,東京,,v1_3_workcopy.xlsx / 試合元帳,元帳あり・Web URL未登録,v1_3_workcopy.xlsx,level=regional;historical_reference=1;team1_pref=東京;team2_pref=東京
2018,autumn,kanto_tokyo,,,2018秋季東京地区大会,3R,,国学院久我山,12,世田谷学園,1,東京,東京,,v1_3_workcopy.xlsx / 試合元帳,元帳あり・Web URL未登録,v1_3_workcopy.xlsx,level=regional;historical_reference=1;team1_pref=東京;team2_pref=東京;legacy_note=5回コールド
2018,autumn,kanto_tokyo,,,2018秋季東京地区大会,QF,,国士舘,9,城東,1,東京,東京,,v1_3_workcopy.xlsx / 試合元帳,元帳あり・Web URL未登録,v1_3_workcopy.xlsx,level=regional;historical_reference=1;team1_pref=東京;team2_pref=東京;legacy_note=7回コールド
2018,autumn,kanto_tokyo,,,2018秋季東京地区大会,QF,,東亜学園,10,国学院久我山,7,東京,東京,,v1_3_workcopy.xlsx / 試合元帳,元帳あり・Web URL未登録,v1_3_workcopy.xlsx,level=regional;historical_reference=1;team1_pref=東京;team2_pref=東京
2018,autumn,kanto_tokyo,,,2018秋季東京地区大会,QF,,東海大菅生,3,岩倉,1,東京,東京,,v1_3_workcopy.xlsx / 試合元帳,元帳あり・Web URL未登録,v1_3_workcopy.xlsx,level=regional;historical_reference=1;team1_pref=東京;team2_pref=東京
2018,autumn,kanto_tokyo,,,2018秋季東京地区大会,QF,,早稲田実,10,日体大荏原,1,東京,東京,,v1_3_workcopy.xlsx / 試合元帳,元帳あり・Web URL未登録,v1_3_workcopy.xlsx,level=regional;historical_reference=1;team1_pref=東京;team2_pref=東京;legacy_note=7回コールド
2018,autumn,kanto_tokyo,,,2018秋季東京地区大会,SF,,東海大菅生,3,早稲田実,0,東京,東京,,v1_3_workcopy.xlsx / 試合元帳,元帳あり・Web URL未登録,v1_3_workcopy.xlsx,level=regional;historical_reference=1;team1_pref=東京;team2_pref=東京
2018,autumn,kanto_tokyo,,,2018秋季東京地区大会,SF,,国士舘,5,東亜学園,1,東京,東京,,v1_3_workcopy.xlsx / 試合元帳,元帳あり・Web URL未登録,v1_3_workcopy.xlsx,level=regional;historical_reference=1;team1_pref=東京;team2_pref=東京
2018,autumn,kanto_tokyo,,,2018秋季東京地区大会,F,,国士舘,4,東海大菅生,3,東京,東京,,v1_3_workcopy.xlsx / 試合元帳,元帳あり・Web URL未登録,v1_3_workcopy.xlsx,level=regional;historical_reference=1;team1_pref=東京;team2_pref=東京
2018,autumn,hokushinetsu,,,2018秋季北信越地区大会,1R,,啓新,6,富山第一,2,福井,富山,,v1_3_workcopy.xlsx / 試合元帳,元帳あり・Web URL未登録,v1_3_workcopy.xlsx,level=regional;historical_reference=1;team1_pref=福井;team2_pref=富山
2018,autumn,hokushinetsu,,,2018秋季北信越地区大会,1R,,遊学館,8,新潟南,1,石川,新潟,,v1_3_workcopy.xlsx / 試合元帳,元帳あり・Web URL未登録,v1_3_workcopy.xlsx,level=regional;historical_reference=1;team1_pref=石川;team2_pref=新潟;legacy_note=7回コールド
2018,autumn,hokushinetsu,,,2018秋季北信越地区大会,1R,,福井工大福井,8,高岡第一,2,福井,富山,,v1_3_workcopy.xlsx / 試合元帳,元帳あり・Web URL未登録,v1_3_workcopy.xlsx,level=regional;historical_reference=1;team1_pref=福井;team2_pref=富山
2018,autumn,hokushinetsu,,,2018秋季北信越地区大会,1R,,上田西,9,帝京長岡,0,長野,新潟,,v1_3_workcopy.xlsx / 試合元帳,元帳あり・Web URL未登録,v1_3_workcopy.xlsx,level=regional;historical_reference=1;team1_pref=長野;team2_pref=新潟;legacy_note=7回コールド
2018,autumn,hokushinetsu,,,2018秋季北信越地区大会,1R,,星稜,9,関根学園,0,石川,新潟,,v1_3_workcopy.xlsx / 試合元帳,元帳あり・Web URL未登録,v1_3_workcopy.xlsx,level=regional;historical_reference=1;team1_pref=石川;team2_pref=新潟;legacy_note=7回コールド
2018,autumn,hokushinetsu,,,2018秋季北信越地区大会,1R,,松本第一,6,金津,0,長野,福井,,v1_3_workcopy.xlsx / 試合元帳,元帳あり・Web URL未登録,v1_3_workcopy.xlsx,level=regional;historical_reference=1;team1_pref=長野;team2_pref=福井
2018,autumn,hokushinetsu,,,2018秋季北信越地区大会,1R,,日本文理,10,小松商,0,新潟,石川,,v1_3_workcopy.xlsx / 試合元帳,元帳あり・Web URL未登録,v1_3_workcopy.xlsx,level=regional;historical_reference=1;team1_pref=新潟;team2_pref=石川;legacy_note=5回コールド
2018,autumn,hokushinetsu,,,2018秋季北信越地区大会,1R,,東海大諏訪,8,高岡商,7,長野,富山,,v1_3_workcopy.xlsx / 試合元帳,元帳あり・Web URL未登録,v1_3_workcopy.xlsx,level=regional;historical_reference=1;team1_pref=長野;team2_pref=富山;legacy_note=延長10回サヨナラ
2018,autumn,hokushinetsu,,,2018秋季北信越地区大会,QF,,東海大諏訪,2,日本文理,1,長野,新潟,,v1_3_workcopy.xlsx / 試合元帳,元帳あり・Web URL未登録,v1_3_workcopy.xlsx,level=regional;historical_reference=1;team1_pref=長野;team2_pref=新潟;legacy_note=サヨナラ
2018,autumn,hokushinetsu,,,2018秋季北信越地区大会,QF,,星稜,11,松本第一,0,石川,長野,,v1_3_workcopy.xlsx / 試合元帳,元帳あり・Web URL未登録,v1_3_workcopy.xlsx,level=regional;historical_reference=1;team1_pref=石川;team2_pref=長野;legacy_note=5回コールド
2018,autumn,hokushinetsu,,,2018秋季北信越地区大会,QF,,啓新,3,遊学館,2,福井,石川,,v1_3_workcopy.xlsx / 試合元帳,元帳あり・Web URL未登録,v1_3_workcopy.xlsx,level=regional;historical_reference=1;team1_pref=福井;team2_pref=石川
2018,autumn,hokushinetsu,,,2018秋季北信越地区大会,QF,,上田西,8,福井工大福井,1,長野,福井,,v1_3_workcopy.xlsx / 試合元帳,元帳あり・Web URL未登録,v1_3_workcopy.xlsx,level=regional;historical_reference=1;team1_pref=長野;team2_pref=福井;legacy_note=7回コールド
2018,autumn,hokushinetsu,,,2018秋季北信越地区大会,SF,,啓新,4,上田西,3,福井,長野,,v1_3_workcopy.xlsx / 試合元帳,元帳あり・Web URL未登録,v1_3_workcopy.xlsx,level=regional;historical_reference=1;team1_pref=福井;team2_pref=長野
2018,autumn,hokushinetsu,,,2018秋季北信越地区大会,SF,,星稜,4,東海大諏訪,0,石川,長野,,v1_3_workcopy.xlsx / 試合元帳,元帳あり・Web URL未登録,v1_3_workcopy.xlsx,level=regional;historical_reference=1;team1_pref=石川;team2_pref=長野
2018,autumn,hokushinetsu,,,2018秋季北信越地区大会,F,,啓新,2,星稜,2,福井,石川,,v1_3_workcopy.xlsx / 試合元帳,元帳あり・Web URL未登録,v1_3_workcopy.xlsx,level=regional;historical_reference=1;team1_pref=福井;team2_pref=石川;legacy_note=延長15回引分け
2018,autumn,hokushinetsu,,,2018秋季北信越地区大会,F,,星稜,7,啓新,4,石川,福井,,v1_3_workcopy.xlsx / 試合元帳,元帳あり・Web URL未登録,v1_3_workcopy.xlsx,level=regional;historical_reference=1;team1_pref=石川;team2_pref=福井
2018,autumn,tokai,,,2018秋季東海地区大会,1R,,津田学園,10,大垣日大,3,三重,岐阜,,v1_3_workcopy.xlsx / 試合元帳,元帳あり・Web URL未登録,v1_3_workcopy.xlsx,level=regional;historical_reference=1;team1_pref=三重;team2_pref=岐阜;legacy_note=7回コールド
2018,autumn,tokai,,,2018秋季東海地区大会,1R,,中京大中京,11,静岡,2,愛知,静岡,,v1_3_workcopy.xlsx / 試合元帳,元帳あり・Web URL未登録,v1_3_workcopy.xlsx,level=regional;historical_reference=1;team1_pref=愛知;team2_pref=静岡;legacy_note=7回コールド
2018,autumn,tokai,,,2018秋季東海地区大会,1R,,三重,2,中部大春日丘,1,三重,愛知,,v1_3_workcopy.xlsx / 試合元帳,元帳あり・Web URL未登録,v1_3_workcopy.xlsx,level=regional;historical_reference=1;team1_pref=三重;team2_pref=愛知
2018,autumn,tokai,,,2018秋季東海地区大会,1R,,岐阜第一,5,清水桜が丘,4,岐阜,静岡,,v1_3_workcopy.xlsx / 試合元帳,元帳あり・Web URL未登録,v1_3_workcopy.xlsx,level=regional;historical_reference=1;team1_pref=岐阜;team2_pref=静岡;legacy_note=延長11回サヨナラ
2018,autumn,tokai,,,2018秋季東海地区大会,QF,,津田学園,7,御殿場西,2,三重,静岡,,v1_3_workcopy.xlsx / 試合元帳,元帳あり・Web URL未登録,v1_3_workcopy.xlsx,level=regional;historical_reference=1;team1_pref=三重;team2_pref=静岡
2018,autumn,tokai,,,2018秋季東海地区大会,QF,,中京学院大中京,7,三重,0,岐阜,三重,,v1_3_workcopy.xlsx / 試合元帳,元帳あり・Web URL未登録,v1_3_workcopy.xlsx,level=regional;historical_reference=1;team1_pref=岐阜;team2_pref=三重;legacy_note=7回コールド
2018,autumn,tokai,,,2018秋季東海地区大会,QF,,中京大中京,4,菰野,3,愛知,三重,,v1_3_workcopy.xlsx / 試合元帳,元帳あり・Web URL未登録,v1_3_workcopy.xlsx,level=regional;historical_reference=1;team1_pref=愛知;team2_pref=三重;legacy_note=サヨナラ
2018,autumn,tokai,,,2018秋季東海地区大会,QF,,東邦,7,岐阜第一,0,愛知,岐阜,,v1_3_workcopy.xlsx / 試合元帳,元帳あり・Web URL未登録,v1_3_workcopy.xlsx,level=regional;historical_reference=1;team1_pref=愛知;team2_pref=岐阜;legacy_note=7回コールド
2018,autumn,tokai,,,2018秋季東海地区大会,SF,,津田学園,13,中京大中京,2,三重,愛知,,v1_3_workcopy.xlsx / 試合元帳,元帳あり・Web URL未登録,v1_3_workcopy.xlsx,level=regional;historical_reference=1;team1_pref=三重;team2_pref=愛知;legacy_note=5回コールド
2018,autumn,tokai,,,2018秋季東海地区大会,SF,,東邦,10,中京学院大中京,9,愛知,岐阜,,v1_3_workcopy.xlsx / 試合元帳,元帳あり・Web URL未登録,v1_3_workcopy.xlsx,level=regional;historical_reference=1;team1_pref=愛知;team2_pref=岐阜;legacy_note=延長10回サヨナラ
2018,autumn,tokai,,,2018秋季東海地区大会,F,,東邦,10,津田学園,2,愛知,三重,,v1_3_workcopy.xlsx / 試合元帳,元帳あり・Web URL未登録,v1_3_workcopy.xlsx,level=regional;historical_reference=1;team1_pref=愛知;team2_pref=三重
2018,autumn,kinki,,,2018秋季近畿地区大会,1R,,龍谷大平安,4,天理,3,京都,奈良,,v1_3_workcopy.xlsx / 試合元帳,元帳あり・Web URL未登録,v1_3_workcopy.xlsx,level=regional;historical_reference=1;team1_pref=京都;team2_pref=奈良
2018,autumn,kinki,,,2018秋季近畿地区大会,1R,,市和歌山,8,近江兄弟社,4,和歌山,滋賀,,v1_3_workcopy.xlsx / 試合元帳,元帳あり・Web URL未登録,v1_3_workcopy.xlsx,level=regional;historical_reference=1;team1_pref=和歌山;team2_pref=滋賀
2018,autumn,kinki,,,2018秋季近畿地区大会,1R,,履正社,11,南部,2,大阪,和歌山,,v1_3_workcopy.xlsx / 試合元帳,元帳あり・Web URL未登録,v1_3_workcopy.xlsx,level=regional;historical_reference=1;team1_pref=大阪;team2_pref=和歌山;legacy_note=7回コールド
2018,autumn,kinki,,,2018秋季近畿地区大会,1R,,福知山成美,5,神戸国際大付,4,京都,兵庫,,v1_3_workcopy.xlsx / 試合元帳,元帳あり・Web URL未登録,v1_3_workcopy.xlsx,level=regional;historical_reference=1;team1_pref=京都;team2_pref=兵庫
2018,autumn,kinki,,,2018秋季近畿地区大会,1R,,報徳学園,5,近江,2,兵庫,滋賀,,v1_3_workcopy.xlsx / 試合元帳,元帳あり・Web URL未登録,v1_3_workcopy.xlsx,level=regional;historical_reference=1;team1_pref=兵庫;team2_pref=滋賀
2018,autumn,kinki,,,2018秋季近畿地区大会,1R,,明石商,6,京都国際,4,兵庫,京都,,v1_3_workcopy.xlsx / 試合元帳,元帳あり・Web URL未登録,v1_3_workcopy.xlsx,level=regional;historical_reference=1;team1_pref=兵庫;team2_pref=京都
2018,autumn,kinki,,,2018秋季近畿地区大会,1R,,智弁和歌山,12,大阪偕星,5,和歌山,大阪,,v1_3_workcopy.xlsx / 試合元帳,元帳あり・Web URL未登録,v1_3_workcopy.xlsx,level=regional;historical_reference=1;team1_pref=和歌山;team2_pref=大阪;legacy_note=8回コールド
2018,autumn,kinki,,,2018秋季近畿地区大会,1R,,大阪桐蔭,10,橿原,0,大阪,奈良,,v1_3_workcopy.xlsx / 試合元帳,元帳あり・Web URL未登録,v1_3_workcopy.xlsx,level=regional;historical_reference=1;team1_pref=大阪;team2_pref=奈良;legacy_note=6回コールド
2018,autumn,kinki,,,2018秋季近畿地区大会,QF,,龍谷大平安,5,市和歌山,4,京都,和歌山,,v1_3_workcopy.xlsx / 試合元帳,元帳あり・Web URL未登録,v1_3_workcopy.xlsx,level=regional;historical_reference=1;team1_pref=京都;team2_pref=和歌山;legacy_note=サヨナラ
2018,autumn,kinki,,,2018秋季近畿地区大会,QF,,履正社,5,福知山成美,0,大阪,京都,,v1_3_workcopy.xlsx / 試合元帳,元帳あり・Web URL未登録,v1_3_workcopy.xlsx,level=regional;historical_reference=1;team1_pref=大阪;team2_pref=京都
2018,autumn,kinki,,,2018秋季近畿地区大会,QF,,明石商,4,報徳学園,0,兵庫,兵庫,,v1_3_workcopy.xlsx / 試合元帳,元帳あり・Web URL未登録,v1_3_workcopy.xlsx,level=regional;historical_reference=1;team1_pref=兵庫;team2_pref=兵庫
2018,autumn,kinki,,,2018秋季近畿地区大会,QF,,智弁和歌山,5,大阪桐蔭,2,和歌山,大阪,,v1_3_workcopy.xlsx / 試合元帳,元帳あり・Web URL未登録,v1_3_workcopy.xlsx,level=regional;historical_reference=1;team1_pref=和歌山;team2_pref=大阪
2018,autumn,kinki,,,2018秋季近畿地区大会,SF,,龍谷大平安,7,履正社,0,京都,大阪,,v1_3_workcopy.xlsx / 試合元帳,元帳あり・Web URL未登録,v1_3_workcopy.xlsx,level=regional;historical_reference=1;team1_pref=京都;team2_pref=大阪;legacy_note=7回コールド
2018,autumn,kinki,,,2018秋季近畿地区大会,SF,,明石商,12,智弁和歌山,0,兵庫,和歌山,,v1_3_workcopy.xlsx / 試合元帳,元帳あり・Web URL未登録,v1_3_workcopy.xlsx,level=regional;historical_reference=1;team1_pref=兵庫;team2_pref=和歌山;legacy_note=5回コールド
2018,autumn,kinki,,,2018秋季近畿地区大会,F,,龍谷大平安,2,明石商,1,京都,兵庫,,v1_3_workcopy.xlsx / 試合元帳,元帳あり・Web URL未登録,v1_3_workcopy.xlsx,level=regional;historical_reference=1;team1_pref=京都;team2_pref=兵庫;legacy_note=延長12回サヨナラ
2018,autumn,chugoku,,,2018秋季中国地区大会,1R,,米子東,7,開星,6,鳥取,島根,,v1_3_workcopy.xlsx / 試合元帳,元帳あり・Web URL未登録,v1_3_workcopy.xlsx,level=regional;historical_reference=1;team1_pref=鳥取;team2_pref=島根;legacy_note=延長10回サヨナラ
2018,autumn,chugoku,,,2018秋季中国地区大会,1R,,創志学園,9,鳥取城北,3,岡山,鳥取,,v1_3_workcopy.xlsx / 試合元帳,元帳あり・Web URL未登録,v1_3_workcopy.xlsx,level=regional;historical_reference=1;team1_pref=岡山;team2_pref=鳥取
2018,autumn,chugoku,,,2018秋季中国地区大会,1R,,崇徳,12,平田,5,広島,島根,,v1_3_workcopy.xlsx / 試合元帳,元帳あり・Web URL未登録,v1_3_workcopy.xlsx,level=regional;historical_reference=1;team1_pref=広島;team2_pref=島根;legacy_note=7回コールド
2018,autumn,chugoku,,,2018秋季中国地区大会,1R,,市呉,6,岩国商,1,広島,山口,,v1_3_workcopy.xlsx / 試合元帳,元帳あり・Web URL未登録,v1_3_workcopy.xlsx,level=regional;historical_reference=1;team1_pref=広島;team2_pref=山口
2018,autumn,chugoku,,,2018秋季中国地区大会,1R,,関西,7,聖光,6,岡山,山口,,v1_3_workcopy.xlsx / 試合元帳,元帳あり・Web URL未登録,v1_3_workcopy.xlsx,level=regional;historical_reference=1;team1_pref=岡山;team2_pref=山口
2018,autumn,chugoku,,,2018秋季中国地区大会,1R,,岡山理大付,4,大社,3,岡山,島根,,v1_3_workcopy.xlsx / 試合元帳,元帳あり・Web URL未登録,v1_3_workcopy.xlsx,level=regional;historical_reference=1;team1_pref=岡山;team2_pref=島根;legacy_note=延長10回サヨナラ
2018,autumn,chugoku,,,2018秋季中国地区大会,1R,,広陵,2,鳥取商,1,広島,鳥取,,v1_3_workcopy.xlsx / 試合元帳,元帳あり・Web URL未登録,v1_3_workcopy.xlsx,level=regional;historical_reference=1;team1_pref=広島;team2_pref=鳥取
2018,autumn,chugoku,,,2018秋季中国地区大会,QF,,米子東,8,倉敷商,6,鳥取,岡山,,v1_3_workcopy.xlsx / 試合元帳,元帳あり・Web URL未登録,v1_3_workcopy.xlsx,level=regional;historical_reference=1;team1_pref=鳥取;team2_pref=岡山
2018,autumn,chugoku,,,2018秋季中国地区大会,QF,,創志学園,6,崇徳,4,岡山,広島,,v1_3_workcopy.xlsx / 試合元帳,元帳あり・Web URL未登録,v1_3_workcopy.xlsx,level=regional;historical_reference=1;team1_pref=岡山;team2_pref=広島
2018,autumn,chugoku,,,2018秋季中国地区大会,QF,,市呉,11,岡山理大付,3,広島,岡山,,v1_3_workcopy.xlsx / 試合元帳,元帳あり・Web URL未登録,v1_3_workcopy.xlsx,level=regional;historical_reference=1;team1_pref=広島;team2_pref=岡山;legacy_note=7回コールド
2018,autumn,chugoku,,,2018秋季中国地区大会,QF,,広陵,13,関西,8,広島,岡山,,v1_3_workcopy.xlsx / 試合元帳,元帳あり・Web URL未登録,v1_3_workcopy.xlsx,level=regional;historical_reference=1;team1_pref=広島;team2_pref=岡山
2018,autumn,chugoku,,,2018秋季中国地区大会,SF,,米子東,6,市呉,5,鳥取,広島,,v1_3_workcopy.xlsx / 試合元帳,元帳あり・Web URL未登録,v1_3_workcopy.xlsx,level=regional;historical_reference=1;team1_pref=鳥取;team2_pref=広島;legacy_note=延長13回、タイブレーク
2018,autumn,chugoku,,,2018秋季中国地区大会,SF,,広陵,7,創志学園,0,広島,岡山,,v1_3_workcopy.xlsx / 試合元帳,元帳あり・Web URL未登録,v1_3_workcopy.xlsx,level=regional;historical_reference=1;team1_pref=広島;team2_pref=岡山;legacy_note=8回コールド
2018,autumn,chugoku,,,2018秋季中国地区大会,F,,広陵,6,米子東,2,広島,鳥取,,v1_3_workcopy.xlsx / 試合元帳,元帳あり・Web URL未登録,v1_3_workcopy.xlsx,level=regional;historical_reference=1;team1_pref=広島;team2_pref=鳥取
2018,autumn,shikoku,,,2018秋季四国地区大会,1R,,富岡西,8,高知,7,徳島,高知,,v1_3_workcopy.xlsx / 試合元帳,元帳あり・Web URL未登録,v1_3_workcopy.xlsx,level=regional;historical_reference=1;team1_pref=徳島;team2_pref=高知
2018,autumn,shikoku,,,2018秋季四国地区大会,1R,,明徳義塾,2,聖カタリナ,0,高知,愛媛,,v1_3_workcopy.xlsx / 試合元帳,元帳あり・Web URL未登録,v1_3_workcopy.xlsx,level=regional;historical_reference=1;team1_pref=高知;team2_pref=愛媛
2018,autumn,shikoku,,,2018秋季四国地区大会,1R,,松山聖陵,11,志度,3,愛媛,香川,,v1_3_workcopy.xlsx / 試合元帳,元帳あり・Web URL未登録,v1_3_workcopy.xlsx,level=regional;historical_reference=1;team1_pref=愛媛;team2_pref=香川;legacy_note=7回コールド
2018,autumn,shikoku,,,2018秋季四国地区大会,1R,,徳島商,6,英明,4,徳島,香川,,v1_3_workcopy.xlsx / 試合元帳,元帳あり・Web URL未登録,v1_3_workcopy.xlsx,level=regional;historical_reference=1;team1_pref=徳島;team2_pref=香川;legacy_note=延長11回
2018,autumn,shikoku,,,2018秋季四国地区大会,QF,,富岡西,10,帝京五,6,徳島,愛媛,,v1_3_workcopy.xlsx / 試合元帳,元帳あり・Web URL未登録,v1_3_workcopy.xlsx,level=regional;historical_reference=1;team1_pref=徳島;team2_pref=愛媛
2018,autumn,shikoku,,,2018秋季四国地区大会,QF,,高松商,4,明徳義塾,2,香川,高知,,v1_3_workcopy.xlsx / 試合元帳,元帳あり・Web URL未登録,v1_3_workcopy.xlsx,level=regional;historical_reference=1;team1_pref=香川;team2_pref=高知
2018,autumn,shikoku,,,2018秋季四国地区大会,QF,,松山聖陵,5,川島,1,愛媛,徳島,,v1_3_workcopy.xlsx / 試合元帳,元帳あり・Web URL未登録,v1_3_workcopy.xlsx,level=regional;historical_reference=1;team1_pref=愛媛;team2_pref=徳島
2018,autumn,shikoku,,,2018秋季四国地区大会,QF,,高知商,2,徳島商,1,高知,徳島,,v1_3_workcopy.xlsx / 試合元帳,元帳あり・Web URL未登録,v1_3_workcopy.xlsx,level=regional;historical_reference=1;team1_pref=高知;team2_pref=徳島
2018,autumn,shikoku,,,2018秋季四国地区大会,SF,,松山聖陵,5,富岡西,3,愛媛,徳島,,v1_3_workcopy.xlsx / 試合元帳,元帳あり・Web URL未登録,v1_3_workcopy.xlsx,level=regional;historical_reference=1;team1_pref=愛媛;team2_pref=徳島
2018,autumn,shikoku,,,2018秋季四国地区大会,SF,,高松商,10,高知商,4,香川,高知,,v1_3_workcopy.xlsx / 試合元帳,元帳あり・Web URL未登録,v1_3_workcopy.xlsx,level=regional;historical_reference=1;team1_pref=香川;team2_pref=高知
2018,autumn,shikoku,,,2018秋季四国地区大会,F,,高松商,3,松山聖陵,1,香川,愛媛,,v1_3_workcopy.xlsx / 試合元帳,元帳あり・Web URL未登録,v1_3_workcopy.xlsx,level=regional;historical_reference=1;team1_pref=香川;team2_pref=愛媛
2018,autumn,kyushu,,,2018秋季九州地区大会,1R,,長崎商,8,沖縄水産,4,長崎,沖縄,,v1_3_workcopy.xlsx / 試合元帳,元帳あり・Web URL未登録,v1_3_workcopy.xlsx,level=regional;historical_reference=1;team1_pref=長崎;team2_pref=沖縄
2018,autumn,kyushu,,,2018秋季九州地区大会,1R,,明豊,7,鹿屋中央,3,大分,鹿児島,,v1_3_workcopy.xlsx / 試合元帳,元帳あり・Web URL未登録,v1_3_workcopy.xlsx,level=regional;historical_reference=1;team1_pref=大分;team2_pref=鹿児島
2018,autumn,kyushu,,,2018秋季九州地区大会,1R,,日章学園,7,九州国際大付,5,宮崎,福岡,,v1_3_workcopy.xlsx / 試合元帳,元帳あり・Web URL未登録,v1_3_workcopy.xlsx,level=regional;historical_reference=1;team1_pref=宮崎;team2_pref=福岡
2018,autumn,kyushu,,,2018秋季九州地区大会,1R,,熊本西,3,佐賀学園,2,熊本,佐賀,,v1_3_workcopy.xlsx / 試合元帳,元帳あり・Web URL未登録,v1_3_workcopy.xlsx,level=regional;historical_reference=1;team1_pref=熊本;team2_pref=佐賀
2018,autumn,kyushu,,,2018秋季九州地区大会,1R,,神村学園,12,北陵,4,鹿児島,佐賀,,v1_3_workcopy.xlsx / 試合元帳,元帳あり・Web URL未登録,v1_3_workcopy.xlsx,level=regional;historical_reference=1;team1_pref=鹿児島;team2_pref=佐賀;legacy_note=7回コールド
2018,autumn,kyushu,,,2018秋季九州地区大会,1R,,興南,5,熊本国府,2,沖縄,熊本,,v1_3_workcopy.xlsx / 試合元帳,元帳あり・Web URL未登録,v1_3_workcopy.xlsx,level=regional;historical_reference=1;team1_pref=沖縄;team2_pref=熊本
2018,autumn,kyushu,,,2018秋季九州地区大会,1R,,大分,4,長崎南山,1,大分,長崎,,v1_3_workcopy.xlsx / 試合元帳,元帳あり・Web URL未登録,v1_3_workcopy.xlsx,level=regional;historical_reference=1;team1_pref=大分;team2_pref=長崎
2018,autumn,kyushu,,,2018秋季九州地区大会,1R,,筑陽学園,1,小林西,0,福岡,宮崎,,v1_3_workcopy.xlsx / 試合元帳,元帳あり・Web URL未登録,v1_3_workcopy.xlsx,level=regional;historical_reference=1;team1_pref=福岡;team2_pref=宮崎;legacy_note=サヨナラ
2018,autumn,kyushu,,,2018秋季九州地区大会,QF,,明豊,10,長崎商,1,大分,長崎,,v1_3_workcopy.xlsx / 試合元帳,元帳あり・Web URL未登録,v1_3_workcopy.xlsx,level=regional;historical_reference=1;team1_pref=大分;team2_pref=長崎;legacy_note=8回コールド
2018,autumn,kyushu,,,2018秋季九州地区大会,QF,,日章学園,8,熊本西,1,宮崎,熊本,,v1_3_workcopy.xlsx / 試合元帳,元帳あり・Web URL未登録,v1_3_workcopy.xlsx,level=regional;historical_reference=1;team1_pref=宮崎;team2_pref=熊本;legacy_note=7回コールド
2018,autumn,kyushu,,,2018秋季九州地区大会,QF,,大分,8,神村学園,1,大分,鹿児島,,v1_3_workcopy.xlsx / 試合元帳,元帳あり・Web URL未登録,v1_3_workcopy.xlsx,level=regional;historical_reference=1;team1_pref=大分;team2_pref=鹿児島;legacy_note=8回コールド
2018,autumn,kyushu,,,2018秋季九州地区大会,QF,,筑陽学園,1,興南,0,福岡,沖縄,,v1_3_workcopy.xlsx / 試合元帳,元帳あり・Web URL未登録,v1_3_workcopy.xlsx,level=regional;historical_reference=1;team1_pref=福岡;team2_pref=沖縄;legacy_note=延長13回サヨナラ、タイブレーク
2018,autumn,kyushu,,,2018秋季九州地区大会,SF,,明豊,10,日章学園,4,大分,宮崎,,v1_3_workcopy.xlsx / 試合元帳,元帳あり・Web URL未登録,v1_3_workcopy.xlsx,level=regional;historical_reference=1;team1_pref=大分;team2_pref=宮崎
2018,autumn,kyushu,,,2018秋季九州地区大会,SF,,筑陽学園,5,大分,3,福岡,大分,,v1_3_workcopy.xlsx / 試合元帳,元帳あり・Web URL未登録,v1_3_workcopy.xlsx,level=regional;historical_reference=1;team1_pref=福岡;team2_pref=大分;legacy_note=延長12回
2018,autumn,kyushu,,,2018秋季九州地区大会,F,,筑陽学園,7,明豊,5,福岡,大分,,v1_3_workcopy.xlsx / 試合元帳,元帳あり・Web URL未登録,v1_3_workcopy.xlsx,level=regional;historical_reference=1;team1_pref=福岡;team2_pref=大分
2018,jingu,national,,,2018明治神宮大会,1R,,八戸学院光星,7,東邦,3,青森,愛知,,v1_3_workcopy.xlsx / 試合元帳,元帳あり・Web URL未登録,v1_3_workcopy.xlsx,level=national;historical_reference=1;team1_pref=青森;team2_pref=愛知
2018,jingu,national,,,2018明治神宮大会,1R,,札幌大谷,6,龍谷大平安,5,北海道,京都,,v1_3_workcopy.xlsx / 試合元帳,元帳あり・Web URL未登録,v1_3_workcopy.xlsx,level=national;historical_reference=1;team1_pref=北海道;team2_pref=京都
2018,jingu,national,,,2018明治神宮大会,QF,,星稜,9,広陵,0,石川,広島,,v1_3_workcopy.xlsx / 試合元帳,元帳あり・Web URL未登録,v1_3_workcopy.xlsx,level=national;historical_reference=1;team1_pref=石川;team2_pref=広島;legacy_note=7回コールド
2018,jingu,national,,,2018明治神宮大会,QF,,筑陽学園,10,桐蔭学園,1,福岡,神奈川,,v1_3_workcopy.xlsx / 試合元帳,元帳あり・Web URL未登録,v1_3_workcopy.xlsx,level=national;historical_reference=1;team1_pref=福岡;team2_pref=神奈川;legacy_note=7回コールド
2018,jingu,national,,,2018明治神宮大会,QF,,高松商,9,八戸学院光星,6,香川,青森,,v1_3_workcopy.xlsx / 試合元帳,元帳あり・Web URL未登録,v1_3_workcopy.xlsx,level=national;historical_reference=1;team1_pref=香川;team2_pref=青森
2018,jingu,national,,,2018明治神宮大会,QF,,札幌大谷,7,国士舘,3,北海道,東京,,v1_3_workcopy.xlsx / 試合元帳,元帳あり・Web URL未登録,v1_3_workcopy.xlsx,level=national;historical_reference=1;team1_pref=北海道;team2_pref=東京
2018,jingu,national,,,2018明治神宮大会,SF,,星稜,7,高松商,4,石川,香川,,v1_3_workcopy.xlsx / 試合元帳,元帳あり・Web URL未登録,v1_3_workcopy.xlsx,level=national;historical_reference=1;team1_pref=石川;team2_pref=香川
2018,jingu,national,,,2018明治神宮大会,SF,,札幌大谷,5,筑陽学園,2,北海道,福岡,,v1_3_workcopy.xlsx / 試合元帳,元帳あり・Web URL未登録,v1_3_workcopy.xlsx,level=national;historical_reference=1;team1_pref=北海道;team2_pref=福岡
2018,jingu,national,,,2018明治神宮大会,F,,札幌大谷,2,星稜,1,北海道,石川,,v1_3_workcopy.xlsx / 試合元帳,元帳あり・Web URL未登録,v1_3_workcopy.xlsx,level=national;historical_reference=1;team1_pref=北海道;team2_pref=石川
2019,senbatsu,national,,,2019選抜,1R,,市和歌山,3,市呉,2,和歌山,広島,,v1_3_workcopy.xlsx / 試合元帳,元帳あり・Web URL未登録,v1_3_workcopy.xlsx,level=national;historical_reference=1;team1_pref=和歌山;team2_pref=広島;legacy_note=延長11回サヨナラ
2019,senbatsu,national,,,2019選抜,1R,,高松商,8,春日部共栄,0,香川,埼玉,,v1_3_workcopy.xlsx / 試合元帳,元帳あり・Web URL未登録,v1_3_workcopy.xlsx,level=national;historical_reference=1;team1_pref=香川;team2_pref=埼玉
2019,senbatsu,national,,,2019選抜,1R,,星稜,3,履正社,0,石川,大阪,,v1_3_workcopy.xlsx / 試合元帳,元帳あり・Web URL未登録,v1_3_workcopy.xlsx,level=national;historical_reference=1;team1_pref=石川;team2_pref=大阪
2019,senbatsu,national,,,2019選抜,1R,,習志野,8,日章学園,2,千葉,宮崎,,v1_3_workcopy.xlsx / 試合元帳,元帳あり・Web URL未登録,v1_3_workcopy.xlsx,level=national;historical_reference=1;team1_pref=千葉;team2_pref=宮崎
2019,senbatsu,national,,,2019選抜,1R,,明豊,13,横浜,5,大分,神奈川,,v1_3_workcopy.xlsx / 試合元帳,元帳あり・Web URL未登録,v1_3_workcopy.xlsx,level=national;historical_reference=1;team1_pref=大分;team2_pref=神奈川
2019,senbatsu,national,,,2019選抜,1R,,札幌大谷,4,米子東,1,北海道,鳥取,,v1_3_workcopy.xlsx / 試合元帳,元帳あり・Web URL未登録,v1_3_workcopy.xlsx,level=national;historical_reference=1;team1_pref=北海道;team2_pref=鳥取
2019,senbatsu,national,,,2019選抜,1R,,龍谷大平安,2,津田学園,0,京都,三重,,v1_3_workcopy.xlsx / 試合元帳,元帳あり・Web URL未登録,v1_3_workcopy.xlsx,level=national;historical_reference=1;team1_pref=京都;team2_pref=三重;legacy_note=延長11回
2019,senbatsu,national,,,2019選抜,1R,,盛岡大付,3,石岡一,2,岩手,茨城,,v1_3_workcopy.xlsx / 試合元帳,元帳あり・Web URL未登録,v1_3_workcopy.xlsx,level=national;historical_reference=1;team1_pref=岩手;team2_pref=茨城;legacy_note=延長11回サヨナラ
2019,senbatsu,national,,,2019選抜,1R,,山梨学院,24,札幌第一,5,山梨,北海道,,v1_3_workcopy.xlsx / 試合元帳,元帳あり・Web URL未登録,v1_3_workcopy.xlsx,level=national;historical_reference=1;team1_pref=山梨;team2_pref=北海道
2019,senbatsu,national,,,2019選抜,1R,,筑陽学園,3,福知山成美,2,福岡,京都,,v1_3_workcopy.xlsx / 試合元帳,元帳あり・Web URL未登録,v1_3_workcopy.xlsx,level=national;historical_reference=1;team1_pref=福岡;team2_pref=京都
2019,senbatsu,national,,,2019選抜,1R,,広陵,2,八戸学院光星,0,広島,青森,,v1_3_workcopy.xlsx / 試合元帳,元帳あり・Web URL未登録,v1_3_workcopy.xlsx,level=national;historical_reference=1;team1_pref=広島;team2_pref=青森
2019,senbatsu,national,,,2019選抜,1R,,東邦,3,富岡西,1,愛知,徳島,,v1_3_workcopy.xlsx / 試合元帳,元帳あり・Web URL未登録,v1_3_workcopy.xlsx,level=national;historical_reference=1;team1_pref=愛知;team2_pref=徳島
2019,senbatsu,national,,,2019選抜,1R,,明石商,7,国士舘,1,兵庫,東京,,v1_3_workcopy.xlsx / 試合元帳,元帳あり・Web URL未登録,v1_3_workcopy.xlsx,level=national;historical_reference=1;team1_pref=兵庫;team2_pref=東京
2019,senbatsu,national,,,2019選抜,1R,,大分,4,松山聖陵,1,大分,愛媛,,v1_3_workcopy.xlsx / 試合元帳,元帳あり・Web URL未登録,v1_3_workcopy.xlsx,level=national;historical_reference=1;team1_pref=大分;team2_pref=愛媛
2019,senbatsu,national,,,2019選抜,1R,,啓新,5,桐蔭学園,3,福井,神奈川,,v1_3_workcopy.xlsx / 試合元帳,元帳あり・Web URL未登録,v1_3_workcopy.xlsx,level=national;historical_reference=1;team1_pref=福井;team2_pref=神奈川
2019,senbatsu,national,,,2019選抜,1R,,智弁和歌山,13,熊本西,2,和歌山,熊本,,v1_3_workcopy.xlsx / 試合元帳,元帳あり・Web URL未登録,v1_3_workcopy.xlsx,level=national;historical_reference=1;team1_pref=和歌山;team2_pref=熊本
2019,senbatsu,national,,,2019選抜,2R,,市和歌山,6,高松商,2,和歌山,香川,,v1_3_workcopy.xlsx / 試合元帳,元帳あり・Web URL未登録,v1_3_workcopy.xlsx,level=national;historical_reference=1;team1_pref=和歌山;team2_pref=香川
2019,senbatsu,national,,,2019選抜,2R,,習志野,3,星稜,1,千葉,石川,,v1_3_workcopy.xlsx / 試合元帳,元帳あり・Web URL未登録,v1_3_workcopy.xlsx,level=national;historical_reference=1;team1_pref=千葉;team2_pref=石川
2019,senbatsu,national,,,2019選抜,2R,,明豊,2,札幌大谷,1,大分,北海道,,v1_3_workcopy.xlsx / 試合元帳,元帳あり・Web URL未登録,v1_3_workcopy.xlsx,level=national;historical_reference=1;team1_pref=大分;team2_pref=北海道
2019,senbatsu,national,,,2019選抜,2R,,龍谷大平安,9,盛岡大付,1,京都,岩手,,v1_3_workcopy.xlsx / 試合元帳,元帳あり・Web URL未登録,v1_3_workcopy.xlsx,level=national;historical_reference=1;team1_pref=京都;team2_pref=岩手
2019,senbatsu,national,,,2019選抜,2R,,筑陽学園,3,山梨学院,2,福岡,山梨,,v1_3_workcopy.xlsx / 試合元帳,元帳あり・Web URL未登録,v1_3_workcopy.xlsx,level=national;historical_reference=1;team1_pref=福岡;team2_pref=山梨
2019,senbatsu,national,,,2019選抜,2R,,東邦,12,広陵,2,愛知,広島,,v1_3_workcopy.xlsx / 試合元帳,元帳あり・Web URL未登録,v1_3_workcopy.xlsx,level=national;historical_reference=1;team1_pref=愛知;team2_pref=広島
2019,senbatsu,national,,,2019選抜,2R,,明石商,13,大分,4,兵庫,大分,,v1_3_workcopy.xlsx / 試合元帳,元帳あり・Web URL未登録,v1_3_workcopy.xlsx,level=national;historical_reference=1;team1_pref=兵庫;team2_pref=大分
2019,senbatsu,national,,,2019選抜,2R,,智弁和歌山,5,啓新,2,和歌山,福井,,v1_3_workcopy.xlsx / 試合元帳,元帳あり・Web URL未登録,v1_3_workcopy.xlsx,level=national;historical_reference=1;team1_pref=和歌山;team2_pref=福井
2019,senbatsu,national,,,2019選抜,QF,,習志野,4,市和歌山,3,千葉,和歌山,,v1_3_workcopy.xlsx / 試合元帳,元帳あり・Web URL未登録,v1_3_workcopy.xlsx,level=national;historical_reference=1;team1_pref=千葉;team2_pref=和歌山
2019,senbatsu,national,,,2019選抜,QF,,明豊,1,龍谷大平安,0,大分,京都,,v1_3_workcopy.xlsx / 試合元帳,元帳あり・Web URL未登録,v1_3_workcopy.xlsx,level=national;historical_reference=1;team1_pref=大分;team2_pref=京都;legacy_note=延長11回サヨナラ
2019,senbatsu,national,,,2019選抜,QF,,東邦,7,筑陽学園,2,愛知,福岡,,v1_3_workcopy.xlsx / 試合元帳,元帳あり・Web URL未登録,v1_3_workcopy.xlsx,level=national;historical_reference=1;team1_pref=愛知;team2_pref=福岡
2019,senbatsu,national,,,2019選抜,QF,,明石商,4,智弁和歌山,3,兵庫,和歌山,,v1_3_workcopy.xlsx / 試合元帳,元帳あり・Web URL未登録,v1_3_workcopy.xlsx,level=national;historical_reference=1;team1_pref=兵庫;team2_pref=和歌山;legacy_note=サヨナラ
2019,senbatsu,national,,,2019選抜,SF,,習志野,6,明豊,4,千葉,大分,,v1_3_workcopy.xlsx / 試合元帳,元帳あり・Web URL未登録,v1_3_workcopy.xlsx,level=national;historical_reference=1;team1_pref=千葉;team2_pref=大分
2019,senbatsu,national,,,2019選抜,SF,,東邦,4,明石商,2,愛知,兵庫,,v1_3_workcopy.xlsx / 試合元帳,元帳あり・Web URL未登録,v1_3_workcopy.xlsx,level=national;historical_reference=1;team1_pref=愛知;team2_pref=兵庫
2019,senbatsu,national,,,2019選抜,F,,東邦,6,習志野,0,愛知,千葉,,v1_3_workcopy.xlsx / 試合元帳,元帳あり・Web URL未登録,v1_3_workcopy.xlsx,level=national;historical_reference=1;team1_pref=愛知;team2_pref=千葉
2019,spring,hokkaido,,,2019春季北海道地区大会,1R,,札幌光星,10,帯広大谷,5,北海道,北海道,,v1_3_workcopy.xlsx / 試合元帳,元帳あり・Web URL未登録,v1_3_workcopy.xlsx,level=regional;historical_reference=1;team1_pref=北海道;team2_pref=北海道
2019,spring,hokkaido,,,2019春季北海道地区大会,1R,,札幌国際情報,4,札幌英藍,2,北海道,北海道,,v1_3_workcopy.xlsx / 試合元帳,元帳あり・Web URL未登録,v1_3_workcopy.xlsx,level=regional;historical_reference=1;team1_pref=北海道;team2_pref=北海道
2019,spring,hokkaido,,,2019春季北海道地区大会,1R,,苫小牧工,13,函館大有斗,7,北海道,北海道,,v1_3_workcopy.xlsx / 試合元帳,元帳あり・Web URL未登録,v1_3_workcopy.xlsx,level=regional;historical_reference=1;team1_pref=北海道;team2_pref=北海道
2019,spring,hokkaido,,,2019春季北海道地区大会,1R,,釧路湖陵,10,士別翔雲,9,北海道,北海道,,v1_3_workcopy.xlsx / 試合元帳,元帳あり・Web URL未登録,v1_3_workcopy.xlsx,level=regional;historical_reference=1;team1_pref=北海道;team2_pref=北海道;legacy_note=延長12回サヨナラ
2019,spring,hokkaido,,,2019春季北海道地区大会,1R,,滝川西,7,遠軽,4,北海道,北海道,,v1_3_workcopy.xlsx / 試合元帳,元帳あり・Web URL未登録,v1_3_workcopy.xlsx,level=regional;historical_reference=1;team1_pref=北海道;team2_pref=北海道
2019,spring,hokkaido,,,2019春季北海道地区大会,1R,,札幌第一,3,札幌大谷,2,北海道,北海道,,v1_3_workcopy.xlsx / 試合元帳,元帳あり・Web URL未登録,v1_3_workcopy.xlsx,level=regional;historical_reference=1;team1_pref=北海道;team2_pref=北海道
2019,spring,hokkaido,,,2019春季北海道地区大会,1R,,旭川大高,6,札幌新川,4,北海道,北海道,,v1_3_workcopy.xlsx / 試合元帳,元帳あり・Web URL未登録,v1_3_workcopy.xlsx,level=regional;historical_reference=1;team1_pref=北海道;team2_pref=北海道
2019,spring,hokkaido,,,2019春季北海道地区大会,1R,,駒大苫小牧,4,小樽双葉,3,北海道,北海道,,v1_3_workcopy.xlsx / 試合元帳,元帳あり・Web URL未登録,v1_3_workcopy.xlsx,level=regional;historical_reference=1;team1_pref=北海道;team2_pref=北海道
2019,spring,hokkaido,,,2019春季北海道地区大会,QF,,札幌国際情報,3,札幌光星,2,北海道,北海道,,v1_3_workcopy.xlsx / 試合元帳,元帳あり・Web URL未登録,v1_3_workcopy.xlsx,level=regional;historical_reference=1;team1_pref=北海道;team2_pref=北海道;legacy_note=延長10回サヨナラ
2019,spring,hokkaido,,,2019春季北海道地区大会,QF,,苫小牧工,13,釧路湖陵,3,北海道,北海道,,v1_3_workcopy.xlsx / 試合元帳,元帳あり・Web URL未登録,v1_3_workcopy.xlsx,level=regional;historical_reference=1;team1_pref=北海道;team2_pref=北海道;legacy_note=6回コールド
2019,spring,hokkaido,,,2019春季北海道地区大会,QF,,札幌第一,7,滝川西,3,北海道,北海道,,v1_3_workcopy.xlsx / 試合元帳,元帳あり・Web URL未登録,v1_3_workcopy.xlsx,level=regional;historical_reference=1;team1_pref=北海道;team2_pref=北海道
2019,spring,hokkaido,,,2019春季北海道地区大会,QF,,駒大苫小牧,6,旭川大高,3,北海道,北海道,,v1_3_workcopy.xlsx / 試合元帳,元帳あり・Web URL未登録,v1_3_workcopy.xlsx,level=regional;historical_reference=1;team1_pref=北海道;team2_pref=北海道
2019,spring,hokkaido,,,2019春季北海道地区大会,SF,,苫小牧工,4,札幌国際情報,2,北海道,北海道,,v1_3_workcopy.xlsx / 試合元帳,元帳あり・Web URL未登録,v1_3_workcopy.xlsx,level=regional;historical_reference=1;team1_pref=北海道;team2_pref=北海道
2019,spring,hokkaido,,,2019春季北海道地区大会,SF,,駒大苫小牧,12,札幌第一,9,北海道,北海道,,v1_3_workcopy.xlsx / 試合元帳,元帳あり・Web URL未登録,v1_3_workcopy.xlsx,level=regional;historical_reference=1;team1_pref=北海道;team2_pref=北海道
2019,spring,hokkaido,,,2019春季北海道地区大会,F,,駒大苫小牧,7,苫小牧工,0,北海道,北海道,,v1_3_workcopy.xlsx / 試合元帳,元帳あり・Web URL未登録,v1_3_workcopy.xlsx,level=regional;historical_reference=1;team1_pref=北海道;team2_pref=北海道
2019,spring,tohoku,,,2019春季東北地区大会,1R,,東北学院,10,山形学院,3,宮城,山形,,v1_3_workcopy.xlsx / 試合元帳,元帳あり・Web URL未登録,v1_3_workcopy.xlsx,level=regional;historical_reference=1;team1_pref=宮城;team2_pref=山形;legacy_note=7回コールド
2019,spring,tohoku,,,2019春季東北地区大会,1R,,盛岡大付,5,日大東北,1,岩手,福島,,v1_3_workcopy.xlsx / 試合元帳,元帳あり・Web URL未登録,v1_3_workcopy.xlsx,level=regional;historical_reference=1;team1_pref=岩手;team2_pref=福島
2019,spring,tohoku,,,2019春季東北地区大会,2R,,東日大昌平,8,能代,1,福島,秋田,,v1_3_workcopy.xlsx / 試合元帳,元帳あり・Web URL未登録,v1_3_workcopy.xlsx,level=regional;historical_reference=1;team1_pref=福島;team2_pref=秋田;legacy_note=8回コールド
2019,spring,tohoku,,,2019春季東北地区大会,2R,,仙台育英,13,秋田中央,6,宮城,秋田,,v1_3_workcopy.xlsx / 試合元帳,元帳あり・Web URL未登録,v1_3_workcopy.xlsx,level=regional;historical_reference=1;team1_pref=宮城;team2_pref=秋田;legacy_note=7回コールド
2019,spring,tohoku,,,2019春季東北地区大会,2R,,明桜,3,弘前東,1,秋田,青森,,v1_3_workcopy.xlsx / 試合元帳,元帳あり・Web URL未登録,v1_3_workcopy.xlsx,level=regional;historical_reference=1;team1_pref=秋田;team2_pref=青森
2019,spring,tohoku,,,2019春季東北地区大会,2R,,東北学院,9,花巻東,5,宮城,岩手,,v1_3_workcopy.xlsx / 試合元帳,元帳あり・Web URL未登録,v1_3_workcopy.xlsx,level=regional;historical_reference=1;team1_pref=宮城;team2_pref=岩手
2019,spring,tohoku,,,2019春季東北地区大会,2R,,学法石川,3,東北,2,福島,宮城,,v1_3_workcopy.xlsx / 試合元帳,元帳あり・Web URL未登録,v1_3_workcopy.xlsx,level=regional;historical_reference=1;team1_pref=福島;team2_pref=宮城
2019,spring,tohoku,,,2019春季東北地区大会,2R,,聖愛,13,日大東北,1,青森,福島,,v1_3_workcopy.xlsx / 試合元帳,元帳あり・Web URL未登録,v1_3_workcopy.xlsx,level=regional;historical_reference=1;team1_pref=青森;team2_pref=福島;legacy_note=5回コールド
2019,spring,tohoku,,,2019春季東北地区大会,2R,,鶴岡東,10,盛岡大付,5,山形,岩手,,v1_3_workcopy.xlsx / 試合元帳,元帳あり・Web URL未登録,v1_3_workcopy.xlsx,level=regional;historical_reference=1;team1_pref=山形;team2_pref=岩手
2019,spring,tohoku,,,2019春季東北地区大会,2R,,青森山田,9,盛岡四,0,青森,岩手,,v1_3_workcopy.xlsx / 試合元帳,元帳あり・Web URL未登録,v1_3_workcopy.xlsx,level=regional;historical_reference=1;team1_pref=青森;team2_pref=岩手;legacy_note=8回コールド
2019,spring,tohoku,,,2019春季東北地区大会,QF,,聖愛,4,東北学院,3,青森,宮城,,v1_3_workcopy.xlsx / 試合元帳,元帳あり・Web URL未登録,v1_3_workcopy.xlsx,level=regional;historical_reference=1;team1_pref=青森;team2_pref=宮城;legacy_note=サヨナラ
2019,spring,tohoku,,,2019春季東北地区大会,QF,,明桜,4,学法石川,3,秋田,福島,,v1_3_workcopy.xlsx / 試合元帳,元帳あり・Web URL未登録,v1_3_workcopy.xlsx,level=regional;historical_reference=1;team1_pref=秋田;team2_pref=福島
2019,spring,tohoku,,,2019春季東北地区大会,QF,,仙台育英,11,東日大昌平,1,宮城,福島,,v1_3_workcopy.xlsx / 試合元帳,元帳あり・Web URL未登録,v1_3_workcopy.xlsx,level=regional;historical_reference=1;team1_pref=宮城;team2_pref=福島;legacy_note=5回コールド
2019,spring,tohoku,,,2019春季東北地区大会,QF,,鶴岡東,13,青森山田,1,山形,青森,,v1_3_workcopy.xlsx / 試合元帳,元帳あり・Web URL未登録,v1_3_workcopy.xlsx,level=regional;historical_reference=1;team1_pref=山形;team2_pref=青森
2019,spring,tohoku,,,2019春季東北地区大会,SF,,聖愛,7,仙台育英,6,青森,宮城,,v1_3_workcopy.xlsx / 試合元帳,元帳あり・Web URL未登録,v1_3_workcopy.xlsx,level=regional;historical_reference=1;team1_pref=青森;team2_pref=宮城
2019,spring,tohoku,,,2019春季東北地区大会,SF,,明桜,3,鶴岡東,2,秋田,山形,,v1_3_workcopy.xlsx / 試合元帳,元帳あり・Web URL未登録,v1_3_workcopy.xlsx,level=regional;historical_reference=1;team1_pref=秋田;team2_pref=山形
2019,spring,tohoku,,,2019春季東北地区大会,F,,聖愛,5,明桜,4,青森,秋田,,v1_3_workcopy.xlsx / 試合元帳,元帳あり・Web URL未登録,v1_3_workcopy.xlsx,level=regional;historical_reference=1;team1_pref=青森;team2_pref=秋田;legacy_note=延長10回サヨナラ
2019,spring,kanto_tokyo,,,2019春季関東地区大会,1R,,東海大相模,4,木更津総合,3,神奈川,千葉,,v1_3_workcopy.xlsx / 試合元帳,元帳あり・Web URL未登録,v1_3_workcopy.xlsx,level=regional;historical_reference=1;team1_pref=神奈川;team2_pref=千葉
2019,spring,kanto_tokyo,,,2019春季関東地区大会,1R,,山村学園,6,水戸商,5,埼玉,茨城,,v1_3_workcopy.xlsx / 試合元帳,元帳あり・Web URL未登録,v1_3_workcopy.xlsx,level=regional;historical_reference=1;team1_pref=埼玉;team2_pref=茨城;legacy_note=サヨナラ
2019,spring,kanto_tokyo,,,2019春季関東地区大会,1R,,桐光学園,11,東農大三,2,神奈川,埼玉,,v1_3_workcopy.xlsx / 試合元帳,元帳あり・Web URL未登録,v1_3_workcopy.xlsx,level=regional;historical_reference=1;team1_pref=神奈川;team2_pref=埼玉;legacy_note=7回コールド
2019,spring,kanto_tokyo,,,2019春季関東地区大会,2R,,専大松戸,2,健大高崎,0,千葉,群馬,,v1_3_workcopy.xlsx / 試合元帳,元帳あり・Web URL未登録,v1_3_workcopy.xlsx,level=regional;historical_reference=1;team1_pref=千葉;team2_pref=群馬
2019,spring,kanto_tokyo,,,2019春季関東地区大会,2R,,国士舘,8,佐野日大,0,東京,栃木,,v1_3_workcopy.xlsx / 試合元帳,元帳あり・Web URL未登録,v1_3_workcopy.xlsx,level=regional;historical_reference=1;team1_pref=東京;team2_pref=栃木;legacy_note=7回コールド
2019,spring,kanto_tokyo,,,2019春季関東地区大会,2R,,山村学園,13,習志野,2,埼玉,千葉,,v1_3_workcopy.xlsx / 試合元帳,元帳あり・Web URL未登録,v1_3_workcopy.xlsx,level=regional;historical_reference=1;team1_pref=埼玉;team2_pref=千葉;legacy_note=7回コールド
2019,spring,kanto_tokyo,,,2019春季関東地区大会,2R,,浦和実,8,山梨学院,3,埼玉,山梨,,v1_3_workcopy.xlsx / 試合元帳,元帳あり・Web URL未登録,v1_3_workcopy.xlsx,level=regional;historical_reference=1;team1_pref=埼玉;team2_pref=山梨
2019,spring,kanto_tokyo,,,2019春季関東地区大会,2R,,春日部共栄,11,栃木工,0,埼玉,栃木,,v1_3_workcopy.xlsx / 試合元帳,元帳あり・Web URL未登録,v1_3_workcopy.xlsx,level=regional;historical_reference=1;team1_pref=埼玉;team2_pref=栃木;legacy_note=5回コールド
2019,spring,kanto_tokyo,,,2019春季関東地区大会,2R,,桐光学園,4,藤代,3,神奈川,茨城,,v1_3_workcopy.xlsx / 試合元帳,元帳あり・Web URL未登録,v1_3_workcopy.xlsx,level=regional;historical_reference=1;team1_pref=神奈川;team2_pref=茨城;legacy_note=延長12回サヨナラ
2019,spring,kanto_tokyo,,,2019春季関東地区大会,2R,,東海大菅生,7,駿台甲府,0,東京,山梨,,v1_3_workcopy.xlsx / 試合元帳,元帳あり・Web URL未登録,v1_3_workcopy.xlsx,level=regional;historical_reference=1;team1_pref=東京;team2_pref=山梨;legacy_note=7回コールド
2019,spring,kanto_tokyo,,,2019春季関東地区大会,2R,,東海大相模,7,前橋育英,6,神奈川,群馬,,v1_3_workcopy.xlsx / 試合元帳,元帳あり・Web URL未登録,v1_3_workcopy.xlsx,level=regional;historical_reference=1;team1_pref=神奈川;team2_pref=群馬
2019,spring,kanto_tokyo,,,2019春季関東地区大会,QF,,山村学園,10,国士舘,5,埼玉,東京,,v1_3_workcopy.xlsx / 試合元帳,元帳あり・Web URL未登録,v1_3_workcopy.xlsx,level=regional;historical_reference=1;team1_pref=埼玉;team2_pref=東京
2019,spring,kanto_tokyo,,,2019春季関東地区大会,QF,,東海大相模,8,浦和実,1,神奈川,埼玉,,v1_3_workcopy.xlsx / 試合元帳,元帳あり・Web URL未登録,v1_3_workcopy.xlsx,level=regional;historical_reference=1;team1_pref=神奈川;team2_pref=埼玉;legacy_note=8回コールド
2019,spring,kanto_tokyo,,,2019春季関東地区大会,QF,,東海大菅生,6,春日部共栄,1,東京,埼玉,,v1_3_workcopy.xlsx / 試合元帳,元帳あり・Web URL未登録,v1_3_workcopy.xlsx,level=regional;historical_reference=1;team1_pref=東京;team2_pref=埼玉
2019,spring,kanto_tokyo,,,2019春季関東地区大会,QF,,専大松戸,10,桐光学園,6,千葉,神奈川,,v1_3_workcopy.xlsx / 試合元帳,元帳あり・Web URL未登録,v1_3_workcopy.xlsx,level=regional;historical_reference=1;team1_pref=千葉;team2_pref=神奈川
2019,spring,kanto_tokyo,,,2019春季関東地区大会,SF,,東海大相模,4,山村学園,1,神奈川,埼玉,,v1_3_workcopy.xlsx / 試合元帳,元帳あり・Web URL未登録,v1_3_workcopy.xlsx,level=regional;historical_reference=1;team1_pref=神奈川;team2_pref=埼玉;legacy_note=延長10回
2019,spring,kanto_tokyo,,,2019春季関東地区大会,SF,,東海大菅生,4,専大松戸,0,東京,千葉,,v1_3_workcopy.xlsx / 試合元帳,元帳あり・Web URL未登録,v1_3_workcopy.xlsx,level=regional;historical_reference=1;team1_pref=東京;team2_pref=千葉
2019,spring,kanto_tokyo,,,2019春季関東地区大会,F,,東海大相模,7,東海大菅生,3,神奈川,東京,,v1_3_workcopy.xlsx / 試合元帳,元帳あり・Web URL未登録,v1_3_workcopy.xlsx,level=regional;historical_reference=1;team1_pref=神奈川;team2_pref=東京
2019,spring,hokushinetsu,,,2019春季北信越地区大会,1R,,星稜,6,砺波工,0,石川,富山,,v1_3_workcopy.xlsx / 試合元帳,元帳あり・Web URL未登録,v1_3_workcopy.xlsx,level=regional;historical_reference=1;team1_pref=石川;team2_pref=富山
2019,spring,hokushinetsu,,,2019春季北信越地区大会,1R,,富山第一,5,三条,1,富山,新潟,,v1_3_workcopy.xlsx / 試合元帳,元帳あり・Web URL未登録,v1_3_workcopy.xlsx,level=regional;historical_reference=1;team1_pref=富山;team2_pref=新潟
2019,spring,hokushinetsu,,,2019春季北信越地区大会,1R,,富山国際大付,11,東京都市大塩尻,10,富山,長野,,v1_3_workcopy.xlsx / 試合元帳,元帳あり・Web URL未登録,v1_3_workcopy.xlsx,level=regional;historical_reference=1;team1_pref=富山;team2_pref=長野
2019,spring,hokushinetsu,,,2019春季北信越地区大会,1R,,敦賀気比,1,日本航空石川,0,福井,石川,,v1_3_workcopy.xlsx / 試合元帳,元帳あり・Web URL未登録,v1_3_workcopy.xlsx,level=regional;historical_reference=1;team1_pref=福井;team2_pref=石川
2019,spring,hokushinetsu,,,2019春季北信越地区大会,QF,,星稜,4,東海大諏訪,2,石川,長野,,v1_3_workcopy.xlsx / 試合元帳,元帳あり・Web URL未登録,v1_3_workcopy.xlsx,level=regional;historical_reference=1;team1_pref=石川;team2_pref=長野
2019,spring,hokushinetsu,,,2019春季北信越地区大会,QF,,日本文理,8,富山国際大付,3,新潟,富山,,v1_3_workcopy.xlsx / 試合元帳,元帳あり・Web URL未登録,v1_3_workcopy.xlsx,level=regional;historical_reference=1;team1_pref=新潟;team2_pref=富山
2019,spring,hokushinetsu,,,2019春季北信越地区大会,QF,,富山第一,5,福井工大福井,2,富山,福井,,v1_3_workcopy.xlsx / 試合元帳,元帳あり・Web URL未登録,v1_3_workcopy.xlsx,level=regional;historical_reference=1;team1_pref=富山;team2_pref=福井
2019,spring,hokushinetsu,,,2019春季北信越地区大会,QF,,敦賀気比,5,高岡第一,3,福井,富山,,v1_3_workcopy.xlsx / 試合元帳,元帳あり・Web URL未登録,v1_3_workcopy.xlsx,level=regional;historical_reference=1;team1_pref=福井;team2_pref=富山
2019,spring,hokushinetsu,,,2019春季北信越地区大会,SF,,星稜,5,富山第一,2,石川,富山,,v1_3_workcopy.xlsx / 試合元帳,元帳あり・Web URL未登録,v1_3_workcopy.xlsx,level=regional;historical_reference=1;team1_pref=石川;team2_pref=富山
2019,spring,hokushinetsu,,,2019春季北信越地区大会,SF,,敦賀気比,8,日本文理,3,福井,新潟,,v1_3_workcopy.xlsx / 試合元帳,元帳あり・Web URL未登録,v1_3_workcopy.xlsx,level=regional;historical_reference=1;team1_pref=福井;team2_pref=新潟
2019,spring,hokushinetsu,,,2019春季北信越地区大会,F,,星稜,3,敦賀気比,1,石川,福井,,v1_3_workcopy.xlsx / 試合元帳,元帳あり・Web URL未登録,v1_3_workcopy.xlsx,level=regional;historical_reference=1;team1_pref=石川;team2_pref=福井
2019,spring,tokai,,,2019春季東海地区大会,QF,,浜松商,5,愛知黎明,4,静岡,愛知,,v1_3_workcopy.xlsx / 試合元帳,元帳あり・Web URL未登録,v1_3_workcopy.xlsx,level=regional;historical_reference=1;team1_pref=静岡;team2_pref=愛知;legacy_note=サヨナラ
2019,spring,tokai,,,2019春季東海地区大会,QF,,県岐阜商,6,中部大一,2,岐阜,愛知,,v1_3_workcopy.xlsx / 試合元帳,元帳あり・Web URL未登録,v1_3_workcopy.xlsx,level=regional;historical_reference=1;team1_pref=岐阜;team2_pref=愛知
2019,spring,tokai,,,2019春季東海地区大会,QF,,津田学園,7,加藤学園,3,三重,静岡,,v1_3_workcopy.xlsx / 試合元帳,元帳あり・Web URL未登録,v1_3_workcopy.xlsx,level=regional;historical_reference=1;team1_pref=三重;team2_pref=静岡
2019,spring,tokai,,,2019春季東海地区大会,QF,,菰野,6,大垣日大,1,三重,岐阜,,v1_3_workcopy.xlsx / 試合元帳,元帳あり・Web URL未登録,v1_3_workcopy.xlsx,level=regional;historical_reference=1;team1_pref=三重;team2_pref=岐阜
2019,spring,tokai,,,2019春季東海地区大会,SF,,浜松商,9,菰野,3,静岡,三重,,v1_3_workcopy.xlsx / 試合元帳,元帳あり・Web URL未登録,v1_3_workcopy.xlsx,level=regional;historical_reference=1;team1_pref=静岡;team2_pref=三重
2019,spring,tokai,,,2019春季東海地区大会,SF,,津田学園,3,県岐阜商,2,三重,岐阜,,v1_3_workcopy.xlsx / 試合元帳,元帳あり・Web URL未登録,v1_3_workcopy.xlsx,level=regional;historical_reference=1;team1_pref=三重;team2_pref=岐阜
2019,spring,tokai,,,2019春季東海地区大会,F,,津田学園,5,浜松商,4,三重,静岡,,v1_3_workcopy.xlsx / 試合元帳,元帳あり・Web URL未登録,v1_3_workcopy.xlsx,level=regional;historical_reference=1;team1_pref=三重;team2_pref=静岡;legacy_note=サヨナラ
2019,spring,kinki,,,2019春季近畿地区大会,QF,,智弁学園,9,智弁和歌山,7,奈良,和歌山,,v1_3_workcopy.xlsx / 試合元帳,元帳あり・Web URL未登録,v1_3_workcopy.xlsx,level=regional;historical_reference=1;team1_pref=奈良;team2_pref=和歌山
2019,spring,kinki,,,2019春季近畿地区大会,QF,,近江,7,高田,4,滋賀,奈良,,v1_3_workcopy.xlsx / 試合元帳,元帳あり・Web URL未登録,v1_3_workcopy.xlsx,level=regional;historical_reference=1;team1_pref=滋賀;team2_pref=奈良
2019,spring,kinki,,,2019春季近畿地区大会,QF,,郡山,10,大阪商大高,7,奈良,大阪,,v1_3_workcopy.xlsx / 試合元帳,元帳あり・Web URL未登録,v1_3_workcopy.xlsx,level=regional;historical_reference=1;team1_pref=奈良;team2_pref=大阪
2019,spring,kinki,,,2019春季近畿地区大会,QF,,神戸国際大付,9,京都国際,5,兵庫,京都,,v1_3_workcopy.xlsx / 試合元帳,元帳あり・Web URL未登録,v1_3_workcopy.xlsx,level=regional;historical_reference=1;team1_pref=兵庫;team2_pref=京都
2019,spring,kinki,,,2019春季近畿地区大会,SF,,近江,3,智弁学園,2,滋賀,奈良,,v1_3_workcopy.xlsx / 試合元帳,元帳あり・Web URL未登録,v1_3_workcopy.xlsx,level=regional;historical_reference=1;team1_pref=滋賀;team2_pref=奈良;legacy_note=サヨナラ
2019,spring,kinki,,,2019春季近畿地区大会,SF,,神戸国際大付,8,郡山,0,兵庫,奈良,,v1_3_workcopy.xlsx / 試合元帳,元帳あり・Web URL未登録,v1_3_workcopy.xlsx,level=regional;historical_reference=1;team1_pref=兵庫;team2_pref=奈良;legacy_note=7回コールド
2019,spring,kinki,,,2019春季近畿地区大会,F,,近江,7,神戸国際大付,5,滋賀,兵庫,,v1_3_workcopy.xlsx / 試合元帳,元帳あり・Web URL未登録,v1_3_workcopy.xlsx,level=regional;historical_reference=1;team1_pref=滋賀;team2_pref=兵庫;legacy_note=延長11回
2019,spring,chugoku,,,2019春季中国地区大会,QF,,関西,11,広,0,岡山,広島,,v1_3_workcopy.xlsx / 試合元帳,元帳あり・Web URL未登録,v1_3_workcopy.xlsx,level=regional;historical_reference=1;team1_pref=岡山;team2_pref=広島;legacy_note=5回コールド
2019,spring,chugoku,,,2019春季中国地区大会,QF,,広島商,11,米子東,1,広島,鳥取,,v1_3_workcopy.xlsx / 試合元帳,元帳あり・Web URL未登録,v1_3_workcopy.xlsx,level=regional;historical_reference=1;team1_pref=広島;team2_pref=鳥取;legacy_note=5回コールド
2019,spring,chugoku,,,2019春季中国地区大会,QF,,如水館,4,大社,3,広島,島根,,v1_3_workcopy.xlsx / 試合元帳,元帳あり・Web URL未登録,v1_3_workcopy.xlsx,level=regional;historical_reference=1;team1_pref=広島;team2_pref=島根
2019,spring,chugoku,,,2019春季中国地区大会,QF,,高川学園,10,崇徳,4,山口,広島,,v1_3_workcopy.xlsx / 試合元帳,元帳あり・Web URL未登録,v1_3_workcopy.xlsx,level=regional;historical_reference=1;team1_pref=山口;team2_pref=広島
2019,spring,chugoku,,,2019春季中国地区大会,SF,,関西,7,広島商,3,岡山,広島,,v1_3_workcopy.xlsx / 試合元帳,元帳あり・Web URL未登録,v1_3_workcopy.xlsx,level=regional;historical_reference=1;team1_pref=岡山;team2_pref=広島
2019,spring,chugoku,,,2019春季中国地区大会,SF,,高川学園,7,如水館,0,山口,広島,,v1_3_workcopy.xlsx / 試合元帳,元帳あり・Web URL未登録,v1_3_workcopy.xlsx,level=regional;historical_reference=1;team1_pref=山口;team2_pref=広島;legacy_note=7回コールド
2019,spring,chugoku,,,2019春季中国地区大会,F,,関西,9,高川学園,8,岡山,山口,,v1_3_workcopy.xlsx / 試合元帳,元帳あり・Web URL未登録,v1_3_workcopy.xlsx,level=regional;historical_reference=1;team1_pref=岡山;team2_pref=山口;legacy_note=延長11回
2019,spring,shikoku,,,2019春季四国地区大会,QF,,明徳義塾,8,徳島北,1,高知,徳島,,v1_3_workcopy.xlsx / 試合元帳,元帳あり・Web URL未登録,v1_3_workcopy.xlsx,level=regional;historical_reference=1;team1_pref=高知;team2_pref=徳島;legacy_note=7回コールド
2019,spring,shikoku,,,2019春季四国地区大会,QF,,松山聖陵,8,四国学院大香川西,6,愛媛,香川,,v1_3_workcopy.xlsx / 試合元帳,元帳あり・Web URL未登録,v1_3_workcopy.xlsx,level=regional;historical_reference=1;team1_pref=愛媛;team2_pref=香川
2019,spring,shikoku,,,2019春季四国地区大会,QF,,高松商,8,高知,6,香川,高知,,v1_3_workcopy.xlsx / 試合元帳,元帳あり・Web URL未登録,v1_3_workcopy.xlsx,level=regional;historical_reference=1;team1_pref=香川;team2_pref=高知
2019,spring,shikoku,,,2019春季四国地区大会,QF,,富岡西,6,今治西,4,徳島,愛媛,,v1_3_workcopy.xlsx / 試合元帳,元帳あり・Web URL未登録,v1_3_workcopy.xlsx,level=regional;historical_reference=1;team1_pref=徳島;team2_pref=愛媛
2019,spring,shikoku,,,2019春季四国地区大会,SF,,明徳義塾,10,松山聖陵,0,高知,愛媛,,v1_3_workcopy.xlsx / 試合元帳,元帳あり・Web URL未登録,v1_3_workcopy.xlsx,level=regional;historical_reference=1;team1_pref=高知;team2_pref=愛媛;legacy_note=6回コールド
2019,spring,shikoku,,,2019春季四国地区大会,SF,,富岡西,4,高松商,3,徳島,香川,,v1_3_workcopy.xlsx / 試合元帳,元帳あり・Web URL未登録,v1_3_workcopy.xlsx,level=regional;historical_reference=1;team1_pref=徳島;team2_pref=香川;legacy_note=サヨナラ
2019,spring,shikoku,,,2019春季四国地区大会,F,,明徳義塾,7,富岡西,3,高知,徳島,,v1_3_workcopy.xlsx / 試合元帳,元帳あり・Web URL未登録,v1_3_workcopy.xlsx,level=regional;historical_reference=1;team1_pref=高知;team2_pref=徳島
2019,spring,kyushu,,,2019春季九州地区大会,1R,,真颯館,12,鹿児島商,3,福岡,鹿児島,,v1_3_workcopy.xlsx / 試合元帳,元帳あり・Web URL未登録,v1_3_workcopy.xlsx,level=regional;historical_reference=1;team1_pref=福岡;team2_pref=鹿児島;legacy_note=7回コールド
2019,spring,kyushu,,,2019春季九州地区大会,1R,,福岡大大濠,7,尚志館,0,福岡,鹿児島,,v1_3_workcopy.xlsx / 試合元帳,元帳あり・Web URL未登録,v1_3_workcopy.xlsx,level=regional;historical_reference=1;team1_pref=福岡;team2_pref=鹿児島;legacy_note=7回コールド
2019,spring,kyushu,,,2019春季九州地区大会,2R,,大分工,6,長崎商,0,大分,長崎,,v1_3_workcopy.xlsx / 試合元帳,元帳あり・Web URL未登録,v1_3_workcopy.xlsx,level=regional;historical_reference=1;team1_pref=大分;team2_pref=長崎
2019,spring,kyushu,,,2019春季九州地区大会,2R,,西日本短大付,2,日章学園,0,福岡,宮崎,,v1_3_workcopy.xlsx / 試合元帳,元帳あり・Web URL未登録,v1_3_workcopy.xlsx,level=regional;historical_reference=1;team1_pref=福岡;team2_pref=宮崎
2019,spring,kyushu,,,2019春季九州地区大会,2R,,大分,9,小林西,8,大分,宮崎,,v1_3_workcopy.xlsx / 試合元帳,元帳あり・Web URL未登録,v1_3_workcopy.xlsx,level=regional;historical_reference=1;team1_pref=大分;team2_pref=宮崎
2019,spring,kyushu,,,2019春季九州地区大会,2R,,熊本西,9,真颯館,6,熊本,福岡,,v1_3_workcopy.xlsx / 試合元帳,元帳あり・Web URL未登録,v1_3_workcopy.xlsx,level=regional;historical_reference=1;team1_pref=熊本;team2_pref=福岡
2019,spring,kyushu,,,2019春季九州地区大会,2R,,明豊,11,鹿児島実,4,大分,鹿児島,,v1_3_workcopy.xlsx / 試合元帳,元帳あり・Web URL未登録,v1_3_workcopy.xlsx,level=regional;historical_reference=1;team1_pref=大分;team2_pref=鹿児島;legacy_note=8回コールド
2019,spring,kyushu,,,2019春季九州地区大会,2R,,興南,5,神村学園,4,沖縄,鹿児島,,v1_3_workcopy.xlsx / 試合元帳,元帳あり・Web URL未登録,v1_3_workcopy.xlsx,level=regional;historical_reference=1;team1_pref=沖縄;team2_pref=鹿児島;legacy_note=サヨナラ
2019,spring,kyushu,,,2019春季九州地区大会,2R,,筑陽学園,8,佐賀商,2,福岡,佐賀,,v1_3_workcopy.xlsx / 試合元帳,元帳あり・Web URL未登録,v1_3_workcopy.xlsx,level=regional;historical_reference=1;team1_pref=福岡;team2_pref=佐賀
2019,spring,kyushu,,,2019春季九州地区大会,2R,,福岡大大濠,5,球磨工,1,福岡,熊本,,v1_3_workcopy.xlsx / 試合元帳,元帳あり・Web URL未登録,v1_3_workcopy.xlsx,level=regional;historical_reference=1;team1_pref=福岡;team2_pref=熊本;legacy_note=延長10回
2019,spring,kyushu,,,2019春季九州地区大会,QF,,熊本西,2,大分工,1,熊本,大分,,v1_3_workcopy.xlsx / 試合元帳,元帳あり・Web URL未登録,v1_3_workcopy.xlsx,level=regional;historical_reference=1;team1_pref=熊本;team2_pref=大分
2019,spring,kyushu,,,2019春季九州地区大会,QF,,西日本短大付,7,明豊,0,福岡,大分,,v1_3_workcopy.xlsx / 試合元帳,元帳あり・Web URL未登録,v1_3_workcopy.xlsx,level=regional;historical_reference=1;team1_pref=福岡;team2_pref=大分;legacy_note=7回コールド
2019,spring,kyushu,,,2019春季九州地区大会,QF,,興南,5,筑陽学園,1,沖縄,福岡,,v1_3_workcopy.xlsx / 試合元帳,元帳あり・Web URL未登録,v1_3_workcopy.xlsx,level=regional;historical_reference=1;team1_pref=沖縄;team2_pref=福岡
2019,spring,kyushu,,,2019春季九州地区大会,QF,,大分,11,福岡大大濠,10,大分,福岡,,v1_3_workcopy.xlsx / 試合元帳,元帳あり・Web URL未登録,v1_3_workcopy.xlsx,level=regional;historical_reference=1;team1_pref=大分;team2_pref=福岡;legacy_note=サヨナラ
2019,spring,kyushu,,,2019春季九州地区大会,SF,,西日本短大付,6,熊本西,4,福岡,熊本,,v1_3_workcopy.xlsx / 試合元帳,元帳あり・Web URL未登録,v1_3_workcopy.xlsx,level=regional;historical_reference=1;team1_pref=福岡;team2_pref=熊本
2019,spring,kyushu,,,2019春季九州地区大会,SF,,興南,7,大分,5,沖縄,大分,,v1_3_workcopy.xlsx / 試合元帳,元帳あり・Web URL未登録,v1_3_workcopy.xlsx,level=regional;historical_reference=1;team1_pref=沖縄;team2_pref=大分
2019,spring,kyushu,,,2019春季九州地区大会,F,,西日本短大付,5,興南,1,福岡,沖縄,,v1_3_workcopy.xlsx / 試合元帳,元帳あり・Web URL未登録,v1_3_workcopy.xlsx,level=regional;historical_reference=1;team1_pref=福岡;team2_pref=沖縄
2019,koshien,national,,,2019選手権,1R,,八戸学院光星,9,誉,0,青森,愛知,,v1_3_workcopy.xlsx / 試合元帳,元帳あり・Web URL未登録,v1_3_workcopy.xlsx,level=national;historical_reference=1;team1_pref=青森;team2_pref=愛知
2019,koshien,national,,,2019選手権,1R,,神村学園,7,佐賀北,2,鹿児島,佐賀,,v1_3_workcopy.xlsx / 試合元帳,元帳あり・Web URL未登録,v1_3_workcopy.xlsx,level=national;historical_reference=1;team1_pref=鹿児島;team2_pref=佐賀
2019,koshien,national,,,2019選手権,1R,,高岡商,6,石見智翠館,4,富山,島根,,v1_3_workcopy.xlsx / 試合元帳,元帳あり・Web URL未登録,v1_3_workcopy.xlsx,level=national;historical_reference=1;team1_pref=富山;team2_pref=島根;legacy_note=延長10回
2019,koshien,national,,,2019選手権,1R,,履正社,11,霞ヶ浦,6,大阪,茨城,,v1_3_workcopy.xlsx / 試合元帳,元帳あり・Web URL未登録,v1_3_workcopy.xlsx,level=national;historical_reference=1;team1_pref=大阪;team2_pref=茨城
2019,koshien,national,,,2019選手権,1R,,津田学園,3,静岡,1,三重,静岡,,v1_3_workcopy.xlsx / 試合元帳,元帳あり・Web URL未登録,v1_3_workcopy.xlsx,level=national;historical_reference=1;team1_pref=三重;team2_pref=静岡
2019,koshien,national,,,2019選手権,1R,,星稜,1,旭川大高,0,石川,北海道,,v1_3_workcopy.xlsx / 試合元帳,元帳あり・Web URL未登録,v1_3_workcopy.xlsx,level=national;historical_reference=1;team1_pref=石川;team2_pref=北海道
2019,koshien,national,,,2019選手権,1R,,立命館宇治,1,秋田中央,0,京都,秋田,,v1_3_workcopy.xlsx / 試合元帳,元帳あり・Web URL未登録,v1_3_workcopy.xlsx,level=national;historical_reference=1;team1_pref=京都;team2_pref=秋田
2019,koshien,national,,,2019選手権,1R,,智弁和歌山,8,米子東,1,和歌山,鳥取,,v1_3_workcopy.xlsx / 試合元帳,元帳あり・Web URL未登録,v1_3_workcopy.xlsx,level=national;historical_reference=1;team1_pref=和歌山;team2_pref=鳥取
2019,koshien,national,,,2019選手権,1R,,明徳義塾,6,藤蔭,4,高知,大分,,v1_3_workcopy.xlsx / 試合元帳,元帳あり・Web URL未登録,v1_3_workcopy.xlsx,level=national;historical_reference=1;team1_pref=高知;team2_pref=大分
2019,koshien,national,,,2019選手権,1R,,国学院久我山,7,前橋育英,5,東京,群馬,,v1_3_workcopy.xlsx / 試合元帳,元帳あり・Web URL未登録,v1_3_workcopy.xlsx,level=national;historical_reference=1;team1_pref=東京;team2_pref=群馬
2019,koshien,national,,,2019選手権,1R,,敦賀気比,5,富島,1,福井,宮崎,,v1_3_workcopy.xlsx / 試合元帳,元帳あり・Web URL未登録,v1_3_workcopy.xlsx,level=national;historical_reference=1;team1_pref=福井;team2_pref=宮崎
2019,koshien,national,,,2019選手権,1R,,鳴門,10,花巻東,4,徳島,岩手,,v1_3_workcopy.xlsx / 試合元帳,元帳あり・Web URL未登録,v1_3_workcopy.xlsx,level=national;historical_reference=1;team1_pref=徳島;team2_pref=岩手
2019,koshien,national,,,2019選手権,1R,,仙台育英,20,飯山,1,宮城,長野,,v1_3_workcopy.xlsx / 試合元帳,元帳あり・Web URL未登録,v1_3_workcopy.xlsx,level=national;historical_reference=1;team1_pref=宮城;team2_pref=長野
2019,koshien,national,,,2019選手権,1R,,習志野,5,沖縄尚学,4,千葉,沖縄,,v1_3_workcopy.xlsx / 試合元帳,元帳あり・Web URL未登録,v1_3_workcopy.xlsx,level=national;historical_reference=1;team1_pref=千葉;team2_pref=沖縄;legacy_note=延長10回
2019,koshien,national,,,2019選手権,1R,,鶴岡東,6,高松商,4,山形,香川,,v1_3_workcopy.xlsx / 試合元帳,元帳あり・Web URL未登録,v1_3_workcopy.xlsx,level=national;historical_reference=1;team1_pref=山形;team2_pref=香川
2019,koshien,national,,,2019選手権,1R,,関東一,10,日本文理,6,東京,新潟,,v1_3_workcopy.xlsx / 試合元帳,元帳あり・Web URL未登録,v1_3_workcopy.xlsx,level=national;historical_reference=1;team1_pref=東京;team2_pref=新潟
2019,koshien,national,,,2019選手権,1R,,熊本工,3,山梨学院,2,熊本,山梨,,v1_3_workcopy.xlsx / 試合元帳,元帳あり・Web URL未登録,v1_3_workcopy.xlsx,level=national;historical_reference=1;team1_pref=熊本;team2_pref=山梨;legacy_note=延長12回サヨナラ
2019,koshien,national,,,2019選手権,2R,,岡山学芸館,6,広島商,5,岡山,広島,,v1_3_workcopy.xlsx / 試合元帳,元帳あり・Web URL未登録,v1_3_workcopy.xlsx,level=national;historical_reference=1;team1_pref=岡山;team2_pref=広島
2019,koshien,national,,,2019選手権,2R,,作新学院,5,筑陽学園,3,栃木,福岡,,v1_3_workcopy.xlsx / 試合元帳,元帳あり・Web URL未登録,v1_3_workcopy.xlsx,level=national;historical_reference=1;team1_pref=栃木;team2_pref=福岡;legacy_note=延長10回
2019,koshien,national,,,2019選手権,2R,,東海大相模,6,近江,1,神奈川,滋賀,,v1_3_workcopy.xlsx / 試合元帳,元帳あり・Web URL未登録,v1_3_workcopy.xlsx,level=national;historical_reference=1;team1_pref=神奈川;team2_pref=滋賀
2019,koshien,national,,,2019選手権,2R,,中京学院大中京,4,北照,3,岐阜,北海道,,v1_3_workcopy.xlsx / 試合元帳,元帳あり・Web URL未登録,v1_3_workcopy.xlsx,level=national;historical_reference=1;team1_pref=岐阜;team2_pref=北海道
2019,koshien,national,,,2019選手権,2R,,明石商,4,花咲徳栄,3,兵庫,埼玉,,v1_3_workcopy.xlsx / 試合元帳,元帳あり・Web URL未登録,v1_3_workcopy.xlsx,level=national;historical_reference=1;team1_pref=兵庫;team2_pref=埼玉
2019,koshien,national,,,2019選手権,2R,,宇部鴻城,7,宇和島東,3,山口,愛媛,,v1_3_workcopy.xlsx / 試合元帳,元帳あり・Web URL未登録,v1_3_workcopy.xlsx,level=national;historical_reference=1;team1_pref=山口;team2_pref=愛媛
2019,koshien,national,,,2019選手権,2R,,海星,3,聖光学院,2,長崎,福島,,v1_3_workcopy.xlsx / 試合元帳,元帳あり・Web URL未登録,v1_3_workcopy.xlsx,level=national;historical_reference=1;team1_pref=長崎;team2_pref=福島
2019,koshien,national,,,2019選手権,2R,,八戸学院光星,10,智弁学園,8,青森,奈良,,v1_3_workcopy.xlsx / 試合元帳,元帳あり・Web URL未登録,v1_3_workcopy.xlsx,level=national;historical_reference=1;team1_pref=青森;team2_pref=奈良
2019,koshien,national,,,2019選手権,2R,,高岡商,4,神村学園,3,富山,鹿児島,,v1_3_workcopy.xlsx / 試合元帳,元帳あり・Web URL未登録,v1_3_workcopy.xlsx,level=national;historical_reference=1;team1_pref=富山;team2_pref=鹿児島
2019,koshien,national,,,2019選手権,2R,,履正社,7,津田学園,3,大阪,三重,,v1_3_workcopy.xlsx / 試合元帳,元帳あり・Web URL未登録,v1_3_workcopy.xlsx,level=national;historical_reference=1;team1_pref=大阪;team2_pref=三重
2019,koshien,national,,,2019選手権,2R,,星稜,6,立命館宇治,3,石川,京都,,v1_3_workcopy.xlsx / 試合元帳,元帳あり・Web URL未登録,v1_3_workcopy.xlsx,level=national;historical_reference=1;team1_pref=石川;team2_pref=京都
2019,koshien,national,,,2019選手権,2R,,智弁和歌山,7,明徳義塾,1,和歌山,高知,,v1_3_workcopy.xlsx / 試合元帳,元帳あり・Web URL未登録,v1_3_workcopy.xlsx,level=national;historical_reference=1;team1_pref=和歌山;team2_pref=高知
2019,koshien,national,,,2019選手権,2R,,敦賀気比,19,国学院久我山,3,福井,東京,,v1_3_workcopy.xlsx / 試合元帳,元帳あり・Web URL未登録,v1_3_workcopy.xlsx,level=national;historical_reference=1;team1_pref=福井;team2_pref=東京
2019,koshien,national,,,2019選手権,2R,,仙台育英,8,鳴門,5,宮城,徳島,,v1_3_workcopy.xlsx / 試合元帳,元帳あり・Web URL未登録,v1_3_workcopy.xlsx,level=national;historical_reference=1;team1_pref=宮城;team2_pref=徳島
2019,koshien,national,,,2019選手権,2R,,鶴岡東,9,習志野,5,山形,千葉,,v1_3_workcopy.xlsx / 試合元帳,元帳あり・Web URL未登録,v1_3_workcopy.xlsx,level=national;historical_reference=1;team1_pref=山形;team2_pref=千葉
2019,koshien,national,,,2019選手権,2R,,関東一,6,熊本工,5,東京,熊本,,v1_3_workcopy.xlsx / 試合元帳,元帳あり・Web URL未登録,v1_3_workcopy.xlsx,level=national;historical_reference=1;team1_pref=東京;team2_pref=熊本
2019,koshien,national,,,2019選手権,3R,,作新学院,18,岡山学芸館,0,栃木,岡山,,v1_3_workcopy.xlsx / 試合元帳,元帳あり・Web URL未登録,v1_3_workcopy.xlsx,level=national;historical_reference=1;team1_pref=栃木;team2_pref=岡山
2019,koshien,national,,,2019選手権,3R,,中京学院大中京,9,東海大相模,4,岐阜,神奈川,,v1_3_workcopy.xlsx / 試合元帳,元帳あり・Web URL未登録,v1_3_workcopy.xlsx,level=national;historical_reference=1;team1_pref=岐阜;team2_pref=神奈川
2019,koshien,national,,,2019選手権,3R,,明石商,3,宇部鴻城,2,兵庫,山口,,v1_3_workcopy.xlsx / 試合元帳,元帳あり・Web URL未登録,v1_3_workcopy.xlsx,level=national;historical_reference=1;team1_pref=兵庫;team2_pref=山口;legacy_note=延長10回サヨナラ
2019,koshien,national,,,2019選手権,3R,,八戸学院光星,7,海星,6,青森,長崎,,v1_3_workcopy.xlsx / 試合元帳,元帳あり・Web URL未登録,v1_3_workcopy.xlsx,level=national;historical_reference=1;team1_pref=青森;team2_pref=長崎;legacy_note=サヨナラ
2019,koshien,national,,,2019選手権,3R,,履正社,9,高岡商,4,大阪,富山,,v1_3_workcopy.xlsx / 試合元帳,元帳あり・Web URL未登録,v1_3_workcopy.xlsx,level=national;historical_reference=1;team1_pref=大阪;team2_pref=富山
2019,koshien,national,,,2019選手権,3R,,星稜,4,智弁和歌山,1,石川,和歌山,,v1_3_workcopy.xlsx / 試合元帳,元帳あり・Web URL未登録,v1_3_workcopy.xlsx,level=national;historical_reference=1;team1_pref=石川;team2_pref=和歌山;legacy_note=延長14回サヨナラ、タイブレーク
2019,koshien,national,,,2019選手権,3R,,仙台育英,4,敦賀気比,3,宮城,福井,,v1_3_workcopy.xlsx / 試合元帳,元帳あり・Web URL未登録,v1_3_workcopy.xlsx,level=national;historical_reference=1;team1_pref=宮城;team2_pref=福井
2019,koshien,national,,,2019選手権,3R,,関東一,7,鶴岡東,6,東京,山形,,v1_3_workcopy.xlsx / 試合元帳,元帳あり・Web URL未登録,v1_3_workcopy.xlsx,level=national;historical_reference=1;team1_pref=東京;team2_pref=山形;legacy_note=延長11回サヨナラ
2019,koshien,national,,,2019選手権,QF,,明石商,7,八戸学院光星,6,兵庫,青森,,v1_3_workcopy.xlsx / 試合元帳,元帳あり・Web URL未登録,v1_3_workcopy.xlsx,level=national;historical_reference=1;team1_pref=兵庫;team2_pref=青森
2019,koshien,national,,,2019選手権,QF,,中京学院大中京,6,作新学院,3,岐阜,栃木,,v1_3_workcopy.xlsx / 試合元帳,元帳あり・Web URL未登録,v1_3_workcopy.xlsx,level=national;historical_reference=1;team1_pref=岐阜;team2_pref=栃木
2019,koshien,national,,,2019選手権,QF,,星稜,17,仙台育英,1,石川,宮城,,v1_3_workcopy.xlsx / 試合元帳,元帳あり・Web URL未登録,v1_3_workcopy.xlsx,level=national;historical_reference=1;team1_pref=石川;team2_pref=宮城
2019,koshien,national,,,2019選手権,QF,,履正社,7,関東一,3,大阪,東京,,v1_3_workcopy.xlsx / 試合元帳,元帳あり・Web URL未登録,v1_3_workcopy.xlsx,level=national;historical_reference=1;team1_pref=大阪;team2_pref=東京
2019,koshien,national,,,2019選手権,SF,,履正社,7,明石商,1,大阪,兵庫,,v1_3_workcopy.xlsx / 試合元帳,元帳あり・Web URL未登録,v1_3_workcopy.xlsx,level=national;historical_reference=1;team1_pref=大阪;team2_pref=兵庫
2019,koshien,national,,,2019選手権,SF,,星稜,9,中京学院大中京,0,石川,岐阜,,v1_3_workcopy.xlsx / 試合元帳,元帳あり・Web URL未登録,v1_3_workcopy.xlsx,level=national;historical_reference=1;team1_pref=石川;team2_pref=岐阜
2019,koshien,national,,,2019選手権,F,,履正社,5,星稜,3,大阪,石川,,v1_3_workcopy.xlsx / 試合元帳,元帳あり・Web URL未登録,v1_3_workcopy.xlsx,level=national;historical_reference=1;team1_pref=大阪;team2_pref=石川
2019,autumn,hokkaido,,,2019秋季北海道地区大会,1R,,帯広農,8,武修館,7,北海道,北海道,,v1_3_workcopy.xlsx / 試合元帳,元帳あり・Web URL未登録,v1_3_workcopy.xlsx,level=regional;historical_reference=1;team1_pref=北海道;team2_pref=北海道
2019,autumn,hokkaido,,,2019秋季北海道地区大会,1R,,札幌大谷,8,北見工,7,北海道,北海道,,v1_3_workcopy.xlsx / 試合元帳,元帳あり・Web URL未登録,v1_3_workcopy.xlsx,level=regional;historical_reference=1;team1_pref=北海道;team2_pref=北海道;legacy_note=延長11回サヨナラ
2019,autumn,hokkaido,,,2019秋季北海道地区大会,1R,,東海大札幌,6,岩内,3,北海道,北海道,,v1_3_workcopy.xlsx / 試合元帳,元帳あり・Web URL未登録,v1_3_workcopy.xlsx,level=regional;historical_reference=1;team1_pref=北海道;team2_pref=北海道
2019,autumn,hokkaido,,,2019秋季北海道地区大会,1R,,札幌国際情報,12,滝川西,2,北海道,北海道,,v1_3_workcopy.xlsx / 試合元帳,元帳あり・Web URL未登録,v1_3_workcopy.xlsx,level=regional;historical_reference=1;team1_pref=北海道;team2_pref=北海道
2019,autumn,hokkaido,,,2019秋季北海道地区大会,2R,,北海道栄,5,旭川大高,3,北海道,北海道,,v1_3_workcopy.xlsx / 試合元帳,元帳あり・Web URL未登録,v1_3_workcopy.xlsx,level=regional;historical_reference=1;team1_pref=北海道;team2_pref=北海道
2019,autumn,hokkaido,,,2019秋季北海道地区大会,2R,,札幌日大,4,函館工,0,北海道,北海道,,v1_3_workcopy.xlsx / 試合元帳,元帳あり・Web URL未登録,v1_3_workcopy.xlsx,level=regional;historical_reference=1;team1_pref=北海道;team2_pref=北海道
2019,autumn,hokkaido,,,2019秋季北海道地区大会,2R,,帯広農,7,札幌山の手,3,北海道,北海道,,v1_3_workcopy.xlsx / 試合元帳,元帳あり・Web URL未登録,v1_3_workcopy.xlsx,level=regional;historical_reference=1;team1_pref=北海道;team2_pref=北海道
2019,autumn,hokkaido,,,2019秋季北海道地区大会,2R,,札幌大谷,3,稚内大谷,2,北海道,北海道,,v1_3_workcopy.xlsx / 試合元帳,元帳あり・Web URL未登録,v1_3_workcopy.xlsx,level=regional;historical_reference=1;team1_pref=北海道;team2_pref=北海道
2019,autumn,hokkaido,,,2019秋季北海道地区大会,2R,,白樺学園,13,旭川実,8,北海道,北海道,,v1_3_workcopy.xlsx / 試合元帳,元帳あり・Web URL未登録,v1_3_workcopy.xlsx,level=regional;historical_reference=1;team1_pref=北海道;team2_pref=北海道
2019,autumn,hokkaido,,,2019秋季北海道地区大会,2R,,東海大札幌,7,別海,0,北海道,北海道,,v1_3_workcopy.xlsx / 試合元帳,元帳あり・Web URL未登録,v1_3_workcopy.xlsx,level=regional;historical_reference=1;team1_pref=北海道;team2_pref=北海道;legacy_note=8回コールド
2019,autumn,hokkaido,,,2019秋季北海道地区大会,2R,,札幌国際情報,11,鵡川,1,北海道,北海道,,v1_3_workcopy.xlsx / 試合元帳,元帳あり・Web URL未登録,v1_3_workcopy.xlsx,level=regional;historical_reference=1;team1_pref=北海道;team2_pref=北海道;legacy_note=5回コールド
2019,autumn,hokkaido,,,2019秋季北海道地区大会,2R,,札幌龍谷,8,函館大柏稜,0,北海道,北海道,,v1_3_workcopy.xlsx / 試合元帳,元帳あり・Web URL未登録,v1_3_workcopy.xlsx,level=regional;historical_reference=1;team1_pref=北海道;team2_pref=北海道;legacy_note=8回コールド
2019,autumn,hokkaido,,,2019秋季北海道地区大会,QF,,帯広農,5,北海道栄,0,北海道,北海道,,v1_3_workcopy.xlsx / 試合元帳,元帳あり・Web URL未登録,v1_3_workcopy.xlsx,level=regional;historical_reference=1;team1_pref=北海道;team2_pref=北海道
2019,autumn,hokkaido,,,2019秋季北海道地区大会,QF,,白樺学園,4,東海大札幌,0,北海道,北海道,,v1_3_workcopy.xlsx / 試合元帳,元帳あり・Web URL未登録,v1_3_workcopy.xlsx,level=regional;historical_reference=1;team1_pref=北海道;team2_pref=北海道
2019,autumn,hokkaido,,,2019秋季北海道地区大会,QF,,札幌日大,9,札幌大谷,4,北海道,北海道,,v1_3_workcopy.xlsx / 試合元帳,元帳あり・Web URL未登録,v1_3_workcopy.xlsx,level=regional;historical_reference=1;team1_pref=北海道;team2_pref=北海道
2019,autumn,hokkaido,,,2019秋季北海道地区大会,QF,,札幌龍谷,4,札幌国際情報,2,北海道,北海道,,v1_3_workcopy.xlsx / 試合元帳,元帳あり・Web URL未登録,v1_3_workcopy.xlsx,level=regional;historical_reference=1;team1_pref=北海道;team2_pref=北海道
2019,autumn,hokkaido,,,2019秋季北海道地区大会,SF,,札幌日大,11,帯広農,2,北海道,北海道,,v1_3_workcopy.xlsx / 試合元帳,元帳あり・Web URL未登録,v1_3_workcopy.xlsx,level=regional;historical_reference=1;team1_pref=北海道;team2_pref=北海道;legacy_note=7回コールド
2019,autumn,hokkaido,,,2019秋季北海道地区大会,SF,,白樺学園,13,札幌龍谷,3,北海道,北海道,,v1_3_workcopy.xlsx / 試合元帳,元帳あり・Web URL未登録,v1_3_workcopy.xlsx,level=regional;historical_reference=1;team1_pref=北海道;team2_pref=北海道;legacy_note=7回コールド
2019,autumn,hokkaido,,,2019秋季北海道地区大会,F,,白樺学園,12,札幌日大,8,北海道,北海道,,v1_3_workcopy.xlsx / 試合元帳,元帳あり・Web URL未登録,v1_3_workcopy.xlsx,level=regional;historical_reference=1;team1_pref=北海道;team2_pref=北海道
2019,autumn,tohoku,,,2019秋季東北地区大会,1R,,東奥義塾,6,秋田商,3,青森,秋田,,v1_3_workcopy.xlsx / 試合元帳,元帳あり・Web URL未登録,v1_3_workcopy.xlsx,level=regional;historical_reference=1;team1_pref=青森;team2_pref=秋田
2019,autumn,tohoku,,,2019秋季東北地区大会,1R,,磐城,6,東海大山形,0,福島,山形,,v1_3_workcopy.xlsx / 試合元帳,元帳あり・Web URL未登録,v1_3_workcopy.xlsx,level=regional;historical_reference=1;team1_pref=福島;team2_pref=山形
2019,autumn,tohoku,,,2019秋季東北地区大会,2R,,仙台育英,9,明桜,8,宮城,秋田,,v1_3_workcopy.xlsx / 試合元帳,元帳あり・Web URL未登録,v1_3_workcopy.xlsx,level=regional;historical_reference=1;team1_pref=宮城;team2_pref=秋田;legacy_note=延長11回
2019,autumn,tohoku,,,2019秋季東北地区大会,2R,,一関学院,9,日大山形,5,岩手,山形,,v1_3_workcopy.xlsx / 試合元帳,元帳あり・Web URL未登録,v1_3_workcopy.xlsx,level=regional;historical_reference=1;team1_pref=岩手;team2_pref=山形
2019,autumn,tohoku,,,2019秋季東北地区大会,2R,,東奥義塾,3,学法福島,2,青森,福島,,v1_3_workcopy.xlsx / 試合元帳,元帳あり・Web URL未登録,v1_3_workcopy.xlsx,level=regional;historical_reference=1;team1_pref=青森;team2_pref=福島
2019,autumn,tohoku,,,2019秋季東北地区大会,2R,,青森山田,1,仙台商,0,青森,宮城,,v1_3_workcopy.xlsx / 試合元帳,元帳あり・Web URL未登録,v1_3_workcopy.xlsx,level=regional;historical_reference=1;team1_pref=青森;team2_pref=宮城;legacy_note=サヨナラ
2019,autumn,tohoku,,,2019秋季東北地区大会,2R,,盛岡大付,3,弘前東,0,岩手,青森,,v1_3_workcopy.xlsx / 試合元帳,元帳あり・Web URL未登録,v1_3_workcopy.xlsx,level=regional;historical_reference=1;team1_pref=岩手;team2_pref=青森
2019,autumn,tohoku,,,2019秋季東北地区大会,2R,,鶴岡東,10,福島成蹊,0,山形,福島,,v1_3_workcopy.xlsx / 試合元帳,元帳あり・Web URL未登録,v1_3_workcopy.xlsx,level=regional;historical_reference=1;team1_pref=山形;team2_pref=福島;legacy_note=6回コールド
2019,autumn,tohoku,,,2019秋季東北地区大会,2R,,仙台城南,3,花巻東,2,宮城,岩手,,v1_3_workcopy.xlsx / 試合元帳,元帳あり・Web URL未登録,v1_3_workcopy.xlsx,level=regional;historical_reference=1;team1_pref=宮城;team2_pref=岩手;legacy_note=延長11回
2019,autumn,tohoku,,,2019秋季東北地区大会,2R,,磐城,2,能代松陽,1,福島,秋田,,v1_3_workcopy.xlsx / 試合元帳,元帳あり・Web URL未登録,v1_3_workcopy.xlsx,level=regional;historical_reference=1;team1_pref=福島;team2_pref=秋田
2019,autumn,tohoku,,,2019秋季東北地区大会,QF,,盛岡大付,3,東奥義塾,0,岩手,青森,,v1_3_workcopy.xlsx / 試合元帳,元帳あり・Web URL未登録,v1_3_workcopy.xlsx,level=regional;historical_reference=1;team1_pref=岩手;team2_pref=青森
2019,autumn,tohoku,,,2019秋季東北地区大会,QF,,鶴岡東,10,青森山田,5,山形,青森,,v1_3_workcopy.xlsx / 試合元帳,元帳あり・Web URL未登録,v1_3_workcopy.xlsx,level=regional;historical_reference=1;team1_pref=山形;team2_pref=青森
2019,autumn,tohoku,,,2019秋季東北地区大会,QF,,仙台育英,6,一関学院,1,宮城,岩手,,v1_3_workcopy.xlsx / 試合元帳,元帳あり・Web URL未登録,v1_3_workcopy.xlsx,level=regional;historical_reference=1;team1_pref=宮城;team2_pref=岩手
2019,autumn,tohoku,,,2019秋季東北地区大会,QF,,仙台城南,6,磐城,3,宮城,福島,,v1_3_workcopy.xlsx / 試合元帳,元帳あり・Web URL未登録,v1_3_workcopy.xlsx,level=regional;historical_reference=1;team1_pref=宮城;team2_pref=福島
2019,autumn,tohoku,,,2019秋季東北地区大会,SF,,仙台育英,9,盛岡大付,2,宮城,岩手,,v1_3_workcopy.xlsx / 試合元帳,元帳あり・Web URL未登録,v1_3_workcopy.xlsx,level=regional;historical_reference=1;team1_pref=宮城;team2_pref=岩手;legacy_note=8回コールド
2019,autumn,tohoku,,,2019秋季東北地区大会,SF,,鶴岡東,10,仙台城南,0,山形,宮城,,v1_3_workcopy.xlsx / 試合元帳,元帳あり・Web URL未登録,v1_3_workcopy.xlsx,level=regional;historical_reference=1;team1_pref=山形;team2_pref=宮城;legacy_note=6回コールド
2019,autumn,tohoku,,,2019秋季東北地区大会,F,,仙台育英,11,鶴岡東,8,宮城,山形,,v1_3_workcopy.xlsx / 試合元帳,元帳あり・Web URL未登録,v1_3_workcopy.xlsx,level=regional;historical_reference=1;team1_pref=宮城;team2_pref=山形
2019,autumn,kanto_tokyo,,,2019秋季関東地区大会,1R,,東海大相模,14,駿台甲府,2,神奈川,山梨,,v1_3_workcopy.xlsx / 試合元帳,元帳あり・Web URL未登録,v1_3_workcopy.xlsx,level=regional;historical_reference=1;team1_pref=神奈川;team2_pref=山梨;legacy_note=7回コールド
2019,autumn,kanto_tokyo,,,2019秋季関東地区大会,1R,,桐光学園,4,霞ヶ浦,2,神奈川,茨城,,v1_3_workcopy.xlsx / 試合元帳,元帳あり・Web URL未登録,v1_3_workcopy.xlsx,level=regional;historical_reference=1;team1_pref=神奈川;team2_pref=茨城
2019,autumn,kanto_tokyo,,,2019秋季関東地区大会,1R,,習志野,7,前橋育英,3,千葉,群馬,,v1_3_workcopy.xlsx / 試合元帳,元帳あり・Web URL未登録,v1_3_workcopy.xlsx,level=regional;historical_reference=1;team1_pref=千葉;team2_pref=群馬
2019,autumn,kanto_tokyo,,,2019秋季関東地区大会,1R,,健大高崎,5,常総学院,4,群馬,茨城,,v1_3_workcopy.xlsx / 試合元帳,元帳あり・Web URL未登録,v1_3_workcopy.xlsx,level=regional;historical_reference=1;team1_pref=群馬;team2_pref=茨城
2019,autumn,kanto_tokyo,,,2019秋季関東地区大会,1R,,花咲徳栄,11,拓大紅陵,1,埼玉,千葉,,v1_3_workcopy.xlsx / 試合元帳,元帳あり・Web URL未登録,v1_3_workcopy.xlsx,level=regional;historical_reference=1;team1_pref=埼玉;team2_pref=千葉;legacy_note=7回コールド
2019,autumn,kanto_tokyo,,,2019秋季関東地区大会,1R,,西武台,9,青藍泰斗,6,埼玉,栃木,,v1_3_workcopy.xlsx / 試合元帳,元帳あり・Web URL未登録,v1_3_workcopy.xlsx,level=regional;historical_reference=1;team1_pref=埼玉;team2_pref=栃木
2019,autumn,kanto_tokyo,,,2019秋季関東地区大会,1R,,山梨学院,11,文星芸大付,6,山梨,栃木,,v1_3_workcopy.xlsx / 試合元帳,元帳あり・Web URL未登録,v1_3_workcopy.xlsx,level=regional;historical_reference=1;team1_pref=山梨;team2_pref=栃木
2019,autumn,kanto_tokyo,,,2019秋季関東地区大会,QF,,東海大相模,12,習志野,6,神奈川,千葉,,v1_3_workcopy.xlsx / 試合元帳,元帳あり・Web URL未登録,v1_3_workcopy.xlsx,level=regional;historical_reference=1;team1_pref=神奈川;team2_pref=千葉
2019,autumn,kanto_tokyo,,,2019秋季関東地区大会,QF,,健大高崎,3,西武台,2,群馬,埼玉,,v1_3_workcopy.xlsx / 試合元帳,元帳あり・Web URL未登録,v1_3_workcopy.xlsx,level=regional;historical_reference=1;team1_pref=群馬;team2_pref=埼玉;legacy_note=サヨナラ
2019,autumn,kanto_tokyo,,,2019秋季関東地区大会,QF,,山梨学院,2,花咲徳栄,1,山梨,埼玉,,v1_3_workcopy.xlsx / 試合元帳,元帳あり・Web URL未登録,v1_3_workcopy.xlsx,level=regional;historical_reference=1;team1_pref=山梨;team2_pref=埼玉
2019,autumn,kanto_tokyo,,,2019秋季関東地区大会,QF,,桐生第一,10,桐光学園,4,群馬,神奈川,,v1_3_workcopy.xlsx / 試合元帳,元帳あり・Web URL未登録,v1_3_workcopy.xlsx,level=regional;historical_reference=1;team1_pref=群馬;team2_pref=神奈川
2019,autumn,kanto_tokyo,,,2019秋季関東地区大会,SF,,山梨学院,6,桐生第一,5,山梨,群馬,,v1_3_workcopy.xlsx / 試合元帳,元帳あり・Web URL未登録,v1_3_workcopy.xlsx,level=regional;historical_reference=1;team1_pref=山梨;team2_pref=群馬
2019,autumn,kanto_tokyo,,,2019秋季関東地区大会,SF,,健大高崎,8,東海大相模,2,群馬,神奈川,,v1_3_workcopy.xlsx / 試合元帳,元帳あり・Web URL未登録,v1_3_workcopy.xlsx,level=regional;historical_reference=1;team1_pref=群馬;team2_pref=神奈川
2019,autumn,kanto_tokyo,,,2019秋季関東地区大会,F,,健大高崎,3,山梨学院,0,群馬,山梨,,v1_3_workcopy.xlsx / 試合元帳,元帳あり・Web URL未登録,v1_3_workcopy.xlsx,level=regional;historical_reference=1;team1_pref=群馬;team2_pref=山梨
2019,autumn,kanto_tokyo,,,2019秋季東京地区大会,1R,,大森学園,7,東京成徳大高,0,東京,東京,,v1_3_workcopy.xlsx / 試合元帳,元帳あり・Web URL未登録,v1_3_workcopy.xlsx,level=regional;historical_reference=1;team1_pref=東京;team2_pref=東京;legacy_note=8回コールド
2019,autumn,kanto_tokyo,,,2019秋季東京地区大会,1R,,国立,8,岩倉,7,東京,東京,,v1_3_workcopy.xlsx / 試合元帳,元帳あり・Web URL未登録,v1_3_workcopy.xlsx,level=regional;historical_reference=1;team1_pref=東京;team2_pref=東京
2019,autumn,kanto_tokyo,,,2019秋季東京地区大会,1R,,佼成学園,8,片倉,1,東京,東京,,v1_3_workcopy.xlsx / 試合元帳,元帳あり・Web URL未登録,v1_3_workcopy.xlsx,level=regional;historical_reference=1;team1_pref=東京;team2_pref=東京;legacy_note=7回コールド
2019,autumn,kanto_tokyo,,,2019秋季東京地区大会,1R,,日大二,10,小山台,7,東京,東京,,v1_3_workcopy.xlsx / 試合元帳,元帳あり・Web URL未登録,v1_3_workcopy.xlsx,level=regional;historical_reference=1;team1_pref=東京;team2_pref=東京
2019,autumn,kanto_tokyo,,,2019秋季東京地区大会,1R,,修徳,4,日大一,3,東京,東京,,v1_3_workcopy.xlsx / 試合元帳,元帳あり・Web URL未登録,v1_3_workcopy.xlsx,level=regional;historical_reference=1;team1_pref=東京;team2_pref=東京;legacy_note=延長12回サヨナラ
2019,autumn,kanto_tokyo,,,2019秋季東京地区大会,1R,,紅葉川,7,武蔵村山,2,東京,東京,,v1_3_workcopy.xlsx / 試合元帳,元帳あり・Web URL未登録,v1_3_workcopy.xlsx,level=regional;historical_reference=1;team1_pref=東京;team2_pref=東京
2019,autumn,kanto_tokyo,,,2019秋季東京地区大会,1R,,創価,15,目白研心,0,東京,東京,,v1_3_workcopy.xlsx / 試合元帳,元帳あり・Web URL未登録,v1_3_workcopy.xlsx,level=regional;historical_reference=1;team1_pref=東京;team2_pref=東京;legacy_note=5回コールド
2019,autumn,kanto_tokyo,,,2019秋季東京地区大会,1R,,明学東村山,9,八王子実践,2,東京,東京,,v1_3_workcopy.xlsx / 試合元帳,元帳あり・Web URL未登録,v1_3_workcopy.xlsx,level=regional;historical_reference=1;team1_pref=東京;team2_pref=東京;legacy_note=8回コールド
2019,autumn,kanto_tokyo,,,2019秋季東京地区大会,1R,,堀越,11,目黒日大,1,東京,東京,,v1_3_workcopy.xlsx / 試合元帳,元帳あり・Web URL未登録,v1_3_workcopy.xlsx,level=regional;historical_reference=1;team1_pref=東京;team2_pref=東京;legacy_note=7回コールド
2019,autumn,kanto_tokyo,,,2019秋季東京地区大会,1R,,工学院大付,5,立正大立正,2,東京,東京,,v1_3_workcopy.xlsx / 試合元帳,元帳あり・Web URL未登録,v1_3_workcopy.xlsx,level=regional;historical_reference=1;team1_pref=東京;team2_pref=東京
2019,autumn,kanto_tokyo,,,2019秋季東京地区大会,1R,,桜美林,7,練馬,2,東京,東京,,v1_3_workcopy.xlsx / 試合元帳,元帳あり・Web URL未登録,v1_3_workcopy.xlsx,level=regional;historical_reference=1;team1_pref=東京;team2_pref=東京;legacy_note=延長14回、タイブレーク
2019,autumn,kanto_tokyo,,,2019秋季東京地区大会,1R,,錦城学園,9,立教池袋,3,東京,東京,,v1_3_workcopy.xlsx / 試合元帳,元帳あり・Web URL未登録,v1_3_workcopy.xlsx,level=regional;historical_reference=1;team1_pref=東京;team2_pref=東京
2019,autumn,kanto_tokyo,,,2019秋季東京地区大会,1R,,富士森,6,足立西,2,東京,東京,,v1_3_workcopy.xlsx / 試合元帳,元帳あり・Web URL未登録,v1_3_workcopy.xlsx,level=regional;historical_reference=1;team1_pref=東京;team2_pref=東京
2019,autumn,kanto_tokyo,,,2019秋季東京地区大会,1R,,明大中野八王子,7,二松学舎大付,4,東京,東京,,v1_3_workcopy.xlsx / 試合元帳,元帳あり・Web URL未登録,v1_3_workcopy.xlsx,level=regional;historical_reference=1;team1_pref=東京;team2_pref=東京
2019,autumn,kanto_tokyo,,,2019秋季東京地区大会,1R,,城東,1,日体大荏原,0,東京,東京,,v1_3_workcopy.xlsx / 試合元帳,元帳あり・Web URL未登録,v1_3_workcopy.xlsx,level=regional;historical_reference=1;team1_pref=東京;team2_pref=東京
2019,autumn,kanto_tokyo,,,2019秋季東京地区大会,1R,,関東一,4,日大鶴ヶ丘,2,東京,東京,,v1_3_workcopy.xlsx / 試合元帳,元帳あり・Web URL未登録,v1_3_workcopy.xlsx,level=regional;historical_reference=1;team1_pref=東京;team2_pref=東京
2019,autumn,kanto_tokyo,,,2019秋季東京地区大会,1R,,日大三,3,八王子,1,東京,東京,,v1_3_workcopy.xlsx / 試合元帳,元帳あり・Web URL未登録,v1_3_workcopy.xlsx,level=regional;historical_reference=1;team1_pref=東京;team2_pref=東京
2019,autumn,kanto_tokyo,,,2019秋季東京地区大会,1R,,安田学園,2,青山,1,東京,東京,,v1_3_workcopy.xlsx / 試合元帳,元帳あり・Web URL未登録,v1_3_workcopy.xlsx,level=regional;historical_reference=1;team1_pref=東京;team2_pref=東京
2019,autumn,kanto_tokyo,,,2019秋季東京地区大会,1R,,成立学園,3,鷺宮,2,東京,東京,,v1_3_workcopy.xlsx / 試合元帳,元帳あり・Web URL未登録,v1_3_workcopy.xlsx,level=regional;historical_reference=1;team1_pref=東京;team2_pref=東京;legacy_note=延長11回サヨナラ
2019,autumn,kanto_tokyo,,,2019秋季東京地区大会,1R,,帝京,15,法政大高,3,東京,東京,,v1_3_workcopy.xlsx / 試合元帳,元帳あり・Web URL未登録,v1_3_workcopy.xlsx,level=regional;historical_reference=1;team1_pref=東京;team2_pref=東京;legacy_note=5回コールド
2019,autumn,kanto_tokyo,,,2019秋季東京地区大会,1R,,国学院久我山,6,明星,4,東京,東京,,v1_3_workcopy.xlsx / 試合元帳,元帳あり・Web URL未登録,v1_3_workcopy.xlsx,level=regional;historical_reference=1;team1_pref=東京;team2_pref=東京;legacy_note=延長13回
2019,autumn,kanto_tokyo,,,2019秋季東京地区大会,1R,,東京実,5,雪谷,3,東京,東京,,v1_3_workcopy.xlsx / 試合元帳,元帳あり・Web URL未登録,v1_3_workcopy.xlsx,level=regional;historical_reference=1;team1_pref=東京;team2_pref=東京
2019,autumn,kanto_tokyo,,,2019秋季東京地区大会,1R,,駒込学園,5,聖徳学園,2,東京,東京,,v1_3_workcopy.xlsx / 試合元帳,元帳あり・Web URL未登録,v1_3_workcopy.xlsx,level=regional;historical_reference=1;team1_pref=東京;team2_pref=東京
2019,autumn,kanto_tokyo,,,2019秋季東京地区大会,1R,,東亜学園,8,学習院,1,東京,東京,,v1_3_workcopy.xlsx / 試合元帳,元帳あり・Web URL未登録,v1_3_workcopy.xlsx,level=regional;historical_reference=1;team1_pref=東京;team2_pref=東京;legacy_note=7回コールド
2019,autumn,kanto_tokyo,,,2019秋季東京地区大会,1R,,日本学園,11,篠崎,0,東京,東京,,v1_3_workcopy.xlsx / 試合元帳,元帳あり・Web URL未登録,v1_3_workcopy.xlsx,level=regional;historical_reference=1;team1_pref=東京;team2_pref=東京;legacy_note=5回コールド
2019,autumn,kanto_tokyo,,,2019秋季東京地区大会,1R,,日本ウェルネス,5,明治,4,東京,東京,,v1_3_workcopy.xlsx / 試合元帳,元帳あり・Web URL未登録,v1_3_workcopy.xlsx,level=regional;historical_reference=1;team1_pref=東京;team2_pref=東京
2019,autumn,kanto_tokyo,,,2019秋季東京地区大会,1R,,日野,5,明大中野,1,東京,東京,,v1_3_workcopy.xlsx / 試合元帳,元帳あり・Web URL未登録,v1_3_workcopy.xlsx,level=regional;historical_reference=1;team1_pref=東京;team2_pref=東京
2019,autumn,kanto_tokyo,,,2019秋季東京地区大会,1R,,東海大菅生,10,福生,0,東京,東京,,v1_3_workcopy.xlsx / 試合元帳,元帳あり・Web URL未登録,v1_3_workcopy.xlsx,level=regional;historical_reference=1;team1_pref=東京;team2_pref=東京;legacy_note=5回コールド
2019,autumn,kanto_tokyo,,,2019秋季東京地区大会,1R,,東海大高輪台,10,府中工,0,東京,東京,,v1_3_workcopy.xlsx / 試合元帳,元帳あり・Web URL未登録,v1_3_workcopy.xlsx,level=regional;historical_reference=1;team1_pref=東京;team2_pref=東京;legacy_note=6回コールド
2019,autumn,kanto_tokyo,,,2019秋季東京地区大会,1R,,早大学院,9,文京,2,東京,東京,,v1_3_workcopy.xlsx / 試合元帳,元帳あり・Web URL未登録,v1_3_workcopy.xlsx,level=regional;historical_reference=1;team1_pref=東京;team2_pref=東京;legacy_note=8回コールド
2019,autumn,kanto_tokyo,,,2019秋季東京地区大会,1R,,共栄学園,8,南平,1,東京,東京,,v1_3_workcopy.xlsx / 試合元帳,元帳あり・Web URL未登録,v1_3_workcopy.xlsx,level=regional;historical_reference=1;team1_pref=東京;team2_pref=東京;legacy_note=7回コールド
2019,autumn,kanto_tokyo,,,2019秋季東京地区大会,1R,,国士舘,6,世田谷学園,0,東京,東京,,v1_3_workcopy.xlsx / 試合元帳,元帳あり・Web URL未登録,v1_3_workcopy.xlsx,level=regional;historical_reference=1;team1_pref=東京;team2_pref=東京
2019,autumn,kanto_tokyo,,,2019秋季東京地区大会,2R,,錦城学園,6,国学院久我山,2,東京,東京,,v1_3_workcopy.xlsx / 試合元帳,元帳あり・Web URL未登録,v1_3_workcopy.xlsx,level=regional;historical_reference=1;team1_pref=東京;team2_pref=東京
2019,autumn,kanto_tokyo,,,2019秋季東京地区大会,2R,,堀越,11,東京実,4,東京,東京,,v1_3_workcopy.xlsx / 試合元帳,元帳あり・Web URL未登録,v1_3_workcopy.xlsx,level=regional;historical_reference=1;team1_pref=東京;team2_pref=東京;legacy_note=8回コールド
2019,autumn,kanto_tokyo,,,2019秋季東京地区大会,2R,,明大中野八王子,10,工学院大付,0,東京,東京,,v1_3_workcopy.xlsx / 試合元帳,元帳あり・Web URL未登録,v1_3_workcopy.xlsx,level=regional;historical_reference=1;team1_pref=東京;team2_pref=東京
2019,autumn,kanto_tokyo,,,2019秋季東京地区大会,2R,,修徳,14,国立,6,東京,東京,,v1_3_workcopy.xlsx / 試合元帳,元帳あり・Web URL未登録,v1_3_workcopy.xlsx,level=regional;historical_reference=1;team1_pref=東京;team2_pref=東京
2019,autumn,kanto_tokyo,,,2019秋季東京地区大会,2R,,日大二,6,桜美林,1,東京,東京,,v1_3_workcopy.xlsx / 試合元帳,元帳あり・Web URL未登録,v1_3_workcopy.xlsx,level=regional;historical_reference=1;team1_pref=東京;team2_pref=東京
2019,autumn,kanto_tokyo,,,2019秋季東京地区大会,2R,,日本ウェルネス,4,日野,3,東京,東京,,v1_3_workcopy.xlsx / 試合元帳,元帳あり・Web URL未登録,v1_3_workcopy.xlsx,level=regional;historical_reference=1;team1_pref=東京;team2_pref=東京;legacy_note=サヨナラ
2019,autumn,kanto_tokyo,,,2019秋季東京地区大会,2R,,日大三,2,安田学園,0,東京,東京,,v1_3_workcopy.xlsx / 試合元帳,元帳あり・Web URL未登録,v1_3_workcopy.xlsx,level=regional;historical_reference=1;team1_pref=東京;team2_pref=東京
2019,autumn,kanto_tokyo,,,2019秋季東京地区大会,2R,,東海大菅生,11,東海大高輪台,1,東京,東京,,v1_3_workcopy.xlsx / 試合元帳,元帳あり・Web URL未登録,v1_3_workcopy.xlsx,level=regional;historical_reference=1;team1_pref=東京;team2_pref=東京;legacy_note=6回コールド
2019,autumn,kanto_tokyo,,,2019秋季東京地区大会,2R,,関東一,13,駒込学園,0,東京,東京,,v1_3_workcopy.xlsx / 試合元帳,元帳あり・Web URL未登録,v1_3_workcopy.xlsx,level=regional;historical_reference=1;team1_pref=東京;team2_pref=東京;legacy_note=5回コールド
2019,autumn,kanto_tokyo,,,2019秋季東京地区大会,2R,,帝京,7,早大学院,0,東京,東京,,v1_3_workcopy.xlsx / 試合元帳,元帳あり・Web URL未登録,v1_3_workcopy.xlsx,level=regional;historical_reference=1;team1_pref=東京;team2_pref=東京;legacy_note=8回コールド
2019,autumn,kanto_tokyo,,,2019秋季東京地区大会,2R,,日本学園,4,東亜学園,3,東京,東京,,v1_3_workcopy.xlsx / 試合元帳,元帳あり・Web URL未登録,v1_3_workcopy.xlsx,level=regional;historical_reference=1;team1_pref=東京;team2_pref=東京
2019,autumn,kanto_tokyo,,,2019秋季東京地区大会,2R,,創価,6,大森学園,2,東京,東京,,v1_3_workcopy.xlsx / 試合元帳,元帳あり・Web URL未登録,v1_3_workcopy.xlsx,level=regional;historical_reference=1;team1_pref=東京;team2_pref=東京
2019,autumn,kanto_tokyo,,,2019秋季東京地区大会,2R,,城東,3,明学東村山,2,東京,東京,,v1_3_workcopy.xlsx / 試合元帳,元帳あり・Web URL未登録,v1_3_workcopy.xlsx,level=regional;historical_reference=1;team1_pref=東京;team2_pref=東京
2019,autumn,kanto_tokyo,,,2019秋季東京地区大会,2R,,共栄学園,12,成立学園,2,東京,東京,,v1_3_workcopy.xlsx / 試合元帳,元帳あり・Web URL未登録,v1_3_workcopy.xlsx,level=regional;historical_reference=1;team1_pref=東京;team2_pref=東京;legacy_note=8回コールド
2019,autumn,kanto_tokyo,,,2019秋季東京地区大会,2R,,国士舘,11,富士森,9,東京,東京,,v1_3_workcopy.xlsx / 試合元帳,元帳あり・Web URL未登録,v1_3_workcopy.xlsx,level=regional;historical_reference=1;team1_pref=東京;team2_pref=東京
2019,autumn,kanto_tokyo,,,2019秋季東京地区大会,2R,,佼成学園,7,紅葉川,2,東京,東京,,v1_3_workcopy.xlsx / 試合元帳,元帳あり・Web URL未登録,v1_3_workcopy.xlsx,level=regional;historical_reference=1;team1_pref=東京;team2_pref=東京
2019,autumn,kanto_tokyo,,,2019秋季東京地区大会,3R,,日大二,9,日本ウェルネス,4,東京,東京,,v1_3_workcopy.xlsx / 試合元帳,元帳あり・Web URL未登録,v1_3_workcopy.xlsx,level=regional;historical_reference=1;team1_pref=東京;team2_pref=東京
2019,autumn,kanto_tokyo,,,2019秋季東京地区大会,3R,,帝京,9,関東一,7,東京,東京,,v1_3_workcopy.xlsx / 試合元帳,元帳あり・Web URL未登録,v1_3_workcopy.xlsx,level=regional;historical_reference=1;team1_pref=東京;team2_pref=東京
2019,autumn,kanto_tokyo,,,2019秋季東京地区大会,3R,,創価,10,日本学園,0,東京,東京,,v1_3_workcopy.xlsx / 試合元帳,元帳あり・Web URL未登録,v1_3_workcopy.xlsx,level=regional;historical_reference=1;team1_pref=東京;team2_pref=東京;legacy_note=5回コールド
2019,autumn,kanto_tokyo,,,2019秋季東京地区大会,3R,,日大三,7,東海大菅生,5,東京,東京,,v1_3_workcopy.xlsx / 試合元帳,元帳あり・Web URL未登録,v1_3_workcopy.xlsx,level=regional;historical_reference=1;team1_pref=東京;team2_pref=東京
2019,autumn,kanto_tokyo,,,2019秋季東京地区大会,3R,,城東,5,錦城学園,1,東京,東京,,v1_3_workcopy.xlsx / 試合元帳,元帳あり・Web URL未登録,v1_3_workcopy.xlsx,level=regional;historical_reference=1;team1_pref=東京;team2_pref=東京
2019,autumn,kanto_tokyo,,,2019秋季東京地区大会,3R,,共栄学園,4,堀越,2,東京,東京,,v1_3_workcopy.xlsx / 試合元帳,元帳あり・Web URL未登録,v1_3_workcopy.xlsx,level=regional;historical_reference=1;team1_pref=東京;team2_pref=東京
2019,autumn,kanto_tokyo,,,2019秋季東京地区大会,3R,,国士舘,7,明大中野八王子,6,東京,東京,,v1_3_workcopy.xlsx / 試合元帳,元帳あり・Web URL未登録,v1_3_workcopy.xlsx,level=regional;historical_reference=1;team1_pref=東京;team2_pref=東京
2019,autumn,kanto_tokyo,,,2019秋季東京地区大会,3R,,修徳,5,佼成学園,2,東京,東京,,v1_3_workcopy.xlsx / 試合元帳,元帳あり・Web URL未登録,v1_3_workcopy.xlsx,level=regional;historical_reference=1;team1_pref=東京;team2_pref=東京
2019,autumn,kanto_tokyo,,,2019秋季東京地区大会,QF,,城東,7,共栄学園,4,東京,東京,,v1_3_workcopy.xlsx / 試合元帳,元帳あり・Web URL未登録,v1_3_workcopy.xlsx,level=regional;historical_reference=1;team1_pref=東京;team2_pref=東京
2019,autumn,kanto_tokyo,,,2019秋季東京地区大会,QF,,国士舘,8,修徳,4,東京,東京,,v1_3_workcopy.xlsx / 試合元帳,元帳あり・Web URL未登録,v1_3_workcopy.xlsx,level=regional;historical_reference=1;team1_pref=東京;team2_pref=東京;legacy_note=サヨナラ
2019,autumn,kanto_tokyo,,,2019秋季東京地区大会,QF,,帝京,2,日大三,1,東京,東京,,v1_3_workcopy.xlsx / 試合元帳,元帳あり・Web URL未登録,v1_3_workcopy.xlsx,level=regional;historical_reference=1;team1_pref=東京;team2_pref=東京
2019,autumn,kanto_tokyo,,,2019秋季東京地区大会,QF,,創価,6,日大二,2,東京,東京,,v1_3_workcopy.xlsx / 試合元帳,元帳あり・Web URL未登録,v1_3_workcopy.xlsx,level=regional;historical_reference=1;team1_pref=東京;team2_pref=東京
2019,autumn,kanto_tokyo,,,2019秋季東京地区大会,SF,,国士舘,5,城東,0,東京,東京,,v1_3_workcopy.xlsx / 試合元帳,元帳あり・Web URL未登録,v1_3_workcopy.xlsx,level=regional;historical_reference=1;team1_pref=東京;team2_pref=東京
2019,autumn,kanto_tokyo,,,2019秋季東京地区大会,SF,,帝京,3,創価,2,東京,東京,,v1_3_workcopy.xlsx / 試合元帳,元帳あり・Web URL未登録,v1_3_workcopy.xlsx,level=regional;historical_reference=1;team1_pref=東京;team2_pref=東京;legacy_note=サヨナラ
2019,autumn,kanto_tokyo,,,2019秋季東京地区大会,F,,国士舘,6,帝京,0,東京,東京,,v1_3_workcopy.xlsx / 試合元帳,元帳あり・Web URL未登録,v1_3_workcopy.xlsx,level=regional;historical_reference=1;team1_pref=東京;team2_pref=東京
2019,autumn,hokushinetsu,,,2019秋季北信越地区大会,1R,,日本航空石川,11,高岡商,9,石川,富山,,v1_3_workcopy.xlsx / 試合元帳,元帳あり・Web URL未登録,v1_3_workcopy.xlsx,level=regional;historical_reference=1;team1_pref=石川;team2_pref=富山
2019,autumn,hokushinetsu,,,2019秋季北信越地区大会,1R,,敦賀気比,10,加茂暁星,0,福井,新潟,,v1_3_workcopy.xlsx / 試合元帳,元帳あり・Web URL未登録,v1_3_workcopy.xlsx,level=regional;historical_reference=1;team1_pref=福井;team2_pref=新潟;legacy_note=5回コールド
2019,autumn,hokushinetsu,,,2019秋季北信越地区大会,1R,,北越,3,北陸,2,新潟,福井,,v1_3_workcopy.xlsx / 試合元帳,元帳あり・Web URL未登録,v1_3_workcopy.xlsx,level=regional;historical_reference=1;team1_pref=新潟;team2_pref=福井;legacy_note=サヨナラ
2019,autumn,hokushinetsu,,,2019秋季北信越地区大会,1R,,金沢商,13,高岡向陵,1,石川,富山,,v1_3_workcopy.xlsx / 試合元帳,元帳あり・Web URL未登録,v1_3_workcopy.xlsx,level=regional;historical_reference=1;team1_pref=石川;team2_pref=富山;legacy_note=8回コールド
2019,autumn,hokushinetsu,,,2019秋季北信越地区大会,1R,,佐久長聖,6,新潟産大付,0,長野,新潟,,v1_3_workcopy.xlsx / 試合元帳,元帳あり・Web URL未登録,v1_3_workcopy.xlsx,level=regional;historical_reference=1;team1_pref=長野;team2_pref=新潟
2019,autumn,hokushinetsu,,,2019秋季北信越地区大会,1R,,上田西,9,津幡,7,長野,石川,,v1_3_workcopy.xlsx / 試合元帳,元帳あり・Web URL未登録,v1_3_workcopy.xlsx,level=regional;historical_reference=1;team1_pref=長野;team2_pref=石川
2019,autumn,hokushinetsu,,,2019秋季北信越地区大会,1R,,星稜,5,高岡第一,3,石川,富山,,v1_3_workcopy.xlsx / 試合元帳,元帳あり・Web URL未登録,v1_3_workcopy.xlsx,level=regional;historical_reference=1;team1_pref=石川;team2_pref=富山
2019,autumn,hokushinetsu,,,2019秋季北信越地区大会,1R,,敦賀,4,長野日大,1,福井,長野,,v1_3_workcopy.xlsx / 試合元帳,元帳あり・Web URL未登録,v1_3_workcopy.xlsx,level=regional;historical_reference=1;team1_pref=福井;team2_pref=長野
2019,autumn,hokushinetsu,,,2019秋季北信越地区大会,QF,,佐久長聖,1,金沢商,0,長野,石川,,v1_3_workcopy.xlsx / 試合元帳,元帳あり・Web URL未登録,v1_3_workcopy.xlsx,level=regional;historical_reference=1;team1_pref=長野;team2_pref=石川
2019,autumn,hokushinetsu,,,2019秋季北信越地区大会,QF,,星稜,10,敦賀,2,石川,福井,,v1_3_workcopy.xlsx / 試合元帳,元帳あり・Web URL未登録,v1_3_workcopy.xlsx,level=regional;historical_reference=1;team1_pref=石川;team2_pref=福井;legacy_note=7回コールド
2019,autumn,hokushinetsu,,,2019秋季北信越地区大会,QF,,日本航空石川,7,敦賀気比,3,石川,福井,,v1_3_workcopy.xlsx / 試合元帳,元帳あり・Web URL未登録,v1_3_workcopy.xlsx,level=regional;historical_reference=1;team1_pref=石川;team2_pref=福井
2019,autumn,hokushinetsu,,,2019秋季北信越地区大会,QF,,北越,3,上田西,2,新潟,長野,,v1_3_workcopy.xlsx / 試合元帳,元帳あり・Web URL未登録,v1_3_workcopy.xlsx,level=regional;historical_reference=1;team1_pref=新潟;team2_pref=長野
2019,autumn,hokushinetsu,,,2019秋季北信越地区大会,SF,,日本航空石川,9,北越,1,石川,新潟,,v1_3_workcopy.xlsx / 試合元帳,元帳あり・Web URL未登録,v1_3_workcopy.xlsx,level=regional;historical_reference=1;team1_pref=石川;team2_pref=新潟
2019,autumn,hokushinetsu,,,2019秋季北信越地区大会,SF,,星稜,10,佐久長聖,3,石川,長野,,v1_3_workcopy.xlsx / 試合元帳,元帳あり・Web URL未登録,v1_3_workcopy.xlsx,level=regional;historical_reference=1;team1_pref=石川;team2_pref=長野;legacy_note=7回コールド
2019,autumn,hokushinetsu,,,2019秋季北信越地区大会,F,,星稜,19,日本航空石川,1,石川,石川,,v1_3_workcopy.xlsx / 試合元帳,元帳あり・Web URL未登録,v1_3_workcopy.xlsx,level=regional;historical_reference=1;team1_pref=石川;team2_pref=石川
2019,autumn,tokai,,,2019秋季東海地区大会,1R,,豊川,13,大垣商,8,愛知,岐阜,,v1_3_workcopy.xlsx / 試合元帳,元帳あり・Web URL未登録,v1_3_workcopy.xlsx,level=regional;historical_reference=1;team1_pref=愛知;team2_pref=岐阜
2019,autumn,tokai,,,2019秋季東海地区大会,1R,,津商,11,静岡商,2,三重,静岡,,v1_3_workcopy.xlsx / 試合元帳,元帳あり・Web URL未登録,v1_3_workcopy.xlsx,level=regional;historical_reference=1;team1_pref=三重;team2_pref=静岡;legacy_note=7回コールド
2019,autumn,tokai,,,2019秋季東海地区大会,1R,,愛工大名電,6,三重,2,愛知,三重,,v1_3_workcopy.xlsx / 試合元帳,元帳あり・Web URL未登録,v1_3_workcopy.xlsx,level=regional;historical_reference=1;team1_pref=愛知;team2_pref=三重
2019,autumn,tokai,,,2019秋季東海地区大会,1R,,加藤学園,6,大垣西,1,静岡,岐阜,,v1_3_workcopy.xlsx / 試合元帳,元帳あり・Web URL未登録,v1_3_workcopy.xlsx,level=regional;historical_reference=1;team1_pref=静岡;team2_pref=岐阜
2019,autumn,tokai,,,2019秋季東海地区大会,QF,,藤枝明誠,6,豊川,4,静岡,愛知,,v1_3_workcopy.xlsx / 試合元帳,元帳あり・Web URL未登録,v1_3_workcopy.xlsx,level=regional;historical_reference=1;team1_pref=静岡;team2_pref=愛知
2019,autumn,tokai,,,2019秋季東海地区大会,QF,,中京大中京,7,津商,0,愛知,三重,,v1_3_workcopy.xlsx / 試合元帳,元帳あり・Web URL未登録,v1_3_workcopy.xlsx,level=regional;historical_reference=1;team1_pref=愛知;team2_pref=三重;legacy_note=7回コールド
2019,autumn,tokai,,,2019秋季東海地区大会,QF,,県岐阜商,5,愛工大名電,3,岐阜,愛知,,v1_3_workcopy.xlsx / 試合元帳,元帳あり・Web URL未登録,v1_3_workcopy.xlsx,level=regional;historical_reference=1;team1_pref=岐阜;team2_pref=愛知
2019,autumn,tokai,,,2019秋季東海地区大会,QF,,加藤学園,5,近大高専,4,静岡,三重,,v1_3_workcopy.xlsx / 試合元帳,元帳あり・Web URL未登録,v1_3_workcopy.xlsx,level=regional;historical_reference=1;team1_pref=静岡;team2_pref=三重;legacy_note=延長10回
2019,autumn,tokai,,,2019秋季東海地区大会,SF,,中京大中京,12,藤枝明誠,5,愛知,静岡,,v1_3_workcopy.xlsx / 試合元帳,元帳あり・Web URL未登録,v1_3_workcopy.xlsx,level=regional;historical_reference=1;team1_pref=愛知;team2_pref=静岡;legacy_note=8回コールド
2019,autumn,tokai,,,2019秋季東海地区大会,SF,,県岐阜商,4,加藤学園,3,岐阜,静岡,,v1_3_workcopy.xlsx / 試合元帳,元帳あり・Web URL未登録,v1_3_workcopy.xlsx,level=regional;historical_reference=1;team1_pref=岐阜;team2_pref=静岡;legacy_note=延長10回サヨナラ
2019,autumn,tokai,,,2019秋季東海地区大会,F,,中京大中京,9,県岐阜商,6,愛知,岐阜,,v1_3_workcopy.xlsx / 試合元帳,元帳あり・Web URL未登録,v1_3_workcopy.xlsx,level=regional;historical_reference=1;team1_pref=愛知;team2_pref=岐阜
2019,autumn,kinki,,,2019秋季近畿地区大会,1R,,大阪桐蔭,19,立命館守山,1,大阪,滋賀,,v1_3_workcopy.xlsx / 試合元帳,元帳あり・Web URL未登録,v1_3_workcopy.xlsx,level=regional;historical_reference=1;team1_pref=大阪;team2_pref=滋賀;legacy_note=5回コールド
2019,autumn,kinki,,,2019秋季近畿地区大会,1R,,智弁学園,4,神戸国際大付,2,奈良,兵庫,,v1_3_workcopy.xlsx / 試合元帳,元帳あり・Web URL未登録,v1_3_workcopy.xlsx,level=regional;historical_reference=1;team1_pref=奈良;team2_pref=兵庫
2019,autumn,kinki,,,2019秋季近畿地区大会,1R,,智弁和歌山,8,初芝立命館,3,和歌山,大阪,,v1_3_workcopy.xlsx / 試合元帳,元帳あり・Web URL未登録,v1_3_workcopy.xlsx,level=regional;historical_reference=1;team1_pref=和歌山;team2_pref=大阪
2019,autumn,kinki,,,2019秋季近畿地区大会,1R,,明石商,8,東山,3,兵庫,京都,,v1_3_workcopy.xlsx / 試合元帳,元帳あり・Web URL未登録,v1_3_workcopy.xlsx,level=regional;historical_reference=1;team1_pref=兵庫;team2_pref=京都
2019,autumn,kinki,,,2019秋季近畿地区大会,1R,,奈良大付,12,近江,7,奈良,滋賀,,v1_3_workcopy.xlsx / 試合元帳,元帳あり・Web URL未登録,v1_3_workcopy.xlsx,level=regional;historical_reference=1;team1_pref=奈良;team2_pref=滋賀
2019,autumn,kinki,,,2019秋季近畿地区大会,1R,,天理,7,報徳学園,1,奈良,兵庫,,v1_3_workcopy.xlsx / 試合元帳,元帳あり・Web URL未登録,v1_3_workcopy.xlsx,level=regional;historical_reference=1;team1_pref=奈良;team2_pref=兵庫
2019,autumn,kinki,,,2019秋季近畿地区大会,1R,,履正社,13,綾羽,4,大阪,滋賀,,v1_3_workcopy.xlsx / 試合元帳,元帳あり・Web URL未登録,v1_3_workcopy.xlsx,level=regional;historical_reference=1;team1_pref=大阪;team2_pref=滋賀;legacy_note=7回コールド
2019,autumn,kinki,,,2019秋季近畿地区大会,1R,,京都翔英,6,和歌山南陵,2,京都,和歌山,,v1_3_workcopy.xlsx / 試合元帳,元帳あり・Web URL未登録,v1_3_workcopy.xlsx,level=regional;historical_reference=1;team1_pref=京都;team2_pref=和歌山
2019,autumn,kinki,,,2019秋季近畿地区大会,QF,,智弁学園,17,智弁和歌山,13,奈良,和歌山,,v1_3_workcopy.xlsx / 試合元帳,元帳あり・Web URL未登録,v1_3_workcopy.xlsx,level=regional;historical_reference=1;team1_pref=奈良;team2_pref=和歌山
2019,autumn,kinki,,,2019秋季近畿地区大会,QF,,履正社,10,京都翔英,3,大阪,京都,,v1_3_workcopy.xlsx / 試合元帳,元帳あり・Web URL未登録,v1_3_workcopy.xlsx,level=regional;historical_reference=1;team1_pref=大阪;team2_pref=京都;legacy_note=8回コールド
2019,autumn,kinki,,,2019秋季近畿地区大会,QF,,天理,14,奈良大付,0,奈良,奈良,,v1_3_workcopy.xlsx / 試合元帳,元帳あり・Web URL未登録,v1_3_workcopy.xlsx,level=regional;historical_reference=1;team1_pref=奈良;team2_pref=奈良;legacy_note=6回コールド
2019,autumn,kinki,,,2019秋季近畿地区大会,QF,,大阪桐蔭,4,明石商,3,大阪,兵庫,,v1_3_workcopy.xlsx / 試合元帳,元帳あり・Web URL未登録,v1_3_workcopy.xlsx,level=regional;historical_reference=1;team1_pref=大阪;team2_pref=兵庫
2019,autumn,kinki,,,2019秋季近畿地区大会,SF,,天理,5,履正社,4,奈良,大阪,,v1_3_workcopy.xlsx / 試合元帳,元帳あり・Web URL未登録,v1_3_workcopy.xlsx,level=regional;historical_reference=1;team1_pref=奈良;team2_pref=大阪;legacy_note=サヨナラ
2019,autumn,kinki,,,2019秋季近畿地区大会,SF,,大阪桐蔭,6,智弁学園,5,大阪,奈良,,v1_3_workcopy.xlsx / 試合元帳,元帳あり・Web URL未登録,v1_3_workcopy.xlsx,level=regional;historical_reference=1;team1_pref=大阪;team2_pref=奈良;legacy_note=サヨナラ
2019,autumn,kinki,,,2019秋季近畿地区大会,F,,天理,12,大阪桐蔭,4,奈良,大阪,,v1_3_workcopy.xlsx / 試合元帳,元帳あり・Web URL未登録,v1_3_workcopy.xlsx,level=regional;historical_reference=1;team1_pref=奈良;team2_pref=大阪
2019,autumn,chugoku,,,2019秋季中国地区大会,1R,,鳥取城北,3,南陽工,2,鳥取,山口,,v1_3_workcopy.xlsx / 試合元帳,元帳あり・Web URL未登録,v1_3_workcopy.xlsx,level=regional;historical_reference=1;team1_pref=鳥取;team2_pref=山口
2019,autumn,chugoku,,,2019秋季中国地区大会,1R,,平田,2,尾道商,0,島根,広島,,v1_3_workcopy.xlsx / 試合元帳,元帳あり・Web URL未登録,v1_3_workcopy.xlsx,level=regional;historical_reference=1;team1_pref=島根;team2_pref=広島
2019,autumn,chugoku,,,2019秋季中国地区大会,1R,,倉敷商,2,境,0,岡山,鳥取,,v1_3_workcopy.xlsx / 試合元帳,元帳あり・Web URL未登録,v1_3_workcopy.xlsx,level=regional;historical_reference=1;team1_pref=岡山;team2_pref=鳥取
2019,autumn,chugoku,,,2019秋季中国地区大会,1R,,創志学園,9,倉吉東,0,岡山,鳥取,,v1_3_workcopy.xlsx / 試合元帳,元帳あり・Web URL未登録,v1_3_workcopy.xlsx,level=regional;historical_reference=1;team1_pref=岡山;team2_pref=鳥取;legacy_note=7回コールド
2019,autumn,chugoku,,,2019秋季中国地区大会,1R,,矢上,6,盈進,3,島根,広島,,v1_3_workcopy.xlsx / 試合元帳,元帳あり・Web URL未登録,v1_3_workcopy.xlsx,level=regional;historical_reference=1;team1_pref=島根;team2_pref=広島;legacy_note=延長13回
2019,autumn,chugoku,,,2019秋季中国地区大会,1R,,出雲西,5,豊浦,4,島根,山口,,v1_3_workcopy.xlsx / 試合元帳,元帳あり・Web URL未登録,v1_3_workcopy.xlsx,level=regional;historical_reference=1;team1_pref=島根;team2_pref=山口;legacy_note=延長10回サヨナラ
2019,autumn,chugoku,,,2019秋季中国地区大会,1R,,広島新庄,3,八頭,1,広島,鳥取,,v1_3_workcopy.xlsx / 試合元帳,元帳あり・Web URL未登録,v1_3_workcopy.xlsx,level=regional;historical_reference=1;team1_pref=広島;team2_pref=鳥取
2019,autumn,chugoku,,,2019秋季中国地区大会,1R,,高川学園,7,おかやま山陽,5,山口,岡山,,v1_3_workcopy.xlsx / 試合元帳,元帳あり・Web URL未登録,v1_3_workcopy.xlsx,level=regional;historical_reference=1;team1_pref=山口;team2_pref=岡山
2019,autumn,chugoku,,,2019秋季中国地区大会,QF,,創志学園,5,出雲西,1,岡山,島根,,v1_3_workcopy.xlsx / 試合元帳,元帳あり・Web URL未登録,v1_3_workcopy.xlsx,level=regional;historical_reference=1;team1_pref=岡山;team2_pref=島根
2019,autumn,chugoku,,,2019秋季中国地区大会,QF,,鳥取城北,9,平田,2,鳥取,島根,,v1_3_workcopy.xlsx / 試合元帳,元帳あり・Web URL未登録,v1_3_workcopy.xlsx,level=regional;historical_reference=1;team1_pref=鳥取;team2_pref=島根;legacy_note=8回コールド
2019,autumn,chugoku,,,2019秋季中国地区大会,QF,,広島新庄,5,高川学園,4,広島,山口,,v1_3_workcopy.xlsx / 試合元帳,元帳あり・Web URL未登録,v1_3_workcopy.xlsx,level=regional;historical_reference=1;team1_pref=広島;team2_pref=山口
2019,autumn,chugoku,,,2019秋季中国地区大会,QF,,倉敷商,10,矢上,9,岡山,島根,,v1_3_workcopy.xlsx / 試合元帳,元帳あり・Web URL未登録,v1_3_workcopy.xlsx,level=regional;historical_reference=1;team1_pref=岡山;team2_pref=島根;legacy_note=延長11回
2019,autumn,chugoku,,,2019秋季中国地区大会,SF,,鳥取城北,13,創志学園,6,鳥取,岡山,,v1_3_workcopy.xlsx / 試合元帳,元帳あり・Web URL未登録,v1_3_workcopy.xlsx,level=regional;historical_reference=1;team1_pref=鳥取;team2_pref=岡山;legacy_note=7回コールド
2019,autumn,chugoku,,,2019秋季中国地区大会,SF,,倉敷商,7,広島新庄,4,岡山,広島,,v1_3_workcopy.xlsx / 試合元帳,元帳あり・Web URL未登録,v1_3_workcopy.xlsx,level=regional;historical_reference=1;team1_pref=岡山;team2_pref=広島;legacy_note=延長11回
2019,autumn,chugoku,,,2019秋季中国地区大会,F,,倉敷商,9,鳥取城北,7,岡山,鳥取,,v1_3_workcopy.xlsx / 試合元帳,元帳あり・Web URL未登録,v1_3_workcopy.xlsx,level=regional;historical_reference=1;team1_pref=岡山;team2_pref=鳥取
2019,autumn,shikoku,,,2019秋季四国地区大会,1R,,新田,6,川島,0,愛媛,徳島,,v1_3_workcopy.xlsx / 試合元帳,元帳あり・Web URL未登録,v1_3_workcopy.xlsx,level=regional;historical_reference=1;team1_pref=愛媛;team2_pref=徳島
2019,autumn,shikoku,,,2019秋季四国地区大会,1R,,城東,6,大手前高松,4,徳島,香川,,v1_3_workcopy.xlsx / 試合元帳,元帳あり・Web URL未登録,v1_3_workcopy.xlsx,level=regional;historical_reference=1;team1_pref=徳島;team2_pref=香川
2019,autumn,shikoku,,,2019秋季四国地区大会,1R,,岡豊,5,英明,1,高知,香川,,v1_3_workcopy.xlsx / 試合元帳,元帳あり・Web URL未登録,v1_3_workcopy.xlsx,level=regional;historical_reference=1;team1_pref=高知;team2_pref=香川
2019,autumn,shikoku,,,2019秋季四国地区大会,1R,,明徳義塾,8,小松,1,高知,愛媛,,v1_3_workcopy.xlsx / 試合元帳,元帳あり・Web URL未登録,v1_3_workcopy.xlsx,level=regional;historical_reference=1;team1_pref=高知;team2_pref=愛媛;legacy_note=7回コールド
2019,autumn,shikoku,,,2019秋季四国地区大会,QF,,尽誠学園,7,新田,3,香川,愛媛,,v1_3_workcopy.xlsx / 試合元帳,元帳あり・Web URL未登録,v1_3_workcopy.xlsx,level=regional;historical_reference=1;team1_pref=香川;team2_pref=愛媛
2019,autumn,shikoku,,,2019秋季四国地区大会,QF,,高知中央,13,城東,3,高知,徳島,,v1_3_workcopy.xlsx / 試合元帳,元帳あり・Web URL未登録,v1_3_workcopy.xlsx,level=regional;historical_reference=1;team1_pref=高知;team2_pref=徳島;legacy_note=5回コールド
2019,autumn,shikoku,,,2019秋季四国地区大会,QF,,明徳義塾,8,徳島北,1,高知,徳島,,v1_3_workcopy.xlsx / 試合元帳,元帳あり・Web URL未登録,v1_3_workcopy.xlsx,level=regional;historical_reference=1;team1_pref=高知;team2_pref=徳島
2019,autumn,shikoku,,,2019秋季四国地区大会,QF,,岡豊,5,済美,4,高知,愛媛,,v1_3_workcopy.xlsx / 試合元帳,元帳あり・Web URL未登録,v1_3_workcopy.xlsx,level=regional;historical_reference=1;team1_pref=高知;team2_pref=愛媛;legacy_note=延長10回
2019,autumn,shikoku,,,2019秋季四国地区大会,SF,,明徳義塾,16,高知中央,1,高知,高知,,v1_3_workcopy.xlsx / 試合元帳,元帳あり・Web URL未登録,v1_3_workcopy.xlsx,level=regional;historical_reference=1;team1_pref=高知;team2_pref=高知;legacy_note=5回コールド
2019,autumn,shikoku,,,2019秋季四国地区大会,SF,,尽誠学園,13,岡豊,2,香川,高知,,v1_3_workcopy.xlsx / 試合元帳,元帳あり・Web URL未登録,v1_3_workcopy.xlsx,level=regional;historical_reference=1;team1_pref=香川;team2_pref=高知;legacy_note=6回コールド
2019,autumn,shikoku,,,2019秋季四国地区大会,F,,明徳義塾,8,尽誠学園,1,高知,香川,,v1_3_workcopy.xlsx / 試合元帳,元帳あり・Web URL未登録,v1_3_workcopy.xlsx,level=regional;historical_reference=1;team1_pref=高知;team2_pref=香川
2019,autumn,kyushu,,,2019秋季九州地区大会,1R,,宮崎日大,3,鹿児島実,2,宮崎,鹿児島,,v1_3_workcopy.xlsx / 試合元帳,元帳あり・Web URL未登録,v1_3_workcopy.xlsx,level=regional;historical_reference=1;team1_pref=宮崎;team2_pref=鹿児島
2019,autumn,kyushu,,,2019秋季九州地区大会,1R,,創成館,4,熊本国府,2,長崎,熊本,,v1_3_workcopy.xlsx / 試合元帳,元帳あり・Web URL未登録,v1_3_workcopy.xlsx,level=regional;historical_reference=1;team1_pref=長崎;team2_pref=熊本
2019,autumn,kyushu,,,2019秋季九州地区大会,1R,,明豊,20,唐津商,14,大分,佐賀,,v1_3_workcopy.xlsx / 試合元帳,元帳あり・Web URL未登録,v1_3_workcopy.xlsx,level=regional;historical_reference=1;team1_pref=大分;team2_pref=佐賀
2019,autumn,kyushu,,,2019秋季九州地区大会,1R,,沖縄尚学,2,福岡工大城東,1,沖縄,福岡,,v1_3_workcopy.xlsx / 試合元帳,元帳あり・Web URL未登録,v1_3_workcopy.xlsx,level=regional;historical_reference=1;team1_pref=沖縄;team2_pref=福岡
2019,autumn,kyushu,,,2019秋季九州地区大会,1R,,福岡第一,8,八重山農林,1,福岡,沖縄,,v1_3_workcopy.xlsx / 試合元帳,元帳あり・Web URL未登録,v1_3_workcopy.xlsx,level=regional;historical_reference=1;team1_pref=福岡;team2_pref=沖縄;legacy_note=7回コールド
2019,autumn,kyushu,,,2019秋季九州地区大会,1R,,城北,8,富島,7,熊本,宮崎,,v1_3_workcopy.xlsx / 試合元帳,元帳あり・Web URL未登録,v1_3_workcopy.xlsx,level=regional;historical_reference=1;team1_pref=熊本;team2_pref=宮崎;legacy_note=サヨナラ
2019,autumn,kyushu,,,2019秋季九州地区大会,1R,,大分商,4,大崎,3,大分,長崎,,v1_3_workcopy.xlsx / 試合元帳,元帳あり・Web URL未登録,v1_3_workcopy.xlsx,level=regional;historical_reference=1;team1_pref=大分;team2_pref=長崎;legacy_note=延長10回
2019,autumn,kyushu,,,2019秋季九州地区大会,1R,,鹿児島城西,7,佐賀学園,0,鹿児島,佐賀,,v1_3_workcopy.xlsx / 試合元帳,元帳あり・Web URL未登録,v1_3_workcopy.xlsx,level=regional;historical_reference=1;team1_pref=鹿児島;team2_pref=佐賀;legacy_note=7回コールド
2019,autumn,kyushu,,,2019秋季九州地区大会,QF,,創成館,4,宮崎日大,3,長崎,宮崎,,v1_3_workcopy.xlsx / 試合元帳,元帳あり・Web URL未登録,v1_3_workcopy.xlsx,level=regional;historical_reference=1;team1_pref=長崎;team2_pref=宮崎;legacy_note=サヨナラ
2019,autumn,kyushu,,,2019秋季九州地区大会,QF,,明豊,7,沖縄尚学,6,大分,沖縄,,v1_3_workcopy.xlsx / 試合元帳,元帳あり・Web URL未登録,v1_3_workcopy.xlsx,level=regional;historical_reference=1;team1_pref=大分;team2_pref=沖縄
2019,autumn,kyushu,,,2019秋季九州地区大会,QF,,鹿児島城西,8,城北,0,鹿児島,熊本,,v1_3_workcopy.xlsx / 試合元帳,元帳あり・Web URL未登録,v1_3_workcopy.xlsx,level=regional;historical_reference=1;team1_pref=鹿児島;team2_pref=熊本
2019,autumn,kyushu,,,2019秋季九州地区大会,QF,,大分商,5,福岡第一,2,大分,福岡,,v1_3_workcopy.xlsx / 試合元帳,元帳あり・Web URL未登録,v1_3_workcopy.xlsx,level=regional;historical_reference=1;team1_pref=大分;team2_pref=福岡
2019,autumn,kyushu,,,2019秋季九州地区大会,SF,,大分商,6,鹿児島城西,3,大分,鹿児島,,v1_3_workcopy.xlsx / 試合元帳,元帳あり・Web URL未登録,v1_3_workcopy.xlsx,level=regional;historical_reference=1;team1_pref=大分;team2_pref=鹿児島
2019,autumn,kyushu,,,2019秋季九州地区大会,SF,,明豊,3,創成館,2,大分,長崎,,v1_3_workcopy.xlsx / 試合元帳,元帳あり・Web URL未登録,v1_3_workcopy.xlsx,level=regional;historical_reference=1;team1_pref=大分;team2_pref=長崎
2019,autumn,kyushu,,,2019秋季九州地区大会,F,,明豊,13,大分商,5,大分,大分,,v1_3_workcopy.xlsx / 試合元帳,元帳あり・Web URL未登録,v1_3_workcopy.xlsx,level=regional;historical_reference=1;team1_pref=大分;team2_pref=大分
2019,jingu,national,,,2019明治神宮大会,1R,,健大高崎,7,倉敷商,1,群馬,岡山,,v1_3_workcopy.xlsx / 試合元帳,元帳あり・Web URL未登録,v1_3_workcopy.xlsx,level=national;historical_reference=1;team1_pref=群馬;team2_pref=岡山;legacy_note=延長10回、タイブレーク
2019,jingu,national,,,2019明治神宮大会,1R,,明徳義塾,8,星稜,5,高知,石川,,v1_3_workcopy.xlsx / 試合元帳,元帳あり・Web URL未登録,v1_3_workcopy.xlsx,level=national;historical_reference=1;team1_pref=高知;team2_pref=石川
2019,jingu,national,,,2019明治神宮大会,QF,,白樺学園,4,国士舘,3,北海道,東京,,v1_3_workcopy.xlsx / 試合元帳,元帳あり・Web URL未登録,v1_3_workcopy.xlsx,level=national;historical_reference=1;team1_pref=北海道;team2_pref=東京
2019,jingu,national,,,2019明治神宮大会,QF,,天理,8,仙台育英,6,奈良,宮城,,v1_3_workcopy.xlsx / 試合元帳,元帳あり・Web URL未登録,v1_3_workcopy.xlsx,level=national;historical_reference=1;team1_pref=奈良;team2_pref=宮城
2019,jingu,national,,,2019明治神宮大会,QF,,健大高崎,5,明豊,4,群馬,大分,,v1_3_workcopy.xlsx / 試合元帳,元帳あり・Web URL未登録,v1_3_workcopy.xlsx,level=national;historical_reference=1;team1_pref=群馬;team2_pref=大分;legacy_note=延長10回サヨナラ、タイブレーク
2019,jingu,national,,,2019明治神宮大会,QF,,中京大中京,8,明徳義塾,0,愛知,高知,,v1_3_workcopy.xlsx / 試合元帳,元帳あり・Web URL未登録,v1_3_workcopy.xlsx,level=national;historical_reference=1;team1_pref=愛知;team2_pref=高知;legacy_note=7回コールド
2019,jingu,national,,,2019明治神宮大会,SF,,健大高崎,3,白樺学園,2,群馬,北海道,,v1_3_workcopy.xlsx / 試合元帳,元帳あり・Web URL未登録,v1_3_workcopy.xlsx,level=national;historical_reference=1;team1_pref=群馬;team2_pref=北海道
2019,jingu,national,,,2019明治神宮大会,SF,,中京大中京,10,天理,9,愛知,奈良,,v1_3_workcopy.xlsx / 試合元帳,元帳あり・Web URL未登録,v1_3_workcopy.xlsx,level=national;historical_reference=1;team1_pref=愛知;team2_pref=奈良;legacy_note=サヨナラ
2019,jingu,national,,,2019明治神宮大会,F,,中京大中京,4,健大高崎,3,愛知,群馬,,v1_3_workcopy.xlsx / 試合元帳,元帳あり・Web URL未登録,v1_3_workcopy.xlsx,level=national;historical_reference=1;team1_pref=愛知;team2_pref=群馬
2020,autumn,hokkaido,,,2020秋季北海道地区大会,1R,,函館大有斗,8,遠軽,7,北海道,北海道,,v1_3_workcopy.xlsx / 試合元帳,元帳あり・Web URL未登録,v1_3_workcopy.xlsx,level=regional;historical_reference=1;team1_pref=北海道;team2_pref=北海道
2020,autumn,hokkaido,,,2020秋季北海道地区大会,1R,,札幌第一,10,稚内大谷,0,北海道,北海道,,v1_3_workcopy.xlsx / 試合元帳,元帳あり・Web URL未登録,v1_3_workcopy.xlsx,level=regional;historical_reference=1;team1_pref=北海道;team2_pref=北海道;legacy_note=5回コールド
2020,autumn,hokkaido,,,2020秋季北海道地区大会,1R,,北海,4,帯広農,0,北海道,北海道,,v1_3_workcopy.xlsx / 試合元帳,元帳あり・Web URL未登録,v1_3_workcopy.xlsx,level=regional;historical_reference=1;team1_pref=北海道;team2_pref=北海道
2020,autumn,hokkaido,,,2020秋季北海道地区大会,1R,,札幌光星,5,千歳,3,北海道,北海道,,v1_3_workcopy.xlsx / 試合元帳,元帳あり・Web URL未登録,v1_3_workcopy.xlsx,level=regional;historical_reference=1;team1_pref=北海道;team2_pref=北海道
2020,autumn,hokkaido,,,2020秋季北海道地区大会,2R,,知内,10,中標津,3,北海道,北海道,,v1_3_workcopy.xlsx / 試合元帳,元帳あり・Web URL未登録,v1_3_workcopy.xlsx,level=regional;historical_reference=1;team1_pref=北海道;team2_pref=北海道;legacy_note=7回コールド
2020,autumn,hokkaido,,,2020秋季北海道地区大会,2R,,旭川実,7,白樺学園,1,北海道,北海道,,v1_3_workcopy.xlsx / 試合元帳,元帳あり・Web URL未登録,v1_3_workcopy.xlsx,level=regional;historical_reference=1;team1_pref=北海道;team2_pref=北海道
2020,autumn,hokkaido,,,2020秋季北海道地区大会,2R,,札幌日大,6,クラーク国際,2,北海道,北海道,,v1_3_workcopy.xlsx / 試合元帳,元帳あり・Web URL未登録,v1_3_workcopy.xlsx,level=regional;historical_reference=1;team1_pref=北海道;team2_pref=北海道
2020,autumn,hokkaido,,,2020秋季北海道地区大会,2R,,武修館,12,小樽双葉,5,北海道,北海道,,v1_3_workcopy.xlsx / 試合元帳,元帳あり・Web URL未登録,v1_3_workcopy.xlsx,level=regional;historical_reference=1;team1_pref=北海道;team2_pref=北海道;legacy_note=7回コールド
2020,autumn,hokkaido,,,2020秋季北海道地区大会,2R,,函館大有斗,6,札幌国際情報,4,北海道,北海道,,v1_3_workcopy.xlsx / 試合元帳,元帳あり・Web URL未登録,v1_3_workcopy.xlsx,level=regional;historical_reference=1;team1_pref=北海道;team2_pref=北海道;legacy_note=延長11回
2020,autumn,hokkaido,,,2020秋季北海道地区大会,2R,,駒大苫小牧,5,札幌第一,4,北海道,北海道,,v1_3_workcopy.xlsx / 試合元帳,元帳あり・Web URL未登録,v1_3_workcopy.xlsx,level=regional;historical_reference=1;team1_pref=北海道;team2_pref=北海道
2020,autumn,hokkaido,,,2020秋季北海道地区大会,2R,,札幌光星,4,北海道栄,0,北海道,北海道,,v1_3_workcopy.xlsx / 試合元帳,元帳あり・Web URL未登録,v1_3_workcopy.xlsx,level=regional;historical_reference=1;team1_pref=北海道;team2_pref=北海道
2020,autumn,hokkaido,,,2020秋季北海道地区大会,2R,,北海,7,旭川大高,1,北海道,北海道,,v1_3_workcopy.xlsx / 試合元帳,元帳あり・Web URL未登録,v1_3_workcopy.xlsx,level=regional;historical_reference=1;team1_pref=北海道;team2_pref=北海道
2020,autumn,hokkaido,,,2020秋季北海道地区大会,QF,,旭川実,11,函館大有斗,2,北海道,北海道,,v1_3_workcopy.xlsx / 試合元帳,元帳あり・Web URL未登録,v1_3_workcopy.xlsx,level=regional;historical_reference=1;team1_pref=北海道;team2_pref=北海道;legacy_note=7回コールド
2020,autumn,hokkaido,,,2020秋季北海道地区大会,QF,,武修館,11,札幌光星,10,北海道,北海道,,v1_3_workcopy.xlsx / 試合元帳,元帳あり・Web URL未登録,v1_3_workcopy.xlsx,level=regional;historical_reference=1;team1_pref=北海道;team2_pref=北海道;legacy_note=延長10回サヨナラ
2020,autumn,hokkaido,,,2020秋季北海道地区大会,QF,,知内,3,駒大苫小牧,2,北海道,北海道,,v1_3_workcopy.xlsx / 試合元帳,元帳あり・Web URL未登録,v1_3_workcopy.xlsx,level=regional;historical_reference=1;team1_pref=北海道;team2_pref=北海道
2020,autumn,hokkaido,,,2020秋季北海道地区大会,QF,,北海,10,札幌日大,0,北海道,北海道,,v1_3_workcopy.xlsx / 試合元帳,元帳あり・Web URL未登録,v1_3_workcopy.xlsx,level=regional;historical_reference=1;team1_pref=北海道;team2_pref=北海道;legacy_note=7回コールド
2020,autumn,hokkaido,,,2020秋季北海道地区大会,SF,,北海,6,知内,0,北海道,北海道,,v1_3_workcopy.xlsx / 試合元帳,元帳あり・Web URL未登録,v1_3_workcopy.xlsx,level=regional;historical_reference=1;team1_pref=北海道;team2_pref=北海道
2020,autumn,hokkaido,,,2020秋季北海道地区大会,SF,,旭川実,10,武修館,1,北海道,北海道,,v1_3_workcopy.xlsx / 試合元帳,元帳あり・Web URL未登録,v1_3_workcopy.xlsx,level=regional;historical_reference=1;team1_pref=北海道;team2_pref=北海道;legacy_note=7回コールド
2020,autumn,hokkaido,,,2020秋季北海道地区大会,F,,北海,1,旭川実,0,北海道,北海道,,v1_3_workcopy.xlsx / 試合元帳,元帳あり・Web URL未登録,v1_3_workcopy.xlsx,level=regional;historical_reference=1;team1_pref=北海道;team2_pref=北海道
2020,autumn,tohoku,,,2020秋季東北地区大会,1R,,花巻東,7,鶴岡東,2,岩手,山形,,v1_3_workcopy.xlsx / 試合元帳,元帳あり・Web URL未登録,v1_3_workcopy.xlsx,level=regional;historical_reference=1;team1_pref=岩手;team2_pref=山形
2020,autumn,tohoku,,,2020秋季東北地区大会,1R,,柴田,7,学法石川,2,宮城,福島,,v1_3_workcopy.xlsx / 試合元帳,元帳あり・Web URL未登録,v1_3_workcopy.xlsx,level=regional;historical_reference=1;team1_pref=宮城;team2_pref=福島
2020,autumn,tohoku,,,2020秋季東北地区大会,2R,,仙台育英,7,湯沢翔北,0,宮城,秋田,,v1_3_workcopy.xlsx / 試合元帳,元帳あり・Web URL未登録,v1_3_workcopy.xlsx,level=regional;historical_reference=1;team1_pref=宮城;team2_pref=秋田;legacy_note=8回コールド
2020,autumn,tohoku,,,2020秋季東北地区大会,2R,,羽黒,10,盛岡大付,7,山形,岩手,,v1_3_workcopy.xlsx / 試合元帳,元帳あり・Web URL未登録,v1_3_workcopy.xlsx,level=regional;historical_reference=1;team1_pref=山形;team2_pref=岩手
2020,autumn,tohoku,,,2020秋季東北地区大会,2R,,日大山形,5,聖愛,3,山形,青森,,v1_3_workcopy.xlsx / 試合元帳,元帳あり・Web URL未登録,v1_3_workcopy.xlsx,level=regional;historical_reference=1;team1_pref=山形;team2_pref=青森
2020,autumn,tohoku,,,2020秋季東北地区大会,2R,,東北,4,由利工,1,宮城,秋田,,v1_3_workcopy.xlsx / 試合元帳,元帳あり・Web URL未登録,v1_3_workcopy.xlsx,level=regional;historical_reference=1;team1_pref=宮城;team2_pref=秋田
2020,autumn,tohoku,,,2020秋季東北地区大会,2R,,花巻東,2,角館,1,岩手,秋田,,v1_3_workcopy.xlsx / 試合元帳,元帳あり・Web URL未登録,v1_3_workcopy.xlsx,level=regional;historical_reference=1;team1_pref=岩手;team2_pref=秋田;legacy_note=サヨナラ
2020,autumn,tohoku,,,2020秋季東北地区大会,2R,,八戸西,10,福島商,3,青森,福島,,v1_3_workcopy.xlsx / 試合元帳,元帳あり・Web URL未登録,v1_3_workcopy.xlsx,level=regional;historical_reference=1;team1_pref=青森;team2_pref=福島;legacy_note=7回コールド
2020,autumn,tohoku,,,2020秋季東北地区大会,2R,,柴田,6,八戸学院光星,2,宮城,青森,,v1_3_workcopy.xlsx / 試合元帳,元帳あり・Web URL未登録,v1_3_workcopy.xlsx,level=regional;historical_reference=1;team1_pref=宮城;team2_pref=青森
2020,autumn,tohoku,,,2020秋季東北地区大会,2R,,東日大昌平,9,一関学院,6,福島,岩手,,v1_3_workcopy.xlsx / 試合元帳,元帳あり・Web URL未登録,v1_3_workcopy.xlsx,level=regional;historical_reference=1;team1_pref=福島;team2_pref=岩手
2020,autumn,tohoku,,,2020秋季東北地区大会,QF,,仙台育英,11,羽黒,2,宮城,山形,,v1_3_workcopy.xlsx / 試合元帳,元帳あり・Web URL未登録,v1_3_workcopy.xlsx,level=regional;historical_reference=1;team1_pref=宮城;team2_pref=山形;legacy_note=7回コールド
2020,autumn,tohoku,,,2020秋季東北地区大会,QF,,花巻東,2,八戸西,1,岩手,青森,,v1_3_workcopy.xlsx / 試合元帳,元帳あり・Web URL未登録,v1_3_workcopy.xlsx,level=regional;historical_reference=1;team1_pref=岩手;team2_pref=青森
2020,autumn,tohoku,,,2020秋季東北地区大会,QF,,柴田,15,東日大昌平,10,宮城,福島,,v1_3_workcopy.xlsx / 試合元帳,元帳あり・Web URL未登録,v1_3_workcopy.xlsx,level=regional;historical_reference=1;team1_pref=宮城;team2_pref=福島
2020,autumn,tohoku,,,2020秋季東北地区大会,QF,,日大山形,7,東北,4,山形,宮城,,v1_3_workcopy.xlsx / 試合元帳,元帳あり・Web URL未登録,v1_3_workcopy.xlsx,level=regional;historical_reference=1;team1_pref=山形;team2_pref=宮城
2020,autumn,tohoku,,,2020秋季東北地区大会,SF,,仙台育英,1,花巻東,0,宮城,岩手,,v1_3_workcopy.xlsx / 試合元帳,元帳あり・Web URL未登録,v1_3_workcopy.xlsx,level=regional;historical_reference=1;team1_pref=宮城;team2_pref=岩手
2020,autumn,tohoku,,,2020秋季東北地区大会,SF,,柴田,6,日大山形,0,宮城,山形,,v1_3_workcopy.xlsx / 試合元帳,元帳あり・Web URL未登録,v1_3_workcopy.xlsx,level=regional;historical_reference=1;team1_pref=宮城;team2_pref=山形
2020,autumn,tohoku,,,2020秋季東北地区大会,F,,仙台育英,18,柴田,1,宮城,宮城,,v1_3_workcopy.xlsx / 試合元帳,元帳あり・Web URL未登録,v1_3_workcopy.xlsx,level=regional;historical_reference=1;team1_pref=宮城;team2_pref=宮城
2020,autumn,kanto_tokyo,,,2020秋季関東地区大会,1R,,国学院栃木,6,東京学館,5,栃木,千葉,,v1_3_workcopy.xlsx / 試合元帳,元帳あり・Web URL未登録,v1_3_workcopy.xlsx,level=regional;historical_reference=1;team1_pref=栃木;team2_pref=千葉
2020,autumn,kanto_tokyo,,,2020秋季関東地区大会,1R,,常総学院,9,前橋商,0,茨城,群馬,,v1_3_workcopy.xlsx / 試合元帳,元帳あり・Web URL未登録,v1_3_workcopy.xlsx,level=regional;historical_reference=1;team1_pref=茨城;team2_pref=群馬;legacy_note=7回コールド
2020,autumn,kanto_tokyo,,,2020秋季関東地区大会,1R,,健大高崎,6,日本航空,1,群馬,山梨,,v1_3_workcopy.xlsx / 試合元帳,元帳あり・Web URL未登録,v1_3_workcopy.xlsx,level=regional;historical_reference=1;team1_pref=群馬;team2_pref=山梨
2020,autumn,kanto_tokyo,,,2020秋季関東地区大会,1R,,専大松戸,8,鹿島学園,0,千葉,茨城,,v1_3_workcopy.xlsx / 試合元帳,元帳あり・Web URL未登録,v1_3_workcopy.xlsx,level=regional;historical_reference=1;team1_pref=千葉;team2_pref=茨城
2020,autumn,kanto_tokyo,,,2020秋季関東地区大会,1R,,東海大相模,7,石橋,0,神奈川,栃木,,v1_3_workcopy.xlsx / 試合元帳,元帳あり・Web URL未登録,v1_3_workcopy.xlsx,level=regional;historical_reference=1;team1_pref=神奈川;team2_pref=栃木;legacy_note=7回コールド
2020,autumn,kanto_tokyo,,,2020秋季関東地区大会,1R,,鎌倉学園,11,昌平,7,神奈川,埼玉,,v1_3_workcopy.xlsx / 試合元帳,元帳あり・Web URL未登録,v1_3_workcopy.xlsx,level=regional;historical_reference=1;team1_pref=神奈川;team2_pref=埼玉
2020,autumn,kanto_tokyo,,,2020秋季関東地区大会,1R,,東海大甲府,8,細田学園,1,山梨,埼玉,,v1_3_workcopy.xlsx / 試合元帳,元帳あり・Web URL未登録,v1_3_workcopy.xlsx,level=regional;historical_reference=1;team1_pref=山梨;team2_pref=埼玉
2020,autumn,kanto_tokyo,,,2020秋季関東地区大会,QF,,健大高崎,8,国学院栃木,1,群馬,栃木,,v1_3_workcopy.xlsx / 試合元帳,元帳あり・Web URL未登録,v1_3_workcopy.xlsx,level=regional;historical_reference=1;team1_pref=群馬;team2_pref=栃木;legacy_note=8回コールド
2020,autumn,kanto_tokyo,,,2020秋季関東地区大会,QF,,専大松戸,6,鎌倉学園,0,千葉,神奈川,,v1_3_workcopy.xlsx / 試合元帳,元帳あり・Web URL未登録,v1_3_workcopy.xlsx,level=regional;historical_reference=1;team1_pref=千葉;team2_pref=神奈川
2020,autumn,kanto_tokyo,,,2020秋季関東地区大会,QF,,東海大甲府,2,東海大相模,1,山梨,神奈川,,v1_3_workcopy.xlsx / 試合元帳,元帳あり・Web URL未登録,v1_3_workcopy.xlsx,level=regional;historical_reference=1;team1_pref=山梨;team2_pref=神奈川;legacy_note=サヨナラ
2020,autumn,kanto_tokyo,,,2020秋季関東地区大会,QF,,常総学院,9,木更津総合,1,茨城,千葉,,v1_3_workcopy.xlsx / 試合元帳,元帳あり・Web URL未登録,v1_3_workcopy.xlsx,level=regional;historical_reference=1;team1_pref=茨城;team2_pref=千葉
2020,autumn,kanto_tokyo,,,2020秋季関東地区大会,SF,,健大高崎,9,専大松戸,2,群馬,千葉,,v1_3_workcopy.xlsx / 試合元帳,元帳あり・Web URL未登録,v1_3_workcopy.xlsx,level=regional;historical_reference=1;team1_pref=群馬;team2_pref=千葉;legacy_note=7回コールド
2020,autumn,kanto_tokyo,,,2020秋季関東地区大会,SF,,常総学院,10,東海大甲府,0,茨城,山梨,,v1_3_workcopy.xlsx / 試合元帳,元帳あり・Web URL未登録,v1_3_workcopy.xlsx,level=regional;historical_reference=1;team1_pref=茨城;team2_pref=山梨;legacy_note=6回コールド
2020,autumn,kanto_tokyo,,,2020秋季関東地区大会,F,,健大高崎,9,常総学院,7,群馬,茨城,,v1_3_workcopy.xlsx / 試合元帳,元帳あり・Web URL未登録,v1_3_workcopy.xlsx,level=regional;historical_reference=1;team1_pref=群馬;team2_pref=茨城;legacy_note=延長11回
2020,autumn,kanto_tokyo,,,2020秋季東京地区大会,1R,,佼成学園,10,小平西,0,東京,東京,,v1_3_workcopy.xlsx / 試合元帳,元帳あり・Web URL未登録,v1_3_workcopy.xlsx,level=regional;historical_reference=1;team1_pref=東京;team2_pref=東京;legacy_note=5回コールド
2020,autumn,kanto_tokyo,,,2020秋季東京地区大会,1R,,共栄学園,7,専大付,5,東京,東京,,v1_3_workcopy.xlsx / 試合元帳,元帳あり・Web URL未登録,v1_3_workcopy.xlsx,level=regional;historical_reference=1;team1_pref=東京;team2_pref=東京;legacy_note=延長13回、タイブレーク
2020,autumn,kanto_tokyo,,,2020秋季東京地区大会,1R,,郁文館,11,駒場学園,0,東京,東京,,v1_3_workcopy.xlsx / 試合元帳,元帳あり・Web URL未登録,v1_3_workcopy.xlsx,level=regional;historical_reference=1;team1_pref=東京;team2_pref=東京;legacy_note=5回コールド
2020,autumn,kanto_tokyo,,,2020秋季東京地区大会,1R,,錦城学園,3,東京成徳大高,1,東京,東京,,v1_3_workcopy.xlsx / 試合元帳,元帳あり・Web URL未登録,v1_3_workcopy.xlsx,level=regional;historical_reference=1;team1_pref=東京;team2_pref=東京
2020,autumn,kanto_tokyo,,,2020秋季東京地区大会,1R,,二松学舎大付,6,成立学園,4,東京,東京,,v1_3_workcopy.xlsx / 試合元帳,元帳あり・Web URL未登録,v1_3_workcopy.xlsx,level=regional;historical_reference=1;team1_pref=東京;team2_pref=東京;legacy_note=サヨナラ
2020,autumn,kanto_tokyo,,,2020秋季東京地区大会,1R,,帝京,4,堀越,2,東京,東京,,v1_3_workcopy.xlsx / 試合元帳,元帳あり・Web URL未登録,v1_3_workcopy.xlsx,level=regional;historical_reference=1;team1_pref=東京;team2_pref=東京
2020,autumn,kanto_tokyo,,,2020秋季東京地区大会,1R,,日大豊山,9,江戸川,0,東京,東京,,v1_3_workcopy.xlsx / 試合元帳,元帳あり・Web URL未登録,v1_3_workcopy.xlsx,level=regional;historical_reference=1;team1_pref=東京;team2_pref=東京;legacy_note=7回コールド
2020,autumn,kanto_tokyo,,,2020秋季東京地区大会,1R,,大森学園,9,海城,1,東京,東京,,v1_3_workcopy.xlsx / 試合元帳,元帳あり・Web URL未登録,v1_3_workcopy.xlsx,level=regional;historical_reference=1;team1_pref=東京;team2_pref=東京
2020,autumn,kanto_tokyo,,,2020秋季東京地区大会,1R,,小山台,11,青山学院,0,東京,東京,,v1_3_workcopy.xlsx / 試合元帳,元帳あり・Web URL未登録,v1_3_workcopy.xlsx,level=regional;historical_reference=1;team1_pref=東京;team2_pref=東京;legacy_note=5回コールド
2020,autumn,kanto_tokyo,,,2020秋季東京地区大会,1R,,千歳丘,6,東洋,5,東京,東京,,v1_3_workcopy.xlsx / 試合元帳,元帳あり・Web URL未登録,v1_3_workcopy.xlsx,level=regional;historical_reference=1;team1_pref=東京;team2_pref=東京
2020,autumn,kanto_tokyo,,,2020秋季東京地区大会,1R,,早稲田実,9,修徳,2,東京,東京,,v1_3_workcopy.xlsx / 試合元帳,元帳あり・Web URL未登録,v1_3_workcopy.xlsx,level=regional;historical_reference=1;team1_pref=東京;team2_pref=東京;legacy_note=7回コールド
2020,autumn,kanto_tokyo,,,2020秋季東京地区大会,1R,,明大中野八王子,8,東京実,1,東京,東京,,v1_3_workcopy.xlsx / 試合元帳,元帳あり・Web URL未登録,v1_3_workcopy.xlsx,level=regional;historical_reference=1;team1_pref=東京;team2_pref=東京;legacy_note=7回コールド
2020,autumn,kanto_tokyo,,,2020秋季東京地区大会,1R,,岩倉,5,豊多摩,2,東京,東京,,v1_3_workcopy.xlsx / 試合元帳,元帳あり・Web URL未登録,v1_3_workcopy.xlsx,level=regional;historical_reference=1;team1_pref=東京;team2_pref=東京
2020,autumn,kanto_tokyo,,,2020秋季東京地区大会,1R,,創価,10,文京,0,東京,東京,,v1_3_workcopy.xlsx / 試合元帳,元帳あり・Web URL未登録,v1_3_workcopy.xlsx,level=regional;historical_reference=1;team1_pref=東京;team2_pref=東京;legacy_note=5回コールド
2020,autumn,kanto_tokyo,,,2020秋季東京地区大会,1R,,上野学園,6,成瀬,4,東京,東京,,v1_3_workcopy.xlsx / 試合元帳,元帳あり・Web URL未登録,v1_3_workcopy.xlsx,level=regional;historical_reference=1;team1_pref=東京;team2_pref=東京
2020,autumn,kanto_tokyo,,,2020秋季東京地区大会,1R,,桜美林,1,啓明学園,0,東京,東京,,v1_3_workcopy.xlsx / 試合元帳,元帳あり・Web URL未登録,v1_3_workcopy.xlsx,level=regional;historical_reference=1;team1_pref=東京;team2_pref=東京
2020,autumn,kanto_tokyo,,,2020秋季東京地区大会,1R,,日大三,13,明法,3,東京,東京,,v1_3_workcopy.xlsx / 試合元帳,元帳あり・Web URL未登録,v1_3_workcopy.xlsx,level=regional;historical_reference=1;team1_pref=東京;team2_pref=東京;legacy_note=5回コールド
2020,autumn,kanto_tokyo,,,2020秋季東京地区大会,1R,,小松川,11,松原,1,東京,東京,,v1_3_workcopy.xlsx / 試合元帳,元帳あり・Web URL未登録,v1_3_workcopy.xlsx,level=regional;historical_reference=1;team1_pref=東京;team2_pref=東京;legacy_note=6回コールド
2020,autumn,kanto_tokyo,,,2020秋季東京地区大会,1R,,東海大菅生,15,本郷,1,東京,東京,,v1_3_workcopy.xlsx / 試合元帳,元帳あり・Web URL未登録,v1_3_workcopy.xlsx,level=regional;historical_reference=1;team1_pref=東京;team2_pref=東京;legacy_note=5回コールド
2020,autumn,kanto_tokyo,,,2020秋季東京地区大会,1R,,目黒日大,6,日野台,4,東京,東京,,v1_3_workcopy.xlsx / 試合元帳,元帳あり・Web URL未登録,v1_3_workcopy.xlsx,level=regional;historical_reference=1;team1_pref=東京;team2_pref=東京
2020,autumn,kanto_tokyo,,,2020秋季東京地区大会,1R,,早大学院,6,小平,1,東京,東京,,v1_3_workcopy.xlsx / 試合元帳,元帳あり・Web URL未登録,v1_3_workcopy.xlsx,level=regional;historical_reference=1;team1_pref=東京;team2_pref=東京
2020,autumn,kanto_tokyo,,,2020秋季東京地区大会,1R,,東亜学園,9,八王子北,8,東京,東京,,v1_3_workcopy.xlsx / 試合元帳,元帳あり・Web URL未登録,v1_3_workcopy.xlsx,level=regional;historical_reference=1;team1_pref=東京;team2_pref=東京
2020,autumn,kanto_tokyo,,,2020秋季東京地区大会,1R,,八王子,11,富士森,3,東京,東京,,v1_3_workcopy.xlsx / 試合元帳,元帳あり・Web URL未登録,v1_3_workcopy.xlsx,level=regional;historical_reference=1;team1_pref=東京;team2_pref=東京
2020,autumn,kanto_tokyo,,,2020秋季東京地区大会,1R,,日大鶴ヶ丘,1,東大和,0,東京,東京,,v1_3_workcopy.xlsx / 試合元帳,元帳あり・Web URL未登録,v1_3_workcopy.xlsx,level=regional;historical_reference=1;team1_pref=東京;team2_pref=東京;legacy_note=サヨナラ
2020,autumn,kanto_tokyo,,,2020秋季東京地区大会,1R,,東海大高輪台,11,実践学園,4,東京,東京,,v1_3_workcopy.xlsx / 試合元帳,元帳あり・Web URL未登録,v1_3_workcopy.xlsx,level=regional;historical_reference=1;team1_pref=東京;team2_pref=東京;legacy_note=7回コールド
2020,autumn,kanto_tokyo,,,2020秋季東京地区大会,1R,,日野,13,駒込学園,2,東京,東京,,v1_3_workcopy.xlsx / 試合元帳,元帳あり・Web URL未登録,v1_3_workcopy.xlsx,level=regional;historical_reference=1;team1_pref=東京;team2_pref=東京;legacy_note=8回コールド
2020,autumn,kanto_tokyo,,,2020秋季東京地区大会,1R,,城北,18,国学院久我山,17,東京,東京,,v1_3_workcopy.xlsx / 試合元帳,元帳あり・Web URL未登録,v1_3_workcopy.xlsx,level=regional;historical_reference=1;team1_pref=東京;team2_pref=東京
2020,autumn,kanto_tokyo,,,2020秋季東京地区大会,1R,,関東一,5,駒大高,3,東京,東京,,v1_3_workcopy.xlsx / 試合元帳,元帳あり・Web URL未登録,v1_3_workcopy.xlsx,level=regional;historical_reference=1;team1_pref=東京;team2_pref=東京
2020,autumn,kanto_tokyo,,,2020秋季東京地区大会,1R,,日本学園,2,立正大立正,0,東京,東京,,v1_3_workcopy.xlsx / 試合元帳,元帳あり・Web URL未登録,v1_3_workcopy.xlsx,level=regional;historical_reference=1;team1_pref=東京;team2_pref=東京
2020,autumn,kanto_tokyo,,,2020秋季東京地区大会,1R,,城西,4,世田谷学園,1,東京,東京,,v1_3_workcopy.xlsx / 試合元帳,元帳あり・Web URL未登録,v1_3_workcopy.xlsx,level=regional;historical_reference=1;team1_pref=東京;team2_pref=東京
2020,autumn,kanto_tokyo,,,2020秋季東京地区大会,1R,,日大二,12,目白研心,10,東京,東京,,v1_3_workcopy.xlsx / 試合元帳,元帳あり・Web URL未登録,v1_3_workcopy.xlsx,level=regional;historical_reference=1;team1_pref=東京;team2_pref=東京
2020,autumn,kanto_tokyo,,,2020秋季東京地区大会,1R,,国士舘,12,立教池袋,2,東京,東京,,v1_3_workcopy.xlsx / 試合元帳,元帳あり・Web URL未登録,v1_3_workcopy.xlsx,level=regional;historical_reference=1;team1_pref=東京;team2_pref=東京;legacy_note=5回コールド
2020,autumn,kanto_tokyo,,,2020秋季東京地区大会,2R,,佼成学園,32,小松川,0,東京,東京,,v1_3_workcopy.xlsx / 試合元帳,元帳あり・Web URL未登録,v1_3_workcopy.xlsx,level=regional;historical_reference=1;team1_pref=東京;team2_pref=東京;legacy_note=5回コールド
2020,autumn,kanto_tokyo,,,2020秋季東京地区大会,2R,,早稲田実,6,郁文館,2,東京,東京,,v1_3_workcopy.xlsx / 試合元帳,元帳あり・Web URL未登録,v1_3_workcopy.xlsx,level=regional;historical_reference=1;team1_pref=東京;team2_pref=東京
2020,autumn,kanto_tokyo,,,2020秋季東京地区大会,2R,,創価,7,共栄学園,0,東京,東京,,v1_3_workcopy.xlsx / 試合元帳,元帳あり・Web URL未登録,v1_3_workcopy.xlsx,level=regional;historical_reference=1;team1_pref=東京;team2_pref=東京;legacy_note=7回コールド
2020,autumn,kanto_tokyo,,,2020秋季東京地区大会,2R,,日大三,10,千歳丘,0,東京,東京,,v1_3_workcopy.xlsx / 試合元帳,元帳あり・Web URL未登録,v1_3_workcopy.xlsx,level=regional;historical_reference=1;team1_pref=東京;team2_pref=東京;legacy_note=5回コールド
2020,autumn,kanto_tokyo,,,2020秋季東京地区大会,2R,,二松学舎大付,9,岩倉,1,東京,東京,,v1_3_workcopy.xlsx / 試合元帳,元帳あり・Web URL未登録,v1_3_workcopy.xlsx,level=regional;historical_reference=1;team1_pref=東京;team2_pref=東京;legacy_note=7回コールド
2020,autumn,kanto_tokyo,,,2020秋季東京地区大会,2R,,大森学園,9,上野学園,1,東京,東京,,v1_3_workcopy.xlsx / 試合元帳,元帳あり・Web URL未登録,v1_3_workcopy.xlsx,level=regional;historical_reference=1;team1_pref=東京;team2_pref=東京;legacy_note=7回コールド
2020,autumn,kanto_tokyo,,,2020秋季東京地区大会,2R,,日大豊山,4,明大中野八王子,3,東京,東京,,v1_3_workcopy.xlsx / 試合元帳,元帳あり・Web URL未登録,v1_3_workcopy.xlsx,level=regional;historical_reference=1;team1_pref=東京;team2_pref=東京
2020,autumn,kanto_tokyo,,,2020秋季東京地区大会,2R,,小山台,10,帝京,0,東京,東京,,v1_3_workcopy.xlsx / 試合元帳,元帳あり・Web URL未登録,v1_3_workcopy.xlsx,level=regional;historical_reference=1;team1_pref=東京;team2_pref=東京;legacy_note=6回コールド
2020,autumn,kanto_tokyo,,,2020秋季東京地区大会,2R,,東海大菅生,10,目黒日大,0,東京,東京,,v1_3_workcopy.xlsx / 試合元帳,元帳あり・Web URL未登録,v1_3_workcopy.xlsx,level=regional;historical_reference=1;team1_pref=東京;team2_pref=東京;legacy_note=5回コールド
2020,autumn,kanto_tokyo,,,2020秋季東京地区大会,2R,,日大二,9,早大学院,3,東京,東京,,v1_3_workcopy.xlsx / 試合元帳,元帳あり・Web URL未登録,v1_3_workcopy.xlsx,level=regional;historical_reference=1;team1_pref=東京;team2_pref=東京
2020,autumn,kanto_tokyo,,,2020秋季東京地区大会,2R,,八王子,2,国士舘,1,東京,東京,,v1_3_workcopy.xlsx / 試合元帳,元帳あり・Web URL未登録,v1_3_workcopy.xlsx,level=regional;historical_reference=1;team1_pref=東京;team2_pref=東京;legacy_note=サヨナラ
2020,autumn,kanto_tokyo,,,2020秋季東京地区大会,2R,,日野,3,城西,2,東京,東京,,v1_3_workcopy.xlsx / 試合元帳,元帳あり・Web URL未登録,v1_3_workcopy.xlsx,level=regional;historical_reference=1;team1_pref=東京;team2_pref=東京;legacy_note=延長10回サヨナラ
2020,autumn,kanto_tokyo,,,2020秋季東京地区大会,2R,,桜美林,1,錦城学園,0,東京,東京,,v1_3_workcopy.xlsx / 試合元帳,元帳あり・Web URL未登録,v1_3_workcopy.xlsx,level=regional;historical_reference=1;team1_pref=東京;team2_pref=東京
2020,autumn,kanto_tokyo,,,2020秋季東京地区大会,2R,,日本学園,12,東亜学園,7,東京,東京,,v1_3_workcopy.xlsx / 試合元帳,元帳あり・Web URL未登録,v1_3_workcopy.xlsx,level=regional;historical_reference=1;team1_pref=東京;team2_pref=東京
2020,autumn,kanto_tokyo,,,2020秋季東京地区大会,2R,,日大鶴ヶ丘,14,東海大高輪台,6,東京,東京,,v1_3_workcopy.xlsx / 試合元帳,元帳あり・Web URL未登録,v1_3_workcopy.xlsx,level=regional;historical_reference=1;team1_pref=東京;team2_pref=東京;legacy_note=8回コールド
2020,autumn,kanto_tokyo,,,2020秋季東京地区大会,2R,,関東一,5,城北,0,東京,東京,,v1_3_workcopy.xlsx / 試合元帳,元帳あり・Web URL未登録,v1_3_workcopy.xlsx,level=regional;historical_reference=1;team1_pref=東京;team2_pref=東京
2020,autumn,kanto_tokyo,,,2020秋季東京地区大会,3R,,東海大菅生,10,桜美林,2,東京,東京,,v1_3_workcopy.xlsx / 試合元帳,元帳あり・Web URL未登録,v1_3_workcopy.xlsx,level=regional;historical_reference=1;team1_pref=東京;team2_pref=東京;legacy_note=8回コールド
2020,autumn,kanto_tokyo,,,2020秋季東京地区大会,3R,,日大二,16,日本学園,0,東京,東京,,v1_3_workcopy.xlsx / 試合元帳,元帳あり・Web URL未登録,v1_3_workcopy.xlsx,level=regional;historical_reference=1;team1_pref=東京;team2_pref=東京;legacy_note=6回コールド
2020,autumn,kanto_tokyo,,,2020秋季東京地区大会,3R,,八王子,3,日大鶴ヶ丘,1,東京,東京,,v1_3_workcopy.xlsx / 試合元帳,元帳あり・Web URL未登録,v1_3_workcopy.xlsx,level=regional;historical_reference=1;team1_pref=東京;team2_pref=東京
2020,autumn,kanto_tokyo,,,2020秋季東京地区大会,3R,,関東一,4,日野,1,東京,東京,,v1_3_workcopy.xlsx / 試合元帳,元帳あり・Web URL未登録,v1_3_workcopy.xlsx,level=regional;historical_reference=1;team1_pref=東京;team2_pref=東京
2020,autumn,kanto_tokyo,,,2020秋季東京地区大会,3R,,二松学舎大付,12,佼成学園,0,東京,東京,,v1_3_workcopy.xlsx / 試合元帳,元帳あり・Web URL未登録,v1_3_workcopy.xlsx,level=regional;historical_reference=1;team1_pref=東京;team2_pref=東京;legacy_note=5回コールド
2020,autumn,kanto_tokyo,,,2020秋季東京地区大会,3R,,早稲田実,7,大森学園,1,東京,東京,,v1_3_workcopy.xlsx / 試合元帳,元帳あり・Web URL未登録,v1_3_workcopy.xlsx,level=regional;historical_reference=1;team1_pref=東京;team2_pref=東京
2020,autumn,kanto_tokyo,,,2020秋季東京地区大会,3R,,日大豊山,4,創価,2,東京,東京,,v1_3_workcopy.xlsx / 試合元帳,元帳あり・Web URL未登録,v1_3_workcopy.xlsx,level=regional;historical_reference=1;team1_pref=東京;team2_pref=東京
2020,autumn,kanto_tokyo,,,2020秋季東京地区大会,3R,,日大三,1,小山台,0,東京,東京,,v1_3_workcopy.xlsx / 試合元帳,元帳あり・Web URL未登録,v1_3_workcopy.xlsx,level=regional;historical_reference=1;team1_pref=東京;team2_pref=東京
2020,autumn,kanto_tokyo,,,2020秋季東京地区大会,QF,,日大三,6,日大豊山,2,東京,東京,,v1_3_workcopy.xlsx / 試合元帳,元帳あり・Web URL未登録,v1_3_workcopy.xlsx,level=regional;historical_reference=1;team1_pref=東京;team2_pref=東京
2020,autumn,kanto_tokyo,,,2020秋季東京地区大会,QF,,二松学舎大付,6,早稲田実,4,東京,東京,,v1_3_workcopy.xlsx / 試合元帳,元帳あり・Web URL未登録,v1_3_workcopy.xlsx,level=regional;historical_reference=1;team1_pref=東京;team2_pref=東京
2020,autumn,kanto_tokyo,,,2020秋季東京地区大会,QF,,関東一,7,八王子,0,東京,東京,,v1_3_workcopy.xlsx / 試合元帳,元帳あり・Web URL未登録,v1_3_workcopy.xlsx,level=regional;historical_reference=1;team1_pref=東京;team2_pref=東京;legacy_note=7回コールド
2020,autumn,kanto_tokyo,,,2020秋季東京地区大会,QF,,東海大菅生,5,日大二,1,東京,東京,,v1_3_workcopy.xlsx / 試合元帳,元帳あり・Web URL未登録,v1_3_workcopy.xlsx,level=regional;historical_reference=1;team1_pref=東京;team2_pref=東京
2020,autumn,kanto_tokyo,,,2020秋季東京地区大会,SF,,東海大菅生,7,関東一,5,東京,東京,,v1_3_workcopy.xlsx / 試合元帳,元帳あり・Web URL未登録,v1_3_workcopy.xlsx,level=regional;historical_reference=1;team1_pref=東京;team2_pref=東京
2020,autumn,kanto_tokyo,,,2020秋季東京地区大会,SF,,日大三,3,二松学舎大付,2,東京,東京,,v1_3_workcopy.xlsx / 試合元帳,元帳あり・Web URL未登録,v1_3_workcopy.xlsx,level=regional;historical_reference=1;team1_pref=東京;team2_pref=東京
2020,autumn,kanto_tokyo,,,2020秋季東京地区大会,F,,東海大菅生,6,日大三,1,東京,東京,,v1_3_workcopy.xlsx / 試合元帳,元帳あり・Web URL未登録,v1_3_workcopy.xlsx,level=regional;historical_reference=1;team1_pref=東京;team2_pref=東京
2020,autumn,hokushinetsu,,,2020秋季北信越地区大会,1R,,東京都市大塩尻,9,加茂暁星,3,長野,新潟,,v1_3_workcopy.xlsx / 試合元帳,元帳あり・Web URL未登録,v1_3_workcopy.xlsx,level=regional;historical_reference=1;team1_pref=長野;team2_pref=新潟
2020,autumn,hokushinetsu,,,2020秋季北信越地区大会,1R,,佐久長聖,11,北陸,1,長野,福井,,v1_3_workcopy.xlsx / 試合元帳,元帳あり・Web URL未登録,v1_3_workcopy.xlsx,level=regional;historical_reference=1;team1_pref=長野;team2_pref=福井;legacy_note=7回コールド
2020,autumn,hokushinetsu,,,2020秋季北信越地区大会,1R,,関根学園,9,新湊,2,新潟,富山,,v1_3_workcopy.xlsx / 試合元帳,元帳あり・Web URL未登録,v1_3_workcopy.xlsx,level=regional;historical_reference=1;team1_pref=新潟;team2_pref=富山;legacy_note=8回コールド
2020,autumn,hokushinetsu,,,2020秋季北信越地区大会,1R,,星稜,17,富山商,0,石川,富山,,v1_3_workcopy.xlsx / 試合元帳,元帳あり・Web URL未登録,v1_3_workcopy.xlsx,level=regional;historical_reference=1;team1_pref=石川;team2_pref=富山;legacy_note=6回コールド
2020,autumn,hokushinetsu,,,2020秋季北信越地区大会,1R,,新潟明訓,5,小松大谷,3,新潟,石川,,v1_3_workcopy.xlsx / 試合元帳,元帳あり・Web URL未登録,v1_3_workcopy.xlsx,level=regional;historical_reference=1;team1_pref=新潟;team2_pref=石川
2020,autumn,hokushinetsu,,,2020秋季北信越地区大会,1R,,上田西,10,福井商,1,長野,福井,,v1_3_workcopy.xlsx / 試合元帳,元帳あり・Web URL未登録,v1_3_workcopy.xlsx,level=regional;historical_reference=1;team1_pref=長野;team2_pref=福井;legacy_note=7回コールド
2020,autumn,hokushinetsu,,,2020秋季北信越地区大会,1R,,日本航空石川,11,高岡商,1,石川,富山,,v1_3_workcopy.xlsx / 試合元帳,元帳あり・Web URL未登録,v1_3_workcopy.xlsx,level=regional;historical_reference=1;team1_pref=石川;team2_pref=富山;legacy_note=5回コールド
2020,autumn,hokushinetsu,,,2020秋季北信越地区大会,1R,,敦賀気比,5,富山北部・水橋,0,福井,富山,,v1_3_workcopy.xlsx / 試合元帳,元帳あり・Web URL未登録,v1_3_workcopy.xlsx,level=regional;historical_reference=1;team1_pref=福井;team2_pref=富山
2020,autumn,hokushinetsu,,,2020秋季北信越地区大会,1R,,敦賀気比,5,富山北部・水橋,0,福井,富山,,v1_3_workcopy.xlsx / 試合元帳,元帳あり・Web URL未登録,v1_3_workcopy.xlsx,level=regional;historical_reference=1;team1_pref=福井;team2_pref=富山
2020,autumn,hokushinetsu,,,2020秋季北信越地区大会,1R,,敦賀気比,5,富山北部・水橋,0,福井,富山,,v1_3_workcopy.xlsx / 試合元帳,元帳あり・Web URL未登録,v1_3_workcopy.xlsx,level=regional;historical_reference=1;team1_pref=福井;team2_pref=富山
2020,autumn,hokushinetsu,,,2020秋季北信越地区大会,1R,,敦賀気比,5,富山北部・水橋,0,福井,富山,,v1_3_workcopy.xlsx / 試合元帳,元帳あり・Web URL未登録,v1_3_workcopy.xlsx,level=regional;historical_reference=1;team1_pref=福井;team2_pref=富山
2020,autumn,hokushinetsu,,,2020秋季北信越地区大会,QF,,星稜,9,東京都市大塩尻,2,石川,長野,,v1_3_workcopy.xlsx / 試合元帳,元帳あり・Web URL未登録,v1_3_workcopy.xlsx,level=regional;historical_reference=1;team1_pref=石川;team2_pref=長野;legacy_note=8回コールド
2020,autumn,hokushinetsu,,,2020秋季北信越地区大会,QF,,上田西,10,日本航空石川,3,長野,石川,,v1_3_workcopy.xlsx / 試合元帳,元帳あり・Web URL未登録,v1_3_workcopy.xlsx,level=regional;historical_reference=1;team1_pref=長野;team2_pref=石川;legacy_note=8回コールド
2020,autumn,hokushinetsu,,,2020秋季北信越地区大会,QF,,関根学園,7,佐久長聖,5,新潟,長野,,v1_3_workcopy.xlsx / 試合元帳,元帳あり・Web URL未登録,v1_3_workcopy.xlsx,level=regional;historical_reference=1;team1_pref=新潟;team2_pref=長野
2020,autumn,hokushinetsu,,,2020秋季北信越地区大会,QF,,敦賀気比,7,新潟明訓,4,福井,新潟,,v1_3_workcopy.xlsx / 試合元帳,元帳あり・Web URL未登録,v1_3_workcopy.xlsx,level=regional;historical_reference=1;team1_pref=福井;team2_pref=新潟;legacy_note=延長10回
2020,autumn,hokushinetsu,,,2020秋季北信越地区大会,SF,,敦賀気比,5,関根学園,4,福井,新潟,,v1_3_workcopy.xlsx / 試合元帳,元帳あり・Web URL未登録,v1_3_workcopy.xlsx,level=regional;historical_reference=1;team1_pref=福井;team2_pref=新潟;legacy_note=延長10回サヨナラ
2020,autumn,hokushinetsu,,,2020秋季北信越地区大会,SF,,上田西,5,星稜,4,長野,石川,,v1_3_workcopy.xlsx / 試合元帳,元帳あり・Web URL未登録,v1_3_workcopy.xlsx,level=regional;historical_reference=1;team1_pref=長野;team2_pref=石川
2020,autumn,hokushinetsu,,,2020秋季北信越地区大会,F,,敦賀気比,16,上田西,5,福井,長野,,v1_3_workcopy.xlsx / 試合元帳,元帳あり・Web URL未登録,v1_3_workcopy.xlsx,level=regional;historical_reference=1;team1_pref=福井;team2_pref=長野
2020,autumn,tokai,,,2020秋季東海地区大会,1R,,東邦,5,加藤学園,4,愛知,静岡,,v1_3_workcopy.xlsx / 試合元帳,元帳あり・Web URL未登録,v1_3_workcopy.xlsx,level=regional;historical_reference=1;team1_pref=愛知;team2_pref=静岡
2020,autumn,tokai,,,2020秋季東海地区大会,1R,,至学館,6,大垣商,4,愛知,岐阜,,v1_3_workcopy.xlsx / 試合元帳,元帳あり・Web URL未登録,v1_3_workcopy.xlsx,level=regional;historical_reference=1;team1_pref=愛知;team2_pref=岐阜
2020,autumn,tokai,,,2020秋季東海地区大会,1R,,海星,7,常葉大菊川,6,三重,静岡,,v1_3_workcopy.xlsx / 試合元帳,元帳あり・Web URL未登録,v1_3_workcopy.xlsx,level=regional;historical_reference=1;team1_pref=三重;team2_pref=静岡
2020,autumn,tokai,,,2020秋季東海地区大会,1R,,岐阜第一,9,松阪商,5,岐阜,三重,,v1_3_workcopy.xlsx / 試合元帳,元帳あり・Web URL未登録,v1_3_workcopy.xlsx,level=regional;historical_reference=1;team1_pref=岐阜;team2_pref=三重
2020,autumn,tokai,,,2020秋季東海地区大会,QF,,岐阜第一,3,藤枝明誠,2,岐阜,静岡,,v1_3_workcopy.xlsx / 試合元帳,元帳あり・Web URL未登録,v1_3_workcopy.xlsx,level=regional;historical_reference=1;team1_pref=岐阜;team2_pref=静岡
2020,autumn,tokai,,,2020秋季東海地区大会,QF,,県岐阜商,7,東邦,0,岐阜,愛知,,v1_3_workcopy.xlsx / 試合元帳,元帳あり・Web URL未登録,v1_3_workcopy.xlsx,level=regional;historical_reference=1;team1_pref=岐阜;team2_pref=愛知;legacy_note=8回コールド
2020,autumn,tokai,,,2020秋季東海地区大会,QF,,三重,7,至学館,0,三重,愛知,,v1_3_workcopy.xlsx / 試合元帳,元帳あり・Web URL未登録,v1_3_workcopy.xlsx,level=regional;historical_reference=1;team1_pref=三重;team2_pref=愛知;legacy_note=8回コールド
2020,autumn,tokai,,,2020秋季東海地区大会,QF,,中京大中京,7,海星,0,愛知,三重,,v1_3_workcopy.xlsx / 試合元帳,元帳あり・Web URL未登録,v1_3_workcopy.xlsx,level=regional;historical_reference=1;team1_pref=愛知;team2_pref=三重;legacy_note=7回コールド
2020,autumn,tokai,,,2020秋季東海地区大会,SF,,中京大中京,7,三重,0,愛知,三重,,v1_3_workcopy.xlsx / 試合元帳,元帳あり・Web URL未登録,v1_3_workcopy.xlsx,level=regional;historical_reference=1;team1_pref=愛知;team2_pref=三重;legacy_note=7回コールド
2020,autumn,tokai,,,2020秋季東海地区大会,SF,,県岐阜商,6,岐阜第一,0,岐阜,岐阜,,v1_3_workcopy.xlsx / 試合元帳,元帳あり・Web URL未登録,v1_3_workcopy.xlsx,level=regional;historical_reference=1;team1_pref=岐阜;team2_pref=岐阜
2020,autumn,tokai,,,2020秋季東海地区大会,F,,中京大中京,7,県岐阜商,6,愛知,岐阜,,v1_3_workcopy.xlsx / 試合元帳,元帳あり・Web URL未登録,v1_3_workcopy.xlsx,level=regional;historical_reference=1;team1_pref=愛知;team2_pref=岐阜;legacy_note=サヨナラ
2020,autumn,kinki,,,2020秋季近畿地区大会,1R,,市和歌山,2,東播磨,1,和歌山,兵庫,,v1_3_workcopy.xlsx / 試合元帳,元帳あり・Web URL未登録,v1_3_workcopy.xlsx,level=regional;historical_reference=1;team1_pref=和歌山;team2_pref=兵庫
2020,autumn,kinki,,,2020秋季近畿地区大会,1R,,龍谷大平安,4,山田,1,京都,大阪,,v1_3_workcopy.xlsx / 試合元帳,元帳あり・Web URL未登録,v1_3_workcopy.xlsx,level=regional;historical_reference=1;team1_pref=京都;team2_pref=大阪
2020,autumn,kinki,,,2020秋季近畿地区大会,1R,,智弁学園,9,滋賀学園,8,奈良,滋賀,,v1_3_workcopy.xlsx / 試合元帳,元帳あり・Web URL未登録,v1_3_workcopy.xlsx,level=regional;historical_reference=1;team1_pref=奈良;team2_pref=滋賀;legacy_note=延長10回サヨナラ
2020,autumn,kinki,,,2020秋季近畿地区大会,1R,,智弁和歌山,8,東海大仰星,1,和歌山,大阪,,v1_3_workcopy.xlsx / 試合元帳,元帳あり・Web URL未登録,v1_3_workcopy.xlsx,level=regional;historical_reference=1;team1_pref=和歌山;team2_pref=大阪;legacy_note=7回コールド
2020,autumn,kinki,,,2020秋季近畿地区大会,1R,,京都国際,4,和歌山東,3,京都,和歌山,,v1_3_workcopy.xlsx / 試合元帳,元帳あり・Web URL未登録,v1_3_workcopy.xlsx,level=regional;historical_reference=1;team1_pref=京都;team2_pref=和歌山
2020,autumn,kinki,,,2020秋季近畿地区大会,1R,,神戸国際大付,5,近江,2,兵庫,滋賀,,v1_3_workcopy.xlsx / 試合元帳,元帳あり・Web URL未登録,v1_3_workcopy.xlsx,level=regional;historical_reference=1;team1_pref=兵庫;team2_pref=滋賀
2020,autumn,kinki,,,2020秋季近畿地区大会,1R,,天理,2,乙訓,1,奈良,京都,,v1_3_workcopy.xlsx / 試合元帳,元帳あり・Web URL未登録,v1_3_workcopy.xlsx,level=regional;historical_reference=1;team1_pref=奈良;team2_pref=京都
2020,autumn,kinki,,,2020秋季近畿地区大会,1R,,大阪桐蔭,8,長田,0,大阪,兵庫,,v1_3_workcopy.xlsx / 試合元帳,元帳あり・Web URL未登録,v1_3_workcopy.xlsx,level=regional;historical_reference=1;team1_pref=大阪;team2_pref=兵庫;legacy_note=7回コールド
2020,autumn,kinki,,,2020秋季近畿地区大会,QF,,智弁学園,8,龍谷大平安,3,奈良,京都,,v1_3_workcopy.xlsx / 試合元帳,元帳あり・Web URL未登録,v1_3_workcopy.xlsx,level=regional;historical_reference=1;team1_pref=奈良;team2_pref=京都
2020,autumn,kinki,,,2020秋季近畿地区大会,QF,,大阪桐蔭,11,天理,4,大阪,奈良,,v1_3_workcopy.xlsx / 試合元帳,元帳あり・Web URL未登録,v1_3_workcopy.xlsx,level=regional;historical_reference=1;team1_pref=大阪;team2_pref=奈良;legacy_note=7回コールド
2020,autumn,kinki,,,2020秋季近畿地区大会,QF,,京都国際,6,神戸国際大付,5,京都,兵庫,,v1_3_workcopy.xlsx / 試合元帳,元帳あり・Web URL未登録,v1_3_workcopy.xlsx,level=regional;historical_reference=1;team1_pref=京都;team2_pref=兵庫
2020,autumn,kinki,,,2020秋季近畿地区大会,QF,,市和歌山,2,智弁和歌山,0,和歌山,和歌山,,v1_3_workcopy.xlsx / 試合元帳,元帳あり・Web URL未登録,v1_3_workcopy.xlsx,level=regional;historical_reference=1;team1_pref=和歌山;team2_pref=和歌山
2020,autumn,kinki,,,2020秋季近畿地区大会,SF,,智弁学園,4,市和歌山,1,奈良,和歌山,,v1_3_workcopy.xlsx / 試合元帳,元帳あり・Web URL未登録,v1_3_workcopy.xlsx,level=regional;historical_reference=1;team1_pref=奈良;team2_pref=和歌山
2020,autumn,kinki,,,2020秋季近畿地区大会,SF,,大阪桐蔭,12,京都国際,5,大阪,京都,,v1_3_workcopy.xlsx / 試合元帳,元帳あり・Web URL未登録,v1_3_workcopy.xlsx,level=regional;historical_reference=1;team1_pref=大阪;team2_pref=京都;legacy_note=7回コールド
2020,autumn,kinki,,,2020秋季近畿地区大会,F,,智弁学園,7,大阪桐蔭,3,奈良,大阪,,v1_3_workcopy.xlsx / 試合元帳,元帳あり・Web URL未登録,v1_3_workcopy.xlsx,level=regional;historical_reference=1;team1_pref=奈良;team2_pref=大阪
2020,autumn,chugoku,,,2020秋季中国地区大会,1R,,鳥取城北,7,浜田,4,鳥取,島根,,v1_3_workcopy.xlsx / 試合元帳,元帳あり・Web URL未登録,v1_3_workcopy.xlsx,level=regional;historical_reference=1;team1_pref=鳥取;team2_pref=島根
2020,autumn,chugoku,,,2020秋季中国地区大会,1R,,下関国際,8,西条農,1,山口,広島,,v1_3_workcopy.xlsx / 試合元帳,元帳あり・Web URL未登録,v1_3_workcopy.xlsx,level=regional;historical_reference=1;team1_pref=山口;team2_pref=広島;legacy_note=7回コールド
2020,autumn,chugoku,,,2020秋季中国地区大会,1R,,岡山学芸館,11,石見智翠館,7,岡山,島根,,v1_3_workcopy.xlsx / 試合元帳,元帳あり・Web URL未登録,v1_3_workcopy.xlsx,level=regional;historical_reference=1;team1_pref=岡山;team2_pref=島根
2020,autumn,chugoku,,,2020秋季中国地区大会,1R,,宇部鴻城,7,創志学園,2,山口,岡山,,v1_3_workcopy.xlsx / 試合元帳,元帳あり・Web URL未登録,v1_3_workcopy.xlsx,level=regional;historical_reference=1;team1_pref=山口;team2_pref=岡山
2020,autumn,chugoku,,,2020秋季中国地区大会,1R,,米子東,3,立正大淞南,2,鳥取,島根,,v1_3_workcopy.xlsx / 試合元帳,元帳あり・Web URL未登録,v1_3_workcopy.xlsx,level=regional;historical_reference=1;team1_pref=鳥取;team2_pref=島根;legacy_note=延長11回サヨナラ
2020,autumn,chugoku,,,2020秋季中国地区大会,1R,,桜ヶ丘,5,矢上,3,山口,島根,,v1_3_workcopy.xlsx / 試合元帳,元帳あり・Web URL未登録,v1_3_workcopy.xlsx,level=regional;historical_reference=1;team1_pref=山口;team2_pref=島根
2020,autumn,chugoku,,,2020秋季中国地区大会,1R,,盈進,7,関西,6,広島,岡山,,v1_3_workcopy.xlsx / 試合元帳,元帳あり・Web URL未登録,v1_3_workcopy.xlsx,level=regional;historical_reference=1;team1_pref=広島;team2_pref=岡山;legacy_note=延長13回、タイブレーク
2020,autumn,chugoku,,,2020秋季中国地区大会,1R,,広島新庄,10,鳥取西,0,広島,鳥取,,v1_3_workcopy.xlsx / 試合元帳,元帳あり・Web URL未登録,v1_3_workcopy.xlsx,level=regional;historical_reference=1;team1_pref=広島;team2_pref=鳥取;legacy_note=5回コールド
2020,autumn,chugoku,,,2020秋季中国地区大会,QF,,米子東,10,盈進,8,鳥取,広島,,v1_3_workcopy.xlsx / 試合元帳,元帳あり・Web URL未登録,v1_3_workcopy.xlsx,level=regional;historical_reference=1;team1_pref=鳥取;team2_pref=広島;legacy_note=延長11回
2020,autumn,chugoku,,,2020秋季中国地区大会,QF,,広島新庄,3,桜ヶ丘,2,広島,山口,,v1_3_workcopy.xlsx / 試合元帳,元帳あり・Web URL未登録,v1_3_workcopy.xlsx,level=regional;historical_reference=1;team1_pref=広島;team2_pref=山口
2020,autumn,chugoku,,,2020秋季中国地区大会,QF,,下関国際,5,岡山学芸館,1,山口,岡山,,v1_3_workcopy.xlsx / 試合元帳,元帳あり・Web URL未登録,v1_3_workcopy.xlsx,level=regional;historical_reference=1;team1_pref=山口;team2_pref=岡山
2020,autumn,chugoku,,,2020秋季中国地区大会,QF,,鳥取城北,7,宇部鴻城,4,鳥取,山口,,v1_3_workcopy.xlsx / 試合元帳,元帳あり・Web URL未登録,v1_3_workcopy.xlsx,level=regional;historical_reference=1;team1_pref=鳥取;team2_pref=山口;legacy_note=サヨナラ
2020,autumn,chugoku,,,2020秋季中国地区大会,SF,,下関国際,12,米子東,0,山口,鳥取,,v1_3_workcopy.xlsx / 試合元帳,元帳あり・Web URL未登録,v1_3_workcopy.xlsx,level=regional;historical_reference=1;team1_pref=山口;team2_pref=鳥取;legacy_note=7回コールド
2020,autumn,chugoku,,,2020秋季中国地区大会,SF,,広島新庄,4,鳥取城北,3,広島,鳥取,,v1_3_workcopy.xlsx / 試合元帳,元帳あり・Web URL未登録,v1_3_workcopy.xlsx,level=regional;historical_reference=1;team1_pref=広島;team2_pref=鳥取
2020,autumn,chugoku,,,2020秋季中国地区大会,F,,広島新庄,3,下関国際,2,広島,山口,,v1_3_workcopy.xlsx / 試合元帳,元帳あり・Web URL未登録,v1_3_workcopy.xlsx,level=regional;historical_reference=1;team1_pref=広島;team2_pref=山口
2020,autumn,shikoku,,,2020秋季四国地区大会,1R,,英明,7,徳島北,0,香川,徳島,,v1_3_workcopy.xlsx / 試合元帳,元帳あり・Web URL未登録,v1_3_workcopy.xlsx,level=regional;historical_reference=1;team1_pref=香川;team2_pref=徳島;legacy_note=8回コールド
2020,autumn,shikoku,,,2020秋季四国地区大会,1R,,高松商,5,高知,2,香川,高知,,v1_3_workcopy.xlsx / 試合元帳,元帳あり・Web URL未登録,v1_3_workcopy.xlsx,level=regional;historical_reference=1;team1_pref=香川;team2_pref=高知
2020,autumn,shikoku,,,2020秋季四国地区大会,1R,,小松,6,鳴門渦潮,2,愛媛,徳島,,v1_3_workcopy.xlsx / 試合元帳,元帳あり・Web URL未登録,v1_3_workcopy.xlsx,level=regional;historical_reference=1;team1_pref=愛媛;team2_pref=徳島
2020,autumn,shikoku,,,2020秋季四国地区大会,1R,,高知中央,5,松山城南,0,高知,愛媛,,v1_3_workcopy.xlsx / 試合元帳,元帳あり・Web URL未登録,v1_3_workcopy.xlsx,level=regional;historical_reference=1;team1_pref=高知;team2_pref=愛媛
2020,autumn,shikoku,,,2020秋季四国地区大会,QF,,明徳義塾,5,英明,0,高知,香川,,v1_3_workcopy.xlsx / 試合元帳,元帳あり・Web URL未登録,v1_3_workcopy.xlsx,level=regional;historical_reference=1;team1_pref=高知;team2_pref=香川
2020,autumn,shikoku,,,2020秋季四国地区大会,QF,,聖カタリナ,4,高松商,1,愛媛,香川,,v1_3_workcopy.xlsx / 試合元帳,元帳あり・Web URL未登録,v1_3_workcopy.xlsx,level=regional;historical_reference=1;team1_pref=愛媛;team2_pref=香川
2020,autumn,shikoku,,,2020秋季四国地区大会,QF,,鳴門,8,高知中央,4,徳島,高知,,v1_3_workcopy.xlsx / 試合元帳,元帳あり・Web URL未登録,v1_3_workcopy.xlsx,level=regional;historical_reference=1;team1_pref=徳島;team2_pref=高知
2020,autumn,shikoku,,,2020秋季四国地区大会,QF,,小松,3,寒川,2,愛媛,香川,,v1_3_workcopy.xlsx / 試合元帳,元帳あり・Web URL未登録,v1_3_workcopy.xlsx,level=regional;historical_reference=1;team1_pref=愛媛;team2_pref=香川
2020,autumn,shikoku,,,2020秋季四国地区大会,SF,,明徳義塾,9,鳴門,2,高知,徳島,,v1_3_workcopy.xlsx / 試合元帳,元帳あり・Web URL未登録,v1_3_workcopy.xlsx,level=regional;historical_reference=1;team1_pref=高知;team2_pref=徳島;legacy_note=7回コールド
2020,autumn,shikoku,,,2020秋季四国地区大会,SF,,聖カタリナ,3,小松,2,愛媛,愛媛,,v1_3_workcopy.xlsx / 試合元帳,元帳あり・Web URL未登録,v1_3_workcopy.xlsx,level=regional;historical_reference=1;team1_pref=愛媛;team2_pref=愛媛;legacy_note=延長12回サヨナラ
2020,autumn,shikoku,,,2020秋季四国地区大会,F,,明徳義塾,5,聖カタリナ,1,高知,愛媛,,v1_3_workcopy.xlsx / 試合元帳,元帳あり・Web URL未登録,v1_3_workcopy.xlsx,level=regional;historical_reference=1;team1_pref=高知;team2_pref=愛媛
2020,autumn,kyushu,,,2020秋季九州地区大会,1R,,明豊,4,九州国際大付,1,大分,福岡,,v1_3_workcopy.xlsx / 試合元帳,元帳あり・Web URL未登録,v1_3_workcopy.xlsx,level=regional;historical_reference=1;team1_pref=大分;team2_pref=福岡
2020,autumn,kyushu,,,2020秋季九州地区大会,1R,,延岡学園,6,沖縄尚学,5,宮崎,沖縄,,v1_3_workcopy.xlsx / 試合元帳,元帳あり・Web URL未登録,v1_3_workcopy.xlsx,level=regional;historical_reference=1;team1_pref=宮崎;team2_pref=沖縄;legacy_note=延長12回サヨナラ
2020,autumn,kyushu,,,2020秋季九州地区大会,1R,,神村学園,5,唐津商,1,鹿児島,佐賀,,v1_3_workcopy.xlsx / 試合元帳,元帳あり・Web URL未登録,v1_3_workcopy.xlsx,level=regional;historical_reference=1;team1_pref=鹿児島;team2_pref=佐賀
2020,autumn,kyushu,,,2020秋季九州地区大会,1R,,大崎,9,開新,2,長崎,熊本,,v1_3_workcopy.xlsx / 試合元帳,元帳あり・Web URL未登録,v1_3_workcopy.xlsx,level=regional;historical_reference=1;team1_pref=長崎;team2_pref=熊本;legacy_note=8回コールド
2020,autumn,kyushu,,,2020秋季九州地区大会,1R,,宮崎商,8,長崎日大,1,宮崎,長崎,,v1_3_workcopy.xlsx / 試合元帳,元帳あり・Web URL未登録,v1_3_workcopy.xlsx,level=regional;historical_reference=1;team1_pref=宮崎;team2_pref=長崎;legacy_note=7回コールド
2020,autumn,kyushu,,,2020秋季九州地区大会,1R,,福岡大大濠,3,大分商,1,福岡,大分,,v1_3_workcopy.xlsx / 試合元帳,元帳あり・Web URL未登録,v1_3_workcopy.xlsx,level=regional;historical_reference=1;team1_pref=福岡;team2_pref=大分
2020,autumn,kyushu,,,2020秋季九州地区大会,1R,,東明館,3,樟南,2,佐賀,鹿児島,,v1_3_workcopy.xlsx / 試合元帳,元帳あり・Web URL未登録,v1_3_workcopy.xlsx,level=regional;historical_reference=1;team1_pref=佐賀;team2_pref=鹿児島
2020,autumn,kyushu,,,2020秋季九州地区大会,1R,,具志川商,4,東海大星翔,2,沖縄,熊本,,v1_3_workcopy.xlsx / 試合元帳,元帳あり・Web URL未登録,v1_3_workcopy.xlsx,level=regional;historical_reference=1;team1_pref=沖縄;team2_pref=熊本
2020,autumn,kyushu,,,2020秋季九州地区大会,QF,,明豊,6,神村学園,4,大分,鹿児島,,v1_3_workcopy.xlsx / 試合元帳,元帳あり・Web URL未登録,v1_3_workcopy.xlsx,level=regional;historical_reference=1;team1_pref=大分;team2_pref=鹿児島
2020,autumn,kyushu,,,2020秋季九州地区大会,QF,,大崎,3,延岡学園,2,長崎,宮崎,,v1_3_workcopy.xlsx / 試合元帳,元帳あり・Web URL未登録,v1_3_workcopy.xlsx,level=regional;historical_reference=1;team1_pref=長崎;team2_pref=宮崎
2020,autumn,kyushu,,,2020秋季九州地区大会,QF,,福岡大大濠,3,具志川商,0,福岡,沖縄,,v1_3_workcopy.xlsx / 試合元帳,元帳あり・Web URL未登録,v1_3_workcopy.xlsx,level=regional;historical_reference=1;team1_pref=福岡;team2_pref=沖縄
2020,autumn,kyushu,,,2020秋季九州地区大会,QF,,宮崎商,9,東明館,3,宮崎,佐賀,,v1_3_workcopy.xlsx / 試合元帳,元帳あり・Web URL未登録,v1_3_workcopy.xlsx,level=regional;historical_reference=1;team1_pref=宮崎;team2_pref=佐賀
2020,autumn,kyushu,,,2020秋季九州地区大会,SF,,大崎,3,明豊,2,長崎,大分,,v1_3_workcopy.xlsx / 試合元帳,元帳あり・Web URL未登録,v1_3_workcopy.xlsx,level=regional;historical_reference=1;team1_pref=長崎;team2_pref=大分;legacy_note=延長12回サヨナラ
2020,autumn,kyushu,,,2020秋季九州地区大会,SF,,福岡大大濠,2,宮崎商,0,福岡,宮崎,,v1_3_workcopy.xlsx / 試合元帳,元帳あり・Web URL未登録,v1_3_workcopy.xlsx,level=regional;historical_reference=1;team1_pref=福岡;team2_pref=宮崎
2020,autumn,kyushu,,,2020秋季九州地区大会,F,,大崎,5,福岡大大濠,1,長崎,福岡,,v1_3_workcopy.xlsx / 試合元帳,元帳あり・Web URL未登録,v1_3_workcopy.xlsx,level=regional;historical_reference=1;team1_pref=長崎;team2_pref=福岡
2021,senbatsu,national,,,2021選抜,1R,,神戸国際大付,3,北海,2,兵庫,北海道,,v1_3_workcopy.xlsx / 試合元帳,元帳あり・Web URL未登録,v1_3_workcopy.xlsx,level=national;historical_reference=1;team1_pref=兵庫;team2_pref=北海道;legacy_note=延長10回サヨナラ
2021,senbatsu,national,,,2021選抜,1R,,仙台育英,1,明徳義塾,0,宮城,高知,,v1_3_workcopy.xlsx / 試合元帳,元帳あり・Web URL未登録,v1_3_workcopy.xlsx,level=national;historical_reference=1;team1_pref=宮城;team2_pref=高知
2021,senbatsu,national,,,2021選抜,1R,,健大高崎,6,下関国際,2,群馬,山口,,v1_3_workcopy.xlsx / 試合元帳,元帳あり・Web URL未登録,v1_3_workcopy.xlsx,level=national;historical_reference=1;team1_pref=群馬;team2_pref=山口
2021,senbatsu,national,,,2021選抜,1R,,天理,7,宮崎商,1,奈良,宮崎,,v1_3_workcopy.xlsx / 試合元帳,元帳あり・Web URL未登録,v1_3_workcopy.xlsx,level=national;historical_reference=1;team1_pref=奈良;team2_pref=宮崎
2021,senbatsu,national,,,2021選抜,1R,,鳥取城北,6,三島南,2,鳥取,静岡,,v1_3_workcopy.xlsx / 試合元帳,元帳あり・Web URL未登録,v1_3_workcopy.xlsx,level=national;historical_reference=1;team1_pref=鳥取;team2_pref=静岡
2021,senbatsu,national,,,2021選抜,1R,,東海大相模,3,東海大甲府,1,神奈川,山梨,,v1_3_workcopy.xlsx / 試合元帳,元帳あり・Web URL未登録,v1_3_workcopy.xlsx,level=national;historical_reference=1;team1_pref=神奈川;team2_pref=山梨;legacy_note=延長11回
2021,senbatsu,national,,,2021選抜,1R,,具志川商,8,八戸西,3,沖縄,青森,,v1_3_workcopy.xlsx / 試合元帳,元帳あり・Web URL未登録,v1_3_workcopy.xlsx,level=national;historical_reference=1;team1_pref=沖縄;team2_pref=青森
2021,senbatsu,national,,,2021選抜,1R,,福岡大大濠,2,大崎,1,福岡,長崎,,v1_3_workcopy.xlsx / 試合元帳,元帳あり・Web URL未登録,v1_3_workcopy.xlsx,level=national;historical_reference=1;team1_pref=福岡;team2_pref=長崎
2021,senbatsu,national,,,2021選抜,1R,,明豊,10,東播磨,9,大分,兵庫,,v1_3_workcopy.xlsx / 試合元帳,元帳あり・Web URL未登録,v1_3_workcopy.xlsx,level=national;historical_reference=1;team1_pref=大分;team2_pref=兵庫;legacy_note=延長11回サヨナラ
2021,senbatsu,national,,,2021選抜,1R,,市和歌山,1,県岐阜商,0,和歌山,岐阜,,v1_3_workcopy.xlsx / 試合元帳,元帳あり・Web URL未登録,v1_3_workcopy.xlsx,level=national;historical_reference=1;team1_pref=和歌山;team2_pref=岐阜;legacy_note=サヨナラ
2021,senbatsu,national,,,2021選抜,1R,,智弁学園,8,大阪桐蔭,6,奈良,大阪,,v1_3_workcopy.xlsx / 試合元帳,元帳あり・Web URL未登録,v1_3_workcopy.xlsx,level=national;historical_reference=1;team1_pref=奈良;team2_pref=大阪
2021,senbatsu,national,,,2021選抜,1R,,広島新庄,1,上田西,0,広島,長野,,v1_3_workcopy.xlsx / 試合元帳,元帳あり・Web URL未登録,v1_3_workcopy.xlsx,level=national;historical_reference=1;team1_pref=広島;team2_pref=長野;legacy_note=延長12回サヨナラ
2021,senbatsu,national,,,2021選抜,1R,,東海大菅生,4,聖カタリナ,3,東京,愛媛,,v1_3_workcopy.xlsx / 試合元帳,元帳あり・Web URL未登録,v1_3_workcopy.xlsx,level=national;historical_reference=1;team1_pref=東京;team2_pref=愛媛
2021,senbatsu,national,,,2021選抜,1R,,京都国際,5,柴田,4,京都,宮城,,v1_3_workcopy.xlsx / 試合元帳,元帳あり・Web URL未登録,v1_3_workcopy.xlsx,level=national;historical_reference=1;team1_pref=京都;team2_pref=宮城;legacy_note=延長10回
2021,senbatsu,national,,,2021選抜,1R,,常総学院,9,敦賀気比,5,茨城,福井,,v1_3_workcopy.xlsx / 試合元帳,元帳あり・Web URL未登録,v1_3_workcopy.xlsx,level=national;historical_reference=1;team1_pref=茨城;team2_pref=福井;legacy_note=延長13回、タイブレーク
2021,senbatsu,national,,,2021選抜,1R,,中京大中京,2,専大松戸,0,愛知,千葉,,v1_3_workcopy.xlsx / 試合元帳,元帳あり・Web URL未登録,v1_3_workcopy.xlsx,level=national;historical_reference=1;team1_pref=愛知;team2_pref=千葉
2021,senbatsu,national,,,2021選抜,2R,,仙台育英,13,神戸国際大付,5,宮城,兵庫,,v1_3_workcopy.xlsx / 試合元帳,元帳あり・Web URL未登録,v1_3_workcopy.xlsx,level=national;historical_reference=1;team1_pref=宮城;team2_pref=兵庫
2021,senbatsu,national,,,2021選抜,2R,,天理,4,健大高崎,0,奈良,群馬,,v1_3_workcopy.xlsx / 試合元帳,元帳あり・Web URL未登録,v1_3_workcopy.xlsx,level=national;historical_reference=1;team1_pref=奈良;team2_pref=群馬
2021,senbatsu,national,,,2021選抜,2R,,東海大相模,1,鳥取城北,0,神奈川,鳥取,,v1_3_workcopy.xlsx / 試合元帳,元帳あり・Web URL未登録,v1_3_workcopy.xlsx,level=national;historical_reference=1;team1_pref=神奈川;team2_pref=鳥取
2021,senbatsu,national,,,2021選抜,2R,,福岡大大濠,8,具志川商,4,福岡,沖縄,,v1_3_workcopy.xlsx / 試合元帳,元帳あり・Web URL未登録,v1_3_workcopy.xlsx,level=national;historical_reference=1;team1_pref=福岡;team2_pref=沖縄;legacy_note=延長11回
2021,senbatsu,national,,,2021選抜,2R,,明豊,2,市和歌山,1,大分,和歌山,,v1_3_workcopy.xlsx / 試合元帳,元帳あり・Web URL未登録,v1_3_workcopy.xlsx,level=national;historical_reference=1;team1_pref=大分;team2_pref=和歌山
2021,senbatsu,national,,,2021選抜,2R,,智弁学園,5,広島新庄,2,奈良,広島,,v1_3_workcopy.xlsx / 試合元帳,元帳あり・Web URL未登録,v1_3_workcopy.xlsx,level=national;historical_reference=1;team1_pref=奈良;team2_pref=広島
2021,senbatsu,national,,,2021選抜,2R,,東海大菅生,5,京都国際,4,東京,京都,,v1_3_workcopy.xlsx / 試合元帳,元帳あり・Web URL未登録,v1_3_workcopy.xlsx,level=national;historical_reference=1;team1_pref=東京;team2_pref=京都;legacy_note=サヨナラ
2021,senbatsu,national,,,2021選抜,2R,,中京大中京,15,常総学院,5,愛知,茨城,,v1_3_workcopy.xlsx / 試合元帳,元帳あり・Web URL未登録,v1_3_workcopy.xlsx,level=national;historical_reference=1;team1_pref=愛知;team2_pref=茨城
2021,senbatsu,national,,,2021選抜,QF,,天理,10,仙台育英,3,奈良,宮城,,v1_3_workcopy.xlsx / 試合元帳,元帳あり・Web URL未登録,v1_3_workcopy.xlsx,level=national;historical_reference=1;team1_pref=奈良;team2_pref=宮城
2021,senbatsu,national,,,2021選抜,QF,,東海大相模,8,福岡大大濠,0,神奈川,福岡,,v1_3_workcopy.xlsx / 試合元帳,元帳あり・Web URL未登録,v1_3_workcopy.xlsx,level=national;historical_reference=1;team1_pref=神奈川;team2_pref=福岡
2021,senbatsu,national,,,2021選抜,QF,,明豊,6,智弁学園,4,大分,奈良,,v1_3_workcopy.xlsx / 試合元帳,元帳あり・Web URL未登録,v1_3_workcopy.xlsx,level=national;historical_reference=1;team1_pref=大分;team2_pref=奈良
2021,senbatsu,national,,,2021選抜,QF,,中京大中京,6,東海大菅生,0,愛知,東京,,v1_3_workcopy.xlsx / 試合元帳,元帳あり・Web URL未登録,v1_3_workcopy.xlsx,level=national;historical_reference=1;team1_pref=愛知;team2_pref=東京
2021,senbatsu,national,,,2021選抜,SF,,東海大相模,2,天理,0,神奈川,奈良,,v1_3_workcopy.xlsx / 試合元帳,元帳あり・Web URL未登録,v1_3_workcopy.xlsx,level=national;historical_reference=1;team1_pref=神奈川;team2_pref=奈良
2021,senbatsu,national,,,2021選抜,SF,,明豊,5,中京大中京,4,大分,愛知,,v1_3_workcopy.xlsx / 試合元帳,元帳あり・Web URL未登録,v1_3_workcopy.xlsx,level=national;historical_reference=1;team1_pref=大分;team2_pref=愛知
2021,senbatsu,national,,,2021選抜,F,,東海大相模,3,明豊,2,神奈川,大分,,v1_3_workcopy.xlsx / 試合元帳,元帳あり・Web URL未登録,v1_3_workcopy.xlsx,level=national;historical_reference=1;team1_pref=神奈川;team2_pref=大分;legacy_note=サヨナラ
2021,spring,hokkaido,,,2021春季北海道地区大会,1R,,札幌静修,5,釧路北陽,3,北海道,北海道,,v1_3_workcopy.xlsx / 試合元帳,元帳あり・Web URL未登録,v1_3_workcopy.xlsx,level=regional;historical_reference=1;team1_pref=北海道;team2_pref=北海道
2021,spring,hokkaido,,,2021春季北海道地区大会,1R,,東海大札幌,2,駒大苫小牧,1,北海道,北海道,,v1_3_workcopy.xlsx / 試合元帳,元帳あり・Web URL未登録,v1_3_workcopy.xlsx,level=regional;historical_reference=1;team1_pref=北海道;team2_pref=北海道
2021,spring,hokkaido,,,2021春季北海道地区大会,1R,,北照,5,士別翔雲,1,北海道,北海道,,v1_3_workcopy.xlsx / 試合元帳,元帳あり・Web URL未登録,v1_3_workcopy.xlsx,level=regional;historical_reference=1;team1_pref=北海道;team2_pref=北海道
2021,spring,hokkaido,,,2021春季北海道地区大会,1R,,北海道栄,6,遠軽,5,北海道,北海道,,v1_3_workcopy.xlsx / 試合元帳,元帳あり・Web URL未登録,v1_3_workcopy.xlsx,level=regional;historical_reference=1;team1_pref=北海道;team2_pref=北海道;legacy_note=延長10回サヨナラ
2021,spring,hokkaido,,,2021春季北海道地区大会,1R,,クラーク国際,10,札幌平岸,0,北海道,北海道,,v1_3_workcopy.xlsx / 試合元帳,元帳あり・Web URL未登録,v1_3_workcopy.xlsx,level=regional;historical_reference=1;team1_pref=北海道;team2_pref=北海道;legacy_note=5回コールド
2021,spring,hokkaido,,,2021春季北海道地区大会,1R,,白樺学園,6,札幌光星,4,北海道,北海道,,v1_3_workcopy.xlsx / 試合元帳,元帳あり・Web URL未登録,v1_3_workcopy.xlsx,level=regional;historical_reference=1;team1_pref=北海道;team2_pref=北海道
2021,spring,hokkaido,,,2021春季北海道地区大会,1R,,旭川大高,5,北海,4,北海道,北海道,,v1_3_workcopy.xlsx / 試合元帳,元帳あり・Web URL未登録,v1_3_workcopy.xlsx,level=regional;historical_reference=1;team1_pref=北海道;team2_pref=北海道;legacy_note=サヨナラ
2021,spring,hokkaido,,,2021春季北海道地区大会,1R,,札幌日大,7,函館工,5,北海道,北海道,,v1_3_workcopy.xlsx / 試合元帳,元帳あり・Web URL未登録,v1_3_workcopy.xlsx,level=regional;historical_reference=1;team1_pref=北海道;team2_pref=北海道
2021,spring,hokkaido,,,2021春季北海道地区大会,QF,,札幌静修,2,東海大札幌,1,北海道,北海道,,v1_3_workcopy.xlsx / 試合元帳,元帳あり・Web URL未登録,v1_3_workcopy.xlsx,level=regional;historical_reference=1;team1_pref=北海道;team2_pref=北海道;legacy_note=サヨナラ
2021,spring,hokkaido,,,2021春季北海道地区大会,QF,,北海道栄,8,北照,1,北海道,北海道,,v1_3_workcopy.xlsx / 試合元帳,元帳あり・Web URL未登録,v1_3_workcopy.xlsx,level=regional;historical_reference=1;team1_pref=北海道;team2_pref=北海道;legacy_note=7回コールド
2021,spring,hokkaido,,,2021春季北海道地区大会,QF,,クラーク国際,3,白樺学園,1,北海道,北海道,,v1_3_workcopy.xlsx / 試合元帳,元帳あり・Web URL未登録,v1_3_workcopy.xlsx,level=regional;historical_reference=1;team1_pref=北海道;team2_pref=北海道
2021,spring,hokkaido,,,2021春季北海道地区大会,QF,,札幌日大,3,旭川大高,2,北海道,北海道,,v1_3_workcopy.xlsx / 試合元帳,元帳あり・Web URL未登録,v1_3_workcopy.xlsx,level=regional;historical_reference=1;team1_pref=北海道;team2_pref=北海道;legacy_note=サヨナラ
2021,spring,hokkaido,,,2021春季北海道地区大会,SF,,北海道栄,10,札幌静修,0,北海道,北海道,,v1_3_workcopy.xlsx / 試合元帳,元帳あり・Web URL未登録,v1_3_workcopy.xlsx,level=regional;historical_reference=1;team1_pref=北海道;team2_pref=北海道;legacy_note=6回コールド
2021,spring,hokkaido,,,2021春季北海道地区大会,SF,,札幌日大,5,クラーク国際,3,北海道,北海道,,v1_3_workcopy.xlsx / 試合元帳,元帳あり・Web URL未登録,v1_3_workcopy.xlsx,level=regional;historical_reference=1;team1_pref=北海道;team2_pref=北海道;legacy_note=延長10回
2021,spring,hokkaido,,,2021春季北海道地区大会,F,,札幌日大,3,北海道栄,2,北海道,北海道,,v1_3_workcopy.xlsx / 試合元帳,元帳あり・Web URL未登録,v1_3_workcopy.xlsx,level=regional;historical_reference=1;team1_pref=北海道;team2_pref=北海道
2021,spring,kanto_tokyo,,,2021春季関東地区大会,1R,,花咲徳栄,10,東海大甲府,0,埼玉,山梨,,v1_3_workcopy.xlsx / 試合元帳,元帳あり・Web URL未登録,v1_3_workcopy.xlsx,level=regional;historical_reference=1;team1_pref=埼玉;team2_pref=山梨;legacy_note=5回コールド
2021,spring,kanto_tokyo,,,2021春季関東地区大会,2R,,日本航空,5,東海大相模,3,山梨,神奈川,,v1_3_workcopy.xlsx / 試合元帳,元帳あり・Web URL未登録,v1_3_workcopy.xlsx,level=regional;historical_reference=1;team1_pref=山梨;team2_pref=神奈川
2021,spring,kanto_tokyo,,,2021春季関東地区大会,2R,,関東学園大付,8,常磐大高,4,群馬,茨城,,v1_3_workcopy.xlsx / 試合元帳,元帳あり・Web URL未登録,v1_3_workcopy.xlsx,level=regional;historical_reference=1;team1_pref=群馬;team2_pref=茨城
2021,spring,kanto_tokyo,,,2021春季関東地区大会,2R,,関東一,3,千葉学芸,2,東京,千葉,,v1_3_workcopy.xlsx / 試合元帳,元帳あり・Web URL未登録,v1_3_workcopy.xlsx,level=regional;historical_reference=1;team1_pref=東京;team2_pref=千葉;legacy_note=サヨナラ
2021,spring,kanto_tokyo,,,2021春季関東地区大会,2R,,桐光学園,13,日大三,9,神奈川,東京,,v1_3_workcopy.xlsx / 試合元帳,元帳あり・Web URL未登録,v1_3_workcopy.xlsx,level=regional;historical_reference=1;team1_pref=神奈川;team2_pref=東京
2021,spring,kanto_tokyo,,,2021春季関東地区大会,2R,,常総学院,10,東農大二,2,茨城,群馬,,v1_3_workcopy.xlsx / 試合元帳,元帳あり・Web URL未登録,v1_3_workcopy.xlsx,level=regional;historical_reference=1;team1_pref=茨城;team2_pref=群馬;legacy_note=7回コールド
2021,spring,kanto_tokyo,,,2021春季関東地区大会,2R,,専大松戸,6,駿台甲府,0,千葉,山梨,,v1_3_workcopy.xlsx / 試合元帳,元帳あり・Web URL未登録,v1_3_workcopy.xlsx,level=regional;historical_reference=1;team1_pref=千葉;team2_pref=山梨
2021,spring,kanto_tokyo,,,2021春季関東地区大会,2R,,花咲徳栄,7,佐野日大,4,埼玉,栃木,,v1_3_workcopy.xlsx / 試合元帳,元帳あり・Web URL未登録,v1_3_workcopy.xlsx,level=regional;historical_reference=1;team1_pref=埼玉;team2_pref=栃木
2021,spring,kanto_tokyo,,,2021春季関東地区大会,2R,,浦和学院,8,作新学院,1,埼玉,栃木,,v1_3_workcopy.xlsx / 試合元帳,元帳あり・Web URL未登録,v1_3_workcopy.xlsx,level=regional;historical_reference=1;team1_pref=埼玉;team2_pref=栃木;legacy_note=7回コールド
2021,spring,kanto_tokyo,,,2021春季関東地区大会,QF,,桐光学園,1,関東学園大付,0,神奈川,群馬,,v1_3_workcopy.xlsx / 試合元帳,元帳あり・Web URL未登録,v1_3_workcopy.xlsx,level=regional;historical_reference=1;team1_pref=神奈川;team2_pref=群馬
2021,spring,kanto_tokyo,,,2021春季関東地区大会,QF,,関東一,7,日本航空,3,東京,山梨,,v1_3_workcopy.xlsx / 試合元帳,元帳あり・Web URL未登録,v1_3_workcopy.xlsx,level=regional;historical_reference=1;team1_pref=東京;team2_pref=山梨
2021,spring,kanto_tokyo,,,2021春季関東地区大会,QF,,専大松戸,9,浦和学院,5,千葉,埼玉,,v1_3_workcopy.xlsx / 試合元帳,元帳あり・Web URL未登録,v1_3_workcopy.xlsx,level=regional;historical_reference=1;team1_pref=千葉;team2_pref=埼玉
2021,spring,kanto_tokyo,,,2021春季関東地区大会,QF,,常総学院,10,花咲徳栄,8,茨城,埼玉,,v1_3_workcopy.xlsx / 試合元帳,元帳あり・Web URL未登録,v1_3_workcopy.xlsx,level=regional;historical_reference=1;team1_pref=茨城;team2_pref=埼玉
2021,spring,kanto_tokyo,,,2021春季関東地区大会,SF,,専大松戸,3,桐光学園,2,千葉,神奈川,,v1_3_workcopy.xlsx / 試合元帳,元帳あり・Web URL未登録,v1_3_workcopy.xlsx,level=regional;historical_reference=1;team1_pref=千葉;team2_pref=神奈川;legacy_note=延長10回サヨナラ
2021,spring,kanto_tokyo,,,2021春季関東地区大会,SF,,関東一,6,常総学院,5,東京,茨城,,v1_3_workcopy.xlsx / 試合元帳,元帳あり・Web URL未登録,v1_3_workcopy.xlsx,level=regional;historical_reference=1;team1_pref=東京;team2_pref=茨城;legacy_note=サヨナラ
2021,spring,kanto_tokyo,,,2021春季関東地区大会,F,,専大松戸,7,関東一,6,千葉,東京,,v1_3_workcopy.xlsx / 試合元帳,元帳あり・Web URL未登録,v1_3_workcopy.xlsx,level=regional;historical_reference=1;team1_pref=千葉;team2_pref=東京
2021,spring,hokushinetsu,,,2021春季北信越地区大会,QF,,新潟産大付,3,小松大谷,2,新潟,石川,,v1_3_workcopy.xlsx / 試合元帳,元帳あり・Web URL未登録,v1_3_workcopy.xlsx,level=regional;historical_reference=1;team1_pref=新潟;team2_pref=石川
2021,spring,hokushinetsu,,,2021春季北信越地区大会,QF,,敦賀気比,16,新潟,2,福井,新潟,,v1_3_workcopy.xlsx / 試合元帳,元帳あり・Web URL未登録,v1_3_workcopy.xlsx,level=regional;historical_reference=1;team1_pref=福井;team2_pref=新潟;legacy_note=5回コールド
2021,spring,hokushinetsu,,,2021春季北信越地区大会,QF,,松商学園,6,関根学園,2,長野,新潟,,v1_3_workcopy.xlsx / 試合元帳,元帳あり・Web URL未登録,v1_3_workcopy.xlsx,level=regional;historical_reference=1;team1_pref=長野;team2_pref=新潟
2021,spring,hokushinetsu,,,2021春季北信越地区大会,QF,,新潟明訓,7,高岡第一,0,新潟,富山,,v1_3_workcopy.xlsx / 試合元帳,元帳あり・Web URL未登録,v1_3_workcopy.xlsx,level=regional;historical_reference=1;team1_pref=新潟;team2_pref=富山;legacy_note=7回コールド
2021,spring,hokushinetsu,,,2021春季北信越地区大会,SF,,敦賀気比,9,松商学園,8,福井,長野,,v1_3_workcopy.xlsx / 試合元帳,元帳あり・Web URL未登録,v1_3_workcopy.xlsx,level=regional;historical_reference=1;team1_pref=福井;team2_pref=長野;legacy_note=サヨナラ
2021,spring,hokushinetsu,,,2021春季北信越地区大会,SF,,新潟明訓,7,新潟産大付,2,新潟,新潟,,v1_3_workcopy.xlsx / 試合元帳,元帳あり・Web URL未登録,v1_3_workcopy.xlsx,level=regional;historical_reference=1;team1_pref=新潟;team2_pref=新潟
2021,spring,hokushinetsu,,,2021春季北信越地区大会,F,,敦賀気比,6,新潟明訓,5,福井,新潟,,v1_3_workcopy.xlsx / 試合元帳,元帳あり・Web URL未登録,v1_3_workcopy.xlsx,level=regional;historical_reference=1;team1_pref=福井;team2_pref=新潟
2021,spring,tokai,,,2021春季東海地区大会,QF,,享栄,8,藤枝明誠,3,愛知,静岡,,v1_3_workcopy.xlsx / 試合元帳,元帳あり・Web URL未登録,v1_3_workcopy.xlsx,level=regional;historical_reference=1;team1_pref=愛知;team2_pref=静岡
2021,spring,tokai,,,2021春季東海地区大会,QF,,掛川西,5,津商,1,静岡,三重,,v1_3_workcopy.xlsx / 試合元帳,元帳あり・Web URL未登録,v1_3_workcopy.xlsx,level=regional;historical_reference=1;team1_pref=静岡;team2_pref=三重
2021,spring,tokai,,,2021春季東海地区大会,QF,,愛工大名電,6,岐阜第一,4,愛知,岐阜,,v1_3_workcopy.xlsx / 試合元帳,元帳あり・Web URL未登録,v1_3_workcopy.xlsx,level=regional;historical_reference=1;team1_pref=愛知;team2_pref=岐阜;legacy_note=延長12回
2021,spring,tokai,,,2021春季東海地区大会,QF,,中京,11,津田学園,9,岐阜,三重,,v1_3_workcopy.xlsx / 試合元帳,元帳あり・Web URL未登録,v1_3_workcopy.xlsx,level=regional;historical_reference=1;team1_pref=岐阜;team2_pref=三重
2021,spring,tokai,,,2021春季東海地区大会,SF,,享栄,12,中京,3,愛知,岐阜,,v1_3_workcopy.xlsx / 試合元帳,元帳あり・Web URL未登録,v1_3_workcopy.xlsx,level=regional;historical_reference=1;team1_pref=愛知;team2_pref=岐阜;legacy_note=7回コールド
2021,spring,tokai,,,2021春季東海地区大会,SF,,掛川西,6,愛工大名電,1,静岡,愛知,,v1_3_workcopy.xlsx / 試合元帳,元帳あり・Web URL未登録,v1_3_workcopy.xlsx,level=regional;historical_reference=1;team1_pref=静岡;team2_pref=愛知
2021,spring,tokai,,,2021春季東海地区大会,F,,掛川西,5,享栄,1,静岡,愛知,,v1_3_workcopy.xlsx / 試合元帳,元帳あり・Web URL未登録,v1_3_workcopy.xlsx,level=regional;historical_reference=1;team1_pref=静岡;team2_pref=愛知
2021,spring,kinki,,,2021春季近畿地区大会,QF,,智弁和歌山,1,神港学園,0,和歌山,兵庫,,v1_3_workcopy.xlsx / 試合元帳,元帳あり・Web URL未登録,v1_3_workcopy.xlsx,level=regional;historical_reference=1;team1_pref=和歌山;team2_pref=兵庫
2021,spring,kinki,,,2021春季近畿地区大会,QF,,大阪桐蔭,7,綾羽,5,大阪,滋賀,,v1_3_workcopy.xlsx / 試合元帳,元帳あり・Web URL未登録,v1_3_workcopy.xlsx,level=regional;historical_reference=1;team1_pref=大阪;team2_pref=滋賀
2021,spring,kinki,,,2021春季近畿地区大会,QF,,智弁学園,15,滋賀学園,0,奈良,滋賀,,v1_3_workcopy.xlsx / 試合元帳,元帳あり・Web URL未登録,v1_3_workcopy.xlsx,level=regional;historical_reference=1;team1_pref=奈良;team2_pref=滋賀;legacy_note=6回コールド
2021,spring,kinki,,,2021春季近畿地区大会,QF,,京都国際,9,立命館守山,1,京都,滋賀,,v1_3_workcopy.xlsx / 試合元帳,元帳あり・Web URL未登録,v1_3_workcopy.xlsx,level=regional;historical_reference=1;team1_pref=京都;team2_pref=滋賀;legacy_note=7回コールド
2021,spring,kinki,,,2021春季近畿地区大会,SF,,大阪桐蔭,3,智弁和歌山,2,大阪,和歌山,,v1_3_workcopy.xlsx / 試合元帳,元帳あり・Web URL未登録,v1_3_workcopy.xlsx,level=regional;historical_reference=1;team1_pref=大阪;team2_pref=和歌山;legacy_note=サヨナラ
2021,spring,kinki,,,2021春季近畿地区大会,SF,,智弁学園,4,京都国際,2,奈良,京都,,v1_3_workcopy.xlsx / 試合元帳,元帳あり・Web URL未登録,v1_3_workcopy.xlsx,level=regional;historical_reference=1;team1_pref=奈良;team2_pref=京都
2021,spring,kinki,,,2021春季近畿地区大会,F,,大阪桐蔭,4,智弁学園,2,大阪,奈良,,v1_3_workcopy.xlsx / 試合元帳,元帳あり・Web URL未登録,v1_3_workcopy.xlsx,level=regional;historical_reference=1;team1_pref=大阪;team2_pref=奈良;legacy_note=延長10回サヨナラ
2021,spring,chugoku,,,2021春季中国地区大会,QF,,創志学園,9,鳥取城北,2,岡山,鳥取,,v1_3_workcopy.xlsx / 試合元帳,元帳あり・Web URL未登録,v1_3_workcopy.xlsx,level=regional;historical_reference=1;team1_pref=岡山;team2_pref=鳥取;legacy_note=7回コールド
2021,spring,chugoku,,,2021春季中国地区大会,QF,,広島新庄,2,米子東,1,広島,鳥取,,v1_3_workcopy.xlsx / 試合元帳,元帳あり・Web URL未登録,v1_3_workcopy.xlsx,level=regional;historical_reference=1;team1_pref=広島;team2_pref=鳥取;legacy_note=サヨナラ
2021,spring,chugoku,,,2021春季中国地区大会,QF,,下関国際,7,米子松蔭,0,山口,鳥取,,v1_3_workcopy.xlsx / 試合元帳,元帳あり・Web URL未登録,v1_3_workcopy.xlsx,level=regional;historical_reference=1;team1_pref=山口;team2_pref=鳥取;legacy_note=8回コールド
2021,spring,chugoku,,,2021春季中国地区大会,QF,,立正大淞南,9,鳥取商,1,島根,鳥取,,v1_3_workcopy.xlsx / 試合元帳,元帳あり・Web URL未登録,v1_3_workcopy.xlsx,level=regional;historical_reference=1;team1_pref=島根;team2_pref=鳥取;legacy_note=8回コールド
2021,spring,chugoku,,,2021春季中国地区大会,SF,,創志学園,7,広島新庄,0,岡山,広島,,v1_3_workcopy.xlsx / 試合元帳,元帳あり・Web URL未登録,v1_3_workcopy.xlsx,level=regional;historical_reference=1;team1_pref=岡山;team2_pref=広島;legacy_note=7回コールド
2021,spring,chugoku,,,2021春季中国地区大会,SF,,下関国際,8,立正大淞南,2,山口,島根,,v1_3_workcopy.xlsx / 試合元帳,元帳あり・Web URL未登録,v1_3_workcopy.xlsx,level=regional;historical_reference=1;team1_pref=山口;team2_pref=島根
2021,spring,chugoku,,,2021春季中国地区大会,F,,創志学園,5,下関国際,0,岡山,山口,,v1_3_workcopy.xlsx / 試合元帳,元帳あり・Web URL未登録,v1_3_workcopy.xlsx,level=regional;historical_reference=1;team1_pref=岡山;team2_pref=山口
2021,spring,shikoku,,,2021春季四国地区大会,QF,,新田,6,徳島商,4,愛媛,徳島,,v1_3_workcopy.xlsx / 試合元帳,元帳あり・Web URL未登録,v1_3_workcopy.xlsx,level=regional;historical_reference=1;team1_pref=愛媛;team2_pref=徳島
2021,spring,shikoku,,,2021春季四国地区大会,QF,,高知,3,鳴門,2,高知,徳島,,v1_3_workcopy.xlsx / 試合元帳,元帳あり・Web URL未登録,v1_3_workcopy.xlsx,level=regional;historical_reference=1;team1_pref=高知;team2_pref=徳島
2021,spring,shikoku,,,2021春季四国地区大会,QF,,明徳義塾,12,藤井,4,高知,香川,,v1_3_workcopy.xlsx / 試合元帳,元帳あり・Web URL未登録,v1_3_workcopy.xlsx,level=regional;historical_reference=1;team1_pref=高知;team2_pref=香川;legacy_note=7回コールド
2021,spring,shikoku,,,2021春季四国地区大会,QF,,聖カタリナ,9,英明,4,愛媛,香川,,v1_3_workcopy.xlsx / 試合元帳,元帳あり・Web URL未登録,v1_3_workcopy.xlsx,level=regional;historical_reference=1;team1_pref=愛媛;team2_pref=香川
2021,spring,shikoku,,,2021春季四国地区大会,SF,,高知,8,聖カタリナ,1,高知,愛媛,,v1_3_workcopy.xlsx / 試合元帳,元帳あり・Web URL未登録,v1_3_workcopy.xlsx,level=regional;historical_reference=1;team1_pref=高知;team2_pref=愛媛;legacy_note=8回コールド
2021,spring,shikoku,,,2021春季四国地区大会,SF,,明徳義塾,3,新田,0,高知,愛媛,,v1_3_workcopy.xlsx / 試合元帳,元帳あり・Web URL未登録,v1_3_workcopy.xlsx,level=regional;historical_reference=1;team1_pref=高知;team2_pref=愛媛
2021,spring,shikoku,,,2021春季四国地区大会,F,,高知,6,明徳義塾,2,高知,高知,,v1_3_workcopy.xlsx / 試合元帳,元帳あり・Web URL未登録,v1_3_workcopy.xlsx,level=regional;historical_reference=1;team1_pref=高知;team2_pref=高知
2021,spring,kyushu,,,2021春季九州地区大会,1R,,津久見,4,鹿屋中央,1,大分,鹿児島,,v1_3_workcopy.xlsx / 試合元帳,元帳あり・Web URL未登録,v1_3_workcopy.xlsx,level=regional;historical_reference=1;team1_pref=大分;team2_pref=鹿児島
2021,spring,kyushu,,,2021春季九州地区大会,1R,,藤蔭,8,東福岡,5,大分,福岡,,v1_3_workcopy.xlsx / 試合元帳,元帳あり・Web URL未登録,v1_3_workcopy.xlsx,level=regional;historical_reference=1;team1_pref=大分;team2_pref=福岡
2021,spring,kyushu,,,2021春季九州地区大会,1R,,柳ヶ浦,2,真颯館,0,大分,福岡,,v1_3_workcopy.xlsx / 試合元帳,元帳あり・Web URL未登録,v1_3_workcopy.xlsx,level=regional;historical_reference=1;team1_pref=大分;team2_pref=福岡
2021,spring,kyushu,,,2021春季九州地区大会,2R,,興南,8,大崎,2,沖縄,長崎,,v1_3_workcopy.xlsx / 試合元帳,元帳あり・Web URL未登録,v1_3_workcopy.xlsx,level=regional;historical_reference=1;team1_pref=沖縄;team2_pref=長崎
2021,spring,kyushu,,,2021春季九州地区大会,2R,,具志川商,3,東明館,0,沖縄,佐賀,,v1_3_workcopy.xlsx / 試合元帳,元帳あり・Web URL未登録,v1_3_workcopy.xlsx,level=regional;historical_reference=1;team1_pref=沖縄;team2_pref=佐賀
2021,spring,kyushu,,,2021春季九州地区大会,2R,,明豊,12,日南学園,1,大分,宮崎,,v1_3_workcopy.xlsx / 試合元帳,元帳あり・Web URL未登録,v1_3_workcopy.xlsx,level=regional;historical_reference=1;team1_pref=大分;team2_pref=宮崎;legacy_note=6回コールド
2021,spring,kyushu,,,2021春季九州地区大会,2R,,福岡大大濠,2,津久見,1,福岡,大分,,v1_3_workcopy.xlsx / 試合元帳,元帳あり・Web URL未登録,v1_3_workcopy.xlsx,level=regional;historical_reference=1;team1_pref=福岡;team2_pref=大分;legacy_note=延長13回サヨナラ
2021,spring,kyushu,,,2021春季九州地区大会,2R,,長崎商,4,柳ヶ浦,0,長崎,大分,,v1_3_workcopy.xlsx / 試合元帳,元帳あり・Web URL未登録,v1_3_workcopy.xlsx,level=regional;historical_reference=1;team1_pref=長崎;team2_pref=大分
2021,spring,kyushu,,,2021春季九州地区大会,2R,,九州国際大付,2,大分舞鶴,0,福岡,大分,,v1_3_workcopy.xlsx / 試合元帳,元帳あり・Web URL未登録,v1_3_workcopy.xlsx,level=regional;historical_reference=1;team1_pref=福岡;team2_pref=大分
2021,spring,kyushu,,,2021春季九州地区大会,2R,,宮崎商,7,東海大星翔,3,宮崎,熊本,,v1_3_workcopy.xlsx / 試合元帳,元帳あり・Web URL未登録,v1_3_workcopy.xlsx,level=regional;historical_reference=1;team1_pref=宮崎;team2_pref=熊本
2021,spring,kyushu,,,2021春季九州地区大会,2R,,鹿児島実,7,藤蔭,3,鹿児島,大分,,v1_3_workcopy.xlsx / 試合元帳,元帳あり・Web URL未登録,v1_3_workcopy.xlsx,level=regional;historical_reference=1;team1_pref=鹿児島;team2_pref=大分
2021,spring,kyushu,,,2021春季九州地区大会,QF,,具志川商,8,長崎商,4,沖縄,長崎,,v1_3_workcopy.xlsx / 試合元帳,元帳あり・Web URL未登録,v1_3_workcopy.xlsx,level=regional;historical_reference=1;team1_pref=沖縄;team2_pref=長崎
2021,spring,kyushu,,,2021春季九州地区大会,QF,,福岡大大濠,4,明豊,0,福岡,大分,,v1_3_workcopy.xlsx / 試合元帳,元帳あり・Web URL未登録,v1_3_workcopy.xlsx,level=regional;historical_reference=1;team1_pref=福岡;team2_pref=大分
2021,spring,kyushu,,,2021春季九州地区大会,QF,,九州国際大付,7,宮崎商,0,福岡,宮崎,,v1_3_workcopy.xlsx / 試合元帳,元帳あり・Web URL未登録,v1_3_workcopy.xlsx,level=regional;historical_reference=1;team1_pref=福岡;team2_pref=宮崎;legacy_note=8回コールド
2021,spring,kyushu,,,2021春季九州地区大会,QF,,興南,4,鹿児島実,2,沖縄,鹿児島,,v1_3_workcopy.xlsx / 試合元帳,元帳あり・Web URL未登録,v1_3_workcopy.xlsx,level=regional;historical_reference=1;team1_pref=沖縄;team2_pref=鹿児島;legacy_note=サヨナラ
2021,spring,kyushu,,,2021春季九州地区大会,SF,,九州国際大付,2,興南,1,福岡,沖縄,,v1_3_workcopy.xlsx / 試合元帳,元帳あり・Web URL未登録,v1_3_workcopy.xlsx,level=regional;historical_reference=1;team1_pref=福岡;team2_pref=沖縄
2021,spring,kyushu,,,2021春季九州地区大会,SF,,具志川商,8,福岡大大濠,0,沖縄,福岡,,v1_3_workcopy.xlsx / 試合元帳,元帳あり・Web URL未登録,v1_3_workcopy.xlsx,level=regional;historical_reference=1;team1_pref=沖縄;team2_pref=福岡;legacy_note=7回コールド
2021,spring,kyushu,,,2021春季九州地区大会,F,,具志川商,3,九州国際大付,1,沖縄,福岡,,v1_3_workcopy.xlsx / 試合元帳,元帳あり・Web URL未登録,v1_3_workcopy.xlsx,level=regional;historical_reference=1;team1_pref=沖縄;team2_pref=福岡
2021,koshien,national,,,2021選手権,1R,,日大山形,4,米子東,1,山形,鳥取,,v1_3_workcopy.xlsx / 試合元帳,元帳あり・Web URL未登録,v1_3_workcopy.xlsx,level=national;historical_reference=1;team1_pref=山形;team2_pref=鳥取
2021,koshien,national,,,2021選手権,1R,,新田,4,静岡,2,愛媛,静岡,,v1_3_workcopy.xlsx / 試合元帳,元帳あり・Web URL未登録,v1_3_workcopy.xlsx,level=national;historical_reference=1;team1_pref=愛媛;team2_pref=静岡
2021,koshien,national,,,2021選手権,1R,,日本航空,4,東明館,0,山梨,佐賀,,v1_3_workcopy.xlsx / 試合元帳,元帳あり・Web URL未登録,v1_3_workcopy.xlsx,level=national;historical_reference=1;team1_pref=山梨;team2_pref=佐賀
2021,koshien,national,,,2021選手権,1R,,智弁学園,10,倉敷商,3,奈良,岡山,,v1_3_workcopy.xlsx / 試合元帳,元帳あり・Web URL未登録,v1_3_workcopy.xlsx,level=national;historical_reference=1;team1_pref=奈良;team2_pref=岡山
2021,koshien,national,,,2021選手権,1R,,横浜,3,広島新庄,2,神奈川,広島,,v1_3_workcopy.xlsx / 試合元帳,元帳あり・Web URL未登録,v1_3_workcopy.xlsx,level=national;historical_reference=1;team1_pref=神奈川;team2_pref=広島;legacy_note=サヨナラ
2021,koshien,national,,,2021選手権,1R,,松商学園,17,高岡商,4,長野,富山,,v1_3_workcopy.xlsx / 試合元帳,元帳あり・Web URL未登録,v1_3_workcopy.xlsx,level=national;historical_reference=1;team1_pref=長野;team2_pref=富山
2021,koshien,national,,,2021選手権,1R,,東北学院,5,愛工大名電,3,宮城,愛知,,v1_3_workcopy.xlsx / 試合元帳,元帳あり・Web URL未登録,v1_3_workcopy.xlsx,level=national;historical_reference=1;team1_pref=宮城;team2_pref=愛知
2021,koshien,national,,,2021選手権,1R,,明桜,4,帯広農,2,秋田,北海道,,v1_3_workcopy.xlsx / 試合元帳,元帳あり・Web URL未登録,v1_3_workcopy.xlsx,level=national;historical_reference=1;team1_pref=秋田;team2_pref=北海道
2021,koshien,national,,,2021選手権,1R,,明徳義塾,3,県岐阜商,2,高知,岐阜,,v1_3_workcopy.xlsx / 試合元帳,元帳あり・Web URL未登録,v1_3_workcopy.xlsx,level=national;historical_reference=1;team1_pref=高知;team2_pref=岐阜;legacy_note=サヨナラ
2021,koshien,national,,,2021選手権,1R,,神戸国際大付,2,北海,1,兵庫,北海道,,v1_3_workcopy.xlsx / 試合元帳,元帳あり・Web URL未登録,v1_3_workcopy.xlsx,level=national;historical_reference=1;team1_pref=兵庫;team2_pref=北海道
2021,koshien,national,,,2021選手権,1R,,高川学園,7,小松大谷,6,山口,石川,,v1_3_workcopy.xlsx / 試合元帳,元帳あり・Web URL未登録,v1_3_workcopy.xlsx,level=national;historical_reference=1;team1_pref=山口;team2_pref=石川;legacy_note=サヨナラ
2021,koshien,national,,,2021選手権,1R,,長崎商,8,熊本工,4,長崎,熊本,,v1_3_workcopy.xlsx / 試合元帳,元帳あり・Web URL未登録,v1_3_workcopy.xlsx,level=national;historical_reference=1;team1_pref=長崎;team2_pref=熊本
2021,koshien,national,,,2021選手権,1R,,専大松戸,6,明豊,0,千葉,大分,,v1_3_workcopy.xlsx / 試合元帳,元帳あり・Web URL未登録,v1_3_workcopy.xlsx,level=national;historical_reference=1;team1_pref=千葉;team2_pref=大分
2021,koshien,national,,,2021選手権,1R,,沖縄尚学,8,阿南光,0,沖縄,徳島,,v1_3_workcopy.xlsx / 試合元帳,元帳あり・Web URL未登録,v1_3_workcopy.xlsx,level=national;historical_reference=1;team1_pref=沖縄;team2_pref=徳島
2021,koshien,national,,,2021選手権,1R,,盛岡大付,7,鹿島学園,0,岩手,茨城,,v1_3_workcopy.xlsx / 試合元帳,元帳あり・Web URL未登録,v1_3_workcopy.xlsx,level=national;historical_reference=1;team1_pref=岩手;team2_pref=茨城
2021,koshien,national,,,2021選手権,1R,,大阪桐蔭,7,東海大菅生,4,大阪,東京,,v1_3_workcopy.xlsx / 試合元帳,元帳あり・Web URL未登録,v1_3_workcopy.xlsx,level=national;historical_reference=1;team1_pref=大阪;team2_pref=東京;legacy_note=8回表降雨コールド
2021,koshien,national,,,2021選手権,1R,,近江,8,日大東北,2,滋賀,福島,,v1_3_workcopy.xlsx / 試合元帳,元帳あり・Web URL未登録,v1_3_workcopy.xlsx,level=national;historical_reference=1;team1_pref=滋賀;team2_pref=福島
2021,koshien,national,,,2021選手権,2R,,京都国際,1,前橋育英,0,京都,群馬,,v1_3_workcopy.xlsx / 試合元帳,元帳あり・Web URL未登録,v1_3_workcopy.xlsx,level=national;historical_reference=1;team1_pref=京都;team2_pref=群馬
2021,koshien,national,,,2021選手権,2R,,高松商,10,作新学院,7,香川,栃木,,v1_3_workcopy.xlsx / 試合元帳,元帳あり・Web URL未登録,v1_3_workcopy.xlsx,level=national;historical_reference=1;team1_pref=香川;team2_pref=栃木
2021,koshien,national,,,2021選手権,2R,,智弁和歌山,,宮崎商,,和歌山,宮崎,,v1_3_workcopy.xlsx / 試合元帳,元帳あり・Web URL未登録,v1_3_workcopy.xlsx,level=national;historical_reference=1;team1_pref=和歌山;team2_pref=宮崎;legacy_note=不戦勝;exclude_from_rating=1
2021,koshien,national,,,2021選手権,2R,,二松学舎大付,2,西日本短大付,0,東京,福岡,,v1_3_workcopy.xlsx / 試合元帳,元帳あり・Web URL未登録,v1_3_workcopy.xlsx,level=national;historical_reference=1;team1_pref=東京;team2_pref=福岡
2021,koshien,national,,,2021選手権,2R,,三重,2,樟南,0,三重,鹿児島,,v1_3_workcopy.xlsx / 試合元帳,元帳あり・Web URL未登録,v1_3_workcopy.xlsx,level=national;historical_reference=1;team1_pref=三重;team2_pref=鹿児島
2021,koshien,national,,,2021選手権,2R,,敦賀気比,8,日本文理,6,福井,新潟,,v1_3_workcopy.xlsx / 試合元帳,元帳あり・Web URL未登録,v1_3_workcopy.xlsx,level=national;historical_reference=1;team1_pref=福井;team2_pref=新潟
2021,koshien,national,,,2021選手権,2R,,石見智翠館,4,聖愛,3,島根,青森,,v1_3_workcopy.xlsx / 試合元帳,元帳あり・Web URL未登録,v1_3_workcopy.xlsx,level=national;historical_reference=1;team1_pref=島根;team2_pref=青森
2021,koshien,national,,,2021選手権,2R,,日大山形,4,浦和学院,3,山形,埼玉,,v1_3_workcopy.xlsx / 試合元帳,元帳あり・Web URL未登録,v1_3_workcopy.xlsx,level=national;historical_reference=1;team1_pref=山形;team2_pref=埼玉
2021,koshien,national,,,2021選手権,2R,,日本航空,5,新田,3,山梨,愛媛,,v1_3_workcopy.xlsx / 試合元帳,元帳あり・Web URL未登録,v1_3_workcopy.xlsx,level=national;historical_reference=1;team1_pref=山梨;team2_pref=愛媛
2021,koshien,national,,,2021選手権,2R,,智弁学園,5,横浜,0,奈良,神奈川,,v1_3_workcopy.xlsx / 試合元帳,元帳あり・Web URL未登録,v1_3_workcopy.xlsx,level=national;historical_reference=1;team1_pref=奈良;team2_pref=神奈川
2021,koshien,national,,,2021選手権,2R,,松商学園,,東北学院,,長野,宮城,,v1_3_workcopy.xlsx / 試合元帳,元帳あり・Web URL未登録,v1_3_workcopy.xlsx,level=national;historical_reference=1;team1_pref=長野;team2_pref=宮城;legacy_note=不戦勝;exclude_from_rating=1
2021,koshien,national,,,2021選手権,2R,,明徳義塾,8,明桜,2,高知,秋田,,v1_3_workcopy.xlsx / 試合元帳,元帳あり・Web URL未登録,v1_3_workcopy.xlsx,level=national;historical_reference=1;team1_pref=高知;team2_pref=秋田
2021,koshien,national,,,2021選手権,2R,,神戸国際大付,4,高川学園,3,兵庫,山口,,v1_3_workcopy.xlsx / 試合元帳,元帳あり・Web URL未登録,v1_3_workcopy.xlsx,level=national;historical_reference=1;team1_pref=兵庫;team2_pref=山口
2021,koshien,national,,,2021選手権,2R,,長崎商,6,専大松戸,2,長崎,千葉,,v1_3_workcopy.xlsx / 試合元帳,元帳あり・Web URL未登録,v1_3_workcopy.xlsx,level=national;historical_reference=1;team1_pref=長崎;team2_pref=千葉
2021,koshien,national,,,2021選手権,2R,,盛岡大付,4,沖縄尚学,0,岩手,沖縄,,v1_3_workcopy.xlsx / 試合元帳,元帳あり・Web URL未登録,v1_3_workcopy.xlsx,level=national;historical_reference=1;team1_pref=岩手;team2_pref=沖縄
2021,koshien,national,,,2021選手権,2R,,近江,6,大阪桐蔭,4,滋賀,大阪,,v1_3_workcopy.xlsx / 試合元帳,元帳あり・Web URL未登録,v1_3_workcopy.xlsx,level=national;historical_reference=1;team1_pref=滋賀;team2_pref=大阪
2021,koshien,national,,,2021選手権,3R,,京都国際,6,二松学舎大付,4,京都,東京,,v1_3_workcopy.xlsx / 試合元帳,元帳あり・Web URL未登録,v1_3_workcopy.xlsx,level=national;historical_reference=1;team1_pref=京都;team2_pref=東京;legacy_note=延長10回
2021,koshien,national,,,2021選手権,3R,,智弁和歌山,5,高松商,3,和歌山,香川,,v1_3_workcopy.xlsx / 試合元帳,元帳あり・Web URL未登録,v1_3_workcopy.xlsx,level=national;historical_reference=1;team1_pref=和歌山;team2_pref=香川
2021,koshien,national,,,2021選手権,3R,,敦賀気比,6,三重,3,福井,三重,,v1_3_workcopy.xlsx / 試合元帳,元帳あり・Web URL未登録,v1_3_workcopy.xlsx,level=national;historical_reference=1;team1_pref=福井;team2_pref=三重
2021,koshien,national,,,2021選手権,3R,,石見智翠館,5,日大山形,4,島根,山形,,v1_3_workcopy.xlsx / 試合元帳,元帳あり・Web URL未登録,v1_3_workcopy.xlsx,level=national;historical_reference=1;team1_pref=島根;team2_pref=山形;legacy_note=サヨナラ
2021,koshien,national,,,2021選手権,3R,,智弁学園,7,日本航空,1,奈良,山梨,,v1_3_workcopy.xlsx / 試合元帳,元帳あり・Web URL未登録,v1_3_workcopy.xlsx,level=national;historical_reference=1;team1_pref=奈良;team2_pref=山梨
2021,koshien,national,,,2021選手権,3R,,明徳義塾,2,松商学園,0,高知,長野,,v1_3_workcopy.xlsx / 試合元帳,元帳あり・Web URL未登録,v1_3_workcopy.xlsx,level=national;historical_reference=1;team1_pref=高知;team2_pref=長野
2021,koshien,national,,,2021選手権,3R,,神戸国際大付,6,長崎商,5,兵庫,長崎,,v1_3_workcopy.xlsx / 試合元帳,元帳あり・Web URL未登録,v1_3_workcopy.xlsx,level=national;historical_reference=1;team1_pref=兵庫;team2_pref=長崎;legacy_note=延長10回サヨナラ
2021,koshien,national,,,2021選手権,3R,,近江,7,盛岡大付,4,滋賀,岩手,,v1_3_workcopy.xlsx / 試合元帳,元帳あり・Web URL未登録,v1_3_workcopy.xlsx,level=national;historical_reference=1;team1_pref=滋賀;team2_pref=岩手
2021,koshien,national,,,2021選手権,QF,,京都国際,3,敦賀気比,2,京都,福井,,v1_3_workcopy.xlsx / 試合元帳,元帳あり・Web URL未登録,v1_3_workcopy.xlsx,level=national;historical_reference=1;team1_pref=京都;team2_pref=福井;legacy_note=サヨナラ
2021,koshien,national,,,2021選手権,QF,,智弁和歌山,9,石見智翠館,1,和歌山,島根,,v1_3_workcopy.xlsx / 試合元帳,元帳あり・Web URL未登録,v1_3_workcopy.xlsx,level=national;historical_reference=1;team1_pref=和歌山;team2_pref=島根
2021,koshien,national,,,2021選手権,QF,,智弁学園,3,明徳義塾,2,奈良,高知,,v1_3_workcopy.xlsx / 試合元帳,元帳あり・Web URL未登録,v1_3_workcopy.xlsx,level=national;historical_reference=1;team1_pref=奈良;team2_pref=高知;legacy_note=サヨナラ
2021,koshien,national,,,2021選手権,QF,,近江,7,神戸国際大付,6,滋賀,兵庫,,v1_3_workcopy.xlsx / 試合元帳,元帳あり・Web URL未登録,v1_3_workcopy.xlsx,level=national;historical_reference=1;team1_pref=滋賀;team2_pref=兵庫;legacy_note=サヨナラ
2021,koshien,national,,,2021選手権,SF,,智弁和歌山,5,近江,1,和歌山,滋賀,,v1_3_workcopy.xlsx / 試合元帳,元帳あり・Web URL未登録,v1_3_workcopy.xlsx,level=national;historical_reference=1;team1_pref=和歌山;team2_pref=滋賀
2021,koshien,national,,,2021選手権,SF,,智弁学園,3,京都国際,1,奈良,京都,,v1_3_workcopy.xlsx / 試合元帳,元帳あり・Web URL未登録,v1_3_workcopy.xlsx,level=national;historical_reference=1;team1_pref=奈良;team2_pref=京都
2021,koshien,national,,,2021選手権,F,,智弁和歌山,9,智弁学園,2,和歌山,奈良,,v1_3_workcopy.xlsx / 試合元帳,元帳あり・Web URL未登録,v1_3_workcopy.xlsx,level=national;historical_reference=1;team1_pref=和歌山;team2_pref=奈良
2021,autumn,hokkaido,,,2021秋季北海道地区大会,1R,,クラーク国際,4,駒大苫小牧,1,北海道,北海道,,v1_3_workcopy.xlsx / 試合元帳,元帳あり・Web URL未登録,v1_3_workcopy.xlsx,level=regional;historical_reference=1;team1_pref=北海道;team2_pref=北海道
2021,autumn,hokkaido,,,2021秋季北海道地区大会,1R,,滝川西,5,苫小牧中央,0,北海道,北海道,,v1_3_workcopy.xlsx / 試合元帳,元帳あり・Web URL未登録,v1_3_workcopy.xlsx,level=regional;historical_reference=1;team1_pref=北海道;team2_pref=北海道
2021,autumn,hokkaido,,,2021秋季北海道地区大会,1R,,札幌国際情報,13,遠軽,1,北海道,北海道,,v1_3_workcopy.xlsx / 試合元帳,元帳あり・Web URL未登録,v1_3_workcopy.xlsx,level=regional;historical_reference=1;team1_pref=北海道;team2_pref=北海道;legacy_note=5回コールド
2021,autumn,hokkaido,,,2021秋季北海道地区大会,1R,,白樺学園,9,帯広工,4,北海道,北海道,,v1_3_workcopy.xlsx / 試合元帳,元帳あり・Web URL未登録,v1_3_workcopy.xlsx,level=regional;historical_reference=1;team1_pref=北海道;team2_pref=北海道
2021,autumn,hokkaido,,,2021秋季北海道地区大会,2R,,旭川実,5,函館工,4,北海道,北海道,,v1_3_workcopy.xlsx / 試合元帳,元帳あり・Web URL未登録,v1_3_workcopy.xlsx,level=regional;historical_reference=1;team1_pref=北海道;team2_pref=北海道;legacy_note=延長11回サヨナラ
2021,autumn,hokkaido,,,2021秋季北海道地区大会,2R,,立命館慶祥,3,北照,1,北海道,北海道,,v1_3_workcopy.xlsx / 試合元帳,元帳あり・Web URL未登録,v1_3_workcopy.xlsx,level=regional;historical_reference=1;team1_pref=北海道;team2_pref=北海道;legacy_note=延長11回
2021,autumn,hokkaido,,,2021秋季北海道地区大会,2R,,東海大札幌,10,札幌静修,3,北海道,北海道,,v1_3_workcopy.xlsx / 試合元帳,元帳あり・Web URL未登録,v1_3_workcopy.xlsx,level=regional;historical_reference=1;team1_pref=北海道;team2_pref=北海道;legacy_note=7回コールド
2021,autumn,hokkaido,,,2021秋季北海道地区大会,2R,,士別翔雲,2,知内,1,北海道,北海道,,v1_3_workcopy.xlsx / 試合元帳,元帳あり・Web URL未登録,v1_3_workcopy.xlsx,level=regional;historical_reference=1;team1_pref=北海道;team2_pref=北海道;legacy_note=サヨナラ
2021,autumn,hokkaido,,,2021秋季北海道地区大会,2R,,旭川明成,5,滝川西,0,北海道,北海道,,v1_3_workcopy.xlsx / 試合元帳,元帳あり・Web URL未登録,v1_3_workcopy.xlsx,level=regional;historical_reference=1;team1_pref=北海道;team2_pref=北海道
2021,autumn,hokkaido,,,2021秋季北海道地区大会,2R,,クラーク国際,6,北海,2,北海道,北海道,,v1_3_workcopy.xlsx / 試合元帳,元帳あり・Web URL未登録,v1_3_workcopy.xlsx,level=regional;historical_reference=1;team1_pref=北海道;team2_pref=北海道
2021,autumn,hokkaido,,,2021秋季北海道地区大会,2R,,札幌国際情報,15,釧路江南,3,北海道,北海道,,v1_3_workcopy.xlsx / 試合元帳,元帳あり・Web URL未登録,v1_3_workcopy.xlsx,level=regional;historical_reference=1;team1_pref=北海道;team2_pref=北海道;legacy_note=5回コールド
2021,autumn,hokkaido,,,2021秋季北海道地区大会,2R,,白樺学園,2,札幌第一,1,北海道,北海道,,v1_3_workcopy.xlsx / 試合元帳,元帳あり・Web URL未登録,v1_3_workcopy.xlsx,level=regional;historical_reference=1;team1_pref=北海道;team2_pref=北海道
2021,autumn,hokkaido,,,2021秋季北海道地区大会,QF,,クラーク国際,5,立命館慶祥,1,北海道,北海道,,v1_3_workcopy.xlsx / 試合元帳,元帳あり・Web URL未登録,v1_3_workcopy.xlsx,level=regional;historical_reference=1;team1_pref=北海道;team2_pref=北海道
2021,autumn,hokkaido,,,2021秋季北海道地区大会,QF,,旭川実,3,旭川明成,2,北海道,北海道,,v1_3_workcopy.xlsx / 試合元帳,元帳あり・Web URL未登録,v1_3_workcopy.xlsx,level=regional;historical_reference=1;team1_pref=北海道;team2_pref=北海道
2021,autumn,hokkaido,,,2021秋季北海道地区大会,QF,,札幌国際情報,18,士別翔雲,0,北海道,北海道,,v1_3_workcopy.xlsx / 試合元帳,元帳あり・Web URL未登録,v1_3_workcopy.xlsx,level=regional;historical_reference=1;team1_pref=北海道;team2_pref=北海道;legacy_note=6回コールド
2021,autumn,hokkaido,,,2021秋季北海道地区大会,QF,,東海大札幌,6,白樺学園,1,北海道,北海道,,v1_3_workcopy.xlsx / 試合元帳,元帳あり・Web URL未登録,v1_3_workcopy.xlsx,level=regional;historical_reference=1;team1_pref=北海道;team2_pref=北海道
2021,autumn,hokkaido,,,2021秋季北海道地区大会,SF,,旭川実,4,札幌国際情報,3,北海道,北海道,,v1_3_workcopy.xlsx / 試合元帳,元帳あり・Web URL未登録,v1_3_workcopy.xlsx,level=regional;historical_reference=1;team1_pref=北海道;team2_pref=北海道
2021,autumn,hokkaido,,,2021秋季北海道地区大会,SF,,クラーク国際,5,東海大札幌,1,北海道,北海道,,v1_3_workcopy.xlsx / 試合元帳,元帳あり・Web URL未登録,v1_3_workcopy.xlsx,level=regional;historical_reference=1;team1_pref=北海道;team2_pref=北海道
2021,autumn,hokkaido,,,2021秋季北海道地区大会,F,,クラーク国際,3,旭川実,1,北海道,北海道,,v1_3_workcopy.xlsx / 試合元帳,元帳あり・Web URL未登録,v1_3_workcopy.xlsx,level=regional;historical_reference=1;team1_pref=北海道;team2_pref=北海道
2021,autumn,tohoku,,,2021秋季東北地区大会,1R,,盛岡大付,9,学法石川,2,岩手,福島,,v1_3_workcopy.xlsx / 試合元帳,元帳あり・Web URL未登録,v1_3_workcopy.xlsx,level=regional;historical_reference=1;team1_pref=岩手;team2_pref=福島;legacy_note=8回コールド
2021,autumn,tohoku,,,2021秋季東北地区大会,1R,,東奥義塾,10,大曲工,0,青森,秋田,,v1_3_workcopy.xlsx / 試合元帳,元帳あり・Web URL未登録,v1_3_workcopy.xlsx,level=regional;historical_reference=1;team1_pref=青森;team2_pref=秋田;legacy_note=5回コールド
2021,autumn,tohoku,,,2021秋季東北地区大会,2R,,大館桂桜,6,聖和学園,4,秋田,宮城,,v1_3_workcopy.xlsx / 試合元帳,元帳あり・Web URL未登録,v1_3_workcopy.xlsx,level=regional;historical_reference=1;team1_pref=秋田;team2_pref=宮城
2021,autumn,tohoku,,,2021秋季東北地区大会,2R,,八戸工大一,7,酒田南,0,青森,山形,,v1_3_workcopy.xlsx / 試合元帳,元帳あり・Web URL未登録,v1_3_workcopy.xlsx,level=regional;historical_reference=1;team1_pref=青森;team2_pref=山形;legacy_note=7回コールド
2021,autumn,tohoku,,,2021秋季東北地区大会,2R,,聖光学院,3,東奥義塾,2,福島,青森,,v1_3_workcopy.xlsx / 試合元帳,元帳あり・Web URL未登録,v1_3_workcopy.xlsx,level=regional;historical_reference=1;team1_pref=福島;team2_pref=青森
2021,autumn,tohoku,,,2021秋季東北地区大会,2R,,能代松陽,11,久慈東,0,秋田,岩手,,v1_3_workcopy.xlsx / 試合元帳,元帳あり・Web URL未登録,v1_3_workcopy.xlsx,level=regional;historical_reference=1;team1_pref=秋田;team2_pref=岩手;legacy_note=5回コールド
2021,autumn,tohoku,,,2021秋季東北地区大会,2R,,青森山田,3,鶴岡東,2,青森,山形,,v1_3_workcopy.xlsx / 試合元帳,元帳あり・Web URL未登録,v1_3_workcopy.xlsx,level=regional;historical_reference=1;team1_pref=青森;team2_pref=山形;legacy_note=サヨナラ
2021,autumn,tohoku,,,2021秋季東北地区大会,2R,,山形中央,7,東北,2,山形,宮城,,v1_3_workcopy.xlsx / 試合元帳,元帳あり・Web URL未登録,v1_3_workcopy.xlsx,level=regional;historical_reference=1;team1_pref=山形;team2_pref=宮城
2021,autumn,tohoku,,,2021秋季東北地区大会,2R,,仙台育英,7,盛岡大付,4,宮城,岩手,,v1_3_workcopy.xlsx / 試合元帳,元帳あり・Web URL未登録,v1_3_workcopy.xlsx,level=regional;historical_reference=1;team1_pref=宮城;team2_pref=岩手
2021,autumn,tohoku,,,2021秋季東北地区大会,2R,,花巻東,11,東日大昌平,1,岩手,福島,,v1_3_workcopy.xlsx / 試合元帳,元帳あり・Web URL未登録,v1_3_workcopy.xlsx,level=regional;historical_reference=1;team1_pref=岩手;team2_pref=福島;legacy_note=6回コールド
2021,autumn,tohoku,,,2021秋季東北地区大会,QF,,聖光学院,13,能代松陽,1,福島,秋田,,v1_3_workcopy.xlsx / 試合元帳,元帳あり・Web URL未登録,v1_3_workcopy.xlsx,level=regional;historical_reference=1;team1_pref=福島;team2_pref=秋田;legacy_note=5回コールド
2021,autumn,tohoku,,,2021秋季東北地区大会,QF,,青森山田,4,山形中央,3,青森,山形,,v1_3_workcopy.xlsx / 試合元帳,元帳あり・Web URL未登録,v1_3_workcopy.xlsx,level=regional;historical_reference=1;team1_pref=青森;team2_pref=山形
2021,autumn,tohoku,,,2021秋季東北地区大会,QF,,八戸工大一,5,大館桂桜,2,青森,秋田,,v1_3_workcopy.xlsx / 試合元帳,元帳あり・Web URL未登録,v1_3_workcopy.xlsx,level=regional;historical_reference=1;team1_pref=青森;team2_pref=秋田
2021,autumn,tohoku,,,2021秋季東北地区大会,QF,,花巻東,8,仙台育英,2,岩手,宮城,,v1_3_workcopy.xlsx / 試合元帳,元帳あり・Web URL未登録,v1_3_workcopy.xlsx,level=regional;historical_reference=1;team1_pref=岩手;team2_pref=宮城
2021,autumn,tohoku,,,2021秋季東北地区大会,SF,,聖光学院,5,青森山田,2,福島,青森,,v1_3_workcopy.xlsx / 試合元帳,元帳あり・Web URL未登録,v1_3_workcopy.xlsx,level=regional;historical_reference=1;team1_pref=福島;team2_pref=青森
2021,autumn,tohoku,,,2021秋季東北地区大会,SF,,花巻東,4,八戸工大一,3,岩手,青森,,v1_3_workcopy.xlsx / 試合元帳,元帳あり・Web URL未登録,v1_3_workcopy.xlsx,level=regional;historical_reference=1;team1_pref=岩手;team2_pref=青森;legacy_note=延長10回サヨナラ
2021,autumn,tohoku,,,2021秋季東北地区大会,F,,花巻東,4,聖光学院,1,岩手,福島,,v1_3_workcopy.xlsx / 試合元帳,元帳あり・Web URL未登録,v1_3_workcopy.xlsx,level=regional;historical_reference=1;team1_pref=岩手;team2_pref=福島
2021,autumn,kanto_tokyo,,,2021秋季関東地区大会,1R,,白鴎大足利,9,藤代,1,栃木,茨城,,v1_3_workcopy.xlsx / 試合元帳,元帳あり・Web URL未登録,v1_3_workcopy.xlsx,level=regional;historical_reference=1;team1_pref=栃木;team2_pref=茨城;legacy_note=7回コールド
2021,autumn,kanto_tokyo,,,2021秋季関東地区大会,1R,,山梨学院,12,拓大紅陵,3,山梨,千葉,,v1_3_workcopy.xlsx / 試合元帳,元帳あり・Web URL未登録,v1_3_workcopy.xlsx,level=regional;historical_reference=1;team1_pref=山梨;team2_pref=千葉;legacy_note=8回コールド
2021,autumn,kanto_tokyo,,,2021秋季関東地区大会,1R,,健大高崎,8,文星芸大付,2,群馬,栃木,,v1_3_workcopy.xlsx / 試合元帳,元帳あり・Web URL未登録,v1_3_workcopy.xlsx,level=regional;historical_reference=1;team1_pref=群馬;team2_pref=栃木
2021,autumn,kanto_tokyo,,,2021秋季関東地区大会,1R,,桐生第一,3,土浦日大,2,群馬,茨城,,v1_3_workcopy.xlsx / 試合元帳,元帳あり・Web URL未登録,v1_3_workcopy.xlsx,level=regional;historical_reference=1;team1_pref=群馬;team2_pref=茨城
2021,autumn,kanto_tokyo,,,2021秋季関東地区大会,1R,,東海大相模,9,花咲徳栄,4,神奈川,埼玉,,v1_3_workcopy.xlsx / 試合元帳,元帳あり・Web URL未登録,v1_3_workcopy.xlsx,level=regional;historical_reference=1;team1_pref=神奈川;team2_pref=埼玉
2021,autumn,kanto_tokyo,,,2021秋季関東地区大会,1R,,浦和学院,7,向上,5,埼玉,神奈川,,v1_3_workcopy.xlsx / 試合元帳,元帳あり・Web URL未登録,v1_3_workcopy.xlsx,level=regional;historical_reference=1;team1_pref=埼玉;team2_pref=神奈川
2021,autumn,kanto_tokyo,,,2021秋季関東地区大会,1R,,木更津総合,3,帝京三,0,千葉,山梨,,v1_3_workcopy.xlsx / 試合元帳,元帳あり・Web URL未登録,v1_3_workcopy.xlsx,level=regional;historical_reference=1;team1_pref=千葉;team2_pref=山梨
2021,autumn,kanto_tokyo,,,2021秋季関東地区大会,QF,,明秀日立,11,健大高崎,4,茨城,群馬,,v1_3_workcopy.xlsx / 試合元帳,元帳あり・Web URL未登録,v1_3_workcopy.xlsx,level=regional;historical_reference=1;team1_pref=茨城;team2_pref=群馬
2021,autumn,kanto_tokyo,,,2021秋季関東地区大会,QF,,浦和学院,5,桐生第一,0,埼玉,群馬,,v1_3_workcopy.xlsx / 試合元帳,元帳あり・Web URL未登録,v1_3_workcopy.xlsx,level=regional;historical_reference=1;team1_pref=埼玉;team2_pref=群馬
2021,autumn,kanto_tokyo,,,2021秋季関東地区大会,QF,,山梨学院,9,白鴎大足利,0,山梨,栃木,,v1_3_workcopy.xlsx / 試合元帳,元帳あり・Web URL未登録,v1_3_workcopy.xlsx,level=regional;historical_reference=1;team1_pref=山梨;team2_pref=栃木;legacy_note=7回コールド
2021,autumn,kanto_tokyo,,,2021秋季関東地区大会,QF,,木更津総合,4,東海大相模,1,千葉,神奈川,,v1_3_workcopy.xlsx / 試合元帳,元帳あり・Web URL未登録,v1_3_workcopy.xlsx,level=regional;historical_reference=1;team1_pref=千葉;team2_pref=神奈川
2021,autumn,kanto_tokyo,,,2021秋季関東地区大会,SF,,明秀日立,5,木更津総合,2,茨城,千葉,,v1_3_workcopy.xlsx / 試合元帳,元帳あり・Web URL未登録,v1_3_workcopy.xlsx,level=regional;historical_reference=1;team1_pref=茨城;team2_pref=千葉
2021,autumn,kanto_tokyo,,,2021秋季関東地区大会,SF,,山梨学院,9,浦和学院,2,山梨,埼玉,,v1_3_workcopy.xlsx / 試合元帳,元帳あり・Web URL未登録,v1_3_workcopy.xlsx,level=regional;historical_reference=1;team1_pref=山梨;team2_pref=埼玉;legacy_note=延長10回
2021,autumn,kanto_tokyo,,,2021秋季関東地区大会,F,,明秀日立,9,山梨学院,7,茨城,山梨,,v1_3_workcopy.xlsx / 試合元帳,元帳あり・Web URL未登録,v1_3_workcopy.xlsx,level=regional;historical_reference=1;team1_pref=茨城;team2_pref=山梨
2021,autumn,kanto_tokyo,,,2021秋季東京地区大会,1R,,二松学舎大付,12,錦城,2,東京,東京,,v1_3_workcopy.xlsx / 試合元帳,元帳あり・Web URL未登録,v1_3_workcopy.xlsx,level=regional;historical_reference=1;team1_pref=東京;team2_pref=東京;legacy_note=8回コールド
2021,autumn,kanto_tokyo,,,2021秋季東京地区大会,1R,,早大学院,3,江戸川,2,東京,東京,,v1_3_workcopy.xlsx / 試合元帳,元帳あり・Web URL未登録,v1_3_workcopy.xlsx,level=regional;historical_reference=1;team1_pref=東京;team2_pref=東京;legacy_note=延長12回サヨナラ
2021,autumn,kanto_tokyo,,,2021秋季東京地区大会,1R,,郁文館,4,明星,1,東京,東京,,v1_3_workcopy.xlsx / 試合元帳,元帳あり・Web URL未登録,v1_3_workcopy.xlsx,level=regional;historical_reference=1;team1_pref=東京;team2_pref=東京
2021,autumn,kanto_tokyo,,,2021秋季東京地区大会,1R,,安田学園,16,東農大一,5,東京,東京,,v1_3_workcopy.xlsx / 試合元帳,元帳あり・Web URL未登録,v1_3_workcopy.xlsx,level=regional;historical_reference=1;team1_pref=東京;team2_pref=東京;legacy_note=7回コールド
2021,autumn,kanto_tokyo,,,2021秋季東京地区大会,1R,,明大中野八王子,11,東洋,4,東京,東京,,v1_3_workcopy.xlsx / 試合元帳,元帳あり・Web URL未登録,v1_3_workcopy.xlsx,level=regional;historical_reference=1;team1_pref=東京;team2_pref=東京
2021,autumn,kanto_tokyo,,,2021秋季東京地区大会,1R,,豊南,5,法政大高,4,東京,東京,,v1_3_workcopy.xlsx / 試合元帳,元帳あり・Web URL未登録,v1_3_workcopy.xlsx,level=regional;historical_reference=1;team1_pref=東京;team2_pref=東京
2021,autumn,kanto_tokyo,,,2021秋季東京地区大会,1R,,国立,5,武蔵村山,3,東京,東京,,v1_3_workcopy.xlsx / 試合元帳,元帳あり・Web URL未登録,v1_3_workcopy.xlsx,level=regional;historical_reference=1;team1_pref=東京;team2_pref=東京
2021,autumn,kanto_tokyo,,,2021秋季東京地区大会,1R,,狛江,2,中大杉並,1,東京,東京,,v1_3_workcopy.xlsx / 試合元帳,元帳あり・Web URL未登録,v1_3_workcopy.xlsx,level=regional;historical_reference=1;team1_pref=東京;team2_pref=東京;legacy_note=サヨナラ
2021,autumn,kanto_tokyo,,,2021秋季東京地区大会,1R,,修徳,9,紅葉川,2,東京,東京,,v1_3_workcopy.xlsx / 試合元帳,元帳あり・Web URL未登録,v1_3_workcopy.xlsx,level=regional;historical_reference=1;team1_pref=東京;team2_pref=東京;legacy_note=7回コールド
2021,autumn,kanto_tokyo,,,2021秋季東京地区大会,1R,,足立学園,7,大島,5,東京,東京,,v1_3_workcopy.xlsx / 試合元帳,元帳あり・Web URL未登録,v1_3_workcopy.xlsx,level=regional;historical_reference=1;team1_pref=東京;team2_pref=東京
2021,autumn,kanto_tokyo,,,2021秋季東京地区大会,1R,,佼成学園,8,日大鶴ヶ丘,1,東京,東京,,v1_3_workcopy.xlsx / 試合元帳,元帳あり・Web URL未登録,v1_3_workcopy.xlsx,level=regional;historical_reference=1;team1_pref=東京;team2_pref=東京;legacy_note=7回コールド
2021,autumn,kanto_tokyo,,,2021秋季東京地区大会,1R,,駒大高,10,大森学園,8,東京,東京,,v1_3_workcopy.xlsx / 試合元帳,元帳あり・Web URL未登録,v1_3_workcopy.xlsx,level=regional;historical_reference=1;team1_pref=東京;team2_pref=東京
2021,autumn,kanto_tokyo,,,2021秋季東京地区大会,1R,,東海大菅生,7,豊多摩,0,東京,東京,,v1_3_workcopy.xlsx / 試合元帳,元帳あり・Web URL未登録,v1_3_workcopy.xlsx,level=regional;historical_reference=1;team1_pref=東京;team2_pref=東京;legacy_note=7回コールド
2021,autumn,kanto_tokyo,,,2021秋季東京地区大会,1R,,海城,7,練馬,5,東京,東京,,v1_3_workcopy.xlsx / 試合元帳,元帳あり・Web URL未登録,v1_3_workcopy.xlsx,level=regional;historical_reference=1;team1_pref=東京;team2_pref=東京
2021,autumn,kanto_tokyo,,,2021秋季東京地区大会,1R,,早稲田実,10,新宿,0,東京,東京,,v1_3_workcopy.xlsx / 試合元帳,元帳あり・Web URL未登録,v1_3_workcopy.xlsx,level=regional;historical_reference=1;team1_pref=東京;team2_pref=東京;legacy_note=5回コールド
2021,autumn,kanto_tokyo,,,2021秋季東京地区大会,1R,,八王子実践,8,八王子北,6,東京,東京,,v1_3_workcopy.xlsx / 試合元帳,元帳あり・Web URL未登録,v1_3_workcopy.xlsx,level=regional;historical_reference=1;team1_pref=東京;team2_pref=東京
2021,autumn,kanto_tokyo,,,2021秋季東京地区大会,1R,,東京,5,東亜学園,3,東京,東京,,v1_3_workcopy.xlsx / 試合元帳,元帳あり・Web URL未登録,v1_3_workcopy.xlsx,level=regional;historical_reference=1;team1_pref=東京;team2_pref=東京
2021,autumn,kanto_tokyo,,,2021秋季東京地区大会,1R,,堀越,6,東大和,5,東京,東京,,v1_3_workcopy.xlsx / 試合元帳,元帳あり・Web URL未登録,v1_3_workcopy.xlsx,level=regional;historical_reference=1;team1_pref=東京;team2_pref=東京;legacy_note=延長11回サヨナラ
2021,autumn,kanto_tokyo,,,2021秋季東京地区大会,1R,,関東一,2,東京成徳大高,0,東京,東京,,v1_3_workcopy.xlsx / 試合元帳,元帳あり・Web URL未登録,v1_3_workcopy.xlsx,level=regional;historical_reference=1;team1_pref=東京;team2_pref=東京
2021,autumn,kanto_tokyo,,,2021秋季東京地区大会,1R,,城東,4,私武蔵,3,東京,東京,,v1_3_workcopy.xlsx / 試合元帳,元帳あり・Web URL未登録,v1_3_workcopy.xlsx,level=regional;historical_reference=1;team1_pref=東京;team2_pref=東京;legacy_note=延長11回サヨナラ
2021,autumn,kanto_tokyo,,,2021秋季東京地区大会,1R,,八王子,10,創価,9,東京,東京,,v1_3_workcopy.xlsx / 試合元帳,元帳あり・Web URL未登録,v1_3_workcopy.xlsx,level=regional;historical_reference=1;team1_pref=東京;team2_pref=東京
2021,autumn,kanto_tokyo,,,2021秋季東京地区大会,1R,,日野台,4,専大付,0,東京,東京,,v1_3_workcopy.xlsx / 試合元帳,元帳あり・Web URL未登録,v1_3_workcopy.xlsx,level=regional;historical_reference=1;team1_pref=東京;team2_pref=東京
2021,autumn,kanto_tokyo,,,2021秋季東京地区大会,1R,,国士舘,14,拓大一,6,東京,東京,,v1_3_workcopy.xlsx / 試合元帳,元帳あり・Web URL未登録,v1_3_workcopy.xlsx,level=regional;historical_reference=1;team1_pref=東京;team2_pref=東京
2021,autumn,kanto_tokyo,,,2021秋季東京地区大会,1R,,帝京,11,目黒日大,3,東京,東京,,v1_3_workcopy.xlsx / 試合元帳,元帳あり・Web URL未登録,v1_3_workcopy.xlsx,level=regional;historical_reference=1;team1_pref=東京;team2_pref=東京;legacy_note=7回コールド
2021,autumn,kanto_tokyo,,,2021秋季東京地区大会,1R,,小山台,6,立正大立正,1,東京,東京,,v1_3_workcopy.xlsx / 試合元帳,元帳あり・Web URL未登録,v1_3_workcopy.xlsx,level=regional;historical_reference=1;team1_pref=東京;team2_pref=東京
2021,autumn,kanto_tokyo,,,2021秋季東京地区大会,1R,,駿台学園,9,桐朋,7,東京,東京,,v1_3_workcopy.xlsx / 試合元帳,元帳あり・Web URL未登録,v1_3_workcopy.xlsx,level=regional;historical_reference=1;team1_pref=東京;team2_pref=東京;legacy_note=延長10回
2021,autumn,kanto_tokyo,,,2021秋季東京地区大会,1R,,共栄学園,4,工学院大付,0,東京,東京,,v1_3_workcopy.xlsx / 試合元帳,元帳あり・Web URL未登録,v1_3_workcopy.xlsx,level=regional;historical_reference=1;team1_pref=東京;team2_pref=東京
2021,autumn,kanto_tokyo,,,2021秋季東京地区大会,1R,,上野学園,6,小平南,5,東京,東京,,v1_3_workcopy.xlsx / 試合元帳,元帳あり・Web URL未登録,v1_3_workcopy.xlsx,level=regional;historical_reference=1;team1_pref=東京;team2_pref=東京;legacy_note=サヨナラ
2021,autumn,kanto_tokyo,,,2021秋季東京地区大会,1R,,駒場学園,8,片倉,5,東京,東京,,v1_3_workcopy.xlsx / 試合元帳,元帳あり・Web URL未登録,v1_3_workcopy.xlsx,level=regional;historical_reference=1;team1_pref=東京;team2_pref=東京
2021,autumn,kanto_tokyo,,,2021秋季東京地区大会,1R,,東大和南,12,調布南,6,東京,東京,,v1_3_workcopy.xlsx / 試合元帳,元帳あり・Web URL未登録,v1_3_workcopy.xlsx,level=regional;historical_reference=1;team1_pref=東京;team2_pref=東京
2021,autumn,kanto_tokyo,,,2021秋季東京地区大会,1R,,日大三,8,立志舎,0,東京,東京,,v1_3_workcopy.xlsx / 試合元帳,元帳あり・Web URL未登録,v1_3_workcopy.xlsx,level=regional;historical_reference=1;team1_pref=東京;team2_pref=東京;legacy_note=7回コールド
2021,autumn,kanto_tokyo,,,2021秋季東京地区大会,1R,,国学院久我山,10,日体大荏原,3,東京,東京,,v1_3_workcopy.xlsx / 試合元帳,元帳あり・Web URL未登録,v1_3_workcopy.xlsx,level=regional;historical_reference=1;team1_pref=東京;team2_pref=東京;legacy_note=7回コールド
2021,autumn,kanto_tokyo,,,2021秋季東京地区大会,2R,,安田学園,5,郁文館,3,東京,東京,,v1_3_workcopy.xlsx / 試合元帳,元帳あり・Web URL未登録,v1_3_workcopy.xlsx,level=regional;historical_reference=1;team1_pref=東京;team2_pref=東京
2021,autumn,kanto_tokyo,,,2021秋季東京地区大会,2R,,関東一,6,早稲田実,0,東京,東京,,v1_3_workcopy.xlsx / 試合元帳,元帳あり・Web URL未登録,v1_3_workcopy.xlsx,level=regional;historical_reference=1;team1_pref=東京;team2_pref=東京
2021,autumn,kanto_tokyo,,,2021秋季東京地区大会,2R,,明大中野八王子,8,豊南,0,東京,東京,,v1_3_workcopy.xlsx / 試合元帳,元帳あり・Web URL未登録,v1_3_workcopy.xlsx,level=regional;historical_reference=1;team1_pref=東京;team2_pref=東京;legacy_note=7回コールド
2021,autumn,kanto_tokyo,,,2021秋季東京地区大会,2R,,狛江,8,国立,6,東京,東京,,v1_3_workcopy.xlsx / 試合元帳,元帳あり・Web URL未登録,v1_3_workcopy.xlsx,level=regional;historical_reference=1;team1_pref=東京;team2_pref=東京;legacy_note=延長10回
2021,autumn,kanto_tokyo,,,2021秋季東京地区大会,2R,,二松学舎大付,11,早大学院,1,東京,東京,,v1_3_workcopy.xlsx / 試合元帳,元帳あり・Web URL未登録,v1_3_workcopy.xlsx,level=regional;historical_reference=1;team1_pref=東京;team2_pref=東京;legacy_note=5回コールド
2021,autumn,kanto_tokyo,,,2021秋季東京地区大会,2R,,城東,4,東京,1,東京,東京,,v1_3_workcopy.xlsx / 試合元帳,元帳あり・Web URL未登録,v1_3_workcopy.xlsx,level=regional;historical_reference=1;team1_pref=東京;team2_pref=東京
2021,autumn,kanto_tokyo,,,2021秋季東京地区大会,2R,,東海大菅生,13,海城,2,東京,東京,,v1_3_workcopy.xlsx / 試合元帳,元帳あり・Web URL未登録,v1_3_workcopy.xlsx,level=regional;historical_reference=1;team1_pref=東京;team2_pref=東京;legacy_note=5回コールド
2021,autumn,kanto_tokyo,,,2021秋季東京地区大会,2R,,修徳,6,足立学園,0,東京,東京,,v1_3_workcopy.xlsx / 試合元帳,元帳あり・Web URL未登録,v1_3_workcopy.xlsx,level=regional;historical_reference=1;team1_pref=東京;team2_pref=東京
2021,autumn,kanto_tokyo,,,2021秋季東京地区大会,2R,,堀越,6,八王子実践,5,東京,東京,,v1_3_workcopy.xlsx / 試合元帳,元帳あり・Web URL未登録,v1_3_workcopy.xlsx,level=regional;historical_reference=1;team1_pref=東京;team2_pref=東京
2021,autumn,kanto_tokyo,,,2021秋季東京地区大会,2R,,佼成学園,6,駒大高,4,東京,東京,,v1_3_workcopy.xlsx / 試合元帳,元帳あり・Web URL未登録,v1_3_workcopy.xlsx,level=regional;historical_reference=1;team1_pref=東京;team2_pref=東京
2021,autumn,kanto_tokyo,,,2021秋季東京地区大会,2R,,八王子,8,国士舘,5,東京,東京,,v1_3_workcopy.xlsx / 試合元帳,元帳あり・Web URL未登録,v1_3_workcopy.xlsx,level=regional;historical_reference=1;team1_pref=東京;team2_pref=東京
2021,autumn,kanto_tokyo,,,2021秋季東京地区大会,2R,,国学院久我山,6,共栄学園,3,東京,東京,,v1_3_workcopy.xlsx / 試合元帳,元帳あり・Web URL未登録,v1_3_workcopy.xlsx,level=regional;historical_reference=1;team1_pref=東京;team2_pref=東京
2021,autumn,kanto_tokyo,,,2021秋季東京地区大会,2R,,日野台,8,上野学園,4,東京,東京,,v1_3_workcopy.xlsx / 試合元帳,元帳あり・Web URL未登録,v1_3_workcopy.xlsx,level=regional;historical_reference=1;team1_pref=東京;team2_pref=東京
2021,autumn,kanto_tokyo,,,2021秋季東京地区大会,2R,,日大三,9,駿台学園,2,東京,東京,,v1_3_workcopy.xlsx / 試合元帳,元帳あり・Web URL未登録,v1_3_workcopy.xlsx,level=regional;historical_reference=1;team1_pref=東京;team2_pref=東京;legacy_note=8回コールド
2021,autumn,kanto_tokyo,,,2021秋季東京地区大会,2R,,小山台,8,東大和南,0,東京,東京,,v1_3_workcopy.xlsx / 試合元帳,元帳あり・Web URL未登録,v1_3_workcopy.xlsx,level=regional;historical_reference=1;team1_pref=東京;team2_pref=東京;legacy_note=7回コールド
2021,autumn,kanto_tokyo,,,2021秋季東京地区大会,2R,,帝京,6,駒場学園,0,東京,東京,,v1_3_workcopy.xlsx / 試合元帳,元帳あり・Web URL未登録,v1_3_workcopy.xlsx,level=regional;historical_reference=1;team1_pref=東京;team2_pref=東京
2021,autumn,kanto_tokyo,,,2021秋季東京地区大会,3R,,狛江,6,明大中野八王子,5,東京,東京,,v1_3_workcopy.xlsx / 試合元帳,元帳あり・Web URL未登録,v1_3_workcopy.xlsx,level=regional;historical_reference=1;team1_pref=東京;team2_pref=東京;legacy_note=延長10回サヨナラ
2021,autumn,kanto_tokyo,,,2021秋季東京地区大会,3R,,二松学舎大付,7,安田学園,3,東京,東京,,v1_3_workcopy.xlsx / 試合元帳,元帳あり・Web URL未登録,v1_3_workcopy.xlsx,level=regional;historical_reference=1;team1_pref=東京;team2_pref=東京
2021,autumn,kanto_tokyo,,,2021秋季東京地区大会,3R,,関東一,8,城東,7,東京,東京,,v1_3_workcopy.xlsx / 試合元帳,元帳あり・Web URL未登録,v1_3_workcopy.xlsx,level=regional;historical_reference=1;team1_pref=東京;team2_pref=東京
2021,autumn,kanto_tokyo,,,2021秋季東京地区大会,3R,,修徳,5,佼成学園,4,東京,東京,,v1_3_workcopy.xlsx / 試合元帳,元帳あり・Web URL未登録,v1_3_workcopy.xlsx,level=regional;historical_reference=1;team1_pref=東京;team2_pref=東京
2021,autumn,kanto_tokyo,,,2021秋季東京地区大会,3R,,国学院久我山,9,日野台,0,東京,東京,,v1_3_workcopy.xlsx / 試合元帳,元帳あり・Web URL未登録,v1_3_workcopy.xlsx,level=regional;historical_reference=1;team1_pref=東京;team2_pref=東京;legacy_note=7回コールド
2021,autumn,kanto_tokyo,,,2021秋季東京地区大会,3R,,帝京,6,小山台,2,東京,東京,,v1_3_workcopy.xlsx / 試合元帳,元帳あり・Web URL未登録,v1_3_workcopy.xlsx,level=regional;historical_reference=1;team1_pref=東京;team2_pref=東京
2021,autumn,kanto_tokyo,,,2021秋季東京地区大会,3R,,日大三,7,八王子,0,東京,東京,,v1_3_workcopy.xlsx / 試合元帳,元帳あり・Web URL未登録,v1_3_workcopy.xlsx,level=regional;historical_reference=1;team1_pref=東京;team2_pref=東京
2021,autumn,kanto_tokyo,,,2021秋季東京地区大会,3R,,東海大菅生,9,堀越,2,東京,東京,,v1_3_workcopy.xlsx / 試合元帳,元帳あり・Web URL未登録,v1_3_workcopy.xlsx,level=regional;historical_reference=1;team1_pref=東京;team2_pref=東京;legacy_note=7回コールド
2021,autumn,kanto_tokyo,,,2021秋季東京地区大会,QF,,国学院久我山,7,帝京,4,東京,東京,,v1_3_workcopy.xlsx / 試合元帳,元帳あり・Web URL未登録,v1_3_workcopy.xlsx,level=regional;historical_reference=1;team1_pref=東京;team2_pref=東京
2021,autumn,kanto_tokyo,,,2021秋季東京地区大会,QF,,日大三,8,東海大菅生,7,東京,東京,,v1_3_workcopy.xlsx / 試合元帳,元帳あり・Web URL未登録,v1_3_workcopy.xlsx,level=regional;historical_reference=1;team1_pref=東京;team2_pref=東京;legacy_note=サヨナラ
2021,autumn,kanto_tokyo,,,2021秋季東京地区大会,QF,,関東一,11,修徳,1,東京,東京,,v1_3_workcopy.xlsx / 試合元帳,元帳あり・Web URL未登録,v1_3_workcopy.xlsx,level=regional;historical_reference=1;team1_pref=東京;team2_pref=東京;legacy_note=5回コールド
2021,autumn,kanto_tokyo,,,2021秋季東京地区大会,QF,,二松学舎大付,4,狛江,2,東京,東京,,v1_3_workcopy.xlsx / 試合元帳,元帳あり・Web URL未登録,v1_3_workcopy.xlsx,level=regional;historical_reference=1;team1_pref=東京;team2_pref=東京
2021,autumn,kanto_tokyo,,,2021秋季東京地区大会,SF,,国学院久我山,14,日大三,3,東京,東京,,v1_3_workcopy.xlsx / 試合元帳,元帳あり・Web URL未登録,v1_3_workcopy.xlsx,level=regional;historical_reference=1;team1_pref=東京;team2_pref=東京;legacy_note=5回コールド
2021,autumn,kanto_tokyo,,,2021秋季東京地区大会,SF,,二松学舎大付,6,関東一,1,東京,東京,,v1_3_workcopy.xlsx / 試合元帳,元帳あり・Web URL未登録,v1_3_workcopy.xlsx,level=regional;historical_reference=1;team1_pref=東京;team2_pref=東京
2021,autumn,kanto_tokyo,,,2021秋季東京地区大会,F,,国学院久我山,4,二松学舎大付,3,東京,東京,,v1_3_workcopy.xlsx / 試合元帳,元帳あり・Web URL未登録,v1_3_workcopy.xlsx,level=regional;historical_reference=1;team1_pref=東京;team2_pref=東京;legacy_note=サヨナラ
2021,autumn,hokushinetsu,,,2021秋季北信越地区大会,1R,,松商学園,3,帝京長岡,2,長野,新潟,,v1_3_workcopy.xlsx / 試合元帳,元帳あり・Web URL未登録,v1_3_workcopy.xlsx,level=regional;historical_reference=1;team1_pref=長野;team2_pref=新潟
2021,autumn,hokushinetsu,,,2021秋季北信越地区大会,1R,,敦賀気比,8,富山第一,1,福井,富山,,v1_3_workcopy.xlsx / 試合元帳,元帳あり・Web URL未登録,v1_3_workcopy.xlsx,level=regional;historical_reference=1;team1_pref=福井;team2_pref=富山;legacy_note=7回コールド
2021,autumn,hokushinetsu,,,2021秋季北信越地区大会,1R,,東京都市大塩尻,12,遊学館,4,長野,石川,,v1_3_workcopy.xlsx / 試合元帳,元帳あり・Web URL未登録,v1_3_workcopy.xlsx,level=regional;historical_reference=1;team1_pref=長野;team2_pref=石川;legacy_note=6回コールド
2021,autumn,hokushinetsu,,,2021秋季北信越地区大会,1R,,星稜,5,東海大諏訪,4,石川,長野,,v1_3_workcopy.xlsx / 試合元帳,元帳あり・Web URL未登録,v1_3_workcopy.xlsx,level=regional;historical_reference=1;team1_pref=石川;team2_pref=長野;legacy_note=サヨナラ
2021,autumn,hokushinetsu,,,2021秋季北信越地区大会,1R,,富山商,6,福井工大福井,4,富山,福井,,v1_3_workcopy.xlsx / 試合元帳,元帳あり・Web URL未登録,v1_3_workcopy.xlsx,level=regional;historical_reference=1;team1_pref=富山;team2_pref=福井;legacy_note=延長11回
2021,autumn,hokushinetsu,,,2021秋季北信越地区大会,1R,,小松大谷,7,啓新,2,石川,福井,,v1_3_workcopy.xlsx / 試合元帳,元帳あり・Web URL未登録,v1_3_workcopy.xlsx,level=regional;historical_reference=1;team1_pref=石川;team2_pref=福井
2021,autumn,hokushinetsu,,,2021秋季北信越地区大会,1R,,日本文理,4,高岡商,2,新潟,富山,,v1_3_workcopy.xlsx / 試合元帳,元帳あり・Web URL未登録,v1_3_workcopy.xlsx,level=regional;historical_reference=1;team1_pref=新潟;team2_pref=富山
2021,autumn,hokushinetsu,,,2021秋季北信越地区大会,1R,,北越,13,長野日大,3,新潟,長野,,v1_3_workcopy.xlsx / 試合元帳,元帳あり・Web URL未登録,v1_3_workcopy.xlsx,level=regional;historical_reference=1;team1_pref=新潟;team2_pref=長野;legacy_note=5回コールド
2021,autumn,hokushinetsu,,,2021秋季北信越地区大会,QF,,小松大谷,8,松商学園,6,石川,長野,,v1_3_workcopy.xlsx / 試合元帳,元帳あり・Web URL未登録,v1_3_workcopy.xlsx,level=regional;historical_reference=1;team1_pref=石川;team2_pref=長野
2021,autumn,hokushinetsu,,,2021秋季北信越地区大会,QF,,星稜,3,日本文理,1,石川,新潟,,v1_3_workcopy.xlsx / 試合元帳,元帳あり・Web URL未登録,v1_3_workcopy.xlsx,level=regional;historical_reference=1;team1_pref=石川;team2_pref=新潟
2021,autumn,hokushinetsu,,,2021秋季北信越地区大会,QF,,敦賀気比,10,北越,2,福井,新潟,,v1_3_workcopy.xlsx / 試合元帳,元帳あり・Web URL未登録,v1_3_workcopy.xlsx,level=regional;historical_reference=1;team1_pref=福井;team2_pref=新潟;legacy_note=7回コールド
2021,autumn,hokushinetsu,,,2021秋季北信越地区大会,QF,,富山商,4,東京都市大塩尻,3,富山,長野,,v1_3_workcopy.xlsx / 試合元帳,元帳あり・Web URL未登録,v1_3_workcopy.xlsx,level=regional;historical_reference=1;team1_pref=富山;team2_pref=長野
2021,autumn,hokushinetsu,,,2021秋季北信越地区大会,SF,,敦賀気比,10,小松大谷,8,福井,石川,,v1_3_workcopy.xlsx / 試合元帳,元帳あり・Web URL未登録,v1_3_workcopy.xlsx,level=regional;historical_reference=1;team1_pref=福井;team2_pref=石川
2021,autumn,hokushinetsu,,,2021秋季北信越地区大会,SF,,星稜,5,富山商,4,石川,富山,,v1_3_workcopy.xlsx / 試合元帳,元帳あり・Web URL未登録,v1_3_workcopy.xlsx,level=regional;historical_reference=1;team1_pref=石川;team2_pref=富山
2021,autumn,hokushinetsu,,,2021秋季北信越地区大会,F,,敦賀気比,6,星稜,0,福井,石川,,v1_3_workcopy.xlsx / 試合元帳,元帳あり・Web URL未登録,v1_3_workcopy.xlsx,level=regional;historical_reference=1;team1_pref=福井;team2_pref=石川
2021,autumn,tokai,,,2021秋季東海地区大会,1R,,大垣日大,7,静岡,2,岐阜,静岡,,v1_3_workcopy.xlsx / 試合元帳,元帳あり・Web URL未登録,v1_3_workcopy.xlsx,level=regional;historical_reference=1;team1_pref=岐阜;team2_pref=静岡
2021,autumn,tokai,,,2021秋季東海地区大会,1R,,津商,6,中部大春日丘,3,三重,愛知,,v1_3_workcopy.xlsx / 試合元帳,元帳あり・Web URL未登録,v1_3_workcopy.xlsx,level=regional;historical_reference=1;team1_pref=三重;team2_pref=愛知
2021,autumn,tokai,,,2021秋季東海地区大会,1R,,聖隷クリストファー,11,津田学園,4,静岡,三重,,v1_3_workcopy.xlsx / 試合元帳,元帳あり・Web URL未登録,v1_3_workcopy.xlsx,level=regional;historical_reference=1;team1_pref=静岡;team2_pref=三重;legacy_note=8回コールド
2021,autumn,tokai,,,2021秋季東海地区大会,1R,,至学館,5,岐阜第一,3,愛知,岐阜,,v1_3_workcopy.xlsx / 試合元帳,元帳あり・Web URL未登録,v1_3_workcopy.xlsx,level=regional;historical_reference=1;team1_pref=愛知;team2_pref=岐阜
2021,autumn,tokai,,,2021秋季東海地区大会,QF,,日大三島,5,津商,2,静岡,三重,,v1_3_workcopy.xlsx / 試合元帳,元帳あり・Web URL未登録,v1_3_workcopy.xlsx,level=regional;historical_reference=1;team1_pref=静岡;team2_pref=三重
2021,autumn,tokai,,,2021秋季東海地区大会,QF,,大垣日大,3,享栄,2,岐阜,愛知,,v1_3_workcopy.xlsx / 試合元帳,元帳あり・Web URL未登録,v1_3_workcopy.xlsx,level=regional;historical_reference=1;team1_pref=岐阜;team2_pref=愛知
2021,autumn,tokai,,,2021秋季東海地区大会,QF,,聖隷クリストファー,4,中京,3,静岡,岐阜,,v1_3_workcopy.xlsx / 試合元帳,元帳あり・Web URL未登録,v1_3_workcopy.xlsx,level=regional;historical_reference=1;team1_pref=静岡;team2_pref=岐阜
2021,autumn,tokai,,,2021秋季東海地区大会,QF,,至学館,4,三重,1,愛知,三重,,v1_3_workcopy.xlsx / 試合元帳,元帳あり・Web URL未登録,v1_3_workcopy.xlsx,level=regional;historical_reference=1;team1_pref=愛知;team2_pref=三重
2021,autumn,tokai,,,2021秋季東海地区大会,SF,,聖隷クリストファー,9,至学館,8,静岡,愛知,,v1_3_workcopy.xlsx / 試合元帳,元帳あり・Web URL未登録,v1_3_workcopy.xlsx,level=regional;historical_reference=1;team1_pref=静岡;team2_pref=愛知;legacy_note=サヨナラ
2021,autumn,tokai,,,2021秋季東海地区大会,SF,,日大三島,10,大垣日大,4,静岡,岐阜,,v1_3_workcopy.xlsx / 試合元帳,元帳あり・Web URL未登録,v1_3_workcopy.xlsx,level=regional;historical_reference=1;team1_pref=静岡;team2_pref=岐阜
2021,autumn,tokai,,,2021秋季東海地区大会,F,,日大三島,6,聖隷クリストファー,3,静岡,静岡,,v1_3_workcopy.xlsx / 試合元帳,元帳あり・Web URL未登録,v1_3_workcopy.xlsx,level=regional;historical_reference=1;team1_pref=静岡;team2_pref=静岡
2021,autumn,kinki,,,2021秋季近畿地区大会,1R,,市和歌山,2,神戸学院大付,1,和歌山,兵庫,,v1_3_workcopy.xlsx / 試合元帳,元帳あり・Web URL未登録,v1_3_workcopy.xlsx,level=regional;historical_reference=1;team1_pref=和歌山;team2_pref=兵庫
2021,autumn,kinki,,,2021秋季近畿地区大会,1R,,天理,3,滋賀学園,2,奈良,滋賀,,v1_3_workcopy.xlsx / 試合元帳,元帳あり・Web URL未登録,v1_3_workcopy.xlsx,level=regional;historical_reference=1;team1_pref=奈良;team2_pref=滋賀;legacy_note=延長10回
2021,autumn,kinki,,,2021秋季近畿地区大会,1R,,大阪桐蔭,7,塔南,0,大阪,京都,,v1_3_workcopy.xlsx / 試合元帳,元帳あり・Web URL未登録,v1_3_workcopy.xlsx,level=regional;historical_reference=1;team1_pref=大阪;team2_pref=京都;legacy_note=7回コールド
2021,autumn,kinki,,,2021秋季近畿地区大会,1R,,東洋大姫路,2,智弁学園,0,兵庫,奈良,,v1_3_workcopy.xlsx / 試合元帳,元帳あり・Web URL未登録,v1_3_workcopy.xlsx,level=regional;historical_reference=1;team1_pref=兵庫;team2_pref=奈良
2021,autumn,kinki,,,2021秋季近畿地区大会,1R,,金光大阪,2,高田商,0,大阪,奈良,,v1_3_workcopy.xlsx / 試合元帳,元帳あり・Web URL未登録,v1_3_workcopy.xlsx,level=regional;historical_reference=1;team1_pref=大阪;team2_pref=奈良
2021,autumn,kinki,,,2021秋季近畿地区大会,1R,,近江,11,社,10,滋賀,兵庫,,v1_3_workcopy.xlsx / 試合元帳,元帳あり・Web URL未登録,v1_3_workcopy.xlsx,level=regional;historical_reference=1;team1_pref=滋賀;team2_pref=兵庫
2021,autumn,kinki,,,2021秋季近畿地区大会,1R,,京都国際,3,履正社,0,京都,大阪,,v1_3_workcopy.xlsx / 試合元帳,元帳あり・Web URL未登録,v1_3_workcopy.xlsx,level=regional;historical_reference=1;team1_pref=京都;team2_pref=大阪
2021,autumn,kinki,,,2021秋季近畿地区大会,1R,,和歌山東,3,八幡商,1,和歌山,滋賀,,v1_3_workcopy.xlsx / 試合元帳,元帳あり・Web URL未登録,v1_3_workcopy.xlsx,level=regional;historical_reference=1;team1_pref=和歌山;team2_pref=滋賀
2021,autumn,kinki,,,2021秋季近畿地区大会,QF,,和歌山東,3,京都国際,2,和歌山,京都,,v1_3_workcopy.xlsx / 試合元帳,元帳あり・Web URL未登録,v1_3_workcopy.xlsx,level=regional;historical_reference=1;team1_pref=和歌山;team2_pref=京都
2021,autumn,kinki,,,2021秋季近畿地区大会,QF,,金光大阪,7,近江,6,大阪,滋賀,,v1_3_workcopy.xlsx / 試合元帳,元帳あり・Web URL未登録,v1_3_workcopy.xlsx,level=regional;historical_reference=1;team1_pref=大阪;team2_pref=滋賀
2021,autumn,kinki,,,2021秋季近畿地区大会,QF,,大阪桐蔭,5,東洋大姫路,0,大阪,兵庫,,v1_3_workcopy.xlsx / 試合元帳,元帳あり・Web URL未登録,v1_3_workcopy.xlsx,level=regional;historical_reference=1;team1_pref=大阪;team2_pref=兵庫
2021,autumn,kinki,,,2021秋季近畿地区大会,QF,,天理,5,市和歌山,1,奈良,和歌山,,v1_3_workcopy.xlsx / 試合元帳,元帳あり・Web URL未登録,v1_3_workcopy.xlsx,level=regional;historical_reference=1;team1_pref=奈良;team2_pref=和歌山
2021,autumn,kinki,,,2021秋季近畿地区大会,SF,,和歌山東,8,金光大阪,1,和歌山,大阪,,v1_3_workcopy.xlsx / 試合元帳,元帳あり・Web URL未登録,v1_3_workcopy.xlsx,level=regional;historical_reference=1;team1_pref=和歌山;team2_pref=大阪;legacy_note=7回コールド
2021,autumn,kinki,,,2021秋季近畿地区大会,SF,,大阪桐蔭,9,天理,1,大阪,奈良,,v1_3_workcopy.xlsx / 試合元帳,元帳あり・Web URL未登録,v1_3_workcopy.xlsx,level=regional;historical_reference=1;team1_pref=大阪;team2_pref=奈良;legacy_note=7回コールド
2021,autumn,kinki,,,2021秋季近畿地区大会,F,,大阪桐蔭,10,和歌山東,1,大阪,和歌山,,v1_3_workcopy.xlsx / 試合元帳,元帳あり・Web URL未登録,v1_3_workcopy.xlsx,level=regional;historical_reference=1;team1_pref=大阪;team2_pref=和歌山
2021,autumn,chugoku,,,2021秋季中国地区大会,1R,,広陵,6,倉吉総合産,0,広島,鳥取,,v1_3_workcopy.xlsx / 試合元帳,元帳あり・Web URL未登録,v1_3_workcopy.xlsx,level=regional;historical_reference=1;team1_pref=広島;team2_pref=鳥取
2021,autumn,chugoku,,,2021秋季中国地区大会,1R,,宇部商,7,出雲西,5,山口,島根,,v1_3_workcopy.xlsx / 試合元帳,元帳あり・Web URL未登録,v1_3_workcopy.xlsx,level=regional;historical_reference=1;team1_pref=山口;team2_pref=島根
2021,autumn,chugoku,,,2021秋季中国地区大会,1R,,下関国際,8,創志学園,0,山口,岡山,,v1_3_workcopy.xlsx / 試合元帳,元帳あり・Web URL未登録,v1_3_workcopy.xlsx,level=regional;historical_reference=1;team1_pref=山口;team2_pref=岡山;legacy_note=7回コールド
2021,autumn,chugoku,,,2021秋季中国地区大会,1R,,倉敷工,5,米子西,0,岡山,鳥取,,v1_3_workcopy.xlsx / 試合元帳,元帳あり・Web URL未登録,v1_3_workcopy.xlsx,level=regional;historical_reference=1;team1_pref=岡山;team2_pref=鳥取
2021,autumn,chugoku,,,2021秋季中国地区大会,1R,,鳥取商,3,宇部工,2,鳥取,山口,,v1_3_workcopy.xlsx / 試合元帳,元帳あり・Web URL未登録,v1_3_workcopy.xlsx,level=regional;historical_reference=1;team1_pref=鳥取;team2_pref=山口;legacy_note=サヨナラ
2021,autumn,chugoku,,,2021秋季中国地区大会,1R,,立正大淞南,8,岩国商,0,島根,山口,,v1_3_workcopy.xlsx / 試合元帳,元帳あり・Web URL未登録,v1_3_workcopy.xlsx,level=regional;historical_reference=1;team1_pref=島根;team2_pref=山口
2021,autumn,chugoku,,,2021秋季中国地区大会,1R,,岡山学芸館,12,尾道商,5,岡山,広島,,v1_3_workcopy.xlsx / 試合元帳,元帳あり・Web URL未登録,v1_3_workcopy.xlsx,level=regional;historical_reference=1;team1_pref=岡山;team2_pref=広島;legacy_note=7回コールド
2021,autumn,chugoku,,,2021秋季中国地区大会,1R,,広島商,8,益田東,7,広島,島根,,v1_3_workcopy.xlsx / 試合元帳,元帳あり・Web URL未登録,v1_3_workcopy.xlsx,level=regional;historical_reference=1;team1_pref=広島;team2_pref=島根;legacy_note=サヨナラ
2021,autumn,chugoku,,,2021秋季中国地区大会,QF,,岡山学芸館,6,立正大淞南,0,岡山,島根,,v1_3_workcopy.xlsx / 試合元帳,元帳あり・Web URL未登録,v1_3_workcopy.xlsx,level=regional;historical_reference=1;team1_pref=岡山;team2_pref=島根
2021,autumn,chugoku,,,2021秋季中国地区大会,QF,,広島商,6,鳥取商,2,広島,鳥取,,v1_3_workcopy.xlsx / 試合元帳,元帳あり・Web URL未登録,v1_3_workcopy.xlsx,level=regional;historical_reference=1;team1_pref=広島;team2_pref=鳥取
2021,autumn,chugoku,,,2021秋季中国地区大会,QF,,広陵,3,下関国際,0,広島,山口,,v1_3_workcopy.xlsx / 試合元帳,元帳あり・Web URL未登録,v1_3_workcopy.xlsx,level=regional;historical_reference=1;team1_pref=広島;team2_pref=山口
2021,autumn,chugoku,,,2021秋季中国地区大会,QF,,倉敷工,10,宇部商,2,岡山,山口,,v1_3_workcopy.xlsx / 試合元帳,元帳あり・Web URL未登録,v1_3_workcopy.xlsx,level=regional;historical_reference=1;team1_pref=岡山;team2_pref=山口;legacy_note=7回コールド
2021,autumn,chugoku,,,2021秋季中国地区大会,SF,,広島商,9,倉敷工,6,広島,岡山,,v1_3_workcopy.xlsx / 試合元帳,元帳あり・Web URL未登録,v1_3_workcopy.xlsx,level=regional;historical_reference=1;team1_pref=広島;team2_pref=岡山
2021,autumn,chugoku,,,2021秋季中国地区大会,SF,,広陵,7,岡山学芸館,4,広島,岡山,,v1_3_workcopy.xlsx / 試合元帳,元帳あり・Web URL未登録,v1_3_workcopy.xlsx,level=regional;historical_reference=1;team1_pref=広島;team2_pref=岡山
2021,autumn,chugoku,,,2021秋季中国地区大会,F,,広陵,7,広島商,0,広島,広島,,v1_3_workcopy.xlsx / 試合元帳,元帳あり・Web URL未登録,v1_3_workcopy.xlsx,level=regional;historical_reference=1;team1_pref=広島;team2_pref=広島
2021,autumn,shikoku,,,2021秋季四国地区大会,1R,,阿南光,2,西条,0,徳島,愛媛,,v1_3_workcopy.xlsx / 試合元帳,元帳あり・Web URL未登録,v1_3_workcopy.xlsx,level=regional;historical_reference=1;team1_pref=徳島;team2_pref=愛媛
2021,autumn,shikoku,,,2021秋季四国地区大会,1R,,高知,4,済美,1,高知,愛媛,,v1_3_workcopy.xlsx / 試合元帳,元帳あり・Web URL未登録,v1_3_workcopy.xlsx,level=regional;historical_reference=1;team1_pref=高知;team2_pref=愛媛
2021,autumn,shikoku,,,2021秋季四国地区大会,1R,,尽誠学園,5,高知中央,4,香川,高知,,v1_3_workcopy.xlsx / 試合元帳,元帳あり・Web URL未登録,v1_3_workcopy.xlsx,level=regional;historical_reference=1;team1_pref=香川;team2_pref=高知
2021,autumn,shikoku,,,2021秋季四国地区大会,1R,,徳島商,3,四国学院大香川西,1,徳島,香川,,v1_3_workcopy.xlsx / 試合元帳,元帳あり・Web URL未登録,v1_3_workcopy.xlsx,level=regional;historical_reference=1;team1_pref=徳島;team2_pref=香川
2021,autumn,shikoku,,,2021秋季四国地区大会,QF,,高知,2,英明,1,高知,香川,,v1_3_workcopy.xlsx / 試合元帳,元帳あり・Web URL未登録,v1_3_workcopy.xlsx,level=regional;historical_reference=1;team1_pref=高知;team2_pref=香川
2021,autumn,shikoku,,,2021秋季四国地区大会,QF,,明徳義塾,8,阿南光,1,高知,徳島,,v1_3_workcopy.xlsx / 試合元帳,元帳あり・Web URL未登録,v1_3_workcopy.xlsx,level=regional;historical_reference=1;team1_pref=高知;team2_pref=徳島;legacy_note=8回コールド
2021,autumn,shikoku,,,2021秋季四国地区大会,QF,,鳴門,2,尽誠学園,0,徳島,香川,,v1_3_workcopy.xlsx / 試合元帳,元帳あり・Web URL未登録,v1_3_workcopy.xlsx,level=regional;historical_reference=1;team1_pref=徳島;team2_pref=香川
2021,autumn,shikoku,,,2021秋季四国地区大会,QF,,徳島商,5,新田,4,徳島,愛媛,,v1_3_workcopy.xlsx / 試合元帳,元帳あり・Web URL未登録,v1_3_workcopy.xlsx,level=regional;historical_reference=1;team1_pref=徳島;team2_pref=愛媛
2021,autumn,shikoku,,,2021秋季四国地区大会,SF,,高知,11,徳島商,4,高知,徳島,,v1_3_workcopy.xlsx / 試合元帳,元帳あり・Web URL未登録,v1_3_workcopy.xlsx,level=regional;historical_reference=1;team1_pref=高知;team2_pref=徳島;legacy_note=8回コールド
2021,autumn,shikoku,,,2021秋季四国地区大会,SF,,鳴門,3,明徳義塾,2,徳島,高知,,v1_3_workcopy.xlsx / 試合元帳,元帳あり・Web URL未登録,v1_3_workcopy.xlsx,level=regional;historical_reference=1;team1_pref=徳島;team2_pref=高知;legacy_note=延長11回
2021,autumn,shikoku,,,2021秋季四国地区大会,F,,高知,7,鳴門,3,高知,徳島,,v1_3_workcopy.xlsx / 試合元帳,元帳あり・Web URL未登録,v1_3_workcopy.xlsx,level=regional;historical_reference=1;team1_pref=高知;team2_pref=徳島
2021,autumn,kyushu,,,2021秋季九州地区大会,1R,,大分舞鶴,4,大島,4,大分,鹿児島,,v1_3_workcopy.xlsx / 試合元帳,元帳あり・Web URL未登録,v1_3_workcopy.xlsx,level=regional;historical_reference=1;team1_pref=大分;team2_pref=鹿児島;legacy_note=延長10回降雨引分け
2021,autumn,kyushu,,,2021秋季九州地区大会,1R,,有田工,3,秀岳館,0,佐賀,熊本,,v1_3_workcopy.xlsx / 試合元帳,元帳あり・Web URL未登録,v1_3_workcopy.xlsx,level=regional;historical_reference=1;team1_pref=佐賀;team2_pref=熊本
2021,autumn,kyushu,,,2021秋季九州地区大会,1R,,海星,5,福岡第一,4,長崎,福岡,,v1_3_workcopy.xlsx / 試合元帳,元帳あり・Web URL未登録,v1_3_workcopy.xlsx,level=regional;historical_reference=1;team1_pref=長崎;team2_pref=福岡;legacy_note=サヨナラ
2021,autumn,kyushu,,,2021秋季九州地区大会,1R,,興南,5,日章学園,0,沖縄,宮崎,,v1_3_workcopy.xlsx / 試合元帳,元帳あり・Web URL未登録,v1_3_workcopy.xlsx,level=regional;historical_reference=1;team1_pref=沖縄;team2_pref=宮崎
2021,autumn,kyushu,,,2021秋季九州地区大会,1R,,大島,3,大分舞鶴,2,鹿児島,大分,,v1_3_workcopy.xlsx / 試合元帳,元帳あり・Web URL未登録,v1_3_workcopy.xlsx,level=regional;historical_reference=1;team1_pref=鹿児島;team2_pref=大分
2021,autumn,kyushu,,,2021秋季九州地区大会,1R,,長崎日大,15,小林秀峰,6,長崎,宮崎,,v1_3_workcopy.xlsx / 試合元帳,元帳あり・Web URL未登録,v1_3_workcopy.xlsx,level=regional;historical_reference=1;team1_pref=長崎;team2_pref=宮崎;legacy_note=8回コールド
2021,autumn,kyushu,,,2021秋季九州地区大会,1R,,九州国際大付,6,鹿児島城西,4,福岡,鹿児島,,v1_3_workcopy.xlsx / 試合元帳,元帳あり・Web URL未登録,v1_3_workcopy.xlsx,level=regional;historical_reference=1;team1_pref=福岡;team2_pref=鹿児島
2021,autumn,kyushu,,,2021秋季九州地区大会,1R,,明豊,14,前原,4,大分,沖縄,,v1_3_workcopy.xlsx / 試合元帳,元帳あり・Web URL未登録,v1_3_workcopy.xlsx,level=regional;historical_reference=1;team1_pref=大分;team2_pref=沖縄;legacy_note=7回コールド
2021,autumn,kyushu,,,2021秋季九州地区大会,1R,,佐賀商,4,熊本工,3,佐賀,熊本,,v1_3_workcopy.xlsx / 試合元帳,元帳あり・Web URL未登録,v1_3_workcopy.xlsx,level=regional;historical_reference=1;team1_pref=佐賀;team2_pref=熊本
2021,autumn,kyushu,,,2021秋季九州地区大会,QF,,長崎日大,7,佐賀商,1,長崎,佐賀,,v1_3_workcopy.xlsx / 試合元帳,元帳あり・Web URL未登録,v1_3_workcopy.xlsx,level=regional;historical_reference=1;team1_pref=長崎;team2_pref=佐賀
2021,autumn,kyushu,,,2021秋季九州地区大会,QF,,九州国際大付,13,明豊,0,福岡,大分,,v1_3_workcopy.xlsx / 試合元帳,元帳あり・Web URL未登録,v1_3_workcopy.xlsx,level=regional;historical_reference=1;team1_pref=福岡;team2_pref=大分;legacy_note=5回コールド
2021,autumn,kyushu,,,2021秋季九州地区大会,QF,,有田工,2,海星,0,佐賀,長崎,,v1_3_workcopy.xlsx / 試合元帳,元帳あり・Web URL未登録,v1_3_workcopy.xlsx,level=regional;historical_reference=1;team1_pref=佐賀;team2_pref=長崎
2021,autumn,kyushu,,,2021秋季九州地区大会,QF,,大島,3,興南,0,鹿児島,沖縄,,v1_3_workcopy.xlsx / 試合元帳,元帳あり・Web URL未登録,v1_3_workcopy.xlsx,level=regional;historical_reference=1;team1_pref=鹿児島;team2_pref=沖縄
2021,autumn,kyushu,,,2021秋季九州地区大会,SF,,九州国際大付,12,長崎日大,2,福岡,長崎,,v1_3_workcopy.xlsx / 試合元帳,元帳あり・Web URL未登録,v1_3_workcopy.xlsx,level=regional;historical_reference=1;team1_pref=福岡;team2_pref=長崎;legacy_note=7回コールド
2021,autumn,kyushu,,,2021秋季九州地区大会,SF,,大島,11,有田工,7,鹿児島,佐賀,,v1_3_workcopy.xlsx / 試合元帳,元帳あり・Web URL未登録,v1_3_workcopy.xlsx,level=regional;historical_reference=1;team1_pref=鹿児島;team2_pref=佐賀
2021,autumn,kyushu,,,2021秋季九州地区大会,F,,九州国際大付,12,大島,6,福岡,鹿児島,,v1_3_workcopy.xlsx / 試合元帳,元帳あり・Web URL未登録,v1_3_workcopy.xlsx,level=regional;historical_reference=1;team1_pref=福岡;team2_pref=鹿児島
2021,jingu,national,,,2021明治神宮大会,1R,,九州国際大付,5,クラーク国際,1,福岡,北海道,,v1_3_workcopy.xlsx / 試合元帳,元帳あり・Web URL未登録,v1_3_workcopy.xlsx,level=national;historical_reference=1;team1_pref=福岡;team2_pref=北海道
2021,jingu,national,,,2021明治神宮大会,1R,,花巻東,6,国学院久我山,3,岩手,東京,,v1_3_workcopy.xlsx / 試合元帳,元帳あり・Web URL未登録,v1_3_workcopy.xlsx,level=national;historical_reference=1;team1_pref=岩手;team2_pref=東京
2021,jingu,national,,,2021明治神宮大会,QF,,大阪桐蔭,8,敦賀気比,4,大阪,福井,,v1_3_workcopy.xlsx / 試合元帳,元帳あり・Web URL未登録,v1_3_workcopy.xlsx,level=national;historical_reference=1;team1_pref=大阪;team2_pref=福井
2021,jingu,national,,,2021明治神宮大会,QF,,広陵,5,明秀日立,3,広島,茨城,,v1_3_workcopy.xlsx / 試合元帳,元帳あり・Web URL未登録,v1_3_workcopy.xlsx,level=national;historical_reference=1;team1_pref=広島;team2_pref=茨城
2021,jingu,national,,,2021明治神宮大会,QF,,九州国際大付,2,日大三島,1,福岡,静岡,,v1_3_workcopy.xlsx / 試合元帳,元帳あり・Web URL未登録,v1_3_workcopy.xlsx,level=national;historical_reference=1;team1_pref=福岡;team2_pref=静岡
2021,jingu,national,,,2021明治神宮大会,QF,,花巻東,6,高知,2,岩手,高知,,v1_3_workcopy.xlsx / 試合元帳,元帳あり・Web URL未登録,v1_3_workcopy.xlsx,level=national;historical_reference=1;team1_pref=岩手;team2_pref=高知
2021,jingu,national,,,2021明治神宮大会,SF,,大阪桐蔭,9,九州国際大付,2,大阪,福岡,,v1_3_workcopy.xlsx / 試合元帳,元帳あり・Web URL未登録,v1_3_workcopy.xlsx,level=national;historical_reference=1;team1_pref=大阪;team2_pref=福岡;legacy_note=7回コールド
2021,jingu,national,,,2021明治神宮大会,SF,,広陵,10,花巻東,9,広島,岩手,,v1_3_workcopy.xlsx / 試合元帳,元帳あり・Web URL未登録,v1_3_workcopy.xlsx,level=national;historical_reference=1;team1_pref=広島;team2_pref=岩手
2021,jingu,national,,,2021明治神宮大会,F,,大阪桐蔭,11,広陵,7,大阪,広島,,v1_3_workcopy.xlsx / 試合元帳,元帳あり・Web URL未登録,v1_3_workcopy.xlsx,level=national;historical_reference=1;team1_pref=大阪;team2_pref=広島
2022,senbatsu,national,,,2022選抜,1R,,浦和学院,4,大分舞鶴,0,埼玉,大分,,v1_3_workcopy.xlsx / 試合元帳,元帳あり・Web URL未登録,v1_3_workcopy.xlsx,level=national;historical_reference=1;team1_pref=埼玉;team2_pref=大分
2022,senbatsu,national,,,2022選抜,1R,,和歌山東,8,倉敷工,2,和歌山,岡山,,v1_3_workcopy.xlsx / 試合元帳,元帳あり・Web URL未登録,v1_3_workcopy.xlsx,level=national;historical_reference=1;team1_pref=和歌山;team2_pref=岡山;legacy_note=延長11回
2022,senbatsu,national,,,2022選抜,1R,,九州国際大付,3,クラーク国際,2,福岡,北海道,,v1_3_workcopy.xlsx / 試合元帳,元帳あり・Web URL未登録,v1_3_workcopy.xlsx,level=national;historical_reference=1;team1_pref=福岡;team2_pref=北海道;legacy_note=延長10回サヨナラ
2022,senbatsu,national,,,2022選抜,1R,,広陵,9,敦賀気比,0,広島,福井,,v1_3_workcopy.xlsx / 試合元帳,元帳あり・Web URL未登録,v1_3_workcopy.xlsx,level=national;historical_reference=1;team1_pref=広島;team2_pref=福井
2022,senbatsu,national,,,2022選抜,1R,,近江,6,長崎日大,2,滋賀,長崎,,v1_3_workcopy.xlsx / 試合元帳,元帳あり・Web URL未登録,v1_3_workcopy.xlsx,level=national;historical_reference=1;team1_pref=滋賀;team2_pref=長崎;legacy_note=延長13回、タイブレーク
2022,senbatsu,national,,,2022選抜,1R,,聖光学院,9,二松学舎大付,3,福島,東京,,v1_3_workcopy.xlsx / 試合元帳,元帳あり・Web URL未登録,v1_3_workcopy.xlsx,level=national;historical_reference=1;team1_pref=福島;team2_pref=東京
2022,senbatsu,national,,,2022選抜,1R,,木更津総合,2,山梨学院,1,千葉,山梨,,v1_3_workcopy.xlsx / 試合元帳,元帳あり・Web URL未登録,v1_3_workcopy.xlsx,level=national;historical_reference=1;team1_pref=千葉;team2_pref=山梨;legacy_note=延長13回サヨナラ、タイブレーク
2022,senbatsu,national,,,2022選抜,1R,,金光大阪,4,日大三島,0,大阪,静岡,,v1_3_workcopy.xlsx / 試合元帳,元帳あり・Web URL未登録,v1_3_workcopy.xlsx,level=national;historical_reference=1;team1_pref=大阪;team2_pref=静岡
2022,senbatsu,national,,,2022選抜,1R,,高知,4,東洋大姫路,2,高知,兵庫,,v1_3_workcopy.xlsx / 試合元帳,元帳あり・Web URL未登録,v1_3_workcopy.xlsx,level=national;historical_reference=1;team1_pref=高知;team2_pref=兵庫
2022,senbatsu,national,,,2022選抜,1R,,国学院久我山,4,有田工,2,東京,佐賀,,v1_3_workcopy.xlsx / 試合元帳,元帳あり・Web URL未登録,v1_3_workcopy.xlsx,level=national;historical_reference=1;team1_pref=東京;team2_pref=佐賀
2022,senbatsu,national,,,2022選抜,1R,,星稜,5,天理,4,石川,奈良,,v1_3_workcopy.xlsx / 試合元帳,元帳あり・Web URL未登録,v1_3_workcopy.xlsx,level=national;historical_reference=1;team1_pref=石川;team2_pref=奈良;legacy_note=延長11回
2022,senbatsu,national,,,2022選抜,1R,,大垣日大,6,只見,1,岐阜,福島,,v1_3_workcopy.xlsx / 試合元帳,元帳あり・Web URL未登録,v1_3_workcopy.xlsx,level=national;historical_reference=1;team1_pref=岐阜;team2_pref=福島
2022,senbatsu,national,,,2022選抜,1R,,市和歌山,5,花巻東,4,和歌山,岩手,,v1_3_workcopy.xlsx / 試合元帳,元帳あり・Web URL未登録,v1_3_workcopy.xlsx,level=national;historical_reference=1;team1_pref=和歌山;team2_pref=岩手
2022,senbatsu,national,,,2022選抜,1R,,明秀日立,8,大島,0,茨城,鹿児島,,v1_3_workcopy.xlsx / 試合元帳,元帳あり・Web URL未登録,v1_3_workcopy.xlsx,level=national;historical_reference=1;team1_pref=茨城;team2_pref=鹿児島
2022,senbatsu,national,,,2022選抜,1R,,広島商,22,丹生,7,広島,福井,,v1_3_workcopy.xlsx / 試合元帳,元帳あり・Web URL未登録,v1_3_workcopy.xlsx,level=national;historical_reference=1;team1_pref=広島;team2_pref=福井
2022,senbatsu,national,,,2022選抜,1R,,大阪桐蔭,3,鳴門,1,大阪,徳島,,v1_3_workcopy.xlsx / 試合元帳,元帳あり・Web URL未登録,v1_3_workcopy.xlsx,level=national;historical_reference=1;team1_pref=大阪;team2_pref=徳島
2022,senbatsu,national,,,2022選抜,2R,,浦和学院,7,和歌山東,0,埼玉,和歌山,,v1_3_workcopy.xlsx / 試合元帳,元帳あり・Web URL未登録,v1_3_workcopy.xlsx,level=national;historical_reference=1;team1_pref=埼玉;team2_pref=和歌山
2022,senbatsu,national,,,2022選抜,2R,,九州国際大付,4,広陵,1,福岡,広島,,v1_3_workcopy.xlsx / 試合元帳,元帳あり・Web URL未登録,v1_3_workcopy.xlsx,level=national;historical_reference=1;team1_pref=福岡;team2_pref=広島
2022,senbatsu,national,,,2022選抜,2R,,近江,7,聖光学院,2,滋賀,福島,,v1_3_workcopy.xlsx / 試合元帳,元帳あり・Web URL未登録,v1_3_workcopy.xlsx,level=national;historical_reference=1;team1_pref=滋賀;team2_pref=福島
2022,senbatsu,national,,,2022選抜,2R,,金光大阪,4,木更津総合,3,大阪,千葉,,v1_3_workcopy.xlsx / 試合元帳,元帳あり・Web URL未登録,v1_3_workcopy.xlsx,level=national;historical_reference=1;team1_pref=大阪;team2_pref=千葉;legacy_note=延長13回サヨナラ、タイブレーク
2022,senbatsu,national,,,2022選抜,2R,,国学院久我山,6,高知,3,東京,高知,,v1_3_workcopy.xlsx / 試合元帳,元帳あり・Web URL未登録,v1_3_workcopy.xlsx,level=national;historical_reference=1;team1_pref=東京;team2_pref=高知
2022,senbatsu,national,,,2022選抜,2R,,星稜,6,大垣日大,2,石川,岐阜,,v1_3_workcopy.xlsx / 試合元帳,元帳あり・Web URL未登録,v1_3_workcopy.xlsx,level=national;historical_reference=1;team1_pref=石川;team2_pref=岐阜
2022,senbatsu,national,,,2022選抜,2R,,市和歌山,2,明秀日立,1,和歌山,茨城,,v1_3_workcopy.xlsx / 試合元帳,元帳あり・Web URL未登録,v1_3_workcopy.xlsx,level=national;historical_reference=1;team1_pref=和歌山;team2_pref=茨城;legacy_note=サヨナラ
2022,senbatsu,national,,,2022選抜,2R,,大阪桐蔭,,広島商,,大阪,広島,,v1_3_workcopy.xlsx / 試合元帳,元帳あり・Web URL未登録,v1_3_workcopy.xlsx,level=national;historical_reference=1;team1_pref=大阪;team2_pref=広島;legacy_note=不戦勝;exclude_from_rating=1
2022,senbatsu,national,,,2022選抜,QF,,浦和学院,6,九州国際大付,3,埼玉,福岡,,v1_3_workcopy.xlsx / 試合元帳,元帳あり・Web URL未登録,v1_3_workcopy.xlsx,level=national;historical_reference=1;team1_pref=埼玉;team2_pref=福岡
2022,senbatsu,national,,,2022選抜,QF,,近江,6,金光大阪,1,滋賀,大阪,,v1_3_workcopy.xlsx / 試合元帳,元帳あり・Web URL未登録,v1_3_workcopy.xlsx,level=national;historical_reference=1;team1_pref=滋賀;team2_pref=大阪
2022,senbatsu,national,,,2022選抜,QF,,国学院久我山,4,星稜,2,東京,石川,,v1_3_workcopy.xlsx / 試合元帳,元帳あり・Web URL未登録,v1_3_workcopy.xlsx,level=national;historical_reference=1;team1_pref=東京;team2_pref=石川
2022,senbatsu,national,,,2022選抜,QF,,大阪桐蔭,17,市和歌山,0,大阪,和歌山,,v1_3_workcopy.xlsx / 試合元帳,元帳あり・Web URL未登録,v1_3_workcopy.xlsx,level=national;historical_reference=1;team1_pref=大阪;team2_pref=和歌山
2022,senbatsu,national,,,2022選抜,SF,,近江,5,浦和学院,2,滋賀,埼玉,,v1_3_workcopy.xlsx / 試合元帳,元帳あり・Web URL未登録,v1_3_workcopy.xlsx,level=national;historical_reference=1;team1_pref=滋賀;team2_pref=埼玉;legacy_note=延長11回サヨナラ
2022,senbatsu,national,,,2022選抜,SF,,大阪桐蔭,13,国学院久我山,4,大阪,東京,,v1_3_workcopy.xlsx / 試合元帳,元帳あり・Web URL未登録,v1_3_workcopy.xlsx,level=national;historical_reference=1;team1_pref=大阪;team2_pref=東京
2022,senbatsu,national,,,2022選抜,F,,大阪桐蔭,18,近江,1,大阪,滋賀,,v1_3_workcopy.xlsx / 試合元帳,元帳あり・Web URL未登録,v1_3_workcopy.xlsx,level=national;historical_reference=1;team1_pref=大阪;team2_pref=滋賀
2022,spring,hokkaido,,,2022春季北海道地区大会,1R,,札幌日大,3,旭川明成,2,北海道,北海道,,v1_3_workcopy.xlsx / 試合元帳,元帳あり・Web URL未登録,v1_3_workcopy.xlsx,level=regional;historical_reference=1;team1_pref=北海道;team2_pref=北海道
2022,spring,hokkaido,,,2022春季北海道地区大会,1R,,北照,7,白樺学園,3,北海道,北海道,,v1_3_workcopy.xlsx / 試合元帳,元帳あり・Web URL未登録,v1_3_workcopy.xlsx,level=regional;historical_reference=1;team1_pref=北海道;team2_pref=北海道
2022,spring,hokkaido,,,2022春季北海道地区大会,1R,,東海大札幌,7,稚内大谷,4,北海道,北海道,,v1_3_workcopy.xlsx / 試合元帳,元帳あり・Web URL未登録,v1_3_workcopy.xlsx,level=regional;historical_reference=1;team1_pref=北海道;team2_pref=北海道
2022,spring,hokkaido,,,2022春季北海道地区大会,1R,,知内,6,駒大苫小牧,4,北海道,北海道,,v1_3_workcopy.xlsx / 試合元帳,元帳あり・Web URL未登録,v1_3_workcopy.xlsx,level=regional;historical_reference=1;team1_pref=北海道;team2_pref=北海道
2022,spring,hokkaido,,,2022春季北海道地区大会,1R,,釧路工,10,北見緑陵,0,北海道,北海道,,v1_3_workcopy.xlsx / 試合元帳,元帳あり・Web URL未登録,v1_3_workcopy.xlsx,level=regional;historical_reference=1;team1_pref=北海道;team2_pref=北海道;legacy_note=6回コールド
2022,spring,hokkaido,,,2022春季北海道地区大会,1R,,苫小牧中央,3,北海,2,北海道,北海道,,v1_3_workcopy.xlsx / 試合元帳,元帳あり・Web URL未登録,v1_3_workcopy.xlsx,level=regional;historical_reference=1;team1_pref=北海道;team2_pref=北海道
2022,spring,hokkaido,,,2022春季北海道地区大会,1R,,札幌第一,7,滝川西,4,北海道,北海道,,v1_3_workcopy.xlsx / 試合元帳,元帳あり・Web URL未登録,v1_3_workcopy.xlsx,level=regional;historical_reference=1;team1_pref=北海道;team2_pref=北海道
2022,spring,hokkaido,,,2022春季北海道地区大会,1R,,クラーク国際,8,北星大付,1,北海道,北海道,,v1_3_workcopy.xlsx / 試合元帳,元帳あり・Web URL未登録,v1_3_workcopy.xlsx,level=regional;historical_reference=1;team1_pref=北海道;team2_pref=北海道;legacy_note=8回コールド
2022,spring,hokkaido,,,2022春季北海道地区大会,QF,,北照,11,札幌日大,1,北海道,北海道,,v1_3_workcopy.xlsx / 試合元帳,元帳あり・Web URL未登録,v1_3_workcopy.xlsx,level=regional;historical_reference=1;team1_pref=北海道;team2_pref=北海道
2022,spring,hokkaido,,,2022春季北海道地区大会,QF,,東海大札幌,4,知内,2,北海道,北海道,,v1_3_workcopy.xlsx / 試合元帳,元帳あり・Web URL未登録,v1_3_workcopy.xlsx,level=regional;historical_reference=1;team1_pref=北海道;team2_pref=北海道
2022,spring,hokkaido,,,2022春季北海道地区大会,QF,,苫小牧中央,4,釧路工,2,北海道,北海道,,v1_3_workcopy.xlsx / 試合元帳,元帳あり・Web URL未登録,v1_3_workcopy.xlsx,level=regional;historical_reference=1;team1_pref=北海道;team2_pref=北海道
2022,spring,hokkaido,,,2022春季北海道地区大会,QF,,札幌第一,5,クラーク国際,4,北海道,北海道,,v1_3_workcopy.xlsx / 試合元帳,元帳あり・Web URL未登録,v1_3_workcopy.xlsx,level=regional;historical_reference=1;team1_pref=北海道;team2_pref=北海道;legacy_note=延長11回サヨナラ
2022,spring,hokkaido,,,2022春季北海道地区大会,SF,,北照,6,東海大札幌,0,北海道,北海道,,v1_3_workcopy.xlsx / 試合元帳,元帳あり・Web URL未登録,v1_3_workcopy.xlsx,level=regional;historical_reference=1;team1_pref=北海道;team2_pref=北海道
2022,spring,hokkaido,,,2022春季北海道地区大会,SF,,札幌第一,8,苫小牧中央,7,北海道,北海道,,v1_3_workcopy.xlsx / 試合元帳,元帳あり・Web URL未登録,v1_3_workcopy.xlsx,level=regional;historical_reference=1;team1_pref=北海道;team2_pref=北海道;legacy_note=延長13回サヨナラ、タイブレーク
2022,spring,hokkaido,,,2022春季北海道地区大会,F,,札幌第一,9,北照,3,北海道,北海道,,v1_3_workcopy.xlsx / 試合元帳,元帳あり・Web URL未登録,v1_3_workcopy.xlsx,level=regional;historical_reference=1;team1_pref=北海道;team2_pref=北海道
2022,spring,tohoku,,,2022春季東北地区大会,1R,,聖愛,5,学法石川,0,青森,福島,,v1_3_workcopy.xlsx / 試合元帳,元帳あり・Web URL未登録,v1_3_workcopy.xlsx,level=regional;historical_reference=1;team1_pref=青森;team2_pref=福島
2022,spring,tohoku,,,2022春季東北地区大会,1R,,東北,11,光南,1,宮城,福島,,v1_3_workcopy.xlsx / 試合元帳,元帳あり・Web URL未登録,v1_3_workcopy.xlsx,level=regional;historical_reference=1;team1_pref=宮城;team2_pref=福島;legacy_note=5回コールド
2022,spring,tohoku,,,2022春季東北地区大会,1R,,聖光学院,9,盛岡大付,0,福島,岩手,,v1_3_workcopy.xlsx / 試合元帳,元帳あり・Web URL未登録,v1_3_workcopy.xlsx,level=regional;historical_reference=1;team1_pref=福島;team2_pref=岩手;legacy_note=7回コールド
2022,spring,tohoku,,,2022春季東北地区大会,1R,,秋田商,7,酒田南,4,秋田,山形,,v1_3_workcopy.xlsx / 試合元帳,元帳あり・Web URL未登録,v1_3_workcopy.xlsx,level=regional;historical_reference=1;team1_pref=秋田;team2_pref=山形
2022,spring,tohoku,,,2022春季東北地区大会,1R,,羽黒,5,久慈,4,山形,岩手,,v1_3_workcopy.xlsx / 試合元帳,元帳あり・Web URL未登録,v1_3_workcopy.xlsx,level=regional;historical_reference=1;team1_pref=山形;team2_pref=岩手;legacy_note=サヨナラ
2022,spring,tohoku,,,2022春季東北地区大会,1R,,青森山田,4,明桜,2,青森,秋田,,v1_3_workcopy.xlsx / 試合元帳,元帳あり・Web URL未登録,v1_3_workcopy.xlsx,level=regional;historical_reference=1;team1_pref=青森;team2_pref=秋田;legacy_note=延長13回、タイブレーク
2022,spring,tohoku,,,2022春季東北地区大会,QF,,聖愛,7,仙台育英,6,青森,宮城,,v1_3_workcopy.xlsx / 試合元帳,元帳あり・Web URL未登録,v1_3_workcopy.xlsx,level=regional;historical_reference=1;team1_pref=青森;team2_pref=宮城;legacy_note=延長11回
2022,spring,tohoku,,,2022春季東北地区大会,QF,,東北,3,花巻東,1,宮城,岩手,,v1_3_workcopy.xlsx / 試合元帳,元帳あり・Web URL未登録,v1_3_workcopy.xlsx,level=regional;historical_reference=1;team1_pref=宮城;team2_pref=岩手
2022,spring,tohoku,,,2022春季東北地区大会,QF,,聖光学院,5,秋田商,4,福島,秋田,,v1_3_workcopy.xlsx / 試合元帳,元帳あり・Web URL未登録,v1_3_workcopy.xlsx,level=regional;historical_reference=1;team1_pref=福島;team2_pref=秋田;legacy_note=サヨナラ
2022,spring,tohoku,,,2022春季東北地区大会,QF,,青森山田,4,羽黒,3,青森,山形,,v1_3_workcopy.xlsx / 試合元帳,元帳あり・Web URL未登録,v1_3_workcopy.xlsx,level=regional;historical_reference=1;team1_pref=青森;team2_pref=山形;legacy_note=延長10回サヨナラ
2022,spring,tohoku,,,2022春季東北地区大会,SF,,聖光学院,5,聖愛,3,福島,青森,,v1_3_workcopy.xlsx / 試合元帳,元帳あり・Web URL未登録,v1_3_workcopy.xlsx,level=regional;historical_reference=1;team1_pref=福島;team2_pref=青森;legacy_note=延長12回
2022,spring,tohoku,,,2022春季東北地区大会,SF,,東北,3,青森山田,1,宮城,青森,,v1_3_workcopy.xlsx / 試合元帳,元帳あり・Web URL未登録,v1_3_workcopy.xlsx,level=regional;historical_reference=1;team1_pref=宮城;team2_pref=青森
2022,spring,tohoku,,,2022春季東北地区大会,F,,聖光学院,4,東北,3,福島,宮城,,v1_3_workcopy.xlsx / 試合元帳,元帳あり・Web URL未登録,v1_3_workcopy.xlsx,level=regional;historical_reference=1;team1_pref=福島;team2_pref=宮城
2022,spring,kanto_tokyo,,,2022春季関東地区大会,1R,,銚子商,4,青藍泰斗,3,千葉,栃木,,v1_3_workcopy.xlsx / 試合元帳,元帳あり・Web URL未登録,v1_3_workcopy.xlsx,level=regional;historical_reference=1;team1_pref=千葉;team2_pref=栃木
2022,spring,kanto_tokyo,,,2022春季関東地区大会,2R,,前橋育英,5,佐野日大,3,群馬,栃木,,v1_3_workcopy.xlsx / 試合元帳,元帳あり・Web URL未登録,v1_3_workcopy.xlsx,level=regional;historical_reference=1;team1_pref=群馬;team2_pref=栃木
2022,spring,kanto_tokyo,,,2022春季関東地区大会,2R,,関東一,4,甲府城西,0,東京,山梨,,v1_3_workcopy.xlsx / 試合元帳,元帳あり・Web URL未登録,v1_3_workcopy.xlsx,level=regional;historical_reference=1;team1_pref=東京;team2_pref=山梨
2022,spring,kanto_tokyo,,,2022春季関東地区大会,2R,,山梨学院,7,二松学舎大付,4,山梨,東京,,v1_3_workcopy.xlsx / 試合元帳,元帳あり・Web URL未登録,v1_3_workcopy.xlsx,level=regional;historical_reference=1;team1_pref=山梨;team2_pref=東京
2022,spring,kanto_tokyo,,,2022春季関東地区大会,2R,,健大高崎,6,桐光学園,1,群馬,神奈川,,v1_3_workcopy.xlsx / 試合元帳,元帳あり・Web URL未登録,v1_3_workcopy.xlsx,level=regional;historical_reference=1;team1_pref=群馬;team2_pref=神奈川
2022,spring,kanto_tokyo,,,2022春季関東地区大会,2R,,浦和学院,4,桐蔭学園,2,埼玉,神奈川,,v1_3_workcopy.xlsx / 試合元帳,元帳あり・Web URL未登録,v1_3_workcopy.xlsx,level=regional;historical_reference=1;team1_pref=埼玉;team2_pref=神奈川
2022,spring,kanto_tokyo,,,2022春季関東地区大会,2R,,山村学園,12,市船橋,2,埼玉,千葉,,v1_3_workcopy.xlsx / 試合元帳,元帳あり・Web URL未登録,v1_3_workcopy.xlsx,level=regional;historical_reference=1;team1_pref=埼玉;team2_pref=千葉;legacy_note=7回コールド
2022,spring,kanto_tokyo,,,2022春季関東地区大会,2R,,作新学院,10,つくば秀英,3,栃木,茨城,,v1_3_workcopy.xlsx / 試合元帳,元帳あり・Web URL未登録,v1_3_workcopy.xlsx,level=regional;historical_reference=1;team1_pref=栃木;team2_pref=茨城;legacy_note=8回コールド
2022,spring,kanto_tokyo,,,2022春季関東地区大会,2R,,明秀日立,8,銚子商,1,茨城,千葉,,v1_3_workcopy.xlsx / 試合元帳,元帳あり・Web URL未登録,v1_3_workcopy.xlsx,level=regional;historical_reference=1;team1_pref=茨城;team2_pref=千葉;legacy_note=8回コールド
2022,spring,kanto_tokyo,,,2022春季関東地区大会,QF,,関東一,10,健大高崎,0,東京,群馬,,v1_3_workcopy.xlsx / 試合元帳,元帳あり・Web URL未登録,v1_3_workcopy.xlsx,level=regional;historical_reference=1;team1_pref=東京;team2_pref=群馬;legacy_note=5回コールド
2022,spring,kanto_tokyo,,,2022春季関東地区大会,QF,,山梨学院,8,前橋育英,0,山梨,群馬,,v1_3_workcopy.xlsx / 試合元帳,元帳あり・Web URL未登録,v1_3_workcopy.xlsx,level=regional;historical_reference=1;team1_pref=山梨;team2_pref=群馬;legacy_note=7回コールド
2022,spring,kanto_tokyo,,,2022春季関東地区大会,QF,,山村学園,5,作新学院,1,埼玉,栃木,,v1_3_workcopy.xlsx / 試合元帳,元帳あり・Web URL未登録,v1_3_workcopy.xlsx,level=regional;historical_reference=1;team1_pref=埼玉;team2_pref=栃木
2022,spring,kanto_tokyo,,,2022春季関東地区大会,QF,,浦和学院,9,明秀日立,7,埼玉,茨城,,v1_3_workcopy.xlsx / 試合元帳,元帳あり・Web URL未登録,v1_3_workcopy.xlsx,level=regional;historical_reference=1;team1_pref=埼玉;team2_pref=茨城
2022,spring,kanto_tokyo,,,2022春季関東地区大会,SF,,関東一,9,山村学園,2,東京,埼玉,,v1_3_workcopy.xlsx / 試合元帳,元帳あり・Web URL未登録,v1_3_workcopy.xlsx,level=regional;historical_reference=1;team1_pref=東京;team2_pref=埼玉;legacy_note=7回コールド
2022,spring,kanto_tokyo,,,2022春季関東地区大会,SF,,浦和学院,7,山梨学院,0,埼玉,山梨,,v1_3_workcopy.xlsx / 試合元帳,元帳あり・Web URL未登録,v1_3_workcopy.xlsx,level=regional;historical_reference=1;team1_pref=埼玉;team2_pref=山梨;legacy_note=7回コールド
2022,spring,kanto_tokyo,,,2022春季関東地区大会,F,,浦和学院,4,関東一,1,埼玉,東京,,v1_3_workcopy.xlsx / 試合元帳,元帳あり・Web URL未登録,v1_3_workcopy.xlsx,level=regional;historical_reference=1;team1_pref=埼玉;team2_pref=東京
2022,spring,hokushinetsu,,,2022春季北信越地区大会,QF,,啓新,11,高岡商,1,福井,富山,,v1_3_workcopy.xlsx / 試合元帳,元帳あり・Web URL未登録,v1_3_workcopy.xlsx,level=regional;historical_reference=1;team1_pref=福井;team2_pref=富山;legacy_note=6回コールド
2022,spring,hokushinetsu,,,2022春季北信越地区大会,QF,,日本航空石川,11,敦賀工,3,石川,福井,,v1_3_workcopy.xlsx / 試合元帳,元帳あり・Web URL未登録,v1_3_workcopy.xlsx,level=regional;historical_reference=1;team1_pref=石川;team2_pref=福井;legacy_note=8回コールド
2022,spring,hokushinetsu,,,2022春季北信越地区大会,QF,,上田西,7,福井工大福井,6,長野,福井,,v1_3_workcopy.xlsx / 試合元帳,元帳あり・Web URL未登録,v1_3_workcopy.xlsx,level=regional;historical_reference=1;team1_pref=長野;team2_pref=福井
2022,spring,hokushinetsu,,,2022春季北信越地区大会,QF,,丹生,8,東京学館新潟,1,福井,新潟,,v1_3_workcopy.xlsx / 試合元帳,元帳あり・Web URL未登録,v1_3_workcopy.xlsx,level=regional;historical_reference=1;team1_pref=福井;team2_pref=新潟;legacy_note=8回コールド
2022,spring,hokushinetsu,,,2022春季北信越地区大会,SF,,日本航空石川,9,啓新,0,石川,福井,,v1_3_workcopy.xlsx / 試合元帳,元帳あり・Web URL未登録,v1_3_workcopy.xlsx,level=regional;historical_reference=1;team1_pref=石川;team2_pref=福井;legacy_note=7回コールド
2022,spring,hokushinetsu,,,2022春季北信越地区大会,SF,,上田西,12,丹生,3,長野,福井,,v1_3_workcopy.xlsx / 試合元帳,元帳あり・Web URL未登録,v1_3_workcopy.xlsx,level=regional;historical_reference=1;team1_pref=長野;team2_pref=福井;legacy_note=7回コールド
2022,spring,hokushinetsu,,,2022春季北信越地区大会,F,,日本航空石川,10,上田西,5,石川,長野,,v1_3_workcopy.xlsx / 試合元帳,元帳あり・Web URL未登録,v1_3_workcopy.xlsx,level=regional;historical_reference=1;team1_pref=石川;team2_pref=長野
2022,spring,tokai,,,2022春季東海地区大会,QF,,津田学園,3,東邦,2,三重,愛知,,v1_3_workcopy.xlsx / 試合元帳,元帳あり・Web URL未登録,v1_3_workcopy.xlsx,level=regional;historical_reference=1;team1_pref=三重;team2_pref=愛知
2022,spring,tokai,,,2022春季東海地区大会,QF,,浜松開誠館,3,愛工大名電,1,静岡,愛知,,v1_3_workcopy.xlsx / 試合元帳,元帳あり・Web URL未登録,v1_3_workcopy.xlsx,level=regional;historical_reference=1;team1_pref=静岡;team2_pref=愛知
2022,spring,tokai,,,2022春季東海地区大会,QF,,岐阜第一,3,静岡,2,岐阜,静岡,,v1_3_workcopy.xlsx / 試合元帳,元帳あり・Web URL未登録,v1_3_workcopy.xlsx,level=regional;historical_reference=1;team1_pref=岐阜;team2_pref=静岡;legacy_note=サヨナラ
2022,spring,tokai,,,2022春季東海地区大会,QF,,津商,5,大垣日大,4,三重,岐阜,,v1_3_workcopy.xlsx / 試合元帳,元帳あり・Web URL未登録,v1_3_workcopy.xlsx,level=regional;historical_reference=1;team1_pref=三重;team2_pref=岐阜;legacy_note=延長11回サヨナラ
2022,spring,tokai,,,2022春季東海地区大会,SF,,岐阜第一,11,津田学園,4,岐阜,三重,,v1_3_workcopy.xlsx / 試合元帳,元帳あり・Web URL未登録,v1_3_workcopy.xlsx,level=regional;historical_reference=1;team1_pref=岐阜;team2_pref=三重;legacy_note=7回コールド
2022,spring,tokai,,,2022春季東海地区大会,SF,,浜松開誠館,5,津商,3,静岡,三重,,v1_3_workcopy.xlsx / 試合元帳,元帳あり・Web URL未登録,v1_3_workcopy.xlsx,level=regional;historical_reference=1;team1_pref=静岡;team2_pref=三重
2022,spring,tokai,,,2022春季東海地区大会,F,,浜松開誠館,7,岐阜第一,2,静岡,岐阜,,v1_3_workcopy.xlsx / 試合元帳,元帳あり・Web URL未登録,v1_3_workcopy.xlsx,level=regional;historical_reference=1;team1_pref=静岡;team2_pref=岐阜
2022,spring,kinki,,,2022春季近畿地区大会,QF,,智弁和歌山,10,西城陽,0,和歌山,京都,,v1_3_workcopy.xlsx / 試合元帳,元帳あり・Web URL未登録,v1_3_workcopy.xlsx,level=regional;historical_reference=1;team1_pref=和歌山;team2_pref=京都;legacy_note=6回コールド
2022,spring,kinki,,,2022春季近畿地区大会,QF,,報徳学園,8,市和歌山,2,兵庫,和歌山,,v1_3_workcopy.xlsx / 試合元帳,元帳あり・Web URL未登録,v1_3_workcopy.xlsx,level=regional;historical_reference=1;team1_pref=兵庫;team2_pref=和歌山
2022,spring,kinki,,,2022春季近畿地区大会,QF,,近江,6,奈良大付,0,滋賀,奈良,,v1_3_workcopy.xlsx / 試合元帳,元帳あり・Web URL未登録,v1_3_workcopy.xlsx,level=regional;historical_reference=1;team1_pref=滋賀;team2_pref=奈良
2022,spring,kinki,,,2022春季近畿地区大会,QF,,大阪桐蔭,9,和歌山商,0,大阪,和歌山,,v1_3_workcopy.xlsx / 試合元帳,元帳あり・Web URL未登録,v1_3_workcopy.xlsx,level=regional;historical_reference=1;team1_pref=大阪;team2_pref=和歌山;legacy_note=7回コールド
2022,spring,kinki,,,2022春季近畿地区大会,SF,,大阪桐蔭,11,近江,2,大阪,滋賀,,v1_3_workcopy.xlsx / 試合元帳,元帳あり・Web URL未登録,v1_3_workcopy.xlsx,level=regional;historical_reference=1;team1_pref=大阪;team2_pref=滋賀
2022,spring,kinki,,,2022春季近畿地区大会,SF,,智弁和歌山,5,報徳学園,4,和歌山,兵庫,,v1_3_workcopy.xlsx / 試合元帳,元帳あり・Web URL未登録,v1_3_workcopy.xlsx,level=regional;historical_reference=1;team1_pref=和歌山;team2_pref=兵庫
2022,spring,kinki,,,2022春季近畿地区大会,F,,智弁和歌山,3,大阪桐蔭,2,和歌山,大阪,,v1_3_workcopy.xlsx / 試合元帳,元帳あり・Web URL未登録,v1_3_workcopy.xlsx,level=regional;historical_reference=1;team1_pref=和歌山;team2_pref=大阪
2022,spring,chugoku,,,2022春季中国地区大会,QF,,大東,8,宇部工,1,島根,山口,,v1_3_workcopy.xlsx / 試合元帳,元帳あり・Web URL未登録,v1_3_workcopy.xlsx,level=regional;historical_reference=1;team1_pref=島根;team2_pref=山口;legacy_note=7回コールド
2022,spring,chugoku,,,2022春季中国地区大会,QF,,広陵,9,立正大淞南,0,広島,島根,,v1_3_workcopy.xlsx / 試合元帳,元帳あり・Web URL未登録,v1_3_workcopy.xlsx,level=regional;historical_reference=1;team1_pref=広島;team2_pref=島根;legacy_note=7回コールド
2022,spring,chugoku,,,2022春季中国地区大会,QF,,創志学園,6,石見智翠館,0,岡山,島根,,v1_3_workcopy.xlsx / 試合元帳,元帳あり・Web URL未登録,v1_3_workcopy.xlsx,level=regional;historical_reference=1;team1_pref=岡山;team2_pref=島根
2022,spring,chugoku,,,2022春季中国地区大会,QF,,益田東,6,鳥取城北,3,島根,鳥取,,v1_3_workcopy.xlsx / 試合元帳,元帳あり・Web URL未登録,v1_3_workcopy.xlsx,level=regional;historical_reference=1;team1_pref=島根;team2_pref=鳥取
2022,spring,chugoku,,,2022春季中国地区大会,SF,,広陵,13,大東,2,広島,島根,,v1_3_workcopy.xlsx / 試合元帳,元帳あり・Web URL未登録,v1_3_workcopy.xlsx,level=regional;historical_reference=1;team1_pref=広島;team2_pref=島根;legacy_note=5回コールド
2022,spring,chugoku,,,2022春季中国地区大会,SF,,創志学園,7,益田東,0,岡山,島根,,v1_3_workcopy.xlsx / 試合元帳,元帳あり・Web URL未登録,v1_3_workcopy.xlsx,level=regional;historical_reference=1;team1_pref=岡山;team2_pref=島根
2022,spring,chugoku,,,2022春季中国地区大会,F,,創志学園,5,広陵,4,岡山,広島,,v1_3_workcopy.xlsx / 試合元帳,元帳あり・Web URL未登録,v1_3_workcopy.xlsx,level=regional;historical_reference=1;team1_pref=岡山;team2_pref=広島
2022,spring,shikoku,,,2022春季四国地区大会,QF,,英明,3,徳島商,2,香川,徳島,,v1_3_workcopy.xlsx / 試合元帳,元帳あり・Web URL未登録,v1_3_workcopy.xlsx,level=regional;historical_reference=1;team1_pref=香川;team2_pref=徳島;legacy_note=延長10回
2022,spring,shikoku,,,2022春季四国地区大会,QF,,鳴門,3,高知,0,徳島,高知,,v1_3_workcopy.xlsx / 試合元帳,元帳あり・Web URL未登録,v1_3_workcopy.xlsx,level=regional;historical_reference=1;team1_pref=徳島;team2_pref=高知
2022,spring,shikoku,,,2022春季四国地区大会,QF,,明徳義塾,6,松山聖陵,2,高知,愛媛,,v1_3_workcopy.xlsx / 試合元帳,元帳あり・Web URL未登録,v1_3_workcopy.xlsx,level=regional;historical_reference=1;team1_pref=高知;team2_pref=愛媛
2022,spring,shikoku,,,2022春季四国地区大会,QF,,高松商,7,松山商,0,香川,愛媛,,v1_3_workcopy.xlsx / 試合元帳,元帳あり・Web URL未登録,v1_3_workcopy.xlsx,level=regional;historical_reference=1;team1_pref=香川;team2_pref=愛媛;legacy_note=8回コールド
2022,spring,shikoku,,,2022春季四国地区大会,SF,,明徳義塾,4,英明,0,高知,香川,,v1_3_workcopy.xlsx / 試合元帳,元帳あり・Web URL未登録,v1_3_workcopy.xlsx,level=regional;historical_reference=1;team1_pref=高知;team2_pref=香川
2022,spring,shikoku,,,2022春季四国地区大会,SF,,鳴門,7,高松商,0,徳島,香川,,v1_3_workcopy.xlsx / 試合元帳,元帳あり・Web URL未登録,v1_3_workcopy.xlsx,level=regional;historical_reference=1;team1_pref=徳島;team2_pref=香川;legacy_note=8回コールド
2022,spring,shikoku,,,2022春季四国地区大会,F,,鳴門,6,明徳義塾,5,徳島,高知,,v1_3_workcopy.xlsx / 試合元帳,元帳あり・Web URL未登録,v1_3_workcopy.xlsx,level=regional;historical_reference=1;team1_pref=徳島;team2_pref=高知;legacy_note=タイブレーク、延長14回サヨナラ
2022,spring,kyushu,,,2022春季九州地区大会,1R,,神村学園,14,宮崎学園,1,鹿児島,宮崎,,v1_3_workcopy.xlsx / 試合元帳,元帳あり・Web URL未登録,v1_3_workcopy.xlsx,level=regional;historical_reference=1;team1_pref=鹿児島;team2_pref=宮崎;legacy_note=5回コールド
2022,spring,kyushu,,,2022春季九州地区大会,1R,,大分舞鶴,3,九州学院,0,大分,熊本,,v1_3_workcopy.xlsx / 試合元帳,元帳あり・Web URL未登録,v1_3_workcopy.xlsx,level=regional;historical_reference=1;team1_pref=大分;team2_pref=熊本
2022,spring,kyushu,,,2022春季九州地区大会,1R,,九州国際大付,9,東明館,1,福岡,佐賀,,v1_3_workcopy.xlsx / 試合元帳,元帳あり・Web URL未登録,v1_3_workcopy.xlsx,level=regional;historical_reference=1;team1_pref=福岡;team2_pref=佐賀;legacy_note=7回コールド
2022,spring,kyushu,,,2022春季九州地区大会,1R,,長崎日大,2,沖縄水産,1,長崎,沖縄,,v1_3_workcopy.xlsx / 試合元帳,元帳あり・Web URL未登録,v1_3_workcopy.xlsx,level=regional;historical_reference=1;team1_pref=長崎;team2_pref=沖縄;legacy_note=延長10回サヨナラ
2022,spring,kyushu,,,2022春季九州地区大会,1R,,明豊,7,小倉工,6,大分,福岡,,v1_3_workcopy.xlsx / 試合元帳,元帳あり・Web URL未登録,v1_3_workcopy.xlsx,level=regional;historical_reference=1;team1_pref=大分;team2_pref=福岡
2022,spring,kyushu,,,2022春季九州地区大会,1R,,西日本短大付,5,有田工,2,福岡,佐賀,,v1_3_workcopy.xlsx / 試合元帳,元帳あり・Web URL未登録,v1_3_workcopy.xlsx,level=regional;historical_reference=1;team1_pref=福岡;team2_pref=佐賀
2022,spring,kyushu,,,2022春季九州地区大会,1R,,小林西,8,大島,3,宮崎,鹿児島,,v1_3_workcopy.xlsx / 試合元帳,元帳あり・Web URL未登録,v1_3_workcopy.xlsx,level=regional;historical_reference=1;team1_pref=宮崎;team2_pref=鹿児島
2022,spring,kyushu,,,2022春季九州地区大会,1R,,波佐見,10,日章学園,5,長崎,宮崎,,v1_3_workcopy.xlsx / 試合元帳,元帳あり・Web URL未登録,v1_3_workcopy.xlsx,level=regional;historical_reference=1;team1_pref=長崎;team2_pref=宮崎;legacy_note=7回降雨中止継続試合
2022,spring,kyushu,,,2022春季九州地区大会,QF,,小林西,2,明豊,1,宮崎,大分,,v1_3_workcopy.xlsx / 試合元帳,元帳あり・Web URL未登録,v1_3_workcopy.xlsx,level=regional;historical_reference=1;team1_pref=宮崎;team2_pref=大分
2022,spring,kyushu,,,2022春季九州地区大会,QF,,西日本短大付,5,長崎日大,3,福岡,長崎,,v1_3_workcopy.xlsx / 試合元帳,元帳あり・Web URL未登録,v1_3_workcopy.xlsx,level=regional;historical_reference=1;team1_pref=福岡;team2_pref=長崎
2022,spring,kyushu,,,2022春季九州地区大会,QF,,神村学園,11,大分舞鶴,4,鹿児島,大分,,v1_3_workcopy.xlsx / 試合元帳,元帳あり・Web URL未登録,v1_3_workcopy.xlsx,level=regional;historical_reference=1;team1_pref=鹿児島;team2_pref=大分;legacy_note=8回コールド
2022,spring,kyushu,,,2022春季九州地区大会,QF,,九州国際大付,1,波佐見,0,福岡,長崎,,v1_3_workcopy.xlsx / 試合元帳,元帳あり・Web URL未登録,v1_3_workcopy.xlsx,level=regional;historical_reference=1;team1_pref=福岡;team2_pref=長崎
2022,spring,kyushu,,,2022春季九州地区大会,SF,,西日本短大付,7,小林西,6,福岡,宮崎,,v1_3_workcopy.xlsx / 試合元帳,元帳あり・Web URL未登録,v1_3_workcopy.xlsx,level=regional;historical_reference=1;team1_pref=福岡;team2_pref=宮崎
2022,spring,kyushu,,,2022春季九州地区大会,SF,,神村学園,3,九州国際大付,2,鹿児島,福岡,,v1_3_workcopy.xlsx / 試合元帳,元帳あり・Web URL未登録,v1_3_workcopy.xlsx,level=regional;historical_reference=1;team1_pref=鹿児島;team2_pref=福岡
2022,spring,kyushu,,,2022春季九州地区大会,F,,神村学園,8,西日本短大付,4,鹿児島,福岡,,v1_3_workcopy.xlsx / 試合元帳,元帳あり・Web URL未登録,v1_3_workcopy.xlsx,level=regional;historical_reference=1;team1_pref=鹿児島;team2_pref=福岡
2022,koshien,national,,,2022選手権,1R,,国学院栃木,10,日大三島,3,栃木,静岡,,v1_3_workcopy.xlsx / 試合元帳,元帳あり・Web URL未登録,v1_3_workcopy.xlsx,level=national;historical_reference=1;team1_pref=栃木;team2_pref=静岡
2022,koshien,national,,,2022選手権,1R,,明豊,7,樹徳,3,大分,群馬,,v1_3_workcopy.xlsx / 試合元帳,元帳あり・Web URL未登録,v1_3_workcopy.xlsx,level=national;historical_reference=1;team1_pref=大分;team2_pref=群馬
2022,koshien,national,,,2022選手権,1R,,一関学院,6,京都国際,5,岩手,京都,,v1_3_workcopy.xlsx / 試合元帳,元帳あり・Web URL未登録,v1_3_workcopy.xlsx,level=national;historical_reference=1;team1_pref=岩手;team2_pref=京都;legacy_note=延長11回サヨナラ
2022,koshien,national,,,2022選手権,1R,,八戸学院光星,7,創志学園,3,青森,岡山,,v1_3_workcopy.xlsx / 試合元帳,元帳あり・Web URL未登録,v1_3_workcopy.xlsx,level=national;historical_reference=1;team1_pref=青森;team2_pref=岡山
2022,koshien,national,,,2022選手権,1R,,愛工大名電,14,星稜,2,愛知,石川,,v1_3_workcopy.xlsx / 試合元帳,元帳あり・Web URL未登録,v1_3_workcopy.xlsx,level=national;historical_reference=1;team1_pref=愛知;team2_pref=石川
2022,koshien,national,,,2022選手権,1R,,鶴岡東,12,盈進,7,山形,広島,,v1_3_workcopy.xlsx / 試合元帳,元帳あり・Web URL未登録,v1_3_workcopy.xlsx,level=national;historical_reference=1;team1_pref=山形;team2_pref=広島
2022,koshien,national,,,2022選手権,1R,,近江,8,鳴門,2,滋賀,徳島,,v1_3_workcopy.xlsx / 試合元帳,元帳あり・Web URL未登録,v1_3_workcopy.xlsx,level=national;historical_reference=1;team1_pref=滋賀;team2_pref=徳島
2022,koshien,national,,,2022選手権,1R,,海星,11,日本文理,0,長崎,新潟,,v1_3_workcopy.xlsx / 試合元帳,元帳あり・Web URL未登録,v1_3_workcopy.xlsx,level=national;historical_reference=1;team1_pref=長崎;team2_pref=新潟
2022,koshien,national,,,2022選手権,1R,,天理,2,山梨学院,1,奈良,山梨,,v1_3_workcopy.xlsx / 試合元帳,元帳あり・Web URL未登録,v1_3_workcopy.xlsx,level=national;historical_reference=1;team1_pref=奈良;team2_pref=山梨
2022,koshien,national,,,2022選手権,1R,,敦賀気比,13,高岡商,3,福井,富山,,v1_3_workcopy.xlsx / 試合元帳,元帳あり・Web URL未登録,v1_3_workcopy.xlsx,level=national;historical_reference=1;team1_pref=福井;team2_pref=富山
2022,koshien,national,,,2022選手権,1R,,市船橋,6,興南,5,千葉,沖縄,,v1_3_workcopy.xlsx / 試合元帳,元帳あり・Web URL未登録,v1_3_workcopy.xlsx,level=national;historical_reference=1;team1_pref=千葉;team2_pref=沖縄;legacy_note=サヨナラ
2022,koshien,national,,,2022選手権,1R,,横浜,4,三重,2,神奈川,三重,,v1_3_workcopy.xlsx / 試合元帳,元帳あり・Web URL未登録,v1_3_workcopy.xlsx,level=national;historical_reference=1;team1_pref=神奈川;team2_pref=三重
2022,koshien,national,,,2022選手権,1R,,聖光学院,4,日大三,2,福島,東京,,v1_3_workcopy.xlsx / 試合元帳,元帳あり・Web URL未登録,v1_3_workcopy.xlsx,level=national;historical_reference=1;team1_pref=福島;team2_pref=東京
2022,koshien,national,,,2022選手権,1R,,二松学舎大付,3,札幌大谷,2,東京,北海道,,v1_3_workcopy.xlsx / 試合元帳,元帳あり・Web URL未登録,v1_3_workcopy.xlsx,level=national;historical_reference=1;team1_pref=東京;team2_pref=北海道;legacy_note=サヨナラ
2022,koshien,national,,,2022選手権,1R,,社,10,県岐阜商,1,兵庫,岐阜,,v1_3_workcopy.xlsx / 試合元帳,元帳あり・Web URL未登録,v1_3_workcopy.xlsx,level=national;historical_reference=1;team1_pref=兵庫;team2_pref=岐阜
2022,koshien,national,,,2022選手権,1R,,大阪桐蔭,6,旭川大高,3,大阪,北海道,,v1_3_workcopy.xlsx / 試合元帳,元帳あり・Web URL未登録,v1_3_workcopy.xlsx,level=national;historical_reference=1;team1_pref=大阪;team2_pref=北海道
2022,koshien,national,,,2022選手権,1R,,聖望学園,8,能代松陽,2,埼玉,秋田,,v1_3_workcopy.xlsx / 試合元帳,元帳あり・Web URL未登録,v1_3_workcopy.xlsx,level=national;historical_reference=1;team1_pref=埼玉;team2_pref=秋田
2022,koshien,national,,,2022選手権,2R,,明秀日立,2,鹿児島実,1,茨城,鹿児島,,v1_3_workcopy.xlsx / 試合元帳,元帳あり・Web URL未登録,v1_3_workcopy.xlsx,level=national;historical_reference=1;team1_pref=茨城;team2_pref=鹿児島
2022,koshien,national,,,2022選手権,2R,,仙台育英,10,鳥取商,0,宮城,鳥取,,v1_3_workcopy.xlsx / 試合元帳,元帳あり・Web URL未登録,v1_3_workcopy.xlsx,level=national;historical_reference=1;team1_pref=宮城;team2_pref=鳥取
2022,koshien,national,,,2022選手権,2R,,高松商,14,佐久長聖,4,香川,長野,,v1_3_workcopy.xlsx / 試合元帳,元帳あり・Web URL未登録,v1_3_workcopy.xlsx,level=national;historical_reference=1;team1_pref=香川;team2_pref=長野
2022,koshien,national,,,2022選手権,2R,,九州国際大付,2,明徳義塾,1,福岡,高知,,v1_3_workcopy.xlsx / 試合元帳,元帳あり・Web URL未登録,v1_3_workcopy.xlsx,level=national;historical_reference=1;team1_pref=福岡;team2_pref=高知
2022,koshien,national,,,2022選手権,2R,,下関国際,5,富島,0,山口,宮崎,,v1_3_workcopy.xlsx / 試合元帳,元帳あり・Web URL未登録,v1_3_workcopy.xlsx,level=national;historical_reference=1;team1_pref=山口;team2_pref=宮崎
2022,koshien,national,,,2022選手権,2R,,明豊,7,一関学院,5,大分,岩手,,v1_3_workcopy.xlsx / 試合元帳,元帳あり・Web URL未登録,v1_3_workcopy.xlsx,level=national;historical_reference=1;team1_pref=大分;team2_pref=岩手
2022,koshien,national,,,2022選手権,2R,,愛工大名電,6,八戸学院光星,5,愛知,青森,,v1_3_workcopy.xlsx / 試合元帳,元帳あり・Web URL未登録,v1_3_workcopy.xlsx,level=national;historical_reference=1;team1_pref=愛知;team2_pref=青森;legacy_note=延長10回サヨナラ
2022,koshien,national,,,2022選手権,2R,,近江,8,鶴岡東,3,滋賀,山形,,v1_3_workcopy.xlsx / 試合元帳,元帳あり・Web URL未登録,v1_3_workcopy.xlsx,level=national;historical_reference=1;team1_pref=滋賀;team2_pref=山形
2022,koshien,national,,,2022選手権,2R,,海星,4,天理,2,長崎,奈良,,v1_3_workcopy.xlsx / 試合元帳,元帳あり・Web URL未登録,v1_3_workcopy.xlsx,level=national;historical_reference=1;team1_pref=長崎;team2_pref=奈良
2022,koshien,national,,,2022選手権,2R,,浜田,5,有田工,3,島根,佐賀,,v1_3_workcopy.xlsx / 試合元帳,元帳あり・Web URL未登録,v1_3_workcopy.xlsx,level=national;historical_reference=1;team1_pref=島根;team2_pref=佐賀
2022,koshien,national,,,2022選手権,2R,,九州学院,14,帝京五,4,熊本,愛媛,,v1_3_workcopy.xlsx / 試合元帳,元帳あり・Web URL未登録,v1_3_workcopy.xlsx,level=national;historical_reference=1;team1_pref=熊本;team2_pref=愛媛
2022,koshien,national,,,2022選手権,2R,,国学院栃木,5,智弁和歌山,3,栃木,和歌山,,v1_3_workcopy.xlsx / 試合元帳,元帳あり・Web URL未登録,v1_3_workcopy.xlsx,level=national;historical_reference=1;team1_pref=栃木;team2_pref=和歌山
2022,koshien,national,,,2022選手権,2R,,敦賀気比,8,市船橋,6,福井,千葉,,v1_3_workcopy.xlsx / 試合元帳,元帳あり・Web URL未登録,v1_3_workcopy.xlsx,level=national;historical_reference=1;team1_pref=福井;team2_pref=千葉
2022,koshien,national,,,2022選手権,2R,,聖光学院,3,横浜,2,福島,神奈川,,v1_3_workcopy.xlsx / 試合元帳,元帳あり・Web URL未登録,v1_3_workcopy.xlsx,level=national;historical_reference=1;team1_pref=福島;team2_pref=神奈川
2022,koshien,national,,,2022選手権,2R,,二松学舎大付,7,社,5,東京,兵庫,,v1_3_workcopy.xlsx / 試合元帳,元帳あり・Web URL未登録,v1_3_workcopy.xlsx,level=national;historical_reference=1;team1_pref=東京;team2_pref=兵庫
2022,koshien,national,,,2022選手権,2R,,大阪桐蔭,19,聖望学園,0,大阪,埼玉,,v1_3_workcopy.xlsx / 試合元帳,元帳あり・Web URL未登録,v1_3_workcopy.xlsx,level=national;historical_reference=1;team1_pref=大阪;team2_pref=埼玉
2022,koshien,national,,,2022選手権,3R,,仙台育英,5,明秀日立,4,宮城,茨城,,v1_3_workcopy.xlsx / 試合元帳,元帳あり・Web URL未登録,v1_3_workcopy.xlsx,level=national;historical_reference=1;team1_pref=宮城;team2_pref=茨城
2022,koshien,national,,,2022選手権,3R,,高松商,2,九州国際大付,1,香川,福岡,,v1_3_workcopy.xlsx / 試合元帳,元帳あり・Web URL未登録,v1_3_workcopy.xlsx,level=national;historical_reference=1;team1_pref=香川;team2_pref=福岡
2022,koshien,national,,,2022選手権,3R,,愛工大名電,5,明豊,2,愛知,大分,,v1_3_workcopy.xlsx / 試合元帳,元帳あり・Web URL未登録,v1_3_workcopy.xlsx,level=national;historical_reference=1;team1_pref=愛知;team2_pref=大分
2022,koshien,national,,,2022選手権,3R,,近江,7,海星,1,滋賀,長崎,,v1_3_workcopy.xlsx / 試合元帳,元帳あり・Web URL未登録,v1_3_workcopy.xlsx,level=national;historical_reference=1;team1_pref=滋賀;team2_pref=長崎
2022,koshien,national,,,2022選手権,3R,,下関国際,9,浜田,3,山口,島根,,v1_3_workcopy.xlsx / 試合元帳,元帳あり・Web URL未登録,v1_3_workcopy.xlsx,level=national;historical_reference=1;team1_pref=山口;team2_pref=島根
2022,koshien,national,,,2022選手権,3R,,九州学院,4,国学院栃木,0,熊本,栃木,,v1_3_workcopy.xlsx / 試合元帳,元帳あり・Web URL未登録,v1_3_workcopy.xlsx,level=national;historical_reference=1;team1_pref=熊本;team2_pref=栃木
2022,koshien,national,,,2022選手権,3R,,聖光学院,8,敦賀気比,1,福島,福井,,v1_3_workcopy.xlsx / 試合元帳,元帳あり・Web URL未登録,v1_3_workcopy.xlsx,level=national;historical_reference=1;team1_pref=福島;team2_pref=福井
2022,koshien,national,,,2022選手権,3R,,大阪桐蔭,4,二松学舎大付,0,大阪,東京,,v1_3_workcopy.xlsx / 試合元帳,元帳あり・Web URL未登録,v1_3_workcopy.xlsx,level=national;historical_reference=1;team1_pref=大阪;team2_pref=東京
2022,koshien,national,,,2022選手権,QF,,仙台育英,6,愛工大名電,2,宮城,愛知,,v1_3_workcopy.xlsx / 試合元帳,元帳あり・Web URL未登録,v1_3_workcopy.xlsx,level=national;historical_reference=1;team1_pref=宮城;team2_pref=愛知
2022,koshien,national,,,2022選手権,QF,,近江,7,高松商,6,滋賀,香川,,v1_3_workcopy.xlsx / 試合元帳,元帳あり・Web URL未登録,v1_3_workcopy.xlsx,level=national;historical_reference=1;team1_pref=滋賀;team2_pref=香川
2022,koshien,national,,,2022選手権,QF,,下関国際,5,大阪桐蔭,4,山口,大阪,,v1_3_workcopy.xlsx / 試合元帳,元帳あり・Web URL未登録,v1_3_workcopy.xlsx,level=national;historical_reference=1;team1_pref=山口;team2_pref=大阪
2022,koshien,national,,,2022選手権,QF,,聖光学院,10,九州学院,5,福島,熊本,,v1_3_workcopy.xlsx / 試合元帳,元帳あり・Web URL未登録,v1_3_workcopy.xlsx,level=national;historical_reference=1;team1_pref=福島;team2_pref=熊本
2022,koshien,national,,,2022選手権,SF,,仙台育英,18,聖光学院,4,宮城,福島,,v1_3_workcopy.xlsx / 試合元帳,元帳あり・Web URL未登録,v1_3_workcopy.xlsx,level=national;historical_reference=1;team1_pref=宮城;team2_pref=福島
2022,koshien,national,,,2022選手権,SF,,下関国際,8,近江,2,山口,滋賀,,v1_3_workcopy.xlsx / 試合元帳,元帳あり・Web URL未登録,v1_3_workcopy.xlsx,level=national;historical_reference=1;team1_pref=山口;team2_pref=滋賀
2022,koshien,national,,,2022選手権,F,,仙台育英,8,下関国際,1,宮城,山口,,v1_3_workcopy.xlsx / 試合元帳,元帳あり・Web URL未登録,v1_3_workcopy.xlsx,level=national;historical_reference=1;team1_pref=宮城;team2_pref=山口
2022,autumn,hokkaido,,,2022秋季北海道地区大会,1R,,北海,7,帯広農,0,北海道,北海道,,v1_3_workcopy.xlsx / 試合元帳,元帳あり・Web URL未登録,v1_3_workcopy.xlsx,level=regional;historical_reference=1;team1_pref=北海道;team2_pref=北海道;legacy_note=7回コールド
2022,autumn,hokkaido,,,2022秋季北海道地区大会,1R,,北照,3,駒大苫小牧,1,北海道,北海道,,v1_3_workcopy.xlsx / 試合元帳,元帳あり・Web URL未登録,v1_3_workcopy.xlsx,level=regional;historical_reference=1;team1_pref=北海道;team2_pref=北海道
2022,autumn,hokkaido,,,2022秋季北海道地区大会,1R,,東海大札幌,9,北海道栄,2,北海道,北海道,,v1_3_workcopy.xlsx / 試合元帳,元帳あり・Web URL未登録,v1_3_workcopy.xlsx,level=regional;historical_reference=1;team1_pref=北海道;team2_pref=北海道;legacy_note=8回コールド
2022,autumn,hokkaido,,,2022秋季北海道地区大会,1R,,旭川龍谷,7,釧路工,6,北海道,北海道,,v1_3_workcopy.xlsx / 試合元帳,元帳あり・Web URL未登録,v1_3_workcopy.xlsx,level=regional;historical_reference=1;team1_pref=北海道;team2_pref=北海道
2022,autumn,hokkaido,,,2022秋季北海道地区大会,2R,,クラーク国際,3,旭川明成,1,北海道,北海道,,v1_3_workcopy.xlsx / 試合元帳,元帳あり・Web URL未登録,v1_3_workcopy.xlsx,level=regional;historical_reference=1;team1_pref=北海道;team2_pref=北海道
2022,autumn,hokkaido,,,2022秋季北海道地区大会,2R,,札幌日大,4,札幌新川,1,北海道,北海道,,v1_3_workcopy.xlsx / 試合元帳,元帳あり・Web URL未登録,v1_3_workcopy.xlsx,level=regional;historical_reference=1;team1_pref=北海道;team2_pref=北海道
2022,autumn,hokkaido,,,2022秋季北海道地区大会,2R,,立命館慶祥,8,稚内大谷,7,北海道,北海道,,v1_3_workcopy.xlsx / 試合元帳,元帳あり・Web URL未登録,v1_3_workcopy.xlsx,level=regional;historical_reference=1;team1_pref=北海道;team2_pref=北海道;legacy_note=延長10回サヨナラ
2022,autumn,hokkaido,,,2022秋季北海道地区大会,2R,,函館大柏稜,3,函館大有斗,2,北海道,北海道,,v1_3_workcopy.xlsx / 試合元帳,元帳あり・Web URL未登録,v1_3_workcopy.xlsx,level=regional;historical_reference=1;team1_pref=北海道;team2_pref=北海道
2022,autumn,hokkaido,,,2022秋季北海道地区大会,2R,,北海,4,滝川,2,北海道,北海道,,v1_3_workcopy.xlsx / 試合元帳,元帳あり・Web URL未登録,v1_3_workcopy.xlsx,level=regional;historical_reference=1;team1_pref=北海道;team2_pref=北海道
2022,autumn,hokkaido,,,2022秋季北海道地区大会,2R,,北照,6,北見柏陽,0,北海道,北海道,,v1_3_workcopy.xlsx / 試合元帳,元帳あり・Web URL未登録,v1_3_workcopy.xlsx,level=regional;historical_reference=1;team1_pref=北海道;team2_pref=北海道
2022,autumn,hokkaido,,,2022秋季北海道地区大会,2R,,白樺学園,3,東海大札幌,2,北海道,北海道,,v1_3_workcopy.xlsx / 試合元帳,元帳あり・Web URL未登録,v1_3_workcopy.xlsx,level=regional;historical_reference=1;team1_pref=北海道;team2_pref=北海道
2022,autumn,hokkaido,,,2022秋季北海道地区大会,2R,,札幌龍谷,4,旭川龍谷,0,北海道,北海道,,v1_3_workcopy.xlsx / 試合元帳,元帳あり・Web URL未登録,v1_3_workcopy.xlsx,level=regional;historical_reference=1;team1_pref=北海道;team2_pref=北海道
2022,autumn,hokkaido,,,2022秋季北海道地区大会,QF,,北海,7,札幌日大,0,北海道,北海道,,v1_3_workcopy.xlsx / 試合元帳,元帳あり・Web URL未登録,v1_3_workcopy.xlsx,level=regional;historical_reference=1;team1_pref=北海道;team2_pref=北海道;legacy_note=7回コールド
2022,autumn,hokkaido,,,2022秋季北海道地区大会,QF,,クラーク国際,3,北照,2,北海道,北海道,,v1_3_workcopy.xlsx / 試合元帳,元帳あり・Web URL未登録,v1_3_workcopy.xlsx,level=regional;historical_reference=1;team1_pref=北海道;team2_pref=北海道
2022,autumn,hokkaido,,,2022秋季北海道地区大会,QF,,立命館慶祥,7,白樺学園,3,北海道,北海道,,v1_3_workcopy.xlsx / 試合元帳,元帳あり・Web URL未登録,v1_3_workcopy.xlsx,level=regional;historical_reference=1;team1_pref=北海道;team2_pref=北海道
2022,autumn,hokkaido,,,2022秋季北海道地区大会,QF,,函館大柏稜,8,札幌龍谷,6,北海道,北海道,,v1_3_workcopy.xlsx / 試合元帳,元帳あり・Web URL未登録,v1_3_workcopy.xlsx,level=regional;historical_reference=1;team1_pref=北海道;team2_pref=北海道
2022,autumn,hokkaido,,,2022秋季北海道地区大会,SF,,北海,12,函館大柏稜,2,北海道,北海道,,v1_3_workcopy.xlsx / 試合元帳,元帳あり・Web URL未登録,v1_3_workcopy.xlsx,level=regional;historical_reference=1;team1_pref=北海道;team2_pref=北海道;legacy_note=6回コールド
2022,autumn,hokkaido,,,2022秋季北海道地区大会,SF,,クラーク国際,7,立命館慶祥,0,北海道,北海道,,v1_3_workcopy.xlsx / 試合元帳,元帳あり・Web URL未登録,v1_3_workcopy.xlsx,level=regional;historical_reference=1;team1_pref=北海道;team2_pref=北海道;legacy_note=7回コールド
2022,autumn,hokkaido,,,2022秋季北海道地区大会,F,,クラーク国際,3,北海,1,北海道,北海道,,v1_3_workcopy.xlsx / 試合元帳,元帳あり・Web URL未登録,v1_3_workcopy.xlsx,level=regional;historical_reference=1;team1_pref=北海道;team2_pref=北海道;legacy_note=延長10回
2022,autumn,tohoku,,,2022秋季東北地区大会,1R,,東北文教大山形城北,7,田村,2,山形,福島,,v1_3_workcopy.xlsx / 試合元帳,元帳あり・Web URL未登録,v1_3_workcopy.xlsx,level=regional;historical_reference=1;team1_pref=山形;team2_pref=福島
2022,autumn,tohoku,,,2022秋季東北地区大会,1R,,八戸工大一,7,明桜,6,青森,秋田,,v1_3_workcopy.xlsx / 試合元帳,元帳あり・Web URL未登録,v1_3_workcopy.xlsx,level=regional;historical_reference=1;team1_pref=青森;team2_pref=秋田;legacy_note=サヨナラ
2022,autumn,tohoku,,,2022秋季東北地区大会,2R,,由利,9,弘前東,5,秋田,青森,,v1_3_workcopy.xlsx / 試合元帳,元帳あり・Web URL未登録,v1_3_workcopy.xlsx,level=regional;historical_reference=1;team1_pref=秋田;team2_pref=青森
2022,autumn,tohoku,,,2022秋季東北地区大会,2R,,聖光学院,9,利府,6,福島,宮城,,v1_3_workcopy.xlsx / 試合元帳,元帳あり・Web URL未登録,v1_3_workcopy.xlsx,level=regional;historical_reference=1;team1_pref=福島;team2_pref=宮城
2022,autumn,tohoku,,,2022秋季東北地区大会,2R,,学法石川,7,盛岡大付,5,福島,岩手,,v1_3_workcopy.xlsx / 試合元帳,元帳あり・Web URL未登録,v1_3_workcopy.xlsx,level=regional;historical_reference=1;team1_pref=福島;team2_pref=岩手
2022,autumn,tohoku,,,2022秋季東北地区大会,2R,,能代松陽,11,東北文教大山形城北,3,秋田,山形,,v1_3_workcopy.xlsx / 試合元帳,元帳あり・Web URL未登録,v1_3_workcopy.xlsx,level=regional;historical_reference=1;team1_pref=秋田;team2_pref=山形;legacy_note=7回コールド
2022,autumn,tohoku,,,2022秋季東北地区大会,2R,,仙台育英,2,青森山田,1,宮城,青森,,v1_3_workcopy.xlsx / 試合元帳,元帳あり・Web URL未登録,v1_3_workcopy.xlsx,level=regional;historical_reference=1;team1_pref=宮城;team2_pref=青森
2022,autumn,tohoku,,,2022秋季東北地区大会,2R,,鶴岡東,8,花巻東,3,山形,岩手,,v1_3_workcopy.xlsx / 試合元帳,元帳あり・Web URL未登録,v1_3_workcopy.xlsx,level=regional;historical_reference=1;team1_pref=山形;team2_pref=岩手
2022,autumn,tohoku,,,2022秋季東北地区大会,2R,,東北,3,八戸工大一,2,宮城,青森,,v1_3_workcopy.xlsx / 試合元帳,元帳あり・Web URL未登録,v1_3_workcopy.xlsx,level=regional;historical_reference=1;team1_pref=宮城;team2_pref=青森;legacy_note=サヨナラ
2022,autumn,tohoku,,,2022秋季東北地区大会,2R,,山形中央,2,専大北上,1,山形,岩手,,v1_3_workcopy.xlsx / 試合元帳,元帳あり・Web URL未登録,v1_3_workcopy.xlsx,level=regional;historical_reference=1;team1_pref=山形;team2_pref=岩手
2022,autumn,tohoku,,,2022秋季東北地区大会,QF,,能代松陽,6,学法石川,5,秋田,福島,,v1_3_workcopy.xlsx / 試合元帳,元帳あり・Web URL未登録,v1_3_workcopy.xlsx,level=regional;historical_reference=1;team1_pref=秋田;team2_pref=福島;legacy_note=延長12回サヨナラ
2022,autumn,tohoku,,,2022秋季東北地区大会,QF,,仙台育英,3,鶴岡東,0,宮城,山形,,v1_3_workcopy.xlsx / 試合元帳,元帳あり・Web URL未登録,v1_3_workcopy.xlsx,level=regional;historical_reference=1;team1_pref=宮城;team2_pref=山形
2022,autumn,tohoku,,,2022秋季東北地区大会,QF,,聖光学院,3,由利,2,福島,秋田,,v1_3_workcopy.xlsx / 試合元帳,元帳あり・Web URL未登録,v1_3_workcopy.xlsx,level=regional;historical_reference=1;team1_pref=福島;team2_pref=秋田;legacy_note=延長11回サヨナラ
2022,autumn,tohoku,,,2022秋季東北地区大会,QF,,東北,4,山形中央,2,宮城,山形,,v1_3_workcopy.xlsx / 試合元帳,元帳あり・Web URL未登録,v1_3_workcopy.xlsx,level=regional;historical_reference=1;team1_pref=宮城;team2_pref=山形
2022,autumn,tohoku,,,2022秋季東北地区大会,SF,,東北,6,聖光学院,2,宮城,福島,,v1_3_workcopy.xlsx / 試合元帳,元帳あり・Web URL未登録,v1_3_workcopy.xlsx,level=regional;historical_reference=1;team1_pref=宮城;team2_pref=福島
2022,autumn,tohoku,,,2022秋季東北地区大会,SF,,仙台育英,2,能代松陽,1,宮城,秋田,,v1_3_workcopy.xlsx / 試合元帳,元帳あり・Web URL未登録,v1_3_workcopy.xlsx,level=regional;historical_reference=1;team1_pref=宮城;team2_pref=秋田
2022,autumn,tohoku,,,2022秋季東北地区大会,F,,仙台育英,6,東北,3,宮城,宮城,,v1_3_workcopy.xlsx / 試合元帳,元帳あり・Web URL未登録,v1_3_workcopy.xlsx,level=regional;historical_reference=1;team1_pref=宮城;team2_pref=宮城
2022,autumn,kanto_tokyo,,,2022秋季関東地区大会,1R,,健大高崎,4,青藍泰斗,2,群馬,栃木,,v1_3_workcopy.xlsx / 試合元帳,元帳あり・Web URL未登録,v1_3_workcopy.xlsx,level=regional;historical_reference=1;team1_pref=群馬;team2_pref=栃木
2022,autumn,kanto_tokyo,,,2022秋季関東地区大会,1R,,慶応,5,常磐大高,3,神奈川,茨城,,v1_3_workcopy.xlsx / 試合元帳,元帳あり・Web URL未登録,v1_3_workcopy.xlsx,level=regional;historical_reference=1;team1_pref=神奈川;team2_pref=茨城
2022,autumn,kanto_tokyo,,,2022秋季関東地区大会,1R,,横浜,2,浦和学院,0,神奈川,埼玉,,v1_3_workcopy.xlsx / 試合元帳,元帳あり・Web URL未登録,v1_3_workcopy.xlsx,level=regional;historical_reference=1;team1_pref=神奈川;team2_pref=埼玉
2022,autumn,kanto_tokyo,,,2022秋季関東地区大会,1R,,専大松戸,7,明和県央,0,千葉,群馬,,v1_3_workcopy.xlsx / 試合元帳,元帳あり・Web URL未登録,v1_3_workcopy.xlsx,level=regional;historical_reference=1;team1_pref=千葉;team2_pref=群馬;legacy_note=7回コールド
2022,autumn,kanto_tokyo,,,2022秋季関東地区大会,1R,,山村学園,6,土浦日大,4,埼玉,茨城,,v1_3_workcopy.xlsx / 試合元帳,元帳あり・Web URL未登録,v1_3_workcopy.xlsx,level=regional;historical_reference=1;team1_pref=埼玉;team2_pref=茨城
2022,autumn,kanto_tokyo,,,2022秋季関東地区大会,1R,,作新学院,10,駿台甲府,0,栃木,山梨,,v1_3_workcopy.xlsx / 試合元帳,元帳あり・Web URL未登録,v1_3_workcopy.xlsx,level=regional;historical_reference=1;team1_pref=栃木;team2_pref=山梨;legacy_note=5回コールド
2022,autumn,kanto_tokyo,,,2022秋季関東地区大会,1R,,山梨学院,3,成田,0,山梨,千葉,,v1_3_workcopy.xlsx / 試合元帳,元帳あり・Web URL未登録,v1_3_workcopy.xlsx,level=regional;historical_reference=1;team1_pref=山梨;team2_pref=千葉
2022,autumn,kanto_tokyo,,,2022秋季関東地区大会,QF,,専大松戸,4,作新学院,3,千葉,栃木,,v1_3_workcopy.xlsx / 試合元帳,元帳あり・Web URL未登録,v1_3_workcopy.xlsx,level=regional;historical_reference=1;team1_pref=千葉;team2_pref=栃木
2022,autumn,kanto_tokyo,,,2022秋季関東地区大会,QF,,健大高崎,5,横浜,2,群馬,神奈川,,v1_3_workcopy.xlsx / 試合元帳,元帳あり・Web URL未登録,v1_3_workcopy.xlsx,level=regional;historical_reference=1;team1_pref=群馬;team2_pref=神奈川
2022,autumn,kanto_tokyo,,,2022秋季関東地区大会,QF,,山梨学院,9,山村学園,1,山梨,埼玉,,v1_3_workcopy.xlsx / 試合元帳,元帳あり・Web URL未登録,v1_3_workcopy.xlsx,level=regional;historical_reference=1;team1_pref=山梨;team2_pref=埼玉;legacy_note=8回コールド
2022,autumn,kanto_tokyo,,,2022秋季関東地区大会,QF,,慶応,7,昌平,3,神奈川,埼玉,,v1_3_workcopy.xlsx / 試合元帳,元帳あり・Web URL未登録,v1_3_workcopy.xlsx,level=regional;historical_reference=1;team1_pref=神奈川;team2_pref=埼玉
2022,autumn,kanto_tokyo,,,2022秋季関東地区大会,SF,,山梨学院,5,健大高崎,2,山梨,群馬,,v1_3_workcopy.xlsx / 試合元帳,元帳あり・Web URL未登録,v1_3_workcopy.xlsx,level=regional;historical_reference=1;team1_pref=山梨;team2_pref=群馬
2022,autumn,kanto_tokyo,,,2022秋季関東地区大会,SF,,専大松戸,5,慶応,3,千葉,神奈川,,v1_3_workcopy.xlsx / 試合元帳,元帳あり・Web URL未登録,v1_3_workcopy.xlsx,level=regional;historical_reference=1;team1_pref=千葉;team2_pref=神奈川;legacy_note=延長10回
2022,autumn,kanto_tokyo,,,2022秋季関東地区大会,F,,山梨学院,9,専大松戸,3,山梨,千葉,,v1_3_workcopy.xlsx / 試合元帳,元帳あり・Web URL未登録,v1_3_workcopy.xlsx,level=regional;historical_reference=1;team1_pref=山梨;team2_pref=千葉
2022,autumn,kanto_tokyo,,,2022秋季東京地区大会,1R,,二松学舎大付,11,東大和南,0,東京,東京,,v1_3_workcopy.xlsx / 試合元帳,元帳あり・Web URL未登録,v1_3_workcopy.xlsx,level=regional;historical_reference=1;team1_pref=東京;team2_pref=東京;legacy_note=5回コールド
2022,autumn,kanto_tokyo,,,2022秋季東京地区大会,1R,,帝京,10,豊多摩,2,東京,東京,,v1_3_workcopy.xlsx / 試合元帳,元帳あり・Web URL未登録,v1_3_workcopy.xlsx,level=regional;historical_reference=1;team1_pref=東京;team2_pref=東京;legacy_note=7回コールド
2022,autumn,kanto_tokyo,,,2022秋季東京地区大会,1R,,関東一,10,立川,0,東京,東京,,v1_3_workcopy.xlsx / 試合元帳,元帳あり・Web URL未登録,v1_3_workcopy.xlsx,level=regional;historical_reference=1;team1_pref=東京;team2_pref=東京;legacy_note=5回コールド
2022,autumn,kanto_tokyo,,,2022秋季東京地区大会,1R,,日本ウェルネス,9,篠崎,2,東京,東京,,v1_3_workcopy.xlsx / 試合元帳,元帳あり・Web URL未登録,v1_3_workcopy.xlsx,level=regional;historical_reference=1;team1_pref=東京;team2_pref=東京;legacy_note=7回コールド
2022,autumn,kanto_tokyo,,,2022秋季東京地区大会,1R,,国学院久我山,3,創価,2,東京,東京,,v1_3_workcopy.xlsx / 試合元帳,元帳あり・Web URL未登録,v1_3_workcopy.xlsx,level=regional;historical_reference=1;team1_pref=東京;team2_pref=東京
2022,autumn,kanto_tokyo,,,2022秋季東京地区大会,1R,,世田谷学園,10,狛江,9,東京,東京,,v1_3_workcopy.xlsx / 試合元帳,元帳あり・Web URL未登録,v1_3_workcopy.xlsx,level=regional;historical_reference=1;team1_pref=東京;team2_pref=東京;legacy_note=延長11回サヨナラ
2022,autumn,kanto_tokyo,,,2022秋季東京地区大会,1R,,実践学園,20,東村山西,1,東京,東京,,v1_3_workcopy.xlsx / 試合元帳,元帳あり・Web URL未登録,v1_3_workcopy.xlsx,level=regional;historical_reference=1;team1_pref=東京;team2_pref=東京;legacy_note=5回コールド
2022,autumn,kanto_tokyo,,,2022秋季東京地区大会,1R,,王子総合,14,大森,0,東京,東京,,v1_3_workcopy.xlsx / 試合元帳,元帳あり・Web URL未登録,v1_3_workcopy.xlsx,level=regional;historical_reference=1;team1_pref=東京;team2_pref=東京;legacy_note=6回コールド
2022,autumn,kanto_tokyo,,,2022秋季東京地区大会,1R,,日野,6,駒場学園,5,東京,東京,,v1_3_workcopy.xlsx / 試合元帳,元帳あり・Web URL未登録,v1_3_workcopy.xlsx,level=regional;historical_reference=1;team1_pref=東京;team2_pref=東京;legacy_note=延長10回サヨナラ
2022,autumn,kanto_tokyo,,,2022秋季東京地区大会,1R,,片倉,8,青山,7,東京,東京,,v1_3_workcopy.xlsx / 試合元帳,元帳あり・Web URL未登録,v1_3_workcopy.xlsx,level=regional;historical_reference=1;team1_pref=東京;team2_pref=東京;legacy_note=延長10回
2022,autumn,kanto_tokyo,,,2022秋季東京地区大会,1R,,東亜学園,7,開成,0,東京,東京,,v1_3_workcopy.xlsx / 試合元帳,元帳あり・Web URL未登録,v1_3_workcopy.xlsx,level=regional;historical_reference=1;team1_pref=東京;team2_pref=東京;legacy_note=7回コールド
2022,autumn,kanto_tokyo,,,2022秋季東京地区大会,1R,,多摩大目黒,2,東京成徳大高,0,東京,東京,,v1_3_workcopy.xlsx / 試合元帳,元帳あり・Web URL未登録,v1_3_workcopy.xlsx,level=regional;historical_reference=1;team1_pref=東京;team2_pref=東京
2022,autumn,kanto_tokyo,,,2022秋季東京地区大会,1R,,早稲田実,10,東京都市大付,8,東京,東京,,v1_3_workcopy.xlsx / 試合元帳,元帳あり・Web URL未登録,v1_3_workcopy.xlsx,level=regional;historical_reference=1;team1_pref=東京;team2_pref=東京
2022,autumn,kanto_tokyo,,,2022秋季東京地区大会,1R,,目黒,6,明法,3,東京,東京,,v1_3_workcopy.xlsx / 試合元帳,元帳あり・Web URL未登録,v1_3_workcopy.xlsx,level=regional;historical_reference=1;team1_pref=東京;team2_pref=東京;legacy_note=延長10回
2022,autumn,kanto_tokyo,,,2022秋季東京地区大会,1R,,日体大荏原,4,小川,3,東京,東京,,v1_3_workcopy.xlsx / 試合元帳,元帳あり・Web URL未登録,v1_3_workcopy.xlsx,level=regional;historical_reference=1;team1_pref=東京;team2_pref=東京
2022,autumn,kanto_tokyo,,,2022秋季東京地区大会,1R,,大森学園,21,大崎,0,東京,東京,,v1_3_workcopy.xlsx / 試合元帳,元帳あり・Web URL未登録,v1_3_workcopy.xlsx,level=regional;historical_reference=1;team1_pref=東京;team2_pref=東京;legacy_note=5回コールド
2022,autumn,kanto_tokyo,,,2022秋季東京地区大会,1R,,岩倉,8,日大鶴ヶ丘,1,東京,東京,,v1_3_workcopy.xlsx / 試合元帳,元帳あり・Web URL未登録,v1_3_workcopy.xlsx,level=regional;historical_reference=1;team1_pref=東京;team2_pref=東京;legacy_note=8回コールド
2022,autumn,kanto_tokyo,,,2022秋季東京地区大会,1R,,海城,9,日比谷,3,東京,東京,,v1_3_workcopy.xlsx / 試合元帳,元帳あり・Web URL未登録,v1_3_workcopy.xlsx,level=regional;historical_reference=1;team1_pref=東京;team2_pref=東京
2022,autumn,kanto_tokyo,,,2022秋季東京地区大会,1R,,東海大菅生,7,日大豊山,5,東京,東京,,v1_3_workcopy.xlsx / 試合元帳,元帳あり・Web URL未登録,v1_3_workcopy.xlsx,level=regional;historical_reference=1;team1_pref=東京;team2_pref=東京
2022,autumn,kanto_tokyo,,,2022秋季東京地区大会,1R,,八王子,7,小平,0,東京,東京,,v1_3_workcopy.xlsx / 試合元帳,元帳あり・Web URL未登録,v1_3_workcopy.xlsx,level=regional;historical_reference=1;team1_pref=東京;team2_pref=東京;legacy_note=7回コールド
2022,autumn,kanto_tokyo,,,2022秋季東京地区大会,1R,,堀越,11,小岩,8,東京,東京,,v1_3_workcopy.xlsx / 試合元帳,元帳あり・Web URL未登録,v1_3_workcopy.xlsx,level=regional;historical_reference=1;team1_pref=東京;team2_pref=東京
2022,autumn,kanto_tokyo,,,2022秋季東京地区大会,1R,,足立新田,9,三鷹,5,東京,東京,,v1_3_workcopy.xlsx / 試合元帳,元帳あり・Web URL未登録,v1_3_workcopy.xlsx,level=regional;historical_reference=1;team1_pref=東京;team2_pref=東京
2022,autumn,kanto_tokyo,,,2022秋季東京地区大会,1R,,桜美林,5,駒込学園,1,東京,東京,,v1_3_workcopy.xlsx / 試合元帳,元帳あり・Web URL未登録,v1_3_workcopy.xlsx,level=regional;historical_reference=1;team1_pref=東京;team2_pref=東京
2022,autumn,kanto_tokyo,,,2022秋季東京地区大会,1R,,立正大立正,4,町田,3,東京,東京,,v1_3_workcopy.xlsx / 試合元帳,元帳あり・Web URL未登録,v1_3_workcopy.xlsx,level=regional;historical_reference=1;team1_pref=東京;team2_pref=東京
2022,autumn,kanto_tokyo,,,2022秋季東京地区大会,1R,,国士舘,4,駿台学園,2,東京,東京,,v1_3_workcopy.xlsx / 試合元帳,元帳あり・Web URL未登録,v1_3_workcopy.xlsx,level=regional;historical_reference=1;team1_pref=東京;team2_pref=東京
2022,autumn,kanto_tokyo,,,2022秋季東京地区大会,1R,,佼成学園,12,国分寺,1,東京,東京,,v1_3_workcopy.xlsx / 試合元帳,元帳あり・Web URL未登録,v1_3_workcopy.xlsx,level=regional;historical_reference=1;team1_pref=東京;team2_pref=東京;legacy_note=5回コールド
2022,autumn,kanto_tokyo,,,2022秋季東京地区大会,1R,,明治,3,聖パウロ学園,0,東京,東京,,v1_3_workcopy.xlsx / 試合元帳,元帳あり・Web URL未登録,v1_3_workcopy.xlsx,level=regional;historical_reference=1;team1_pref=東京;team2_pref=東京
2022,autumn,kanto_tokyo,,,2022秋季東京地区大会,1R,,東農大一,7,日大桜丘,6,東京,東京,,v1_3_workcopy.xlsx / 試合元帳,元帳あり・Web URL未登録,v1_3_workcopy.xlsx,level=regional;historical_reference=1;team1_pref=東京;team2_pref=東京
2022,autumn,kanto_tokyo,,,2022秋季東京地区大会,1R,,錦城学園,5,紅葉川,4,東京,東京,,v1_3_workcopy.xlsx / 試合元帳,元帳あり・Web URL未登録,v1_3_workcopy.xlsx,level=regional;historical_reference=1;team1_pref=東京;team2_pref=東京;legacy_note=延長10回サヨナラ
2022,autumn,kanto_tokyo,,,2022秋季東京地区大会,1R,,修徳,8,郁文館,0,東京,東京,,v1_3_workcopy.xlsx / 試合元帳,元帳あり・Web URL未登録,v1_3_workcopy.xlsx,level=regional;historical_reference=1;team1_pref=東京;team2_pref=東京;legacy_note=7回コールド
2022,autumn,kanto_tokyo,,,2022秋季東京地区大会,1R,,日大三,11,豊島学院,1,東京,東京,,v1_3_workcopy.xlsx / 試合元帳,元帳あり・Web URL未登録,v1_3_workcopy.xlsx,level=regional;historical_reference=1;team1_pref=東京;team2_pref=東京;legacy_note=6回コールド
2022,autumn,kanto_tokyo,,,2022秋季東京地区大会,1R,,明大中野八王子,14,拓大一,2,東京,東京,,v1_3_workcopy.xlsx / 試合元帳,元帳あり・Web URL未登録,v1_3_workcopy.xlsx,level=regional;historical_reference=1;team1_pref=東京;team2_pref=東京;legacy_note=5回コールド
2022,autumn,kanto_tokyo,,,2022秋季東京地区大会,2R,,桜美林,7,東農大一,0,東京,東京,,v1_3_workcopy.xlsx / 試合元帳,元帳あり・Web URL未登録,v1_3_workcopy.xlsx,level=regional;historical_reference=1;team1_pref=東京;team2_pref=東京;legacy_note=7回コールド
2022,autumn,kanto_tokyo,,,2022秋季東京地区大会,2R,,修徳,5,錦城学園,0,東京,東京,,v1_3_workcopy.xlsx / 試合元帳,元帳あり・Web URL未登録,v1_3_workcopy.xlsx,level=regional;historical_reference=1;team1_pref=東京;team2_pref=東京
2022,autumn,kanto_tokyo,,,2022秋季東京地区大会,2R,,海城,6,堀越,5,東京,東京,,v1_3_workcopy.xlsx / 試合元帳,元帳あり・Web URL未登録,v1_3_workcopy.xlsx,level=regional;historical_reference=1;team1_pref=東京;team2_pref=東京
2022,autumn,kanto_tokyo,,,2022秋季東京地区大会,2R,,岩倉,3,八王子,2,東京,東京,,v1_3_workcopy.xlsx / 試合元帳,元帳あり・Web URL未登録,v1_3_workcopy.xlsx,level=regional;historical_reference=1;team1_pref=東京;team2_pref=東京;legacy_note=サヨナラ
2022,autumn,kanto_tokyo,,,2022秋季東京地区大会,2R,,日大三,10,明大中野八王子,3,東京,東京,,v1_3_workcopy.xlsx / 試合元帳,元帳あり・Web URL未登録,v1_3_workcopy.xlsx,level=regional;historical_reference=1;team1_pref=東京;team2_pref=東京;legacy_note=8回コールド
2022,autumn,kanto_tokyo,,,2022秋季東京地区大会,2R,,国士舘,,立正大立正,,東京,東京,,v1_3_workcopy.xlsx / 試合元帳,元帳あり・Web URL未登録,v1_3_workcopy.xlsx,level=regional;historical_reference=1;team1_pref=東京;team2_pref=東京;legacy_note=不戦勝;exclude_from_rating=1
2022,autumn,kanto_tokyo,,,2022秋季東京地区大会,2R,,佼成学園,9,大森学園,1,東京,東京,,v1_3_workcopy.xlsx / 試合元帳,元帳あり・Web URL未登録,v1_3_workcopy.xlsx,level=regional;historical_reference=1;team1_pref=東京;team2_pref=東京
2022,autumn,kanto_tokyo,,,2022秋季東京地区大会,2R,,帝京,7,片倉,0,東京,東京,,v1_3_workcopy.xlsx / 試合元帳,元帳あり・Web URL未登録,v1_3_workcopy.xlsx,level=regional;historical_reference=1;team1_pref=東京;team2_pref=東京;legacy_note=7回コールド
2022,autumn,kanto_tokyo,,,2022秋季東京地区大会,2R,,日本ウェルネス,6,早稲田実,4,東京,東京,,v1_3_workcopy.xlsx / 試合元帳,元帳あり・Web URL未登録,v1_3_workcopy.xlsx,level=regional;historical_reference=1;team1_pref=東京;team2_pref=東京;legacy_note=サヨナラ
2022,autumn,kanto_tokyo,,,2022秋季東京地区大会,2R,,二松学舎大付,5,東亜学園,3,東京,東京,,v1_3_workcopy.xlsx / 試合元帳,元帳あり・Web URL未登録,v1_3_workcopy.xlsx,level=regional;historical_reference=1;team1_pref=東京;team2_pref=東京
2022,autumn,kanto_tokyo,,,2022秋季東京地区大会,2R,,国学院久我山,14,王子総合,1,東京,東京,,v1_3_workcopy.xlsx / 試合元帳,元帳あり・Web URL未登録,v1_3_workcopy.xlsx,level=regional;historical_reference=1;team1_pref=東京;team2_pref=東京;legacy_note=5回コールド
2022,autumn,kanto_tokyo,,,2022秋季東京地区大会,2R,,世田谷学園,3,関東一,2,東京,東京,,v1_3_workcopy.xlsx / 試合元帳,元帳あり・Web URL未登録,v1_3_workcopy.xlsx,level=regional;historical_reference=1;team1_pref=東京;team2_pref=東京
2022,autumn,kanto_tokyo,,,2022秋季東京地区大会,2R,,日体大荏原,10,足立新田,1,東京,東京,,v1_3_workcopy.xlsx / 試合元帳,元帳あり・Web URL未登録,v1_3_workcopy.xlsx,level=regional;historical_reference=1;team1_pref=東京;team2_pref=東京;legacy_note=8回コールド
2022,autumn,kanto_tokyo,,,2022秋季東京地区大会,2R,,多摩大目黒,4,実践学園,3,東京,東京,,v1_3_workcopy.xlsx / 試合元帳,元帳あり・Web URL未登録,v1_3_workcopy.xlsx,level=regional;historical_reference=1;team1_pref=東京;team2_pref=東京
2022,autumn,kanto_tokyo,,,2022秋季東京地区大会,2R,,日野,8,目黒,1,東京,東京,,v1_3_workcopy.xlsx / 試合元帳,元帳あり・Web URL未登録,v1_3_workcopy.xlsx,level=regional;historical_reference=1;team1_pref=東京;team2_pref=東京;legacy_note=7回コールド
2022,autumn,kanto_tokyo,,,2022秋季東京地区大会,3R,,二松学舎大付,4,多摩大目黒,1,東京,東京,,v1_3_workcopy.xlsx / 試合元帳,元帳あり・Web URL未登録,v1_3_workcopy.xlsx,level=regional;historical_reference=1;team1_pref=東京;team2_pref=東京
2022,autumn,kanto_tokyo,,,2022秋季東京地区大会,3R,,日体大荏原,6,日野,1,東京,東京,,v1_3_workcopy.xlsx / 試合元帳,元帳あり・Web URL未登録,v1_3_workcopy.xlsx,level=regional;historical_reference=1;team1_pref=東京;team2_pref=東京
2022,autumn,kanto_tokyo,,,2022秋季東京地区大会,3R,,帝京,9,国学院久我山,2,東京,東京,,v1_3_workcopy.xlsx / 試合元帳,元帳あり・Web URL未登録,v1_3_workcopy.xlsx,level=regional;historical_reference=1;team1_pref=東京;team2_pref=東京
2022,autumn,kanto_tokyo,,,2022秋季東京地区大会,3R,,世田谷学園,3,早稲田実,0,東京,東京,,v1_3_workcopy.xlsx / 試合元帳,元帳あり・Web URL未登録,v1_3_workcopy.xlsx,level=regional;historical_reference=1;team1_pref=東京;team2_pref=東京
2022,autumn,kanto_tokyo,,,2022秋季東京地区大会,3R,,日大三,6,修徳,1,東京,東京,,v1_3_workcopy.xlsx / 試合元帳,元帳あり・Web URL未登録,v1_3_workcopy.xlsx,level=regional;historical_reference=1;team1_pref=東京;team2_pref=東京
2022,autumn,kanto_tokyo,,,2022秋季東京地区大会,3R,,国士舘,8,岩倉,6,東京,東京,,v1_3_workcopy.xlsx / 試合元帳,元帳あり・Web URL未登録,v1_3_workcopy.xlsx,level=regional;historical_reference=1;team1_pref=東京;team2_pref=東京
2022,autumn,kanto_tokyo,,,2022秋季東京地区大会,3R,,東海大菅生,5,佼成学園,1,東京,東京,,v1_3_workcopy.xlsx / 試合元帳,元帳あり・Web URL未登録,v1_3_workcopy.xlsx,level=regional;historical_reference=1;team1_pref=東京;team2_pref=東京
2022,autumn,kanto_tokyo,,,2022秋季東京地区大会,3R,,桜美林,12,海城,3,東京,東京,,v1_3_workcopy.xlsx / 試合元帳,元帳あり・Web URL未登録,v1_3_workcopy.xlsx,level=regional;historical_reference=1;team1_pref=東京;team2_pref=東京;legacy_note=7回コールド
2022,autumn,kanto_tokyo,,,2022秋季東京地区大会,QF,,日大三,3,桜美林,2,東京,東京,,v1_3_workcopy.xlsx / 試合元帳,元帳あり・Web URL未登録,v1_3_workcopy.xlsx,level=regional;historical_reference=1;team1_pref=東京;team2_pref=東京;legacy_note=延長10回
2022,autumn,kanto_tokyo,,,2022秋季東京地区大会,QF,,東海大菅生,2,国士舘,1,東京,東京,,v1_3_workcopy.xlsx / 試合元帳,元帳あり・Web URL未登録,v1_3_workcopy.xlsx,level=regional;historical_reference=1;team1_pref=東京;team2_pref=東京;legacy_note=延長12回
2022,autumn,kanto_tokyo,,,2022秋季東京地区大会,QF,,二松学舎大付,6,世田谷学園,2,東京,東京,,v1_3_workcopy.xlsx / 試合元帳,元帳あり・Web URL未登録,v1_3_workcopy.xlsx,level=regional;historical_reference=1;team1_pref=東京;team2_pref=東京
2022,autumn,kanto_tokyo,,,2022秋季東京地区大会,QF,,帝京,10,日体大荏原,0,東京,東京,,v1_3_workcopy.xlsx / 試合元帳,元帳あり・Web URL未登録,v1_3_workcopy.xlsx,level=regional;historical_reference=1;team1_pref=東京;team2_pref=東京;legacy_note=5回コールド
2022,autumn,kanto_tokyo,,,2022秋季東京地区大会,SF,,二松学舎大付,8,帝京,3,東京,東京,,v1_3_workcopy.xlsx / 試合元帳,元帳あり・Web URL未登録,v1_3_workcopy.xlsx,level=regional;historical_reference=1;team1_pref=東京;team2_pref=東京
2022,autumn,kanto_tokyo,,,2022秋季東京地区大会,SF,,東海大菅生,3,日大三,2,東京,東京,,v1_3_workcopy.xlsx / 試合元帳,元帳あり・Web URL未登録,v1_3_workcopy.xlsx,level=regional;historical_reference=1;team1_pref=東京;team2_pref=東京
2022,autumn,kanto_tokyo,,,2022秋季東京地区大会,F,,東海大菅生,8,二松学舎大付,2,東京,東京,,v1_3_workcopy.xlsx / 試合元帳,元帳あり・Web URL未登録,v1_3_workcopy.xlsx,level=regional;historical_reference=1;team1_pref=東京;team2_pref=東京
2022,autumn,hokushinetsu,,,2022秋季北信越地区大会,1R,,福井商,9,佐久長聖,2,福井,長野,,v1_3_workcopy.xlsx / 試合元帳,元帳あり・Web URL未登録,v1_3_workcopy.xlsx,level=regional;historical_reference=1;team1_pref=福井;team2_pref=長野;legacy_note=7回コールド
2022,autumn,hokushinetsu,,,2022秋季北信越地区大会,1R,,富山第一,11,新潟明訓,5,富山,新潟,,v1_3_workcopy.xlsx / 試合元帳,元帳あり・Web URL未登録,v1_3_workcopy.xlsx,level=regional;historical_reference=1;team1_pref=富山;team2_pref=新潟
2022,autumn,hokushinetsu,,,2022秋季北信越地区大会,1R,,中越,3,星稜,2,新潟,石川,,v1_3_workcopy.xlsx / 試合元帳,元帳あり・Web URL未登録,v1_3_workcopy.xlsx,level=regional;historical_reference=1;team1_pref=新潟;team2_pref=石川
2022,autumn,hokushinetsu,,,2022秋季北信越地区大会,1R,,北陸,10,新湊,1,福井,富山,,v1_3_workcopy.xlsx / 試合元帳,元帳あり・Web URL未登録,v1_3_workcopy.xlsx,level=regional;historical_reference=1;team1_pref=福井;team2_pref=富山;legacy_note=7回コールド
2022,autumn,hokushinetsu,,,2022秋季北信越地区大会,1R,,敦賀気比,4,松本国際,2,福井,長野,,v1_3_workcopy.xlsx / 試合元帳,元帳あり・Web URL未登録,v1_3_workcopy.xlsx,level=regional;historical_reference=1;team1_pref=福井;team2_pref=長野
2022,autumn,hokushinetsu,,,2022秋季北信越地区大会,1R,,氷見,2,遊学館,0,富山,石川,,v1_3_workcopy.xlsx / 試合元帳,元帳あり・Web URL未登録,v1_3_workcopy.xlsx,level=regional;historical_reference=1;team1_pref=富山;team2_pref=石川;legacy_note=延長12回
2022,autumn,hokushinetsu,,,2022秋季北信越地区大会,1R,,松商学園,5,日本文理,4,長野,新潟,,v1_3_workcopy.xlsx / 試合元帳,元帳あり・Web URL未登録,v1_3_workcopy.xlsx,level=regional;historical_reference=1;team1_pref=長野;team2_pref=新潟;legacy_note=サヨナラ
2022,autumn,hokushinetsu,,,2022秋季北信越地区大会,1R,,日本航空石川,5,東京学館新潟,1,石川,新潟,,v1_3_workcopy.xlsx / 試合元帳,元帳あり・Web URL未登録,v1_3_workcopy.xlsx,level=regional;historical_reference=1;team1_pref=石川;team2_pref=新潟
2022,autumn,hokushinetsu,,,2022秋季北信越地区大会,QF,,松商学園,7,氷見,2,長野,富山,,v1_3_workcopy.xlsx / 試合元帳,元帳あり・Web URL未登録,v1_3_workcopy.xlsx,level=regional;historical_reference=1;team1_pref=長野;team2_pref=富山
2022,autumn,hokushinetsu,,,2022秋季北信越地区大会,QF,,北陸,5,日本航空石川,0,福井,石川,,v1_3_workcopy.xlsx / 試合元帳,元帳あり・Web URL未登録,v1_3_workcopy.xlsx,level=regional;historical_reference=1;team1_pref=福井;team2_pref=石川
2022,autumn,hokushinetsu,,,2022秋季北信越地区大会,QF,,福井商,5,富山第一,0,福井,富山,,v1_3_workcopy.xlsx / 試合元帳,元帳あり・Web URL未登録,v1_3_workcopy.xlsx,level=regional;historical_reference=1;team1_pref=福井;team2_pref=富山
2022,autumn,hokushinetsu,,,2022秋季北信越地区大会,QF,,敦賀気比,11,中越,8,福井,新潟,,v1_3_workcopy.xlsx / 試合元帳,元帳あり・Web URL未登録,v1_3_workcopy.xlsx,level=regional;historical_reference=1;team1_pref=福井;team2_pref=新潟
2022,autumn,hokushinetsu,,,2022秋季北信越地区大会,SF,,北陸,4,福井商,3,福井,福井,,v1_3_workcopy.xlsx / 試合元帳,元帳あり・Web URL未登録,v1_3_workcopy.xlsx,level=regional;historical_reference=1;team1_pref=福井;team2_pref=福井
2022,autumn,hokushinetsu,,,2022秋季北信越地区大会,SF,,敦賀気比,3,松商学園,0,福井,長野,,v1_3_workcopy.xlsx / 試合元帳,元帳あり・Web URL未登録,v1_3_workcopy.xlsx,level=regional;historical_reference=1;team1_pref=福井;team2_pref=長野
2022,autumn,hokushinetsu,,,2022秋季北信越地区大会,F,,北陸,2,敦賀気比,1,福井,福井,,v1_3_workcopy.xlsx / 試合元帳,元帳あり・Web URL未登録,v1_3_workcopy.xlsx,level=regional;historical_reference=1;team1_pref=福井;team2_pref=福井;legacy_note=延長13回、タイブレーク
2022,autumn,tokai,,,2022秋季東海地区大会,1R,,加藤学園,6,至学館,5,静岡,愛知,,v1_3_workcopy.xlsx / 試合元帳,元帳あり・Web URL未登録,v1_3_workcopy.xlsx,level=regional;historical_reference=1;team1_pref=静岡;team2_pref=愛知;legacy_note=サヨナラ
2022,autumn,tokai,,,2022秋季東海地区大会,1R,,海星,4,常葉大橘,2,三重,静岡,,v1_3_workcopy.xlsx / 試合元帳,元帳あり・Web URL未登録,v1_3_workcopy.xlsx,level=regional;historical_reference=1;team1_pref=三重;team2_pref=静岡
2022,autumn,tokai,,,2022秋季東海地区大会,1R,,津商,10,市岐阜商,2,三重,岐阜,,v1_3_workcopy.xlsx / 試合元帳,元帳あり・Web URL未登録,v1_3_workcopy.xlsx,level=regional;historical_reference=1;team1_pref=三重;team2_pref=岐阜
2022,autumn,tokai,,,2022秋季東海地区大会,1R,,大垣日大,1,愛工大名電,0,岐阜,愛知,,v1_3_workcopy.xlsx / 試合元帳,元帳あり・Web URL未登録,v1_3_workcopy.xlsx,level=regional;historical_reference=1;team1_pref=岐阜;team2_pref=愛知
2022,autumn,tokai,,,2022秋季東海地区大会,QF,,常葉大菊川,5,津商,4,静岡,三重,,v1_3_workcopy.xlsx / 試合元帳,元帳あり・Web URL未登録,v1_3_workcopy.xlsx,level=regional;historical_reference=1;team1_pref=静岡;team2_pref=三重
2022,autumn,tokai,,,2022秋季東海地区大会,QF,,大垣日大,4,三重,2,岐阜,三重,,v1_3_workcopy.xlsx / 試合元帳,元帳あり・Web URL未登録,v1_3_workcopy.xlsx,level=regional;historical_reference=1;team1_pref=岐阜;team2_pref=三重
2022,autumn,tokai,,,2022秋季東海地区大会,QF,,東邦,11,海星,1,愛知,三重,,v1_3_workcopy.xlsx / 試合元帳,元帳あり・Web URL未登録,v1_3_workcopy.xlsx,level=regional;historical_reference=1;team1_pref=愛知;team2_pref=三重;legacy_note=5回コールド
2022,autumn,tokai,,,2022秋季東海地区大会,QF,,加藤学園,9,中京,2,静岡,岐阜,,v1_3_workcopy.xlsx / 試合元帳,元帳あり・Web URL未登録,v1_3_workcopy.xlsx,level=regional;historical_reference=1;team1_pref=静岡;team2_pref=岐阜;legacy_note=7回コールド
2022,autumn,tokai,,,2022秋季東海地区大会,SF,,東邦,7,大垣日大,4,愛知,岐阜,,v1_3_workcopy.xlsx / 試合元帳,元帳あり・Web URL未登録,v1_3_workcopy.xlsx,level=regional;historical_reference=1;team1_pref=愛知;team2_pref=岐阜
2022,autumn,tokai,,,2022秋季東海地区大会,SF,,常葉大菊川,2,加藤学園,0,静岡,静岡,,v1_3_workcopy.xlsx / 試合元帳,元帳あり・Web URL未登録,v1_3_workcopy.xlsx,level=regional;historical_reference=1;team1_pref=静岡;team2_pref=静岡
2022,autumn,tokai,,,2022秋季東海地区大会,F,,東邦,7,常葉大菊川,2,愛知,静岡,,v1_3_workcopy.xlsx / 試合元帳,元帳あり・Web URL未登録,v1_3_workcopy.xlsx,level=regional;historical_reference=1;team1_pref=愛知;team2_pref=静岡
2022,autumn,kinki,,,2022秋季近畿地区大会,1R,,彦根総合,4,近大新宮,2,滋賀,和歌山,,v1_3_workcopy.xlsx / 試合元帳,元帳あり・Web URL未登録,v1_3_workcopy.xlsx,level=regional;historical_reference=1;team1_pref=滋賀;team2_pref=和歌山
2022,autumn,kinki,,,2022秋季近畿地区大会,1R,,高田商,1,乙訓,0,奈良,京都,,v1_3_workcopy.xlsx / 試合元帳,元帳あり・Web URL未登録,v1_3_workcopy.xlsx,level=regional;historical_reference=1;team1_pref=奈良;team2_pref=京都;legacy_note=サヨナラ
2022,autumn,kinki,,,2022秋季近畿地区大会,1R,,龍谷大平安,17,海南,0,京都,和歌山,,v1_3_workcopy.xlsx / 試合元帳,元帳あり・Web URL未登録,v1_3_workcopy.xlsx,level=regional;historical_reference=1;team1_pref=京都;team2_pref=和歌山;legacy_note=5回コールド
2022,autumn,kinki,,,2022秋季近畿地区大会,1R,,大阪桐蔭,6,神戸国際大付,3,大阪,兵庫,,v1_3_workcopy.xlsx / 試合元帳,元帳あり・Web URL未登録,v1_3_workcopy.xlsx,level=regional;historical_reference=1;team1_pref=大阪;team2_pref=兵庫
2022,autumn,kinki,,,2022秋季近畿地区大会,1R,,履正社,10,瀬田工,2,大阪,滋賀,,v1_3_workcopy.xlsx / 試合元帳,元帳あり・Web URL未登録,v1_3_workcopy.xlsx,level=regional;historical_reference=1;team1_pref=大阪;team2_pref=滋賀;legacy_note=7回コールド
2022,autumn,kinki,,,2022秋季近畿地区大会,1R,,報徳学園,11,箕面学園,0,兵庫,大阪,,v1_3_workcopy.xlsx / 試合元帳,元帳あり・Web URL未登録,v1_3_workcopy.xlsx,level=regional;historical_reference=1;team1_pref=兵庫;team2_pref=大阪;legacy_note=7回コールド
2022,autumn,kinki,,,2022秋季近畿地区大会,QF,,龍谷大平安,5,高田商,0,京都,奈良,,v1_3_workcopy.xlsx / 試合元帳,元帳あり・Web URL未登録,v1_3_workcopy.xlsx,level=regional;historical_reference=1;team1_pref=京都;team2_pref=奈良
2022,autumn,kinki,,,2022秋季近畿地区大会,QF,,智弁和歌山,7,社,0,和歌山,兵庫,,v1_3_workcopy.xlsx / 試合元帳,元帳あり・Web URL未登録,v1_3_workcopy.xlsx,level=regional;historical_reference=1;team1_pref=和歌山;team2_pref=兵庫;legacy_note=7回コールド
2022,autumn,kinki,,,2022秋季近畿地区大会,QF,,報徳学園,9,履正社,6,兵庫,大阪,,v1_3_workcopy.xlsx / 試合元帳,元帳あり・Web URL未登録,v1_3_workcopy.xlsx,level=regional;historical_reference=1;team1_pref=兵庫;team2_pref=大阪
2022,autumn,kinki,,,2022秋季近畿地区大会,QF,,大阪桐蔭,9,彦根総合,4,大阪,滋賀,,v1_3_workcopy.xlsx / 試合元帳,元帳あり・Web URL未登録,v1_3_workcopy.xlsx,level=regional;historical_reference=1;team1_pref=大阪;team2_pref=滋賀
2022,autumn,kinki,,,2022秋季近畿地区大会,SF,,報徳学園,9,智弁和歌山,5,兵庫,和歌山,,v1_3_workcopy.xlsx / 試合元帳,元帳あり・Web URL未登録,v1_3_workcopy.xlsx,level=regional;historical_reference=1;team1_pref=兵庫;team2_pref=和歌山
2022,autumn,kinki,,,2022秋季近畿地区大会,SF,,大阪桐蔭,5,龍谷大平安,3,大阪,京都,,v1_3_workcopy.xlsx / 試合元帳,元帳あり・Web URL未登録,v1_3_workcopy.xlsx,level=regional;historical_reference=1;team1_pref=大阪;team2_pref=京都
2022,autumn,kinki,,,2022秋季近畿地区大会,F,,大阪桐蔭,1,報徳学園,0,大阪,兵庫,,v1_3_workcopy.xlsx / 試合元帳,元帳あり・Web URL未登録,v1_3_workcopy.xlsx,level=regional;historical_reference=1;team1_pref=大阪;team2_pref=兵庫
2022,autumn,chugoku,,,2022秋季中国地区大会,1R,,広陵,5,米子東,1,広島,鳥取,,v1_3_workcopy.xlsx / 試合元帳,元帳あり・Web URL未登録,v1_3_workcopy.xlsx,level=regional;historical_reference=1;team1_pref=広島;team2_pref=鳥取
2022,autumn,chugoku,,,2022秋季中国地区大会,1R,,光,3,浜田,0,山口,島根,,v1_3_workcopy.xlsx / 試合元帳,元帳あり・Web URL未登録,v1_3_workcopy.xlsx,level=regional;historical_reference=1;team1_pref=山口;team2_pref=島根
2022,autumn,chugoku,,,2022秋季中国地区大会,1R,,宇部鴻城,9,三刀屋,3,山口,島根,,v1_3_workcopy.xlsx / 試合元帳,元帳あり・Web URL未登録,v1_3_workcopy.xlsx,level=regional;historical_reference=1;team1_pref=山口;team2_pref=島根
2022,autumn,chugoku,,,2022秋季中国地区大会,1R,,創志学園,10,広島商,2,岡山,広島,,v1_3_workcopy.xlsx / 試合元帳,元帳あり・Web URL未登録,v1_3_workcopy.xlsx,level=regional;historical_reference=1;team1_pref=岡山;team2_pref=広島;legacy_note=7回コールド
2022,autumn,chugoku,,,2022秋季中国地区大会,1R,,鳥取城北,6,益田,1,鳥取,島根,,v1_3_workcopy.xlsx / 試合元帳,元帳あり・Web URL未登録,v1_3_workcopy.xlsx,level=regional;historical_reference=1;team1_pref=鳥取;team2_pref=島根
2022,autumn,chugoku,,,2022秋季中国地区大会,1R,,岡山学芸館,10,米子松蔭,4,岡山,鳥取,,v1_3_workcopy.xlsx / 試合元帳,元帳あり・Web URL未登録,v1_3_workcopy.xlsx,level=regional;historical_reference=1;team1_pref=岡山;team2_pref=鳥取
2022,autumn,chugoku,,,2022秋季中国地区大会,1R,,おかやま山陽,14,神辺旭,4,岡山,広島,,v1_3_workcopy.xlsx / 試合元帳,元帳あり・Web URL未登録,v1_3_workcopy.xlsx,level=regional;historical_reference=1;team1_pref=岡山;team2_pref=広島;legacy_note=6回コールド
2022,autumn,chugoku,,,2022秋季中国地区大会,1R,,高川学園,7,広島新庄,5,山口,広島,,v1_3_workcopy.xlsx / 試合元帳,元帳あり・Web URL未登録,v1_3_workcopy.xlsx,level=regional;historical_reference=1;team1_pref=山口;team2_pref=広島
2022,autumn,chugoku,,,2022秋季中国地区大会,QF,,高川学園,5,岡山学芸館,1,山口,岡山,,v1_3_workcopy.xlsx / 試合元帳,元帳あり・Web URL未登録,v1_3_workcopy.xlsx,level=regional;historical_reference=1;team1_pref=山口;team2_pref=岡山
2022,autumn,chugoku,,,2022秋季中国地区大会,QF,,鳥取城北,4,おかやま山陽,0,鳥取,岡山,,v1_3_workcopy.xlsx / 試合元帳,元帳あり・Web URL未登録,v1_3_workcopy.xlsx,level=regional;historical_reference=1;team1_pref=鳥取;team2_pref=岡山
2022,autumn,chugoku,,,2022秋季中国地区大会,QF,,光,6,創志学園,5,山口,岡山,,v1_3_workcopy.xlsx / 試合元帳,元帳あり・Web URL未登録,v1_3_workcopy.xlsx,level=regional;historical_reference=1;team1_pref=山口;team2_pref=岡山
2022,autumn,chugoku,,,2022秋季中国地区大会,QF,,広陵,11,宇部鴻城,0,広島,山口,,v1_3_workcopy.xlsx / 試合元帳,元帳あり・Web URL未登録,v1_3_workcopy.xlsx,level=regional;historical_reference=1;team1_pref=広島;team2_pref=山口;legacy_note=5回コールド
2022,autumn,chugoku,,,2022秋季中国地区大会,SF,,光,2,高川学園,1,山口,山口,,v1_3_workcopy.xlsx / 試合元帳,元帳あり・Web URL未登録,v1_3_workcopy.xlsx,level=regional;historical_reference=1;team1_pref=山口;team2_pref=山口
2022,autumn,chugoku,,,2022秋季中国地区大会,SF,,広陵,8,鳥取城北,6,広島,鳥取,,v1_3_workcopy.xlsx / 試合元帳,元帳あり・Web URL未登録,v1_3_workcopy.xlsx,level=regional;historical_reference=1;team1_pref=広島;team2_pref=鳥取
2022,autumn,chugoku,,,2022秋季中国地区大会,F,,広陵,13,光,0,広島,山口,,v1_3_workcopy.xlsx / 試合元帳,元帳あり・Web URL未登録,v1_3_workcopy.xlsx,level=regional;historical_reference=1;team1_pref=広島;team2_pref=山口
2022,autumn,shikoku,,,2022秋季四国地区大会,1R,,宇和島東,6,鳴門渦潮,5,愛媛,徳島,,v1_3_workcopy.xlsx / 試合元帳,元帳あり・Web URL未登録,v1_3_workcopy.xlsx,level=regional;historical_reference=1;team1_pref=愛媛;team2_pref=徳島
2022,autumn,shikoku,,,2022秋季四国地区大会,1R,,高松商,9,徳島商,1,香川,徳島,,v1_3_workcopy.xlsx / 試合元帳,元帳あり・Web URL未登録,v1_3_workcopy.xlsx,level=regional;historical_reference=1;team1_pref=香川;team2_pref=徳島;legacy_note=7回コールド
2022,autumn,shikoku,,,2022秋季四国地区大会,1R,,済美,6,高知中央,5,愛媛,高知,,v1_3_workcopy.xlsx / 試合元帳,元帳あり・Web URL未登録,v1_3_workcopy.xlsx,level=regional;historical_reference=1;team1_pref=愛媛;team2_pref=高知
2022,autumn,shikoku,,,2022秋季四国地区大会,1R,,高知,7,尽誠学園,2,高知,香川,,v1_3_workcopy.xlsx / 試合元帳,元帳あり・Web URL未登録,v1_3_workcopy.xlsx,level=regional;historical_reference=1;team1_pref=高知;team2_pref=香川
2022,autumn,shikoku,,,2022秋季四国地区大会,QF,,高松商,4,明徳義塾,3,香川,高知,,v1_3_workcopy.xlsx / 試合元帳,元帳あり・Web URL未登録,v1_3_workcopy.xlsx,level=regional;historical_reference=1;team1_pref=香川;team2_pref=高知
2022,autumn,shikoku,,,2022秋季四国地区大会,QF,,英明,2,宇和島東,0,香川,愛媛,,v1_3_workcopy.xlsx / 試合元帳,元帳あり・Web URL未登録,v1_3_workcopy.xlsx,level=regional;historical_reference=1;team1_pref=香川;team2_pref=愛媛
2022,autumn,shikoku,,,2022秋季四国地区大会,QF,,高知,10,今治西,4,高知,愛媛,,v1_3_workcopy.xlsx / 試合元帳,元帳あり・Web URL未登録,v1_3_workcopy.xlsx,level=regional;historical_reference=1;team1_pref=高知;team2_pref=愛媛
2022,autumn,shikoku,,,2022秋季四国地区大会,QF,,鳴門,11,済美,4,徳島,愛媛,,v1_3_workcopy.xlsx / 試合元帳,元帳あり・Web URL未登録,v1_3_workcopy.xlsx,level=regional;historical_reference=1;team1_pref=徳島;team2_pref=愛媛;legacy_note=8回コールド
2022,autumn,shikoku,,,2022秋季四国地区大会,SF,,高松商,4,鳴門,1,香川,徳島,,v1_3_workcopy.xlsx / 試合元帳,元帳あり・Web URL未登録,v1_3_workcopy.xlsx,level=regional;historical_reference=1;team1_pref=香川;team2_pref=徳島
2022,autumn,shikoku,,,2022秋季四国地区大会,SF,,英明,4,高知,2,香川,高知,,v1_3_workcopy.xlsx / 試合元帳,元帳あり・Web URL未登録,v1_3_workcopy.xlsx,level=regional;historical_reference=1;team1_pref=香川;team2_pref=高知
2022,autumn,shikoku,,,2022秋季四国地区大会,F,,英明,5,高松商,4,香川,香川,,v1_3_workcopy.xlsx / 試合元帳,元帳あり・Web URL未登録,v1_3_workcopy.xlsx,level=regional;historical_reference=1;team1_pref=香川;team2_pref=香川
2022,autumn,kyushu,,,2022秋季九州地区大会,1R,,東福岡,7,宮崎商,0,福岡,宮崎,,v1_3_workcopy.xlsx / 試合元帳,元帳あり・Web URL未登録,v1_3_workcopy.xlsx,level=regional;historical_reference=1;team1_pref=福岡;team2_pref=宮崎;legacy_note=7回コールド
2022,autumn,kyushu,,,2022秋季九州地区大会,1R,,長崎日大,4,文徳,3,長崎,熊本,,v1_3_workcopy.xlsx / 試合元帳,元帳あり・Web URL未登録,v1_3_workcopy.xlsx,level=regional;historical_reference=1;team1_pref=長崎;team2_pref=熊本
2022,autumn,kyushu,,,2022秋季九州地区大会,1R,,大分商,10,神村学園,0,大分,鹿児島,,v1_3_workcopy.xlsx / 試合元帳,元帳あり・Web URL未登録,v1_3_workcopy.xlsx,level=regional;historical_reference=1;team1_pref=大分;team2_pref=鹿児島;legacy_note=6回コールド
2022,autumn,kyushu,,,2022秋季九州地区大会,1R,,ウェルネス沖縄,6,佐賀北,2,沖縄,佐賀,,v1_3_workcopy.xlsx / 試合元帳,元帳あり・Web URL未登録,v1_3_workcopy.xlsx,level=regional;historical_reference=1;team1_pref=沖縄;team2_pref=佐賀
2022,autumn,kyushu,,,2022秋季九州地区大会,1R,,西日本短大付,6,鹿屋中央,5,福岡,鹿児島,,v1_3_workcopy.xlsx / 試合元帳,元帳あり・Web URL未登録,v1_3_workcopy.xlsx,level=regional;historical_reference=1;team1_pref=福岡;team2_pref=鹿児島;legacy_note=サヨナラ
2022,autumn,kyushu,,,2022秋季九州地区大会,1R,,沖縄尚学,8,鳥栖,2,沖縄,佐賀,,v1_3_workcopy.xlsx / 試合元帳,元帳あり・Web URL未登録,v1_3_workcopy.xlsx,level=regional;historical_reference=1;team1_pref=沖縄;team2_pref=佐賀
2022,autumn,kyushu,,,2022秋季九州地区大会,1R,,海星,4,東海大熊本星翔,3,長崎,熊本,,v1_3_workcopy.xlsx / 試合元帳,元帳あり・Web URL未登録,v1_3_workcopy.xlsx,level=regional;historical_reference=1;team1_pref=長崎;team2_pref=熊本
2022,autumn,kyushu,,,2022秋季九州地区大会,1R,,明豊,2,高鍋,0,大分,宮崎,,v1_3_workcopy.xlsx / 試合元帳,元帳あり・Web URL未登録,v1_3_workcopy.xlsx,level=regional;historical_reference=1;team1_pref=大分;team2_pref=宮崎
2022,autumn,kyushu,,,2022秋季九州地区大会,QF,,長崎日大,11,ウェルネス沖縄,4,長崎,沖縄,,v1_3_workcopy.xlsx / 試合元帳,元帳あり・Web URL未登録,v1_3_workcopy.xlsx,level=regional;historical_reference=1;team1_pref=長崎;team2_pref=沖縄;legacy_note=7回コールド
2022,autumn,kyushu,,,2022秋季九州地区大会,QF,,大分商,2,東福岡,1,大分,福岡,,v1_3_workcopy.xlsx / 試合元帳,元帳あり・Web URL未登録,v1_3_workcopy.xlsx,level=regional;historical_reference=1;team1_pref=大分;team2_pref=福岡
2022,autumn,kyushu,,,2022秋季九州地区大会,QF,,沖縄尚学,3,明豊,2,沖縄,大分,,v1_3_workcopy.xlsx / 試合元帳,元帳あり・Web URL未登録,v1_3_workcopy.xlsx,level=regional;historical_reference=1;team1_pref=沖縄;team2_pref=大分;legacy_note=サヨナラ
2022,autumn,kyushu,,,2022秋季九州地区大会,QF,,海星,3,西日本短大付,2,長崎,福岡,,v1_3_workcopy.xlsx / 試合元帳,元帳あり・Web URL未登録,v1_3_workcopy.xlsx,level=regional;historical_reference=1;team1_pref=長崎;team2_pref=福岡
2022,autumn,kyushu,,,2022秋季九州地区大会,SF,,長崎日大,4,大分商,1,長崎,大分,,v1_3_workcopy.xlsx / 試合元帳,元帳あり・Web URL未登録,v1_3_workcopy.xlsx,level=regional;historical_reference=1;team1_pref=長崎;team2_pref=大分
2022,autumn,kyushu,,,2022秋季九州地区大会,SF,,沖縄尚学,7,海星,6,沖縄,長崎,,v1_3_workcopy.xlsx / 試合元帳,元帳あり・Web URL未登録,v1_3_workcopy.xlsx,level=regional;historical_reference=1;team1_pref=沖縄;team2_pref=長崎;legacy_note=サヨナラ
2022,autumn,kyushu,,,2022秋季九州地区大会,F,,沖縄尚学,8,長崎日大,5,沖縄,長崎,,v1_3_workcopy.xlsx / 試合元帳,元帳あり・Web URL未登録,v1_3_workcopy.xlsx,level=regional;historical_reference=1;team1_pref=沖縄;team2_pref=長崎
2022,jingu,national,,,2022明治神宮大会,1R,,英明,10,山梨学院,7,香川,山梨,,v1_3_workcopy.xlsx / 試合元帳,元帳あり・Web URL未登録,v1_3_workcopy.xlsx,level=national;historical_reference=1;team1_pref=香川;team2_pref=山梨
2022,jingu,national,,,2022明治神宮大会,1R,,大阪桐蔭,9,東邦,1,大阪,愛知,,v1_3_workcopy.xlsx / 試合元帳,元帳あり・Web URL未登録,v1_3_workcopy.xlsx,level=national;historical_reference=1;team1_pref=大阪;team2_pref=愛知
2022,jingu,national,,,2022明治神宮大会,QF,,広陵,6,東海大菅生,2,広島,東京,,v1_3_workcopy.xlsx / 試合元帳,元帳あり・Web URL未登録,v1_3_workcopy.xlsx,level=national;historical_reference=1;team1_pref=広島;team2_pref=東京
2022,jingu,national,,,2022明治神宮大会,QF,,仙台育英,5,沖縄尚学,4,宮城,沖縄,,v1_3_workcopy.xlsx / 試合元帳,元帳あり・Web URL未登録,v1_3_workcopy.xlsx,level=national;historical_reference=1;team1_pref=宮城;team2_pref=沖縄;legacy_note=サヨナラ
2022,jingu,national,,,2022明治神宮大会,QF,,北陸,4,英明,3,福井,香川,,v1_3_workcopy.xlsx / 試合元帳,元帳あり・Web URL未登録,v1_3_workcopy.xlsx,level=national;historical_reference=1;team1_pref=福井;team2_pref=香川
2022,jingu,national,,,2022明治神宮大会,QF,,大阪桐蔭,12,クラーク国際,2,大阪,北海道,,v1_3_workcopy.xlsx / 試合元帳,元帳あり・Web URL未登録,v1_3_workcopy.xlsx,level=national;historical_reference=1;team1_pref=大阪;team2_pref=北海道;legacy_note=6回コールド
2022,jingu,national,,,2022明治神宮大会,SF,,大阪桐蔭,5,仙台育英,4,大阪,宮城,,v1_3_workcopy.xlsx / 試合元帳,元帳あり・Web URL未登録,v1_3_workcopy.xlsx,level=national;historical_reference=1;team1_pref=大阪;team2_pref=宮城
2022,jingu,national,,,2022明治神宮大会,SF,,広陵,5,北陸,0,広島,福井,,v1_3_workcopy.xlsx / 試合元帳,元帳あり・Web URL未登録,v1_3_workcopy.xlsx,level=national;historical_reference=1;team1_pref=広島;team2_pref=福井
2022,jingu,national,,,2022明治神宮大会,F,,大阪桐蔭,6,広陵,5,大阪,広島,,v1_3_workcopy.xlsx / 試合元帳,元帳あり・Web URL未登録,v1_3_workcopy.xlsx,level=national;historical_reference=1;team1_pref=大阪;team2_pref=広島
2023,senbatsu,national,,,2023選抜,1R,,山梨学院,3,東北,1,山梨,宮城,,v1_3_workcopy.xlsx / 試合元帳,元帳あり・Web URL未登録,v1_3_workcopy.xlsx,level=national;historical_reference=1;team1_pref=山梨;team2_pref=宮城
2023,senbatsu,national,,,2023選抜,1R,,高知,4,北陸,1,高知,福井,,v1_3_workcopy.xlsx / 試合元帳,元帳あり・Web URL未登録,v1_3_workcopy.xlsx,level=national;historical_reference=1;team1_pref=高知;team2_pref=福井
2023,senbatsu,national,,,2023選抜,1R,,沖縄尚学,4,大垣日大,3,沖縄,岐阜,,v1_3_workcopy.xlsx / 試合元帳,元帳あり・Web URL未登録,v1_3_workcopy.xlsx,level=national;historical_reference=1;team1_pref=沖縄;team2_pref=岐阜
2023,senbatsu,national,,,2023選抜,1R,,東邦,6,鳥取城北,3,愛知,鳥取,,v1_3_workcopy.xlsx / 試合元帳,元帳あり・Web URL未登録,v1_3_workcopy.xlsx,level=national;historical_reference=1;team1_pref=愛知;team2_pref=鳥取
2023,senbatsu,national,,,2023選抜,2R,,作新学院,8,大分商,6,栃木,大分,,v1_3_workcopy.xlsx / 試合元帳,元帳あり・Web URL未登録,v1_3_workcopy.xlsx,level=national;historical_reference=1;team1_pref=栃木;team2_pref=大分
2023,senbatsu,national,,,2023選抜,2R,,英明,3,智弁和歌山,2,香川,和歌山,,v1_3_workcopy.xlsx / 試合元帳,元帳あり・Web URL未登録,v1_3_workcopy.xlsx,level=national;historical_reference=1;team1_pref=香川;team2_pref=和歌山
2023,senbatsu,national,,,2023選抜,2R,,海星,5,社,1,長崎,兵庫,,v1_3_workcopy.xlsx / 試合元帳,元帳あり・Web URL未登録,v1_3_workcopy.xlsx,level=national;historical_reference=1;team1_pref=長崎;team2_pref=兵庫
2023,senbatsu,national,,,2023選抜,2R,,広陵,5,二松学舎大付,0,広島,東京,,v1_3_workcopy.xlsx / 試合元帳,元帳あり・Web URL未登録,v1_3_workcopy.xlsx,level=national;historical_reference=1;team1_pref=広島;team2_pref=東京
2023,senbatsu,national,,,2023選抜,2R,,大阪桐蔭,3,敦賀気比,1,大阪,福井,,v1_3_workcopy.xlsx / 試合元帳,元帳あり・Web URL未登録,v1_3_workcopy.xlsx,level=national;historical_reference=1;team1_pref=大阪;team2_pref=福井
2023,senbatsu,national,,,2023選抜,2R,,能代松陽,3,石橋,0,秋田,栃木,,v1_3_workcopy.xlsx / 試合元帳,元帳あり・Web URL未登録,v1_3_workcopy.xlsx,level=national;historical_reference=1;team1_pref=秋田;team2_pref=栃木
2023,senbatsu,national,,,2023選抜,2R,,龍谷大平安,4,長崎日大,3,京都,長崎,,v1_3_workcopy.xlsx / 試合元帳,元帳あり・Web URL未登録,v1_3_workcopy.xlsx,level=national;historical_reference=1;team1_pref=京都;team2_pref=長崎
2023,senbatsu,national,,,2023選抜,2R,,仙台育英,2,慶応,1,宮城,神奈川,,v1_3_workcopy.xlsx / 試合元帳,元帳あり・Web URL未登録,v1_3_workcopy.xlsx,level=national;historical_reference=1;team1_pref=宮城;team2_pref=神奈川;legacy_note=延長10回サヨナラ、タイブレーク
2023,senbatsu,national,,,2023選抜,2R,,光,2,彦根総合,0,山口,滋賀,,v1_3_workcopy.xlsx / 試合元帳,元帳あり・Web URL未登録,v1_3_workcopy.xlsx,level=national;historical_reference=1;team1_pref=山口;team2_pref=滋賀
2023,senbatsu,national,,,2023選抜,2R,,専大松戸,3,常葉大菊川,0,千葉,静岡,,v1_3_workcopy.xlsx / 試合元帳,元帳あり・Web URL未登録,v1_3_workcopy.xlsx,level=national;historical_reference=1;team1_pref=千葉;team2_pref=静岡
2023,senbatsu,national,,,2023選抜,2R,,東海大菅生,5,城東,2,東京,徳島,,v1_3_workcopy.xlsx / 試合元帳,元帳あり・Web URL未登録,v1_3_workcopy.xlsx,level=national;historical_reference=1;team1_pref=東京;team2_pref=徳島
2023,senbatsu,national,,,2023選抜,2R,,報徳学園,7,健大高崎,2,兵庫,群馬,,v1_3_workcopy.xlsx / 試合元帳,元帳あり・Web URL未登録,v1_3_workcopy.xlsx,level=national;historical_reference=1;team1_pref=兵庫;team2_pref=群馬
2023,senbatsu,national,,,2023選抜,2R,,山梨学院,4,氷見,1,山梨,富山,,v1_3_workcopy.xlsx / 試合元帳,元帳あり・Web URL未登録,v1_3_workcopy.xlsx,level=national;historical_reference=1;team1_pref=山梨;team2_pref=富山
2023,senbatsu,national,,,2023選抜,2R,,高知,3,履正社,2,高知,大阪,,v1_3_workcopy.xlsx / 試合元帳,元帳あり・Web URL未登録,v1_3_workcopy.xlsx,level=national;historical_reference=1;team1_pref=高知;team2_pref=大阪
2023,senbatsu,national,,,2023選抜,2R,,沖縄尚学,3,クラーク国際,1,沖縄,北海道,,v1_3_workcopy.xlsx / 試合元帳,元帳あり・Web URL未登録,v1_3_workcopy.xlsx,level=national;historical_reference=1;team1_pref=沖縄;team2_pref=北海道
2023,senbatsu,national,,,2023選抜,2R,,東邦,6,高松商,3,愛知,香川,,v1_3_workcopy.xlsx / 試合元帳,元帳あり・Web URL未登録,v1_3_workcopy.xlsx,level=national;historical_reference=1;team1_pref=愛知;team2_pref=香川
2023,senbatsu,national,,,2023選抜,3R,,作新学院,9,英明,8,栃木,香川,,v1_3_workcopy.xlsx / 試合元帳,元帳あり・Web URL未登録,v1_3_workcopy.xlsx,level=national;historical_reference=1;team1_pref=栃木;team2_pref=香川
2023,senbatsu,national,,,2023選抜,3R,,山梨学院,7,光,1,山梨,山口,,v1_3_workcopy.xlsx / 試合元帳,元帳あり・Web URL未登録,v1_3_workcopy.xlsx,level=national;historical_reference=1;team1_pref=山梨;team2_pref=山口
2023,senbatsu,national,,,2023選抜,3R,,専大松戸,6,高知,4,千葉,高知,,v1_3_workcopy.xlsx / 試合元帳,元帳あり・Web URL未登録,v1_3_workcopy.xlsx,level=national;historical_reference=1;team1_pref=千葉;team2_pref=高知
2023,senbatsu,national,,,2023選抜,3R,,広陵,3,海星,2,広島,長崎,,v1_3_workcopy.xlsx / 試合元帳,元帳あり・Web URL未登録,v1_3_workcopy.xlsx,level=national;historical_reference=1;team1_pref=広島;team2_pref=長崎
2023,senbatsu,national,,,2023選抜,3R,,大阪桐蔭,1,能代松陽,0,大阪,秋田,,v1_3_workcopy.xlsx / 試合元帳,元帳あり・Web URL未登録,v1_3_workcopy.xlsx,level=national;historical_reference=1;team1_pref=大阪;team2_pref=秋田
2023,senbatsu,national,,,2023選抜,3R,,東海大菅生,1,沖縄尚学,0,東京,沖縄,,v1_3_workcopy.xlsx / 試合元帳,元帳あり・Web URL未登録,v1_3_workcopy.xlsx,level=national;historical_reference=1;team1_pref=東京;team2_pref=沖縄
2023,senbatsu,national,,,2023選抜,3R,,報徳学園,5,東邦,4,兵庫,愛知,,v1_3_workcopy.xlsx / 試合元帳,元帳あり・Web URL未登録,v1_3_workcopy.xlsx,level=national;historical_reference=1;team1_pref=兵庫;team2_pref=愛知;legacy_note=延長10回サヨナラ、タイブレーク
2023,senbatsu,national,,,2023選抜,3R,,仙台育英,6,龍谷大平安,1,宮城,京都,,v1_3_workcopy.xlsx / 試合元帳,元帳あり・Web URL未登録,v1_3_workcopy.xlsx,level=national;historical_reference=1;team1_pref=宮城;team2_pref=京都
2023,senbatsu,national,,,2023選抜,QF,,山梨学院,12,作新学院,3,山梨,栃木,,v1_3_workcopy.xlsx / 試合元帳,元帳あり・Web URL未登録,v1_3_workcopy.xlsx,level=national;historical_reference=1;team1_pref=山梨;team2_pref=栃木
2023,senbatsu,national,,,2023選抜,QF,,広陵,9,専大松戸,2,広島,千葉,,v1_3_workcopy.xlsx / 試合元帳,元帳あり・Web URL未登録,v1_3_workcopy.xlsx,level=national;historical_reference=1;team1_pref=広島;team2_pref=千葉
2023,senbatsu,national,,,2023選抜,QF,,大阪桐蔭,6,東海大菅生,1,大阪,東京,,v1_3_workcopy.xlsx / 試合元帳,元帳あり・Web URL未登録,v1_3_workcopy.xlsx,level=national;historical_reference=1;team1_pref=大阪;team2_pref=東京
2023,senbatsu,national,,,2023選抜,QF,,報徳学園,5,仙台育英,4,兵庫,宮城,,v1_3_workcopy.xlsx / 試合元帳,元帳あり・Web URL未登録,v1_3_workcopy.xlsx,level=national;historical_reference=1;team1_pref=兵庫;team2_pref=宮城;legacy_note=延長10回サヨナラ、タイブレーク
2023,senbatsu,national,,,2023選抜,SF,,山梨学院,6,広陵,1,山梨,広島,,v1_3_workcopy.xlsx / 試合元帳,元帳あり・Web URL未登録,v1_3_workcopy.xlsx,level=national;historical_reference=1;team1_pref=山梨;team2_pref=広島
2023,senbatsu,national,,,2023選抜,SF,,報徳学園,7,大阪桐蔭,5,兵庫,大阪,,v1_3_workcopy.xlsx / 試合元帳,元帳あり・Web URL未登録,v1_3_workcopy.xlsx,level=national;historical_reference=1;team1_pref=兵庫;team2_pref=大阪
2023,senbatsu,national,,,2023選抜,F,,山梨学院,7,報徳学園,3,山梨,兵庫,,v1_3_workcopy.xlsx / 試合元帳,元帳あり・Web URL未登録,v1_3_workcopy.xlsx,level=national;historical_reference=1;team1_pref=山梨;team2_pref=兵庫
2023,spring,hokkaido,,,2023春季北海道地区大会,1R,,北海道栄,12,札幌第一,5,北海道,北海道,,v1_3_workcopy.xlsx / 試合元帳,元帳あり・Web URL未登録,v1_3_workcopy.xlsx,level=regional;historical_reference=1;team1_pref=北海道;team2_pref=北海道;legacy_note=7回コールド
2023,spring,hokkaido,,,2023春季北海道地区大会,1R,,旭川明成,8,稚内大谷,2,北海道,北海道,,v1_3_workcopy.xlsx / 試合元帳,元帳あり・Web URL未登録,v1_3_workcopy.xlsx,level=regional;historical_reference=1;team1_pref=北海道;team2_pref=北海道
2023,spring,hokkaido,,,2023春季北海道地区大会,1R,,立命館慶祥,11,駒大苫小牧,10,北海道,北海道,,v1_3_workcopy.xlsx / 試合元帳,元帳あり・Web URL未登録,v1_3_workcopy.xlsx,level=regional;historical_reference=1;team1_pref=北海道;team2_pref=北海道
2023,spring,hokkaido,,,2023春季北海道地区大会,1R,,白樺学園,7,函館大有斗,1,北海道,北海道,,v1_3_workcopy.xlsx / 試合元帳,元帳あり・Web URL未登録,v1_3_workcopy.xlsx,level=regional;historical_reference=1;team1_pref=北海道;team2_pref=北海道
2023,spring,hokkaido,,,2023春季北海道地区大会,1R,,札幌日大,7,小樽双葉,0,北海道,北海道,,v1_3_workcopy.xlsx / 試合元帳,元帳あり・Web URL未登録,v1_3_workcopy.xlsx,level=regional;historical_reference=1;team1_pref=北海道;team2_pref=北海道;legacy_note=7回コールド
2023,spring,hokkaido,,,2023春季北海道地区大会,1R,,北海,10,遠軽,9,北海道,北海道,,v1_3_workcopy.xlsx / 試合元帳,元帳あり・Web URL未登録,v1_3_workcopy.xlsx,level=regional;historical_reference=1;team1_pref=北海道;team2_pref=北海道;legacy_note=延長10回サヨナラ、タイブレーク
2023,spring,hokkaido,,,2023春季北海道地区大会,1R,,札幌大谷,6,岩見沢東,2,北海道,北海道,,v1_3_workcopy.xlsx / 試合元帳,元帳あり・Web URL未登録,v1_3_workcopy.xlsx,level=regional;historical_reference=1;team1_pref=北海道;team2_pref=北海道
2023,spring,hokkaido,,,2023春季北海道地区大会,1R,,クラーク国際,8,武修館,1,北海道,北海道,,v1_3_workcopy.xlsx / 試合元帳,元帳あり・Web URL未登録,v1_3_workcopy.xlsx,level=regional;historical_reference=1;team1_pref=北海道;team2_pref=北海道;legacy_note=8回コールド
2023,spring,hokkaido,,,2023春季北海道地区大会,QF,,立命館慶祥,9,白樺学園,2,北海道,北海道,,v1_3_workcopy.xlsx / 試合元帳,元帳あり・Web URL未登録,v1_3_workcopy.xlsx,level=regional;historical_reference=1;team1_pref=北海道;team2_pref=北海道;legacy_note=8回コールド
2023,spring,hokkaido,,,2023春季北海道地区大会,QF,,北海,5,札幌日大,0,北海道,北海道,,v1_3_workcopy.xlsx / 試合元帳,元帳あり・Web URL未登録,v1_3_workcopy.xlsx,level=regional;historical_reference=1;team1_pref=北海道;team2_pref=北海道
2023,spring,hokkaido,,,2023春季北海道地区大会,QF,,札幌大谷,6,クラーク国際,5,北海道,北海道,,v1_3_workcopy.xlsx / 試合元帳,元帳あり・Web URL未登録,v1_3_workcopy.xlsx,level=regional;historical_reference=1;team1_pref=北海道;team2_pref=北海道
2023,spring,hokkaido,,,2023春季北海道地区大会,QF,,北海道栄,2,旭川明成,0,北海道,北海道,,v1_3_workcopy.xlsx / 試合元帳,元帳あり・Web URL未登録,v1_3_workcopy.xlsx,level=regional;historical_reference=1;team1_pref=北海道;team2_pref=北海道
2023,spring,hokkaido,,,2023春季北海道地区大会,SF,,北海道栄,8,立命館慶祥,7,北海道,北海道,,v1_3_workcopy.xlsx / 試合元帳,元帳あり・Web URL未登録,v1_3_workcopy.xlsx,level=regional;historical_reference=1;team1_pref=北海道;team2_pref=北海道;legacy_note=延長10回、タイブレーク
2023,spring,hokkaido,,,2023春季北海道地区大会,SF,,北海,4,札幌大谷,0,北海道,北海道,,v1_3_workcopy.xlsx / 試合元帳,元帳あり・Web URL未登録,v1_3_workcopy.xlsx,level=regional;historical_reference=1;team1_pref=北海道;team2_pref=北海道
2023,spring,hokkaido,,,2023春季北海道地区大会,F,,北海,13,北海道栄,2,北海道,北海道,,v1_3_workcopy.xlsx / 試合元帳,元帳あり・Web URL未登録,v1_3_workcopy.xlsx,level=regional;historical_reference=1;team1_pref=北海道;team2_pref=北海道
2023,spring,tohoku,,,2023春季東北地区大会,1R,,八戸学院光星,12,仙台一,2,青森,宮城,,v1_3_workcopy.xlsx / 試合元帳,元帳あり・Web URL未登録,v1_3_workcopy.xlsx,level=regional;historical_reference=1;team1_pref=青森;team2_pref=宮城;legacy_note=5回コールド
2023,spring,tohoku,,,2023春季東北地区大会,1R,,一関学院,5,秋田商,4,岩手,秋田,,v1_3_workcopy.xlsx / 試合元帳,元帳あり・Web URL未登録,v1_3_workcopy.xlsx,level=regional;historical_reference=1;team1_pref=岩手;team2_pref=秋田
2023,spring,tohoku,,,2023春季東北地区大会,1R,,盛岡三,8,八戸工大一,1,岩手,青森,,v1_3_workcopy.xlsx / 試合元帳,元帳あり・Web URL未登録,v1_3_workcopy.xlsx,level=regional;historical_reference=1;team1_pref=岩手;team2_pref=青森;legacy_note=7回コールド
2023,spring,tohoku,,,2023春季東北地区大会,1R,,日大山形,6,聖光学院,5,山形,福島,,v1_3_workcopy.xlsx / 試合元帳,元帳あり・Web URL未登録,v1_3_workcopy.xlsx,level=regional;historical_reference=1;team1_pref=山形;team2_pref=福島;legacy_note=延長10回サヨナラ、タイブレーク
2023,spring,tohoku,,,2023春季東北地区大会,1R,,明桜,8,日大東北,5,秋田,福島,,v1_3_workcopy.xlsx / 試合元帳,元帳あり・Web URL未登録,v1_3_workcopy.xlsx,level=regional;historical_reference=1;team1_pref=秋田;team2_pref=福島
2023,spring,tohoku,,,2023春季東北地区大会,1R,,花巻東,2,仙台商,0,岩手,宮城,,v1_3_workcopy.xlsx / 試合元帳,元帳あり・Web URL未登録,v1_3_workcopy.xlsx,level=regional;historical_reference=1;team1_pref=岩手;team2_pref=宮城
2023,spring,tohoku,,,2023春季東北地区大会,QF,,仙台育英,8,一関学院,0,宮城,岩手,,v1_3_workcopy.xlsx / 試合元帳,元帳あり・Web URL未登録,v1_3_workcopy.xlsx,level=regional;historical_reference=1;team1_pref=宮城;team2_pref=岩手;legacy_note=7回コールド
2023,spring,tohoku,,,2023春季東北地区大会,QF,,盛岡三,6,日大山形,2,岩手,山形,,v1_3_workcopy.xlsx / 試合元帳,元帳あり・Web URL未登録,v1_3_workcopy.xlsx,level=regional;historical_reference=1;team1_pref=岩手;team2_pref=山形
2023,spring,tohoku,,,2023春季東北地区大会,QF,,八戸学院光星,7,鶴岡東,0,青森,山形,,v1_3_workcopy.xlsx / 試合元帳,元帳あり・Web URL未登録,v1_3_workcopy.xlsx,level=regional;historical_reference=1;team1_pref=青森;team2_pref=山形;legacy_note=8回コールド
2023,spring,tohoku,,,2023春季東北地区大会,QF,,明桜,5,花巻東,2,秋田,岩手,,v1_3_workcopy.xlsx / 試合元帳,元帳あり・Web URL未登録,v1_3_workcopy.xlsx,level=regional;historical_reference=1;team1_pref=秋田;team2_pref=岩手
2023,spring,tohoku,,,2023春季東北地区大会,SF,,仙台育英,3,盛岡三,0,宮城,岩手,,v1_3_workcopy.xlsx / 試合元帳,元帳あり・Web URL未登録,v1_3_workcopy.xlsx,level=regional;historical_reference=1;team1_pref=宮城;team2_pref=岩手
2023,spring,tohoku,,,2023春季東北地区大会,SF,,八戸学院光星,8,明桜,5,青森,秋田,,v1_3_workcopy.xlsx / 試合元帳,元帳あり・Web URL未登録,v1_3_workcopy.xlsx,level=regional;historical_reference=1;team1_pref=青森;team2_pref=秋田
2023,spring,tohoku,,,2023春季東北地区大会,F,,八戸学院光星,3,仙台育英,2,青森,宮城,,v1_3_workcopy.xlsx / 試合元帳,元帳あり・Web URL未登録,v1_3_workcopy.xlsx,level=regional;historical_reference=1;team1_pref=青森;team2_pref=宮城
2023,spring,kanto_tokyo,,,2023春季関東地区大会,1R,,山梨学院,12,横浜隼人,0,山梨,神奈川,,v1_3_workcopy.xlsx / 試合元帳,元帳あり・Web URL未登録,v1_3_workcopy.xlsx,level=regional;historical_reference=1;team1_pref=山梨;team2_pref=神奈川;legacy_note=5回コールド
2023,spring,kanto_tokyo,,,2023春季関東地区大会,2R,,相洋,5,作新学院,4,神奈川,栃木,,v1_3_workcopy.xlsx / 試合元帳,元帳あり・Web URL未登録,v1_3_workcopy.xlsx,level=regional;historical_reference=1;team1_pref=神奈川;team2_pref=栃木;legacy_note=延長11回サヨナラ、タイブレーク
2023,spring,kanto_tokyo,,,2023春季関東地区大会,2R,,常総学院,7,関東一,3,茨城,東京,,v1_3_workcopy.xlsx / 試合元帳,元帳あり・Web URL未登録,v1_3_workcopy.xlsx,level=regional;historical_reference=1;team1_pref=茨城;team2_pref=東京
2023,spring,kanto_tokyo,,,2023春季関東地区大会,2R,,専大松戸,4,浦和学院,3,千葉,埼玉,,v1_3_workcopy.xlsx / 試合元帳,元帳あり・Web URL未登録,v1_3_workcopy.xlsx,level=regional;historical_reference=1;team1_pref=千葉;team2_pref=埼玉
2023,spring,kanto_tokyo,,,2023春季関東地区大会,2R,,明和県央,6,甲府工,3,群馬,山梨,,v1_3_workcopy.xlsx / 試合元帳,元帳あり・Web URL未登録,v1_3_workcopy.xlsx,level=regional;historical_reference=1;team1_pref=群馬;team2_pref=山梨
2023,spring,kanto_tokyo,,,2023春季関東地区大会,2R,,帝京,9,山梨学院,8,東京,山梨,,v1_3_workcopy.xlsx / 試合元帳,元帳あり・Web URL未登録,v1_3_workcopy.xlsx,level=regional;historical_reference=1;team1_pref=東京;team2_pref=山梨
2023,spring,kanto_tokyo,,,2023春季関東地区大会,2R,,昌平,4,文星芸大付,0,埼玉,栃木,,v1_3_workcopy.xlsx / 試合元帳,元帳あり・Web URL未登録,v1_3_workcopy.xlsx,level=regional;historical_reference=1;team1_pref=埼玉;team2_pref=栃木
2023,spring,kanto_tokyo,,,2023春季関東地区大会,2R,,健大高崎,6,土浦日大,5,群馬,茨城,,v1_3_workcopy.xlsx / 試合元帳,元帳あり・Web URL未登録,v1_3_workcopy.xlsx,level=regional;historical_reference=1;team1_pref=群馬;team2_pref=茨城;legacy_note=延長10回サヨナラ、タイブレーク
2023,spring,kanto_tokyo,,,2023春季関東地区大会,2R,,木更津総合,3,慶応,2,千葉,神奈川,,v1_3_workcopy.xlsx / 試合元帳,元帳あり・Web URL未登録,v1_3_workcopy.xlsx,level=regional;historical_reference=1;team1_pref=千葉;team2_pref=神奈川
2023,spring,kanto_tokyo,,,2023春季関東地区大会,QF,,木更津総合,7,昌平,2,千葉,埼玉,,v1_3_workcopy.xlsx / 試合元帳,元帳あり・Web URL未登録,v1_3_workcopy.xlsx,level=regional;historical_reference=1;team1_pref=千葉;team2_pref=埼玉
2023,spring,kanto_tokyo,,,2023春季関東地区大会,QF,,健大高崎,2,帝京,0,群馬,東京,,v1_3_workcopy.xlsx / 試合元帳,元帳あり・Web URL未登録,v1_3_workcopy.xlsx,level=regional;historical_reference=1;team1_pref=群馬;team2_pref=東京
2023,spring,kanto_tokyo,,,2023春季関東地区大会,QF,,常総学院,7,明和県央,0,茨城,群馬,,v1_3_workcopy.xlsx / 試合元帳,元帳あり・Web URL未登録,v1_3_workcopy.xlsx,level=regional;historical_reference=1;team1_pref=茨城;team2_pref=群馬;legacy_note=7回コールド
2023,spring,kanto_tokyo,,,2023春季関東地区大会,QF,,専大松戸,5,相洋,4,千葉,神奈川,,v1_3_workcopy.xlsx / 試合元帳,元帳あり・Web URL未登録,v1_3_workcopy.xlsx,level=regional;historical_reference=1;team1_pref=千葉;team2_pref=神奈川
2023,spring,kanto_tokyo,,,2023春季関東地区大会,SF,,木更津総合,3,常総学院,0,千葉,茨城,,v1_3_workcopy.xlsx / 試合元帳,元帳あり・Web URL未登録,v1_3_workcopy.xlsx,level=regional;historical_reference=1;team1_pref=千葉;team2_pref=茨城
2023,spring,kanto_tokyo,,,2023春季関東地区大会,SF,,健大高崎,6,専大松戸,4,群馬,千葉,,v1_3_workcopy.xlsx / 試合元帳,元帳あり・Web URL未登録,v1_3_workcopy.xlsx,level=regional;historical_reference=1;team1_pref=群馬;team2_pref=千葉
2023,spring,kanto_tokyo,,,2023春季関東地区大会,F,,健大高崎,10,木更津総合,7,群馬,千葉,,v1_3_workcopy.xlsx / 試合元帳,元帳あり・Web URL未登録,v1_3_workcopy.xlsx,level=regional;historical_reference=1;team1_pref=群馬;team2_pref=千葉
2023,spring,hokushinetsu,,,2023春季北信越地区大会,QF,,遊学館,5,上田西,4,石川,長野,,v1_3_workcopy.xlsx / 試合元帳,元帳あり・Web URL未登録,v1_3_workcopy.xlsx,level=regional;historical_reference=1;team1_pref=石川;team2_pref=長野;legacy_note=サヨナラ
2023,spring,hokushinetsu,,,2023春季北信越地区大会,QF,,日本航空石川,4,富山商,1,石川,富山,,v1_3_workcopy.xlsx / 試合元帳,元帳あり・Web URL未登録,v1_3_workcopy.xlsx,level=regional;historical_reference=1;team1_pref=石川;team2_pref=富山
2023,spring,hokushinetsu,,,2023春季北信越地区大会,QF,,帝京長岡,9,小松大谷,6,新潟,石川,,v1_3_workcopy.xlsx / 試合元帳,元帳あり・Web URL未登録,v1_3_workcopy.xlsx,level=regional;historical_reference=1;team1_pref=新潟;team2_pref=石川
2023,spring,hokushinetsu,,,2023春季北信越地区大会,QF,,星稜,6,丹生,0,石川,福井,,v1_3_workcopy.xlsx / 試合元帳,元帳あり・Web URL未登録,v1_3_workcopy.xlsx,level=regional;historical_reference=1;team1_pref=石川;team2_pref=福井
2023,spring,hokushinetsu,,,2023春季北信越地区大会,SF,,日本航空石川,7,遊学館,6,石川,石川,,v1_3_workcopy.xlsx / 試合元帳,元帳あり・Web URL未登録,v1_3_workcopy.xlsx,level=regional;historical_reference=1;team1_pref=石川;team2_pref=石川
2023,spring,hokushinetsu,,,2023春季北信越地区大会,SF,,星稜,2,帝京長岡,1,石川,新潟,,v1_3_workcopy.xlsx / 試合元帳,元帳あり・Web URL未登録,v1_3_workcopy.xlsx,level=regional;historical_reference=1;team1_pref=石川;team2_pref=新潟
2023,spring,hokushinetsu,,,2023春季北信越地区大会,F,,日本航空石川,7,星稜,3,石川,石川,,v1_3_workcopy.xlsx / 試合元帳,元帳あり・Web URL未登録,v1_3_workcopy.xlsx,level=regional;historical_reference=1;team1_pref=石川;team2_pref=石川
2023,spring,tokai,,,2023春季東海地区大会,QF,,県岐阜商,3,津商,0,岐阜,三重,,v1_3_workcopy.xlsx / 試合元帳,元帳あり・Web URL未登録,v1_3_workcopy.xlsx,level=regional;historical_reference=1;team1_pref=岐阜;team2_pref=三重
2023,spring,tokai,,,2023春季東海地区大会,QF,,東邦,2,日大三島,1,愛知,静岡,,v1_3_workcopy.xlsx / 試合元帳,元帳あり・Web URL未登録,v1_3_workcopy.xlsx,level=regional;historical_reference=1;team1_pref=愛知;team2_pref=静岡;legacy_note=サヨナラ
2023,spring,tokai,,,2023春季東海地区大会,QF,,加藤学園,5,大垣日大,4,静岡,岐阜,,v1_3_workcopy.xlsx / 試合元帳,元帳あり・Web URL未登録,v1_3_workcopy.xlsx,level=regional;historical_reference=1;team1_pref=静岡;team2_pref=岐阜
2023,spring,tokai,,,2023春季東海地区大会,QF,,至学館,5,いなべ総合,1,愛知,三重,,v1_3_workcopy.xlsx / 試合元帳,元帳あり・Web URL未登録,v1_3_workcopy.xlsx,level=regional;historical_reference=1;team1_pref=愛知;team2_pref=三重
2023,spring,tokai,,,2023春季東海地区大会,SF,,県岐阜商,4,東邦,3,岐阜,愛知,,v1_3_workcopy.xlsx / 試合元帳,元帳あり・Web URL未登録,v1_3_workcopy.xlsx,level=regional;historical_reference=1;team1_pref=岐阜;team2_pref=愛知
2023,spring,tokai,,,2023春季東海地区大会,SF,,加藤学園,3,至学館,1,静岡,愛知,,v1_3_workcopy.xlsx / 試合元帳,元帳あり・Web URL未登録,v1_3_workcopy.xlsx,level=regional;historical_reference=1;team1_pref=静岡;team2_pref=愛知
2023,spring,tokai,,,2023春季東海地区大会,F,,加藤学園,8,県岐阜商,6,静岡,岐阜,,v1_3_workcopy.xlsx / 試合元帳,元帳あり・Web URL未登録,v1_3_workcopy.xlsx,level=regional;historical_reference=1;team1_pref=静岡;team2_pref=岐阜
2023,spring,kinki,,,2023春季近畿地区大会,QF,,智弁学園,8,大阪桐蔭,6,奈良,大阪,,v1_3_workcopy.xlsx / 試合元帳,元帳あり・Web URL未登録,v1_3_workcopy.xlsx,level=regional;historical_reference=1;team1_pref=奈良;team2_pref=大阪
2023,spring,kinki,,,2023春季近畿地区大会,QF,,市和歌山,7,報徳学園,4,和歌山,兵庫,,v1_3_workcopy.xlsx / 試合元帳,元帳あり・Web URL未登録,v1_3_workcopy.xlsx,level=regional;historical_reference=1;team1_pref=和歌山;team2_pref=兵庫
2023,spring,kinki,,,2023春季近畿地区大会,QF,,金光大阪,3,近江,2,大阪,滋賀,,v1_3_workcopy.xlsx / 試合元帳,元帳あり・Web URL未登録,v1_3_workcopy.xlsx,level=regional;historical_reference=1;team1_pref=大阪;team2_pref=滋賀
2023,spring,kinki,,,2023春季近畿地区大会,QF,,京都国際,2,近大付,0,京都,大阪,,v1_3_workcopy.xlsx / 試合元帳,元帳あり・Web URL未登録,v1_3_workcopy.xlsx,level=regional;historical_reference=1;team1_pref=京都;team2_pref=大阪
2023,spring,kinki,,,2023春季近畿地区大会,SF,,金光大阪,6,京都国際,5,大阪,京都,,v1_3_workcopy.xlsx / 試合元帳,元帳あり・Web URL未登録,v1_3_workcopy.xlsx,level=regional;historical_reference=1;team1_pref=大阪;team2_pref=京都;legacy_note=サヨナラ
2023,spring,kinki,,,2023春季近畿地区大会,SF,,智弁学園,10,市和歌山,3,奈良,和歌山,,v1_3_workcopy.xlsx / 試合元帳,元帳あり・Web URL未登録,v1_3_workcopy.xlsx,level=regional;historical_reference=1;team1_pref=奈良;team2_pref=和歌山;legacy_note=7回コールド
2023,spring,kinki,,,2023春季近畿地区大会,F,,智弁学園,10,金光大阪,0,奈良,大阪,,v1_3_workcopy.xlsx / 試合元帳,元帳あり・Web URL未登録,v1_3_workcopy.xlsx,level=regional;historical_reference=1;team1_pref=奈良;team2_pref=大阪
2023,spring,chugoku,,,2023春季中国地区大会,QF,,下関国際,10,大社,1,山口,島根,,v1_3_workcopy.xlsx / 試合元帳,元帳あり・Web URL未登録,v1_3_workcopy.xlsx,level=regional;historical_reference=1;team1_pref=山口;team2_pref=島根;legacy_note=8回コールド
2023,spring,chugoku,,,2023春季中国地区大会,QF,,岡山学芸館,3,高川学園,1,岡山,山口,,v1_3_workcopy.xlsx / 試合元帳,元帳あり・Web URL未登録,v1_3_workcopy.xlsx,level=regional;historical_reference=1;team1_pref=岡山;team2_pref=山口
2023,spring,chugoku,,,2023春季中国地区大会,QF,,宇部鴻城,12,鳥取城北,8,山口,鳥取,,v1_3_workcopy.xlsx / 試合元帳,元帳あり・Web URL未登録,v1_3_workcopy.xlsx,level=regional;historical_reference=1;team1_pref=山口;team2_pref=鳥取;legacy_note=延長12回、タイブレーク
2023,spring,chugoku,,,2023春季中国地区大会,QF,,広陵,6,柳井,0,広島,山口,,v1_3_workcopy.xlsx / 試合元帳,元帳あり・Web URL未登録,v1_3_workcopy.xlsx,level=regional;historical_reference=1;team1_pref=広島;team2_pref=山口
2023,spring,chugoku,,,2023春季中国地区大会,SF,,宇部鴻城,10,下関国際,2,山口,山口,,v1_3_workcopy.xlsx / 試合元帳,元帳あり・Web URL未登録,v1_3_workcopy.xlsx,level=regional;historical_reference=1;team1_pref=山口;team2_pref=山口;legacy_note=7回コールド
2023,spring,chugoku,,,2023春季中国地区大会,SF,,広陵,1,岡山学芸館,0,広島,岡山,,v1_3_workcopy.xlsx / 試合元帳,元帳あり・Web URL未登録,v1_3_workcopy.xlsx,level=regional;historical_reference=1;team1_pref=広島;team2_pref=岡山
2023,spring,chugoku,,,2023春季中国地区大会,F,,広陵,9,宇部鴻城,1,広島,山口,,v1_3_workcopy.xlsx / 試合元帳,元帳あり・Web URL未登録,v1_3_workcopy.xlsx,level=regional;historical_reference=1;team1_pref=広島;team2_pref=山口
2023,spring,shikoku,,,2023春季四国地区大会,QF,,丸亀城西,4,帝京五,1,香川,愛媛,,v1_3_workcopy.xlsx / 試合元帳,元帳あり・Web URL未登録,v1_3_workcopy.xlsx,level=regional;historical_reference=1;team1_pref=香川;team2_pref=愛媛
2023,spring,shikoku,,,2023春季四国地区大会,QF,,城東,8,高松商,6,徳島,香川,,v1_3_workcopy.xlsx / 試合元帳,元帳あり・Web URL未登録,v1_3_workcopy.xlsx,level=regional;historical_reference=1;team1_pref=徳島;team2_pref=香川;legacy_note=延長10回、タイブレーク
2023,spring,shikoku,,,2023春季四国地区大会,QF,,高知,7,阿南光,6,高知,徳島,,v1_3_workcopy.xlsx / 試合元帳,元帳あり・Web URL未登録,v1_3_workcopy.xlsx,level=regional;historical_reference=1;team1_pref=高知;team2_pref=徳島
2023,spring,shikoku,,,2023春季四国地区大会,QF,,明徳義塾,5,松山商,4,高知,愛媛,,v1_3_workcopy.xlsx / 試合元帳,元帳あり・Web URL未登録,v1_3_workcopy.xlsx,level=regional;historical_reference=1;team1_pref=高知;team2_pref=愛媛;legacy_note=延長10回サヨナラ、タイブレーク
2023,spring,shikoku,,,2023春季四国地区大会,SF,,明徳義塾,2,城東,1,高知,徳島,,v1_3_workcopy.xlsx / 試合元帳,元帳あり・Web URL未登録,v1_3_workcopy.xlsx,level=regional;historical_reference=1;team1_pref=高知;team2_pref=徳島
2023,spring,shikoku,,,2023春季四国地区大会,SF,,高知,5,丸亀城西,2,高知,香川,,v1_3_workcopy.xlsx / 試合元帳,元帳あり・Web URL未登録,v1_3_workcopy.xlsx,level=regional;historical_reference=1;team1_pref=高知;team2_pref=香川
2023,spring,shikoku,,,2023春季四国地区大会,F,,明徳義塾,2,高知,0,高知,高知,,v1_3_workcopy.xlsx / 試合元帳,元帳あり・Web URL未登録,v1_3_workcopy.xlsx,level=regional;historical_reference=1;team1_pref=高知;team2_pref=高知
2023,spring,kyushu,,,2023春季九州地区大会,1R,,有明,7,日南学園,5,熊本,宮崎,,v1_3_workcopy.xlsx / 試合元帳,元帳あり・Web URL未登録,v1_3_workcopy.xlsx,level=regional;historical_reference=1;team1_pref=熊本;team2_pref=宮崎
2023,spring,kyushu,,,2023春季九州地区大会,1R,,福岡大大濠,10,海星,1,福岡,長崎,,v1_3_workcopy.xlsx / 試合元帳,元帳あり・Web URL未登録,v1_3_workcopy.xlsx,level=regional;historical_reference=1;team1_pref=福岡;team2_pref=長崎;legacy_note=7回コールド
2023,spring,kyushu,,,2023春季九州地区大会,1R,,大分商,8,大崎,6,大分,長崎,,v1_3_workcopy.xlsx / 試合元帳,元帳あり・Web URL未登録,v1_3_workcopy.xlsx,level=regional;historical_reference=1;team1_pref=大分;team2_pref=長崎;legacy_note=延長10回、タイブレーク
2023,spring,kyushu,,,2023春季九州地区大会,1R,,ウェルネス沖縄,6,城北,1,沖縄,熊本,,v1_3_workcopy.xlsx / 試合元帳,元帳あり・Web URL未登録,v1_3_workcopy.xlsx,level=regional;historical_reference=1;team1_pref=沖縄;team2_pref=熊本
2023,spring,kyushu,,,2023春季九州地区大会,1R,,文徳,9,沖縄尚学,4,熊本,沖縄,,v1_3_workcopy.xlsx / 試合元帳,元帳あり・Web URL未登録,v1_3_workcopy.xlsx,level=regional;historical_reference=1;team1_pref=熊本;team2_pref=沖縄
2023,spring,kyushu,,,2023春季九州地区大会,1R,,佐賀北,7,熊本商,0,佐賀,熊本,,v1_3_workcopy.xlsx / 試合元帳,元帳あり・Web URL未登録,v1_3_workcopy.xlsx,level=regional;historical_reference=1;team1_pref=佐賀;team2_pref=熊本;legacy_note=7回コールド
2023,spring,kyushu,,,2023春季九州地区大会,1R,,西日本短大付,4,長崎日大,0,福岡,長崎,,v1_3_workcopy.xlsx / 試合元帳,元帳あり・Web URL未登録,v1_3_workcopy.xlsx,level=regional;historical_reference=1;team1_pref=福岡;team2_pref=長崎
2023,spring,kyushu,,,2023春季九州地区大会,1R,,大分舞鶴,6,鹿児島城西,3,大分,鹿児島,,v1_3_workcopy.xlsx / 試合元帳,元帳あり・Web URL未登録,v1_3_workcopy.xlsx,level=regional;historical_reference=1;team1_pref=大分;team2_pref=鹿児島
2023,spring,kyushu,,,2023春季九州地区大会,QF,,有明,4,大分商,1,熊本,大分,,v1_3_workcopy.xlsx / 試合元帳,元帳あり・Web URL未登録,v1_3_workcopy.xlsx,level=regional;historical_reference=1;team1_pref=熊本;team2_pref=大分
2023,spring,kyushu,,,2023春季九州地区大会,QF,,福岡大大濠,9,ウェルネス沖縄,2,福岡,沖縄,,v1_3_workcopy.xlsx / 試合元帳,元帳あり・Web URL未登録,v1_3_workcopy.xlsx,level=regional;historical_reference=1;team1_pref=福岡;team2_pref=沖縄;legacy_note=7回コールド
2023,spring,kyushu,,,2023春季九州地区大会,QF,,大分舞鶴,6,文徳,2,大分,熊本,,v1_3_workcopy.xlsx / 試合元帳,元帳あり・Web URL未登録,v1_3_workcopy.xlsx,level=regional;historical_reference=1;team1_pref=大分;team2_pref=熊本
2023,spring,kyushu,,,2023春季九州地区大会,QF,,西日本短大付,6,佐賀北,0,福岡,佐賀,,v1_3_workcopy.xlsx / 試合元帳,元帳あり・Web URL未登録,v1_3_workcopy.xlsx,level=regional;historical_reference=1;team1_pref=福岡;team2_pref=佐賀
2023,spring,kyushu,,,2023春季九州地区大会,SF,,有明,3,福岡大大濠,2,熊本,福岡,,v1_3_workcopy.xlsx / 試合元帳,元帳あり・Web URL未登録,v1_3_workcopy.xlsx,level=regional;historical_reference=1;team1_pref=熊本;team2_pref=福岡
2023,spring,kyushu,,,2023春季九州地区大会,SF,,大分舞鶴,7,西日本短大付,0,大分,福岡,,v1_3_workcopy.xlsx / 試合元帳,元帳あり・Web URL未登録,v1_3_workcopy.xlsx,level=regional;historical_reference=1;team1_pref=大分;team2_pref=福岡;legacy_note=7回コールド
2023,spring,kyushu,,,2023春季九州地区大会,F,,有明,16,大分舞鶴,3,熊本,大分,,v1_3_workcopy.xlsx / 試合元帳,元帳あり・Web URL未登録,v1_3_workcopy.xlsx,level=regional;historical_reference=1;team1_pref=熊本;team2_pref=大分
2023,koshien,national,,,2023選手権,1R,,土浦日大,8,上田西,3,茨城,長野,,v1_3_workcopy.xlsx / 試合元帳,元帳あり・Web URL未登録,v1_3_workcopy.xlsx,level=national;historical_reference=1;team1_pref=茨城;team2_pref=長野;legacy_note=延長10回、タイブレーク
2023,koshien,national,,,2023選手権,1R,,聖光学院,9,共栄学園,3,福島,東京,,v1_3_workcopy.xlsx / 試合元帳,元帳あり・Web URL未登録,v1_3_workcopy.xlsx,level=national;historical_reference=1;team1_pref=福島;team2_pref=東京
2023,koshien,national,,,2023選手権,1R,,仙台育英,19,浦和学院,9,宮城,埼玉,,v1_3_workcopy.xlsx / 試合元帳,元帳あり・Web URL未登録,v1_3_workcopy.xlsx,level=national;historical_reference=1;team1_pref=宮城;team2_pref=埼玉
2023,koshien,national,,,2023選手権,1R,,高知中央,9,川之江,4,高知,愛媛,,v1_3_workcopy.xlsx / 試合元帳,元帳あり・Web URL未登録,v1_3_workcopy.xlsx,level=national;historical_reference=1;team1_pref=高知;team2_pref=愛媛
2023,koshien,national,,,2023選手権,1R,,履正社,6,鳥取商,0,大阪,鳥取,,v1_3_workcopy.xlsx / 試合元帳,元帳あり・Web URL未登録,v1_3_workcopy.xlsx,level=national;historical_reference=1;team1_pref=大阪;team2_pref=鳥取
2023,koshien,national,,,2023選手権,1R,,智弁学園,7,英明,6,奈良,香川,,v1_3_workcopy.xlsx / 試合元帳,元帳あり・Web URL未登録,v1_3_workcopy.xlsx,level=national;historical_reference=1;team1_pref=奈良;team2_pref=香川;legacy_note=延長10回サヨナラ、タイブレーク
2023,koshien,national,,,2023選手権,1R,,徳島商,2,愛工大名電,1,徳島,愛知,,v1_3_workcopy.xlsx / 試合元帳,元帳あり・Web URL未登録,v1_3_workcopy.xlsx,level=national;historical_reference=1;team1_pref=徳島;team2_pref=愛知
2023,koshien,national,,,2023選手権,1R,,花巻東,4,宇部鴻城,1,岩手,山口,,v1_3_workcopy.xlsx / 試合元帳,元帳あり・Web URL未登録,v1_3_workcopy.xlsx,level=national;historical_reference=1;team1_pref=岩手;team2_pref=山口
2023,koshien,national,,,2023選手権,1R,,クラーク国際,7,前橋商,1,北海道,群馬,,v1_3_workcopy.xlsx / 試合元帳,元帳あり・Web URL未登録,v1_3_workcopy.xlsx,level=national;historical_reference=1;team1_pref=北海道;team2_pref=群馬
2023,koshien,national,,,2023選手権,1R,,おかやま山陽,9,日大山形,2,岡山,山形,,v1_3_workcopy.xlsx / 試合元帳,元帳あり・Web URL未登録,v1_3_workcopy.xlsx,level=national;historical_reference=1;team1_pref=岡山;team2_pref=山形
2023,koshien,national,,,2023選手権,1R,,大垣日大,7,近江,2,岐阜,滋賀,,v1_3_workcopy.xlsx / 試合元帳,元帳あり・Web URL未登録,v1_3_workcopy.xlsx,level=national;historical_reference=1;team1_pref=岐阜;team2_pref=滋賀
2023,koshien,national,,,2023選手権,1R,,鳥栖工,3,富山商,2,佐賀,富山,,v1_3_workcopy.xlsx / 試合元帳,元帳あり・Web URL未登録,v1_3_workcopy.xlsx,level=national;historical_reference=1;team1_pref=佐賀;team2_pref=富山;legacy_note=延長12回サヨナラ、タイブレーク
2023,koshien,national,,,2023選手権,1R,,日大三,3,社,0,東京,兵庫,,v1_3_workcopy.xlsx / 試合元帳,元帳あり・Web URL未登録,v1_3_workcopy.xlsx,level=national;historical_reference=1;team1_pref=東京;team2_pref=兵庫
2023,koshien,national,,,2023選手権,1R,,市和歌山,5,東京学館新潟,4,和歌山,新潟,,v1_3_workcopy.xlsx / 試合元帳,元帳あり・Web URL未登録,v1_3_workcopy.xlsx,level=national;historical_reference=1;team1_pref=和歌山;team2_pref=新潟
2023,koshien,national,,,2023選手権,1R,,神村学園,10,立命館宇治,2,鹿児島,京都,,v1_3_workcopy.xlsx / 試合元帳,元帳あり・Web URL未登録,v1_3_workcopy.xlsx,level=national;historical_reference=1;team1_pref=鹿児島;team2_pref=京都
2023,koshien,national,,,2023選手権,1R,,浜松開誠館,5,東海大熊本星翔,2,静岡,熊本,,v1_3_workcopy.xlsx / 試合元帳,元帳あり・Web URL未登録,v1_3_workcopy.xlsx,level=national;historical_reference=1;team1_pref=静岡;team2_pref=熊本
2023,koshien,national,,,2023選手権,1R,,北海,9,明豊,8,北海道,大分,,v1_3_workcopy.xlsx / 試合元帳,元帳あり・Web URL未登録,v1_3_workcopy.xlsx,level=national;historical_reference=1;team1_pref=北海道;team2_pref=大分;legacy_note=延長10回サヨナラ、タイブレーク
2023,koshien,national,,,2023選手権,2R,,創成館,6,星稜,3,長崎,石川,,v1_3_workcopy.xlsx / 試合元帳,元帳あり・Web URL未登録,v1_3_workcopy.xlsx,level=national;historical_reference=1;team1_pref=長崎;team2_pref=石川
2023,koshien,national,,,2023選手権,2R,,沖縄尚学,3,いなべ総合,0,沖縄,三重,,v1_3_workcopy.xlsx / 試合元帳,元帳あり・Web URL未登録,v1_3_workcopy.xlsx,level=national;historical_reference=1;team1_pref=沖縄;team2_pref=三重
2023,koshien,national,,,2023選手権,2R,,広陵,8,立正大淞南,3,広島,島根,,v1_3_workcopy.xlsx / 試合元帳,元帳あり・Web URL未登録,v1_3_workcopy.xlsx,level=national;historical_reference=1;team1_pref=広島;team2_pref=島根
2023,koshien,national,,,2023選手権,2R,,慶応,9,北陸,4,神奈川,福井,,v1_3_workcopy.xlsx / 試合元帳,元帳あり・Web URL未登録,v1_3_workcopy.xlsx,level=national;historical_reference=1;team1_pref=神奈川;team2_pref=福井
2023,koshien,national,,,2023選手権,2R,,文星芸大付,9,宮崎学園,7,栃木,宮崎,,v1_3_workcopy.xlsx / 試合元帳,元帳あり・Web URL未登録,v1_3_workcopy.xlsx,level=national;historical_reference=1;team1_pref=栃木;team2_pref=宮崎
2023,koshien,national,,,2023選手権,2R,,八戸学院光星,7,明桜,0,青森,秋田,,v1_3_workcopy.xlsx / 試合元帳,元帳あり・Web URL未登録,v1_3_workcopy.xlsx,level=national;historical_reference=1;team1_pref=青森;team2_pref=秋田
2023,koshien,national,,,2023選手権,2R,,専大松戸,7,東海大甲府,5,千葉,山梨,,v1_3_workcopy.xlsx / 試合元帳,元帳あり・Web URL未登録,v1_3_workcopy.xlsx,level=national;historical_reference=1;team1_pref=千葉;team2_pref=山梨
2023,koshien,national,,,2023選手権,2R,,土浦日大,3,九州国際大付,0,茨城,福岡,,v1_3_workcopy.xlsx / 試合元帳,元帳あり・Web URL未登録,v1_3_workcopy.xlsx,level=national;historical_reference=1;team1_pref=茨城;team2_pref=福岡
2023,koshien,national,,,2023選手権,2R,,仙台育英,8,聖光学院,2,宮城,福島,,v1_3_workcopy.xlsx / 試合元帳,元帳あり・Web URL未登録,v1_3_workcopy.xlsx,level=national;historical_reference=1;team1_pref=宮城;team2_pref=福島
2023,koshien,national,,,2023選手権,2R,,履正社,10,高知中央,4,大阪,高知,,v1_3_workcopy.xlsx / 試合元帳,元帳あり・Web URL未登録,v1_3_workcopy.xlsx,level=national;historical_reference=1;team1_pref=大阪;team2_pref=高知
2023,koshien,national,,,2023選手権,2R,,智弁学園,12,徳島商,6,奈良,徳島,,v1_3_workcopy.xlsx / 試合元帳,元帳あり・Web URL未登録,v1_3_workcopy.xlsx,level=national;historical_reference=1;team1_pref=奈良;team2_pref=徳島
2023,koshien,national,,,2023選手権,2R,,花巻東,2,クラーク国際,1,岩手,北海道,,v1_3_workcopy.xlsx / 試合元帳,元帳あり・Web URL未登録,v1_3_workcopy.xlsx,level=national;historical_reference=1;team1_pref=岩手;team2_pref=北海道
2023,koshien,national,,,2023選手権,2R,,おかやま山陽,4,大垣日大,3,岡山,岐阜,,v1_3_workcopy.xlsx / 試合元帳,元帳あり・Web URL未登録,v1_3_workcopy.xlsx,level=national;historical_reference=1;team1_pref=岡山;team2_pref=岐阜;legacy_note=延長10回サヨナラ、タイブレーク
2023,koshien,national,,,2023選手権,2R,,日大三,3,鳥栖工,1,東京,佐賀,,v1_3_workcopy.xlsx / 試合元帳,元帳あり・Web URL未登録,v1_3_workcopy.xlsx,level=national;historical_reference=1;team1_pref=東京;team2_pref=佐賀
2023,koshien,national,,,2023選手権,2R,,神村学園,11,市和歌山,1,鹿児島,和歌山,,v1_3_workcopy.xlsx / 試合元帳,元帳あり・Web URL未登録,v1_3_workcopy.xlsx,level=national;historical_reference=1;team1_pref=鹿児島;team2_pref=和歌山
2023,koshien,national,,,2023選手権,2R,,北海,3,浜松開誠館,2,北海道,静岡,,v1_3_workcopy.xlsx / 試合元帳,元帳あり・Web URL未登録,v1_3_workcopy.xlsx,level=national;historical_reference=1;team1_pref=北海道;team2_pref=静岡;legacy_note=サヨナラ
2023,koshien,national,,,2023選手権,3R,,沖縄尚学,5,創成館,1,沖縄,長崎,,v1_3_workcopy.xlsx / 試合元帳,元帳あり・Web URL未登録,v1_3_workcopy.xlsx,level=national;historical_reference=1;team1_pref=沖縄;team2_pref=長崎
2023,koshien,national,,,2023選手権,3R,,慶応,6,広陵,3,神奈川,広島,,v1_3_workcopy.xlsx / 試合元帳,元帳あり・Web URL未登録,v1_3_workcopy.xlsx,level=national;historical_reference=1;team1_pref=神奈川;team2_pref=広島;legacy_note=延長10回、タイブレーク
2023,koshien,national,,,2023選手権,3R,,八戸学院光星,6,文星芸大付,3,青森,栃木,,v1_3_workcopy.xlsx / 試合元帳,元帳あり・Web URL未登録,v1_3_workcopy.xlsx,level=national;historical_reference=1;team1_pref=青森;team2_pref=栃木
2023,koshien,national,,,2023選手権,3R,,土浦日大,10,専大松戸,6,茨城,千葉,,v1_3_workcopy.xlsx / 試合元帳,元帳あり・Web URL未登録,v1_3_workcopy.xlsx,level=national;historical_reference=1;team1_pref=茨城;team2_pref=千葉
2023,koshien,national,,,2023選手権,3R,,仙台育英,4,履正社,3,宮城,大阪,,v1_3_workcopy.xlsx / 試合元帳,元帳あり・Web URL未登録,v1_3_workcopy.xlsx,level=national;historical_reference=1;team1_pref=宮城;team2_pref=大阪
2023,koshien,national,,,2023選手権,3R,,花巻東,5,智弁学園,2,岩手,奈良,,v1_3_workcopy.xlsx / 試合元帳,元帳あり・Web URL未登録,v1_3_workcopy.xlsx,level=national;historical_reference=1;team1_pref=岩手;team2_pref=奈良
2023,koshien,national,,,2023選手権,3R,,おかやま山陽,7,日大三,2,岡山,東京,,v1_3_workcopy.xlsx / 試合元帳,元帳あり・Web URL未登録,v1_3_workcopy.xlsx,level=national;historical_reference=1;team1_pref=岡山;team2_pref=東京
2023,koshien,national,,,2023選手権,3R,,神村学園,10,北海,4,鹿児島,北海道,,v1_3_workcopy.xlsx / 試合元帳,元帳あり・Web URL未登録,v1_3_workcopy.xlsx,level=national;historical_reference=1;team1_pref=鹿児島;team2_pref=北海道
2023,koshien,national,,,2023選手権,QF,,慶応,7,沖縄尚学,2,神奈川,沖縄,,v1_3_workcopy.xlsx / 試合元帳,元帳あり・Web URL未登録,v1_3_workcopy.xlsx,level=national;historical_reference=1;team1_pref=神奈川;team2_pref=沖縄
2023,koshien,national,,,2023選手権,QF,,土浦日大,9,八戸学院光星,2,茨城,青森,,v1_3_workcopy.xlsx / 試合元帳,元帳あり・Web URL未登録,v1_3_workcopy.xlsx,level=national;historical_reference=1;team1_pref=茨城;team2_pref=青森
2023,koshien,national,,,2023選手権,QF,,仙台育英,9,花巻東,4,宮城,岩手,,v1_3_workcopy.xlsx / 試合元帳,元帳あり・Web URL未登録,v1_3_workcopy.xlsx,level=national;historical_reference=1;team1_pref=宮城;team2_pref=岩手
2023,koshien,national,,,2023選手権,QF,,神村学園,6,おかやま山陽,0,鹿児島,岡山,,v1_3_workcopy.xlsx / 試合元帳,元帳あり・Web URL未登録,v1_3_workcopy.xlsx,level=national;historical_reference=1;team1_pref=鹿児島;team2_pref=岡山
2023,koshien,national,,,2023選手権,SF,,仙台育英,6,神村学園,2,宮城,鹿児島,,v1_3_workcopy.xlsx / 試合元帳,元帳あり・Web URL未登録,v1_3_workcopy.xlsx,level=national;historical_reference=1;team1_pref=宮城;team2_pref=鹿児島
2023,koshien,national,,,2023選手権,SF,,慶応,2,土浦日大,0,神奈川,茨城,,v1_3_workcopy.xlsx / 試合元帳,元帳あり・Web URL未登録,v1_3_workcopy.xlsx,level=national;historical_reference=1;team1_pref=神奈川;team2_pref=茨城
2023,koshien,national,,,2023選手権,F,,慶応,8,仙台育英,2,神奈川,宮城,,v1_3_workcopy.xlsx / 試合元帳,元帳あり・Web URL未登録,v1_3_workcopy.xlsx,level=national;historical_reference=1;team1_pref=神奈川;team2_pref=宮城
2023,autumn,hokkaido,,,2023秋季北海道地区大会,1R,,駒大苫小牧,4,北星大付,1,北海道,北海道,,v1_3_workcopy.xlsx / 試合元帳,元帳あり・Web URL未登録,v1_3_workcopy.xlsx,level=regional;historical_reference=1;team1_pref=北海道;team2_pref=北海道
2023,autumn,hokkaido,,,2023秋季北海道地区大会,1R,,札幌第一,6,函館大柏稜,5,北海道,北海道,,v1_3_workcopy.xlsx / 試合元帳,元帳あり・Web URL未登録,v1_3_workcopy.xlsx,level=regional;historical_reference=1;team1_pref=北海道;team2_pref=北海道
2023,autumn,hokkaido,,,2023秋季北海道地区大会,1R,,旭川実,4,北照,3,北海道,北海道,,v1_3_workcopy.xlsx / 試合元帳,元帳あり・Web URL未登録,v1_3_workcopy.xlsx,level=regional;historical_reference=1;team1_pref=北海道;team2_pref=北海道;legacy_note=延長10回サヨナラ、タイブレーク
2023,autumn,hokkaido,,,2023秋季北海道地区大会,1R,,札幌国際情報,6,白樺学園,5,北海道,北海道,,v1_3_workcopy.xlsx / 試合元帳,元帳あり・Web URL未登録,v1_3_workcopy.xlsx,level=regional;historical_reference=1;team1_pref=北海道;team2_pref=北海道;legacy_note=サヨナラ
2023,autumn,hokkaido,,,2023秋季北海道地区大会,2R,,北海,9,稚内大谷,0,北海道,北海道,,v1_3_workcopy.xlsx / 試合元帳,元帳あり・Web URL未登録,v1_3_workcopy.xlsx,level=regional;historical_reference=1;team1_pref=北海道;team2_pref=北海道;legacy_note=7回コールド
2023,autumn,hokkaido,,,2023秋季北海道地区大会,2R,,別海,4,苫小牧中央,3,北海道,北海道,,v1_3_workcopy.xlsx / 試合元帳,元帳あり・Web URL未登録,v1_3_workcopy.xlsx,level=regional;historical_reference=1;team1_pref=北海道;team2_pref=北海道;legacy_note=サヨナラ
2023,autumn,hokkaido,,,2023秋季北海道地区大会,2R,,とわの森三愛,5,札幌大谷,1,北海道,北海道,,v1_3_workcopy.xlsx / 試合元帳,元帳あり・Web URL未登録,v1_3_workcopy.xlsx,level=regional;historical_reference=1;team1_pref=北海道;team2_pref=北海道
2023,autumn,hokkaido,,,2023秋季北海道地区大会,2R,,帯広大谷,9,北見柏陽,2,北海道,北海道,,v1_3_workcopy.xlsx / 試合元帳,元帳あり・Web URL未登録,v1_3_workcopy.xlsx,level=regional;historical_reference=1;team1_pref=北海道;team2_pref=北海道;legacy_note=8回コールド
2023,autumn,hokkaido,,,2023秋季北海道地区大会,2R,,クラーク国際,3,駒大苫小牧,2,北海道,北海道,,v1_3_workcopy.xlsx / 試合元帳,元帳あり・Web URL未登録,v1_3_workcopy.xlsx,level=regional;historical_reference=1;team1_pref=北海道;team2_pref=北海道
2023,autumn,hokkaido,,,2023秋季北海道地区大会,2R,,知内,4,札幌第一,3,北海道,北海道,,v1_3_workcopy.xlsx / 試合元帳,元帳あり・Web URL未登録,v1_3_workcopy.xlsx,level=regional;historical_reference=1;team1_pref=北海道;team2_pref=北海道;legacy_note=サヨナラ
2023,autumn,hokkaido,,,2023秋季北海道地区大会,2R,,東海大札幌,5,旭川実,3,北海道,北海道,,v1_3_workcopy.xlsx / 試合元帳,元帳あり・Web URL未登録,v1_3_workcopy.xlsx,level=regional;historical_reference=1;team1_pref=北海道;team2_pref=北海道
2023,autumn,hokkaido,,,2023秋季北海道地区大会,2R,,札幌国際情報,7,旭川北,2,北海道,北海道,,v1_3_workcopy.xlsx / 試合元帳,元帳あり・Web URL未登録,v1_3_workcopy.xlsx,level=regional;historical_reference=1;team1_pref=北海道;team2_pref=北海道
2023,autumn,hokkaido,,,2023秋季北海道地区大会,QF,,北海,10,クラーク国際,0,北海道,北海道,,v1_3_workcopy.xlsx / 試合元帳,元帳あり・Web URL未登録,v1_3_workcopy.xlsx,level=regional;historical_reference=1;team1_pref=北海道;team2_pref=北海道;legacy_note=7回コールド
2023,autumn,hokkaido,,,2023秋季北海道地区大会,QF,,別海,4,知内,3,北海道,北海道,,v1_3_workcopy.xlsx / 試合元帳,元帳あり・Web URL未登録,v1_3_workcopy.xlsx,level=regional;historical_reference=1;team1_pref=北海道;team2_pref=北海道;legacy_note=延長10回、タイブレーク
2023,autumn,hokkaido,,,2023秋季北海道地区大会,QF,,東海大札幌,8,とわの森三愛,2,北海道,北海道,,v1_3_workcopy.xlsx / 試合元帳,元帳あり・Web URL未登録,v1_3_workcopy.xlsx,level=regional;historical_reference=1;team1_pref=北海道;team2_pref=北海道
2023,autumn,hokkaido,,,2023秋季北海道地区大会,QF,,帯広大谷,4,札幌国際情報,2,北海道,北海道,,v1_3_workcopy.xlsx / 試合元帳,元帳あり・Web URL未登録,v1_3_workcopy.xlsx,level=regional;historical_reference=1;team1_pref=北海道;team2_pref=北海道
2023,autumn,hokkaido,,,2023秋季北海道地区大会,SF,,北海,6,別海,1,北海道,北海道,,v1_3_workcopy.xlsx / 試合元帳,元帳あり・Web URL未登録,v1_3_workcopy.xlsx,level=regional;historical_reference=1;team1_pref=北海道;team2_pref=北海道
2023,autumn,hokkaido,,,2023秋季北海道地区大会,SF,,東海大札幌,4,帯広大谷,2,北海道,北海道,,v1_3_workcopy.xlsx / 試合元帳,元帳あり・Web URL未登録,v1_3_workcopy.xlsx,level=regional;historical_reference=1;team1_pref=北海道;team2_pref=北海道
2023,autumn,hokkaido,,,2023秋季北海道地区大会,F,,北海,8,東海大札幌,4,北海道,北海道,,v1_3_workcopy.xlsx / 試合元帳,元帳あり・Web URL未登録,v1_3_workcopy.xlsx,level=regional;historical_reference=1;team1_pref=北海道;team2_pref=北海道;legacy_note=延長10回
2023,autumn,tohoku,,,2023秋季東北地区大会,1R,,学法石川,8,盛岡中央,5,福島,岩手,,v1_3_workcopy.xlsx / 試合元帳,元帳あり・Web URL未登録,v1_3_workcopy.xlsx,level=regional;historical_reference=1;team1_pref=福島;team2_pref=岩手
2023,autumn,tohoku,,,2023秋季東北地区大会,1R,,聖愛,6,明桜,4,青森,秋田,,v1_3_workcopy.xlsx / 試合元帳,元帳あり・Web URL未登録,v1_3_workcopy.xlsx,level=regional;historical_reference=1;team1_pref=青森;team2_pref=秋田;legacy_note=延長11回、タイブレーク
2023,autumn,tohoku,,,2023秋季東北地区大会,2R,,秋田修英,9,古川学園,6,秋田,宮城,,v1_3_workcopy.xlsx / 試合元帳,元帳あり・Web URL未登録,v1_3_workcopy.xlsx,level=regional;historical_reference=1;team1_pref=秋田;team2_pref=宮城;legacy_note=延長11回、タイブレーク
2023,autumn,tohoku,,,2023秋季東北地区大会,2R,,学法石川,2,聖和学園,1,福島,宮城,,v1_3_workcopy.xlsx / 試合元帳,元帳あり・Web URL未登録,v1_3_workcopy.xlsx,level=regional;historical_reference=1;team1_pref=福島;team2_pref=宮城
2023,autumn,tohoku,,,2023秋季東北地区大会,2R,,日大山形,7,聖光学院,3,山形,福島,,v1_3_workcopy.xlsx / 試合元帳,元帳あり・Web URL未登録,v1_3_workcopy.xlsx,level=regional;historical_reference=1;team1_pref=山形;team2_pref=福島
2023,autumn,tohoku,,,2023秋季東北地区大会,2R,,一関学院,3,光南,0,岩手,福島,,v1_3_workcopy.xlsx / 試合元帳,元帳あり・Web URL未登録,v1_3_workcopy.xlsx,level=regional;historical_reference=1;team1_pref=岩手;team2_pref=福島
2023,autumn,tohoku,,,2023秋季東北地区大会,2R,,青森山田,9,羽黒,8,青森,山形,,v1_3_workcopy.xlsx / 試合元帳,元帳あり・Web URL未登録,v1_3_workcopy.xlsx,level=regional;historical_reference=1;team1_pref=青森;team2_pref=山形;legacy_note=延長13回サヨナラ、タイブレーク
2023,autumn,tohoku,,,2023秋季東北地区大会,2R,,金足農,3,久慈,2,秋田,岩手,,v1_3_workcopy.xlsx / 試合元帳,元帳あり・Web URL未登録,v1_3_workcopy.xlsx,level=regional;historical_reference=1;team1_pref=秋田;team2_pref=岩手;legacy_note=延長10回、タイブレーク
2023,autumn,tohoku,,,2023秋季東北地区大会,2R,,八戸学院光星,5,仙台一,2,青森,宮城,,v1_3_workcopy.xlsx / 試合元帳,元帳あり・Web URL未登録,v1_3_workcopy.xlsx,level=regional;historical_reference=1;team1_pref=青森;team2_pref=宮城
2023,autumn,tohoku,,,2023秋季東北地区大会,2R,,鶴岡東,7,聖愛,5,山形,青森,,v1_3_workcopy.xlsx / 試合元帳,元帳あり・Web URL未登録,v1_3_workcopy.xlsx,level=regional;historical_reference=1;team1_pref=山形;team2_pref=青森;legacy_note=延長10回、タイブレーク
2023,autumn,tohoku,,,2023秋季東北地区大会,QF,,学法石川,3,金足農,1,福島,秋田,,v1_3_workcopy.xlsx / 試合元帳,元帳あり・Web URL未登録,v1_3_workcopy.xlsx,level=regional;historical_reference=1;team1_pref=福島;team2_pref=秋田
2023,autumn,tohoku,,,2023秋季東北地区大会,QF,,八戸学院光星,8,日大山形,1,青森,山形,,v1_3_workcopy.xlsx / 試合元帳,元帳あり・Web URL未登録,v1_3_workcopy.xlsx,level=regional;historical_reference=1;team1_pref=青森;team2_pref=山形;legacy_note=7回コールド
2023,autumn,tohoku,,,2023秋季東北地区大会,QF,,青森山田,5,鶴岡東,1,青森,山形,,v1_3_workcopy.xlsx / 試合元帳,元帳あり・Web URL未登録,v1_3_workcopy.xlsx,level=regional;historical_reference=1;team1_pref=青森;team2_pref=山形
2023,autumn,tohoku,,,2023秋季東北地区大会,QF,,一関学院,4,秋田修英,1,岩手,秋田,,v1_3_workcopy.xlsx / 試合元帳,元帳あり・Web URL未登録,v1_3_workcopy.xlsx,level=regional;historical_reference=1;team1_pref=岩手;team2_pref=秋田
2023,autumn,tohoku,,,2023秋季東北地区大会,SF,,八戸学院光星,1,学法石川,0,青森,福島,,v1_3_workcopy.xlsx / 試合元帳,元帳あり・Web URL未登録,v1_3_workcopy.xlsx,level=regional;historical_reference=1;team1_pref=青森;team2_pref=福島
2023,autumn,tohoku,,,2023秋季東北地区大会,SF,,青森山田,4,一関学院,0,青森,岩手,,v1_3_workcopy.xlsx / 試合元帳,元帳あり・Web URL未登録,v1_3_workcopy.xlsx,level=regional;historical_reference=1;team1_pref=青森;team2_pref=岩手
2023,autumn,tohoku,,,2023秋季東北地区大会,F,,青森山田,3,八戸学院光星,0,青森,青森,,v1_3_workcopy.xlsx / 試合元帳,元帳あり・Web URL未登録,v1_3_workcopy.xlsx,level=regional;historical_reference=1;team1_pref=青森;team2_pref=青森
2023,autumn,kanto_tokyo,,,2023秋季関東地区大会,1R,,花咲徳栄,8,横浜,6,埼玉,神奈川,,v1_3_workcopy.xlsx / 試合元帳,元帳あり・Web URL未登録,v1_3_workcopy.xlsx,level=regional;historical_reference=1;team1_pref=埼玉;team2_pref=神奈川
2023,autumn,kanto_tokyo,,,2023秋季関東地区大会,1R,,帝京三,5,明和県央,0,山梨,群馬,,v1_3_workcopy.xlsx / 試合元帳,元帳あり・Web URL未登録,v1_3_workcopy.xlsx,level=regional;historical_reference=1;team1_pref=山梨;team2_pref=群馬
2023,autumn,kanto_tokyo,,,2023秋季関東地区大会,1R,,常総学院,9,専大松戸,2,茨城,千葉,,v1_3_workcopy.xlsx / 試合元帳,元帳あり・Web URL未登録,v1_3_workcopy.xlsx,level=regional;historical_reference=1;team1_pref=茨城;team2_pref=千葉;legacy_note=8回コールド
2023,autumn,kanto_tokyo,,,2023秋季関東地区大会,1R,,山梨学院,2,昌平,1,山梨,埼玉,,v1_3_workcopy.xlsx / 試合元帳,元帳あり・Web URL未登録,v1_3_workcopy.xlsx,level=regional;historical_reference=1;team1_pref=山梨;team2_pref=埼玉;legacy_note=延長11回、タイブレーク
2023,autumn,kanto_tokyo,,,2023秋季関東地区大会,1R,,健大高崎,7,鹿島学園,5,群馬,茨城,,v1_3_workcopy.xlsx / 試合元帳,元帳あり・Web URL未登録,v1_3_workcopy.xlsx,level=regional;historical_reference=1;team1_pref=群馬;team2_pref=茨城
2023,autumn,kanto_tokyo,,,2023秋季関東地区大会,1R,,中央学院,10,白鴎大足利,2,千葉,栃木,,v1_3_workcopy.xlsx / 試合元帳,元帳あり・Web URL未登録,v1_3_workcopy.xlsx,level=regional;historical_reference=1;team1_pref=千葉;team2_pref=栃木;legacy_note=8回コールド
2023,autumn,kanto_tokyo,,,2023秋季関東地区大会,1R,,桐光学園,6,文星芸大付,3,神奈川,栃木,,v1_3_workcopy.xlsx / 試合元帳,元帳あり・Web URL未登録,v1_3_workcopy.xlsx,level=regional;historical_reference=1;team1_pref=神奈川;team2_pref=栃木
2023,autumn,kanto_tokyo,,,2023秋季関東地区大会,QF,,常総学院,10,花咲徳栄,5,茨城,埼玉,,v1_3_workcopy.xlsx / 試合元帳,元帳あり・Web URL未登録,v1_3_workcopy.xlsx,level=regional;historical_reference=1;team1_pref=茨城;team2_pref=埼玉
2023,autumn,kanto_tokyo,,,2023秋季関東地区大会,QF,,作新学院,7,帝京三,2,栃木,山梨,,v1_3_workcopy.xlsx / 試合元帳,元帳あり・Web URL未登録,v1_3_workcopy.xlsx,level=regional;historical_reference=1;team1_pref=栃木;team2_pref=山梨
2023,autumn,kanto_tokyo,,,2023秋季関東地区大会,QF,,山梨学院,4,桐光学園,2,山梨,神奈川,,v1_3_workcopy.xlsx / 試合元帳,元帳あり・Web URL未登録,v1_3_workcopy.xlsx,level=regional;historical_reference=1;team1_pref=山梨;team2_pref=神奈川;legacy_note=延長11回、タイブレーク
2023,autumn,kanto_tokyo,,,2023秋季関東地区大会,QF,,健大高崎,4,中央学院,3,群馬,千葉,,v1_3_workcopy.xlsx / 試合元帳,元帳あり・Web URL未登録,v1_3_workcopy.xlsx,level=regional;historical_reference=1;team1_pref=群馬;team2_pref=千葉
2023,autumn,kanto_tokyo,,,2023秋季関東地区大会,SF,,山梨学院,3,健大高崎,2,山梨,群馬,,v1_3_workcopy.xlsx / 試合元帳,元帳あり・Web URL未登録,v1_3_workcopy.xlsx,level=regional;historical_reference=1;team1_pref=山梨;team2_pref=群馬
2023,autumn,kanto_tokyo,,,2023秋季関東地区大会,SF,,作新学院,7,常総学院,2,栃木,茨城,,v1_3_workcopy.xlsx / 試合元帳,元帳あり・Web URL未登録,v1_3_workcopy.xlsx,level=regional;historical_reference=1;team1_pref=栃木;team2_pref=茨城
2023,autumn,kanto_tokyo,,,2023秋季関東地区大会,F,,作新学院,13,山梨学院,4,栃木,山梨,,v1_3_workcopy.xlsx / 試合元帳,元帳あり・Web URL未登録,v1_3_workcopy.xlsx,level=regional;historical_reference=1;team1_pref=栃木;team2_pref=山梨
2023,autumn,kanto_tokyo,,,2023秋季東京地区大会,1R,,修徳,4,片倉,1,東京,東京,,v1_3_workcopy.xlsx / 試合元帳,元帳あり・Web URL未登録,v1_3_workcopy.xlsx,level=regional;historical_reference=1;team1_pref=東京;team2_pref=東京
2023,autumn,kanto_tokyo,,,2023秋季東京地区大会,1R,,共栄学園,3,板橋,0,東京,東京,,v1_3_workcopy.xlsx / 試合元帳,元帳あり・Web URL未登録,v1_3_workcopy.xlsx,level=regional;historical_reference=1;team1_pref=東京;team2_pref=東京
2023,autumn,kanto_tokyo,,,2023秋季東京地区大会,1R,,東海大菅生,5,桐朋,2,東京,東京,,v1_3_workcopy.xlsx / 試合元帳,元帳あり・Web URL未登録,v1_3_workcopy.xlsx,level=regional;historical_reference=1;team1_pref=東京;team2_pref=東京
2023,autumn,kanto_tokyo,,,2023秋季東京地区大会,1R,,武蔵丘,8,淵江,5,東京,東京,,v1_3_workcopy.xlsx / 試合元帳,元帳あり・Web URL未登録,v1_3_workcopy.xlsx,level=regional;historical_reference=1;team1_pref=東京;team2_pref=東京
2023,autumn,kanto_tokyo,,,2023秋季東京地区大会,1R,,岩倉,12,東農大一,0,東京,東京,,v1_3_workcopy.xlsx / 試合元帳,元帳あり・Web URL未登録,v1_3_workcopy.xlsx,level=regional;historical_reference=1;team1_pref=東京;team2_pref=東京;legacy_note=5回コールド
2023,autumn,kanto_tokyo,,,2023秋季東京地区大会,1R,,城西,9,明学東村山,7,東京,東京,,v1_3_workcopy.xlsx / 試合元帳,元帳あり・Web URL未登録,v1_3_workcopy.xlsx,level=regional;historical_reference=1;team1_pref=東京;team2_pref=東京
2023,autumn,kanto_tokyo,,,2023秋季東京地区大会,1R,,豊南,9,明星,2,東京,東京,,v1_3_workcopy.xlsx / 試合元帳,元帳あり・Web URL未登録,v1_3_workcopy.xlsx,level=regional;historical_reference=1;team1_pref=東京;team2_pref=東京;legacy_note=8回コールド
2023,autumn,kanto_tokyo,,,2023秋季東京地区大会,1R,,関東一,12,駒大高,0,東京,東京,,v1_3_workcopy.xlsx / 試合元帳,元帳あり・Web URL未登録,v1_3_workcopy.xlsx,level=regional;historical_reference=1;team1_pref=東京;team2_pref=東京;legacy_note=5回コールド
2023,autumn,kanto_tokyo,,,2023秋季東京地区大会,1R,,日体大荏原,9,桜丘,0,東京,東京,,v1_3_workcopy.xlsx / 試合元帳,元帳あり・Web URL未登録,v1_3_workcopy.xlsx,level=regional;historical_reference=1;team1_pref=東京;team2_pref=東京;legacy_note=7回コールド
2023,autumn,kanto_tokyo,,,2023秋季東京地区大会,1R,,高島,5,篠崎,1,東京,東京,,v1_3_workcopy.xlsx / 試合元帳,元帳あり・Web URL未登録,v1_3_workcopy.xlsx,level=regional;historical_reference=1;team1_pref=東京;team2_pref=東京
2023,autumn,kanto_tokyo,,,2023秋季東京地区大会,1R,,工学院大付,3,日野,2,東京,東京,,v1_3_workcopy.xlsx / 試合元帳,元帳あり・Web URL未登録,v1_3_workcopy.xlsx,level=regional;historical_reference=1;team1_pref=東京;team2_pref=東京
2023,autumn,kanto_tokyo,,,2023秋季東京地区大会,1R,,早稲田実,13,東京実,1,東京,東京,,v1_3_workcopy.xlsx / 試合元帳,元帳あり・Web URL未登録,v1_3_workcopy.xlsx,level=regional;historical_reference=1;team1_pref=東京;team2_pref=東京;legacy_note=5回コールド
2023,autumn,kanto_tokyo,,,2023秋季東京地区大会,1R,,創価,12,府中工科,2,東京,東京,,v1_3_workcopy.xlsx / 試合元帳,元帳あり・Web URL未登録,v1_3_workcopy.xlsx,level=regional;historical_reference=1;team1_pref=東京;team2_pref=東京;legacy_note=5回コールド
2023,autumn,kanto_tokyo,,,2023秋季東京地区大会,1R,,聖パウロ学園,4,八王子実践,2,東京,東京,,v1_3_workcopy.xlsx / 試合元帳,元帳あり・Web URL未登録,v1_3_workcopy.xlsx,level=regional;historical_reference=1;team1_pref=東京;team2_pref=東京
2023,autumn,kanto_tokyo,,,2023秋季東京地区大会,1R,,安田学園,6,総合工科,1,東京,東京,,v1_3_workcopy.xlsx / 試合元帳,元帳あり・Web URL未登録,v1_3_workcopy.xlsx,level=regional;historical_reference=1;team1_pref=東京;team2_pref=東京
2023,autumn,kanto_tokyo,,,2023秋季東京地区大会,1R,,日大鶴ヶ丘,5,拓大一,0,東京,東京,,v1_3_workcopy.xlsx / 試合元帳,元帳あり・Web URL未登録,v1_3_workcopy.xlsx,level=regional;historical_reference=1;team1_pref=東京;team2_pref=東京
2023,autumn,kanto_tokyo,,,2023秋季東京地区大会,1R,,昭和,2,大東大一,1,東京,東京,,v1_3_workcopy.xlsx / 試合元帳,元帳あり・Web URL未登録,v1_3_workcopy.xlsx,level=regional;historical_reference=1;team1_pref=東京;team2_pref=東京
2023,autumn,kanto_tokyo,,,2023秋季東京地区大会,1R,,早大学院,10,日比谷,0,東京,東京,,v1_3_workcopy.xlsx / 試合元帳,元帳あり・Web URL未登録,v1_3_workcopy.xlsx,level=regional;historical_reference=1;team1_pref=東京;team2_pref=東京;legacy_note=5回コールド
2023,autumn,kanto_tokyo,,,2023秋季東京地区大会,1R,,桜美林,9,東京,2,東京,東京,,v1_3_workcopy.xlsx / 試合元帳,元帳あり・Web URL未登録,v1_3_workcopy.xlsx,level=regional;historical_reference=1;team1_pref=東京;team2_pref=東京;legacy_note=7回コールド
2023,autumn,kanto_tokyo,,,2023秋季東京地区大会,1R,,文京,7,法政大高,0,東京,東京,,v1_3_workcopy.xlsx / 試合元帳,元帳あり・Web URL未登録,v1_3_workcopy.xlsx,level=regional;historical_reference=1;team1_pref=東京;team2_pref=東京;legacy_note=7回コールド
2023,autumn,kanto_tokyo,,,2023秋季東京地区大会,1R,,紅葉川,3,明治,1,東京,東京,,v1_3_workcopy.xlsx / 試合元帳,元帳あり・Web URL未登録,v1_3_workcopy.xlsx,level=regional;historical_reference=1;team1_pref=東京;team2_pref=東京
2023,autumn,kanto_tokyo,,,2023秋季東京地区大会,1R,,国士舘,10,八王子北,0,東京,東京,,v1_3_workcopy.xlsx / 試合元帳,元帳あり・Web URL未登録,v1_3_workcopy.xlsx,level=regional;historical_reference=1;team1_pref=東京;team2_pref=東京;legacy_note=5回コールド
2023,autumn,kanto_tokyo,,,2023秋季東京地区大会,1R,,専大付,5,京華商,4,東京,東京,,v1_3_workcopy.xlsx / 試合元帳,元帳あり・Web URL未登録,v1_3_workcopy.xlsx,level=regional;historical_reference=1;team1_pref=東京;team2_pref=東京;legacy_note=サヨナラ
2023,autumn,kanto_tokyo,,,2023秋季東京地区大会,1R,,小平南,6,麻布,3,東京,東京,,v1_3_workcopy.xlsx / 試合元帳,元帳あり・Web URL未登録,v1_3_workcopy.xlsx,level=regional;historical_reference=1;team1_pref=東京;team2_pref=東京
2023,autumn,kanto_tokyo,,,2023秋季東京地区大会,1R,,日大三,10,小山台,4,東京,東京,,v1_3_workcopy.xlsx / 試合元帳,元帳あり・Web URL未登録,v1_3_workcopy.xlsx,level=regional;historical_reference=1;team1_pref=東京;team2_pref=東京
2023,autumn,kanto_tokyo,,,2023秋季東京地区大会,1R,,日大豊山,10,立川,0,東京,東京,,v1_3_workcopy.xlsx / 試合元帳,元帳あり・Web URL未登録,v1_3_workcopy.xlsx,level=regional;historical_reference=1;team1_pref=東京;team2_pref=東京;legacy_note=6回コールド
2023,autumn,kanto_tokyo,,,2023秋季東京地区大会,1R,,二松学舎大付,15,駒場学園,8,東京,東京,,v1_3_workcopy.xlsx / 試合元帳,元帳あり・Web URL未登録,v1_3_workcopy.xlsx,level=regional;historical_reference=1;team1_pref=東京;team2_pref=東京;legacy_note=7回コールド
2023,autumn,kanto_tokyo,,,2023秋季東京地区大会,1R,,佼成学園,8,清瀬,0,東京,東京,,v1_3_workcopy.xlsx / 試合元帳,元帳あり・Web URL未登録,v1_3_workcopy.xlsx,level=regional;historical_reference=1;team1_pref=東京;team2_pref=東京;legacy_note=7回コールド
2023,autumn,kanto_tokyo,,,2023秋季東京地区大会,1R,,明大中野,10,葛飾商,0,東京,東京,,v1_3_workcopy.xlsx / 試合元帳,元帳あり・Web URL未登録,v1_3_workcopy.xlsx,level=regional;historical_reference=1;team1_pref=東京;team2_pref=東京;legacy_note=5回コールド
2023,autumn,kanto_tokyo,,,2023秋季東京地区大会,1R,,明大中野八王子,3,上野学園,1,東京,東京,,v1_3_workcopy.xlsx / 試合元帳,元帳あり・Web URL未登録,v1_3_workcopy.xlsx,level=regional;historical_reference=1;team1_pref=東京;team2_pref=東京
2023,autumn,kanto_tokyo,,,2023秋季東京地区大会,1R,,日大一,9,城北,8,東京,東京,,v1_3_workcopy.xlsx / 試合元帳,元帳あり・Web URL未登録,v1_3_workcopy.xlsx,level=regional;historical_reference=1;team1_pref=東京;team2_pref=東京
2023,autumn,kanto_tokyo,,,2023秋季東京地区大会,1R,,日大二,14,青山学院,2,東京,東京,,v1_3_workcopy.xlsx / 試合元帳,元帳あり・Web URL未登録,v1_3_workcopy.xlsx,level=regional;historical_reference=1;team1_pref=東京;team2_pref=東京;legacy_note=5回コールド
2023,autumn,kanto_tokyo,,,2023秋季東京地区大会,2R,,日大二,2,佼成学園,1,東京,東京,,v1_3_workcopy.xlsx / 試合元帳,元帳あり・Web URL未登録,v1_3_workcopy.xlsx,level=regional;historical_reference=1;team1_pref=東京;team2_pref=東京;legacy_note=延長10回、タイブレーク
2023,autumn,kanto_tokyo,,,2023秋季東京地区大会,2R,,二松学舎大付,15,日大三,8,東京,東京,,v1_3_workcopy.xlsx / 試合元帳,元帳あり・Web URL未登録,v1_3_workcopy.xlsx,level=regional;historical_reference=1;team1_pref=東京;team2_pref=東京;legacy_note=8回コールド
2023,autumn,kanto_tokyo,,,2023秋季東京地区大会,2R,,早大学院,14,小平南,0,東京,東京,,v1_3_workcopy.xlsx / 試合元帳,元帳あり・Web URL未登録,v1_3_workcopy.xlsx,level=regional;historical_reference=1;team1_pref=東京;team2_pref=東京;legacy_note=5回コールド
2023,autumn,kanto_tokyo,,,2023秋季東京地区大会,2R,,日大豊山,9,日大一,2,東京,東京,,v1_3_workcopy.xlsx / 試合元帳,元帳あり・Web URL未登録,v1_3_workcopy.xlsx,level=regional;historical_reference=1;team1_pref=東京;team2_pref=東京;legacy_note=7回コールド
2023,autumn,kanto_tokyo,,,2023秋季東京地区大会,2R,,昭和,8,紅葉川,0,東京,東京,,v1_3_workcopy.xlsx / 試合元帳,元帳あり・Web URL未登録,v1_3_workcopy.xlsx,level=regional;historical_reference=1;team1_pref=東京;team2_pref=東京;legacy_note=7回コールド
2023,autumn,kanto_tokyo,,,2023秋季東京地区大会,2R,,国士舘,11,聖パウロ学園,0,東京,東京,,v1_3_workcopy.xlsx / 試合元帳,元帳あり・Web URL未登録,v1_3_workcopy.xlsx,level=regional;historical_reference=1;team1_pref=東京;team2_pref=東京;legacy_note=6回コールド
2023,autumn,kanto_tokyo,,,2023秋季東京地区大会,2R,,明大中野,7,明大中野八王子,2,東京,東京,,v1_3_workcopy.xlsx / 試合元帳,元帳あり・Web URL未登録,v1_3_workcopy.xlsx,level=regional;historical_reference=1;team1_pref=東京;team2_pref=東京
2023,autumn,kanto_tokyo,,,2023秋季東京地区大会,2R,,創価,15,専大付,8,東京,東京,,v1_3_workcopy.xlsx / 試合元帳,元帳あり・Web URL未登録,v1_3_workcopy.xlsx,level=regional;historical_reference=1;team1_pref=東京;team2_pref=東京
2023,autumn,kanto_tokyo,,,2023秋季東京地区大会,2R,,日大鶴ヶ丘,16,安田学園,0,東京,東京,,v1_3_workcopy.xlsx / 試合元帳,元帳あり・Web URL未登録,v1_3_workcopy.xlsx,level=regional;historical_reference=1;team1_pref=東京;team2_pref=東京;legacy_note=5回コールド
2023,autumn,kanto_tokyo,,,2023秋季東京地区大会,2R,,東海大菅生,7,共栄学園,4,東京,東京,,v1_3_workcopy.xlsx / 試合元帳,元帳あり・Web URL未登録,v1_3_workcopy.xlsx,level=regional;historical_reference=1;team1_pref=東京;team2_pref=東京
2023,autumn,kanto_tokyo,,,2023秋季東京地区大会,2R,,城西,5,工学院大付,3,東京,東京,,v1_3_workcopy.xlsx / 試合元帳,元帳あり・Web URL未登録,v1_3_workcopy.xlsx,level=regional;historical_reference=1;team1_pref=東京;team2_pref=東京
2023,autumn,kanto_tokyo,,,2023秋季東京地区大会,2R,,関東一,8,日体大荏原,3,東京,東京,,v1_3_workcopy.xlsx / 試合元帳,元帳あり・Web URL未登録,v1_3_workcopy.xlsx,level=regional;historical_reference=1;team1_pref=東京;team2_pref=東京
2023,autumn,kanto_tokyo,,,2023秋季東京地区大会,2R,,桜美林,9,文京,3,東京,東京,,v1_3_workcopy.xlsx / 試合元帳,元帳あり・Web URL未登録,v1_3_workcopy.xlsx,level=regional;historical_reference=1;team1_pref=東京;team2_pref=東京
2023,autumn,kanto_tokyo,,,2023秋季東京地区大会,2R,,岩倉,12,豊南,1,東京,東京,,v1_3_workcopy.xlsx / 試合元帳,元帳あり・Web URL未登録,v1_3_workcopy.xlsx,level=regional;historical_reference=1;team1_pref=東京;team2_pref=東京;legacy_note=6回コールド
2023,autumn,kanto_tokyo,,,2023秋季東京地区大会,2R,,修徳,9,武蔵丘,0,東京,東京,,v1_3_workcopy.xlsx / 試合元帳,元帳あり・Web URL未登録,v1_3_workcopy.xlsx,level=regional;historical_reference=1;team1_pref=東京;team2_pref=東京;legacy_note=7回コールド
2023,autumn,kanto_tokyo,,,2023秋季東京地区大会,2R,,早稲田実,5,高島,0,東京,東京,,v1_3_workcopy.xlsx / 試合元帳,元帳あり・Web URL未登録,v1_3_workcopy.xlsx,level=regional;historical_reference=1;team1_pref=東京;team2_pref=東京
2023,autumn,kanto_tokyo,,,2023秋季東京地区大会,3R,,日大鶴ヶ丘,10,桜美林,0,東京,東京,,v1_3_workcopy.xlsx / 試合元帳,元帳あり・Web URL未登録,v1_3_workcopy.xlsx,level=regional;historical_reference=1;team1_pref=東京;team2_pref=東京;legacy_note=6回コールド
2023,autumn,kanto_tokyo,,,2023秋季東京地区大会,3R,,東海大菅生,4,修徳,3,東京,東京,,v1_3_workcopy.xlsx / 試合元帳,元帳あり・Web URL未登録,v1_3_workcopy.xlsx,level=regional;historical_reference=1;team1_pref=東京;team2_pref=東京
2023,autumn,kanto_tokyo,,,2023秋季東京地区大会,3R,,早稲田実,11,岩倉,10,東京,東京,,v1_3_workcopy.xlsx / 試合元帳,元帳あり・Web URL未登録,v1_3_workcopy.xlsx,level=regional;historical_reference=1;team1_pref=東京;team2_pref=東京;legacy_note=サヨナラ
2023,autumn,kanto_tokyo,,,2023秋季東京地区大会,3R,,関東一,3,城西,2,東京,東京,,v1_3_workcopy.xlsx / 試合元帳,元帳あり・Web URL未登録,v1_3_workcopy.xlsx,level=regional;historical_reference=1;team1_pref=東京;team2_pref=東京
2023,autumn,kanto_tokyo,,,2023秋季東京地区大会,3R,,二松学舎大付,4,日大豊山,1,東京,東京,,v1_3_workcopy.xlsx / 試合元帳,元帳あり・Web URL未登録,v1_3_workcopy.xlsx,level=regional;historical_reference=1;team1_pref=東京;team2_pref=東京
2023,autumn,kanto_tokyo,,,2023秋季東京地区大会,3R,,早大学院,10,昭和,0,東京,東京,,v1_3_workcopy.xlsx / 試合元帳,元帳あり・Web URL未登録,v1_3_workcopy.xlsx,level=regional;historical_reference=1;team1_pref=東京;team2_pref=東京;legacy_note=6回コールド
2023,autumn,kanto_tokyo,,,2023秋季東京地区大会,3R,,創価,22,国士舘,11,東京,東京,,v1_3_workcopy.xlsx / 試合元帳,元帳あり・Web URL未登録,v1_3_workcopy.xlsx,level=regional;historical_reference=1;team1_pref=東京;team2_pref=東京;legacy_note=7回コールド
2023,autumn,kanto_tokyo,,,2023秋季東京地区大会,3R,,日大二,10,明大中野,0,東京,東京,,v1_3_workcopy.xlsx / 試合元帳,元帳あり・Web URL未登録,v1_3_workcopy.xlsx,level=regional;historical_reference=1;team1_pref=東京;team2_pref=東京;legacy_note=5回コールド
2023,autumn,kanto_tokyo,,,2023秋季東京地区大会,QF,,日大二,4,二松学舎大付,3,東京,東京,,v1_3_workcopy.xlsx / 試合元帳,元帳あり・Web URL未登録,v1_3_workcopy.xlsx,level=regional;historical_reference=1;team1_pref=東京;team2_pref=東京;legacy_note=延長12回、タイブレーク
2023,autumn,kanto_tokyo,,,2023秋季東京地区大会,QF,,創価,11,早大学院,2,東京,東京,,v1_3_workcopy.xlsx / 試合元帳,元帳あり・Web URL未登録,v1_3_workcopy.xlsx,level=regional;historical_reference=1;team1_pref=東京;team2_pref=東京
2023,autumn,kanto_tokyo,,,2023秋季東京地区大会,QF,,関東一,9,東海大菅生,3,東京,東京,,v1_3_workcopy.xlsx / 試合元帳,元帳あり・Web URL未登録,v1_3_workcopy.xlsx,level=regional;historical_reference=1;team1_pref=東京;team2_pref=東京
2023,autumn,kanto_tokyo,,,2023秋季東京地区大会,QF,,早稲田実,5,日大鶴ヶ丘,4,東京,東京,,v1_3_workcopy.xlsx / 試合元帳,元帳あり・Web URL未登録,v1_3_workcopy.xlsx,level=regional;historical_reference=1;team1_pref=東京;team2_pref=東京
2023,autumn,kanto_tokyo,,,2023秋季東京地区大会,SF,,関東一,5,早稲田実,1,東京,東京,,v1_3_workcopy.xlsx / 試合元帳,元帳あり・Web URL未登録,v1_3_workcopy.xlsx,level=regional;historical_reference=1;team1_pref=東京;team2_pref=東京
2023,autumn,kanto_tokyo,,,2023秋季東京地区大会,SF,,創価,7,日大二,0,東京,東京,,v1_3_workcopy.xlsx / 試合元帳,元帳あり・Web URL未登録,v1_3_workcopy.xlsx,level=regional;historical_reference=1;team1_pref=東京;team2_pref=東京;legacy_note=7回コールド
2023,autumn,kanto_tokyo,,,2023秋季東京地区大会,F,,関東一,4,創価,1,東京,東京,,v1_3_workcopy.xlsx / 試合元帳,元帳あり・Web URL未登録,v1_3_workcopy.xlsx,level=regional;historical_reference=1;team1_pref=東京;team2_pref=東京
2023,autumn,hokushinetsu,,,2023秋季北信越地区大会,1R,,星稜,9,松商学園,3,石川,長野,,v1_3_workcopy.xlsx / 試合元帳,元帳あり・Web URL未登録,v1_3_workcopy.xlsx,level=regional;historical_reference=1;team1_pref=石川;team2_pref=長野
2023,autumn,hokushinetsu,,,2023秋季北信越地区大会,1R,,敦賀,2,日本文理,1,福井,新潟,,v1_3_workcopy.xlsx / 試合元帳,元帳あり・Web URL未登録,v1_3_workcopy.xlsx,level=regional;historical_reference=1;team1_pref=福井;team2_pref=新潟
2023,autumn,hokushinetsu,,,2023秋季北信越地区大会,1R,,東京都市大塩尻,10,富山北部,7,長野,富山,,v1_3_workcopy.xlsx / 試合元帳,元帳あり・Web URL未登録,v1_3_workcopy.xlsx,level=regional;historical_reference=1;team1_pref=長野;team2_pref=富山;legacy_note=延長10回
2023,autumn,hokushinetsu,,,2023秋季北信越地区大会,1R,,北陸,5,小松大谷,4,福井,石川,,v1_3_workcopy.xlsx / 試合元帳,元帳あり・Web URL未登録,v1_3_workcopy.xlsx,level=regional;historical_reference=1;team1_pref=福井;team2_pref=石川
2023,autumn,hokushinetsu,,,2023秋季北信越地区大会,1R,,関根学園,2,高岡商,1,新潟,富山,,v1_3_workcopy.xlsx / 試合元帳,元帳あり・Web URL未登録,v1_3_workcopy.xlsx,level=regional;historical_reference=1;team1_pref=新潟;team2_pref=富山
2023,autumn,hokushinetsu,,,2023秋季北信越地区大会,1R,,日本航空石川,3,福井商,1,石川,福井,,v1_3_workcopy.xlsx / 試合元帳,元帳あり・Web URL未登録,v1_3_workcopy.xlsx,level=regional;historical_reference=1;team1_pref=石川;team2_pref=福井
2023,autumn,hokushinetsu,,,2023秋季北信越地区大会,1R,,敦賀気比,5,上田西,1,福井,長野,,v1_3_workcopy.xlsx / 試合元帳,元帳あり・Web URL未登録,v1_3_workcopy.xlsx,level=regional;historical_reference=1;team1_pref=福井;team2_pref=長野
2023,autumn,hokushinetsu,,,2023秋季北信越地区大会,1R,,帝京長岡,7,高岡第一,0,新潟,富山,,v1_3_workcopy.xlsx / 試合元帳,元帳あり・Web URL未登録,v1_3_workcopy.xlsx,level=regional;historical_reference=1;team1_pref=新潟;team2_pref=富山;legacy_note=8回コールド
2023,autumn,hokushinetsu,,,2023秋季北信越地区大会,QF,,北陸,1,東京都市大塩尻,0,福井,長野,,v1_3_workcopy.xlsx / 試合元帳,元帳あり・Web URL未登録,v1_3_workcopy.xlsx,level=regional;historical_reference=1;team1_pref=福井;team2_pref=長野
2023,autumn,hokushinetsu,,,2023秋季北信越地区大会,QF,,星稜,10,敦賀,0,石川,福井,,v1_3_workcopy.xlsx / 試合元帳,元帳あり・Web URL未登録,v1_3_workcopy.xlsx,level=regional;historical_reference=1;team1_pref=石川;team2_pref=福井;legacy_note=5回コールド
2023,autumn,hokushinetsu,,,2023秋季北信越地区大会,QF,,日本航空石川,13,関根学園,6,石川,新潟,,v1_3_workcopy.xlsx / 試合元帳,元帳あり・Web URL未登録,v1_3_workcopy.xlsx,level=regional;historical_reference=1;team1_pref=石川;team2_pref=新潟;legacy_note=7回コールド
2023,autumn,hokushinetsu,,,2023秋季北信越地区大会,QF,,敦賀気比,11,帝京長岡,5,福井,新潟,,v1_3_workcopy.xlsx / 試合元帳,元帳あり・Web URL未登録,v1_3_workcopy.xlsx,level=regional;historical_reference=1;team1_pref=福井;team2_pref=新潟;legacy_note=延長10回
2023,autumn,hokushinetsu,,,2023秋季北信越地区大会,SF,,星稜,6,北陸,1,石川,福井,,v1_3_workcopy.xlsx / 試合元帳,元帳あり・Web URL未登録,v1_3_workcopy.xlsx,level=regional;historical_reference=1;team1_pref=石川;team2_pref=福井
2023,autumn,hokushinetsu,,,2023秋季北信越地区大会,SF,,敦賀気比,4,日本航空石川,3,福井,石川,,v1_3_workcopy.xlsx / 試合元帳,元帳あり・Web URL未登録,v1_3_workcopy.xlsx,level=regional;historical_reference=1;team1_pref=福井;team2_pref=石川;legacy_note=延長10回、タイブレーク
2023,autumn,hokushinetsu,,,2023秋季北信越地区大会,F,,星稜,1,敦賀気比,0,石川,福井,,v1_3_workcopy.xlsx / 試合元帳,元帳あり・Web URL未登録,v1_3_workcopy.xlsx,level=regional;historical_reference=1;team1_pref=石川;team2_pref=福井;legacy_note=延長10回サヨナラ、タイブレーク
2023,autumn,tokai,,,2023秋季東海地区大会,1R,,中京,6,浜松開誠館,0,岐阜,静岡,,v1_3_workcopy.xlsx / 試合元帳,元帳あり・Web URL未登録,v1_3_workcopy.xlsx,level=regional;historical_reference=1;team1_pref=岐阜;team2_pref=静岡
2023,autumn,tokai,,,2023秋季東海地区大会,1R,,豊川,7,神村学園伊賀,0,愛知,三重,,v1_3_workcopy.xlsx / 試合元帳,元帳あり・Web URL未登録,v1_3_workcopy.xlsx,level=regional;historical_reference=1;team1_pref=愛知;team2_pref=三重;legacy_note=7回コールド
2023,autumn,tokai,,,2023秋季東海地区大会,1R,,日大三島,7,鈴鹿,1,静岡,三重,,v1_3_workcopy.xlsx / 試合元帳,元帳あり・Web URL未登録,v1_3_workcopy.xlsx,level=regional;historical_reference=1;team1_pref=静岡;team2_pref=三重
2023,autumn,tokai,,,2023秋季東海地区大会,1R,,県岐阜商,4,豊橋中央,0,岐阜,愛知,,v1_3_workcopy.xlsx / 試合元帳,元帳あり・Web URL未登録,v1_3_workcopy.xlsx,level=regional;historical_reference=1;team1_pref=岐阜;team2_pref=愛知
2023,autumn,tokai,,,2023秋季東海地区大会,QF,,宇治山田商,10,中京,6,三重,岐阜,,v1_3_workcopy.xlsx / 試合元帳,元帳あり・Web URL未登録,v1_3_workcopy.xlsx,level=regional;historical_reference=1;team1_pref=三重;team2_pref=岐阜
2023,autumn,tokai,,,2023秋季東海地区大会,QF,,豊川,13,岐阜第一,3,愛知,岐阜,,v1_3_workcopy.xlsx / 試合元帳,元帳あり・Web URL未登録,v1_3_workcopy.xlsx,level=regional;historical_reference=1;team1_pref=愛知;team2_pref=岐阜;legacy_note=5回コールド
2023,autumn,tokai,,,2023秋季東海地区大会,QF,,愛工大名電,7,日大三島,4,愛知,静岡,,v1_3_workcopy.xlsx / 試合元帳,元帳あり・Web URL未登録,v1_3_workcopy.xlsx,level=regional;historical_reference=1;team1_pref=愛知;team2_pref=静岡
2023,autumn,tokai,,,2023秋季東海地区大会,QF,,藤枝明誠,6,県岐阜商,3,静岡,岐阜,,v1_3_workcopy.xlsx / 試合元帳,元帳あり・Web URL未登録,v1_3_workcopy.xlsx,level=regional;historical_reference=1;team1_pref=静岡;team2_pref=岐阜
2023,autumn,tokai,,,2023秋季東海地区大会,SF,,豊川,6,宇治山田商,5,愛知,三重,,v1_3_workcopy.xlsx / 試合元帳,元帳あり・Web URL未登録,v1_3_workcopy.xlsx,level=regional;historical_reference=1;team1_pref=愛知;team2_pref=三重;legacy_note=サヨナラ
2023,autumn,tokai,,,2023秋季東海地区大会,SF,,愛工大名電,10,藤枝明誠,6,愛知,静岡,,v1_3_workcopy.xlsx / 試合元帳,元帳あり・Web URL未登録,v1_3_workcopy.xlsx,level=regional;historical_reference=1;team1_pref=愛知;team2_pref=静岡
2023,autumn,tokai,,,2023秋季東海地区大会,F,,豊川,8,愛工大名電,7,愛知,愛知,,v1_3_workcopy.xlsx / 試合元帳,元帳あり・Web URL未登録,v1_3_workcopy.xlsx,level=regional;historical_reference=1;team1_pref=愛知;team2_pref=愛知
2023,autumn,kinki,,,2023秋季近畿地区大会,1R,,近江,2,興国,0,滋賀,大阪,,v1_3_workcopy.xlsx / 試合元帳,元帳あり・Web URL未登録,v1_3_workcopy.xlsx,level=regional;historical_reference=1;team1_pref=滋賀;team2_pref=大阪
2023,autumn,kinki,,,2023秋季近畿地区大会,1R,,報徳学園,2,奈良大付,0,兵庫,奈良,,v1_3_workcopy.xlsx / 試合元帳,元帳あり・Web URL未登録,v1_3_workcopy.xlsx,level=regional;historical_reference=1;team1_pref=兵庫;team2_pref=奈良
2023,autumn,kinki,,,2023秋季近畿地区大会,1R,,大阪桐蔭,6,高田商,0,大阪,奈良,,v1_3_workcopy.xlsx / 試合元帳,元帳あり・Web URL未登録,v1_3_workcopy.xlsx,level=regional;historical_reference=1;team1_pref=大阪;team2_pref=奈良
2023,autumn,kinki,,,2023秋季近畿地区大会,1R,,履正社,8,滋賀学園,1,大阪,滋賀,,v1_3_workcopy.xlsx / 試合元帳,元帳あり・Web URL未登録,v1_3_workcopy.xlsx,level=regional;historical_reference=1;team1_pref=大阪;team2_pref=滋賀
2023,autumn,kinki,,,2023秋季近畿地区大会,1R,,京都外大西,7,彦根総合,5,京都,滋賀,,v1_3_workcopy.xlsx / 試合元帳,元帳あり・Web URL未登録,v1_3_workcopy.xlsx,level=regional;historical_reference=1;team1_pref=京都;team2_pref=滋賀;legacy_note=延長10回、タイブレーク
2023,autumn,kinki,,,2023秋季近畿地区大会,1R,,京都国際,3,田辺,2,京都,和歌山,,v1_3_workcopy.xlsx / 試合元帳,元帳あり・Web URL未登録,v1_3_workcopy.xlsx,level=regional;historical_reference=1;team1_pref=京都;team2_pref=和歌山;legacy_note=延長10回サヨナラ、タイブレーク
2023,autumn,kinki,,,2023秋季近畿地区大会,QF,,大阪桐蔭,4,報徳学園,3,大阪,兵庫,,v1_3_workcopy.xlsx / 試合元帳,元帳あり・Web URL未登録,v1_3_workcopy.xlsx,level=regional;historical_reference=1;team1_pref=大阪;team2_pref=兵庫
2023,autumn,kinki,,,2023秋季近畿地区大会,QF,,耐久,4,須磨翔風,1,和歌山,兵庫,,v1_3_workcopy.xlsx / 試合元帳,元帳あり・Web URL未登録,v1_3_workcopy.xlsx,level=regional;historical_reference=1;team1_pref=和歌山;team2_pref=兵庫
2023,autumn,kinki,,,2023秋季近畿地区大会,QF,,京都外大西,10,履正社,7,京都,大阪,,v1_3_workcopy.xlsx / 試合元帳,元帳あり・Web URL未登録,v1_3_workcopy.xlsx,level=regional;historical_reference=1;team1_pref=京都;team2_pref=大阪
2023,autumn,kinki,,,2023秋季近畿地区大会,QF,,京都国際,1,近江,0,京都,滋賀,,v1_3_workcopy.xlsx / 試合元帳,元帳あり・Web URL未登録,v1_3_workcopy.xlsx,level=regional;historical_reference=1;team1_pref=京都;team2_pref=滋賀;legacy_note=サヨナラ
2023,autumn,kinki,,,2023秋季近畿地区大会,SF,,京都外大西,1,耐久,0,京都,和歌山,,v1_3_workcopy.xlsx / 試合元帳,元帳あり・Web URL未登録,v1_3_workcopy.xlsx,level=regional;historical_reference=1;team1_pref=京都;team2_pref=和歌山
2023,autumn,kinki,,,2023秋季近畿地区大会,SF,,大阪桐蔭,4,京都国際,0,大阪,京都,,v1_3_workcopy.xlsx / 試合元帳,元帳あり・Web URL未登録,v1_3_workcopy.xlsx,level=regional;historical_reference=1;team1_pref=大阪;team2_pref=京都
2023,autumn,kinki,,,2023秋季近畿地区大会,F,,大阪桐蔭,2,京都外大西,1,大阪,京都,,v1_3_workcopy.xlsx / 試合元帳,元帳あり・Web URL未登録,v1_3_workcopy.xlsx,level=regional;historical_reference=1;team1_pref=大阪;team2_pref=京都
2023,autumn,chugoku,,,2023秋季中国地区大会,1R,,尾道,3,浜田,1,広島,島根,,v1_3_workcopy.xlsx / 試合元帳,元帳あり・Web URL未登録,v1_3_workcopy.xlsx,level=regional;historical_reference=1;team1_pref=広島;team2_pref=島根
2023,autumn,chugoku,,,2023秋季中国地区大会,1R,,創志学園,8,米子北,1,岡山,鳥取,,v1_3_workcopy.xlsx / 試合元帳,元帳あり・Web URL未登録,v1_3_workcopy.xlsx,level=regional;historical_reference=1;team1_pref=岡山;team2_pref=鳥取;legacy_note=7回コールド
2023,autumn,chugoku,,,2023秋季中国地区大会,1R,,広陵,6,岡山学芸館,3,広島,岡山,,v1_3_workcopy.xlsx / 試合元帳,元帳あり・Web URL未登録,v1_3_workcopy.xlsx,level=regional;historical_reference=1;team1_pref=広島;team2_pref=岡山
2023,autumn,chugoku,,,2023秋季中国地区大会,1R,,高川学園,4,総社南,1,山口,岡山,,v1_3_workcopy.xlsx / 試合元帳,元帳あり・Web URL未登録,v1_3_workcopy.xlsx,level=regional;historical_reference=1;team1_pref=山口;team2_pref=岡山
2023,autumn,chugoku,,,2023秋季中国地区大会,1R,,下関国際,10,鳥取城北,1,山口,鳥取,,v1_3_workcopy.xlsx / 試合元帳,元帳あり・Web URL未登録,v1_3_workcopy.xlsx,level=regional;historical_reference=1;team1_pref=山口;team2_pref=鳥取;legacy_note=7回コールド
2023,autumn,chugoku,,,2023秋季中国地区大会,1R,,米子松蔭,4,大社,2,鳥取,島根,,v1_3_workcopy.xlsx / 試合元帳,元帳あり・Web URL未登録,v1_3_workcopy.xlsx,level=regional;historical_reference=1;team1_pref=鳥取;team2_pref=島根
2023,autumn,chugoku,,,2023秋季中国地区大会,1R,,宇部鴻城,7,岡山城東,3,山口,岡山,,v1_3_workcopy.xlsx / 試合元帳,元帳あり・Web URL未登録,v1_3_workcopy.xlsx,level=regional;historical_reference=1;team1_pref=山口;team2_pref=岡山
2023,autumn,chugoku,,,2023秋季中国地区大会,1R,,広島新庄,13,矢上,1,広島,島根,,v1_3_workcopy.xlsx / 試合元帳,元帳あり・Web URL未登録,v1_3_workcopy.xlsx,level=regional;historical_reference=1;team1_pref=広島;team2_pref=島根;legacy_note=7回コールド
2023,autumn,chugoku,,,2023秋季中国地区大会,QF,,高川学園,5,米子松蔭,4,山口,鳥取,,v1_3_workcopy.xlsx / 試合元帳,元帳あり・Web URL未登録,v1_3_workcopy.xlsx,level=regional;historical_reference=1;team1_pref=山口;team2_pref=鳥取
2023,autumn,chugoku,,,2023秋季中国地区大会,QF,,広陵,4,下関国際,0,広島,山口,,v1_3_workcopy.xlsx / 試合元帳,元帳あり・Web URL未登録,v1_3_workcopy.xlsx,level=regional;historical_reference=1;team1_pref=広島;team2_pref=山口
2023,autumn,chugoku,,,2023秋季中国地区大会,QF,,宇部鴻城,5,尾道,4,山口,広島,,v1_3_workcopy.xlsx / 試合元帳,元帳あり・Web URL未登録,v1_3_workcopy.xlsx,level=regional;historical_reference=1;team1_pref=山口;team2_pref=広島
2023,autumn,chugoku,,,2023秋季中国地区大会,QF,,創志学園,1,広島新庄,0,岡山,広島,,v1_3_workcopy.xlsx / 試合元帳,元帳あり・Web URL未登録,v1_3_workcopy.xlsx,level=regional;historical_reference=1;team1_pref=岡山;team2_pref=広島;legacy_note=サヨナラ
2023,autumn,chugoku,,,2023秋季中国地区大会,SF,,広陵,8,宇部鴻城,4,広島,山口,,v1_3_workcopy.xlsx / 試合元帳,元帳あり・Web URL未登録,v1_3_workcopy.xlsx,level=regional;historical_reference=1;team1_pref=広島;team2_pref=山口
2023,autumn,chugoku,,,2023秋季中国地区大会,SF,,創志学園,7,高川学園,0,岡山,山口,,v1_3_workcopy.xlsx / 試合元帳,元帳あり・Web URL未登録,v1_3_workcopy.xlsx,level=regional;historical_reference=1;team1_pref=岡山;team2_pref=山口;legacy_note=7回コールド
2023,autumn,chugoku,,,2023秋季中国地区大会,F,,広陵,2,創志学園,1,広島,岡山,,v1_3_workcopy.xlsx / 試合元帳,元帳あり・Web URL未登録,v1_3_workcopy.xlsx,level=regional;historical_reference=1;team1_pref=広島;team2_pref=岡山
2023,autumn,shikoku,,,2023秋季四国地区大会,1R,,高知商,8,宇和島東,5,高知,愛媛,,v1_3_workcopy.xlsx / 試合元帳,元帳あり・Web URL未登録,v1_3_workcopy.xlsx,level=regional;historical_reference=1;team1_pref=高知;team2_pref=愛媛
2023,autumn,shikoku,,,2023秋季四国地区大会,1R,,今治西,13,高松中央,0,愛媛,香川,,v1_3_workcopy.xlsx / 試合元帳,元帳あり・Web URL未登録,v1_3_workcopy.xlsx,level=regional;historical_reference=1;team1_pref=愛媛;team2_pref=香川;legacy_note=5回コールド
2023,autumn,shikoku,,,2023秋季四国地区大会,1R,,阿南光,6,丸亀城西,2,徳島,香川,,v1_3_workcopy.xlsx / 試合元帳,元帳あり・Web URL未登録,v1_3_workcopy.xlsx,level=regional;historical_reference=1;team1_pref=徳島;team2_pref=香川
2023,autumn,shikoku,,,2023秋季四国地区大会,1R,,明徳義塾,7,池田,1,高知,徳島,,v1_3_workcopy.xlsx / 試合元帳,元帳あり・Web URL未登録,v1_3_workcopy.xlsx,level=regional;historical_reference=1;team1_pref=高知;team2_pref=徳島
2023,autumn,shikoku,,,2023秋季四国地区大会,QF,,鳴門,12,高知商,8,徳島,高知,,v1_3_workcopy.xlsx / 試合元帳,元帳あり・Web URL未登録,v1_3_workcopy.xlsx,level=regional;historical_reference=1;team1_pref=徳島;team2_pref=高知
2023,autumn,shikoku,,,2023秋季四国地区大会,QF,,高知,10,今治西,3,高知,愛媛,,v1_3_workcopy.xlsx / 試合元帳,元帳あり・Web URL未登録,v1_3_workcopy.xlsx,level=regional;historical_reference=1;team1_pref=高知;team2_pref=愛媛;legacy_note=8回コールド
2023,autumn,shikoku,,,2023秋季四国地区大会,QF,,阿南光,6,松山商,1,徳島,愛媛,,v1_3_workcopy.xlsx / 試合元帳,元帳あり・Web URL未登録,v1_3_workcopy.xlsx,level=regional;historical_reference=1;team1_pref=徳島;team2_pref=愛媛
2023,autumn,shikoku,,,2023秋季四国地区大会,QF,,明徳義塾,10,大手前高松,3,高知,香川,,v1_3_workcopy.xlsx / 試合元帳,元帳あり・Web URL未登録,v1_3_workcopy.xlsx,level=regional;historical_reference=1;team1_pref=高知;team2_pref=香川;legacy_note=8回コールド
2023,autumn,shikoku,,,2023秋季四国地区大会,SF,,阿南光,6,鳴門,3,徳島,徳島,,v1_3_workcopy.xlsx / 試合元帳,元帳あり・Web URL未登録,v1_3_workcopy.xlsx,level=regional;historical_reference=1;team1_pref=徳島;team2_pref=徳島
2023,autumn,shikoku,,,2023秋季四国地区大会,SF,,高知,3,明徳義塾,2,高知,高知,,v1_3_workcopy.xlsx / 試合元帳,元帳あり・Web URL未登録,v1_3_workcopy.xlsx,level=regional;historical_reference=1;team1_pref=高知;team2_pref=高知
2023,autumn,shikoku,,,2023秋季四国地区大会,F,,高知,5,阿南光,1,高知,徳島,,v1_3_workcopy.xlsx / 試合元帳,元帳あり・Web URL未登録,v1_3_workcopy.xlsx,level=regional;historical_reference=1;team1_pref=高知;team2_pref=徳島
2023,autumn,kyushu,,,2023秋季九州地区大会,1R,,神村学園,9,沖縄尚学,1,鹿児島,沖縄,,v1_3_workcopy.xlsx / 試合元帳,元帳あり・Web URL未登録,v1_3_workcopy.xlsx,level=regional;historical_reference=1;team1_pref=鹿児島;team2_pref=沖縄;legacy_note=7回コールド
2023,autumn,kyushu,,,2023秋季九州地区大会,1R,,熊本国府,6,飯塚,2,熊本,福岡,,v1_3_workcopy.xlsx / 試合元帳,元帳あり・Web URL未登録,v1_3_workcopy.xlsx,level=regional;historical_reference=1;team1_pref=熊本;team2_pref=福岡
2023,autumn,kyushu,,,2023秋季九州地区大会,1R,,日南学園,10,有田工,9,宮崎,佐賀,,v1_3_workcopy.xlsx / 試合元帳,元帳あり・Web URL未登録,v1_3_workcopy.xlsx,level=regional;historical_reference=1;team1_pref=宮崎;team2_pref=佐賀;legacy_note=延長11回サヨナラ、タイブレーク
2023,autumn,kyushu,,,2023秋季九州地区大会,1R,,大分舞鶴,2,長崎日大,1,大分,長崎,,v1_3_workcopy.xlsx / 試合元帳,元帳あり・Web URL未登録,v1_3_workcopy.xlsx,level=regional;historical_reference=1;team1_pref=大分;team2_pref=長崎
2023,autumn,kyushu,,,2023秋季九州地区大会,1R,,延岡学園,4,れいめい,1,宮崎,鹿児島,,v1_3_workcopy.xlsx / 試合元帳,元帳あり・Web URL未登録,v1_3_workcopy.xlsx,level=regional;historical_reference=1;team1_pref=宮崎;team2_pref=鹿児島
2023,autumn,kyushu,,,2023秋季九州地区大会,1R,,唐津商,1,興南,0,佐賀,沖縄,,v1_3_workcopy.xlsx / 試合元帳,元帳あり・Web URL未登録,v1_3_workcopy.xlsx,level=regional;historical_reference=1;team1_pref=佐賀;team2_pref=沖縄
2023,autumn,kyushu,,,2023秋季九州地区大会,1R,,明豊,8,海星,7,大分,長崎,,v1_3_workcopy.xlsx / 試合元帳,元帳あり・Web URL未登録,v1_3_workcopy.xlsx,level=regional;historical_reference=1;team1_pref=大分;team2_pref=長崎
2023,autumn,kyushu,,,2023秋季九州地区大会,1R,,東海大福岡,10,九州学院,8,福岡,熊本,,v1_3_workcopy.xlsx / 試合元帳,元帳あり・Web URL未登録,v1_3_workcopy.xlsx,level=regional;historical_reference=1;team1_pref=福岡;team2_pref=熊本;legacy_note=延長10回、タイブレーク
2023,autumn,kyushu,,,2023秋季九州地区大会,QF,,東海大福岡,10,延岡学園,8,福岡,宮崎,,v1_3_workcopy.xlsx / 試合元帳,元帳あり・Web URL未登録,v1_3_workcopy.xlsx,level=regional;historical_reference=1;team1_pref=福岡;team2_pref=宮崎
2023,autumn,kyushu,,,2023秋季九州地区大会,QF,,明豊,10,唐津商,1,大分,佐賀,,v1_3_workcopy.xlsx / 試合元帳,元帳あり・Web URL未登録,v1_3_workcopy.xlsx,level=regional;historical_reference=1;team1_pref=大分;team2_pref=佐賀;legacy_note=7回コールド
2023,autumn,kyushu,,,2023秋季九州地区大会,QF,,熊本国府,7,大分舞鶴,6,熊本,大分,,v1_3_workcopy.xlsx / 試合元帳,元帳あり・Web URL未登録,v1_3_workcopy.xlsx,level=regional;historical_reference=1;team1_pref=熊本;team2_pref=大分;legacy_note=延長10回サヨナラ、タイブレーク
2023,autumn,kyushu,,,2023秋季九州地区大会,QF,,神村学園,10,日南学園,0,鹿児島,宮崎,,v1_3_workcopy.xlsx / 試合元帳,元帳あり・Web URL未登録,v1_3_workcopy.xlsx,level=regional;historical_reference=1;team1_pref=鹿児島;team2_pref=宮崎;legacy_note=6回コールド
2023,autumn,kyushu,,,2023秋季九州地区大会,SF,,明豊,5,東海大福岡,1,大分,福岡,,v1_3_workcopy.xlsx / 試合元帳,元帳あり・Web URL未登録,v1_3_workcopy.xlsx,level=regional;historical_reference=1;team1_pref=大分;team2_pref=福岡
2023,autumn,kyushu,,,2023秋季九州地区大会,SF,,熊本国府,7,神村学園,1,熊本,鹿児島,,v1_3_workcopy.xlsx / 試合元帳,元帳あり・Web URL未登録,v1_3_workcopy.xlsx,level=regional;historical_reference=1;team1_pref=熊本;team2_pref=鹿児島
2023,autumn,kyushu,,,2023秋季九州地区大会,F,,熊本国府,5,明豊,1,熊本,大分,,v1_3_workcopy.xlsx / 試合元帳,元帳あり・Web URL未登録,v1_3_workcopy.xlsx,level=regional;historical_reference=1;team1_pref=熊本;team2_pref=大分
2023,jingu,national,,,2023明治神宮大会,1R,,関東一,6,熊本国府,2,東京,熊本,,v1_3_workcopy.xlsx / 試合元帳,元帳あり・Web URL未登録,v1_3_workcopy.xlsx,level=national;historical_reference=1;team1_pref=東京;team2_pref=熊本
2023,jingu,national,,,2023明治神宮大会,1R,,星稜,7,広陵,6,石川,広島,,v1_3_workcopy.xlsx / 試合元帳,元帳あり・Web URL未登録,v1_3_workcopy.xlsx,level=national;historical_reference=1;team1_pref=石川;team2_pref=広島
2023,jingu,national,,,2023明治神宮大会,QF,,作新学院,2,北海,1,栃木,北海道,,v1_3_workcopy.xlsx / 試合元帳,元帳あり・Web URL未登録,v1_3_workcopy.xlsx,level=national;historical_reference=1;team1_pref=栃木;team2_pref=北海道;legacy_note=延長10回サヨナラ、タイブレーク
2023,jingu,national,,,2023明治神宮大会,QF,,豊川,9,高知,8,愛知,高知,,v1_3_workcopy.xlsx / 試合元帳,元帳あり・Web URL未登録,v1_3_workcopy.xlsx,level=national;historical_reference=1;team1_pref=愛知;team2_pref=高知;legacy_note=延長11回サヨナラ、タイブレーク
2023,jingu,national,,,2023明治神宮大会,QF,,関東一,9,大阪桐蔭,5,東京,大阪,,v1_3_workcopy.xlsx / 試合元帳,元帳あり・Web URL未登録,v1_3_workcopy.xlsx,level=national;historical_reference=1;team1_pref=東京;team2_pref=大阪
2023,jingu,national,,,2023明治神宮大会,QF,,星稜,3,青森山田,2,石川,青森,,v1_3_workcopy.xlsx / 試合元帳,元帳あり・Web URL未登録,v1_3_workcopy.xlsx,level=national;historical_reference=1;team1_pref=石川;team2_pref=青森
2023,jingu,national,,,2023明治神宮大会,SF,,星稜,15,豊川,3,石川,愛知,,v1_3_workcopy.xlsx / 試合元帳,元帳あり・Web URL未登録,v1_3_workcopy.xlsx,level=national;historical_reference=1;team1_pref=石川;team2_pref=愛知;legacy_note=5回コールド
2023,jingu,national,,,2023明治神宮大会,SF,,作新学院,8,関東一,6,栃木,東京,,v1_3_workcopy.xlsx / 試合元帳,元帳あり・Web URL未登録,v1_3_workcopy.xlsx,level=national;historical_reference=1;team1_pref=栃木;team2_pref=東京
2023,jingu,national,,,2023明治神宮大会,F,,星稜,3,作新学院,1,石川,栃木,,v1_3_workcopy.xlsx / 試合元帳,元帳あり・Web URL未登録,v1_3_workcopy.xlsx,level=national;historical_reference=1;team1_pref=石川;team2_pref=栃木
2024,senbatsu,national,,,2024選抜,1R,,八戸学院光星,5,関東一,3,青森,東京,,v1_3_workcopy.xlsx / 試合元帳,元帳あり・Web URL未登録,v1_3_workcopy.xlsx,level=national;historical_reference=1;team1_pref=青森;team2_pref=東京;legacy_note=延長11回、タイブレーク
2024,senbatsu,national,,,2024選抜,1R,,星稜,4,田辺,2,石川,和歌山,,v1_3_workcopy.xlsx / 試合元帳,元帳あり・Web URL未登録,v1_3_workcopy.xlsx,level=national;historical_reference=1;team1_pref=石川;team2_pref=和歌山
2024,senbatsu,national,,,2024選抜,1R,,熊本国府,2,近江,1,熊本,滋賀,,v1_3_workcopy.xlsx / 試合元帳,元帳あり・Web URL未登録,v1_3_workcopy.xlsx,level=national;historical_reference=1;team1_pref=熊本;team2_pref=滋賀;legacy_note=延長10回サヨナラ、タイブレーク
2024,senbatsu,national,,,2024選抜,1R,,阿南光,11,豊川,4,徳島,愛知,,v1_3_workcopy.xlsx / 試合元帳,元帳あり・Web URL未登録,v1_3_workcopy.xlsx,level=national;historical_reference=1;team1_pref=徳島;team2_pref=愛知
2024,senbatsu,national,,,2024選抜,1R,,明豊,1,敦賀気比,0,大分,福井,,v1_3_workcopy.xlsx / 試合元帳,元帳あり・Web URL未登録,v1_3_workcopy.xlsx,level=national;historical_reference=1;team1_pref=大分;team2_pref=福井;legacy_note=サヨナラ
2024,senbatsu,national,,,2024選抜,1R,,健大高崎,4,学法石川,0,群馬,福島,,v1_3_workcopy.xlsx / 試合元帳,元帳あり・Web URL未登録,v1_3_workcopy.xlsx,level=national;historical_reference=1;team1_pref=群馬;team2_pref=福島
2024,senbatsu,national,,,2024選抜,1R,,創志学園,7,別海,0,岡山,北海道,,v1_3_workcopy.xlsx / 試合元帳,元帳あり・Web URL未登録,v1_3_workcopy.xlsx,level=national;historical_reference=1;team1_pref=岡山;team2_pref=北海道
2024,senbatsu,national,,,2024選抜,1R,,山梨学院,7,京都外大西,1,山梨,京都,,v1_3_workcopy.xlsx / 試合元帳,元帳あり・Web URL未登録,v1_3_workcopy.xlsx,level=national;historical_reference=1;team1_pref=山梨;team2_pref=京都
2024,senbatsu,national,,,2024選抜,1R,,中央学院,7,耐久,1,千葉,和歌山,,v1_3_workcopy.xlsx / 試合元帳,元帳あり・Web URL未登録,v1_3_workcopy.xlsx,level=national;historical_reference=1;team1_pref=千葉;team2_pref=和歌山
2024,senbatsu,national,,,2024選抜,1R,,宇治山田商,5,東海大福岡,4,三重,福岡,,v1_3_workcopy.xlsx / 試合元帳,元帳あり・Web URL未登録,v1_3_workcopy.xlsx,level=national;historical_reference=1;team1_pref=三重;team2_pref=福岡
2024,senbatsu,national,,,2024選抜,1R,,広陵,3,高知,1,広島,高知,,v1_3_workcopy.xlsx / 試合元帳,元帳あり・Web URL未登録,v1_3_workcopy.xlsx,level=national;historical_reference=1;team1_pref=広島;team2_pref=高知
2024,senbatsu,national,,,2024選抜,1R,,青森山田,4,京都国際,3,青森,京都,,v1_3_workcopy.xlsx / 試合元帳,元帳あり・Web URL未登録,v1_3_workcopy.xlsx,level=national;historical_reference=1;team1_pref=青森;team2_pref=京都;legacy_note=サヨナラ
2024,senbatsu,national,,,2024選抜,1R,,神村学園,6,作新学院,3,鹿児島,栃木,,v1_3_workcopy.xlsx / 試合元帳,元帳あり・Web URL未登録,v1_3_workcopy.xlsx,level=national;historical_reference=1;team1_pref=鹿児島;team2_pref=栃木
2024,senbatsu,national,,,2024選抜,1R,,大阪桐蔭,7,北海,1,大阪,北海道,,v1_3_workcopy.xlsx / 試合元帳,元帳あり・Web URL未登録,v1_3_workcopy.xlsx,level=national;historical_reference=1;team1_pref=大阪;team2_pref=北海道
2024,senbatsu,national,,,2024選抜,1R,,報徳学園,3,愛工大名電,2,兵庫,愛知,,v1_3_workcopy.xlsx / 試合元帳,元帳あり・Web URL未登録,v1_3_workcopy.xlsx,level=national;historical_reference=1;team1_pref=兵庫;team2_pref=愛知;legacy_note=延長10回サヨナラ、タイブレーク
2024,senbatsu,national,,,2024選抜,1R,,常総学院,1,日本航空石川,0,茨城,石川,,v1_3_workcopy.xlsx / 試合元帳,元帳あり・Web URL未登録,v1_3_workcopy.xlsx,level=national;historical_reference=1;team1_pref=茨城;team2_pref=石川
2024,senbatsu,national,,,2024選抜,2R,,星稜,3,八戸学院光星,2,石川,青森,,v1_3_workcopy.xlsx / 試合元帳,元帳あり・Web URL未登録,v1_3_workcopy.xlsx,level=national;historical_reference=1;team1_pref=石川;team2_pref=青森
2024,senbatsu,national,,,2024選抜,2R,,阿南光,3,熊本国府,0,徳島,熊本,,v1_3_workcopy.xlsx / 試合元帳,元帳あり・Web URL未登録,v1_3_workcopy.xlsx,level=national;historical_reference=1;team1_pref=徳島;team2_pref=熊本
2024,senbatsu,national,,,2024選抜,2R,,健大高崎,4,明豊,0,群馬,大分,,v1_3_workcopy.xlsx / 試合元帳,元帳あり・Web URL未登録,v1_3_workcopy.xlsx,level=national;historical_reference=1;team1_pref=群馬;team2_pref=大分
2024,senbatsu,national,,,2024選抜,2R,,山梨学院,4,創志学園,0,山梨,岡山,,v1_3_workcopy.xlsx / 試合元帳,元帳あり・Web URL未登録,v1_3_workcopy.xlsx,level=national;historical_reference=1;team1_pref=山梨;team2_pref=岡山
2024,senbatsu,national,,,2024選抜,2R,,中央学院,7,宇治山田商,6,千葉,三重,,v1_3_workcopy.xlsx / 試合元帳,元帳あり・Web URL未登録,v1_3_workcopy.xlsx,level=national;historical_reference=1;team1_pref=千葉;team2_pref=三重
2024,senbatsu,national,,,2024選抜,2R,,青森山田,6,広陵,5,青森,広島,,v1_3_workcopy.xlsx / 試合元帳,元帳あり・Web URL未登録,v1_3_workcopy.xlsx,level=national;historical_reference=1;team1_pref=青森;team2_pref=広島;legacy_note=延長10回サヨナラ、タイブレーク
2024,senbatsu,national,,,2024選抜,2R,,大阪桐蔭,4,神村学園,2,大阪,鹿児島,,v1_3_workcopy.xlsx / 試合元帳,元帳あり・Web URL未登録,v1_3_workcopy.xlsx,level=national;historical_reference=1;team1_pref=大阪;team2_pref=鹿児島
2024,senbatsu,national,,,2024選抜,2R,,報徳学園,6,常総学院,1,兵庫,茨城,,v1_3_workcopy.xlsx / 試合元帳,元帳あり・Web URL未登録,v1_3_workcopy.xlsx,level=national;historical_reference=1;team1_pref=兵庫;team2_pref=茨城
2024,senbatsu,national,,,2024選抜,QF,,星稜,5,阿南光,0,石川,徳島,,v1_3_workcopy.xlsx / 試合元帳,元帳あり・Web URL未登録,v1_3_workcopy.xlsx,level=national;historical_reference=1;team1_pref=石川;team2_pref=徳島
2024,senbatsu,national,,,2024選抜,QF,,健大高崎,6,山梨学院,1,群馬,山梨,,v1_3_workcopy.xlsx / 試合元帳,元帳あり・Web URL未登録,v1_3_workcopy.xlsx,level=national;historical_reference=1;team1_pref=群馬;team2_pref=山梨
2024,senbatsu,national,,,2024選抜,QF,,中央学院,5,青森山田,2,千葉,青森,,v1_3_workcopy.xlsx / 試合元帳,元帳あり・Web URL未登録,v1_3_workcopy.xlsx,level=national;historical_reference=1;team1_pref=千葉;team2_pref=青森
2024,senbatsu,national,,,2024選抜,QF,,報徳学園,4,大阪桐蔭,1,兵庫,大阪,,v1_3_workcopy.xlsx / 試合元帳,元帳あり・Web URL未登録,v1_3_workcopy.xlsx,level=national;historical_reference=1;team1_pref=兵庫;team2_pref=大阪
2024,senbatsu,national,,,2024選抜,SF,,健大高崎,5,星稜,4,群馬,石川,,v1_3_workcopy.xlsx / 試合元帳,元帳あり・Web URL未登録,v1_3_workcopy.xlsx,level=national;historical_reference=1;team1_pref=群馬;team2_pref=石川
2024,senbatsu,national,,,2024選抜,SF,,報徳学園,4,中央学院,2,兵庫,千葉,,v1_3_workcopy.xlsx / 試合元帳,元帳あり・Web URL未登録,v1_3_workcopy.xlsx,level=national;historical_reference=1;team1_pref=兵庫;team2_pref=千葉
2024,senbatsu,national,,,2024選抜,F,,健大高崎,3,報徳学園,2,群馬,兵庫,,v1_3_workcopy.xlsx / 試合元帳,元帳あり・Web URL未登録,v1_3_workcopy.xlsx,level=national;historical_reference=1;team1_pref=群馬;team2_pref=兵庫
2024,spring,hokkaido,,,2024春季北海道地区大会,1R,,遠軽,14,稚内大谷,4,北海道,北海道,,v1_3_workcopy.xlsx / 試合元帳,元帳あり・Web URL未登録,v1_3_workcopy.xlsx,level=regional;historical_reference=1;team1_pref=北海道;team2_pref=北海道;legacy_note=7回コールド
2024,spring,hokkaido,,,2024春季北海道地区大会,1R,,札幌国際情報,2,別海,1,北海道,北海道,,v1_3_workcopy.xlsx / 試合元帳,元帳あり・Web URL未登録,v1_3_workcopy.xlsx,level=regional;historical_reference=1;team1_pref=北海道;team2_pref=北海道
2024,spring,hokkaido,,,2024春季北海道地区大会,1R,,クラーク国際,5,函館大柏稜,0,北海道,北海道,,v1_3_workcopy.xlsx / 試合元帳,元帳あり・Web URL未登録,v1_3_workcopy.xlsx,level=regional;historical_reference=1;team1_pref=北海道;team2_pref=北海道
2024,spring,hokkaido,,,2024春季北海道地区大会,1R,,駒大苫小牧,11,札幌第一,2,北海道,北海道,,v1_3_workcopy.xlsx / 試合元帳,元帳あり・Web URL未登録,v1_3_workcopy.xlsx,level=regional;historical_reference=1;team1_pref=北海道;team2_pref=北海道;legacy_note=7回コールド
2024,spring,hokkaido,,,2024春季北海道地区大会,1R,,旭川実,5,札幌大谷,3,北海道,北海道,,v1_3_workcopy.xlsx / 試合元帳,元帳あり・Web URL未登録,v1_3_workcopy.xlsx,level=regional;historical_reference=1;team1_pref=北海道;team2_pref=北海道
2024,spring,hokkaido,,,2024春季北海道地区大会,1R,,北海,5,帯広大谷,4,北海道,北海道,,v1_3_workcopy.xlsx / 試合元帳,元帳あり・Web URL未登録,v1_3_workcopy.xlsx,level=regional;historical_reference=1;team1_pref=北海道;team2_pref=北海道;legacy_note=延長10回サヨナラ、タイブレーク
2024,spring,hokkaido,,,2024春季北海道地区大会,1R,,東海大札幌,4,北照,3,北海道,北海道,,v1_3_workcopy.xlsx / 試合元帳,元帳あり・Web URL未登録,v1_3_workcopy.xlsx,level=regional;historical_reference=1;team1_pref=北海道;team2_pref=北海道
2024,spring,hokkaido,,,2024春季北海道地区大会,1R,,釧路江南,13,大麻,1,北海道,北海道,,v1_3_workcopy.xlsx / 試合元帳,元帳あり・Web URL未登録,v1_3_workcopy.xlsx,level=regional;historical_reference=1;team1_pref=北海道;team2_pref=北海道;legacy_note=8回コールド
2024,spring,hokkaido,,,2024春季北海道地区大会,QF,,遠軽,5,札幌国際情報,1,北海道,北海道,,v1_3_workcopy.xlsx / 試合元帳,元帳あり・Web URL未登録,v1_3_workcopy.xlsx,level=regional;historical_reference=1;team1_pref=北海道;team2_pref=北海道
2024,spring,hokkaido,,,2024春季北海道地区大会,QF,,クラーク国際,8,駒大苫小牧,6,北海道,北海道,,v1_3_workcopy.xlsx / 試合元帳,元帳あり・Web URL未登録,v1_3_workcopy.xlsx,level=regional;historical_reference=1;team1_pref=北海道;team2_pref=北海道;legacy_note=延長10回、タイブレーク
2024,spring,hokkaido,,,2024春季北海道地区大会,QF,,北海,3,旭川実,1,北海道,北海道,,v1_3_workcopy.xlsx / 試合元帳,元帳あり・Web URL未登録,v1_3_workcopy.xlsx,level=regional;historical_reference=1;team1_pref=北海道;team2_pref=北海道
2024,spring,hokkaido,,,2024春季北海道地区大会,QF,,東海大札幌,10,釧路江南,3,北海道,北海道,,v1_3_workcopy.xlsx / 試合元帳,元帳あり・Web URL未登録,v1_3_workcopy.xlsx,level=regional;historical_reference=1;team1_pref=北海道;team2_pref=北海道;legacy_note=7回コールド
2024,spring,hokkaido,,,2024春季北海道地区大会,SF,,クラーク国際,3,遠軽,2,北海道,北海道,,v1_3_workcopy.xlsx / 試合元帳,元帳あり・Web URL未登録,v1_3_workcopy.xlsx,level=regional;historical_reference=1;team1_pref=北海道;team2_pref=北海道;legacy_note=延長11回サヨナラ。タイブレーク
2024,spring,hokkaido,,,2024春季北海道地区大会,SF,,北海,4,東海大札幌,2,北海道,北海道,,v1_3_workcopy.xlsx / 試合元帳,元帳あり・Web URL未登録,v1_3_workcopy.xlsx,level=regional;historical_reference=1;team1_pref=北海道;team2_pref=北海道
2024,spring,hokkaido,,,2024春季北海道地区大会,F,,北海,3,クラーク国際,2,北海道,北海道,,v1_3_workcopy.xlsx / 試合元帳,元帳あり・Web URL未登録,v1_3_workcopy.xlsx,level=regional;historical_reference=1;team1_pref=北海道;team2_pref=北海道
2024,spring,tohoku,,,2024春季東北地区大会,1R,,盛岡大付,11,日大山形,10,岩手,山形,,v1_3_workcopy.xlsx / 試合元帳,元帳あり・Web URL未登録,v1_3_workcopy.xlsx,level=regional;historical_reference=1;team1_pref=岩手;team2_pref=山形
2024,spring,tohoku,,,2024春季東北地区大会,1R,,秋田商,10,仙台城南,5,秋田,宮城,,v1_3_workcopy.xlsx / 試合元帳,元帳あり・Web URL未登録,v1_3_workcopy.xlsx,level=regional;historical_reference=1;team1_pref=秋田;team2_pref=宮城
2024,spring,tohoku,,,2024春季東北地区大会,1R,,鶴岡東,7,聖和学園,4,山形,宮城,,v1_3_workcopy.xlsx / 試合元帳,元帳あり・Web URL未登録,v1_3_workcopy.xlsx,level=regional;historical_reference=1;team1_pref=山形;team2_pref=宮城
2024,spring,tohoku,,,2024春季東北地区大会,1R,,青森山田,2,聖光学院,1,青森,福島,,v1_3_workcopy.xlsx / 試合元帳,元帳あり・Web URL未登録,v1_3_workcopy.xlsx,level=regional;historical_reference=1;team1_pref=青森;team2_pref=福島;legacy_note=サヨナラ
2024,spring,tohoku,,,2024春季東北地区大会,1R,,聖愛,3,東北文教大山形城北,1,青森,山形,,v1_3_workcopy.xlsx / 試合元帳,元帳あり・Web URL未登録,v1_3_workcopy.xlsx,level=regional;historical_reference=1;team1_pref=青森;team2_pref=山形
2024,spring,tohoku,,,2024春季東北地区大会,1R,,仙台育英,8,光南,3,宮城,福島,,v1_3_workcopy.xlsx / 試合元帳,元帳あり・Web URL未登録,v1_3_workcopy.xlsx,level=regional;historical_reference=1;team1_pref=宮城;team2_pref=福島
2024,spring,tohoku,,,2024春季東北地区大会,QF,,盛岡大付,8,明桜,1,岩手,秋田,,v1_3_workcopy.xlsx / 試合元帳,元帳あり・Web URL未登録,v1_3_workcopy.xlsx,level=regional;historical_reference=1;team1_pref=岩手;team2_pref=秋田
2024,spring,tohoku,,,2024春季東北地区大会,QF,,聖愛,7,仙台育英,6,青森,宮城,,v1_3_workcopy.xlsx / 試合元帳,元帳あり・Web URL未登録,v1_3_workcopy.xlsx,level=regional;historical_reference=1;team1_pref=青森;team2_pref=宮城
2024,spring,tohoku,,,2024春季東北地区大会,QF,,花巻東,8,秋田商,4,岩手,秋田,,v1_3_workcopy.xlsx / 試合元帳,元帳あり・Web URL未登録,v1_3_workcopy.xlsx,level=regional;historical_reference=1;team1_pref=岩手;team2_pref=秋田
2024,spring,tohoku,,,2024春季東北地区大会,QF,,青森山田,5,鶴岡東,0,青森,山形,,v1_3_workcopy.xlsx / 試合元帳,元帳あり・Web URL未登録,v1_3_workcopy.xlsx,level=regional;historical_reference=1;team1_pref=青森;team2_pref=山形
2024,spring,tohoku,,,2024春季東北地区大会,SF,,聖愛,7,盛岡大付,0,青森,岩手,,v1_3_workcopy.xlsx / 試合元帳,元帳あり・Web URL未登録,v1_3_workcopy.xlsx,level=regional;historical_reference=1;team1_pref=青森;team2_pref=岩手;legacy_note=8回コールド
2024,spring,tohoku,,,2024春季東北地区大会,SF,,花巻東,2,青森山田,0,岩手,青森,,v1_3_workcopy.xlsx / 試合元帳,元帳あり・Web URL未登録,v1_3_workcopy.xlsx,level=regional;historical_reference=1;team1_pref=岩手;team2_pref=青森
2024,spring,tohoku,,,2024春季東北地区大会,F,,花巻東,3,聖愛,2,岩手,青森,,v1_3_workcopy.xlsx / 試合元帳,元帳あり・Web URL未登録,v1_3_workcopy.xlsx,level=regional;historical_reference=1;team1_pref=岩手;team2_pref=青森;legacy_note=延長10回サヨナラ、タイブレーク
2024,spring,kanto_tokyo,,,2024春季関東地区大会,1R,,鹿島学園,2,樹徳,1,茨城,群馬,,v1_3_workcopy.xlsx / 試合元帳,元帳あり・Web URL未登録,v1_3_workcopy.xlsx,level=regional;historical_reference=1;team1_pref=茨城;team2_pref=群馬
2024,spring,kanto_tokyo,,,2024春季関東地区大会,2R,,白鴎大足利,9,前橋商,2,栃木,群馬,,v1_3_workcopy.xlsx / 試合元帳,元帳あり・Web URL未登録,v1_3_workcopy.xlsx,level=regional;historical_reference=1;team1_pref=栃木;team2_pref=群馬;legacy_note=8回コールド
2024,spring,kanto_tokyo,,,2024春季関東地区大会,2R,,東海大相模,9,専大松戸,3,神奈川,千葉,,v1_3_workcopy.xlsx / 試合元帳,元帳あり・Web URL未登録,v1_3_workcopy.xlsx,level=regional;historical_reference=1;team1_pref=神奈川;team2_pref=千葉
2024,spring,kanto_tokyo,,,2024春季関東地区大会,2R,,東海大菅生,2,山梨学院,0,東京,山梨,,v1_3_workcopy.xlsx / 試合元帳,元帳あり・Web URL未登録,v1_3_workcopy.xlsx,level=regional;historical_reference=1;team1_pref=東京;team2_pref=山梨
2024,spring,kanto_tokyo,,,2024春季関東地区大会,2R,,昌平,8,武相,0,埼玉,神奈川,,v1_3_workcopy.xlsx / 試合元帳,元帳あり・Web URL未登録,v1_3_workcopy.xlsx,level=regional;historical_reference=1;team1_pref=埼玉;team2_pref=神奈川;legacy_note=7回コールド
2024,spring,kanto_tokyo,,,2024春季関東地区大会,2R,,健大高崎,10,宇都宮商,0,群馬,栃木,,v1_3_workcopy.xlsx / 試合元帳,元帳あり・Web URL未登録,v1_3_workcopy.xlsx,level=regional;historical_reference=1;team1_pref=群馬;team2_pref=栃木;legacy_note=5回コールド
2024,spring,kanto_tokyo,,,2024春季関東地区大会,2R,,花咲徳栄,10,日大明誠,0,埼玉,山梨,,v1_3_workcopy.xlsx / 試合元帳,元帳あり・Web URL未登録,v1_3_workcopy.xlsx,level=regional;historical_reference=1;team1_pref=埼玉;team2_pref=山梨;legacy_note=5回コールド
2024,spring,kanto_tokyo,,,2024春季関東地区大会,2R,,常総学院,10,中央学院,3,茨城,千葉,,v1_3_workcopy.xlsx / 試合元帳,元帳あり・Web URL未登録,v1_3_workcopy.xlsx,level=regional;historical_reference=1;team1_pref=茨城;team2_pref=千葉;legacy_note=8回コールド
2024,spring,kanto_tokyo,,,2024春季関東地区大会,2R,,帝京,9,鹿島学園,2,東京,茨城,,v1_3_workcopy.xlsx / 試合元帳,元帳あり・Web URL未登録,v1_3_workcopy.xlsx,level=regional;historical_reference=1;team1_pref=東京;team2_pref=茨城;legacy_note=7回コールド
2024,spring,kanto_tokyo,,,2024春季関東地区大会,QF,,常総学院,6,健大高崎,5,茨城,群馬,,v1_3_workcopy.xlsx / 試合元帳,元帳あり・Web URL未登録,v1_3_workcopy.xlsx,level=regional;historical_reference=1;team1_pref=茨城;team2_pref=群馬
2024,spring,kanto_tokyo,,,2024春季関東地区大会,QF,,帝京,12,花咲徳栄,5,東京,埼玉,,v1_3_workcopy.xlsx / 試合元帳,元帳あり・Web URL未登録,v1_3_workcopy.xlsx,level=regional;historical_reference=1;team1_pref=東京;team2_pref=埼玉;legacy_note=8回コールド
2024,spring,kanto_tokyo,,,2024春季関東地区大会,QF,,東海大菅生,3,昌平,2,東京,埼玉,,v1_3_workcopy.xlsx / 試合元帳,元帳あり・Web URL未登録,v1_3_workcopy.xlsx,level=regional;historical_reference=1;team1_pref=東京;team2_pref=埼玉
2024,spring,kanto_tokyo,,,2024春季関東地区大会,QF,,白鴎大足利,5,東海大相模,0,栃木,神奈川,,v1_3_workcopy.xlsx / 試合元帳,元帳あり・Web URL未登録,v1_3_workcopy.xlsx,level=regional;historical_reference=1;team1_pref=栃木;team2_pref=神奈川
2024,spring,kanto_tokyo,,,2024春季関東地区大会,SF,,常総学院,9,東海大菅生,8,茨城,東京,,v1_3_workcopy.xlsx / 試合元帳,元帳あり・Web URL未登録,v1_3_workcopy.xlsx,level=regional;historical_reference=1;team1_pref=茨城;team2_pref=東京;legacy_note=サヨナラ
2024,spring,kanto_tokyo,,,2024春季関東地区大会,SF,,白鴎大足利,3,帝京,1,栃木,東京,,v1_3_workcopy.xlsx / 試合元帳,元帳あり・Web URL未登録,v1_3_workcopy.xlsx,level=regional;historical_reference=1;team1_pref=栃木;team2_pref=東京
2024,spring,kanto_tokyo,,,2024春季関東地区大会,F,,白鴎大足利,5,常総学院,4,栃木,茨城,,v1_3_workcopy.xlsx / 試合元帳,元帳あり・Web URL未登録,v1_3_workcopy.xlsx,level=regional;historical_reference=1;team1_pref=栃木;team2_pref=茨城;legacy_note=延長10回サヨナラ、タイブレーク
2024,spring,hokushinetsu,,,2024春季北信越地区大会,QF,,帝京長岡,10,氷見,0,新潟,富山,,v1_3_workcopy.xlsx / 試合元帳,元帳あり・Web URL未登録,v1_3_workcopy.xlsx,level=regional;historical_reference=1;team1_pref=新潟;team2_pref=富山
2024,spring,hokushinetsu,,,2024春季北信越地区大会,QF,,福井工大福井,5,高岡商,2,福井,富山,,v1_3_workcopy.xlsx / 試合元帳,元帳あり・Web URL未登録,v1_3_workcopy.xlsx,level=regional;historical_reference=1;team1_pref=福井;team2_pref=富山
2024,spring,hokushinetsu,,,2024春季北信越地区大会,QF,,星稜,4,富山商,1,石川,富山,,v1_3_workcopy.xlsx / 試合元帳,元帳あり・Web URL未登録,v1_3_workcopy.xlsx,level=regional;historical_reference=1;team1_pref=石川;team2_pref=富山
2024,spring,hokushinetsu,,,2024春季北信越地区大会,QF,,東京都市大塩尻,8,高朋,1,長野,富山,,v1_3_workcopy.xlsx / 試合元帳,元帳あり・Web URL未登録,v1_3_workcopy.xlsx,level=regional;historical_reference=1;team1_pref=長野;team2_pref=富山;legacy_note=8回コールド
2024,spring,hokushinetsu,,,2024春季北信越地区大会,SF,,帝京長岡,4,福井工大福井,2,新潟,福井,,v1_3_workcopy.xlsx / 試合元帳,元帳あり・Web URL未登録,v1_3_workcopy.xlsx,level=regional;historical_reference=1;team1_pref=新潟;team2_pref=福井
2024,spring,hokushinetsu,,,2024春季北信越地区大会,SF,,東京都市大塩尻,9,星稜,7,長野,石川,,v1_3_workcopy.xlsx / 試合元帳,元帳あり・Web URL未登録,v1_3_workcopy.xlsx,level=regional;historical_reference=1;team1_pref=長野;team2_pref=石川;legacy_note=延長11回、タイブレーク
2024,spring,hokushinetsu,,,2024春季北信越地区大会,F,,帝京長岡,2,東京都市大塩尻,0,新潟,長野,,v1_3_workcopy.xlsx / 試合元帳,元帳あり・Web URL未登録,v1_3_workcopy.xlsx,level=regional;historical_reference=1;team1_pref=新潟;team2_pref=長野
2024,spring,tokai,,,2024春季東海地区大会,QF,,津田学園,7,市岐阜商,6,三重,岐阜,,v1_3_workcopy.xlsx / 試合元帳,元帳あり・Web URL未登録,v1_3_workcopy.xlsx,level=regional;historical_reference=1;team1_pref=三重;team2_pref=岐阜;legacy_note=サヨナラ
2024,spring,tokai,,,2024春季東海地区大会,QF,,中京大中京,1,加藤学園,0,愛知,静岡,,v1_3_workcopy.xlsx / 試合元帳,元帳あり・Web URL未登録,v1_3_workcopy.xlsx,level=regional;historical_reference=1;team1_pref=愛知;team2_pref=静岡
2024,spring,tokai,,,2024春季東海地区大会,QF,,菰野,9,享栄,7,三重,愛知,,v1_3_workcopy.xlsx / 試合元帳,元帳あり・Web URL未登録,v1_3_workcopy.xlsx,level=regional;historical_reference=1;team1_pref=三重;team2_pref=愛知
2024,spring,tokai,,,2024春季東海地区大会,QF,,県岐阜商,2,静岡,1,岐阜,静岡,,v1_3_workcopy.xlsx / 試合元帳,元帳あり・Web URL未登録,v1_3_workcopy.xlsx,level=regional;historical_reference=1;team1_pref=岐阜;team2_pref=静岡
2024,spring,tokai,,,2024春季東海地区大会,SF,,中京大中京,7,津田学園,0,愛知,三重,,v1_3_workcopy.xlsx / 試合元帳,元帳あり・Web URL未登録,v1_3_workcopy.xlsx,level=regional;historical_reference=1;team1_pref=愛知;team2_pref=三重;legacy_note=7回コールド
2024,spring,tokai,,,2024春季東海地区大会,SF,,菰野,6,県岐阜商,5,三重,岐阜,,v1_3_workcopy.xlsx / 試合元帳,元帳あり・Web URL未登録,v1_3_workcopy.xlsx,level=regional;historical_reference=1;team1_pref=三重;team2_pref=岐阜;legacy_note=延長10回、タイブレーク
2024,spring,tokai,,,2024春季東海地区大会,F,,中京大中京,4,菰野,3,愛知,三重,,v1_3_workcopy.xlsx / 試合元帳,元帳あり・Web URL未登録,v1_3_workcopy.xlsx,level=regional;historical_reference=1;team1_pref=愛知;team2_pref=三重
2024,spring,kinki,,,2024春季近畿地区大会,QF,,天理,11,社,0,奈良,兵庫,,v1_3_workcopy.xlsx / 試合元帳,元帳あり・Web URL未登録,v1_3_workcopy.xlsx,level=regional;historical_reference=1;team1_pref=奈良;team2_pref=兵庫
2024,spring,kinki,,,2024春季近畿地区大会,QF,,京都国際,8,明石商,1,京都,兵庫,,v1_3_workcopy.xlsx / 試合元帳,元帳あり・Web URL未登録,v1_3_workcopy.xlsx,level=regional;historical_reference=1;team1_pref=京都;team2_pref=兵庫;legacy_note=7回コールド
2024,spring,kinki,,,2024春季近畿地区大会,QF,,智弁和歌山,4,滋賀学園,0,和歌山,滋賀,,v1_3_workcopy.xlsx / 試合元帳,元帳あり・Web URL未登録,v1_3_workcopy.xlsx,level=regional;historical_reference=1;team1_pref=和歌山;team2_pref=滋賀
2024,spring,kinki,,,2024春季近畿地区大会,QF,,須磨翔風,3,大阪学院大高,1,兵庫,大阪,,v1_3_workcopy.xlsx / 試合元帳,元帳あり・Web URL未登録,v1_3_workcopy.xlsx,level=regional;historical_reference=1;team1_pref=兵庫;team2_pref=大阪
2024,spring,kinki,,,2024春季近畿地区大会,SF,,智弁和歌山,12,須磨翔風,0,和歌山,兵庫,,v1_3_workcopy.xlsx / 試合元帳,元帳あり・Web URL未登録,v1_3_workcopy.xlsx,level=regional;historical_reference=1;team1_pref=和歌山;team2_pref=兵庫
2024,spring,kinki,,,2024春季近畿地区大会,SF,,京都国際,5,天理,1,京都,奈良,,v1_3_workcopy.xlsx / 試合元帳,元帳あり・Web URL未登録,v1_3_workcopy.xlsx,level=regional;historical_reference=1;team1_pref=京都;team2_pref=奈良
2024,spring,kinki,,,2024春季近畿地区大会,F,,京都国際,3,智弁和歌山,2,京都,和歌山,,v1_3_workcopy.xlsx / 試合元帳,元帳あり・Web URL未登録,v1_3_workcopy.xlsx,level=regional;historical_reference=1;team1_pref=京都;team2_pref=和歌山;legacy_note=サヨナラ
2024,spring,chugoku,,,2024春季中国地区大会,QF,,広陵,8,鳥取城北,6,広島,鳥取,,v1_3_workcopy.xlsx / 試合元帳,元帳あり・Web URL未登録,v1_3_workcopy.xlsx,level=regional;historical_reference=1;team1_pref=広島;team2_pref=鳥取
2024,spring,chugoku,,,2024春季中国地区大会,QF,,尾道,3,宇部鴻城,2,広島,山口,,v1_3_workcopy.xlsx / 試合元帳,元帳あり・Web URL未登録,v1_3_workcopy.xlsx,level=regional;historical_reference=1;team1_pref=広島;team2_pref=山口
2024,spring,chugoku,,,2024春季中国地区大会,QF,,倉敷商,7,崇徳,1,岡山,広島,,v1_3_workcopy.xlsx / 試合元帳,元帳あり・Web URL未登録,v1_3_workcopy.xlsx,level=regional;historical_reference=1;team1_pref=岡山;team2_pref=広島
2024,spring,chugoku,,,2024春季中国地区大会,QF,,海田,5,益田東,4,広島,島根,,v1_3_workcopy.xlsx / 試合元帳,元帳あり・Web URL未登録,v1_3_workcopy.xlsx,level=regional;historical_reference=1;team1_pref=広島;team2_pref=島根
2024,spring,chugoku,,,2024春季中国地区大会,SF,,尾道,7,海田,0,広島,広島,,v1_3_workcopy.xlsx / 試合元帳,元帳あり・Web URL未登録,v1_3_workcopy.xlsx,level=regional;historical_reference=1;team1_pref=広島;team2_pref=広島;legacy_note=8回コールド
2024,spring,chugoku,,,2024春季中国地区大会,SF,,倉敷商,2,広陵,1,岡山,広島,,v1_3_workcopy.xlsx / 試合元帳,元帳あり・Web URL未登録,v1_3_workcopy.xlsx,level=regional;historical_reference=1;team1_pref=岡山;team2_pref=広島
2024,spring,chugoku,,,2024春季中国地区大会,F,,尾道,6,倉敷商,5,広島,岡山,,v1_3_workcopy.xlsx / 試合元帳,元帳あり・Web URL未登録,v1_3_workcopy.xlsx,level=regional;historical_reference=1;team1_pref=広島;team2_pref=岡山;legacy_note=延長10回サヨナラ、タイブレーク
2024,spring,shikoku,,,2024春季四国地区大会,QF,,高知,7,松山商,0,高知,愛媛,,v1_3_workcopy.xlsx / 試合元帳,元帳あり・Web URL未登録,v1_3_workcopy.xlsx,level=regional;historical_reference=1;team1_pref=高知;team2_pref=愛媛;legacy_note=7回コールド
2024,spring,shikoku,,,2024春季四国地区大会,QF,,高松商,3,徳島商,2,香川,徳島,,v1_3_workcopy.xlsx / 試合元帳,元帳あり・Web URL未登録,v1_3_workcopy.xlsx,level=regional;historical_reference=1;team1_pref=香川;team2_pref=徳島
2024,spring,shikoku,,,2024春季四国地区大会,QF,,阿南光,5,済美,0,徳島,愛媛,,v1_3_workcopy.xlsx / 試合元帳,元帳あり・Web URL未登録,v1_3_workcopy.xlsx,level=regional;historical_reference=1;team1_pref=徳島;team2_pref=愛媛
2024,spring,shikoku,,,2024春季四国地区大会,QF,,尽誠学園,4,明徳義塾,2,香川,高知,,v1_3_workcopy.xlsx / 試合元帳,元帳あり・Web URL未登録,v1_3_workcopy.xlsx,level=regional;historical_reference=1;team1_pref=香川;team2_pref=高知
2024,spring,shikoku,,,2024春季四国地区大会,SF,,高松商,4,高知,2,香川,高知,,v1_3_workcopy.xlsx / 試合元帳,元帳あり・Web URL未登録,v1_3_workcopy.xlsx,level=regional;historical_reference=1;team1_pref=香川;team2_pref=高知
2024,spring,shikoku,,,2024春季四国地区大会,SF,,尽誠学園,7,阿南光,2,香川,徳島,,v1_3_workcopy.xlsx / 試合元帳,元帳あり・Web URL未登録,v1_3_workcopy.xlsx,level=regional;historical_reference=1;team1_pref=香川;team2_pref=徳島
2024,spring,shikoku,,,2024春季四国地区大会,F,,高松商,2,尽誠学園,0,香川,香川,,v1_3_workcopy.xlsx / 試合元帳,元帳あり・Web URL未登録,v1_3_workcopy.xlsx,level=regional;historical_reference=1;team1_pref=香川;team2_pref=香川
2024,spring,kyushu,,,2024春季九州地区大会,1R,,唐津商,5,文徳,2,佐賀,熊本,,v1_3_workcopy.xlsx / 試合元帳,元帳あり・Web URL未登録,v1_3_workcopy.xlsx,level=regional;historical_reference=1;team1_pref=佐賀;team2_pref=熊本
2024,spring,kyushu,,,2024春季九州地区大会,1R,,宮崎商,16,東海大福岡,3,宮崎,福岡,,v1_3_workcopy.xlsx / 試合元帳,元帳あり・Web URL未登録,v1_3_workcopy.xlsx,level=regional;historical_reference=1;team1_pref=宮崎;team2_pref=福岡;legacy_note=6回コールド
2024,spring,kyushu,,,2024春季九州地区大会,1R,,大分,2,北陵,1,大分,佐賀,,v1_3_workcopy.xlsx / 試合元帳,元帳あり・Web URL未登録,v1_3_workcopy.xlsx,level=regional;historical_reference=1;team1_pref=大分;team2_pref=佐賀;legacy_note=延長11回サヨナラ、タイブレーク
2024,spring,kyushu,,,2024春季九州地区大会,1R,,佐賀北,5,春日,4,佐賀,福岡,,v1_3_workcopy.xlsx / 試合元帳,元帳あり・Web URL未登録,v1_3_workcopy.xlsx,level=regional;historical_reference=1;team1_pref=佐賀;team2_pref=福岡
2024,spring,kyushu,,,2024春季九州地区大会,1R,,明豊,2,エナジックスポーツ,0,大分,沖縄,,v1_3_workcopy.xlsx / 試合元帳,元帳あり・Web URL未登録,v1_3_workcopy.xlsx,level=regional;historical_reference=1;team1_pref=大分;team2_pref=沖縄
2024,spring,kyushu,,,2024春季九州地区大会,1R,,神村学園,8,大牟田,1,鹿児島,福岡,,v1_3_workcopy.xlsx / 試合元帳,元帳あり・Web URL未登録,v1_3_workcopy.xlsx,level=regional;historical_reference=1;team1_pref=鹿児島;team2_pref=福岡;legacy_note=7回コールド
2024,spring,kyushu,,,2024春季九州地区大会,1R,,熊本国府,2,長崎日大,1,熊本,長崎,,v1_3_workcopy.xlsx / 試合元帳,元帳あり・Web URL未登録,v1_3_workcopy.xlsx,level=regional;historical_reference=1;team1_pref=熊本;team2_pref=長崎;legacy_note=延長11回サヨナラ、タイブレーク
2024,spring,kyushu,,,2024春季九州地区大会,1R,,鹿児島実,3,東明館,2,鹿児島,佐賀,,v1_3_workcopy.xlsx / 試合元帳,元帳あり・Web URL未登録,v1_3_workcopy.xlsx,level=regional;historical_reference=1;team1_pref=鹿児島;team2_pref=佐賀;legacy_note=サヨナラ
2024,spring,kyushu,,,2024春季九州地区大会,QF,,唐津商,3,宮崎商,2,佐賀,宮崎,,v1_3_workcopy.xlsx / 試合元帳,元帳あり・Web URL未登録,v1_3_workcopy.xlsx,level=regional;historical_reference=1;team1_pref=佐賀;team2_pref=宮崎
2024,spring,kyushu,,,2024春季九州地区大会,QF,,鹿児島実,5,熊本国府,0,鹿児島,熊本,,v1_3_workcopy.xlsx / 試合元帳,元帳あり・Web URL未登録,v1_3_workcopy.xlsx,level=regional;historical_reference=1;team1_pref=鹿児島;team2_pref=熊本
2024,spring,kyushu,,,2024春季九州地区大会,QF,,明豊,3,佐賀北,1,大分,佐賀,,v1_3_workcopy.xlsx / 試合元帳,元帳あり・Web URL未登録,v1_3_workcopy.xlsx,level=regional;historical_reference=1;team1_pref=大分;team2_pref=佐賀
2024,spring,kyushu,,,2024春季九州地区大会,QF,,神村学園,4,大分,3,鹿児島,大分,,v1_3_workcopy.xlsx / 試合元帳,元帳あり・Web URL未登録,v1_3_workcopy.xlsx,level=regional;historical_reference=1;team1_pref=鹿児島;team2_pref=大分
2024,spring,kyushu,,,2024春季九州地区大会,SF,,明豊,5,鹿児島実,3,大分,鹿児島,,v1_3_workcopy.xlsx / 試合元帳,元帳あり・Web URL未登録,v1_3_workcopy.xlsx,level=regional;historical_reference=1;team1_pref=大分;team2_pref=鹿児島
2024,spring,kyushu,,,2024春季九州地区大会,SF,,神村学園,2,唐津商,1,鹿児島,佐賀,,v1_3_workcopy.xlsx / 試合元帳,元帳あり・Web URL未登録,v1_3_workcopy.xlsx,level=regional;historical_reference=1;team1_pref=鹿児島;team2_pref=佐賀;legacy_note=延長10回サヨナラ、タイブレーク
2024,spring,kyushu,,,2024春季九州地区大会,F,,明豊,6,神村学園,0,大分,鹿児島,,v1_3_workcopy.xlsx / 試合元帳,元帳あり・Web URL未登録,v1_3_workcopy.xlsx,level=regional;historical_reference=1;team1_pref=大分;team2_pref=鹿児島
2024,koshien,national,,,2024選手権,1R,,滋賀学園,10,有田工,6,滋賀,佐賀,,v1_3_workcopy.xlsx / 試合元帳,元帳あり・Web URL未登録,v1_3_workcopy.xlsx,level=national;historical_reference=1;team1_pref=滋賀;team2_pref=佐賀
2024,koshien,national,,,2024選手権,1R,,健大高崎,1,英明,0,群馬,香川,,v1_3_workcopy.xlsx / 試合元帳,元帳あり・Web URL未登録,v1_3_workcopy.xlsx,level=national;historical_reference=1;team1_pref=群馬;team2_pref=香川
2024,koshien,national,,,2024選手権,1R,,智弁学園,9,岐阜城北,6,奈良,岐阜,,v1_3_workcopy.xlsx / 試合元帳,元帳あり・Web URL未登録,v1_3_workcopy.xlsx,level=national;historical_reference=1;team1_pref=奈良;team2_pref=岐阜;legacy_note=延長11回、タイブレーク
2024,koshien,national,,,2024選手権,1R,,大阪桐蔭,5,興南,0,大阪,沖縄,,v1_3_workcopy.xlsx / 試合元帳,元帳あり・Web URL未登録,v1_3_workcopy.xlsx,level=national;historical_reference=1;team1_pref=大阪;team2_pref=沖縄
2024,koshien,national,,,2024選手権,1R,,小松大谷,8,明豊,4,石川,大分,,v1_3_workcopy.xlsx / 試合元帳,元帳あり・Web URL未登録,v1_3_workcopy.xlsx,level=national;historical_reference=1;team1_pref=石川;team2_pref=大分
2024,koshien,national,,,2024選手権,1R,,京都国際,7,札幌日大,3,京都,北海道,,v1_3_workcopy.xlsx / 試合元帳,元帳あり・Web URL未登録,v1_3_workcopy.xlsx,level=national;historical_reference=1;team1_pref=京都;team2_pref=北海道
2024,koshien,national,,,2024選手権,1R,,新潟産大付,2,花咲徳栄,1,新潟,埼玉,,v1_3_workcopy.xlsx / 試合元帳,元帳あり・Web URL未登録,v1_3_workcopy.xlsx,level=national;historical_reference=1;team1_pref=新潟;team2_pref=埼玉
2024,koshien,national,,,2024選手権,1R,,西日本短大付,6,金足農,4,福岡,秋田,,v1_3_workcopy.xlsx / 試合元帳,元帳あり・Web URL未登録,v1_3_workcopy.xlsx,level=national;historical_reference=1;team1_pref=福岡;team2_pref=秋田
2024,koshien,national,,,2024選手権,1R,,菰野,6,南陽工,2,三重,山口,,v1_3_workcopy.xlsx / 試合元帳,元帳あり・Web URL未登録,v1_3_workcopy.xlsx,level=national;historical_reference=1;team1_pref=三重;team2_pref=山口
2024,koshien,national,,,2024選手権,1R,,中京大中京,4,宮崎商,3,愛知,宮崎,,v1_3_workcopy.xlsx / 試合元帳,元帳あり・Web URL未登録,v1_3_workcopy.xlsx,level=national;historical_reference=1;team1_pref=愛知;team2_pref=宮崎
2024,koshien,national,,,2024選手権,1R,,神村学園,8,木更津総合,5,鹿児島,千葉,,v1_3_workcopy.xlsx / 試合元帳,元帳あり・Web URL未登録,v1_3_workcopy.xlsx,level=national;historical_reference=1;team1_pref=鹿児島;team2_pref=千葉
2024,koshien,national,,,2024選手権,1R,,岡山学芸館,1,聖カタリナ,0,岡山,愛媛,,v1_3_workcopy.xlsx / 試合元帳,元帳あり・Web URL未登録,v1_3_workcopy.xlsx,level=national;historical_reference=1;team1_pref=岡山;team2_pref=愛媛
2024,koshien,national,,,2024選手権,1R,,掛川西,8,日本航空,4,静岡,山梨,,v1_3_workcopy.xlsx / 試合元帳,元帳あり・Web URL未登録,v1_3_workcopy.xlsx,level=national;historical_reference=1;team1_pref=静岡;team2_pref=山梨
2024,koshien,national,,,2024選手権,1R,,早稲田実,8,鳴門渦潮,4,東京,徳島,,v1_3_workcopy.xlsx / 試合元帳,元帳あり・Web URL未登録,v1_3_workcopy.xlsx,level=national;historical_reference=1;team1_pref=東京;team2_pref=徳島
2024,koshien,national,,,2024選手権,1R,,鶴岡東,2,聖光学院,1,山形,福島,,v1_3_workcopy.xlsx / 試合元帳,元帳あり・Web URL未登録,v1_3_workcopy.xlsx,level=national;historical_reference=1;team1_pref=山形;team2_pref=福島
2024,koshien,national,,,2024選手権,1R,,大社,3,報徳学園,1,島根,兵庫,,v1_3_workcopy.xlsx / 試合元帳,元帳あり・Web URL未登録,v1_3_workcopy.xlsx,level=national;historical_reference=1;team1_pref=島根;team2_pref=兵庫
2024,koshien,national,,,2024選手権,1R,,創成館,1,白樺学園,0,長崎,北海道,,v1_3_workcopy.xlsx / 試合元帳,元帳あり・Web URL未登録,v1_3_workcopy.xlsx,level=national;historical_reference=1;team1_pref=長崎;team2_pref=北海道
2024,koshien,national,,,2024選手権,2R,,広陵,2,熊本工,1,広島,熊本,,v1_3_workcopy.xlsx / 試合元帳,元帳あり・Web URL未登録,v1_3_workcopy.xlsx,level=national;historical_reference=1;team1_pref=広島;team2_pref=熊本
2024,koshien,national,,,2024選手権,2R,,東海大相模,4,富山商,0,神奈川,富山,,v1_3_workcopy.xlsx / 試合元帳,元帳あり・Web URL未登録,v1_3_workcopy.xlsx,level=national;historical_reference=1;team1_pref=神奈川;team2_pref=富山
2024,koshien,national,,,2024選手権,2R,,明徳義塾,7,鳥取城北,0,高知,鳥取,,v1_3_workcopy.xlsx / 試合元帳,元帳あり・Web URL未登録,v1_3_workcopy.xlsx,level=national;historical_reference=1;team1_pref=高知;team2_pref=鳥取
2024,koshien,national,,,2024選手権,2R,,関東一,7,北陸,1,東京,福井,,v1_3_workcopy.xlsx / 試合元帳,元帳あり・Web URL未登録,v1_3_workcopy.xlsx,level=national;historical_reference=1;team1_pref=東京;team2_pref=福井
2024,koshien,national,,,2024選手権,2R,,青森山田,9,長野日大,1,青森,長野,,v1_3_workcopy.xlsx / 試合元帳,元帳あり・Web URL未登録,v1_3_workcopy.xlsx,level=national;historical_reference=1;team1_pref=青森;team2_pref=長野
2024,koshien,national,,,2024選手権,2R,,石橋,5,聖和学園,0,栃木,宮城,,v1_3_workcopy.xlsx / 試合元帳,元帳あり・Web URL未登録,v1_3_workcopy.xlsx,level=national;historical_reference=1;team1_pref=栃木;team2_pref=宮城
2024,koshien,national,,,2024選手権,2R,,霞ヶ浦,5,智弁和歌山,4,茨城,和歌山,,v1_3_workcopy.xlsx / 試合元帳,元帳あり・Web URL未登録,v1_3_workcopy.xlsx,level=national;historical_reference=1;team1_pref=茨城;team2_pref=和歌山;legacy_note=延長11回、タイブレーク
2024,koshien,national,,,2024選手権,2R,,滋賀学園,5,花巻東,0,滋賀,岩手,,v1_3_workcopy.xlsx / 試合元帳,元帳あり・Web URL未登録,v1_3_workcopy.xlsx,level=national;historical_reference=1;team1_pref=滋賀;team2_pref=岩手
2024,koshien,national,,,2024選手権,2R,,智弁学園,2,健大高崎,1,奈良,群馬,,v1_3_workcopy.xlsx / 試合元帳,元帳あり・Web URL未登録,v1_3_workcopy.xlsx,level=national;historical_reference=1;team1_pref=奈良;team2_pref=群馬
2024,koshien,national,,,2024選手権,2R,,小松大谷,3,大阪桐蔭,0,石川,大阪,,v1_3_workcopy.xlsx / 試合元帳,元帳あり・Web URL未登録,v1_3_workcopy.xlsx,level=national;historical_reference=1;team1_pref=石川;team2_pref=大阪
2024,koshien,national,,,2024選手権,2R,,京都国際,4,新潟産大付,0,京都,新潟,,v1_3_workcopy.xlsx / 試合元帳,元帳あり・Web URL未登録,v1_3_workcopy.xlsx,level=national;historical_reference=1;team1_pref=京都;team2_pref=新潟
2024,koshien,national,,,2024選手権,2R,,西日本短大付,13,菰野,0,福岡,三重,,v1_3_workcopy.xlsx / 試合元帳,元帳あり・Web URL未登録,v1_3_workcopy.xlsx,level=national;historical_reference=1;team1_pref=福岡;team2_pref=三重
2024,koshien,national,,,2024選手権,2R,,神村学園,4,中京大中京,3,鹿児島,愛知,,v1_3_workcopy.xlsx / 試合元帳,元帳あり・Web URL未登録,v1_3_workcopy.xlsx,level=national;historical_reference=1;team1_pref=鹿児島;team2_pref=愛知
2024,koshien,national,,,2024選手権,2R,,岡山学芸館,2,掛川西,0,岡山,静岡,,v1_3_workcopy.xlsx / 試合元帳,元帳あり・Web URL未登録,v1_3_workcopy.xlsx,level=national;historical_reference=1;team1_pref=岡山;team2_pref=静岡
2024,koshien,national,,,2024選手権,2R,,早稲田実,1,鶴岡東,0,東京,山形,,v1_3_workcopy.xlsx / 試合元帳,元帳あり・Web URL未登録,v1_3_workcopy.xlsx,level=national;historical_reference=1;team1_pref=東京;team2_pref=山形;legacy_note=延長10回サヨナラ、タイブレーク
2024,koshien,national,,,2024選手権,2R,,大社,5,創成館,4,島根,長崎,,v1_3_workcopy.xlsx / 試合元帳,元帳あり・Web URL未登録,v1_3_workcopy.xlsx,level=national;historical_reference=1;team1_pref=島根;team2_pref=長崎;legacy_note=延長10回、タイブレーク
2024,koshien,national,,,2024選手権,3R,,東海大相模,8,広陵,1,神奈川,広島,,v1_3_workcopy.xlsx / 試合元帳,元帳あり・Web URL未登録,v1_3_workcopy.xlsx,level=national;historical_reference=1;team1_pref=神奈川;team2_pref=広島
2024,koshien,national,,,2024選手権,3R,,関東一,3,明徳義塾,2,東京,高知,,v1_3_workcopy.xlsx / 試合元帳,元帳あり・Web URL未登録,v1_3_workcopy.xlsx,level=national;historical_reference=1;team1_pref=東京;team2_pref=高知
2024,koshien,national,,,2024選手権,3R,,青森山田,5,石橋,0,青森,栃木,,v1_3_workcopy.xlsx / 試合元帳,元帳あり・Web URL未登録,v1_3_workcopy.xlsx,level=national;historical_reference=1;team1_pref=青森;team2_pref=栃木
2024,koshien,national,,,2024選手権,3R,,滋賀学園,6,霞ヶ浦,2,滋賀,茨城,,v1_3_workcopy.xlsx / 試合元帳,元帳あり・Web URL未登録,v1_3_workcopy.xlsx,level=national;historical_reference=1;team1_pref=滋賀;team2_pref=茨城
2024,koshien,national,,,2024選手権,3R,,智弁学園,6,小松大谷,3,奈良,石川,,v1_3_workcopy.xlsx / 試合元帳,元帳あり・Web URL未登録,v1_3_workcopy.xlsx,level=national;historical_reference=1;team1_pref=奈良;team2_pref=石川
2024,koshien,national,,,2024選手権,3R,,京都国際,4,西日本短大付,0,京都,福岡,,v1_3_workcopy.xlsx / 試合元帳,元帳あり・Web URL未登録,v1_3_workcopy.xlsx,level=national;historical_reference=1;team1_pref=京都;team2_pref=福岡
2024,koshien,national,,,2024選手権,3R,,神村学園,7,岡山学芸館,1,鹿児島,岡山,,v1_3_workcopy.xlsx / 試合元帳,元帳あり・Web URL未登録,v1_3_workcopy.xlsx,level=national;historical_reference=1;team1_pref=鹿児島;team2_pref=岡山
2024,koshien,national,,,2024選手権,3R,,大社,3,早稲田実,2,島根,東京,,v1_3_workcopy.xlsx / 試合元帳,元帳あり・Web URL未登録,v1_3_workcopy.xlsx,level=national;historical_reference=1;team1_pref=島根;team2_pref=東京;legacy_note=延長11回サヨナラ、タイブレーク
2024,koshien,national,,,2024選手権,QF,,関東一,2,東海大相模,1,東京,神奈川,,v1_3_workcopy.xlsx / 試合元帳,元帳あり・Web URL未登録,v1_3_workcopy.xlsx,level=national;historical_reference=1;team1_pref=東京;team2_pref=神奈川
2024,koshien,national,,,2024選手権,QF,,青森山田,1,滋賀学園,0,青森,滋賀,,v1_3_workcopy.xlsx / 試合元帳,元帳あり・Web URL未登録,v1_3_workcopy.xlsx,level=national;historical_reference=1;team1_pref=青森;team2_pref=滋賀
2024,koshien,national,,,2024選手権,QF,,京都国際,4,智弁学園,0,京都,奈良,,v1_3_workcopy.xlsx / 試合元帳,元帳あり・Web URL未登録,v1_3_workcopy.xlsx,level=national;historical_reference=1;team1_pref=京都;team2_pref=奈良
2024,koshien,national,,,2024選手権,QF,,神村学園,8,大社,2,鹿児島,島根,,v1_3_workcopy.xlsx / 試合元帳,元帳あり・Web URL未登録,v1_3_workcopy.xlsx,level=national;historical_reference=1;team1_pref=鹿児島;team2_pref=島根
2024,koshien,national,,,2024選手権,SF,,関東一,2,神村学園,1,東京,鹿児島,,v1_3_workcopy.xlsx / 試合元帳,元帳あり・Web URL未登録,v1_3_workcopy.xlsx,level=national;historical_reference=1;team1_pref=東京;team2_pref=鹿児島
2024,koshien,national,,,2024選手権,SF,,京都国際,3,青森山田,2,京都,青森,,v1_3_workcopy.xlsx / 試合元帳,元帳あり・Web URL未登録,v1_3_workcopy.xlsx,level=national;historical_reference=1;team1_pref=京都;team2_pref=青森
2024,koshien,national,,,2024選手権,F,,京都国際,2,関東一,1,京都,東京,,v1_3_workcopy.xlsx / 試合元帳,元帳あり・Web URL未登録,v1_3_workcopy.xlsx,level=national;historical_reference=1;team1_pref=京都;team2_pref=東京;legacy_note=延長10回、タイブレーク
2024,autumn,hokkaido,,,2024秋季北海道地区大会,1R,,東海大札幌,5,鵡川,1,北海道,北海道,,v1_3_workcopy.xlsx / 試合元帳,元帳あり・Web URL未登録,v1_3_workcopy.xlsx,level=regional;historical_reference=1;team1_pref=北海道;team2_pref=北海道
2024,autumn,hokkaido,,,2024秋季北海道地区大会,1R,,北照,9,帯広工,1,北海道,北海道,,v1_3_workcopy.xlsx / 試合元帳,元帳あり・Web URL未登録,v1_3_workcopy.xlsx,level=regional;historical_reference=1;team1_pref=北海道;team2_pref=北海道;legacy_note=7回コールド
2024,autumn,hokkaido,,,2024秋季北海道地区大会,1R,,釧路江南,2,帯広大谷,1,北海道,北海道,,v1_3_workcopy.xlsx / 試合元帳,元帳あり・Web URL未登録,v1_3_workcopy.xlsx,level=regional;historical_reference=1;team1_pref=北海道;team2_pref=北海道
2024,autumn,hokkaido,,,2024秋季北海道地区大会,1R,,駒大苫小牧,2,士別翔雲,1,北海道,北海道,,v1_3_workcopy.xlsx / 試合元帳,元帳あり・Web URL未登録,v1_3_workcopy.xlsx,level=regional;historical_reference=1;team1_pref=北海道;team2_pref=北海道
2024,autumn,hokkaido,,,2024秋季北海道地区大会,2R,,クラーク国際,2,旭川実,0,北海道,北海道,,v1_3_workcopy.xlsx / 試合元帳,元帳あり・Web URL未登録,v1_3_workcopy.xlsx,level=regional;historical_reference=1;team1_pref=北海道;team2_pref=北海道
2024,autumn,hokkaido,,,2024秋季北海道地区大会,2R,,北星大付,8,札幌創成,2,北海道,北海道,,v1_3_workcopy.xlsx / 試合元帳,元帳あり・Web URL未登録,v1_3_workcopy.xlsx,level=regional;historical_reference=1;team1_pref=北海道;team2_pref=北海道
2024,autumn,hokkaido,,,2024秋季北海道地区大会,2R,,北海,11,函館中部,1,北海道,北海道,,v1_3_workcopy.xlsx / 試合元帳,元帳あり・Web URL未登録,v1_3_workcopy.xlsx,level=regional;historical_reference=1;team1_pref=北海道;team2_pref=北海道;legacy_note=6回コールド
2024,autumn,hokkaido,,,2024秋季北海道地区大会,2R,,札幌南,5,函館大柏稜,3,北海道,北海道,,v1_3_workcopy.xlsx / 試合元帳,元帳あり・Web URL未登録,v1_3_workcopy.xlsx,level=regional;historical_reference=1;team1_pref=北海道;team2_pref=北海道;legacy_note=延長10回、タイブレーク
2024,autumn,hokkaido,,,2024秋季北海道地区大会,2R,,東海大札幌,2,札幌光星,1,北海道,北海道,,v1_3_workcopy.xlsx / 試合元帳,元帳あり・Web URL未登録,v1_3_workcopy.xlsx,level=regional;historical_reference=1;team1_pref=北海道;team2_pref=北海道
2024,autumn,hokkaido,,,2024秋季北海道地区大会,2R,,札幌日大,6,北照,2,北海道,北海道,,v1_3_workcopy.xlsx / 試合元帳,元帳あり・Web URL未登録,v1_3_workcopy.xlsx,level=regional;historical_reference=1;team1_pref=北海道;team2_pref=北海道
2024,autumn,hokkaido,,,2024秋季北海道地区大会,2R,,釧路江南,2,遠軽,1,北海道,北海道,,v1_3_workcopy.xlsx / 試合元帳,元帳あり・Web URL未登録,v1_3_workcopy.xlsx,level=regional;historical_reference=1;team1_pref=北海道;team2_pref=北海道;legacy_note=サヨナラ
2024,autumn,hokkaido,,,2024秋季北海道地区大会,2R,,駒大苫小牧,3,旭川志峯,2,北海道,北海道,,v1_3_workcopy.xlsx / 試合元帳,元帳あり・Web URL未登録,v1_3_workcopy.xlsx,level=regional;historical_reference=1;team1_pref=北海道;team2_pref=北海道
2024,autumn,hokkaido,,,2024秋季北海道地区大会,QF,,東海大札幌,3,クラーク国際,1,北海道,北海道,,v1_3_workcopy.xlsx / 試合元帳,元帳あり・Web URL未登録,v1_3_workcopy.xlsx,level=regional;historical_reference=1;team1_pref=北海道;team2_pref=北海道
2024,autumn,hokkaido,,,2024秋季北海道地区大会,QF,,札幌日大,9,北星大付,4,北海道,北海道,,v1_3_workcopy.xlsx / 試合元帳,元帳あり・Web URL未登録,v1_3_workcopy.xlsx,level=regional;historical_reference=1;team1_pref=北海道;team2_pref=北海道
2024,autumn,hokkaido,,,2024秋季北海道地区大会,QF,,北海,1,釧路江南,0,北海道,北海道,,v1_3_workcopy.xlsx / 試合元帳,元帳あり・Web URL未登録,v1_3_workcopy.xlsx,level=regional;historical_reference=1;team1_pref=北海道;team2_pref=北海道
2024,autumn,hokkaido,,,2024秋季北海道地区大会,QF,,駒大苫小牧,8,札幌南,1,北海道,北海道,,v1_3_workcopy.xlsx / 試合元帳,元帳あり・Web URL未登録,v1_3_workcopy.xlsx,level=regional;historical_reference=1;team1_pref=北海道;team2_pref=北海道;legacy_note=7回コールド
2024,autumn,hokkaido,,,2024秋季北海道地区大会,SF,,東海大札幌,5,札幌日大,2,北海道,北海道,,v1_3_workcopy.xlsx / 試合元帳,元帳あり・Web URL未登録,v1_3_workcopy.xlsx,level=regional;historical_reference=1;team1_pref=北海道;team2_pref=北海道
2024,autumn,hokkaido,,,2024秋季北海道地区大会,SF,,北海,6,駒大苫小牧,2,北海道,北海道,,v1_3_workcopy.xlsx / 試合元帳,元帳あり・Web URL未登録,v1_3_workcopy.xlsx,level=regional;historical_reference=1;team1_pref=北海道;team2_pref=北海道
2024,autumn,hokkaido,,,2024秋季北海道地区大会,F,,東海大札幌,2,北海,0,北海道,北海道,,v1_3_workcopy.xlsx / 試合元帳,元帳あり・Web URL未登録,v1_3_workcopy.xlsx,level=regional;historical_reference=1;team1_pref=北海道;team2_pref=北海道
2024,autumn,tohoku,,,2024秋季東北地区大会,1R,,久慈,7,学法石川,2,岩手,福島,,v1_3_workcopy.xlsx / 試合元帳,元帳あり・Web URL未登録,v1_3_workcopy.xlsx,level=regional;historical_reference=1;team1_pref=岩手;team2_pref=福島
2024,autumn,tohoku,,,2024秋季東北地区大会,1R,,山形中央,1,大曲工,0,山形,秋田,,v1_3_workcopy.xlsx / 試合元帳,元帳あり・Web URL未登録,v1_3_workcopy.xlsx,level=regional;historical_reference=1;team1_pref=山形;team2_pref=秋田;legacy_note=延長10回サヨナラ、タイブレーク
2024,autumn,tohoku,,,2024秋季東北地区大会,2R,,青森山田,8,古川学園,2,青森,宮城,,v1_3_workcopy.xlsx / 試合元帳,元帳あり・Web URL未登録,v1_3_workcopy.xlsx,level=regional;historical_reference=1;team1_pref=青森;team2_pref=宮城
2024,autumn,tohoku,,,2024秋季東北地区大会,2R,,聖光学院,5,能代松陽,1,福島,秋田,,v1_3_workcopy.xlsx / 試合元帳,元帳あり・Web URL未登録,v1_3_workcopy.xlsx,level=regional;historical_reference=1;team1_pref=福島;team2_pref=秋田
2024,autumn,tohoku,,,2024秋季東北地区大会,2R,,東日大昌平,11,東北学院榴ヶ岡,7,福島,宮城,,v1_3_workcopy.xlsx / 試合元帳,元帳あり・Web URL未登録,v1_3_workcopy.xlsx,level=regional;historical_reference=1;team1_pref=福島;team2_pref=宮城
2024,autumn,tohoku,,,2024秋季東北地区大会,2R,,仙台育英,4,聖愛,0,宮城,青森,,v1_3_workcopy.xlsx / 試合元帳,元帳あり・Web URL未登録,v1_3_workcopy.xlsx,level=regional;historical_reference=1;team1_pref=宮城;team2_pref=青森
2024,autumn,tohoku,,,2024秋季東北地区大会,2R,,日大山形,3,八戸学院光星,2,山形,青森,,v1_3_workcopy.xlsx / 試合元帳,元帳あり・Web URL未登録,v1_3_workcopy.xlsx,level=regional;historical_reference=1;team1_pref=山形;team2_pref=青森
2024,autumn,tohoku,,,2024秋季東北地区大会,2R,,鶴岡東,8,久慈,1,山形,岩手,,v1_3_workcopy.xlsx / 試合元帳,元帳あり・Web URL未登録,v1_3_workcopy.xlsx,level=regional;historical_reference=1;team1_pref=山形;team2_pref=岩手;legacy_note=7回コールド
2024,autumn,tohoku,,,2024秋季東北地区大会,2R,,山形中央,3,一関学院,1,山形,岩手,,v1_3_workcopy.xlsx / 試合元帳,元帳あり・Web URL未登録,v1_3_workcopy.xlsx,level=regional;historical_reference=1;team1_pref=山形;team2_pref=岩手
2024,autumn,tohoku,,,2024秋季東北地区大会,2R,,花巻東,8,秋田商,0,岩手,秋田,,v1_3_workcopy.xlsx / 試合元帳,元帳あり・Web URL未登録,v1_3_workcopy.xlsx,level=regional;historical_reference=1;team1_pref=岩手;team2_pref=秋田;legacy_note=7回コールド
2024,autumn,tohoku,,,2024秋季東北地区大会,QF,,聖光学院,3,仙台育英,2,福島,宮城,,v1_3_workcopy.xlsx / 試合元帳,元帳あり・Web URL未登録,v1_3_workcopy.xlsx,level=regional;historical_reference=1;team1_pref=福島;team2_pref=宮城
2024,autumn,tohoku,,,2024秋季東北地区大会,QF,,山形中央,3,日大山形,1,山形,山形,,v1_3_workcopy.xlsx / 試合元帳,元帳あり・Web URL未登録,v1_3_workcopy.xlsx,level=regional;historical_reference=1;team1_pref=山形;team2_pref=山形
2024,autumn,tohoku,,,2024秋季東北地区大会,QF,,花巻東,2,鶴岡東,1,岩手,山形,,v1_3_workcopy.xlsx / 試合元帳,元帳あり・Web URL未登録,v1_3_workcopy.xlsx,level=regional;historical_reference=1;team1_pref=岩手;team2_pref=山形
2024,autumn,tohoku,,,2024秋季東北地区大会,QF,,青森山田,4,東日大昌平,0,青森,福島,,v1_3_workcopy.xlsx / 試合元帳,元帳あり・Web URL未登録,v1_3_workcopy.xlsx,level=regional;historical_reference=1;team1_pref=青森;team2_pref=福島
2024,autumn,tohoku,,,2024秋季東北地区大会,SF,,青森山田,4,花巻東,1,青森,岩手,,v1_3_workcopy.xlsx / 試合元帳,元帳あり・Web URL未登録,v1_3_workcopy.xlsx,level=regional;historical_reference=1;team1_pref=青森;team2_pref=岩手
2024,autumn,tohoku,,,2024秋季東北地区大会,SF,,聖光学院,7,山形中央,1,福島,山形,,v1_3_workcopy.xlsx / 試合元帳,元帳あり・Web URL未登録,v1_3_workcopy.xlsx,level=regional;historical_reference=1;team1_pref=福島;team2_pref=山形
2024,autumn,tohoku,,,2024秋季東北地区大会,F,,聖光学院,3,青森山田,2,福島,青森,,v1_3_workcopy.xlsx / 試合元帳,元帳あり・Web URL未登録,v1_3_workcopy.xlsx,level=regional;historical_reference=1;team1_pref=福島;team2_pref=青森
2024,autumn,kanto_tokyo,,,2024秋季関東地区大会,1R,,浦和実,4,宇都宮工,2,埼玉,栃木,,v1_3_workcopy.xlsx / 試合元帳,元帳あり・Web URL未登録,v1_3_workcopy.xlsx,level=regional;historical_reference=1;team1_pref=埼玉;team2_pref=栃木
2024,autumn,kanto_tokyo,,,2024秋季関東地区大会,1R,,東農大二,10,帝京三,3,群馬,山梨,,v1_3_workcopy.xlsx / 試合元帳,元帳あり・Web URL未登録,v1_3_workcopy.xlsx,level=regional;historical_reference=1;team1_pref=群馬;team2_pref=山梨;legacy_note=7回コールド
2024,autumn,kanto_tokyo,,,2024秋季関東地区大会,1R,,つくば秀英,5,拓大紅陵,3,茨城,千葉,,v1_3_workcopy.xlsx / 試合元帳,元帳あり・Web URL未登録,v1_3_workcopy.xlsx,level=regional;historical_reference=1;team1_pref=茨城;team2_pref=千葉
2024,autumn,kanto_tokyo,,,2024秋季関東地区大会,1R,,千葉黎明,3,西武台,2,千葉,埼玉,,v1_3_workcopy.xlsx / 試合元帳,元帳あり・Web URL未登録,v1_3_workcopy.xlsx,level=regional;historical_reference=1;team1_pref=千葉;team2_pref=埼玉
2024,autumn,kanto_tokyo,,,2024秋季関東地区大会,1R,,健大高崎,9,霞ヶ浦,0,群馬,茨城,,v1_3_workcopy.xlsx / 試合元帳,元帳あり・Web URL未登録,v1_3_workcopy.xlsx,level=regional;historical_reference=1;team1_pref=群馬;team2_pref=茨城;legacy_note=7回コールド
2024,autumn,kanto_tokyo,,,2024秋季関東地区大会,1R,,山梨学院,6,東海大相模,5,山梨,神奈川,,v1_3_workcopy.xlsx / 試合元帳,元帳あり・Web URL未登録,v1_3_workcopy.xlsx,level=regional;historical_reference=1;team1_pref=山梨;team2_pref=神奈川;legacy_note=延長10回サヨナラ、タイブレーク
2024,autumn,kanto_tokyo,,,2024秋季関東地区大会,1R,,佐野日大,6,平塚学園,5,栃木,神奈川,,v1_3_workcopy.xlsx / 試合元帳,元帳あり・Web URL未登録,v1_3_workcopy.xlsx,level=regional;historical_reference=1;team1_pref=栃木;team2_pref=神奈川
2024,autumn,kanto_tokyo,,,2024秋季関東地区大会,QF,,浦和実,2,つくば秀英,0,埼玉,茨城,,v1_3_workcopy.xlsx / 試合元帳,元帳あり・Web URL未登録,v1_3_workcopy.xlsx,level=regional;historical_reference=1;team1_pref=埼玉;team2_pref=茨城
2024,autumn,kanto_tokyo,,,2024秋季関東地区大会,QF,,横浜,2,東農大二,0,神奈川,群馬,,v1_3_workcopy.xlsx / 試合元帳,元帳あり・Web URL未登録,v1_3_workcopy.xlsx,level=regional;historical_reference=1;team1_pref=神奈川;team2_pref=群馬
2024,autumn,kanto_tokyo,,,2024秋季関東地区大会,QF,,千葉黎明,5,山梨学院,2,千葉,山梨,,v1_3_workcopy.xlsx / 試合元帳,元帳あり・Web URL未登録,v1_3_workcopy.xlsx,level=regional;historical_reference=1;team1_pref=千葉;team2_pref=山梨
2024,autumn,kanto_tokyo,,,2024秋季関東地区大会,QF,,健大高崎,10,佐野日大,3,群馬,栃木,,v1_3_workcopy.xlsx / 試合元帳,元帳あり・Web URL未登録,v1_3_workcopy.xlsx,level=regional;historical_reference=1;team1_pref=群馬;team2_pref=栃木;legacy_note=7回コールド
2024,autumn,kanto_tokyo,,,2024秋季関東地区大会,SF,,横浜,3,浦和実,2,神奈川,埼玉,,v1_3_workcopy.xlsx / 試合元帳,元帳あり・Web URL未登録,v1_3_workcopy.xlsx,level=regional;historical_reference=1;team1_pref=神奈川;team2_pref=埼玉
2024,autumn,kanto_tokyo,,,2024秋季関東地区大会,SF,,健大高崎,6,千葉黎明,0,群馬,千葉,,v1_3_workcopy.xlsx / 試合元帳,元帳あり・Web URL未登録,v1_3_workcopy.xlsx,level=regional;historical_reference=1;team1_pref=群馬;team2_pref=千葉
2024,autumn,kanto_tokyo,,,2024秋季関東地区大会,F,,横浜,4,健大高崎,3,神奈川,群馬,,v1_3_workcopy.xlsx / 試合元帳,元帳あり・Web URL未登録,v1_3_workcopy.xlsx,level=regional;historical_reference=1;team1_pref=神奈川;team2_pref=群馬;legacy_note=延長10回サヨナラ、タイブレーク
2024,autumn,kanto_tokyo,,,2024秋季東京地区大会,1R,,国学院久我山,4,東海大菅生,0,東京,東京,,v1_3_workcopy.xlsx / 試合元帳,元帳あり・Web URL未登録,v1_3_workcopy.xlsx,level=regional;historical_reference=1;team1_pref=東京;team2_pref=東京
2024,autumn,kanto_tokyo,,,2024秋季東京地区大会,1R,,東京,11,東京実,5,東京,東京,,v1_3_workcopy.xlsx / 試合元帳,元帳あり・Web URL未登録,v1_3_workcopy.xlsx,level=regional;historical_reference=1;team1_pref=東京;team2_pref=東京
2024,autumn,kanto_tokyo,,,2024秋季東京地区大会,1R,,修徳,8,日野台,1,東京,東京,,v1_3_workcopy.xlsx / 試合元帳,元帳あり・Web URL未登録,v1_3_workcopy.xlsx,level=regional;historical_reference=1;team1_pref=東京;team2_pref=東京;legacy_note=7回コールド
2024,autumn,kanto_tokyo,,,2024秋季東京地区大会,1R,,早稲田実,12,東京都市大付,4,東京,東京,,v1_3_workcopy.xlsx / 試合元帳,元帳あり・Web URL未登録,v1_3_workcopy.xlsx,level=regional;historical_reference=1;team1_pref=東京;team2_pref=東京;legacy_note=7回コールド
2024,autumn,kanto_tokyo,,,2024秋季東京地区大会,1R,,小平南,6,実践学園,5,東京,東京,,v1_3_workcopy.xlsx / 試合元帳,元帳あり・Web URL未登録,v1_3_workcopy.xlsx,level=regional;historical_reference=1;team1_pref=東京;team2_pref=東京;legacy_note=4回から継続試合
2024,autumn,kanto_tokyo,,,2024秋季東京地区大会,1R,,堀越,4,城西,2,東京,東京,,v1_3_workcopy.xlsx / 試合元帳,元帳あり・Web URL未登録,v1_3_workcopy.xlsx,level=regional;historical_reference=1;team1_pref=東京;team2_pref=東京;legacy_note=6回から継続試合
2024,autumn,kanto_tokyo,,,2024秋季東京地区大会,1R,,日大三,5,日大鶴ヶ丘,3,東京,東京,,v1_3_workcopy.xlsx / 試合元帳,元帳あり・Web URL未登録,v1_3_workcopy.xlsx,level=regional;historical_reference=1;team1_pref=東京;team2_pref=東京
2024,autumn,kanto_tokyo,,,2024秋季東京地区大会,1R,,昭和,1,駒大高,0,東京,東京,,v1_3_workcopy.xlsx / 試合元帳,元帳あり・Web URL未登録,v1_3_workcopy.xlsx,level=regional;historical_reference=1;team1_pref=東京;team2_pref=東京
2024,autumn,kanto_tokyo,,,2024秋季東京地区大会,1R,,錦城,3,創価,0,東京,東京,,v1_3_workcopy.xlsx / 試合元帳,元帳あり・Web URL未登録,v1_3_workcopy.xlsx,level=regional;historical_reference=1;team1_pref=東京;team2_pref=東京
2024,autumn,kanto_tokyo,,,2024秋季東京地区大会,1R,,明星,3,聖パウロ学園,0,東京,東京,,v1_3_workcopy.xlsx / 試合元帳,元帳あり・Web URL未登録,v1_3_workcopy.xlsx,level=regional;historical_reference=1;team1_pref=東京;team2_pref=東京
2024,autumn,kanto_tokyo,,,2024秋季東京地区大会,1R,,東大和,1,府中工科,0,東京,東京,,v1_3_workcopy.xlsx / 試合元帳,元帳あり・Web URL未登録,v1_3_workcopy.xlsx,level=regional;historical_reference=1;team1_pref=東京;team2_pref=東京
2024,autumn,kanto_tokyo,,,2024秋季東京地区大会,1R,,八王子,8,成城学園,1,東京,東京,,v1_3_workcopy.xlsx / 試合元帳,元帳あり・Web URL未登録,v1_3_workcopy.xlsx,level=regional;historical_reference=1;team1_pref=東京;team2_pref=東京;legacy_note=7回コールド
2024,autumn,kanto_tokyo,,,2024秋季東京地区大会,1R,,世田谷学園,10,拓大一,2,東京,東京,,v1_3_workcopy.xlsx / 試合元帳,元帳あり・Web URL未登録,v1_3_workcopy.xlsx,level=regional;historical_reference=1;team1_pref=東京;team2_pref=東京;legacy_note=7回コールド
2024,autumn,kanto_tokyo,,,2024秋季東京地区大会,1R,,駿台学園,9,桜美林,8,東京,東京,,v1_3_workcopy.xlsx / 試合元帳,元帳あり・Web URL未登録,v1_3_workcopy.xlsx,level=regional;historical_reference=1;team1_pref=東京;team2_pref=東京;legacy_note=サヨナラ
2024,autumn,kanto_tokyo,,,2024秋季東京地区大会,1R,,明大八王子,6,東京成徳大高,2,東京,東京,,v1_3_workcopy.xlsx / 試合元帳,元帳あり・Web URL未登録,v1_3_workcopy.xlsx,level=regional;historical_reference=1;team1_pref=東京;team2_pref=東京
2024,autumn,kanto_tokyo,,,2024秋季東京地区大会,1R,,昭和一学園,5,大森学園,4,東京,東京,,v1_3_workcopy.xlsx / 試合元帳,元帳あり・Web URL未登録,v1_3_workcopy.xlsx,level=regional;historical_reference=1;team1_pref=東京;team2_pref=東京
2024,autumn,kanto_tokyo,,,2024秋季東京地区大会,1R,,二松学舎大付,7,日体大荏原,4,東京,東京,,v1_3_workcopy.xlsx / 試合元帳,元帳あり・Web URL未登録,v1_3_workcopy.xlsx,level=regional;historical_reference=1;team1_pref=東京;team2_pref=東京
2024,autumn,kanto_tokyo,,,2024秋季東京地区大会,1R,,大東大一,2,新宿,1,東京,東京,,v1_3_workcopy.xlsx / 試合元帳,元帳あり・Web URL未登録,v1_3_workcopy.xlsx,level=regional;historical_reference=1;team1_pref=東京;team2_pref=東京
2024,autumn,kanto_tokyo,,,2024秋季東京地区大会,1R,,成城,9,国学院,1,東京,東京,,v1_3_workcopy.xlsx / 試合元帳,元帳あり・Web URL未登録,v1_3_workcopy.xlsx,level=regional;historical_reference=1;team1_pref=東京;team2_pref=東京;legacy_note=7回コールド
2024,autumn,kanto_tokyo,,,2024秋季東京地区大会,1R,,立教池袋,6,国立,0,東京,東京,,v1_3_workcopy.xlsx / 試合元帳,元帳あり・Web URL未登録,v1_3_workcopy.xlsx,level=regional;historical_reference=1;team1_pref=東京;team2_pref=東京
2024,autumn,kanto_tokyo,,,2024秋季東京地区大会,1R,,東亜学園,4,東海大高輪台,3,東京,東京,,v1_3_workcopy.xlsx / 試合元帳,元帳あり・Web URL未登録,v1_3_workcopy.xlsx,level=regional;historical_reference=1;team1_pref=東京;team2_pref=東京;legacy_note=サヨナラ
2024,autumn,kanto_tokyo,,,2024秋季東京地区大会,1R,,雪谷,10,日大二,3,東京,東京,,v1_3_workcopy.xlsx / 試合元帳,元帳あり・Web URL未登録,v1_3_workcopy.xlsx,level=regional;historical_reference=1;team1_pref=東京;team2_pref=東京;legacy_note=7回コールド
2024,autumn,kanto_tokyo,,,2024秋季東京地区大会,1R,,小山台,8,府中西,0,東京,東京,,v1_3_workcopy.xlsx / 試合元帳,元帳あり・Web URL未登録,v1_3_workcopy.xlsx,level=regional;historical_reference=1;team1_pref=東京;team2_pref=東京
2024,autumn,kanto_tokyo,,,2024秋季東京地区大会,1R,,淑徳,6,成立学園,2,東京,東京,,v1_3_workcopy.xlsx / 試合元帳,元帳あり・Web URL未登録,v1_3_workcopy.xlsx,level=regional;historical_reference=1;team1_pref=東京;team2_pref=東京
2024,autumn,kanto_tokyo,,,2024秋季東京地区大会,1R,,関東一,7,府中東,1,東京,東京,,v1_3_workcopy.xlsx / 試合元帳,元帳あり・Web URL未登録,v1_3_workcopy.xlsx,level=regional;historical_reference=1;team1_pref=東京;team2_pref=東京
2024,autumn,kanto_tokyo,,,2024秋季東京地区大会,1R,,佼成学園,12,狛江,1,東京,東京,,v1_3_workcopy.xlsx / 試合元帳,元帳あり・Web URL未登録,v1_3_workcopy.xlsx,level=regional;historical_reference=1;team1_pref=東京;team2_pref=東京;legacy_note=5回コールド
2024,autumn,kanto_tokyo,,,2024秋季東京地区大会,1R,,正則,4,法政大高,3,東京,東京,,v1_3_workcopy.xlsx / 試合元帳,元帳あり・Web URL未登録,v1_3_workcopy.xlsx,level=regional;historical_reference=1;team1_pref=東京;team2_pref=東京
2024,autumn,kanto_tokyo,,,2024秋季東京地区大会,1R,,国士舘,11,立正大立正,3,東京,東京,,v1_3_workcopy.xlsx / 試合元帳,元帳あり・Web URL未登録,v1_3_workcopy.xlsx,level=regional;historical_reference=1;team1_pref=東京;team2_pref=東京;legacy_note=8回コールド
2024,autumn,kanto_tokyo,,,2024秋季東京地区大会,1R,,共栄学園,4,岩倉,3,東京,東京,,v1_3_workcopy.xlsx / 試合元帳,元帳あり・Web URL未登録,v1_3_workcopy.xlsx,level=regional;historical_reference=1;team1_pref=東京;team2_pref=東京
2024,autumn,kanto_tokyo,,,2024秋季東京地区大会,1R,,帝京,10,練馬,0,東京,東京,,v1_3_workcopy.xlsx / 試合元帳,元帳あり・Web URL未登録,v1_3_workcopy.xlsx,level=regional;historical_reference=1;team1_pref=東京;team2_pref=東京;legacy_note=5回コールド
2024,autumn,kanto_tokyo,,,2024秋季東京地区大会,1R,,早大学院,10,朋優学院,0,東京,東京,,v1_3_workcopy.xlsx / 試合元帳,元帳あり・Web URL未登録,v1_3_workcopy.xlsx,level=regional;historical_reference=1;team1_pref=東京;team2_pref=東京;legacy_note=5回コールド
2024,autumn,kanto_tokyo,,,2024秋季東京地区大会,1R,,安田学園,6,桐朋,0,東京,東京,,v1_3_workcopy.xlsx / 試合元帳,元帳あり・Web URL未登録,v1_3_workcopy.xlsx,level=regional;historical_reference=1;team1_pref=東京;team2_pref=東京
2024,autumn,kanto_tokyo,,,2024秋季東京地区大会,2R,,小山台,7,東亜学園,4,東京,東京,,v1_3_workcopy.xlsx / 試合元帳,元帳あり・Web URL未登録,v1_3_workcopy.xlsx,level=regional;historical_reference=1;team1_pref=東京;team2_pref=東京
2024,autumn,kanto_tokyo,,,2024秋季東京地区大会,2R,,明大八王子,6,明星,3,東京,東京,,v1_3_workcopy.xlsx / 試合元帳,元帳あり・Web URL未登録,v1_3_workcopy.xlsx,level=regional;historical_reference=1;team1_pref=東京;team2_pref=東京;legacy_note=延長11回、タイブレーク
2024,autumn,kanto_tokyo,,,2024秋季東京地区大会,2R,,大東大一,11,成城,4,東京,東京,,v1_3_workcopy.xlsx / 試合元帳,元帳あり・Web URL未登録,v1_3_workcopy.xlsx,level=regional;historical_reference=1;team1_pref=東京;team2_pref=東京;legacy_note=8回コールド
2024,autumn,kanto_tokyo,,,2024秋季東京地区大会,2R,,堀越,14,立教池袋,2,東京,東京,,v1_3_workcopy.xlsx / 試合元帳,元帳あり・Web URL未登録,v1_3_workcopy.xlsx,level=regional;historical_reference=1;team1_pref=東京;team2_pref=東京;legacy_note=7回コールド
2024,autumn,kanto_tokyo,,,2024秋季東京地区大会,2R,,国学院久我山,5,東京,4,東京,東京,,v1_3_workcopy.xlsx / 試合元帳,元帳あり・Web URL未登録,v1_3_workcopy.xlsx,level=regional;historical_reference=1;team1_pref=東京;team2_pref=東京
2024,autumn,kanto_tokyo,,,2024秋季東京地区大会,2R,,淑徳,9,小平南,4,東京,東京,,v1_3_workcopy.xlsx / 試合元帳,元帳あり・Web URL未登録,v1_3_workcopy.xlsx,level=regional;historical_reference=1;team1_pref=東京;team2_pref=東京
2024,autumn,kanto_tokyo,,,2024秋季東京地区大会,2R,,昭和,9,雪谷,6,東京,東京,,v1_3_workcopy.xlsx / 試合元帳,元帳あり・Web URL未登録,v1_3_workcopy.xlsx,level=regional;historical_reference=1;team1_pref=東京;team2_pref=東京
2024,autumn,kanto_tokyo,,,2024秋季東京地区大会,2R,,早稲田実,5,修徳,2,東京,東京,,v1_3_workcopy.xlsx / 試合元帳,元帳あり・Web URL未登録,v1_3_workcopy.xlsx,level=regional;historical_reference=1;team1_pref=東京;team2_pref=東京
2024,autumn,kanto_tokyo,,,2024秋季東京地区大会,2R,,日大三,13,錦城,0,東京,東京,,v1_3_workcopy.xlsx / 試合元帳,元帳あり・Web URL未登録,v1_3_workcopy.xlsx,level=regional;historical_reference=1;team1_pref=東京;team2_pref=東京;legacy_note=6回コールド
2024,autumn,kanto_tokyo,,,2024秋季東京地区大会,2R,,関東一,5,国士舘,1,東京,東京,,v1_3_workcopy.xlsx / 試合元帳,元帳あり・Web URL未登録,v1_3_workcopy.xlsx,level=regional;historical_reference=1;team1_pref=東京;team2_pref=東京
2024,autumn,kanto_tokyo,,,2024秋季東京地区大会,2R,,世田谷学園,3,東大和,0,東京,東京,,v1_3_workcopy.xlsx / 試合元帳,元帳あり・Web URL未登録,v1_3_workcopy.xlsx,level=regional;historical_reference=1;team1_pref=東京;team2_pref=東京;legacy_note=7回コールド
2024,autumn,kanto_tokyo,,,2024秋季東京地区大会,2R,,帝京,1,佼成学園,0,東京,東京,,v1_3_workcopy.xlsx / 試合元帳,元帳あり・Web URL未登録,v1_3_workcopy.xlsx,level=regional;historical_reference=1;team1_pref=東京;team2_pref=東京
2024,autumn,kanto_tokyo,,,2024秋季東京地区大会,2R,,早大学院,6,正則,0,東京,東京,,v1_3_workcopy.xlsx / 試合元帳,元帳あり・Web URL未登録,v1_3_workcopy.xlsx,level=regional;historical_reference=1;team1_pref=東京;team2_pref=東京
2024,autumn,kanto_tokyo,,,2024秋季東京地区大会,2R,,駿台学園,11,昭和一学園,4,東京,東京,,v1_3_workcopy.xlsx / 試合元帳,元帳あり・Web URL未登録,v1_3_workcopy.xlsx,level=regional;historical_reference=1;team1_pref=東京;team2_pref=東京;legacy_note=8回コールド
2024,autumn,kanto_tokyo,,,2024秋季東京地区大会,2R,,二松学舎大付,9,八王子,5,東京,東京,,v1_3_workcopy.xlsx / 試合元帳,元帳あり・Web URL未登録,v1_3_workcopy.xlsx,level=regional;historical_reference=1;team1_pref=東京;team2_pref=東京
2024,autumn,kanto_tokyo,,,2024秋季東京地区大会,2R,,共栄学園,6,安田学園,2,東京,東京,,v1_3_workcopy.xlsx / 試合元帳,元帳あり・Web URL未登録,v1_3_workcopy.xlsx,level=regional;historical_reference=1;team1_pref=東京;team2_pref=東京;legacy_note=延長10回、タイブレーク
2024,autumn,kanto_tokyo,,,2024秋季東京地区大会,3R,,早稲田実,7,昭和,0,東京,東京,,v1_3_workcopy.xlsx / 試合元帳,元帳あり・Web URL未登録,v1_3_workcopy.xlsx,level=regional;historical_reference=1;team1_pref=東京;team2_pref=東京;legacy_note=7回コールド
2024,autumn,kanto_tokyo,,,2024秋季東京地区大会,3R,,明大八王子,5,堀越,3,東京,東京,,v1_3_workcopy.xlsx / 試合元帳,元帳あり・Web URL未登録,v1_3_workcopy.xlsx,level=regional;historical_reference=1;team1_pref=東京;team2_pref=東京
2024,autumn,kanto_tokyo,,,2024秋季東京地区大会,3R,,小山台,3,大東大一,0,東京,東京,,v1_3_workcopy.xlsx / 試合元帳,元帳あり・Web URL未登録,v1_3_workcopy.xlsx,level=regional;historical_reference=1;team1_pref=東京;team2_pref=東京
2024,autumn,kanto_tokyo,,,2024秋季東京地区大会,3R,,淑徳,3,国学院久我山,1,東京,東京,,v1_3_workcopy.xlsx / 試合元帳,元帳あり・Web URL未登録,v1_3_workcopy.xlsx,level=regional;historical_reference=1;team1_pref=東京;team2_pref=東京
2024,autumn,kanto_tokyo,,,2024秋季東京地区大会,3R,,日大三,10,駿台学園,1,東京,東京,,v1_3_workcopy.xlsx / 試合元帳,元帳あり・Web URL未登録,v1_3_workcopy.xlsx,level=regional;historical_reference=1;team1_pref=東京;team2_pref=東京;legacy_note=7回コールド
2024,autumn,kanto_tokyo,,,2024秋季東京地区大会,3R,,帝京,3,関東一,2,東京,東京,,v1_3_workcopy.xlsx / 試合元帳,元帳あり・Web URL未登録,v1_3_workcopy.xlsx,level=regional;historical_reference=1;team1_pref=東京;team2_pref=東京
2024,autumn,kanto_tokyo,,,2024秋季東京地区大会,3R,,二松学舎大付,10,世田谷学園,2,東京,東京,,v1_3_workcopy.xlsx / 試合元帳,元帳あり・Web URL未登録,v1_3_workcopy.xlsx,level=regional;historical_reference=1;team1_pref=東京;team2_pref=東京;legacy_note=7回コールド
2024,autumn,kanto_tokyo,,,2024秋季東京地区大会,3R,,共栄学園,6,早大学院,3,東京,東京,,v1_3_workcopy.xlsx / 試合元帳,元帳あり・Web URL未登録,v1_3_workcopy.xlsx,level=regional;historical_reference=1;team1_pref=東京;team2_pref=東京
2024,autumn,kanto_tokyo,,,2024秋季東京地区大会,QF,,二松学舎大付,8,日大三,1,東京,東京,,v1_3_workcopy.xlsx / 試合元帳,元帳あり・Web URL未登録,v1_3_workcopy.xlsx,level=regional;historical_reference=1;team1_pref=東京;team2_pref=東京;legacy_note=7回コールド
2024,autumn,kanto_tokyo,,,2024秋季東京地区大会,QF,,帝京,3,共栄学園,2,東京,東京,,v1_3_workcopy.xlsx / 試合元帳,元帳あり・Web URL未登録,v1_3_workcopy.xlsx,level=regional;historical_reference=1;team1_pref=東京;team2_pref=東京;legacy_note=延長10回サヨナラ、タイブレーク
2024,autumn,kanto_tokyo,,,2024秋季東京地区大会,QF,,早稲田実,3,小山台,2,東京,東京,,v1_3_workcopy.xlsx / 試合元帳,元帳あり・Web URL未登録,v1_3_workcopy.xlsx,level=regional;historical_reference=1;team1_pref=東京;team2_pref=東京
2024,autumn,kanto_tokyo,,,2024秋季東京地区大会,QF,,淑徳,7,明大八王子,6,東京,東京,,v1_3_workcopy.xlsx / 試合元帳,元帳あり・Web URL未登録,v1_3_workcopy.xlsx,level=regional;historical_reference=1;team1_pref=東京;team2_pref=東京
2024,autumn,kanto_tokyo,,,2024秋季東京地区大会,SF,,早稲田実,6,淑徳,0,東京,東京,,v1_3_workcopy.xlsx / 試合元帳,元帳あり・Web URL未登録,v1_3_workcopy.xlsx,level=regional;historical_reference=1;team1_pref=東京;team2_pref=東京
2024,autumn,kanto_tokyo,,,2024秋季東京地区大会,SF,,二松学舎大付,7,帝京,0,東京,東京,,v1_3_workcopy.xlsx / 試合元帳,元帳あり・Web URL未登録,v1_3_workcopy.xlsx,level=regional;historical_reference=1;team1_pref=東京;team2_pref=東京;legacy_note=8回コールド
2024,autumn,kanto_tokyo,,,2024秋季東京地区大会,F,,二松学舎大付,6,早稲田実,5,東京,東京,,v1_3_workcopy.xlsx / 試合元帳,元帳あり・Web URL未登録,v1_3_workcopy.xlsx,level=regional;historical_reference=1;team1_pref=東京;team2_pref=東京;legacy_note=延長12回サヨナラ、タイブレーク
2024,autumn,hokushinetsu,,,2024秋季北信越地区大会,1R,,松本第一,3,小松大谷,1,長野,石川,,v1_3_workcopy.xlsx / 試合元帳,元帳あり・Web URL未登録,v1_3_workcopy.xlsx,level=regional;historical_reference=1;team1_pref=長野;team2_pref=石川
2024,autumn,hokushinetsu,,,2024秋季北信越地区大会,1R,,敦賀気比,9,帝京長岡,2,福井,新潟,,v1_3_workcopy.xlsx / 試合元帳,元帳あり・Web URL未登録,v1_3_workcopy.xlsx,level=regional;historical_reference=1;team1_pref=福井;team2_pref=新潟;legacy_note=7回コールド
2024,autumn,hokushinetsu,,,2024秋季北信越地区大会,1R,,小松工,8,富山北部,7,石川,富山,,v1_3_workcopy.xlsx / 試合元帳,元帳あり・Web URL未登録,v1_3_workcopy.xlsx,level=regional;historical_reference=1;team1_pref=石川;team2_pref=富山;legacy_note=延長11回サヨナラ、タイブレーク
2024,autumn,hokushinetsu,,,2024秋季北信越地区大会,1R,,日本航空石川,6,富山第一,1,石川,富山,,v1_3_workcopy.xlsx / 試合元帳,元帳あり・Web URL未登録,v1_3_workcopy.xlsx,level=regional;historical_reference=1;team1_pref=石川;team2_pref=富山
2024,autumn,hokushinetsu,,,2024秋季北信越地区大会,1R,,大野,2,中越,0,福井,新潟,,v1_3_workcopy.xlsx / 試合元帳,元帳あり・Web URL未登録,v1_3_workcopy.xlsx,level=regional;historical_reference=1;team1_pref=福井;team2_pref=新潟
2024,autumn,hokushinetsu,,,2024秋季北信越地区大会,1R,,福井工大福井,4,松本国際,1,福井,長野,,v1_3_workcopy.xlsx / 試合元帳,元帳あり・Web URL未登録,v1_3_workcopy.xlsx,level=regional;historical_reference=1;team1_pref=福井;team2_pref=長野
2024,autumn,hokushinetsu,,,2024秋季北信越地区大会,1R,,高岡第一,5,金沢,2,富山,石川,,v1_3_workcopy.xlsx / 試合元帳,元帳あり・Web URL未登録,v1_3_workcopy.xlsx,level=regional;historical_reference=1;team1_pref=富山;team2_pref=石川
2024,autumn,hokushinetsu,,,2024秋季北信越地区大会,1R,,新潟明訓,7,長野商,3,新潟,長野,,v1_3_workcopy.xlsx / 試合元帳,元帳あり・Web URL未登録,v1_3_workcopy.xlsx,level=regional;historical_reference=1;team1_pref=新潟;team2_pref=長野
2024,autumn,hokushinetsu,,,2024秋季北信越地区大会,QF,,敦賀気比,3,松本第一,0,福井,長野,,v1_3_workcopy.xlsx / 試合元帳,元帳あり・Web URL未登録,v1_3_workcopy.xlsx,level=regional;historical_reference=1;team1_pref=福井;team2_pref=長野
2024,autumn,hokushinetsu,,,2024秋季北信越地区大会,QF,,小松工,7,新潟明訓,0,石川,新潟,,v1_3_workcopy.xlsx / 試合元帳,元帳あり・Web URL未登録,v1_3_workcopy.xlsx,level=regional;historical_reference=1;team1_pref=石川;team2_pref=新潟;legacy_note=7回コールド
2024,autumn,hokushinetsu,,,2024秋季北信越地区大会,QF,,高岡第一,9,大野,6,富山,福井,,v1_3_workcopy.xlsx / 試合元帳,元帳あり・Web URL未登録,v1_3_workcopy.xlsx,level=regional;historical_reference=1;team1_pref=富山;team2_pref=福井;legacy_note=延長10回、タイブレーク
2024,autumn,hokushinetsu,,,2024秋季北信越地区大会,QF,,日本航空石川,2,福井工大福井,1,石川,福井,,v1_3_workcopy.xlsx / 試合元帳,元帳あり・Web URL未登録,v1_3_workcopy.xlsx,level=regional;historical_reference=1;team1_pref=石川;team2_pref=福井;legacy_note=サヨナラ
2024,autumn,hokushinetsu,,,2024秋季北信越地区大会,SF,,敦賀気比,9,小松工,4,福井,石川,,v1_3_workcopy.xlsx / 試合元帳,元帳あり・Web URL未登録,v1_3_workcopy.xlsx,level=regional;historical_reference=1;team1_pref=福井;team2_pref=石川
2024,autumn,hokushinetsu,,,2024秋季北信越地区大会,SF,,日本航空石川,7,高岡第一,0,石川,富山,,v1_3_workcopy.xlsx / 試合元帳,元帳あり・Web URL未登録,v1_3_workcopy.xlsx,level=regional;historical_reference=1;team1_pref=石川;team2_pref=富山;legacy_note=8回コールド
2024,autumn,hokushinetsu,,,2024秋季北信越地区大会,F,,敦賀気比,6,日本航空石川,5,福井,石川,,v1_3_workcopy.xlsx / 試合元帳,元帳あり・Web URL未登録,v1_3_workcopy.xlsx,level=regional;historical_reference=1;team1_pref=福井;team2_pref=石川
2024,autumn,tokai,,,2024秋季東海地区大会,1R,,中京,4,名古屋たちばな,1,岐阜,愛知,,v1_3_workcopy.xlsx / 試合元帳,元帳あり・Web URL未登録,v1_3_workcopy.xlsx,level=regional;historical_reference=1;team1_pref=岐阜;team2_pref=愛知
2024,autumn,tokai,,,2024秋季東海地区大会,1R,,聖隷クリストファー,5,菰野,1,静岡,三重,,v1_3_workcopy.xlsx / 試合元帳,元帳あり・Web URL未登録,v1_3_workcopy.xlsx,level=regional;historical_reference=1;team1_pref=静岡;team2_pref=三重
2024,autumn,tokai,,,2024秋季東海地区大会,1R,,中京大中京,1,宇治山田商,0,愛知,三重,,v1_3_workcopy.xlsx / 試合元帳,元帳あり・Web URL未登録,v1_3_workcopy.xlsx,level=regional;historical_reference=1;team1_pref=愛知;team2_pref=三重
2024,autumn,tokai,,,2024秋季東海地区大会,1R,,岐阜第一,8,掛川西,1,岐阜,静岡,,v1_3_workcopy.xlsx / 試合元帳,元帳あり・Web URL未登録,v1_3_workcopy.xlsx,level=regional;historical_reference=1;team1_pref=岐阜;team2_pref=静岡;legacy_note=7回コールド
2024,autumn,tokai,,,2024秋季東海地区大会,QF,,大垣日大,3,中京大中京,2,岐阜,愛知,,v1_3_workcopy.xlsx / 試合元帳,元帳あり・Web URL未登録,v1_3_workcopy.xlsx,level=regional;historical_reference=1;team1_pref=岐阜;team2_pref=愛知;legacy_note=延長10回
2024,autumn,tokai,,,2024秋季東海地区大会,QF,,岐阜第一,7,海星,0,岐阜,三重,,v1_3_workcopy.xlsx / 試合元帳,元帳あり・Web URL未登録,v1_3_workcopy.xlsx,level=regional;historical_reference=1;team1_pref=岐阜;team2_pref=三重;legacy_note=8回コールド
2024,autumn,tokai,,,2024秋季東海地区大会,QF,,至学館,2,聖隷クリストファー,0,愛知,静岡,,v1_3_workcopy.xlsx / 試合元帳,元帳あり・Web URL未登録,v1_3_workcopy.xlsx,level=regional;historical_reference=1;team1_pref=愛知;team2_pref=静岡
2024,autumn,tokai,,,2024秋季東海地区大会,QF,,常葉大菊川,4,中京,1,静岡,岐阜,,v1_3_workcopy.xlsx / 試合元帳,元帳あり・Web URL未登録,v1_3_workcopy.xlsx,level=regional;historical_reference=1;team1_pref=静岡;team2_pref=岐阜
2024,autumn,tokai,,,2024秋季東海地区大会,SF,,大垣日大,7,岐阜第一,6,岐阜,岐阜,,v1_3_workcopy.xlsx / 試合元帳,元帳あり・Web URL未登録,v1_3_workcopy.xlsx,level=regional;historical_reference=1;team1_pref=岐阜;team2_pref=岐阜
2024,autumn,tokai,,,2024秋季東海地区大会,SF,,常葉大菊川,5,至学館,4,静岡,愛知,,v1_3_workcopy.xlsx / 試合元帳,元帳あり・Web URL未登録,v1_3_workcopy.xlsx,level=regional;historical_reference=1;team1_pref=静岡;team2_pref=愛知
2024,autumn,tokai,,,2024秋季東海地区大会,F,,大垣日大,7,常葉大菊川,4,岐阜,静岡,,v1_3_workcopy.xlsx / 試合元帳,元帳あり・Web URL未登録,v1_3_workcopy.xlsx,level=regional;historical_reference=1;team1_pref=岐阜;team2_pref=静岡
2024,autumn,kinki,,,2024秋季近畿地区大会,1R,,滋賀短大付,4,履正社,1,滋賀,大阪,,v1_3_workcopy.xlsx / 試合元帳,元帳あり・Web URL未登録,v1_3_workcopy.xlsx,level=regional;historical_reference=1;team1_pref=滋賀;team2_pref=大阪
2024,autumn,kinki,,,2024秋季近畿地区大会,1R,,立命館宇治,4,奈良,1,京都,奈良,,v1_3_workcopy.xlsx / 試合元帳,元帳あり・Web URL未登録,v1_3_workcopy.xlsx,level=regional;historical_reference=1;team1_pref=京都;team2_pref=奈良
2024,autumn,kinki,,,2024秋季近畿地区大会,1R,,市和歌山,1,三田学園,0,和歌山,兵庫,,v1_3_workcopy.xlsx / 試合元帳,元帳あり・Web URL未登録,v1_3_workcopy.xlsx,level=regional;historical_reference=1;team1_pref=和歌山;team2_pref=兵庫
2024,autumn,kinki,,,2024秋季近畿地区大会,1R,,東洋大姫路,9,龍谷大平安,0,兵庫,京都,,v1_3_workcopy.xlsx / 試合元帳,元帳あり・Web URL未登録,v1_3_workcopy.xlsx,level=regional;historical_reference=1;team1_pref=兵庫;team2_pref=京都;legacy_note=7回コールド
2024,autumn,kinki,,,2024秋季近畿地区大会,1R,,大阪学院大高,1,北稜,0,大阪,京都,,v1_3_workcopy.xlsx / 試合元帳,元帳あり・Web URL未登録,v1_3_workcopy.xlsx,level=regional;historical_reference=1;team1_pref=大阪;team2_pref=京都
2024,autumn,kinki,,,2024秋季近畿地区大会,1R,,天理,5,和歌山東,1,奈良,和歌山,,v1_3_workcopy.xlsx / 試合元帳,元帳あり・Web URL未登録,v1_3_workcopy.xlsx,level=regional;historical_reference=1;team1_pref=奈良;team2_pref=和歌山
2024,autumn,kinki,,,2024秋季近畿地区大会,1R,,智弁和歌山,5,神戸学院大付,0,和歌山,兵庫,,v1_3_workcopy.xlsx / 試合元帳,元帳あり・Web URL未登録,v1_3_workcopy.xlsx,level=regional;historical_reference=1;team1_pref=和歌山;team2_pref=兵庫
2024,autumn,kinki,,,2024秋季近畿地区大会,1R,,滋賀学園,3,大阪桐蔭,2,滋賀,大阪,,v1_3_workcopy.xlsx / 試合元帳,元帳あり・Web URL未登録,v1_3_workcopy.xlsx,level=regional;historical_reference=1;team1_pref=滋賀;team2_pref=大阪
2024,autumn,kinki,,,2024秋季近畿地区大会,QF,,天理,4,滋賀短大付,1,奈良,滋賀,,v1_3_workcopy.xlsx / 試合元帳,元帳あり・Web URL未登録,v1_3_workcopy.xlsx,level=regional;historical_reference=1;team1_pref=奈良;team2_pref=滋賀
2024,autumn,kinki,,,2024秋季近畿地区大会,QF,,智弁和歌山,7,滋賀学園,2,和歌山,滋賀,,v1_3_workcopy.xlsx / 試合元帳,元帳あり・Web URL未登録,v1_3_workcopy.xlsx,level=regional;historical_reference=1;team1_pref=和歌山;team2_pref=滋賀
2024,autumn,kinki,,,2024秋季近畿地区大会,QF,,市和歌山,10,立命館宇治,0,和歌山,京都,,v1_3_workcopy.xlsx / 試合元帳,元帳あり・Web URL未登録,v1_3_workcopy.xlsx,level=regional;historical_reference=1;team1_pref=和歌山;team2_pref=京都;legacy_note=6回コールド
2024,autumn,kinki,,,2024秋季近畿地区大会,QF,,東洋大姫路,4,大阪学院大高,0,兵庫,大阪,,v1_3_workcopy.xlsx / 試合元帳,元帳あり・Web URL未登録,v1_3_workcopy.xlsx,level=regional;historical_reference=1;team1_pref=兵庫;team2_pref=大阪
2024,autumn,kinki,,,2024秋季近畿地区大会,SF,,東洋大姫路,11,天理,3,兵庫,奈良,,v1_3_workcopy.xlsx / 試合元帳,元帳あり・Web URL未登録,v1_3_workcopy.xlsx,level=regional;historical_reference=1;team1_pref=兵庫;team2_pref=奈良;legacy_note=7回コールド
2024,autumn,kinki,,,2024秋季近畿地区大会,SF,,智弁和歌山,6,市和歌山,1,和歌山,和歌山,,v1_3_workcopy.xlsx / 試合元帳,元帳あり・Web URL未登録,v1_3_workcopy.xlsx,level=regional;historical_reference=1;team1_pref=和歌山;team2_pref=和歌山
2024,autumn,kinki,,,2024秋季近畿地区大会,F,,東洋大姫路,5,智弁和歌山,1,兵庫,和歌山,,v1_3_workcopy.xlsx / 試合元帳,元帳あり・Web URL未登録,v1_3_workcopy.xlsx,level=regional;historical_reference=1;team1_pref=兵庫;team2_pref=和歌山
2024,autumn,chugoku,,,2024秋季中国地区大会,1R,,開星,8,下関国際,1,島根,山口,,v1_3_workcopy.xlsx / 試合元帳,元帳あり・Web URL未登録,v1_3_workcopy.xlsx,level=regional;historical_reference=1;team1_pref=島根;team2_pref=山口;legacy_note=7回コールド
2024,autumn,chugoku,,,2024秋季中国地区大会,1R,,米子松蔭,8,創志学園,0,鳥取,岡山,,v1_3_workcopy.xlsx / 試合元帳,元帳あり・Web URL未登録,v1_3_workcopy.xlsx,level=regional;historical_reference=1;team1_pref=鳥取;team2_pref=岡山;legacy_note=7回コールド
2024,autumn,chugoku,,,2024秋季中国地区大会,1R,,広島商,7,米子東,2,広島,鳥取,,v1_3_workcopy.xlsx / 試合元帳,元帳あり・Web URL未登録,v1_3_workcopy.xlsx,level=regional;historical_reference=1;team1_pref=広島;team2_pref=鳥取
2024,autumn,chugoku,,,2024秋季中国地区大会,1R,,盈進,3,出雲商,1,広島,島根,,v1_3_workcopy.xlsx / 試合元帳,元帳あり・Web URL未登録,v1_3_workcopy.xlsx,level=regional;historical_reference=1;team1_pref=広島;team2_pref=島根
2024,autumn,chugoku,,,2024秋季中国地区大会,1R,,矢上,6,高川学園,5,島根,山口,,v1_3_workcopy.xlsx / 試合元帳,元帳あり・Web URL未登録,v1_3_workcopy.xlsx,level=regional;historical_reference=1;team1_pref=島根;team2_pref=山口;legacy_note=サヨナラ
2024,autumn,chugoku,,,2024秋季中国地区大会,1R,,大田,8,境,1,島根,鳥取,,v1_3_workcopy.xlsx / 試合元帳,元帳あり・Web URL未登録,v1_3_workcopy.xlsx,level=regional;historical_reference=1;team1_pref=島根;team2_pref=鳥取;legacy_note=7回コールド
2024,autumn,chugoku,,,2024秋季中国地区大会,1R,,倉敷商,6,如水館,1,岡山,広島,,v1_3_workcopy.xlsx / 試合元帳,元帳あり・Web URL未登録,v1_3_workcopy.xlsx,level=regional;historical_reference=1;team1_pref=岡山;team2_pref=広島
2024,autumn,chugoku,,,2024秋季中国地区大会,1R,,岡山学芸館,9,西京,0,岡山,山口,,v1_3_workcopy.xlsx / 試合元帳,元帳あり・Web URL未登録,v1_3_workcopy.xlsx,level=regional;historical_reference=1;team1_pref=岡山;team2_pref=山口;legacy_note=7回コールド
2024,autumn,chugoku,,,2024秋季中国地区大会,QF,,矢上,6,倉敷商,5,島根,岡山,,v1_3_workcopy.xlsx / 試合元帳,元帳あり・Web URL未登録,v1_3_workcopy.xlsx,level=regional;historical_reference=1;team1_pref=島根;team2_pref=岡山
2024,autumn,chugoku,,,2024秋季中国地区大会,QF,,岡山学芸館,9,大田,2,岡山,島根,,v1_3_workcopy.xlsx / 試合元帳,元帳あり・Web URL未登録,v1_3_workcopy.xlsx,level=regional;historical_reference=1;team1_pref=岡山;team2_pref=島根;legacy_note=8回コールド
2024,autumn,chugoku,,,2024秋季中国地区大会,QF,,米子松蔭,4,盈進,3,鳥取,広島,,v1_3_workcopy.xlsx / 試合元帳,元帳あり・Web URL未登録,v1_3_workcopy.xlsx,level=regional;historical_reference=1;team1_pref=鳥取;team2_pref=広島;legacy_note=延長11回サヨナラ、タイブレーク
2024,autumn,chugoku,,,2024秋季中国地区大会,QF,,広島商,2,開星,1,広島,島根,,v1_3_workcopy.xlsx / 試合元帳,元帳あり・Web URL未登録,v1_3_workcopy.xlsx,level=regional;historical_reference=1;team1_pref=広島;team2_pref=島根
2024,autumn,chugoku,,,2024秋季中国地区大会,SF,,米子松蔭,2,矢上,0,鳥取,島根,,v1_3_workcopy.xlsx / 試合元帳,元帳あり・Web URL未登録,v1_3_workcopy.xlsx,level=regional;historical_reference=1;team1_pref=鳥取;team2_pref=島根
2024,autumn,chugoku,,,2024秋季中国地区大会,SF,,広島商,6,岡山学芸館,3,広島,岡山,,v1_3_workcopy.xlsx / 試合元帳,元帳あり・Web URL未登録,v1_3_workcopy.xlsx,level=regional;historical_reference=1;team1_pref=広島;team2_pref=岡山
2024,autumn,chugoku,,,2024秋季中国地区大会,F,,広島商,6,米子松蔭,3,広島,鳥取,,v1_3_workcopy.xlsx / 試合元帳,元帳あり・Web URL未登録,v1_3_workcopy.xlsx,level=regional;historical_reference=1;team1_pref=広島;team2_pref=鳥取
2024,autumn,shikoku,,,2024秋季四国地区大会,1R,,高知中央,5,今治西,2,高知,愛媛,,v1_3_workcopy.xlsx / 試合元帳,元帳あり・Web URL未登録,v1_3_workcopy.xlsx,level=regional;historical_reference=1;team1_pref=高知;team2_pref=愛媛
2024,autumn,shikoku,,,2024秋季四国地区大会,1R,,尽誠学園,2,高知,0,香川,高知,,v1_3_workcopy.xlsx / 試合元帳,元帳あり・Web URL未登録,v1_3_workcopy.xlsx,level=regional;historical_reference=1;team1_pref=香川;team2_pref=高知
2024,autumn,shikoku,,,2024秋季四国地区大会,1R,,英明,4,小松島,2,香川,徳島,,v1_3_workcopy.xlsx / 試合元帳,元帳あり・Web URL未登録,v1_3_workcopy.xlsx,level=regional;historical_reference=1;team1_pref=香川;team2_pref=徳島
2024,autumn,shikoku,,,2024秋季四国地区大会,1R,,鳴門,4,松山商,2,徳島,愛媛,,v1_3_workcopy.xlsx / 試合元帳,元帳あり・Web URL未登録,v1_3_workcopy.xlsx,level=regional;historical_reference=1;team1_pref=徳島;team2_pref=愛媛
2024,autumn,shikoku,,,2024秋季四国地区大会,QF,,高松商,8,高知中央,0,香川,高知,,v1_3_workcopy.xlsx / 試合元帳,元帳あり・Web URL未登録,v1_3_workcopy.xlsx,level=regional;historical_reference=1;team1_pref=香川;team2_pref=高知;legacy_note=7回コールド
2024,autumn,shikoku,,,2024秋季四国地区大会,QF,,鳴門渦潮,3,尽誠学園,2,徳島,香川,,v1_3_workcopy.xlsx / 試合元帳,元帳あり・Web URL未登録,v1_3_workcopy.xlsx,level=regional;historical_reference=1;team1_pref=徳島;team2_pref=香川
2024,autumn,shikoku,,,2024秋季四国地区大会,QF,,新田,4,英明,3,愛媛,香川,,v1_3_workcopy.xlsx / 試合元帳,元帳あり・Web URL未登録,v1_3_workcopy.xlsx,level=regional;historical_reference=1;team1_pref=愛媛;team2_pref=香川
2024,autumn,shikoku,,,2024秋季四国地区大会,QF,,明徳義塾,6,鳴門,0,高知,徳島,,v1_3_workcopy.xlsx / 試合元帳,元帳あり・Web URL未登録,v1_3_workcopy.xlsx,level=regional;historical_reference=1;team1_pref=高知;team2_pref=徳島
2024,autumn,shikoku,,,2024秋季四国地区大会,SF,,高松商,5,新田,3,香川,愛媛,,v1_3_workcopy.xlsx / 試合元帳,元帳あり・Web URL未登録,v1_3_workcopy.xlsx,level=regional;historical_reference=1;team1_pref=香川;team2_pref=愛媛
2024,autumn,shikoku,,,2024秋季四国地区大会,SF,,明徳義塾,6,鳴門渦潮,3,高知,徳島,,v1_3_workcopy.xlsx / 試合元帳,元帳あり・Web URL未登録,v1_3_workcopy.xlsx,level=regional;historical_reference=1;team1_pref=高知;team2_pref=徳島
2024,autumn,shikoku,,,2024秋季四国地区大会,F,,明徳義塾,5,高松商,3,高知,香川,,v1_3_workcopy.xlsx / 試合元帳,元帳あり・Web URL未登録,v1_3_workcopy.xlsx,level=regional;historical_reference=1;team1_pref=高知;team2_pref=香川
2024,autumn,kyushu,,,2024秋季九州地区大会,1R,,壱岐,6,専大熊本,3,長崎,熊本,,v1_3_workcopy.xlsx / 試合元帳,元帳あり・Web URL未登録,v1_3_workcopy.xlsx,level=regional;historical_reference=1;team1_pref=長崎;team2_pref=熊本
2024,autumn,kyushu,,,2024秋季九州地区大会,1R,,柳ヶ浦,5,龍谷,3,大分,佐賀,,v1_3_workcopy.xlsx / 試合元帳,元帳あり・Web URL未登録,v1_3_workcopy.xlsx,level=regional;historical_reference=1;team1_pref=大分;team2_pref=佐賀
2024,autumn,kyushu,,,2024秋季九州地区大会,1R,,エナジックスポーツ,2,神村学園,1,沖縄,鹿児島,,v1_3_workcopy.xlsx / 試合元帳,元帳あり・Web URL未登録,v1_3_workcopy.xlsx,level=regional;historical_reference=1;team1_pref=沖縄;team2_pref=鹿児島
2024,autumn,kyushu,,,2024秋季九州地区大会,1R,,育徳館,2,日南学園,1,福岡,宮崎,,v1_3_workcopy.xlsx / 試合元帳,元帳あり・Web URL未登録,v1_3_workcopy.xlsx,level=regional;historical_reference=1;team1_pref=福岡;team2_pref=宮崎;legacy_note=サヨナラ
2024,autumn,kyushu,,,2024秋季九州地区大会,1R,,鹿児島実,2,明豊,1,鹿児島,大分,,v1_3_workcopy.xlsx / 試合元帳,元帳あり・Web URL未登録,v1_3_workcopy.xlsx,level=regional;historical_reference=1;team1_pref=鹿児島;team2_pref=大分
2024,autumn,kyushu,,,2024秋季九州地区大会,1R,,西日本短大付,14,聖心ウルスラ,2,福岡,宮崎,,v1_3_workcopy.xlsx / 試合元帳,元帳あり・Web URL未登録,v1_3_workcopy.xlsx,level=regional;historical_reference=1;team1_pref=福岡;team2_pref=宮崎;legacy_note=7回コールド
2024,autumn,kyushu,,,2024秋季九州地区大会,1R,,有明,7,海星,6,熊本,長崎,,v1_3_workcopy.xlsx / 試合元帳,元帳あり・Web URL未登録,v1_3_workcopy.xlsx,level=regional;historical_reference=1;team1_pref=熊本;team2_pref=長崎;legacy_note=延長11回サヨナラ、タイブレーク
2024,autumn,kyushu,,,2024秋季九州地区大会,1R,,沖縄尚学,3,佐賀北,2,沖縄,佐賀,,v1_3_workcopy.xlsx / 試合元帳,元帳あり・Web URL未登録,v1_3_workcopy.xlsx,level=regional;historical_reference=1;team1_pref=沖縄;team2_pref=佐賀
2024,autumn,kyushu,,,2024秋季九州地区大会,QF,,西日本短大付,4,有明,0,福岡,熊本,,v1_3_workcopy.xlsx / 試合元帳,元帳あり・Web URL未登録,v1_3_workcopy.xlsx,level=regional;historical_reference=1;team1_pref=福岡;team2_pref=熊本
2024,autumn,kyushu,,,2024秋季九州地区大会,QF,,エナジックスポーツ,9,壱岐,2,沖縄,長崎,,v1_3_workcopy.xlsx / 試合元帳,元帳あり・Web URL未登録,v1_3_workcopy.xlsx,level=regional;historical_reference=1;team1_pref=沖縄;team2_pref=長崎;legacy_note=7回コールド
2024,autumn,kyushu,,,2024秋季九州地区大会,QF,,柳ヶ浦,3,育徳館,0,大分,福岡,,v1_3_workcopy.xlsx / 試合元帳,元帳あり・Web URL未登録,v1_3_workcopy.xlsx,level=regional;historical_reference=1;team1_pref=大分;team2_pref=福岡
2024,autumn,kyushu,,,2024秋季九州地区大会,QF,,沖縄尚学,5,鹿児島実,0,沖縄,鹿児島,,v1_3_workcopy.xlsx / 試合元帳,元帳あり・Web URL未登録,v1_3_workcopy.xlsx,level=regional;historical_reference=1;team1_pref=沖縄;team2_pref=鹿児島
2024,autumn,kyushu,,,2024秋季九州地区大会,SF,,エナジックスポーツ,4,柳ヶ浦,2,沖縄,大分,,v1_3_workcopy.xlsx / 試合元帳,元帳あり・Web URL未登録,v1_3_workcopy.xlsx,level=regional;historical_reference=1;team1_pref=沖縄;team2_pref=大分
2024,autumn,kyushu,,,2024秋季九州地区大会,SF,,沖縄尚学,11,西日本短大付,1,沖縄,福岡,,v1_3_workcopy.xlsx / 試合元帳,元帳あり・Web URL未登録,v1_3_workcopy.xlsx,level=regional;historical_reference=1;team1_pref=沖縄;team2_pref=福岡;legacy_note=6回コールド
2024,autumn,kyushu,,,2024秋季九州地区大会,F,,沖縄尚学,6,エナジックスポーツ,2,沖縄,沖縄,,v1_3_workcopy.xlsx / 試合元帳,元帳あり・Web URL未登録,v1_3_workcopy.xlsx,level=regional;historical_reference=1;team1_pref=沖縄;team2_pref=沖縄
2024,jingu,national,,,2024明治神宮大会,1R,,東洋大姫路,10,聖光学院,0,兵庫,福島,,v1_3_workcopy.xlsx / 試合元帳,元帳あり・Web URL未登録,v1_3_workcopy.xlsx,level=national;historical_reference=1;team1_pref=兵庫;team2_pref=福島;legacy_note=5回コールド
2024,jingu,national,,,2024明治神宮大会,1R,,東海大札幌,3,大垣日大,0,北海道,岐阜,,v1_3_workcopy.xlsx / 試合元帳,元帳あり・Web URL未登録,v1_3_workcopy.xlsx,level=national;historical_reference=1;team1_pref=北海道;team2_pref=岐阜
2024,jingu,national,,,2024明治神宮大会,QF,,横浜,2,明徳義塾,0,神奈川,高知,,v1_3_workcopy.xlsx / 試合元帳,元帳あり・Web URL未登録,v1_3_workcopy.xlsx,level=national;historical_reference=1;team1_pref=神奈川;team2_pref=高知
2024,jingu,national,,,2024明治神宮大会,QF,,敦賀気比,11,沖縄尚学,5,福井,沖縄,,v1_3_workcopy.xlsx / 試合元帳,元帳あり・Web URL未登録,v1_3_workcopy.xlsx,level=national;historical_reference=1;team1_pref=福井;team2_pref=沖縄
2024,jingu,national,,,2024明治神宮大会,QF,,東洋大姫路,6,二松学舎大付,0,兵庫,東京,,v1_3_workcopy.xlsx / 試合元帳,元帳あり・Web URL未登録,v1_3_workcopy.xlsx,level=national;historical_reference=1;team1_pref=兵庫;team2_pref=東京
2024,jingu,national,,,2024明治神宮大会,QF,,広島商,3,東海大札幌,0,広島,北海道,,v1_3_workcopy.xlsx / 試合元帳,元帳あり・Web URL未登録,v1_3_workcopy.xlsx,level=national;historical_reference=1;team1_pref=広島;team2_pref=北海道
2024,jingu,national,,,2024明治神宮大会,SF,,横浜,3,東洋大姫路,1,神奈川,兵庫,,v1_3_workcopy.xlsx / 試合元帳,元帳あり・Web URL未登録,v1_3_workcopy.xlsx,level=national;historical_reference=1;team1_pref=神奈川;team2_pref=兵庫;legacy_note=延長11回、タイブレーク
2024,jingu,national,,,2024明治神宮大会,SF,,広島商,11,敦賀気比,9,広島,福井,,v1_3_workcopy.xlsx / 試合元帳,元帳あり・Web URL未登録,v1_3_workcopy.xlsx,level=national;historical_reference=1;team1_pref=広島;team2_pref=福井;legacy_note=延長11回、タイブレーク
2024,jingu,national,,,2024明治神宮大会,F,,横浜,4,広島商,3,神奈川,広島,,v1_3_workcopy.xlsx / 試合元帳,元帳あり・Web URL未登録,v1_3_workcopy.xlsx,level=national;historical_reference=1;team1_pref=神奈川;team2_pref=広島
