event_key,year,season,date,tournament,round,level,pref_a,pref_b,score_a,score_b,rating_a_before,rating_b_before,expected_a,k,delta_a,rating_a_after,rating_b_after,matchup_a_before,matchup_b_before,pair_games_before,source
2017|spring||2017春季北海道地区大会|1R|函館大有斗|10|遠軽|9,2017,spring,,2017春季北海道地区大会,1R,regional,南北海道,北北海道,10,9,1000.0,1000.0,0.5,7.6,3.8,1003.8,996.2,-0.0,0.0,0,historical
2017|spring||2017春季北海道地区大会|1R|札幌第一|11|旭川大高|1,2017,spring,,2017春季北海道地区大会,1R,regional,南北海道,北北海道,11,1,1003.8,996.2,0.511847,7.6,3.71,1007.51,992.49,0.3167,-0.3167,1,historical
2017|spring||2017春季北海道地区大会|1R|武修館|10|北広島|9,2017,spring,,2017春季北海道地区大会,1R,regional,北北海道,南北海道,10,9,992.49,1007.51,0.475163,7.6,3.9888,996.4788,1003.5212,-1.1265,1.1265,2,historical
2017|spring||2017春季北海道地区大会|QF|稚内大谷|4|札幌日大|2,2017,spring,,2017春季北海道地区大会,QF,regional,北北海道,南北海道,4,2,996.4788,1003.5212,0.487795,7.6,3.8928,1000.3716,999.6284,-0.7202,0.7202,3,historical
2017|spring||2017春季北海道地区大会|SF|函館大有斗|4|稚内大谷|2,2017,spring,,2017春季北海道地区大会,SF,regional,南北海道,北北海道,4,2,999.6284,1000.3716,0.498663,7.6,3.8102,1003.4386,996.5614,-0.0929,0.0929,4,historical
2017|spring||2017春季北海道地区大会|SF|駒大苫小牧|9|帯広大谷|8,2017,spring,,2017春季北海道地区大会,SF,regional,南北海道,北北海道,9,8,1003.4386,996.5614,0.512749,7.6,3.7031,1007.1417,992.8583,0.9919,-0.9919,5,historical
2017|spring||2017春季東北地区大会|1R|東日大昌平|7|大船渡東|3,2017,spring,,2017春季東北地区大会,1R,regional,福島,岩手,7,3,1000.0,1000.0,0.5,7.6,3.8,1003.8,996.2,-0.0,0.0,0,historical
2017|spring||2017春季東北地区大会|1R|九里学園|7|角館|5,2017,spring,,2017春季東北地区大会,1R,regional,山形,秋田,7,5,1000.0,1000.0,0.5,7.6,3.8,1003.8,996.2,0.0,-0.0,0,historical
2017|spring||2017春季東北地区大会|2R|八戸学院光星|3|明桜|2,2017,spring,,2017春季東北地区大会,2R,regional,青森,秋田,3,2,1000.0,996.2,0.505468,7.6,3.7584,1003.7584,992.4416,-0.0,0.0,0,historical
2017|spring||2017春季東北地区大会|2R|東陵|2|青森山田|1,2017,spring,,2017春季東北地区大会,2R,regional,宮城,青森,2,1,1000.0,1003.7584,0.494591,7.6,3.8411,1003.8411,999.9173,0.0,-0.0,0,historical
2017|spring||2017春季東北地区大会|2R|仙台育英|3|聖光学院|1,2017,spring,,2017春季東北地区大会,2R,regional,宮城,福島,3,1,1003.8411,1003.8,0.500059,7.6,3.7996,1007.6407,1000.0004,0.0,-0.0,0,historical
2017|spring||2017春季東北地区大会|2R|聖愛|7|盛岡大付|4,2017,spring,,2017春季東北地区大会,2R,regional,青森,岩手,7,4,999.9173,996.2,0.505349,7.6,3.7593,1003.6767,992.4407,-0.0,0.0,0,historical
2017|spring||2017春季東北地区大会|2R|東北|4|九里学園|3,2017,spring,,2017春季東北地区大会,2R,regional,宮城,山形,4,3,1007.6407,1003.8,0.505527,7.6,3.758,1011.3987,1000.042,0.0,-0.0,0,historical
2017|spring||2017春季東北地区大会|2R|東日大昌平|3|日大山形|0,2017,spring,,2017春季東北地区大会,2R,regional,福島,山形,3,0,1000.0004,1000.042,0.49994,7.6,3.8005,1003.8009,996.2416,-0.0,0.0,0,historical
2017|spring||2017春季東北地区大会|2R|いわき光洋|8|久慈|1,2017,spring,,2017春季東北地区大会,2R,regional,福島,岩手,8,1,1003.8009,992.4407,0.517253,7.6,3.6689,1007.4698,988.7718,0.3167,-0.3167,1,historical
2017|spring||2017春季東北地区大会|2R|羽黒|5|能代松陽|2,2017,spring,,2017春季東北地区大会,2R,regional,山形,秋田,5,2,996.2416,992.4416,0.50638,7.6,3.7515,999.9931,988.69,0.3167,-0.3167,1,historical
2017|spring||2017春季東北地区大会|QF|八戸学院光星|4|東陵|3,2017,spring,,2017春季東北地区大会,QF,regional,青森,宮城,4,3,1003.6767,1011.3987,0.487968,7.6,3.8914,1007.5681,1007.5072,-0.3201,0.3201,1,historical
2017|spring||2017春季東北地区大会|QF|仙台育英|8|聖愛|1,2017,spring,,2017春季東北地区大会,QF,regional,宮城,青森,8,1,1007.5072,1007.5681,0.499891,7.6,3.8008,1011.308,1003.7673,-0.0076,0.0076,2,historical
2017|spring||2017春季東北地区大会|QF|東北|11|羽黒|3,2017,spring,,2017春季東北地区大会,QF,regional,宮城,山形,11,3,1011.308,999.9931,0.517178,7.6,3.6694,1014.9775,996.3236,0.3132,-0.3132,1,historical
2017|spring||2017春季東北地区大会|SF|八戸学院光星|7|東日大昌平|0,2017,spring,,2017春季東北地区大会,SF,regional,青森,福島,7,0,1003.7673,1007.4698,0.494672,7.6,3.8405,1007.6078,1003.6293,-0.0,0.0,0,historical
2017|spring||2017春季東北地区大会|F|仙台育英|1|八戸学院光星|0,2017,spring,,2017春季東北地区大会,F,regional,宮城,青森,1,0,1014.9775,1007.6078,0.512811,7.6,3.7026,1018.6801,1003.9051,0.7671,-0.7671,3,historical
2017|spring||2017春季関東地区大会|1R|健大高崎|7|石岡一|0,2017,spring,,2017春季関東地区大会,1R,regional,群馬,茨城,7,0,1000.0,1000.0,0.5,7.6,3.8,1003.8,996.2,0.0,-0.0,0,historical
2017|spring||2017春季関東地区大会|1R|横浜|10|土浦湖北|0,2017,spring,,2017春季関東地区大会,1R,regional,神奈川,茨城,10,0,1000.0,996.2,0.505468,7.6,3.7584,1003.7584,992.4416,0.0,-0.0,0,historical
2017|spring||2017春季関東地区大会|2R|前橋育英|1|駿台甲府|0,2017,spring,,2017春季関東地区大会,2R,regional,群馬,山梨,1,0,1003.8,1000.0,0.505468,7.6,3.7584,1007.5584,996.2416,-0.0,0.0,0,historical
2017|spring||2017春季関東地区大会|2R|東海大相模|14|千葉敬愛|4,2017,spring,,2017春季関東地区大会,2R,regional,神奈川,千葉,14,4,1003.7584,1000.0,0.505409,7.6,3.7589,1007.5173,996.2411,-0.0,0.0,0,historical
2017|spring||2017春季関東地区大会|2R|浦和学院|2|横浜|0,2017,spring,,2017春季関東地区大会,2R,regional,埼玉,神奈川,2,0,1000.0,1007.5173,0.489183,7.6,3.8822,1003.8822,1003.6351,0.0,-0.0,0,historical
2017|spring||2017春季関東地区大会|2R|霞ヶ浦|8|白鴎大足利|1,2017,spring,,2017春季関東地区大会,2R,regional,茨城,栃木,8,1,992.4416,1000.0,0.489124,7.6,3.8827,996.3242,996.1173,-0.0,0.0,0,historical
2017|spring||2017春季関東地区大会|2R|日大三|10|専大松戸|9,2017,spring,,2017春季関東地区大会,2R,prefecture,西東京,千葉,10,9,1000.0,996.2411,0.505409,4.56,2.2553,1002.2553,993.9858,-0.0,0.0,0,historical
2017|spring||2017春季関東地区大会|2R|作新学院|17|明秀日立|2,2017,spring,,2017春季関東地区大会,2R,regional,栃木,茨城,17,2,996.1173,996.3242,0.498771,7.6,3.8093,999.9267,992.5149,-0.3236,0.3236,1,historical
2017|spring||2017春季関東地区大会|2R|早稲田実|10|花咲徳栄|9,2017,spring,,2017春季関東地区大会,2R,prefecture,西東京,埼玉,10,9,1002.2553,1003.8822,0.497659,4.56,2.2907,1004.546,1001.5915,-0.0,0.0,0,historical
2017|spring||2017春季関東地区大会|2R|健大高崎|4|山梨学院|3,2017,spring,,2017春季関東地区大会,2R,regional,群馬,山梨,4,3,1007.5584,996.2416,0.517181,7.6,3.6694,1011.2279,992.5721,0.3132,-0.3132,1,historical
2017|spring||2017春季関東地区大会|QF|浦和学院|2|前橋育英|0,2017,spring,,2017春季関東地区大会,QF,regional,埼玉,群馬,2,0,1001.5915,1011.2279,0.486136,7.6,3.9054,1005.4969,1007.3225,0.0,-0.0,0,historical
2017|spring||2017春季関東地区大会|QF|作新学院|8|早稲田実|4,2017,spring,,2017春季関東地区大会,QF,prefecture,栃木,西東京,8,4,999.9267,1004.546,0.493353,4.56,2.3103,1002.237,1002.2357,0.0,-0.0,0,historical
2017|spring||2017春季関東地区大会|QF|日大三|8|霞ヶ浦|6,2017,spring,,2017春季関東地区大会,QF,prefecture,西東京,茨城,8,6,1002.2357,992.5149,0.513986,4.56,2.2162,1004.4519,990.2987,-0.0,0.0,0,historical
2017|spring||2017春季関東地区大会|QF|東海大相模|3|健大高崎|2,2017,spring,,2017春季関東地区大会,QF,regional,神奈川,群馬,3,2,1003.6351,1007.3225,0.494694,7.6,3.8403,1007.4755,1003.4822,0.0,-0.0,0,historical
2017|spring||2017春季関東地区大会|SF|浦和学院|6|日大三|4,2017,spring,,2017春季関東地区大会,SF,prefecture,埼玉,西東京,6,4,1005.4969,1004.4519,0.500954,4.56,2.2756,1007.7725,1002.1763,-0.1909,0.1909,1,historical
2017|spring||2017春季関東地区大会|SF|東海大相模|5|作新学院|4,2017,spring,,2017春季関東地区大会,SF,regional,神奈川,栃木,5,4,1007.4755,1002.237,0.507538,7.6,3.7427,1011.2182,998.4943,-0.0,0.0,0,historical
2017|spring||2017春季関東地区大会|F|浦和学院|3|東海大相模|2,2017,spring,,2017春季関東地区大会,F,regional,埼玉,神奈川,3,2,1007.7725,1011.2182,0.495973,7.6,3.8306,1011.6032,1007.3876,0.3235,-0.3235,1,historical
2017|spring||2017春季北信越地区大会|1R|啓新|9|関根学園|0,2017,spring,,2017春季北信越地区大会,1R,regional,福井,新潟,9,0,1000.0,1000.0,0.5,7.6,3.8,1003.8,996.2,-0.0,0.0,0,historical
2017|spring||2017春季北信越地区大会|1R|星稜|7|新潟明訓|0,2017,spring,,2017春季北信越地区大会,1R,regional,石川,新潟,7,0,1000.0,996.2,0.505468,7.6,3.7584,1003.7584,992.4416,-0.0,0.0,0,historical
2017|spring||2017春季北信越地区大会|1R|中越|6|砺波工|4,2017,spring,,2017春季北信越地区大会,1R,regional,新潟,富山,6,4,992.4416,1000.0,0.489124,7.6,3.8827,996.3242,996.1173,-0.0,0.0,0,historical
2017|spring||2017春季北信越地区大会|1R|東海大諏訪|4|福井工大福井|2,2017,spring,,2017春季北信越地区大会,1R,regional,長野,福井,4,2,1000.0,1003.8,0.494532,7.6,3.8416,1003.8416,999.9584,-0.0,0.0,0,historical
2017|spring||2017春季北信越地区大会|QF|星稜|7|高岡商|0,2017,spring,,2017春季北信越地区大会,QF,regional,石川,富山,7,0,1003.7584,996.1173,0.510995,7.6,3.7164,1007.4749,992.4009,-0.0,0.0,0,historical
2017|spring||2017春季北信越地区大会|QF|金沢|13|啓新|5,2017,spring,,2017春季北信越地区大会,QF,regional,神奈川,福井,13,5,1007.3876,999.9584,0.51069,7.6,3.7188,1011.1063,996.2397,0.0,-0.0,0,historical
2017|spring||2017春季北信越地区大会|QF|日本文理|8|東海大諏訪|3,2017,spring,,2017春季北信越地区大会,QF,regional,新潟,長野,8,3,996.3242,1003.8416,0.489183,7.6,3.8822,1000.2064,999.9594,0.0,-0.0,0,historical
2017|spring||2017春季北信越地区大会|QF|小諸商|2|中越|1,2017,spring,,2017春季北信越地区大会,QF,regional,長野,新潟,2,1,999.9594,1000.2064,0.498713,7.6,3.8098,1003.7691,996.3966,-0.3235,0.3235,1,historical
2017|spring||2017春季北信越地区大会|SF|星稜|5|日本文理|2,2017,spring,,2017春季北信越地区大会,SF,regional,石川,新潟,5,2,1007.4749,996.3966,0.516838,7.6,3.672,1011.1469,992.7246,0.3132,-0.3132,1,historical
2017|spring||2017春季北信越地区大会|SF|金沢|5|小諸商|2,2017,spring,,2017春季北信越地区大会,SF,regional,神奈川,長野,5,2,1011.1063,1003.7691,0.510557,7.6,3.7198,1014.8261,1000.0494,0.0,-0.0,0,historical
2017|spring||2017春季北信越地区大会|F|星稜|5|金沢|0,2017,spring,,2017春季北信越地区大会,F,regional,石川,神奈川,5,0,1011.1469,1014.8261,0.494705,7.6,3.8402,1014.9872,1010.9858,0.0,-0.0,0,historical
2017|spring||2017春季東海地区大会|QF|至学館|6|中京|4,2017,spring,,2017春季東海地区大会,QF,regional,愛知,岐阜,6,4,1000.0,1000.0,0.5,7.6,3.8,1003.8,996.2,-0.0,0.0,0,historical
2017|spring||2017春季東海地区大会|QF|静岡|7|近大高専|3,2017,spring,,2017春季東海地区大会,QF,regional,静岡,三重,7,3,1000.0,1000.0,0.5,7.6,3.8,1003.8,996.2,-0.0,0.0,0,historical
2017|spring||2017春季東海地区大会|QF|大垣日大|12|津田学園|0,2017,spring,,2017春季東海地区大会,QF,regional,岐阜,三重,12,0,996.2,996.2,0.5,7.6,3.8,1000.0,992.4,-0.0,0.0,0,historical
2017|spring||2017春季東海地区大会|QF|東邦|8|東海大静岡翔洋|0,2017,spring,,2017春季東海地区大会,QF,regional,愛知,静岡,8,0,1003.8,1003.8,0.5,7.6,3.8,1007.6,1000.0,0.0,-0.0,0,historical
2017|spring||2017春季東海地区大会|SF|大垣日大|8|東邦|5,2017,spring,,2017春季東海地区大会,SF,regional,岐阜,愛知,8,5,1000.0,1007.6,0.488153,7.6,3.89,1003.89,1003.71,-0.3167,0.3167,1,historical
2017|spring||2017春季東海地区大会|SF|至学館|13|静岡|0,2017,spring,,2017春季東海地区大会,SF,regional,愛知,静岡,13,0,1003.71,1000.0,0.50625,7.6,3.7525,1007.4625,996.2475,0.3167,-0.3167,1,historical
2017|spring||2017春季東海地区大会|F|至学館|4|大垣日大|1,2017,spring,,2017春季東海地区大会,F,regional,愛知,岐阜,4,1,1007.4625,1003.89,0.505102,7.6,3.7612,1011.2237,1000.1288,-0.0135,0.0135,2,historical
2017|spring||2017春季近畿地区大会|QF|大体大浪商|3|智弁学園|2,2017,spring,,2017春季近畿地区大会,QF,regional,大阪,奈良,3,2,1000.0,1000.0,0.5,7.6,3.8,1003.8,996.2,0.0,-0.0,0,historical
2017|spring||2017春季近畿地区大会|QF|東海大仰星|4|報徳学園|3,2017,spring,,2017春季近畿地区大会,QF,regional,大阪,兵庫,4,3,1003.8,1000.0,0.505468,7.6,3.7584,1007.5584,996.2416,-0.0,0.0,0,historical
2017|spring||2017春季近畿地区大会|QF|彦根東|3|龍谷大平安|2,2017,spring,,2017春季近畿地区大会,QF,regional,滋賀,京,3,2,1000.0,1000.0,0.5,7.6,3.8,1003.8,996.2,-0.0,0.0,0,historical
2017|spring||2017春季近畿地区大会|QF|大阪桐蔭|6|智弁和歌山|3,2017,spring,,2017春季近畿地区大会,QF,regional,大阪,和歌山,6,3,1007.5584,1000.0,0.510876,7.6,3.7173,1011.2758,996.2827,-0.0,0.0,0,historical
2017|spring||2017春季近畿地区大会|SF|大阪桐蔭|4|彦根東|3,2017,spring,,2017春季近畿地区大会,SF,regional,大阪,滋賀,4,3,1011.2758,1003.8,0.510757,7.6,3.7182,1014.994,1000.0818,0.0,-0.0,0,historical
2017|spring||2017春季中国地区大会|QF|宇部鴻城|8|浜田|2,2017,spring,,2017春季中国地区大会,QF,regional,山口,島根,8,2,1000.0,1000.0,0.5,7.6,3.8,1003.8,996.2,0.0,-0.0,0,historical
2017|spring||2017春季中国地区大会|QF|広島新庄|8|石見智翠館|3,2017,spring,,2017春季中国地区大会,QF,regional,広島,島根,8,3,1000.0,996.2,0.505468,7.6,3.7584,1003.7584,992.4416,-0.0,0.0,0,historical
2017|spring||2017春季中国地区大会|QF|創志学園|11|大社|1,2017,spring,,2017春季中国地区大会,QF,regional,岡山,島根,11,1,1000.0,992.4416,0.510876,7.6,3.7173,1003.7173,988.7242,0.0,-0.0,0,historical
2017|spring||2017春季中国地区大会|QF|鳥取城北|6|益田東|4,2017,spring,,2017春季中国地区大会,QF,regional,鳥取,島根,6,4,1000.0,988.7242,0.516221,7.6,3.6767,1003.6767,985.0475,-0.0,0.0,0,historical
2017|spring||2017春季中国地区大会|SF|広島新庄|7|宇部鴻城|3,2017,spring,,2017春季中国地区大会,SF,regional,広島,山口,7,3,1003.7584,1003.8,0.49994,7.6,3.8005,1007.5589,999.9995,-0.0,0.0,0,historical
2017|spring||2017春季中国地区大会|SF|鳥取城北|5|創志学園|4,2017,spring,,2017春季中国地区大会,SF,regional,鳥取,岡山,5,4,1003.6767,1003.7173,0.499942,7.6,3.8004,1007.4772,999.9169,-0.0,0.0,0,historical
2017|spring||2017春季中国地区大会|F|鳥取城北|2|広島新庄|1,2017,spring,,2017春季中国地区大会,F,regional,鳥取,広島,2,1,1007.4772,1007.5589,0.499882,7.6,3.8009,1011.2781,1003.758,-0.0,0.0,0,historical
2017|spring||2017春季四国地区大会|QF|明徳義塾|4|鳴門渦潮|0,2017,spring,,2017春季四国地区大会,QF,regional,高知,徳島,4,0,1000.0,1000.0,0.5,7.6,3.8,1003.8,996.2,-0.0,0.0,0,historical
2017|spring||2017春季四国地区大会|QF|帝京五|9|英明|4,2017,spring,,2017春季四国地区大会,QF,regional,愛媛,香川,9,4,1000.0,1000.0,0.5,7.6,3.8,1003.8,996.2,0.0,-0.0,0,historical
2017|spring||2017春季四国地区大会|QF|松山聖陵|1|徳島商|0,2017,spring,,2017春季四国地区大会,QF,regional,愛媛,徳島,1,0,1003.8,996.2,0.510936,7.6,3.7169,1007.5169,992.4831,-0.0,0.0,0,historical
2017|spring||2017春季四国地区大会|QF|三本松|9|高知|2,2017,spring,,2017春季四国地区大会,QF,regional,香川,高知,9,2,996.2,1003.8,0.489064,7.6,3.8831,1000.0831,999.9169,0.0,-0.0,0,historical
2017|spring||2017春季四国地区大会|SF|松山聖陵|4|三本松|2,2017,spring,,2017春季四国地区大会,SF,regional,愛媛,香川,4,2,1007.5169,1000.0831,0.511607,7.6,3.7118,1011.2287,996.3713,0.3167,-0.3167,1,historical
2017|spring||2017春季四国地区大会|SF|明徳義塾|8|帝京五|5,2017,spring,,2017春季四国地区大会,SF,regional,高知,愛媛,8,5,999.9169,1011.2287,0.483727,7.6,3.9237,1003.8406,1007.305,-0.0,0.0,0,historical
2017|spring||2017春季四国地区大会|F|明徳義塾|8|松山聖陵|7,2017,spring,,2017春季四国地区大会,F,regional,高知,愛媛,8,7,1003.8406,1007.305,0.495955,7.6,3.8307,1007.6713,1003.4743,0.327,-0.327,1,historical
2017|spring||2017春季九州地区大会|1R|鹿児島実|2|興南|1,2017,spring,,2017春季九州地区大会,1R,regional,鹿児島,沖縄,2,1,1000.0,1000.0,0.5,7.6,3.8,1003.8,996.2,-0.0,0.0,0,historical
2017|spring||2017春季九州地区大会|1R|美来工科|11|九州国際大付|1,2017,spring,,2017春季九州地区大会,1R,regional,沖縄,福岡,11,1,996.2,1000.0,0.494532,7.6,3.8416,1000.0416,996.1584,0.0,-0.0,0,historical
2017|spring||2017春季九州地区大会|2R|沖縄尚学|6|鹿町工|1,2017,spring,,2017春季九州地区大会,2R,regional,沖縄,長崎,6,1,1000.0416,1000.0,0.50006,7.6,3.7995,1003.8411,996.2005,0.0,-0.0,0,historical
2017|spring||2017春季九州地区大会|2R|福岡大大濠|10|明豊|0,2017,spring,,2017春季九州地区大会,2R,regional,福岡,大分,10,0,996.1584,1000.0,0.494472,7.6,3.842,1000.0005,996.158,-0.0,0.0,0,historical
2017|spring||2017春季九州地区大会|2R|神村学園|14|東海大福岡|4,2017,spring,,2017春季九州地区大会,2R,regional,鹿児島,福岡,14,4,1003.8,1000.0005,0.505468,7.6,3.7584,1007.5584,996.242,-0.0,0.0,0,historical
2017|spring||2017春季九州地区大会|2R|秀岳館|7|西日本短大付|0,2017,spring,,2017春季九州地区大会,2R,regional,熊本,福岡,7,0,1000.0,996.242,0.505408,7.6,3.7589,1003.7589,992.4831,0.0,-0.0,0,historical
2017|spring||2017春季九州地区大会|2R|鹿児島実|2|日南学園|0,2017,spring,,2017春季九州地区大会,2R,regional,鹿児島,宮崎,2,0,1007.5584,1000.0,0.510876,7.6,3.7173,1011.2758,996.2827,-0.0,0.0,0,historical
2017|spring||2017春季九州地区大会|2R|美里工|2|熊本工|1,2017,spring,,2017春季九州地区大会,2R,regional,沖縄,熊本,2,1,1003.8411,1003.7589,0.500118,7.6,3.7991,1007.6402,999.9598,0.0,-0.0,0,historical
2017|spring||2017春季九州地区大会|2R|九産大九州|7|佐賀北|1,2017,spring,,2017春季九州地区大会,2R,regional,福岡,佐賀,7,1,992.4831,1000.0,0.489184,7.6,3.8822,996.3653,996.1178,-0.0,0.0,0,historical
2017|spring||2017春季九州地区大会|2R|美来工科|2|文徳|1,2017,spring,,2017春季九州地区大会,2R,regional,沖縄,熊本,2,1,1007.6402,999.9598,0.511962,7.6,3.7091,1011.3493,996.2507,0.3166,-0.3166,1,historical
2017|spring||2017春季九州地区大会|QF|鹿児島実|6|福岡大大濠|1,2017,spring,,2017春季九州地区大会,QF,regional,鹿児島,福岡,6,1,1011.2758,996.3653,0.522344,7.6,3.6302,1014.906,992.7351,0.3132,-0.3132,1,historical
2017|spring||2017春季九州地区大会|QF|秀岳館|3|沖縄尚学|1,2017,spring,,2017春季九州地区大会,QF,regional,熊本,沖縄,3,1,996.2507,1011.3493,0.475051,7.6,3.9896,1000.2403,1007.3597,-1.1262,1.1262,2,historical
2017|spring||2017春季九州地区大会|QF|美里工|4|九産大九州|3,2017,spring,,2017春季九州地区大会,QF,regional,沖縄,福岡,4,3,1007.3597,992.7351,0.521954,7.6,3.6332,1010.9928,989.102,0.3201,-0.3201,1,historical
2017|spring||2017春季九州地区大会|QF|神村学園|3|美来工科|0,2017,spring,,2017春季九州地区大会,QF,regional,鹿児島,沖縄,3,0,1014.906,1010.9928,0.506543,7.6,3.7503,1018.6562,1007.2426,0.3167,-0.3167,1,historical
2017|spring||2017春季九州地区大会|SF|鹿児島実|3|秀岳館|2,2017,spring,,2017春季九州地区大会,SF,regional,鹿児島,熊本,3,2,1018.6562,1000.2403,0.526478,7.6,3.5988,1022.255,996.6416,-0.0,0.0,0,historical
2017|spring||2017春季九州地区大会|SF|神村学園|7|美里工|0,2017,spring,,2017春季九州地区大会,SF,regional,鹿児島,沖縄,7,0,1022.255,1007.2426,0.524844,7.6,3.6112,1025.8662,1003.6314,1.1325,-1.1325,2,historical
2017|senbatsu||2017選抜|1R|市呉|6|至学館|5,2017,senbatsu,,2017選抜,1R,national,広島,愛知,6,5,1003.758,1011.2237,0.489258,9.12,4.658,1008.416,1006.5657,0.0,-0.0,0,historical
2017|senbatsu||2017選抜|1R|履正社|12|日大三|5,2017,senbatsu,,2017選抜,1R,prefecture,大阪,西東京,12,5,1014.994,1002.1763,0.518438,4.56,2.1959,1017.19,999.9804,0.0,-0.0,0,historical
2017|senbatsu||2017選抜|1R|智弁学園|9|熊本工|0,2017,senbatsu,,2017選抜,1R,national,奈良,熊本,9,0,996.2,996.6416,0.499365,9.12,4.5658,1000.7658,992.0758,0.0,-0.0,0,historical
2017|senbatsu||2017選抜|1R|盛岡大付|10|高岡商|9,2017,senbatsu,,2017選抜,1R,national,岩手,富山,10,9,988.7718,992.4009,0.494777,9.12,4.6076,993.3794,987.7933,-0.0,0.0,0,historical
2017|senbatsu||2017選抜|1R|報徳学園|21|多治見|0,2017,senbatsu,,2017選抜,1R,national,兵庫,岐阜,21,0,996.2416,1000.1288,0.494406,9.12,4.611,1000.8526,995.5178,0.0,-0.0,0,historical
2017|senbatsu||2017選抜|1R|前橋育英|5|中村|1,2017,senbatsu,,2017選抜,1R,national,群馬,愛知,5,1,1003.4822,1006.5657,0.495563,9.12,4.6005,1008.0826,1001.9652,-0.0,0.0,0,historical
2017|senbatsu||2017選抜|1R|福岡大大濠|6|創志学園|3,2017,senbatsu,,2017選抜,1R,national,福岡,岡山,6,3,989.102,999.9169,0.484441,9.12,4.7019,993.8039,995.215,-0.0,0.0,0,historical
2017|senbatsu||2017選抜|1R|滋賀学園|6|東海大市原望洋|2,2017,senbatsu,,2017選抜,1R,national,滋賀,千葉,6,2,1000.0818,993.9858,0.508772,9.12,4.48,1004.5618,989.5058,-0.0,0.0,0,historical
2017|senbatsu||2017選抜|1R|健大高崎|11|札幌第一|1,2017,senbatsu,,2017選抜,1R,national,群馬,南北海道,11,1,1008.0826,1007.1417,0.501354,9.12,4.5477,1012.6303,1002.5941,-0.0,0.0,0,historical
2017|senbatsu||2017選抜|1R|福井工大福井|6|仙台育英|4,2017,senbatsu,,2017選抜,1R,national,福井,宮城,6,4,996.2397,1018.6801,0.46775,9.12,4.8541,1001.0938,1013.826,-0.0,0.0,0,historical
2017|senbatsu||2017選抜|1R|秀岳館|11|高田商|1,2017,senbatsu,,2017選抜,1R,national,熊本,奈良,11,1,992.0758,1000.7658,0.486402,9.12,4.684,996.7598,996.0818,-0.3805,0.3805,1,historical
2017|senbatsu||2017選抜|1R|作新学院|9|帝京五|1,2017,senbatsu,,2017選抜,1R,national,栃木,愛媛,9,1,998.4943,1003.4743,0.492834,9.12,4.6254,1003.1196,998.8489,-0.0,0.0,0,historical
2017|senbatsu||2017選抜|1R|東海大福岡|2|神戸国際大付|1,2017,senbatsu,,2017選抜,1R,national,福岡,兵庫,2,1,993.8039,1000.8526,0.489857,9.12,4.6525,998.4564,996.2001,-0.0,0.0,0,historical
2017|senbatsu||2017選抜|1R|早稲田実|5|明徳義塾|4,2017,senbatsu,,2017選抜,1R,prefecture,西東京,高知,5,4,999.9804,1007.6713,0.488934,4.56,2.3305,1002.3108,1005.3408,0.0,-0.0,0,historical
2017|senbatsu||2017選抜|1R|静岡|12|不来方|3,2017,senbatsu,,2017選抜,1R,national,静岡,岩手,12,3,996.2475,993.3794,0.504127,9.12,4.5224,1000.7699,988.8571,-0.0,0.0,0,historical
2017|senbatsu||2017選抜|1R|大阪桐蔭|11|宇部鴻城|0,2017,senbatsu,,2017選抜,1R,national,大阪,山口,11,0,1017.19,999.9995,0.524719,9.12,4.3346,1021.5245,995.665,0.0,-0.0,0,historical
2017|senbatsu||2017選抜|2R|履正社|1|市呉|0,2017,senbatsu,,2017選抜,2R,national,大阪,広島,1,0,1021.5245,1008.416,0.518856,9.12,4.388,1025.9126,1004.0279,0.0,-0.0,0,historical
2017|senbatsu||2017選抜|2R|盛岡大付|5|智弁学園|1,2017,senbatsu,,2017選抜,2R,national,岩手,奈良,5,1,988.8571,996.0818,0.489604,9.12,4.6548,993.5119,991.427,-0.0,0.0,0,historical
2017|senbatsu||2017選抜|2R|報徳学園|4|前橋育英|0,2017,senbatsu,,2017選抜,2R,national,兵庫,群馬,4,0,996.2001,1012.6303,0.476373,9.12,4.7755,1000.9756,1007.8548,0.0,-0.0,0,historical
2017|senbatsu||2017選抜|2R|福岡大大濠|1|滋賀学園|1,2017,senbatsu,,2017選抜,2R,national,福岡,滋賀,1,1,998.4564,1004.5618,0.491215,9.12,0.0801,998.5365,1004.4816,-0.0,0.0,0,historical
2017|senbatsu||2017選抜|2R|福井工大福井|7|健大高崎|7,2017,senbatsu,,2017選抜,2R,national,福井,群馬,7,7,1001.0938,1007.8548,0.490271,9.12,0.0887,1001.1825,1007.7661,0.0,-0.0,0,historical
2017|senbatsu||2017選抜|2R|秀岳館|3|作新学院|2,2017,senbatsu,,2017選抜,2R,national,熊本,栃木,3,2,996.7598,1003.1196,0.490848,9.12,4.6435,1001.4032,998.4762,-0.0,0.0,0,historical
2017|senbatsu||2017選抜|2R|東海大福岡|11|早稲田実|8,2017,senbatsu,,2017選抜,2R,prefecture,福岡,西東京,11,8,998.5365,1002.3108,0.494569,4.56,2.3048,1000.8413,1000.006,0.0,-0.0,0,historical
2017|senbatsu||2017選抜|2R|大阪桐蔭|11|静岡|8,2017,senbatsu,,2017選抜,2R,national,大阪,静岡,11,8,1025.9126,1000.7699,0.53612,9.12,4.2306,1030.1431,996.5393,0.0,-0.0,0,historical
2017|senbatsu||2017選抜|2R|福岡大大濠|5|滋賀学園|3,2017,senbatsu,,2017選抜,2R,national,福岡,滋賀,5,3,1000.8413,1004.4816,0.494781,9.12,4.6076,1005.4489,999.874,0.0067,-0.0067,1,historical
2017|senbatsu||2017選抜|2R|健大高崎|10|福井工大福井|2,2017,senbatsu,,2017選抜,2R,national,群馬,福井,10,2,1007.7661,1001.1825,0.509452,9.12,4.4738,1012.2399,996.7087,-0.0074,0.0074,1,historical
2017|senbatsu||2017選抜|QF|履正社|8|盛岡大付|1,2017,senbatsu,,2017選抜,QF,national,大阪,岩手,8,1,1030.1431,993.5119,0.552522,9.12,4.081,1034.2241,989.4309,0.0,-0.0,0,historical
2017|senbatsu||2017選抜|QF|報徳学園|8|福岡大大濠|3,2017,senbatsu,,2017選抜,QF,national,兵庫,福岡,8,3,1000.9756,1005.4489,0.492447,9.12,4.6289,1005.6044,1000.82,-0.3877,0.3877,1,historical
2017|senbatsu||2017選抜|QF|秀岳館|9|健大高崎|2,2017,senbatsu,,2017選抜,QF,national,熊本,群馬,9,2,1001.4032,1012.2399,0.48441,9.12,4.7022,1006.1054,1007.5377,0.0,-0.0,0,historical
2017|senbatsu||2017選抜|QF|大阪桐蔭|4|東海大福岡|2,2017,senbatsu,,2017選抜,QF,national,大阪,福岡,4,2,1034.2241,1000.82,0.547925,9.12,4.1229,1038.3471,996.6971,0.0,-0.0,0,historical
2017|senbatsu||2017選抜|SF|履正社|6|報徳学園|4,2017,senbatsu,,2017選抜,SF,national,大阪,兵庫,6,4,1038.3471,1005.6044,0.547875,9.12,4.1234,1042.4704,1001.4811,0.3132,-0.3132,1,historical
2017|senbatsu||2017選抜|SF|大阪桐蔭|2|秀岳館|1,2017,senbatsu,,2017選抜,SF,national,大阪,熊本,2,1,1042.4704,1006.1054,0.552143,9.12,4.0845,1046.5549,1002.021,0.0,-0.0,0,historical
2017|koshien||2017選手権|1R|彦根東|6|波佐見|5,2017,koshien,,2017選手権,1R,national,滋賀,長崎,6,5,999.874,996.2005,0.505286,11.96,5.9168,1005.7908,990.2837,0.0,-0.0,0,historical
2017|koshien||2017選手権|1R|済美|10|東筑|4,2017,koshien,,2017選手権,1R,national,愛媛,福岡,10,4,998.8489,996.6971,0.503097,11.96,5.943,1004.7919,990.7541,0.0,-0.0,0,historical
2017|koshien||2017選手権|1R|津田学園|7|藤枝明誠|6,2017,koshien,,2017選手権,1R,national,三重,静岡,7,6,992.4,996.5393,0.493132,11.96,6.0621,998.4621,990.4771,-0.3167,0.3167,1,historical
2017|koshien||2017選手権|1R|盛岡大付|4|作新学院|1,2017,koshien,,2017選手権,1R,national,岩手,栃木,4,1,989.4309,998.4762,0.486986,11.96,6.1357,995.5665,992.3405,0.0,-0.0,0,historical
2017|koshien||2017選手権|1R|松商学園|12|土浦日大|3,2017,koshien,,2017選手権,1R,national,長野,茨城,12,3,1000.0494,990.2987,0.514029,11.96,5.8122,1005.8616,984.4864,-0.0,0.0,0,historical
2017|koshien||2017選手権|1R|前橋育英|12|山梨学院|5,2017,koshien,,2017選手権,1R,national,群馬,山梨,12,5,1007.5377,992.5721,0.524724,11.96,5.6843,1013.222,986.8878,1.1142,-1.1142,2,historical
2017|koshien||2017選手権|1R|明徳義塾|6|日大山形|3,2017,koshien,,2017選手権,1R,national,高知,山形,6,3,1005.3408,996.3236,0.512974,11.96,5.8248,1011.1657,990.4988,-0.0,0.0,0,historical
2017|koshien||2017選手権|1R|日本航空石川|6|木更津総合|5,2017,koshien,,2017選手権,1R,national,石川,千葉,6,5,1014.9872,989.5058,0.536605,11.96,5.5422,1020.5294,983.9636,-0.0,0.0,0,historical
2017|koshien||2017選手権|1R|花咲徳栄|9|開星|0,2017,koshien,,2017選手権,1R,national,埼玉,島根,9,0,1011.6032,985.0475,0.538142,11.96,5.5238,1017.127,979.5237,0.0,-0.0,0,historical
2017|koshien||2017選手権|1R|聖光学院|6|おかやま山陽|0,2017,koshien,,2017選手権,1R,national,福島,岡山,6,0,1003.6293,995.215,0.512107,11.96,5.8352,1009.4645,989.3798,-0.0,0.0,0,historical
2017|koshien||2017選手権|1R|聖心ウルスラ|5|早稲田佐賀|2,2017,koshien,,2017選手権,1R,national,宮崎,佐賀,5,2,996.2827,996.1178,0.500237,11.96,5.9772,1002.2598,990.1406,-0.0,0.0,0,historical
2017|koshien||2017選手権|1R|広陵|10|中京大中京|6,2017,koshien,,2017選手権,1R,national,広島,愛知,10,6,1004.0279,1001.9652,0.504086,11.96,5.9311,1009.9591,996.0341,0.3882,-0.3882,1,historical
2017|koshien||2017選手権|1R|秀岳館|6|横浜|4,2017,koshien,,2017選手権,1R,national,熊本,神奈川,6,4,1002.021,1010.9858,0.487101,11.96,6.1343,1008.1552,1004.8516,0.0,-0.0,0,historical
2017|koshien||2017選手権|1R|智弁和歌山|9|興南|6,2017,koshien,,2017選手権,1R,national,和歌山,沖縄,9,6,996.2827,1003.6314,0.489426,11.96,6.1065,1002.3891,997.5249,0.0,-0.0,0,historical
2017|koshien||2017選手権|1R|大阪桐蔭|8|米子松蔭|1,2017,koshien,,2017選手権,1R,national,大阪,鳥取,8,1,1046.5549,1011.2781,0.550594,11.96,5.3749,1051.9298,1005.9032,0.0,-0.0,0,historical
2017|koshien||2017選手権|1R|仙台育英|15|滝川西|3,2017,koshien,,2017選手権,1R,prefecture,宮城,北北海道,15,3,1013.826,992.8583,0.530138,5.52,2.5936,1016.4196,990.2647,-0.0,0.0,0,historical
2017|koshien||2017選手権|1R|日本文理|9|鳴門渦潮|5,2017,koshien,,2017選手権,1R,national,新潟,徳島,9,5,992.7246,992.4831,0.500348,11.96,5.9758,998.7005,986.5073,-0.0,0.0,0,historical
2017|koshien||2017選手権|2R|神戸国際大付|5|北海|4,2017,koshien,,2017選手権,2R,prefecture,兵庫,南北海道,5,4,1001.4811,1002.5941,0.498398,5.52,2.7688,1004.2499,999.8252,0.0,-0.0,0,historical
2017|koshien||2017選手権|2R|天理|6|大垣日大|0,2017,koshien,,2017選手権,2R,national,奈良,岐阜,6,0,991.427,995.5178,0.494113,11.96,6.0504,997.4774,989.4674,0.0,-0.0,0,historical
2017|koshien||2017選手権|2R|三本松|9|下関国際|4,2017,koshien,,2017選手権,2R,national,香川,山口,9,4,996.3713,995.665,0.501017,11.96,5.9678,1002.3392,989.6971,-0.0,0.0,0,historical
2017|koshien||2017選手権|2R|二松学舎大付|14|明桜|2,2017,koshien,,2017選手権,2R,prefecture,東東京,秋田,14,2,1000.0,988.69,0.516271,5.52,2.6702,1002.6702,986.0199,0.0,-0.0,0,historical
2017|koshien||2017選手権|2R|明豊|7|坂井|6,2017,koshien,,2017選手権,2R,national,大分,福井,7,6,996.158,996.7087,0.499207,11.96,5.9895,1002.1475,990.7192,0.0,-0.0,0,historical
2017|koshien||2017選手権|2R|神村学園|3|京都成章|2,2017,koshien,,2017選手権,2R,national,鹿児島,京,3,2,1025.8662,996.2,0.54259,11.96,5.4706,1031.3368,990.7294,-0.0,0.0,0,historical
2017|koshien||2017選手権|2R|東海大菅生|11|高岡商|1,2017,koshien,,2017選手権,2R,prefecture,西東京,富山,11,1,1000.006,987.7933,0.517568,5.52,2.663,1002.6691,985.1303,-0.0,0.0,0,historical
2017|koshien||2017選手権|2R|青森山田|6|彦根東|2,2017,koshien,,2017選手権,2R,national,青森,滋賀,6,2,1003.9051,1005.7908,0.497286,11.96,6.0125,1009.9176,999.7783,-0.0,0.0,0,historical
2017|koshien||2017選手権|2R|済美|7|津田学園|1,2017,koshien,,2017選手権,2R,national,愛媛,三重,7,1,1004.7919,998.4621,0.509108,11.96,5.8711,1010.6629,992.5911,-0.0,0.0,0,historical
2017|koshien||2017選手権|2R|盛岡大付|6|松商学園|3,2017,koshien,,2017選手権,2R,national,岩手,長野,6,3,995.5665,1005.8616,0.485189,11.96,6.1571,1001.7237,999.7044,0.0,-0.0,0,historical
2017|koshien||2017選手権|2R|前橋育英|3|明徳義塾|1,2017,koshien,,2017選手権,2R,national,群馬,高知,3,1,1013.222,1011.1657,0.502959,11.96,5.9446,1019.1666,1005.2211,0.0,-0.0,0,historical
2017|koshien||2017選手権|2R|花咲徳栄|9|日本航空石川|3,2017,koshien,,2017選手権,2R,national,埼玉,石川,9,3,1017.127,1020.5294,0.495104,11.96,6.0386,1023.1655,1014.4908,0.0,-0.0,0,historical
2017|koshien||2017選手権|2R|聖光学院|5|聖心ウルスラ|4,2017,koshien,,2017選手権,2R,national,福島,宮崎,5,4,1009.4645,1002.2598,0.510367,11.96,5.856,1015.3205,996.4038,-0.0,0.0,0,historical
2017|koshien||2017選手権|2R|広陵|6|秀岳館|1,2017,koshien,,2017選手権,2R,national,広島,熊本,6,1,1009.9591,1008.1552,0.502596,11.96,5.949,1015.908,1002.2063,0.0,-0.0,0,historical
2017|koshien||2017選手権|2R|大阪桐蔭|2|智弁和歌山|1,2017,koshien,,2017選手権,2R,national,大阪,和歌山,2,1,1051.9298,1002.3891,0.571689,11.96,5.1226,1057.0524,997.2665,0.3098,-0.3098,1,historical
2017|koshien||2017選手権|2R|仙台育英|1|日本文理|0,2017,koshien,,2017選手権,2R,national,宮城,新潟,1,0,1016.4196,998.7005,0.525478,11.96,5.6753,1022.0949,993.0252,0.0,-0.0,0,historical
2017|koshien||2017選手権|3R|天理|2|神戸国際大付|1,2017,koshien,,2017選手権,3R,national,奈良,兵庫,2,1,997.4774,1004.2499,0.490255,11.96,6.0966,1003.5739,998.1533,-0.0,0.0,0,historical
2017|koshien||2017選手権|3R|三本松|5|二松学舎大付|2,2017,koshien,,2017選手権,3R,prefecture,香川,東東京,5,2,1002.3392,1002.6702,0.499524,5.52,2.7626,1005.1018,999.9076,-0.0,0.0,0,historical
2017|koshien||2017選手権|3R|明豊|9|神村学園|8,2017,koshien,,2017選手権,3R,national,大分,鹿児島,9,8,1002.1475,1031.3368,0.458092,11.96,6.4812,1008.6287,1024.8556,0.0,-0.0,0,historical
2017|koshien||2017選手権|3R|東海大菅生|9|青森山田|1,2017,koshien,,2017選手権,3R,prefecture,西東京,青森,9,1,1002.6691,1009.9176,0.48957,5.52,2.8176,1005.4866,1007.1,0.0,-0.0,0,historical
2017|koshien||2017選手権|3R|盛岡大付|12|済美|7,2017,koshien,,2017選手権,3R,national,岩手,愛媛,12,7,1001.7237,1010.6629,0.487138,11.96,6.1338,1007.8575,1004.5291,0.0,-0.0,0,historical
2017|koshien||2017選手権|3R|花咲徳栄|10|前橋育英|4,2017,koshien,,2017選手権,3R,national,埼玉,群馬,10,4,1023.1655,1019.1666,0.506691,11.96,5.9,1029.0655,1013.2666,0.3254,-0.3254,1,historical
2017|koshien||2017選手権|3R|広陵|6|聖光学院|4,2017,koshien,,2017選手権,3R,national,広島,福島,6,4,1015.908,1015.3205,0.500846,11.96,5.9699,1021.8779,1009.3506,0.0,-0.0,0,historical
2017|koshien||2017選手権|3R|仙台育英|2|大阪桐蔭|1,2017,koshien,,2017選手権,3R,national,宮城,大阪,2,1,1022.0949,1057.0524,0.449861,11.96,6.5797,1028.6746,1050.4727,-0.0,0.0,0,historical
2017|koshien||2017選手権|QF|東海大菅生|9|三本松|1,2017,koshien,,2017選手権,QF,prefecture,西東京,香川,9,1,1005.4866,1005.1018,0.500554,5.52,2.7569,1008.2436,1002.3449,0.0,-0.0,0,historical
2017|koshien||2017選手権|QF|天理|13|明豊|9,2017,koshien,,2017選手権,QF,national,奈良,大分,13,9,1003.5739,1008.6287,0.492726,11.96,6.067,1009.6409,1002.5617,-0.0,0.0,0,historical
2017|koshien||2017選手権|QF|広陵|10|仙台育英|4,2017,koshien,,2017選手権,QF,national,広島,宮城,10,4,1021.8779,1028.6746,0.49022,11.96,6.097,1027.9749,1022.5776,-0.0,0.0,0,historical
2017|koshien||2017選手権|QF|花咲徳栄|10|盛岡大付|1,2017,koshien,,2017選手権,QF,national,埼玉,岩手,10,1,1029.0655,1007.8575,0.530483,11.96,5.6154,1034.6809,1002.2421,0.0,-0.0,0,historical
2017|koshien||2017選手権|SF|広陵|12|天理|9,2017,koshien,,2017選手権,SF,national,広島,奈良,12,9,1027.9749,1009.6409,0.52636,11.96,5.6647,1033.6396,1003.9762,-0.0,0.0,0,historical
2017|koshien||2017選手権|SF|花咲徳栄|9|東海大菅生|6,2017,koshien,,2017選手権,SF,prefecture,埼玉,西東京,9,6,1034.6809,1008.2436,0.537967,5.52,2.5504,1037.2314,1005.6932,-0.0023,0.0023,2,historical
2017|koshien||2017選手権|F|花咲徳栄|14|広陵|4,2017,koshien,,2017選手権,F,national,埼玉,広島,14,4,1037.2314,1033.6396,0.505169,11.96,5.9182,1043.1495,1027.7214,0.0,-0.0,0,historical
2017|autumn||2017秋季北海道地区大会|1R|旭川実|2|北照|1,2017,autumn,,2017秋季北海道地区大会,1R,regional,北北海道,南北海道,2,1,990.2647,999.8252,0.479645,8.0,4.1628,994.4275,995.6624,-2.2955,2.2955,6,historical
2017|autumn||2017秋季北海道地区大会|1R|旭川龍谷|11|函館大柏稜|0,2017,autumn,,2017秋季北海道地区大会,1R,regional,北北海道,南北海道,11,0,994.4275,995.6624,0.495222,8.0,4.0382,998.4657,991.6242,-1.0426,1.0426,7,historical
2017|autumn||2017秋季北海道地区大会|2R|北海道栄|4|帯広農|0,2017,autumn,,2017秋季北海道地区大会,2R,regional,南北海道,北北海道,4,0,991.6242,998.4657,0.489013,8.0,4.0879,995.7121,994.3778,-0.3973,0.3973,8,historical
2017|autumn||2017秋季北海道地区大会|2R|稚内大谷|6|札幌山の手|3,2017,autumn,,2017秋季北海道地区大会,2R,regional,北北海道,南北海道,6,3,994.3778,995.7121,0.494619,8.0,4.043,998.4209,991.669,-1.2025,1.2025,9,historical
2017|autumn||2017秋季北海道地区大会|2R|函館工|9|武修館|4,2017,autumn,,2017秋季北海道地区大会,2R,regional,南北海道,北北海道,9,4,991.669,998.4209,0.489068,8.0,4.0875,995.7565,994.3334,-0.4227,0.4227,10,historical
2017|autumn||2017秋季北海道地区大会|2R|旭川実|8|札幌大谷|3,2017,autumn,,2017秋季北海道地区大会,2R,regional,北北海道,南北海道,8,3,994.3334,995.7565,0.494112,8.0,4.0471,998.3805,991.7094,-1.3343,1.3343,11,historical
2017|autumn||2017秋季北海道地区大会|2R|立命館慶祥|6|釧路明輝|3,2017,autumn,,2017秋季北海道地区大会,2R,regional,南北海道,北北海道,6,3,991.7094,998.3805,0.489139,8.0,4.0869,995.7962,994.2936,-0.4384,0.4384,12,historical
2017|autumn||2017秋季北海道地区大会|2R|駒大苫小牧|8|白樺学園|1,2017,autumn,,2017秋季北海道地区大会,2R,regional,南北海道,北北海道,8,1,995.7962,994.2936,0.506322,8.0,3.9494,999.7457,990.3442,1.4452,-1.4452,13,historical
2017|autumn||2017秋季北海道地区大会|2R|札幌日大|9|クラーク国際|5,2017,autumn,,2017秋季北海道地区大会,2R,regional,南北海道,北北海道,9,5,999.7457,990.3442,0.523214,8.0,3.8143,1003.56,986.5299,3.3706,-3.3706,14,historical
2017|autumn||2017秋季北海道地区大会|QF|札幌日大|12|旭川龍谷|6,2017,autumn,,2017秋季北海道地区大会,QF,regional,南北海道,北北海道,12,6,1003.56,986.5299,0.539736,8.0,3.6821,1007.2421,982.8478,5.32,-5.32,15,historical
2017|autumn||2017秋季北海道地区大会|SF|旭川実|4|北海道栄|3,2017,autumn,,2017秋季北海道地区大会,SF,regional,北北海道,南北海道,4,3,982.8478,1007.2421,0.444176,8.0,4.4466,987.2944,1002.7955,-7.2793,7.2793,16,historical
2017|autumn||2017秋季北海道地区大会|F|駒大苫小牧|12|旭川実|10,2017,autumn,,2017秋季北海道地区大会,F,regional,南北海道,北北海道,12,10,1002.7955,987.2944,0.537083,8.0,3.7033,1006.4988,983.5911,5.1571,-5.1571,17,historical
2017|autumn||2017秋季東北地区大会|1R|八戸学院光星|9|一関学院|2,2017,autumn,,2017秋季東北地区大会,1R,regional,青森,岩手,9,2,1007.1,1002.2421,0.507892,8.0,3.9369,1011.0369,998.3052,0.3133,-0.3133,1,historical
2017|autumn||2017秋季東北地区大会|1R|日大山形|7|学法石川|2,2017,autumn,,2017秋季東北地区大会,1R,regional,山形,福島,7,2,990.4988,1009.3506,0.471988,8.0,4.2241,994.7229,1005.1265,-0.3167,0.3167,1,historical
2017|autumn||2017秋季東北地区大会|2R|利府|7|青森山田|6,2017,autumn,,2017秋季東北地区大会,2R,regional,宮城,青森,7,6,1022.5776,1011.0369,0.521957,8.0,3.8243,1026.402,1007.2125,1.8633,-1.8633,4,historical
2017|autumn||2017秋季東北地区大会|2R|聖光学院|7|仙台南|0,2017,autumn,,2017秋季東北地区大会,2R,regional,福島,宮城,7,0,1005.1265,1026.402,0.468513,8.0,4.2519,1009.3784,1022.1501,-0.3166,0.3166,1,historical
2017|autumn||2017秋季東北地区大会|2R|由利工|5|弘前東|4,2017,autumn,,2017秋季東北地区大会,2R,regional,秋田,青森,5,4,986.0199,1007.2125,0.468641,8.0,4.2509,990.2707,1002.9617,-0.3132,0.3132,1,historical
2017|autumn||2017秋季東北地区大会|2R|花巻東|5|角館|2,2017,autumn,,2017秋季東北地区大会,2R,regional,岩手,秋田,5,2,998.3052,990.2707,0.51156,8.0,3.9075,1002.2127,986.3632,0.0,-0.0,0,historical
2017|autumn||2017秋季東北地区大会|2R|日大山形|1|仙台育英|0,2017,autumn,,2017秋季東北地区大会,2R,regional,山形,宮城,1,0,994.7229,1022.1501,0.457426,8.0,4.3406,999.0635,1017.8095,-1.1141,1.1141,2,historical
2017|autumn||2017秋季東北地区大会|2R|能代松陽|2|八戸学院光星|1,2017,autumn,,2017秋季東北地区大会,2R,regional,秋田,青森,2,1,986.3632,1002.9617,0.476343,8.0,4.1893,990.5525,998.7724,0.0739,-0.0739,2,historical
2017|autumn||2017秋季東北地区大会|2R|黒沢尻工|4|東海大山形|2,2017,autumn,,2017秋季東北地区大会,2R,regional,岩手,山形,4,2,1002.2127,999.0635,0.504532,8.0,3.9637,1006.1765,995.0997,-0.0,0.0,0,historical
2017|autumn||2017秋季東北地区大会|2R|酒田南|8|光南|6,2017,autumn,,2017秋季東北地区大会,2R,regional,山形,福島,8,6,995.0997,1009.3784,0.479645,8.0,4.1628,999.2626,1005.2156,0.0635,-0.0635,2,historical
2017|autumn||2017秋季東北地区大会|QF|能代松陽|7|黒沢尻工|0,2017,autumn,,2017秋季東北地区大会,QF,regional,秋田,岩手,7,0,990.5525,1006.1765,0.476595,8.0,4.1872,994.7397,1001.9892,-0.3256,0.3256,1,historical
2017|autumn||2017秋季東北地区大会|QF|聖光学院|15|利府|0,2017,autumn,,2017秋季東北地区大会,QF,regional,福島,宮城,15,0,1005.2156,1017.8095,0.482079,8.0,4.1434,1009.3589,1013.6661,0.0679,-0.0679,2,historical
2017|autumn||2017秋季東北地区大会|QF|花巻東|4|由利工|2,2017,autumn,,2017秋季東北地区大会,QF,regional,岩手,秋田,4,2,1001.9892,994.7397,0.510311,8.0,3.9175,1005.9067,990.8222,-0.042,0.042,2,historical
2017|autumn||2017秋季東北地区大会|SF|聖光学院|16|能代松陽|2,2017,autumn,,2017秋季東北地区大会,SF,regional,福島,秋田,16,2,1009.3589,990.8222,0.526651,8.0,3.7868,1013.1457,987.0354,0.0,-0.0,0,historical
2017|autumn||2017秋季東北地区大会|SF|花巻東|6|日大山形|4,2017,autumn,,2017秋季東北地区大会,SF,regional,岩手,山形,6,4,1005.9067,999.2626,0.510511,8.0,3.9159,1009.8227,995.3467,0.3303,-0.3303,1,historical
2017|autumn||2017秋季東北地区大会|F|聖光学院|6|花巻東|4,2017,autumn,,2017秋季東北地区大会,F,regional,福島,岩手,6,4,1013.1457,1009.8227,0.508006,8.0,3.936,1017.0817,1005.8867,1.1203,-1.1203,2,historical
2017|autumn||2017秋季関東地区大会|1R|国学院栃木|2|市川越|1,2017,autumn,,2017秋季関東地区大会,1R,regional,栃木,埼玉,2,1,992.3405,1043.1495,0.427397,8.0,4.5808,996.9214,1038.5687,-0.0,0.0,0,historical
2017|autumn||2017秋季関東地区大会|1R|作新学院|9|関東学園大付|4,2017,autumn,,2017秋季関東地区大会,1R,regional,栃木,群馬,9,4,996.9214,1013.2666,0.476495,8.0,4.188,1001.1094,1009.0786,0.0,-0.0,0,historical
2017|autumn||2017秋季関東地区大会|1R|慶応|5|拓大紅陵|4,2017,autumn,,2017秋季関東地区大会,1R,regional,神奈川,千葉,5,4,1004.8516,983.9636,0.530922,8.0,3.7526,1008.6042,980.2109,0.3132,-0.3132,1,historical
2017|autumn||2017秋季関東地区大会|1R|明秀日立|7|山梨学院|3,2017,autumn,,2017秋季関東地区大会,1R,regional,茨城,山梨,7,3,984.4864,986.8878,0.496544,8.0,4.0276,988.5141,982.8602,-0.0,0.0,0,historical
2017|autumn||2017秋季関東地区大会|1R|健大高崎|3|桐光学園|1,2017,autumn,,2017秋季関東地区大会,1R,regional,群馬,神奈川,3,1,1009.0786,1008.6042,0.499762,8.0,4.0019,1013.0805,1004.6023,-0.32,0.32,1,historical
2017|autumn||2017秋季関東地区大会|1R|中央学院|6|花咲徳栄|3,2017,autumn,,2017秋季関東地区大会,1R,regional,千葉,埼玉,6,3,980.2109,1038.5687,0.416797,8.0,4.6656,984.8766,1033.9031,0.0,-0.0,0,historical
2017|autumn||2017秋季関東地区大会|1R|霞ヶ浦|13|東海大甲府|9,2017,autumn,,2017秋季関東地区大会,1R,regional,茨城,山梨,13,9,988.5141,982.8602,0.509102,8.0,3.9272,992.4413,978.933,0.3356,-0.3356,1,historical
2017|autumn||2017秋季関東地区大会|QF|慶応|3|国学院栃木|2,2017,autumn,,2017秋季関東地区大会,QF,regional,神奈川,栃木,3,2,1004.6023,1001.1094,0.505924,8.0,3.9526,1008.5549,997.1568,0.3119,-0.3119,1,historical
2017|autumn||2017秋季関東地区大会|QF|中央学院|5|霞ヶ浦|1,2017,autumn,,2017秋季関東地区大会,QF,regional,千葉,茨城,5,1,984.8766,992.4413,0.489115,8.0,4.0871,988.9636,988.3542,0.0,-0.0,0,historical
2017|autumn||2017秋季関東地区大会|QF|明秀日立|7|健大高崎|5,2017,autumn,,2017秋季関東地区大会,QF,regional,茨城,群馬,7,5,988.3542,1013.0805,0.463569,8.0,4.2914,992.6456,1008.7891,-0.3167,0.3167,1,historical
2017|autumn||2017秋季関東地区大会|QF|東海大相模|12|作新学院|1,2017,autumn,,2017秋季関東地区大会,QF,regional,神奈川,栃木,12,1,1008.5549,997.1568,0.519715,8.0,3.8423,1012.3972,993.3145,1.1543,-1.1543,2,historical
2017|autumn||2017秋季関東地区大会|SF|明秀日立|7|慶応|4,2017,autumn,,2017秋季関東地区大会,SF,regional,茨城,神奈川,7,4,992.6456,1012.3972,0.470707,8.0,4.2343,996.88,1008.1628,-0.3132,0.3132,1,historical
2017|autumn||2017秋季関東地区大会|SF|中央学院|3|東海大相模|2,2017,autumn,,2017秋季関東地区大会,SF,regional,千葉,神奈川,3,2,988.9636,1008.1628,0.469166,8.0,4.2467,993.2103,1003.9162,-1.1267,1.1267,2,historical
2017|autumn||2017秋季関東地区大会|F|中央学院|6|明秀日立|5,2017,autumn,,2017秋季関東地区大会,F,regional,千葉,茨城,6,5,993.2103,996.88,0.495699,8.0,4.0344,997.2447,992.8456,0.3406,-0.3406,1,historical
2017|autumn||2017秋季東京地区大会|1R|東海大高輪台|9|明治|7,2017,autumn,,2017秋季東京地区大会,1R,prefecture,東東京,東京,9,7,999.9076,1000.0,0.499867,4.8,2.4006,1002.3082,997.5994,-0.0,0.0,0,historical
2017|autumn||2017秋季東京地区大会|1R|日野|8|東京成徳大高|7,2017,autumn,,2017秋季東京地区大会,1R,prefecture,西東京,東東京,8,7,1005.6932,1002.3082,0.504871,4.8,2.3766,1008.0698,999.9316,-0.0,0.0,0,historical
2017|autumn||2017秋季東京地区大会|1R|関東一|11|専大付|4,2017,autumn,,2017秋季東京地区大会,1R,prefecture,東東京,西東京,11,4,999.9316,1008.0698,0.487721,4.8,2.4589,1002.3905,1005.6108,-0.1981,0.1981,1,historical
2017|autumn||2017秋季東京地区大会|1R|郁文館|8|総合工科|1,2017,autumn,,2017秋季東京地区大会,1R,prefecture,東東京,西東京,8,1,1002.3905,1005.6108,0.495401,4.8,2.4221,1004.8126,1003.1888,0.0123,-0.0123,2,historical
2017|autumn||2017秋季東京地区大会|1R|佼成学園|3|堀越|2,2017,autumn,,2017秋季東京地区大会,1R,prefecture,西東京,東東京,3,2,1003.1888,1004.8126,0.496189,4.8,2.4183,1005.6071,1002.3943,-0.5123,0.5123,3,historical
2017|autumn||2017秋季東京地区大会|1R|共栄学園|5|城西|3,2017,autumn,,2017秋季東京地区大会,1R,prefecture,東東京,徳島,5,3,1002.3943,986.5073,0.522847,4.8,2.2903,1004.6846,984.2169,-0.0,0.0,0,historical
2017|autumn||2017秋季東京地区大会|1R|日大三|7|城東|1,2017,autumn,,2017秋季東京地区大会,1R,prefecture,西東京,東東京,7,1,1005.6071,1004.6846,0.501266,4.8,2.3939,1008.001,1002.2907,-0.0215,0.0215,4,historical
2017|autumn||2017秋季東京地区大会|1R|修徳|6|国学院久我山|1,2017,autumn,,2017秋季東京地区大会,1R,prefecture,東東京,西東京,6,1,1002.2907,1008.001,0.489868,4.8,2.4486,1004.7393,1005.5523,-0.6657,0.6657,5,historical
2017|autumn||2017秋季東京地区大会|1R|明大中野|9|府中工|2,2017,autumn,,2017秋季東京地区大会,1R,prefecture,東東京,西東京,9,2,1004.7393,1005.5523,0.49896,4.8,2.405,1007.1443,1003.1474,0.0453,-0.0453,6,historical
2017|autumn||2017秋季東京地区大会|1R|帝京|9|練馬|1,2017,autumn,,2017秋季東京地区大会,1R,prefecture,東東京,西東京,9,1,1007.1443,1003.1474,0.508316,4.8,2.3601,1009.5044,1000.7873,0.891,-0.891,7,historical
2017|autumn||2017秋季東京地区大会|1R|明大中野八王子|9|日野台|0,2017,autumn,,2017秋季東京地区大会,1R,prefecture,東東京,西東京,9,0,1009.5044,1000.7873,0.517833,4.8,2.3144,1011.8188,998.4729,1.8397,-1.8397,8,historical
2017|autumn||2017秋季東京地区大会|1R|葛飾野|5|工学院大付|3,2017,autumn,,2017秋季東京地区大会,1R,prefecture,東東京,西東京,5,3,1011.8188,998.4729,0.52743,4.8,2.2683,1014.0872,996.2045,2.8669,-2.8669,9,historical
2017|autumn||2017秋季東京地区大会|1R|東京|9|ＩＣＵ|2,2017,autumn,,2017秋季東京地区大会,1R,prefecture,東東京,西東京,9,2,1014.0872,996.2045,0.537046,4.8,2.2222,1016.3093,993.9824,3.9536,-3.9536,10,historical
2017|autumn||2017秋季東京地区大会|1R|早稲田実|10|東京実|0,2017,autumn,,2017秋季東京地区大会,1R,prefecture,西東京,東東京,10,0,993.9824,1016.3093,0.453369,4.8,2.6238,996.6062,1013.6855,-5.085,5.085,11,historical
2017|autumn||2017秋季東京地区大会|1R|桜美林|2|二松学舎大付|1,2017,autumn,,2017秋季東京地区大会,1R,prefecture,西東京,東東京,2,1,996.6062,1013.6855,0.463715,4.8,2.5742,999.1804,1011.1113,-4.0891,4.0891,12,historical
2017|autumn||2017秋季東京地区大会|1R|世田谷学園|3|上野学園|0,2017,autumn,,2017秋季東京地区大会,1R,prefecture,西東京,東東京,3,0,999.1804,1011.1113,0.47415,4.8,2.5241,1001.7044,1008.5873,-3.0238,3.0238,13,historical
2017|autumn||2017秋季東京地区大会|1R|明星|8|紅葉川|0,2017,autumn,,2017秋季東京地区大会,1R,prefecture,西東京,東東京,8,0,1001.7044,1008.5873,0.48462,4.8,2.4738,1004.1783,1006.1134,-1.9037,1.9037,14,historical
2017|autumn||2017秋季東京地区大会|2R|日大三|10|修徳|3,2017,autumn,,2017秋季東京地区大会,2R,prefecture,西東京,東東京,10,3,1004.1783,1006.1134,0.495082,4.8,2.4236,1006.6019,1003.6898,-0.741,0.741,15,historical
2017|autumn||2017秋季東京地区大会|2R|帝京|9|創価|3,2017,autumn,,2017秋季東京地区大会,2R,prefecture,東東京,西東京,9,3,1003.6898,1006.6019,0.494502,4.8,2.4264,1006.1162,1004.1755,-0.4543,0.4543,16,historical
2017|autumn||2017秋季東京地区大会|2R|日本ウェルネス|9|秋留台|1,2017,autumn,,2017秋季東京地区大会,2R,prefecture,東東京,西東京,9,1,1006.1162,1004.1755,0.505021,4.8,2.3759,1008.4921,1001.7996,0.774,-0.774,17,historical
2017|autumn||2017秋季東京地区大会|2R|日大豊山|3|桜美林|1,2017,autumn,,2017秋季東京地区大会,2R,prefecture,東東京,西東京,3,1,1008.4921,1001.7996,0.515445,4.8,2.3259,1010.818,999.4737,2.0217,-2.0217,18,historical
2017|autumn||2017秋季東京地区大会|2R|岩倉|4|八王子|3,2017,autumn,,2017秋季東京地区大会,2R,prefecture,東東京,西東京,4,3,1010.818,999.4737,0.525751,4.8,2.2764,1013.0944,997.1973,3.2825,-3.2825,19,historical
2017|autumn||2017秋季東京地区大会|2R|東大和|5|東京|4,2017,autumn,,2017秋季東京地区大会,2R,prefecture,西東京,東東京,5,4,997.1973,1013.0944,0.464084,4.8,2.5724,999.7697,1010.522,-4.5513,4.5513,20,historical
2017|autumn||2017秋季東京地区大会|2R|佼成学園|2|明大中野八王子|0,2017,autumn,,2017秋季東京地区大会,2R,prefecture,西東京,東東京,2,0,999.7697,1010.522,0.475287,4.8,2.5186,1002.2883,1008.0034,-3.2171,3.2171,21,historical
2017|autumn||2017秋季東京地区大会|2R|錦城学園|7|中大付|0,2017,autumn,,2017秋季東京地区大会,2R,prefecture,東東京,西東京,7,0,1008.0034,1002.2883,0.513611,4.8,2.3347,1010.338,999.9537,1.8727,-1.8727,22,historical
2017|autumn||2017秋季東京地区大会|2R|立正大立正|3|聖パウロ学園|2,2017,autumn,,2017秋季東京地区大会,2R,prefecture,東東京,西東京,3,2,1010.338,999.9537,0.524118,4.8,2.2842,1012.6223,997.6694,3.1938,-3.1938,23,historical
2017|autumn||2017秋季東京地区大会|2R|昭和|3|共栄学園|2,2017,autumn,,2017秋季東京地区大会,2R,prefecture,西東京,東東京,3,2,997.6694,1012.6223,0.465545,4.8,2.5654,1000.2348,1010.0569,-4.5134,4.5134,24,historical
2017|autumn||2017秋季東京地区大会|2R|早稲田実|5|関東一|1,2017,autumn,,2017秋季東京地区大会,2R,prefecture,西東京,東東京,5,1,1000.2348,1010.0569,0.476955,4.8,2.5106,1002.7454,1007.5463,-3.1013,3.1013,25,historical
2017|autumn||2017秋季東京地区大会|3R|東海大高輪台|11|東大和|0,2017,autumn,,2017秋季東京地区大会,3R,prefecture,東東京,西東京,11,0,1007.5463,1002.7454,0.511773,4.8,2.3435,1009.8898,1000.4019,1.6906,-1.6906,26,historical
2017|autumn||2017秋季東京地区大会|3R|佼成学園|7|高島|0,2017,autumn,,2017秋季東京地区大会,3R,prefecture,西東京,東東京,7,0,1000.4019,1009.8898,0.47755,4.8,2.5078,1002.9097,1007.382,-3.0614,3.0614,27,historical
2017|autumn||2017秋季東京地区大会|3R|明星|3|岩倉|2,2017,autumn,,2017秋季東京地区大会,3R,prefecture,西東京,東東京,3,2,1002.9097,1007.382,0.488892,4.8,2.4533,1005.363,1004.9287,-1.6237,1.6237,28,historical
2017|autumn||2017秋季東京地区大会|QF|日大三|12|帝京|5,2017,autumn,,2017秋季東京地区大会,QF,regional,西東京,東東京,12,5,1005.363,1004.9287,0.500066,8.0,3.9995,1009.3625,1000.9292,-0.1941,0.1941,29,historical
2017|autumn||2017秋季東京地区大会|QF|日大豊山|4|明星|2,2017,autumn,,2017秋季東京地区大会,QF,regional,東東京,西東京,4,2,1000.9292,1009.3625,0.481619,8.0,4.1471,1005.0763,1005.2154,-2.1726,2.1726,30,historical
2017|autumn||2017秋季東京地区大会|QF|佼成学園|8|東海大高輪台|2,2017,autumn,,2017秋季東京地区大会,QF,regional,西東京,東東京,8,2,1005.2154,1005.0763,0.499381,8.0,4.005,1009.2204,1001.0713,-0.2848,0.2848,31,historical
2017|autumn||2017秋季東京地区大会|QF|国士舘|4|立正大立正|1,2017,autumn,,2017秋季東京地区大会,QF,regional,西東京,東東京,4,1,1009.2204,1001.0713,0.517811,8.0,3.8575,1013.0779,997.2138,2.1163,-2.1163,32,historical
2017|autumn||2017秋季東京地区大会|SF|日大三|12|日大豊山|2,2017,autumn,,2017秋季東京地区大会,SF,regional,西東京,東東京,12,2,1013.0779,997.2138,0.535601,8.0,3.7152,1016.7931,993.4986,4.4579,-4.4579,33,historical
2017|autumn||2017秋季北信越地区大会|1R|富山商|6|金沢学院|3,2017,autumn,,2017秋季北信越地区大会,1R,regional,富山,石川,6,3,985.1303,1014.4908,0.456962,8.0,4.3443,989.4746,1010.1465,-0.3097,0.3097,1,historical
2017|autumn||2017秋季北信越地区大会|1R|坂井|2|佐久長聖|1,2017,autumn,,2017秋季北信越地区大会,1R,regional,福井,長野,2,1,990.7192,999.7044,0.486151,8.0,4.1108,994.83,995.5937,-0.3201,0.3201,1,historical
2017|autumn||2017秋季北信越地区大会|1R|日本航空石川|4|高岡商|0,2017,autumn,,2017秋季北信越地区大会,1R,regional,石川,富山,4,0,1010.1465,989.4746,0.529444,8.0,3.7644,1013.9109,985.7101,-0.0942,0.0942,2,historical
2017|autumn||2017秋季北信越地区大会|1R|日本文理|6|福井工大福井|4,2017,autumn,,2017秋季北信越地区大会,1R,regional,新潟,福井,6,4,993.0252,994.83,0.496491,8.0,4.0281,997.0532,990.802,-0.3167,0.3167,1,historical
2017|autumn||2017秋季北信越地区大会|1R|北越|5|日本ウェルネス筑北|0,2017,autumn,,2017秋季北信越地区大会,1R,regional,新潟,長野,5,0,997.0532,995.5937,0.502132,8.0,3.9829,1001.0362,991.6107,0.0109,-0.0109,2,historical
2017|autumn||2017秋季北信越地区大会|1R|星稜|1|北陸|0,2017,autumn,,2017秋季北信越地区大会,1R,regional,石川,福井,1,0,1013.9109,990.802,0.533208,8.0,3.7343,1017.6453,987.0676,0.0,-0.0,0,historical
2017|autumn||2017秋季北信越地区大会|1R|松商学園|11|金津|1,2017,autumn,,2017秋季北信越地区大会,1R,regional,長野,福井,11,1,991.6107,987.0676,0.506421,8.0,3.9486,995.5593,983.119,-0.0404,0.0404,2,historical
2017|autumn||2017秋季北信越地区大会|1R|富山国際大付|4|中越|3,2017,autumn,,2017秋季北信越地区大会,1R,regional,富山,新潟,4,3,985.7101,1001.0362,0.477029,8.0,4.1838,989.8939,996.8524,-0.3236,0.3236,1,historical
2017|autumn||2017秋季北信越地区大会|QF|富山商|6|坂井|1,2017,autumn,,2017秋季北信越地区大会,QF,regional,富山,福井,6,1,989.8939,983.119,0.509749,8.0,3.922,993.8159,979.197,0.0,-0.0,0,historical
2017|autumn||2017秋季北信越地区大会|QF|日本航空石川|7|日本文理|1,2017,autumn,,2017秋季北信越地区大会,QF,regional,石川,新潟,7,1,1017.6453,996.8524,0.533083,8.0,3.7353,1021.3806,993.1171,1.1146,-1.1146,2,historical
2017|autumn||2017秋季北信越地区大会|QF|星稜|7|北越|5,2017,autumn,,2017秋季北信越地区大会,QF,regional,石川,新潟,7,5,1021.3806,993.1171,0.547108,8.0,3.6231,1025.0038,989.4939,2.2839,-2.2839,3,historical
2017|autumn||2017秋季北信越地区大会|QF|富山国際大付|2|松商学園|0,2017,autumn,,2017秋季北信越地区大会,QF,regional,富山,長野,2,0,993.8159,995.5593,0.497491,8.0,4.0201,997.836,991.5393,0.0,-0.0,0,historical
2017|autumn||2017秋季北信越地区大会|SF|日本航空石川|7|富山商|2,2017,autumn,,2017秋季北信越地区大会,SF,regional,石川,富山,7,2,1025.0038,997.836,0.540853,8.0,3.6732,1028.6769,994.1628,0.6416,-0.6416,3,historical
2017|autumn||2017秋季北信越地区大会|SF|星稜|7|富山国際大付|0,2017,autumn,,2017秋季北信越地区大会,SF,regional,石川,富山,7,0,1028.6769,994.1628,0.554354,8.0,3.5652,1032.2421,990.5976,1.7024,-1.7024,4,historical
2017|autumn||2017秋季東海地区大会|1R|常葉大橘|2|愛産大三河|1,2017,autumn,,2017秋季東海地区大会,1R,regional,静岡,愛知,2,1,990.4771,996.0341,0.488744,8.0,4.09,994.5672,991.9441,-1.1329,1.1329,2,historical
2017|autumn||2017秋季東海地区大会|1R|いなべ総合|5|岐阜各務野|4,2017,autumn,,2017秋季東海地区大会,1R,regional,三重,岐阜,5,4,992.5911,989.4674,0.503584,8.0,3.9713,996.5624,985.4961,-0.3167,0.3167,1,historical
2017|autumn||2017秋季東海地区大会|1R|常葉大菊川|8|松阪商|4,2017,autumn,,2017秋季東海地区大会,1R,regional,静岡,三重,8,4,994.5672,996.5624,0.496152,8.0,4.0308,998.598,992.5316,-0.3393,0.3393,2,historical
2017|autumn||2017秋季東海地区大会|1R|大垣西|8|中京大中京|7,2017,autumn,,2017秋季東海地区大会,1R,regional,岐阜,愛知,8,7,985.4961,991.9441,0.488561,8.0,4.0915,989.5876,987.8526,-0.7509,0.7509,3,historical
2017|autumn||2017秋季東海地区大会|QF|中京学院大中京|8|常葉大橘|1,2017,autumn,,2017秋季東海地区大会,QF,regional,岐阜,静岡,8,1,989.5876,998.598,0.487036,8.0,4.1037,993.6913,994.4943,0.0,-0.0,0,historical
2017|autumn||2017秋季東海地区大会|QF|静岡|1|いなべ総合|0,2017,autumn,,2017秋季東海地区大会,QF,regional,静岡,三重,1,0,994.4943,992.5316,0.503866,8.0,3.9691,998.4633,988.5625,0.3618,-0.3618,3,historical
2017|autumn||2017秋季東海地区大会|QF|東邦|10|常葉大菊川|6,2017,autumn,,2017秋季東海地区大会,QF,regional,愛知,静岡,10,6,987.8526,998.4633,0.486771,8.0,4.1058,991.9584,994.3575,0.7082,-0.7082,3,historical
2017|autumn||2017秋季東海地区大会|QF|三重|5|大垣西|0,2017,autumn,,2017秋季東海地区大会,QF,regional,三重,岐阜,5,0,988.5625,993.6913,0.492694,8.0,4.0585,992.621,989.6328,0.0257,-0.0257,2,historical
2017|autumn||2017秋季東海地区大会|SF|静岡|7|中京学院大中京|4,2017,autumn,,2017秋季東海地区大会,SF,regional,静岡,岐阜,7,4,994.3575,989.6328,0.505815,8.0,3.9535,998.311,985.6793,-0.342,0.342,1,historical
2017|autumn||2017秋季東海地区大会|SF|東邦|10|三重|9,2017,autumn,,2017秋季東海地区大会,SF,regional,愛知,三重,10,9,991.9584,992.621,0.499046,8.0,4.0076,995.966,988.6134,-0.0,0.0,0,historical
2017|autumn||2017秋季東海地区大会|F|静岡|6|東邦|5,2017,autumn,,2017秋季東海地区大会,F,regional,静岡,愛知,6,5,998.311,995.966,0.497929,8.0,4.0166,1002.3276,991.9494,-1.8921,1.8921,4,historical
2017|autumn||2017秋季近畿地区大会|1R|智弁和歌山|12|履正社|8,2017,autumn,,2017秋季近畿地区大会,1R,regional,和歌山,大阪,12,8,997.2665,1050.4727,0.420299,8.0,4.6376,1001.9041,1045.8351,-1.326,1.326,2,historical
2017|autumn||2017秋季近畿地区大会|1R|法隆寺国際|9|比叡山|0,2017,autumn,,2017秋季近畿地区大会,1R,regional,奈良,滋賀,9,0,1003.9762,999.7783,0.506041,8.0,3.9517,1007.9279,995.8267,0.0,-0.0,0,historical
2017|autumn||2017秋季近畿地区大会|1R|乙訓|8|神港学園|1,2017,autumn,,2017秋季近畿地区大会,1R,regional,京,兵庫,8,1,990.7294,998.1533,0.489318,8.0,4.0855,994.8148,994.0679,0.0,-0.0,0,historical
2017|autumn||2017秋季近畿地区大会|1R|智弁学園|6|西脇工|4,2017,autumn,,2017秋季近畿地区大会,1R,regional,奈良,兵庫,6,4,1007.9279,994.0679,0.521395,8.0,3.8288,1011.7567,990.2391,0.508,-0.508,1,historical
2017|autumn||2017秋季近畿地区大会|1R|近江|10|日高中津|0,2017,autumn,,2017秋季近畿地区大会,1R,regional,滋賀,和歌山,10,0,995.8267,1001.9041,0.491255,8.0,4.07,999.8966,997.8342,-0.0,0.0,0,historical
2017|autumn||2017秋季近畿地区大会|1R|彦根東|4|明石商|3,2017,autumn,,2017秋季近畿地区大会,1R,regional,滋賀,兵庫,4,3,999.8966,990.2391,0.513895,8.0,3.8888,1003.7855,986.3502,-0.0,0.0,0,historical
2017|autumn||2017秋季近畿地区大会|1R|大阪桐蔭|12|京都翔英|0,2017,autumn,,2017秋季近畿地区大会,1R,regional,大阪,京,12,0,1045.8351,994.8148,0.572901,8.0,3.4168,1049.2519,991.398,-0.0,0.0,0,historical
2017|autumn||2017秋季近畿地区大会|1R|近大付|4|高田商|1,2017,autumn,,2017秋季近畿地区大会,1R,regional,大阪,奈良,4,1,1049.2519,1011.7567,0.554652,8.0,3.5628,1052.8147,1008.1939,0.3167,-0.3167,1,historical
2017|autumn||2017秋季近畿地区大会|QF|智弁和歌山|11|法隆寺国際|4,2017,autumn,,2017秋季近畿地区大会,QF,regional,和歌山,奈良,11,4,997.8342,1008.1939,0.485096,8.0,4.1192,1001.9534,1004.0747,0.0,-0.0,0,historical
2017|autumn||2017秋季近畿地区大会|QF|乙訓|9|智弁学園|4,2017,autumn,,2017秋季近畿地区大会,QF,regional,京,奈良,9,4,991.398,1004.0747,0.481765,8.0,4.1459,995.5439,999.9288,0.0,-0.0,0,historical
2017|autumn||2017秋季近畿地区大会|SF|智弁和歌山|5|乙訓|4,2017,autumn,,2017秋季近畿地区大会,SF,regional,和歌山,京,5,4,1001.9534,995.5439,0.509223,8.0,3.9262,1005.8796,991.6177,-0.0,0.0,0,historical
2017|autumn||2017秋季近畿地区大会|SF|大阪桐蔭|5|近江|0,2017,autumn,,2017秋季近畿地区大会,SF,regional,大阪,滋賀,5,0,1052.8147,1003.7855,0.570968,8.0,3.4323,1056.247,1000.3532,0.3099,-0.3099,1,historical
2017|autumn||2017秋季近畿地区大会|F|大阪桐蔭|1|智弁和歌山|0,2017,autumn,,2017秋季近畿地区大会,F,regional,大阪,和歌山,1,0,1056.247,1005.8796,0.574402,8.0,3.4048,1059.6517,1002.4748,0.8596,-0.8596,3,historical
2017|autumn||2017秋季中国地区大会|1R|尾道|5|鳥取城北|4,2017,autumn,,2017秋季中国地区大会,1R,regional,広島,鳥取,5,4,1027.7214,1005.9032,0.53045,8.0,3.7564,1031.4778,1002.1468,-0.3167,0.3167,1,historical
2017|autumn||2017秋季中国地区大会|1R|高川学園|3|岡山学芸館|1,2017,autumn,,2017秋季中国地区大会,1R,regional,山口,岡山,3,1,989.6971,989.3798,0.500457,8.0,3.9963,993.6935,985.3835,0.0,-0.0,0,historical
2017|autumn||2017秋季中国地区大会|1R|盈進|5|倉敷商|3,2017,autumn,,2017秋季中国地区大会,1R,regional,広島,岡山,5,3,1031.4778,985.3835,0.565949,8.0,3.4724,1034.9502,981.911,-0.0,0.0,0,historical
2017|autumn||2017秋季中国地区大会|1R|おかやま山陽|7|石見智翠館|3,2017,autumn,,2017秋季中国地区大会,1R,regional,岡山,島根,7,3,981.911,979.5237,0.504327,8.0,3.9654,985.8764,975.5583,0.3098,-0.3098,1,historical
2017|autumn||2017秋季中国地区大会|1R|下関国際|4|益田東|1,2017,autumn,,2017秋季中国地区大会,1R,regional,山口,島根,4,1,993.6935,975.5583,0.526984,8.0,3.7841,997.4776,971.7742,0.3167,-0.3167,1,historical
2017|autumn||2017秋季中国地区大会|1R|鳥取商|11|広島国際学院|7,2017,autumn,,2017秋季中国地区大会,1R,regional,鳥取,広島,11,7,1002.1468,1034.9502,0.452951,8.0,4.3764,1006.5231,1030.5739,0.0067,-0.0067,2,historical
2017|autumn||2017秋季中国地区大会|1R|開星|3|下関西|1,2017,autumn,,2017秋季中国地区大会,1R,regional,島根,山口,3,1,971.7742,997.4776,0.459822,8.0,4.3214,976.0956,993.1562,-1.1376,1.1376,2,historical
2017|autumn||2017秋季中国地区大会|1R|瀬戸内|23|米子松蔭|3,2017,autumn,,2017秋季中国地区大会,1R,regional,広島,鳥取,23,3,1030.5739,1006.5231,0.531965,8.0,3.7443,1034.3181,1002.7789,-0.9043,0.9043,3,historical
2017|autumn||2017秋季中国地区大会|QF|おかやま山陽|7|高川学園|0,2017,autumn,,2017秋季中国地区大会,QF,regional,岡山,山口,7,0,985.8764,993.1562,0.488567,8.0,4.0915,989.9679,989.0647,-0.333,0.333,1,historical
2017|autumn||2017秋季中国地区大会|QF|下関国際|10|開星|0,2017,autumn,,2017秋季中国地区大会,QF,regional,山口,島根,10,0,989.0647,976.0956,0.520573,8.0,3.8354,992.9001,972.2602,0.6674,-0.6674,3,historical
2017|autumn||2017秋季中国地区大会|QF|瀬戸内|10|鳥取商|1,2017,autumn,,2017秋季中国地区大会,QF,regional,広島,鳥取,10,1,1034.3181,1002.7789,0.544781,8.0,3.6417,1037.9599,999.1371,-0.1692,0.1692,4,historical
2017|autumn||2017秋季中国地区大会|SF|下関国際|7|尾道|0,2017,autumn,,2017秋季中国地区大会,SF,regional,山口,広島,7,0,992.9001,1037.9599,0.434619,8.0,4.523,997.4232,1033.4368,-0.3167,0.3167,1,historical
2017|autumn||2017秋季中国地区大会|SF|おかやま山陽|7|瀬戸内|4,2017,autumn,,2017秋季中国地区大会,SF,regional,岡山,広島,7,4,989.9679,1033.4368,0.436948,8.0,4.5044,994.4723,1028.9324,-0.2894,0.2894,1,historical
2017|autumn||2017秋季中国地区大会|F|おかやま山陽|12|下関国際|11,2017,autumn,,2017秋季中国地区大会,F,regional,岡山,山口,12,11,994.4723,997.4232,0.495794,8.0,4.0336,998.506,993.3895,0.0143,-0.0143,2,historical
2017|autumn||2017秋季四国地区大会|1R|生光学園|6|小松|4,2017,autumn,,2017秋季四国地区大会,1R,regional,徳島,石川,6,4,984.2169,1032.2421,0.431323,8.0,4.5494,988.7663,1027.6927,0.0,-0.0,0,historical
2017|autumn||2017秋季四国地区大会|1R|高知|2|鳴門渦潮|0,2017,autumn,,2017秋季四国地区大会,1R,regional,高知,徳島,2,0,1005.2211,988.7663,0.524572,8.0,3.8034,1009.0245,984.9629,0.3167,-0.3167,1,historical
2017|autumn||2017秋季四国地区大会|1R|大手前高松|3|高知追手前|2,2017,autumn,,2017秋季四国地区大会,1R,regional,香川,高知,3,2,1002.3449,1009.0245,0.491319,8.0,4.0694,1006.4143,1004.955,0.3236,-0.3236,1,historical
2017|autumn||2017秋季四国地区大会|1R|高松商|7|西条|3,2017,autumn,,2017秋季四国地区大会,1R,regional,香川,愛媛,7,3,1006.4143,1004.5291,0.49947,8.0,4.0042,1010.4185,1000.5249,-1.1268,1.1268,2,historical
2017|autumn||2017秋季四国地区大会|QF|明徳義塾|13|生光学園|0,2017,autumn,,2017秋季四国地区大会,QF,regional,高知,徳島,13,0,1004.955,984.9629,0.53201,8.0,3.7439,1008.699,981.219,1.1405,-1.1405,2,historical
2017|autumn||2017秋季四国地区大会|QF|英明|8|高知|7,2017,autumn,,2017秋季四国地区大会,QF,regional,香川,高知,8,7,1010.4185,1008.699,0.505908,8.0,3.9527,1014.3713,1004.7462,1.1929,-1.1929,2,historical
2017|autumn||2017秋季四国地区大会|QF|松山聖陵|8|大手前高松|6,2017,autumn,,2017秋季四国地区大会,QF,regional,愛媛,香川,8,6,1000.5249,1014.3713,0.482146,8.0,4.1428,1004.6677,1010.2284,0.7175,-0.7175,3,historical
2017|autumn||2017秋季四国地区大会|QF|高松商|9|鳴門|5,2017,autumn,,2017秋季四国地区大会,QF,regional,香川,徳島,9,5,1010.2284,981.219,0.541651,8.0,3.6668,1013.8952,977.5522,-0.0,0.0,0,historical
2017|autumn||2017秋季四国地区大会|SF|明徳義塾|3|松山聖陵|1,2017,autumn,,2017秋季四国地区大会,SF,regional,高知,愛媛,3,1,1004.7462,1004.6677,0.503461,8.0,3.9723,1008.7185,1000.6954,1.1632,-1.1632,2,historical
2017|autumn||2017秋季四国地区大会|F|明徳義塾|2|英明|1,2017,autumn,,2017秋季四国地区大会,F,regional,高知,香川,2,1,1008.7185,1013.8952,0.485545,8.0,4.1156,1012.8342,1009.7796,-2.4352,2.4352,3,historical
2017|autumn||2017秋季九州地区大会|1R|都城東|3|九州学院|2,2017,autumn,,2017秋季九州地区大会,1R,regional,宮崎,熊本,3,2,996.4038,1002.2063,0.49165,8.0,4.0668,1000.4706,998.1395,0.0,-0.0,0,historical
2017|autumn||2017秋季九州地区大会|1R|興南|2|宮崎日大|1,2017,autumn,,2017秋季九州地区大会,1R,regional,沖縄,宮崎,2,1,997.5249,1000.4706,0.495761,8.0,4.0339,1001.5588,996.4367,-0.0,0.0,0,historical
2017|autumn||2017秋季九州地区大会|2R|延岡学園|5|筑陽学園|2,2017,autumn,,2017秋季九州地区大会,2R,regional,宮崎,福岡,5,2,996.4367,990.7541,0.508177,8.0,3.9346,1000.3713,986.8195,0.0,-0.0,0,historical
2017|autumn||2017秋季九州地区大会|2R|沖縄尚学|8|伊万里|0,2017,autumn,,2017秋季九州地区大会,2R,regional,沖縄,佐賀,8,0,1001.5588,990.1406,0.516426,8.0,3.8686,1005.4274,986.272,-0.0,0.0,0,historical
2017|autumn||2017秋季九州地区大会|2R|神村学園|12|鶴崎工|0,2017,autumn,,2017秋季九州地区大会,2R,regional,鹿児島,大分,12,0,1024.8556,1002.5617,0.530491,8.0,3.7561,1028.6117,998.8056,-0.5401,0.5401,1,historical
2017|autumn||2017秋季九州地区大会|2R|創成館|8|都城東|1,2017,autumn,,2017秋季九州地区大会,2R,regional,長崎,宮崎,8,1,990.2837,1000.3713,0.485487,8.0,4.1161,994.3998,996.2552,-0.0,0.0,0,historical
2017|autumn||2017秋季九州地区大会|2R|明豊|10|鹿児島実|1,2017,autumn,,2017秋季九州地区大会,2R,regional,大分,鹿児島,10,1,998.8056,1028.6117,0.458379,8.0,4.333,1003.1386,1024.2787,0.4088,-0.4088,2,historical
2017|autumn||2017秋季九州地区大会|2R|長崎商|5|佐賀学園|0,2017,autumn,,2017秋季九州地区大会,2R,regional,長崎,佐賀,5,0,994.3998,986.272,0.511695,8.0,3.9064,998.3062,982.3656,-0.0,0.0,0,historical
2017|autumn||2017秋季九州地区大会|2R|富島|4|文徳|1,2017,autumn,,2017秋季九州地区大会,2R,regional,宮崎,熊本,4,1,996.2552,998.1395,0.498264,8.0,4.0139,1000.2691,994.1256,0.3389,-0.3389,1,historical
2017|autumn||2017秋季九州地区大会|2R|東筑|4|興南|1,2017,autumn,,2017秋季九州地区大会,2R,regional,福岡,沖縄,4,1,986.8195,1005.4274,0.47003,8.0,4.2398,991.0593,1001.1876,-1.1212,1.1212,2,historical
2017|autumn||2017秋季九州地区大会|QF|創成館|8|沖縄尚学|3,2017,autumn,,2017秋季九州地区大会,QF,regional,長崎,沖縄,8,3,998.3062,1001.1876,0.494942,8.0,4.0405,1002.3467,997.1472,-0.3166,0.3166,1,historical
2017|autumn||2017秋季九州地区大会|QF|延岡学園|10|明豊|6,2017,autumn,,2017秋季九州地区大会,QF,regional,宮崎,大分,10,6,1000.2691,1003.1386,0.495871,8.0,4.033,1004.3021,999.1056,-0.0,0.0,0,historical
2017|autumn||2017秋季九州地区大会|QF|富島|9|長崎商|2,2017,autumn,,2017秋季九州地区大会,QF,regional,宮崎,長崎,9,2,1004.3021,1002.3467,0.501827,8.0,3.9854,1008.2875,998.3613,-0.343,0.343,1,historical
2017|autumn||2017秋季九州地区大会|QF|東筑|2|神村学園|0,2017,autumn,,2017秋季九州地区大会,QF,regional,福岡,鹿児島,2,0,991.0593,1024.2787,0.44918,8.0,4.4066,995.4658,1019.8721,-1.1083,1.1083,2,historical
2017|autumn||2017秋季九州地区大会|SF|創成館|2|延岡学園|0,2017,autumn,,2017秋季九州地区大会,SF,regional,長崎,宮崎,2,0,998.3613,1008.2875,0.485775,8.0,4.1138,1002.4751,1004.1737,0.0196,-0.0196,2,historical
2017|autumn||2017秋季九州地区大会|SF|富島|6|東筑|5,2017,autumn,,2017秋季九州地区大会,SF,regional,宮崎,福岡,6,5,1004.1737,995.4658,0.513472,8.0,3.8922,1008.0659,991.5736,0.3279,-0.3279,1,historical
2017|autumn||2017秋季九州地区大会|F|創成館|7|富島|4,2017,autumn,,2017秋季九州地区大会,F,regional,長崎,宮崎,7,4,1002.4751,1008.0659,0.494453,8.0,4.0444,1006.5195,1004.0215,0.8682,-0.8682,3,historical
2017|jingu||2017明治神宮大会|1R|創成館|5|おかやま山陽|1,2017,jingu,,2017明治神宮大会,1R,national,長崎,岡山,5,1,1006.5195,998.506,0.51153,9.2,4.4939,1011.0134,994.012,-0.0,0.0,0,historical
2017|jingu||2017明治神宮大会|1R|日本航空石川|7|日大三|6,2017,jingu,,2017明治神宮大会,1R,prefecture,石川,西東京,7,6,1027.6927,1016.7931,0.515681,4.8,2.3247,1030.0174,1014.4684,0.0,-0.0,0,historical
2017|jingu||2017明治神宮大会|QF|大阪桐蔭|4|駒大苫小牧|2,2017,jingu,,2017明治神宮大会,QF,national,大阪,南北海道,4,2,1059.6517,1006.4988,0.575902,9.2,3.9017,1063.5534,1002.5971,-0.0,0.0,0,historical
2017|jingu||2017明治神宮大会|QF|明徳義塾|5|中央学院|3,2017,jingu,,2017明治神宮大会,QF,national,高知,千葉,5,3,1012.8342,997.2447,0.52242,9.2,4.3937,1017.2279,992.851,-0.0,0.0,0,historical
2017|jingu||2017明治神宮大会|QF|創成館|6|聖光学院|4,2017,jingu,,2017明治神宮大会,QF,national,長崎,福島,6,4,1011.0134,1017.0817,0.491268,9.2,4.6803,1015.6937,1012.4014,-0.0,0.0,0,historical
2017|jingu||2017明治神宮大会|QF|静岡|6|日本航空石川|4,2017,jingu,,2017明治神宮大会,QF,national,静岡,石川,6,4,1002.3276,1030.0174,0.460235,9.2,4.9658,1007.2934,1025.0516,-0.0,0.0,0,historical
2017|jingu||2017明治神宮大会|SF|創成館|7|大阪桐蔭|4,2017,jingu,,2017明治神宮大会,SF,national,長崎,大阪,7,4,1015.6937,1063.5534,0.431557,9.2,5.2297,1020.9234,1058.3238,-0.0,0.0,0,historical
2017|jingu||2017明治神宮大会|SF|明徳義塾|5|静岡|3,2017,jingu,,2017明治神宮大会,SF,national,高知,静岡,5,3,1017.2279,1007.2934,0.514293,9.2,4.4685,1021.6964,1002.8249,-0.0,0.0,0,historical
2017|jingu||2017明治神宮大会|F|明徳義塾|4|創成館|0,2017,jingu,,2017明治神宮大会,F,national,高知,長崎,4,0,1021.6964,1020.9234,0.501112,9.2,4.5898,1026.2862,1016.3336,-0.0,0.0,0,historical
2018|spring||2018春季北海道地区大会|1R|札幌日大|9|富良野|6,2018,spring,,2018春季北海道地区大会,1R,regional,南北海道,北北海道,9,6,1002.5971,983.5911,0.547851,7.6,3.4363,1006.0334,980.1547,7.1733,-7.1733,18,historical
2018|spring||2018春季北海道地区大会|1R|北海|11|釧路明輝|0,2018,spring,,2018春季北海道地区大会,1R,regional,南北海道,北北海道,11,0,1006.0334,980.1547,0.56311,7.6,3.3204,1009.3538,976.8344,9.105,-9.105,19,historical
2018|spring||2018春季北海道地区大会|1R|クラーク国際|5|駒大苫小牧|3,2018,spring,,2018春季北海道地区大会,1R,regional,北北海道,南北海道,5,3,976.8344,1009.3538,0.42212,7.6,4.3919,981.2263,1004.9619,-11.0207,11.0207,20,historical
2018|spring||2018春季北海道地区大会|1R|旭川実|11|札幌国際情報|2,2018,spring,,2018春季北海道地区大会,1R,regional,北北海道,南北海道,11,2,981.2263,1004.9619,0.440828,7.6,4.2497,985.476,1000.7122,-8.7875,8.7875,21,historical
2018|spring||2018春季北海道地区大会|1R|札幌第一|12|白樺学園|8,2018,spring,,2018春季北海道地区大会,1R,regional,南北海道,北北海道,12,8,1000.7122,985.476,0.540722,7.6,3.4905,1004.2027,981.9855,6.5617,-6.5617,22,historical
2018|spring||2018春季北海道地区大会|QF|北照|2|クラーク国際|0,2018,spring,,2018春季北海道地区大会,QF,regional,南北海道,北北海道,2,0,1004.2027,981.9855,0.55643,7.6,3.3711,1007.5738,978.6143,8.581,-8.581,23,historical
2018|spring||2018春季北海道地区大会|QF|札幌第一|10|旭川実|8,2018,spring,,2018春季北海道地区大会,QF,regional,南北海道,北北海道,10,8,1007.5738,978.6143,0.571605,7.6,3.2558,1010.8296,975.3585,10.5705,-10.5705,24,historical
2018|spring||2018春季北海道地区大会|QF|大谷室蘭|6|士別翔雲|3,2018,spring,,2018春季北海道地区大会,QF,regional,南北海道,北北海道,6,3,1010.8296,975.3585,0.586233,7.6,3.1446,1013.9743,972.2139,12.5272,-12.5272,25,historical
2018|spring||2018春季東北地区大会|1R|弘前工|6|利府|5,2018,spring,,2018春季東北地区大会,1R,regional,青森,宮城,6,5,998.7724,1013.6661,0.469242,7.6,4.0338,1002.8062,1009.6323,-3.2531,3.2531,5,historical
2018|spring||2018春季東北地区大会|1R|明桜|8|磐城|1,2018,spring,,2018春季東北地区大会,1R,regional,秋田,福島,8,1,987.0354,1012.4014,0.462657,7.6,4.0838,991.1192,1008.3175,-0.3156,0.3156,1,historical
2018|spring||2018春季東北地区大会|2R|弘前東|8|古川学園|1,2018,spring,,2018春季東北地区大会,2R,regional,青森,宮城,8,1,1002.8062,1009.6323,0.483481,7.6,3.9255,1006.7317,1005.7068,-2.3283,2.3283,6,historical
2018|spring||2018春季東北地区大会|2R|山形城北|5|花巻東|3,2018,spring,,2018春季東北地区大会,2R,regional,山形,岩手,5,3,995.3467,1005.8867,0.481438,7.6,3.9411,999.2877,1001.9456,-1.1819,1.1819,2,historical
2018|spring||2018春季東北地区大会|2R|八戸学院光星|7|盛岡中央|4,2018,spring,,2018春季東北地区大会,2R,regional,青森,岩手,7,4,1006.7317,1001.9456,0.510209,7.6,3.7224,1010.4541,998.2232,1.1544,-1.1544,2,historical
2018|spring||2018春季東北地区大会|2R|聖光学院|6|弘前工|4,2018,spring,,2018春季東北地区大会,2R,regional,福島,青森,6,4,1008.3175,1010.4541,0.496004,7.6,3.8304,1012.1479,1006.6238,-0.32,0.32,1,historical
2018|spring||2018春季東北地区大会|2R|福島商|8|山形中央|4,2018,spring,,2018春季東北地区大会,2R,regional,福島,山形,8,4,1012.1479,999.2877,0.515802,7.6,3.6799,1015.8278,995.6078,-0.9381,0.9381,3,historical
2018|spring||2018春季東北地区大会|2R|羽黒|2|由利工|1,2018,spring,,2018春季東北地区大会,2R,regional,山形,秋田,2,1,995.6078,991.1192,0.509719,7.6,3.7261,999.334,987.3931,1.1327,-1.1327,2,historical
2018|spring||2018春季東北地区大会|2R|東北|8|明桜|6,2018,spring,,2018春季東北地区大会,2R,regional,宮城,秋田,8,6,1005.7068,987.3931,0.526331,7.6,3.5999,1009.3067,983.7932,0.0,-0.0,0,historical
2018|spring||2018春季東北地区大会|2R|金足農|4|専大北上|1,2018,spring,,2018春季東北地区大会,2R,regional,秋田,岩手,4,1,983.7932,998.2232,0.477108,7.6,3.974,987.7672,994.2492,-0.7441,0.7441,3,historical
2018|spring||2018春季東北地区大会|QF|聖光学院|4|羽黒|1,2018,spring,,2018春季東北地区大会,QF,regional,福島,山形,4,1,1015.8278,999.334,0.523068,7.6,3.6247,1019.4525,995.7093,-0.2266,0.2266,4,historical
2018|spring||2018春季東北地区大会|QF|八戸学院光星|16|福島商|1,2018,spring,,2018春季東北地区大会,QF,regional,青森,福島,16,1,1006.6238,1019.4525,0.481551,7.6,3.9402,1010.564,1015.5123,0.0015,-0.0015,2,historical
2018|spring||2018春季東北地区大会|QF|弘前東|14|山形城北|4,2018,spring,,2018春季東北地区大会,QF,regional,青森,山形,14,4,1010.564,995.7093,0.521365,7.6,3.6376,1014.2016,992.0716,-0.0,0.0,0,historical
2018|spring||2018春季東北地区大会|QF|東北|3|金足農|0,2018,spring,,2018春季東北地区大会,QF,regional,宮城,秋田,3,0,1009.3067,987.7672,0.531818,7.6,3.5582,1012.8649,984.209,0.3,-0.3,1,historical
2018|spring||2018春季東北地区大会|SF|聖光学院|10|弘前東|4,2018,spring,,2018春季東北地区大会,SF,regional,福島,青森,10,4,1015.5123,1014.2016,0.499561,7.6,3.8033,1019.3156,1010.3983,-0.808,0.808,3,historical
2018|spring||2018春季東北地区大会|SF|東北|9|八戸学院光星|6,2018,spring,,2018春季東北地区大会,SF,regional,宮城,青森,9,6,1012.8649,1010.3983,0.506892,7.6,3.7476,1016.6125,1006.6507,1.1614,-1.1614,7,historical
2018|spring||2018春季東北地区大会|F|聖光学院|2|東北|1,2018,spring,,2018春季東北地区大会,F,regional,福島,宮城,2,1,1019.3156,1016.6125,0.506595,7.6,3.7499,1023.0655,1012.8626,0.94,-0.94,3,historical
2018|spring||2018春季関東地区大会|1R|花咲徳栄|14|専大松戸|9,2018,spring,,2018春季関東地区大会,1R,regional,埼玉,千葉,14,9,1033.9031,992.851,0.557701,7.6,3.3615,1037.2646,989.4895,-0.3888,0.3888,1,historical
2018|spring||2018春季関東地区大会|1R|日大三|5|桐光学園|3,2018,spring,,2018春季関東地区大会,1R,prefecture,西東京,神奈川,5,3,1014.4684,1003.9162,0.515181,4.56,2.2108,1016.6791,1001.7054,-0.0,0.0,0,historical
2018|spring||2018春季関東地区大会|1R|千葉黎明|4|青藍泰斗|3,2018,spring,,2018春季関東地区大会,1R,regional,千葉,栃木,4,3,989.4895,993.3145,0.494496,7.6,3.8418,993.3313,989.4727,0.0,-0.0,0,historical
2018|spring||2018春季関東地区大会|2R|木更津総合|10|国士舘|2,2018,spring,,2018春季関東地区大会,2R,prefecture,千葉,西東京,10,2,993.3313,1016.6791,0.465912,4.56,2.4354,995.7668,1014.2437,-0.1879,0.1879,1,historical
2018|spring||2018春季関東地区大会|2R|東海大相模|8|花咲徳栄|7,2018,spring,,2018春季関東地区大会,2R,regional,神奈川,埼玉,8,7,1001.7054,1037.2646,0.445711,7.6,4.2126,1005.918,1033.052,-1.1569,1.1569,2,historical
2018|spring||2018春季関東地区大会|2R|常総学院|7|関東学園大付|2,2018,spring,,2018春季関東地区大会,2R,regional,茨城,群馬,7,2,992.8456,1008.7891,0.477283,7.6,3.9726,996.8182,1004.8164,0.0737,-0.0737,2,historical
2018|spring||2018春季関東地区大会|2R|横浜|6|明秀日立|1,2018,spring,,2018春季関東地区大会,2R,regional,神奈川,茨城,6,1,1005.918,996.8182,0.512887,7.6,3.7021,1009.62,993.1162,-0.0714,0.0714,2,historical
2018|spring||2018春季関東地区大会|2R|習志野|7|作新学院|2,2018,spring,,2018春季関東地区大会,2R,regional,千葉,栃木,7,2,995.7668,989.4727,0.509978,7.6,3.7242,999.491,985.7485,0.3202,-0.3202,1,historical
2018|spring||2018春季関東地区大会|2R|健大高崎|8|東海大甲府|2,2018,spring,,2018春季関東地区大会,2R,regional,群馬,山梨,8,2,1004.8164,978.933,0.544848,7.6,3.4592,1008.2756,975.4738,2.682,-2.682,3,historical
2018|spring||2018春季関東地区大会|2R|日大三|8|山梨学院|5,2018,spring,,2018春季関東地区大会,2R,prefecture,西東京,山梨,8,5,1014.2437,975.4738,0.555564,4.56,2.0266,1016.2703,973.4472,-0.0,0.0,0,historical
2018|spring||2018春季関東地区大会|2R|浦和学院|5|千葉黎明|2,2018,spring,,2018春季関東地区大会,2R,regional,埼玉,千葉,5,2,1033.052,999.491,0.547591,7.6,3.4383,1036.4903,996.0526,-0.1956,0.1956,2,historical
2018|spring||2018春季関東地区大会|QF|常総学院|7|東海大相模|3,2018,spring,,2018春季関東地区大会,QF,regional,茨城,神奈川,7,3,993.1162,1009.62,0.474372,7.6,3.9948,997.1109,1005.6253,-0.6599,0.6599,3,historical
2018|spring||2018春季関東地区大会|QF|日大三|9|習志野|2,2018,spring,,2018春季関東地区大会,QF,prefecture,西東京,千葉,9,2,1016.2703,996.0526,0.528985,4.56,2.1478,1018.4181,993.9048,-0.027,0.027,2,historical
2018|spring||2018春季関東地区大会|QF|木更津総合|13|横浜|5,2018,spring,,2018春季関東地区大会,QF,regional,千葉,神奈川,13,5,993.9048,1005.6253,0.48122,7.6,3.9427,997.8475,1001.6825,-0.6678,0.6678,3,historical
2018|spring||2018春季関東地区大会|QF|健大高崎|7|浦和学院|6,2018,spring,,2018春季関東地区大会,QF,regional,群馬,埼玉,7,6,1008.2756,1036.4903,0.455282,7.6,4.1399,1012.4154,1032.3504,-1.4708,1.4708,2,historical
2018|spring||2018春季関東地区大会|SF|日大三|9|常総学院|8,2018,spring,,2018春季関東地区大会,SF,prefecture,西東京,茨城,9,8,1018.4181,997.1109,0.531155,4.56,2.1379,1020.5561,994.973,0.1847,-0.1847,1,historical
2018|spring||2018春季関東地区大会|SF|健大高崎|9|木更津総合|8,2018,spring,,2018春季関東地区大会,SF,regional,群馬,千葉,9,8,1012.4154,997.8475,0.520953,7.6,3.6408,1016.0562,994.2068,-0.0,0.0,0,historical
2018|spring||2018春季関東地区大会|F|健大高崎|15|日大三|10,2018,spring,,2018春季関東地区大会,F,prefecture,群馬,西東京,15,10,1016.0562,1020.5561,0.493524,4.56,2.3095,1018.3657,1018.2466,0.0,-0.0,0,historical
2018|spring||2018春季北信越地区大会|1R|関根学園|5|福井商|2,2018,spring,,2018春季北信越地区大会,1R,regional,新潟,福井,5,2,989.4939,979.197,0.514913,7.6,3.6867,993.1806,975.5103,0.0342,-0.0342,2,historical
2018|spring||2018春季北信越地区大会|1R|金沢|1|上田西|0,2018,spring,,2018春季北信越地区大会,1R,regional,神奈川,長野,1,0,1001.6825,991.5393,0.515485,7.6,3.6823,1005.3649,987.8569,0.31,-0.31,1,historical
2018|spring||2018春季北信越地区大会|1R|日本航空石川|5|富山商|2,2018,spring,,2018春季北信越地区大会,1R,regional,石川,富山,5,2,1025.0516,990.5976,0.557936,7.6,3.3597,1028.4113,987.2379,2.9928,-2.9928,5,historical
2018|spring||2018春季北信越地区大会|1R|日本文理|7|金沢学院|1,2018,spring,,2018春季北信越地区大会,1R,regional,新潟,石川,7,1,993.1806,1028.4113,0.438963,7.6,4.2639,997.4445,1024.1474,-3.6972,3.6972,4,historical
2018|spring||2018春季北信越地区大会|QF|日本文理|3|坂井|2,2018,spring,,2018春季北信越地区大会,QF,regional,新潟,福井,3,2,997.4445,975.5103,0.533819,7.6,3.543,1000.9875,971.9673,0.8007,-0.8007,3,historical
2018|spring||2018春季北信越地区大会|QF|高岡商|14|金沢|6,2018,spring,,2018春季北信越地区大会,QF,regional,富山,神奈川,14,6,987.2379,1005.3649,0.473937,7.6,3.9981,991.236,1001.3668,0.0,-0.0,0,historical
2018|spring||2018春季北信越地区大会|QF|星稜|7|関根学園|0,2018,spring,,2018春季北信越地区大会,QF,regional,石川,新潟,7,0,1024.1474,1000.9875,0.541969,7.6,3.481,1027.6284,997.5064,3.0361,-3.0361,5,historical
2018|spring||2018春季北信越地区大会|QF|佐久長聖|3|日本航空石川|2,2018,spring,,2018春季北信越地区大会,QF,regional,長野,石川,3,2,987.8569,1027.6284,0.443013,7.6,4.2331,992.09,1023.3953,-0.0,0.0,0,historical
2018|spring||2018春季北信越地区大会|SF|星稜|10|高岡商|5,2018,spring,,2018春季北信越地区大会,SF,regional,石川,富山,10,5,1023.3953,991.236,0.558715,7.6,3.3538,1026.7491,987.8822,4.4147,-4.4147,6,historical
2018|spring||2018春季北信越地区大会|SF|佐久長聖|7|日本文理|6,2018,spring,,2018春季北信越地区大会,SF,regional,長野,新潟,7,6,992.09,997.5064,0.489819,7.6,3.8774,995.9674,993.6291,-0.8295,0.8295,3,historical
2018|spring||2018春季北信越地区大会|F|星稜|9|佐久長聖|5,2018,spring,,2018春季北信越地区大会,F,regional,石川,長野,9,5,1026.7491,995.9674,0.543175,7.6,3.4719,1030.2209,992.4956,-0.3528,0.3528,1,historical
2018|spring||2018春季東海地区大会|QF|東邦|11|津田学園|4,2018,spring,,2018春季東海地区大会,QF,regional,愛知,三重,11,4,991.9494,988.6134,0.505762,7.6,3.7562,995.7057,984.8572,0.334,-0.334,1,historical
2018|spring||2018春季東海地区大会|QF|静岡|3|帝京大可児|0,2018,spring,,2018春季東海地区大会,QF,regional,静岡,岐阜,3,0,1002.8249,985.6793,0.52459,7.6,3.6131,1006.438,982.0662,-0.0225,0.0225,2,historical
2018|spring||2018春季東海地区大会|QF|東海大静岡翔洋|6|誉|5,2018,spring,,2018春季東海地区大会,QF,regional,静岡,愛知,6,5,1006.438,995.7057,0.512494,7.6,3.705,1010.143,992.0006,-1.0245,1.0245,5,historical
2018|spring||2018春季東海地区大会|QF|いなべ総合|3|中京学院大中京|2,2018,spring,,2018春季東海地区大会,QF,regional,三重,岐阜,3,2,984.8572,982.0662,0.506506,7.6,3.7506,988.6077,978.3157,0.8652,-0.8652,3,historical
2018|spring||2018春季東海地区大会|SF|東邦|9|静岡|7,2018,spring,,2018春季東海地区大会,SF,regional,愛知,静岡,9,7,992.0006,1010.143,0.473773,7.6,3.9993,995.9999,1006.1437,-0.0493,0.0493,6,historical
2018|spring||2018春季東海地区大会|SF|いなべ総合|13|東海大静岡翔洋|6,2018,spring,,2018春季東海地区大会,SF,regional,三重,静岡,13,6,988.6077,1006.1437,0.470669,7.6,4.0229,992.6306,1002.1208,-1.4344,1.4344,4,historical
2018|spring||2018春季東海地区大会|F|東邦|2|いなべ総合|0,2018,spring,,2018春季東海地区大会,F,regional,愛知,三重,2,0,995.9999,992.6306,0.5082,7.6,3.7377,999.7376,988.8929,1.1646,-1.1646,2,historical
2018|spring||2018春季近畿地区大会|QF|大阪桐蔭|7|明石商|6,2018,spring,,2018春季近畿地区大会,QF,regional,大阪,兵庫,7,6,1058.3238,986.3502,0.605378,7.6,2.9991,1061.3229,983.3511,1.1823,-1.1823,2,historical
2018|spring||2018春季近畿地区大会|QF|智弁学園|7|市尼崎|0,2018,spring,,2018春季近畿地区大会,QF,regional,奈良,兵庫,7,0,999.9288,983.3511,0.528113,7.6,3.5863,1003.5152,979.7647,1.4888,-1.4888,2,historical
2018|spring||2018春季近畿地区大会|QF|智弁和歌山|9|比叡山|0,2018,spring,,2018春季近畿地区大会,QF,regional,和歌山,滋賀,9,0,1002.4748,1000.3532,0.502077,7.6,3.7842,1006.259,996.569,-0.3392,0.3392,1,historical
2018|spring||2018春季近畿地区大会|QF|滝川二|3|乙訓|1,2018,spring,,2018春季近畿地区大会,QF,regional,兵庫,京,3,1,979.7647,991.6177,0.48197,7.6,3.937,983.7018,987.6807,-0.3405,0.3405,1,historical
2018|spring||2018春季近畿地区大会|SF|大阪桐蔭|6|智弁学園|3,2018,spring,,2018春季近畿地区大会,SF,regional,大阪,奈良,6,3,1061.3229,1003.5152,0.585522,7.6,3.15,1064.4729,1000.3651,1.1044,-1.1044,2,historical
2018|spring||2018春季近畿地区大会|SF|智弁和歌山|9|滝川二|7,2018,spring,,2018春季近畿地区大会,SF,regional,和歌山,兵庫,9,7,1006.259,983.7018,0.532417,7.6,3.5536,1009.8127,980.1481,-0.0,0.0,0,historical
2018|spring||2018春季近畿地区大会|F|大阪桐蔭|3|智弁和歌山|1,2018,spring,,2018春季近畿地区大会,F,regional,大阪,和歌山,3,1,1064.4729,1009.8127,0.583351,7.6,3.1665,1067.6395,1006.6461,1.9018,-1.9018,4,historical
2018|spring||2018春季中国地区大会|QF|広島新庄|8|早鞆|2,2018,spring,,2018春季中国地区大会,QF,regional,広島,山口,8,2,1028.9324,993.3895,0.550664,7.6,3.415,1032.3474,989.9746,-0.1084,0.1084,2,historical
2018|spring||2018春季中国地区大会|QF|下関国際|9|八頭|7,2018,spring,,2018春季中国地区大会,QF,regional,山口,鳥取,9,7,989.9746,999.1371,0.486817,7.6,3.9002,993.8748,995.2369,0.0,-0.0,0,historical
2018|spring||2018春季中国地区大会|QF|倉敷商|11|宇部工|3,2018,spring,,2018春季中国地区大会,QF,regional,岡山,山口,11,3,994.012,993.8748,0.502628,7.6,3.78,997.7921,990.0948,0.8445,-0.8445,3,historical
2018|spring||2018春季中国地区大会|QF|宇部鴻城|10|石見智翠館|7,2018,spring,,2018春季中国地区大会,QF,regional,山口,島根,10,7,990.0948,972.2602,0.530735,7.6,3.5664,993.6612,968.6938,1.7745,-1.7745,4,historical
2018|spring||2018春季中国地区大会|SF|広島新庄|3|倉敷商|1,2018,spring,,2018春季中国地区大会,SF,regional,広島,岡山,3,1,1032.3474,997.7921,0.549125,7.6,3.4267,1035.774,994.3654,-0.1548,0.1548,2,historical
2018|spring||2018春季中国地区大会|F|広島新庄|8|下関国際|2,2018,spring,,2018春季中国地区大会,F,regional,広島,山口,8,2,1035.774,993.6612,0.561872,7.6,3.3298,1039.1038,990.3314,0.5507,-0.5507,3,historical
2018|spring||2018春季四国地区大会|QF|明徳義塾|11|松山聖陵|4,2018,spring,,2018春季四国地区大会,QF,regional,高知,愛媛,11,4,1026.2862,1000.6954,0.543621,7.6,3.4685,1029.7547,997.2269,2.3986,-2.3986,3,historical
2018|spring||2018春季四国地区大会|QF|大手前高松|7|小松島|0,2018,spring,,2018春季四国地区大会,QF,regional,香川,徳島,7,0,1009.7796,977.5522,0.547118,7.6,3.4419,1013.2215,974.1103,0.3056,-0.3056,1,historical
2018|spring||2018春季四国地区大会|QF|鳴門|8|高知商|0,2018,spring,,2018春季四国地区大会,QF,regional,徳島,高知,8,0,974.1103,1029.7547,0.414101,7.6,4.4528,978.5631,1025.3018,-2.321,2.321,3,historical
2018|spring||2018春季四国地区大会|QF|聖カタリナ|5|英明|4,2018,spring,,2018春季四国地区大会,QF,regional,愛媛,香川,5,4,997.2269,1013.2215,0.482494,7.6,3.933,1001.1599,1009.2885,1.9126,-1.9126,4,historical
2018|spring||2018春季四国地区大会|SF|聖カタリナ|9|鳴門|8,2018,spring,,2018春季四国地区大会,SF,regional,愛媛,徳島,9,8,1001.1599,978.5631,0.533361,7.6,3.5465,1004.7064,975.0167,0.3097,-0.3097,1,historical
2018|spring||2018春季四国地区大会|SF|大手前高松|6|明徳義塾|4,2018,spring,,2018春季四国地区大会,SF,regional,香川,高知,6,4,1009.2885,1025.3018,0.482567,7.6,3.9325,1013.2209,1021.3693,1.9474,-1.9474,4,historical
2018|spring||2018春季四国地区大会|F|大手前高松|13|聖カタリナ|9,2018,spring,,2018春季四国地区大会,F,regional,香川,愛媛,13,9,1013.2209,1004.7064,0.502636,7.6,3.78,1017.0009,1000.9264,-3.3414,3.3414,5,historical
2018|spring||2018春季九州地区大会|1R|未来沖縄|4|れいめい|2,2018,spring,,2018春季九州地区大会,1R,regional,沖縄,鹿児島,4,2,997.1472,1019.8721,0.460806,7.6,4.0979,1001.2451,1015.7743,-2.283,2.283,3,historical
2018|spring||2018春季九州地区大会|1R|八幡|3|富島|2,2018,spring,,2018春季九州地区大会,1R,regional,滋賀,宮崎,3,2,996.569,1004.0215,0.489277,7.6,3.8815,1000.4505,1000.14,-0.0,0.0,0,historical
2018|spring||2018春季九州地区大会|1R|創成館|5|文徳|4,2018,spring,,2018春季九州地区大会,1R,regional,長崎,熊本,5,4,1016.3336,994.1256,0.531917,7.6,3.5574,1019.8911,990.5682,-0.0,0.0,0,historical
2018|spring||2018春季九州地区大会|1R|九州国際大付|2|東明館|1,2018,spring,,2018春季九州地区大会,1R,regional,福岡,佐賀,2,1,991.5736,982.3656,0.514179,7.6,3.6922,995.2659,978.6734,0.3235,-0.3235,1,historical
2018|spring||2018春季九州地区大会|1R|伊万里|10|東筑紫学園|3,2018,spring,,2018春季九州地区大会,1R,regional,佐賀,福岡,10,3,978.6734,995.2659,0.472878,7.6,4.0061,982.6795,991.2597,-1.1362,1.1362,2,historical
2018|spring||2018春季九州地区大会|1R|明豊|4|聖心ウルスラ|3,2018,spring,,2018春季九州地区大会,1R,regional,大分,宮崎,4,3,999.1056,1000.14,0.497544,7.6,3.8187,1002.9242,996.3214,-0.3361,0.3361,1,historical
2018|spring||2018春季九州地区大会|1R|東筑|6|長崎総大付|0,2018,spring,,2018春季九州地区大会,1R,regional,福岡,長崎,6,0,991.2597,1019.8911,0.458889,7.6,4.1124,995.3722,1015.7786,0.0,-0.0,0,historical
2018|spring||2018春季九州地区大会|1R|樟南|6|延岡学園|3,2018,spring,,2018春季九州地区大会,1R,regional,鹿児島,宮崎,6,3,1015.7743,996.3214,0.528854,7.6,3.5807,1019.355,992.7407,0.3098,-0.3098,1,historical
2018|spring||2018春季九州地区大会|QF|未来沖縄|9|八幡|1,2018,spring,,2018春季九州地区大会,QF,regional,沖縄,滋賀,9,1,1001.2451,1000.4505,0.501143,7.6,3.7913,1005.0364,996.6592,0.0,-0.0,0,historical
2018|spring||2018春季九州地区大会|QF|九州国際大付|5|創成館|1,2018,spring,,2018春季九州地区大会,QF,regional,福岡,長崎,5,1,995.3722,1015.7786,0.47165,7.6,4.0155,999.3876,1011.7632,0.3427,-0.3427,1,historical
2018|spring||2018春季九州地区大会|QF|明豊|5|伊万里|4,2018,spring,,2018春季九州地区大会,QF,regional,大分,佐賀,5,4,1002.9242,982.6795,0.529102,7.6,3.5788,1006.503,979.1007,-0.0,0.0,0,historical
2018|spring||2018春季九州地区大会|QF|東筑|6|樟南|3,2018,spring,,2018春季九州地区大会,QF,regional,福岡,鹿児島,6,3,999.3876,1019.355,0.469547,7.6,4.0314,1003.4191,1015.3235,-0.61,0.61,3,historical
2018|spring||2018春季九州地区大会|SF|九州国際大付|2|未来沖縄|1,2018,spring,,2018春季九州地区大会,SF,regional,福岡,沖縄,2,1,1003.4191,1005.0364,0.495768,7.6,3.8322,1007.2512,1001.2042,-0.6617,0.6617,3,historical
2018|spring||2018春季九州地区大会|SF|明豊|9|東筑|7,2018,spring,,2018春季九州地区大会,SF,regional,大分,福岡,9,7,1006.503,1007.2512,0.498002,7.6,3.8152,1010.3182,1003.4361,-0.3202,0.3202,1,historical
2018|spring||2018春季九州地区大会|F|九州国際大付|13|明豊|0,2018,spring,,2018春季九州地区大会,F,regional,福岡,大分,13,0,1003.4361,1010.3182,0.490109,7.6,3.8752,1007.3112,1006.4431,0.004,-0.004,2,historical
2018|senbatsu||2018選抜|1R|聖光学院|5|東筑|3,2018,senbatsu,,2018選抜,1R,national,福島,福岡,5,3,1023.0655,1007.3112,0.522657,9.12,4.3534,1027.4189,1002.9579,-0.0,0.0,0,historical
2018|senbatsu||2018選抜|1R|国学院栃木|3|英明|2,2018,senbatsu,,2018選抜,1R,national,栃木,香川,3,2,985.7485,1017.0009,0.455145,9.12,4.9691,990.7176,1012.0318,0.0,-0.0,0,historical
2018|senbatsu||2018選抜|1R|明秀日立|4|瀬戸内|3,2018,senbatsu,,2018選抜,1R,national,茨城,広島,4,3,994.973,1039.1038,0.43683,9.12,5.1361,1000.1091,1033.9677,-0.0,0.0,0,historical
2018|senbatsu||2018選抜|1R|日大三|5|由利工|0,2018,senbatsu,,2018選抜,1R,prefecture,西東京,秋田,5,0,1018.2466,984.209,0.548828,4.56,2.0573,1020.3039,982.1516,-0.0,0.0,0,historical
2018|senbatsu||2018選抜|2R|静岡|7|駒大苫小牧|0,2018,senbatsu,,2018選抜,2R,national,静岡,南北海道,7,0,1002.1208,1013.9743,0.482948,9.12,4.7155,1006.8363,1009.2588,-0.0,0.0,0,historical
2018|senbatsu||2018選抜|2R|日本航空石川|10|膳所|0,2018,senbatsu,,2018選抜,2R,national,石川,滋賀,10,0,1030.2209,996.6592,0.54815,9.12,4.1209,1034.3418,992.5383,-0.0,0.0,0,historical
2018|senbatsu||2018選抜|2R|明徳義塾|7|中央学院|5,2018,senbatsu,,2018選抜,2R,national,高知,千葉,7,5,1021.3693,994.2068,0.540058,9.12,4.1947,1025.564,990.0121,0.3661,-0.3661,1,historical
2018|senbatsu||2018選抜|2R|智弁和歌山|4|富山商|2,2018,senbatsu,,2018選抜,2R,national,和歌山,富山,4,2,1006.6461,987.8822,0.526977,9.12,4.314,1010.9601,983.5683,0.0,-0.0,0,historical
2018|senbatsu||2018選抜|2R|智弁学園|5|日大山形|3,2018,senbatsu,,2018選抜,2R,national,奈良,山形,5,3,1000.3651,992.0716,0.511933,9.12,4.4512,1004.8163,987.6205,0.0,-0.0,0,historical
2018|senbatsu||2018選抜|2R|創成館|3|下関国際|1,2018,senbatsu,,2018選抜,2R,national,長崎,山口,3,1,1011.7632,990.3314,0.530804,9.12,4.2791,1016.0422,986.0523,-0.0,0.0,0,historical
2018|senbatsu||2018選抜|2R|大阪桐蔭|14|伊万里|2,2018,senbatsu,,2018選抜,2R,national,大阪,佐賀,14,2,1067.6395,979.1007,0.624729,9.12,3.4225,1071.0619,975.6782,-0.0,0.0,0,historical
2018|senbatsu||2018選抜|2R|花巻東|5|東邦|3,2018,senbatsu,,2018選抜,2R,national,岩手,愛知,5,3,994.2492,999.7376,0.492102,9.12,4.632,998.8813,995.1056,0.0,-0.0,0,historical
2018|senbatsu||2018選抜|2R|東海大相模|12|聖光学院|3,2018,senbatsu,,2018選抜,2R,national,神奈川,福島,12,3,1001.3668,1027.4189,0.462578,9.12,4.9013,1006.2681,1022.5176,0.0,-0.0,0,historical
2018|senbatsu||2018選抜|2R|国学院栃木|9|延岡学園|5,2018,senbatsu,,2018選抜,2R,national,栃木,宮崎,9,5,990.7176,992.7407,0.497089,9.12,4.5866,995.3041,988.1541,-0.0,0.0,0,historical
2018|senbatsu||2018選抜|2R|明秀日立|10|高知|1,2018,senbatsu,,2018選抜,2R,national,茨城,高知,10,1,1000.1091,1025.564,0.463433,9.12,4.8935,1005.0026,1020.6705,0.0,-0.0,0,historical
2018|senbatsu||2018選抜|2R|彦根東|4|慶応|3,2018,senbatsu,,2018選抜,2R,national,滋賀,神奈川,4,3,992.5383,1006.2681,0.480252,9.12,4.7401,997.2784,1001.528,0.0,-0.0,0,historical
2018|senbatsu||2018選抜|2R|乙訓|7|おかやま山陽|2,2018,senbatsu,,2018選抜,2R,national,京,岡山,7,2,987.6807,994.3654,0.490381,9.12,4.6477,992.3284,989.7177,0.0,-0.0,0,historical
2018|senbatsu||2018選抜|2R|近江|8|松山聖陵|5,2018,senbatsu,,2018選抜,2R,national,滋賀,愛媛,8,5,997.2784,1000.9264,0.49475,9.12,4.6079,1001.8863,996.3186,-0.0,0.0,0,historical
2018|senbatsu||2018選抜|2R|星稜|11|富島|2,2018,senbatsu,,2018選抜,2R,national,石川,宮崎,11,2,1034.3418,988.1541,0.566081,9.12,3.9573,1038.2992,984.1968,-0.0,0.0,0,historical
2018|senbatsu||2018選抜|2R|三重|8|日大三|0,2018,senbatsu,,2018選抜,2R,prefecture,三重,西東京,8,0,988.8929,1020.3039,0.454919,4.56,2.4856,991.3785,1017.8183,0.0,-0.0,0,historical
2018|senbatsu||2018選抜|3R|東海大相模|8|静岡|1,2018,senbatsu,,2018選抜,3R,national,神奈川,静岡,8,1,1001.528,1006.8363,0.492361,9.12,4.6297,1006.1576,1002.2067,0.0,-0.0,0,historical
2018|senbatsu||2018選抜|3R|日本航空石川|3|明徳義塾|1,2018,senbatsu,,2018選抜,3R,national,石川,高知,3,1,1038.2992,1020.6705,0.525348,9.12,4.3288,1042.628,1016.3417,0.0,-0.0,0,historical
2018|senbatsu||2018選抜|3R|智弁和歌山|7|国学院栃木|4,2018,senbatsu,,2018選抜,3R,national,和歌山,栃木,7,4,1010.9601,995.3041,0.522516,9.12,4.3547,1015.3148,990.9495,0.0,-0.0,0,historical
2018|senbatsu||2018選抜|3R|創成館|2|智弁学園|1,2018,senbatsu,,2018選抜,3R,national,長崎,奈良,2,1,1016.0422,1004.8163,0.51615,9.12,4.4127,1020.455,1000.4036,-0.0,0.0,0,historical
2018|senbatsu||2018選抜|3R|大阪桐蔭|5|明秀日立|1,2018,senbatsu,,2018選抜,3R,national,大阪,茨城,5,1,1071.0619,1005.0026,0.593938,9.12,3.7033,1074.7652,1001.2993,0.0,-0.0,0,historical
2018|senbatsu||2018選抜|3R|花巻東|1|彦根東|0,2018,senbatsu,,2018選抜,3R,national,岩手,滋賀,1,0,998.8813,1001.8863,0.495676,9.12,4.5994,1003.4807,997.2869,0.0,-0.0,0,historical
2018|senbatsu||2018選抜|3R|三重|2|乙訓|1,2018,senbatsu,,2018選抜,3R,national,三重,京,2,1,991.3785,992.3284,0.498633,9.12,4.5725,995.951,987.7559,0.0,-0.0,0,historical
2018|senbatsu||2018選抜|3R|星稜|4|近江|3,2018,senbatsu,,2018選抜,3R,national,石川,滋賀,4,3,1042.628,997.2869,0.565855,9.12,3.9594,1046.5874,993.3275,0.3434,-0.3434,1,historical
2018|senbatsu||2018選抜|QF|東海大相模|3|日本航空石川|1,2018,senbatsu,,2018選抜,QF,national,神奈川,石川,3,1,1006.1576,1046.5874,0.44117,9.12,5.0965,1011.2542,1041.4909,-0.32,0.32,1,historical
2018|senbatsu||2018選抜|QF|智弁和歌山|11|創成館|10,2018,senbatsu,,2018選抜,QF,national,和歌山,長崎,11,10,1015.3148,1020.455,0.492603,9.12,4.6275,1019.9422,1015.8275,0.0,-0.0,0,historical
2018|senbatsu||2018選抜|QF|大阪桐蔭|19|花巻東|0,2018,senbatsu,,2018選抜,QF,national,大阪,岩手,19,0,1074.7652,1003.4807,0.602109,9.12,3.6288,1078.394,999.8519,0.3401,-0.3401,1,historical
2018|senbatsu||2018選抜|QF|三重|14|星稜|9,2018,senbatsu,,2018選抜,QF,national,三重,石川,14,9,995.951,1041.4909,0.434836,9.12,5.1543,1001.1053,1036.3366,0.0,-0.0,0,historical
2018|senbatsu||2018選抜|SF|智弁和歌山|12|東海大相模|10,2018,senbatsu,,2018選抜,SF,national,和歌山,神奈川,12,10,1019.9422,1011.2542,0.512501,9.12,4.446,1024.3882,1006.8082,0.0,-0.0,0,historical
2018|senbatsu||2018選抜|SF|大阪桐蔭|3|三重|2,2018,senbatsu,,2018選抜,SF,national,大阪,三重,3,2,1078.394,1001.1053,0.609428,9.12,3.562,1081.956,997.5433,-0.0,0.0,0,historical
2018|senbatsu||2018選抜|F|大阪桐蔭|5|智弁和歌山|2,2018,senbatsu,,2018選抜,F,national,大阪,和歌山,5,2,1081.956,1024.3882,0.590774,9.12,3.7321,1085.6881,1020.6561,3.1078,-3.1078,5,historical
2018|koshien||2018選手権|1R|星稜|9|藤蔭|4,2018,koshien,,2018選手権,1R,national,石川,大分,9,4,1036.3366,1006.4431,0.542914,11.96,5.4667,1041.8033,1000.9763,-0.0,0.0,0,historical
2018|koshien||2018選手権|1R|済美|5|中央学院|4,2018,koshien,,2018選手権,1R,national,愛媛,千葉,5,4,996.3186,990.0121,0.509075,11.96,5.8715,1002.19,984.1406,-0.0,0.0,0,historical
2018|koshien||2018選手権|1R|慶応|3|中越|2,2018,koshien,,2018選手権,1R,national,神奈川,新潟,3,2,1006.8082,993.6291,0.518957,11.96,5.7533,1012.5614,987.8758,-0.0,0.0,0,historical
2018|koshien||2018選手権|1R|高知商|14|山梨学院|12,2018,koshien,,2018選手権,1R,national,高知,山梨,14,12,1016.3417,973.4472,0.561418,11.96,5.2454,1021.5871,968.2018,-0.0,0.0,0,historical
2018|koshien||2018選手権|1R|大阪桐蔭|3|作新学院|1,2018,koshien,,2018選手権,1R,national,大阪,栃木,3,1,1085.6881,990.9495,0.633058,11.96,4.3886,1090.0768,986.5609,0.0,-0.0,0,historical
2018|koshien||2018選手権|1R|沖学園|4|北照|2,2018,koshien,,2018選手権,1R,prefecture,福岡,南北海道,4,2,1002.9579,1009.2588,0.490933,5.52,2.81,1005.7679,1006.4487,-0.0,0.0,0,historical
2018|koshien||2018選手権|1R|佐久長聖|5|旭川大高|4,2018,koshien,,2018選手権,1R,prefecture,長野,北北海道,5,4,992.4956,972.2139,0.529155,5.52,2.5991,995.0946,969.6148,-0.0,0.0,0,historical
2018|koshien||2018選手権|1R|高岡商|4|佐賀商|1,2018,koshien,,2018選手権,1R,national,富山,佐賀,4,1,983.5683,975.6782,0.511353,11.96,5.8442,989.4125,969.834,-0.0,0.0,0,historical
2018|koshien||2018選手権|1R|近江|7|智弁和歌山|3,2018,koshien,,2018選手権,1R,national,滋賀,和歌山,7,3,993.3275,1020.6561,0.460874,11.96,6.4479,999.7754,1014.2081,0.0429,-0.0429,2,historical
2018|koshien||2018選手権|1R|前橋育英|2|近大付|0,2018,koshien,,2018選手権,1R,national,群馬,大阪,2,0,1018.3657,1090.0768,0.39824,11.96,7.197,1025.5627,1082.8797,-0.0,0.0,0,historical
2018|koshien||2018選手権|1R|常葉大菊川|8|益田東|7,2018,koshien,,2018選手権,1R,national,静岡,島根,8,7,1002.2067,968.6938,0.54808,11.96,5.405,1007.6116,963.2888,-0.0,0.0,0,historical
2018|koshien||2018選手権|1R|日南学園|2|丸亀城西|0,2018,koshien,,2018選手権,1R,national,宮崎,香川,2,0,984.1968,1012.0318,0.460028,11.96,6.4581,990.6548,1005.5738,0.0,-0.0,0,historical
2018|koshien||2018選手権|1R|金足農|5|鹿児島実|1,2018,koshien,,2018選手権,1R,national,秋田,鹿児島,5,1,982.1516,1015.3235,0.452406,11.96,6.5492,988.7009,1008.7743,0.0,-0.0,0,historical
2018|koshien||2018選手権|1R|大垣日大|9|東海大星翔|3,2018,koshien,,2018選手権,1R,national,岐阜,熊本,9,3,978.3157,990.5682,0.482375,11.96,6.1908,984.5065,984.3774,0.0,-0.0,0,historical
2018|koshien||2018選手権|1R|花咲徳栄|8|鳴門|5,2018,koshien,,2018選手権,1R,national,埼玉,徳島,8,5,1032.3504,975.0167,0.581769,11.96,5.002,1037.3525,970.0146,0.0,-0.0,0,historical
2018|koshien||2018選手権|1R|横浜|7|愛産大三河|0,2018,koshien,,2018選手権,1R,national,神奈川,愛知,7,0,1012.5614,995.1056,0.5251,11.96,5.6798,1018.2412,989.4258,-0.0,0.0,0,historical
2018|koshien||2018選手権|1R|下関国際|4|花巻東|2,2018,koshien,,2018選手権,1R,national,山口,岩手,4,2,986.0523,999.8519,0.480151,11.96,6.2174,992.2697,993.6346,0.0,-0.0,0,historical
2018|koshien||2018選手権|1R|創志学園|7|創成館|0,2018,koshien,,2018選手権,1R,national,岡山,長崎,7,0,989.7177,1015.8275,0.461424,11.96,6.4414,996.159,1009.3861,-0.3745,0.3745,1,historical
2018|koshien||2018選手権|1R|興南|6|土浦日大|2,2018,koshien,,2018選手権,1R,national,沖縄,茨城,6,2,1001.2042,1001.2993,0.499863,11.96,5.9816,1007.1858,995.3177,0.0,-0.0,0,historical
2018|koshien||2018選手権|1R|木更津総合|10|敦賀気比|1,2018,koshien,,2018選手権,1R,national,千葉,福井,10,1,984.1406,971.9673,0.517512,11.96,5.7706,989.9112,966.1968,0.0,-0.0,0,historical
2018|koshien||2018選手権|1R|日大三|16|折尾愛真|3,2018,koshien,,2018選手権,1R,prefecture,西東京,福岡,16,3,1017.8183,1005.7679,0.516783,5.52,2.6674,1020.4857,1003.1005,-0.1921,0.1921,1,historical
2018|koshien||2018選手権|1R|奈良大付|4|羽黒|1,2018,koshien,,2018選手権,1R,national,奈良,山形,4,1,1000.4036,987.6205,0.519454,11.96,5.7473,1006.1509,981.8731,0.3709,-0.3709,1,historical
2018|koshien||2018選手権|1R|龍谷大平安|3|鳥取城北|2,2018,koshien,,2018選手権,1R,national,京,鳥取,3,2,987.7559,995.2369,0.489236,11.96,6.1087,993.8647,989.1282,0.0,-0.0,0,historical
2018|koshien||2018選手権|1R|八戸学院光星|9|明石商|8,2018,koshien,,2018選手権,1R,national,青森,兵庫,9,8,1006.6507,980.1481,0.538066,11.96,5.5247,1012.1754,974.6234,-0.0,0.0,0,historical
2018|koshien||2018選手権|2R|報徳学園|3|聖光学院|2,2018,koshien,,2018選手権,2R,national,兵庫,福島,3,2,974.6234,1022.5176,0.431508,11.96,6.7992,981.4226,1015.7184,0.0,-0.0,0,historical
2018|koshien||2018選手権|2R|愛工大名電|10|白山|0,2018,koshien,,2018選手権,2R,national,愛知,神奈川,10,0,989.4258,1018.2412,0.457273,11.96,6.491,995.9168,1011.7502,-0.4733,0.4733,1,historical
2018|koshien||2018選手権|2R|二松学舎大付|5|広陵|2,2018,koshien,,2018選手権,2R,prefecture,東東京,広島,5,2,993.4986,1033.9677,0.442022,5.52,3.08,996.5786,1030.8876,-0.0,0.0,0,historical
2018|koshien||2018選手権|2R|浦和学院|9|仙台育英|0,2018,koshien,,2018選手権,2R,national,埼玉,宮城,9,0,1037.3525,1012.8626,0.535185,11.96,5.5592,1042.9116,1007.3034,0.0,-0.0,0,historical
2018|koshien||2018選手権|2R|済美|13|星稜|11,2018,koshien,,2018選手権,2R,national,愛媛,石川,13,11,1002.19,1041.8033,0.443238,11.96,6.6589,1008.8489,1035.1444,0.0,-0.0,0,historical
2018|koshien||2018選手権|2R|高知商|12|慶応|6,2018,koshien,,2018選手権,2R,national,高知,神奈川,12,6,1021.5871,1011.7502,0.514153,11.96,5.8107,1027.3979,1005.9395,-0.0,0.0,0,historical
2018|koshien||2018選手権|2R|大阪桐蔭|10|沖学園|4,2018,koshien,,2018選手権,2R,national,大阪,福岡,10,4,1082.8797,1003.1005,0.613773,11.96,4.6193,1087.499,998.4813,0.3436,-0.3436,1,historical
2018|koshien||2018選手権|2R|高岡商|5|佐久長聖|4,2018,koshien,,2018選手権,2R,national,富山,長野,5,4,989.4125,995.0946,0.492787,11.96,6.0663,995.4788,989.0284,0.335,-0.335,1,historical
2018|koshien||2018選手権|2R|近江|4|前橋育英|3,2018,koshien,,2018選手権,2R,national,滋賀,群馬,4,3,999.7754,1025.5627,0.462957,11.96,6.423,1006.1984,1019.1397,0.0,-0.0,0,historical
2018|koshien||2018選手権|2R|常葉大菊川|3|日南学園|0,2018,koshien,,2018選手権,2R,national,静岡,宮崎,3,0,1007.6116,990.6548,0.524383,11.96,5.6884,1013.3,984.9665,-0.0,0.0,0,historical
2018|koshien||2018選手権|2R|金足農|6|大垣日大|3,2018,koshien,,2018選手権,2R,national,秋田,岐阜,6,3,988.7009,984.5065,0.506036,11.96,5.9078,994.6087,978.5987,-0.0,0.0,0,historical
2018|koshien||2018選手権|2R|横浜|8|花咲徳栄|6,2018,koshien,,2018選手権,2R,national,神奈川,埼玉,8,6,1005.9395,1042.9116,0.444956,11.96,6.6383,1012.5778,1036.2733,-0.716,0.716,3,historical
2018|koshien||2018選手権|2R|下関国際|5|創志学園|4,2018,koshien,,2018選手権,2R,national,山口,岡山,5,4,992.2697,996.159,0.488714,11.96,6.115,998.3847,990.0441,-1.9772,1.9772,4,historical
2018|koshien||2018選手権|2R|木更津総合|7|興南|0,2018,koshien,,2018選手権,2R,national,千葉,沖縄,7,0,989.9112,1007.1858,0.47516,11.96,6.2771,996.1883,1000.9088,0.0,-0.0,0,historical
2018|koshien||2018選手権|2R|日大三|8|奈良大付|4,2018,koshien,,2018選手権,2R,prefecture,西東京,奈良,8,4,1020.4857,1006.1509,0.520618,5.52,2.6462,1023.1319,1003.5047,-0.0,0.0,0,historical
2018|koshien||2018選手権|2R|龍谷大平安|14|八戸学院光星|1,2018,koshien,,2018選手権,2R,national,京,青森,14,1,993.8647,1012.1754,0.473673,11.96,6.2949,1000.1595,1005.8805,0.0,-0.0,0,historical
2018|koshien||2018選手権|3R|報徳学園|7|愛工大名電|2,2018,koshien,,2018選手権,3R,national,兵庫,愛知,7,2,981.4226,995.9168,0.479153,11.96,6.2293,987.6519,989.6875,0.0,-0.0,0,historical
2018|koshien||2018選手権|3R|浦和学院|6|二松学舎大付|0,2018,koshien,,2018選手権,3R,prefecture,埼玉,東東京,6,0,1036.2733,996.5786,0.556878,5.52,2.446,1038.7194,994.1326,0.0,-0.0,0,historical
2018|koshien||2018選手権|3R|済美|3|高知商|1,2018,koshien,,2018選手権,3R,national,愛媛,高知,3,1,1008.8489,1027.3979,0.462443,11.96,6.4292,1015.2781,1020.9687,-3.7988,3.7988,4,historical
2018|koshien||2018選手権|3R|大阪桐蔭|3|高岡商|1,2018,koshien,,2018選手権,3R,national,大阪,富山,3,1,1087.499,995.4788,0.629416,11.96,4.4322,1091.9312,991.0466,0.0,-0.0,0,historical
2018|koshien||2018選手権|3R|近江|9|常葉大菊川|4,2018,koshien,,2018選手権,3R,national,滋賀,静岡,9,4,1006.1984,1013.3,0.489781,11.96,6.1022,1012.3006,1007.1978,0.0,-0.0,0,historical
2018|koshien||2018選手権|3R|金足農|5|横浜|4,2018,koshien,,2018選手権,3R,national,秋田,神奈川,5,4,994.6087,1012.5778,0.474163,11.96,6.289,1000.8977,1006.2888,-0.0,0.0,0,historical
2018|koshien||2018選手権|3R|下関国際|4|木更津総合|1,2018,koshien,,2018選手権,3R,national,山口,千葉,4,1,998.3847,996.1883,0.503161,11.96,5.9422,1004.3269,990.2461,-0.0,0.0,0,historical
2018|koshien||2018選手権|3R|日大三|4|龍谷大平安|3,2018,koshien,,2018選手権,3R,prefecture,西東京,京,4,3,1023.1319,1000.1595,0.533012,5.52,2.5778,1025.7096,997.5818,-0.0,0.0,0,historical
2018|koshien||2018選手権|QF|大阪桐蔭|11|浦和学院|2,2018,koshien,,2018選手権,QF,national,大阪,埼玉,11,2,1091.9312,1038.7194,0.575985,11.96,5.0712,1097.0024,1033.6481,-0.0,0.0,0,historical
2018|koshien||2018選手権|QF|済美|3|報徳学園|2,2018,koshien,,2018選手権,QF,national,愛媛,兵庫,3,2,1015.2781,987.6519,0.539674,11.96,5.5055,1020.7836,982.1464,-0.0,0.0,0,historical
2018|koshien||2018選手権|QF|日大三|3|下関国際|2,2018,koshien,,2018選手権,QF,prefecture,西東京,山口,3,2,1025.7096,1004.3269,0.530733,5.52,2.5904,1028.3,1001.7365,-0.0,0.0,0,historical
2018|koshien||2018選手権|QF|金足農|3|近江|2,2018,koshien,,2018選手権,QF,national,秋田,滋賀,3,2,1000.8977,1012.3006,0.483596,11.96,6.1762,1007.0739,1006.1245,-0.0,0.0,0,historical
2018|koshien||2018選手権|SF|金足農|2|日大三|1,2018,koshien,,2018選手権,SF,prefecture,秋田,西東京,2,1,1007.0739,1028.3,0.469,5.52,2.9311,1010.005,1025.3689,-0.1714,0.1714,1,historical
2018|koshien||2018選手権|SF|大阪桐蔭|5|済美|2,2018,koshien,,2018選手権,SF,national,大阪,愛媛,5,2,1097.0024,1020.7836,0.607961,11.96,4.6888,1101.6912,1016.0948,0.0,-0.0,0,historical
2018|koshien||2018選手権|F|大阪桐蔭|13|金足農|2,2018,koshien,,2018選手権,F,national,大阪,秋田,13,2,1101.6912,1010.005,0.628967,11.96,4.4376,1106.1287,1005.5674,0.0,-0.0,0,historical
2018|autumn||2018秋季北海道地区大会|1R|駒大苫小牧|11|釧路工|3,2018,autumn,,2018秋季北海道地区大会,1R,regional,南北海道,北海道,11,3,1006.4487,1000.0,0.509279,8.0,3.9258,1010.3745,996.0742,-0.0,0.0,0,historical
2018|autumn||2018秋季北海道地区大会|1R|白樺学園|4|札幌光星|3,2018,autumn,,2018秋季北海道地区大会,1R,regional,北北海道,南北海道,4,3,969.6148,1010.3745,0.401078,8.0,4.7914,974.4062,1005.5831,-14.4486,14.4486,26,historical
2018|autumn||2018秋季北海道地区大会|1R|旭川大高|15|北照|8,2018,autumn,,2018秋季北海道地区大会,1R,regional,北北海道,南北海道,15,8,974.4062,1005.5831,0.421807,8.0,4.6255,979.0318,1000.9576,-11.8035,11.8035,27,historical
2018|autumn||2018秋季北海道地区大会|2R|札幌新川|6|旭川明成|4,2018,autumn,,2018秋季北海道地区大会,2R,regional,南北海道,北北海道,6,4,1000.9576,979.0318,0.557781,8.0,3.5378,1004.4953,975.494,9.2024,-9.2024,28,historical
2018|autumn||2018秋季北海道地区大会|2R|札幌大谷|5|滝川西|2,2018,autumn,,2018秋季北海道地区大会,2R,regional,南北海道,北北海道,5,2,1004.4953,975.494,0.573868,8.0,3.4091,1007.9044,972.085,11.3531,-11.3531,29,historical
2018|autumn||2018秋季北海道地区大会|2R|釧路湖陵|14|札幌英藍|12,2018,autumn,,2018秋季北海道地区大会,2R,regional,北北海道,南北海道,14,12,972.085,1007.9044,0.410696,8.0,4.7144,976.7994,1003.1899,-13.454,13.454,30,historical
2018|autumn||2018秋季北海道地区大会|2R|稚内大谷|2|函館工|1,2018,autumn,,2018秋季北海道地区大会,2R,regional,北北海道,南北海道,2,1,976.7994,1003.1899,0.431554,8.0,4.5476,981.3469,998.6424,-10.7355,10.7355,31,historical
2018|autumn||2018秋季北海道地区大会|QF|札幌大谷|5|白樺学園|1,2018,autumn,,2018秋季北海道地区大会,QF,regional,南北海道,北北海道,5,1,998.6424,981.3469,0.547987,8.0,3.6161,1002.2585,977.7308,8.0762,-8.0762,32,historical
2018|autumn||2018秋季北海道地区大会|QF|札幌第一|10|旭川大高|8,2018,autumn,,2018秋季北海道地区大会,QF,regional,南北海道,北北海道,10,8,1002.2585,977.7308,0.564605,8.0,3.4832,1005.7416,974.2477,10.3083,-10.3083,33,historical
2018|autumn||2018秋季北海道地区大会|SF|札幌第一|5|釧路湖陵|1,2018,autumn,,2018秋季北海道地区大会,SF,regional,南北海道,北北海道,5,1,1005.7416,974.2477,0.580544,8.0,3.3557,1009.0973,970.892,12.4826,-12.4826,34,historical
2018|autumn||2018秋季東北地区大会|1R|大崎中央|4|青森山田|3,2018,autumn,,2018秋季東北地区大会,1R,regional,宮城,青森,4,3,1007.3034,1005.8805,0.509673,8.0,3.9226,1011.226,1001.9579,2.6497,-2.6497,8,historical
2018|autumn||2018秋季東北地区大会|1R|専大北上|6|秋田商|1,2018,autumn,,2018秋季東北地区大会,1R,regional,岩手,秋田,6,1,993.6346,1005.5674,0.482592,8.0,4.1393,997.7738,1001.4282,-0.084,0.084,4,historical
2018|autumn||2018秋季東北地区大会|2R|酒田南|4|日大東北|1,2018,autumn,,2018秋季東北地区大会,2R,regional,山形,福島,4,1,981.8731,1015.7184,0.449212,8.0,4.4063,986.2795,1011.3121,-0.7841,0.7841,5,historical
2018|autumn||2018秋季東北地区大会|2R|盛岡大付|8|山形城北|2,2018,autumn,,2018秋季東北地区大会,2R,regional,岩手,山形,8,2,997.7738,986.2795,0.518852,8.0,3.8492,1001.623,982.4303,0.8056,-0.8056,3,historical
2018|autumn||2018秋季東北地区大会|2R|仙台育英|10|福島商|2,2018,autumn,,2018秋季東北地区大会,2R,regional,宮城,福島,10,2,1011.226,1011.3121,0.493871,8.0,4.049,1015.2751,1007.2631,-2.0864,2.0864,4,historical
2018|autumn||2018秋季東北地区大会|2R|秋田修英|9|大崎中央|1,2018,autumn,,2018秋季東北地区大会,2R,regional,秋田,宮城,9,1,1001.4282,1015.2751,0.476999,8.0,4.184,1005.6122,1011.0911,-1.0737,1.0737,2,historical
2018|autumn||2018秋季東北地区大会|2R|花巻東|12|聖光学院|10,2018,autumn,,2018秋季東北地区大会,2R,regional,岩手,福島,12,10,1001.623,1007.2631,0.485173,8.0,4.1186,1005.7416,1003.1445,-2.3328,2.3328,3,historical
2018|autumn||2018秋季東北地区大会|2R|古川|4|弘前東|3,2018,autumn,,2018秋季東北地区大会,2R,regional,宮城,青森,4,3,1011.0911,1001.9579,0.525679,8.0,3.7946,1014.8856,998.1633,4.363,-4.363,9,historical
2018|autumn||2018秋季東北地区大会|2R|八戸学院光星|9|専大北上|2,2018,autumn,,2018秋季東北地区大会,2R,regional,青森,岩手,9,2,998.1633,1005.7416,0.495817,8.0,4.0335,1002.1968,1001.7081,2.3356,-2.3356,3,historical
2018|autumn||2018秋季東北地区大会|2R|羽黒|14|横手|6,2018,autumn,,2018秋季東北地区大会,2R,regional,山形,秋田,14,6,982.4303,1005.6122,0.473303,8.0,4.2136,986.6438,1001.3986,2.3068,-2.3068,3,historical
2018|autumn||2018秋季東北地区大会|QF|古川|3|秋田修英|1,2018,autumn,,2018秋季東北地区大会,QF,regional,宮城,秋田,3,1,1014.8856,1001.3986,0.521148,8.0,3.8308,1018.7164,997.5678,0.6083,-0.6083,3,historical
2018|autumn||2018秋季東北地区大会|QF|盛岡大付|7|酒田南|0,2018,autumn,,2018秋季東北地区大会,QF,regional,岩手,山形,7,0,1001.7081,986.6438,0.527256,8.0,3.782,1005.4901,982.8619,1.9469,-1.9469,4,historical
2018|autumn||2018秋季東北地区大会|QF|花巻東|6|仙台育英|5,2018,autumn,,2018秋季東北地区大会,QF,regional,岩手,宮城,6,5,1005.4901,1018.7164,0.480975,8.0,4.1522,1009.6423,1014.5642,-0.0,0.0,0,historical
2018|autumn||2018秋季東北地区大会|QF|八戸学院光星|3|羽黒|2,2018,autumn,,2018秋季東北地区大会,QF,regional,青森,山形,3,2,1002.1968,982.8619,0.528666,8.0,3.7707,1005.9675,979.0912,0.3031,-0.3031,1,historical
2018|autumn||2018秋季東北地区大会|SF|盛岡大付|10|古川|0,2018,autumn,,2018秋季東北地区大会,SF,regional,岩手,宮城,10,0,1009.6423,1014.5642,0.493913,8.0,4.0487,1013.691,1010.5155,0.346,-0.346,1,historical
2018|autumn||2018秋季東北地区大会|SF|八戸学院光星|7|花巻東|3,2018,autumn,,2018秋季東北地区大会,SF,regional,青森,岩手,7,3,1005.9675,1013.691,0.500004,8.0,4.0,1009.9674,1009.691,3.863,-3.863,4,historical
2018|autumn||2018秋季東北地区大会|F|八戸学院光星|5|盛岡大付|3,2018,autumn,,2018秋季東北地区大会,F,regional,青森,岩手,5,3,1009.9674,1009.691,0.516542,8.0,3.8677,1013.8351,1005.8234,5.6112,-5.6112,5,historical
2018|autumn||2018秋季関東地区大会|1R|前橋育英|1|作新学院|0,2018,autumn,,2018秋季関東地区大会,1R,regional,群馬,栃木,1,0,1019.1397,986.5609,0.545752,8.0,3.634,1022.7737,982.9269,-0.349,0.349,1,historical
2018|autumn||2018秋季関東地区大会|1R|山梨学院|7|中央学院|2,2018,autumn,,2018秋季関東地区大会,1R,regional,山梨,千葉,7,2,968.2018,990.2461,0.468318,8.0,4.2535,972.4552,985.9926,-0.0,0.0,0,historical
2018|autumn||2018秋季関東地区大会|1R|習志野|3|桐生第一|1,2018,autumn,,2018秋季関東地区大会,1R,regional,千葉,群馬,3,1,985.9926,1022.7737,0.446401,8.0,4.4288,990.4214,1018.3449,-0.3034,0.3034,1,historical
2018|autumn||2018秋季関東地区大会|1R|佐野日大|5|東農大三|2,2018,autumn,,2018秋季関東地区大会,1R,regional,栃木,埼玉,5,2,982.9269,1033.6481,0.428596,8.0,4.5712,987.4981,1029.0769,0.3817,-0.3817,1,historical
2018|autumn||2018秋季関東地区大会|1R|桐蔭学園|7|常総学院|5,2018,autumn,,2018秋季関東地区大会,1R,regional,神奈川,茨城,7,5,1006.2888,995.3177,0.515231,8.0,3.8782,1010.167,991.4395,-0.1922,0.1922,4,historical
2018|autumn||2018秋季関東地区大会|1R|横浜|8|甲府工|2,2018,autumn,,2018秋季関東地区大会,1R,regional,神奈川,山梨,8,2,1010.167,972.4552,0.554059,8.0,3.5675,1013.7345,968.8877,-0.0,0.0,0,historical
2018|autumn||2018秋季関東地区大会|1R|春日部共栄|7|藤代|6,2018,autumn,,2018秋季関東地区大会,1R,regional,埼玉,茨城,7,6,1029.0769,991.4395,0.553954,8.0,3.5684,1032.6453,987.8712,0.0,-0.0,0,historical
2018|autumn||2018秋季関東地区大会|QF|山梨学院|9|前橋育英|1,2018,autumn,,2018秋季関東地区大会,QF,regional,山梨,群馬,9,1,968.8877,1018.3449,0.417658,8.0,4.6587,973.5464,1013.6862,-4.1428,4.1428,4,historical
2018|autumn||2018秋季関東地区大会|QF|習志野|8|東海大甲府|4,2018,autumn,,2018秋季関東地区大会,QF,regional,千葉,山梨,8,4,990.4214,973.5464,0.523248,8.0,3.814,994.2354,969.7324,-0.3545,0.3545,1,historical
2018|autumn||2018秋季関東地区大会|QF|桐蔭学園|8|佐野日大|1,2018,autumn,,2018秋季関東地区大会,QF,regional,神奈川,栃木,8,1,1013.7345,987.4981,0.544432,8.0,3.6445,1017.379,983.8536,2.36,-2.36,3,historical
2018|autumn||2018秋季関東地区大会|QF|春日部共栄|9|横浜|2,2018,autumn,,2018秋季関東地区大会,QF,regional,埼玉,神奈川,9,2,1032.6453,1017.379,0.519702,8.0,3.8424,1036.4877,1013.5366,-0.7845,0.7845,4,historical
2018|autumn||2018秋季関東地区大会|SF|桐蔭学園|4|習志野|2,2018,autumn,,2018秋季関東地区大会,SF,regional,神奈川,千葉,4,2,1013.5366,994.2354,0.527262,8.0,3.7819,1017.3186,990.4535,-0.1695,0.1695,4,historical
2018|autumn||2018秋季関東地区大会|SF|春日部共栄|1|山梨学院|1,2018,autumn,,2018秋季関東地区大会,SF,regional,埼玉,山梨,1,1,1036.4877,969.7324,0.594904,8.0,-0.7592,1035.7284,970.4917,0.0,-0.0,0,historical
2018|autumn||2018秋季関東地区大会|F|桐蔭学園|9|春日部共栄|6,2018,autumn,,2018秋季関東地区大会,F,regional,神奈川,埼玉,9,6,1017.3186,1035.7284,0.472948,8.0,4.2164,1021.535,1031.512,-0.2032,0.2032,5,historical
2018|autumn||2018秋季東京地区大会|1R|大森学園|4|駒大高|0,2018,autumn,,2018秋季東京地区大会,1R,prefecture,東東京,西東京,4,0,994.1326,1025.3689,0.436003,4.8,2.7072,996.8398,1022.6617,-6.7392,6.7392,34,historical
2018|autumn||2018秋季東京地区大会|1R|東海大菅生|20|東京成徳大高|2,2018,autumn,,2018秋季東京地区大会,1R,prefecture,西東京,東東京,20,2,1022.6617,996.8398,0.551722,4.8,2.1517,1024.8134,994.6881,5.1235,-5.1235,35,historical
2018|autumn||2018秋季東京地区大会|1R|東大和|2|葛飾野|1,2018,autumn,,2018秋季東京地区大会,1R,prefecture,西東京,東東京,2,1,1024.8134,994.6881,0.561662,4.8,2.104,1026.9175,992.584,6.4705,-6.4705,36,historical
2018|autumn||2018秋季東京地区大会|1R|墨田工|7|板橋|6,2018,autumn,,2018秋季東京地区大会,1R,prefecture,東京,東東京,7,6,997.5994,992.584,0.506641,4.8,2.3681,999.9675,990.2159,-0.2001,0.2001,1,historical
2018|autumn||2018秋季東京地区大会|1R|日体大荏原|5|成瀬|0,2018,autumn,,2018秋季東京地区大会,1R,prefecture,東東京,西東京,5,0,990.2159,1026.9175,0.425296,4.8,2.7586,992.9745,1024.1589,-7.7999,7.7999,37,historical
2018|autumn||2018秋季東京地区大会|1R|文京|9|南平|5,2018,autumn,,2018秋季東京地区大会,1R,prefecture,東東京,西東京,9,5,992.9745,1024.1589,0.43781,4.8,2.6985,995.673,1021.4604,-6.1275,6.1275,38,historical
2018|autumn||2018秋季東京地区大会|1R|正則学園|5|田無|1,2018,autumn,,2018秋季東京地区大会,1R,prefecture,東東京,西東京,5,1,995.673,1021.4604,0.450173,4.8,2.6392,998.3122,1018.8212,-4.4755,4.4755,39,historical
2018|autumn||2018秋季東京地区大会|1R|城東|8|早大学院|1,2018,autumn,,2018秋季東京地区大会,1R,prefecture,東東京,西東京,8,1,998.3122,1018.8212,0.462367,4.8,2.5806,1000.8928,1016.2406,-2.8451,2.8451,40,historical
2018|autumn||2018秋季東京地区大会|1R|明大中野|10|東京都市大等々力|1,2018,autumn,,2018秋季東京地区大会,1R,prefecture,東東京,西東京,10,1,1000.8928,1016.2406,0.474374,4.8,2.523,1003.4158,1013.7175,-1.2373,1.2373,41,historical
2018|autumn||2018秋季東京地区大会|1R|関東一|3|成蹊|2,2018,autumn,,2018秋季東京地区大会,1R,prefecture,東東京,西東京,3,2,1003.4158,1013.7175,0.486178,4.8,2.4663,1005.8822,1011.2512,0.3474,-0.3474,42,historical
2018|autumn||2018秋季東京地区大会|1R|昭和一学園|3|小山台|2,2018,autumn,,2018秋季東京地区大会,1R,prefecture,西東京,東東京,3,2,1011.2512,1005.8822,0.502234,4.8,2.3893,1013.6405,1003.4929,-1.9083,1.9083,43,historical
2018|autumn||2018秋季東京地区大会|1R|日本ウェルネス|17|大山･蒲田･目黒学院･六郷工科|0,2018,autumn,,2018秋季東京地区大会,1R,prefecture,東東京,東京,17,0,1003.4929,999.9675,0.505087,4.8,2.3756,1005.8685,997.5919,0.0049,-0.0049,2,historical
2018|autumn||2018秋季東京地区大会|1R|日本ウェルネス|17|大山･蒲田･目黒学院･六郷工科|0,2018,autumn,,2018秋季東京地区大会,1R,prefecture,東東京,東京,17,0,1005.8685,997.5919,0.513325,4.8,2.336,1008.2045,995.2559,0.4926,-0.4926,3,historical
2018|autumn||2018秋季東京地区大会|1R|日本ウェルネス|17|大山･蒲田･目黒学院･六郷工科|0,2018,autumn,,2018秋季東京地区大会,1R,prefecture,東東京,東京,17,0,1008.2045,995.2559,0.522034,4.8,2.2942,1010.4987,992.9616,1.186,-1.186,4,historical
2018|autumn||2018秋季東京地区大会|1R|日本ウェルネス|17|大山･蒲田･目黒学院･六郷工科|0,2018,autumn,,2018秋季東京地区大会,1R,prefecture,東東京,東京,17,0,1010.4987,992.9616,0.531042,4.8,2.251,1012.7497,990.7106,2.0303,-2.0303,5,historical
2018|autumn||2018秋季東京地区大会|1R|日本ウェルネス|17|大山･蒲田･目黒学院･六郷工科|0,2018,autumn,,2018秋季東京地区大会,1R,prefecture,東東京,東京,17,0,1012.7497,990.7106,0.540224,4.8,2.2069,1014.9567,988.5037,2.9859,-2.9859,6,historical
2018|autumn||2018秋季東京地区大会|1R|日本ウェルネス|17|大山･蒲田･目黒学院･六郷工科|0,2018,autumn,,2018秋季東京地区大会,1R,prefecture,東東京,東京,17,0,1014.9567,988.5037,0.549487,4.8,2.1625,1017.1191,986.3412,4.0237,-4.0237,7,historical
2018|autumn||2018秋季東京地区大会|1R|日本ウェルネス|17|大山･蒲田･目黒学院･六郷工科|0,2018,autumn,,2018秋季東京地区大会,1R,prefecture,東東京,東京,17,0,1017.1191,986.3412,0.558763,4.8,2.1179,1019.2371,984.2233,5.122,-5.122,8,historical
2018|autumn||2018秋季東京地区大会|1R|日本ウェルネス|17|大山･蒲田･目黒学院･六郷工科|0,2018,autumn,,2018秋季東京地区大会,1R,prefecture,東東京,東京,17,0,1019.2371,984.2233,0.567995,4.8,2.0736,1021.3107,982.1497,6.2643,-6.2643,9,historical
2018|autumn||2018秋季東京地区大会|1R|日本ウェルネス|17|大山･蒲田･目黒学院･六郷工科|0,2018,autumn,,2018秋季東京地区大会,1R,prefecture,東東京,東京,17,0,1021.3107,982.1497,0.577143,4.8,2.0297,1023.3404,980.12,7.4376,-7.4376,10,historical
2018|autumn||2018秋季東京地区大会|1R|日本ウェルネス|17|大山･蒲田･目黒学院･六郷工科|0,2018,autumn,,2018秋季東京地区大会,1R,prefecture,東東京,東京,17,0,1023.3404,980.12,0.586176,4.8,1.9864,1025.3268,978.1336,8.6321,-8.6321,11,historical
2018|autumn||2018秋季東京地区大会|1R|日本ウェルネス|17|大山･蒲田･目黒学院･六郷工科|0,2018,autumn,,2018秋季東京地区大会,1R,prefecture,東東京,東京,17,0,1025.3268,978.1336,0.595067,4.8,1.9437,1027.2704,976.1899,9.8399,-9.8399,12,historical
2018|autumn||2018秋季東京地区大会|1R|日本ウェルネス|17|大山･蒲田･目黒学院･六郷工科|0,2018,autumn,,2018秋季東京地区大会,1R,prefecture,東東京,東京,17,0,1027.2704,976.1899,0.603798,4.8,1.9018,1029.1722,974.2882,11.0547,-11.0547,13,historical
2018|autumn||2018秋季東京地区大会|1R|日本ウェルネス|17|大山･蒲田･目黒学院･六郷工科|0,2018,autumn,,2018秋季東京地区大会,1R,prefecture,東東京,東京,17,0,1029.1722,974.2882,0.612354,4.8,1.8607,1031.0329,972.4275,12.2716,-12.2716,14,historical
2018|autumn||2018秋季東京地区大会|1R|日本ウェルネス|17|大山･蒲田･目黒学院･六郷工科|0,2018,autumn,,2018秋季東京地区大会,1R,prefecture,東東京,東京,17,0,1031.0329,972.4275,0.620726,4.8,1.8205,1032.8534,970.6069,13.4866,-13.4866,15,historical
2018|autumn||2018秋季東京地区大会|1R|日本ウェルネス|17|大山･蒲田･目黒学院･六郷工科|0,2018,autumn,,2018秋季東京地区大会,1R,prefecture,東東京,東京,17,0,1032.8534,970.6069,0.628904,4.8,1.7813,1034.6347,968.8257,14.6965,-14.6965,16,historical
2018|autumn||2018秋季東京地区大会|1R|日本ウェルネス|17|大山･蒲田･目黒学院･六郷工科|0,2018,autumn,,2018秋季東京地区大会,1R,prefecture,東東京,東京,17,0,1034.6347,968.8257,0.636885,4.8,1.743,1036.3776,967.0827,15.8989,-15.8989,17,historical
2018|autumn||2018秋季東京地区大会|1R|片倉|2|修徳|1,2018,autumn,,2018秋季東京地区大会,1R,prefecture,西東京,東東京,2,1,1013.6405,1036.3776,0.466182,4.8,2.5623,1016.2028,1033.8153,-0.3988,0.3988,44,historical
2018|autumn||2018秋季東京地区大会|1R|目白研心|7|日大三|5,2018,autumn,,2018秋季東京地区大会,1R,prefecture,東東京,西東京,7,5,1033.8153,1016.2028,0.521788,4.8,2.2954,1036.1107,1013.9074,-1.2315,1.2315,45,historical
2018|autumn||2018秋季東京地区大会|1R|小平西|6|海城|2,2018,autumn,,2018秋季東京地区大会,1R,prefecture,西東京,東東京,6,2,1013.9074,1036.1107,0.467428,4.8,2.5563,1016.4637,1033.5544,-0.231,0.231,46,historical
2018|autumn||2018秋季東京地区大会|1R|国学院久我山|4|実践学園|1,2018,autumn,,2018秋季東京地区大会,1R,prefecture,西東京,東東京,4,1,1016.4637,1033.5544,0.479465,4.8,2.4986,1018.9623,1031.0558,1.4067,-1.4067,47,historical
2018|autumn||2018秋季東京地区大会|1R|世田谷学園|4|江戸川|2,2018,autumn,,2018秋季東京地区大会,1R,prefecture,西東京,東東京,4,2,1018.9623,1031.0558,0.491281,4.8,2.4419,1021.4042,1028.614,3.0172,-3.0172,48,historical
2018|autumn||2018秋季東京地区大会|2R|東亜学園|4|片倉|2,2018,autumn,,2018秋季東京地区大会,2R,prefecture,東東京,西東京,4,2,1028.614,1021.4042,0.497135,4.8,2.4138,1031.0277,1018.9904,-4.6003,4.6003,49,historical
2018|autumn||2018秋季東京地区大会|2R|世田谷学園|9|成立学園|3,2018,autumn,,2018秋季東京地区大会,2R,prefecture,西東京,東東京,9,3,1018.9904,1031.0277,0.491464,4.8,2.441,1021.4314,1028.5867,3.0527,-3.0527,50,historical
2018|autumn||2018秋季東京地区大会|2R|岩倉|3|八王子|2,2018,autumn,,2018秋季東京地区大会,2R,prefecture,東東京,西東京,3,2,1028.5867,1021.4314,0.496933,4.8,2.4147,1031.0015,1019.0166,-4.6434,4.6434,51,historical
2018|autumn||2018秋季東京地区大会|2R|二松学舎大付|10|東大和|0,2018,autumn,,2018秋季東京地区大会,2R,prefecture,東東京,西東京,10,0,1031.0015,1019.0166,0.508365,4.8,2.3599,1033.3613,1016.6568,-3.086,3.086,52,historical
2018|autumn||2018秋季東京地区大会|2R|日体大荏原|9|墨田工|3,2018,autumn,,2018秋季東京地区大会,2R,prefecture,東東京,東京,9,3,1033.3613,967.0827,0.640677,4.8,1.7247,1035.0861,965.358,17.0917,-17.0917,18,historical
2018|autumn||2018秋季東京地区大会|2R|文京|4|啓明学園|1,2018,autumn,,2018秋季東京地区大会,2R,prefecture,東東京,西東京,4,1,1035.0861,1016.6568,0.522029,4.8,2.2943,1037.3803,1014.3625,-1.556,1.556,53,historical
2018|autumn||2018秋季東京地区大会|2R|帝京|6|創価|5,2018,autumn,,2018秋季東京地区大会,2R,prefecture,東東京,西東京,6,5,1037.3803,1014.3625,0.532902,4.8,2.2421,1039.6224,1012.1205,-0.0611,0.0611,54,historical
2018|autumn||2018秋季東京地区大会|3R|東海大菅生|2|二松学舎大付|1,2018,autumn,,2018秋季東京地区大会,3R,prefecture,西東京,東東京,2,1,1012.1205,1039.6224,0.456483,4.8,2.6089,1014.7293,1037.0135,-1.4067,1.4067,55,historical
2018|autumn||2018秋季東京地区大会|3R|早稲田実|3|帝京|1,2018,autumn,,2018秋季東京地区大会,3R,prefecture,西東京,東東京,3,1,1014.7293,1037.0135,0.468841,4.8,2.5496,1017.2789,1034.4639,0.3021,-0.3021,56,historical
2018|autumn||2018秋季東京地区大会|3R|国士舘|5|関東一|1,2018,autumn,,2018秋季東京地区大会,3R,prefecture,西東京,東東京,5,1,1017.2789,1034.4639,0.480976,4.8,2.4913,1019.7702,1031.9726,1.9796,-1.9796,57,historical
2018|autumn||2018秋季東京地区大会|QF|国士舘|9|城東|1,2018,autumn,,2018秋季東京地区大会,QF,regional,西東京,東東京,9,1,1019.7702,1031.9726,0.492876,8.0,4.057,1023.8272,1027.9156,3.6258,-3.6258,58,historical
2018|autumn||2018秋季東京地区大会|QF|東亜学園|10|国学院久我山|7,2018,autumn,,2018秋季東京地区大会,QF,regional,東東京,西東京,10,7,1027.9156,1023.8272,0.487717,8.0,4.0983,1032.0139,1019.729,-6.3127,6.3127,59,historical
2018|autumn||2018秋季東京地区大会|QF|東海大菅生|3|岩倉|1,2018,autumn,,2018秋季東京地区大会,QF,regional,西東京,東東京,3,1,1019.729,1032.0139,0.492721,8.0,4.0582,1023.7872,1027.9557,3.6132,-3.6132,60,historical
2018|autumn||2018秋季東京地区大会|QF|早稲田実|10|日体大荏原|1,2018,autumn,,2018秋季東京地区大会,QF,regional,西東京,東東京,10,1,1023.7872,1027.9557,0.512163,8.0,3.9027,1027.6899,1024.053,6.311,-6.311,61,historical
2018|autumn||2018秋季東京地区大会|SF|国士舘|5|東亜学園|1,2018,autumn,,2018秋季東京地区大会,SF,regional,西東京,東東京,5,1,1027.6899,1024.053,0.530855,8.0,3.7532,1031.443,1020.2998,8.9153,-8.9153,62,historical
2018|autumn||2018秋季北信越地区大会|1R|啓新|6|富山第一|2,2018,autumn,,2018秋季北信越地区大会,1R,regional,福井,富山,6,2,966.1968,991.0466,0.463363,8.0,4.2931,970.4899,986.7535,-0.3268,0.3268,1,historical
2018|autumn||2018秋季北信越地区大会|1R|遊学館|8|新潟南|1,2018,autumn,,2018秋季北信越地区大会,1R,regional,石川,新潟,8,1,1035.1444,987.8758,0.580282,8.0,3.3577,1038.5022,984.518,4.502,-4.502,6,historical
2018|autumn||2018秋季北信越地区大会|1R|福井工大福井|8|高岡第一|2,2018,autumn,,2018秋季北信越地区大会,1R,regional,福井,富山,8,2,970.4899,986.7535,0.476772,8.0,4.1858,974.6757,982.5677,0.0557,-0.0557,2,historical
2018|autumn||2018秋季北信越地区大会|1R|上田西|9|帝京長岡|0,2018,autumn,,2018秋季北信越地区大会,1R,regional,長野,新潟,9,0,989.0284,984.518,0.506362,8.0,3.9491,992.9775,980.5689,-0.0445,0.0445,4,historical
2018|autumn||2018秋季北信越地区大会|1R|星稜|9|関根学園|0,2018,autumn,,2018秋季北信越地区大会,1R,regional,石川,新潟,9,0,1038.5022,980.5689,0.599518,8.0,3.2039,1041.706,977.3651,6.0773,-6.0773,7,historical
2018|autumn||2018秋季北信越地区大会|1R|松本第一|6|金津|0,2018,autumn,,2018秋季北信越地区大会,1R,regional,長野,福井,6,0,992.9775,974.6757,0.528474,8.0,3.7722,996.7497,970.9035,0.7526,-0.7526,3,historical
2018|autumn||2018秋季北信越地区大会|1R|日本文理|10|小松商|0,2018,autumn,,2018秋季北信越地区大会,1R,regional,新潟,石川,10,0,977.3651,1041.706,0.387182,8.0,4.9025,982.2676,1036.8035,-7.7129,7.7129,8,historical
2018|autumn||2018秋季北信越地区大会|1R|東海大諏訪|8|高岡商|7,2018,autumn,,2018秋季北信越地区大会,1R,regional,長野,富山,8,7,996.7497,982.5677,0.516049,8.0,3.8716,1000.6213,978.696,-1.513,1.513,2,historical
2018|autumn||2018秋季北信越地区大会|QF|東海大諏訪|2|日本文理|1,2018,autumn,,2018秋季北信越地区大会,QF,regional,長野,新潟,2,1,1000.6213,982.2676,0.52951,8.0,3.7639,1004.3852,978.5037,1.0878,-1.0878,5,historical
2018|autumn||2018秋季北信越地区大会|QF|星稜|11|松本第一|0,2018,autumn,,2018秋季北信越地区大会,QF,regional,石川,長野,11,0,1036.8035,1004.3852,0.546193,8.0,3.6305,1040.4339,1000.7547,-0.1142,0.1142,2,historical
2018|autumn||2018秋季北信越地区大会|QF|啓新|3|遊学館|2,2018,autumn,,2018秋季北信越地区大会,QF,regional,福井,石川,3,2,970.9035,1040.4339,0.400392,8.0,4.7969,975.7004,1035.6371,-0.3112,0.3112,1,historical
2018|autumn||2018秋季北信越地区大会|QF|上田西|8|福井工大福井|1,2018,autumn,,2018秋季北信越地区大会,QF,regional,長野,福井,8,1,1000.7547,975.7004,0.541324,8.0,3.6694,1004.4242,972.0309,1.8629,-1.8629,4,historical
2018|autumn||2018秋季北信越地区大会|SF|啓新|4|上田西|3,2018,autumn,,2018秋季北信越地区大会,SF,regional,福井,長野,4,3,972.0309,1004.4242,0.44438,8.0,4.445,976.4759,999.9792,-3.208,3.208,5,historical
2018|autumn||2018秋季北信越地区大会|SF|星稜|4|東海大諏訪|0,2018,autumn,,2018秋季北信越地区大会,SF,regional,石川,長野,4,0,1035.6371,999.9792,0.552807,8.0,3.5775,1039.2146,996.4017,0.5869,-0.5869,3,historical
2018|autumn||2018秋季北信越地区大会|F|啓新|2|星稜|2,2018,autumn,,2018秋季北信越地区大会,F,regional,福井,石川,2,2,976.4759,1039.2146,0.411125,8.0,0.711,977.1869,1038.5036,0.1594,-0.1594,2,historical
2018|autumn||2018秋季北信越地区大会|F|星稜|7|啓新|4,2018,autumn,,2018秋季北信越地区大会,F,regional,石川,福井,7,4,1038.5036,977.1869,0.586324,8.0,3.3094,1041.813,973.8775,-0.3628,0.3628,3,historical
2018|autumn||2018秋季東海地区大会|1R|津田学園|10|大垣日大|3,2018,autumn,,2018秋季東海地区大会,1R,regional,三重,岐阜,10,3,997.5433,978.5987,0.532958,8.0,3.7363,1001.2796,974.8623,1.9951,-1.9951,4,historical
2018|autumn||2018秋季東海地区大会|1R|中京大中京|11|静岡|2,2018,autumn,,2018秋季東海地区大会,1R,regional,愛知,静岡,11,2,989.6875,1007.1978,0.478688,8.0,4.1705,993.858,1003.0273,1.3461,-1.3461,7,historical
2018|autumn||2018秋季東海地区大会|1R|三重|2|中部大春日丘|1,2018,autumn,,2018秋季東海地区大会,1R,regional,三重,愛知,2,1,1001.2796,993.858,0.503909,8.0,3.9687,1005.2483,989.8892,-2.3526,2.3526,3,historical
2018|autumn||2018秋季東海地区大会|1R|岐阜第一|5|清水桜が丘|4,2018,autumn,,2018秋季東海地区大会,1R,regional,岐阜,静岡,5,4,974.8623,1003.0273,0.457531,8.0,4.3398,979.2021,998.6875,-0.7083,0.7083,3,historical
2018|autumn||2018秋季東海地区大会|QF|津田学園|7|御殿場西|2,2018,autumn,,2018秋季東海地区大会,QF,regional,三重,静岡,7,2,1005.2483,998.6875,0.508017,8.0,3.9359,1009.1842,994.7517,-0.4947,0.4947,5,historical
2018|autumn||2018秋季東海地区大会|QF|中京学院大中京|7|三重|0,2018,autumn,,2018秋季東海地区大会,QF,regional,岐阜,三重,7,0,979.2021,1009.1842,0.447321,8.0,4.4214,983.6235,1004.7628,-3.3798,3.3798,5,historical
2018|autumn||2018秋季東海地区大会|QF|中京大中京|4|菰野|3,2018,autumn,,2018秋季東海地区大会,QF,regional,愛知,三重,4,3,989.8892,1004.7628,0.484021,8.0,4.1278,994.0171,1000.6349,1.8832,-1.8832,4,historical
2018|autumn||2018秋季東海地区大会|QF|東邦|7|岐阜第一|0,2018,autumn,,2018秋季東海地区大会,QF,regional,愛知,岐阜,7,0,994.0171,983.6235,0.514651,8.0,3.8828,997.8999,979.7407,-0.1051,0.1051,4,historical
2018|autumn||2018秋季東海地区大会|SF|津田学園|13|中京大中京|2,2018,autumn,,2018秋季東海地区大会,SF,regional,三重,愛知,13,2,1000.6349,997.8999,0.494255,8.0,4.046,1004.6809,993.8539,-3.3636,3.3636,5,historical
2018|autumn||2018秋季東海地区大会|SF|東邦|10|中京学院大中京|9,2018,autumn,,2018秋季東海地区大会,SF,regional,愛知,岐阜,10,9,993.8539,979.7407,0.523169,8.0,3.8147,997.6685,975.9261,0.9988,-0.9988,5,historical
2018|autumn||2018秋季東海地区大会|F|東邦|10|津田学園|2,2018,autumn,,2018秋季東海地区大会,F,regional,愛知,三重,10,2,997.6685,1004.6809,0.496953,8.0,4.0244,1001.6929,1000.6565,2.4476,-2.4476,6,historical
2018|autumn||2018秋季近畿地区大会|1R|龍谷大平安|4|天理|3,2018,autumn,,2018秋季近畿地区大会,1R,regional,京,奈良,4,3,997.5818,1003.5047,0.492471,8.0,4.0602,1001.642,999.4445,0.3455,-0.3455,1,historical
2018|autumn||2018秋季近畿地区大会|1R|市和歌山|8|近江兄弟社|4,2018,autumn,,2018秋季近畿地区大会,1R,regional,和歌山,滋賀,8,4,1014.2081,1006.1245,0.507668,8.0,3.9387,1018.1468,1002.1858,-1.3773,1.3773,3,historical
2018|autumn||2018秋季近畿地区大会|1R|履正社|11|南部|2,2018,autumn,,2018秋季近畿地区大会,1R,regional,大阪,和歌山,11,2,1106.1287,1018.1468,0.636486,8.0,2.9081,1109.0368,1015.2387,4.6626,-4.6626,6,historical
2018|autumn||2018秋季近畿地区大会|1R|福知山成美|5|神戸国際大付|4,2018,autumn,,2018秋季近畿地区大会,1R,regional,京,兵庫,5,4,1001.642,982.1464,0.528091,8.0,3.7753,1005.4173,978.3711,0.0223,-0.0223,2,historical
2018|autumn||2018秋季近畿地区大会|1R|報徳学園|5|近江|2,2018,autumn,,2018秋季近畿地区大会,1R,regional,兵庫,滋賀,5,2,978.3711,1002.1858,0.464853,8.0,4.2812,982.6523,997.9046,-0.3241,0.3241,1,historical
2018|autumn||2018秋季近畿地区大会|1R|明石商|6|京都国際|4,2018,autumn,,2018秋季近畿地区大会,1R,regional,兵庫,京,6,4,982.6523,1005.4173,0.464986,8.0,4.2801,986.9324,1001.1372,-0.8026,0.8026,3,historical
2018|autumn||2018秋季近畿地区大会|1R|智弁和歌山|12|大阪偕星|5,2018,autumn,,2018秋季近畿地区大会,1R,regional,和歌山,大阪,12,5,1015.2387,1109.0368,0.352033,8.0,5.1837,1020.4224,1103.8531,-6.0949,6.0949,7,historical
2018|autumn||2018秋季近畿地区大会|1R|大阪桐蔭|10|橿原|0,2018,autumn,,2018秋季近畿地区大会,1R,regional,大阪,奈良,10,0,1103.8531,999.4445,0.651532,8.0,2.7877,1106.6409,996.6567,2.1503,-2.1503,3,historical
2018|autumn||2018秋季近畿地区大会|QF|龍谷大平安|5|市和歌山|4,2018,autumn,,2018秋季近畿地区大会,QF,regional,京,和歌山,5,4,1001.1372,1020.4224,0.471336,8.0,4.2293,1005.3665,1016.1931,-0.3272,0.3272,1,historical
2018|autumn||2018秋季近畿地区大会|QF|履正社|5|福知山成美|0,2018,autumn,,2018秋季近畿地区大会,QF,regional,大阪,京,5,0,1106.6409,1005.3665,0.642507,8.0,2.8599,1109.5008,1002.5065,0.2847,-0.2847,1,historical
2018|autumn||2018秋季近畿地区大会|QF|智弁和歌山|5|大阪桐蔭|2,2018,autumn,,2018秋季近畿地区大会,QF,regional,和歌山,大阪,5,2,1016.1931,1109.5008,0.356652,8.0,5.1468,1021.3399,1104.354,-4.5863,4.5863,8,historical
2018|autumn||2018秋季近畿地区大会|SF|龍谷大平安|7|履正社|0,2018,autumn,,2018秋季近畿地区大会,SF,regional,京,大阪,7,0,1002.5065,1104.354,0.355003,8.0,5.16,1007.6665,1099.194,-0.9415,0.9415,2,historical
2018|autumn||2018秋季近畿地区大会|SF|明石商|12|智弁和歌山|0,2018,autumn,,2018秋季近畿地区大会,SF,regional,兵庫,和歌山,12,0,986.9324,1021.3399,0.449801,8.0,4.4016,991.334,1016.9383,-0.2961,0.2961,1,historical
2018|autumn||2018秋季近畿地区大会|F|龍谷大平安|2|明石商|1,2018,autumn,,2018秋季近畿地区大会,F,regional,京,兵庫,2,1,1007.6665,991.334,0.523231,8.0,3.8142,1011.4807,987.5199,-0.0891,0.0891,4,historical
2018|autumn||2018秋季中国地区大会|1R|米子東|7|開星|6,2018,autumn,,2018秋季中国地区大会,1R,regional,鳥取,島根,7,6,989.1282,963.2888,0.537994,8.0,3.696,992.8242,959.5928,0.3064,-0.3064,1,historical
2018|autumn||2018秋季中国地区大会|1R|創志学園|9|鳥取城北|3,2018,autumn,,2018秋季中国地区大会,1R,regional,岡山,鳥取,9,3,990.0441,992.8242,0.495088,8.0,4.0393,994.0834,988.7849,-0.3167,0.3167,1,historical
2018|autumn||2018秋季中国地区大会|1R|崇徳|12|平田|5,2018,autumn,,2018秋季中国地区大会,1R,regional,広島,島根,12,5,1030.8876,959.5928,0.60205,8.0,3.1836,1034.0712,956.4091,0.3132,-0.3132,1,historical
2018|autumn||2018秋季中国地区大会|1R|市呉|6|岩国商|1,2018,autumn,,2018秋季中国地区大会,1R,regional,広島,山口,6,1,1034.0712,1001.7365,0.550692,8.0,3.5945,1037.6657,998.1421,1.5055,-1.5055,4,historical
2018|autumn||2018秋季中国地区大会|1R|関西|7|聖光|6,2018,autumn,,2018秋季中国地区大会,1R,regional,岡山,山口,7,6,994.0834,998.1421,0.495648,8.0,4.0348,998.1182,994.1073,0.5174,-0.5174,5,historical
2018|autumn||2018秋季中国地区大会|1R|岡山理大付|4|大社|3,2018,autumn,,2018秋季中国地区大会,1R,regional,岡山,島根,4,3,998.1182,956.4091,0.563004,8.0,3.496,1001.6141,952.9132,1.1524,-1.1524,2,historical
2018|autumn||2018秋季中国地区大会|1R|広陵|2|鳥取商|1,2018,autumn,,2018秋季中国地区大会,1R,regional,広島,鳥取,2,1,1037.6657,988.7849,0.572297,8.0,3.4216,1041.0873,985.3633,0.8553,-0.8553,5,historical
2018|autumn||2018秋季中国地区大会|QF|米子東|8|倉敷商|6,2018,autumn,,2018秋季中国地区大会,QF,regional,鳥取,岡山,8,6,985.3633,1001.6141,0.476527,8.0,4.1878,989.5511,997.4264,-0.0358,0.0358,2,historical
2018|autumn||2018秋季中国地区大会|QF|創志学園|6|崇徳|4,2018,autumn,,2018秋季中国地区大会,QF,regional,岡山,広島,6,4,997.4264,1041.0873,0.436108,8.0,4.5111,1001.9375,1036.5762,-0.4898,0.4898,3,historical
2018|autumn||2018秋季中国地区大会|QF|市呉|11|岡山理大付|3,2018,autumn,,2018秋季中国地区大会,QF,regional,広島,岡山,11,3,1036.5762,1001.9375,0.548176,8.0,3.6146,1040.1908,998.3229,-0.5291,0.5291,4,historical
2018|autumn||2018秋季中国地区大会|QF|広陵|13|関西|8,2018,autumn,,2018秋季中国地区大会,QF,regional,広島,岡山,13,8,1040.1908,998.3229,0.561188,8.0,3.5105,1043.7013,994.8124,0.4321,-0.4321,5,historical
2018|autumn||2018秋季中国地区大会|SF|米子東|6|市呉|5,2018,autumn,,2018秋季中国地区大会,SF,regional,鳥取,広島,6,5,989.5511,1043.7013,0.41694,8.0,4.6645,994.2156,1039.0368,-2.0529,2.0529,6,historical
2018|autumn||2018秋季中国地区大会|SF|広陵|7|創志学園|0,2018,autumn,,2018秋季中国地区大会,SF,regional,広島,岡山,7,0,1039.0368,994.8124,0.567856,8.0,3.4571,1042.494,991.3553,1.6099,-1.6099,6,historical
2018|autumn||2018秋季中国地区大会|F|広陵|6|米子東|2,2018,autumn,,2018秋季中国地区大会,F,regional,広島,鳥取,6,2,1042.494,994.2156,0.570736,8.0,3.4341,1045.9281,990.7815,0.6028,-0.6028,7,historical
2018|autumn||2018秋季四国地区大会|1R|富岡西|8|高知|7,2018,autumn,,2018秋季四国地区大会,1R,regional,徳島,高知,8,7,970.0146,1020.9687,0.422344,8.0,4.6212,974.6359,1016.3474,-1.7236,1.7236,4,historical
2018|autumn||2018秋季四国地区大会|1R|明徳義塾|2|聖カタリナ|0,2018,autumn,,2018秋季四国地区大会,1R,regional,高知,愛媛,2,0,1016.3474,1016.0948,0.507641,8.0,3.9389,1020.2863,1012.1559,2.5287,-2.5287,5,historical
2018|autumn||2018秋季四国地区大会|1R|松山聖陵|11|志度|3,2018,autumn,,2018秋季四国地区大会,1R,regional,愛媛,徳島,11,3,1012.1559,974.6359,0.556884,8.0,3.5449,1015.7009,971.091,1.0895,-1.0895,2,historical
2018|autumn||2018秋季四国地区大会|1R|徳島商|6|英明|4,2018,autumn,,2018秋季四国地区大会,1R,regional,徳島,香川,6,4,971.091,1005.5738,0.4475,8.0,4.42,975.511,1001.1538,-1.0663,1.0663,2,historical
2018|autumn||2018秋季四国地区大会|QF|富岡西|10|帝京五|6,2018,autumn,,2018秋季四国地区大会,QF,regional,徳島,愛媛,10,6,975.511,1015.7009,0.436149,8.0,4.5108,980.0218,1011.1901,-2.2108,2.2108,3,historical
2018|autumn||2018秋季四国地区大会|QF|高松商|4|明徳義塾|2,2018,autumn,,2018秋季四国地区大会,QF,regional,香川,高知,4,2,1001.1538,1020.2863,0.482206,8.0,4.1424,1005.2961,1016.144,3.3814,-3.3814,5,historical
2018|autumn||2018秋季四国地区大会|QF|松山聖陵|5|川島|1,2018,autumn,,2018秋季四国地区大会,QF,regional,愛媛,徳島,5,1,1011.1901,980.0218,0.549226,8.0,3.6062,1014.7962,976.4156,1.5744,-1.5744,4,historical
2018|autumn||2018秋季四国地区大会|QF|高知商|2|徳島商|1,2018,autumn,,2018秋季四国地区大会,QF,regional,高知,徳島,2,1,1016.144,976.4156,0.558788,8.0,3.5297,1019.6737,972.8859,0.6557,-0.6557,5,historical
2018|autumn||2018秋季四国地区大会|SF|松山聖陵|5|富岡西|3,2018,autumn,,2018秋季四国地区大会,SF,regional,愛媛,徳島,5,3,1014.7962,972.8859,0.56811,8.0,3.4551,1018.2514,969.4308,2.8568,-2.8568,5,historical
2018|autumn||2018秋季四国地区大会|SF|高松商|10|高知商|4,2018,autumn,,2018秋季四国地区大会,SF,regional,香川,高知,10,4,1005.2961,1019.6737,0.493986,8.0,4.0481,1009.3442,1015.6255,5.0993,-5.0993,6,historical
2018|autumn||2018秋季四国地区大会|F|高松商|3|松山聖陵|1,2018,autumn,,2018秋季四国地区大会,F,regional,香川,愛媛,3,1,1009.3442,1018.2514,0.479973,8.0,4.1602,1013.5044,1014.0911,-2.5083,2.5083,6,historical
2018|autumn||2018秋季九州地区大会|1R|長崎商|8|沖縄水産|4,2018,autumn,,2018秋季九州地区大会,1R,regional,長崎,沖縄,8,4,1009.3861,1000.9088,0.512301,8.0,3.9016,1013.2877,997.0072,0.0361,-0.0361,2,historical
2018|autumn||2018秋季九州地区大会|1R|明豊|7|鹿屋中央|3,2018,autumn,,2018秋季九州地区大会,1R,regional,大分,鹿児島,7,3,1000.9763,1008.7743,0.492934,8.0,4.0565,1005.0328,1004.7178,1.4437,-1.4437,3,historical
2018|autumn||2018秋季九州地区大会|1R|日章学園|7|九州国際大付|5,2018,autumn,,2018秋季九州地区大会,1R,regional,宮崎,福岡,7,5,984.9665,998.4813,0.483935,8.0,4.1285,989.095,994.3528,1.174,-1.174,2,historical
2018|autumn||2018秋季九州地区大会|1R|熊本西|3|佐賀学園|2,2018,autumn,,2018秋季九州地区大会,1R,regional,熊本,佐賀,3,2,984.3774,969.834,0.520917,8.0,3.8327,988.21,966.0013,-0.0,0.0,0,historical
2018|autumn||2018秋季九州地区大会|1R|神村学園|12|北陵|4,2018,autumn,,2018秋季九州地区大会,1R,regional,鹿児島,佐賀,12,4,1004.7178,966.0013,0.555488,8.0,3.5561,1008.2739,962.4452,-0.0,0.0,0,historical
2018|autumn||2018秋季九州地区大会|1R|興南|5|熊本国府|2,2018,autumn,,2018秋季九州地区大会,1R,regional,沖縄,熊本,5,2,997.0072,988.21,0.514727,8.0,3.8822,1000.8894,984.3278,0.7197,-0.7197,3,historical
2018|autumn||2018秋季九州地区大会|1R|大分|4|長崎南山|1,2018,autumn,,2018秋季九州地区大会,1R,regional,大分,長崎,4,1,1005.0328,1013.2877,0.488123,8.0,4.095,1009.1279,1009.1927,0.0,-0.0,0,historical
2018|autumn||2018秋季九州地区大会|1R|筑陽学園|1|小林西|0,2018,autumn,,2018秋季九州地区大会,1R,regional,福岡,宮崎,1,0,994.3528,989.095,0.500528,8.0,3.9958,998.3485,985.0992,-2.4454,2.4454,3,historical
2018|autumn||2018秋季九州地区大会|QF|明豊|10|長崎商|1,2018,autumn,,2018秋季九州地区大会,QF,regional,大分,長崎,10,1,1009.1279,1009.1927,0.500889,8.0,3.9929,1013.1208,1005.1998,0.3413,-0.3413,1,historical
2018|autumn||2018秋季九州地区大会|QF|日章学園|8|熊本西|1,2018,autumn,,2018秋季九州地区大会,QF,regional,宮崎,熊本,8,1,985.0992,984.3278,0.504599,8.0,3.9632,989.0624,980.3646,1.2121,-1.2121,2,historical
2018|autumn||2018秋季九州地区大会|QF|大分|8|神村学園|1,2018,autumn,,2018秋季九州地区大会,QF,regional,大分,鹿児島,8,1,1013.1208,1008.2739,0.514968,8.0,3.8803,1017.001,1004.3936,2.7787,-2.7787,4,historical
2018|autumn||2018秋季九州地区大会|QF|筑陽学園|1|興南|0,2018,autumn,,2018秋季九州地区大会,QF,regional,福岡,沖縄,1,0,998.3485,1000.8894,0.496773,8.0,4.0258,1002.3743,996.8635,0.1493,-0.1493,4,historical
2018|autumn||2018秋季九州地区大会|SF|明豊|10|日章学園|4,2018,autumn,,2018秋季九州地区大会,SF,regional,大分,宮崎,10,4,1017.001,989.0624,0.540028,8.0,3.6798,1020.6808,985.3826,-0.0322,0.0322,2,historical
2018|autumn||2018秋季九州地区大会|SF|筑陽学園|5|大分|3,2018,autumn,,2018秋季九州地区大会,SF,regional,福岡,大分,5,3,1002.3743,1020.6808,0.475971,8.0,4.1922,1006.5666,1016.4885,0.7981,-0.7981,3,historical
2018|autumn||2018秋季九州地区大会|F|筑陽学園|7|明豊|5,2018,autumn,,2018秋季九州地区大会,F,regional,福岡,大分,7,5,1006.5666,1016.4885,0.491546,8.0,4.0676,1010.6342,1012.4209,2.0236,-2.0236,4,historical
2018|jingu||2018明治神宮大会|1R|八戸学院光星|7|東邦|3,2018,jingu,,2018明治神宮大会,1R,national,青森,愛知,7,3,1013.8351,1001.6929,0.517467,9.2,4.4393,1018.2744,997.2536,-0.0,0.0,0,historical
2018|jingu||2018明治神宮大会|1R|札幌大谷|6|龍谷大平安|5,2018,jingu,,2018明治神宮大会,1R,national,南北海道,京,6,5,1009.0973,1011.4807,0.49657,9.2,4.6316,1013.7288,1006.8491,-0.0,0.0,0,historical
2018|jingu||2018明治神宮大会|QF|星稜|9|広陵|0,2018,jingu,,2018明治神宮大会,QF,national,石川,広島,9,0,1041.813,1045.9281,0.494078,9.2,4.6545,1046.4675,1041.2736,-0.0,0.0,0,historical
2018|jingu||2018明治神宮大会|QF|筑陽学園|10|桐蔭学園|1,2018,jingu,,2018明治神宮大会,QF,national,福岡,神奈川,10,1,1010.6342,1021.535,0.484318,9.2,4.7443,1015.3785,1016.7907,-0.0,0.0,0,historical
2018|jingu||2018明治神宮大会|QF|高松商|9|八戸学院光星|6,2018,jingu,,2018明治神宮大会,QF,national,香川,青森,9,6,1013.5044,1018.2744,0.493136,9.2,4.6631,1018.1676,1013.6113,-0.0,0.0,0,historical
2018|jingu||2018明治神宮大会|QF|札幌大谷|7|国士舘|3,2018,jingu,,2018明治神宮大会,QF,regional,南北海道,西東京,7,3,1013.7288,1031.443,0.474529,8.0,4.2038,1017.9326,1027.2393,0.0,-0.0,0,historical
2018|jingu||2018明治神宮大会|SF|星稜|7|高松商|4,2018,jingu,,2018明治神宮大会,SF,national,石川,香川,7,4,1046.4675,1018.1676,0.540637,9.2,4.2261,1050.6936,1013.9415,0.0,-0.0,0,historical
2018|jingu||2018明治神宮大会|SF|札幌大谷|5|筑陽学園|2,2018,jingu,,2018明治神宮大会,SF,national,南北海道,福岡,5,2,1017.9326,1015.3785,0.503002,9.2,4.5724,1022.505,1010.8061,-0.2342,0.2342,1,historical
2018|jingu||2018明治神宮大会|F|札幌大谷|2|星稜|1,2018,jingu,,2018明治神宮大会,F,national,南北海道,石川,2,1,1022.505,1050.6936,0.459522,9.2,4.9724,1027.4774,1045.7212,0.0,-0.0,0,historical
2019|spring||2019春季北海道地区大会|1R|札幌光星|10|帯広大谷|5,2019,spring,,2019春季北海道地区大会,1R,regional,南北海道,北北海道,10,5,1027.4774,970.892,0.621004,7.6,2.8804,1030.3577,968.0117,14.5994,-14.5994,35,historical
2019|spring||2019春季北海道地区大会|1R|旭川大高|6|札幌新川|4,2019,spring,,2019春季北海道地区大会,1R,regional,北北海道,南北海道,6,4,968.0117,1030.3577,0.366283,7.6,4.8163,972.8279,1025.5415,-16.4428,16.4428,36,historical
2019|spring||2019春季北海道地区大会|QF|苫小牧工|13|釧路湖陵|3,2019,spring,,2019春季北海道地区大会,QF,regional,南北海道,北北海道,13,3,1025.5415,972.8279,0.612893,7.6,2.942,1028.4835,969.8859,13.554,-13.554,37,historical
2019|spring||2019春季北海道地区大会|QF|札幌第一|7|滝川西|3,2019,spring,,2019春季北海道地区大会,QF,regional,南北海道,北北海道,7,3,1028.4835,969.8859,0.625996,7.6,2.8424,1031.3259,967.0435,15.4404,-15.4404,38,historical
2019|spring||2019春季北海道地区大会|QF|駒大苫小牧|6|旭川大高|3,2019,spring,,2019春季北海道地区大会,QF,regional,南北海道,北北海道,6,3,1031.3259,967.0435,0.638525,7.6,2.7472,1034.0731,964.2963,17.2785,-17.2785,39,historical
2019|spring||2019春季東北地区大会|1R|東北学院|10|山形学院|3,2019,spring,,2019春季東北地区大会,1R,regional,宮城,山形,10,3,1010.5155,979.0912,0.546902,7.6,3.4435,1013.9591,975.6477,0.6314,-0.6314,3,historical
2019|spring||2019春季東北地区大会|1R|盛岡大付|5|日大東北|1,2019,spring,,2019春季東北地区大会,1R,regional,岩手,福島,5,1,1005.8234,1003.1445,0.498612,7.6,3.8105,1009.6339,999.3339,-1.8216,1.8216,4,historical
2019|spring||2019春季東北地区大会|2R|東日大昌平|8|能代|1,2019,spring,,2019春季東北地区大会,2R,regional,福島,秋田,8,1,999.3339,997.5678,0.502413,7.6,3.7817,1003.1156,993.7861,-0.0446,0.0446,2,historical
2019|spring||2019春季東北地区大会|2R|仙台育英|13|秋田中央|6,2019,spring,,2019春季東北地区大会,2R,regional,宮城,秋田,13,6,1013.9591,993.7861,0.533876,7.6,3.5425,1017.5016,990.2436,1.7012,-1.7012,4,historical
2019|spring||2019春季東北地区大会|2R|明桜|3|弘前東|1,2019,spring,,2019春季東北地区大会,2R,regional,秋田,青森,3,1,990.2436,1013.6113,0.469167,7.6,4.0343,994.2779,1009.5769,0.9576,-0.9576,3,historical
2019|spring||2019春季東北地区大会|2R|東北学院|9|花巻東|5,2019,spring,,2019春季東北地区大会,2R,regional,宮城,岩手,9,5,1017.5016,1009.6339,0.507781,7.6,3.7409,1021.2425,1005.893,-1.2301,1.2301,2,historical
2019|spring||2019春季東北地区大会|2R|学法石川|3|東北|2,2019,spring,,2019春季東北地区大会,2R,regional,福島,宮城,3,2,1003.1156,1021.2425,0.477496,7.6,3.971,1007.0866,1017.2715,1.2394,-1.2394,5,historical
2019|spring||2019春季東北地区大会|2R|聖愛|13|日大東北|1,2019,spring,,2019春季東北地区大会,2R,regional,青森,福島,13,1,1009.5769,1007.0866,0.50369,7.6,3.772,1013.3489,1003.3147,0.0367,-0.0367,4,historical
2019|spring||2019春季東北地区大会|2R|鶴岡東|10|盛岡大付|5,2019,spring,,2019春季東北地区大会,2R,regional,山形,岩手,10,5,975.6477,1005.893,0.447067,7.6,4.2023,979.85,1001.6908,-3.3374,3.3374,5,historical
2019|spring||2019春季東北地区大会|2R|青森山田|9|盛岡四|0,2019,spring,,2019春季東北地区大会,2R,regional,青森,岩手,9,0,1013.3489,1001.6908,0.538277,7.6,3.5091,1016.858,998.1817,7.4956,-7.4956,6,historical
2019|spring||2019春季東北地区大会|QF|聖愛|4|東北学院|3,2019,spring,,2019春季東北地区大会,QF,regional,青森,宮城,4,3,1016.858,1017.2715,0.481684,7.6,3.9392,1020.7972,1013.3323,-6.1596,6.1596,10,historical
2019|spring||2019春季東北地区大会|QF|明桜|4|学法石川|3,2019,spring,,2019春季東北地区大会,QF,regional,秋田,福島,4,3,994.2779,1003.3147,0.484948,7.6,3.9144,998.1923,999.4003,-0.7128,0.7128,3,historical
2019|spring||2019春季東北地区大会|QF|仙台育英|11|東日大昌平|1,2019,spring,,2019春季東北地区大会,QF,regional,宮城,福島,11,1,1013.3323,999.4003,0.512398,7.6,3.7058,1017.038,995.6945,-2.6574,2.6574,6,historical
2019|spring||2019春季東北地区大会|QF|鶴岡東|13|青森山田|1,2019,spring,,2019春季東北地区大会,QF,regional,山形,青森,13,1,979.85,1020.7972,0.438192,7.6,4.2697,984.1197,1016.5274,-1.1112,1.1112,2,historical
2019|spring||2019春季東北地区大会|SF|聖愛|7|仙台育英|6,2019,spring,,2019春季東北地区大会,SF,regional,青森,宮城,7,6,1016.5274,1017.038,0.485717,7.6,3.9086,1020.436,1013.1295,-4.7085,4.7085,11,historical
2019|spring||2019春季東北地区大会|SF|明桜|3|鶴岡東|2,2019,spring,,2019春季東北地区大会,SF,regional,秋田,山形,3,2,998.1923,984.1197,0.509104,7.6,3.7308,1001.9231,980.3889,-3.8728,3.8728,4,historical
2019|spring||2019春季東北地区大会|F|聖愛|5|明桜|4,2019,spring,,2019春季東北地区大会,F,regional,青森,秋田,5,4,1020.436,1001.9231,0.520359,7.6,3.6453,1024.0813,998.2779,-2.179,2.179,4,historical
2019|spring||2019春季関東地区大会|1R|東海大相模|4|木更津総合|3,2019,spring,,2019春季関東地区大会,1R,regional,神奈川,千葉,4,3,1016.7907,990.4535,0.540391,7.6,3.493,1020.2837,986.9605,0.8954,-0.8954,5,historical
2019|spring||2019春季関東地区大会|1R|山村学園|6|水戸商|5,2019,spring,,2019春季関東地区大会,1R,regional,埼玉,茨城,6,5,1031.512,987.8712,0.563318,7.6,3.3188,1034.8308,984.5524,0.2974,-0.2974,1,historical
2019|spring||2019春季関東地区大会|1R|桐光学園|11|東農大三|2,2019,spring,,2019春季関東地区大会,1R,regional,神奈川,埼玉,11,2,1020.2837,1034.8308,0.482322,7.6,3.9344,1024.2181,1030.8964,1.1289,-1.1289,6,historical
2019|spring||2019春季関東地区大会|2R|専大松戸|2|健大高崎|0,2019,spring,,2019春季関東地区大会,2R,regional,千葉,群馬,2,0,986.9605,1013.6862,0.461953,7.6,4.0892,991.0497,1009.597,0.1182,-0.1182,2,historical
2019|spring||2019春季関東地区大会|2R|国士舘|8|佐野日大|0,2019,spring,,2019春季関東地区大会,2R,prefecture,西東京,栃木,8,0,1027.2393,983.8536,0.561569,4.56,1.9992,1029.2385,981.8543,-0.1925,0.1925,1,historical
2019|spring||2019春季関東地区大会|2R|山村学園|13|習志野|2,2019,spring,,2019春季関東地区大会,2R,regional,埼玉,千葉,13,2,1030.8964,991.0497,0.558334,7.6,3.3567,1034.2531,987.693,0.4365,-0.4365,3,historical
2019|spring||2019春季関東地区大会|2R|浦和実|8|山梨学院|3,2019,spring,,2019春季関東地区大会,2R,regional,埼玉,山梨,8,3,1034.2531,970.4917,0.590568,7.6,3.1117,1037.3648,967.38,-0.0633,0.0633,1,historical
2019|spring||2019春季関東地区大会|2R|春日部共栄|11|栃木工|0,2019,spring,,2019春季関東地区大会,2R,regional,埼玉,栃木,11,0,1037.3648,981.8543,0.575356,7.6,3.2273,1040.5921,978.627,-1.3728,1.3728,2,historical
2019|spring||2019春季関東地区大会|2R|桐光学園|4|藤代|3,2019,spring,,2019春季関東地区大会,2R,regional,神奈川,茨城,4,3,1024.2181,984.5524,0.559384,7.6,3.3487,1027.5668,981.2037,0.897,-0.897,5,historical
2019|spring||2019春季関東地区大会|2R|東海大菅生|7|駿台甲府|0,2019,spring,,2019春季関東地区大会,2R,prefecture,西東京,山梨,7,0,1029.2385,967.38,0.588564,4.56,1.8761,1031.1147,965.5038,0.1689,-0.1689,1,historical
2019|spring||2019春季関東地区大会|2R|東海大相模|7|前橋育英|6,2019,spring,,2019春季関東地区大会,2R,regional,神奈川,群馬,7,6,1027.5668,1009.597,0.525768,7.6,3.6042,1031.1709,1005.9929,-0.0242,0.0242,2,historical
2019|spring||2019春季関東地区大会|QF|山村学園|10|国士舘|5,2019,spring,,2019春季関東地区大会,QF,prefecture,埼玉,西東京,10,5,1040.5921,1031.1147,0.515127,4.56,2.211,1042.8031,1028.9037,0.5186,-0.5186,3,historical
2019|spring||2019春季関東地区大会|QF|東海大相模|8|浦和実|1,2019,spring,,2019春季関東地区大会,QF,regional,神奈川,埼玉,8,1,1031.1709,1042.8031,0.490762,7.6,3.8702,1035.0411,1038.9329,2.6063,-2.6063,7,historical
2019|spring||2019春季関東地区大会|QF|東海大菅生|6|春日部共栄|1,2019,spring,,2019春季関東地区大会,QF,prefecture,西東京,埼玉,6,1,1028.9037,1038.9329,0.482159,4.56,2.3614,1031.265,1036.5715,-1.1866,1.1866,4,historical
2019|spring||2019春季関東地区大会|QF|専大松戸|10|桐光学園|6,2019,spring,,2019春季関東地区大会,QF,regional,千葉,神奈川,10,6,987.693,1035.0411,0.426298,7.6,4.3601,992.0531,1030.681,-2.1205,2.1205,6,historical
2019|spring||2019春季関東地区大会|SF|東海大相模|4|山村学園|1,2019,spring,,2019春季関東地区大会,SF,regional,神奈川,埼玉,4,1,1030.681,1036.5715,0.503737,7.6,3.7716,1034.4526,1032.7999,4.2438,-4.2438,8,historical
2019|spring||2019春季関東地区大会|SF|東海大菅生|4|専大松戸|0,2019,spring,,2019春季関東地区大会,SF,prefecture,西東京,千葉,4,0,1031.265,992.0531,0.557336,4.56,2.0185,1033.2836,990.0346,0.4025,-0.4025,3,historical
2019|spring||2019春季関東地区大会|F|東海大相模|7|東海大菅生|3,2019,spring,,2019春季関東地区大会,F,prefecture,神奈川,西東京,7,3,1034.4526,1033.2836,0.501152,4.56,2.2747,1036.7273,1031.0088,-0.1842,0.1842,1,historical
2019|spring||2019春季北信越地区大会|1R|星稜|6|砺波工|0,2019,spring,,2019春季北信越地区大会,1R,regional,石川,富山,6,0,1045.7212,978.696,0.611753,7.6,2.9507,1048.6719,975.7454,5.9809,-5.9809,7,historical
2019|spring||2019春季北信越地区大会|1R|富山第一|5|三条|1,2019,spring,,2019春季北信越地区大会,1R,regional,富山,新潟,5,1,975.7454,978.5037,0.496161,7.6,3.8292,979.5745,974.6745,0.0452,-0.0452,2,historical
2019|spring||2019春季北信越地区大会|1R|富山国際大付|11|東京都市大塩尻|10,2019,spring,,2019春季北信越地区大会,1R,regional,富山,長野,11,10,979.5745,996.4017,0.479454,7.6,3.9561,983.5307,992.4455,1.2712,-1.2712,3,historical
2019|spring||2019春季北信越地区大会|1R|敦賀気比|1|日本航空石川|0,2019,spring,,2019春季北信越地区大会,1R,regional,福井,石川,1,0,973.8775,1048.6719,0.39294,7.6,4.6137,978.4912,1044.0583,-0.384,0.384,4,historical
2019|spring||2019春季北信越地区大会|QF|星稜|4|東海大諏訪|2,2019,spring,,2019春季北信越地区大会,QF,regional,石川,長野,4,2,1044.0583,992.4455,0.578267,7.6,3.2052,1047.2634,989.2403,1.6117,-1.6117,4,historical
2019|spring||2019春季北信越地区大会|QF|日本文理|8|富山国際大付|3,2019,spring,,2019春季北信越地区大会,QF,regional,新潟,富山,8,3,974.6745,983.5307,0.484828,7.6,3.9153,978.5898,979.6154,-0.8448,0.8448,3,historical
2019|spring||2019春季北信越地区大会|QF|富山第一|5|福井工大福井|2,2019,spring,,2019春季北信越地区大会,QF,regional,富山,福井,5,2,979.6154,978.4912,0.498935,7.6,3.8081,983.4235,974.6831,-0.9321,0.9321,3,historical
2019|spring||2019春季北信越地区大会|QF|敦賀気比|5|高岡第一|3,2019,spring,,2019春季北信越地区大会,QF,regional,福井,富山,5,3,974.6831,983.4235,0.487963,7.6,3.8915,978.5745,979.532,0.1872,-0.1872,4,historical
2019|spring||2019春季北信越地区大会|SF|星稜|5|富山第一|2,2019,spring,,2019春季北信越地区大会,SF,regional,石川,富山,5,2,1047.2634,979.532,0.6169,7.6,2.9116,1050.175,976.6204,7.5146,-7.5146,8,historical
2019|spring||2019春季北信越地区大会|SF|敦賀気比|8|日本文理|3,2019,spring,,2019春季北信越地区大会,SF,regional,福井,新潟,8,3,978.5745,978.5898,0.494612,7.6,3.8409,982.4155,974.7489,-1.8644,1.8644,4,historical
2019|spring||2019春季北信越地区大会|F|星稜|3|敦賀気比|1,2019,spring,,2019春季北信越地区大会,F,regional,石川,福井,3,1,1050.175,982.4155,0.593833,7.6,3.0869,1053.2619,979.3286,-0.8878,0.8878,5,historical
2019|spring||2019春季東海地区大会|QF|浜松商|5|愛知黎明|4,2019,spring,,2019春季東海地区大会,QF,regional,静岡,愛知,5,4,994.7517,997.2536,0.487749,7.6,3.8931,998.6448,993.3605,-3.0062,3.0062,8,historical
2019|spring||2019春季東海地区大会|QF|県岐阜商|6|中部大一|2,2019,spring,,2019春季東海地区大会,QF,regional,岐阜,愛知,6,2,975.9261,993.3605,0.46822,7.6,4.0415,979.9676,989.319,-2.3391,2.3391,6,historical
2019|spring||2019春季東海地区大会|QF|津田学園|7|加藤学園|3,2019,spring,,2019春季東海地区大会,QF,regional,三重,静岡,7,3,1000.6565,998.6448,0.50495,7.6,3.7624,1004.4189,994.8824,0.7139,-0.7139,6,historical
2019|spring||2019春季東海地区大会|QF|菰野|6|大垣日大|1,2019,spring,,2019春季東海地区大会,QF,regional,三重,岐阜,6,1,1004.4189,979.9676,0.541839,7.6,3.482,1007.9009,976.4856,2.3449,-2.3449,6,historical
2019|spring||2019春季東海地区大会|SF|浜松商|9|菰野|3,2019,spring,,2019春季東海地区大会,SF,regional,静岡,三重,9,3,994.8824,1007.9009,0.475257,7.6,3.988,998.8704,1003.9129,-2.0942,2.0942,7,historical
2019|spring||2019春季東海地区大会|SF|津田学園|3|県岐阜商|2,2019,spring,,2019春季東海地区大会,SF,regional,三重,岐阜,3,2,1003.9129,976.4856,0.550159,7.6,3.4188,1007.3317,973.0668,3.772,-3.772,7,historical
2019|spring||2019春季東海地区大会|F|津田学園|5|浜松商|4,2019,spring,,2019春季東海地区大会,F,regional,三重,静岡,5,4,1007.3317,998.8704,0.514326,7.6,3.6911,1011.0228,995.1793,0.7483,-0.7483,8,historical
2019|spring||2019春季近畿地区大会|QF|智弁学園|9|智弁和歌山|7,2019,spring,,2019春季近畿地区大会,QF,regional,奈良,和歌山,9,7,996.6567,1016.9383,0.469861,7.6,4.0291,1000.6858,1012.9092,-0.3433,0.3433,1,historical
2019|spring||2019春季近畿地区大会|QF|近江|7|高田|4,2019,spring,,2019春季近畿地区大会,QF,regional,滋賀,岩手,7,4,997.9046,998.1817,0.498498,7.6,3.8114,1001.716,994.3702,-0.3833,0.3833,1,historical
2019|spring||2019春季近畿地区大会|QF|郡山|10|大阪商大高|7,2019,spring,,2019春季近畿地区大会,QF,regional,福島,大阪,10,7,995.6945,1099.194,0.355307,7.6,4.8997,1000.5942,1094.2944,-0.0,0.0,0,historical
2019|spring||2019春季近畿地区大会|QF|神戸国際大付|9|京都国際|5,2019,spring,,2019春季近畿地区大会,QF,regional,兵庫,京,9,5,987.5199,1006.8491,0.469351,7.6,4.0329,991.5528,1002.8162,-0.9974,0.9974,5,historical
2019|spring||2019春季近畿地区大会|SF|近江|3|智弁学園|2,2019,spring,,2019春季近畿地区大会,SF,regional,滋賀,奈良,3,2,1001.716,1000.6858,0.500535,7.6,3.7959,1005.512,996.8899,-0.3293,0.3293,1,historical
2019|spring||2019春季近畿地区大会|SF|神戸国際大付|8|郡山|0,2019,spring,,2019春季近畿地区大会,SF,regional,兵庫,福島,8,0,991.5528,1000.5942,0.488621,7.6,3.8865,995.4393,996.7077,0.5666,-0.5666,1,historical
2019|spring||2019春季近畿地区大会|F|近江|7|神戸国際大付|5,2019,spring,,2019春季近畿地区大会,F,regional,滋賀,兵庫,7,5,1005.512,995.4393,0.514322,7.6,3.6911,1009.2031,991.7481,-0.0588,0.0588,2,historical
2019|spring||2019春季中国地区大会|QF|関西|11|広|0,2019,spring,,2019春季中国地区大会,QF,regional,岡山,広島,11,0,991.3553,1041.2736,0.420319,7.6,4.4056,995.7608,1036.868,-2.963,2.963,7,historical
2019|spring||2019春季中国地区大会|QF|広島商|11|米子東|1,2019,spring,,2019春季中国地区大会,QF,regional,広島,鳥取,11,1,1036.868,990.7815,0.571398,7.6,3.2574,1040.1254,987.5241,1.9337,-1.9337,8,historical
2019|spring||2019春季中国地区大会|QF|如水館|4|大社|3,2019,spring,,2019春季中国地区大会,QF,regional,広島,島根,4,3,1040.1254,952.9132,0.625749,7.6,2.8443,1042.9697,950.0689,1.0413,-1.0413,2,historical
2019|spring||2019春季中国地区大会|QF|高川学園|10|崇徳|4,2019,spring,,2019春季中国地区大会,QF,regional,山口,広島,10,4,994.1073,1042.9697,0.422331,7.6,4.3903,998.4976,1038.5794,-2.774,2.774,5,historical
2019|spring||2019春季中国地区大会|SF|関西|7|広島商|3,2019,spring,,2019春季中国地区大会,SF,regional,岡山,広島,7,3,995.7608,1038.5794,0.434378,7.6,4.2987,1000.0596,1034.2807,-1.5226,1.5226,8,historical
2019|spring||2019春季中国地区大会|SF|高川学園|7|如水館|0,2019,spring,,2019春季中国地区大会,SF,regional,山口,広島,7,0,998.4976,1034.2807,0.443906,7.6,4.2263,1002.7239,1030.0544,-1.6799,1.6799,6,historical
2019|spring||2019春季中国地区大会|F|関西|9|高川学園|8,2019,spring,,2019春季中国地区大会,F,regional,岡山,山口,9,8,1000.0596,1002.7239,0.501558,7.6,3.7882,1003.8477,998.9357,1.8735,-1.8735,6,historical
2019|spring||2019春季四国地区大会|QF|明徳義塾|8|徳島北|1,2019,spring,,2019春季四国地区大会,QF,regional,高知,徳島,8,1,1015.6255,969.4308,0.571358,7.6,3.2577,1018.8832,966.1731,1.8652,-1.8652,6,historical
2019|spring||2019春季四国地区大会|QF|松山聖陵|8|四国学院大香川西|6,2019,spring,,2019春季四国地区大会,QF,regional,愛媛,香川,8,6,1014.0911,1013.9415,0.503885,7.6,3.7705,1017.8616,1010.171,1.2751,-1.2751,7,historical
2019|spring||2019春季四国地区大会|QF|高松商|8|高知|6,2019,spring,,2019春季四国地区大会,QF,regional,香川,高知,8,6,1010.171,1018.8832,0.507521,7.6,3.7428,1013.9138,1015.1404,6.9694,-6.9694,7,historical
2019|spring||2019春季四国地区大会|QF|富岡西|6|今治西|4,2019,spring,,2019春季四国地区大会,QF,regional,徳島,愛媛,6,4,966.1731,1017.8616,0.414115,7.6,4.4527,970.6258,1013.4089,-4.2939,4.2939,6,historical
2019|spring||2019春季四国地区大会|SF|明徳義塾|10|松山聖陵|0,2019,spring,,2019春季四国地区大会,SF,regional,高知,愛媛,10,0,1015.1404,1013.4089,0.514242,7.6,3.6918,1018.8321,1009.7171,4.0837,-4.0837,6,historical
2019|spring||2019春季四国地区大会|SF|富岡西|4|高松商|3,2019,spring,,2019春季四国地区大会,SF,regional,徳島,香川,4,3,970.6258,1013.9138,0.436466,7.6,4.2829,974.9087,1009.631,-0.55,0.55,3,historical
2019|spring||2019春季四国地区大会|F|明徳義塾|7|富岡西|3,2019,spring,,2019春季四国地区大会,F,regional,高知,徳島,7,3,1018.8321,974.9087,0.571838,7.6,3.254,1022.0862,971.6546,3.1712,-3.1712,7,historical
2019|spring||2019春季九州地区大会|1R|真颯館|12|鹿児島商|3,2019,spring,,2019春季九州地区大会,1R,regional,福岡,鹿児島,12,3,1010.8061,1004.3936,0.509982,7.6,3.7241,1014.5302,1000.6695,0.2623,-0.2623,4,historical
2019|spring||2019春季九州地区大会|1R|福岡大大濠|7|尚志館|0,2019,spring,,2019春季九州地区大会,1R,regional,福岡,鹿児島,7,0,1014.5302,1000.6695,0.523892,7.6,3.6184,1018.1487,997.0511,1.377,-1.377,5,historical
2019|spring||2019春季九州地区大会|2R|大分工|6|長崎商|0,2019,spring,,2019春季九州地区大会,2R,regional,大分,長崎,6,0,1012.4209,1005.1998,0.51388,7.6,3.6945,1016.1154,1001.5053,1.2132,-1.2132,2,historical
2019|spring||2019春季九州地区大会|2R|西日本短大付|2|日章学園|0,2019,spring,,2019春季九州地区大会,2R,regional,福岡,宮崎,2,0,1018.1487,985.3826,0.541332,7.6,3.4859,1021.6345,981.8968,-1.9899,1.9899,4,historical
2019|spring||2019春季九州地区大会|2R|大分|9|小林西|8,2019,spring,,2019春季九州地区大会,2R,regional,大分,宮崎,9,8,1016.1154,981.8968,0.551106,7.6,3.4116,1019.527,978.4852,0.7088,-0.7088,3,historical
2019|spring||2019春季九州地区大会|2R|熊本西|9|真颯館|6,2019,spring,,2019春季九州地区大会,2R,regional,熊本,福岡,9,6,980.3646,1021.6345,0.441775,7.6,4.2425,984.6071,1017.392,0.3132,-0.3132,1,historical
2019|spring||2019春季九州地区大会|2R|明豊|11|鹿児島実|4,2019,spring,,2019春季九州地区大会,2R,regional,大分,鹿児島,11,4,1019.527,997.0511,0.544676,7.6,3.4605,1022.9875,993.5906,4.3255,-4.3255,5,historical
2019|spring||2019春季九州地区大会|2R|興南|5|神村学園|4,2019,spring,,2019春季九州地区大会,2R,regional,沖縄,鹿児島,5,4,996.8635,993.5906,0.499627,7.6,3.8028,1000.6664,989.7878,-1.7659,1.7659,4,historical
2019|spring||2019春季九州地区大会|2R|筑陽学園|8|佐賀商|2,2019,spring,,2019春季九州地区大会,2R,regional,福岡,佐賀,8,2,1017.392,962.4452,0.58047,7.6,3.1884,1020.5805,959.2568,0.7299,-0.7299,3,historical
2019|spring||2019春季九州地区大会|2R|福岡大大濠|5|球磨工|1,2019,spring,,2019春季九州地区大会,2R,regional,福岡,熊本,5,1,1020.5805,984.6071,0.548165,7.6,3.4339,1024.0144,981.1732,-1.2002,1.2002,2,historical
2019|spring||2019春季九州地区大会|QF|熊本西|2|大分工|1,2019,spring,,2019春季九州地区大会,QF,regional,熊本,大分,2,1,981.1732,1022.9875,0.440113,7.6,4.2551,985.4283,1018.7323,-0.0,0.0,0,historical
2019|spring||2019春季九州地区大会|QF|西日本短大付|7|明豊|0,2019,spring,,2019春季九州地区大会,QF,regional,福岡,大分,7,0,1024.0144,1018.7323,0.517692,7.6,3.6655,1027.6799,1015.0668,3.5082,-3.5082,5,historical
2019|spring||2019春季九州地区大会|QF|興南|5|筑陽学園|1,2019,spring,,2019春季九州地区大会,QF,regional,沖縄,福岡,5,1,1000.6664,1027.6799,0.45739,7.6,4.1238,1004.7902,1023.5561,-1.3336,1.3336,5,historical
2019|spring||2019春季九州地区大会|QF|大分|11|福岡大大濠|10,2019,spring,,2019春季九州地区大会,QF,regional,大分,福岡,11,10,1015.0668,1023.5561,0.473166,7.6,4.0039,1019.0707,1019.5522,-5.0874,5.0874,6,historical
2019|spring||2019春季九州地区大会|SF|西日本短大付|6|熊本西|4,2019,spring,,2019春季九州地区大会,SF,regional,福岡,熊本,6,4,1019.5522,985.4283,0.546286,7.6,3.4482,1023.0004,981.9801,-0.9343,0.9343,3,historical
2019|spring||2019春季九州地区大会|SF|興南|7|大分|5,2019,spring,,2019春季九州地区大会,SF,regional,沖縄,大分,7,5,1004.7902,1019.0707,0.47946,7.6,3.9561,1008.7463,1015.1146,-0.0,0.0,0,historical
2019|spring||2019春季九州地区大会|F|西日本短大付|5|興南|1,2019,spring,,2019春季九州地区大会,F,regional,福岡,沖縄,5,1,1023.0004,1008.7463,0.520963,7.6,3.6407,1026.6411,1005.1056,0.1605,-0.1605,6,historical
2019|senbatsu||2019選抜|1R|市和歌山|3|市呉|2,2019,senbatsu,,2019選抜,1R,national,和歌山,広島,3,2,1012.9092,1030.0544,0.475346,9.12,4.7848,1017.6941,1025.2695,0.0,-0.0,0,historical
2019|senbatsu||2019選抜|1R|高松商|8|春日部共栄|0,2019,senbatsu,,2019選抜,1R,national,香川,埼玉,8,0,1009.631,1032.7999,0.466706,9.12,4.8636,1014.4946,1027.9363,-0.0,0.0,0,historical
2019|senbatsu||2019選抜|1R|星稜|3|履正社|0,2019,senbatsu,,2019選抜,1R,national,石川,大阪,3,0,1053.2619,1094.2944,0.441223,9.12,5.0961,1058.3579,1089.1983,-0.0,0.0,0,historical
2019|senbatsu||2019選抜|1R|習志野|8|日章学園|2,2019,senbatsu,,2019選抜,1R,national,千葉,宮崎,8,2,990.0346,978.4852,0.516615,9.12,4.4085,994.4431,974.0767,0.0,-0.0,0,historical
2019|senbatsu||2019選抜|1R|明豊|13|横浜|5,2019,senbatsu,,2019選抜,1R,national,大分,神奈川,13,5,1015.1146,1036.7273,0.468937,9.12,4.8433,1019.9579,1031.884,0.0,-0.0,0,historical
2019|senbatsu||2019選抜|1R|札幌大谷|4|米子東|1,2019,senbatsu,,2019選抜,1R,national,南北海道,鳥取,4,1,1034.0731,987.5241,0.566592,9.12,3.9527,1038.0258,983.5714,0.0,-0.0,0,historical
2019|senbatsu||2019選抜|1R|龍谷大平安|2|津田学園|0,2019,senbatsu,,2019選抜,1R,national,京,三重,2,0,1002.8162,1011.0228,0.487096,9.12,4.6777,1007.4938,1006.3451,-0.381,0.381,1,historical
2019|senbatsu||2019選抜|1R|盛岡大付|3|石岡一|2,2019,senbatsu,,2019選抜,1R,national,岩手,茨城,3,2,994.3702,981.2037,0.518939,9.12,4.3873,998.7575,976.8164,0.0,-0.0,0,historical
2019|senbatsu||2019選抜|1R|山梨学院|24|札幌第一|5,2019,senbatsu,,2019選抜,1R,national,山梨,南北海道,24,5,965.5038,1038.0258,0.397122,9.12,5.4982,971.0021,1032.5276,-0.0,0.0,0,historical
2019|senbatsu||2019選抜|1R|筑陽学園|3|福知山成美|2,2019,senbatsu,,2019選抜,1R,national,福岡,京,3,2,1026.6411,1007.4938,0.527527,9.12,4.309,1030.95,1003.1849,-0.0,0.0,0,historical
2019|senbatsu||2019選抜|1R|広陵|2|八戸学院光星|0,2019,senbatsu,,2019選抜,1R,national,広島,青森,2,0,1025.2695,1024.0813,0.50171,9.12,4.5444,1029.8139,1019.5368,0.0,-0.0,0,historical
2019|senbatsu||2019選抜|1R|東邦|3|富岡西|1,2019,senbatsu,,2019選抜,1R,national,愛知,徳島,3,1,989.319,971.6546,0.525399,9.12,4.3284,993.6473,967.3263,-0.0,0.0,0,historical
2019|senbatsu||2019選抜|1R|明石商|7|国士舘|1,2019,senbatsu,,2019選抜,1R,prefecture,兵庫,西東京,7,1,991.7481,1031.0088,0.443739,4.56,2.5366,994.2847,1028.4723,0.0,-0.0,0,historical
2019|senbatsu||2019選抜|1R|大分|4|松山聖陵|1,2019,senbatsu,,2019選抜,1R,national,大分,愛媛,4,1,1019.9579,1009.7171,0.514733,9.12,4.4256,1024.3836,1005.2915,0.0,-0.0,0,historical
2019|senbatsu||2019選抜|1R|啓新|5|桐蔭学園|3,2019,senbatsu,,2019選抜,1R,national,福井,神奈川,5,3,979.3286,1031.884,0.424067,9.12,5.2525,984.5811,1026.6315,-0.3099,0.3099,1,historical
2019|senbatsu||2019選抜|1R|智弁和歌山|13|熊本西|2,2019,senbatsu,,2019選抜,1R,national,和歌山,熊本,13,2,1017.6941,981.9801,0.551216,9.12,4.0929,1021.787,977.8872,0.0,-0.0,0,historical
2019|senbatsu||2019選抜|2R|市和歌山|6|高松商|2,2019,senbatsu,,2019選抜,2R,national,和歌山,香川,6,2,1021.787,1014.4946,0.510493,9.12,4.4643,1026.2513,1010.0303,0.0,-0.0,0,historical
2019|senbatsu||2019選抜|2R|習志野|3|星稜|1,2019,senbatsu,,2019選抜,2R,national,千葉,石川,3,1,994.4431,1058.3579,0.407758,9.12,5.4012,999.8443,1052.9567,-0.4619,0.4619,1,historical
2019|senbatsu||2019選抜|2R|明豊|2|札幌大谷|1,2019,senbatsu,,2019選抜,2R,national,大分,南北海道,2,1,1024.3836,1032.5276,0.488282,9.12,4.6669,1029.0504,1027.8607,-0.0,0.0,0,historical
2019|senbatsu||2019選抜|2R|龍谷大平安|9|盛岡大付|1,2019,senbatsu,,2019選抜,2R,national,京,岩手,9,1,1003.1849,998.7575,0.506371,9.12,4.5019,1007.6868,994.2556,0.0,-0.0,0,historical
2019|senbatsu||2019選抜|2R|筑陽学園|3|山梨学院|2,2019,senbatsu,,2019選抜,2R,national,福岡,山梨,3,2,1030.95,971.0021,0.585426,9.12,3.7809,1034.7309,967.2211,-0.0,0.0,0,historical
2019|senbatsu||2019選抜|2R|東邦|12|広陵|2,2019,senbatsu,,2019選抜,2R,national,愛知,広島,12,2,993.6473,1029.8139,0.443621,9.12,5.0742,998.7215,1024.7398,-1.5884,1.5884,2,historical
2019|senbatsu||2019選抜|2R|明石商|13|大分|4,2019,senbatsu,,2019選抜,2R,national,兵庫,大分,13,4,994.2847,1029.0504,0.450134,9.12,5.0148,999.2994,1024.0357,0.0,-0.0,0,historical
2019|senbatsu||2019選抜|2R|智弁和歌山|5|啓新|2,2019,senbatsu,,2019選抜,2R,national,和歌山,福井,5,2,1026.2513,984.5811,0.559682,9.12,4.0157,1030.267,980.5654,0.0,-0.0,0,historical
2019|senbatsu||2019選抜|QF|習志野|4|市和歌山|3,2019,senbatsu,,2019選抜,QF,national,千葉,和歌山,4,3,999.8443,1030.267,0.45633,9.12,4.9583,1004.8026,1025.3087,0.0,-0.0,0,historical
2019|senbatsu||2019選抜|QF|明豊|1|龍谷大平安|0,2019,senbatsu,,2019選抜,QF,national,大分,京,1,0,1024.0357,1007.6868,0.523511,9.12,4.3456,1028.3812,1003.3412,-0.0,0.0,0,historical
2019|senbatsu||2019選抜|QF|東邦|7|筑陽学園|2,2019,senbatsu,,2019選抜,QF,national,愛知,福岡,7,2,998.7215,1034.7309,0.448363,9.12,5.0309,1003.7524,1029.7,0.0,-0.0,0,historical
2019|senbatsu||2019選抜|QF|明石商|4|智弁和歌山|3,2019,senbatsu,,2019選抜,QF,national,兵庫,和歌山,4,3,999.2994,1025.3087,0.463003,9.12,4.8974,1004.1969,1020.4113,0.1272,-0.1272,2,historical
2019|senbatsu||2019選抜|SF|習志野|6|明豊|4,2019,senbatsu,,2019選抜,SF,national,千葉,大分,6,4,1004.8026,1028.3812,0.46612,9.12,4.869,1009.6716,1023.5123,0.0,-0.0,0,historical
2019|senbatsu||2019選抜|SF|東邦|4|明石商|2,2019,senbatsu,,2019選抜,SF,national,愛知,兵庫,4,2,1003.7524,1004.1969,0.497866,9.12,4.5795,1008.3319,999.6174,-0.5191,0.5191,1,historical
2019|senbatsu||2019選抜|F|東邦|6|習志野|0,2019,senbatsu,,2019選抜,F,national,愛知,千葉,6,0,1008.3319,1009.6716,0.498072,9.12,4.5776,1012.9095,1005.094,-0.0,0.0,0,historical
2019|koshien||2019選手権|1R|八戸学院光星|9|誉|0,2019,koshien,,2019選手権,1R,national,青森,愛知,9,0,1019.5368,1012.9095,0.510601,11.96,5.8532,1025.3901,1007.0563,0.3699,-0.3699,1,historical
2019|koshien||2019選手権|1R|神村学園|7|佐賀北|2,2019,koshien,,2019選手権,1R,national,鹿児島,佐賀,7,2,989.7878,959.2568,0.544671,11.96,5.4457,995.2335,953.8111,0.2963,-0.2963,1,historical
2019|koshien||2019選手権|1R|高岡商|6|石見智翠館|4,2019,koshien,,2019選手権,1R,national,富山,島根,6,4,976.6204,950.0689,0.538137,11.96,5.5239,982.1443,944.545,0.0,-0.0,0,historical
2019|koshien||2019選手権|1R|履正社|11|霞ヶ浦|6,2019,koshien,,2019選手権,1R,national,大阪,茨城,11,6,1089.1983,976.8164,0.657118,11.96,4.1009,1093.2992,972.7155,0.3086,-0.3086,1,historical
2019|koshien||2019選手権|1R|津田学園|3|静岡|1,2019,koshien,,2019選手権,1R,national,三重,静岡,3,1,1006.3451,995.1793,0.522552,11.96,5.7103,1012.0554,989.469,2.2579,-2.2579,9,historical
2019|koshien||2019選手権|1R|星稜|1|旭川大高|0,2019,koshien,,2019選手権,1R,prefecture,石川,北北海道,1,0,1052.9567,964.2963,0.624893,5.52,2.0706,1055.0273,962.2257,-0.0,0.0,0,historical
2019|koshien||2019選手権|1R|立命館宇治|1|秋田中央|0,2019,koshien,,2019選手権,1R,national,京,秋田,1,0,1003.3412,998.2779,0.507286,11.96,5.8929,1009.2341,992.385,0.0,-0.0,0,historical
2019|koshien||2019選手権|1R|智弁和歌山|8|米子東|1,2019,koshien,,2019選手権,1R,national,和歌山,鳥取,8,1,1020.4113,983.5714,0.552819,11.96,5.3483,1025.7596,978.2231,0.0,-0.0,0,historical
2019|koshien||2019選手権|1R|明徳義塾|6|藤蔭|4,2019,koshien,,2019選手権,1R,national,高知,大分,6,4,1022.0862,1023.5123,0.497948,11.96,6.0045,1028.0907,1017.5077,-0.0,0.0,0,historical
2019|koshien||2019選手権|1R|国学院久我山|7|前橋育英|5,2019,koshien,,2019選手権,1R,prefecture,西東京,群馬,7,5,1028.4723,1005.9929,0.531754,5.52,2.5847,1031.057,1003.4081,-0.1925,0.1925,1,historical
2019|koshien||2019選手権|1R|敦賀気比|5|富島|1,2019,koshien,,2019選手権,1R,national,福井,宮崎,5,1,980.5654,974.0767,0.509337,11.96,5.8683,986.4338,968.2084,-0.0,0.0,0,historical
2019|koshien||2019選手権|1R|鳴門|10|花巻東|4,2019,koshien,,2019選手権,1R,national,徳島,岩手,10,4,967.3263,994.2556,0.461323,11.96,6.4426,973.7689,987.813,-0.0,0.0,0,historical
2019|koshien||2019選手権|1R|仙台育英|20|飯山|1,2019,koshien,,2019選手権,1R,national,宮城,長野,20,1,1013.1295,989.2403,0.534325,11.96,5.5695,1018.699,983.6709,0.0,-0.0,0,historical
2019|koshien||2019選手権|1R|習志野|5|沖縄尚学|4,2019,koshien,,2019選手権,1R,national,千葉,沖縄,5,4,1005.094,1005.1056,0.501489,11.96,5.9622,1011.0562,999.1434,0.5231,-0.5231,1,historical
2019|koshien||2019選手権|1R|鶴岡東|6|高松商|4,2019,koshien,,2019選手権,1R,national,山形,香川,6,4,980.3889,1010.0303,0.457446,11.96,6.4889,986.8778,1003.5413,0.0,-0.0,0,historical
2019|koshien||2019選手権|1R|関東一|10|日本文理|6,2019,koshien,,2019選手権,1R,prefecture,東東京,新潟,10,6,1020.2998,974.7489,0.56518,5.52,2.4002,1022.7,972.3487,-0.0,0.0,0,historical
2019|koshien||2019選手権|1R|熊本工|3|山梨学院|2,2019,koshien,,2019選手権,1R,national,熊本,山梨,3,2,977.8872,967.2211,0.515345,11.96,5.7965,983.6837,961.4247,-0.0,0.0,0,historical
2019|koshien||2019選手権|2R|岡山学芸館|6|広島商|5,2019,koshien,,2019選手権,2R,national,岡山,広島,6,5,1003.8477,1024.7398,0.470242,11.96,6.3359,1010.1836,1018.4038,0.0947,-0.0947,9,historical
2019|koshien||2019選手権|2R|作新学院|5|筑陽学園|3,2019,koshien,,2019選手権,2R,national,栃木,福岡,5,3,978.627,1029.7,0.427025,11.96,6.8528,985.4798,1022.8472,0.0,-0.0,0,historical
2019|koshien||2019選手権|2R|東海大相模|6|近江|1,2019,koshien,,2019選手権,2R,national,神奈川,滋賀,6,1,1026.6315,1009.2031,0.523926,11.96,5.6938,1032.3254,1003.5093,-0.395,0.395,1,historical
2019|koshien||2019選手権|2R|中京学院大中京|4|北照|3,2019,koshien,,2019選手権,2R,prefecture,岐阜,南北海道,4,3,973.0668,1027.8607,0.421793,5.52,3.1917,976.2585,1024.669,-0.0,0.0,0,historical
2019|koshien||2019選手権|2R|明石商|4|花咲徳栄|3,2019,koshien,,2019選手権,2R,national,兵庫,埼玉,4,3,999.6174,1027.9363,0.459336,11.96,6.4663,1006.0837,1021.47,0.0,-0.0,0,historical
2019|koshien||2019選手権|2R|宇部鴻城|7|宇和島東|3,2019,koshien,,2019選手権,2R,national,山口,愛媛,7,3,998.9357,1005.2915,0.490854,11.96,6.0894,1005.0251,999.2021,0.0,-0.0,0,historical
2019|koshien||2019選手権|2R|海星|3|聖光学院|2,2019,koshien,,2019選手権,2R,national,長崎,福島,3,2,1001.5053,996.7077,0.508026,11.96,5.884,1007.3893,990.8237,0.39,-0.39,1,historical
2019|koshien||2019選手権|2R|八戸学院光星|10|智弁学園|8,2019,koshien,,2019選手権,2R,national,青森,奈良,10,8,1025.3901,996.8899,0.540923,11.96,5.4906,1030.8806,991.3993,-0.0,0.0,0,historical
2019|koshien||2019選手権|2R|高岡商|4|神村学園|3,2019,koshien,,2019選手権,2R,national,富山,鹿児島,4,3,982.1443,995.2335,0.481172,11.96,6.2052,988.3495,989.0283,0.0,-0.0,0,historical
2019|koshien||2019選手権|2R|履正社|7|津田学園|3,2019,koshien,,2019選手権,2R,national,大阪,三重,7,3,1093.2992,1012.0554,0.615643,11.96,4.5969,1097.8961,1007.4585,0.2968,-0.2968,1,historical
2019|koshien||2019選手権|2R|星稜|6|立命館宇治|3,2019,koshien,,2019選手権,2R,national,石川,京,6,3,1055.0273,1009.2341,0.565523,11.96,5.1963,1060.2236,1004.0377,-0.0,0.0,0,historical
2019|koshien||2019選手権|2R|智弁和歌山|7|明徳義塾|1,2019,koshien,,2019選手権,2R,national,和歌山,高知,7,1,1025.7596,1028.0907,0.496645,11.96,6.0201,1031.7797,1022.0706,0.0,-0.0,0,historical
2019|koshien||2019選手権|2R|敦賀気比|19|国学院久我山|3,2019,koshien,,2019選手権,2R,prefecture,福井,西東京,19,3,986.4338,1031.057,0.436133,5.52,3.1125,989.5463,1027.9444,0.0,-0.0,0,historical
2019|koshien||2019選手権|2R|仙台育英|8|鳴門|5,2019,koshien,,2019選手権,2R,national,宮城,徳島,8,5,1018.699,973.7689,0.564302,11.96,5.211,1023.9099,968.5579,0.0,-0.0,0,historical
2019|koshien||2019選手権|2R|鶴岡東|9|習志野|5,2019,koshien,,2019選手権,2R,national,山形,千葉,9,5,986.8778,1011.0562,0.465261,11.96,6.3955,993.2733,1004.6607,-0.0,0.0,0,historical
2019|koshien||2019選手権|2R|関東一|6|熊本工|5,2019,koshien,,2019選手権,2R,prefecture,東東京,熊本,6,5,1022.7,983.6837,0.555914,5.52,2.4514,1025.1514,981.2323,0.0,-0.0,0,historical
2019|koshien||2019選手権|3R|作新学院|18|岡山学芸館|0,2019,koshien,,2019選手権,3R,national,栃木,岡山,18,0,985.4798,1010.1836,0.464508,11.96,6.4045,991.8843,1003.7792,-0.0,0.0,0,historical
2019|koshien||2019選手権|3R|中京学院大中京|9|東海大相模|4,2019,koshien,,2019選手権,3R,national,岐阜,神奈川,9,4,976.2585,1032.3254,0.420006,11.96,6.9367,983.1952,1025.3886,0.0,-0.0,0,historical
2019|koshien||2019選手権|3R|明石商|3|宇部鴻城|2,2019,koshien,,2019選手権,3R,national,兵庫,山口,3,2,1006.0837,1005.0251,0.501524,11.96,5.9618,1012.0455,999.0633,0.0,-0.0,0,historical
2019|koshien||2019選手権|3R|八戸学院光星|7|海星|6,2019,koshien,,2019選手権,3R,national,青森,長崎,7,6,1030.8806,1007.3893,0.533755,11.96,5.5763,1036.4569,1001.813,-0.0,0.0,0,historical
2019|koshien||2019選手権|3R|履正社|9|高岡商|4,2019,koshien,,2019選手権,3R,national,大阪,富山,9,4,1097.8961,988.3495,0.653589,11.96,4.1431,1102.0392,984.2064,0.3693,-0.3693,1,historical
2019|koshien||2019選手権|3R|星稜|4|智弁和歌山|1,2019,koshien,,2019選手権,3R,national,石川,和歌山,4,1,1060.2236,1031.7797,0.540843,11.96,5.4915,1065.7151,1026.2882,-0.0,0.0,0,historical
2019|koshien||2019選手権|3R|仙台育英|4|敦賀気比|3,2019,koshien,,2019選手権,3R,national,宮城,福井,4,3,1023.9099,989.5463,0.548139,11.96,5.4043,1029.3142,984.1421,-0.4045,0.4045,1,historical
2019|koshien||2019選手権|3R|関東一|7|鶴岡東|6,2019,koshien,,2019選手権,3R,prefecture,東東京,山形,7,6,1025.1514,993.2733,0.545748,5.52,2.5075,1027.6588,990.7659,-0.0,0.0,0,historical
2019|koshien||2019選手権|QF|明石商|7|八戸学院光星|6,2019,koshien,,2019選手権,QF,national,兵庫,青森,7,6,1012.0455,1036.4569,0.463609,11.96,6.4152,1018.4608,1030.0417,-0.4604,0.4604,1,historical
2019|koshien||2019選手権|QF|中京学院大中京|6|作新学院|3,2019,koshien,,2019選手権,QF,national,岐阜,栃木,6,3,983.1952,991.8843,0.487498,11.96,6.1295,989.3247,985.7548,0.0,-0.0,0,historical
2019|koshien||2019選手権|QF|星稜|17|仙台育英|1,2019,koshien,,2019選手権,QF,national,石川,宮城,17,1,1065.7151,1029.3142,0.552194,11.96,5.3558,1071.0709,1023.9584,-0.0,0.0,0,historical
2019|koshien||2019選手権|QF|履正社|7|関東一|3,2019,koshien,,2019選手権,QF,prefecture,大阪,東東京,7,3,1102.0392,1027.6588,0.605436,5.52,2.178,1104.2172,1025.4809,0.0,-0.0,0,historical
2019|koshien||2019選手権|SF|履正社|7|明石商|1,2019,koshien,,2019選手権,SF,national,大阪,兵庫,7,1,1104.2172,1018.4608,0.626979,11.96,4.4613,1108.6785,1013.9994,2.2256,-2.2256,3,historical
2019|koshien||2019選手権|SF|星稜|9|中京学院大中京|0,2019,koshien,,2019選手権,SF,national,石川,岐阜,9,0,1071.0709,989.3247,0.615518,11.96,4.5984,1075.6693,984.7263,-0.0,0.0,0,historical
2019|koshien||2019選手権|F|履正社|5|星稜|3,2019,koshien,,2019選手権,F,national,大阪,石川,5,3,1108.6785,1075.6693,0.54615,11.96,5.428,1114.1066,1070.2412,-0.4247,0.4247,1,historical
2019|autumn||2019秋季北海道地区大会|1R|札幌大谷|8|北見工|7,2019,autumn,,2019秋季北海道地区大会,1R,regional,南北海道,北北海道,8,7,1024.669,962.2257,0.640837,8.0,2.8733,1027.5423,959.3524,19.0694,-19.0694,40,historical
2019|autumn||2019秋季北海道地区大会|1R|東海大札幌|6|岩内|3,2019,autumn,,2019秋季北海道地区大会,1R,regional,南北海道,北海道,6,3,1027.5423,996.0742,0.546097,8.0,3.6312,1031.1735,992.443,0.3271,-0.3271,1,historical
2019|autumn||2019秋季北海道地区大会|1R|札幌国際情報|12|滝川西|2,2019,autumn,,2019秋季北海道地区大会,1R,regional,南北海道,北北海道,12,2,1031.1735,959.3524,0.658054,8.0,2.7356,1033.9091,956.6168,20.9504,-20.9504,41,historical
2019|autumn||2019秋季北海道地区大会|2R|北海道栄|5|旭川大高|3,2019,autumn,,2019秋季北海道地区大会,2R,regional,南北海道,北北海道,5,3,1033.9091,956.6168,0.669719,8.0,2.6423,1036.5514,953.9746,22.7555,-22.7555,42,historical
2019|autumn||2019秋季北海道地区大会|2R|帯広農|7|札幌山の手|3,2019,autumn,,2019秋季北海道地区大会,2R,regional,北北海道,南北海道,7,3,953.9746,1036.5514,0.319179,8.0,5.4466,959.4211,1031.1048,-24.5114,24.5114,43,historical
2019|autumn||2019秋季北海道地区大会|2R|札幌大谷|3|稚内大谷|2,2019,autumn,,2019秋季北海道地区大会,2R,regional,南北海道,北北海道,3,2,1031.1048,959.4211,0.658374,8.0,2.733,1033.8378,956.6881,21.1426,-21.1426,44,historical
2019|autumn||2019秋季北海道地区大会|2R|東海大札幌|7|別海|0,2019,autumn,,2019秋季北海道地区大会,2R,regional,南北海道,北北海道,7,0,1033.8378,956.6881,0.670046,8.0,2.6396,1036.4774,954.0485,22.9555,-22.9555,45,historical
2019|autumn||2019秋季北海道地区大会|QF|帯広農|5|北海道栄|0,2019,autumn,,2019秋季北海道地区大会,QF,regional,北北海道,南北海道,5,0,954.0485,1036.4774,0.318848,8.0,5.4492,959.4977,1031.0282,-24.7175,24.7175,46,historical
2019|autumn||2019秋季北海道地区大会|QF|白樺学園|4|東海大札幌|0,2019,autumn,,2019秋季北海道地区大会,QF,regional,北北海道,南北海道,4,0,959.4977,1031.0282,0.341408,8.0,5.2687,964.7664,1025.7595,-21.3032,21.3032,47,historical
2019|autumn||2019秋季北海道地区大会|SF|札幌日大|11|帯広農|2,2019,autumn,,2019秋季北海道地区大会,SF,regional,南北海道,北北海道,11,2,1025.7595,964.7664,0.636017,8.0,2.9119,1028.6713,961.8546,17.9809,-17.9809,48,historical
2019|autumn||2019秋季北海道地区大会|SF|白樺学園|13|札幌龍谷|3,2019,autumn,,2019秋季北海道地区大会,SF,regional,北北海道,南北海道,13,3,961.8546,1028.6713,0.351179,8.0,5.1906,967.0451,1023.4808,-19.9109,19.9109,49,historical
2019|autumn||2019秋季北海道地区大会|F|白樺学園|12|札幌日大|8,2019,autumn,,2019秋季北海道地区大会,F,regional,北北海道,南北海道,12,8,967.0451,1023.4808,0.373762,8.0,5.0099,972.055,1018.4709,-16.6109,16.6109,50,historical
2019|autumn||2019秋季東北地区大会|1R|東奥義塾|6|秋田商|3,2019,autumn,,2019秋季東北地区大会,1R,regional,青森,秋田,6,3,1030.0417,992.385,0.549816,8.0,3.6015,1033.6431,988.7835,-1.4627,1.4627,5,historical
2019|autumn||2019秋季東北地区大会|1R|磐城|6|東海大山形|0,2019,autumn,,2019秋季東北地区大会,1R,regional,福島,山形,6,0,990.8237,990.7659,0.498521,8.0,4.0118,994.8355,986.754,-0.5426,0.5426,6,historical
2019|autumn||2019秋季東北地区大会|2R|仙台育英|9|明桜|8,2019,autumn,,2019秋季東北地区大会,2R,regional,宮城,秋田,9,8,1023.9584,988.7835,0.558936,8.0,3.5285,1027.4869,985.255,2.9848,-2.9848,5,historical
2019|autumn||2019秋季東北地区大会|2R|一関学院|9|日大山形|5,2019,autumn,,2019秋季東北地区大会,2R,regional,岩手,山形,9,5,987.813,986.754,0.508339,8.0,3.9333,991.7463,982.8207,2.3681,-2.3681,6,historical
2019|autumn||2019秋季東北地区大会|2R|東奥義塾|3|学法福島|2,2019,autumn,,2019秋季東北地区大会,2R,regional,青森,福島,3,2,1033.6431,994.8355,0.558829,8.0,3.5294,1037.1725,991.3061,1.1305,-1.1305,5,historical
2019|autumn||2019秋季東北地区大会|2R|青森山田|1|仙台商|0,2019,autumn,,2019秋季東北地区大会,2R,regional,青森,宮城,1,0,1037.1725,1027.4869,0.504956,8.0,3.9604,1041.1329,1023.5266,-3.1209,3.1209,12,historical
2019|autumn||2019秋季東北地区大会|2R|盛岡大付|3|弘前東|0,2019,autumn,,2019秋季東北地区大会,2R,regional,岩手,青森,3,0,991.7463,1041.1329,0.40314,8.0,4.7749,996.5212,1036.358,-9.3901,9.3901,7,historical
2019|autumn||2019秋季東北地区大会|2R|鶴岡東|10|福島成蹊|0,2019,autumn,,2019秋季東北地区大会,2R,regional,山形,福島,10,0,982.8207,991.3061,0.485452,8.0,4.1164,986.9371,987.1897,-0.8133,0.8133,7,historical
2019|autumn||2019秋季東北地区大会|2R|仙台城南|3|花巻東|2,2019,autumn,,2019秋季東北地区大会,2R,regional,宮城,岩手,3,2,1023.5266,996.5212,0.536175,8.0,3.7106,1027.2372,992.8106,-0.9123,0.9123,3,historical
2019|autumn||2019秋季東北地区大会|2R|磐城|2|能代松陽|1,2019,autumn,,2019秋季東北地区大会,2R,regional,福島,秋田,2,1,987.1897,985.255,0.502475,8.0,3.9802,991.1699,981.2748,-0.1074,0.1074,4,historical
2019|autumn||2019秋季東北地区大会|QF|盛岡大付|3|東奥義塾|0,2019,autumn,,2019秋季東北地区大会,QF,regional,岩手,青森,3,0,992.8106,1036.358,0.414379,8.0,4.685,997.4956,1031.673,-8.2702,8.2702,8,historical
2019|autumn||2019秋季東北地区大会|QF|鶴岡東|10|青森山田|5,2019,autumn,,2019秋季東北地区大会,QF,regional,山形,青森,10,5,986.9371,1031.673,0.434157,8.0,4.5267,991.4639,1027.1463,-0.642,0.642,3,historical
2019|autumn||2019秋季東北地区大会|QF|仙台育英|6|一関学院|1,2019,autumn,,2019秋季東北地区大会,QF,regional,宮城,岩手,6,1,1027.2372,997.4956,0.542162,8.0,3.6627,1030.8999,993.8329,-0.1874,0.1874,4,historical
2019|autumn||2019秋季東北地区大会|QF|仙台城南|6|磐城|3,2019,autumn,,2019秋季東北地区大会,QF,regional,宮城,福島,6,3,1030.8999,991.1699,0.552387,8.0,3.5809,1034.4808,987.589,-1.5966,1.5966,7,historical
2019|autumn||2019秋季東北地区大会|SF|仙台育英|9|盛岡大付|2,2019,autumn,,2019秋季東北地区大会,SF,regional,宮城,岩手,9,2,1034.4808,993.8329,0.560616,8.0,3.5151,1037.9958,990.3178,0.8404,-0.8404,5,historical
2019|autumn||2019秋季東北地区大会|SF|鶴岡東|10|仙台城南|0,2019,autumn,,2019秋季東北地区大会,SF,regional,山形,宮城,10,0,991.4639,1037.9958,0.428823,8.0,4.5694,996.0333,1033.4264,-1.6326,1.6326,4,historical
2019|autumn||2019秋季東北地区大会|F|仙台育英|11|鶴岡東|8,2019,autumn,,2019秋季東北地区大会,F,regional,宮城,山形,11,8,1033.4264,996.0333,0.555215,8.0,3.5583,1036.9847,992.475,0.5657,-0.5657,5,historical
2019|autumn||2019秋季関東地区大会|1R|東海大相模|14|駿台甲府|2,2019,autumn,,2019秋季関東地区大会,1R,regional,神奈川,山梨,14,2,1025.3886,961.4247,0.591853,8.0,3.2652,1028.6538,958.1595,0.2973,-0.2973,1,historical
2019|autumn||2019秋季関東地区大会|1R|桐光学園|4|霞ヶ浦|2,2019,autumn,,2019秋季関東地区大会,1R,regional,神奈川,茨城,4,2,1028.6538,972.7155,0.585624,8.0,3.315,1031.9688,969.4005,2.0759,-2.0759,6,historical
2019|autumn||2019秋季関東地区大会|1R|習志野|7|前橋育英|3,2019,autumn,,2019秋季関東地区大会,1R,regional,千葉,群馬,7,3,1004.6607,1003.4081,0.504674,8.0,3.9626,1008.6233,999.4455,0.9976,-0.9976,3,historical
2019|autumn||2019秋季関東地区大会|1R|健大高崎|5|常総学院|4,2019,autumn,,2019秋季関東地区大会,1R,regional,群馬,茨城,5,4,999.4455,969.4005,0.540521,8.0,3.6758,1003.1214,965.7247,-0.9131,0.9131,3,historical
2019|autumn||2019秋季関東地区大会|1R|花咲徳栄|11|拓大紅陵|1,2019,autumn,,2019秋季関東地区大会,1R,regional,埼玉,千葉,11,1,1021.47,1008.6233,0.522424,8.0,3.8206,1025.2906,1004.8027,1.3727,-1.3727,4,historical
2019|autumn||2019秋季関東地区大会|1R|西武台|9|青藍泰斗|6,2019,autumn,,2019秋季関東地区大会,1R,regional,埼玉,栃木,9,6,1025.2906,985.7548,0.553206,8.0,3.5743,1028.8649,982.1804,-1.2119,1.2119,3,historical
2019|autumn||2019秋季関東地区大会|1R|山梨学院|11|文星芸大付|6,2019,autumn,,2019秋季関東地区大会,1R,regional,山梨,栃木,11,6,958.1595,982.1804,0.465486,8.0,4.2761,962.4356,977.9043,0.0,-0.0,0,historical
2019|autumn||2019秋季関東地区大会|QF|東海大相模|12|習志野|6,2019,autumn,,2019秋季関東地区大会,QF,regional,神奈川,千葉,12,6,1031.9688,1004.8027,0.541255,8.0,3.67,1035.6388,1001.1327,0.7829,-0.7829,7,historical
2019|autumn||2019秋季関東地区大会|QF|健大高崎|3|西武台|2,2019,autumn,,2019秋季関東地区大会,QF,regional,群馬,埼玉,3,2,1003.1214,1028.8649,0.459704,8.0,4.3224,1007.4437,1024.5426,-1.1588,1.1588,3,historical
2019|autumn||2019秋季関東地区大会|QF|山梨学院|2|花咲徳栄|1,2019,autumn,,2019秋季関東地区大会,QF,regional,山梨,埼玉,2,1,962.4356,1024.5426,0.410577,8.0,4.7154,967.151,1019.8272,-0.3529,0.3529,2,historical
2019|autumn||2019秋季関東地区大会|QF|桐生第一|10|桐光学園|4,2019,autumn,,2019秋季関東地区大会,QF,regional,群馬,神奈川,10,4,1007.4437,1035.6388,0.4575,8.0,4.34,1011.7837,1031.2988,-0.7042,0.7042,3,historical
2019|autumn||2019秋季関東地区大会|SF|山梨学院|6|桐生第一|5,2019,autumn,,2019秋季関東地区大会,SF,regional,山梨,群馬,6,5,967.151,1011.7837,0.426416,8.0,4.5887,971.7397,1007.195,-3.4363,3.4363,5,historical
2019|autumn||2019秋季関東地区大会|SF|健大高崎|8|東海大相模|2,2019,autumn,,2019秋季関東地区大会,SF,regional,群馬,神奈川,8,2,1007.195,1031.2988,0.46601,8.0,4.2719,1011.467,1027.0269,0.2244,-0.2244,4,historical
2019|autumn||2019秋季関東地区大会|F|健大高崎|3|山梨学院|0,2019,autumn,,2019秋季関東地区大会,F,regional,群馬,山梨,3,0,1011.467,971.7397,0.563601,8.0,3.4912,1014.9582,968.2485,2.3541,-2.3541,6,historical
2019|autumn||2019秋季東京地区大会|1R|国立|8|岩倉|7,2019,autumn,,2019秋季東京地区大会,1R,prefecture,西東京,東東京,8,7,1027.9444,1025.4809,0.536377,4.8,2.2254,1030.1698,1023.2555,11.4292,-11.4292,63,historical
2019|autumn||2019秋季東京地区大会|1R|日大二|10|小山台|7,2019,autumn,,2019秋季東京地区大会,1R,prefecture,西東京,東東京,10,7,1030.1698,1023.2555,0.547035,4.8,2.1742,1032.3441,1021.0812,12.933,-12.933,64,historical
2019|autumn||2019秋季東京地区大会|1R|紅葉川|7|武蔵村山|2,2019,autumn,,2019秋季東京地区大会,1R,prefecture,東東京,西東京,7,2,1021.0812,1032.3441,0.442579,4.8,2.6756,1023.7569,1029.6684,-14.4071,14.4071,65,historical
2019|autumn||2019秋季東京地区大会|1R|創価|15|目白研心|0,2019,autumn,,2019秋季東京地区大会,1R,prefecture,西東京,東東京,15,0,1029.6684,1023.7569,0.544772,4.8,2.1851,1031.8535,1021.5718,12.6413,-12.6413,66,historical
2019|autumn||2019秋季東京地区大会|1R|工学院大付|5|立正大立正|2,2019,autumn,,2019秋季東京地区大会,1R,prefecture,西東京,東東京,5,2,1031.8535,1021.5718,0.555228,4.8,2.1349,1033.9884,1019.4369,14.1257,-14.1257,67,historical
2019|autumn||2019秋季東京地区大会|1R|富士森|6|足立西|2,2019,autumn,,2019秋季東京地区大会,1R,prefecture,西東京,東京,6,2,1033.9884,965.358,0.597502,4.8,1.932,1035.9204,963.426,-0.0,0.0,0,historical
2019|autumn||2019秋季東京地区大会|1R|関東一|4|日大鶴ヶ丘|2,2019,autumn,,2019秋季東京地区大会,1R,prefecture,東東京,西東京,4,2,1019.4369,1035.9204,0.43186,4.8,2.7271,1022.1639,1033.1934,-15.5806,15.5806,68,historical
2019|autumn||2019秋季東京地区大会|1R|帝京|15|法政大高|3,2019,autumn,,2019秋季東京地区大会,1R,prefecture,東東京,東京,15,3,1022.1639,963.426,0.633815,4.8,1.7577,1023.9216,961.6683,18.2833,-18.2833,19,historical
2019|autumn||2019秋季東京地区大会|1R|駒込学園|5|聖徳学園|2,2019,autumn,,2019秋季東京地区大会,1R,prefecture,東京,西東京,5,2,961.6683,1033.1934,0.398053,4.8,2.8893,964.5577,1030.304,-0.161,0.161,1,historical
2019|autumn||2019秋季東京地区大会|1R|日本学園|11|篠崎|0,2019,autumn,,2019秋季東京地区大会,1R,prefecture,西東京,東東京,11,0,1030.304,1023.9216,0.548668,4.8,2.1664,1032.4704,1021.7552,13.7716,-13.7716,69,historical
2019|autumn||2019秋季東京地区大会|1R|日本ウェルネス|5|明治|4,2019,autumn,,2019秋季東京地区大会,1R,prefecture,東東京,東京,5,4,1021.7552,964.5577,0.635007,4.8,1.752,1023.5072,962.8057,19.4998,-19.4998,20,historical
2019|autumn||2019秋季東京地区大会|1R|日野|5|明大中野|1,2019,autumn,,2019秋季東京地区大会,1R,prefecture,西東京,東東京,5,1,1032.4704,1023.5072,0.55655,4.8,2.1286,1034.599,1021.3786,15.2502,-15.2502,70,historical
2019|autumn||2019秋季東京地区大会|1R|東海大高輪台|10|府中工|0,2019,autumn,,2019秋季東京地区大会,1R,prefecture,東東京,西東京,10,0,1021.3786,1034.599,0.433288,4.8,2.7202,1024.0988,1031.8787,-16.707,16.707,71,historical
2019|autumn||2019秋季東京地区大会|1R|早大学院|9|文京|2,2019,autumn,,2019秋季東京地区大会,1R,prefecture,西東京,東東京,9,2,1031.8787,1024.0988,0.553856,4.8,2.1415,1034.0202,1021.9574,14.8944,-14.8944,72,historical
2019|autumn||2019秋季東京地区大会|1R|共栄学園|8|南平|1,2019,autumn,,2019秋季東京地区大会,1R,prefecture,東東京,西東京,8,1,1021.9574,1034.0202,0.4359,4.8,2.7077,1024.665,1031.3126,-16.3623,16.3623,73,historical
2019|autumn||2019秋季東京地区大会|2R|錦城学園|6|国学院久我山|2,2019,autumn,,2019秋季東京地区大会,2R,prefecture,東東京,西東京,6,2,1024.665,1031.3126,0.448732,4.8,2.6461,1027.3111,1028.6665,-14.5515,14.5515,74,historical
2019|autumn||2019秋季東京地区大会|2R|明大中野八王子|10|工学院大付|0,2019,autumn,,2019秋季東京地区大会,2R,prefecture,東東京,西東京,10,0,1027.3111,1028.6665,0.461351,4.8,2.5855,1029.8966,1026.081,-12.7772,12.7772,75,historical
2019|autumn||2019秋季東京地区大会|2R|修徳|14|国立|6,2019,autumn,,2019秋季東京地区大会,2R,prefecture,東東京,西東京,14,6,1029.8966,1026.081,0.473743,4.8,2.526,1032.4227,1023.5549,-11.039,11.039,76,historical
2019|autumn||2019秋季東京地区大会|2R|日本ウェルネス|4|日野|3,2019,autumn,,2019秋季東京地区大会,2R,prefecture,東東京,西東京,4,3,1032.4227,1023.5549,0.485893,4.8,2.4677,1034.8904,1021.0872,-9.3364,9.3364,77,historical
2019|autumn||2019秋季東京地区大会|2R|日大三|2|安田学園|0,2019,autumn,,2019秋季東京地区大会,2R,prefecture,西東京,東東京,2,0,1021.0872,1034.8904,0.502209,4.8,2.3894,1023.4766,1032.501,7.6691,-7.6691,78,historical
2019|autumn||2019秋季東京地区大会|2R|東海大菅生|11|東海大高輪台|1,2019,autumn,,2019秋季東京地区大会,2R,prefecture,西東京,東東京,11,1,1023.4766,1032.501,0.513792,4.8,2.3338,1025.8104,1030.1672,9.3054,-9.3054,79,historical
2019|autumn||2019秋季東京地区大会|2R|関東一|13|駒込学園|0,2019,autumn,,2019秋季東京地区大会,2R,prefecture,東東京,東京,13,0,1030.1672,962.8057,0.651654,4.8,1.6721,1031.8393,961.1336,20.7203,-20.7203,21,historical
2019|autumn||2019秋季東京地区大会|2R|帝京|7|早大学院|0,2019,autumn,,2019秋季東京地区大会,2R,prefecture,東東京,西東京,7,0,1031.8393,1025.8104,0.477298,4.8,2.509,1034.3482,1023.3014,-10.9073,10.9073,80,historical
2019|autumn||2019秋季東京地区大会|2R|日本学園|4|東亜学園|3,2019,autumn,,2019秋季東京地区大会,2R,prefecture,西東京,東東京,4,3,1023.3014,1034.3482,0.510601,4.8,2.3491,1025.6505,1031.9991,9.207,-9.207,81,historical
2019|autumn||2019秋季東京地区大会|2R|創価|6|大森学園|2,2019,autumn,,2019秋季東京地区大会,2R,prefecture,西東京,東東京,6,2,1025.6505,1031.9991,0.521999,4.8,2.2944,1027.945,1029.7047,10.8223,-10.8223,82,historical
2019|autumn||2019秋季東京地区大会|2R|城東|3|明学東村山|2,2019,autumn,,2019秋季東京地区大会,2R,prefecture,東東京,西東京,3,2,1029.7047,1027.945,0.466881,4.8,2.559,1032.2637,1025.386,-12.4035,12.4035,83,historical
2019|autumn||2019秋季東京地区大会|2R|佼成学園|7|紅葉川|2,2019,autumn,,2019秋季東京地区大会,2R,prefecture,西東京,東東京,7,2,1025.386,1032.2637,0.520784,4.8,2.3002,1027.6862,1029.9634,10.6641,-10.6641,84,historical
2019|autumn||2019秋季東京地区大会|3R|日大二|9|日本ウェルネス|4,2019,autumn,,2019秋季東京地区大会,3R,prefecture,西東京,東東京,9,4,1027.6862,1029.9634,0.531943,4.8,2.2467,1029.9329,1027.7168,12.2518,-12.2518,85,historical
2019|autumn||2019秋季東京地区大会|3R|国士舘|7|明大中野八王子|6,2019,autumn,,2019秋季東京地区大会,3R,prefecture,西東京,東東京,7,6,1029.9329,1027.7168,0.54282,4.8,2.1945,1032.1274,1025.5223,13.8057,-13.8057,86,historical
2019|autumn||2019秋季東京地区大会|3R|修徳|5|佼成学園|2,2019,autumn,,2019秋季東京地区大会,3R,prefecture,東東京,西東京,5,2,1025.5223,1032.1274,0.446586,4.8,2.6564,1028.1787,1029.471,-15.3265,15.3265,87,historical
2019|autumn||2019秋季東京地区大会|QF|国士舘|8|修徳|4,2019,autumn,,2019秋季東京地区大会,QF,regional,西東京,東東京,8,4,1029.471,1028.1787,0.540669,8.0,3.6747,1033.1456,1024.504,13.5149,-13.5149,88,historical
2019|autumn||2019秋季東京地区大会|QF|帝京|2|日大三|1,2019,autumn,,2019秋季東京地区大会,QF,regional,東東京,西東京,2,1,1024.504,1033.1456,0.441618,8.0,4.4671,1028.9711,1028.6786,-16.0562,16.0562,89,historical
2019|autumn||2019秋季東京地区大会|SF|国士舘|5|城東|0,2019,autumn,,2019秋季東京地区大会,SF,regional,西東京,東東京,5,0,1028.6786,1028.9711,0.536912,8.0,3.7047,1032.3833,1025.2664,12.9941,-12.9941,90,historical
2019|autumn||2019秋季東京地区大会|SF|帝京|3|創価|2,2019,autumn,,2019秋季東京地区大会,SF,regional,東東京,西東京,3,2,1025.2664,1032.3833,0.445194,8.0,4.4384,1029.7048,1027.9448,-15.5598,15.5598,91,historical
2019|autumn||2019秋季東京地区大会|F|国士舘|6|帝京|0,2019,autumn,,2019秋季東京地区大会,F,regional,西東京,東東京,6,0,1027.9448,1029.7048,0.533427,8.0,3.7326,1031.6774,1025.9722,12.511,-12.511,92,historical
2019|autumn||2019秋季北信越地区大会|1R|日本航空石川|11|高岡商|9,2019,autumn,,2019秋季北信越地区大会,1R,regional,石川,富山,11,9,1070.2412,984.2064,0.645695,8.0,2.8344,1073.0757,981.372,9.1127,-9.1127,9,historical
2019|autumn||2019秋季北信越地区大会|1R|敦賀気比|10|加茂暁星|0,2019,autumn,,2019秋季北信越地区大会,1R,regional,福井,新潟,10,0,984.1421,972.3487,0.513966,8.0,3.8883,988.0303,968.4604,-1.0433,1.0433,5,historical
2019|autumn||2019秋季北信越地区大会|1R|北越|3|北陸|2,2019,autumn,,2019秋季北信越地区大会,1R,regional,新潟,福井,3,2,968.4604,988.0303,0.471616,8.0,4.2271,972.6875,983.8033,-0.0873,0.0873,6,historical
2019|autumn||2019秋季北信越地区大会|1R|金沢商|13|高岡向陵|1,2019,autumn,,2019秋季北信越地区大会,1R,regional,石川,富山,13,1,1073.0757,981.372,0.657367,8.0,2.7411,1075.8167,978.6309,10.7438,-10.7438,10,historical
2019|autumn||2019秋季北信越地区大会|1R|佐久長聖|6|新潟産大付|0,2019,autumn,,2019秋季北信越地区大会,1R,regional,長野,新潟,6,0,983.6709,972.6875,0.522762,8.0,3.8179,987.4888,968.8696,2.422,-2.422,6,historical
2019|autumn||2019秋季北信越地区大会|1R|上田西|9|津幡|7,2019,autumn,,2019秋季北信越地区大会,1R,regional,長野,石川,9,7,987.4888,1075.8167,0.368069,8.0,5.0555,992.5442,1070.7613,-2.7842,2.7842,5,historical
2019|autumn||2019秋季北信越地区大会|1R|星稜|5|高岡第一|3,2019,autumn,,2019秋季北信越地区大会,1R,regional,石川,富山,5,3,1070.7613,978.6309,0.662163,8.0,2.7027,1073.464,975.9282,12.3863,-12.3863,11,historical
2019|autumn||2019秋季北信越地区大会|1R|敦賀|4|長野日大|1,2019,autumn,,2019秋季北信越地区大会,1R,regional,福井,長野,4,1,983.8033,992.5442,0.481253,8.0,4.15,987.9532,988.3942,-2.1459,2.1459,6,historical
2019|autumn||2019秋季北信越地区大会|QF|佐久長聖|1|金沢商|0,2019,autumn,,2019秋季北信越地区大会,QF,regional,長野,石川,1,0,988.3942,1073.464,0.375965,8.0,4.9923,993.3865,1068.4717,-1.4774,1.4774,6,historical
2019|autumn||2019秋季北信越地区大会|QF|星稜|10|敦賀|2,2019,autumn,,2019秋季北信越地区大会,QF,regional,石川,福井,10,2,1068.4717,987.9532,0.613852,8.0,3.0892,1071.5609,984.8641,0.0029,-0.0029,6,historical
2019|autumn||2019秋季北信越地区大会|QF|日本航空石川|7|敦賀気比|3,2019,autumn,,2019秋季北信越地区大会,QF,regional,石川,福井,7,3,1071.5609,984.8641,0.62517,8.0,2.9986,1074.5595,981.8654,1.0844,-1.0844,7,historical
2019|autumn||2019秋季北信越地区大会|QF|北越|3|上田西|2,2019,autumn,,2019秋季北信越地区大会,QF,regional,新潟,長野,3,2,968.8696,993.3865,0.453416,8.0,4.3727,973.2422,989.0139,-3.9735,3.9735,7,historical
2019|autumn||2019秋季北信越地区大会|SF|日本航空石川|9|北越|1,2019,autumn,,2019秋季北信越地区大会,SF,regional,石川,新潟,9,1,1074.5595,973.2422,0.6581,8.0,2.7352,1077.2947,970.507,6.22,-6.22,9,historical
2019|autumn||2019秋季北信越地区大会|SF|星稜|10|佐久長聖|3,2019,autumn,,2019秋季北信越地区大会,SF,regional,石川,長野,10,3,1077.2947,989.0139,0.624007,8.0,3.0079,1080.3027,986.0059,-0.1385,0.1385,7,historical
2019|autumn||2019秋季東海地区大会|1R|豊川|13|大垣商|8,2019,autumn,,2019秋季東海地区大会,1R,regional,愛知,岐阜,13,8,1007.0563,984.7263,0.535336,8.0,3.7173,1010.7736,981.009,1.1325,-1.1325,7,historical
2019|autumn||2019秋季東海地区大会|1R|津商|11|静岡商|2,2019,autumn,,2019秋季東海地区大会,1R,regional,三重,静岡,11,2,1007.4585,989.469,0.539474,8.0,3.6842,1011.1427,985.7848,4.7487,-4.7487,10,historical
2019|autumn||2019秋季東海地区大会|1R|愛工大名電|6|三重|2,2019,autumn,,2019秋季東海地区大会,1R,regional,愛知,三重,6,2,1010.7736,1011.1427,0.511192,8.0,3.9105,1014.6841,1007.2322,4.0737,-4.0737,7,historical
2019|autumn||2019秋季東海地区大会|1R|加藤学園|6|大垣西|1,2019,autumn,,2019秋季東海地区大会,1R,regional,静岡,岐阜,6,1,985.7848,981.009,0.506242,8.0,3.9501,989.7349,977.059,-0.2192,0.2192,4,historical
2019|autumn||2019秋季東海地区大会|QF|藤枝明誠|6|豊川|4,2019,autumn,,2019秋季東海地区大会,QF,regional,静岡,愛知,6,4,989.7349,1014.6841,0.459472,8.0,4.3242,994.0591,1010.3598,-1.6372,1.6372,9,historical
2019|autumn||2019秋季東海地区大会|QF|中京大中京|7|津商|0,2019,autumn,,2019秋季東海地区大会,QF,regional,愛知,三重,7,0,1010.3598,1007.2322,0.521271,8.0,3.8298,1014.1897,1003.4024,5.8311,-5.8311,8,historical
2019|autumn||2019秋季東海地区大会|QF|県岐阜商|5|愛工大名電|3,2019,autumn,,2019秋季東海地区大会,QF,regional,岐阜,愛知,5,3,977.059,1014.1897,0.43936,8.0,4.4851,981.5441,1009.7045,-2.6073,2.6073,8,historical
2019|autumn||2019秋季東海地区大会|QF|加藤学園|5|近大高専|4,2019,autumn,,2019秋季東海地区大会,QF,regional,静岡,三重,5,4,994.0591,1003.4024,0.467751,8.0,4.258,998.3171,999.1444,-6.5483,6.5483,11,historical
2019|autumn||2019秋季東海地区大会|SF|中京大中京|12|藤枝明誠|5,2019,autumn,,2019秋季東海地区大会,SF,regional,愛知,静岡,12,5,1009.7045,998.3171,0.516141,8.0,3.8709,1013.5754,994.4462,-0.0837,0.0837,10,historical
2019|autumn||2019秋季東海地区大会|SF|県岐阜商|4|加藤学園|3,2019,autumn,,2019秋季東海地区大会,SF,regional,岐阜,静岡,4,3,981.5441,994.4462,0.478893,8.0,4.1689,985.7129,990.2774,-0.8865,0.8865,5,historical
2019|autumn||2019秋季東海地区大会|F|中京大中京|9|県岐阜商|6,2019,autumn,,2019秋季東海地区大会,F,regional,愛知,岐阜,9,6,1013.5754,985.7129,0.542813,8.0,3.6575,1017.2329,982.0554,0.9799,-0.9799,9,historical
2019|autumn||2019秋季近畿地区大会|1R|大阪桐蔭|19|立命館守山|1,2019,autumn,,2019秋季近畿地区大会,1R,regional,大阪,滋賀,19,1,1114.1066,1003.5093,0.656785,8.0,2.7457,1116.8523,1000.7636,1.0726,-1.0726,2,historical
2019|autumn||2019秋季近畿地区大会|1R|智弁学園|4|神戸国際大付|2,2019,autumn,,2019秋季近畿地区大会,1R,regional,奈良,兵庫,4,2,991.3993,1013.9994,0.47545,8.0,4.1964,995.5957,1009.803,2.7638,-2.7638,3,historical
2019|autumn||2019秋季近畿地区大会|1R|智弁和歌山|8|初芝立命館|3,2019,autumn,,2019秋季近畿地区大会,1R,regional,和歌山,大阪,8,3,1026.2882,1116.8523,0.365004,8.0,5.08,1031.3682,1111.7723,-2.8125,2.8125,9,historical
2019|autumn||2019秋季近畿地区大会|1R|明石商|8|東山|3,2019,autumn,,2019秋季近畿地区大会,1R,regional,兵庫,京,8,3,1009.803,1004.0377,0.508828,8.0,3.9294,1013.7324,1000.1083,0.1849,-0.1849,6,historical
2019|autumn||2019秋季近畿地区大会|1R|奈良大付|12|近江|7,2019,autumn,,2019秋季近畿地区大会,1R,regional,奈良,滋賀,12,7,995.5957,1000.7636,0.492631,8.0,4.059,999.6547,996.7046,0.0234,-0.0234,2,historical
2019|autumn||2019秋季近畿地区大会|1R|天理|7|報徳学園|1,2019,autumn,,2019秋季近畿地区大会,1R,regional,奈良,兵庫,7,1,999.6547,1013.7324,0.492483,8.0,4.0601,1003.7148,1009.6723,4.427,-4.427,4,historical
2019|autumn||2019秋季近畿地区大会|1R|履正社|13|綾羽|4,2019,autumn,,2019秋季近畿地区大会,1R,regional,大阪,滋賀,13,4,1111.7723,996.7046,0.665007,8.0,2.6799,1114.4523,994.0247,2.0242,-2.0242,3,historical
2019|autumn||2019秋季近畿地区大会|1R|京都翔英|6|和歌山南陵|2,2019,autumn,,2019秋季近畿地区大会,1R,regional,京,和歌山,6,2,1000.1083,1031.3682,0.455264,8.0,4.3579,1004.4662,1027.0103,0.0455,-0.0455,2,historical
2019|autumn||2019秋季近畿地区大会|QF|智弁学園|17|智弁和歌山|13,2019,autumn,,2019秋季近畿地区大会,QF,regional,奈良,和歌山,17,13,1003.7148,1027.0103,0.466486,8.0,4.2681,1007.9829,1022.7422,-0.0135,0.0135,2,historical
2019|autumn||2019秋季近畿地区大会|QF|履正社|10|京都翔英|3,2019,autumn,,2019秋季近畿地区大会,QF,regional,大阪,京,10,3,1114.4523,1004.4662,0.653794,8.0,2.7696,1117.2219,1001.6966,0.2284,-0.2284,3,historical
2019|autumn||2019秋季近畿地区大会|QF|大阪桐蔭|4|明石商|3,2019,autumn,,2019秋季近畿地区大会,QF,regional,大阪,兵庫,4,3,1117.2219,1009.6723,0.659993,8.0,2.7201,1119.942,1006.9522,3.8356,-3.8356,4,historical
2019|autumn||2019秋季近畿地区大会|SF|天理|5|履正社|4,2019,autumn,,2019秋季近畿地区大会,SF,regional,奈良,大阪,5,4,1007.9829,1119.942,0.335643,8.0,5.3149,1013.2978,1114.6271,-3.3251,3.3251,4,historical
2019|autumn||2019秋季近畿地区大会|SF|大阪桐蔭|6|智弁学園|5,2019,autumn,,2019秋季近畿地区大会,SF,regional,大阪,奈良,6,5,1114.6271,1013.2978,0.6479,8.0,2.8168,1117.4439,1010.481,2.3036,-2.3036,5,historical
2019|autumn||2019秋季近畿地区大会|F|天理|12|大阪桐蔭|4,2019,autumn,,2019秋季近畿地区大会,F,regional,奈良,大阪,12,4,1010.481,1117.4439,0.341705,8.0,5.2664,1015.7473,1112.1775,-3.4722,3.4722,6,historical
2019|autumn||2019秋季中国地区大会|1R|鳥取城北|3|南陽工|2,2019,autumn,,2019秋季中国地区大会,1R,regional,鳥取,山口,3,2,978.2231,999.0633,0.469112,8.0,4.2471,982.4702,994.8162,-0.325,0.325,1,historical
2019|autumn||2019秋季中国地区大会|1R|平田|2|尾道商|0,2019,autumn,,2019秋季中国地区大会,1R,regional,島根,広島,2,0,944.545,1018.4038,0.389786,8.0,4.8817,949.4267,1013.5221,-2.0018,2.0018,3,historical
2019|autumn||2019秋季中国地区大会|1R|倉敷商|2|境|0,2019,autumn,,2019秋季中国地区大会,1R,regional,岡山,茨城,2,0,1003.7792,965.7247,0.554547,8.0,3.5636,1007.3428,962.1611,0.0,-0.0,0,historical
2019|autumn||2019秋季中国地区大会|1R|矢上|6|盈進|3,2019,autumn,,2019秋季中国地区大会,1R,regional,島根,広島,6,3,949.4267,1013.5221,0.405384,8.0,4.7569,954.1836,1008.7652,-1.2262,1.2262,4,historical
2019|autumn||2019秋季中国地区大会|1R|出雲西|5|豊浦|4,2019,autumn,,2019秋季中国地区大会,1R,regional,島根,山口,5,4,954.1836,994.8162,0.433075,8.0,4.5354,958.719,990.2808,-3.0763,3.0763,5,historical
2019|autumn||2019秋季中国地区大会|1R|広島新庄|3|八頭|1,2019,autumn,,2019秋季中国地区大会,1R,regional,広島,鳥取,3,1,1008.7652,982.4702,0.547315,8.0,3.6215,1012.3867,978.8487,3.3408,-3.3408,9,historical
2019|autumn||2019秋季中国地区大会|1R|高川学園|7|おかやま山陽|5,2019,autumn,,2019秋季中国地区大会,1R,regional,山口,岡山,7,5,990.2808,1007.3428,0.465812,8.0,4.2735,994.5543,1003.0693,-3.3659,3.3659,7,historical
2019|autumn||2019秋季中国地区大会|QF|創志学園|5|出雲西|1,2019,autumn,,2019秋季中国地区大会,QF,regional,岡山,島根,5,1,1003.0693,958.719,0.569945,8.0,3.4404,1006.5097,955.2786,2.2866,-2.2866,3,historical
2019|autumn||2019秋季中国地区大会|QF|鳥取城北|9|平田|2,2019,autumn,,2019秋季中国地区大会,QF,regional,鳥取,島根,9,2,978.8487,955.2786,0.537035,8.0,3.7037,982.5525,951.5749,1.1059,-1.1059,2,historical
2019|autumn||2019秋季中国地区大会|QF|広島新庄|5|高川学園|4,2019,autumn,,2019秋季中国地区大会,QF,regional,広島,山口,5,4,1012.3867,994.5543,0.526645,8.0,3.7868,1016.1735,990.7675,0.35,-0.35,7,historical
2019|autumn||2019秋季中国地区大会|QF|倉敷商|10|矢上|9,2019,autumn,,2019秋季中国地区大会,QF,regional,岡山,島根,10,9,1006.5097,951.5749,0.588631,8.0,3.291,1009.8007,948.2839,3.6548,-3.6548,4,historical
2019|autumn||2019秋季中国地区大会|SF|鳥取城北|13|創志学園|6,2019,autumn,,2019秋季中国地区大会,SF,regional,鳥取,岡山,13,6,982.5525,1009.8007,0.463178,8.0,4.2946,986.847,1005.5061,0.8077,-0.8077,3,historical
2019|autumn||2019秋季中国地区大会|SF|倉敷商|7|広島新庄|4,2019,autumn,,2019秋季中国地区大会,SF,regional,岡山,広島,7,4,1005.5061,1016.1735,0.492533,8.0,4.0597,1009.5658,1012.1138,2.7394,-2.7394,10,historical
2019|autumn||2019秋季中国地区大会|F|倉敷商|9|鳥取城北|7,2019,autumn,,2019秋季中国地区大会,F,regional,岡山,鳥取,9,7,1009.5658,986.847,0.526738,8.0,3.7861,1013.3519,983.0609,-2.0609,2.0609,4,historical
2019|autumn||2019秋季四国地区大会|1R|新田|6|川島|0,2019,autumn,,2019秋季四国地区大会,1R,regional,愛媛,徳島,6,0,999.2021,968.5579,0.552874,8.0,3.577,1002.7791,964.9809,3.1171,-3.1171,7,historical
2019|autumn||2019秋季四国地区大会|1R|城東|6|大手前高松|4,2019,autumn,,2019秋季四国地区大会,1R,regional,東東京,香川,6,4,1025.9722,1003.5413,0.531576,8.0,3.7474,1029.7196,999.794,-0.2302,0.2302,1,historical
2019|autumn||2019秋季四国地区大会|1R|岡豊|5|英明|1,2019,autumn,,2019秋季四国地区大会,1R,regional,高知,香川,5,1,1022.0706,999.794,0.506526,8.0,3.9478,1026.0184,995.8462,-8.8708,8.8708,8,historical
2019|autumn||2019秋季四国地区大会|1R|明徳義塾|8|小松|1,2019,autumn,,2019秋季四国地区大会,1R,regional,高知,石川,8,1,1026.0184,1080.3027,0.421495,8.0,4.628,1030.6464,1075.6746,-0.3607,0.3607,1,historical
2019|autumn||2019秋季四国地区大会|QF|尽誠学園|7|新田|3,2019,autumn,,2019秋季四国地区大会,QF,regional,香川,愛媛,7,3,995.8462,1002.7791,0.482029,8.0,4.1438,999.9899,998.6354,-2.7801,2.7801,8,historical
2019|autumn||2019秋季四国地区大会|QF|高知中央|13|城東|3,2019,autumn,,2019秋季四国地区大会,QF,regional,高知,東東京,13,3,1030.6464,1029.7196,0.501334,8.0,3.9893,1034.6358,1025.7303,-0.0,0.0,0,historical
2019|autumn||2019秋季四国地区大会|QF|明徳義塾|8|徳島北|1,2019,autumn,,2019秋季四国地区大会,QF,regional,高知,徳島,8,1,1034.6358,964.9809,0.611621,8.0,3.107,1037.7428,961.8739,4.618,-4.618,8,historical
2019|autumn||2019秋季四国地区大会|QF|岡豊|5|済美|4,2019,autumn,,2019秋季四国地区大会,QF,regional,高知,愛媛,5,4,1037.7428,998.6354,0.572288,8.0,3.4217,1041.1645,995.2137,5.7388,-5.7388,7,historical
2019|autumn||2019秋季四国地区大会|SF|尽誠学園|13|岡豊|2,2019,autumn,,2019秋季四国地区大会,SF,regional,香川,高知,13,2,999.9899,1041.1645,0.463333,8.0,4.2933,1004.2833,1036.8712,7.8251,-7.8251,9,historical
2019|autumn||2019秋季四国地区大会|F|明徳義塾|8|尽誠学園|1,2019,autumn,,2019秋季四国地区大会,F,regional,高知,香川,8,1,1036.8712,1004.2833,0.518106,8.0,3.8551,1040.7263,1000.4281,-10.0004,10.0004,10,historical
2019|autumn||2019秋季九州地区大会|1R|宮崎日大|3|鹿児島実|2,2019,autumn,,2019秋季九州地区大会,1R,regional,宮崎,鹿児島,3,2,968.2084,989.0283,0.466935,8.0,4.2645,972.4729,984.7638,-1.0947,1.0947,2,historical
2019|autumn||2019秋季九州地区大会|1R|創成館|4|熊本国府|2,2019,autumn,,2019秋季九州地区大会,1R,regional,長崎,熊本,4,2,1001.813,981.2323,0.530434,8.0,3.7565,1005.5696,977.4758,0.2965,-0.2965,1,historical
2019|autumn||2019秋季九州地区大会|1R|明豊|20|唐津商|14,2019,autumn,,2019秋季九州地区大会,1R,regional,大分,佐賀,20,14,1017.5077,953.8111,0.591483,8.0,3.2681,1020.7758,950.5429,0.2982,-0.2982,1,historical
2019|autumn||2019秋季九州地区大会|1R|沖縄尚学|2|福岡工大城東|1,2019,autumn,,2019秋季九州地区大会,1R,regional,沖縄,福岡,2,1,999.1434,1022.8472,0.461792,8.0,4.3057,1003.4491,1018.5416,-1.449,1.449,7,historical
2019|autumn||2019秋季九州地区大会|1R|福岡第一|8|八重山農林|1,2019,autumn,,2019秋季九州地区大会,1R,regional,福岡,沖縄,8,1,1018.5416,1003.4491,0.521528,8.0,3.8278,1022.3693,999.6213,-0.0622,0.0622,8,historical
2019|autumn||2019秋季九州地区大会|1R|城北|8|富島|7,2019,autumn,,2019秋季九州地区大会,1R,regional,東東京,宮崎,8,7,1025.7303,972.4729,0.576049,8.0,3.3916,1029.1219,969.0813,-0.0,0.0,0,historical
2019|autumn||2019秋季九州地区大会|1R|大分商|4|大崎|3,2019,autumn,,2019秋季九州地区大会,1R,regional,大分,東東京,4,3,1020.7758,1029.1219,0.487991,8.0,4.0961,1024.8719,1025.0258,0.0,-0.0,0,historical
2019|autumn||2019秋季九州地区大会|1R|鹿児島城西|7|佐賀学園|0,2019,autumn,,2019秋季九州地区大会,1R,regional,鹿児島,佐賀,7,0,984.7638,950.5429,0.552935,8.0,3.5765,988.3403,946.9664,1.3503,-1.3503,2,historical
2019|autumn||2019秋季九州地区大会|QF|創成館|4|宮崎日大|3,2019,autumn,,2019秋季九州地区大会,QF,regional,長崎,宮崎,4,3,1005.5696,969.0813,0.55821,8.0,3.5343,1009.1039,965.547,2.0722,-2.0722,4,historical
2019|autumn||2019秋季九州地区大会|QF|明豊|7|沖縄尚学|6,2019,autumn,,2019秋季九州地区大会,QF,regional,大分,沖縄,7,6,1024.8719,999.6213,0.535331,8.0,3.7174,1028.5893,995.904,-0.3297,0.3297,1,historical
2019|autumn||2019秋季九州地区大会|QF|鹿児島城西|8|城北|0,2019,autumn,,2019秋季九州地区大会,QF,regional,鹿児島,東東京,8,0,988.3403,1025.0258,0.447401,8.0,4.4208,992.7611,1020.6051,-0.0,0.0,0,historical
2019|autumn||2019秋季九州地区大会|QF|大分商|5|福岡第一|2,2019,autumn,,2019秋季九州地区大会,QF,regional,大分,福岡,5,2,1028.5893,1022.3693,0.49704,8.0,4.0237,1032.6129,1018.3457,-4.1382,4.1382,7,historical
2019|autumn||2019秋季九州地区大会|SF|大分商|6|鹿児島城西|3,2019,autumn,,2019秋季九州地区大会,SF,regional,大分,鹿児島,6,3,1032.6129,992.7611,0.57388,8.0,3.409,1036.0219,989.3522,5.9321,-5.9321,6,historical
2019|autumn||2019秋季九州地区大会|SF|明豊|3|創成館|2,2019,autumn,,2019秋季九州地区大会,SF,regional,大分,長崎,3,2,1036.0219,1009.1039,0.545548,8.0,3.6356,1039.6575,1005.4683,2.41,-2.41,3,historical
2019|jingu||2019明治神宮大会|1R|健大高崎|7|倉敷商|1,2019,jingu,,2019明治神宮大会,1R,national,群馬,岡山,7,1,1014.9582,1013.3519,0.502312,9.2,4.5787,1019.5369,1008.7732,-0.0,0.0,0,historical
2019|jingu||2019明治神宮大会|1R|明徳義塾|8|星稜|5,2019,jingu,,2019明治神宮大会,1R,national,高知,石川,8,5,1040.7263,1075.6746,0.450002,9.2,5.06,1045.7863,1070.6147,0.0449,-0.0449,2,historical
2019|jingu||2019明治神宮大会|QF|白樺学園|4|国士舘|3,2019,jingu,,2019明治神宮大会,QF,regional,北北海道,西東京,4,3,972.055,1031.6774,0.415029,8.0,4.6798,976.7348,1026.9976,0.0,-0.0,0,historical
2019|jingu||2019明治神宮大会|QF|天理|8|仙台育英|6,2019,jingu,,2019明治神宮大会,QF,national,奈良,宮城,8,6,1015.7473,1036.9847,0.469475,9.2,4.8808,1020.6281,1032.1039,0.0,-0.0,0,historical
2019|jingu||2019明治神宮大会|QF|健大高崎|5|明豊|4,2019,jingu,,2019明治神宮大会,QF,national,群馬,大分,5,4,1019.5369,1039.6575,0.471076,9.2,4.8661,1024.403,1034.7914,-0.0,0.0,0,historical
2019|jingu||2019明治神宮大会|QF|中京大中京|8|明徳義塾|0,2019,jingu,,2019明治神宮大会,QF,national,愛知,高知,8,0,1017.2329,1045.7863,0.459001,9.2,4.9772,1022.2101,1040.8091,0.0,-0.0,0,historical
2019|jingu||2019明治神宮大会|SF|健大高崎|3|白樺学園|2,2019,jingu,,2019明治神宮大会,SF,national,群馬,北北海道,3,2,1024.403,976.7348,0.568173,9.2,3.9728,1028.3758,972.762,-0.0,0.0,0,historical
2019|jingu||2019明治神宮大会|SF|中京大中京|10|天理|9,2019,jingu,,2019明治神宮大会,SF,national,愛知,奈良,10,9,1022.2101,1020.6281,0.502277,9.2,4.5791,1026.7892,1016.0491,-0.0,0.0,0,historical
2019|jingu||2019明治神宮大会|F|中京大中京|4|健大高崎|3,2019,jingu,,2019明治神宮大会,F,national,愛知,群馬,4,3,1026.7892,1028.3758,0.496613,9.2,4.6312,1031.4203,1023.7446,-0.3834,0.3834,1,historical
2020|autumn||2020秋季北海道地区大会|1R|函館大有斗|8|遠軽|7,2020,autumn,,2020秋季北海道地区大会,1R,regional,南北海道,北北海道,8,7,1018.4709,972.762,0.602882,8.0,3.1769,1021.6478,969.585,13.408,-13.408,51,historical
2020|autumn||2020秋季北海道地区大会|1R|札幌第一|10|稚内大谷|0,2020,autumn,,2020秋季北海道地区大会,1R,regional,南北海道,北北海道,10,0,1021.6478,969.585,0.617332,8.0,3.0613,1024.7092,966.5237,15.5081,-15.5081,52,historical
2020|autumn||2020秋季北海道地区大会|1R|北海|4|帯広農|0,2020,autumn,,2020秋季北海道地区大会,1R,regional,南北海道,北北海道,4,0,1024.7092,966.5237,0.631092,8.0,2.9513,1027.6604,963.5724,17.5421,-17.5421,53,historical
2020|autumn||2020秋季北海道地区大会|2R|知内|10|中標津|3,2020,autumn,,2020秋季北海道地区大会,2R,regional,南北海道,北北海道,10,3,1027.6604,963.5724,0.644183,8.0,2.8465,1030.507,960.7259,19.5127,-19.5127,54,historical
2020|autumn||2020秋季北海道地区大会|2R|札幌日大|6|クラーク国際|2,2020,autumn,,2020秋季北海道地区大会,2R,regional,南北海道,北北海道,6,2,1030.507,960.7259,0.656633,8.0,2.7469,1033.2539,957.979,21.4223,-21.4223,55,historical
2020|autumn||2020秋季北海道地区大会|2R|武修館|12|小樽双葉|5,2020,autumn,,2020秋季北海道地区大会,2R,regional,北北海道,南北海道,12,5,957.979,1033.2539,0.331532,8.0,5.3477,963.3267,1027.9062,-23.2737,23.2737,56,historical
2020|autumn||2020秋季北海道地区大会|2R|北海|7|旭川大高|1,2020,autumn,,2020秋季北海道地区大会,2R,regional,南北海道,北北海道,7,1,1027.9062,963.3267,0.645609,8.0,2.8351,1030.7413,960.4916,19.8077,-19.8077,57,historical
2020|autumn||2020秋季北海道地区大会|QF|旭川実|11|函館大有斗|2,2020,autumn,,2020秋季北海道地区大会,QF,regional,北北海道,南北海道,11,2,960.4916,1030.7413,0.341991,8.0,5.2641,965.7557,1025.4772,-21.7184,21.7184,58,historical
2020|autumn||2020秋季北海道地区大会|QF|武修館|11|札幌光星|10,2020,autumn,,2020秋季北海道地区大会,QF,regional,北北海道,南北海道,11,10,965.7557,1025.4772,0.364864,8.0,5.0811,970.8368,1020.3961,-18.2865,18.2865,59,historical
2020|autumn||2020秋季北海道地区大会|F|北海|1|旭川実|0,2020,autumn,,2020秋季北海道地区大会,F,regional,南北海道,北北海道,1,0,1020.3961,970.8368,0.612427,8.0,3.1006,1023.4967,967.7362,14.9605,-14.9605,60,historical
2020|autumn||2020秋季東北地区大会|1R|花巻東|7|鶴岡東|2,2020,autumn,,2020秋季東北地区大会,1R,regional,岩手,山形,7,2,990.3178,992.475,0.508279,8.0,3.9338,994.2516,988.5412,3.9553,-3.9553,7,historical
2020|autumn||2020秋季東北地区大会|1R|柴田|7|学法石川|2,2020,autumn,,2020秋季東北地区大会,1R,regional,宮城,福島,7,2,1032.1039,987.589,0.562672,8.0,3.4986,1035.6025,984.0904,-0.3678,0.3678,8,historical
2020|autumn||2020秋季東北地区大会|2R|仙台育英|7|湯沢翔北|0,2020,autumn,,2020秋季東北地区大会,2R,regional,宮城,秋田,7,0,1035.6025,981.2748,0.590029,8.0,3.2798,1038.8823,977.9951,4.4601,-4.4601,6,historical
2020|autumn||2020秋季東北地区大会|2R|羽黒|10|盛岡大付|7,2020,autumn,,2020秋季東北地区大会,2R,regional,山形,岩手,10,7,988.5412,994.2516,0.475359,8.0,4.1971,992.7384,990.0544,-5.7129,5.7129,8,historical
2020|autumn||2020秋季東北地区大会|2R|日大山形|5|聖愛|3,2020,autumn,,2020秋季東北地区大会,2R,regional,山形,青森,5,3,992.7384,1027.1463,0.451634,8.0,4.3869,997.1253,1022.7593,0.347,-0.347,4,historical
2020|autumn||2020秋季東北地区大会|2R|東北|4|由利工|1,2020,autumn,,2020秋季東北地区大会,2R,regional,宮城,秋田,4,1,1038.8823,977.9951,0.603393,8.0,3.1729,1042.0551,974.8222,6.0045,-6.0045,7,historical
2020|autumn||2020秋季東北地区大会|2R|花巻東|2|角館|1,2020,autumn,,2020秋季東北地区大会,2R,regional,岩手,秋田,2,1,990.0544,974.8222,0.525057,8.0,3.7995,993.854,971.0227,1.097,-1.097,5,historical
2020|autumn||2020秋季東北地区大会|2R|八戸西|10|福島商|3,2020,autumn,,2020秋季東北地区大会,2R,regional,青森,福島,10,3,1022.7593,984.0904,0.562216,8.0,3.5023,1026.2616,980.5881,2.3941,-2.3941,6,historical
2020|autumn||2020秋季東北地区大会|2R|柴田|6|八戸学院光星|2,2020,autumn,,2020秋季東北地区大会,2R,regional,宮城,青森,6,2,1042.0551,1026.2616,0.526679,8.0,3.7866,1045.8417,1022.475,1.3812,-1.3812,13,historical
2020|autumn||2020秋季東北地区大会|2R|東日大昌平|9|一関学院|6,2020,autumn,,2020秋季東北地区大会,2R,regional,福島,岩手,9,6,980.5881,993.854,0.4838,8.0,4.1296,984.7177,989.7244,1.0026,-1.0026,5,historical
2020|autumn||2020秋季東北地区大会|QF|仙台育英|11|羽黒|2,2020,autumn,,2020秋季東北地区大会,QF,regional,宮城,山形,11,2,1045.8417,997.1253,0.574652,8.0,3.4028,1049.2445,993.7225,1.774,-1.774,6,historical
2020|autumn||2020秋季東北地区大会|QF|花巻東|2|八戸西|1,2020,autumn,,2020秋季東北地区大会,QF,regional,岩手,青森,2,1,989.7244,1022.475,0.433416,8.0,4.5327,994.2571,1017.9424,-6.8965,6.8965,9,historical
2020|autumn||2020秋季東北地区大会|QF|柴田|15|東日大昌平|10,2020,autumn,,2020秋季東北地区大会,QF,regional,宮城,福島,15,10,1049.2445,984.7177,0.594586,8.0,3.2433,1052.4878,981.4744,0.9997,-0.9997,9,historical
2020|autumn||2020秋季東北地区大会|QF|日大山形|7|東北|4,2020,autumn,,2020秋季東北地区大会,QF,regional,山形,宮城,7,4,993.7225,1052.4878,0.407519,8.0,4.7398,998.4624,1047.7479,-3.1227,3.1227,7,historical
2020|autumn||2020秋季東北地区大会|SF|仙台育英|1|花巻東|0,2020,autumn,,2020秋季東北地区大会,SF,regional,宮城,岩手,1,0,1047.7479,994.2571,0.582175,8.0,3.3426,1051.0905,990.9145,2.0663,-2.0663,6,historical
2020|autumn||2020秋季東北地区大会|SF|柴田|6|日大山形|0,2020,autumn,,2020秋季東北地区大会,SF,regional,宮城,山形,6,0,1051.0905,998.4624,0.57957,8.0,3.3634,1054.454,995.0989,1.5683,-1.5683,8,historical
2020|autumn||2020秋季関東地区大会|1R|国学院栃木|6|東京学館|5,2020,autumn,,2020秋季関東地区大会,1R,regional,栃木,千葉,6,5,977.9043,1001.1327,0.463371,8.0,4.293,982.1973,996.8397,-1.1349,1.1349,2,historical
2020|autumn||2020秋季関東地区大会|1R|常総学院|9|前橋商|0,2020,autumn,,2020秋季関東地区大会,1R,regional,茨城,群馬,9,0,962.1611,1023.7446,0.412841,8.0,4.6973,966.8584,1019.0474,0.1971,-0.1971,4,historical
2020|autumn||2020秋季関東地区大会|1R|健大高崎|6|日本航空|1,2020,autumn,,2020秋季関東地区大会,1R,regional,群馬,山梨,6,1,1019.0474,968.2485,0.583219,8.0,3.3342,1022.3816,964.9142,3.7853,-3.7853,7,historical
2020|autumn||2020秋季関東地区大会|1R|専大松戸|8|鹿島学園|0,2020,autumn,,2020秋季関東地区大会,1R,regional,千葉,茨城,8,0,996.8397,966.8584,0.546518,8.0,3.6279,1000.4676,963.2305,1.2182,-1.2182,2,historical
2020|autumn||2020秋季関東地区大会|1R|東海大相模|7|石橋|0,2020,autumn,,2020秋季関東地区大会,1R,regional,神奈川,栃木,7,0,1027.0269,982.1973,0.574872,8.0,3.401,1030.4279,978.7963,3.7955,-3.7955,4,historical
2020|autumn||2020秋季関東地区大会|1R|鎌倉学園|11|昌平|7,2020,autumn,,2020秋季関東地区大会,1R,regional,神奈川,埼玉,11,7,1030.4279,1019.8272,0.532453,8.0,3.7404,1034.1683,1016.0868,5.9909,-5.9909,9,historical
2020|autumn||2020秋季関東地区大会|1R|東海大甲府|8|細田学園|1,2020,autumn,,2020秋季関東地区大会,1R,regional,山梨,埼玉,8,1,964.9142,1016.0868,0.428247,8.0,4.574,969.4882,1011.5128,0.4833,-0.4833,3,historical
2020|autumn||2020秋季関東地区大会|QF|健大高崎|8|国学院栃木|1,2020,autumn,,2020秋季関東地区大会,QF,regional,群馬,栃木,8,1,1022.3816,978.7963,0.562162,8.0,3.5027,1025.8843,975.2936,-0.0831,0.0831,2,historical
2020|autumn||2020秋季関東地区大会|QF|専大松戸|6|鎌倉学園|0,2020,autumn,,2020秋季関東地区大会,QF,regional,千葉,神奈川,6,0,1000.4676,1034.1683,0.445345,8.0,4.4372,1004.9048,1029.731,-2.2151,2.2151,8,historical
2020|autumn||2020秋季関東地区大会|QF|東海大甲府|2|東海大相模|1,2020,autumn,,2020秋季関東地区大会,QF,regional,山梨,神奈川,2,1,969.4882,1029.731,0.411302,8.0,4.7096,974.1978,1025.0214,-1.0249,1.0249,2,historical
2020|autumn||2020秋季関東地区大会|QF|常総学院|9|木更津総合|1,2020,autumn,,2020秋季関東地区大会,QF,regional,茨城,千葉,9,1,963.2305,1004.9048,0.433505,8.0,4.532,967.7625,1000.3728,-2.4033,2.4033,3,historical
2020|autumn||2020秋季関東地区大会|SF|健大高崎|9|専大松戸|2,2020,autumn,,2020秋季関東地区大会,SF,regional,群馬,千葉,9,2,1025.8843,1000.3728,0.530316,8.0,3.7575,1029.6418,996.6154,-2.2099,2.2099,4,historical
2020|autumn||2020秋季関東地区大会|SF|常総学院|10|東海大甲府|0,2020,autumn,,2020秋季関東地区大会,SF,regional,茨城,山梨,10,0,967.7625,974.1978,0.494173,8.0,4.0466,971.8091,970.1512,1.1932,-1.1932,2,historical
2020|autumn||2020秋季関東地区大会|F|健大高崎|9|常総学院|7,2020,autumn,,2020秋季関東地区大会,F,regional,群馬,茨城,9,7,1029.6418,971.8091,0.578031,8.0,3.3758,1033.0175,968.4333,-1.5824,1.5824,5,historical
2020|autumn||2020秋季東京地区大会|1R|共栄学園|7|専大付|5,2020,autumn,,2020秋季東京地区大会,1R,prefecture,東東京,西東京,7,5,1020.6051,1026.9976,0.447534,4.8,2.6518,1023.2569,1024.3458,-15.0994,15.0994,93,historical
2020|autumn||2020秋季東京地区大会|1R|郁文館|11|駒場学園|0,2020,autumn,,2020秋季東京地区大会,1R,prefecture,東東京,西東京,11,0,1023.2569,1024.3458,0.460296,4.8,2.5906,1025.8475,1021.7552,-13.2793,13.2793,94,historical
2020|autumn||2020秋季東京地区大会|1R|千歳丘|6|東洋|5,2020,autumn,,2020秋季東京地区大会,1R,prefecture,西東京,東東京,6,5,1021.7552,1025.8475,0.527179,4.8,2.2695,1024.0248,1023.5779,11.4982,-11.4982,95,historical
2020|autumn||2020秋季東京地区大会|1R|早稲田実|9|修徳|2,2020,autumn,,2020秋季東京地区大会,1R,prefecture,西東京,東東京,9,2,1024.0248,1023.5779,0.538212,4.8,2.2166,1026.2413,1021.3613,13.0788,-13.0788,96,historical
2020|autumn||2020秋季東京地区大会|1R|岩倉|5|豊多摩|2,2020,autumn,,2020秋季東京地区大会,1R,prefecture,東東京,西東京,5,2,1021.3613,1026.2413,0.451041,4.8,2.635,1023.9963,1023.6063,-14.6249,14.6249,97,historical
2020|autumn||2020秋季東京地区大会|1R|創価|10|文京|0,2020,autumn,,2020秋季東京地区大会,1R,prefecture,西東京,東東京,10,0,1023.6063,1023.9963,0.536243,4.8,2.226,1025.8324,1021.7703,12.8092,-12.8092,98,historical
2020|autumn||2020秋季東京地区大会|1R|上野学園|6|成瀬|4,2020,autumn,,2020秋季東京地区大会,1R,prefecture,東東京,西東京,6,4,1021.7703,1025.8324,0.452952,4.8,2.6258,1024.3961,1023.2065,-14.3637,14.3637,99,historical
2020|autumn||2020秋季東京地区大会|1R|小松川|11|松原|1,2020,autumn,,2020秋季東京地区大会,1R,prefecture,東東京,東京,11,1,1024.3961,961.1336,0.649385,4.8,1.683,1026.0791,959.4507,21.9031,-21.9031,22,historical
2020|autumn||2020秋季東京地区大会|1R|東海大菅生|15|本郷|1,2020,autumn,,2020秋季東京地区大会,1R,prefecture,西東京,東東京,15,1,1023.2065,1026.0791,0.531947,4.8,2.2467,1025.4532,1023.8324,12.5509,-12.5509,100,historical
2020|autumn||2020秋季東京地区大会|1R|目黒日大|6|日野台|4,2020,autumn,,2020秋季東京地区大会,1R,prefecture,東東京,西東京,6,4,1023.8324,1025.4532,0.457128,4.8,2.6058,1026.4382,1022.8474,-14.1215,14.1215,101,historical
2020|autumn||2020秋季東京地区大会|1R|東亜学園|9|八王子北|8,2020,autumn,,2020秋季東京地区大会,1R,prefecture,東東京,西東京,9,8,1026.4382,1022.8474,0.469746,4.8,2.5452,1028.9834,1020.3022,-12.3194,12.3194,102,historical
2020|autumn||2020秋季東京地区大会|1R|日野|13|駒込学園|2,2020,autumn,,2020秋季東京地区大会,1R,prefecture,西東京,東京,13,2,1020.3022,959.4507,0.586287,4.8,1.9858,1022.288,957.4648,-0.1436,0.1436,2,historical
2020|autumn||2020秋季東京地区大会|1R|城北|18|国学院久我山|17,2020,autumn,,2020秋季東京地区大会,1R,prefecture,東東京,西東京,18,17,1028.9834,1022.288,0.479262,4.8,2.4995,1031.483,1019.7885,-10.5568,10.5568,103,historical
2020|autumn||2020秋季東京地区大会|1R|関東一|5|駒大高|3,2020,autumn,,2020秋季東京地区大会,1R,prefecture,東東京,西東京,5,3,1031.483,1019.7885,0.491435,4.8,2.4411,1033.9241,1017.3474,-8.8234,8.8234,104,historical
2020|autumn||2020秋季東京地区大会|1R|日本学園|2|立正大立正|0,2020,autumn,,2020秋季東京地区大会,1R,prefecture,西東京,東東京,2,0,1017.3474,1033.9241,0.496661,4.8,2.416,1019.7634,1031.5081,7.1282,-7.1282,105,historical
2020|autumn||2020秋季東京地区大会|1R|城西|4|世田谷学園|1,2020,autumn,,2020秋季東京地区大会,1R,prefecture,徳島,西東京,4,1,961.8739,1019.7634,0.417453,4.8,2.7962,964.6701,1016.9672,0.0,-0.0,0,historical
2020|autumn||2020秋季東京地区大会|1R|日大二|12|目白研心|10,2020,autumn,,2020秋季東京地区大会,1R,prefecture,西東京,東東京,12,10,1016.9672,1031.5081,0.504453,4.8,2.3786,1019.3458,1029.1294,8.8178,-8.8178,106,historical
2020|autumn||2020秋季東京地区大会|1R|国士舘|12|立教池袋|2,2020,autumn,,2020秋季東京地区大会,1R,prefecture,西東京,東東京,12,2,1019.3458,1029.1294,0.516088,4.8,2.3228,1021.6686,1026.8067,10.4834,-10.4834,107,historical
2020|autumn||2020秋季東京地区大会|2R|佼成学園|32|小松川|0,2020,autumn,,2020秋季東京地区大会,2R,prefecture,西東京,東東京,32,0,1021.6686,1026.8067,0.52744,4.8,2.2683,1023.9369,1024.5384,12.1121,-12.1121,108,historical
2020|autumn||2020秋季東京地区大会|2R|早稲田実|6|郁文館|2,2020,autumn,,2020秋季東京地区大会,2R,prefecture,西東京,東東京,6,2,1023.9369,1024.5384,0.538503,4.8,2.2152,1026.152,1022.3232,13.7047,-13.7047,109,historical
2020|autumn||2020秋季東京地区大会|2R|創価|7|共栄学園|0,2020,autumn,,2020秋季東京地区大会,2R,prefecture,西東京,東東京,7,0,1026.152,1022.3232,0.549277,4.8,2.1635,1028.3155,1020.1597,15.262,-15.262,110,historical
2020|autumn||2020秋季東京地区大会|2R|東海大菅生|10|目黒日大|0,2020,autumn,,2020秋季東京地区大会,2R,prefecture,西東京,東東京,10,0,1028.3155,1020.1597,0.559761,4.8,2.1131,1030.4287,1018.0466,16.7848,-16.7848,111,historical
2020|autumn||2020秋季東京地区大会|2R|日野|3|城西|2,2020,autumn,,2020秋季東京地区大会,2R,prefecture,西東京,徳島,3,2,1030.4287,964.6701,0.592873,4.8,1.9542,1032.3829,962.7159,-0.233,0.233,1,historical
2020|autumn||2020秋季東京地区大会|2R|桜美林|1|錦城学園|0,2020,autumn,,2020秋季東京地区大会,2R,prefecture,西東京,東東京,1,0,1032.3829,1018.0466,0.57271,4.8,2.051,1034.4339,1015.9956,18.2741,-18.2741,112,historical
2020|autumn||2020秋季東京地区大会|2R|日本学園|12|東亜学園|7,2020,autumn,,2020秋季東京地区大会,2R,prefecture,西東京,東東京,12,7,1034.4339,1015.9956,0.582536,4.8,2.0038,1036.4377,1013.9918,19.7214,-19.7214,113,historical
2020|autumn||2020秋季東京地区大会|2R|日大鶴ヶ丘|14|東海大高輪台|6,2020,autumn,,2020秋季東京地区大会,2R,prefecture,西東京,東東京,14,6,1036.4377,1013.9918,0.592077,4.8,1.958,1038.3957,1012.0337,21.1372,-21.1372,114,historical
2020|autumn||2020秋季東京地区大会|3R|関東一|4|日野|1,2020,autumn,,2020秋季東京地区大会,3R,prefecture,東東京,西東京,4,1,1012.0337,1038.3957,0.398661,4.8,2.8864,1014.9202,1035.5093,-22.5223,22.5223,115,historical
2020|autumn||2020秋季東京地区大会|3R|二松学舎大付|12|佼成学園|0,2020,autumn,,2020秋季東京地区大会,3R,prefecture,東東京,西東京,12,0,1014.9202,1035.5093,0.412256,4.8,2.8212,1017.7413,1032.6881,-20.5097,20.5097,116,historical
2020|autumn||2020秋季東京地区大会|3R|早稲田実|7|大森学園|1,2020,autumn,,2020秋季東京地区大会,3R,prefecture,西東京,東東京,7,1,1032.6881,1017.7413,0.57432,4.8,2.0433,1034.7314,1015.6981,18.5406,-18.5406,117,historical
2020|autumn||2020秋季東京地区大会|3R|日大豊山|4|創価|2,2020,autumn,,2020秋季東京地区大会,3R,prefecture,東東京,西東京,4,2,1015.6981,1034.7314,0.415892,4.8,2.8037,1018.5018,1031.9277,-19.9858,19.9858,118,historical
2020|autumn||2020秋季東京地区大会|3R|日大三|1|小山台|0,2020,autumn,,2020秋季東京地区大会,3R,prefecture,西東京,東東京,1,0,1031.9277,1018.5018,0.570727,4.8,2.0605,1033.9882,1016.4413,18.0261,-18.0261,119,historical
2020|autumn||2020秋季東京地区大会|QF|日大三|6|日大豊山|2,2020,autumn,,2020秋季東京地区大会,QF,regional,西東京,東東京,6,2,1033.9882,1016.4413,0.580623,8.0,3.355,1037.3432,1013.0862,19.4844,-19.4844,120,historical
2020|autumn||2020秋季東京地区大会|QF|二松学舎大付|6|早稲田実|4,2020,autumn,,2020秋季東京地区大会,QF,regional,東東京,西東京,6,4,1013.0862,1037.3432,0.403417,8.0,4.7727,1017.8589,1032.5705,-21.8547,21.8547,121,historical
2020|autumn||2020秋季東京地区大会|QF|関東一|7|八王子|0,2020,autumn,,2020秋季東京地区大会,QF,regional,東東京,西東京,7,0,1017.8589,1032.5705,0.426107,8.0,4.5911,1022.4501,1027.9794,-18.5066,18.5066,122,historical
2020|autumn||2020秋季東京地区大会|SF|東海大菅生|7|関東一|5,2020,autumn,,2020秋季東京地区大会,SF,regional,西東京,東東京,7,5,1027.9794,1022.4501,0.551759,8.0,3.5859,1031.5653,1018.8641,15.2828,-15.2828,123,historical
2020|autumn||2020秋季東京地区大会|SF|日大三|3|二松学舎大付|2,2020,autumn,,2020秋季東京地区大会,SF,regional,西東京,東東京,3,2,1031.5653,1018.8641,0.569114,8.0,3.4471,1035.0124,1015.417,17.8168,-17.8168,124,historical
2020|autumn||2020秋季北信越地区大会|1R|東京都市大塩尻|9|加茂暁星|3,2020,autumn,,2020秋季北信越地区大会,1R,regional,長野,新潟,9,3,986.0059,970.507,0.529803,8.0,3.7616,989.7675,966.7455,2.6176,-2.6176,8,historical
2020|autumn||2020秋季北信越地区大会|1R|佐久長聖|11|北陸|1,2020,autumn,,2020秋季北信越地区大会,1R,regional,長野,福井,11,1,989.7675,981.8654,0.513913,8.0,3.8887,993.6562,977.9767,0.8841,-0.8841,7,historical
2020|autumn||2020秋季北信越地区大会|1R|関根学園|9|新湊|2,2020,autumn,,2020秋季北信越地区大会,1R,regional,新潟,富山,9,2,966.7455,975.9282,0.486633,8.0,4.1069,970.8524,971.8213,-0.0537,0.0537,4,historical
2020|autumn||2020秋季北信越地区大会|1R|星稜|17|富山商|0,2020,autumn,,2020秋季北信越地区大会,1R,regional,石川,富山,17,0,1070.6147,971.8213,0.674913,8.0,2.6007,1073.2154,969.2206,14.053,-14.053,12,historical
2020|autumn||2020秋季北信越地区大会|1R|新潟明訓|5|小松大谷|3,2020,autumn,,2020秋季北信越地区大会,1R,regional,新潟,石川,5,3,970.8524,1073.2154,0.336816,8.0,5.3055,976.1579,1067.9099,-7.6668,7.6668,10,historical
2020|autumn||2020秋季北信越地区大会|1R|上田西|10|福井商|1,2020,autumn,,2020秋季北信越地区大会,1R,regional,長野,福井,10,1,993.6562,977.9767,0.529454,8.0,3.7644,997.4205,974.2124,2.4055,-2.4055,8,historical
2020|autumn||2020秋季北信越地区大会|1R|日本航空石川|11|高岡商|1,2020,autumn,,2020秋季北信越地区大会,1R,regional,石川,富山,11,1,1067.9099,969.2206,0.678945,8.0,2.5684,1070.4783,966.6522,15.7066,-15.7066,13,historical
2020|autumn||2020秋季北信越地区大会|1R|敦賀気比|5|富山北部・水橋|0,2020,autumn,,2020秋季北信越地区大会,1R,regional,福井,富山,5,0,974.2124,966.6522,0.514728,8.0,3.8822,978.0945,962.77,1.3385,-1.3385,5,historical
2020|autumn||2020秋季北信越地区大会|1R|敦賀気比|5|富山北部・水橋|0,2020,autumn,,2020秋季北信越地区大会,1R,regional,福井,富山,5,0,978.0945,962.77,0.529903,8.0,3.7608,981.8553,959.0092,2.7394,-2.7394,6,historical
2020|autumn||2020秋季北信越地区大会|1R|敦賀気比|5|富山北部・水橋|0,2020,autumn,,2020秋季北信越地区大会,1R,regional,福井,富山,5,0,981.8553,959.0092,0.545129,8.0,3.639,985.4943,955.3702,4.2991,-4.2991,7,historical
2020|autumn||2020秋季北信越地区大会|1R|敦賀気比|5|富山北部・水橋|0,2020,autumn,,2020秋季北信越地区大会,1R,regional,福井,富山,5,0,985.4943,955.3702,0.560243,8.0,3.5181,989.0123,951.8522,5.9708,-5.9708,8,historical
2020|autumn||2020秋季北信越地区大会|QF|星稜|9|東京都市大塩尻|2,2020,autumn,,2020秋季北信越地区大会,QF,regional,石川,長野,9,2,1070.4783,997.4205,0.606311,8.0,3.1495,1073.6278,994.271,0.9796,-0.9796,8,historical
2020|autumn||2020秋季北信越地区大会|QF|上田西|10|日本航空石川|3,2020,autumn,,2020秋季北信越地区大会,QF,regional,長野,石川,10,3,994.271,1073.6278,0.381508,8.0,4.9479,999.219,1068.6799,-2.2877,2.2877,9,historical
2020|autumn||2020秋季北信越地区大会|QF|関根学園|7|佐久長聖|5,2020,autumn,,2020秋季北信越地区大会,QF,regional,新潟,長野,7,5,976.1579,999.219,0.454661,8.0,4.3627,980.5206,994.8563,-4.2651,4.2651,9,historical
2020|autumn||2020秋季北信越地区大会|QF|敦賀気比|7|新潟明訓|4,2020,autumn,,2020秋季北信越地区大会,QF,regional,福井,新潟,7,4,989.0123,980.5206,0.508235,8.0,3.9341,992.9465,976.5865,-1.3844,1.3844,7,historical
2020|autumn||2020秋季北信越地区大会|SF|敦賀気比|5|関根学園|4,2020,autumn,,2020秋季北信越地区大会,SF,regional,福井,新潟,5,4,992.9465,976.5865,0.523503,8.0,3.812,996.7584,972.7745,-0.008,0.008,8,historical
2020|autumn||2020秋季北信越地区大会|SF|上田西|5|星稜|4,2020,autumn,,2020秋季北信越地区大会,SF,regional,長野,石川,5,4,994.8563,1068.6799,0.394397,8.0,4.8448,999.7011,1063.8351,-0.3391,0.3391,10,historical
2020|autumn||2020秋季北信越地区大会|F|敦賀気比|16|上田西|5,2020,autumn,,2020秋季北信越地区大会,F,regional,福井,長野,16,5,996.7584,999.7011,0.484137,8.0,4.1269,1000.8853,995.5742,-4.0417,4.0417,9,historical
2020|autumn||2020秋季東海地区大会|1R|東邦|5|加藤学園|4,2020,autumn,,2020秋季東海地区大会,1R,regional,愛知,静岡,5,4,1031.4203,990.2774,0.563452,8.0,3.4924,1034.9127,986.785,1.5936,-1.5936,11,historical
2020|autumn||2020秋季東海地区大会|1R|至学館|6|大垣商|4,2020,autumn,,2020秋季東海地区大会,1R,regional,愛知,岐阜,6,4,1034.9127,982.0554,0.582648,8.0,3.3388,1038.2515,978.7166,2.5522,-2.5522,10,historical
2020|autumn||2020秋季東海地区大会|1R|海星|7|常葉大菊川|6,2020,autumn,,2020秋季東海地区大会,1R,regional,長崎,静岡,7,6,1005.4683,986.785,0.526861,8.0,3.7851,1009.2534,982.9999,0.0,-0.0,0,historical
2020|autumn||2020秋季東海地区大会|1R|岐阜第一|9|松阪商|5,2020,autumn,,2020秋季東海地区大会,1R,regional,岐阜,三重,9,5,978.7166,999.1444,0.455399,8.0,4.3568,983.0734,994.7876,-5.3235,5.3235,8,historical
2020|autumn||2020秋季東海地区大会|QF|岐阜第一|3|藤枝明誠|2,2020,autumn,,2020秋季東海地区大会,QF,regional,岐阜,静岡,3,2,983.0734,982.9999,0.501119,8.0,3.991,987.0645,979.0089,0.3522,-0.3522,6,historical
2020|autumn||2020秋季東海地区大会|QF|県岐阜商|7|東邦|0,2020,autumn,,2020秋季東海地区大会,QF,regional,岐阜,愛知,7,0,987.0645,1038.2515,0.415332,8.0,4.6773,991.7418,1033.5742,-4.1094,4.1094,11,historical
2020|autumn||2020秋季東海地区大会|QF|三重|7|至学館|0,2020,autumn,,2020秋季東海地区大会,QF,regional,三重,愛知,7,0,994.7876,1033.5742,0.42266,8.0,4.6187,999.4063,1028.9554,-7.6947,7.6947,9,historical
2020|autumn||2020秋季東海地区大会|QF|中京大中京|7|海星|0,2020,autumn,,2020秋季東海地区大会,QF,regional,愛知,長崎,7,0,1028.9554,1009.2534,0.528323,8.0,3.7734,1032.7289,1005.4799,0.0,-0.0,0,historical
2020|autumn||2020秋季東海地区大会|SF|中京大中京|7|三重|0,2020,autumn,,2020秋季東海地区大会,SF,regional,愛知,三重,7,0,1032.7289,999.4063,0.565282,8.0,3.4777,1036.2066,995.9285,6.1503,-6.1503,10,historical
2020|autumn||2020秋季東海地区大会|F|中京大中京|7|県岐阜商|6,2020,autumn,,2020秋季東海地区大会,F,regional,愛知,岐阜,7,6,1036.2066,991.7418,0.569732,8.0,3.4421,1039.6487,988.2997,2.154,-2.154,12,historical
2020|autumn||2020秋季近畿地区大会|1R|市和歌山|2|東播磨|1,2020,autumn,,2020秋季近畿地区大会,1R,regional,和歌山,兵庫,2,1,1022.7422,1006.9522,0.519331,8.0,3.8453,1026.5875,1003.1069,-1.1752,1.1752,3,historical
2020|autumn||2020秋季近畿地区大会|1R|龍谷大平安|4|山田|1,2020,autumn,,2020秋季近畿地区大会,1R,regional,京,愛知,4,1,1001.6966,1039.6487,0.445599,8.0,4.4352,1006.1318,1035.2135,0.0,-0.0,0,historical
2020|autumn||2020秋季近畿地区大会|1R|智弁学園|9|滋賀学園|8,2020,autumn,,2020秋季近畿地区大会,1R,regional,奈良,滋賀,9,8,1016.0491,994.0247,0.534124,8.0,3.727,1019.7761,990.2977,0.8621,-0.8621,3,historical
2020|autumn||2020秋季近畿地区大会|1R|智弁和歌山|8|東海大仰星|1,2020,autumn,,2020秋季近畿地区大会,1R,regional,和歌山,大阪,8,1,1026.5875,1112.1775,0.376999,8.0,4.984,1031.5715,1107.1935,-0.8348,0.8348,10,historical
2020|autumn||2020秋季近畿地区大会|1R|京都国際|4|和歌山東|3,2020,autumn,,2020秋季近畿地区大会,1R,regional,京,和歌山,4,3,1006.1318,1031.5715,0.466185,8.0,4.2705,1010.4023,1027.301,0.9534,-0.9534,3,historical
2020|autumn||2020秋季近畿地区大会|1R|神戸国際大付|5|近江|2,2020,autumn,,2020秋季近畿地区大会,1R,regional,兵庫,滋賀,5,2,1003.1069,990.2977,0.516486,8.0,3.8681,1006.975,986.4295,-0.6748,0.6748,3,historical
2020|autumn||2020秋季近畿地区大会|1R|天理|2|乙訓|1,2020,autumn,,2020秋季近畿地区大会,1R,regional,奈良,京,2,1,1019.7761,1010.4023,0.509946,8.0,3.9204,1023.6965,1006.4819,-1.2309,1.2309,2,historical
2020|autumn||2020秋季近畿地区大会|1R|大阪桐蔭|8|長田|0,2020,autumn,,2020秋季近畿地区大会,1R,regional,大阪,兵庫,8,0,1107.1935,1006.975,0.65405,8.0,2.7676,1109.9611,1004.2074,5.2103,-5.2103,5,historical
2020|autumn||2020秋季近畿地区大会|QF|智弁学園|8|龍谷大平安|3,2020,autumn,,2020秋季近畿地区大会,QF,regional,奈良,京,8,3,1023.6965,1006.4819,0.522236,8.0,3.8221,1027.5186,1002.6598,-0.8766,0.8766,3,historical
2020|autumn||2020秋季近畿地区大会|QF|大阪桐蔭|11|天理|4,2020,autumn,,2020秋季近畿地区大会,QF,regional,大阪,奈良,11,4,1109.9611,1027.5186,0.621727,8.0,3.0262,1112.9873,1024.4925,1.9377,-1.9377,7,historical
2020|autumn||2020秋季近畿地区大会|QF|京都国際|6|神戸国際大付|5,2020,autumn,,2020秋季近畿地区大会,QF,regional,京,兵庫,6,5,1002.6598,1004.2074,0.493235,8.0,4.0541,1006.7139,1000.1533,-1.5766,1.5766,7,historical
2020|autumn||2020秋季近畿地区大会|SF|智弁学園|4|市和歌山|1,2020,autumn,,2020秋季近畿地区大会,SF,regional,奈良,和歌山,4,1,1024.4925,1027.301,0.498418,8.0,4.0127,1028.5051,1023.2884,0.8546,-0.8546,3,historical
2020|autumn||2020秋季近畿地区大会|SF|大阪桐蔭|12|京都国際|5,2020,autumn,,2020秋季近畿地区大会,SF,regional,大阪,京,12,5,1112.9873,1006.7139,0.650888,8.0,2.7929,1115.7802,1003.921,0.9716,-0.9716,4,historical
2020|autumn||2020秋季近畿地区大会|F|智弁学園|7|大阪桐蔭|3,2020,autumn,,2020秋季近畿地区大会,F,regional,奈良,大阪,7,3,1028.5051,1115.7802,0.368336,8.0,5.0533,1033.5584,1110.7269,-3.2109,3.2109,8,historical
2020|autumn||2020秋季中国地区大会|1R|鳥取城北|7|浜田|4,2020,autumn,,2020秋季中国地区大会,1R,regional,鳥取,島根,7,4,983.0609,948.2839,0.556329,8.0,3.5494,986.6103,944.7345,2.2656,-2.2656,3,historical
2020|autumn||2020秋季中国地区大会|1R|下関国際|8|西条農|1,2020,autumn,,2020秋季中国地区大会,1R,regional,山口,広島,8,1,990.7675,1012.1138,0.464175,8.0,4.2866,995.0541,1007.8272,-1.7951,1.7951,8,historical
2020|autumn||2020秋季中国地区大会|1R|岡山学芸館|11|石見智翠館|7,2020,autumn,,2020秋季中国地区大会,1R,regional,岡山,島根,11,7,1008.7732,944.7345,0.605424,8.0,3.1566,1011.9298,941.5779,5.1664,-5.1664,5,historical
2020|autumn||2020秋季中国地区大会|1R|宇部鴻城|7|創志学園|2,2020,autumn,,2020秋季中国地区大会,1R,regional,山口,岡山,7,2,995.0541,1011.9298,0.469983,8.0,4.2401,999.2942,1007.6897,-2.0037,2.0037,8,historical
2020|autumn||2020秋季中国地区大会|1R|米子東|3|立正大淞南|2,2020,autumn,,2020秋季中国地区大会,1R,regional,鳥取,島根,3,2,986.6103,941.5779,0.574766,8.0,3.4019,990.0122,938.1761,3.6565,-3.6565,4,historical
2020|autumn||2020秋季中国地区大会|1R|桜ヶ丘|5|矢上|3,2020,autumn,,2020秋季中国地区大会,1R,regional,山口,島根,5,3,999.2942,938.1761,0.592547,8.0,3.2596,1002.5538,934.9164,1.9701,-1.9701,6,historical
2020|autumn||2020秋季中国地区大会|1R|盈進|7|関西|6,2020,autumn,,2020秋季中国地区大会,1R,regional,広島,岡山,7,6,1007.8272,1007.6897,0.486911,8.0,4.1047,1011.9319,1003.585,-4.6175,4.6175,11,historical
2020|autumn||2020秋季中国地区大会|1R|広島新庄|10|鳥取西|0,2020,autumn,,2020秋季中国地区大会,1R,regional,広島,鳥取,10,0,1011.9319,990.0122,0.545849,8.0,3.6332,1015.5651,986.379,5.0147,-5.0147,10,historical
2020|autumn||2020秋季中国地区大会|QF|米子東|10|盈進|8,2020,autumn,,2020秋季中国地区大会,QF,regional,鳥取,広島,10,8,986.379,1015.5651,0.438725,8.0,4.4902,990.8692,1011.0749,-6.8034,6.8034,11,historical
2020|autumn||2020秋季中国地区大会|QF|広島新庄|3|桜ヶ丘|2,2020,autumn,,2020秋季中国地区大会,QF,regional,広島,山口,3,2,1011.0749,1002.5538,0.512832,8.0,3.8973,1014.9723,998.6565,0.1986,-0.1986,9,historical
2020|autumn||2020秋季中国地区大会|QF|下関国際|5|岡山学芸館|1,2020,autumn,,2020秋季中国地区大会,QF,regional,山口,岡山,5,1,998.6565,1003.585,0.491647,8.0,4.0668,1002.7233,999.5181,-0.438,0.438,9,historical
2020|autumn||2020秋季中国地区大会|QF|鳥取城北|7|宇部鴻城|4,2020,autumn,,2020秋季中国地区大会,QF,regional,鳥取,山口,7,4,990.8692,1002.7233,0.483097,8.0,4.1352,995.0044,998.5881,0.052,-0.052,2,historical
2020|autumn||2020秋季中国地区大会|SF|下関国際|12|米子東|0,2020,autumn,,2020秋季中国地区大会,SF,regional,山口,鳥取,12,0,998.5881,995.0044,0.502519,8.0,3.9799,1002.5679,991.0245,-0.9168,0.9168,3,historical
2020|autumn||2020秋季中国地区大会|SF|広島新庄|4|鳥取城北|3,2020,autumn,,2020秋季中国地区大会,SF,regional,広島,鳥取,4,3,1014.9723,991.0245,0.548786,8.0,3.6097,1018.582,987.4148,5.0302,-5.0302,12,historical
2020|autumn||2020秋季中国地区大会|F|広島新庄|3|下関国際|2,2020,autumn,,2020秋季中国地区大会,F,regional,広島,山口,3,2,1018.582,1002.5679,0.52829,8.0,3.7737,1022.3557,998.7943,1.8323,-1.8323,10,historical
2020|autumn||2020秋季四国地区大会|1R|英明|7|徳島北|0,2020,autumn,,2020秋季四国地区大会,1R,regional,香川,徳島,7,0,1000.4281,962.7159,0.552926,8.0,3.5766,1004.0047,959.1393,-0.3985,0.3985,4,historical
2020|autumn||2020秋季四国地区大会|1R|高松商|5|高知|2,2020,autumn,,2020秋季四国地区大会,1R,regional,香川,高知,5,2,1004.0047,1040.8091,0.47224,8.0,4.2221,1008.2268,1036.587,8.7475,-8.7475,11,historical
2020|autumn||2020秋季四国地区大会|1R|小松|6|鳴門渦潮|2,2020,autumn,,2020秋季四国地区大会,1R,regional,石川,徳島,6,2,1063.8351,959.1393,0.64527,8.0,2.8378,1066.6729,956.3014,-0.3791,0.3791,1,historical
2020|autumn||2020秋季四国地区大会|1R|高知中央|5|松山城南|0,2020,autumn,,2020秋季四国地区大会,1R,regional,高知,愛媛,5,0,1036.587,995.2137,0.580232,8.0,3.3581,1039.9452,991.8555,7.4319,-7.4319,8,historical
2020|autumn||2020秋季四国地区大会|QF|明徳義塾|5|英明|0,2020,autumn,,2020秋季四国地区大会,QF,regional,高知,香川,5,0,1039.9452,1008.2268,0.514081,8.0,3.8873,1043.8325,1004.3394,-10.9656,10.9656,12,historical
2020|autumn||2020秋季四国地区大会|QF|聖カタリナ|4|高松商|1,2020,autumn,,2020秋季四国地区大会,QF,regional,愛媛,香川,4,1,991.8555,1004.3394,0.485775,8.0,4.1138,995.9693,1000.2256,1.2984,-1.2984,9,historical
2020|autumn||2020秋季四国地区大会|QF|鳴門|8|高知中央|4,2020,autumn,,2020秋季四国地区大会,QF,regional,徳島,高知,8,4,956.3014,1043.8325,0.36023,8.0,5.1182,961.4196,1038.7143,-6.1233,6.1233,9,historical
2020|autumn||2020秋季四国地区大会|QF|小松|3|寒川|2,2020,autumn,,2020秋季四国地区大会,QF,regional,石川,香川,3,2,1066.6729,1000.2256,0.595453,8.0,3.2364,1069.9093,996.9893,0.3522,-0.3522,1,historical
2020|autumn||2020秋季四国地区大会|SF|明徳義塾|9|鳴門|2,2020,autumn,,2020秋季四国地区大会,SF,regional,高知,徳島,9,2,1038.7143,961.4196,0.621136,8.0,3.0309,1041.7453,958.3887,4.2931,-4.2931,10,historical
2020|autumn||2020秋季四国地区大会|SF|聖カタリナ|3|小松|2,2020,autumn,,2020秋季四国地区大会,SF,regional,愛媛,石川,3,2,995.9693,1069.9093,0.396698,8.0,4.8264,1000.7957,1065.0829,0.5549,-0.5549,1,historical
2020|autumn||2020秋季四国地区大会|F|明徳義塾|5|聖カタリナ|1,2020,autumn,,2020秋季四国地区大会,F,regional,高知,愛媛,5,1,1041.7453,1000.7957,0.584596,8.0,3.3232,1045.0685,997.4725,9.2024,-9.2024,9,historical
2020|autumn||2020秋季九州地区大会|1R|明豊|4|九州国際大付|1,2020,autumn,,2020秋季九州地区大会,1R,regional,大分,福岡,4,1,1034.7914,1018.3457,0.515244,8.0,3.878,1038.6695,1014.4676,-2.9249,2.9249,8,historical
2020|autumn||2020秋季九州地区大会|1R|延岡学園|6|沖縄尚学|5,2020,autumn,,2020秋季九州地区大会,1R,regional,宮崎,沖縄,6,5,965.547,995.904,0.455464,8.0,4.3563,969.9033,991.5477,-0.3362,0.3362,1,historical
2020|autumn||2020秋季九州地区大会|1R|神村学園|5|唐津商|1,2020,autumn,,2020秋季九州地区大会,1R,regional,鹿児島,佐賀,5,1,989.3522,946.9664,0.56798,8.0,3.4562,992.8083,943.5102,2.5728,-2.5728,3,historical
2020|autumn||2020秋季九州地区大会|1R|大崎|9|開新|2,2020,autumn,,2020秋季九州地区大会,1R,regional,東東京,熊本,9,2,1015.417,977.4758,0.554967,8.0,3.5603,1018.9773,973.9155,0.2043,-0.2043,1,historical
2020|autumn||2020秋季九州地区大会|1R|宮崎商|8|長崎日大|1,2020,autumn,,2020秋季九州地区大会,1R,regional,宮崎,長崎,8,1,969.9033,1005.4799,0.439286,8.0,4.4857,974.389,1000.9942,-3.4105,3.4105,5,historical
2020|autumn||2020秋季九州地区大会|1R|福岡大大濠|3|大分商|1,2020,autumn,,2020秋季九州地区大会,1R,regional,福岡,大分,3,1,1014.4676,1038.6695,0.46969,8.0,4.2425,1018.7101,1034.427,1.5572,-1.5572,9,historical
2020|autumn||2020秋季九州地区大会|1R|東明館|3|樟南|2,2020,autumn,,2020秋季九州地区大会,1R,regional,佐賀,鹿児島,3,2,943.5102,992.8083,0.418257,8.0,4.6539,948.1642,988.1544,-4.0086,4.0086,4,historical
2020|autumn||2020秋季九州地区大会|1R|具志川商|4|東海大星翔|2,2020,autumn,,2020秋季九州地区大会,1R,regional,沖縄,熊本,4,2,991.5477,973.9155,0.530661,8.0,3.7547,995.3024,970.1608,1.8502,-1.8502,4,historical
2020|autumn||2020秋季九州地区大会|QF|明豊|6|神村学園|4,2020,autumn,,2020秋季九州地区大会,QF,regional,大分,鹿児島,6,4,1034.427,988.1544,0.587701,8.0,3.2984,1037.7254,984.856,7.6525,-7.6525,7,historical
2020|autumn||2020秋季九州地区大会|QF|大崎|3|延岡学園|2,2020,autumn,,2020秋季九州地区大会,QF,regional,東東京,宮崎,3,2,1018.9773,974.389,0.564618,8.0,3.4831,1022.4604,970.9059,0.2826,-0.2826,1,historical
2020|autumn||2020秋季九州地区大会|QF|福岡大大濠|3|具志川商|0,2020,autumn,,2020秋季九州地区大会,QF,regional,福岡,沖縄,3,0,1018.7101,995.3024,0.537799,8.0,3.6976,1022.4077,991.6048,1.454,-1.454,9,historical
2020|autumn||2020秋季九州地区大会|QF|宮崎商|9|東明館|3,2020,autumn,,2020秋季九州地区大会,QF,regional,宮崎,佐賀,9,3,970.9059,948.1642,0.534109,8.0,3.7271,974.633,944.437,0.4981,-0.4981,1,historical
2020|autumn||2020秋季九州地区大会|SF|大崎|3|明豊|2,2020,autumn,,2020秋季九州地区大会,SF,regional,東東京,大分,3,2,1022.4604,1037.7254,0.477066,8.0,4.1835,1026.6438,1033.5419,-0.3413,0.3413,1,historical
2020|autumn||2020秋季九州地区大会|SF|福岡大大濠|2|宮崎商|0,2020,autumn,,2020秋季九州地区大会,SF,regional,福岡,宮崎,2,0,1022.4077,974.633,0.564675,8.0,3.4826,1025.8903,971.1504,-1.2905,1.2905,5,historical
2020|autumn||2020秋季九州地区大会|F|大崎|5|福岡大大濠|1,2020,autumn,,2020秋季九州地区大会,F,regional,東東京,福岡,5,1,1026.6438,1025.8903,0.501084,8.0,3.9913,1030.6352,1021.899,0.0,-0.0,0,historical
2021|spring||2021春季北海道地区大会|1R|札幌静修|5|釧路北陽|3,2021,spring,,2021春季北海道地区大会,1R,regional,南北海道,北北海道,5,3,1023.4967,967.7362,0.626498,7.6,2.8386,1026.3353,964.8976,17.0452,-17.0452,61,historical
2021|spring||2021春季北海道地区大会|1R|北照|5|士別翔雲|1,2021,spring,,2021春季北海道地区大会,1R,regional,南北海道,北北海道,5,1,1026.3353,964.8976,0.63922,7.6,2.7419,1029.0772,962.1556,18.9628,-18.9628,62,historical
2021|spring||2021春季北海道地区大会|1R|北海道栄|6|遠軽|5,2021,spring,,2021春季北海道地区大会,1R,regional,南北海道,北北海道,6,5,1029.0772,962.1556,0.651344,7.6,2.6498,1031.727,959.5058,20.822,-20.822,63,historical
2021|spring||2021春季北海道地区大会|1R|クラーク国際|10|札幌平岸|0,2021,spring,,2021春季北海道地区大会,1R,regional,北北海道,南北海道,10,0,959.5058,1031.727,0.337105,7.6,5.038,964.5438,1026.689,-22.6252,22.6252,64,historical
2021|spring||2021春季北海道地区大会|1R|白樺学園|6|札幌光星|4,2021,spring,,2021春季北海道地区大会,1R,regional,北北海道,南北海道,6,4,964.5438,1026.689,0.358949,7.6,4.872,969.4158,1021.817,-19.2995,19.2995,65,historical
2021|spring||2021春季北海道地区大会|1R|旭川大高|5|北海|4,2021,spring,,2021春季北海道地区大会,1R,regional,北北海道,南北海道,5,4,969.4158,1021.817,0.380674,7.6,4.7069,974.1227,1017.1102,-16.0727,16.0727,66,historical
2021|spring||2021春季北海道地区大会|QF|札幌日大|3|旭川大高|2,2021,spring,,2021春季北海道地区大会,QF,regional,南北海道,北北海道,3,2,1017.1102,974.1227,0.597844,7.6,3.0564,1020.1665,971.0663,12.945,-12.945,67,historical
2021|spring||2021春季北海道地区大会|SF|札幌日大|5|クラーク国際|3,2021,spring,,2021春季北海道地区大会,SF,regional,南北海道,北北海道,5,3,1020.1665,971.0663,0.611952,7.6,2.9492,1023.1157,968.1172,15.0164,-15.0164,68,historical
2021|spring||2021春季関東地区大会|1R|花咲徳栄|10|東海大甲府|0,2021,spring,,2021春季関東地区大会,1R,regional,埼玉,山梨,10,0,1011.5128,970.1512,0.554317,7.6,3.3872,1014.9,966.764,-1.7342,1.7342,4,historical
2021|spring||2021春季関東地区大会|2R|日本航空|5|東海大相模|3,2021,spring,,2021春季関東地区大会,2R,regional,山梨,神奈川,5,3,966.764,1025.0214,0.415723,7.6,4.4405,971.2045,1020.5809,-0.4343,0.4343,3,historical
2021|spring||2021春季関東地区大会|2R|関東学園大付|8|常磐大高|4,2021,spring,,2021春季関東地区大会,2R,regional,群馬,茨城,8,4,1033.0175,968.4333,0.590001,7.6,3.116,1036.1335,965.3173,-0.6781,0.6781,6,historical
2021|spring||2021春季関東地区大会|2R|関東一|3|千葉学芸|2,2021,spring,,2021春季関東地区大会,2R,prefecture,東東京,千葉,3,2,1030.6352,996.6154,0.548803,4.56,2.0575,1032.6926,994.5579,-0.0,0.0,0,historical
2021|spring||2021春季関東地区大会|2R|桐光学園|13|日大三|9,2021,spring,,2021春季関東地区大会,2R,prefecture,神奈川,西東京,13,9,1020.5809,1035.0124,0.479271,4.56,2.3745,1022.9555,1032.6379,0.0096,-0.0096,2,historical
2021|spring||2021春季関東地区大会|2R|常総学院|10|東農大二|2,2021,spring,,2021春季関東地区大会,2R,regional,茨城,群馬,10,2,965.3173,1036.1335,0.398503,7.6,4.5714,969.8887,1031.5622,-0.3522,0.3522,7,historical
2021|spring||2021春季関東地区大会|2R|専大松戸|6|駿台甲府|0,2021,spring,,2021春季関東地区大会,2R,regional,千葉,山梨,6,0,994.5579,971.2045,0.533369,7.6,3.5464,998.1043,967.6581,-0.0659,0.0659,2,historical
2021|spring||2021春季関東地区大会|2R|花咲徳栄|7|佐野日大|4,2021,spring,,2021春季関東地区大会,2R,regional,埼玉,栃木,7,4,1014.9,975.2936,0.555082,7.6,3.3814,1018.2813,971.9122,-0.5876,0.5876,4,historical
2021|spring||2021春季関東地区大会|2R|浦和学院|8|作新学院|1,2021,spring,,2021春季関東地区大会,2R,regional,埼玉,栃木,8,1,1018.2813,971.9122,0.567178,7.6,3.2894,1021.5708,968.6228,0.2974,-0.2974,5,historical
2021|spring||2021春季関東地区大会|QF|桐光学園|1|関東学園大付|0,2021,spring,,2021春季関東地区大会,QF,regional,神奈川,群馬,1,0,1022.9555,1031.5622,0.483328,7.6,3.9267,1026.8822,1027.6355,-1.4912,1.4912,5,historical
2021|spring||2021春季関東地区大会|QF|関東一|7|日本航空|3,2021,spring,,2021春季関東地区大会,QF,prefecture,東東京,山梨,7,3,1032.6926,967.6581,0.592514,4.56,1.8581,1034.5508,965.8,-0.0,0.0,0,historical
2021|spring||2021春季関東地区大会|QF|専大松戸|9|浦和学院|5,2021,spring,,2021春季関東地区大会,QF,regional,千葉,埼玉,9,5,998.1043,1021.5708,0.458593,7.6,4.1147,1002.219,1017.4561,-2.686,2.686,5,historical
2021|spring||2021春季関東地区大会|QF|常総学院|10|花咲徳栄|8,2021,spring,,2021春季関東地区大会,QF,regional,茨城,埼玉,10,8,969.8887,1017.4561,0.429054,7.6,4.3392,974.2279,1013.1169,-1.0331,1.0331,2,historical
2021|spring||2021春季関東地区大会|SF|専大松戸|3|桐光学園|2,2021,spring,,2021春季関東地区大会,SF,regional,千葉,神奈川,3,2,1002.219,1026.8822,0.462896,7.6,4.082,1006.301,1022.8002,-0.5835,0.5835,9,historical
2021|spring||2021春季関東地区大会|SF|関東一|6|常総学院|5,2021,spring,,2021春季関東地区大会,SF,prefecture,東東京,茨城,6,5,1034.5508,974.2279,0.58595,4.56,1.8881,1036.4388,972.3398,0.0,-0.0,0,historical
2021|spring||2021春季関東地区大会|F|専大松戸|7|関東一|6,2021,spring,,2021春季関東地区大会,F,prefecture,千葉,東東京,7,6,1006.301,1036.4388,0.456247,4.56,2.4795,1008.7805,1033.9593,-0.1715,0.1715,1,historical
2021|spring||2021春季北信越地区大会|QF|新潟産大付|3|小松大谷|2,2021,spring,,2021春季北信越地区大会,QF,regional,新潟,石川,3,2,972.7745,1065.0829,0.355069,7.6,4.9015,977.676,1060.1814,-5.6859,5.6859,11,historical
2021|spring||2021春季北信越地区大会|QF|敦賀気比|16|新潟|2,2021,spring,,2021春季北信越地区大会,QF,regional,福井,新潟,16,2,1000.8853,977.676,0.537661,7.6,3.5138,1004.3991,974.1622,1.5051,-1.5051,9,historical
2021|spring||2021春季北信越地区大会|QF|松商学園|6|関根学園|2,2021,spring,,2021春季北信越地区大会,QF,regional,長野,新潟,6,2,995.5742,974.1622,0.538389,7.6,3.5082,999.0824,970.654,2.658,-2.658,10,historical
2021|spring||2021春季北信越地区大会|QF|新潟明訓|7|高岡第一|0,2021,spring,,2021春季北信越地区大会,QF,regional,新潟,富山,7,0,970.654,951.8522,0.530252,7.6,3.5701,974.224,948.2821,1.1227,-1.1227,5,historical
2021|spring||2021春季北信越地区大会|SF|敦賀気比|9|松商学園|8,2021,spring,,2021春季北信越地区大会,SF,regional,福井,長野,9,8,1004.3991,999.0824,0.500393,7.6,3.797,1008.1961,995.2854,-2.5218,2.5218,10,historical
2021|spring||2021春季北信越地区大会|F|敦賀気比|6|新潟明訓|5,2021,spring,,2021春季北信越地区大会,F,regional,福井,新潟,6,5,1008.1961,974.224,0.557395,7.6,3.3638,1011.5599,970.8602,3.0435,-3.0435,10,historical
2021|spring||2021春季東海地区大会|QF|享栄|8|藤枝明誠|3,2021,spring,,2021春季東海地区大会,QF,regional,愛知,静岡,8,3,1035.2135,979.0089,0.589197,7.6,3.1221,1038.3356,975.8868,3.2231,-3.2231,12,historical
2021|spring||2021春季東海地区大会|QF|掛川西|5|津商|1,2021,spring,,2021春季東海地区大会,QF,regional,静岡,三重,5,1,975.8868,995.9285,0.457244,7.6,4.1249,980.0117,991.8036,-4.8704,4.8704,12,historical
2021|spring||2021春季東海地区大会|QF|愛工大名電|6|岐阜第一|4,2021,spring,,2021春季東海地区大会,QF,regional,愛知,岐阜,6,4,1038.3356,988.2997,0.58225,7.6,3.1749,1041.5105,985.1248,3.8206,-3.8206,13,historical
2021|spring||2021春季東海地区大会|QF|中京|11|津田学園|9,2021,spring,,2021春季東海地区大会,QF,regional,岐阜,三重,11,9,985.1248,991.8036,0.479156,7.6,3.9584,989.0832,987.8452,-3.9068,3.9068,9,historical
2021|spring||2021春季東海地区大会|SF|享栄|12|中京|3,2021,spring,,2021春季東海地区大会,SF,regional,愛知,岐阜,12,3,1041.5105,989.0832,0.590119,7.6,3.1151,1044.6256,985.9681,5.4427,-5.4427,14,historical
2021|spring||2021春季東海地区大会|SF|掛川西|6|愛工大名電|1,2021,spring,,2021春季東海地区大会,SF,regional,静岡,愛知,6,1,980.0117,1044.6256,0.394862,7.6,4.5991,984.6108,1040.0266,-4.775,4.775,13,historical
2021|spring||2021春季東海地区大会|F|掛川西|5|享栄|1,2021,spring,,2021春季東海地区大会,F,regional,静岡,愛知,5,1,984.6108,1040.0266,0.413324,7.6,4.4587,989.0695,1035.5678,-2.7135,2.7135,14,historical
2021|spring||2021春季近畿地区大会|QF|智弁和歌山|1|神港学園|0,2021,spring,,2021春季近畿地区大会,QF,regional,和歌山,兵庫,1,0,1023.2884,1000.1533,0.531884,7.6,3.5577,1026.846,996.5956,-0.475,0.475,4,historical
2021|spring||2021春季近畿地区大会|QF|大阪桐蔭|7|綾羽|5,2021,spring,,2021春季近畿地区大会,QF,regional,大阪,滋賀,7,5,1110.7269,986.4295,0.679551,7.6,2.4354,1113.1623,983.9941,3.144,-3.144,4,historical
2021|spring||2021春季近畿地区大会|QF|智弁学園|15|滋賀学園|0,2021,spring,,2021春季近畿地区大会,QF,regional,奈良,滋賀,15,0,1033.5584,983.9941,0.576439,7.6,3.2191,1036.7775,980.7751,1.9854,-1.9854,4,historical
2021|spring||2021春季近畿地区大会|QF|京都国際|9|立命館守山|1,2021,spring,,2021春季近畿地区大会,QF,regional,京,滋賀,9,1,1003.921,980.7751,0.532353,7.6,3.5541,1007.4751,977.2209,-0.3167,0.3167,1,historical
2021|spring||2021春季近畿地区大会|SF|大阪桐蔭|3|智弁和歌山|2,2021,spring,,2021春季近畿地区大会,SF,regional,大阪,和歌山,3,2,1113.1623,1026.846,0.618214,7.6,2.9016,1116.0639,1023.9445,-1.2942,1.2942,11,historical
2021|spring||2021春季近畿地区大会|SF|智弁学園|4|京都国際|2,2021,spring,,2021春季近畿地区大会,SF,regional,奈良,京,4,2,1036.7775,1007.4751,0.541739,7.6,3.4828,1040.2603,1003.9923,-0.1159,0.1159,4,historical
2021|spring||2021春季近畿地区大会|F|大阪桐蔭|4|智弁学園|2,2021,spring,,2021春季近畿地区大会,F,regional,大阪,奈良,4,2,1116.0639,1040.2603,0.61121,7.6,2.9548,1119.0187,1037.3055,1.3933,-1.3933,9,historical
2021|spring||2021春季中国地区大会|QF|創志学園|9|鳥取城北|2,2021,spring,,2021春季中国地区大会,QF,regional,岡山,鳥取,9,2,999.5181,987.4148,0.513714,7.6,3.6958,1003.2139,983.719,-1.2858,1.2858,5,historical
2021|spring||2021春季中国地区大会|QF|広島新庄|2|米子東|1,2021,spring,,2021春季中国地区大会,QF,regional,広島,鳥取,2,1,1022.3557,983.719,0.574798,7.6,3.2315,1025.5872,980.4875,6.8658,-6.8658,13,historical
2021|spring||2021春季中国地区大会|QF|下関国際|7|米子松蔭|0,2021,spring,,2021春季中国地区大会,QF,regional,山口,鳥取,7,0,998.7943,980.4875,0.525961,7.6,3.6027,1002.397,976.8848,-0.1256,0.1256,4,historical
2021|spring||2021春季中国地区大会|QF|立正大淞南|9|鳥取商|1,2021,spring,,2021春季中国地区大会,QF,regional,島根,鳥取,9,1,934.9164,976.8848,0.425201,7.6,4.3685,939.2849,972.5163,-5.2003,5.2003,5,historical
2021|spring||2021春季中国地区大会|SF|創志学園|7|広島新庄|0,2021,spring,,2021春季中国地区大会,SF,regional,岡山,広島,7,0,1003.2139,1025.5872,0.476277,7.6,3.9803,1007.1942,1021.6069,2.9383,-2.9383,12,historical
2021|spring||2021春季中国地区大会|SF|下関国際|8|立正大淞南|2,2021,spring,,2021春季中国地区大会,SF,regional,山口,島根,8,2,1002.397,939.2849,0.59896,7.6,3.0479,1005.4449,936.237,3.2861,-3.2861,7,historical
2021|spring||2021春季中国地区大会|F|創志学園|5|下関国際|0,2021,spring,,2021春季中国地区大会,F,regional,岡山,山口,5,0,1007.1942,1005.4449,0.498963,7.6,3.8079,1011.0021,1001.637,-1.2349,1.2349,10,historical
2021|spring||2021春季四国地区大会|QF|新田|6|徳島商|4,2021,spring,,2021春季四国地区大会,QF,regional,愛媛,徳島,6,4,997.4725,958.3887,0.569271,7.6,3.2735,1000.746,955.1152,4.6811,-4.6811,8,historical
2021|spring||2021春季四国地区大会|QF|高知|3|鳴門|2,2021,spring,,2021春季四国地区大会,QF,regional,高知,徳島,3,2,1045.0685,955.1152,0.642096,7.6,2.7201,1047.7886,952.3951,5.79,-5.79,11,historical
2021|spring||2021春季四国地区大会|QF|明徳義塾|12|藤井|4,2021,spring,,2021春季四国地区大会,QF,regional,高知,香川,12,4,1047.7886,996.9893,0.54561,7.6,3.4534,1051.2419,993.5359,-9.5088,9.5088,13,historical
2021|spring||2021春季四国地区大会|QF|聖カタリナ|9|英明|4,2021,spring,,2021春季四国地区大会,QF,regional,愛媛,香川,9,4,1000.746,993.5359,0.519222,7.6,3.6539,1004.4,989.882,3.0766,-3.0766,10,historical
2021|spring||2021春季四国地区大会|SF|高知|8|聖カタリナ|1,2021,spring,,2021春季四国地区大会,SF,regional,高知,愛媛,8,1,1051.2419,1004.4,0.59791,7.6,3.0559,1054.2978,1001.3441,11.0416,-11.0416,10,historical
2021|spring||2021春季四国地区大会|SF|明徳義塾|3|新田|0,2021,spring,,2021春季四国地区大会,SF,regional,高知,愛媛,3,0,1054.2978,1001.3441,0.611251,7.6,2.9545,1057.2523,998.3896,12.8334,-12.8334,11,historical
2021|spring||2021春季九州地区大会|1R|津久見|4|鹿屋中央|1,2021,spring,,2021春季九州地区大会,1R,regional,大分,鹿児島,4,1,1033.5419,984.856,0.596017,7.6,3.0703,1036.6122,981.7857,9.436,-9.436,8,historical
2021|spring||2021春季九州地区大会|1R|藤蔭|8|東福岡|5,2021,spring,,2021春季九州地区大会,1R,regional,大分,福岡,8,5,1036.6122,1021.899,0.511381,7.6,3.7135,1040.3257,1018.1855,-3.4018,3.4018,10,historical
2021|spring||2021春季九州地区大会|1R|柳ヶ浦|2|真颯館|0,2021,spring,,2021春季九州地区大会,1R,regional,大分,福岡,2,0,1040.3257,1018.1855,0.526276,7.6,3.6003,1043.926,1014.5852,-1.9326,1.9326,11,historical
2021|spring||2021春季九州地区大会|2R|興南|8|大崎|2,2021,spring,,2021春季九州地区大会,2R,regional,沖縄,東東京,8,2,991.6048,1033.9593,0.439347,7.6,4.261,995.8657,1029.6983,-0.0,0.0,0,historical
2021|spring||2021春季九州地区大会|2R|具志川商|3|東明館|0,2021,spring,,2021春季九州地区大会,2R,regional,沖縄,佐賀,3,0,995.8657,944.437,0.574384,7.6,3.2347,999.1004,941.2024,0.3224,-0.3224,1,historical
2021|spring||2021春季九州地区大会|2R|明豊|12|日南学園|1,2021,spring,,2021春季九州地区大会,2R,regional,大分,宮崎,12,1,1043.926,971.1504,0.607955,7.6,2.9795,1046.9055,968.1709,1.7192,-1.7192,4,historical
2021|spring||2021春季九州地区大会|2R|福岡大大濠|2|津久見|1,2021,spring,,2021春季九州地区大会,2R,regional,福岡,大分,2,1,1014.5852,1046.9055,0.454713,7.6,4.1442,1018.7294,1042.7613,0.3827,-0.3827,12,historical
2021|spring||2021春季九州地区大会|2R|長崎商|4|柳ヶ浦|0,2021,spring,,2021春季九州地区大会,2R,regional,長崎,大分,4,0,1000.9942,1042.7613,0.429276,7.6,4.3375,1005.3317,1038.4238,-3.8545,3.8545,4,historical
2021|spring||2021春季九州地区大会|2R|九州国際大付|2|大分舞鶴|0,2021,spring,,2021春季九州地区大会,2R,regional,福岡,大分,2,0,1018.7294,1038.4238,0.478345,7.6,3.9646,1022.6939,1034.4593,2.3189,-2.3189,13,historical
2021|spring||2021春季九州地区大会|2R|宮崎商|7|東海大星翔|3,2021,spring,,2021春季九州地区大会,2R,regional,宮崎,熊本,7,3,968.1709,970.1608,0.504227,7.6,3.7679,971.9388,966.3929,2.4635,-2.4635,3,historical
2021|spring||2021春季九州地区大会|2R|鹿児島実|7|藤蔭|3,2021,spring,,2021春季九州地区大会,2R,regional,鹿児島,大分,7,3,981.7857,1034.4593,0.393583,7.6,4.6088,986.3945,1029.8505,-11.2102,11.2102,9,historical
2021|spring||2021春季九州地区大会|QF|具志川商|8|長崎商|4,2021,spring,,2021春季九州地区大会,QF,regional,沖縄,長崎,8,4,999.1004,1005.3317,0.488596,7.6,3.8867,1002.9871,1001.4451,-0.8473,0.8473,3,historical
2021|spring||2021春季九州地区大会|QF|福岡大大濠|4|明豊|0,2021,spring,,2021春季九州地区大会,QF,regional,福岡,大分,4,0,1022.6939,1029.8505,0.502008,7.6,3.7847,1026.4787,1026.0658,4.276,-4.276,14,historical
2021|spring||2021春季九州地区大会|QF|九州国際大付|7|宮崎商|0,2021,spring,,2021春季九州地区大会,QF,regional,福岡,宮崎,7,0,1026.4787,971.9388,0.576956,7.6,3.2151,1029.6938,968.7236,-0.3186,0.3186,6,historical
2021|spring||2021春季九州地区大会|QF|興南|4|鹿児島実|2,2021,spring,,2021春季九州地区大会,QF,regional,沖縄,鹿児島,4,2,1002.9871,986.3945,0.521159,7.6,3.6392,1006.6263,982.7553,-0.9406,0.9406,5,historical
2021|spring||2021春季九州地区大会|SF|九州国際大付|2|興南|1,2021,spring,,2021春季九州地区大会,SF,regional,福岡,沖縄,2,1,1029.6938,1006.6263,0.541924,7.6,3.4814,1033.1752,1003.1449,3.0665,-3.0665,10,historical
2021|spring||2021春季九州地区大会|SF|具志川商|8|福岡大大濠|0,2021,spring,,2021春季九州地区大会,SF,regional,沖縄,福岡,8,0,1003.1449,1033.1752,0.443477,7.6,4.2296,1007.3745,1028.9456,-4.7073,4.7073,11,historical
2021|spring||2021春季九州地区大会|F|具志川商|3|九州国際大付|1,2021,spring,,2021春季九州地区大会,F,regional,沖縄,福岡,3,1,1007.3745,1028.9456,0.460476,7.6,4.1004,1011.4749,1024.8452,-2.9751,2.9751,12,historical
2021|senbatsu||2021選抜|1R|神戸国際大付|3|北海|2,2021,senbatsu,,2021選抜,1R,national,兵庫,南北海道,3,2,996.5956,1023.1157,0.462569,9.12,4.9014,1001.497,1018.2143,0.2307,-0.2307,1,historical
2021|senbatsu||2021選抜|1R|仙台育英|1|明徳義塾|0,2021,senbatsu,,2021選抜,1R,national,宮城,高知,1,0,1054.454,1057.2523,0.495973,9.12,4.5967,1059.0507,1052.6556,0.0,-0.0,0,historical
2021|senbatsu||2021選抜|1R|健大高崎|6|下関国際|2,2021,senbatsu,,2021選抜,1R,national,群馬,山口,6,2,1027.6355,1001.637,0.537345,9.12,4.2194,1031.8549,997.4176,-0.0,0.0,0,historical
2021|senbatsu||2021選抜|1R|天理|7|宮崎商|1,2021,senbatsu,,2021選抜,1R,national,奈良,宮崎,7,1,1037.3055,968.7236,0.597435,9.12,3.6714,1040.9769,965.0522,0.0,-0.0,0,historical
2021|senbatsu||2021選抜|1R|鳥取城北|6|三島南|2,2021,senbatsu,,2021選抜,1R,national,鳥取,静岡,6,2,972.5163,989.0695,0.476196,9.12,4.7771,977.2934,984.2924,-0.0,0.0,0,historical
2021|senbatsu||2021選抜|1R|東海大相模|3|東海大甲府|1,2021,senbatsu,,2021選抜,1R,national,神奈川,山梨,3,1,1022.8002,965.8,0.579677,9.12,3.8333,1026.6335,961.9667,-0.5793,0.5793,4,historical
2021|senbatsu||2021選抜|1R|具志川商|8|八戸西|3,2021,senbatsu,,2021選抜,1R,national,沖縄,青森,8,3,1011.4749,1017.9424,0.490694,9.12,4.6449,1016.1197,1013.2975,0.0,-0.0,0,historical
2021|senbatsu||2021選抜|1R|福岡大大濠|2|大崎|1,2021,senbatsu,,2021選抜,1R,national,福岡,東東京,2,1,1024.8452,1029.6983,0.492059,9.12,4.6324,1029.4776,1025.0659,-0.3326,0.3326,1,historical
2021|senbatsu||2021選抜|1R|明豊|10|東播磨|9,2021,senbatsu,,2021選抜,1R,national,大分,兵庫,10,9,1026.0658,1001.497,0.534102,9.12,4.249,1030.3148,997.248,-0.4179,0.4179,1,historical
2021|senbatsu||2021選抜|1R|市和歌山|1|県岐阜商|0,2021,senbatsu,,2021選抜,1R,national,和歌山,岐阜,1,0,1023.9445,985.9681,0.554436,9.12,4.0635,1028.008,981.9045,0.0,-0.0,0,historical
2021|senbatsu||2021選抜|1R|智弁学園|8|大阪桐蔭|6,2021,senbatsu,,2021選抜,1R,national,奈良,大阪,8,6,1040.9769,1119.0187,0.382193,9.12,5.6344,1046.6113,1113.3843,-2.6933,2.6933,10,historical
2021|senbatsu||2021選抜|1R|広島新庄|1|上田西|0,2021,senbatsu,,2021選抜,1R,national,広島,長野,1,0,1021.6069,995.2854,0.537807,9.12,4.2152,1025.8221,991.0702,0.0,-0.0,0,historical
2021|senbatsu||2021選抜|1R|東海大菅生|4|聖カタリナ|3,2021,senbatsu,,2021選抜,1R,prefecture,西東京,愛媛,4,3,1032.6379,998.3896,0.549128,4.56,2.056,1034.6939,996.3336,-0.0,0.0,0,historical
2021|senbatsu||2021選抜|1R|京都国際|5|柴田|4,2021,senbatsu,,2021選抜,1R,national,京,宮城,5,4,1003.9923,1059.0507,0.421421,9.12,5.2766,1009.269,1053.7741,0.0,-0.0,0,historical
2021|senbatsu||2021選抜|1R|常総学院|9|敦賀気比|5,2021,senbatsu,,2021選抜,1R,national,茨城,福井,9,5,972.3398,1011.5599,0.443796,9.12,5.0726,977.4124,1006.4873,-0.0,0.0,0,historical
2021|senbatsu||2021選抜|1R|中京大中京|2|専大松戸|0,2021,senbatsu,,2021選抜,1R,national,愛知,千葉,2,0,1035.5678,1008.7805,0.539565,9.12,4.1992,1039.767,1004.5813,0.3815,-0.3815,1,historical
2021|senbatsu||2021選抜|2R|仙台育英|13|神戸国際大付|5,2021,senbatsu,,2021選抜,2R,national,宮城,兵庫,13,5,1053.7741,997.248,0.580637,9.12,3.8246,1057.5987,993.4234,-0.0,0.0,0,historical
2021|senbatsu||2021選抜|2R|天理|4|健大高崎|0,2021,senbatsu,,2021選抜,2R,national,奈良,群馬,4,0,1046.6113,1031.8549,0.521223,9.12,4.3664,1050.9777,1027.4884,0.0,-0.0,0,historical
2021|senbatsu||2021選抜|2R|東海大相模|1|鳥取城北|0,2021,senbatsu,,2021選抜,2R,national,神奈川,鳥取,1,0,1026.6335,977.2934,0.570533,9.12,3.9167,1030.5503,973.3767,0.0,-0.0,0,historical
2021|senbatsu||2021選抜|2R|福岡大大濠|8|具志川商|4,2021,senbatsu,,2021選抜,2R,national,福岡,沖縄,8,4,1029.4776,1016.1197,0.522564,9.12,4.3542,1033.8319,1011.7655,1.1658,-1.1658,13,historical
2021|senbatsu||2021選抜|2R|明豊|2|市和歌山|1,2021,senbatsu,,2021選抜,2R,national,大分,和歌山,2,1,1030.3148,1028.008,0.50332,9.12,4.5297,1034.8445,1023.4783,-0.0,0.0,0,historical
2021|senbatsu||2021選抜|2R|智弁学園|5|広島新庄|2,2021,senbatsu,,2021選抜,2R,national,奈良,広島,5,2,1050.9777,1025.8221,0.534787,9.12,4.2427,1055.2205,1021.5794,-0.4721,0.4721,1,historical
2021|senbatsu||2021選抜|2R|東海大菅生|5|京都国際|4,2021,senbatsu,,2021選抜,2R,prefecture,西東京,京,5,4,1034.6939,1009.269,0.537139,4.56,2.1106,1036.8045,1007.1583,0.2148,-0.2148,1,historical
2021|senbatsu||2021選抜|2R|中京大中京|15|常総学院|5,2021,senbatsu,,2021選抜,2R,national,愛知,茨城,15,5,1039.767,977.4124,0.588784,9.12,3.7503,1043.5173,973.6621,0.0,-0.0,0,historical
2021|senbatsu||2021選抜|QF|天理|10|仙台育英|3,2021,senbatsu,,2021選抜,QF,national,奈良,宮城,10,3,1055.2205,1057.5987,0.497748,9.12,4.5805,1059.801,1053.0181,0.4067,-0.4067,1,historical
2021|senbatsu||2021選抜|QF|東海大相模|8|福岡大大濠|0,2021,senbatsu,,2021選抜,QF,national,神奈川,福岡,8,0,1030.5503,1033.8319,0.49414,9.12,4.6134,1035.1637,1029.2184,-0.3954,0.3954,1,historical
2021|senbatsu||2021選抜|QF|明豊|6|智弁学園|4,2021,senbatsu,,2021選抜,QF,national,大分,奈良,6,4,1034.8445,1059.801,0.462699,9.12,4.9002,1039.7447,1054.9008,-0.5056,0.5056,1,historical
2021|senbatsu||2021選抜|QF|中京大中京|6|東海大菅生|0,2021,senbatsu,,2021選抜,QF,prefecture,愛知,西東京,6,0,1043.5173,1036.8045,0.509659,4.56,2.236,1045.7533,1034.5686,0.0,-0.0,0,historical
2021|senbatsu||2021選抜|SF|東海大相模|2|天理|0,2021,senbatsu,,2021選抜,SF,national,神奈川,奈良,2,0,1035.1637,1054.9008,0.471627,9.12,4.8188,1039.9825,1050.082,-0.0,0.0,0,historical
2021|senbatsu||2021選抜|SF|明豊|5|中京大中京|4,2021,senbatsu,,2021選抜,SF,national,大分,愛知,5,4,1039.7447,1045.7533,0.491354,9.12,4.6389,1044.3835,1041.1144,0.0,-0.0,0,historical
2021|senbatsu||2021選抜|F|東海大相模|3|明豊|2,2021,senbatsu,,2021選抜,F,national,神奈川,大分,3,2,1039.9825,1044.3835,0.492505,9.12,4.6284,1044.6108,1039.7552,-0.4036,0.4036,1,historical
2021|koshien||2021選手権|1R|日大山形|4|米子東|1,2021,koshien,,2021選手権,1R,national,山形,鳥取,4,1,995.0989,973.3767,0.53122,11.96,5.6066,1000.7055,967.7701,0.0,-0.0,0,historical
2021|koshien||2021選手権|1R|新田|4|静岡|2,2021,koshien,,2021選手権,1R,national,愛媛,静岡,4,2,996.3336,984.2924,0.517322,11.96,5.7728,1002.1064,978.5196,0.0,-0.0,0,historical
2021|koshien||2021選手権|1R|日本航空|4|東明館|0,2021,koshien,,2021選手権,1R,national,山梨,佐賀,4,0,961.9667,941.2024,0.529847,11.96,5.623,967.5897,935.5793,-0.0,0.0,0,historical
2021|koshien||2021選手権|1R|智弁学園|10|倉敷商|3,2021,koshien,,2021選手権,1R,national,奈良,岡山,10,3,1050.082,1011.0021,0.556005,11.96,5.3102,1055.3922,1005.6919,0.0,-0.0,0,historical
2021|koshien||2021選手権|1R|横浜|3|広島新庄|2,2021,koshien,,2021選手権,1R,national,神奈川,広島,3,2,1044.6108,1021.5794,0.533096,11.96,5.5842,1050.195,1015.9952,-0.0,0.0,0,historical
2021|koshien||2021選手権|1R|松商学園|17|高岡商|4,2021,koshien,,2021選手権,1R,national,長野,富山,17,4,991.0702,948.2821,0.554047,11.96,5.3336,996.4038,942.9485,-2.5427,2.5427,4,historical
2021|koshien||2021選手権|1R|東北学院|5|愛工大名電|3,2021,koshien,,2021選手権,1R,national,宮城,愛知,5,3,1053.0181,1041.1144,0.517124,11.96,5.7752,1058.7933,1035.3392,0.0,-0.0,0,historical
2021|koshien||2021選手権|1R|明桜|4|帯広農|2,2021,koshien,,2021選手権,1R,prefecture,秋田,北北海道,4,2,971.0227,968.1172,0.504181,5.52,2.7369,973.7596,965.3802,-0.0,0.0,0,historical
2021|koshien||2021選手権|1R|明徳義塾|3|県岐阜商|2,2021,koshien,,2021選手権,1R,national,高知,岐阜,3,2,1052.6556,981.9045,0.600434,11.96,4.7788,1057.4344,977.1257,-0.0,0.0,0,historical
2021|koshien||2021選手権|1R|神戸国際大付|2|北海|1,2021,koshien,,2021選手権,1R,prefecture,兵庫,南北海道,2,1,993.4234,1018.2143,0.46768,5.52,2.9384,996.3618,1015.2759,1.1505,-1.1505,2,historical
2021|koshien||2021選手権|1R|高川学園|7|小松大谷|6,2021,koshien,,2021選手権,1R,national,山口,石川,7,6,997.4176,1060.1814,0.410645,11.96,7.0487,1004.4662,1053.1327,0.0,-0.0,0,historical
2021|koshien||2021選手権|1R|長崎商|8|熊本工|4,2021,koshien,,2021選手権,1R,national,長崎,熊本,8,4,1001.4451,966.3929,0.553397,11.96,5.3414,1006.7864,961.0516,1.0971,-1.0971,2,historical
2021|koshien||2021選手権|1R|専大松戸|6|明豊|0,2021,koshien,,2021選手権,1R,national,千葉,大分,6,0,1004.5813,1039.7552,0.450709,11.96,6.5695,1011.1509,1033.1856,0.4057,-0.4057,1,historical
2021|koshien||2021選手権|1R|沖縄尚学|8|阿南光|0,2021,koshien,,2021選手権,1R,national,沖縄,徳島,8,0,1011.7655,952.3951,0.584619,11.96,4.968,1016.7335,947.4271,-0.0,0.0,0,historical
2021|koshien||2021選手権|1R|盛岡大付|7|鹿島学園|0,2021,koshien,,2021選手権,1R,national,岩手,茨城,7,0,990.9145,973.6621,0.525857,11.96,5.6707,996.5852,967.9914,0.3656,-0.3656,1,historical
2021|koshien||2021選手権|1R|大阪桐蔭|7|東海大菅生|4,2021,koshien,,2021選手権,1R,prefecture,大阪,西東京,7,4,1113.3843,1034.5686,0.612019,5.52,2.1417,1115.5259,1032.4269,0.183,-0.183,1,historical
2021|koshien||2021選手権|1R|近江|8|日大東北|2,2021,koshien,,2021選手権,1R,national,滋賀,福島,8,2,977.2209,981.4744,0.493879,11.96,6.0532,983.2742,975.4212,0.0,-0.0,0,historical
2021|koshien||2021選手権|2R|京都国際|1|前橋育英|0,2021,koshien,,2021選手権,2R,national,京,群馬,1,0,1007.1583,1027.4884,0.470776,11.96,6.3295,1013.4878,1021.1589,0.0,-0.0,0,historical
2021|koshien||2021選手権|2R|高松商|10|作新学院|7,2021,koshien,,2021選手権,2R,national,香川,栃木,10,7,989.882,968.6228,0.529369,11.96,5.6287,995.5107,962.994,-0.4141,0.4141,1,historical
2021|koshien||2021選手権|2R|二松学舎大付|2|西日本短大付|0,2021,koshien,,2021選手権,2R,prefecture,東東京,福岡,2,0,1025.0659,1029.2184,0.493748,5.52,2.7945,1027.8604,1026.4239,-0.0962,0.0962,2,historical
2021|koshien||2021選手権|2R|三重|2|樟南|0,2021,koshien,,2021選手権,2R,national,三重,鹿児島,2,0,987.8452,982.7553,0.507324,11.96,5.8924,993.7376,976.8629,0.0,-0.0,0,historical
2021|koshien||2021選手権|2R|敦賀気比|8|日本文理|6,2021,koshien,,2021選手権,2R,national,福井,新潟,8,6,1006.4873,970.8602,0.564247,11.96,5.2116,1011.6989,965.6486,4.6322,-4.6322,11,historical
2021|koshien||2021選手権|2R|石見智翠館|4|聖愛|3,2021,koshien,,2021選手権,2R,national,島根,青森,4,3,936.237,1013.2975,0.390885,11.96,7.285,943.522,1006.0125,0.0,-0.0,0,historical
2021|koshien||2021選手権|2R|日大山形|4|浦和学院|3,2021,koshien,,2021選手権,2R,national,山形,埼玉,4,3,1000.7055,1013.1169,0.482146,11.96,6.1935,1006.8991,1006.9234,-0.0,0.0,0,historical
2021|koshien||2021選手権|2R|日本航空|5|新田|3,2021,koshien,,2021選手権,2R,national,山梨,愛媛,5,3,967.5897,1002.1064,0.450489,11.96,6.5721,974.1618,995.5343,0.0,-0.0,0,historical
2021|koshien||2021選手権|2R|智弁学園|5|横浜|0,2021,koshien,,2021選手権,2R,national,奈良,神奈川,5,0,1055.3922,1050.195,0.506323,11.96,5.9044,1061.2966,1044.2906,-0.4016,0.4016,1,historical
2021|koshien||2021選手権|2R|明徳義塾|8|明桜|2,2021,koshien,,2021選手権,2R,national,高知,秋田,8,2,1057.4344,973.7596,0.618142,11.96,4.567,1062.0014,969.1926,-0.0,0.0,0,historical
2021|koshien||2021選手権|2R|神戸国際大付|4|高川学園|3,2021,koshien,,2021選手権,2R,national,兵庫,山口,4,3,996.3618,1004.4662,0.489768,11.96,6.1024,1002.4642,998.3639,0.4968,-0.4968,1,historical
2021|koshien||2021選手権|2R|長崎商|6|専大松戸|2,2021,koshien,,2021選手権,2R,national,長崎,千葉,6,2,1006.7864,1011.1509,0.493719,11.96,6.0551,1012.8416,1005.0957,-0.0,0.0,0,historical
2021|koshien||2021選手権|2R|盛岡大付|4|沖縄尚学|0,2021,koshien,,2021選手権,2R,national,岩手,沖縄,4,0,996.5852,1016.7335,0.471037,11.96,6.3264,1002.9116,1010.4071,0.0,-0.0,0,historical
2021|koshien||2021選手権|2R|近江|6|大阪桐蔭|4,2021,koshien,,2021選手権,2R,national,滋賀,大阪,6,4,983.2742,1115.5259,0.307644,11.96,8.2806,991.5547,1107.2454,-4.3303,4.3303,5,historical
2021|koshien||2021選手権|3R|京都国際|6|二松学舎大付|4,2021,koshien,,2021選手権,3R,prefecture,京,東東京,6,4,1013.4878,1027.8604,0.479328,5.52,2.8741,1016.3619,1024.9863,0.0,-0.0,0,historical
2021|koshien||2021選手権|3R|智弁和歌山|5|高松商|3,2021,koshien,,2021選手権,3R,national,和歌山,香川,5,3,1023.4783,995.5107,0.541226,11.96,5.4869,1028.9652,990.0238,0.372,-0.372,1,historical
2021|koshien||2021選手権|3R|敦賀気比|6|三重|3,2021,koshien,,2021選手権,3R,national,福井,三重,6,3,1011.6989,993.7376,0.525825,11.96,5.6711,1017.3701,988.0665,-0.0,0.0,0,historical
2021|koshien||2021選手権|3R|石見智翠館|5|日大山形|4,2021,koshien,,2021選手権,3R,national,島根,山形,5,4,943.522,1006.8991,0.409791,11.96,7.0589,950.5809,999.8402,-0.0,0.0,0,historical
2021|koshien||2021選手権|3R|智弁学園|7|日本航空|1,2021,koshien,,2021選手権,3R,national,奈良,山梨,7,1,1061.2966,974.1618,0.622832,11.96,4.5109,1065.8075,969.6509,0.0,-0.0,0,historical
2021|koshien||2021選手権|3R|明徳義塾|2|松商学園|0,2021,koshien,,2021選手権,3R,national,高知,長野,2,0,1062.0014,996.4038,0.593297,11.96,4.8642,1066.8656,991.5396,-0.0,0.0,0,historical
2021|koshien||2021選手権|3R|神戸国際大付|6|長崎商|5,2021,koshien,,2021選手権,3R,national,兵庫,長崎,6,5,1002.4642,1012.8416,0.48507,11.96,6.1586,1008.6227,1006.683,0.0,-0.0,0,historical
2021|koshien||2021選手権|3R|近江|7|盛岡大付|4,2021,koshien,,2021選手権,3R,national,滋賀,岩手,7,4,991.5547,1002.9116,0.483322,11.96,6.1795,997.7342,996.7321,-0.1182,0.1182,2,historical
2021|koshien||2021選手権|QF|京都国際|3|敦賀気比|2,2021,koshien,,2021選手権,QF,national,京,福井,3,2,1016.3619,1017.3701,0.498549,11.96,5.9974,1022.3593,1011.3727,0.0,-0.0,0,historical
2021|koshien||2021選手権|QF|智弁和歌山|9|石見智翠館|1,2021,koshien,,2021選手権,QF,national,和歌山,島根,9,1,1028.9652,950.5809,0.610928,11.96,4.6533,1033.6185,945.9276,0.0,-0.0,0,historical
2021|koshien||2021選手権|QF|智弁学園|3|明徳義塾|2,2021,koshien,,2021選手権,QF,national,奈良,高知,3,2,1065.8075,1066.8656,0.498477,11.96,5.9982,1071.8057,1060.8674,0.0,-0.0,0,historical
2021|koshien||2021選手権|QF|近江|7|神戸国際大付|6,2021,koshien,,2021選手権,QF,national,滋賀,兵庫,7,6,997.7342,1008.6227,0.483926,11.96,6.1722,1003.9064,1002.4505,-0.1423,0.1423,4,historical
2021|koshien||2021選手権|SF|智弁和歌山|5|近江|1,2021,koshien,,2021選手権,SF,national,和歌山,滋賀,5,1,1033.6185,1003.9064,0.540658,11.96,5.4937,1039.1123,998.4127,-0.6988,0.6988,4,historical
2021|koshien||2021選手権|SF|智弁学園|3|京都国際|1,2021,koshien,,2021選手権,SF,national,奈良,京,3,1,1071.8057,1022.3593,0.573137,11.96,5.1053,1076.911,1017.254,0.8709,-0.8709,5,historical
2021|koshien||2021選手権|F|智弁和歌山|9|智弁学園|2,2021,koshien,,2021選手権,F,national,和歌山,奈良,9,2,1039.1123,1076.911,0.44,11.96,6.6976,1045.8099,1070.2134,-2.0476,2.0476,4,historical
2021|autumn||2021秋季北海道地区大会|1R|クラーク国際|4|駒大苫小牧|1,2021,autumn,,2021秋季北海道地区大会,1R,regional,北北海道,南北海道,4,1,965.3802,1015.2759,0.381499,8.0,4.948,970.3283,1010.3279,-17.0214,17.0214,69,historical
2021|autumn||2021秋季北海道地区大会|1R|滝川西|5|苫小牧中央|0,2021,autumn,,2021秋季北海道地区大会,1R,regional,北北海道,南北海道,5,0,970.3283,1010.3279,0.404158,8.0,4.7667,975.095,1005.5612,-13.7163,13.7163,70,historical
2021|autumn||2021秋季北海道地区大会|1R|札幌国際情報|13|遠軽|1,2021,autumn,,2021秋季北海道地区大会,1R,regional,南北海道,北北海道,13,1,1005.5612,975.095,0.573594,8.0,3.4112,1008.9724,971.6837,10.5231,-10.5231,71,historical
2021|autumn||2021秋季北海道地区大会|2R|旭川実|5|函館工|4,2021,autumn,,2021秋季北海道地区大会,2R,regional,北北海道,南北海道,5,4,971.6837,1008.9724,0.410359,8.0,4.7171,976.4009,1004.2553,-12.8405,12.8405,72,historical
2021|autumn||2021秋季北海道地区大会|2R|士別翔雲|2|知内|1,2021,autumn,,2021秋季北海道地区大会,2R,regional,北北海道,南北海道,2,1,976.4009,1004.2553,0.432497,8.0,4.54,980.9409,999.7153,-9.6697,9.6697,73,historical
2021|autumn||2021秋季北海道地区大会|2R|クラーク国際|6|北海|2,2021,autumn,,2021秋季北海道地区大会,2R,regional,北北海道,南北海道,6,2,980.9409,999.7153,0.454087,8.0,4.3673,985.3082,995.348,-6.6098,6.6098,74,historical
2021|autumn||2021秋季北海道地区大会|2R|札幌国際情報|15|釧路江南|3,2021,autumn,,2021秋季北海道地区大会,2R,regional,南北海道,北北海道,15,3,995.348,985.3082,0.524958,8.0,3.8003,999.1483,981.5079,3.6587,-3.6587,75,historical
2021|autumn||2021秋季北海道地区大会|2R|白樺学園|2|札幌第一|1,2021,autumn,,2021秋季北海道地区大会,2R,regional,北北海道,南北海道,2,1,981.5079,999.1483,0.456755,8.0,4.346,985.8538,994.8023,-6.2421,6.2421,76,historical
2021|autumn||2021秋季北海道地区大会|QF|クラーク国際|5|立命館慶祥|1,2021,autumn,,2021秋季北海道地区大会,QF,regional,北北海道,南北海道,5,1,985.8538,994.8023,0.477647,8.0,4.1788,990.0326,990.6235,-3.2971,3.2971,77,historical
2021|autumn||2021秋季北海道地区大会|QF|札幌国際情報|18|士別翔雲|0,2021,autumn,,2021秋季北海道地区大会,QF,regional,南北海道,北北海道,18,0,990.6235,990.0326,0.50217,8.0,3.9826,994.6062,986.05,0.4585,-0.4585,78,historical
2021|autumn||2021秋季北海道地区大会|QF|東海大札幌|6|白樺学園|1,2021,autumn,,2021秋季北海道地区大会,QF,regional,南北海道,北北海道,6,1,994.6062,986.05,0.521428,8.0,3.8286,998.4347,982.2214,3.1714,-3.1714,79,historical
2021|autumn||2021秋季北海道地区大会|SF|旭川実|4|札幌国際情報|3,2021,autumn,,2021秋季北海道地区大会,SF,regional,北北海道,南北海道,4,3,982.2214,998.4347,0.4601,8.0,4.3192,986.5406,994.1155,-5.7854,5.7854,80,historical
2021|autumn||2021秋季北海道地区大会|SF|クラーク国際|5|東海大札幌|1,2021,autumn,,2021秋季北海道地区大会,SF,regional,北北海道,南北海道,5,1,986.5406,994.1155,0.480923,8.0,4.1526,990.6932,989.9629,-2.8437,2.8437,81,historical
2021|autumn||2021秋季東北地区大会|1R|盛岡大付|9|学法石川|2,2021,autumn,,2021秋季東北地区大会,1R,regional,岩手,福島,9,2,996.7321,975.4212,0.523615,8.0,3.8111,1000.5432,971.6101,-2.4445,2.4445,6,historical
2021|autumn||2021秋季東北地区大会|1R|東奥義塾|10|大曲工|0,2021,autumn,,2021秋季東北地区大会,1R,regional,青森,秋田,10,0,1006.0125,969.1926,0.551446,8.0,3.5884,1009.6009,965.6041,-0.4723,0.4723,6,historical
2021|autumn||2021秋季東北地区大会|2R|大館桂桜|6|聖和学園|4,2021,autumn,,2021秋季東北地区大会,2R,regional,秋田,宮城,6,4,965.6041,1058.7933,0.348826,8.0,5.2094,970.8135,1053.5839,-7.6232,7.6232,8,historical
2021|autumn||2021秋季東北地区大会|2R|八戸工大一|7|酒田南|0,2021,autumn,,2021秋季東北地区大会,2R,regional,青森,山形,7,0,1009.6009,999.8402,0.509251,8.0,3.926,1013.5269,995.9142,-1.6659,1.6659,5,historical
2021|autumn||2021秋季東北地区大会|2R|聖光学院|3|東奥義塾|2,2021,autumn,,2021秋季東北地区大会,2R,regional,福島,青森,3,2,971.6101,1013.5269,0.429126,8.0,4.567,976.1771,1008.9599,-3.8327,3.8327,7,historical
2021|autumn||2021秋季東北地区大会|2R|能代松陽|11|久慈東|0,2021,autumn,,2021秋季東北地区大会,2R,regional,秋田,岩手,11,0,970.8135,1000.5432,0.450346,8.0,4.3972,975.2108,996.146,-2.4437,2.4437,6,historical
2021|autumn||2021秋季東北地区大会|2R|青森山田|3|鶴岡東|2,2021,autumn,,2021秋季東北地区大会,2R,regional,青森,山形,3,2,1008.9599,995.9142,0.517057,8.0,3.8635,1012.8234,992.0506,-0.5944,0.5944,6,historical
2021|autumn||2021秋季東北地区大会|2R|山形中央|7|東北|2,2021,autumn,,2021秋季東北地区大会,2R,regional,山形,宮城,7,2,992.0506,1053.5839,0.404028,8.0,4.7678,996.8184,1048.8162,-2.9961,2.9961,9,historical
2021|autumn||2021秋季東北地区大会|2R|仙台育英|7|盛岡大付|4,2021,autumn,,2021秋季東北地区大会,2R,regional,宮城,岩手,7,4,1048.8162,996.146,0.584814,8.0,3.3215,1052.1376,992.8245,3.4198,-3.4198,7,historical
2021|autumn||2021秋季東北地区大会|2R|花巻東|11|東日大昌平|1,2021,autumn,,2021秋季東北地区大会,2R,regional,岩手,福島,11,1,992.8245,976.1771,0.520124,8.0,3.839,996.6635,972.3381,-1.328,1.328,7,historical
2021|autumn||2021秋季東北地区大会|QF|聖光学院|13|能代松陽|1,2021,autumn,,2021秋季東北地区大会,QF,regional,福島,秋田,13,1,972.3381,975.2108,0.498814,8.0,4.0095,976.3476,971.2013,1.0242,-1.0242,5,historical
2021|autumn||2021秋季東北地区大会|QF|青森山田|4|山形中央|3,2021,autumn,,2021秋季東北地区大会,QF,regional,青森,山形,4,3,1012.8234,996.8184,0.525041,8.0,3.7997,1016.6231,993.0187,0.705,-0.705,7,historical
2021|autumn||2021秋季東北地区大会|QF|八戸工大一|5|大館桂桜|2,2021,autumn,,2021秋季東北地区大会,QF,regional,青森,秋田,5,2,1016.6231,971.2013,0.567095,8.0,3.4632,1020.0864,967.738,0.7417,-0.7417,7,historical
2021|autumn||2021秋季東北地区大会|QF|花巻東|8|仙台育英|2,2021,autumn,,2021秋季東北地区大会,QF,regional,岩手,宮城,8,2,996.6635,1052.1376,0.407126,8.0,4.743,1001.4065,1047.3946,-4.9097,4.9097,8,historical
2021|autumn||2021秋季東北地区大会|SF|聖光学院|5|青森山田|2,2021,autumn,,2021秋季東北地区大会,SF,regional,福島,青森,5,2,976.3476,1020.0864,0.430615,8.0,4.5551,980.9027,1015.5313,-2.3939,2.3939,8,historical
2021|autumn||2021秋季東北地区大会|SF|花巻東|4|八戸工大一|3,2021,autumn,,2021秋季東北地区大会,SF,regional,岩手,青森,4,3,1001.4065,1015.5313,0.464339,8.0,4.2853,1005.6918,1011.246,-5.3485,5.3485,10,historical
2021|autumn||2021秋季東北地区大会|F|花巻東|4|聖光学院|1,2021,autumn,,2021秋季東北地区大会,F,regional,岩手,福島,4,1,1005.6918,980.9027,0.535662,8.0,3.7147,1009.4065,977.188,0.0168,-0.0168,8,historical
2021|autumn||2021秋季関東地区大会|1R|白鴎大足利|9|藤代|1,2021,autumn,,2021秋季関東地区大会,1R,regional,栃木,茨城,9,1,962.994,967.9914,0.492777,8.0,4.0578,967.0518,963.9336,-0.011,0.011,2,historical
2021|autumn||2021秋季関東地区大会|1R|山梨学院|12|拓大紅陵|3,2021,autumn,,2021秋季関東地区大会,1R,regional,山梨,千葉,12,3,969.6509,1005.0957,0.447357,8.0,4.4211,974.0721,1000.6746,-0.6355,0.6355,3,historical
2021|autumn||2021秋季関東地区大会|1R|健大高崎|8|文星芸大付|2,2021,autumn,,2021秋季関東地区大会,1R,regional,群馬,栃木,8,2,1021.1589,967.0518,0.578937,8.0,3.3685,1024.5274,963.6833,0.6031,-0.6031,3,historical
2021|autumn||2021秋季関東地区大会|1R|桐生第一|3|土浦日大|2,2021,autumn,,2021秋季関東地区大会,1R,regional,群馬,茨城,3,2,1024.5274,963.9336,0.58259,8.0,3.3393,1027.8667,960.5943,-1.3369,1.3369,8,historical
2021|autumn||2021秋季関東地区大会|1R|東海大相模|9|花咲徳栄|4,2021,autumn,,2021秋季関東地区大会,1R,regional,神奈川,埼玉,9,4,1044.2906,1006.9234,0.575768,8.0,3.3939,1047.6845,1003.5295,7.8453,-7.8453,10,historical
2021|autumn||2021秋季関東地区大会|1R|浦和学院|7|向上|5,2021,autumn,,2021秋季関東地区大会,1R,regional,埼玉,神奈川,7,5,1003.5295,1047.6845,0.409685,8.0,4.7225,1008.252,1042.962,-9.6493,9.6493,11,historical
2021|autumn||2021秋季関東地区大会|1R|木更津総合|3|帝京三|0,2021,autumn,,2021秋季関東地区大会,1R,regional,千葉,山梨,3,0,1000.6746,974.0721,0.537269,8.0,3.7018,1004.3764,970.3702,-0.3285,0.3285,4,historical
2021|autumn||2021秋季関東地区大会|QF|明秀日立|11|健大高崎|4,2021,autumn,,2021秋季関東地区大会,QF,regional,茨城,群馬,11,4,960.5943,1027.8667,0.404628,8.0,4.763,965.3573,1023.1037,0.0897,-0.0897,9,historical
2021|autumn||2021秋季関東地区大会|QF|浦和学院|5|桐生第一|0,2021,autumn,,2021秋季関東地区大会,QF,regional,埼玉,群馬,5,0,1008.252,1023.1037,0.479604,8.0,4.1632,1012.4152,1018.9406,0.3358,-0.3358,4,historical
2021|autumn||2021秋季関東地区大会|QF|山梨学院|9|白鴎大足利|0,2021,autumn,,2021秋季関東地区大会,QF,regional,山梨,栃木,9,0,970.3702,963.6833,0.510647,8.0,3.9148,974.285,959.7685,0.3563,-0.3563,1,historical
2021|autumn||2021秋季関東地区大会|QF|木更津総合|4|東海大相模|1,2021,autumn,,2021秋季関東地区大会,QF,regional,千葉,神奈川,4,1,1004.3764,1042.962,0.447795,8.0,4.4176,1008.7941,1038.5443,1.0885,-1.0885,10,historical
2021|autumn||2021秋季関東地区大会|SF|明秀日立|5|木更津総合|2,2021,autumn,,2021秋季関東地区大会,SF,regional,茨城,千葉,5,2,965.3573,1008.7941,0.432707,8.0,4.5383,969.8956,1004.2557,-1.8043,1.8043,4,historical
2021|autumn||2021秋季関東地区大会|SF|山梨学院|9|浦和学院|2,2021,autumn,,2021秋季関東地区大会,SF,regional,山梨,埼玉,9,2,974.285,1012.4152,0.448259,8.0,4.4139,978.699,1008.0013,1.024,-1.024,5,historical
2021|autumn||2021秋季関東地区大会|F|明秀日立|9|山梨学院|7,2021,autumn,,2021秋季関東地区大会,F,regional,茨城,山梨,9,7,969.8956,978.699,0.494397,8.0,4.0448,973.9404,974.6541,2.4548,-2.4548,3,historical
2021|autumn||2021秋季東京地区大会|1R|二松学舎大付|12|錦城|2,2021,autumn,,2021秋季東京地区大会,1R,prefecture,東東京,西東京,12,2,1024.9863,1032.4269,0.431428,4.8,2.7291,1027.7155,1029.6978,-20.2552,20.2552,125,historical
2021|autumn||2021秋季東京地区大会|1R|早大学院|3|江戸川|2,2021,autumn,,2021秋季東京地区大会,1R,prefecture,西東京,東東京,3,2,1029.6978,1027.7155,0.555412,4.8,2.134,1031.8318,1025.5815,18.3402,-18.3402,126,historical
2021|autumn||2021秋季東京地区大会|1R|郁文館|4|明星|1,2021,autumn,,2021秋季東京地区大会,1R,prefecture,東東京,西東京,4,1,1025.5815,1031.8318,0.434242,4.8,2.7156,1028.2971,1029.1161,-19.8545,19.8545,127,historical
2021|autumn||2021秋季東京地区大会|1R|安田学園|16|東農大一|5,2021,autumn,,2021秋季東京地区大会,1R,prefecture,東東京,西東京,16,5,1028.2971,1029.1161,0.447362,4.8,2.6527,1030.9498,1026.4635,-17.9468,17.9468,128,historical
2021|autumn||2021秋季東京地区大会|1R|豊南|5|法政大高|4,2021,autumn,,2021秋季東京地区大会,1R,prefecture,東東京,東京,5,4,1030.9498,957.4648,0.665727,4.8,1.6045,1032.5543,955.8603,23.0965,-23.0965,23,historical
2021|autumn||2021秋季東京地区大会|1R|駒大高|10|大森学園|8,2021,autumn,,2021秋季東京地区大会,1R,prefecture,西東京,東東京,10,8,1026.4635,1032.5543,0.537451,4.8,2.2202,1028.6837,1030.334,16.0817,-16.0817,129,historical
2021|autumn||2021秋季東京地区大会|1R|海城|7|練馬|5,2021,autumn,,2021秋季東京地区大会,1R,prefecture,東東京,西東京,7,5,1030.334,1028.6837,0.451704,4.8,2.6318,1032.9659,1026.0519,-17.6575,17.6575,130,historical
2021|autumn||2021秋季東京地区大会|1R|早稲田実|10|新宿|0,2021,autumn,,2021秋季東京地区大会,1R,prefecture,西東京,東東京,10,0,1026.0519,1032.9659,0.535481,4.8,2.2297,1028.2816,1030.7362,15.8051,-15.8051,131,historical
2021|autumn||2021秋季東京地区大会|1R|堀越|6|東大和|5,2021,autumn,,2021秋季東京地区大会,1R,prefecture,東東京,西東京,6,5,1030.7362,1028.2816,0.453617,4.8,2.6226,1033.3588,1025.6589,-17.3887,17.3887,132,historical
2021|autumn||2021秋季東京地区大会|1R|城東|4|私武蔵|3,2021,autumn,,2021秋季東京地区大会,1R,prefecture,東東京,西東京,4,3,1033.3588,1025.6589,0.466402,4.8,2.5613,1035.9201,1023.0977,-15.5408,15.5408,133,historical
2021|autumn||2021秋季東京地区大会|1R|駿台学園|9|桐朋|7,2021,autumn,,2021秋季東京地区大会,1R,prefecture,東東京,西東京,9,7,1035.9201,1023.0977,0.478934,4.8,2.5011,1038.4212,1020.5966,-13.7346,13.7346,134,historical
2021|autumn||2021秋季東京地区大会|1R|共栄学園|4|工学院大付|0,2021,autumn,,2021秋季東京地区大会,1R,prefecture,東東京,西東京,4,0,1038.4212,1020.5966,0.491202,4.8,2.4422,1040.8634,1018.1543,-11.9695,11.9695,135,historical
2021|autumn||2021秋季東京地区大会|1R|上野学園|6|小平南|5,2021,autumn,,2021秋季東京地区大会,1R,prefecture,東東京,西東京,6,5,1040.8634,1018.1543,0.503195,4.8,2.3847,1043.2481,1015.7697,-10.2445,10.2445,136,historical
2021|autumn||2021秋季東京地区大会|1R|日大三|8|立志舎|0,2021,autumn,,2021秋季東京地区大会,1R,prefecture,西東京,東東京,8,0,1015.7697,1043.2481,0.485094,4.8,2.4715,1018.2412,1040.7765,8.5588,-8.5588,137,historical
2021|autumn||2021秋季東京地区大会|1R|国学院久我山|10|日体大荏原|3,2021,autumn,,2021秋季東京地区大会,1R,prefecture,西東京,東東京,10,3,1018.2412,1040.7765,0.497256,4.8,2.4132,1020.6544,1038.3634,10.3143,-10.3143,138,historical
2021|autumn||2021秋季東京地区大会|2R|関東一|6|早稲田実|0,2021,autumn,,2021秋季東京地区大会,2R,prefecture,東東京,西東京,6,0,1038.3634,1020.6544,0.490862,4.8,2.4439,1040.8072,1018.2105,-12.0298,12.0298,139,historical
2021|autumn||2021秋季東京地区大会|2R|二松学舎大付|11|早大学院|1,2021,autumn,,2021秋季東京地区大会,2R,prefecture,東東京,西東京,11,1,1040.8072,1018.2105,0.502872,4.8,2.3862,1043.1934,1015.8243,-10.3006,10.3006,140,historical
2021|autumn||2021秋季東京地区大会|2R|東海大菅生|13|海城|2,2021,autumn,,2021秋季東京地区大会,2R,prefecture,西東京,東東京,13,2,1015.8243,1043.1934,0.485401,4.8,2.4701,1018.2944,1040.7234,8.611,-8.611,141,historical
2021|autumn||2021秋季東京地区大会|2R|堀越|6|八王子実践|5,2021,autumn,,2021秋季東京地区大会,2R,prefecture,東東京,西東京,6,5,1040.7234,1018.2944,0.502436,4.8,2.3883,1043.1117,1015.9061,-10.368,10.368,142,historical
2021|autumn||2021秋季東京地区大会|2R|国学院久我山|6|共栄学園|3,2021,autumn,,2021秋季東京地区大会,2R,prefecture,西東京,東東京,6,3,1015.9061,1043.1117,0.485822,4.8,2.4681,1018.3741,1040.6436,8.6756,-8.6756,143,historical
2021|autumn||2021秋季東京地区大会|2R|日野台|8|上野学園|4,2021,autumn,,2021秋季東京地区大会,2R,prefecture,西東京,東東京,8,4,1018.3741,1040.6436,0.497978,4.8,2.4097,1020.7838,1038.2339,10.4324,-10.4324,144,historical
2021|autumn||2021秋季東京地区大会|2R|日大三|9|駿台学園|2,2021,autumn,,2021秋季東京地区大会,2R,prefecture,西東京,東東京,9,2,1020.7838,1038.2339,0.509854,4.8,2.3527,1023.1365,1035.8812,12.149,-12.149,145,historical
2021|autumn||2021秋季東京地区大会|2R|小山台|8|東大和南|0,2021,autumn,,2021秋季東京地区大会,2R,prefecture,東東京,西東京,8,0,1035.8812,1023.1365,0.478559,4.8,2.5029,1038.3841,1020.6336,-13.8262,13.8262,146,historical
2021|autumn||2021秋季東京地区大会|2R|帝京|6|駒場学園|0,2021,autumn,,2021秋季東京地区大会,2R,prefecture,東東京,西東京,6,0,1038.3841,1020.6336,0.490861,4.8,2.4439,1040.828,1018.1897,-12.0508,12.0508,147,historical
2021|autumn||2021秋季東京地区大会|3R|狛江|6|明大中野八王子|5,2021,autumn,,2021秋季東京地区大会,3R,prefecture,西東京,東東京,6,5,1018.1897,1040.828,0.497113,4.8,2.4139,1020.6036,1038.4141,10.3161,-10.3161,148,historical
2021|autumn||2021秋季東京地区大会|3R|修徳|5|佼成学園|4,2021,autumn,,2021秋季東京地区大会,3R,prefecture,東東京,西東京,5,4,1038.4141,1020.6036,0.490985,4.8,2.4433,1040.8574,1018.1603,-12.0378,12.0378,149,historical
2021|autumn||2021秋季東京地区大会|3R|東海大菅生|9|堀越|2,2021,autumn,,2021秋季東京地区大会,3R,prefecture,西東京,東東京,9,2,1018.1603,1040.8574,0.496988,4.8,2.4145,1020.5748,1038.443,10.3022,-10.3022,150,historical
2021|autumn||2021秋季東京地区大会|QF|国学院久我山|7|帝京|4,2021,autumn,,2021秋季東京地区大会,QF,regional,西東京,東東京,7,4,1020.5748,1038.443,0.508896,8.0,3.9288,1024.5036,1034.5141,12.0254,-12.0254,151,historical
2021|autumn||2021秋季東京地区大会|QF|二松学舎大付|4|狛江|2,2021,autumn,,2021秋季東京地区大会,QF,regional,東東京,西東京,4,2,1034.5141,1024.5036,0.471756,8.0,4.226,1038.7401,1020.2777,-14.8286,14.8286,152,historical
2021|autumn||2021秋季東京地区大会|F|国学院久我山|4|二松学舎大付|3,2021,autumn,,2021秋季東京地区大会,F,regional,西東京,東東京,4,3,1020.2777,1038.7401,0.507455,8.0,3.9404,1024.218,1034.7997,11.8215,-11.8215,153,historical
2021|autumn||2021秋季北信越地区大会|1R|松商学園|3|帝京長岡|2,2021,autumn,,2021秋季北信越地区大会,1R,regional,長野,新潟,3,2,991.5396,965.6486,0.549455,8.0,3.6044,995.144,962.0443,4.2932,-4.2932,11,historical
2021|autumn||2021秋季北信越地区大会|1R|敦賀気比|8|富山第一|1,2021,autumn,,2021秋季北信越地区大会,1R,regional,福井,富山,8,1,1011.3727,942.9485,0.618397,8.0,3.0528,1014.4255,939.8957,7.7189,-7.7189,9,historical
2021|autumn||2021秋季北信越地区大会|1R|東京都市大塩尻|12|遊学館|4,2021,autumn,,2021秋季北信越地区大会,1R,regional,長野,石川,12,4,995.144,1053.1327,0.422222,8.0,4.6222,999.7662,1048.5105,1.7503,-1.7503,11,historical
2021|autumn||2021秋季北信越地区大会|1R|星稜|5|東海大諏訪|4,2021,autumn,,2021秋季北信越地区大会,1R,regional,石川,長野,5,4,1048.5105,999.7662,0.558669,8.0,3.5306,1052.0411,996.2356,-3.894,3.894,12,historical
2021|autumn||2021秋季北信越地区大会|1R|富山商|6|福井工大福井|4,2021,autumn,,2021秋季北信越地区大会,1R,regional,富山,福井,6,4,939.8957,1014.4255,0.368902,8.0,5.0488,944.9445,1009.3768,-9.3721,9.3721,10,historical
2021|autumn||2021秋季北信越地区大会|1R|小松大谷|7|啓新|2,2021,autumn,,2021秋季北信越地区大会,1R,regional,石川,福井,7,2,1052.0411,1009.3768,0.567564,8.0,3.4595,1055.5006,1005.9173,2.2863,-2.2863,8,historical
2021|autumn||2021秋季北信越地区大会|1R|日本文理|4|高岡商|2,2021,autumn,,2021秋季北信越地区大会,1R,regional,新潟,富山,4,2,962.0443,944.9445,0.53147,8.0,3.7482,965.7925,941.1962,2.3985,-2.3985,6,historical
2021|autumn||2021秋季北信越地区大会|1R|北越|13|長野日大|3,2021,autumn,,2021秋季北信越地区大会,1R,regional,新潟,長野,13,3,965.7925,996.2356,0.439019,8.0,4.4878,970.2804,991.7477,-6.0713,6.0713,12,historical
2021|autumn||2021秋季北信越地区大会|QF|小松大谷|8|松商学園|6,2021,autumn,,2021秋季北信越地区大会,QF,regional,石川,長野,8,6,1055.5006,991.7477,0.584096,8.0,3.3272,1058.8279,988.4205,-2.3784,2.3784,13,historical
2021|autumn||2021秋季北信越地区大会|QF|星稜|3|日本文理|1,2021,autumn,,2021秋季北信越地区大会,QF,regional,石川,新潟,3,1,1058.8279,970.2804,0.634639,8.0,2.9229,1061.7507,967.3575,3.687,-3.687,12,historical
2021|autumn||2021秋季北信越地区大会|QF|敦賀気比|10|北越|2,2021,autumn,,2021秋季北信越地区大会,QF,regional,福井,新潟,10,2,1005.9173,967.3575,0.575478,8.0,3.3962,1009.3134,963.9613,7.1459,-7.1459,12,historical
2021|autumn||2021秋季北信越地区大会|QF|富山商|4|東京都市大塩尻|3,2021,autumn,,2021秋季北信越地区大会,QF,regional,富山,長野,4,3,941.1962,988.4205,0.436401,8.0,4.5088,945.705,983.9117,1.3954,-1.3954,5,historical
2021|autumn||2021秋季北信越地区大会|SF|敦賀気比|10|小松大谷|8,2021,autumn,,2021秋季北信越地区大会,SF,regional,福井,石川,10,8,1009.3134,1061.7507,0.414465,8.0,4.6843,1013.9977,1057.0665,-3.7945,3.7945,9,historical
2021|autumn||2021秋季北信越地区大会|SF|星稜|5|富山商|4,2021,autumn,,2021秋季北信越地区大会,SF,regional,石川,富山,5,4,1057.0665,945.705,0.698686,8.0,2.4105,1059.477,943.2945,17.3718,-17.3718,14,historical
2021|autumn||2021秋季北信越地区大会|F|敦賀気比|6|星稜|0,2021,autumn,,2021秋季北信越地区大会,F,regional,福井,石川,6,0,1013.9977,1059.477,0.429186,8.0,4.5665,1018.5642,1054.9105,-2.03,2.03,10,historical
2021|autumn||2021秋季東海地区大会|1R|大垣日大|7|静岡|2,2021,autumn,,2021秋季東海地区大会,1R,regional,岐阜,静岡,7,2,977.1257,978.5196,0.503118,8.0,3.9751,981.1008,974.5445,1.7803,-1.7803,7,historical
2021|autumn||2021秋季東海地区大会|1R|津商|6|中部大春日丘|3,2021,autumn,,2021秋季東海地区大会,1R,regional,三重,愛知,6,3,988.0665,1035.3392,0.410161,8.0,4.7187,992.7852,1030.6205,-7.9193,7.9193,11,historical
2021|autumn||2021秋季東海地区大会|1R|聖隷クリストファー|11|津田学園|4,2021,autumn,,2021秋季東海地区大会,1R,regional,静岡,三重,11,4,974.5445,992.7852,0.464857,8.0,4.2811,978.8257,988.504,-3.1098,3.1098,13,historical
2021|autumn||2021秋季東海地区大会|1R|至学館|5|岐阜第一|3,2021,autumn,,2021秋季東海地区大会,1R,regional,愛知,岐阜,5,3,1030.6205,981.1008,0.59069,8.0,3.2745,1033.895,977.8263,7.1016,-7.1016,15,historical
2021|autumn||2021秋季東海地区大会|QF|日大三島|5|津商|2,2021,autumn,,2021秋季東海地区大会,QF,regional,静岡,三重,5,2,978.8257,988.504,0.482758,8.0,4.1379,982.9636,984.3661,-1.1535,1.1535,14,historical
2021|autumn||2021秋季東海地区大会|QF|大垣日大|3|享栄|2,2021,autumn,,2021秋季東海地区大会,QF,regional,岐阜,愛知,3,2,977.8263,1033.895,0.395277,8.0,4.8378,982.6641,1029.0572,-8.8967,8.8967,16,historical
2021|autumn||2021秋季東海地区大会|QF|聖隷クリストファー|4|中京|3,2021,autumn,,2021秋季東海地区大会,QF,regional,静岡,岐阜,4,3,982.9636,982.6641,0.490651,8.0,4.0748,987.0384,978.5893,-3.3982,3.3982,8,historical
2021|autumn||2021秋季東海地区大会|QF|至学館|4|三重|1,2021,autumn,,2021秋季東海地区大会,QF,regional,愛知,三重,4,1,1029.0572,984.3661,0.581104,8.0,3.3512,1032.4084,981.0149,6.0838,-6.0838,12,historical
2021|autumn||2021秋季東海地区大会|SF|聖隷クリストファー|9|至学館|8,2021,autumn,,2021秋季東海地区大会,SF,regional,静岡,愛知,9,8,987.0384,1032.4084,0.433379,8.0,4.533,991.5713,1027.8754,-0.6,0.6,15,historical
2021|autumn||2021秋季東海地区大会|SF|日大三島|10|大垣日大|4,2021,autumn,,2021秋季東海地区大会,SF,regional,静岡,岐阜,10,4,991.5713,978.5893,0.51298,8.0,3.8962,995.4675,974.6932,-1.9801,1.9801,9,historical
2021|autumn||2021秋季近畿地区大会|1R|市和歌山|2|神戸学院大付|1,2021,autumn,,2021秋季近畿地区大会,1R,regional,和歌山,兵庫,2,1,1045.8099,1002.4505,0.563432,8.0,3.4925,1049.3024,998.9579,0.4782,-0.4782,5,historical
2021|autumn||2021秋季近畿地区大会|1R|天理|3|滋賀学園|2,2021,autumn,,2021秋季近畿地区大会,1R,regional,奈良,滋賀,3,2,1070.2134,998.4127,0.61073,8.0,3.1142,1073.3276,995.2986,3.2195,-3.2195,5,historical
2021|autumn||2021秋季近畿地区大会|1R|大阪桐蔭|7|塔南|0,2021,autumn,,2021秋季近畿地区大会,1R,regional,大阪,京,7,0,1107.2454,1017.254,0.631862,8.0,2.9451,1110.1905,1014.3089,1.9267,-1.9267,5,historical
2021|autumn||2021秋季近畿地区大会|1R|東洋大姫路|2|智弁学園|0,2021,autumn,,2021秋季近畿地区大会,1R,regional,兵庫,奈良,2,0,998.9579,1073.3276,0.377447,8.0,4.9804,1003.9383,1068.3471,-6.2793,6.2793,5,historical
2021|autumn||2021秋季近畿地区大会|1R|金光大阪|2|高田商|0,2021,autumn,,2021秋季近畿地区大会,1R,regional,大阪,奈良,2,0,1110.1905,1068.3471,0.560949,8.0,3.5124,1113.7029,1064.8347,0.3601,-0.3601,11,historical
2021|autumn||2021秋季近畿地区大会|1R|近江|11|社|10,2021,autumn,,2021秋季近畿地区大会,1R,regional,滋賀,兵庫,11,10,995.2986,1003.9383,0.492219,8.0,4.0622,999.3608,999.8761,1.6162,-1.6162,5,historical
2021|autumn||2021秋季近畿地区大会|1R|京都国際|3|履正社|0,2021,autumn,,2021秋季近畿地区大会,1R,regional,京,大阪,3,0,1014.3089,1113.7029,0.352567,8.0,5.1795,1019.4884,1108.5234,-3.0936,3.0936,6,historical
2021|autumn||2021秋季近畿地区大会|1R|和歌山東|3|八幡商|1,2021,autumn,,2021秋季近畿地区大会,1R,regional,和歌山,滋賀,3,1,1049.3024,999.3608,0.573574,8.0,3.4114,1052.7138,995.9494,0.7785,-0.7785,5,historical
2021|autumn||2021秋季近畿地区大会|QF|和歌山東|3|京都国際|2,2021,autumn,,2021秋季近畿地区大会,QF,regional,和歌山,京,3,2,1052.7138,1019.4884,0.541294,8.0,3.6696,1056.3835,1015.8187,-2.2329,2.2329,4,historical
2021|autumn||2021秋季近畿地区大会|QF|金光大阪|7|近江|6,2021,autumn,,2021秋季近畿地区大会,QF,regional,大阪,滋賀,7,6,1108.5234,995.9494,0.66216,8.0,2.7027,1111.2261,993.2467,2.1635,-2.1635,6,historical
2021|autumn||2021秋季近畿地区大会|QF|大阪桐蔭|5|東洋大姫路|0,2021,autumn,,2021秋季近畿地区大会,QF,regional,大阪,兵庫,5,0,1111.2261,999.8761,0.672181,8.0,2.6226,1113.8487,997.2535,6.6953,-6.6953,6,historical
2021|autumn||2021秋季近畿地区大会|QF|天理|5|市和歌山|1,2021,autumn,,2021秋季近畿地区大会,QF,regional,奈良,和歌山,5,1,1064.8347,1056.3835,0.513399,8.0,3.8928,1068.7275,1052.4906,0.4307,-0.4307,5,historical
2021|autumn||2021秋季近畿地区大会|SF|和歌山東|8|金光大阪|1,2021,autumn,,2021秋季近畿地区大会,SF,regional,和歌山,大阪,8,1,1052.4906,1113.8487,0.412705,8.0,4.6984,1057.189,1109.1503,0.0356,-0.0356,12,historical
2021|autumn||2021秋季近畿地区大会|SF|大阪桐蔭|9|天理|1,2021,autumn,,2021秋季近畿地区大会,SF,regional,大阪,奈良,9,1,1109.1503,1068.7275,0.563453,8.0,3.4924,1112.6427,1065.2352,1.9538,-1.9538,12,historical
2021|autumn||2021秋季近畿地区大会|F|大阪桐蔭|10|和歌山東|1,2021,autumn,,2021秋季近畿地区大会,F,regional,大阪,和歌山,10,1,1112.6427,1057.189,0.572897,8.0,3.4168,1116.0595,1053.7722,-2.2181,2.2181,13,historical
2021|autumn||2021秋季中国地区大会|1R|広陵|6|倉吉総合産|0,2021,autumn,,2021秋季中国地区大会,1R,regional,広島,鳥取,6,0,1015.9952,967.7701,0.593058,8.0,3.2555,1019.2507,964.5145,8.6002,-8.6002,14,historical
2021|autumn||2021秋季中国地区大会|1R|宇部商|7|出雲西|5,2021,autumn,,2021秋季中国地区大会,1R,regional,山口,島根,7,5,998.3639,945.9276,0.587961,8.0,3.2963,1001.6602,942.6313,4.6637,-4.6637,8,historical
2021|autumn||2021秋季中国地区大会|1R|下関国際|8|創志学園|0,2021,autumn,,2021秋季中国地区大会,1R,regional,山口,岡山,8,0,1001.6602,1005.6919,0.493143,8.0,4.0549,1005.715,1001.637,-0.3666,0.3666,11,historical
2021|autumn||2021秋季中国地区大会|1R|倉敷工|5|米子西|0,2021,autumn,,2021秋季中国地区大会,1R,regional,岡山,鳥取,5,0,1001.637,964.5145,0.552524,8.0,3.5798,1005.2168,960.9347,-0.2448,0.2448,6,historical
2021|autumn||2021秋季中国地区大会|1R|鳥取商|3|宇部工|2,2021,autumn,,2021秋季中国地区大会,1R,regional,鳥取,山口,3,2,960.9347,1005.715,0.43338,8.0,4.533,965.4677,1001.1821,-0.8943,0.8943,5,historical
2021|autumn||2021秋季中国地区大会|1R|立正大淞南|8|岩国商|0,2021,autumn,,2021秋季中国地区大会,1R,regional,島根,山口,8,0,942.6313,1001.1821,0.39916,8.0,4.8067,947.438,996.3754,-6.2469,6.2469,9,historical
2021|autumn||2021秋季中国地区大会|1R|岡山学芸館|12|尾道商|5,2021,autumn,,2021秋季中国地区大会,1R,regional,岡山,広島,12,5,1005.2168,1019.2507,0.493848,8.0,4.0492,1009.2661,1015.2015,4.8795,-4.8795,13,historical
2021|autumn||2021秋季中国地区大会|1R|広島商|8|益田東|7,2021,autumn,,2021秋季中国地区大会,1R,regional,広島,島根,8,7,1015.2015,947.438,0.59642,8.0,3.2286,1018.4302,944.2094,0.0426,-0.0426,5,historical
2021|autumn||2021秋季中国地区大会|QF|岡山学芸館|6|立正大淞南|0,2021,autumn,,2021秋季中国地区大会,QF,regional,岡山,島根,6,0,1009.2661,944.2094,0.611223,8.0,3.1102,1012.3763,941.0992,6.7714,-6.7714,6,historical
2021|autumn||2021秋季中国地区大会|QF|広島商|6|鳥取商|2,2021,autumn,,2021秋季中国地区大会,QF,regional,広島,鳥取,6,2,1018.4302,965.4677,0.604603,8.0,3.1632,1021.5933,962.3045,10.4063,-10.4063,15,historical
2021|autumn||2021秋季中国地区大会|QF|広陵|3|下関国際|0,2021,autumn,,2021秋季中国地区大会,QF,regional,広島,山口,3,0,1021.5933,996.3754,0.54637,8.0,3.629,1025.2224,992.7463,3.5481,-3.5481,11,historical
2021|autumn||2021秋季中国地区大会|QF|倉敷工|10|宇部商|2,2021,autumn,,2021秋季中国地区大会,QF,regional,岡山,山口,10,2,1012.3763,992.7463,0.524073,8.0,3.8074,1016.1837,988.9389,-1.4448,1.4448,12,historical
2021|autumn||2021秋季中国地区大会|SF|広島商|9|倉敷工|6,2021,autumn,,2021秋季中国地区大会,SF,regional,広島,岡山,9,6,1025.2224,1016.1837,0.493008,8.0,4.0559,1029.2783,1012.1278,-6.9486,6.9486,14,historical
2021|autumn||2021秋季中国地区大会|SF|広陵|7|岡山学芸館|4,2021,autumn,,2021秋季中国地区大会,SF,regional,広島,岡山,7,4,1029.2783,1012.1278,0.509894,8.0,3.9208,1033.1992,1008.2069,-5.1374,5.1374,15,historical
2021|autumn||2021秋季四国地区大会|1R|阿南光|2|西条|0,2021,autumn,,2021秋季四国地区大会,1R,regional,徳島,愛媛,2,0,947.4271,995.5343,0.413636,8.0,4.6909,952.118,990.8434,-6.2563,6.2563,9,historical
2021|autumn||2021秋季四国地区大会|1R|高知|4|済美|1,2021,autumn,,2021秋季四国地区大会,1R,regional,高知,愛媛,4,1,1060.8674,990.8434,0.639114,8.0,2.8871,1063.7544,987.9563,14.6295,-14.6295,12,historical
2021|autumn||2021秋季四国地区大会|1R|尽誠学園|5|高知中央|4,2021,autumn,,2021秋季四国地区大会,1R,regional,香川,高知,5,4,990.0238,1063.7544,0.41803,8.0,4.6558,994.6796,1059.0987,8.1266,-8.1266,14,historical
2021|autumn||2021秋季四国地区大会|1R|徳島商|3|四国学院大香川西|1,2021,autumn,,2021秋季四国地区大会,1R,regional,徳島,香川,3,1,952.118,994.6796,0.437433,8.0,4.5005,956.6186,990.179,-0.5719,0.5719,5,historical
2021|autumn||2021秋季四国地区大会|QF|高知|2|英明|1,2021,autumn,,2021秋季四国地区大会,QF,regional,高知,香川,2,1,1059.0987,990.179,0.568229,8.0,3.4542,1062.5529,986.7249,-10.6058,10.6058,15,historical
2021|autumn||2021秋季四国地区大会|QF|明徳義塾|8|阿南光|1,2021,autumn,,2021秋季四国地区大会,QF,regional,高知,徳島,8,1,1062.5529,956.6186,0.66663,8.0,2.667,1065.2198,953.9516,7.2245,-7.2245,12,historical
2021|autumn||2021秋季四国地区大会|QF|鳴門|2|尽誠学園|0,2021,autumn,,2021秋季四国地区大会,QF,regional,徳島,香川,2,0,953.9516,986.7249,0.455285,8.0,4.3577,958.3093,982.3671,0.8094,-0.8094,6,historical
2021|autumn||2021秋季四国地区大会|QF|徳島商|5|新田|4,2021,autumn,,2021秋季四国地区大会,QF,regional,徳島,愛媛,5,4,958.3093,987.9563,0.444296,8.0,4.4456,962.755,983.5107,-4.6107,4.6107,10,historical
2021|autumn||2021秋季四国地区大会|SF|高知|11|徳島商|4,2021,autumn,,2021秋季四国地区大会,SF,regional,高知,徳島,11,4,1065.2198,962.755,0.665946,8.0,2.6724,1067.8922,960.0825,8.6921,-8.6921,13,historical
2021|autumn||2021秋季四国地区大会|SF|鳴門|3|明徳義塾|2,2021,autumn,,2021秋季四国地区大会,SF,regional,徳島,高知,3,2,960.0825,1067.8922,0.323407,8.0,5.4127,965.4953,1062.4795,-10.2107,10.2107,14,historical
2021|autumn||2021秋季四国地区大会|F|高知|7|鳴門|3,2021,autumn,,2021秋季四国地区大会,F,regional,高知,徳島,7,3,1062.4795,965.4953,0.656623,8.0,2.747,1065.2265,962.7483,7.8169,-7.8169,15,historical
2021|autumn||2021秋季九州地区大会|1R|大分舞鶴|4|大島|4,2021,autumn,,2021秋季九州地区大会,1R,regional,大分,東東京,4,4,1033.1856,1034.7997,0.497639,8.0,0.0189,1033.2045,1034.7808,-0.0131,0.0131,2,historical
2021|autumn||2021秋季九州地区大会|1R|有田工|3|秀岳館|0,2021,autumn,,2021秋季九州地区大会,1R,regional,佐賀,熊本,3,0,935.5793,961.0516,0.462494,8.0,4.3,939.8794,956.7515,-0.3194,0.3194,1,historical
2021|autumn||2021秋季九州地区大会|1R|海星|5|福岡第一|4,2021,autumn,,2021秋季九州地区大会,1R,regional,長崎,福岡,5,4,1006.683,1026.4239,0.468125,8.0,4.255,1010.938,1022.1689,-1.2192,1.2192,2,historical
2021|autumn||2021秋季九州地区大会|1R|興南|5|日章学園|0,2021,autumn,,2021秋季九州地区大会,1R,regional,沖縄,宮崎,5,0,1010.4071,965.0522,0.564766,8.0,3.4819,1013.889,961.5704,-0.0484,0.0484,2,historical
2021|autumn||2021秋季九州地区大会|1R|大島|3|大分舞鶴|2,2021,autumn,,2021秋季九州地区大会,1R,regional,東東京,大分,3,2,1034.7808,1033.2045,0.502309,8.0,3.9815,1038.7624,1029.223,0.014,-0.014,3,historical
2021|autumn||2021秋季九州地区大会|1R|長崎日大|15|小林秀峰|6,2021,autumn,,2021秋季九州地区大会,1R,regional,長崎,宮崎,15,6,1010.938,961.5704,0.577211,8.0,3.3823,1014.3203,958.1881,2.3585,-2.3585,6,historical
2021|autumn||2021秋季九州地区大会|1R|九州国際大付|6|鹿児島城西|4,2021,autumn,,2021秋季九州地区大会,1R,regional,福岡,鹿児島,6,4,1022.1689,976.8629,0.572451,8.0,3.4204,1025.5893,973.4425,2.6974,-2.6974,6,historical
2021|autumn||2021秋季九州地区大会|1R|明豊|14|前原|4,2021,autumn,,2021秋季九州地区大会,1R,regional,大分,沖縄,14,4,1029.223,1013.889,0.52195,8.0,3.8244,1033.0474,1010.0646,-0.0358,0.0358,2,historical
2021|autumn||2021秋季九州地区大会|1R|佐賀商|4|熊本工|3,2021,autumn,,2021秋季九州地区大会,1R,regional,佐賀,熊本,4,3,939.8794,956.7515,0.475939,8.0,4.1925,944.0719,952.559,0.0701,-0.0701,2,historical
2021|autumn||2021秋季九州地区大会|QF|長崎日大|7|佐賀商|1,2021,autumn,,2021秋季九州地区大会,QF,regional,長崎,佐賀,7,1,1014.3203,944.0719,0.600639,8.0,3.1949,1017.5152,940.877,0.3255,-0.3255,1,historical
2021|autumn||2021秋季九州地区大会|QF|九州国際大付|13|明豊|0,2021,autumn,,2021秋季九州地区大会,QF,regional,福岡,大分,13,0,1025.5893,1033.0474,0.507208,8.0,3.9423,1029.5316,1029.1051,6.2334,-6.2334,15,historical
2021|autumn||2021秋季九州地区大会|QF|有田工|2|海星|0,2021,autumn,,2021秋季九州地区大会,QF,regional,佐賀,長崎,2,0,940.877,1017.5152,0.388546,8.0,4.8916,945.7686,1012.6236,-1.0652,1.0652,2,historical
2021|autumn||2021秋季九州地区大会|QF|大島|3|興南|0,2021,autumn,,2021秋季九州地区大会,QF,regional,東東京,沖縄,3,0,1038.7624,1010.0646,0.540191,8.0,3.6785,1042.4408,1006.3861,-0.3551,0.3551,1,historical
2021|autumn||2021秋季九州地区大会|SF|九州国際大付|12|長崎日大|2,2021,autumn,,2021秋季九州地区大会,SF,regional,福岡,長崎,12,2,1029.5316,1012.6236,0.526588,8.0,3.7873,1033.3189,1008.8363,0.7922,-0.7922,3,historical
2021|autumn||2021秋季九州地区大会|SF|大島|11|有田工|7,2021,autumn,,2021秋季九州地区大会,SF,regional,東東京,佐賀,11,7,1042.4408,945.7686,0.63564,8.0,2.9149,1045.3557,942.8537,-0.0,0.0,0,historical
2021|autumn||2021秋季九州地区大会|F|九州国際大付|12|大島|6,2021,autumn,,2021秋季九州地区大会,F,regional,福岡,東東京,12,6,1033.3189,1045.3557,0.481418,8.0,4.1487,1037.4676,1041.2071,-0.4405,0.4405,3,historical
2021|jingu||2021明治神宮大会|1R|九州国際大付|5|クラーク国際|1,2021,jingu,,2021明治神宮大会,1R,national,福岡,北北海道,5,1,1037.4676,990.6932,0.56691,9.2,3.9844,1041.452,986.7088,-0.0,0.0,0,historical
2021|jingu||2021明治神宮大会|1R|花巻東|6|国学院久我山|3,2021,jingu,,2021明治神宮大会,1R,prefecture,岩手,西東京,6,3,1009.4065,1024.218,0.478697,4.8,2.5023,1011.9087,1021.7158,0.0,-0.0,0,historical
2021|jingu||2021明治神宮大会|QF|大阪桐蔭|8|敦賀気比|4,2021,jingu,,2021明治神宮大会,QF,national,大阪,福井,8,4,1116.0595,1018.5642,0.636737,9.2,3.342,1119.4015,1015.2222,0.0,-0.0,0,historical
2021|jingu||2021明治神宮大会|QF|広陵|5|明秀日立|3,2021,jingu,,2021明治神宮大会,QF,national,広島,茨城,5,3,1033.1992,973.9404,0.583265,9.2,3.834,1037.0331,970.1065,-0.428,0.428,1,historical
2021|jingu||2021明治神宮大会|QF|九州国際大付|2|日大三島|1,2021,jingu,,2021明治神宮大会,QF,national,福岡,静岡,2,1,1041.452,995.4675,0.565793,9.2,3.9947,1045.4467,991.4728,0.0,-0.0,0,historical
2021|jingu||2021明治神宮大会|QF|花巻東|6|高知|2,2021,jingu,,2021明治神宮大会,QF,national,岩手,高知,6,2,1011.9087,1065.2265,0.423866,9.2,5.3004,1017.2092,1059.9261,0.0,-0.0,0,historical
2021|jingu||2021明治神宮大会|SF|大阪桐蔭|9|九州国際大付|2,2021,jingu,,2021明治神宮大会,SF,national,大阪,福岡,9,2,1119.4015,1045.4467,0.608453,9.2,3.6022,1123.0038,1041.8445,1.3113,-1.3113,2,historical
2021|jingu||2021明治神宮大会|SF|広陵|10|花巻東|9,2021,jingu,,2021明治神宮大会,SF,national,広島,岩手,10,9,1037.0331,1017.2092,0.528498,9.2,4.3378,1041.3709,1012.8713,-0.0,0.0,0,historical
2021|jingu||2021明治神宮大会|F|大阪桐蔭|11|広陵|7,2021,jingu,,2021明治神宮大会,F,national,大阪,広島,11,7,1123.0038,1041.3709,0.61636,9.2,3.5295,1126.5333,1037.8414,0.3657,-0.3657,1,historical
2022|spring||2022春季北海道地区大会|1R|札幌日大|3|旭川明成|2,2022,spring,,2022春季北海道地区大会,1R,regional,南北海道,北北海道,3,2,989.9629,986.7088,0.504709,7.6,3.7642,993.7271,982.9446,0.0092,-0.0092,82,historical
2022|spring||2022春季北海道地区大会|1R|北照|7|白樺学園|3,2022,spring,,2022春季北海道地区大会,1R,regional,南北海道,北北海道,7,3,993.7271,982.9446,0.522939,7.6,3.6257,997.3528,979.3189,2.5842,-2.5842,83,historical
2022|spring||2022春季北海道地区大会|1R|東海大札幌|7|稚内大谷|4,2022,spring,,2022春季北海道地区大会,1R,regional,南北海道,北北海道,7,4,997.3528,979.3189,0.540456,7.6,3.4925,1000.8453,975.8264,5.0697,-5.0697,84,historical
2022|spring||2022春季北海道地区大会|1R|釧路工|10|北見緑陵|0,2022,spring,,2022春季北海道地区大会,1R,regional,北海道,北北海道,10,0,992.443,975.8264,0.523895,7.6,3.6184,996.0614,972.208,-0.0,0.0,0,historical
2022|spring||2022春季北海道地区大会|1R|札幌第一|7|滝川西|4,2022,spring,,2022春季北海道地区大会,1R,regional,南北海道,北北海道,7,4,1000.8453,972.208,0.562383,7.6,3.3259,1004.1712,968.8821,7.469,-7.469,85,historical
2022|spring||2022春季北海道地区大会|1R|クラーク国際|8|北星大付|1,2022,spring,,2022春季北海道地区大会,1R,regional,北北海道,南北海道,8,1,968.8821,1004.1712,0.421775,7.6,4.3945,973.2766,999.7767,-9.7586,9.7586,86,historical
2022|spring||2022春季北海道地区大会|QF|苫小牧中央|4|釧路工|2,2022,spring,,2022春季北海道地区大会,QF,regional,南北海道,北海道,4,2,999.7767,996.0614,0.508609,7.6,3.7346,1003.5113,992.3268,1.1335,-1.1335,2,historical
2022|spring||2022春季北海道地区大会|QF|札幌第一|5|クラーク国際|4,2022,spring,,2022春季北海道地区大会,QF,regional,南北海道,北北海道,5,4,1003.5113,973.2766,0.562608,7.6,3.3242,1006.8355,969.9525,6.7498,-6.7498,87,historical
2022|spring||2022春季東北地区大会|1R|聖愛|5|学法石川|0,2022,spring,,2022春季東北地区大会,1R,regional,青森,福島,5,0,1011.246,977.188,0.550926,7.6,3.413,1014.659,973.775,0.726,-0.726,9,historical
2022|spring||2022春季東北地区大会|1R|東北|11|光南|1,2022,spring,,2022春季東北地区大会,1R,regional,宮城,福島,11,1,1047.3946,973.775,0.610978,7.6,2.9566,1050.3512,970.8185,2.4004,-2.4004,10,historical
2022|spring||2022春季東北地区大会|1R|聖光学院|9|盛岡大付|0,2022,spring,,2022春季東北地区大会,1R,regional,福島,岩手,9,0,970.8185,1012.8713,0.435545,7.6,4.2899,975.1083,1008.5815,-1.4928,1.4928,9,historical
2022|spring||2022春季東北地区大会|1R|秋田商|7|酒田南|4,2022,spring,,2022春季東北地区大会,1R,regional,秋田,山形,7,4,967.738,993.0187,0.453985,7.6,4.1497,971.8878,988.869,-3.3924,3.3924,5,historical
2022|spring||2022春季東北地区大会|1R|羽黒|5|久慈|4,2022,spring,,2022春季東北地区大会,1R,regional,山形,岩手,5,4,988.869,1008.5815,0.459109,7.6,4.1108,992.9798,1004.4707,-4.3825,4.3825,9,historical
2022|spring||2022春季東北地区大会|1R|青森山田|4|明桜|2,2022,spring,,2022春季東北地区大会,1R,regional,青森,秋田,4,2,1014.659,971.8878,0.567169,7.6,3.2895,1017.9485,968.5982,2.0934,-2.0934,8,historical
2022|spring||2022春季東北地区大会|QF|聖愛|7|仙台育英|6,2022,spring,,2022春季東北地区大会,QF,regional,青森,宮城,7,6,1017.9485,1050.3512,0.444312,7.6,4.2232,1022.1717,1046.128,-3.2271,3.2271,14,historical
2022|spring||2022春季東北地区大会|QF|東北|3|花巻東|1,2022,spring,,2022春季東北地区大会,QF,regional,宮城,岩手,3,1,1046.128,1004.4707,0.569048,7.6,3.2752,1049.4032,1001.1955,3.3152,-3.3152,9,historical
2022|spring||2022春季東北地区大会|QF|聖光学院|5|秋田商|4,2022,spring,,2022春季東北地区大会,QF,regional,福島,秋田,5,4,975.1083,968.5982,0.516357,7.6,3.6757,978.784,964.9226,2.43,-2.43,6,historical
2022|spring||2022春季東北地区大会|QF|青森山田|4|羽黒|3,2022,spring,,2022春季東北地区大会,QF,regional,青森,山形,4,3,1022.1717,992.9798,0.548136,7.6,3.4342,1025.6059,989.5456,2.1803,-2.1803,8,historical
2022|spring||2022春季東北地区大会|SF|聖光学院|5|聖愛|3,2022,spring,,2022春季東北地区大会,SF,regional,福島,青森,5,3,978.784,1025.6059,0.42686,7.6,4.3559,983.1399,1021.25,-2.184,2.184,10,historical
2022|spring||2022春季東北地区大会|SF|東北|3|青森山田|1,2022,spring,,2022春季東北地区大会,SF,regional,宮城,青森,3,1,1049.4032,1021.25,0.543975,7.6,3.4658,1052.869,1017.7842,1.2415,-1.2415,15,historical
2022|spring||2022春季東北地区大会|F|聖光学院|4|東北|3,2022,spring,,2022春季東北地区大会,F,regional,福島,宮城,4,3,983.1399,1052.869,0.390557,7.6,4.6318,987.7716,1048.2372,-3.7853,3.7853,11,historical
2022|spring||2022春季関東地区大会|1R|銚子商|4|青藍泰斗|3,2022,spring,,2022春季関東地区大会,1R,regional,千葉,栃木,4,3,1004.2557,959.7685,0.565569,7.6,3.3017,1007.5574,956.4668,0.6695,-0.6695,3,historical
2022|spring||2022春季関東地区大会|2R|前橋育英|5|佐野日大|3,2022,spring,,2022春季関東地区大会,2R,regional,群馬,栃木,5,3,1018.9406,956.4668,0.593345,7.6,3.0906,1022.0311,953.3762,1.5793,-1.5793,4,historical
2022|spring||2022春季関東地区大会|2R|関東一|4|甲府城西|0,2022,spring,,2022春季関東地区大会,2R,prefecture,東東京,山梨,4,0,1041.2071,974.6541,0.595052,4.56,1.8466,1043.0536,972.8076,0.1548,-0.1548,1,historical
2022|spring||2022春季関東地区大会|2R|山梨学院|7|二松学舎大付|4,2022,spring,,2022春季関東地区大会,2R,prefecture,山梨,東東京,7,4,972.8076,1043.0536,0.398728,4.56,2.7418,975.5494,1040.3118,-0.5557,0.5557,2,historical
2022|spring||2022春季関東地区大会|2R|健大高崎|6|桐光学園|1,2022,spring,,2022春季関東地区大会,2R,regional,群馬,神奈川,6,1,1022.0311,1038.5443,0.477401,7.6,3.9718,1026.0029,1034.5726,0.3994,-0.3994,6,historical
2022|spring||2022春季関東地区大会|2R|浦和学院|4|桐蔭学園|2,2022,spring,,2022春季関東地区大会,2R,regional,埼玉,神奈川,4,2,1008.0013,1034.5726,0.439394,7.6,4.2606,1012.2619,1030.312,-7.875,7.875,12,historical
2022|spring||2022春季関東地区大会|2R|山村学園|12|市船橋|2,2022,spring,,2022春季関東地区大会,2R,regional,埼玉,千葉,12,2,1012.2619,1007.5574,0.511576,7.6,3.712,1015.9739,1003.8454,1.6704,-1.6704,6,historical
2022|spring||2022春季関東地区大会|2R|作新学院|10|つくば秀英|3,2022,spring,,2022春季関東地区大会,2R,regional,栃木,茨城,10,3,953.3762,970.1065,0.478283,7.6,3.9651,957.3413,966.1414,0.815,-0.815,3,historical
2022|spring||2022春季関東地区大会|2R|明秀日立|8|銚子商|1,2022,spring,,2022春季関東地区大会,2R,regional,茨城,千葉,8,1,966.1414,1003.8454,0.443754,7.6,4.2275,970.3689,999.6179,-0.7728,0.7728,5,historical
2022|spring||2022春季関東地区大会|QF|関東一|10|健大高崎|0,2022,spring,,2022春季関東地区大会,QF,prefecture,東東京,群馬,10,0,1040.3118,1026.0029,0.520581,4.56,2.1862,1042.498,1023.8167,0.0,-0.0,0,historical
2022|spring||2022春季関東地区大会|QF|山梨学院|8|前橋育英|0,2022,spring,,2022春季関東地区大会,QF,regional,山梨,群馬,8,0,975.5494,1023.8167,0.416068,7.6,4.4379,979.9873,1019.3789,-5.306,5.306,8,historical
2022|spring||2022春季関東地区大会|QF|山村学園|5|作新学院|1,2022,spring,,2022春季関東地区大会,QF,regional,埼玉,栃木,5,1,1015.9739,957.3413,0.587467,7.6,3.1352,1019.1092,954.206,1.3887,-1.3887,6,historical
2022|spring||2022春季関東地区大会|QF|浦和学院|9|明秀日立|7,2022,spring,,2022春季関東地区大会,QF,regional,埼玉,茨城,9,7,1019.1092,970.3689,0.571157,7.6,3.2592,1022.3684,967.1097,0.5212,-0.5212,3,historical
2022|spring||2022春季関東地区大会|SF|関東一|9|山村学園|2,2022,spring,,2022春季関東地区大会,SF,prefecture,東東京,埼玉,9,2,1042.498,1022.3684,0.528352,4.56,2.1507,1044.6487,1020.2176,-0.2038,0.2038,1,historical
2022|spring||2022春季関東地区大会|SF|浦和学院|7|山梨学院|0,2022,spring,,2022春季関東地区大会,SF,regional,埼玉,山梨,7,0,1020.2176,979.9873,0.550357,7.6,3.4173,1023.6349,976.57,-2.5598,2.5598,6,historical
2022|spring||2022春季関東地区大会|F|浦和学院|4|関東一|1,2022,spring,,2022春季関東地区大会,F,prefecture,埼玉,東東京,4,1,1023.6349,1044.6487,0.469923,4.56,2.4172,1026.0521,1042.2315,0.0443,-0.0443,2,historical
2022|spring||2022春季北信越地区大会|QF|啓新|11|高岡商|1,2022,spring,,2022春季北信越地区大会,QF,regional,福井,富山,11,1,1015.2222,943.2945,0.622754,7.6,2.8671,1018.0893,940.4274,7.5745,-7.5745,11,historical
2022|spring||2022春季北信越地区大会|QF|日本航空石川|11|敦賀工|3,2022,spring,,2022春季北信越地区大会,QF,regional,石川,福井,11,3,1054.9105,1018.0893,0.55317,7.6,3.3959,1058.3064,1014.6934,0.1327,-0.1327,11,historical
2022|spring||2022春季北信越地区大会|QF|上田西|7|福井工大福井|6,2022,spring,,2022春季北信越地区大会,QF,regional,長野,福井,7,6,983.9117,1014.6934,0.458615,7.6,4.1145,988.0262,1010.5788,0.9792,-0.9792,11,historical
2022|spring||2022春季北信越地区大会|QF|丹生|8|東京学館新潟|1,2022,spring,,2022春季北信越地区大会,QF,regional,福井,新潟,8,1,1010.5788,963.9613,0.591794,7.6,3.1024,1013.6812,960.8589,8.9495,-8.9495,13,historical
2022|spring||2022春季北信越地区大会|SF|日本航空石川|9|啓新|0,2022,spring,,2022春季北信越地区大会,SF,regional,石川,福井,9,0,1058.3064,1013.6812,0.56858,7.6,3.2788,1061.5852,1010.4024,1.6657,-1.6657,12,historical
2022|spring||2022春季北信越地区大会|SF|上田西|12|丹生|3,2022,spring,,2022春季北信越地区大会,SF,regional,長野,福井,12,3,988.0262,1010.4024,0.476067,7.6,3.9819,992.0081,1006.4205,2.8664,-2.8664,12,historical
2022|spring||2022春季北信越地区大会|F|日本航空石川|10|上田西|5,2022,spring,,2022春季北信越地区大会,F,regional,石川,長野,10,5,1061.5852,992.0081,0.59644,7.6,3.0671,1064.6522,988.9411,-0.8569,0.8569,14,historical
2022|spring||2022春季東海地区大会|QF|津田学園|3|東邦|2,2022,spring,,2022春季東海地区大会,QF,regional,三重,愛知,3,2,981.0149,1027.8754,0.410977,7.6,4.4766,985.4915,1023.3988,-7.8329,7.8329,13,historical
2022|spring||2022春季東海地区大会|QF|浜松開誠館|3|愛工大名電|1,2022,spring,,2022春季東海地区大会,QF,regional,静岡,愛知,3,1,991.4728,1023.3988,0.458906,7.6,4.1123,995.5851,1019.2865,1.6531,-1.6531,16,historical
2022|spring||2022春季東海地区大会|QF|岐阜第一|3|静岡|2,2022,spring,,2022春季東海地区大会,QF,regional,岐阜,静岡,3,2,974.6932,995.5851,0.471274,7.6,4.0183,978.7115,991.5668,0.4545,-0.4545,10,historical
2022|spring||2022春季東海地区大会|QF|津商|5|大垣日大|4,2022,spring,,2022春季東海地区大会,QF,regional,三重,岐阜,5,4,985.4915,978.7115,0.516804,7.6,3.6723,989.1638,975.0392,2.4503,-2.4503,10,historical
2022|spring||2022春季東海地区大会|SF|岐阜第一|11|津田学園|4,2022,spring,,2022春季東海地区大会,SF,regional,岐阜,三重,11,4,975.0392,989.1638,0.467779,7.6,4.0449,979.0841,985.1189,-4.1481,4.1481,11,historical
2022|spring||2022春季東海地区大会|SF|浜松開誠館|5|津商|3,2022,spring,,2022春季東海地区大会,SF,regional,静岡,三重,5,3,991.5668,985.1189,0.5117,7.6,3.7111,995.2779,981.4078,0.8418,-0.8418,15,historical
2022|spring||2022春季東海地区大会|F|浜松開誠館|7|岐阜第一|2,2022,spring,,2022春季東海地区大会,F,regional,静岡,岐阜,7,2,995.2779,979.0841,0.516913,7.6,3.6715,998.9493,975.4126,-2.2184,2.2184,11,historical
2022|spring||2022春季近畿地区大会|QF|智弁和歌山|10|西城陽|0,2022,spring,,2022春季近畿地区大会,QF,regional,和歌山,京,10,0,1053.7722,1015.8187,0.550082,7.6,3.4194,1057.1916,1012.3994,-1.5178,1.5178,5,historical
2022|spring||2022春季近畿地区大会|QF|報徳学園|8|市和歌山|2,2022,spring,,2022春季近畿地区大会,QF,regional,兵庫,和歌山,8,2,997.2535,1057.1916,0.40997,7.6,4.4842,1001.7378,1052.7073,-1.6554,1.6554,6,historical
2022|spring||2022春季近畿地区大会|QF|近江|6|奈良大付|0,2022,spring,,2022春季近畿地区大会,QF,regional,滋賀,奈良,6,0,993.2467,1065.2352,0.385273,7.6,4.6719,997.9186,1060.5632,-4.5884,4.5884,6,historical
2022|spring||2022春季近畿地区大会|QF|大阪桐蔭|9|和歌山商|0,2022,spring,,2022春季近畿地区大会,QF,regional,大阪,和歌山,9,0,1126.5333,1052.7073,0.602885,7.6,3.0181,1129.5513,1049.6893,-0.6494,0.6494,14,historical
2022|spring||2022春季近畿地区大会|SF|大阪桐蔭|11|近江|2,2022,spring,,2022春季近畿地区大会,SF,regional,大阪,滋賀,11,2,1129.5513,997.9186,0.689065,7.6,2.3631,1131.9144,995.5555,3.3018,-3.3018,7,historical
2022|spring||2022春季近畿地区大会|SF|智弁和歌山|5|報徳学園|4,2022,spring,,2022春季近畿地区大会,SF,regional,和歌山,兵庫,5,4,1049.6893,1001.7378,0.569231,7.6,3.2738,1052.9631,998.4639,0.2331,-0.2331,7,historical
2022|spring||2022春季近畿地区大会|F|智弁和歌山|3|大阪桐蔭|2,2022,spring,,2022春季近畿地区大会,F,regional,和歌山,大阪,3,2,1052.9631,1131.9144,0.386081,7.6,4.6658,1057.6289,1127.2487,-0.8107,0.8107,15,historical
2022|spring||2022春季中国地区大会|QF|大東|8|宇部工|1,2022,spring,,2022春季中国地区大会,QF,regional,島根,山口,8,1,941.0992,988.9389,0.418776,7.6,4.4173,945.5165,984.5216,-4.5526,4.5526,10,historical
2022|spring||2022春季中国地区大会|QF|広陵|9|立正大淞南|0,2022,spring,,2022春季中国地区大会,QF,regional,広島,島根,9,0,1037.8414,945.5165,0.632733,7.6,2.7912,1040.6327,942.7253,1.0853,-1.0853,6,historical
2022|spring||2022春季中国地区大会|QF|創志学園|6|石見智翠館|0,2022,spring,,2022春季中国地区大会,QF,regional,岡山,島根,6,0,1008.2069,942.7253,0.616416,7.6,2.9152,1011.1221,939.81,8.4619,-8.4619,7,historical
2022|spring||2022春季中国地区大会|QF|益田東|6|鳥取城北|3,2022,spring,,2022春季中国地区大会,QF,regional,島根,鳥取,6,3,939.81,962.3045,0.455112,7.6,4.1411,943.9512,958.1634,-4.3905,4.3905,6,historical
2022|spring||2022春季中国地区大会|SF|広陵|13|大東|2,2022,spring,,2022春季中国地区大会,SF,regional,広島,島根,13,2,1040.6327,943.9512,0.641389,7.6,2.7254,1043.3581,941.2257,2.1587,-2.1587,7,historical
2022|spring||2022春季中国地区大会|SF|創志学園|7|益田東|0,2022,spring,,2022春季中国地区大会,SF,regional,岡山,島根,7,0,1011.1221,941.2257,0.626989,7.6,2.8349,1013.957,938.3908,10.1596,-10.1596,8,historical
2022|spring||2022春季中国地区大会|F|創志学園|5|広陵|4,2022,spring,,2022春季中国地区大会,F,regional,岡山,広島,5,4,1013.957,1043.3581,0.467208,7.6,4.0492,1018.0062,1039.3089,3.2911,-3.2911,16,historical
2022|spring||2022春季四国地区大会|QF|英明|3|徳島商|2,2022,spring,,2022春季四国地区大会,QF,regional,香川,徳島,3,2,982.3671,962.7483,0.521294,7.6,3.6382,986.0053,959.1101,-2.4065,2.4065,7,historical
2022|spring||2022春季四国地区大会|QF|鳴門|3|高知|0,2022,spring,,2022春季四国地区大会,QF,regional,徳島,高知,3,0,959.1101,1059.9261,0.334444,7.6,5.0582,964.1683,1054.8679,-9.3641,9.3641,16,historical
2022|spring||2022春季四国地区大会|QF|明徳義塾|6|松山聖陵|2,2022,spring,,2022春季四国地区大会,QF,regional,高知,愛媛,6,2,1054.8679,983.5107,0.64565,7.6,2.6931,1057.5609,980.8176,16.4344,-16.4344,13,historical
2022|spring||2022春季四国地区大会|QF|高松商|7|松山商|0,2022,spring,,2022春季四国地区大会,QF,regional,香川,愛媛,7,0,986.0053,980.8176,0.493672,7.6,3.8481,989.8534,976.9695,-4.7927,4.7927,11,historical
2022|spring||2022春季四国地区大会|SF|明徳義塾|4|英明|0,2022,spring,,2022春季四国地区大会,SF,regional,高知,香川,4,0,1057.5609,989.8534,0.570728,7.6,3.2625,1060.8234,986.5909,-9.1144,9.1144,16,historical
2022|spring||2022春季四国地区大会|SF|鳴門|7|高松商|0,2022,spring,,2022春季四国地区大会,SF,regional,徳島,香川,7,0,964.1683,986.5909,0.471258,7.6,4.0184,968.1868,982.5725,1.2141,-1.2141,8,historical
2022|spring||2022春季四国地区大会|F|鳴門|6|明徳義塾|5,2022,spring,,2022春季四国地区大会,F,regional,徳島,高知,6,5,968.1868,1060.8234,0.351256,7.6,4.9305,973.1172,1055.8929,-6.9717,6.9717,17,historical
2022|spring||2022春季九州地区大会|1R|神村学園|14|宮崎学園|1,2022,spring,,2022春季九州地区大会,1R,regional,鹿児島,宮崎,14,1,973.4425,958.1881,0.523721,7.6,3.6197,977.0622,954.5683,0.6205,-0.6205,3,historical
2022|spring||2022春季九州地区大会|1R|大分舞鶴|3|九州学院|0,2022,spring,,2022春季九州地区大会,1R,regional,大分,熊本,3,0,1029.1051,952.559,0.607437,7.6,2.9835,1032.0885,949.5756,-0.3546,0.3546,1,historical
2022|spring||2022春季九州地区大会|1R|九州国際大付|9|東明館|1,2022,spring,,2022春季九州地区大会,1R,regional,福岡,佐賀,9,1,1041.8445,942.8537,0.643201,7.6,2.7117,1044.5562,940.1421,1.6892,-1.6892,4,historical
2022|spring||2022春季九州地区大会|1R|長崎日大|2|沖縄水産|1,2022,spring,,2022春季九州地区大会,1R,regional,長崎,沖縄,2,1,1008.8363,1006.3861,0.50371,7.6,3.7718,1012.6081,1002.6143,0.064,-0.064,4,historical
2022|spring||2022春季九州地区大会|1R|明豊|7|小倉工|6,2022,spring,,2022春季九州地区大会,1R,regional,大分,福岡,7,6,1032.0885,1044.5562,0.458142,7.6,4.1181,1036.2067,1040.438,-8.3431,8.3431,16,historical
2022|spring||2022春季九州地区大会|1R|西日本短大付|5|有田工|2,2022,spring,,2022春季九州地区大会,1R,regional,福岡,佐賀,5,2,1040.438,940.1421,0.647666,7.6,2.6777,1043.1158,937.4643,2.7313,-2.7313,5,historical
2022|spring||2022春季九州地区大会|1R|小林西|8|大島|3,2022,spring,,2022春季九州地区大会,1R,regional,宮崎,東東京,8,3,954.5683,1042.2315,0.373671,7.6,4.7601,959.3284,1037.4714,-1.0312,1.0312,2,historical
2022|spring||2022春季九州地区大会|1R|波佐見|10|日章学園|5,2022,spring,,2022春季九州地区大会,1R,regional,長崎,宮崎,10,5,1012.6081,959.3284,0.586593,7.6,3.1419,1015.75,956.1865,3.7519,-3.7519,7,historical
2022|spring||2022春季九州地区大会|QF|小林西|2|明豊|1,2022,spring,,2022春季九州地区大会,QF,regional,宮崎,大分,2,1,956.1865,1036.2067,0.379101,7.6,4.7188,960.9054,1031.4878,-2.8432,2.8432,5,historical
2022|spring||2022春季九州地区大会|QF|西日本短大付|5|長崎日大|3,2022,spring,,2022春季九州地区大会,QF,regional,福岡,長崎,5,3,1043.1158,1015.75,0.544774,7.6,3.4597,1046.5755,1012.2902,1.9151,-1.9151,4,historical
2022|spring||2022春季九州地区大会|QF|神村学園|11|大分舞鶴|4,2022,spring,,2022春季九州地区大会,QF,regional,鹿児島,大分,11,4,977.0622,1031.4878,0.394932,7.6,4.5985,981.6607,1026.8893,-9.8434,9.8434,10,historical
2022|spring||2022春季九州地区大会|QF|九州国際大付|1|波佐見|0,2022,spring,,2022春季九州地区大会,QF,regional,福岡,長崎,1,0,1046.5755,1012.2902,0.558306,7.6,3.3569,1049.9324,1008.9334,3.2077,-3.2077,5,historical
2022|spring||2022春季九州地区大会|SF|西日本短大付|7|小林西|6,2022,spring,,2022春季九州地区大会,SF,regional,福岡,宮崎,7,6,1049.9324,960.9054,0.627485,7.6,2.8311,1052.7635,958.0743,0.7784,-0.7784,7,historical
2022|spring||2022春季九州地区大会|SF|神村学園|3|九州国際大付|2,2022,spring,,2022春季九州地区大会,SF,regional,鹿児島,福岡,3,2,981.6607,1052.7635,0.387722,7.6,4.6533,986.314,1048.1102,-4.1343,4.1343,7,historical
2022|spring||2022春季九州地区大会|F|神村学園|8|西日本短大付|4,2022,spring,,2022春季九州地区大会,F,regional,鹿児島,福岡,8,4,986.314,1048.1102,0.404528,7.6,4.5256,990.8396,1043.5846,-2.6846,2.6846,8,historical
2022|senbatsu||2022選抜|1R|浦和学院|4|大分舞鶴|0,2022,senbatsu,,2022選抜,1R,national,埼玉,大分,4,0,1026.0521,1026.8893,0.498795,9.12,4.571,1030.6231,1022.3183,0.0,-0.0,0,historical
2022|senbatsu||2022選抜|1R|和歌山東|8|倉敷工|2,2022,senbatsu,,2022選抜,1R,national,和歌山,岡山,8,2,1057.6289,1018.0062,0.556776,9.12,4.0422,1061.6711,1013.964,0.0,-0.0,0,historical
2022|senbatsu||2022選抜|1R|九州国際大付|3|クラーク国際|2,2022,senbatsu,,2022選抜,1R,national,福岡,北北海道,3,2,1043.5846,969.9525,0.60532,9.12,3.5995,1047.1841,966.353,0.332,-0.332,1,historical
2022|senbatsu||2022選抜|1R|広陵|9|敦賀気比|0,2022,senbatsu,,2022選抜,1R,national,広島,福井,9,0,1039.3089,1006.4205,0.547189,9.12,4.1296,1043.4385,1002.2909,0.0,-0.0,0,historical
2022|senbatsu||2022選抜|1R|近江|6|長崎日大|2,2022,senbatsu,,2022選抜,1R,national,滋賀,長崎,6,2,995.5555,1008.9334,0.482174,9.12,4.7226,1000.2781,1004.2108,0.4931,-0.4931,1,historical
2022|senbatsu||2022選抜|1R|聖光学院|9|二松学舎大付|3,2022,senbatsu,,2022選抜,1R,prefecture,福島,東東京,9,3,987.7716,1037.4714,0.42896,4.56,2.6039,990.3756,1034.8675,-0.0,0.0,0,historical
2022|senbatsu||2022選抜|1R|木更津総合|2|山梨学院|1,2022,senbatsu,,2022選抜,1R,national,千葉,山梨,2,1,999.6179,976.57,0.535093,9.12,4.2399,1003.8579,972.33,0.6887,-0.6887,5,historical
2022|senbatsu||2022選抜|1R|金光大阪|4|日大三島|0,2022,senbatsu,,2022選抜,1R,national,大阪,静岡,4,0,1127.2487,998.9493,0.677566,9.12,2.9406,1130.1893,996.0087,0.3525,-0.3525,1,historical
2022|senbatsu||2022選抜|1R|高知|4|東洋大姫路|2,2022,senbatsu,,2022選抜,1R,national,高知,兵庫,4,2,1055.8929,998.4639,0.581902,9.12,3.813,1059.706,994.6509,-0.0,0.0,0,historical
2022|senbatsu||2022選抜|1R|国学院久我山|4|有田工|2,2022,senbatsu,,2022選抜,1R,prefecture,西東京,佐賀,4,2,1021.7158,937.4643,0.618926,4.56,1.7377,1023.4535,935.7266,-0.0,0.0,0,historical
2022|senbatsu||2022選抜|1R|星稜|5|天理|4,2022,senbatsu,,2022選抜,1R,national,石川,奈良,5,4,1064.6522,1060.5632,0.505884,9.12,4.5063,1069.1586,1056.0569,-0.0,0.0,0,historical
2022|senbatsu||2022選抜|1R|大垣日大|6|只見|1,2022,senbatsu,,2022選抜,1R,national,岐阜,福島,6,1,975.4126,990.3756,0.47848,9.12,4.7563,980.1689,985.6193,0.0,-0.0,0,historical
2022|senbatsu||2022選抜|1R|市和歌山|5|花巻東|4,2022,senbatsu,,2022選抜,1R,national,和歌山,岩手,5,4,1061.6711,1001.1955,0.586163,9.12,3.7742,1065.4453,997.4213,0.0,-0.0,0,historical
2022|senbatsu||2022選抜|1R|明秀日立|8|大島|0,2022,senbatsu,,2022選抜,1R,national,茨城,東東京,8,0,967.1097,1034.8675,0.40327,9.12,5.4422,972.5519,1029.4253,-0.1573,0.1573,1,historical
2022|senbatsu||2022選抜|1R|広島商|22|丹生|7,2022,senbatsu,,2022選抜,1R,national,広島,福井,22,7,1043.4385,1002.2909,0.559917,9.12,4.0136,1047.4521,998.2773,0.3441,-0.3441,1,historical
2022|senbatsu||2022選抜|1R|大阪桐蔭|3|鳴門|1,2022,senbatsu,,2022選抜,1R,national,大阪,徳島,3,1,1130.1893,973.1172,0.711808,9.12,2.6283,1132.8176,970.4889,0.0,-0.0,0,historical
2022|senbatsu||2022選抜|2R|浦和学院|7|和歌山東|0,2022,senbatsu,,2022選抜,2R,national,埼玉,和歌山,7,0,1030.6231,1065.4453,0.450054,9.12,5.0155,1035.6386,1060.4298,-0.0,0.0,0,historical
2022|senbatsu||2022選抜|2R|九州国際大付|4|広陵|1,2022,senbatsu,,2022選抜,2R,national,福岡,広島,4,1,1047.1841,1047.4521,0.499614,9.12,4.5635,1051.7476,1042.8886,-0.0,0.0,0,historical
2022|senbatsu||2022選抜|2R|近江|7|聖光学院|2,2022,senbatsu,,2022選抜,2R,national,滋賀,福島,7,2,1000.2781,985.6193,0.522532,9.12,4.3545,1004.6326,981.2648,0.5044,-0.5044,1,historical
2022|senbatsu||2022選抜|2R|金光大阪|4|木更津総合|3,2022,senbatsu,,2022選抜,2R,national,大阪,千葉,4,3,1132.8176,1003.8579,0.67751,9.12,2.9411,1135.7587,1000.9168,-0.0,0.0,0,historical
2022|senbatsu||2022選抜|2R|国学院久我山|6|高知|3,2022,senbatsu,,2022選抜,2R,prefecture,西東京,高知,6,3,1023.4535,1059.706,0.44857,4.56,2.5145,1025.968,1057.1915,0.1942,-0.1942,1,historical
2022|senbatsu||2022選抜|2R|星稜|6|大垣日大|2,2022,senbatsu,,2022選抜,2R,national,石川,岐阜,6,2,1069.1586,980.1689,0.626371,9.12,3.4075,1072.5661,976.7614,0.3832,-0.3832,1,historical
2022|senbatsu||2022選抜|2R|市和歌山|2|明秀日立|1,2022,senbatsu,,2022選抜,2R,national,和歌山,茨城,2,1,1060.4298,972.5519,0.623837,9.12,3.4306,1063.8604,969.1213,0.0,-0.0,0,historical
2022|senbatsu||2022選抜|QF|浦和学院|6|九州国際大付|3,2022,senbatsu,,2022選抜,QF,national,埼玉,福岡,6,3,1035.6386,1051.7476,0.476834,9.12,4.7713,1040.4099,1046.9763,0.0,-0.0,0,historical
2022|senbatsu||2022選抜|QF|近江|6|金光大阪|1,2022,senbatsu,,2022選抜,QF,national,滋賀,大阪,6,1,1004.6326,1135.7587,0.308796,9.12,6.3038,1010.9364,1129.4549,-4.4238,4.4238,8,historical
2022|senbatsu||2022選抜|QF|国学院久我山|4|星稜|2,2022,senbatsu,,2022選抜,QF,prefecture,西東京,石川,4,2,1025.968,1072.5661,0.432792,4.56,2.5865,1028.5545,1069.9796,-0.1937,0.1937,1,historical
2022|senbatsu||2022選抜|QF|大阪桐蔭|17|市和歌山|0,2022,senbatsu,,2022選抜,QF,national,大阪,和歌山,17,0,1129.4549,1063.8604,0.589107,9.12,3.7473,1133.2022,1060.113,-1.5041,1.5041,16,historical
2022|senbatsu||2022選抜|SF|近江|5|浦和学院|2,2022,senbatsu,,2022選抜,SF,national,滋賀,埼玉,5,2,1010.9364,1040.4099,0.457686,9.12,4.9459,1015.8823,1035.4639,-0.0,0.0,0,historical
2022|senbatsu||2022選抜|SF|大阪桐蔭|13|国学院久我山|4,2022,senbatsu,,2022選抜,SF,prefecture,大阪,西東京,13,4,1133.2022,1028.5545,0.647916,4.56,1.6055,1134.8077,1026.949,0.6506,-0.6506,2,historical
2022|senbatsu||2022選抜|F|大阪桐蔭|18|近江|1,2022,senbatsu,,2022選抜,F,national,大阪,滋賀,18,1,1134.8077,1015.8823,0.670335,9.12,3.0065,1137.8143,1012.8757,2.1811,-2.1811,9,historical
2022|koshien||2022選手権|1R|国学院栃木|10|日大三島|3,2022,koshien,,2022選手権,1R,national,栃木,静岡,10,3,954.206,996.0087,0.44013,11.96,6.696,960.9021,989.3127,0.0,-0.0,0,historical
2022|koshien||2022選手権|1R|明豊|7|樹徳|3,2022,koshien,,2022選手権,1R,national,大分,群馬,7,3,1022.3183,1019.3789,0.503063,11.96,5.9434,1028.2617,1013.4355,-0.4055,0.4055,1,historical
2022|koshien||2022選手権|1R|一関学院|6|京都国際|5,2022,koshien,,2022選手権,1R,national,岩手,京,6,5,997.4213,1012.3994,0.47738,11.96,6.2505,1003.6718,1006.1488,-0.3752,0.3752,1,historical
2022|koshien||2022選手権|1R|八戸学院光星|7|創志学園|3,2022,koshien,,2022選手権,1R,national,青森,岡山,7,3,1017.7842,1013.964,0.505497,11.96,5.9143,1023.6985,1008.0498,-0.0,0.0,0,historical
2022|koshien||2022選手権|1R|愛工大名電|14|星稜|2,2022,koshien,,2022選手権,1R,national,愛知,石川,14,2,1019.2865,1069.9796,0.42756,11.96,6.8464,1026.1329,1063.1332,0.0,-0.0,0,historical
2022|koshien||2022選手権|1R|鶴岡東|12|盈進|7,2022,koshien,,2022選手権,1R,national,山形,広島,12,7,989.5456,1042.8886,0.423831,11.96,6.891,996.4366,1035.9976,0.0,-0.0,0,historical
2022|koshien||2022選手権|1R|近江|8|鳴門|2,2022,koshien,,2022選手権,1R,national,滋賀,徳島,8,2,1012.8757,970.4889,0.560699,11.96,5.254,1018.1298,965.2349,-0.0,0.0,0,historical
2022|koshien||2022選手権|1R|海星|11|日本文理|0,2022,koshien,,2022選手権,1R,national,長崎,新潟,11,0,1004.2108,960.8589,0.562067,11.96,5.2377,1009.4485,955.6212,-0.0,0.0,0,historical
2022|koshien||2022選手権|1R|天理|2|山梨学院|1,2022,koshien,,2022選手権,1R,national,奈良,山梨,2,1,1056.0569,972.33,0.619234,11.96,4.554,1060.6109,967.7761,0.3759,-0.3759,1,historical
2022|koshien||2022選手権|1R|敦賀気比|13|高岡商|3,2022,koshien,,2022選手権,1R,national,福井,富山,13,3,998.2773,940.4274,0.60784,11.96,4.6902,1002.9676,935.7372,9.1401,-9.1401,12,historical
2022|koshien||2022選手権|1R|市船橋|6|興南|5,2022,koshien,,2022選手権,1R,national,千葉,沖縄,6,5,1000.9168,1002.6143,0.502841,11.96,5.946,1006.8628,996.6683,1.8359,-1.8359,2,historical
2022|koshien||2022選手権|1R|横浜|4|三重|2,2022,koshien,,2022選手権,1R,national,神奈川,三重,4,2,1030.312,981.4078,0.569918,11.96,5.1438,1035.4557,976.264,-0.0,0.0,0,historical
2022|koshien||2022選手権|1R|聖光学院|4|日大三|2,2022,koshien,,2022選手権,1R,prefecture,福島,西東京,4,2,981.2648,1026.949,0.434632,5.52,3.1208,984.3856,1023.8281,0.0,-0.0,0,historical
2022|koshien||2022選手権|1R|二松学舎大付|3|札幌大谷|2,2022,koshien,,2022選手権,1R,prefecture,東東京,南北海道,3,2,1029.4253,1006.8355,0.532464,5.52,2.5808,1032.0061,1004.2547,-0.0,0.0,0,historical
2022|koshien||2022選手権|1R|社|10|県岐阜商|1,2022,koshien,,2022選手権,1R,national,兵庫,岐阜,10,1,994.6509,976.7614,0.526825,11.96,5.6592,1000.31,971.1022,0.3843,-0.3843,1,historical
2022|koshien||2022選手権|1R|大阪桐蔭|6|旭川大高|3,2022,koshien,,2022選手権,1R,prefecture,大阪,北北海道,6,3,1137.8143,966.353,0.728497,5.52,1.4987,1139.313,964.8543,-0.0,0.0,0,historical
2022|koshien||2022選手権|1R|聖望学園|8|能代松陽|2,2022,koshien,,2022選手権,1R,national,埼玉,秋田,8,2,1035.4639,964.9226,0.600145,11.96,4.7823,1040.2462,960.1403,0.0,-0.0,0,historical
2022|koshien||2022選手権|2R|明秀日立|2|鹿児島実|1,2022,koshien,,2022選手権,2R,national,茨城,鹿児島,2,1,969.1213,990.8396,0.468785,11.96,6.3533,975.4746,984.4863,0.0,-0.0,0,historical
2022|koshien||2022選手権|2R|仙台育英|10|鳥取商|0,2022,koshien,,2022選手権,2R,national,宮城,鳥取,10,0,1048.2372,958.1634,0.626799,11.96,4.4635,1052.7007,953.6999,0.0,-0.0,0,historical
2022|koshien||2022選手権|2R|高松商|14|佐久長聖|4,2022,koshien,,2022選手権,2R,national,香川,長野,14,4,982.5725,988.9411,0.490836,11.96,6.0896,988.6621,982.8515,-0.0,0.0,0,historical
2022|koshien||2022選手権|2R|九州国際大付|2|明徳義塾|1,2022,koshien,,2022選手権,2R,national,福岡,高知,2,1,1046.9763,1057.1915,0.485303,11.96,6.1558,1053.1321,1051.0357,0.0,-0.0,0,historical
2022|koshien||2022選手権|2R|下関国際|5|富島|0,2022,koshien,,2022選手権,2R,national,山口,宮崎,5,0,984.5216,958.0743,0.537987,11.96,5.5257,990.0473,952.5486,-0.0,0.0,0,historical
2022|koshien||2022選手権|2R|明豊|7|一関学院|5,2022,koshien,,2022選手権,2R,national,大分,岩手,7,5,1028.2617,1003.6718,0.535329,11.96,5.5575,1033.8192,998.1143,0.0,-0.0,0,historical
2022|koshien||2022選手権|2R|愛工大名電|6|八戸学院光星|5,2022,koshien,,2022選手権,2R,national,愛知,青森,6,5,1026.1329,1023.6985,0.49906,11.96,5.9912,1032.1241,1017.7072,-1.5439,1.5439,2,historical
2022|koshien||2022選手権|2R|近江|8|鶴岡東|3,2022,koshien,,2022選手権,2R,national,滋賀,山形,8,3,1018.1298,996.4366,0.531178,11.96,5.6071,1023.7369,990.8295,-0.0,0.0,0,historical
2022|koshien||2022選手権|2R|海星|4|天理|2,2022,koshien,,2022選手権,2R,national,長崎,奈良,4,2,1009.4485,1060.6109,0.427935,11.96,6.8419,1016.2904,1053.769,0.3677,-0.3677,1,historical
2022|koshien||2022選手権|2R|浜田|5|有田工|3,2022,koshien,,2022選手権,2R,national,島根,佐賀,5,3,938.3908,935.7266,0.503834,11.96,5.9341,944.325,929.7925,-0.0,0.0,0,historical
2022|koshien||2022選手権|2R|九州学院|14|帝京五|4,2022,koshien,,2022選手権,2R,national,熊本,愛媛,14,4,949.5756,976.9695,0.460658,11.96,6.4505,956.0261,970.519,-0.0,0.0,0,historical
2022|koshien||2022選手権|2R|国学院栃木|5|智弁和歌山|3,2022,koshien,,2022選手権,2R,national,栃木,和歌山,5,3,960.9021,1060.113,0.360019,11.96,7.6542,968.5563,1052.4589,-0.3629,0.3629,1,historical
2022|koshien||2022選手権|2R|敦賀気比|8|市船橋|6,2022,koshien,,2022選手権,2R,national,福井,千葉,8,6,1002.9676,1006.8628,0.493011,11.96,6.0636,1009.0312,1000.7992,-0.4809,0.4809,1,historical
2022|koshien||2022選手権|2R|聖光学院|3|横浜|2,2022,koshien,,2022選手権,2R,national,福島,神奈川,3,2,984.3856,1035.4557,0.425879,11.96,6.8665,991.2521,1028.5893,-0.4084,0.4084,1,historical
2022|koshien||2022選手権|2R|二松学舎大付|7|社|5,2022,koshien,,2022選手権,2R,prefecture,東東京,兵庫,7,5,1032.0061,1000.31,0.545488,5.52,2.5089,1034.515,997.8011,-0.0,0.0,0,historical
2022|koshien||2022選手権|2R|大阪桐蔭|19|聖望学園|0,2022,koshien,,2022選手権,2R,national,大阪,埼玉,19,0,1139.313,1040.2462,0.639948,11.96,4.3062,1143.6192,1035.94,0.4226,-0.4226,1,historical
2022|koshien||2022選手権|3R|仙台育英|5|明秀日立|4,2022,koshien,,2022選手権,3R,national,宮城,茨城,5,4,1052.7007,975.4746,0.609343,11.96,4.6723,1057.373,970.8023,0.0,-0.0,0,historical
2022|koshien||2022選手権|3R|高松商|2|九州国際大付|1,2022,koshien,,2022選手権,3R,national,香川,福岡,2,1,988.6621,1053.1321,0.408271,11.96,7.0771,995.7392,1046.055,-0.0,0.0,0,historical
2022|koshien||2022選手権|3R|愛工大名電|5|明豊|2,2022,koshien,,2022選手権,3R,national,愛知,大分,5,2,1032.1241,1033.8192,0.496448,11.96,6.0225,1038.1466,1027.7967,-0.3866,0.3866,1,historical
2022|koshien||2022選手権|3R|近江|7|海星|1,2022,koshien,,2022選手権,3R,national,滋賀,長崎,7,1,1023.7369,1016.2904,0.515305,11.96,5.797,1029.5338,1010.4934,1.5959,-1.5959,2,historical
2022|koshien||2022選手権|3R|下関国際|9|浜田|3,2022,koshien,,2022選手権,3R,national,山口,島根,9,3,990.0473,944.325,0.5734,11.96,5.1021,995.1494,939.2228,2.8263,-2.8263,11,historical
2022|koshien||2022選手権|3R|九州学院|4|国学院栃木|0,2022,koshien,,2022選手権,3R,national,熊本,栃木,4,0,956.0261,968.5563,0.483088,11.96,6.1823,962.2084,962.374,0.387,-0.387,1,historical
2022|koshien||2022選手権|3R|聖光学院|8|敦賀気比|1,2022,koshien,,2022選手権,3R,national,福島,福井,8,1,991.2521,1009.0312,0.474436,11.96,6.2857,997.5379,1002.7454,-0.0,0.0,0,historical
2022|koshien||2022選手権|3R|大阪桐蔭|4|二松学舎大付|0,2022,koshien,,2022選手権,3R,prefecture,大阪,東東京,4,0,1143.6192,1034.515,0.652522,5.52,1.9181,1145.5373,1032.5969,0.1815,-0.1815,1,historical
2022|koshien||2022選手権|QF|仙台育英|6|愛工大名電|2,2022,koshien,,2022選手権,QF,national,宮城,愛知,6,2,1057.373,1038.1466,0.529022,11.96,5.6329,1063.0059,1032.5137,0.4813,-0.4813,1,historical
2022|koshien||2022選手権|QF|近江|7|高松商|6,2022,koshien,,2022選手権,QF,national,滋賀,香川,7,6,1029.5338,995.7392,0.548482,11.96,5.4002,1034.934,990.339,0.0,-0.0,0,historical
2022|koshien||2022選手権|QF|下関国際|5|大阪桐蔭|4,2022,koshien,,2022選手権,QF,national,山口,大阪,5,4,995.1494,1145.5373,0.295283,11.96,8.4284,1003.5778,1137.1089,-0.3612,0.3612,1,historical
2022|koshien||2022選手権|QF|聖光学院|10|九州学院|5,2022,koshien,,2022選手権,QF,national,福島,熊本,10,5,997.5379,962.2084,0.550669,11.96,5.374,1002.9119,956.8344,-0.0,0.0,0,historical
2022|koshien||2022選手権|SF|仙台育英|18|聖光学院|4,2022,koshien,,2022選手権,SF,national,宮城,福島,18,4,1063.0059,1002.9119,0.590757,11.96,4.8945,1067.9004,998.0173,1.8386,-1.8386,12,historical
2022|koshien||2022選手権|SF|下関国際|8|近江|2,2022,koshien,,2022選手権,SF,national,山口,滋賀,8,2,1003.5778,1034.934,0.454997,11.96,6.5182,1010.0961,1028.4157,0.0,-0.0,0,historical
2022|koshien||2022選手権|F|仙台育英|8|下関国際|1,2022,koshien,,2022選手権,F,national,宮城,山口,8,1,1067.9004,1010.0961,0.582428,11.96,4.9942,1072.8946,1005.1019,0.0,-0.0,0,historical
2022|autumn||2022秋季北海道地区大会|1R|北海|7|帯広農|0,2022,autumn,,2022秋季北海道地区大会,1R,regional,南北海道,北北海道,7,0,1004.2547,964.8543,0.581979,8.0,3.3442,1007.5988,961.5101,9.0416,-9.0416,88,historical
2022|autumn||2022秋季北海道地区大会|1R|旭川龍谷|7|釧路工|6,2022,autumn,,2022秋季北海道地区大会,1R,regional,北北海道,北海道,7,6,961.5101,992.3268,0.454906,8.0,4.3608,965.8709,987.9661,-0.3015,0.3015,1,historical
2022|autumn||2022秋季北海道地区大会|2R|立命館慶祥|8|稚内大谷|7,2022,autumn,,2022秋季北海道地区大会,2R,regional,南北海道,北北海道,8,7,1007.5988,965.8709,0.591675,8.0,3.2666,1010.8654,962.6043,11.3514,-11.3514,89,historical
2022|autumn||2022秋季北海道地区大会|2R|北海|4|滝川|2,2022,autumn,,2022秋季北海道地区大会,2R,regional,南北海道,北北海道,4,2,1010.8654,962.6043,0.606954,8.0,3.1444,1014.0098,959.4599,13.6117,-13.6117,90,historical
2022|autumn||2022秋季北海道地区大会|2R|北照|6|北見柏陽|0,2022,autumn,,2022秋季北海道地区大会,2R,regional,南北海道,北北海道,6,0,1014.0098,959.4599,0.621477,8.0,3.0282,1017.038,956.4317,15.7917,-15.7917,91,historical
2022|autumn||2022秋季北海道地区大会|2R|白樺学園|3|東海大札幌|2,2022,autumn,,2022秋季北海道地区大会,2R,regional,北北海道,南北海道,3,2,956.4317,1017.038,0.364728,8.0,5.0822,961.5139,1011.9558,-17.895,17.895,92,historical
2022|autumn||2022秋季北海道地区大会|2R|札幌龍谷|4|旭川龍谷|0,2022,autumn,,2022秋季北海道地区大会,2R,regional,南北海道,北北海道,4,0,1011.9558,961.5139,0.612103,8.0,3.1032,1015.059,958.4107,14.4007,-14.4007,93,historical
2022|autumn||2022秋季北海道地区大会|QF|クラーク国際|3|北照|2,2022,autumn,,2022秋季北海道地区大会,QF,regional,北北海道,南北海道,3,2,958.4107,1015.059,0.373619,8.0,5.011,963.4218,1010.0479,-16.5577,16.5577,94,historical
2022|autumn||2022秋季北海道地区大会|QF|立命館慶祥|7|白樺学園|3,2022,autumn,,2022秋季北海道地区大会,QF,regional,南北海道,北北海道,7,3,1010.0479,963.4218,0.603311,8.0,3.1735,1013.2215,960.2482,13.105,-13.105,95,historical
2022|autumn||2022秋季北海道地区大会|SF|クラーク国際|7|立命館慶祥|0,2022,autumn,,2022秋季北海道地区大会,SF,regional,北北海道,南北海道,7,0,960.2482,1013.2215,0.381961,8.0,4.9443,965.1925,1008.2771,-15.3126,15.3126,96,historical
2022|autumn||2022秋季北海道地区大会|F|クラーク国際|3|北海|1,2022,autumn,,2022秋季北海道地区大会,F,regional,北北海道,南北海道,3,1,965.1925,1008.2771,0.40492,8.0,4.7606,969.9532,1003.5165,-11.8991,11.8991,97,historical
2022|autumn||2022秋季東北地区大会|1R|東北文教大山形城北|7|田村|2,2022,autumn,,2022秋季東北地区大会,1R,regional,山形,福島,7,2,990.8295,998.0173,0.491592,8.0,4.0673,994.8968,993.9501,0.6723,-0.6723,8,historical
2022|autumn||2022秋季東北地区大会|1R|八戸工大一|7|明桜|6,2022,autumn,,2022秋季東北地区大会,1R,regional,青森,秋田,7,6,1017.7072,960.1403,0.591927,8.0,3.2646,1020.9718,956.8757,3.5227,-3.5227,9,historical
2022|autumn||2022秋季東北地区大会|2R|由利|9|弘前東|5,2022,autumn,,2022秋季東北地区大会,2R,regional,秋田,青森,9,5,956.8757,1020.9718,0.394798,8.0,4.8416,961.7173,1016.1302,-5.0569,5.0569,10,historical
2022|autumn||2022秋季東北地区大会|2R|聖光学院|9|利府|6,2022,autumn,,2022秋季東北地区大会,2R,regional,福島,宮城,9,6,993.9501,1072.8946,0.376967,8.0,4.9843,998.9343,1067.9103,-4.1695,4.1695,13,historical
2022|autumn||2022秋季東北地区大会|2R|学法石川|7|盛岡大付|5,2022,autumn,,2022秋季東北地区大会,2R,regional,福島,岩手,7,5,998.9343,998.1143,0.501816,8.0,3.9855,1002.9198,994.1289,0.221,-0.221,10,historical
2022|autumn||2022秋季東北地区大会|2R|能代松陽|11|東北文教大山形城北|3,2022,autumn,,2022秋季東北地区大会,2R,regional,秋田,山形,11,3,961.7173,994.8968,0.445428,8.0,4.4366,966.1539,990.4602,-2.4463,2.4463,6,historical
2022|autumn||2022秋季東北地区大会|2R|仙台育英|2|青森山田|1,2022,autumn,,2022秋季東北地区大会,2R,regional,宮城,青森,2,1,1067.9103,1016.1302,0.5824,8.0,3.3408,1071.2511,1012.7894,3.002,-3.002,16,historical
2022|autumn||2022秋季東北地区大会|2R|鶴岡東|8|花巻東|3,2022,autumn,,2022秋季東北地区大会,2R,regional,山形,岩手,8,3,990.4602,994.1289,0.486417,8.0,4.1087,994.5689,990.0202,-2.8861,2.8861,10,historical
2022|autumn||2022秋季東北地区大会|2R|東北|3|八戸工大一|2,2022,autumn,,2022秋季東北地区大会,2R,regional,宮城,青森,3,2,1071.2511,1012.7894,0.59662,8.0,3.227,1074.4782,1009.5623,4.7659,-4.7659,17,historical
2022|autumn||2022秋季東北地区大会|2R|山形中央|2|専大北上|1,2022,autumn,,2022秋季東北地区大会,2R,regional,山形,岩手,2,1,994.5689,990.0202,0.503024,8.0,3.9758,998.5447,986.0444,-1.2236,1.2236,11,historical
2022|autumn||2022秋季東北地区大会|QF|能代松陽|6|学法石川|5,2022,autumn,,2022秋季東北地区大会,QF,regional,秋田,福島,6,5,966.1539,1002.9198,0.436122,8.0,4.511,970.6649,998.4088,-3.9325,3.9325,7,historical
2022|autumn||2022秋季東北地区大会|QF|仙台育英|3|鶴岡東|0,2022,autumn,,2022秋季東北地区大会,QF,regional,宮城,山形,3,0,1074.4782,998.5447,0.610742,8.0,3.1141,1077.5922,995.4306,1.1574,-1.1574,10,historical
2022|autumn||2022秋季東北地区大会|QF|聖光学院|3|由利|2,2022,autumn,,2022秋季東北地区大会,QF,regional,福島,秋田,3,2,998.4088,970.6649,0.547045,8.0,3.6236,1002.0324,967.0413,2.5217,-2.5217,8,historical
2022|autumn||2022秋季東北地区大会|QF|東北|4|山形中央|2,2022,autumn,,2022秋季東北地区大会,QF,regional,宮城,山形,4,2,1077.5922,995.4306,0.623027,8.0,3.0158,1080.608,992.4148,2.5583,-2.5583,11,historical
2022|autumn||2022秋季東北地区大会|SF|東北|6|聖光学院|2,2022,autumn,,2022秋季東北地区大会,SF,regional,宮城,福島,6,2,1080.608,1002.0324,0.616395,8.0,3.0688,1083.6769,998.9636,1.9072,-1.9072,14,historical
2022|autumn||2022秋季東北地区大会|SF|仙台育英|2|能代松陽|1,2022,autumn,,2022秋季東北地区大会,SF,regional,宮城,秋田,2,1,1083.6769,967.0413,0.67711,8.0,2.5831,1086.26,964.4582,6.0032,-6.0032,9,historical
2022|autumn||2022秋季関東地区大会|1R|健大高崎|4|青藍泰斗|2,2022,autumn,,2022秋季関東地区大会,1R,regional,群馬,栃木,4,2,1013.4355,962.374,0.580585,8.0,3.3553,1016.7908,959.0187,2.7138,-2.7138,5,historical
2022|autumn||2022秋季関東地区大会|1R|慶応|5|常磐大高|3,2022,autumn,,2022秋季関東地区大会,1R,regional,神奈川,茨城,5,3,1028.5893,970.8023,0.591949,8.0,3.2644,1031.8537,967.5379,3.4206,-3.4206,7,historical
2022|autumn||2022秋季関東地区大会|1R|横浜|2|浦和学院|0,2022,autumn,,2022秋季関東地区大会,1R,regional,神奈川,埼玉,2,0,1031.8537,1035.94,0.511809,8.0,3.9055,1035.7592,1032.0345,6.1469,-6.1469,13,historical
2022|autumn||2022秋季関東地区大会|1R|専大松戸|7|明和県央|0,2022,autumn,,2022秋季関東地区大会,1R,regional,千葉,群馬,7,0,1000.7992,1016.7908,0.481215,8.0,4.1503,1004.9495,1012.6405,1.4661,-1.4661,5,historical
2022|autumn||2022秋季関東地区大会|1R|山村学園|6|土浦日大|4,2022,autumn,,2022秋季関東地区大会,1R,regional,埼玉,茨城,6,4,1032.0345,967.5379,0.595798,8.0,3.2336,1035.2681,964.3043,1.4518,-1.4518,4,historical
2022|autumn||2022秋季関東地区大会|1R|作新学院|10|駿台甲府|0,2022,autumn,,2022秋季関東地区大会,1R,regional,栃木,山梨,10,0,959.0187,967.7761,0.483866,8.0,4.1291,963.1477,963.647,-1.2286,1.2286,2,historical
2022|autumn||2022秋季関東地区大会|1R|山梨学院|3|成田|0,2022,autumn,,2022秋季関東地区大会,1R,regional,山梨,千葉,3,0,963.647,1004.9495,0.434803,8.0,4.5216,968.1686,1000.4279,-2.1303,2.1303,6,historical
2022|autumn||2022秋季関東地区大会|QF|専大松戸|4|作新学院|3,2022,autumn,,2022秋季関東地区大会,QF,regional,千葉,栃木,4,3,1000.4279,963.1477,0.558117,8.0,3.5351,1003.963,959.6127,1.6437,-1.6437,4,historical
2022|autumn||2022秋季関東地区大会|QF|健大高崎|5|横浜|2,2022,autumn,,2022秋季関東地区大会,QF,regional,群馬,神奈川,5,2,1012.6405,1035.7592,0.472012,8.0,4.2239,1016.8644,1031.5353,1.825,-1.825,7,historical
2022|autumn||2022秋季関東地区大会|QF|山梨学院|9|山村学園|1,2022,autumn,,2022秋季関東地区大会,QF,regional,山梨,埼玉,9,1,968.1686,1035.2681,0.40904,8.0,4.7277,972.8963,1030.5404,1.5912,-1.5912,7,historical
2022|autumn||2022秋季関東地区大会|QF|慶応|7|昌平|3,2022,autumn,,2022秋季関東地区大会,QF,regional,神奈川,埼玉,7,3,1031.5353,1030.5404,0.524963,8.0,3.8003,1035.3356,1026.7401,8.1828,-8.1828,14,historical
2022|autumn||2022秋季関東地区大会|SF|山梨学院|5|健大高崎|2,2022,autumn,,2022秋季関東地区大会,SF,regional,山梨,群馬,5,2,972.8963,1016.8644,0.42617,8.0,4.5906,977.4869,1012.2738,-3.856,3.856,9,historical
2022|autumn||2022秋季関東地区大会|SF|専大松戸|5|慶応|3,2022,autumn,,2022秋季関東地区大会,SF,regional,千葉,神奈川,5,3,1003.963,1035.3356,0.463701,8.0,4.2904,1008.2534,1031.0452,3.0525,-3.0525,11,historical
2022|autumn||2022秋季関東地区大会|F|山梨学院|9|専大松戸|3,2022,autumn,,2022秋季関東地区大会,F,regional,山梨,千葉,9,3,977.4869,1008.2534,0.453735,8.0,4.3701,981.857,1003.8832,-0.7371,0.7371,7,historical
2022|autumn||2022秋季東京地区大会|1R|二松学舎大付|11|東大和南|0,2022,autumn,,2022秋季東京地区大会,1R,prefecture,東東京,西東京,11,0,1032.5969,1023.8281,0.470532,4.8,2.5414,1035.1384,1021.2867,-14.6346,14.6346,154,historical
2022|autumn||2022秋季東京地区大会|1R|帝京|10|豊多摩|2,2022,autumn,,2022秋季東京地区大会,1R,prefecture,東東京,西東京,10,2,1035.1384,1021.2867,0.483022,4.8,2.4815,1037.6199,1018.8052,-12.8268,12.8268,155,historical
2022|autumn||2022秋季東京地区大会|1R|関東一|10|立川|0,2022,autumn,,2022秋季東京地区大会,1R,prefecture,東東京,西東京,10,0,1037.6199,1018.8052,0.495242,4.8,2.4228,1040.0427,1016.3823,-11.0605,11.0605,156,historical
2022|autumn||2022秋季東京地区大会|1R|実践学園|20|東村山西|1,2022,autumn,,2022秋季東京地区大会,1R,prefecture,東東京,西東京,20,1,1040.0427,1016.3823,0.507182,4.8,2.3655,1042.4083,1014.0168,-9.3349,9.3349,157,historical
2022|autumn||2022秋季東京地区大会|1R|片倉|8|青山|7,2022,autumn,,2022秋季東京地区大会,1R,prefecture,西東京,東東京,8,7,1014.0168,1042.4083,0.481166,4.8,2.4904,1016.5072,1039.9179,7.6491,-7.6491,158,historical
2022|autumn||2022秋季東京地区大会|1R|目黒|6|明法|3,2022,autumn,,2022秋季東京地区大会,1R,prefecture,東東京,西東京,6,3,1039.9179,1016.5072,0.506549,4.8,2.3686,1042.2864,1014.1387,-9.4298,9.4298,159,historical
2022|autumn||2022秋季東京地区大会|1R|日体大荏原|4|小川|3,2022,autumn,,2022秋季東京地区大会,1R,prefecture,東東京,西東京,4,3,1042.2864,1014.1387,0.51822,4.8,2.3125,1044.599,1011.8261,-7.7408,7.7408,160,historical
2022|autumn||2022秋季東京地区大会|1R|岩倉|8|日大鶴ヶ丘|1,2022,autumn,,2022秋季東京地区大会,1R,prefecture,東東京,西東京,8,1,1044.599,1011.8261,0.529599,4.8,2.2579,1046.8569,1009.5682,-6.0907,6.0907,161,historical
2022|autumn||2022秋季東京地区大会|1R|東海大菅生|7|日大豊山|5,2022,autumn,,2022秋季東京地区大会,1R,prefecture,西東京,東東京,7,5,1009.5682,1046.8569,0.459318,4.8,2.5953,1012.1635,1044.2616,4.4788,-4.4788,162,historical
2022|autumn||2022秋季東京地区大会|1R|足立新田|9|三鷹|5,2022,autumn,,2022秋季東京地区大会,1R,prefecture,東東京,東京,9,5,1044.2616,955.8603,0.687416,4.8,1.5004,1045.762,954.3599,24.2501,-24.2501,24,historical
2022|autumn||2022秋季東京地区大会|1R|桜美林|5|駒込学園|1,2022,autumn,,2022秋季東京地区大会,1R,prefecture,西東京,東京,5,1,1012.1635,954.3599,0.583016,4.8,2.0015,1014.165,952.3584,0.2104,-0.2104,3,historical
2022|autumn||2022秋季東京地区大会|1R|立正大立正|4|町田|3,2022,autumn,,2022秋季東京地区大会,1R,prefecture,東東京,西東京,4,3,1045.762,1014.165,0.52721,4.8,2.2694,1048.0314,1011.8956,-6.3354,6.3354,163,historical
2022|autumn||2022秋季東京地区大会|1R|国士舘|4|駿台学園|2,2022,autumn,,2022秋季東京地区大会,1R,prefecture,西東京,東東京,4,2,1011.8956,1048.0314,0.461641,4.8,2.5841,1014.4797,1045.4473,4.7144,-4.7144,164,historical
2022|autumn||2022秋季東京地区大会|1R|明治|3|聖パウロ学園|0,2022,autumn,,2022秋季東京地区大会,1R,prefecture,東京,西東京,3,0,952.3584,1014.4797,0.409431,4.8,2.8347,955.1931,1011.645,-0.7575,0.7575,4,historical
2022|autumn||2022秋季東京地区大会|1R|日大三|11|豊島学院|1,2022,autumn,,2022秋季東京地区大会,1R,prefecture,西東京,東東京,11,1,1011.645,1045.4473,0.470283,4.8,2.5426,1014.1876,1042.9046,6.5642,-6.5642,165,historical
2022|autumn||2022秋季東京地区大会|1R|明大中野八王子|14|拓大一|2,2022,autumn,,2022秋季東京地区大会,1R,prefecture,東東京,西東京,14,2,1042.9046,1014.1876,0.517185,4.8,2.3175,1045.2222,1011.8701,-8.3853,8.3853,166,historical
2022|autumn||2022秋季東京地区大会|2R|岩倉|3|八王子|2,2022,autumn,,2022秋季東京地区大会,2R,prefecture,東東京,西東京,3,2,1045.2222,1011.8701,0.528599,4.8,2.2627,1047.4849,1009.6074,-6.7289,6.7289,167,historical
2022|autumn||2022秋季東京地区大会|2R|日大三|10|明大中野八王子|3,2022,autumn,,2022秋季東京地区大会,2R,prefecture,西東京,東東京,10,3,1009.6074,1047.4849,0.460284,4.8,2.5906,1012.198,1044.8942,5.1109,-5.1109,168,historical
2022|autumn||2022秋季東京地区大会|2R|佼成学園|9|大森学園|1,2022,autumn,,2022秋季東京地区大会,2R,prefecture,西東京,東東京,9,1,1012.198,1044.8942,0.473026,4.8,2.5295,1014.7275,1042.3648,6.9674,-6.9674,169,historical
2022|autumn||2022秋季東京地区大会|2R|帝京|7|片倉|0,2022,autumn,,2022秋季東京地区大会,2R,prefecture,東東京,西東京,7,0,1042.3648,1014.7275,0.514495,4.8,2.3304,1044.6952,1012.3971,-8.7811,8.7811,170,historical
2022|autumn||2022秋季東京地区大会|2R|日本ウェルネス|6|早稲田実|4,2022,autumn,,2022秋季東京地区大会,2R,prefecture,東東京,西東京,6,4,1044.6952,1012.3971,0.525982,4.8,2.2753,1046.9705,1010.1218,-7.1137,7.1137,171,historical
2022|autumn||2022秋季東京地区大会|2R|国学院久我山|14|王子総合|1,2022,autumn,,2022秋季東京地区大会,2R,prefecture,西東京,東東京,14,1,1010.1218,1046.9705,0.462826,4.8,2.5784,1012.7002,1044.392,5.4849,-5.4849,172,historical
2022|autumn||2022秋季東京地区大会|2R|世田谷学園|3|関東一|2,2022,autumn,,2022秋季東京地区大会,2R,prefecture,西東京,東東京,3,2,1012.7002,1044.392,0.475522,4.8,2.5175,1015.2177,1041.8746,7.3347,-7.3347,173,historical
2022|autumn||2022秋季東京地区大会|2R|日野|8|目黒|1,2022,autumn,,2022秋季東京地区大会,2R,prefecture,西東京,東東京,8,1,1015.2177,1041.8746,0.487952,4.8,2.4578,1017.6756,1039.4167,9.1417,-9.1417,174,historical
2022|autumn||2022秋季東京地区大会|3R|日体大荏原|6|日野|1,2022,autumn,,2022秋季東京地区大会,3R,prefecture,東東京,西東京,6,1,1039.4167,1017.6756,0.499896,4.8,2.4005,1041.8172,1015.2751,-10.9068,10.9068,175,historical
2022|autumn||2022秋季東京地区大会|3R|帝京|9|国学院久我山|2,2022,autumn,,2022秋季東京地区大会,3R,prefecture,東東京,西東京,9,2,1041.8172,1015.2751,0.511752,4.8,2.3436,1044.1608,1012.9315,-9.1874,9.1874,176,historical
2022|autumn||2022秋季東京地区大会|3R|日大三|6|修徳|1,2022,autumn,,2022秋季東京地区大会,3R,prefecture,西東京,東東京,6,1,1012.9315,1044.1608,0.476684,4.8,2.5119,1015.4434,1041.6489,7.508,-7.508,177,historical
2022|autumn||2022秋季東京地区大会|3R|国士舘|8|岩倉|6,2022,autumn,,2022秋季東京地区大会,3R,prefecture,西東京,東東京,8,6,1015.4434,1041.6489,0.489093,4.8,2.4524,1017.8957,1039.1965,9.3127,-9.3127,178,historical
2022|autumn||2022秋季東京地区大会|3R|桜美林|12|海城|3,2022,autumn,,2022秋季東京地区大会,3R,prefecture,西東京,東東京,12,3,1017.8957,1039.1965,0.501224,4.8,2.3941,1020.2899,1036.8024,11.0755,-11.0755,179,historical
2022|autumn||2022秋季東京地区大会|QF|二松学舎大付|6|世田谷学園|2,2022,autumn,,2022秋季東京地区大会,QF,regional,東東京,西東京,6,2,1036.8024,1020.2899,0.486933,8.0,4.1045,1040.907,1016.1853,-12.7973,12.7973,180,historical
2022|autumn||2022秋季東京地区大会|F|東海大菅生|8|二松学舎大付|2,2022,autumn,,2022秋季東京地区大会,F,regional,西東京,東東京,8,2,1016.1853,1040.907,0.49278,8.0,4.0578,1020.2431,1036.8492,9.8522,-9.8522,181,historical
2022|autumn||2022秋季北信越地区大会|1R|福井商|9|佐久長聖|2,2022,autumn,,2022秋季北信越地区大会,1R,regional,福井,長野,9,2,1002.7454,982.8515,0.514792,8.0,3.8817,1006.6271,978.9698,-4.8061,4.8061,13,historical
2022|autumn||2022秋季北信越地区大会|1R|富山第一|11|新潟明訓|5,2022,autumn,,2022秋季北信越地区大会,1R,regional,富山,新潟,11,5,935.7372,955.6212,0.460176,8.0,4.3186,940.0558,951.3026,-3.9236,3.9236,7,historical
2022|autumn||2022秋季北信越地区大会|1R|中越|3|星稜|2,2022,autumn,,2022秋季北信越地区大会,1R,regional,新潟,石川,3,2,951.3026,1063.1332,0.33111,8.0,5.3511,956.6538,1057.7821,-5.1611,5.1611,13,historical
2022|autumn||2022秋季北信越地区大会|1R|北陸|10|新湊|1,2022,autumn,,2022秋季北信越地区大会,1R,regional,福井,富山,10,1,1006.6271,940.0558,0.626412,8.0,2.9887,1009.6158,937.0671,11.6079,-11.6079,13,historical
2022|autumn||2022秋季北信越地区大会|1R|敦賀気比|4|松本国際|2,2022,autumn,,2022秋季北信越地区大会,1R,regional,福井,長野,4,2,1009.6158,978.9698,0.535157,8.0,3.7187,1013.3345,975.2511,-3.088,3.088,14,historical
2022|autumn||2022秋季北信越地区大会|1R|氷見|2|遊学館|0,2022,autumn,,2022秋季北信越地区大会,1R,regional,富山,石川,2,0,937.0671,1057.7821,0.286298,8.0,5.7096,942.7767,1052.0725,-18.9824,18.9824,15,historical
2022|autumn||2022秋季北信越地区大会|1R|松商学園|5|日本文理|4,2022,autumn,,2022秋季北信越地区大会,1R,regional,長野,新潟,5,4,975.2511,956.6538,0.538718,8.0,3.6903,978.9413,952.9635,4.1804,-4.1804,13,historical
2022|autumn||2022秋季北信越地区大会|1R|日本航空石川|5|東京学館新潟|1,2022,autumn,,2022秋季北信越地区大会,1R,regional,石川,新潟,5,1,1052.0725,952.9635,0.646158,8.0,2.8307,1054.9032,950.1328,2.7516,-2.7516,14,historical
2022|autumn||2022秋季北信越地区大会|QF|松商学園|7|氷見|2,2022,autumn,,2022秋季北信越地区大会,QF,regional,長野,富山,7,2,978.9413,942.7767,0.54329,8.0,3.6537,982.595,939.123,-3.0041,3.0041,6,historical
2022|autumn||2022秋季北信越地区大会|QF|北陸|5|日本航空石川|0,2022,autumn,,2022秋季北信越地区大会,QF,regional,福井,石川,5,0,1013.3345,1054.9032,0.431287,8.0,4.5497,1017.8842,1050.3535,-3.2409,3.2409,13,historical
2022|autumn||2022秋季北信越地区大会|QF|福井商|5|富山第一|0,2022,autumn,,2022秋季北信越地区大会,QF,regional,福井,富山,5,0,1017.8842,939.123,0.647299,8.0,2.8216,1020.7058,936.3014,13.359,-13.359,14,historical
2022|autumn||2022秋季北信越地区大会|QF|敦賀気比|11|中越|8,2022,autumn,,2022秋季北信越地区大会,QF,regional,福井,新潟,11,8,1020.7058,950.1328,0.6293,8.0,2.9656,1023.6714,947.1672,10.6805,-10.6805,14,historical
2022|autumn||2022秋季北信越地区大会|SF|敦賀気比|3|松商学園|0,2022,autumn,,2022秋季北信越地区大会,SF,regional,福井,長野,3,0,1023.6714,982.595,0.555017,8.0,3.5599,1027.2313,979.0351,-1.3457,1.3457,15,historical
2022|autumn||2022秋季東海地区大会|1R|加藤学園|6|至学館|5,2022,autumn,,2022秋季東海地区大会,1R,regional,静岡,愛知,6,5,989.3127,1032.5137,0.448898,8.0,4.4088,993.7215,1028.1049,3.7835,-3.7835,17,historical
2022|autumn||2022秋季東海地区大会|1R|海星|4|常葉大橘|2,2022,autumn,,2022秋季東海地区大会,1R,regional,長崎,静岡,4,2,1010.4934,993.7215,0.525024,8.0,3.7998,1014.2932,989.9217,0.3154,-0.3154,1,historical
2022|autumn||2022秋季東海地区大会|1R|津商|10|市岐阜商|2,2022,autumn,,2022秋季東海地区大会,1R,regional,三重,岐阜,10,2,976.264,971.1022,0.514559,8.0,3.8835,980.1476,967.2187,2.4787,-2.4787,12,historical
2022|autumn||2022秋季東海地区大会|1R|大垣日大|1|愛工大名電|0,2022,autumn,,2022秋季東海地区大会,1R,regional,岐阜,愛知,1,0,967.2187,1028.1049,0.394948,8.0,4.8404,972.0591,1023.2645,-6.6074,6.6074,17,historical
2022|autumn||2022秋季東海地区大会|QF|常葉大菊川|5|津商|4,2022,autumn,,2022秋季東海地区大会,QF,regional,静岡,三重,5,4,989.9217,980.1476,0.52187,8.0,3.825,993.7467,976.3225,2.716,-2.716,16,historical
2022|autumn||2022秋季東海地区大会|QF|大垣日大|4|三重|2,2022,autumn,,2022秋季東海地区大会,QF,regional,岐阜,三重,4,2,972.0591,976.3225,0.481323,8.0,4.1494,976.2085,972.1731,-4.3605,4.3605,13,historical
2022|autumn||2022秋季東海地区大会|QF|東邦|11|海星|1,2022,autumn,,2022秋季東海地区大会,QF,regional,愛知,長崎,11,1,1023.2645,1014.2932,0.513812,8.0,3.8895,1027.154,1010.4037,0.3145,-0.3145,1,historical
2022|autumn||2022秋季東海地区大会|QF|加藤学園|9|中京|2,2022,autumn,,2022秋季東海地区大会,QF,regional,静岡,岐阜,9,2,993.7467,976.2085,0.52336,8.0,3.8131,997.5599,972.3954,-0.6469,0.6469,12,historical
2022|autumn||2022秋季東海地区大会|SF|東邦|7|大垣日大|4,2022,autumn,,2022秋季東海地区大会,SF,regional,愛知,岐阜,7,4,1027.154,972.3954,0.589942,8.0,3.2805,1030.4344,969.1149,4.2136,-4.2136,18,historical
2022|autumn||2022秋季東海地区大会|F|東邦|7|常葉大菊川|2,2022,autumn,,2022秋季東海地区大会,F,regional,愛知,静岡,7,2,1030.4344,997.5599,0.5296,8.0,3.7632,1034.1976,993.7967,-6.1411,6.1411,18,historical
2022|autumn||2022秋季近畿地区大会|1R|彦根総合|4|近大新宮|2,2022,autumn,,2022秋季近畿地区大会,1R,regional,滋賀,和歌山,4,2,1028.4157,1052.4589,0.459833,8.0,4.3213,1032.7371,1048.1375,-1.964,1.964,6,historical
2022|autumn||2022秋季近畿地区大会|1R|高田商|1|乙訓|0,2022,autumn,,2022秋季近畿地区大会,1R,regional,奈良,京,1,0,1053.769,1006.1488,0.575466,8.0,3.3963,1057.1652,1002.7526,2.6114,-2.6114,6,historical
2022|autumn||2022秋季近畿地区大会|1R|龍谷大平安|17|海南|0,2022,autumn,,2022秋季近畿地区大会,1R,regional,京,和歌山,17,0,1002.7526,1048.1375,0.436731,8.0,4.5061,1007.2587,1043.6314,0.5922,-0.5922,6,historical
2022|autumn||2022秋季近畿地区大会|1R|大阪桐蔭|6|神戸国際大付|3,2022,autumn,,2022秋季近畿地区大会,1R,regional,大阪,兵庫,6,3,1137.1089,997.8011,0.710214,8.0,2.3183,1139.4272,995.4829,8.2084,-8.2084,7,historical
2022|autumn||2022秋季近畿地区大会|1R|履正社|10|瀬田工|2,2022,autumn,,2022秋季近畿地区大会,1R,regional,大阪,滋賀,10,2,1139.4272,1032.7371,0.658121,8.0,2.735,1142.1622,1030.002,3.5415,-3.5415,10,historical
2022|autumn||2022秋季近畿地区大会|1R|報徳学園|11|箕面学園|0,2022,autumn,,2022秋季近畿地区大会,1R,regional,兵庫,大阪,11,0,995.4829,1142.1622,0.277757,8.0,5.7779,1001.2608,1136.3843,-9.664,9.664,8,historical
2022|autumn||2022秋季近畿地区大会|QF|龍谷大平安|5|高田商|0,2022,autumn,,2022秋季近畿地区大会,QF,regional,京,奈良,5,0,1007.2587,1057.1652,0.417339,8.0,4.6613,1011.92,1052.504,-4.0323,4.0323,7,historical
2022|autumn||2022秋季近畿地区大会|QF|智弁和歌山|7|社|0,2022,autumn,,2022秋季近畿地区大会,QF,regional,和歌山,兵庫,7,0,1043.6314,1001.2608,0.564861,8.0,3.4811,1047.1125,997.7797,1.4774,-1.4774,8,historical
2022|autumn||2022秋季近畿地区大会|QF|報徳学園|9|履正社|6,2022,autumn,,2022秋季近畿地区大会,QF,regional,兵庫,大阪,9,6,997.7797,1136.3843,0.291261,8.0,5.6699,1003.4496,1130.7143,-7.9383,7.9383,9,historical
2022|autumn||2022秋季近畿地区大会|QF|大阪桐蔭|9|彦根総合|4,2022,autumn,,2022秋季近畿地区大会,QF,regional,大阪,滋賀,9,4,1130.7143,1030.002,0.653828,8.0,2.7694,1133.4837,1027.2327,4.8782,-4.8782,11,historical
2022|autumn||2022秋季近畿地区大会|SF|報徳学園|9|智弁和歌山|5,2022,autumn,,2022秋季近畿地区大会,SF,regional,兵庫,和歌山,9,5,1003.4496,1047.1125,0.429163,8.0,4.5667,1008.0163,1042.5458,-2.9465,2.9465,9,historical
2022|autumn||2022秋季近畿地区大会|SF|大阪桐蔭|5|龍谷大平安|3,2022,autumn,,2022秋季近畿地区大会,SF,regional,大阪,京,5,3,1133.4837,1011.92,0.672098,8.0,2.6232,1136.1069,1009.2968,1.5557,-1.5557,7,historical
2022|autumn||2022秋季近畿地区大会|F|大阪桐蔭|1|報徳学園|0,2022,autumn,,2022秋季近畿地区大会,F,regional,大阪,兵庫,1,0,1136.1069,1008.0163,0.691269,8.0,2.4699,1138.5768,1005.5464,5.9679,-5.9679,10,historical
2022|autumn||2022秋季中国地区大会|1R|広陵|5|米子東|1,2022,autumn,,2022秋季中国地区大会,1R,regional,広島,鳥取,5,1,1035.9976,953.6999,0.648949,8.0,2.8084,1038.806,950.8915,12.2191,-12.2191,16,historical
2022|autumn||2022秋季中国地区大会|1R|光|3|浜田|0,2022,autumn,,2022秋季中国地区大会,1R,regional,山口,島根,3,0,1005.1019,939.2228,0.608113,8.0,3.1351,1008.237,936.0877,5.225,-5.225,12,historical
2022|autumn||2022秋季中国地区大会|1R|宇部鴻城|9|三刀屋|3,2022,autumn,,2022秋季中国地区大会,1R,regional,山口,島根,9,3,1008.237,936.0877,0.621083,8.0,3.0313,1011.2683,933.0564,6.8464,-6.8464,13,historical
2022|autumn||2022秋季中国地区大会|1R|創志学園|10|広島商|2,2022,autumn,,2022秋季中国地区大会,1R,regional,岡山,広島,10,2,1008.0498,1038.806,0.471375,8.0,4.229,1012.2788,1034.577,5.422,-5.422,17,historical
2022|autumn||2022秋季中国地区大会|1R|鳥取城北|6|益田|1,2022,autumn,,2022秋季中国地区大会,1R,regional,鳥取,島根,6,1,950.8915,933.0564,0.535197,8.0,3.7184,954.6099,929.338,3.3313,-3.3313,7,historical
2022|autumn||2022秋季中国地区大会|1R|岡山学芸館|10|米子松蔭|4,2022,autumn,,2022秋季中国地区大会,1R,regional,岡山,鳥取,10,4,1012.2788,954.6099,0.584998,8.0,3.32,1015.5988,951.2899,0.9864,-0.9864,7,historical
2022|autumn||2022秋季中国地区大会|1R|おかやま山陽|14|神辺旭|4,2022,autumn,,2022秋季中国地区大会,1R,regional,岡山,広島,14,4,1015.5988,1034.577,0.494897,8.0,4.0408,1019.6396,1030.5362,7.716,-7.716,18,historical
2022|autumn||2022秋季中国地区大会|1R|高川学園|7|広島新庄|5,2022,autumn,,2022秋季中国地区大会,1R,regional,山口,広島,7,5,1011.2683,1030.5362,0.457093,8.0,4.3433,1015.6116,1026.1929,-5.3101,5.3101,12,historical
2022|autumn||2022秋季中国地区大会|QF|高川学園|5|岡山学芸館|1,2022,autumn,,2022秋季中国地区大会,QF,regional,山口,岡山,5,1,1015.6116,1019.6396,0.493406,8.0,4.0528,1019.6643,1015.5869,-0.2771,0.2771,13,historical
2022|autumn||2022秋季中国地区大会|QF|鳥取城北|4|おかやま山陽|0,2022,autumn,,2022秋季中国地区大会,QF,regional,鳥取,岡山,4,0,951.2899,1015.5869,0.402124,8.0,4.783,956.0729,1010.8039,-2.3018,2.3018,8,historical
2022|autumn||2022秋季中国地区大会|QF|光|6|創志学園|5,2022,autumn,,2022秋季中国地区大会,QF,regional,山口,岡山,6,5,1019.6643,1010.8039,0.517492,8.0,3.8601,1023.5244,1006.9438,1.6495,-1.6495,14,historical
2022|autumn||2022秋季中国地区大会|QF|広陵|11|宇部鴻城|0,2022,autumn,,2022秋季中国地区大会,QF,regional,広島,山口,11,0,1026.1929,1023.5244,0.513802,8.0,3.8896,1030.0825,1019.6348,3.4622,-3.4622,13,historical
2022|autumn||2022秋季中国地区大会|SF|広陵|8|鳥取城北|6,2022,autumn,,2022秋季中国地区大会,SF,regional,広島,鳥取,8,6,1030.0825,956.0729,0.64245,8.0,2.8604,1032.9429,953.2125,13.8958,-13.8958,17,historical
2022|autumn||2022秋季中国地区大会|F|広陵|13|光|0,2022,autumn,,2022秋季中国地区大会,F,regional,広島,山口,13,0,1032.9429,1019.6348,0.534683,8.0,3.7225,1036.6654,1015.9123,5.4154,-5.4154,14,historical
2022|autumn||2022秋季四国地区大会|1R|宇和島東|6|鳴門渦潮|5,2022,autumn,,2022秋季四国地区大会,1R,regional,愛媛,徳島,6,5,970.519,965.2349,0.515873,8.0,3.873,974.392,961.3618,2.8745,-2.8745,11,historical
2022|autumn||2022秋季四国地区大会|1R|高松商|9|徳島商|1,2022,autumn,,2022秋季四国地区大会,1R,regional,香川,徳島,9,1,990.339,961.3618,0.533359,8.0,3.7331,994.0721,957.6287,-2.8811,2.8811,9,historical
2022|autumn||2022秋季四国地区大会|1R|済美|6|高知中央|5,2022,autumn,,2022秋季四国地区大会,1R,regional,愛媛,高知,6,5,974.392,1051.0357,0.342878,8.0,5.257,979.649,1045.7787,-18.1794,18.1794,14,historical
2022|autumn||2022秋季四国地区大会|1R|高知|7|尽誠学園|2,2022,autumn,,2022秋季四国地区大会,1R,regional,高知,香川,7,2,1045.7787,994.0721,0.552251,8.0,3.582,1049.3607,990.4901,-7.6328,7.6328,17,historical
2022|autumn||2022秋季四国地区大会|QF|高松商|4|明徳義塾|3,2022,autumn,,2022秋季四国地区大会,QF,regional,香川,高知,4,3,990.4901,1049.3607,0.432703,8.0,4.5384,995.0285,1044.8223,5.9111,-5.9111,18,historical
2022|autumn||2022秋季四国地区大会|QF|英明|2|宇和島東|0,2022,autumn,,2022秋季四国地区大会,QF,regional,香川,愛媛,2,0,995.0285,979.649,0.512818,8.0,3.8975,998.926,975.7515,-3.2353,3.2353,12,historical
2022|autumn||2022秋季四国地区大会|QF|高知|10|今治西|4,2022,autumn,,2022秋季四国地区大会,QF,regional,高知,愛媛,10,4,1044.8223,975.7515,0.641642,8.0,2.8669,1047.6892,972.8847,16.0598,-16.0598,15,historical
2022|autumn||2022秋季四国地区大会|QF|鳴門|11|済美|4,2022,autumn,,2022秋季四国地区大会,QF,regional,徳島,愛媛,11,4,957.6287,972.8847,0.464514,8.0,4.2839,961.9126,968.6008,-4.7219,4.7219,12,historical
2022|autumn||2022秋季四国地区大会|SF|高松商|4|鳴門|1,2022,autumn,,2022秋季四国地区大会,SF,regional,香川,徳島,4,1,998.926,961.9126,0.548885,8.0,3.6089,1002.5349,958.3037,-1.4679,1.4679,10,historical
2022|autumn||2022秋季四国地区大会|SF|英明|4|高知|2,2022,autumn,,2022秋季四国地区大会,SF,regional,香川,高知,4,2,1002.5349,1047.6892,0.459296,8.0,4.3256,1006.8605,1043.3636,8.4037,-8.4037,19,historical
2022|autumn||2022秋季九州地区大会|1R|東福岡|7|宮崎商|0,2022,autumn,,2022秋季九州地区大会,1R,regional,福岡,宮崎,7,0,1046.055,952.5486,0.636474,8.0,2.9082,1048.9632,949.6404,1.8957,-1.8957,8,historical
2022|autumn||2022秋季九州地区大会|1R|長崎日大|4|文徳|3,2022,autumn,,2022秋季九州地区大会,1R,regional,長崎,熊本,4,3,1010.4037,956.8344,0.583747,8.0,3.33,1013.7338,953.5043,2.5886,-2.5886,3,historical
2022|autumn||2022秋季九州地区大会|1R|大分商|10|神村学園|0,2022,autumn,,2022秋季九州地区大会,1R,regional,大分,鹿児島,10,0,1027.7967,984.4863,0.585265,8.0,3.3179,1031.1146,981.1684,8.2612,-8.2612,11,historical
2022|autumn||2022秋季九州地区大会|1R|ウェルネス沖縄|6|佐賀北|2,2022,autumn,,2022秋季九州地区大会,1R,regional,沖縄,佐賀,6,2,996.6683,929.7925,0.598023,8.0,3.2158,999.8841,926.5767,1.0655,-1.0655,2,historical
2022|autumn||2022秋季九州地区大会|1R|西日本短大付|6|鹿屋中央|5,2022,autumn,,2022秋季九州地区大会,1R,regional,福岡,鹿児島,6,5,1048.9632,981.1684,0.599239,8.0,3.2061,1052.1693,977.9623,1.0456,-1.0456,9,historical
2022|autumn||2022秋季九州地区大会|1R|沖縄尚学|8|鳥栖|2,2022,autumn,,2022秋季九州地区大会,1R,regional,沖縄,佐賀,8,2,999.8841,926.5767,0.609757,8.0,3.1219,1003.006,923.4547,2.1107,-2.1107,3,historical
2022|autumn||2022秋季九州地区大会|1R|海星|4|東海大熊本星翔|3,2022,autumn,,2022秋季九州地区大会,1R,regional,長崎,熊本,4,3,1013.7338,953.5043,0.596937,8.0,3.2245,1016.9583,950.2798,3.9963,-3.9963,4,historical
2022|autumn||2022秋季九州地区大会|1R|明豊|2|高鍋|0,2022,autumn,,2022秋季九州地区大会,1R,regional,大分,宮崎,2,0,1031.1146,949.6404,0.619639,8.0,3.0429,1034.1574,946.5975,1.6514,-1.6514,6,historical
2022|autumn||2022秋季九州地区大会|QF|長崎日大|11|ウェルネス沖縄|4,2022,autumn,,2022秋季九州地区大会,QF,regional,長崎,沖縄,11,4,1016.9583,1003.006,0.523406,8.0,3.8128,1020.771,999.1933,1.1618,-1.1618,5,historical
2022|autumn||2022秋季九州地区大会|QF|大分商|2|東福岡|1,2022,autumn,,2022秋季九州地区大会,QF,regional,大分,福岡,2,1,1034.1574,1052.1693,0.455746,8.0,4.354,1038.5115,1047.8153,-6.4097,6.4097,17,historical
2022|autumn||2022秋季九州地区大会|QF|沖縄尚学|3|明豊|2,2022,autumn,,2022秋季九州地区大会,QF,regional,沖縄,大分,3,2,999.1933,1038.5115,0.441574,8.0,4.4674,1003.6607,1034.0441,-0.7334,0.7334,3,historical
2022|autumn||2022秋季九州地区大会|QF|海星|3|西日本短大付|2,2022,autumn,,2022秋季九州地区大会,QF,regional,長崎,福岡,3,2,1020.771,1047.8153,0.447877,8.0,4.417,1025.188,1043.3983,-4.6533,4.6533,6,historical
2022|autumn||2022秋季九州地区大会|SF|長崎日大|4|大分商|1,2022,autumn,,2022秋季九州地区大会,SF,regional,長崎,大分,4,1,1025.188,1034.0441,0.478069,8.0,4.1754,1029.3634,1029.8686,-3.1963,3.1963,5,historical
2022|autumn||2022秋季九州地区大会|SF|沖縄尚学|7|海星|6,2022,autumn,,2022秋季九州地区大会,SF,regional,沖縄,長崎,7,6,1003.6607,1029.3634,0.455872,8.0,4.353,1008.0137,1025.0104,-2.5201,2.5201,6,historical
2022|autumn||2022秋季九州地区大会|F|沖縄尚学|8|長崎日大|5,2022,autumn,,2022秋季九州地区大会,F,regional,沖縄,長崎,8,5,1008.0137,1025.0104,0.472056,8.0,4.2236,1012.2373,1020.7869,-1.2206,1.2206,7,historical
2022|jingu||2022明治神宮大会|1R|英明|10|山梨学院|7,2022,jingu,,2022明治神宮大会,1R,national,香川,山梨,10,7,1006.8605,981.857,0.535921,9.2,4.2695,1011.1301,977.5875,-0.0,0.0,0,historical
2022|jingu||2022明治神宮大会|1R|大阪桐蔭|9|東邦|1,2022,jingu,,2022明治神宮大会,1R,national,大阪,愛知,9,1,1138.5768,1034.1976,0.645852,9.2,3.2582,1141.835,1030.9395,0.0,-0.0,0,historical
2022|jingu||2022明治神宮大会|QF|広陵|6|東海大菅生|2,2022,jingu,,2022明治神宮大会,QF,regional,広島,西東京,6,2,1036.6654,1020.2431,0.523616,8.0,3.8111,1040.4765,1016.432,0.0,-0.0,0,historical
2022|jingu||2022明治神宮大会|QF|仙台育英|5|沖縄尚学|4,2022,jingu,,2022明治神宮大会,QF,national,宮城,沖縄,5,4,1086.26,1012.2373,0.604944,9.2,3.6345,1089.8945,1008.6027,0.0,-0.0,0,historical
2022|jingu||2022明治神宮大会|QF|北陸|4|英明|3,2022,jingu,,2022明治神宮大会,QF,national,福井,香川,4,3,1027.2313,1011.1301,0.523155,9.2,4.387,1031.6183,1006.7431,0.0,-0.0,0,historical
2022|jingu||2022明治神宮大会|QF|大阪桐蔭|12|クラーク国際|2,2022,jingu,,2022明治神宮大会,QF,national,大阪,北北海道,12,2,1141.835,969.9532,0.729259,9.2,2.4908,1144.3258,967.4624,0.1249,-0.1249,1,historical
2022|jingu||2022明治神宮大会|SF|大阪桐蔭|5|仙台育英|4,2022,jingu,,2022明治神宮大会,SF,national,大阪,宮城,5,4,1144.3258,1089.8945,0.576157,9.2,3.8994,1148.2251,1085.9951,-0.5483,0.5483,1,historical
2022|jingu||2022明治神宮大会|SF|広陵|5|北陸|0,2022,jingu,,2022明治神宮大会,SF,national,広島,福井,5,0,1040.4765,1031.6183,0.516258,9.2,4.4504,1044.9269,1027.1679,1.2215,-1.2215,2,historical
2022|jingu||2022明治神宮大会|F|大阪桐蔭|6|広陵|5,2022,jingu,,2022明治神宮大会,F,national,大阪,広島,6,5,1148.2251,1044.9269,0.647554,9.2,3.2425,1151.4676,1041.6844,1.1876,-1.1876,2,historical
2023|spring||2023春季北海道地区大会|1R|白樺学園|7|函館大有斗|1,2023,spring,,2023春季北海道地区大会,1R,regional,北北海道,南北海道,7,1,967.4624,1003.5165,0.423935,7.6,4.3781,971.8405,999.1384,-8.6073,8.6073,98,historical
2023|spring||2023春季北海道地区大会|1R|北海|10|遠軽|9,2023,spring,,2023春季北海道地区大会,1R,regional,南北海道,北北海道,10,9,999.1384,971.8405,0.555109,7.6,3.3812,1002.5196,968.4593,5.5758,-5.5758,99,historical
2023|spring||2023春季北海道地区大会|1R|札幌大谷|6|岩見沢東|2,2023,spring,,2023春季北海道地区大会,1R,regional,南北海道,北北海道,6,2,1002.5196,968.4593,0.571345,7.6,3.2578,1005.7774,965.2015,7.928,-7.928,100,historical
2023|spring||2023春季北海道地区大会|QF|立命館慶祥|9|白樺学園|2,2023,spring,,2023春季北海道地区大会,QF,regional,南北海道,北北海道,9,2,1005.7774,965.2015,0.586855,7.6,3.1399,1008.9173,962.0616,10.1979,-10.1979,101,historical
2023|spring||2023春季北海道地区大会|QF|札幌大谷|6|クラーク国際|5,2023,spring,,2023春季北海道地区大会,QF,regional,南北海道,北北海道,6,5,1008.9173,962.0616,0.601652,7.6,3.0274,1011.9447,959.0342,12.3889,-12.3889,102,historical
2023|spring||2023春季北海道地区大会|QF|北海道栄|2|旭川明成|0,2023,spring,,2023春季北海道地区大会,QF,regional,南北海道,北北海道,2,0,1011.9447,959.0342,0.615755,7.6,2.9203,1014.865,956.1139,14.5046,-14.5046,103,historical
2023|spring||2023春季東北地区大会|1R|八戸学院光星|12|仙台一|2,2023,spring,,2023春季東北地区大会,1R,regional,青森,宮城,12,2,1009.5623,1085.9951,0.37399,7.6,4.7577,1014.32,1081.2375,-6.5277,6.5277,18,historical
2023|spring||2023春季東北地区大会|1R|一関学院|5|秋田商|4,2023,spring,,2023春季東北地区大会,1R,regional,岩手,秋田,5,4,986.0444,964.4582,0.53424,7.6,3.5398,989.5842,960.9184,1.1219,-1.1219,7,historical
2023|spring||2023春季東北地区大会|1R|盛岡三|8|八戸工大一|1,2023,spring,,2023春季東北地区大会,1R,regional,岩手,青森,8,1,989.5842,1014.32,0.453847,7.6,4.1508,993.7349,1010.1693,-3.7129,3.7129,11,historical
2023|spring||2023春季東北地区大会|1R|日大山形|6|聖光学院|5,2023,spring,,2023春季東北地区大会,1R,regional,山形,福島,6,5,992.4148,998.9636,0.497273,7.6,3.8207,996.2355,995.1429,2.3268,-2.3268,9,historical
2023|spring||2023春季東北地区大会|1R|明桜|8|日大東北|5,2023,spring,,2023春季東北地区大会,1R,regional,秋田,福島,8,5,960.9184,995.1429,0.439223,7.6,4.2619,965.1803,990.8809,-4.1089,4.1089,9,historical
2023|spring||2023春季東北地区大会|1R|花巻東|2|仙台商|0,2023,spring,,2023春季東北地区大会,1R,regional,岩手,宮城,2,0,993.7349,1081.2375,0.36367,7.6,4.8361,998.571,1076.4014,-4.8436,4.8436,10,historical
2023|spring||2023春季東北地区大会|QF|仙台育英|8|一関学院|0,2023,spring,,2023春季東北地区大会,QF,regional,宮城,岩手,8,0,1076.4014,998.571,0.618211,7.6,2.9016,1079.303,995.6694,2.9477,-2.9477,11,historical
2023|spring||2023春季東北地区大会|QF|盛岡三|6|日大山形|2,2023,spring,,2023春季東北地区大会,QF,regional,岩手,山形,6,2,995.6694,996.2355,0.497686,7.6,3.8176,999.487,992.418,-0.521,0.521,12,historical
2023|spring||2023春季東北地区大会|QF|八戸学院光星|7|鶴岡東|0,2023,spring,,2023春季東北地区大会,QF,regional,青森,山形,7,0,1010.1693,992.418,0.536053,7.6,3.526,1013.6953,988.892,3.6721,-3.6721,9,historical
2023|spring||2023春季東北地区大会|QF|明桜|5|花巻東|2,2023,spring,,2023春季東北地区大会,QF,regional,秋田,岩手,5,2,965.1803,999.487,0.44359,7.6,4.2287,969.409,995.2583,-2.5294,2.5294,8,historical
2023|spring||2023春季東北地区大会|SF|仙台育英|3|盛岡三|0,2023,spring,,2023春季東北地区大会,SF,regional,宮城,岩手,3,0,1079.303,995.2583,0.630416,7.6,2.8088,1082.1118,992.4495,4.3606,-4.3606,12,historical
2023|spring||2023春季東北地区大会|SF|八戸学院光星|8|明桜|5,2023,spring,,2023春季東北地区大会,SF,regional,青森,秋田,8,5,1013.6953,969.409,0.572339,7.6,3.2502,1016.9455,966.1588,3.1675,-3.1675,11,historical
2023|spring||2023春季東北地区大会|F|八戸学院光星|3|仙台育英|2,2023,spring,,2023春季東北地区大会,F,regional,青森,宮城,3,2,1016.9455,1082.1118,0.395893,7.6,4.5912,1021.5367,1077.5206,-4.1241,4.1241,19,historical
2023|spring||2023春季関東地区大会|1R|山梨学院|12|横浜隼人|0,2023,spring,,2023春季関東地区大会,1R,regional,山梨,神奈川,12,0,977.5875,1031.0452,0.422441,7.6,4.3895,981.9769,1026.6557,-0.4373,0.4373,5,historical
2023|spring||2023春季関東地区大会|2R|相洋|5|作新学院|4,2023,spring,,2023春季関東地区大会,2R,regional,神奈川,栃木,5,4,1026.6557,959.6127,0.610079,7.6,2.9634,1029.6191,956.6493,5.3605,-5.3605,5,historical
2023|spring||2023春季関東地区大会|2R|常総学院|7|関東一|3,2023,spring,,2023春季関東地区大会,2R,prefecture,茨城,東東京,7,3,964.3043,1036.8492,0.398561,4.56,2.7426,967.0469,1034.1066,0.5331,-0.5331,2,historical
2023|spring||2023春季関東地区大会|2R|専大松戸|4|浦和学院|3,2023,spring,,2023春季関東地区大会,2R,regional,千葉,埼玉,4,3,1003.8832,1026.7401,0.458229,7.6,4.1175,1008.0007,1022.6227,-3.1181,3.1181,7,historical
2023|spring||2023春季関東地区大会|2R|明和県央|6|甲府工|3,2023,spring,,2023春季関東地区大会,2R,regional,群馬,山梨,6,3,1012.2738,981.9769,0.549578,7.6,3.4232,1015.697,978.5537,2.1337,-2.1337,10,historical
2023|spring||2023春季関東地区大会|2R|帝京|9|山梨学院|8,2023,spring,,2023春季関東地区大会,2R,prefecture,東東京,山梨,9,8,1034.1066,978.5537,0.579825,4.56,1.916,1036.0226,976.6377,0.197,-0.197,3,historical
2023|spring||2023春季関東地区大会|2R|昌平|4|文星芸大付|0,2023,spring,,2023春季関東地区大会,2R,regional,埼玉,栃木,4,0,1022.6227,956.6493,0.601044,7.6,3.0321,1025.6547,953.6172,2.6095,-2.6095,7,historical
2023|spring||2023春季関東地区大会|2R|健大高崎|6|土浦日大|5,2023,spring,,2023春季関東地区大会,2R,regional,群馬,茨城,6,5,1015.697,967.0469,0.563682,7.6,3.316,1019.013,963.7309,-2.0787,2.0787,10,historical
2023|spring||2023春季関東地区大会|2R|木更津総合|3|慶応|2,2023,spring,,2023春季関東地区大会,2R,regional,千葉,神奈川,3,2,1008.0007,1029.6191,0.483557,7.6,3.925,1011.9257,1025.6942,5.0942,-5.0942,12,historical
2023|spring||2023春季関東地区大会|QF|木更津総合|7|昌平|2,2023,spring,,2023春季関東地区大会,QF,regional,千葉,埼玉,7,2,1011.9257,1025.6547,0.475091,7.6,3.9893,1015.915,1021.6654,-1.7967,1.7967,8,historical
2023|spring||2023春季関東地区大会|QF|健大高崎|2|帝京|0,2023,spring,,2023春季関東地区大会,QF,prefecture,群馬,東東京,2,0,1019.013,1036.0226,0.475018,4.56,2.3939,1021.4069,1033.6287,-0.1822,0.1822,1,historical
2023|spring||2023春季関東地区大会|QF|常総学院|7|明和県央|0,2023,spring,,2023春季関東地区大会,QF,regional,茨城,群馬,7,0,963.7309,1021.4069,0.419787,7.6,4.4096,968.1405,1016.9973,0.7264,-0.7264,11,historical
2023|spring||2023春季関東地区大会|QF|専大松戸|5|相洋|4,2023,spring,,2023春季関東地区大会,QF,regional,千葉,神奈川,5,4,1015.915,1025.6942,0.506299,7.6,3.7521,1019.6671,1021.942,7.0782,-7.0782,13,historical
2023|spring||2023春季関東地区大会|SF|木更津総合|3|常総学院|0,2023,spring,,2023春季関東地区大会,SF,regional,千葉,茨城,3,0,1019.6671,968.1405,0.572212,7.6,3.2512,1022.9183,964.8893,-0.4977,0.4977,6,historical
2023|spring||2023春季関東地区大会|SF|健大高崎|6|専大松戸|4,2023,spring,,2023春季関東地区大会,SF,regional,群馬,千葉,6,4,1016.9973,1022.9183,0.482944,7.6,3.9296,1020.9269,1018.9887,-2.9676,2.9676,6,historical
2023|spring||2023春季関東地区大会|F|健大高崎|10|木更津総合|7,2023,spring,,2023春季関東地区大会,F,regional,群馬,千葉,10,7,1020.9269,1018.9887,0.497447,7.6,3.8194,1024.7463,1015.1693,-1.856,1.856,7,historical
2023|spring||2023春季北信越地区大会|QF|遊学館|5|上田西|4,2023,spring,,2023春季北信越地区大会,QF,regional,石川,長野,5,4,1050.3535,979.0351,0.602933,7.6,3.0177,1053.3712,976.0174,0.622,-0.622,15,historical
2023|spring||2023春季北信越地区大会|QF|日本航空石川|4|富山商|1,2023,spring,,2023春季北信越地区大会,QF,regional,石川,富山,4,1,1053.3712,936.3014,0.703588,7.6,2.2527,1055.6239,934.0487,16.5494,-16.5494,16,historical
2023|spring||2023春季北信越地区大会|QF|帝京長岡|9|小松大谷|6,2023,spring,,2023春季北信越地区大会,QF,regional,新潟,石川,9,6,947.1672,1055.6239,0.337885,7.6,5.0321,952.1993,1050.5919,-4.2045,4.2045,15,historical
2023|spring||2023春季北信越地区大会|QF|星稜|6|丹生|0,2023,spring,,2023春季北信越地区大会,QF,regional,石川,福井,6,0,1050.5919,1027.1679,0.536981,7.6,3.5189,1054.1108,1023.6489,1.1601,-1.1601,14,historical
2023|spring||2023春季北信越地区大会|SF|星稜|2|帝京長岡|1,2023,spring,,2023春季北信越地区大会,SF,regional,石川,新潟,2,1,1054.1108,952.1993,0.647294,7.6,2.6806,1056.7914,949.5187,1.7819,-1.7819,16,historical
2023|spring||2023春季東海地区大会|QF|県岐阜商|3|津商|0,2023,spring,,2023春季東海地区大会,QF,regional,岐阜,三重,3,0,969.1149,972.1731,0.4884,7.6,3.8882,973.0031,968.2849,-2.502,2.502,14,historical
2023|spring||2023春季東海地区大会|QF|東邦|2|日大三島|1,2023,spring,,2023春季東海地区大会,QF,regional,愛知,静岡,2,1,1030.9395,993.7967,0.54111,7.6,3.4876,1034.427,990.3091,-4.2561,4.2561,19,historical
2023|spring||2023春季東海地区大会|QF|加藤学園|5|大垣日大|4,2023,spring,,2023春季東海地区大会,QF,regional,静岡,岐阜,5,4,990.3091,973.0031,0.52805,7.6,3.5868,993.8959,969.4163,1.1029,-1.1029,13,historical
2023|spring||2023春季東海地区大会|QF|至学館|5|いなべ総合|1,2023,spring,,2023春季東海地区大会,QF,regional,愛知,三重,5,1,1034.427,968.2849,0.610365,7.6,2.9612,1037.3883,965.3237,5.9154,-5.9154,14,historical
2023|spring||2023春季東海地区大会|SF|県岐阜商|4|東邦|3,2023,spring,,2023春季東海地区大会,SF,regional,岐阜,愛知,4,3,969.4163,1037.3883,0.386862,7.6,4.6598,974.0761,1032.7284,-6.0144,6.0144,19,historical
2023|spring||2023春季東海地区大会|SF|加藤学園|3|至学館|1,2023,spring,,2023春季東海地区大会,SF,regional,静岡,愛知,3,1,993.8959,1032.7284,0.451327,7.6,4.1699,998.0658,1028.5585,2.4518,-2.4518,20,historical
2023|spring||2023春季東海地区大会|F|加藤学園|8|県岐阜商|6,2023,spring,,2023春季東海地区大会,F,regional,静岡,岐阜,8,6,998.0658,974.0761,0.542611,7.6,3.4762,1001.542,970.6,2.8456,-2.8456,14,historical
2023|spring||2023春季近畿地区大会|QF|智弁学園|8|大阪桐蔭|6,2023,spring,,2023春季近畿地区大会,QF,regional,奈良,大阪,8,6,1052.504,1151.4676,0.351704,7.6,4.927,1057.431,1146.5406,-3.6373,3.6373,13,historical
2023|spring||2023春季近畿地区大会|QF|市和歌山|7|報徳学園|4,2023,spring,,2023春季近畿地区大会,QF,regional,和歌山,兵庫,7,4,1042.5458,1005.5464,0.556428,7.6,3.3711,1045.9169,1002.1753,1.1893,-1.1893,10,historical
2023|spring||2023春季近畿地区大会|QF|金光大阪|3|近江|2,2023,spring,,2023春季近畿地区大会,QF,regional,大阪,滋賀,3,2,1146.5406,1027.2327,0.681211,7.6,2.4228,1148.9634,1024.8099,6.3018,-6.3018,12,historical
2023|spring||2023春季近畿地区大会|QF|京都国際|2|近大付|0,2023,spring,,2023春季近畿地区大会,QF,regional,京,大阪,2,0,1009.2968,1148.9634,0.302694,7.6,5.2995,1014.5963,1143.6638,-2.6506,2.6506,8,historical
2023|spring||2023春季近畿地区大会|SF|金光大阪|6|京都国際|5,2023,spring,,2023春季近畿地区大会,SF,regional,大阪,京,6,5,1143.6638,1014.5963,0.679409,7.6,2.4365,1146.1003,1012.1598,0.7023,-0.7023,9,historical
2023|spring||2023春季近畿地区大会|SF|智弁学園|10|市和歌山|3,2023,spring,,2023春季近畿地区大会,SF,regional,奈良,和歌山,10,3,1057.431,1045.9169,0.521539,7.6,3.6363,1061.0673,1042.2806,1.7311,-1.7311,6,historical
2023|spring||2023春季近畿地区大会|F|智弁学園|10|金光大阪|0,2023,spring,,2023春季近畿地区大会,F,regional,奈良,大阪,10,0,1061.0673,1146.1003,0.376258,7.6,4.7404,1065.8077,1141.3599,-1.3875,1.3875,14,historical
2023|spring||2023春季中国地区大会|QF|下関国際|10|大社|1,2023,spring,,2023春季中国地区大会,QF,regional,山口,島根,10,1,1015.9123,929.338,0.644751,7.6,2.6999,1018.6122,926.6381,8.4847,-8.4847,14,historical
2023|spring||2023春季中国地区大会|QF|岡山学芸館|3|高川学園|1,2023,spring,,2023春季中国地区大会,QF,regional,岡山,山口,3,1,1006.9438,1018.6122,0.472935,7.6,4.0057,1010.9495,1014.6065,-3.5785,3.5785,15,historical
2023|spring||2023春季中国地区大会|QF|宇部鴻城|12|鳥取城北|8,2023,spring,,2023春季中国地区大会,QF,regional,山口,鳥取,12,8,1014.6065,953.2125,0.586159,7.6,3.1452,1017.7517,950.0673,-0.4605,0.4605,6,historical
2023|spring||2023春季中国地区大会|QF|広陵|6|柳井|0,2023,spring,,2023春季中国地区大会,QF,regional,広島,山口,6,0,1041.6844,1017.7517,0.555428,7.6,3.3787,1045.0632,1014.3729,7.3708,-7.3708,15,historical
2023|spring||2023春季中国地区大会|SF|広陵|1|岡山学芸館|0,2023,spring,,2023春季中国地区大会,SF,regional,広島,岡山,1,0,1045.0632,1010.9495,0.52037,7.6,3.6452,1048.7084,1007.3043,-9.9757,9.9757,19,historical
2023|spring||2023春季中国地区大会|F|広陵|9|宇部鴻城|1,2023,spring,,2023春季中国地区大会,F,regional,広島,山口,9,1,1048.7084,1014.3729,0.575382,7.6,3.2271,1051.9355,1011.1458,9.224,-9.224,16,historical
2023|spring||2023春季四国地区大会|QF|丸亀城西|4|帝京五|1,2023,spring,,2023春季四国地区大会,QF,regional,香川,愛媛,4,1,1006.7431,968.6008,0.550321,7.6,3.4176,1010.1606,965.1832,-1.5285,1.5285,13,historical
2023|spring||2023春季四国地区大会|QF|城東|8|高松商|6,2023,spring,,2023春季四国地区大会,QF,regional,東東京,香川,8,6,1033.6287,1010.1606,0.534145,7.6,3.5405,1037.1692,1006.6201,0.1477,-0.1477,2,historical
2023|spring||2023春季四国地区大会|QF|高知|7|阿南光|6,2023,spring,,2023春季四国地区大会,QF,regional,高知,徳島,7,6,1043.3636,958.3037,0.632251,7.6,2.7949,1046.1584,955.5088,4.5378,-4.5378,18,historical
2023|spring||2023春季四国地区大会|QF|明徳義塾|5|松山商|4,2023,spring,,2023春季四国地区大会,QF,regional,高知,愛媛,5,4,1046.1584,965.1832,0.66187,7.6,2.5698,1048.7282,962.6134,17.8501,-17.8501,16,historical
2023|spring||2023春季四国地区大会|SF|明徳義塾|2|城東|1,2023,spring,,2023春季四国地区大会,SF,regional,高知,東東京,2,1,1048.7282,1037.1692,0.517584,7.6,3.6664,1052.3946,1033.5028,0.3324,-0.3324,1,historical
2023|spring||2023春季四国地区大会|SF|高知|5|丸亀城西|2,2023,spring,,2023春季四国地区大会,SF,regional,高知,香川,5,2,1052.3946,1006.6201,0.534598,7.6,3.5371,1055.9316,1003.0831,-10.8473,10.8473,20,historical
2023|spring||2023春季九州地区大会|1R|有明|7|日南学園|5,2023,spring,,2023春季九州地区大会,1R,regional,熊本,宮崎,7,5,950.2798,946.5975,0.493922,7.6,3.8462,954.126,942.7513,-3.9529,3.9529,4,historical
2023|spring||2023春季九州地区大会|1R|福岡大大濠|10|海星|1,2023,spring,,2023春季九州地区大会,1R,regional,福岡,長崎,10,1,1043.3983,1020.7869,0.542571,7.6,3.4765,1046.8747,1017.3104,3.5209,-3.5209,7,historical
2023|spring||2023春季九州地区大会|1R|大分商|8|大崎|6,2023,spring,,2023春季九州地区大会,1R,regional,大分,東東京,8,6,1029.8686,1033.5028,0.491856,7.6,3.8619,1033.7305,1029.641,-1.0125,1.0125,4,historical
2023|spring||2023春季九州地区大会|1R|ウェルネス沖縄|6|城北|1,2023,spring,,2023春季九州地区大会,1R,regional,沖縄,東東京,6,1,1008.6027,1029.641,0.470011,7.6,4.0279,1012.6307,1025.613,0.0874,-0.0874,2,historical
2023|spring||2023春季九州地区大会|1R|文徳|9|沖縄尚学|4,2023,spring,,2023春季九州地区大会,1R,regional,熊本,沖縄,9,4,954.126,1012.6307,0.407616,7.6,4.5021,958.6281,1008.1285,-3.2179,3.2179,5,historical
2023|spring||2023春季九州地区大会|1R|佐賀北|7|熊本商|0,2023,spring,,2023春季九州地区大会,1R,regional,佐賀,熊本,7,0,923.4547,958.6281,0.452271,7.6,4.1627,927.6175,954.4654,0.9532,-0.9532,3,historical
2023|spring||2023春季九州地区大会|1R|西日本短大付|4|長崎日大|0,2023,spring,,2023春季九州地区大会,1R,regional,福岡,長崎,4,0,1046.8747,1017.3104,0.556909,7.6,3.3675,1050.2422,1013.9429,5.0761,-5.0761,8,historical
2023|spring||2023春季九州地区大会|1R|大分舞鶴|6|鹿児島城西|3,2023,spring,,2023春季九州地区大会,1R,regional,大分,鹿児島,6,3,1033.7305,977.9623,0.607493,7.6,2.9831,1036.7136,974.9793,10.0546,-10.0546,12,historical
2023|spring||2023春季九州地区大会|QF|有明|4|大分商|1,2023,spring,,2023春季九州地区大会,QF,regional,熊本,大分,4,1,954.4654,1036.7136,0.384317,7.6,4.6792,959.1446,1032.0344,0.1907,-0.1907,2,historical
2023|spring||2023春季九州地区大会|QF|福岡大大濠|9|ウェルネス沖縄|2,2023,spring,,2023春季九州地区大会,QF,regional,福岡,沖縄,9,2,1050.2422,1008.1285,0.569583,7.6,3.2712,1053.5134,1004.8574,3.2766,-3.2766,14,historical
2023|spring||2023春季九州地区大会|QF|大分舞鶴|6|文徳|2,2023,spring,,2023春季九州地区大会,QF,regional,大分,熊本,6,2,1032.0344,959.1446,0.600026,7.6,3.0398,1035.0742,956.1048,-1.2172,1.2172,3,historical
2023|spring||2023春季九州地区大会|QF|西日本短大付|6|佐賀北|0,2023,spring,,2023春季九州地区大会,QF,regional,福岡,佐賀,6,0,1053.5134,927.6175,0.683448,7.6,2.4058,1055.9192,925.2117,3.9041,-3.9041,6,historical
2023|spring||2023春季九州地区大会|SF|有明|3|福岡大大濠|2,2023,spring,,2023春季九州地区大会,SF,regional,熊本,福岡,3,2,956.1048,1055.9192,0.360924,7.6,4.857,960.9617,1051.0622,0.2798,-0.2798,4,historical
2023|spring||2023春季九州地区大会|SF|大分舞鶴|7|西日本短大付|0,2023,spring,,2023春季九州地区大会,SF,regional,大分,福岡,7,0,1035.0742,1051.0622,0.464774,7.6,4.0677,1039.1419,1046.9945,-4.265,4.265,18,historical
2023|spring||2023春季九州地区大会|F|有明|16|大分舞鶴|3,2023,spring,,2023春季九州地区大会,F,regional,熊本,大分,16,3,960.9617,1039.1419,0.391345,7.6,4.6258,965.5875,1034.5161,0.7278,-0.7278,4,historical
2023|senbatsu||2023選抜|1R|山梨学院|3|東北|1,2023,senbatsu,,2023選抜,1R,national,山梨,宮城,3,1,976.6377,1077.5206,0.358765,9.12,5.8481,982.4858,1071.6725,-0.0,0.0,0,historical
2023|senbatsu||2023選抜|1R|高知|4|北陸|1,2023,senbatsu,,2023選抜,1R,national,高知,福井,4,1,1055.9316,1023.6489,0.546325,9.12,4.1375,1060.0692,1019.5114,-0.0,0.0,0,historical
2023|senbatsu||2023選抜|1R|沖縄尚学|4|大垣日大|3,2023,senbatsu,,2023選抜,1R,national,沖縄,岐阜,4,3,1004.8574,970.6,0.549141,9.12,4.1118,1008.9692,966.4881,-0.0,0.0,0,historical
2023|senbatsu||2023選抜|1R|東邦|6|鳥取城北|3,2023,senbatsu,,2023選抜,1R,national,愛知,鳥取,6,3,1028.5585,950.0673,0.611075,9.12,3.547,1032.1055,946.5203,0.0,-0.0,0,historical
2023|senbatsu||2023選抜|2R|作新学院|8|大分商|6,2023,senbatsu,,2023選抜,2R,national,栃木,大分,8,6,953.6172,1034.5161,0.385637,9.12,5.603,959.2202,1028.9131,-0.0,0.0,0,historical
2023|senbatsu||2023選抜|2R|英明|3|智弁和歌山|2,2023,senbatsu,,2023選抜,2R,national,香川,和歌山,3,2,1003.0831,1042.2806,0.43959,9.12,5.1109,1008.194,1037.1697,-1.4927,1.4927,2,historical
2023|senbatsu||2023選抜|2R|海星|5|社|1,2023,senbatsu,,2023選抜,2R,national,長崎,兵庫,5,1,1013.9429,1002.1753,0.515453,9.12,4.4191,1018.362,997.7562,-0.5132,0.5132,1,historical
2023|senbatsu||2023選抜|2R|広陵|5|二松学舎大付|0,2023,senbatsu,,2023選抜,2R,prefecture,広島,東東京,5,0,1051.9355,1025.613,0.537074,4.56,2.1109,1054.0464,1023.5021,-0.2567,0.2567,1,historical
2023|senbatsu||2023選抜|2R|大阪桐蔭|3|敦賀気比|1,2023,senbatsu,,2023選抜,2R,national,大阪,福井,3,1,1141.3599,1019.5114,0.669212,9.12,3.0168,1144.3767,1016.4946,0.2785,-0.2785,1,historical
2023|senbatsu||2023選抜|2R|能代松陽|3|石橋|0,2023,senbatsu,,2023選抜,2R,national,秋田,栃木,3,0,966.1588,959.2202,0.509984,9.12,4.4689,970.6277,954.7513,-0.0,0.0,0,historical
2023|senbatsu||2023選抜|2R|龍谷大平安|4|長崎日大|3,2023,senbatsu,,2023選抜,2R,national,京,長崎,4,3,1012.1598,1018.362,0.491075,9.12,4.6414,1016.8012,1013.7206,0.0,-0.0,0,historical
2023|senbatsu||2023選抜|2R|仙台育英|2|慶応|1,2023,senbatsu,,2023選抜,2R,national,宮城,神奈川,2,1,1071.6725,1021.942,0.571083,9.12,3.9117,1075.5842,1018.0303,0.0,-0.0,0,historical
2023|senbatsu||2023選抜|2R|光|2|彦根総合|0,2023,senbatsu,,2023選抜,2R,national,山口,滋賀,2,0,1011.1458,1024.8099,0.481907,9.12,4.725,1015.8708,1020.0849,0.5432,-0.5432,1,historical
2023|senbatsu||2023選抜|2R|専大松戸|3|常葉大菊川|0,2023,senbatsu,,2023選抜,2R,national,千葉,静岡,3,0,1015.1693,1001.542,0.519601,9.12,4.3812,1019.5505,997.1608,0.0,-0.0,0,historical
2023|senbatsu||2023選抜|2R|東海大菅生|5|城東|2,2023,senbatsu,,2023選抜,2R,prefecture,西東京,東東京,5,2,1016.432,1023.5021,0.526554,4.56,2.1589,1018.5909,1021.3432,12.7697,-12.7697,182,historical
2023|senbatsu||2023選抜|2R|報徳学園|7|健大高崎|2,2023,senbatsu,,2023選抜,2R,national,兵庫,群馬,7,2,997.7562,1024.7463,0.462375,9.12,4.9031,1002.6594,1019.8432,0.398,-0.398,1,historical
2023|senbatsu||2023選抜|2R|山梨学院|4|氷見|1,2023,senbatsu,,2023選抜,2R,national,山梨,富山,4,1,982.4858,934.0487,0.569259,9.12,3.9284,986.4142,930.1203,-0.0,0.0,0,historical
2023|senbatsu||2023選抜|2R|高知|3|履正社|2,2023,senbatsu,,2023選抜,2R,national,高知,大阪,3,2,1060.0692,1144.3767,0.380998,9.12,5.6453,1065.7145,1138.7314,-0.0,0.0,0,historical
2023|senbatsu||2023選抜|2R|沖縄尚学|3|クラーク国際|1,2023,senbatsu,,2023選抜,2R,national,沖縄,北北海道,3,1,1008.9692,956.1139,0.575483,9.12,3.8716,1012.8408,952.2423,-0.0,0.0,0,historical
2023|senbatsu||2023選抜|2R|東邦|6|高松商|3,2023,senbatsu,,2023選抜,2R,national,愛知,香川,6,3,1032.1055,1008.194,0.534357,9.12,4.2467,1036.3522,1003.9474,0.0,-0.0,0,historical
2023|senbatsu||2023選抜|3R|作新学院|9|英明|8,2023,senbatsu,,2023選抜,3R,national,栃木,香川,9,8,954.7513,1003.9474,0.429391,9.12,5.204,959.9552,998.7434,-0.099,0.099,2,historical
2023|senbatsu||2023選抜|3R|山梨学院|7|光|1,2023,senbatsu,,2023選抜,3R,national,山梨,山口,7,1,986.4142,1015.8708,0.45771,9.12,4.9457,991.3599,1010.9251,-0.0,0.0,0,historical
2023|senbatsu||2023選抜|3R|専大松戸|6|高知|4,2023,senbatsu,,2023選抜,3R,national,千葉,高知,6,4,1019.5505,1065.7145,0.430313,9.12,5.1955,1024.746,1060.5189,-1.2883,1.2883,2,historical
2023|senbatsu||2023選抜|3R|広陵|3|海星|2,2023,senbatsu,,2023選抜,3R,national,広島,長崎,3,2,1054.0464,1013.7206,0.557774,9.12,4.0331,1058.0795,1009.6875,0.0,-0.0,0,historical
2023|senbatsu||2023選抜|3R|大阪桐蔭|1|能代松陽|0,2023,senbatsu,,2023選抜,3R,national,大阪,秋田,1,0,1138.7314,970.6277,0.725506,9.12,2.5034,1141.2348,968.1243,0.3698,-0.3698,1,historical
2023|senbatsu||2023選抜|3R|東海大菅生|1|沖縄尚学|0,2023,senbatsu,,2023選抜,3R,prefecture,西東京,沖縄,1,0,1018.5909,1012.8408,0.508274,4.56,2.2423,1020.8332,1010.5985,-0.0,0.0,0,historical
2023|senbatsu||2023選抜|3R|報徳学園|5|東邦|4,2023,senbatsu,,2023選抜,3R,national,兵庫,愛知,5,4,1002.6594,1036.3522,0.452369,9.12,4.9944,1007.6538,1031.3578,0.2475,-0.2475,2,historical
2023|senbatsu||2023選抜|3R|仙台育英|6|龍谷大平安|1,2023,senbatsu,,2023選抜,3R,national,宮城,京,6,1,1075.5842,1016.8012,0.582567,9.12,3.807,1079.3912,1012.9942,-0.4397,0.4397,1,historical
2023|senbatsu||2023選抜|QF|山梨学院|12|作新学院|3,2023,senbatsu,,2023選抜,QF,national,山梨,栃木,12,3,991.3599,959.9552,0.547443,9.12,4.1273,995.4872,955.8279,0.8308,-0.8308,3,historical
2023|senbatsu||2023選抜|QF|広陵|9|専大松戸|2,2023,senbatsu,,2023選抜,QF,national,広島,千葉,9,2,1058.0795,1024.746,0.547824,9.12,4.1238,1062.2033,1020.6222,-0.0,0.0,0,historical
2023|senbatsu||2023選抜|QF|大阪桐蔭|6|東海大菅生|1,2023,senbatsu,,2023選抜,QF,prefecture,大阪,西東京,6,1,1141.2348,1020.8332,0.669756,4.56,1.5059,1142.7407,1019.3273,1.2156,-1.2156,3,historical
2023|senbatsu||2023選抜|QF|報徳学園|5|仙台育英|4,2023,senbatsu,,2023選抜,QF,national,兵庫,宮城,5,4,1007.6538,1079.3912,0.397325,9.12,5.4964,1013.1502,1073.8948,-0.3187,0.3187,1,historical
2023|senbatsu||2023選抜|SF|山梨学院|6|広陵|1,2023,senbatsu,,2023選抜,SF,national,山梨,広島,6,1,995.4872,1062.2033,0.405151,9.12,5.425,1000.9122,1056.7783,0.0,-0.0,0,historical
2023|senbatsu||2023選抜|SF|報徳学園|7|大阪桐蔭|5,2023,senbatsu,,2023選抜,SF,national,兵庫,大阪,7,5,1013.1502,1142.7407,0.30366,9.12,6.3506,1019.5008,1136.3901,-7.2916,7.2916,11,historical
2023|senbatsu||2023選抜|F|山梨学院|7|報徳学園|3,2023,senbatsu,,2023選抜,F,national,山梨,兵庫,7,3,1000.9122,1019.5008,0.473274,9.12,4.8037,1005.7159,1014.697,-0.0,0.0,0,historical
2023|koshien||2023選手権|1R|土浦日大|8|上田西|3,2023,koshien,,2023選手権,1R,national,茨城,長野,8,3,964.8893,976.0174,0.482598,11.96,6.1881,971.0774,969.8293,-0.4844,0.4844,1,historical
2023|koshien||2023選手権|1R|聖光学院|9|共栄学園|3,2023,koshien,,2023選手権,1R,prefecture,福島,東東京,9,3,990.8809,1021.3432,0.456893,5.52,2.9979,993.8789,1018.3452,0.217,-0.217,1,historical
2023|koshien||2023選手権|1R|仙台育英|19|浦和学院|9,2023,koshien,,2023選手権,1R,national,宮城,埼玉,19,9,1073.8948,1021.6654,0.573299,11.96,5.1033,1078.9982,1016.5621,-0.4633,0.4633,1,historical
2023|koshien||2023選手権|1R|高知中央|9|川之江|4,2023,koshien,,2023選手権,1R,national,高知,愛媛,9,4,1060.5189,962.6134,0.687465,11.96,3.7379,1064.2568,958.8755,19.5177,-19.5177,17,historical
2023|koshien||2023選手権|1R|履正社|6|鳥取商|0,2023,koshien,,2023選手権,1R,national,大阪,鳥取,6,0,1136.3901,946.5203,0.74991,11.96,2.9911,1139.3811,943.5292,0.4479,-0.4479,1,historical
2023|koshien||2023選手権|1R|智弁学園|7|英明|6,2023,koshien,,2023選手権,1R,national,奈良,香川,7,6,1065.8077,998.7434,0.595332,11.96,4.8398,1070.6476,993.9036,0.0,-0.0,0,historical
2023|koshien||2023選手権|1R|徳島商|2|愛工大名電|1,2023,koshien,,2023選手権,1R,national,徳島,愛知,2,1,955.5088,1031.3578,0.391556,11.96,7.277,962.7858,1024.0808,-0.3607,0.3607,1,historical
2023|koshien||2023選手権|1R|花巻東|4|宇部鴻城|1,2023,koshien,,2023選手権,1R,national,岩手,山口,4,1,992.4495,1010.9251,0.47195,11.96,6.3155,998.765,1004.6097,-0.5181,0.5181,1,historical
2023|koshien||2023選手権|1R|クラーク国際|7|前橋商|1,2023,koshien,,2023選手権,1R,prefecture,北北海道,群馬,7,1,952.2423,1019.8432,0.403007,5.52,3.2954,955.5377,1016.5478,-0.3311,0.3311,1,historical
2023|koshien||2023選手権|1R|おかやま山陽|9|日大山形|2,2023,koshien,,2023選手権,1R,national,岡山,山形,9,2,1007.3043,988.892,0.526473,11.96,5.6634,1012.9677,983.2286,-0.0,0.0,0,historical
2023|koshien||2023選手権|1R|大垣日大|7|近江|2,2023,koshien,,2023選手権,1R,national,岐阜,滋賀,7,2,966.4881,1020.0849,0.423474,11.96,6.8952,973.3834,1013.1896,0.0,-0.0,0,historical
2023|koshien||2023選手権|1R|鳥栖工|3|富山商|2,2023,koshien,,2023選手権,1R,national,佐賀,富山,3,2,925.2117,930.1203,0.491535,11.96,6.0812,931.2929,924.0391,-0.487,0.487,1,historical
2023|koshien||2023選手権|1R|日大三|3|社|0,2023,koshien,,2023選手権,1R,prefecture,西東京,兵庫,3,0,1019.3273,1014.697,0.506055,5.52,2.7266,1022.0539,1011.9705,-0.2114,0.2114,1,historical
2023|koshien||2023選手権|1R|市和歌山|5|東京学館新潟|4,2023,koshien,,2023選手権,1R,national,和歌山,新潟,5,4,1037.1697,949.5187,0.62353,11.96,4.5026,1041.6723,945.0161,0.0,-0.0,0,historical
2023|koshien||2023選手権|1R|神村学園|10|立命館宇治|2,2023,koshien,,2023選手権,1R,national,鹿児島,京,10,2,974.9793,1012.9942,0.446806,11.96,6.6162,981.5955,1006.378,0.4559,-0.4559,1,historical
2023|koshien||2023選手権|1R|浜松開誠館|5|東海大熊本星翔|2,2023,koshien,,2023選手権,1R,national,静岡,熊本,5,2,997.1608,965.5875,0.545313,11.96,5.4381,1002.5988,960.1495,-0.0,0.0,0,historical
2023|koshien||2023選手権|1R|北海|9|明豊|8,2023,koshien,,2023選手権,1R,prefecture,南北海道,大分,9,8,1014.865,1028.9131,0.478677,5.52,2.8777,1017.7427,1026.0354,-0.3889,0.3889,1,historical
2023|koshien||2023選手権|2R|創成館|6|星稜|3,2023,koshien,,2023選手権,2R,national,長崎,石川,6,3,1009.6875,1056.7914,0.432624,11.96,6.7858,1016.4733,1050.0056,-0.0,0.0,0,historical
2023|koshien||2023選手権|2R|沖縄尚学|3|いなべ総合|0,2023,koshien,,2023選手権,2R,national,沖縄,三重,3,0,1010.5985,965.3237,0.564789,11.96,5.2051,1015.8036,960.1186,-0.0,0.0,0,historical
2023|koshien||2023選手権|2R|広陵|8|立正大淞南|3,2023,koshien,,2023選手権,2R,national,広島,島根,8,3,1056.7783,926.6381,0.687303,11.96,3.7399,1060.5182,922.8982,3.3349,-3.3349,8,historical
2023|koshien||2023選手権|2R|慶応|9|北陸|4,2023,koshien,,2023選手権,2R,national,神奈川,福井,9,4,1018.0303,1016.4946,0.501548,11.96,5.9615,1023.9918,1010.5331,-0.2301,0.2301,2,historical
2023|koshien||2023選手権|2R|文星芸大付|9|宮崎学園|7,2023,koshien,,2023選手権,2R,national,栃木,宮崎,9,7,955.8279,942.7513,0.519908,11.96,5.7419,961.5698,937.0094,0.3822,-0.3822,1,historical
2023|koshien||2023選手権|2R|八戸学院光星|7|明桜|0,2023,koshien,,2023選手権,2R,national,青森,秋田,7,0,1021.5367,968.1243,0.589548,11.96,4.909,1026.4457,963.2153,4.7453,-4.7453,12,historical
2023|koshien||2023選手権|2R|専大松戸|7|東海大甲府|5,2023,koshien,,2023選手権,2R,national,千葉,山梨,7,5,1020.6222,1005.7159,0.518999,11.96,5.7528,1026.375,999.9632,-0.849,0.849,8,historical
2023|koshien||2023選手権|2R|土浦日大|3|九州国際大付|0,2023,koshien,,2023選手権,2R,national,茨城,福岡,3,0,971.0774,1046.9945,0.392453,11.96,7.2663,978.3437,1039.7282,-0.0,0.0,0,historical
2023|koshien||2023選手権|2R|仙台育英|8|聖光学院|2,2023,koshien,,2023選手権,2R,national,宮城,福島,8,2,1078.9982,993.8789,0.62943,11.96,4.432,1083.4302,989.4469,3.4557,-3.4557,15,historical
2023|koshien||2023選手権|2R|履正社|10|高知中央|4,2023,koshien,,2023選手権,2R,national,大阪,高知,10,4,1139.3811,1064.2568,0.605165,11.96,4.7222,1144.1033,1059.5346,-0.4704,0.4704,1,historical
2023|koshien||2023選手権|2R|智弁学園|12|徳島商|6,2023,koshien,,2023選手権,2R,national,奈良,徳島,12,6,1070.6476,962.7858,0.650424,11.96,4.1809,1074.8285,958.6049,0.0,-0.0,0,historical
2023|koshien||2023選手権|2R|花巻東|2|クラーク国際|1,2023,koshien,,2023選手権,2R,prefecture,岩手,北北海道,2,1,998.765,955.5377,0.56189,5.52,2.4184,1001.1833,953.1194,-0.0,0.0,0,historical
2023|koshien||2023選手権|2R|おかやま山陽|4|大垣日大|3,2023,koshien,,2023選手権,2R,national,岡山,岐阜,4,3,1012.9677,973.3834,0.556721,11.96,5.3016,1018.2693,968.0818,-0.0,0.0,0,historical
2023|koshien||2023選手権|2R|日大三|3|鳥栖工|1,2023,koshien,,2023選手権,2R,prefecture,西東京,佐賀,3,1,1022.0539,931.2929,0.628113,5.52,2.0528,1024.1067,929.2401,0.1448,-0.1448,1,historical
2023|koshien||2023選手権|2R|神村学園|11|市和歌山|1,2023,koshien,,2023選手権,2R,national,鹿児島,和歌山,11,1,981.5955,1041.6723,0.414394,11.96,7.0038,988.5993,1034.6684,-0.0,0.0,0,historical
2023|koshien||2023選手権|2R|北海|3|浜松開誠館|2,2023,koshien,,2023選手権,2R,prefecture,南北海道,静岡,3,2,1017.7427,1002.5988,0.520651,5.52,2.646,1020.3887,999.9528,-0.393,0.393,1,historical
2023|koshien||2023選手権|3R|沖縄尚学|5|創成館|1,2023,koshien,,2023選手権,3R,national,沖縄,長崎,5,1,1015.8036,1016.4733,0.499831,11.96,5.982,1021.7857,1010.4913,0.2761,-0.2761,8,historical
2023|koshien||2023選手権|3R|慶応|6|広陵|3,2023,koshien,,2023選手権,3R,national,神奈川,広島,6,3,1023.9918,1060.5182,0.448952,11.96,6.5905,1030.5823,1053.9276,0.4653,-0.4653,1,historical
2023|koshien||2023選手権|3R|八戸学院光星|6|文星芸大付|3,2023,koshien,,2023選手権,3R,national,青森,栃木,6,3,1026.4457,961.5698,0.592294,11.96,4.8762,1031.3219,956.6936,-0.0,0.0,0,historical
2023|koshien||2023選手権|3R|土浦日大|10|専大松戸|6,2023,koshien,,2023選手権,3R,national,茨城,千葉,10,6,978.3437,1026.375,0.429632,11.96,6.8216,985.1653,1019.5534,-0.596,0.596,7,historical
2023|koshien||2023選手権|3R|仙台育英|4|履正社|3,2023,koshien,,2023選手権,3R,national,宮城,大阪,4,3,1083.4302,1144.1033,0.414684,11.96,7.0004,1090.4306,1137.103,0.402,-0.402,2,historical
2023|koshien||2023選手権|3R|花巻東|5|智弁学園|2,2023,koshien,,2023選手権,3R,national,岩手,奈良,5,2,1001.1833,1074.8285,0.396644,11.96,7.2161,1008.3995,1067.6124,0.3879,-0.3879,1,historical
2023|koshien||2023選手権|3R|おかやま山陽|7|日大三|2,2023,koshien,,2023選手権,3R,prefecture,岡山,西東京,7,2,1018.2693,1024.1067,0.4916,5.52,2.8064,1021.0757,1021.3003,0.0,-0.0,0,historical
2023|koshien||2023選手権|3R|神村学園|10|北海|4,2023,koshien,,2023選手権,3R,prefecture,鹿児島,南北海道,10,4,988.5993,1020.3887,0.454379,5.52,3.0118,991.6112,1017.3768,-0.0,0.0,0,historical
2023|koshien||2023選手権|QF|慶応|7|沖縄尚学|2,2023,koshien,,2023選手権,QF,national,神奈川,沖縄,7,2,1030.5823,1021.7857,0.512657,11.96,5.8286,1036.411,1015.957,-0.0,0.0,0,historical
2023|koshien||2023選手権|QF|土浦日大|9|八戸学院光星|2,2023,koshien,,2023選手権,QF,national,茨城,青森,9,2,985.1653,1031.3219,0.433963,11.96,6.7698,991.9351,1024.5521,0.0,-0.0,0,historical
2023|koshien||2023選手権|QF|仙台育英|9|花巻東|4,2023,koshien,,2023選手権,QF,national,宮城,岩手,9,4,1090.4306,1008.3995,0.631584,11.96,4.4063,1094.8368,1003.9932,5.8031,-5.8031,13,historical
2023|koshien||2023選手権|QF|神村学園|6|おかやま山陽|0,2023,koshien,,2023選手権,QF,national,鹿児島,岡山,6,0,991.6112,1021.0757,0.457699,11.96,6.4859,998.0971,1014.5898,-0.0,0.0,0,historical
2023|koshien||2023選手権|SF|仙台育英|6|神村学園|2,2023,koshien,,2023選手権,SF,national,宮城,鹿児島,6,2,1094.8368,998.0971,0.63573,11.96,4.3567,1099.1935,993.7404,0.0,-0.0,0,historical
2023|koshien||2023選手権|SF|慶応|2|土浦日大|0,2023,koshien,,2023選手権,SF,national,神奈川,茨城,2,0,1036.411,991.9351,0.577449,11.96,5.0537,1041.4647,986.8814,4.8891,-4.8891,8,historical
2023|koshien||2023選手権|F|慶応|8|仙台育英|2,2023,koshien,,2023選手権,F,national,神奈川,宮城,8,2,1041.4647,1099.1935,0.416765,11.96,6.9755,1048.4401,1092.218,-0.326,0.326,1,historical
2023|autumn||2023秋季北海道地区大会|1R|旭川実|4|北照|3,2023,autumn,,2023秋季北海道地区大会,1R,regional,北北海道,南北海道,4,3,953.1194,1017.3768,0.363451,8.0,5.0924,958.2118,1012.2845,-16.5484,16.5484,104,historical
2023|autumn||2023秋季北海道地区大会|1R|札幌国際情報|6|白樺学園|5,2023,autumn,,2023秋季北海道地区大会,1R,regional,南北海道,北北海道,6,5,1012.2845,958.2118,0.613265,8.0,3.0939,1015.3783,955.1179,13.0107,-13.0107,105,historical
2023|autumn||2023秋季北海道地区大会|2R|北海|9|稚内大谷|0,2023,autumn,,2023秋季北海道地区大会,2R,regional,南北海道,北北海道,9,0,1015.3783,955.1179,0.627526,8.0,2.9798,1018.3581,952.1381,15.177,-15.177,106,historical
2023|autumn||2023秋季北海道地区大会|2R|別海|4|苫小牧中央|3,2023,autumn,,2023秋季北海道地区大会,2R,regional,北北海道,南北海道,4,3,952.1381,1018.3581,0.358937,8.0,5.1285,957.2666,1013.2296,-17.2663,17.2663,107,historical
2023|autumn||2023秋季北海道地区大会|2R|クラーク国際|3|駒大苫小牧|2,2023,autumn,,2023秋季北海道地区大会,2R,regional,北北海道,南北海道,3,2,957.2666,1013.2296,0.382291,8.0,4.9417,962.2083,1008.288,-13.6964,13.6964,108,historical
2023|autumn||2023秋季北海道地区大会|2R|東海大札幌|5|旭川実|3,2023,autumn,,2023秋季北海道地区大会,2R,regional,南北海道,北北海道,5,3,1008.288,962.2083,0.594666,8.0,3.2427,1011.5306,958.9656,10.2522,-10.2522,109,historical
2023|autumn||2023秋季北海道地区大会|2R|札幌国際情報|7|旭川北|2,2023,autumn,,2023秋季北海道地区大会,2R,regional,南北海道,北北海道,7,2,1011.5306,958.9656,0.609877,8.0,3.121,1014.6516,955.8446,12.5257,-12.5257,110,historical
2023|autumn||2023秋季北海道地区大会|QF|北海|10|クラーク国際|0,2023,autumn,,2023秋季北海道地区大会,QF,regional,南北海道,北北海道,10,0,1014.6516,955.8446,0.624326,8.0,3.0054,1017.657,952.8392,14.7167,-14.7167,111,historical
2023|autumn||2023秋季北海道地区大会|QF|別海|4|知内|3,2023,autumn,,2023秋季北海道地区大会,QF,regional,北北海道,南北海道,4,3,952.8392,1017.657,0.361958,8.0,5.1043,957.9436,1012.5527,-16.8293,16.8293,112,historical
2023|autumn||2023秋季北海道地区大会|QF|帯広大谷|4|札幌国際情報|2,2023,autumn,,2023秋季北海道地区大会,QF,regional,北北海道,南北海道,4,2,957.9436,1012.5527,0.385311,8.0,4.9175,962.8611,1007.6352,-13.2641,13.2641,113,historical
2023|autumn||2023秋季北海道地区大会|SF|北海|6|別海|1,2023,autumn,,2023秋季北海道地区大会,SF,regional,南北海道,北北海道,6,1,1007.6352,962.8611,0.591667,8.0,3.2667,1010.9018,959.5944,9.8255,-9.8255,114,historical
2023|autumn||2023秋季北海道地区大会|SF|東海大札幌|4|帯広大谷|2,2023,autumn,,2023秋季北海道地区大会,SF,regional,南北海道,北北海道,4,2,1010.9018,959.5944,0.607045,8.0,3.1436,1014.0455,956.4508,12.1218,-12.1218,115,historical
2023|autumn||2023秋季東北地区大会|1R|学法石川|8|盛岡中央|5,2023,autumn,,2023秋季東北地区大会,1R,regional,福島,岩手,8,5,989.4469,1003.9932,0.484715,8.0,4.1223,993.5692,999.8709,1.9608,-1.9608,11,historical
2023|autumn||2023秋季東北地区大会|1R|聖愛|6|明桜|4,2023,autumn,,2023秋季東北地区大会,1R,regional,青森,秋田,6,4,1024.5521,963.2153,0.607231,8.0,3.1421,1027.6942,960.0732,7.1751,-7.1751,13,historical
2023|autumn||2023秋季東北地区大会|2R|秋田修英|9|古川学園|6,2023,autumn,,2023秋季東北地区大会,2R,regional,秋田,宮城,9,6,960.0732,1092.218,0.300356,8.0,5.5972,965.6703,1086.6209,-7.3759,7.3759,10,historical
2023|autumn||2023秋季東北地区大会|2R|学法石川|2|聖和学園|1,2023,autumn,,2023秋季東北地区大会,2R,regional,福島,宮城,2,1,993.5692,1086.6209,0.353925,8.0,5.1686,998.7378,1081.4523,-5.7485,5.7485,16,historical
2023|autumn||2023秋季東北地区大会|2R|日大山形|7|聖光学院|3,2023,autumn,,2023秋季東北地区大会,2R,regional,山形,福島,7,3,983.2286,998.7378,0.489292,8.0,4.0857,987.3142,994.6521,4.0336,-4.0336,10,historical
2023|autumn||2023秋季東北地区大会|2R|一関学院|3|光南|0,2023,autumn,,2023秋季東北地区大会,2R,regional,岩手,福島,3,0,999.8709,994.6521,0.496322,8.0,4.0294,1003.9004,990.6227,-3.8871,3.8871,12,historical
2023|autumn||2023秋季東北地区大会|2R|青森山田|9|羽黒|8,2023,autumn,,2023秋季東北地区大会,2R,regional,青森,山形,9,8,1027.6942,987.3142,0.572908,8.0,3.4167,1031.111,983.8975,5.3226,-5.3226,10,historical
2023|autumn||2023秋季東北地区大会|2R|金足農|3|久慈|2,2023,autumn,,2023秋季東北地区大会,2R,regional,秋田,岩手,3,2,965.6703,1003.9004,0.442364,8.0,4.4611,970.1314,999.4393,-0.9992,0.9992,9,historical
2023|autumn||2023秋季東北地区大会|2R|八戸学院光星|5|仙台一|2,2023,autumn,,2023秋季東北地区大会,2R,regional,青森,宮城,5,2,1031.111,1081.4523,0.423196,8.0,4.6144,1035.7254,1076.8378,-1.7266,1.7266,20,historical
2023|autumn||2023秋季東北地区大会|2R|鶴岡東|7|聖愛|5,2023,autumn,,2023秋季東北地区大会,2R,regional,山形,青森,7,5,983.8975,1035.7254,0.406299,8.0,4.7496,988.6471,1030.9758,-7.0303,7.0303,11,historical
2023|autumn||2023秋季東北地区大会|QF|学法石川|3|金足農|1,2023,autumn,,2023秋季東北地区大会,QF,regional,福島,秋田,3,1,990.6227,970.1314,0.536722,8.0,3.7062,994.3289,966.4252,2.536,-2.536,10,historical
2023|autumn||2023秋季東北地区大会|QF|八戸学院光星|8|日大山形|1,2023,autumn,,2023秋季東北地区大会,QF,regional,青森,山形,8,1,1030.9758,988.6471,0.575161,8.0,3.3987,1034.3745,985.2484,5.1486,-5.1486,12,historical
2023|autumn||2023秋季東北地区大会|QF|青森山田|5|鶴岡東|1,2023,autumn,,2023秋季東北地区大会,QF,regional,青森,山形,5,1,1034.3745,985.2484,0.589553,8.0,3.2836,1037.6581,981.9648,6.89,-6.89,13,historical
2023|autumn||2023秋季東北地区大会|QF|一関学院|4|秋田修英|1,2023,autumn,,2023秋季東北地区大会,QF,regional,岩手,秋田,4,1,999.4393,966.4252,0.545056,8.0,3.6395,1003.0788,962.7857,-0.8103,0.8103,10,historical
2023|autumn||2023秋季東北地区大会|SF|八戸学院光星|1|学法石川|0,2023,autumn,,2023秋季東北地区大会,SF,regional,青森,福島,1,0,1037.6581,994.3289,0.563124,8.0,3.495,1041.1531,990.8339,0.3846,-0.3846,11,historical
2023|autumn||2023秋季東北地区大会|SF|青森山田|4|一関学院|0,2023,autumn,,2023秋季東北地区大会,SF,regional,青森,岩手,4,0,1041.1531,1003.0788,0.560199,8.0,3.5184,1044.6715,999.5604,1.9801,-1.9801,12,historical
2023|autumn||2023秋季関東地区大会|1R|花咲徳栄|8|横浜|6,2023,autumn,,2023秋季関東地区大会,1R,regional,埼玉,神奈川,8,6,1016.5621,1048.4401,0.425202,8.0,4.5984,1021.1605,1043.8418,-10.2449,10.2449,15,historical
2023|autumn||2023秋季関東地区大会|1R|帝京三|5|明和県央|0,2023,autumn,,2023秋季関東地区大会,1R,regional,山梨,群馬,5,0,999.9632,1016.5478,0.46551,8.0,4.2759,1004.2391,1012.2719,-3.7099,3.7099,11,historical
2023|autumn||2023秋季関東地区大会|1R|常総学院|9|専大松戸|2,2023,autumn,,2023秋季関東地区大会,1R,regional,茨城,千葉,9,2,986.8814,1019.5534,0.458601,8.0,4.3312,991.2126,1015.2222,1.9196,-1.9196,8,historical
2023|autumn||2023秋季関東地区大会|1R|山梨学院|2|昌平|1,2023,autumn,,2023秋季関東地区大会,1R,regional,山梨,埼玉,2,1,1004.2391,1021.1605,0.485662,8.0,4.1147,1008.3538,1017.0457,3.4778,-3.4778,8,historical
2023|autumn||2023秋季関東地区大会|1R|健大高崎|7|鹿島学園|5,2023,autumn,,2023秋季関東地区大会,1R,regional,群馬,茨城,7,5,1012.2719,991.2126,0.522414,8.0,3.8207,1016.0926,987.3919,-2.7371,2.7371,12,historical
2023|autumn||2023秋季関東地区大会|1R|中央学院|10|白鴎大足利|2,2023,autumn,,2023秋季関東地区大会,1R,regional,千葉,栃木,10,2,1015.2222,956.6936,0.591578,8.0,3.2674,1018.4896,953.4263,2.9163,-2.9163,5,historical
2023|autumn||2023秋季関東地区大会|1R|桐光学園|6|文星芸大付|3,2023,autumn,,2023秋季関東地区大会,1R,regional,神奈川,栃木,6,3,1043.8418,953.4263,0.645704,8.0,2.8344,1046.6761,950.5919,6.9257,-6.9257,6,historical
2023|autumn||2023秋季関東地区大会|QF|常総学院|10|花咲徳栄|5,2023,autumn,,2023秋季関東地区大会,QF,regional,茨城,埼玉,10,5,987.3919,1017.0457,0.449986,8.0,4.4001,991.792,1012.6456,-2.6079,2.6079,5,historical
2023|autumn||2023秋季関東地区大会|QF|作新学院|7|帝京三|2,2023,autumn,,2023秋季関東地区大会,QF,regional,栃木,山梨,7,2,950.5919,1008.3538,0.41191,8.0,4.7047,955.2966,1003.6491,-2.0473,2.0473,4,historical
2023|autumn||2023秋季関東地区大会|QF|山梨学院|4|桐光学園|2,2023,autumn,,2023秋季関東地区大会,QF,regional,山梨,神奈川,4,2,1003.6491,1046.6761,0.441013,8.0,4.4719,1008.121,1042.2042,0.9236,-0.9236,6,historical
2023|autumn||2023秋季関東地区大会|QF|健大高崎|4|中央学院|3,2023,autumn,,2023秋季関東地区大会,QF,regional,群馬,千葉,4,3,1016.0926,1018.4896,0.494949,8.0,4.0404,1020.133,1014.4491,-0.5563,0.5563,8,historical
2023|autumn||2023秋季関東地区大会|SF|山梨学院|3|健大高崎|2,2023,autumn,,2023秋季関東地区大会,SF,regional,山梨,群馬,3,2,1008.121,1020.133,0.477201,8.0,4.1824,1012.3034,1015.9506,-1.9206,1.9206,12,historical
2023|autumn||2023秋季関東地区大会|SF|作新学院|7|常総学院|2,2023,autumn,,2023秋季関東地区大会,SF,regional,栃木,茨城,7,2,955.2966,991.792,0.453335,8.0,4.3733,959.6699,987.4187,1.9874,-1.9874,4,historical
2023|autumn||2023秋季関東地区大会|F|作新学院|13|山梨学院|4,2023,autumn,,2023秋季関東地区大会,F,regional,栃木,山梨,13,4,959.6699,1012.3034,0.422003,8.0,4.624,964.2939,1007.6794,-1.0051,1.0051,5,historical
2023|autumn||2023秋季東京地区大会|1R|修徳|4|片倉|1,2023,autumn,,2023秋季東京地区大会,1R,prefecture,東東京,西東京,4,1,1018.3452,1021.3003,0.454645,4.8,2.6177,1020.9629,1018.6826,-14.324,14.324,183,historical
2023|autumn||2023秋季東京地区大会|1R|岩倉|12|東農大一|0,2023,autumn,,2023秋季東京地区大会,1R,prefecture,東東京,西東京,12,0,1020.9629,1018.6826,0.467506,4.8,2.556,1023.5189,1016.1266,-12.4458,12.4458,184,historical
2023|autumn||2023秋季東京地区大会|1R|城西|9|明学東村山|7,2023,autumn,,2023秋季東京地区大会,1R,prefecture,徳島,西東京,9,7,958.6049,1016.1266,0.418321,4.8,2.7921,961.3969,1013.3346,0.1263,-0.1263,2,historical
2023|autumn||2023秋季東京地区大会|1R|豊南|9|明星|2,2023,autumn,,2023秋季東京地区大会,1R,prefecture,東東京,西東京,9,2,1023.5189,1013.3346,0.484121,4.8,2.4762,1025.9951,1010.8583,-10.6111,10.6111,185,historical
2023|autumn||2023秋季東京地区大会|1R|関東一|12|駒大高|0,2023,autumn,,2023秋季東京地区大会,1R,prefecture,東東京,西東京,12,0,1025.9951,1010.8583,0.496361,4.8,2.4175,1028.4126,1008.4409,-8.8329,8.8329,186,historical
2023|autumn||2023秋季東京地区大会|1R|早稲田実|13|東京実|1,2023,autumn,,2023秋季東京地区大会,1R,prefecture,西東京,東東京,13,1,1008.4409,1028.4126,0.491683,4.8,2.4399,1010.8808,1025.9727,7.0961,-7.0961,187,historical
2023|autumn||2023秋季東京地区大会|1R|安田学園|6|総合工科|1,2023,autumn,,2023秋季東京地区大会,1R,prefecture,東東京,西東京,6,1,1025.9727,1010.8808,0.496238,4.8,2.4181,1028.3907,1008.4627,-8.8529,8.8529,188,historical
2023|autumn||2023秋季東京地区大会|1R|昭和|2|大東大一|1,2023,autumn,,2023秋季東京地区大会,1R,prefecture,西東京,東東京,2,1,1008.4627,1028.3907,0.4918,4.8,2.4394,1010.9021,1025.9514,7.1149,-7.1149,189,historical
2023|autumn||2023秋季東京地区大会|1R|早大学院|10|日比谷|0,2023,autumn,,2023秋季東京地区大会,1R,prefecture,西東京,東東京,10,0,1010.9021,1025.9514,0.503878,4.8,2.3814,1013.2835,1023.57,8.872,-8.872,190,historical
2023|autumn||2023秋季東京地区大会|1R|桜美林|9|東京|2,2023,autumn,,2023秋季東京地区大会,1R,prefecture,西東京,東東京,9,2,1013.2835,1023.57,0.515667,4.8,2.3248,1015.6083,1021.2452,10.5881,-10.5881,191,historical
2023|autumn||2023秋季東京地区大会|1R|文京|7|法政大高|0,2023,autumn,,2023秋季東京地区大会,1R,prefecture,東東京,東京,7,0,1021.2452,955.1931,0.661962,4.8,1.6226,1022.8678,953.5706,25.3475,-25.3475,25,historical
2023|autumn||2023秋季東京地区大会|1R|紅葉川|3|明治|1,2023,autumn,,2023秋季東京地区大会,1R,prefecture,東東京,東京,3,1,1022.8678,953.5706,0.669116,4.8,1.5882,1024.456,951.9823,26.5167,-26.5167,26,historical
2023|autumn||2023秋季東京地区大会|1R|専大付|5|京華商|4,2023,autumn,,2023秋季東京地区大会,1R,prefecture,西東京,東東京,5,4,1015.6083,1024.456,0.522551,4.8,2.2918,1017.9,1022.1643,12.2642,-12.2642,192,historical
2023|autumn||2023秋季東京地区大会|1R|小平南|6|麻布|3,2023,autumn,,2023秋季東京地区大会,1R,prefecture,西東京,東東京,6,3,1017.9,1022.1643,0.533868,4.8,2.2374,1020.1375,1019.9268,13.9172,-13.9172,193,historical
2023|autumn||2023秋季東京地区大会|1R|日大三|10|小山台|4,2023,autumn,,2023秋季東京地区大会,1R,prefecture,西東京,東東京,10,4,1020.1375,1019.9268,0.544886,4.8,2.1845,1022.322,1017.7423,15.5316,-15.5316,194,historical
2023|autumn||2023秋季東京地区大会|1R|日大豊山|10|立川|0,2023,autumn,,2023秋季東京地区大会,1R,prefecture,東東京,西東京,10,0,1017.7423,1022.322,0.444398,4.8,2.6669,1020.4092,1019.6551,-17.1086,17.1086,195,historical
2023|autumn||2023秋季東京地区大会|1R|二松学舎大付|15|駒場学園|8,2023,autumn,,2023秋季東京地区大会,1R,prefecture,東東京,西東京,15,8,1020.4092,1019.6551,0.457467,4.8,2.6042,1023.0133,1017.051,-15.1903,15.1903,196,historical
2023|autumn||2023秋季東京地区大会|1R|日大二|14|青山学院|2,2023,autumn,,2023秋季東京地区大会,1R,prefecture,西東京,東東京,14,2,1017.051,1023.0133,0.529712,4.8,2.2574,1019.3084,1020.756,13.3165,-13.3165,197,historical
2023|autumn||2023秋季東京地区大会|2R|二松学舎大付|15|日大三|8,2023,autumn,,2023秋季東京地区大会,2R,prefecture,東東京,西東京,15,8,1020.756,1019.3084,0.459155,4.8,2.5961,1023.352,1016.7123,-14.9464,14.9464,198,historical
2023|autumn||2023秋季東京地区大会|2R|昭和|8|紅葉川|0,2023,autumn,,2023秋季東京地区大会,2R,prefecture,西東京,東東京,8,0,1016.7123,1023.352,0.528055,4.8,2.2653,1018.9776,1021.0867,13.0775,-13.0775,199,historical
2023|autumn||2023秋季東京地区大会|2R|日大鶴ヶ丘|16|安田学園|0,2023,autumn,,2023秋季東京地区大会,2R,prefecture,西東京,東東京,16,0,1018.9776,1021.0867,0.539233,4.8,2.2117,1021.1893,1018.875,14.7137,-14.7137,200,historical
2023|autumn||2023秋季東京地区大会|2R|東海大菅生|7|共栄学園|4,2023,autumn,,2023秋季東京地区大会,2R,prefecture,西東京,東東京,7,4,1021.1893,1018.875,0.550111,4.8,2.1595,1023.3488,1016.7155,16.3118,-16.3118,201,historical
2023|autumn||2023秋季東京地区大会|2R|城西|5|工学院大付|3,2023,autumn,,2023秋季東京地区大会,2R,prefecture,徳島,西東京,5,3,961.3969,1023.3488,0.413852,4.8,2.8135,964.2104,1020.5353,0.7433,-0.7433,3,historical
2023|autumn||2023秋季東京地区大会|2R|桜美林|9|文京|3,2023,autumn,,2023秋季東京地区大会,2R,prefecture,西東京,東東京,9,3,1020.5353,1016.7155,0.556694,4.8,2.1279,1022.6631,1014.5877,17.8728,-17.8728,202,historical
2023|autumn||2023秋季東京地区大会|2R|早稲田実|5|高島|0,2023,autumn,,2023秋季東京地区大会,2R,prefecture,西東京,東東京,5,0,1022.6631,1014.5877,0.567085,4.8,2.078,1024.7411,1012.5097,19.4115,-19.4115,203,historical
2023|autumn||2023秋季東京地区大会|3R|東海大菅生|4|修徳|3,2023,autumn,,2023秋季東京地区大会,3R,prefecture,西東京,東東京,4,3,1024.7411,1012.5097,0.577178,4.8,2.0295,1026.7707,1010.4801,20.9148,-20.9148,204,historical
2023|autumn||2023秋季東京地区大会|3R|早稲田実|11|岩倉|10,2023,autumn,,2023秋季東京地区大会,3R,prefecture,西東京,東東京,11,10,1026.7707,1010.4801,0.586976,4.8,1.9825,1028.7532,1008.4976,22.3836,-22.3836,205,historical
2023|autumn||2023秋季東京地区大会|3R|関東一|3|城西|2,2023,autumn,,2023秋季東京地区大会,3R,prefecture,東東京,徳島,3,2,1008.4976,964.2104,0.563932,4.8,2.0931,1010.5907,962.1173,0.1909,-0.1909,1,historical
2023|autumn||2023秋季東京地区大会|3R|日大二|10|明大中野|0,2023,autumn,,2023秋季東京地区大会,3R,prefecture,西東京,東東京,10,0,1028.7532,1010.5907,0.593578,4.8,1.9508,1030.704,1008.6399,23.819,-23.819,206,historical
2023|autumn||2023秋季東京地区大会|QF|日大二|4|二松学舎大付|3,2023,autumn,,2023秋季東京地区大会,QF,regional,西東京,東東京,4,3,1030.704,1008.6399,0.602886,8.0,3.1769,1033.8809,1005.463,25.232,-25.232,207,historical
2023|autumn||2023秋季東京地区大会|QF|関東一|9|東海大菅生|3,2023,autumn,,2023秋季東京地区大会,QF,regional,東東京,西東京,9,3,1005.463,1033.8809,0.382123,8.0,4.943,1010.406,1028.9379,-27.531,27.531,208,historical
2023|autumn||2023秋季東京地区大会|SF|関東一|5|早稲田実|1,2023,autumn,,2023秋季東京地区大会,SF,regional,東東京,西東京,5,1,1010.406,1028.9379,0.405503,8.0,4.756,1015.162,1024.1819,-23.9652,23.9652,209,historical
2023|autumn||2023秋季東京地区大会|F|関東一|4|創価|1,2023,autumn,,2023秋季東京地区大会,F,regional,東東京,西東京,4,1,1015.162,1024.1819,0.428415,8.0,4.5727,1019.7347,1019.6092,-20.5334,20.5334,210,historical
2023|autumn||2023秋季北信越地区大会|1R|星稜|9|松商学園|3,2023,autumn,,2023秋季北信越地区大会,1R,regional,石川,長野,9,3,1050.0056,969.8293,0.619216,8.0,3.0463,1053.0518,966.783,2.1447,-2.1447,16,historical
2023|autumn||2023秋季北信越地区大会|1R|敦賀|2|日本文理|1,2023,autumn,,2023秋季北信越地区大会,1R,regional,福井,新潟,2,1,1010.5331,945.0161,0.627116,8.0,2.9831,1013.5162,942.033,12.3964,-12.3964,15,historical
2023|autumn||2023秋季北信越地区大会|1R|東京都市大塩尻|10|富山北部|7,2023,autumn,,2023秋季北信越地区大会,1R,regional,長野,富山,10,7,966.783,924.0391,0.555549,8.0,3.5556,970.3386,920.4835,-1.9923,1.9923,7,historical
2023|autumn||2023秋季北信越地区大会|1R|北陸|5|小松大谷|4,2023,autumn,,2023秋季北信越地区大会,1R,regional,福井,石川,5,4,1013.5162,1053.0518,0.435096,8.0,4.5192,1018.0354,1048.5326,-2.9101,2.9101,15,historical
2023|autumn||2023秋季北信越地区大会|1R|関根学園|2|高岡商|1,2023,autumn,,2023秋季北信越地区大会,1R,regional,新潟,富山,2,1,942.033,920.4835,0.538375,8.0,3.693,945.726,916.7905,2.5844,-2.5844,8,historical
2023|autumn||2023秋季北信越地区大会|1R|日本航空石川|3|福井商|1,2023,autumn,,2023秋季北信越地区大会,1R,regional,石川,福井,3,1,1048.5326,1018.0354,0.545818,8.0,3.6335,1052.1661,1014.402,0.7152,-0.7152,16,historical
2023|autumn||2023秋季北信越地区大会|1R|敦賀気比|5|上田西|1,2023,autumn,,2023秋季北信越地区大会,1R,regional,福井,長野,5,1,1014.402,970.3386,0.564219,8.0,3.4862,1017.8882,966.8524,0.4043,-0.4043,16,historical
2023|autumn||2023秋季北信越地区大会|1R|帝京長岡|7|高岡第一|0,2023,autumn,,2023秋季北信越地区大会,1R,regional,新潟,富山,7,0,945.726,916.7905,0.553532,8.0,3.5717,949.2978,913.2187,4.2027,-4.2027,9,historical
2023|autumn||2023秋季北信越地区大会|QF|北陸|1|東京都市大塩尻|0,2023,autumn,,2023秋季北信越地区大会,QF,regional,福井,長野,1,0,1017.8882,966.8524,0.579081,8.0,3.3673,1021.2556,963.4851,2.1904,-2.1904,17,historical
2023|autumn||2023秋季北信越地区大会|QF|星稜|10|敦賀|0,2023,autumn,,2023秋季北信越地区大会,QF,regional,石川,福井,10,0,1052.1661,1021.2556,0.551731,8.0,3.5862,1055.7522,1017.6694,2.5825,-2.5825,17,historical
2023|autumn||2023秋季北信越地区大会|QF|日本航空石川|13|関根学園|6,2023,autumn,,2023秋季北信越地区大会,QF,regional,石川,新潟,13,6,1055.7522,949.2978,0.65689,8.0,2.7449,1058.4971,946.5529,3.1846,-3.1846,17,historical
2023|autumn||2023秋季北信越地区大会|QF|敦賀気比|11|帝京長岡|5,2023,autumn,,2023秋季北信越地区大会,QF,regional,福井,新潟,11,5,1017.6694,946.5529,0.639327,8.0,2.8854,1020.5548,943.6675,14.1635,-14.1635,16,historical
2023|autumn||2023秋季北信越地区大会|SF|星稜|6|北陸|1,2023,autumn,,2023秋季北信越地区大会,SF,regional,石川,福井,6,1,1058.4971,1020.5548,0.567123,8.0,3.463,1061.9601,1017.0918,4.4913,-4.4913,18,historical
2023|autumn||2023秋季北信越地区大会|SF|敦賀気比|4|日本航空石川|3,2023,autumn,,2023秋季北信越地区大会,SF,regional,福井,石川,4,3,1017.0918,1061.9601,0.417782,8.0,4.6577,1021.7495,1057.3024,-6.3929,6.3929,19,historical
2023|autumn||2023秋季北信越地区大会|F|星稜|1|敦賀気比|0,2023,autumn,,2023秋季北信越地区大会,F,regional,石川,福井,1,0,1057.3024,1021.7495,0.562334,8.0,3.5013,1060.8037,1018.2482,3.9939,-3.9939,20,historical
2023|autumn||2023秋季東海地区大会|1R|中京|6|浜松開誠館|0,2023,autumn,,2023秋季東海地区大会,1R,regional,岐阜,静岡,6,0,968.0818,999.9528,0.441121,8.0,4.471,972.5528,995.4818,-4.6166,4.6166,15,historical
2023|autumn||2023秋季東海地区大会|1R|豊川|7|神村学園伊賀|0,2023,autumn,,2023秋季東海地区大会,1R,regional,愛知,三重,7,0,1024.0808,960.1186,0.611748,8.0,3.106,1027.1868,957.0126,7.5108,-7.5108,15,historical
2023|autumn||2023秋季東海地区大会|1R|日大三島|7|鈴鹿|1,2023,autumn,,2023秋季東海地区大会,1R,regional,静岡,三重,7,1,995.4818,957.0126,0.568516,8.0,3.4519,998.9336,953.5607,4.7211,-4.7211,17,historical
2023|autumn||2023秋季東海地区大会|1R|県岐阜商|4|豊橋中央|0,2023,autumn,,2023秋季東海地区大会,1R,regional,岐阜,愛知,4,0,972.5528,1027.1868,0.411918,8.0,4.7047,977.2575,1022.4821,-3.6085,3.6085,20,historical
2023|autumn||2023秋季東海地区大会|QF|宇治山田商|10|中京|6,2023,autumn,,2023秋季東海地区大会,QF,regional,三重,岐阜,10,6,953.5607,977.2575,0.467849,8.0,4.2572,957.8179,973.0002,0.6624,-0.6624,15,historical
2023|autumn||2023秋季東海地区大会|QF|豊川|13|岐阜第一|3,2023,autumn,,2023秋季東海地区大会,QF,regional,愛知,岐阜,13,3,1022.4821,973.0002,0.573841,8.0,3.4093,1025.8914,969.591,1.1031,-1.1031,21,historical
2023|autumn||2023秋季東海地区大会|QF|愛工大名電|7|日大三島|4,2023,autumn,,2023秋季東海地区大会,QF,regional,愛知,静岡,7,4,1025.8914,998.9336,0.525102,8.0,3.7992,1029.6906,995.1345,-4.7503,4.7503,21,historical
2023|autumn||2023秋季東海地区大会|QF|藤枝明誠|6|県岐阜商|3,2023,autumn,,2023秋季東海地区大会,QF,regional,静岡,岐阜,6,3,995.1345,969.591,0.543796,8.0,3.6496,998.7841,965.9413,2.4837,-2.4837,16,historical
2023|autumn||2023秋季東海地区大会|SF|豊川|6|宇治山田商|5,2023,autumn,,2023秋季東海地区大会,SF,regional,愛知,三重,6,5,1029.6906,957.8179,0.627149,8.0,2.9828,1032.6734,954.8351,9.2307,-9.2307,16,historical
2023|autumn||2023秋季東海地区大会|SF|愛工大名電|10|藤枝明誠|6,2023,autumn,,2023秋季東海地区大会,SF,regional,愛知,静岡,10,6,1032.6734,998.7841,0.540848,8.0,3.6732,1036.3466,995.1109,-2.721,2.721,22,historical
2023|autumn||2023秋季近畿地区大会|1R|近江|2|興国|0,2023,autumn,,2023秋季近畿地区大会,1R,regional,滋賀,大阪,2,0,1013.1896,1137.103,0.309788,8.0,5.5217,1018.7113,1131.5813,-7.6267,7.6267,13,historical
2023|autumn||2023秋季近畿地区大会|1R|報徳学園|2|奈良大付|0,2023,autumn,,2023秋季近畿地区大会,1R,regional,兵庫,奈良,2,0,1011.9705,1067.6124,0.405542,8.0,4.7557,1016.7261,1062.8567,-5.3961,5.3961,6,historical
2023|autumn||2023秋季近畿地区大会|1R|大阪桐蔭|6|高田商|0,2023,autumn,,2023秋季近畿地区大会,1R,regional,大阪,奈良,6,0,1131.5813,1062.8567,0.595148,8.0,3.2388,1134.8201,1059.6179,-0.8967,0.8967,15,historical
2023|autumn||2023秋季近畿地区大会|1R|履正社|8|滋賀学園|1,2023,autumn,,2023秋季近畿地区大会,1R,regional,大阪,滋賀,8,1,1134.8201,1018.7113,0.674432,8.0,2.6045,1137.4246,1016.1068,5.2047,-5.2047,14,historical
2023|autumn||2023秋季近畿地区大会|1R|京都外大西|7|彦根総合|5,2023,autumn,,2023秋季近畿地区大会,1R,regional,京,滋賀,7,5,1006.378,1016.1068,0.485897,8.0,4.1128,1010.4908,1011.9939,-0.0369,0.0369,2,historical
2023|autumn||2023秋季近畿地区大会|QF|大阪桐蔭|4|報徳学園|3,2023,autumn,,2023秋季近畿地区大会,QF,regional,大阪,兵庫,4,3,1137.4246,1016.7261,0.678938,8.0,2.5685,1139.9931,1014.1576,4.699,-4.699,12,historical
2023|autumn||2023秋季近畿地区大会|QF|耐久|4|須磨翔風|1,2023,autumn,,2023秋季近畿地区大会,QF,regional,和歌山,兵庫,4,1,1034.6684,1014.1576,0.537229,8.0,3.7022,1038.3706,1010.4555,2.7031,-2.7031,11,historical
2023|autumn||2023秋季近畿地区大会|QF|京都外大西|10|履正社|7,2023,autumn,,2023秋季近畿地区大会,QF,regional,京,大阪,10,7,1010.4908,1139.9931,0.317421,8.0,5.4606,1015.9515,1134.5325,-1.7521,1.7521,10,historical
2023|autumn||2023秋季近畿地区大会|QF|京都国際|1|近江|0,2023,autumn,,2023秋季近畿地区大会,QF,regional,京,滋賀,1,0,1015.9515,1011.9939,0.507971,8.0,3.9362,1019.8877,1008.0577,0.791,-0.791,3,historical
2023|autumn||2023秋季近畿地区大会|SF|京都外大西|1|耐久|0,2023,autumn,,2023秋季近畿地区大会,SF,regional,京,和歌山,1,0,1019.8877,1038.3706,0.479807,8.0,4.1615,1024.0492,1034.2091,2.222,-2.222,7,historical
2023|autumn||2023秋季近畿地区大会|SF|大阪桐蔭|4|京都国際|0,2023,autumn,,2023秋季近畿地区大会,SF,regional,大阪,京,4,0,1134.5325,1024.0492,0.652425,8.0,2.7806,1137.3131,1021.2686,-0.5452,0.5452,11,historical
2023|autumn||2023秋季近畿地区大会|F|大阪桐蔭|2|京都外大西|1,2023,autumn,,2023秋季近畿地区大会,F,regional,大阪,京,2,1,1137.3131,1021.2686,0.662825,8.0,2.6974,1140.0105,1018.5712,0.6863,-0.6863,12,historical
2023|autumn||2023秋季中国地区大会|1R|尾道|3|浜田|1,2023,autumn,,2023秋季中国地区大会,1R,regional,広島,島根,3,1,1053.9276,922.8982,0.692539,8.0,2.4597,1056.3873,920.4385,5.016,-5.016,9,historical
2023|autumn||2023秋季中国地区大会|1R|創志学園|8|米子北|1,2023,autumn,,2023秋季中国地区大会,1R,regional,岡山,鳥取,8,1,1014.5898,943.5292,0.602347,8.0,3.1812,1017.771,940.348,0.5381,-0.5381,9,historical
2023|autumn||2023秋季中国地区大会|1R|広陵|6|岡山学芸館|3,2023,autumn,,2023秋季中国地区大会,1R,regional,広島,岡山,6,3,1056.3873,1017.771,0.532006,8.0,3.744,1060.1313,1014.027,-8.1729,8.1729,20,historical
2023|autumn||2023秋季中国地区大会|1R|高川学園|4|総社南|1,2023,autumn,,2023秋季中国地区大会,1R,regional,山口,岡山,4,1,1004.6097,1014.027,0.491212,8.0,4.0703,1008.68,1009.9567,1.6552,-1.6552,16,historical
2023|autumn||2023秋季中国地区大会|1R|下関国際|10|鳥取城北|1,2023,autumn,,2023秋季中国地区大会,1R,regional,山口,鳥取,10,1,1008.68,940.348,0.598748,8.0,3.21,1011.89,937.138,0.5994,-0.5994,7,historical
2023|autumn||2023秋季中国地区大会|1R|米子松蔭|4|大社|2,2023,autumn,,2023秋季中国地区大会,1R,regional,鳥取,島根,4,2,937.138,920.4385,0.538244,8.0,3.694,940.832,916.7445,4.9637,-4.9637,8,historical
2023|autumn||2023秋季中国地区大会|1R|宇部鴻城|7|岡山城東|3,2023,autumn,,2023秋季中国地区大会,1R,regional,山口,岡山,7,3,1011.89,1009.9567,0.513613,8.0,3.8911,1015.7811,1006.0656,3.7641,-3.7641,17,historical
2023|autumn||2023秋季中国地区大会|1R|広島新庄|13|矢上|1,2023,autumn,,2023秋季中国地区大会,1R,regional,広島,島根,13,1,1060.1313,916.7445,0.710497,8.0,2.316,1062.4473,914.4285,6.2886,-6.2886,10,historical
2023|autumn||2023秋季中国地区大会|QF|高川学園|5|米子松蔭|4,2023,autumn,,2023秋季中国地区大会,QF,regional,山口,鳥取,5,4,1015.7811,940.832,0.61128,8.0,3.1098,1018.8908,937.7223,1.846,-1.846,8,historical
2023|autumn||2023秋季中国地区大会|QF|広陵|4|下関国際|0,2023,autumn,,2023秋季中国地区大会,QF,regional,広島,山口,4,0,1062.4473,1018.8908,0.59339,8.0,3.2529,1065.7002,1015.638,11.0543,-11.0543,17,historical
2023|autumn||2023秋季中国地区大会|QF|宇部鴻城|5|尾道|4,2023,autumn,,2023秋季中国地区大会,QF,regional,山口,広島,5,4,1015.638,1065.7002,0.392409,8.0,4.8607,1020.4987,1060.8395,-12.9433,12.9433,18,historical
2023|autumn||2023秋季中国地区大会|QF|創志学園|1|広島新庄|0,2023,autumn,,2023秋季中国地区大会,QF,regional,岡山,広島,1,0,1006.0656,1060.8395,0.439468,8.0,4.4843,1010.5499,1056.3552,6.2523,-6.2523,21,historical
2023|autumn||2023秋季中国地区大会|SF|広陵|8|宇部鴻城|4,2023,autumn,,2023秋季中国地区大会,SF,regional,広島,山口,8,4,1056.3552,1020.4987,0.581355,8.0,3.3492,1059.7044,1017.1495,10.591,-10.591,19,historical
2023|autumn||2023秋季中国地区大会|SF|創志学園|7|高川学園|0,2023,autumn,,2023秋季中国地区大会,SF,regional,岡山,山口,7,0,1010.5499,1017.1495,0.473681,8.0,4.2105,1014.7604,1012.939,-5.8526,5.8526,18,historical
2023|autumn||2023秋季中国地区大会|F|広陵|2|創志学園|1,2023,autumn,,2023秋季中国地区大会,F,regional,広島,岡山,2,1,1059.7044,1014.7604,0.539276,8.0,3.6858,1063.3902,1011.0746,-8.798,8.798,22,historical
2023|autumn||2023秋季四国地区大会|1R|高知商|8|宇和島東|5,2023,autumn,,2023秋季四国地区大会,1R,regional,高知,愛媛,8,5,1059.5346,958.8755,0.696473,8.0,2.4282,1061.9628,956.4473,21.8118,-21.8118,18,historical
2023|autumn||2023秋季四国地区大会|1R|今治西|13|高松中央|0,2023,autumn,,2023秋季四国地区大会,1R,regional,愛媛,香川,13,0,956.4473,993.9036,0.446134,8.0,4.4309,960.8782,989.4727,-0.0599,0.0599,14,historical
2023|autumn||2023秋季四国地区大会|1R|阿南光|6|丸亀城西|2,2023,autumn,,2023秋季四国地区大会,1R,regional,徳島,香川,6,2,962.1173,989.4727,0.460607,8.0,4.3151,966.4324,985.1575,-0.0373,0.0373,11,historical
2023|autumn||2023秋季四国地区大会|1R|明徳義塾|7|池田|1,2023,autumn,,2023秋季四国地区大会,1R,regional,高知,岐阜,7,1,1061.9628,965.9413,0.635834,8.0,2.9133,1064.8761,963.028,0.3982,-0.3982,1,historical
2023|autumn||2023秋季四国地区大会|QF|鳴門|12|高知商|8,2023,autumn,,2023秋季四国地区大会,QF,regional,徳島,高知,12,8,966.4324,1064.8761,0.345976,8.0,5.2322,971.6646,1059.644,-6.0876,6.0876,19,historical
2023|autumn||2023秋季四国地区大会|QF|高知|10|今治西|3,2023,autumn,,2023秋季四国地区大会,QF,regional,高知,愛媛,10,3,1059.644,960.8782,0.698159,8.0,2.4147,1062.0587,958.4635,23.4524,-23.4524,19,historical
2023|autumn||2023秋季四国地区大会|QF|阿南光|6|松山商|1,2023,autumn,,2023秋季四国地区大会,QF,regional,徳島,愛媛,6,1,971.6646,958.4635,0.510699,8.0,3.9144,975.579,954.5491,-2.8828,2.8828,13,historical
2023|autumn||2023秋季四国地区大会|QF|明徳義塾|10|大手前高松|3,2023,autumn,,2023秋季四国地区大会,QF,regional,高知,香川,10,3,1062.0587,985.1575,0.58375,8.0,3.33,1065.3887,981.8275,-9.076,9.076,21,historical
2023|autumn||2023秋季四国地区大会|F|高知|5|阿南光|1,2023,autumn,,2023秋季四国地区大会,F,regional,高知,徳島,5,1,1065.3887,975.579,0.635493,8.0,2.9161,1068.3047,972.663,3.3762,-3.3762,20,historical
2023|autumn||2023秋季九州地区大会|1R|神村学園|9|沖縄尚学|1,2023,autumn,,2023秋季九州地区大会,1R,regional,鹿児島,沖縄,9,1,993.7404,1015.957,0.467723,8.0,4.2582,997.9986,1011.6988,-0.1216,0.1216,6,historical
2023|autumn||2023秋季九州地区大会|1R|熊本国府|6|飯塚|2,2023,autumn,,2023秋季九州地区大会,1R,regional,熊本,福岡,6,2,960.1495,1039.7282,0.392159,8.0,4.8627,965.0122,1034.8655,1.7239,-1.7239,5,historical
2023|autumn||2023秋季九州地区大会|1R|日南学園|10|有田工|9,2023,autumn,,2023秋季九州地区大会,1R,regional,宮崎,佐賀,10,9,937.0094,929.2401,0.515366,8.0,3.8771,940.8865,925.363,1.4556,-1.4556,2,historical
2023|autumn||2023秋季九州地区大会|1R|大分舞鶴|2|長崎日大|1,2023,autumn,,2023秋季九州地区大会,1R,regional,大分,長崎,2,1,1026.0354,1010.4913,0.528726,8.0,3.7702,1029.8056,1006.7211,2.2195,-2.2195,6,historical
2023|autumn||2023秋季九州地区大会|1R|延岡学園|4|れいめい|1,2023,autumn,,2023秋季九州地区大会,1R,regional,宮崎,鹿児島,4,1,940.8865,997.9986,0.413888,8.0,4.6889,945.5754,993.3097,-1.6633,1.6633,4,historical
2023|autumn||2023秋季九州地区大会|1R|唐津商|1|興南|0,2023,autumn,,2023秋季九州地区大会,1R,regional,佐賀,沖縄,1,0,925.363,1011.6988,0.369194,8.0,5.0464,930.4095,1006.6524,-3.3603,3.3603,4,historical
2023|autumn||2023秋季九州地区大会|1R|明豊|8|海星|7,2023,autumn,,2023秋季九州地区大会,1R,regional,大分,長崎,8,7,1029.8056,1006.7211,0.543862,8.0,3.6491,1033.4547,1003.072,3.7363,-3.7363,7,historical
2023|autumn||2023秋季九州地区大会|1R|東海大福岡|10|九州学院|8,2023,autumn,,2023秋季九州地区大会,1R,regional,福岡,熊本,10,8,1034.8655,965.0122,0.589524,8.0,3.2838,1038.1493,961.7284,-3.4839,3.4839,6,historical
2023|autumn||2023秋季九州地区大会|QF|東海大福岡|10|延岡学園|8,2023,autumn,,2023秋季九州地区大会,QF,regional,福岡,宮崎,10,8,1038.1493,945.5754,0.638602,8.0,2.8912,1041.0405,942.6842,3.1619,-3.1619,9,historical
2023|autumn||2023秋季九州地区大会|QF|明豊|10|唐津商|1,2023,autumn,,2023秋季九州地区大会,QF,regional,大分,佐賀,10,1,1033.4547,930.4095,0.646799,8.0,2.8256,1036.2803,927.5839,1.027,-1.027,2,historical
2023|autumn||2023秋季九州地区大会|QF|熊本国府|7|大分舞鶴|6,2023,autumn,,2023秋季九州地区大会,QF,regional,熊本,大分,7,6,961.7284,1036.2803,0.400322,8.0,4.7974,966.5258,1031.4829,2.1741,-2.1741,5,historical
2023|autumn||2023秋季九州地区大会|QF|神村学園|10|日南学園|0,2023,autumn,,2023秋季九州地区大会,QF,regional,鹿児島,宮崎,10,0,993.3097,942.6842,0.573941,8.0,3.4085,996.7182,939.2757,0.5666,-0.5666,5,historical
2023|autumn||2023秋季九州地区大会|SF|明豊|5|東海大福岡|1,2023,autumn,,2023秋季九州地区大会,SF,regional,大分,福岡,5,1,1031.4829,1041.0405,0.479958,8.0,4.1603,1035.6432,1036.8802,-2.1884,2.1884,19,historical
2023|autumn||2023秋季九州地区大会|SF|熊本国府|7|神村学園|1,2023,autumn,,2023秋季九州地区大会,SF,regional,熊本,鹿児島,7,1,966.5258,996.7182,0.455802,8.0,4.3536,970.8794,992.3646,-0.2999,0.2999,1,historical
2023|autumn||2023秋季九州地区大会|F|熊本国府|5|明豊|1,2023,autumn,,2023秋季九州地区大会,F,regional,熊本,大分,5,1,970.8794,1035.6432,0.41893,8.0,4.6486,975.528,1030.9947,3.9646,-3.9646,6,historical
2023|jingu||2023明治神宮大会|1R|関東一|6|熊本国府|2,2023,jingu,,2023明治神宮大会,1R,prefecture,東東京,熊本,6,2,1019.7347,975.528,0.56583,4.8,2.084,1021.8187,973.4439,0.9017,-0.9017,2,historical
2023|jingu||2023明治神宮大会|1R|星稜|7|広陵|6,2023,jingu,,2023明治神宮大会,1R,national,石川,広島,7,6,1060.8037,1063.3902,0.497394,9.2,4.624,1065.4277,1058.7662,0.3879,-0.3879,1,historical
2023|jingu||2023明治神宮大会|QF|作新学院|2|北海|1,2023,jingu,,2023明治神宮大会,QF,national,栃木,南北海道,2,1,964.2939,1014.0455,0.428887,9.2,5.2542,969.5481,1008.7912,-0.0,0.0,0,historical
2023|jingu||2023明治神宮大会|QF|豊川|9|高知|8,2023,jingu,,2023明治神宮大会,QF,national,愛知,高知,9,8,1036.3466,1068.3047,0.455322,9.2,5.011,1041.3577,1063.2937,0.4148,-0.4148,1,historical
2023|jingu||2023明治神宮大会|QF|関東一|9|大阪桐蔭|5,2023,jingu,,2023明治神宮大会,QF,regional,東東京,大阪,9,5,1021.8187,1140.0105,0.334603,8.0,5.3232,1027.1419,1134.6873,-0.6144,0.6144,2,historical
2023|jingu||2023明治神宮大会|QF|星稜|3|青森山田|2,2023,jingu,,2023明治神宮大会,QF,national,石川,青森,3,2,1065.4277,1044.6715,0.529835,9.2,4.3255,1069.7532,1040.346,0.0,-0.0,0,historical
2023|jingu||2023明治神宮大会|SF|星稜|15|豊川|3,2023,jingu,,2023明治神宮大会,SF,national,石川,愛知,15,3,1069.7532,1041.3577,0.539142,9.2,4.2399,1073.9931,1037.1178,-0.5705,0.5705,1,historical
2023|jingu||2023明治神宮大会|SF|作新学院|8|関東一|6,2023,jingu,,2023明治神宮大会,SF,regional,栃木,東東京,8,6,969.5481,1027.1419,0.417867,8.0,4.6571,974.2052,1022.4848,-0.0,0.0,0,historical
2023|jingu||2023明治神宮大会|F|星稜|3|作新学院|1,2023,jingu,,2023明治神宮大会,F,national,石川,栃木,3,1,1073.9931,974.2052,0.639784,9.2,3.314,1077.3071,970.8912,-0.0,0.0,0,historical
2024|spring||2024春季北海道地区大会|1R|札幌国際情報|2|別海|1,2024,spring,,2024春季北海道地区大会,1R,regional,南北海道,北北海道,2,1,1008.7912,956.4508,0.614513,7.6,2.9297,1011.7209,953.5211,14.3342,-14.3342,116,historical
2024|spring||2024春季北海道地区大会|1R|クラーク国際|5|函館大柏稜|0,2024,spring,,2024春季北海道地区大会,1R,regional,北北海道,南北海道,5,0,953.5211,1011.7209,0.371959,7.6,4.7731,958.2942,1006.9478,-16.3988,16.3988,117,historical
2024|spring||2024春季北海道地区大会|1R|旭川実|5|札幌大谷|3,2024,spring,,2024春季北海道地区大会,1R,regional,北北海道,南北海道,5,3,958.2942,1006.9478,0.394037,7.6,4.6053,962.8995,1002.3425,-13.0551,13.0551,118,historical
2024|spring||2024春季北海道地区大会|1R|北海|5|帯広大谷|4,2024,spring,,2024春季北海道地区大会,1R,regional,南北海道,北北海道,5,4,1002.3425,962.8995,0.584233,7.6,3.1598,1005.5023,959.7397,9.8257,-9.8257,119,historical
2024|spring||2024春季北海道地区大会|1R|釧路江南|13|大麻|1,2024,spring,,2024春季北海道地区大会,1R,regional,北北海道,南北海道,13,1,959.7397,1005.5023,0.400786,7.6,4.554,964.2937,1000.9483,-12.0526,12.0526,120,historical
2024|spring||2024春季北海道地区大会|QF|遠軽|5|札幌国際情報|1,2024,spring,,2024春季北海道地区大会,QF,regional,北北海道,南北海道,5,1,964.2937,1000.9483,0.422395,7.6,4.3898,968.6835,996.5585,-8.8551,8.8551,121,historical
2024|spring||2024春季北海道地区大会|QF|クラーク国際|8|駒大苫小牧|6,2024,spring,,2024春季北海道地区大会,QF,regional,北北海道,南北海道,8,6,968.6835,996.5585,0.44352,7.6,4.2293,972.9127,992.3292,-5.7699,5.7699,122,historical
2024|spring||2024春季北海道地区大会|QF|北海|3|旭川実|1,2024,spring,,2024春季北海道地区大会,QF,regional,南北海道,北北海道,3,1,992.3292,972.9127,0.535924,7.6,3.527,995.8562,969.3858,2.7945,-2.7945,123,historical
2024|spring||2024春季北海道地区大会|QF|東海大札幌|10|釧路江南|3,2024,spring,,2024春季北海道地区大会,QF,regional,南北海道,北北海道,10,3,995.8562,969.3858,0.553093,7.6,3.3965,999.2527,965.9893,5.2808,-5.2808,124,historical
2024|spring||2024春季北海道地区大会|F|北海|3|クラーク国際|2,2024,spring,,2024春季北海道地区大会,F,regional,南北海道,北北海道,3,2,999.2527,965.9893,0.569515,7.6,3.2717,1002.5244,962.7176,7.6775,-7.6775,125,historical
2024|spring||2024春季東北地区大会|1R|盛岡大付|11|日大山形|10,2024,spring,,2024春季東北地区大会,1R,regional,岩手,山形,11,10,999.5604,981.9648,0.528844,7.6,3.5808,1003.1412,978.384,1.2349,-1.2349,13,historical
2024|spring||2024春季東北地区大会|1R|秋田商|10|仙台城南|5,2024,spring,,2024春季東北地区大会,1R,regional,秋田,宮城,10,5,962.7857,1076.8378,0.328043,7.6,5.1069,967.8925,1071.731,-5.2562,5.2562,11,historical
2024|spring||2024春季東北地区大会|1R|鶴岡東|7|聖和学園|4,2024,spring,,2024春季東北地区大会,1R,regional,山形,宮城,7,4,978.384,1071.731,0.358128,7.6,4.8782,983.2623,1066.8527,-4.0085,4.0085,12,historical
2024|spring||2024春季東北地区大会|1R|青森山田|2|聖光学院|1,2024,spring,,2024春季東北地区大会,1R,regional,青森,福島,2,1,1040.346,990.8339,0.576326,7.6,3.2199,1043.5659,987.614,1.9713,-1.9713,12,historical
2024|spring||2024春季東北地区大会|1R|聖愛|3|東北文教大山形城北|1,2024,spring,,2024春季東北地区大会,1R,regional,青森,山形,3,1,1043.5659,983.2623,0.609859,7.6,2.9651,1046.531,980.2972,8.6499,-8.6499,14,historical
2024|spring||2024春季東北地区大会|1R|仙台育英|8|光南|3,2024,spring,,2024春季東北地区大会,1R,regional,宮城,福島,8,3,1066.8527,987.614,0.620882,7.6,2.8813,1069.734,984.7327,3.2275,-3.2275,17,historical
2024|spring||2024春季東北地区大会|QF|盛岡大付|8|明桜|1,2024,spring,,2024春季東北地区大会,QF,regional,岩手,秋田,8,1,1003.1412,967.8925,0.552649,7.6,3.3999,1006.5411,964.4927,0.7359,-0.7359,11,historical
2024|spring||2024春季東北地区大会|QF|聖愛|7|仙台育英|6,2024,spring,,2024春季東北地区大会,QF,regional,青森,宮城,7,6,1046.531,1069.734,0.468824,7.6,4.0369,1050.5679,1065.6971,0.7557,-0.7557,21,historical
2024|spring||2024春季東北地区大会|QF|花巻東|8|秋田商|4,2024,spring,,2024春季東北地区大会,QF,regional,岩手,秋田,8,4,1006.5411,964.4927,0.566711,7.6,3.293,1009.8341,961.1997,2.2926,-2.2926,12,historical
2024|spring||2024春季東北地区大会|QF|青森山田|5|鶴岡東|0,2024,spring,,2024春季東北地区大会,QF,regional,青森,山形,5,0,1050.5679,980.2972,0.627912,7.6,2.8279,1053.3958,977.4693,10.3151,-10.3151,15,historical
2024|spring||2024春季東北地区大会|SF|聖愛|7|盛岡大付|0,2024,spring,,2024春季東北地区大会,SF,regional,青森,岩手,7,0,1053.3958,1009.8341,0.572752,7.6,3.2471,1056.6429,1006.587,3.6765,-3.6765,13,historical
2024|spring||2024春季東北地区大会|SF|花巻東|2|青森山田|0,2024,spring,,2024春季東北地区大会,SF,regional,岩手,青森,2,0,1006.587,1056.6429,0.413504,7.6,4.4574,1011.0443,1052.1855,-5.3291,5.3291,14,historical
2024|spring||2024春季東北地区大会|F|花巻東|3|聖愛|2,2024,spring,,2024春季東北地区大会,F,regional,岩手,青森,3,2,1011.0443,1052.1855,0.431777,7.6,4.3185,1015.3628,1047.867,-3.2813,3.2813,15,historical
2024|spring||2024春季関東地区大会|1R|鹿島学園|2|樹徳|1,2024,spring,,2024春季関東地区大会,1R,regional,茨城,群馬,2,1,987.4187,1015.9506,0.462035,7.6,4.0885,991.5072,1011.862,1.0501,-1.0501,13,historical
2024|spring||2024春季関東地区大会|2R|白鴎大足利|9|前橋商|2,2024,spring,,2024春季関東地区大会,2R,regional,栃木,群馬,9,2,970.8912,1011.862,0.429699,7.6,4.3343,975.2255,1007.5277,-4.1024,4.1024,6,historical
2024|spring||2024春季関東地区大会|2R|東海大相模|9|専大松戸|3,2024,spring,,2024春季関東地区大会,2R,regional,神奈川,千葉,9,3,1042.2042,1014.4491,0.513842,7.6,3.6948,1045.899,1010.7543,-9.067,9.067,14,historical
2024|spring||2024春季関東地区大会|2R|東海大菅生|2|山梨学院|0,2024,spring,,2024春季関東地区大会,2R,prefecture,西東京,山梨,2,0,1019.6092,1007.6794,0.518844,4.56,2.1941,1021.8033,1005.4853,0.5854,-0.5854,2,historical
2024|spring||2024春季関東地区大会|2R|昌平|8|武相|0,2024,spring,,2024春季関東地区大会,2R,regional,埼玉,神奈川,8,0,1012.6456,1045.899,0.429101,7.6,4.3388,1016.9845,1041.5602,-8.1734,8.1734,16,historical
2024|spring||2024春季関東地区大会|2R|健大高崎|10|宇都宮商|0,2024,spring,,2024春季関東地区大会,2R,regional,群馬,栃木,10,0,1007.5277,975.2255,0.554757,7.6,3.3838,1010.9116,971.8416,2.9501,-2.9501,7,historical
2024|spring||2024春季関東地区大会|2R|花咲徳栄|10|日大明誠|0,2024,spring,,2024春季関東地区大会,2R,regional,埼玉,山梨,10,0,1016.9845,1005.4853,0.501248,7.6,3.7905,1020.775,1001.6948,-5.3161,5.3161,9,historical
2024|spring||2024春季関東地区大会|2R|常総学院|10|中央学院|3,2024,spring,,2024春季関東地区大会,2R,regional,茨城,千葉,10,3,991.5072,1010.7543,0.483107,7.6,3.9284,995.4356,1006.826,3.7522,-3.7522,9,historical
2024|spring||2024春季関東地区大会|2R|帝京|9|鹿島学園|2,2024,spring,,2024春季関東地区大会,2R,prefecture,東東京,茨城,9,2,1022.4848,995.4356,0.535162,4.56,2.1197,1024.6045,993.3159,-1.288,1.288,3,historical
2024|spring||2024春季関東地区大会|QF|常総学院|6|健大高崎|5,2024,spring,,2024春季関東地区大会,QF,regional,茨城,群馬,6,5,993.3159,1010.9116,0.483407,7.6,3.9261,997.242,1006.9855,3.0308,-3.0308,14,historical
2024|spring||2024春季関東地区大会|QF|帝京|12|花咲徳栄|5,2024,spring,,2024春季関東地区大会,QF,prefecture,東東京,埼玉,12,5,1024.6045,1020.775,0.503914,4.56,2.2622,1026.8666,1018.5128,-0.5548,0.5548,3,historical
2024|spring||2024春季関東地区大会|QF|東海大菅生|3|昌平|2,2024,spring,,2024春季関東地区大会,QF,prefecture,西東京,埼玉,3,2,1021.8033,1018.5128,0.502755,4.56,2.2674,1024.0707,1016.2454,-0.688,0.688,5,historical
2024|spring||2024春季関東地区大会|QF|白鴎大足利|5|東海大相模|0,2024,spring,,2024春季関東地区大会,QF,regional,栃木,神奈川,5,0,971.8416,1041.5602,0.37764,7.6,4.7299,976.5716,1036.8303,-8.5333,8.5333,7,historical
2024|spring||2024春季関東地区大会|SF|常総学院|9|東海大菅生|8,2024,spring,,2024春季関東地区大会,SF,prefecture,茨城,西東京,9,8,997.242,1024.0707,0.459599,4.56,2.4642,999.7062,1021.6065,-0.6531,0.6531,2,historical
2024|spring||2024春季関東地区大会|SF|白鴎大足利|3|帝京|1,2024,spring,,2024春季関東地区大会,SF,prefecture,栃木,東東京,3,1,976.5716,1026.8666,0.429215,4.56,2.6028,979.1744,1024.2638,0.3881,-0.3881,1,historical
2024|spring||2024春季関東地区大会|F|白鴎大足利|5|常総学院|4,2024,spring,,2024春季関東地区大会,F,regional,栃木,茨城,5,4,979.1744,999.7062,0.480693,7.6,3.9467,983.1211,995.7595,3.5547,-3.5547,5,historical
2024|spring||2024春季北信越地区大会|QF|帝京長岡|10|氷見|0,2024,spring,,2024春季北信越地区大会,QF,regional,新潟,富山,10,0,943.6675,913.2187,0.560499,7.6,3.3402,947.0077,909.8785,5.8985,-5.8985,10,historical
2024|spring||2024春季北信越地区大会|QF|福井工大福井|5|高岡商|2,2024,spring,,2024春季北信越地区大会,QF,regional,福井,富山,5,2,1018.2482,909.8785,0.689405,7.6,2.3605,1020.6087,907.518,15.0711,-15.0711,15,historical
2024|spring||2024春季北信越地区大会|QF|星稜|4|富山商|1,2024,spring,,2024春季北信越地区大会,QF,regional,石川,富山,4,1,1077.3071,907.518,0.765837,7.6,1.7796,1079.0867,905.7384,18.0293,-18.0293,17,historical
2024|spring||2024春季北信越地区大会|QF|東京都市大塩尻|8|高朋|1,2024,spring,,2024春季北信越地区大会,QF,regional,長野,富山,8,1,963.4851,905.7384,0.580102,7.6,3.1912,966.6763,902.5471,-0.8013,0.8013,8,historical
2024|spring||2024春季北信越地区大会|SF|帝京長岡|4|福井工大福井|2,2024,spring,,2024春季北信越地区大会,SF,regional,新潟,福井,4,2,947.0077,1020.6087,0.352756,7.6,4.9191,951.9268,1015.6897,-15.9183,15.9183,17,historical
2024|spring||2024春季北信越地区大会|SF|東京都市大塩尻|9|星稜|7,2024,spring,,2024春季北信越地区大会,SF,regional,長野,石川,9,7,966.6763,1079.0867,0.333998,7.6,5.0616,971.7379,1074.0251,-3.7412,3.7412,17,historical
2024|spring||2024春季北信越地区大会|F|帝京長岡|2|東京都市大塩尻|0,2024,spring,,2024春季北信越地区大会,F,regional,新潟,長野,2,0,951.9268,971.7379,0.45418,7.6,4.1482,956.075,967.5897,-6.0586,6.0586,14,historical
2024|spring||2024春季東海地区大会|QF|津田学園|7|市岐阜商|6,2024,spring,,2024春季東海地区大会,QF,regional,三重,岐阜,7,6,954.8351,963.028,0.496285,7.6,3.8282,958.6634,959.1998,2.8057,-2.8057,16,historical
2024|spring||2024春季東海地区大会|QF|中京大中京|1|加藤学園|0,2024,spring,,2024春季東海地区大会,QF,regional,愛知,静岡,1,0,1037.1178,995.1109,0.558148,7.6,3.3581,1040.4758,991.7528,-0.709,0.709,23,historical
2024|spring||2024春季東海地区大会|QF|菰野|9|享栄|7,2024,spring,,2024春季東海地区大会,QF,regional,三重,愛知,9,7,958.6634,1040.4758,0.355062,7.6,4.9015,963.5649,1035.5743,-10.9366,10.9366,17,historical
2024|spring||2024春季東海地区大会|QF|県岐阜商|2|静岡|1,2024,spring,,2024春季東海地区大会,QF,regional,岐阜,静岡,2,1,959.1998,991.7528,0.440783,7.6,4.2501,963.4498,987.5027,-4.3947,4.3947,17,historical
2024|spring||2024春季東海地区大会|SF|中京大中京|7|津田学園|0,2024,spring,,2024春季東海地区大会,SF,regional,愛知,三重,7,0,1035.5743,963.5649,0.625605,7.6,2.8454,1038.4197,960.7195,8.5895,-8.5895,18,historical
2024|spring||2024春季東海地区大会|SF|菰野|6|県岐阜商|5,2024,spring,,2024春季東海地区大会,SF,regional,三重,岐阜,6,5,960.7195,963.4498,0.509926,7.6,3.7246,964.4441,959.7253,4.8142,-4.8142,17,historical
2024|spring||2024春季東海地区大会|F|中京大中京|4|菰野|3,2024,spring,,2024春季東海地区大会,F,regional,愛知,三重,4,3,1038.4197,964.4441,0.63266,7.6,2.7918,1041.2115,961.6523,10.2326,-10.2326,19,historical
2024|spring||2024春季近畿地区大会|QF|天理|11|社|0,2024,spring,,2024春季近畿地区大会,QF,regional,奈良,兵庫,11,0,1059.6179,1010.4555,0.582121,7.6,3.1759,1062.7938,1007.2796,4.2113,-4.2113,7,historical
2024|spring||2024春季近畿地区大会|QF|京都国際|8|明石商|1,2024,spring,,2024春季近畿地区大会,QF,regional,京,兵庫,8,1,1018.5712,1007.2796,0.515759,7.6,3.6802,1022.2515,1003.5993,-0.1689,0.1689,8,historical
2024|spring||2024春季近畿地区大会|QF|智弁和歌山|4|滋賀学園|0,2024,spring,,2024春季近畿地区大会,QF,regional,和歌山,滋賀,4,0,1034.2091,1008.0577,0.539355,7.6,3.5009,1037.71,1004.5568,0.6261,-0.6261,7,historical
2024|spring||2024春季近畿地区大会|QF|須磨翔風|3|大阪学院大高|1,2024,spring,,2024春季近畿地区大会,QF,regional,兵庫,大阪,3,1,1003.5993,1134.6873,0.304884,7.6,5.2829,1008.8822,1129.4045,-6.0407,6.0407,13,historical
2024|spring||2024春季近畿地区大会|SF|智弁和歌山|12|須磨翔風|0,2024,spring,,2024春季近畿地区大会,SF,regional,和歌山,兵庫,12,0,1037.71,1008.8822,0.554132,7.6,3.3886,1041.0986,1005.4936,4.4674,-4.4674,12,historical
2024|spring||2024春季近畿地区大会|SF|京都国際|5|天理|1,2024,spring,,2024春季近畿地区大会,SF,regional,京,奈良,5,1,1022.2515,1062.7938,0.434628,7.6,4.2968,1026.5483,1058.4969,-2.5723,2.5723,8,historical
2024|spring||2024春季近畿地区大会|F|京都国際|3|智弁和歌山|2,2024,spring,,2024春季近畿地区大会,F,regional,京,和歌山,3,2,1026.5483,1041.0986,0.490406,7.6,3.8729,1030.4212,1037.2257,3.9413,-3.9413,8,historical
2024|spring||2024春季中国地区大会|QF|広陵|8|鳥取城北|6,2024,spring,,2024春季中国地区大会,QF,regional,広島,鳥取,8,6,1058.7662,937.7223,0.70615,7.6,2.2333,1060.9994,935.489,15.6325,-15.6325,18,historical
2024|spring||2024春季中国地区大会|QF|尾道|3|宇部鴻城|2,2024,spring,,2024春季中国地区大会,QF,regional,広島,山口,3,2,1060.9994,1012.939,0.603742,7.6,3.0116,1064.011,1009.9274,12.5445,-12.5445,20,historical
2024|spring||2024春季中国地区大会|QF|倉敷商|7|崇徳|1,2024,spring,,2024春季中国地区大会,QF,regional,岡山,広島,7,1,1011.0746,1064.011,0.443774,7.6,4.2273,1015.302,1059.7837,6.8502,-6.8502,23,historical
2024|spring||2024春季中国地区大会|QF|海田|5|益田東|4,2024,spring,,2024春季中国地区大会,QF,regional,広島,島根,5,4,1059.7837,914.4285,0.715807,7.6,2.1599,1061.9435,912.2686,7.559,-7.559,11,historical
2024|spring||2024春季中国地区大会|SF|倉敷商|2|広陵|1,2024,spring,,2024春季中国地区大会,SF,regional,岡山,広島,2,1,1015.302,1061.9435,0.45974,7.6,4.106,1019.4079,1057.8376,9.3026,-9.3026,24,historical
2024|spring||2024春季中国地区大会|F|尾道|6|倉敷商|5,2024,spring,,2024春季中国地区大会,F,regional,広島,岡山,6,5,1057.8376,1019.4079,0.521531,7.6,3.6364,1061.4739,1015.7716,-11.7295,11.7295,25,historical
2024|spring||2024春季四国地区大会|QF|高知|7|松山商|0,2024,spring,,2024春季四国地区大会,QF,regional,高知,愛媛,7,0,1063.2937,954.5491,0.714011,7.6,2.1735,1065.4672,952.3756,25.0986,-25.0986,20,historical
2024|spring||2024春季四国地区大会|QF|高松商|3|徳島商|2,2024,spring,,2024春季四国地区大会,QF,regional,香川,徳島,3,2,981.8275,972.663,0.507711,7.6,3.7414,985.5689,968.9216,-1.9031,1.9031,12,historical
2024|spring||2024春季四国地区大会|QF|阿南光|5|済美|0,2024,spring,,2024春季四国地区大会,QF,regional,徳島,愛媛,5,0,968.9216,952.3756,0.520648,7.6,3.6431,972.5647,948.7325,-1.0952,1.0952,14,historical
2024|spring||2024春季四国地区大会|QF|尽誠学園|4|明徳義塾|2,2024,spring,,2024春季四国地区大会,QF,regional,香川,高知,4,2,985.5689,1065.4672,0.407285,7.6,4.5046,990.0735,1060.9626,7.3597,-7.3597,22,historical
2024|spring||2024春季四国地区大会|SF|高松商|4|高知|2,2024,spring,,2024春季四国地区大会,SF,regional,香川,高知,4,2,990.0735,1060.9626,0.427151,7.6,4.3537,994.4272,1056.6089,9.9527,-9.9527,23,historical
2024|spring||2024春季四国地区大会|SF|尽誠学園|7|阿南光|2,2024,spring,,2024春季四国地区大会,SF,regional,香川,徳島,7,2,994.4272,972.5647,0.530772,7.6,3.5661,997.9933,968.9985,-0.2265,0.2265,13,historical
2024|spring||2024春季九州地区大会|1R|唐津商|5|文徳|2,2024,spring,,2024春季九州地区大会,1R,regional,佐賀,熊本,5,2,927.5839,973.4439,0.440632,7.6,4.2512,931.8351,969.1927,2.2057,-2.2057,4,historical
2024|spring||2024春季九州地区大会|1R|宮崎商|16|東海大福岡|3,2024,spring,,2024春季九州地区大会,1R,regional,宮崎,福岡,16,3,939.2757,1036.8802,0.351164,7.6,4.9312,944.2069,1031.949,-4.5227,4.5227,10,historical
2024|spring||2024春季九州地区大会|1R|大分|2|北陵|1,2024,spring,,2024春季九州地区大会,1R,regional,大分,佐賀,2,1,1030.9947,931.8351,0.644188,7.6,2.7042,1033.6988,929.1309,1.9785,-1.9785,3,historical
2024|spring||2024春季九州地区大会|1R|佐賀北|5|春日|4,2024,spring,,2024春季九州地区大会,1R,regional,佐賀,福岡,5,4,929.1309,1031.949,0.342876,7.6,4.9941,934.125,1026.9549,-5.0932,5.0932,7,historical
2024|spring||2024春季九州地区大会|1R|明豊|2|エナジックスポーツ|0,2024,spring,,2024春季九州地区大会,1R,regional,大分,沖縄,2,0,1033.6988,1006.6524,0.538214,7.6,3.5096,1037.2084,1003.1428,-0.2204,0.2204,4,historical
2024|spring||2024春季九州地区大会|1R|神村学園|8|大牟田|1,2024,spring,,2024春季九州地区大会,1R,regional,鹿児島,福岡,8,1,992.3646,1026.9549,0.44346,7.6,4.2297,996.5943,1022.7252,-2.4331,2.4331,10,historical
2024|spring||2024春季九州地区大会|1R|熊本国府|2|長崎日大|1,2024,spring,,2024春季九州地区大会,1R,regional,熊本,長崎,2,1,969.1927,1003.072,0.435653,7.6,4.289,973.4818,998.783,-5.5413,5.5413,5,historical
2024|spring||2024春季九州地区大会|1R|鹿児島実|3|東明館|2,2024,spring,,2024春季九州地区大会,1R,regional,鹿児島,佐賀,3,2,996.5943,934.125,0.598062,7.6,3.0547,999.6491,931.0703,3.2829,-3.2829,5,historical
2024|spring||2024春季九州地区大会|QF|唐津商|3|宮崎商|2,2024,spring,,2024春季九州地区大会,QF,regional,佐賀,宮崎,3,2,931.0703,944.2069,0.473125,7.6,4.0042,935.0746,940.2026,-2.778,2.778,3,historical
2024|spring||2024春季九州地区大会|QF|鹿児島実|5|熊本国府|0,2024,spring,,2024春季九州地区大会,QF,regional,鹿児島,熊本,5,0,999.6491,973.4818,0.537263,7.6,3.5168,1003.1659,969.965,-0.1132,0.1132,2,historical
2024|spring||2024春季九州地区大会|QF|明豊|3|佐賀北|1,2024,spring,,2024春季九州地区大会,QF,regional,大分,佐賀,3,1,1037.2084,935.0746,0.651026,7.6,2.6522,1039.8606,932.4224,3.0942,-3.0942,4,historical
2024|spring||2024春季九州地区大会|QF|神村学園|4|大分|3,2024,spring,,2024春季九州地区大会,QF,regional,鹿児島,大分,4,3,1003.1659,1039.8606,0.414205,7.6,4.452,1007.6179,1035.4086,-11.7588,11.7588,13,historical
2024|spring||2024春季九州地区大会|SF|明豊|5|鹿児島実|3,2024,spring,,2024春季九州地区大会,SF,regional,大分,鹿児島,5,3,1035.4086,1007.6179,0.568241,7.6,3.2814,1038.6899,1004.3365,9.9629,-9.9629,14,historical
2024|spring||2024春季九州地区大会|SF|神村学園|2|唐津商|1,2024,spring,,2024春季九州地区大会,SF,regional,鹿児島,佐賀,2,1,1004.3365,932.4224,0.614766,7.6,2.9278,1007.2643,929.4946,4.6399,-4.6399,6,historical
2024|spring||2024春季九州地区大会|F|明豊|6|神村学園|0,2024,spring,,2024春季九州地区大会,F,regional,大分,鹿児島,6,0,1038.6899,1007.2643,0.578576,7.6,3.2028,1041.8928,1004.0615,11.8154,-11.8154,15,historical
2024|senbatsu||2024選抜|1R|八戸学院光星|5|関東一|3,2024,senbatsu,,2024選抜,1R,prefecture,青森,東東京,5,3,1047.867,1024.2638,0.533915,4.56,2.1253,1049.9923,1022.1385,-0.0,0.0,0,historical
2024|senbatsu||2024選抜|1R|星稜|4|田辺|2,2024,senbatsu,,2024選抜,1R,national,石川,京,4,2,1074.0251,1030.4212,0.56365,9.12,3.9795,1078.0046,1026.4417,0.433,-0.433,1,historical
2024|senbatsu||2024選抜|1R|熊本国府|2|近江|1,2024,senbatsu,,2024選抜,1R,national,熊本,滋賀,2,1,969.965,1004.5568,0.450382,9.12,5.0125,974.9775,999.5443,-0.0,0.0,0,historical
2024|senbatsu||2024選抜|1R|阿南光|11|豊川|4,2024,senbatsu,,2024選抜,1R,national,徳島,愛知,11,4,968.9985,1041.2115,0.398768,9.12,5.4832,974.4818,1035.7283,0.4423,-0.4423,2,historical
2024|senbatsu||2024選抜|1R|明豊|1|敦賀気比|0,2024,senbatsu,,2024選抜,1R,national,大分,福井,1,0,1041.8928,1015.6897,0.539066,9.12,4.2037,1046.0965,1011.4859,0.4991,-0.4991,1,historical
2024|senbatsu||2024選抜|1R|健大高崎|4|学法石川|0,2024,senbatsu,,2024選抜,1R,national,群馬,福島,4,0,1006.9855,984.7327,0.531981,9.12,4.2683,1011.2538,980.4643,-0.0,0.0,0,historical
2024|senbatsu||2024選抜|1R|創志学園|7|別海|0,2024,senbatsu,,2024選抜,1R,national,岡山,北北海道,7,0,1015.7716,962.7176,0.575763,9.12,3.869,1019.6406,958.8485,-0.0,0.0,0,historical
2024|senbatsu||2024選抜|1R|山梨学院|7|京都外大西|1,2024,senbatsu,,2024選抜,1R,national,山梨,京,7,1,1001.6948,1026.4417,0.464446,9.12,4.8842,1006.579,1021.5575,-0.0,0.0,0,historical
2024|senbatsu||2024選抜|1R|中央学院|7|耐久|1,2024,senbatsu,,2024選抜,1R,national,千葉,和歌山,7,1,1006.826,1037.2257,0.457543,9.12,4.9472,1011.7732,1032.2784,0.4132,-0.4132,1,historical
2024|senbatsu||2024選抜|1R|宇治山田商|5|東海大福岡|4,2024,senbatsu,,2024選抜,1R,national,三重,福岡,5,4,961.6523,1022.7252,0.413003,9.12,5.3534,967.0057,1017.3717,0.0,-0.0,0,historical
2024|senbatsu||2024選抜|1R|広陵|3|高知|1,2024,senbatsu,,2024選抜,1R,national,広島,高知,3,1,1061.4739,1056.6089,0.507001,9.12,4.4962,1065.9701,1052.1128,0.0,-0.0,0,historical
2024|senbatsu||2024選抜|1R|青森山田|4|京都国際|3,2024,senbatsu,,2024選抜,1R,national,青森,京,4,3,1049.9923,1021.5575,0.53933,9.12,4.2013,1054.1936,1017.3562,-0.5246,0.5246,1,historical
2024|senbatsu||2024選抜|1R|神村学園|6|作新学院|3,2024,senbatsu,,2024選抜,1R,national,鹿児島,栃木,6,3,1004.0615,983.1211,0.530099,9.12,4.2855,1008.347,978.8356,-0.0,0.0,0,historical
2024|senbatsu||2024選抜|1R|大阪桐蔭|7|北海|1,2024,senbatsu,,2024選抜,1R,national,大阪,南北海道,7,1,1129.4045,1002.5244,0.67571,9.12,2.9575,1132.362,999.5669,0.3251,-0.3251,1,historical
2024|senbatsu||2024選抜|1R|報徳学園|3|愛工大名電|2,2024,senbatsu,,2024選抜,1R,national,兵庫,愛知,3,2,1005.4936,1035.7283,0.460483,9.12,4.9204,1010.414,1030.8079,1.3591,-1.3591,3,historical
2024|senbatsu||2024選抜|1R|常総学院|1|日本航空石川|0,2024,senbatsu,,2024選抜,1R,national,茨城,石川,1,0,995.7595,1078.0046,0.383802,9.12,5.6197,1001.3792,1072.3849,-0.0,0.0,0,historical
2024|senbatsu||2024選抜|2R|星稜|3|八戸学院光星|2,2024,senbatsu,,2024選抜,2R,national,石川,青森,3,2,1072.3849,1054.1936,0.52719,9.12,4.312,1076.6969,1049.8816,0.3605,-0.3605,1,historical
2024|senbatsu||2024選抜|2R|阿南光|3|熊本国府|0,2024,senbatsu,,2024選抜,2R,national,徳島,熊本,3,0,974.4818,974.9775,0.499287,9.12,4.5665,979.0483,970.411,0.0,-0.0,0,historical
2024|senbatsu||2024選抜|2R|健大高崎|4|明豊|0,2024,senbatsu,,2024選抜,2R,national,群馬,大分,4,0,1011.2538,1046.0965,0.449564,9.12,5.02,1016.2738,1041.0765,-0.1616,0.1616,2,historical
2024|senbatsu||2024選抜|2R|山梨学院|4|創志学園|0,2024,senbatsu,,2024選抜,2R,national,山梨,岡山,4,0,1006.579,1019.6406,0.481212,9.12,4.7313,1011.3104,1014.9093,0.0,-0.0,0,historical
2024|senbatsu||2024選抜|2R|中央学院|7|宇治山田商|6,2024,senbatsu,,2024選抜,2R,national,千葉,三重,7,6,1011.7732,967.0057,0.564071,9.12,3.9757,1015.7488,963.03,-0.0,0.0,0,historical
2024|senbatsu||2024選抜|2R|青森山田|6|広陵|5,2024,senbatsu,,2024選抜,2R,national,青森,広島,6,5,1049.8816,1065.9701,0.475776,9.12,4.7809,1054.6625,1061.1892,-0.3787,0.3787,1,historical
2024|senbatsu||2024選抜|2R|大阪桐蔭|4|神村学園|2,2024,senbatsu,,2024選抜,2R,national,大阪,鹿児島,4,2,1132.362,1008.347,0.67126,9.12,2.9981,1135.3601,1005.3489,0.0,-0.0,0,historical
2024|senbatsu||2024選抜|2R|報徳学園|6|常総学院|1,2024,senbatsu,,2024選抜,2R,national,兵庫,茨城,6,1,1010.414,1001.3792,0.512999,9.12,4.4414,1014.8555,996.9378,0.0,-0.0,0,historical
2024|senbatsu||2024選抜|QF|星稜|5|阿南光|0,2024,senbatsu,,2024選抜,QF,national,石川,徳島,5,0,1076.6969,979.0483,0.636257,9.12,3.3173,1080.0142,975.7309,-0.2567,0.2567,2,historical
2024|senbatsu||2024選抜|QF|健大高崎|6|山梨学院|1,2024,senbatsu,,2024選抜,QF,national,群馬,山梨,6,1,1016.2738,1011.3104,0.507257,9.12,4.4938,1020.7676,1006.8166,0.0398,-0.0398,13,historical
2024|senbatsu||2024選抜|QF|中央学院|5|青森山田|2,2024,senbatsu,,2024選抜,QF,national,千葉,青森,5,2,1015.7488,1054.6625,0.444232,9.12,5.0686,1020.8174,1049.5939,0.0,-0.0,0,historical
2024|senbatsu||2024選抜|QF|報徳学園|4|大阪桐蔭|1,2024,senbatsu,,2024選抜,QF,national,兵庫,大阪,4,1,1014.8555,1135.3601,0.323848,9.12,6.1665,1021.022,1129.1936,-3.6883,3.6883,14,historical
2024|senbatsu||2024選抜|SF|健大高崎|5|星稜|4,2024,senbatsu,,2024選抜,SF,national,群馬,石川,5,4,1020.7676,1080.0142,0.415554,9.12,5.3301,1026.0978,1074.6841,-0.0,0.0,0,historical
2024|senbatsu||2024選抜|SF|報徳学園|4|中央学院|2,2024,senbatsu,,2024選抜,SF,national,兵庫,千葉,4,2,1021.022,1020.8174,0.500294,9.12,4.5573,1025.5793,1016.2601,0.0,-0.0,0,historical
2024|senbatsu||2024選抜|F|健大高崎|3|報徳学園|2,2024,senbatsu,,2024選抜,F,national,群馬,兵庫,3,2,1026.0978,1025.5793,0.496568,9.12,4.5913,1030.6891,1020.988,-1.4518,1.4518,2,historical
2024|koshien||2024選手権|1R|滋賀学園|10|有田工|6,2024,koshien,,2024選手権,1R,national,滋賀,佐賀,10,6,999.5443,929.4946,0.599466,11.96,4.7904,1004.3347,924.7042,-0.0,0.0,0,historical
2024|koshien||2024選手権|1R|健大高崎|1|英明|0,2024,koshien,,2024選手権,1R,national,群馬,香川,1,0,1030.6891,997.9933,0.546915,11.96,5.4189,1036.108,992.5744,0.0,-0.0,0,historical
2024|koshien||2024選手権|1R|智弁学園|9|岐阜城北|6,2024,koshien,,2024選手権,1R,national,奈良,岐阜,9,6,1058.4969,959.7253,0.639773,11.96,4.3083,1062.8052,955.417,0.5042,-0.5042,1,historical
2024|koshien||2024選手権|1R|大阪桐蔭|5|興南|0,2024,koshien,,2024選手権,1R,national,大阪,沖縄,5,0,1129.1936,1003.1428,0.67384,11.96,3.9009,1133.0945,999.2419,0.0,-0.0,0,historical
2024|koshien||2024選手権|1R|小松大谷|8|明豊|4,2024,koshien,,2024選手権,1R,national,石川,大分,8,4,1074.6841,1041.0765,0.549514,11.96,5.3878,1080.0719,1035.6887,0.4556,-0.4556,1,historical
2024|koshien||2024選手権|1R|京都国際|7|札幌日大|3,2024,koshien,,2024選手権,1R,prefecture,京,南北海道,7,3,1017.3562,999.5669,0.52447,5.52,2.6249,1019.9811,996.9419,-0.386,0.386,1,historical
2024|koshien||2024選手権|1R|新潟産大付|2|花咲徳栄|1,2024,koshien,,2024選手権,1R,national,新潟,埼玉,2,1,956.075,1016.2454,0.414263,11.96,7.0054,963.0804,1009.24,-0.0,0.0,0,historical
2024|koshien||2024選手権|1R|西日本短大付|6|金足農|4,2024,koshien,,2024選手権,1R,national,福岡,秋田,6,4,1017.3717,961.1997,0.580141,11.96,5.0215,1022.3933,956.1782,0.0,-0.0,0,historical
2024|koshien||2024選手権|1R|菰野|6|南陽工|2,2024,koshien,,2024選手権,1R,national,三重,山口,6,2,963.03,1009.9274,0.432916,11.96,6.7823,969.8123,1003.1451,0.0,-0.0,0,historical
2024|koshien||2024選手権|1R|中京大中京|4|宮崎商|3,2024,koshien,,2024選手権,1R,national,愛知,宮崎,4,3,1030.8079,940.2026,0.627514,11.96,4.4549,1035.2628,935.7477,-0.0,0.0,0,historical
2024|koshien||2024選手権|1R|神村学園|8|木更津総合|5,2024,koshien,,2024選手権,1R,national,鹿児島,千葉,8,5,1005.3489,1016.2601,0.484303,11.96,6.1677,1011.5166,1010.0924,-0.0,0.0,0,historical
2024|koshien||2024選手権|1R|岡山学芸館|1|聖カタリナ|0,2024,koshien,,2024選手権,1R,national,岡山,愛媛,1,0,1014.9093,948.7325,0.594101,11.96,4.8546,1019.7638,943.8779,0.0,-0.0,0,historical
2024|koshien||2024選手権|1R|掛川西|8|日本航空|4,2024,koshien,,2024選手権,1R,national,静岡,山梨,8,4,987.5027,1006.8166,0.472234,11.96,6.3121,993.8148,1000.5045,-0.0,0.0,0,historical
2024|koshien||2024選手権|1R|早稲田実|8|鳴門渦潮|4,2024,koshien,,2024選手権,1R,prefecture,西東京,徳島,8,4,1021.6065,975.7309,0.561074,5.52,2.4229,1024.0294,973.3081,-1.6119,1.6119,4,historical
2024|koshien||2024選手権|1R|鶴岡東|2|聖光学院|1,2024,koshien,,2024選手権,1R,national,山形,福島,2,1,977.4693,980.4643,0.512892,11.96,5.8258,983.2951,974.6385,5.9775,-5.9775,11,historical
2024|koshien||2024選手権|1R|大社|3|報徳学園|1,2024,koshien,,2024選手権,1R,national,島根,兵庫,3,1,912.2686,1020.988,0.348455,11.96,7.7925,920.0611,1013.1955,-0.0,0.0,0,historical
2024|koshien||2024選手権|1R|創成館|1|白樺学園|0,2024,koshien,,2024選手権,1R,prefecture,長崎,北北海道,1,0,998.783,958.8485,0.557219,5.52,2.4442,1001.2271,956.4044,-0.0,0.0,0,historical
2024|koshien||2024選手権|2R|広陵|2|熊本工|1,2024,koshien,,2024選手権,2R,national,広島,熊本,2,1,1061.1892,970.411,0.629079,11.96,4.4362,1065.6254,965.9748,0.4957,-0.4957,1,historical
2024|koshien||2024選手権|2R|東海大相模|4|富山商|0,2024,koshien,,2024選手権,2R,national,神奈川,富山,4,0,1036.8303,902.5471,0.683339,11.96,3.7873,1040.6175,898.7599,-0.3332,0.3332,1,historical
2024|koshien||2024選手権|2R|明徳義塾|7|鳥取城北|0,2024,koshien,,2024選手権,2R,national,高知,鳥取,7,0,1052.1128,935.489,0.661803,11.96,4.0448,1056.1576,931.4442,0.0,-0.0,0,historical
2024|koshien||2024選手権|2R|関東一|7|北陸|1,2024,koshien,,2024選手権,2R,prefecture,東東京,福井,7,1,1022.1385,1011.4859,0.515325,5.52,2.6754,1024.8139,1008.8105,0.0,-0.0,0,historical
2024|koshien||2024選手権|2R|青森山田|9|長野日大|1,2024,koshien,,2024選手権,2R,national,青森,長野,9,1,1049.5939,967.5897,0.61587,11.96,4.5942,1054.1881,962.9955,-0.0,0.0,0,historical
2024|koshien||2024選手権|2R|石橋|5|聖和学園|0,2024,koshien,,2024選手権,2R,national,栃木,宮城,5,0,978.8356,1065.6971,0.377537,11.96,7.4447,986.2803,1058.2524,-0.0,0.0,0,historical
2024|koshien||2024選手権|2R|霞ヶ浦|5|智弁和歌山|4,2024,koshien,,2024選手権,2R,national,茨城,和歌山,5,4,996.9378,1032.2784,0.448501,11.96,6.5959,1003.5337,1025.6825,-0.2859,0.2859,1,historical
2024|koshien||2024選手権|2R|滋賀学園|5|花巻東|0,2024,koshien,,2024選手権,2R,national,滋賀,岩手,5,0,1004.3347,1015.3628,0.487306,11.96,6.1318,1010.4665,1009.231,1.1028,-1.1028,3,historical
2024|koshien||2024選手権|2R|智弁学園|2|健大高崎|1,2024,koshien,,2024選手権,2R,national,奈良,群馬,2,1,1062.8052,1036.108,0.539386,11.96,5.5089,1068.3142,1030.599,0.3639,-0.3639,1,historical
2024|koshien||2024選手権|2R|小松大谷|3|大阪桐蔭|0,2024,koshien,,2024選手権,2R,national,石川,大阪,3,0,1080.0719,1133.0945,0.424141,11.96,6.8873,1086.9592,1126.2072,-0.0498,0.0498,2,historical
2024|koshien||2024選手権|2R|京都国際|4|新潟産大付|0,2024,koshien,,2024選手権,2R,national,京,新潟,4,0,1019.9811,963.0804,0.581162,11.96,5.0093,1024.9904,958.0711,0.0,-0.0,0,historical
2024|koshien||2024選手権|2R|西日本短大付|13|菰野|0,2024,koshien,,2024選手権,2R,national,福岡,三重,13,0,1022.3933,969.8123,0.573842,11.96,5.0968,1027.4901,964.7155,-0.4461,0.4461,1,historical
2024|koshien||2024選手権|2R|神村学園|4|中京大中京|3,2024,koshien,,2024選手権,2R,national,鹿児島,愛知,4,3,1011.5166,1035.2628,0.46588,11.96,6.3881,1017.9047,1028.8747,-0.0,0.0,0,historical
2024|koshien||2024選手権|2R|岡山学芸館|2|掛川西|0,2024,koshien,,2024選手権,2R,national,岡山,静岡,2,0,1019.7638,993.8148,0.537274,11.96,5.5342,1025.298,988.2806,0.0,-0.0,0,historical
2024|koshien||2024選手権|2R|早稲田実|1|鶴岡東|0,2024,koshien,,2024選手権,2R,prefecture,西東京,山形,1,0,1024.0294,983.2951,0.558354,5.52,2.4379,1026.4673,980.8572,-0.0,0.0,0,historical
2024|koshien||2024選手権|2R|大社|5|創成館|4,2024,koshien,,2024選手権,2R,national,島根,長崎,5,4,920.0611,1001.2271,0.385272,11.96,7.3521,927.4132,993.875,0.0,-0.0,0,historical
2024|koshien||2024選手権|3R|東海大相模|8|広陵|1,2024,koshien,,2024選手権,3R,national,神奈川,広島,8,1,1040.6175,1065.6254,0.469306,11.96,6.3471,1046.9646,1059.2783,1.8262,-1.8262,2,historical
2024|koshien||2024選手権|3R|関東一|3|明徳義塾|2,2024,koshien,,2024選手権,3R,prefecture,東東京,高知,3,2,1024.8139,1056.1576,0.451738,5.52,3.0264,1027.8403,1053.1312,-1.1484,1.1484,2,historical
2024|koshien||2024選手権|3R|青森山田|5|石橋|0,2024,koshien,,2024選手権,3R,national,青森,栃木,5,0,1054.1881,986.2803,0.597627,11.96,4.8124,1059.0005,981.4679,0.4063,-0.4063,1,historical
2024|koshien||2024選手権|3R|滋賀学園|6|霞ヶ浦|2,2024,koshien,,2024選手権,3R,national,滋賀,茨城,6,2,1010.4665,1003.5337,0.509976,11.96,5.8607,1016.3272,997.673,0.0,-0.0,0,historical
2024|koshien||2024選手権|3R|智弁学園|6|小松大谷|3,2024,koshien,,2024選手権,3R,national,奈良,石川,6,3,1068.3142,1086.9592,0.472116,11.96,6.3135,1074.6277,1080.6457,-0.3755,0.3755,1,historical
2024|koshien||2024選手権|3R|京都国際|4|西日本短大付|0,2024,koshien,,2024選手権,3R,national,京,福岡,4,0,1024.9904,1027.4901,0.495369,11.96,6.0354,1031.0258,1021.4547,-0.3591,0.3591,1,historical
2024|koshien||2024選手権|3R|神村学園|7|岡山学芸館|1,2024,koshien,,2024選手権,3R,national,鹿児島,岡山,7,1,1017.9047,1025.298,0.490917,11.96,6.0886,1023.9933,1019.2094,0.5405,-0.5405,1,historical
2024|koshien||2024選手権|3R|大社|3|早稲田実|2,2024,koshien,,2024選手権,3R,prefecture,島根,西東京,3,2,927.4132,1026.4673,0.36119,5.52,3.5262,930.9395,1022.941,0.0,-0.0,0,historical
2024|koshien||2024選手権|QF|関東一|2|東海大相模|1,2024,koshien,,2024選手権,QF,prefecture,東東京,神奈川,2,1,1027.8403,1046.9646,0.472506,5.52,2.9118,1030.7521,1044.0529,0.0,-0.0,0,historical
2024|koshien||2024選手権|QF|青森山田|1|滋賀学園|0,2024,koshien,,2024選手権,QF,national,青森,滋賀,1,0,1059.0005,1016.3272,0.562525,11.96,5.2322,1064.2327,1011.095,0.501,-0.501,1,historical
2024|koshien||2024選手権|QF|京都国際|4|智弁学園|0,2024,koshien,,2024選手権,QF,national,京,奈良,4,0,1031.0258,1074.6277,0.434698,11.96,6.761,1037.7868,1067.8667,-1.0175,1.0175,9,historical
2024|koshien||2024選手権|QF|神村学園|8|大社|2,2024,koshien,,2024選手権,QF,national,鹿児島,島根,8,2,1023.9933,930.9395,0.630803,11.96,4.4156,1028.4089,926.5239,-0.0,0.0,0,historical
2024|koshien||2024選手権|SF|関東一|2|神村学園|1,2024,koshien,,2024選手権,SF,prefecture,東東京,鹿児島,2,1,1030.7521,1028.4089,0.502312,5.52,2.7472,1033.4993,1025.6617,-0.3684,0.3684,1,historical
2024|koshien||2024選手権|SF|京都国際|3|青森山田|2,2024,koshien,,2024選手権,SF,national,京,青森,3,2,1037.7868,1064.2327,0.462913,11.96,6.4236,1044.2103,1057.8092,0.314,-0.314,2,historical
2024|koshien||2024選手権|F|京都国際|2|関東一|1,2024,koshien,,2024選手権,F,prefecture,京,東東京,2,1,1044.2103,1033.4993,0.516098,5.52,2.6711,1046.8815,1030.8282,0.2395,-0.2395,1,historical
2024|autumn||2024秋季北海道地区大会|1R|北照|9|帯広工|1,2024,autumn,,2024秋季北海道地区大会,1R,regional,南北海道,北北海道,9,1,996.9419,956.4044,0.586217,8.0,3.3103,1000.2522,953.0941,9.9885,-9.9885,126,historical
2024|autumn||2024秋季北海道地区大会|1R|駒大苫小牧|2|士別翔雲|1,2024,autumn,,2024秋季北海道地区大会,1R,regional,南北海道,北北海道,2,1,1000.2522,953.0941,0.601904,8.0,3.1848,1003.437,949.9093,12.3287,-12.3287,127,historical
2024|autumn||2024秋季北海道地区大会|2R|駒大苫小牧|3|旭川志峯|2,2024,autumn,,2024秋季北海道地区大会,2R,regional,南北海道,北北海道,3,2,1003.437,949.9093,0.616807,8.0,3.0655,1006.5025,946.8438,14.5825,-14.5825,128,historical
2024|autumn||2024秋季北海道地区大会|QF|東海大札幌|3|クラーク国際|1,2024,autumn,,2024秋季北海道地区大会,QF,regional,南北海道,北北海道,3,1,1006.5025,946.8438,0.630954,8.0,2.9524,1009.4549,943.8914,16.7541,-16.7541,129,historical
2024|autumn||2024秋季北海道地区大会|QF|北海|1|釧路江南|0,2024,autumn,,2024秋季北海道地区大会,QF,regional,南北海道,北北海道,1,0,1009.4549,943.8914,0.644375,8.0,2.845,1012.2999,941.0464,18.8475,-18.8475,130,historical
2024|autumn||2024秋季東北地区大会|1R|久慈|7|学法石川|2,2024,autumn,,2024秋季東北地区大会,1R,regional,岩手,福島,7,2,1009.231,974.6385,0.543514,8.0,3.6519,1012.8829,970.9866,-2.1397,2.1397,13,historical
2024|autumn||2024秋季東北地区大会|1R|山形中央|1|大曲工|0,2024,autumn,,2024秋季東北地区大会,1R,regional,山形,秋田,1,0,980.8572,956.1782,0.538636,8.0,3.6909,984.5482,952.4873,1.1109,-1.1109,7,historical
2024|autumn||2024秋季東北地区大会|2R|青森山田|8|古川学園|2,2024,autumn,,2024秋季東北地区大会,2R,regional,青森,宮城,8,2,1057.8092,1058.2524,0.507955,8.0,3.9364,1061.7455,1054.3161,2.9856,-2.9856,22,historical
2024|autumn||2024秋季東北地区大会|2R|聖光学院|5|能代松陽|1,2024,autumn,,2024秋季東北地区大会,2R,regional,福島,秋田,5,1,970.9866,952.4873,0.538783,8.0,3.6897,974.6764,948.7975,4.252,-4.252,11,historical
2024|autumn||2024秋季東北地区大会|2R|東日大昌平|11|東北学院榴ヶ岡|7,2024,autumn,,2024秋季東北地区大会,2R,regional,福島,宮城,11,7,974.6764,1054.3161,0.374374,8.0,5.005,979.6814,1049.3111,-4.7819,4.7819,18,historical
2024|autumn||2024秋季東北地区大会|2R|仙台育英|4|聖愛|0,2024,autumn,,2024秋季東北地区大会,2R,regional,宮城,青森,4,0,1049.3111,1061.7455,0.467154,8.0,4.2628,1053.5738,1057.4828,-5.211,5.211,23,historical
2024|autumn||2024秋季東北地区大会|2R|日大山形|3|八戸学院光星|2,2024,autumn,,2024秋季東北地区大会,2R,regional,山形,青森,3,2,984.5482,1057.4828,0.364121,8.0,5.087,989.6352,1052.3957,-11.9583,11.9583,16,historical
2024|autumn||2024秋季東北地区大会|2R|鶴岡東|8|久慈|1,2024,autumn,,2024秋季東北地区大会,2R,regional,山形,岩手,8,1,989.6352,1012.8829,0.45807,8.0,4.3354,993.9706,1008.5475,-2.9784,2.9784,14,historical
2024|autumn||2024秋季東北地区大会|2R|山形中央|3|一関学院|1,2024,autumn,,2024秋季東北地区大会,2R,regional,山形,岩手,3,1,993.9706,1008.5475,0.476358,8.0,4.1891,998.1598,1004.3583,-0.9318,0.9318,15,historical
2024|autumn||2024秋季東北地区大会|2R|花巻東|8|秋田商|0,2024,autumn,,2024秋季東北地区大会,2R,regional,岩手,秋田,8,0,1004.3583,948.7975,0.59017,8.0,3.2786,1007.637,945.5189,3.8943,-3.8943,13,historical
2024|autumn||2024秋季東北地区大会|QF|聖光学院|3|仙台育英|2,2024,autumn,,2024秋季東北地区大会,QF,regional,福島,宮城,3,2,979.6814,1053.5738,0.389145,8.0,4.8868,984.5682,1048.687,-2.2191,2.2191,19,historical
2024|autumn||2024秋季東北地区大会|QF|花巻東|2|鶴岡東|1,2024,autumn,,2024秋季東北地区大会,QF,regional,岩手,山形,2,1,1007.637,998.1598,0.51035,8.0,3.9172,1011.5542,994.2426,-1.142,1.142,16,historical
2024|autumn||2024秋季東北地区大会|QF|青森山田|4|東日大昌平|0,2024,autumn,,2024秋季東北地区大会,QF,regional,青森,福島,4,0,1052.3957,984.5682,0.60613,8.0,3.151,1055.5467,981.4172,3.5288,-3.5288,13,historical
2024|autumn||2024秋季東北地区大会|SF|青森山田|4|花巻東|1,2024,autumn,,2024秋季東北地区大会,SF,regional,青森,岩手,4,1,1055.5467,1011.5542,0.566356,8.0,3.4692,1059.0158,1008.085,1.1949,-1.1949,16,historical
2024|autumn||2024秋季東北地区大会|SF|聖光学院|7|山形中央|1,2024,autumn,,2024秋季東北地区大会,SF,regional,福島,山形,7,1,981.4172,994.2426,0.456279,8.0,4.3498,985.767,989.8928,-8.8165,8.8165,12,historical
2024|autumn||2024秋季東北地区大会|F|聖光学院|3|青森山田|2,2024,autumn,,2024秋季東北地区大会,F,regional,福島,青森,3,2,985.767,1059.0158,0.382079,8.0,4.9434,990.7104,1054.0725,-5.1314,5.1314,14,historical
2024|autumn||2024秋季関東地区大会|1R|浦和実|4|宇都宮工|2,2024,autumn,,2024秋季関東地区大会,1R,regional,埼玉,栃木,4,2,1009.24,981.4679,0.551108,8.0,3.5911,1012.8311,977.8767,3.9329,-3.9329,8,historical
2024|autumn||2024秋季関東地区大会|1R|東農大二|10|帝京三|3,2024,autumn,,2024秋季関東地区大会,1R,regional,群馬,山梨,10,3,1030.599,1000.5045,0.549438,8.0,3.6045,1034.2035,996.9,2.1857,-2.1857,14,historical
2024|autumn||2024秋季関東地区大会|1R|つくば秀英|5|拓大紅陵|3,2024,autumn,,2024秋季関東地区大会,1R,regional,茨城,千葉,5,3,997.673,1010.0924,0.498171,8.0,4.0146,1001.6877,1006.0778,5.5743,-5.5743,10,historical
2024|autumn||2024秋季関東地区大会|1R|千葉黎明|3|西武台|2,2024,autumn,,2024秋季関東地区大会,1R,regional,千葉,埼玉,3,2,1006.0778,1012.8311,0.489366,8.0,4.0851,1010.1628,1008.7461,-0.3184,0.3184,9,historical
2024|autumn||2024秋季関東地区大会|1R|健大高崎|9|霞ヶ浦|0,2024,autumn,,2024秋季関東地区大会,1R,regional,群馬,茨城,9,0,1034.2035,1001.6877,0.532282,8.0,3.7417,1037.9453,997.9459,-5.0265,5.0265,15,historical
2024|autumn||2024秋季関東地区大会|1R|山梨学院|6|東海大相模|5,2024,autumn,,2024秋季関東地区大会,1R,regional,山梨,神奈川,6,5,996.9,1044.0529,0.439834,8.0,4.4813,1001.3813,1039.5715,2.5709,-2.5709,7,historical
2024|autumn||2024秋季関東地区大会|1R|佐野日大|6|平塚学園|5,2024,autumn,,2024秋季関東地区大会,1R,regional,栃木,神奈川,6,5,977.8767,1039.5715,0.391745,8.0,4.866,982.7428,1034.7055,-7.3691,7.3691,8,historical
2024|autumn||2024秋季関東地区大会|QF|浦和実|2|つくば秀英|0,2024,autumn,,2024秋季関東地区大会,QF,regional,埼玉,茨城,2,0,1008.7461,997.9459,0.519826,8.0,3.8414,1012.5875,994.1045,1.4916,-1.4916,6,historical
2024|autumn||2024秋季関東地区大会|QF|横浜|2|東農大二|0,2024,autumn,,2024秋季関東地区大会,QF,regional,神奈川,群馬,2,0,1034.7055,1037.9453,0.485155,8.0,4.1188,1038.8243,1033.8265,-3.5394,3.5394,8,historical
2024|autumn||2024秋季関東地区大会|QF|千葉黎明|5|山梨学院|2,2024,autumn,,2024秋季関東地区大会,QF,regional,千葉,山梨,5,2,1010.1628,1001.3813,0.516618,8.0,3.8671,1014.0299,997.5143,1.3852,-1.3852,9,historical
2024|autumn||2024秋季関東地区大会|QF|健大高崎|10|佐野日大|3,2024,autumn,,2024秋季関東地区大会,QF,regional,群馬,栃木,10,3,1033.8265,982.7428,0.585419,8.0,3.3166,1037.1431,979.4261,4.4297,-4.4297,8,historical
2024|autumn||2024秋季関東地区大会|SF|横浜|3|浦和実|2,2024,autumn,,2024秋季関東地区大会,SF,regional,神奈川,埼玉,3,2,1038.8243,1012.5875,0.555159,8.0,3.5587,1042.383,1009.0287,6.1241,-6.1241,17,historical
2024|autumn||2024秋季関東地区大会|SF|健大高崎|6|千葉黎明|0,2024,autumn,,2024秋季関東地区大会,SF,regional,群馬,千葉,6,0,1037.1431,1014.0299,0.536122,8.0,3.711,1040.8542,1010.3189,1.0152,-1.0152,9,historical
2024|autumn||2024秋季関東地区大会|F|横浜|4|健大高崎|3,2024,autumn,,2024秋季関東地区大会,F,regional,神奈川,群馬,4,3,1042.383,1040.8542,0.496121,8.0,4.031,1046.414,1036.8231,-2.1122,2.1122,9,historical
2024|autumn||2024秋季東京地区大会|1R|修徳|8|日野台|1,2024,autumn,,2024秋季東京地区大会,1R,prefecture,東東京,西東京,8,1,1030.8282,1022.941,0.461825,4.8,2.5832,1033.4114,1020.3578,-17.2327,17.2327,211,historical
2024|autumn||2024秋季東京地区大会|1R|小平南|6|実践学園|5,2024,autumn,,2024秋季東京地区大会,1R,prefecture,西東京,東東京,6,5,1020.3578,1033.4114,0.525427,4.8,2.278,1022.6358,1031.1335,15.3687,-15.3687,212,historical
2024|autumn||2024秋季東京地区大会|1R|堀越|4|城西|2,2024,autumn,,2024秋季東京地区大会,1R,prefecture,東東京,徳島,4,2,1031.1335,973.3081,0.584297,4.8,1.9954,1033.1288,971.3127,0.6575,-0.6575,2,historical
2024|autumn||2024秋季東京地区大会|1R|駿台学園|9|桜美林|8,2024,autumn,,2024秋季東京地区大会,1R,prefecture,東東京,西東京,9,8,1033.1288,1022.6358,0.466171,4.8,2.5624,1035.6912,1020.0734,-17.0179,17.0179,213,historical
2024|autumn||2024秋季東京地区大会|1R|明大八王子|6|東京成徳大高|2,2024,autumn,,2024秋季東京地区大会,1R,prefecture,西東京,東東京,6,2,1020.0734,1035.6912,0.521169,4.8,2.2984,1022.3718,1033.3928,15.1683,-15.1683,214,historical
2024|autumn||2024秋季東京地区大会|1R|昭和一学園|5|大森学園|4,2024,autumn,,2024秋季東京地区大会,1R,prefecture,西東京,東東京,5,4,1022.3718,1033.3928,0.532542,4.8,2.2438,1024.6156,1031.149,16.8328,-16.8328,215,historical
2024|autumn||2024秋季東京地区大会|1R|立教池袋|6|国立|0,2024,autumn,,2024秋季東京地区大会,1R,prefecture,東東京,西東京,6,0,1031.149,1024.6156,0.456386,4.8,2.6093,1033.7584,1022.0062,-18.4583,18.4583,216,historical
2024|autumn||2024秋季東京地区大会|1R|雪谷|10|日大二|3,2024,autumn,,2024秋季東京地区大会,1R,prefecture,東東京,西東京,10,3,1033.7584,1022.0062,0.469248,4.8,2.5476,1036.306,1019.4586,-16.5739,16.5739,217,historical
2024|autumn||2024秋季東京地区大会|1R|小山台|8|府中西|0,2024,autumn,,2024秋季東京地区大会,1R,prefecture,東東京,西東京,8,0,1036.306,1019.4586,0.481847,4.8,2.4871,1038.7931,1016.9715,-14.7336,14.7336,218,historical
2024|autumn||2024秋季東京地区大会|1R|関東一|7|府中東|1,2024,autumn,,2024秋季東京地区大会,1R,prefecture,東東京,西東京,7,1,1038.7931,1016.9715,0.49417,4.8,2.428,1041.2211,1014.5435,-12.9363,12.9363,219,historical
2024|autumn||2024秋季東京地区大会|1R|正則|4|法政大高|3,2024,autumn,,2024秋季東京地区大会,1R,prefecture,東東京,東京,4,3,1041.2211,951.9823,0.69683,4.8,1.4552,1042.6763,950.5271,27.6687,-27.6687,27,historical
2024|autumn||2024秋季東京地区大会|1R|国士舘|11|立正大立正|3,2024,autumn,,2024秋季東京地区大会,1R,prefecture,西東京,東東京,11,3,1014.5435,1042.6763,0.491697,4.8,2.4399,1016.9833,1040.2365,11.1813,-11.1813,220,historical
2024|autumn||2024秋季東京地区大会|1R|帝京|10|練馬|0,2024,autumn,,2024秋季東京地区大会,1R,prefecture,東東京,西東京,10,0,1040.2365,1016.9833,0.496194,4.8,2.4183,1042.6547,1014.5651,-12.9491,12.9491,221,historical
2024|autumn||2024秋季東京地区大会|1R|早大学院|10|朋優学院|0,2024,autumn,,2024秋季東京地区大会,1R,prefecture,西東京,東東京,10,0,1014.5651,1042.6547,0.491814,4.8,2.4393,1017.0044,1040.2154,11.2005,-11.2005,222,historical
2024|autumn||2024秋季東京地区大会|1R|安田学園|6|桐朋|0,2024,autumn,,2024秋季東京地区大会,1R,prefecture,東東京,西東京,6,0,1040.2154,1017.0044,0.496078,4.8,2.4188,1042.6343,1014.5855,-12.9683,12.9683,223,historical
2024|autumn||2024秋季東京地区大会|2R|国学院久我山|5|東京|4,2024,autumn,,2024秋季東京地区大会,2R,prefecture,西東京,東東京,5,4,1014.5855,1042.6343,0.491926,4.8,2.4388,1017.0243,1040.1955,11.2188,-11.2188,224,historical
2024|autumn||2024秋季東京地区大会|2R|淑徳|9|小平南|4,2024,autumn,,2024秋季東京地区大会,2R,prefecture,東東京,西東京,9,4,1040.1955,1017.0243,0.495967,4.8,2.4194,1042.6149,1014.6049,-12.9868,12.9868,225,historical
2024|autumn||2024秋季東京地区大会|2R|昭和|9|雪谷|6,2024,autumn,,2024秋季東京地区大会,2R,prefecture,西東京,東東京,9,6,1014.6049,1042.6149,0.492032,4.8,2.4382,1017.0432,1040.1766,11.2363,-11.2363,226,historical
2024|autumn||2024秋季東京地区大会|2R|早稲田実|5|修徳|2,2024,autumn,,2024秋季東京地区大会,2R,prefecture,西東京,東東京,5,2,1017.0432,1040.1766,0.504138,4.8,2.3801,1019.4233,1037.7965,13.0044,-13.0044,227,historical
2024|autumn||2024秋季東京地区大会|2R|関東一|5|国士舘|1,2024,autumn,,2024秋季東京地区大会,2R,prefecture,東東京,西東京,5,1,1037.7965,1019.4233,0.484048,4.8,2.4766,1040.2731,1016.9468,-14.7309,14.7309,228,historical
2024|autumn||2024秋季東京地区大会|2R|帝京|1|佼成学園|0,2024,autumn,,2024秋季東京地区大会,2R,prefecture,東東京,西東京,1,0,1040.2731,1016.9468,0.49633,4.8,2.4176,1042.6907,1014.5291,-12.9384,12.9384,229,historical
2024|autumn||2024秋季東京地区大会|2R|早大学院|6|正則|0,2024,autumn,,2024秋季東京地区大会,2R,prefecture,西東京,東東京,6,0,1014.5291,1042.6907,0.491675,4.8,2.44,1016.9691,1040.2507,11.188,-11.188,230,historical
2024|autumn||2024秋季東京地区大会|2R|駿台学園|11|昭和一学園|4,2024,autumn,,2024秋季東京地区大会,2R,prefecture,東東京,西東京,11,4,1040.2507,1016.9691,0.496208,4.8,2.4182,1042.6689,1014.5509,-12.9583,12.9583,231,historical
2024|autumn||2024秋季東京地区大会|2R|二松学舎大付|9|八王子|5,2024,autumn,,2024秋季東京地区大会,2R,prefecture,東東京,西東京,9,5,1042.6689,1014.5509,0.508208,4.8,2.3606,1045.0295,1012.1903,-11.207,11.207,232,historical
2024|autumn||2024秋季東京地区大会|3R|明大八王子|5|堀越|3,2024,autumn,,2024秋季東京地区大会,3R,prefecture,西東京,東東京,5,3,1012.1903,1045.0295,0.480085,4.8,2.4956,1014.6859,1042.5339,9.4969,-9.4969,233,historical
2024|autumn||2024秋季東京地区大会|3R|淑徳|3|国学院久我山|1,2024,autumn,,2024秋季東京地区大会,3R,prefecture,東東京,西東京,3,1,1042.5339,1014.6859,0.507529,4.8,2.3639,1044.8978,1012.322,-11.3081,11.3081,234,historical
2024|autumn||2024秋季東京地区大会|3R|日大三|10|駿台学園|1,2024,autumn,,2024秋季東京地区大会,3R,prefecture,西東京,東東京,10,1,1012.322,1044.8978,0.480746,4.8,2.4924,1014.8144,1042.4054,9.5952,-9.5952,235,historical
2024|autumn||2024秋季東京地区大会|3R|二松学舎大付|10|世田谷学園|2,2024,autumn,,2024秋季東京地区大会,3R,prefecture,東東京,西東京,10,2,1042.4054,1014.8144,0.506881,4.8,2.367,1044.7723,1012.4475,-11.4045,11.4045,236,historical
2024|autumn||2024秋季東京地区大会|3R|共栄学園|6|早大学院|3,2024,autumn,,2024秋季東京地区大会,3R,prefecture,東東京,西東京,6,3,1044.7723,1012.4475,0.518624,4.8,2.3106,1047.0829,1010.1369,-9.6888,9.6888,237,historical
2024|autumn||2024秋季東京地区大会|QF|二松学舎大付|8|日大三|1,2024,autumn,,2024秋季東京地区大会,QF,regional,東東京,西東京,8,1,1047.0829,1010.1369,0.530068,8.0,3.7595,1050.8424,1006.3774,-8.0136,8.0136,238,historical
2024|autumn||2024秋季東京地区大会|QF|早稲田実|3|小山台|2,2024,autumn,,2024秋季東京地区大会,QF,regional,西東京,東東京,3,2,1006.3774,1050.8424,0.451379,8.0,4.389,1010.7664,1046.4534,5.2864,-5.2864,239,historical
2024|autumn||2024秋季東京地区大会|QF|淑徳|7|明大八王子|6,2024,autumn,,2024秋季東京地区大会,QF,regional,東東京,西東京,7,6,1046.4534,1010.7664,0.526945,8.0,3.7844,1050.2379,1006.9819,-8.4727,8.4727,240,historical
2024|autumn||2024秋季東京地区大会|SF|早稲田実|6|淑徳|0,2024,autumn,,2024秋季東京地区大会,SF,regional,西東京,東東京,6,0,1006.9819,1050.2379,0.45436,8.0,4.3651,1011.3471,1045.8727,5.7266,-5.7266,241,historical
2024|autumn||2024秋季東京地区大会|F|二松学舎大付|6|早稲田実|5,2024,autumn,,2024秋季東京地区大会,F,regional,東東京,西東京,6,5,1045.8727,1011.3471,0.524062,8.0,3.8075,1049.6803,1007.5396,-8.8965,8.8965,242,historical
2024|autumn||2024秋季北信越地区大会|1R|松本第一|3|小松大谷|1,2024,autumn,,2024秋季北信越地区大会,1R,regional,長野,石川,3,1,962.9955,1080.6457,0.333846,8.0,5.3292,968.3247,1075.3165,-1.1807,1.1807,18,historical
2024|autumn||2024秋季北信越地区大会|1R|敦賀気比|9|帝京長岡|2,2024,autumn,,2024秋季北信越地区大会,1R,regional,福井,新潟,9,2,1008.8105,958.0711,0.610463,8.0,3.1163,1011.9268,954.9548,13.6523,-13.6523,18,historical
2024|autumn||2024秋季北信越地区大会|1R|小松工|8|富山北部|7,2024,autumn,,2024秋季北信越地区大会,1R,regional,石川,富山,8,7,1075.3165,898.7599,0.775269,8.0,1.7978,1077.1143,896.962,19.2797,-19.2797,18,historical
2024|autumn||2024秋季北信越地区大会|1R|日本航空石川|6|富山第一|1,2024,autumn,,2024秋季北信越地区大会,1R,regional,石川,富山,6,1,1077.1143,896.962,0.781356,8.0,1.7492,1078.8635,895.2129,20.5459,-20.5459,19,historical
2024|autumn||2024秋季北信越地区大会|1R|大野|2|中越|0,2024,autumn,,2024秋季北信越地区大会,1R,regional,福井,新潟,2,0,1011.9268,954.9548,0.624023,8.0,3.0078,1014.9347,951.947,15.5217,-15.5217,19,historical
2024|autumn||2024秋季北信越地区大会|1R|福井工大福井|4|松本国際|1,2024,autumn,,2024秋季北信越地区大会,1R,regional,福井,長野,4,1,1014.9347,968.3247,0.577889,8.0,3.3769,1018.3116,964.9478,3.9785,-3.9785,18,historical
2024|autumn||2024秋季北信越地区大会|1R|高岡第一|5|金沢|2,2024,autumn,,2024秋季北信越地区大会,1R,regional,富山,神奈川,5,2,895.2129,1046.414,0.29525,8.0,5.638,900.8509,1040.776,0.0316,-0.0316,2,historical
2024|autumn||2024秋季北信越地区大会|1R|新潟明訓|7|長野商|3,2024,autumn,,2024秋季北信越地区大会,1R,regional,新潟,長野,7,3,951.947,964.9478,0.469298,8.0,4.2456,956.1926,960.7022,-4.1801,4.1801,15,historical
2024|autumn||2024秋季北信越地区大会|QF|敦賀気比|3|松本第一|0,2024,autumn,,2024秋季北信越地区大会,QF,regional,福井,長野,3,0,1018.3116,960.7022,0.598376,8.0,3.213,1021.5245,957.4892,5.8262,-5.8262,19,historical
2024|autumn||2024秋季北信越地区大会|QF|小松工|7|新潟明訓|0,2024,autumn,,2024秋季北信越地区大会,QF,regional,石川,新潟,7,0,1078.8635,956.1926,0.681329,8.0,2.5494,1081.4128,953.6433,4.6675,-4.6675,18,historical
2024|autumn||2024秋季北信越地区大会|QF|高岡第一|9|大野|6,2024,autumn,,2024秋季北信越地区大会,QF,regional,富山,福井,9,6,900.8509,1021.5245,0.292017,8.0,5.6639,906.5147,1015.8607,-16.5862,16.5862,16,historical
2024|autumn||2024秋季北信越地区大会|QF|日本航空石川|2|福井工大福井|1,2024,autumn,,2024秋季北信越地区大会,QF,regional,石川,福井,2,1,1081.4128,1015.8607,0.609654,8.0,3.1228,1084.5356,1012.7379,5.9505,-5.9505,21,historical
2024|autumn||2024秋季北信越地区大会|SF|敦賀気比|9|小松工|4,2024,autumn,,2024秋季北信越地区大会,SF,regional,福井,石川,9,4,1012.7379,1084.5356,0.376965,8.0,4.9843,1017.7222,1079.5513,-7.7436,7.7436,22,historical
2024|autumn||2024秋季北信越地区大会|SF|日本航空石川|7|高岡第一|0,2024,autumn,,2024秋季北信越地区大会,SF,regional,石川,富山,7,0,1079.5513,906.5147,0.776774,8.0,1.7858,1081.3371,904.7289,21.7919,-21.7919,20,historical
2024|autumn||2024秋季北信越地区大会|F|敦賀気比|6|日本航空石川|5,2024,autumn,,2024秋季北信越地区大会,F,regional,福井,石川,6,5,1017.7222,1081.3371,0.395449,8.0,4.8364,1022.5586,1076.5007,-5.0609,5.0609,23,historical
2024|autumn||2024秋季東海地区大会|1R|中京|4|名古屋たちばな|1,2024,autumn,,2024秋季東海地区大会,1R,regional,岐阜,愛知,4,1,955.417,1028.8747,0.387625,8.0,4.899,960.316,1023.9757,-2.9922,2.9922,22,historical
2024|autumn||2024秋季東海地区大会|1R|聖隷クリストファー|5|菰野|1,2024,autumn,,2024秋季東海地区大会,1R,regional,静岡,三重,5,1,988.2806,964.7155,0.55271,8.0,3.5783,991.8589,961.1372,6.5989,-6.5989,18,historical
2024|autumn||2024秋季東海地区大会|1R|中京大中京|1|宇治山田商|0,2024,autumn,,2024秋季東海地区大会,1R,regional,愛知,三重,1,0,1023.9757,961.1372,0.622113,8.0,3.0231,1026.9988,958.1141,11.8821,-11.8821,20,historical
2024|autumn||2024秋季東海地区大会|1R|岐阜第一|8|掛川西|1,2024,autumn,,2024秋季東海地区大会,1R,regional,岐阜,静岡,8,1,960.316,991.8589,0.448266,8.0,4.4139,964.7298,987.4451,-2.2675,2.2675,18,historical
2024|autumn||2024秋季東海地区大会|QF|大垣日大|3|中京大中京|2,2024,autumn,,2024秋季東海地区大会,QF,regional,岐阜,愛知,3,2,964.7298,1026.9988,0.410495,8.0,4.716,969.4459,1022.2828,-0.3013,0.3013,23,historical
2024|autumn||2024秋季東海地区大会|QF|岐阜第一|7|海星|0,2024,autumn,,2024秋季東海地区大会,QF,regional,岐阜,長崎,7,0,969.4459,993.875,0.464902,8.0,4.2808,973.7267,989.5942,0.0,-0.0,0,historical
2024|autumn||2024秋季東海地区大会|QF|至学館|2|聖隷クリストファー|0,2024,autumn,,2024秋季東海地区大会,QF,regional,愛知,静岡,2,0,1022.2828,987.4451,0.553306,8.0,3.5736,1025.8563,983.8715,1.1722,-1.1722,24,historical
2024|autumn||2024秋季東海地区大会|QF|常葉大菊川|4|中京|1,2024,autumn,,2024秋季東海地区大会,QF,regional,静岡,岐阜,4,1,983.8715,973.7267,0.514524,8.0,3.8838,987.7553,969.8428,-0.0248,0.0248,19,historical
2024|autumn||2024秋季東海地区大会|SF|常葉大菊川|5|至学館|4,2024,autumn,,2024秋季東海地区大会,SF,regional,静岡,愛知,5,4,987.7553,1025.8563,0.436265,8.0,4.5099,992.2652,1021.3465,-3.2145,3.2145,25,historical
2024|autumn||2024秋季東海地区大会|F|大垣日大|7|常葉大菊川|4,2024,autumn,,2024秋季東海地区大会,F,regional,岐阜,静岡,7,4,969.8428,992.2652,0.46189,8.0,4.3049,974.1477,987.9603,-2.0555,2.0555,20,historical
2024|autumn||2024秋季近畿地区大会|1R|滋賀短大付|4|履正社|1,2024,autumn,,2024秋季近畿地区大会,1R,regional,滋賀,大阪,4,1,1011.095,1126.2072,0.323285,8.0,5.4137,1016.5087,1120.7935,-6.608,6.608,15,historical
2024|autumn||2024秋季近畿地区大会|1R|立命館宇治|4|奈良|1,2024,autumn,,2024秋季近畿地区大会,1R,regional,京,奈良,4,1,1046.8815,1067.8667,0.474856,8.0,4.2012,1051.0826,1063.6655,1.7493,-1.7493,10,historical
2024|autumn||2024秋季近畿地区大会|1R|市和歌山|1|三田学園|0,2024,autumn,,2024秋季近畿地区大会,1R,regional,和歌山,兵庫,1,0,1025.6825,1013.1955,0.535704,8.0,3.7144,1029.3969,1009.4811,6.1825,-6.1825,13,historical
2024|autumn||2024秋季近畿地区大会|1R|東洋大姫路|9|龍谷大平安|0,2024,autumn,,2024秋季近畿地区大会,1R,regional,兵庫,京,9,0,1009.4811,1051.0826,0.43678,8.0,4.5058,1013.9869,1046.5769,-1.2824,1.2824,9,historical
2024|autumn||2024秋季近畿地区大会|1R|大阪学院大高|1|北稜|0,2024,autumn,,2024秋季近畿地区大会,1R,regional,大阪,京,1,0,1120.7935,1046.5769,0.610591,8.0,3.1153,1123.9087,1043.4616,1.9604,-1.9604,13,historical
2024|autumn||2024秋季近畿地区大会|1R|天理|5|和歌山東|1,2024,autumn,,2024秋季近畿地区大会,1R,regional,奈良,和歌山,5,1,1063.6655,1029.3969,0.558141,8.0,3.5349,1067.2004,1025.862,3.1577,-3.1577,7,historical
2024|autumn||2024秋季近畿地区大会|1R|智弁和歌山|5|神戸学院大付|0,2024,autumn,,2024秋季近畿地区大会,1R,regional,和歌山,兵庫,5,0,1025.862,1013.9869,0.540396,8.0,3.6768,1029.5388,1010.3101,8.1282,-8.1282,14,historical
2024|autumn||2024秋季近畿地区大会|1R|滋賀学園|3|大阪桐蔭|2,2024,autumn,,2024秋季近畿地区大会,1R,regional,滋賀,大阪,3,2,1016.5087,1123.9087,0.339651,8.0,5.2828,1021.7915,1118.626,-4.048,4.048,16,historical
2024|autumn||2024秋季近畿地区大会|QF|天理|4|滋賀短大付|1,2024,autumn,,2024秋季近畿地区大会,QF,regional,奈良,滋賀,4,1,1067.2004,1021.7915,0.574465,8.0,3.4043,1070.6047,1018.3872,3.361,-3.361,7,historical
2024|autumn||2024秋季近畿地区大会|QF|智弁和歌山|7|滋賀学園|2,2024,autumn,,2024秋季近畿地区大会,QF,regional,和歌山,滋賀,7,2,1029.5388,1018.3872,0.521744,8.0,3.826,1033.3649,1014.5612,1.9836,-1.9836,8,historical
2024|autumn||2024秋季近畿地区大会|QF|市和歌山|10|立命館宇治|0,2024,autumn,,2024秋季近畿地区大会,QF,regional,和歌山,京,10,0,1033.3649,1043.4616,0.469072,8.0,4.2474,1037.6123,1039.2142,-5.7109,5.7109,9,historical
2024|autumn||2024秋季近畿地区大会|QF|東洋大姫路|4|大阪学院大高|0,2024,autumn,,2024秋季近畿地区大会,QF,regional,兵庫,大阪,4,0,1010.3101,1118.626,0.346987,8.0,5.2241,1015.5342,1113.4019,-0.7637,0.7637,15,historical
2024|autumn||2024秋季近畿地区大会|SF|東洋大姫路|11|天理|3,2024,autumn,,2024秋季近畿地区大会,SF,regional,兵庫,奈良,11,3,1015.5342,1070.6047,0.405483,8.0,4.7561,1020.2903,1065.8485,-5.703,5.703,8,historical
2024|autumn||2024秋季近畿地区大会|F|東洋大姫路|5|智弁和歌山|1,2024,autumn,,2024秋季近畿地区大会,F,regional,兵庫,和歌山,5,1,1020.2903,1037.6123,0.446129,8.0,4.431,1024.7213,1033.1813,-10.1286,10.1286,15,historical
2024|autumn||2024秋季中国地区大会|1R|開星|8|下関国際|1,2024,autumn,,2024秋季中国地区大会,1R,regional,島根,山口,8,1,926.5239,1003.1451,0.364385,8.0,5.0849,931.6088,998.0602,-10.0161,10.0161,15,historical
2024|autumn||2024秋季中国地区大会|1R|米子松蔭|8|創志学園|0,2024,autumn,,2024秋季中国地区大会,1R,regional,鳥取,岡山,8,0,931.4442,1019.2094,0.371222,8.0,5.0302,936.4744,1014.1792,-1.8902,1.8902,10,historical
2024|autumn||2024秋季中国地区大会|1R|広島商|7|米子東|2,2024,autumn,,2024秋季中国地区大会,1R,regional,広島,鳥取,7,2,1059.2783,936.4744,0.711653,8.0,2.3068,1061.585,934.1676,17.0685,-17.0685,19,historical
2024|autumn||2024秋季中国地区大会|1R|盈進|3|出雲商|1,2024,autumn,,2024秋季中国地区大会,1R,regional,広島,島根,3,1,1061.585,931.6088,0.70048,8.0,2.3962,1063.9812,929.2126,8.8058,-8.8058,12,historical
2024|autumn||2024秋季中国地区大会|1R|矢上|6|高川学園|5,2024,autumn,,2024秋季中国地区大会,1R,regional,島根,山口,6,5,929.2126,998.0602,0.38109,8.0,4.9513,934.1639,993.1089,-7.6962,7.6962,16,historical
2024|autumn||2024秋季中国地区大会|1R|大田|8|境|1,2024,autumn,,2024秋季中国地区大会,1R,regional,島根,茨城,8,1,934.1639,994.1045,0.414584,8.0,4.6833,938.8472,989.4212,0.0,-0.0,0,historical
2024|autumn||2024秋季中国地区大会|1R|倉敷商|6|如水館|1,2024,autumn,,2024秋季中国地区大会,1R,regional,岡山,広島,6,1,1014.1792,1063.9812,0.456514,8.0,4.3479,1018.527,1059.6333,9.7543,-9.7543,26,historical
2024|autumn||2024秋季中国地区大会|1R|岡山学芸館|9|西京|0,2024,autumn,,2024秋季中国地区大会,1R,regional,岡山,京,9,0,1018.527,1039.2142,0.469153,8.0,4.2468,1022.7738,1034.9674,-0.3873,0.3873,1,historical
2024|autumn||2024秋季中国地区大会|QF|矢上|6|倉敷商|5,2024,autumn,,2024秋季中国地区大会,QF,regional,島根,岡山,6,5,938.8472,1022.7738,0.349798,8.0,5.2016,944.0488,1017.5722,-11.8828,11.8828,9,historical
2024|autumn||2024秋季中国地区大会|QF|岡山学芸館|9|大田|2,2024,autumn,,2024秋季中国地区大会,QF,regional,岡山,島根,9,2,1017.5722,944.0488,0.632241,8.0,2.9421,1020.5143,941.1068,10.3023,-10.3023,10,historical
2024|autumn||2024秋季中国地区大会|QF|米子松蔭|4|盈進|3,2024,autumn,,2024秋季中国地区大会,QF,regional,鳥取,広島,4,3,934.1676,1059.6333,0.281723,8.0,5.7462,939.9138,1053.8871,-18.5609,18.5609,20,historical
2024|autumn||2024秋季中国地区大会|QF|広島商|2|開星|1,2024,autumn,,2024秋季中国地区大会,QF,regional,広島,島根,2,1,1053.8871,941.1068,0.68279,8.0,2.5377,1056.4248,938.5691,10.1979,-10.1979,13,historical
2024|autumn||2024秋季中国地区大会|SF|米子松蔭|2|矢上|0,2024,autumn,,2024秋季中国地区大会,SF,regional,鳥取,島根,2,0,939.9138,938.5691,0.521271,8.0,3.8298,943.7437,934.7393,6.7224,-6.7224,9,historical
2024|autumn||2024秋季中国地区大会|SF|広島商|6|岡山学芸館|3,2024,autumn,,2024秋季中国地区大会,SF,regional,広島,岡山,6,3,1056.4248,1020.5143,0.516111,8.0,3.8711,1060.2959,1016.6432,-12.3556,12.3556,27,historical
2024|autumn||2024秋季中国地区大会|F|広島商|6|米子松蔭|3,2024,autumn,,2024秋季中国地区大会,F,regional,広島,鳥取,6,3,1060.2959,943.7437,0.70091,8.0,2.3927,1062.6886,941.351,15.6962,-15.6962,21,historical
2024|autumn||2024秋季四国地区大会|1R|高知中央|5|今治西|2,2024,autumn,,2024秋季四国地区大会,1R,regional,高知,愛媛,5,2,1053.1312,943.8779,0.718179,8.0,2.2546,1055.3858,941.6234,26.6253,-26.6253,21,historical
2024|autumn||2024秋季四国地区大会|1R|尽誠学園|2|高知|0,2024,autumn,,2024秋季四国地区大会,1R,regional,香川,高知,2,0,992.5744,1055.3858,0.445827,8.0,4.4334,997.0078,1050.9524,12.5098,-12.5098,24,historical
2024|autumn||2024秋季四国地区大会|1R|英明|4|小松島|2,2024,autumn,,2024秋季四国地区大会,1R,regional,香川,徳島,4,2,997.0078,971.3127,0.541114,8.0,3.6711,1000.6789,967.6416,1.4692,-1.4692,14,historical
2024|autumn||2024秋季四国地区大会|1R|鳴門|4|松山商|2,2024,autumn,,2024秋季四国地区大会,1R,regional,徳島,愛媛,4,2,967.6416,941.6234,0.53926,8.0,3.6859,971.3275,937.9374,0.6595,-0.6595,15,historical
2024|autumn||2024秋季四国地区大会|QF|高松商|8|高知中央|0,2024,autumn,,2024秋季四国地区大会,QF,regional,香川,高知,8,0,1000.6789,1050.9524,0.471302,8.0,4.2296,1004.9085,1046.7228,15.1551,-15.1551,25,historical
2024|autumn||2024秋季四国地区大会|QF|鳴門渦潮|3|尽誠学園|2,2024,autumn,,2024秋季四国地区大会,QF,regional,徳島,香川,3,2,971.3275,1004.9085,0.442428,8.0,4.4606,975.7881,1000.4479,-3.3013,3.3013,15,historical
2024|autumn||2024秋季四国地区大会|QF|新田|4|英明|3,2024,autumn,,2024秋季四国地区大会,QF,regional,愛媛,香川,4,3,937.9374,1000.4479,0.41688,8.0,4.665,942.6024,995.783,2.1059,-2.1059,15,historical
2024|autumn||2024秋季四国地区大会|QF|明徳義塾|6|鳴門|0,2024,autumn,,2024秋季四国地区大会,QF,regional,高知,徳島,6,0,1046.7228,975.7881,0.61443,8.0,3.0846,1049.8074,972.7035,5.0065,-5.0065,21,historical
2024|autumn||2024秋季四国地区大会|SF|高松商|5|新田|3,2024,autumn,,2024秋季四国地区大会,SF,regional,香川,愛媛,5,3,995.783,942.6024,0.563282,8.0,3.4937,999.2767,939.1087,-4.4852,4.4852,16,historical
2024|autumn||2024秋季四国地区大会|SF|明徳義塾|6|鳴門渦潮|3,2024,autumn,,2024秋季四国地区大会,SF,regional,高知,徳島,6,3,1049.8074,972.7035,0.627556,8.0,2.9795,1052.7869,969.724,6.7666,-6.7666,22,historical
2024|autumn||2024秋季四国地区大会|F|明徳義塾|5|高松商|3,2024,autumn,,2024秋季四国地区大会,F,regional,高知,香川,5,3,1052.7869,999.2767,0.525972,8.0,3.7922,1056.5791,995.4845,-17.7235,17.7235,26,historical
2024|autumn||2024秋季九州地区大会|1R|壱岐|6|専大熊本|3,2024,autumn,,2024秋季九州地区大会,1R,regional,長崎,熊本,6,3,989.5942,965.9748,0.54765,8.0,3.6188,993.213,962.356,4.796,-4.796,6,historical
2024|autumn||2024秋季九州地区大会|1R|柳ヶ浦|5|龍谷|3,2024,autumn,,2024秋季九州地区大会,1R,regional,大分,佐賀,5,3,1035.6887,924.7042,0.665698,8.0,2.6744,1038.3631,922.0298,4.3353,-4.3353,5,historical
2024|autumn||2024秋季九州地区大会|1R|エナジックスポーツ|2|神村学園|1,2024,autumn,,2024秋季九州地区大会,1R,regional,沖縄,鹿児島,2,1,999.2419,1025.6617,0.458168,8.0,4.3347,1003.5766,1021.327,-1.3579,1.3579,7,historical
2024|autumn||2024秋季九州地区大会|1R|育徳館|2|日南学園|1,2024,autumn,,2024秋季九州地区大会,1R,regional,福岡,宮崎,2,1,1021.4547,935.7477,0.627845,8.0,2.9772,1024.432,932.7704,2.572,-2.572,11,historical
2024|autumn||2024秋季九州地区大会|1R|鹿児島実|2|明豊|1,2024,autumn,,2024秋季九州地区大会,1R,regional,鹿児島,大分,2,1,1021.327,1038.3631,0.436456,8.0,4.5084,1025.8354,1033.8548,-13.6794,13.6794,16,historical
2024|autumn||2024秋季九州地区大会|1R|西日本短大付|14|聖心ウルスラ|2,2024,autumn,,2024秋季九州地区大会,1R,regional,福岡,宮崎,14,2,1024.432,932.7704,0.63963,8.0,2.883,1027.3149,929.8875,4.0053,-4.0053,12,historical
2024|autumn||2024秋季九州地区大会|1R|有明|7|海星|6,2024,autumn,,2024秋季九州地区大会,1R,regional,熊本,長崎,7,6,962.356,993.213,0.437249,8.0,4.502,966.858,988.711,-6.4889,6.4889,7,historical
2024|autumn||2024秋季九州地区大会|1R|沖縄尚学|3|佐賀北|2,2024,autumn,,2024秋季九州地区大会,1R,regional,沖縄,佐賀,3,2,1003.5766,922.0298,0.621825,8.0,3.0254,1006.602,919.0044,2.4215,-2.4215,5,historical
2024|autumn||2024秋季九州地区大会|QF|西日本短大付|4|有明|0,2024,autumn,,2024秋季九州地区大会,QF,regional,福岡,熊本,4,0,1027.3149,966.858,0.578733,8.0,3.3701,1030.6851,963.4878,-2.6443,2.6443,7,historical
2024|autumn||2024秋季九州地区大会|QF|エナジックスポーツ|9|壱岐|2,2024,autumn,,2024秋季九州地区大会,QF,regional,沖縄,長崎,9,2,1006.602,988.711,0.533375,8.0,3.733,1010.335,984.978,2.6675,-2.6675,9,historical
2024|autumn||2024秋季九州地区大会|QF|柳ヶ浦|3|育徳館|0,2024,autumn,,2024秋季九州地区大会,QF,regional,大分,福岡,3,0,1033.8548,1030.6851,0.504583,8.0,3.9633,1037.8181,1026.7217,0.0075,-0.0075,20,historical
2024|autumn||2024秋季九州地区大会|QF|沖縄尚学|5|鹿児島実|0,2024,autumn,,2024秋季九州地区大会,QF,regional,沖縄,鹿児島,5,0,1010.335,1025.8354,0.478198,8.0,4.1744,1014.5094,1021.661,0.1706,-0.1706,8,historical
2024|autumn||2024秋季九州地区大会|SF|エナジックスポーツ|4|柳ヶ浦|2,2024,autumn,,2024秋季九州地区大会,SF,regional,沖縄,大分,4,2,1014.5094,1037.8181,0.464335,8.0,4.2853,1018.7947,1033.5328,-0.758,0.758,5,historical
2024|autumn||2024秋季九州地区大会|SF|沖縄尚学|11|西日本短大付|1,2024,autumn,,2024秋季九州地区大会,SF,regional,沖縄,福岡,11,1,1018.7947,1026.7217,0.474344,8.0,4.2052,1023.0,1022.5165,-4.958,4.958,15,historical
2024|jingu||2024明治神宮大会|1R|東洋大姫路|10|聖光学院|0,2024,jingu,,2024明治神宮大会,1R,national,兵庫,福島,10,0,1024.7213,990.7104,0.553355,9.2,4.1091,1028.8304,986.6012,1.6028,-1.6028,2,historical
2024|jingu||2024明治神宮大会|1R|東海大札幌|3|大垣日大|0,2024,jingu,,2024明治神宮大会,1R,national,南北海道,岐阜,3,0,1012.2999,974.1477,0.553929,9.2,4.1039,1016.4037,970.0439,-0.266,0.266,1,historical
2024|jingu||2024明治神宮大会|QF|横浜|2|明徳義塾|0,2024,jingu,,2024明治神宮大会,QF,national,神奈川,高知,2,0,1040.776,1056.5791,0.475882,9.2,4.8219,1045.5979,1051.7573,-0.4842,0.4842,1,historical
2024|jingu||2024明治神宮大会|QF|敦賀気比|11|沖縄尚学|5,2024,jingu,,2024明治神宮大会,QF,national,福井,沖縄,11,5,1022.5586,1023.0,0.499365,9.2,4.6058,1027.1644,1018.3941,-0.0,0.0,0,historical
2024|jingu||2024明治神宮大会|QF|東洋大姫路|6|二松学舎大付|0,2024,jingu,,2024明治神宮大会,QF,regional,兵庫,東東京,6,0,1028.8304,1049.6803,0.469431,8.0,4.2446,1033.075,1045.4357,-0.2091,0.2091,1,historical
2024|jingu||2024明治神宮大会|QF|広島商|3|東海大札幌|0,2024,jingu,,2024明治神宮大会,QF,national,広島,南北海道,3,0,1062.6886,1016.4037,0.566218,9.2,3.9908,1066.6794,1012.4129,-0.0,0.0,0,historical
2024|jingu||2024明治神宮大会|SF|横浜|3|東洋大姫路|1,2024,jingu,,2024明治神宮大会,SF,national,神奈川,兵庫,3,1,1045.5979,1033.075,0.518014,9.2,4.4343,1050.0322,1028.6407,-0.0,0.0,0,historical
2024|jingu||2024明治神宮大会|SF|広島商|11|敦賀気比|9,2024,jingu,,2024明治神宮大会,SF,national,広島,福井,11,9,1066.6794,1027.1644,0.563929,9.2,4.0119,1070.6913,1023.1526,2.576,-2.576,3,historical
2024|jingu||2024明治神宮大会|F|横浜|4|広島商|3,2024,jingu,,2024明治神宮大会,F,national,神奈川,広島,4,3,1050.0322,1070.6913,0.481182,9.2,4.7731,1054.8053,1065.9181,3.7886,-3.7886,3,historical
2025|spring|2025-03-22|春季香川大会 2025 日程・結果|2R|観音寺総合|7|多度津|0,2025,spring,2025-03-22,春季香川大会 2025 日程・結果,2R,prefecture,香川,徳島,7,0,995.4845,969.724,0.540279,4.56,2.0963,997.5808,967.6277,1.1444,-1.1444,16,current
2025|spring|2025-03-23|春季香川大会 2025 日程・結果|2R|高松第一|2|志度|12,2025,spring,2025-03-23,春季香川大会 2025 日程・結果,2R,prefecture,香川,徳島,2,12,997.5808,967.6277,0.549382,4.56,-2.5052,995.0756,970.1328,2.2364,-2.2364,17,current
2025|spring|2025-03-26|春季香川大会 2025 日程・結果|3R|高松東|10|志度|6,2025,spring,2025-03-26,春季香川大会 2025 日程・結果,3R,prefecture,香川,徳島,10,6,995.0756,970.1328,0.538628,4.56,2.1039,997.1795,968.029,0.9761,-0.9761,18,current
2025|spring|2025-04-04|春季東京大会 2025 日程・結果|1R|日大一|1|東海大菅生|9,2025,spring,2025-04-04,春季東京大会 2025 日程・結果,1R,prefecture,東東京,西東京,1,9,1045.4357,1007.5396,0.536818,4.56,-2.4479,1042.9878,1009.9874,-6.133,6.133,243,current
2025|spring|2025-04-04|春季東京大会 2025 日程・結果|1R|狛江|7|足立学園|6,2025,spring,2025-04-04,春季東京大会 2025 日程・結果,1R,prefecture,西東京,東東京,7,6,1009.9874,1042.9878,0.4753,4.56,2.3926,1012.3801,1040.5952,7.9115,-7.9115,244,current
2025|spring|2025-04-04|春季東京大会 2025 日程・結果|1R|足立西|8|桐朋|7,2025,spring,2025-04-04,春季東京大会 2025 日程・結果,1R,prefecture,東京,西東京,8,7,950.5271,1012.3801,0.411758,4.56,2.6824,953.2095,1009.6977,-0.0563,0.0563,5,current
2025|spring|2025-04-04|春季東京大会 2025 日程・結果|1R|板橋|8|東大和|12,2025,spring,2025-04-04,春季東京大会 2025 日程・結果,1R,prefecture,東東京,西東京,8,12,1040.5952,1009.6977,0.516683,4.56,-2.3561,1038.2391,1012.0538,-9.6502,9.6502,245,current
2025|spring|2025-04-04|春季東京大会 2025 日程・結果|1R|東京|2|工学院大附|9,2025,spring,2025-04-04,春季東京大会 2025 日程・結果,1R,prefecture,東東京,西東京,2,9,1038.2391,1012.0538,0.504979,4.56,-2.3027,1035.9364,1014.3565,-11.3629,11.3629,246,current
2025|spring|2025-04-04|春季東京大会 2025 日程・結果|1R|玉川学園|0|立正大立正|2,2025,spring,2025-04-04,春季東京大会 2025 日程・結果,1R,prefecture,西東京,東東京,0,2,1014.3565,1035.9364,0.506468,4.56,-2.3095,1012.047,1038.2459,13.0372,-13.0372,247,current
2025|spring|2025-04-04|春季東京大会 2025 日程・結果|1R|学習院|7|明星|8,2025,spring,2025-04-04,春季東京大会 2025 日程・結果,1R,prefecture,東東京,西東京,7,8,1038.2459,1012.047,0.505004,4.56,-2.3028,1035.9431,1014.3498,-11.3608,11.3608,248,current
2025|spring|2025-04-04|春季東京大会 2025 日程・結果|1R|国士舘|12|大山|2,2025,spring,2025-04-04,春季東京大会 2025 日程・結果,1R,prefecture,西東京,東東京,12,2,1014.3498,1035.9431,0.506444,4.56,2.2506,1016.6004,1033.6925,13.0356,-13.0356,249,current
2025|spring|2025-04-04|春季東京大会 2025 日程・結果|1R|立志舎|22|帝京八王子|2,2025,spring,2025-04-04,春季東京大会 2025 日程・結果,1R,prefecture,東東京,西東京,22,2,1033.6925,1016.6004,0.482373,4.56,2.3604,1036.0528,1014.24,-14.6729,14.6729,250,current
2025|spring|2025-04-04|春季東京大会 2025 日程・結果|1R|産業技術高専|0|明大中野|31,2025,spring,2025-04-04,春季東京大会 2025 日程・結果,1R,prefecture,東京,東東京,0,31,953.2095,1036.0528,0.308354,4.56,-1.4061,951.8034,1037.4589,-28.7453,28.7453,28,current
2025|spring|2025-04-04|春季東京大会 2025 日程・結果|1R|啓明学園・農業・八王子桑志|5|玉川学園|12,2025,spring,2025-04-04,春季東京大会 2025 日程・結果,1R,prefecture,東京,西東京,5,12,951.8034,1014.24,0.413331,4.56,-1.8848,949.9186,1016.1248,0.7994,-0.7994,6,current
2025|spring|2025-04-04|春季東京大会 2025 日程・結果|1R|開成|8|調布南|7,2025,spring,2025-04-04,春季東京大会 2025 日程・結果,1R,prefecture,東東京,西東京,8,7,1037.4589,1016.1248,0.493403,4.56,2.3101,1039.769,1013.8147,-12.9591,12.9591,251,current
2025|spring|2025-04-04|春季東京大会 2025 日程・結果|1R|日大豊山|12|駒場学園|5,2025,spring,2025-04-04,春季東京大会 2025 日程・結果,1R,prefecture,東東京,西東京,12,5,1039.769,1013.8147,0.504881,4.56,2.2577,1042.0268,1011.557,-11.2814,11.2814,252,current
2025|spring|2025-04-04|春季東京大会 2025 日程・結果|1R|三鷹中等|6|正則学園|7,2025,spring,2025-04-04,春季東京大会 2025 日程・結果,1R,prefecture,西東京,東東京,6,7,1011.557,1042.0268,0.483906,4.56,-2.2066,1009.3504,1044.2334,9.6414,-9.6414,253,current
2025|spring|2025-04-04|春季東京大会 2025 日程・結果|1R|国際・竹台・戸山|9|成瀬|19,2025,spring,2025-04-04,春季東京大会 2025 日程・結果,1R,prefecture,東京,西東京,9,19,949.9186,1009.3504,0.415885,4.56,-1.8964,948.0222,1011.2468,0.2108,-0.2108,7,current
2025|spring|2025-04-04|春季東京大会 2025 日程・結果|1R|田園調布|6|成蹊|17,2025,spring,2025-04-04,春季東京大会 2025 日程・結果,1R,prefecture,東東京,西東京,6,17,1044.2334,1011.2468,0.524317,4.56,-2.3909,1041.8425,1013.6377,-8.0381,8.0381,254,current
2025|spring|2025-04-04|春季東京大会 2025 日程・結果|1R|八丈|11|鷺宮・日本橋・松原・芦花|2,2025,spring,2025-04-04,春季東京大会 2025 日程・結果,1R,prefecture,東東京,東京,11,2,1041.8425,948.0222,0.707462,4.56,1.334,1043.1765,946.6882,29.7938,-29.7938,29,current
2025|spring|2025-04-04|春季東京大会 2025 日程・結果|1R|神代|0|文京|7,2025,spring,2025-04-04,春季東京大会 2025 日程・結果,1R,prefecture,西東京,東東京,0,7,1013.6377,1043.1765,0.485637,4.56,-2.2145,1011.4232,1045.391,9.7777,-9.7777,255,current
2025|spring|2025-04-04|春季東京大会 2025 日程・結果|1R|大山|9|石神井|7,2025,spring,2025-04-04,春季東京大会 2025 日程・結果,1R,prefecture,東東京,西東京,9,7,1045.391,1011.4232,0.525352,4.56,2.1644,1047.5554,1009.2588,-8.1683,8.1683,256,current
2025|spring|2025-04-04|春季東京大会 2025 日程・結果|1R|町田|3|大森|4,2025,spring,2025-04-04,春季東京大会 2025 日程・結果,1R,prefecture,西東京,東東京,3,4,1009.2588,1047.5554,0.463931,4.56,-2.1155,1007.1433,1049.6709,6.595,-6.595,257,current
2025|spring|2025-04-04|春季東京大会 2025 日程・結果|1R|青井・足立東・葛飾総合・蒲田・中野工科・農産・三田・南葛飾|6|帝京八王子|7,2025,spring,2025-04-04,春季東京大会 2025 日程・結果,1R,prefecture,東京,西東京,6,7,946.6882,1007.1433,0.412511,4.56,-1.8811,944.8071,1009.0243,-0.4853,0.4853,8,current
2025|spring|2025-04-04|春季東京大会 2025 日程・結果|1R|日大櫻丘|7|芝浦工大附|0,2025,spring,2025-04-04,春季東京大会 2025 日程・結果,1R,prefecture,西東京,東東京,7,0,1009.0243,1049.6709,0.456172,4.56,2.4799,1011.5042,1047.191,5.0568,-5.0568,258,current
2025|spring|2025-04-04|春季東京大会 2025 日程・結果|1R|大成|7|武蔵丘|2,2025,spring,2025-04-04,春季東京大会 2025 日程・結果,1R,prefecture,西東京,東東京,7,2,1011.5042,1047.191,0.468434,4.56,2.4239,1013.9281,1044.7671,6.8616,-6.8616,259,current
2025|spring|2025-04-04|春季東京大会 2025 日程・結果|1R|高輪|8|穎明館|1,2025,spring,2025-04-04,春季東京大会 2025 日程・結果,1R,prefecture,東東京,西東京,8,1,1044.7671,1013.9281,0.519543,4.56,2.1909,1046.958,1011.7372,-8.626,8.626,260,current
2025|spring|2025-04-04|春季東京大会 2025 日程・結果|1R|順天|10|田無|3,2025,spring,2025-04-04,春季東京大会 2025 日程・結果,1R,prefecture,東東京,西東京,10,3,1046.958,1011.7372,0.530407,4.56,2.1413,1049.0993,1009.5959,-7.0327,7.0327,261,current
2025|spring|2025-04-04|春季東京大会 2025 日程・結果|1R|多摩大目黒|8|多摩工科|7,2025,spring,2025-04-04,春季東京大会 2025 日程・結果,1R,prefecture,東東京,西東京,8,7,1049.0993,1009.5959,0.540999,4.56,2.093,1051.1924,1007.5029,-5.4751,5.4751,262,current
2025|spring|2025-04-04|春季東京大会 2025 日程・結果|1R|九段中等|28|瑞穂農芸|3,2025,spring,2025-04-04,春季東京大会 2025 日程・結果,1R,prefecture,東東京,西東京,28,3,1051.1924,1007.5029,0.551317,4.56,2.046,1053.2384,1005.4569,-3.9523,3.9523,263,current
2025|spring|2025-04-04|春季東京大会 2025 日程・結果|1R|聖徳学園|1|目黒日大|5,2025,spring,2025-04-04,春季東京大会 2025 日程・結果,1R,prefecture,西東京,東東京,1,5,1005.4569,1053.2384,0.438638,4.56,-2.0002,1003.4567,1055.2385,2.4634,-2.4634,264,current
2025|spring|2025-04-04|春季東京大会 2025 日程・結果|1R|桜丘|0|神代|2,2025,spring,2025-04-04,春季東京大会 2025 日程・結果,1R,prefecture,東東京,西東京,0,2,1055.2385,1003.4567,0.571135,4.56,-2.6044,1052.6342,1006.061,-1.0075,1.0075,265,current
2025|spring|2025-04-04|春季東京大会 2025 日程・結果|1R|小岩|11|南多摩中等|0,2025,spring,2025-04-04,春季東京大会 2025 日程・結果,1R,prefecture,東東京,西東京,11,0,1052.6342,1006.061,0.558398,4.56,2.0137,1054.6479,1004.0473,-2.9038,2.9038,266,current
2025|spring|2025-04-04|春季東京大会 2025 日程・結果|1R|南平|21|大島海洋国際・北豊島工科|0,2025,spring,2025-04-04,春季東京大会 2025 日程・結果,1R,prefecture,西東京,東京,21,0,1004.0473,944.8071,0.587958,4.56,1.8789,1005.9263,942.9282,1.2607,-1.2607,9,current
2025|spring|2025-04-04|春季東京大会 2025 日程・結果|1R|千歳丘|2|足立学園|3,2025,spring,2025-04-04,春季東京大会 2025 日程・結果,1R,prefecture,西東京,東東京,2,3,1005.9263,1054.6479,0.434403,4.56,-1.9809,1003.9454,1056.6288,1.4378,-1.4378,267,current
2025|spring|2025-04-04|春季東京大会 2025 日程・結果|1R|小川|7|高輪|9,2025,spring,2025-04-04,春季東京大会 2025 日程・結果,1R,prefecture,西東京,東東京,7,9,1003.9454,1056.6288,0.424745,4.56,-1.9368,1002.0085,1058.5656,-0.0046,0.0046,268,current
2025|spring|2025-04-04|春季東京大会 2025 日程・結果|1R|立川|3|日本ウェルネス|4,2025,spring,2025-04-04,春季東京大会 2025 日程・結果,1R,prefecture,西東京,東東京,3,4,1002.0085,1058.5656,0.415357,4.56,-1.894,1000.1145,1060.4596,-1.4153,1.4153,269,current
2025|spring|2025-04-04|春季東京大会 2025 日程・結果|1R|国際・竹台・戸山|6|葛飾商|1,2025,spring,2025-04-04,春季東京大会 2025 日程・結果,1R,prefecture,東京,東東京,6,1,942.9282,1060.4596,0.262859,4.56,3.3614,946.2896,1057.0983,-30.8,30.8,30,current
2025|spring|2025-04-04|春季東京大会 2025 日程・結果|1R|小平西|9|品川翔英|0,2025,spring,2025-04-04,春季東京大会 2025 日程・結果,1R,prefecture,西東京,東東京,9,0,1000.1145,1057.0983,0.41091,4.56,2.6863,1002.8008,1054.412,-2.7951,2.7951,270,current
2025|spring|2025-04-04|春季東京大会 2025 日程・結果|1R|拝島|0|目黒|9,2025,spring,2025-04-04,春季東京大会 2025 日程・結果,1R,prefecture,西東京,東東京,0,9,1002.8008,1054.412,0.423908,4.56,-1.933,1000.8677,1056.345,-0.8385,0.8385,271,current
2025|spring|2025-04-04|春季東京大会 2025 日程・結果|1R|科学技術・葛西南・深川・富士|7|町田|8,2025,spring,2025-04-04,春季東京大会 2025 日程・結果,1R,prefecture,東京,西東京,7,8,946.2896,1000.8677,0.416193,4.56,-1.8978,944.3918,1002.7656,-2.1059,2.1059,10,current
2025|spring|2025-04-04|春季東京大会 2025 日程・結果|1R|駒込|0|工学院大附|10,2025,spring,2025-04-04,春季東京大会 2025 日程・結果,1R,prefecture,東東京,西東京,0,10,1056.345,1002.7656,0.582804,4.56,-2.6576,1053.6874,1005.4232,2.2469,-2.2469,272,current
2025|spring|2025-04-04|春季東京大会 2025 日程・結果|1R|東洋|2|中大附|1,2025,spring,2025-04-04,春季東京大会 2025 日程・結果,1R,prefecture,東東京,西東京,2,1,1053.6874,1005.4232,0.569892,4.56,1.9613,1055.6487,1003.4619,0.3107,-0.3107,273,current
2025|spring|2025-04-04|春季東京大会 2025 日程・結果|1R|足立新田|2|専大附|3,2025,spring,2025-04-04,春季東京大会 2025 日程・結果,1R,prefecture,東東京,西東京,2,3,1055.6487,1003.4619,0.579432,4.56,-2.6422,1053.0065,1006.1041,1.74,-1.74,274,current
2025|spring|2025-04-04|春季東京大会 2025 日程・結果|1R|都市大等々力|9|聖学院|4,2025,spring,2025-04-04,春季東京大会 2025 日程・結果,1R,prefecture,西東京,東東京,9,4,1006.1041,1053.0065,0.433433,4.56,2.5835,1008.6876,1050.423,0.1855,-0.1855,275,current
2025|spring|2025-04-04|春季東京大会 2025 日程・結果|1R|穎明館|8|淑徳巣鴨|1,2025,spring,2025-04-04,春季東京大会 2025 日程・結果,1R,prefecture,西東京,東東京,8,1,1008.6876,1050.423,0.446102,4.56,2.5258,1011.2134,1047.8972,2.0686,-2.0686,276,current
2025|spring|2025-04-04|春季東京大会 2025 日程・結果|1R|立川国際・東村山・府中|1|日大一|8,2025,spring,2025-04-04,春季東京大会 2025 日程・結果,1R,prefecture,西東京,東東京,1,8,1011.2134,1047.8972,0.458557,4.56,-2.091,1009.1224,1049.9882,3.9099,-3.9099,277,current
2025|spring|2025-04-04|春季東京大会 2025 日程・結果|1R|成瀬|9|篠崎|2,2025,spring,2025-04-04,春季東京大会 2025 日程・結果,1R,prefecture,西東京,東東京,9,2,1009.1224,1049.9882,0.448243,4.56,2.516,1011.6384,1047.4722,2.3859,-2.3859,278,current
2025|spring|2025-04-04|春季東京大会 2025 日程・結果|1R|大森|12|帝京大高|2,2025,spring,2025-04-04,春季東京大会 2025 日程・結果,1R,prefecture,東東京,西東京,12,2,1047.4722,1011.6384,0.53934,4.56,2.1006,1049.5728,1009.5378,-4.2206,4.2206,279,current
2025|spring|2025-04-04|春季東京大会 2025 日程・結果|1R|駒場学園|16|葛西工科|0,2025,spring,2025-04-04,春季東京大会 2025 日程・結果,1R,prefecture,西東京,東東京,16,0,1009.5378,1049.5728,0.45029,4.56,2.5067,1012.0445,1047.0661,2.6893,-2.6893,280,current
2025|spring|2025-04-04|春季東京大会 2025 日程・結果|1R|産業技術高専|37|青鳥特別支援|1,2025,spring,2025-04-04,春季東京大会 2025 日程・結果,1R,prefecture,東京,西東京,37,1,944.3918,1012.0445,0.395514,4.56,2.7565,947.1482,1009.288,-3.0186,3.0186,11,current
2025|spring|2025-04-04|春季東京大会 2025 日程・結果|1R|小岩|20|深沢|1,2025,spring,2025-04-04,春季東京大会 2025 日程・結果,1R,prefecture,東東京,西東京,20,1,1047.0661,1009.288,0.54127,4.56,2.0918,1049.1579,1007.1962,-4.5175,4.5175,281,current
2025|spring|2025-04-04|春季東京大会 2025 日程・結果|1R|板橋|11|東京高専|0,2025,spring,2025-04-04,春季東京大会 2025 日程・結果,1R,prefecture,東東京,西東京,11,0,1049.1579,1007.1962,0.551591,4.56,2.0447,1051.2027,1005.1515,-2.9924,2.9924,282,current
2025|spring|2025-04-04|春季東京大会 2025 日程・結果|1R|松が谷|0|錦城学園|13,2025,spring,2025-04-04,春季東京大会 2025 日程・結果,1R,prefecture,西東京,東東京,0,13,1005.1515,1051.2027,0.438363,4.56,-1.9989,1003.1525,1053.2016,1.5013,-1.5013,283,current
2025|spring|2025-04-04|春季東京大会 2025 日程・結果|1R|青稜|9|筑波大駒場|2,2025,spring,2025-04-04,春季東京大会 2025 日程・結果,1R,prefecture,東東京,西東京,9,2,1053.2016,1003.1525,0.57141,4.56,1.9544,1055.156,1001.1982,-0.0433,0.0433,284,current
2025|spring|2025-04-04|春季東京大会 2025 日程・結果|1R|秋留台・五日市・多摩|1|多摩工科|17,2025,spring,2025-04-04,春季東京大会 2025 日程・結果,1R,prefecture,東京,西東京,1,17,947.1482,1001.1982,0.417542,4.56,-1.904,945.2442,1003.1021,-1.888,1.888,12,current
2025|spring|2025-04-04|春季東京大会 2025 日程・結果|1R|立川|11|大崎|4,2025,spring,2025-04-04,春季東京大会 2025 日程・結果,1R,prefecture,西東京,東東京,11,4,1003.1021,1055.156,0.421758,4.56,2.6368,1005.7389,1052.5192,-1.3824,1.3824,285,current
2025|spring|2025-04-04|春季東京大会 2025 日程・結果|1R|小平|3|開成|6,2025,spring,2025-04-04,春季東京大会 2025 日程・結果,1R,prefecture,西東京,東東京,3,6,1005.7389,1052.5192,0.434612,4.56,-1.9818,1003.7571,1054.501,0.5412,-0.5412,286,current
2025|spring|2025-04-04|春季東京大会 2025 日程・結果|1R|東洋|10|上水|3,2025,spring,2025-04-04,春季東京大会 2025 日程・結果,1R,prefecture,東東京,西東京,10,3,1054.501,1003.7571,0.575059,4.56,1.9377,1056.4388,1001.8194,0.9048,-0.9048,287,current
2025|spring|2025-04-04|春季東京大会 2025 日程・結果|1R|江戸川|8|八王子北|0,2025,spring,2025-04-04,春季東京大会 2025 日程・結果,1R,prefecture,東東京,西東京,8,0,1056.4388,1001.8194,0.584461,4.56,1.8949,1058.3336,999.9245,2.3189,-2.3189,288,current
2025|spring|2025-04-04|春季東京大会 2025 日程・結果|1R|高島|12|武蔵野北|5,2025,spring,2025-04-04,春季東京大会 2025 日程・結果,1R,prefecture,東東京,西東京,12,5,1058.3336,999.9245,0.593596,4.56,1.8532,1060.1868,998.0713,3.702,-3.702,289,current
2025|spring|2025-04-04|春季東京大会 2025 日程・結果|1R|日本ウェルネス|11|田無工科|1,2025,spring,2025-04-04,春季東京大会 2025 日程・結果,1R,prefecture,東東京,西東京,11,1,1060.1868,998.0713,0.602469,4.56,1.8127,1061.9996,996.2586,5.0549,-5.0549,290,current
2025|spring|2025-04-04|春季東京大会 2025 日程・結果|1R|桐ヶ丘・三商・千早|0|城北|19,2025,spring,2025-04-04,春季東京大会 2025 日程・結果,1R,prefecture,東京,東東京,0,19,945.2442,1061.9996,0.267754,4.56,-1.221,944.0233,1063.2205,-29.0067,29.0067,31,current
2025|spring|2025-04-04|春季東京大会 2025 日程・結果|1R|農大一|12|筑波大附|16,2025,spring,2025-04-04,春季東京大会 2025 日程・結果,1R,prefecture,西東京,東東京,12,16,996.2586,1063.2205,0.387247,4.56,-1.7658,994.4927,1064.9864,-6.3786,6.3786,291,current
2025|spring|2025-04-04|春季東京大会 2025 日程・結果|1R|自由ヶ丘学園|0|総合工科|3,2025,spring,2025-04-04,春季東京大会 2025 日程・結果,1R,prefecture,東東京,西東京,0,3,1064.9864,994.4927,0.621067,4.56,-2.8321,1062.1543,997.3248,7.6682,-7.6682,292,current
2025|spring|2025-04-04|春季東京大会 2025 日程・結果|1R|麻布|4|中大附|12,2025,spring,2025-04-04,春季東京大会 2025 日程・結果,1R,prefecture,東東京,西東京,4,12,1062.1543,997.3248,0.607705,4.56,-2.7711,1059.3832,1000.0959,5.6013,-5.6013,293,current
2025|spring|2025-04-04|春季東京大会 2025 日程・結果|1R|芝浦工大附|7|荒川工科・六郷工科|0,2025,spring,2025-04-04,春季東京大会 2025 日程・結果,1R,prefecture,東東京,東京,7,0,1059.3832,944.0233,0.732747,4.56,1.2187,1060.6019,942.8046,29.9264,-29.9264,32,current
2025|spring|2025-04-04|春季東京大会 2025 日程・結果|1R|工学院大附|32|文教大付|0,2025,spring,2025-04-04,春季東京大会 2025 日程・結果,1R,prefecture,西東京,東東京,32,0,1000.0959,1060.6019,0.403838,4.56,2.7185,1002.8144,1057.8834,-3.5785,3.5785,294,current
2025|spring|2025-04-04|春季東京大会 2025 日程・結果|1R|専大附|11|早稲田|0,2025,spring,2025-04-04,春季東京大会 2025 日程・結果,1R,prefecture,西東京,東東京,11,0,1002.8144,1057.8834,0.416939,4.56,2.6588,1005.4732,1055.2246,-1.5938,1.5938,295,current
2025|spring|2025-04-04|春季東京大会 2025 日程・結果|1R|駒場・両国|3|海城|2,2025,spring,2025-04-04,春季東京大会 2025 日程・結果,1R,prefecture,東京,東東京,3,2,942.8046,1055.2246,0.268499,4.56,3.3356,946.1402,1051.889,-30.8445,30.8445,33,current
2025|spring|2025-04-05|春季東京大会 2025 日程・結果|1R|郁文館|11|府中西|1,2025,spring,2025-04-05,春季東京大会 2025 日程・結果,1R,prefecture,東東京,西東京,11,1,1051.889,1005.4732,0.56542,4.56,1.9817,1053.8706,1003.4915,-0.3476,0.3476,296,current
2025|spring|2025-04-05|春季東京大会 2025 日程・結果|1R|片倉|2|成城|1,2025,spring,2025-04-05,春季東京大会 2025 日程・結果,1R,prefecture,西東京,東東京,2,1,1003.4915,1053.8706,0.424906,4.56,2.6224,1006.1139,1051.2482,-1.0996,1.0996,297,current
2025|spring|2025-04-05|春季東京大会 2025 日程・結果|1R|国立|4|日大豊山|5,2025,spring,2025-04-05,春季東京大会 2025 日程・結果,1R,prefecture,西東京,東東京,4,5,1006.1139,1051.2482,0.437719,4.56,-1.996,1004.1179,1053.2442,0.8157,-0.8157,298,current
2025|spring|2025-04-05|春季東京大会 2025 日程・結果|1R|目白研心|0|聖パウロ学園|7,2025,spring,2025-04-05,春季東京大会 2025 日程・結果,1R,prefecture,東東京,西東京,0,7,1053.2442,1004.1179,0.572042,4.56,-2.6085,1050.6357,1006.7264,0.6422,-0.6422,299,current
2025|spring|2025-04-05|春季東京大会 2025 日程・結果|1R|大森|0|拓大一|10,2025,spring,2025-04-05,春季東京大会 2025 日程・結果,1R,prefecture,東東京,西東京,0,10,1050.6357,1006.7264,0.559274,4.56,-2.5503,1048.0854,1009.2767,-1.2633,1.2633,300,current
2025|spring|2025-04-05|春季東京大会 2025 日程・結果|1R|立志舎|2|府中工科|7,2025,spring,2025-04-05,春季東京大会 2025 日程・結果,1R,prefecture,東東京,西東京,2,7,1048.0854,1009.2767,0.546714,4.56,-2.493,1045.5924,1011.7697,-3.1266,3.1266,301,current
2025|spring|2025-04-05|春季東京大会 2025 日程・結果|1R|江戸川|5|小平南|0,2025,spring,2025-04-05,春季東京大会 2025 日程・結果,1R,prefecture,東東京,西東京,5,0,1045.5924,1011.7697,0.534378,4.56,2.1232,1047.7156,1009.6465,-4.9484,4.9484,302,current
2025|spring|2025-04-06|春季東京大会 2025 日程・結果|2R|実践学園|7|府中工|4,2025,spring,2025-04-06,春季東京大会 2025 日程・結果,2R,prefecture,東東京,西東京,7,4,1047.7156,1009.6465,0.544886,4.56,2.0753,1049.7909,1007.5712,-3.3973,3.3973,303,current
2025|spring|2025-04-06|春季東京大会 2025 日程・結果|2R|日大三|13|正則|0,2025,spring,2025-04-06,春季東京大会 2025 日程・結果,2R,prefecture,西東京,東東京,13,0,1007.5712,1049.7909,0.44488,4.56,2.5313,1010.1025,1047.2596,1.881,-1.881,304,current
2025|spring|2025-04-06|春季東京大会 2025 日程・結果|2R|小山台|10|成瀬|3,2025,spring,2025-04-06,春季東京大会 2025 日程・結果,2R,prefecture,東東京,西東京,10,3,1047.2596,1010.1025,0.54263,4.56,2.0856,1049.3452,1008.0169,-3.7312,3.7312,305,current
2025|spring|2025-04-06|春季東京大会 2025 日程・結果|2R|明大中野|10|片倉|0,2025,spring,2025-04-06,春季東京大会 2025 日程・結果,2R,prefecture,東東京,西東京,10,0,1049.3452,1008.0169,0.552924,4.56,2.0387,1051.3839,1005.9783,-2.2071,2.2071,306,current
2025|spring|2025-04-06|春季東京大会 2025 日程・結果|2R|府中東|8|立正大立正|3,2025,spring,2025-04-06,春季東京大会 2025 日程・結果,2R,prefecture,西東京,東東京,8,3,1005.9783,1051.3839,0.437056,4.56,2.567,1008.5453,1048.8168,0.7172,-0.7172,307,current
2025|spring|2025-04-06|春季東京大会 2025 日程・結果|2R|二松学舎大付|0|八王子|4,2025,spring,2025-04-06,春季東京大会 2025 日程・結果,2R,prefecture,東東京,西東京,0,4,1048.8168,1008.5453,0.550319,4.56,-2.5095,1046.3074,1011.0547,-2.5938,2.5938,308,current
2025|spring|2025-04-06|春季東京大会 2025 日程・結果|2R|狛江|6|江戸川|8,2025,spring,2025-04-06,春季東京大会 2025 日程・結果,2R,prefecture,西東京,東東京,6,8,1011.0547,1046.3074,0.462087,4.56,-2.1071,1008.9476,1048.4145,4.4286,-4.4286,309,current
2025|spring|2025-04-06|春季東京大会 2025 日程・結果|1R|大森学園|6|富士森|1,2025,spring,2025-04-06,春季東京大会 2025 日程・結果,1R,prefecture,東東京,西東京,6,1,1048.4145,1008.9476,0.548333,4.56,2.0596,1050.4741,1006.888,-2.8883,2.8883,310,current
2025|spring|2025-04-06|春季東京大会 2025 日程・結果|1R|法政|4|目黒日大|3,2025,spring,2025-04-06,春季東京大会 2025 日程・結果,1R,prefecture,西東京,東東京,4,3,1006.888,1050.4741,0.441523,4.56,2.5467,1009.4347,1047.9274,1.3826,-1.3826,311,current
2025|spring|2025-04-06|春季東京大会 2025 日程・結果|1R|日大桜丘|2|城西大城西|3,2025,spring,2025-04-06,春季東京大会 2025 日程・結果,1R,prefecture,西東京,東東京,2,3,1009.4347,1047.9274,0.454074,4.56,-2.0706,1007.3641,1049.998,3.245,-3.245,312,current
2025|spring|2025-04-07|春季東京大会 2025 日程・結果|2R|昭和|0|日体大荏原|7,2025,spring,2025-04-07,春季東京大会 2025 日程・結果,2R,prefecture,西東京,東東京,0,7,1007.3641,1049.998,0.443865,4.56,-2.024,1005.3401,1052.0221,1.731,-1.731,313,current
2025|spring|2025-04-07|春季東京大会 2025 日程・結果|2R|堀越|0|工学院大付|7,2025,spring,2025-04-07,春季東京大会 2025 日程・結果,2R,prefecture,東東京,西東京,0,7,1052.0221,1005.3401,0.56607,4.56,-2.5813,1049.4408,1007.9214,-0.2508,0.2508,314,current
2025|spring|2025-04-07|春季東京大会 2025 日程・結果|2R|東京成徳大高|10|聖パウロ学園|3,2025,spring,2025-04-07,春季東京大会 2025 日程・結果,2R,prefecture,東東京,西東京,10,3,1049.4408,1007.9214,0.553391,4.56,2.0365,1051.4773,1005.8848,-2.1389,2.1389,315,current
2025|spring|2025-04-07|春季東京大会 2025 日程・結果|2R|佼成学園|0|成立学園|1,2025,spring,2025-04-07,春季東京大会 2025 日程・結果,2R,prefecture,西東京,東東京,0,1,1005.8848,1051.4773,0.436599,4.56,-1.9909,1003.8939,1053.4682,0.6493,-0.6493,316,current
2025|spring|2025-04-07|春季東京大会 2025 日程・結果|2R|大成|3|立教池袋|5,2025,spring,2025-04-07,春季東京大会 2025 日程・結果,2R,prefecture,西東京,東東京,3,5,1003.8939,1053.4682,0.426862,4.56,-1.9465,1001.9474,1055.4147,-0.807,0.807,317,current
2025|spring|2025-04-07|春季東京大会 2025 日程・結果|2R|日大鶴ヶ丘|5|足立西|1,2025,spring,2025-04-07,春季東京大会 2025 日程・結果,2R,prefecture,西東京,東京,5,1,1001.9474,946.1402,0.587552,4.56,1.8808,1003.8282,944.2595,2.8319,-2.8319,13,current
2025|spring|2025-04-08|春季東京大会 2025 日程・結果|2R|早稲田実|10|順天|0,2025,spring,2025-04-08,春季東京大会 2025 日程・結果,2R,prefecture,西東京,東東京,10,0,1003.8282,1055.4147,0.420032,4.56,2.6447,1006.4729,1052.77,-2.2311,2.2311,318,current
2025|spring|2025-04-08|春季東京大会 2025 日程・結果|2R|国学院久我山|9|明大中野|2,2025,spring,2025-04-08,春季東京大会 2025 日程・結果,2R,prefecture,西東京,東東京,9,2,1006.4729,1052.77,0.432927,4.56,2.5859,1009.0587,1050.1842,-0.2963,0.2963,319,current
2025|spring|2025-04-08|春季東京大会 2025 日程・結果|2R|淑徳|7|法政|8,2025,spring,2025-04-08,春季東京大会 2025 日程・結果,2R,prefecture,東東京,西東京,7,8,1050.1842,1009.0587,0.554376,4.56,-2.528,1047.6562,1011.5867,-1.5957,1.5957,320,current
2025|spring|2025-04-08|春季東京大会 2025 日程・結果|2R|大森学園|1|創価|14,2025,spring,2025-04-08,春季東京大会 2025 日程・結果,2R,prefecture,東東京,西東京,1,14,1047.6562,1011.5867,0.541892,4.56,-2.471,1045.1852,1014.0577,-3.4457,3.4457,321,current
2025|spring|2025-04-12|春季東京大会 2025 日程・結果|3R|八王子|14|実践学園|2,2025,spring,2025-04-12,春季東京大会 2025 日程・結果,3R,prefecture,西東京,東東京,14,2,1014.0577,1045.1852,0.470362,4.56,2.4152,1016.4728,1042.7701,5.2543,-5.2543,322,current
2025|spring|2025-04-12|春季東京大会 2025 日程・結果|3R|立教池袋|1|早稲田実|11,2025,spring,2025-04-12,春季東京大会 2025 日程・結果,3R,prefecture,東東京,西東京,1,11,1042.7701,1016.4728,0.517626,4.56,-2.3604,1040.4097,1018.8332,-7.0223,7.0223,323,current
2025|spring|2025-04-12|春季東京大会 2025 日程・結果|3R|創価|4|東亜学園|7,2025,spring,2025-04-12,春季東京大会 2025 日程・結果,3R,prefecture,西東京,東東京,4,7,1018.8332,1040.4097,0.494135,4.56,-2.2533,1016.58,1042.6629,8.7504,-8.7504,324,current
2025|spring|2025-04-19|春季茨城大会 2025 日程・結果|1R|東風|6|麻生|0,2025,spring,2025-04-19,春季茨城大会 2025 日程・結果,1R,district_qualifier,茨城,神奈川,6,0,989.4212,1054.8053,0.387204,4.18,2.5615,991.9827,1052.2438,-7.1833,7.1833,9,current
2025|spring|2025-04-19|春季東京大会 2025 日程・結果|4R|東海大菅生|5|共栄学園|4,2025,spring,2025-04-19,春季東京大会 2025 日程・結果,4R,prefecture,西東京,東東京,5,4,1016.58,1042.6629,0.482911,4.56,2.3579,1018.9379,1040.305,7.1017,-7.1017,325,current
2025|spring|2025-04-19|春季東京大会 2025 日程・結果|4R|明大八王子|1|東亜学園|6,2025,spring,2025-04-19,春季東京大会 2025 日程・結果,4R,prefecture,西東京,東東京,1,6,1018.9379,1040.305,0.49466,4.56,-2.2557,1016.6822,1042.5607,8.8283,-8.8283,326,current
2025|spring|2025-04-19|春季鳥取大会 2025 日程・結果|1R|倉吉農業|1|米子西|26,2025,spring,2025-04-19,春季鳥取大会 2025 日程・結果,1R,prefecture,岡山,鳥取,1,26,1016.6432,941.351,0.6061,4.56,-2.7638,1013.8794,944.1148,-0.2144,0.2144,11,current
2025|spring|2025-04-19|春季鳥取大会 2025 日程・結果|1R|鳥取商業|9|倉吉北|5,2025,spring,2025-04-19,春季鳥取大会 2025 日程・結果,1R,prefecture,鳥取,岡山,9,5,944.1148,1013.8794,0.404989,4.56,2.7133,946.828,1011.1661,1.4659,-1.4659,12,current
2025|spring|2025-04-19|春季鳥取大会 2025 日程・結果|1R|倉吉総合産業|5|岩美|9,2025,spring,2025-04-19,春季鳥取大会 2025 日程・結果,1R,prefecture,岡山,鳥取,5,9,1011.1661,946.828,0.583812,4.56,-2.6622,1008.5039,949.4902,-2.7722,2.7722,13,current
2025|spring|2025-04-19|春季九州大会 2025 日程・結果|1R|創成館(長崎)|1|エナジック(沖縄)|2,2025,spring,2025-04-19,春季九州大会 2025 日程・結果,1R,regional,長崎,沖縄,1,2,984.978,1018.3941,0.439672,7.6,-3.3415,981.6365,1021.7356,-4.3547,4.3547,10,current
2025|spring|2025-04-19|春季九州大会 2025 日程・結果|1R|龍谷(佐賀)|0|海星(長崎)|7,2025,spring,2025-04-19,春季九州大会 2025 日程・結果,1R,regional,佐賀,長崎,0,7,919.0044,981.6365,0.40957,7.6,-3.1127,915.8916,984.7492,-0.452,0.452,3,current
2025|spring|2025-04-19|春季九州大会 2025 日程・結果|1R|柳ヶ浦(大分)|0|東海大熊本星翔(熊本)|2,2025,spring,2025-04-19,春季九州大会 2025 日程・結果,1R,regional,大分,熊本,0,2,1033.5328,963.4878,0.582922,7.6,-4.4302,1029.1026,967.918,-5.944,5.944,7,current
2025|spring|2025-04-19|春季九州大会 2025 日程・結果|1R|西日本短大附(福岡)|3|宜野座(沖縄)|2,2025,spring,2025-04-19,春季九州大会 2025 日程・結果,1R,regional,福岡,沖縄,3,2,1022.5165,1021.7356,0.509658,7.6,3.7266,1026.2431,1018.009,2.9656,-2.9656,16,current
2025|spring|2025-04-20|春季東京大会 2025 日程・結果|4R|八王子|10|駿台学園|0,2025,spring,2025-04-20,春季東京大会 2025 日程・結果,4R,prefecture,西東京,東東京,10,0,1016.6822,1042.5607,0.483423,4.56,2.3556,1019.0378,1040.2051,7.1777,-7.1777,327,current
2025|spring|2025-04-20|春季東京大会 2025 日程・結果|4R|大東大第一|0|早稲田実|12,2025,spring,2025-04-20,春季東京大会 2025 日程・結果,4R,prefecture,東東京,西東京,0,12,1040.2051,1019.0378,0.504838,4.56,-2.3021,1037.903,1021.3399,-8.9028,8.9028,328,current
2025|spring|2025-04-20|春季東京大会 2025 日程・結果|4R|帝京|11|日大鶴ヶ丘|7,2025,spring,2025-04-20,春季東京大会 2025 日程・結果,4R,prefecture,東東京,西東京,11,7,1037.903,1021.3399,0.493359,4.56,2.3103,1040.2133,1019.0296,-10.589,10.589,329,current
2025|spring|2025-04-20|春季鳥取大会 2025 日程・結果|1R|倉吉西|0|米子高専|7,2025,spring,2025-04-20,春季鳥取大会 2025 日程・結果,1R,prefecture,岡山,鳥取,0,7,1008.5039,949.4902,0.572553,4.56,-2.6108,1005.8931,952.1011,-4.1203,4.1203,14,current
2025|spring|2025-04-20|春季九州大会 2025 日程・結果|1R|宮崎商業(宮崎)|2|東筑(福岡)|4,2025,spring,2025-04-20,春季九州大会 2025 日程・結果,1R,regional,宮崎,福岡,2,4,929.8875,1026.2431,0.350315,7.6,-2.6624,927.2251,1028.9055,-5.471,5.471,13,current
2025|spring|2025-04-20|春季九州大会 2025 日程・結果|1R|沖縄尚学(沖縄)|0|長崎商(長崎)|1,2025,spring,2025-04-20,春季九州大会 2025 日程・結果,1R,regional,沖縄,長崎,0,1,1018.009,984.7492,0.564737,7.6,-4.292,1013.717,989.0412,5.9889,-5.9889,11,current
2025|spring|2025-04-20|春季九州大会 2025 日程・結果|1R|壱岐(長崎)|4|神村学園(鹿児島)|7,2025,spring,2025-04-20,春季九州大会 2025 日程・結果,1R,regional,長崎,鹿児島,4,7,989.0412,1021.661,0.453194,7.6,-3.4443,985.5969,1025.1053,0.0,-0.0,0,current
2025|spring|2025-04-20|春季九州大会 2025 日程・結果|1R|福岡大大濠(福岡)|4|明豊(大分)|6,2025,spring,2025-04-20,春季九州大会 2025 日程・結果,1R,regional,福岡,大分,4,6,1028.9055,1029.1026,0.4935,7.6,-3.7506,1025.1549,1032.8532,-2.1601,2.1601,21,current
2025|spring|2025-04-21|春季鳥取大会 2025 日程・結果|2R|鳥取中央育英|7|倉吉東|1,2025,spring,2025-04-21,春季鳥取大会 2025 日程・結果,2R,prefecture,鳥取,岡山,7,1,952.1011,1005.8931,0.438726,4.56,2.5594,954.6605,1003.3337,5.4997,-5.4997,15,current
2025|spring|2025-04-21|春季九州大会 2025 日程・結果|QF|明豊(大分)|8|長崎商(長崎)|3,2025,spring,2025-04-21,春季九州大会 2025 日程・結果,QF,regional,大分,長崎,8,3,1032.8532,985.5969,0.582701,7.6,3.1715,1036.0246,982.4255,5.3716,-5.3716,8,current
2025|spring|2025-04-21|春季九州大会 2025 日程・結果|QF|神村学園(鹿児島)|4|東筑(福岡)|3,2025,spring,2025-04-21,春季九州大会 2025 日程・結果,QF,regional,鹿児島,福岡,4,3,1025.1053,1025.1549,0.497917,7.6,3.8158,1028.9211,1021.339,-0.699,0.699,11,current
2025|spring|2025-04-21|春季九州大会 2025 日程・結果|QF|東海大熊本星翔(熊本)|3|エナジック(沖縄)|4,2025,spring,2025-04-21,春季九州大会 2025 日程・結果,QF,regional,熊本,沖縄,3,4,967.918,1013.717,0.42843,7.6,-3.2561,964.662,1016.9731,-2.1386,2.1386,6,current
2025|spring|2025-04-21|春季九州大会 2025 日程・結果|QF|西日本短大附(福岡)|6|海星(長崎)|0,2025,spring,2025-04-21,春季九州大会 2025 日程・結果,QF,regional,福岡,長崎,6,0,1021.339,982.4255,0.574755,7.6,3.2319,1024.5709,979.1936,6.7118,-6.7118,9,current
2025|spring|2025-04-23|春季九州大会 2025 日程・結果|SF|神村学園(鹿児島)|6|明豊(大分)|0,2025,spring,2025-04-23,春季九州大会 2025 日程・結果,SF,regional,鹿児島,大分,6,0,1028.9211,1036.0246,0.456346,7.6,4.1318,1033.0529,1031.8929,-11.6537,11.6537,17,current
2025|spring|2025-04-23|春季九州大会 2025 日程・結果|SF|西日本短大附(福岡)|7|エナジック(沖縄)|6,2025,spring,2025-04-23,春季九州大会 2025 日程・結果,SF,regional,福岡,沖縄,7,6,1024.5709,1016.9731,0.52509,7.6,3.6093,1028.1802,1013.3638,4.9255,-4.9255,17,current
2025|spring|2025-04-24|春季埼玉大会 2025 日程・結果|1R|川越|11|3校連合|0,2025,spring,2025-04-24,春季埼玉大会 2025 日程・結果,1R,district_qualifier,埼玉,宮城,11,0,1009.0287,1048.687,0.443368,4.18,2.3267,1011.3554,1046.3603,0.0684,-0.0684,2,current
2025|spring|2025-04-24|春季九州大会 2025 日程・結果|F|西日本短大附(福岡)|1|神村学園(鹿児島)|5,2025,spring,2025-04-24,春季九州大会 2025 日程・結果,F,regional,福岡,鹿児島,1,5,1028.1802,1033.0529,0.490132,7.6,-3.725,1024.4552,1036.7779,-0.9927,0.9927,12,current
2025|spring|2025-04-26|春季東京大会 2025 日程・結果|QF|八王子|5|小山台|0,2025,spring,2025-04-26,春季東京大会 2025 日程・結果,QF,prefecture,西東京,東東京,5,0,1019.0296,1040.2133,0.495125,4.56,2.3022,1021.3318,1037.9111,8.8981,-8.8981,330,current
2025|spring|2025-04-26|春季岡山大会 2025 日程・結果|1R|明誠|2|西大寺|3,2025,spring,2025-04-26,春季岡山大会 2025 日程・結果,1R,district_qualifier,島根,岡山,2,3,934.7393,1003.3337,0.369777,4.18,-1.5457,933.1936,1004.8793,-12.0135,12.0135,11,current
2025|spring|2025-04-26|春季岡山大会 2025 日程・結果|1R|一宮|3|朝日|5,2025,spring,2025-04-26,春季岡山大会 2025 日程・結果,1R,district_qualifier,愛知,岡山,3,5,1021.3465,1004.8793,0.52368,4.18,-2.189,1019.1575,1007.0683,-0.0,0.0,0,current
2025|spring|2025-04-26|春季岡山大会 2025 日程・結果|1R|津山商|8|勝山|0,2025,spring,2025-04-26,春季岡山大会 2025 日程・結果,1R,district_qualifier,岡山,鳥取,8,0,1007.0683,954.6605,0.555329,4.18,1.8587,1008.927,952.8017,-6.9017,6.9017,16,current
2025|spring|2025-04-26|春季岡山大会 2025 日程・結果|1R|芳泉|12|白陵|0,2025,spring,2025-04-26,春季岡山大会 2025 日程・結果,1R,district_qualifier,岡山,兵庫,12,0,1008.927,1028.6407,0.47166,4.18,2.2085,1011.1355,1026.4322,-0.0,0.0,0,current
2025|spring|2025-04-26|2025年度（第78回）春季四国地区高等学校野球大会|QF|新田|5|高知|3,2025,spring,2025-04-26,2025年度（第78回）春季四国地区高等学校野球大会,QF,regional,愛媛,高知,5,3,939.1087,1051.7573,0.274251,7.6,5.5157,944.6244,1046.2416,-28.2034,28.2034,22,current
2025|spring|2025-04-26|2025年度（第78回）春季四国地区高等学校野球大会|QF|徳島商|4|今治西|0,2025,spring,2025-04-26,2025年度（第78回）春季四国地区高等学校野球大会,QF,regional,徳島,愛媛,4,0,968.029,944.6244,0.540836,7.6,3.4896,971.5186,941.1347,2.5171,-2.5171,16,current
2025|spring|2025-04-26|2025年度（第78回）春季四国地区高等学校野球大会|QF|英明|8|鳴門|5,2025,spring,2025-04-26,2025年度（第78回）春季四国地区高等学校野球大会,QF,regional,香川,徳島,8,5,997.1795,971.5186,0.542875,7.6,3.4741,1000.6536,968.0445,2.1026,-2.1026,19,current
2025|spring|2025-04-26|2025年度（第78回）春季四国地区高等学校野球大会|QF|明徳義塾|5|高松商|2,2025,spring,2025-04-26,2025年度（第78回）春季四国地区高等学校野球大会,QF,regional,高知,香川,5,2,1046.2416,1000.6536,0.520449,7.6,3.6446,1049.8862,997.009,-15.6853,15.6853,27,current
2025|spring|2025-04-27|春季東京大会 2025 日程・結果|QF|帝京|5|東海大菅生|7,2025,spring,2025-04-27,春季東京大会 2025 日程・結果,QF,prefecture,東東京,西東京,5,7,1037.9111,1021.3318,0.493395,4.56,-2.2499,1035.6612,1023.5817,-10.5846,10.5846,331,current
2025|spring|2025-04-27|春季東京大会 2025 日程・結果|QF|東亜学園|5|国学院久我山|3,2025,spring,2025-04-27,春季東京大会 2025 日程・結果,QF,prefecture,東東京,西東京,5,3,1035.6612,1023.5817,0.482182,4.56,2.3613,1038.0224,1021.2205,-12.2331,12.2331,332,current
2025|spring|2025-04-27|2025年度（第78回）春季四国地区高等学校野球大会|SF|英明|4|新田|1,2025,spring,2025-04-27,2025年度（第78回）春季四国地区高等学校野球大会,SF,regional,香川,愛媛,4,1,997.009,941.1347,0.571869,7.6,3.2538,1000.2628,937.8809,-2.7931,2.7931,17,current
2025|spring|2025-04-27|2025年度（第78回）春季四国地区高等学校野球大会|SF|明徳義塾|4|徳島商|2,2025,spring,2025-04-27,2025年度（第78回）春季四国地区高等学校野球大会,SF,regional,高知,徳島,4,2,1049.8862,968.0445,0.638538,7.6,2.7471,1052.6333,965.2974,8.5039,-8.5039,23,current
2025|spring|2025-05-03|春季東京大会 2025 日程・結果|SF|八王子|3|東亜学園|4,2025,spring,2025-05-03,春季東京大会 2025 日程・結果,SF,prefecture,西東京,東東京,3,4,1021.2205,1038.0224,0.506054,4.56,-2.3076,1018.9128,1040.33,10.5046,-10.5046,333,current
2025|spring|2025-05-03|2025年度（第78回）春季四国地区高等学校野球大会|F|明徳義塾|5|英明|0,2025,spring,2025-05-03,2025年度（第78回）春季四国地区高等学校野球大会,F,regional,高知,香川,5,0,1052.6333,1000.2628,0.535907,7.6,3.5271,1056.1604,996.7357,-13.6884,13.6884,28,current
2025|spring|2025-05-04|春季東京大会 2025 日程・結果|F|東亜学園|7|東海大菅生|1,2025,spring,2025-05-04,春季東京大会 2025 日程・結果,F,prefecture,東東京,西東京,7,1,1040.33,1018.9128,0.50545,4.56,2.2551,1042.5852,1016.6577,-8.8151,8.8151,334,current
2025|spring|2025-05-12|春季秋田大会 2025 日程・結果|2R|大曲農業|5|増田・羽後|3,2025,spring,2025-05-12,春季秋田大会 2025 日程・結果,2R,prefecture,秋田,岩手,5,3,945.5189,1008.085,0.395497,4.56,2.7565,948.2754,1005.3285,-5.5681,5.5681,14,current
2025|spring|2025-05-13|春季秋田大会 2025 日程・結果|2R|五城目・西目|1|男鹿工業|10,2025,spring,2025-05-13,春季秋田大会 2025 日程・結果,2R,prefecture,岩手,秋田,1,10,1005.3285,948.2754,0.593535,4.56,-2.7065,1002.622,950.9819,4.3581,-4.3581,15,current
2025|spring|2025-05-16|春季宮城大会 2025 日程・結果|1R|松島|5|日本ウェルネス|6,2025,spring,2025-05-16,春季宮城大会 2025 日程・結果,1R,district_qualifier,宮城,東東京,5,6,1046.3603,1042.5852,0.505433,4.18,-2.1127,1044.2476,1044.6979,0.0,-0.0,0,current
2025|spring|2025-05-16|春季宮城大会 2025 日程・結果|1R|石巻工業|14|日本ウェルネス|4,2025,spring,2025-05-16,春季宮城大会 2025 日程・結果,1R,district_qualifier,宮城,東東京,14,4,1044.2476,1044.6979,0.498845,4.18,2.0948,1046.3424,1042.6031,-0.1761,0.1761,1,current
2025|spring|2025-05-16|春季宮城大会 2025 日程・結果|1R|登米総合産業|3|日本ウェルネス|10,2025,spring,2025-05-16,春季宮城大会 2025 日程・結果,1R,district_qualifier,宮城,東東京,3,10,1046.3424,1042.6031,0.505373,4.18,-2.1125,1044.2299,1044.7155,-0.0027,0.0027,2,current
2025|spring|2025-05-18|春季関東大会 2025 日程・結果|2R|専大松戸(千葉1)|3|境(茨城2)|1,2025,spring,2025-05-18,春季関東大会 2025 日程・結果,2R,regional,千葉,茨城,3,1,1010.3189,991.9827,0.504651,7.6,3.7647,1014.0835,988.218,-7.5522,7.5522,11,current
2025|spring|2025-05-18|春季関東大会 2025 日程・結果|2R|健大高崎(群馬1)|2|東海大菅生(東京2)|0,2025,spring,2025-05-18,春季関東大会 2025 日程・結果,2R,regional,群馬,西東京,2,0,1036.8231,1016.6577,0.528869,7.6,3.5806,1040.4037,1013.0771,-0.0413,0.0413,2,current
2025|spring|2025-05-18|春季関東大会 2025 日程・結果|2R|東亜学園(東京1)|9|桐生第一(群馬2)|10,2025,spring,2025-05-18,春季関東大会 2025 日程・結果,2R,regional,東東京,群馬,9,10,1044.7155,1040.4037,0.506115,7.6,-3.8465,1040.8691,1044.2502,-0.0312,0.0312,2,current
2025|spring|2025-05-18|春季関東大会 2025 日程・結果|2R|佐野日大(栃木1)|2|習志野(千葉2)|3,2025,spring,2025-05-18,春季関東大会 2025 日程・結果,2R,regional,栃木,千葉,2,3,979.4261,1014.0835,0.438068,7.6,-3.3293,976.0968,1017.4128,-4.2998,4.2998,6,current
2025|spring|2025-05-18|春季関東大会 2025 日程・結果|1R|帝京三(山梨2)|4|藤代(茨城3)|2,2025,spring,2025-05-18,春季関東大会 2025 日程・結果,1R,regional,山梨,茨城,4,2,997.5143,988.218,0.501832,7.6,3.7861,1001.3003,984.4319,-4.0116,4.0116,4,current
2025|spring|2025-05-19|春季関東大会 2025 日程・結果|2R|常総学院(茨城1)|3|東海大相模(神奈川2)|10,2025,spring,2025-05-19,春季関東大会 2025 日程・結果,2R,regional,茨城,神奈川,3,10,984.4319,1052.2438,0.385835,7.6,-2.9323,981.4996,1055.1761,-6.4708,6.4708,10,current
2025|spring|2025-05-19|春季関東大会 2025 日程・結果|2R|横浜(神奈川1)|8|作新学院(栃木2)|1,2025,spring,2025-05-19,春季関東大会 2025 日程・結果,2R,regional,神奈川,栃木,8,1,1055.1761,976.0968,0.627803,7.6,2.8287,1058.0048,973.2681,5.8705,-5.8705,9,current
2025|spring|2025-05-19|春季関東大会 2025 日程・結果|2R|山梨学院(山梨1)|7|叡明(埼玉2)|6,2025,spring,2025-05-19,春季関東大会 2025 日程・結果,2R,regional,山梨,埼玉,7,6,1001.3003,1011.3554,0.49704,7.6,3.8225,1005.1228,1007.533,3.9993,-3.9993,10,current
2025|spring|2025-05-19|春季関東大会 2025 日程・結果|2R|浦和学院(埼玉1)|2|帝京三(山梨2)|0,2025,spring,2025-05-19,春季関東大会 2025 日程・結果,2R,regional,埼玉,山梨,2,0,1007.533,1005.1228,0.486699,7.6,3.9011,1011.434,1001.2218,-5.8274,5.8274,11,current
2025|spring|2025-05-20|春季関東大会 2025 日程・結果|QF|習志野(千葉2)|1|健大高崎(群馬1)|3,2025,spring,2025-05-20,春季関東大会 2025 日程・結果,QF,regional,千葉,群馬,1,3,1017.4128,1044.2502,0.453992,7.6,-3.4503,1013.9625,1047.7005,-2.6116,2.6116,10,current
2025|spring|2025-05-20|春季関東大会 2025 日程・結果|QF|桐生第一(群馬2)|1|専大松戸(千葉1)|4,2025,spring,2025-05-20,春季関東大会 2025 日程・結果,QF,regional,群馬,千葉,1,4,1047.7005,1013.9625,0.560402,7.6,-4.2591,1043.4415,1018.2215,4.2197,-4.2197,11,current
2025|spring|2025-05-21|春季関東大会 2025 日程・結果|QF|山梨学院(山梨1)|6|東海大相模(神奈川2)|2,2025,spring,2025-05-21,春季関東大会 2025 日程・結果,QF,regional,山梨,神奈川,6,2,1001.2218,1058.0048,0.431481,7.6,4.3207,1005.5425,1053.6841,4.435,-4.435,8,current
2025|spring|2025-05-21|春季関東大会 2025 日程・結果|QF|浦和学院(埼玉1)|2|横浜(神奈川1)|3,2025,spring,2025-05-21,春季関東大会 2025 日程・結果,QF,regional,埼玉,神奈川,2,3,1011.434,1053.6841,0.416717,7.6,-3.167,1008.267,1056.8512,-8.0827,8.0827,18,current
2025|spring|2025-05-24|春季関東大会 2025 日程・結果|SF|健大高崎(群馬1)|4|山梨学院(山梨1)|3,2025,spring,2025-05-24,春季関東大会 2025 日程・結果,SF,regional,群馬,山梨,4,3,1043.4415,1005.5425,0.565681,7.6,3.3008,1046.7423,1002.2417,4.0031,-4.0031,15,current
2025|spring|2025-05-24|春季関東大会 2025 日程・結果|SF|横浜(神奈川1)|3|専大松戸(千葉1)|4,2025,spring,2025-05-24,春季関東大会 2025 日程・結果,SF,regional,神奈川,千葉,3,4,1056.8512,1018.2215,0.533996,7.6,-4.0584,1052.7928,1022.2799,-7.485,7.485,15,current
2025|spring|2025-05-24|春季近畿大会 2025 日程・結果|1R|奈良(奈良3)|2|滋賀学園(滋賀)|8,2025,spring,2025-05-24,春季近畿大会 2025 日程・結果,1R,regional,奈良,滋賀,2,8,1065.8485,1014.5612,0.586955,7.6,-4.4609,1061.3877,1019.022,4.8777,-4.8777,8,current
2025|spring|2025-05-24|春季近畿大会 2025 日程・結果|1R|天理(奈良1)|3|智弁和歌山(和歌山)|7,2025,spring,2025-05-24,春季近畿大会 2025 日程・結果,1R,regional,奈良,和歌山,3,7,1061.3877,1033.1813,0.553935,7.6,-4.2099,1057.1778,1037.3913,4.7089,-4.7089,8,current
2025|spring|2025-05-24|春季東海大会 2025 日程・結果|1R|津田学園(三重1)|7|中京(岐阜2)|4,2025,spring,2025-05-24,春季東海大会 2025 日程・結果,1R,regional,三重,岐阜,7,4,958.1141,970.0439,0.502505,7.6,3.781,961.895,966.2629,6.8353,-6.8353,18,current
2025|spring|2025-05-24|春季東海大会 2025 日程・結果|1R|聖隷クリストファー(静岡1)|2|三重(三重2)|3,2025,spring,2025-05-24,春季東海大会 2025 日程・結果,1R,regional,静岡,三重,2,3,987.9603,961.895,0.561933,7.6,-4.2707,983.6896,966.1657,8.5961,-8.5961,19,current
2025|spring|2025-05-25|春季関東大会 2025 日程・結果|F|専大松戸(千葉1)|2|健大高崎(群馬1)|7,2025,spring,2025-05-25,春季関東大会 2025 日程・結果,F,regional,千葉,群馬,2,7,1022.2799,1046.7423,0.457826,7.6,-3.4795,1018.8004,1050.2218,-2.4566,2.4566,12,current
2025|spring|2025-05-25|春季近畿大会 2025 日程・結果|1R|東洋大姫路(兵庫)|9|大阪桐蔭(大阪)|2,2025,spring,2025-05-25,春季近畿大会 2025 日程・結果,1R,regional,兵庫,大阪,9,2,1026.4322,1113.4019,0.382358,7.6,4.6941,1031.1263,1108.7078,1.8314,-1.8314,16,current
2025|spring|2025-05-25|春季近畿大会 2025 日程・結果|1R|奈良大付(奈良2)|8|京都共栄(京都)|1,2025,spring,2025-05-25,春季近畿大会 2025 日程・結果,1R,regional,奈良,京,8,1,1057.1778,1034.9674,0.521453,7.6,3.637,1060.8147,1031.3304,-3.6472,3.6472,11,current
2025|spring|2025-05-25|春季東海大会 2025 日程・結果|1R|岐阜城北(岐阜1)|5|東邦(愛知2)|4,2025,spring,2025-05-25,春季東海大会 2025 日程・結果,1R,regional,岐阜,愛知,5,4,966.2629,1019.1575,0.431079,7.6,4.3238,970.5867,1014.8337,2.3482,-2.3482,24,current
2025|spring|2025-05-25|春季東海大会 2025 日程・結果|1R|豊川(愛知1)|17|桐陽(静岡2)|7,2025,spring,2025-05-25,春季東海大会 2025 日程・結果,1R,regional,愛知,静岡,17,7,1014.8337,983.6896,0.546579,7.6,3.446,1018.2797,980.2436,0.6582,-0.6582,26,current
2025|spring|2025-05-26|春季北海道大会 2025 日程・結果|1R|札幌光星|0|旭川実業|5,2025,spring,2025-05-26,春季北海道大会 2025 日程・結果,1R,regional,南北海道,北北海道,0,5,1012.4129,941.0464,0.657249,7.6,-4.9951,1007.4179,946.0415,20.8668,-20.8668,131,current
2025|spring|2025-05-26|春季北海道大会 2025 日程・結果|1R|札幌山の手|3|立命館|5,2025,spring,2025-05-26,春季北海道大会 2025 日程・結果,1R,regional,南北海道,京,3,5,1007.4179,1031.3304,0.466504,7.6,-3.5454,1003.8724,1034.8758,0.301,-0.301,2,current
2025|spring|2025-05-26|春季北海道大会 2025 日程・結果|1R|開成中等|1|札幌大谷|12,2025,spring,2025-05-26,春季北海道大会 2025 日程・結果,1R,regional,北海道,南北海道,1,12,987.9661,1003.8724,0.470496,7.6,-3.5758,984.3903,1007.4482,-2.3096,2.3096,3,current
2025|spring|2025-05-26|春季北海道大会 2025 日程・結果|1R|立命館|13|札幌東|5,2025,spring,2025-05-26,春季北海道大会 2025 日程・結果,1R,regional,京,南北海道,13,5,1034.8758,1007.4482,0.54029,7.6,3.4938,1038.3696,1003.9544,0.3148,-0.3148,3,current
2025|spring|2025-05-26|春季北海道大会 2025 日程・結果|1R|開成中等|13|琴似工業|10,2025,spring,2025-05-26,春季北海道大会 2025 日程・結果,1R,regional,北海道,南北海道,13,10,984.3903,1003.9544,0.461225,7.6,4.0947,988.485,999.8597,-3.7168,3.7168,4,current
2025|spring|2025-05-26|春季北海道大会 2025 日程・結果|1R|立命館|7|札幌平岡|0,2025,spring,2025-05-26,春季北海道大会 2025 日程・結果,1R,regional,京,南北海道,7,0,1038.3696,999.8597,0.558769,7.6,3.3534,1041.723,996.5064,1.2581,-1.2581,4,current
2025|spring|2025-05-26|春季北海道大会 2025 日程・結果|1R|連合|0|琴似工業|10,2025,spring,2025-05-26,春季北海道大会 2025 日程・結果,1R,regional,北海道,南北海道,0,10,988.485,996.5064,0.479524,7.6,-3.6444,984.8406,1000.1507,-3.1075,3.1075,5,current
2025|spring|2025-05-26|春季北海道大会 2025 日程・結果|1R|小樽双葉|10|水産・倶農・寿都・蘭越|0,2025,spring,2025-05-26,春季北海道大会 2025 日程・結果,1R,regional,南北海道,北海道,10,0,1000.1507,984.8406,0.535312,7.6,3.5316,1003.6824,981.309,4.634,-4.634,6,current
2025|spring|2025-05-26|春季北海道大会 2025 日程・結果|1R|苫小牧西・えりも・富川|6|苫小牧東|7,2025,spring,2025-05-26,春季北海道大会 2025 日程・結果,1R,regional,北海道,南北海道,6,7,981.309,1003.6824,0.44989,7.6,-3.4192,977.8898,1007.1015,-6.282,6.282,7,current
2025|spring|2025-05-26|春季北海道大会 2025 日程・結果|1R|室工・東翔|2|大谷室蘭|9,2025,spring,2025-05-26,春季北海道大会 2025 日程・結果,1R,regional,北海道,南北海道,2,9,977.8898,1007.1015,0.435263,7.6,-3.308,974.5818,1010.4095,-8.0129,8.0129,8,current
2025|spring|2025-05-26|春季北海道大会 2025 日程・結果|1R|釧路湖陵|12|高専.商・標・厚翔・霧|1,2025,spring,2025-05-26,春季北海道大会 2025 日程・結果,1R,regional,北北海道,北海道,12,1,946.0415,974.5818,0.459338,7.6,4.109,950.1506,970.4728,0.1114,-0.1114,2,current
2025|spring|2025-05-26|春季北海道大会 2025 日程・結果|1R|北広島西|0|札幌龍谷|7,2025,spring,2025-05-26,春季北海道大会 2025 日程・結果,1R,regional,北海道,南北海道,0,7,970.4728,1010.4095,0.415155,7.6,-3.1552,967.3176,1013.5647,-9.7978,9.7978,9,current
2025|spring|2025-05-26|春季北海道大会 2025 日程・結果|1R|釧路北陽|3|釧路工業|2,2025,spring,2025-05-26,春季北海道大会 2025 日程・結果,1R,regional,北北海道,北海道,3,2,950.1506,967.3176,0.478165,7.6,3.9659,954.1165,963.3517,0.9923,-0.9923,3,current
2025|spring|2025-05-26|春季北海道大会 2025 日程・結果|1R|栗山|0|砂川美唄尚栄|10,2025,spring,2025-05-26,春季北海道大会 2025 日程・結果,1R,regional,北北海道,北海道,0,10,954.1165,963.3517,0.493055,7.6,-3.7472,950.3693,967.0989,2.2043,-2.2043,4,current
2025|spring|2025-05-26|春季北海道大会 2025 日程・結果|1R|足寄|19|鹿追・清水・広尾・更別農業|0,2025,spring,2025-05-26,春季北海道大会 2025 日程・結果,1R,regional,北北海道,北海道,19,0,950.3693,967.0989,0.480144,7.6,3.9509,954.3202,963.148,1.4625,-1.4625,5,current
2025|spring|2025-05-26|春季北海道大会 2025 日程・結果|1R|水産・倶農・寿都・蘭越|16|小樽未来創造|6,2025,spring,2025-05-26,春季北海道大会 2025 日程・結果,1R,regional,北海道,南北海道,16,6,963.148,1013.5647,0.395625,7.6,4.5933,967.7412,1008.9715,-11.5962,11.5962,10,current
2025|spring|2025-05-26|春季北海道大会 2025 日程・結果|1R|斜里・津別|0|北見柏陽|18,2025,spring,2025-05-26,春季北海道大会 2025 日程・結果,1R,regional,北海道,北北海道,0,18,967.7412,954.3202,0.510967,7.6,-3.8833,963.8579,958.2035,-2.8996,2.8996,6,current
2025|spring|2025-05-26|春季北海道大会 2025 日程・結果|1R|根室|2|釧路工業|12,2025,spring,2025-05-26,春季北海道大会 2025 日程・結果,1R,regional,北北海道,北海道,2,12,958.2035,963.8579,0.504862,7.6,-3.837,954.3666,967.6948,4.5165,-4.5165,7,current
2025|spring|2025-05-26|春季北海道大会 2025 日程・結果|1R|函大柏稜|15|七飯・大農|1,2025,spring,2025-05-26,春季北海道大会 2025 日程・結果,1R,regional,南北海道,北海道,15,1,1008.9715,967.6948,0.587532,7.6,3.1348,1012.1062,964.5601,10.0901,-10.0901,11,current
2025|spring|2025-05-26|春季北海道大会 2025 日程・結果|1R|函館中部|19|森・八雲|0,2025,spring,2025-05-26,春季北海道大会 2025 日程・結果,1R,regional,南北海道,北海道,19,0,1012.1062,964.5601,0.601167,7.6,3.0311,1015.1373,961.5289,11.8676,-11.8676,12,current
2025|spring|2025-05-26|春季北海道大会 2025 日程・結果|1R|函商奥尻|2|檜山北|5,2025,spring,2025-05-26,春季北海道大会 2025 日程・結果,1R,regional,北海道,南北海道,2,5,961.5289,1015.1373,0.385619,7.6,-2.9307,958.5982,1018.068,-13.6517,13.6517,13,current
2025|spring|2025-05-26|春季北海道大会 2025 日程・結果|1R|札幌光星|0|旭川実業|5,2025,spring,2025-05-26,春季北海道大会 2025 日程・結果,1R,regional,南北海道,北北海道,0,5,1018.068,954.3666,0.637925,7.6,-4.8482,1013.2198,959.2148,17.3437,-17.3437,132,current
2025|spring|2025-05-26|春季北海道大会 2025 日程・結果|1R|札幌山の手|3|立命館|5,2025,spring,2025-05-26,春季北海道大会 2025 日程・結果,1R,regional,南北海道,京,3,5,1013.2198,1041.723,0.452165,7.6,-3.4365,1009.7834,1045.1595,-2.419,2.419,5,current
2025|spring|2025-05-26|春季北海道大会 2025 日程・結果|1R|開成中等|1|札幌大谷|12,2025,spring,2025-05-26,春季北海道大会 2025 日程・結果,1R,regional,北海道,南北海道,1,12,958.5982,1009.7834,0.384068,7.6,-2.9189,955.6793,1012.7023,-15.4323,15.4323,14,current
2025|spring|2025-05-26|春季北海道大会 2025 日程・結果|1R|立命館|13|札幌東|5,2025,spring,2025-05-26,春季北海道大会 2025 日程・結果,1R,regional,京,南北海道,13,5,1045.1595,1012.7023,0.557393,7.6,3.3638,1048.5233,1009.3385,3.8001,-3.8001,6,current
2025|spring|2025-05-26|春季北海道大会 2025 日程・結果|1R|開成中等|13|琴似工業|10,2025,spring,2025-05-26,春季北海道大会 2025 日程・結果,1R,regional,北海道,南北海道,13,10,955.6793,1009.3385,0.375801,7.6,4.7439,960.4232,1004.5946,-17.2434,17.2434,15,current
2025|spring|2025-05-26|春季北海道大会 2025 日程・結果|1R|立命館|7|札幌平岡|0,2025,spring,2025-05-26,春季北海道大会 2025 日程・結果,1R,regional,京,南北海道,7,0,1048.5233,1004.5946,0.577878,7.6,3.2081,1051.7314,1001.3864,5.3152,-5.3152,7,current
2025|spring|2025-05-26|春季北海道大会 2025 日程・結果|1R|連合|0|琴似工業|10,2025,spring,2025-05-26,春季北海道大会 2025 日程・結果,1R,regional,北海道,南北海道,0,10,960.4232,1001.3864,0.39857,7.6,-3.0291,957.3941,1004.4155,-15.2547,15.2547,16,current
2025|spring|2025-05-26|春季北海道大会 2025 日程・結果|1R|小樽双葉|10|水産・倶農・寿都・蘭越|0,2025,spring,2025-05-26,春季北海道大会 2025 日程・結果,1R,regional,南北海道,北海道,10,0,1004.4155,957.3941,0.614816,7.6,2.9274,1007.3429,954.4667,17.1046,-17.1046,17,current
2025|spring|2025-05-26|春季北海道大会 2025 日程・結果|1R|苫小牧西・えりも・富川|6|苫小牧東|7,2025,spring,2025-05-26,春季北海道大会 2025 日程・結果,1R,regional,北海道,南北海道,6,7,954.4667,1007.3429,0.372299,7.6,-2.8295,951.6372,1010.1724,-18.9342,18.9342,18,current
2025|spring|2025-05-26|春季北海道大会 2025 日程・結果|1R|室工・東翔|2|大谷室蘭|9,2025,spring,2025-05-26,春季北海道大会 2025 日程・結果,1R,regional,北海道,南北海道,2,9,951.6372,1010.1724,0.359917,7.6,-2.7354,948.9019,1012.9078,-20.7392,20.7392,19,current
2025|spring|2025-05-26|春季北海道大会 2025 日程・結果|1R|釧路湖陵|12|高専.商・標・厚翔・霧|1,2025,spring,2025-05-26,春季北海道大会 2025 日程・結果,1R,regional,北北海道,北海道,12,1,959.2148,948.9019,0.524608,7.6,3.613,962.8278,945.2889,3.4003,-3.4003,8,current
2025|spring|2025-05-26|春季北海道大会 2025 日程・結果|1R|北広島西|0|札幌龍谷|7,2025,spring,2025-05-26,春季北海道大会 2025 日程・結果,1R,regional,北海道,南北海道,0,7,945.2889,1012.9078,0.343333,7.6,-2.6093,942.6796,1015.5171,-22.5165,22.5165,20,current
2025|spring|2025-05-26|春季北海道大会 2025 日程・結果|1R|釧路北陽|3|釧路工業|2,2025,spring,2025-05-26,春季北海道大会 2025 日程・結果,1R,regional,北北海道,北海道,3,2,962.8278,942.6796,0.543378,7.6,3.4703,966.2981,939.2092,5.0349,-5.0349,9,current
2025|spring|2025-05-26|春季北海道大会 2025 日程・結果|1R|栗山|0|砂川美唄尚栄|10,2025,spring,2025-05-26,春季北海道大会 2025 日程・結果,1R,regional,北北海道,北海道,0,10,966.2981,939.2092,0.55809,7.6,-4.2415,962.0566,943.4507,6.7295,-6.7295,10,current
2025|spring|2025-05-26|春季北海道大会 2025 日程・結果|1R|足寄|19|鹿追・清水・広尾・更別農業|0,2025,spring,2025-05-26,春季北海道大会 2025 日程・結果,1R,regional,北北海道,北海道,19,0,962.0566,943.4507,0.541564,7.6,3.4841,965.5408,939.9666,5.1711,-5.1711,11,current
2025|spring|2025-05-26|春季北海道大会 2025 日程・結果|1R|水産・倶農・寿都・蘭越|16|小樽未来創造|6,2025,spring,2025-05-26,春季北海道大会 2025 日程・結果,1R,regional,北海道,南北海道,16,6,939.9666,1015.5171,0.32871,7.6,5.1018,945.0684,1010.4153,-24.2442,24.2442,21,current
2025|spring|2025-05-26|春季北海道大会 2025 日程・結果|1R|斜里・津別|0|北見柏陽|18,2025,spring,2025-05-26,春季北海道大会 2025 日程・結果,1R,regional,北海道,北北海道,0,18,945.0684,965.5408,0.45076,7.6,-3.4258,941.6426,968.9665,-6.927,6.927,12,current
2025|spring|2025-05-26|春季北海道大会 2025 日程・結果|1R|根室|2|釧路工業|12,2025,spring,2025-05-26,春季北海道大会 2025 日程・結果,1R,regional,北北海道,北海道,2,12,968.9665,941.6426,0.564116,7.6,-4.2873,964.6793,945.9299,8.7375,-8.7375,13,current
2025|spring|2025-05-26|春季北海道大会 2025 日程・結果|1R|函大柏稜|15|七飯・大農|1,2025,spring,2025-05-26,春季北海道大会 2025 日程・結果,1R,regional,南北海道,北海道,15,1,1010.4153,945.9299,0.650575,7.6,2.6556,1013.0709,943.2743,21.746,-21.746,22,current
2025|spring|2025-05-26|春季北海道大会 2025 日程・結果|1R|函館中部|19|森・八雲|0,2025,spring,2025-05-26,春季北海道大会 2025 日程・結果,1R,regional,南北海道,北海道,19,0,1013.0709,943.2743,0.661971,7.6,2.569,1015.64,940.7053,23.4788,-23.4788,23,current
2025|spring|2025-05-26|春季北海道大会 2025 日程・結果|1R|函商奥尻|2|檜山北|5,2025,spring,2025-05-26,春季北海道大会 2025 日程・結果,1R,regional,北海道,南北海道,2,5,940.7053,1015.64,0.327119,7.6,-2.4861,938.2192,1018.1261,-25.1791,25.1791,24,current
2025|spring|2025-05-26|春季東海大会 2025 日程・結果|SF|津田学園(三重1)|6|豊川(愛知1)|3,2025,spring,2025-05-26,春季東海大会 2025 日程・結果,SF,regional,三重,愛知,6,3,966.1657,1018.2797,0.38756,7.6,4.6545,970.8203,1013.6251,-13.6879,13.6879,21,current
2025|spring|2025-05-26|春季東海大会 2025 日程・結果|SF|三重(三重2)|8|岐阜城北(岐阜1)|5,2025,spring,2025-05-26,春季東海大会 2025 日程・結果,SF,regional,三重,岐阜,8,5,970.8203,970.5867,0.526053,7.6,3.602,974.4223,966.9847,8.9433,-8.9433,19,current
2025|spring|2025-05-27|春季北海道大会 2025 日程・結果|1R|滝川西|3|東海大札幌|5,2025,spring,2025-05-27,春季北海道大会 2025 日程・結果,1R,regional,北北海道,南北海道,3,5,964.6793,1018.1261,0.385104,7.6,-2.9268,961.7525,1021.0529,-13.9213,13.9213,133,current
2025|spring|2025-05-27|春季北海道大会 2025 日程・結果|1R|滝川西|3|東海大札幌|5,2025,spring,2025-05-27,春季北海道大会 2025 日程・結果,1R,regional,北北海道,南北海道,3,5,961.7525,1021.0529,0.371555,7.6,-2.8238,958.9287,1023.8767,-15.9986,15.9986,134,current
2025|spring|2025-05-28|春季北海道大会 2025 日程・結果|QF|知内|5|北見北斗|3,2025,spring,2025-05-28,春季北海道大会 2025 日程・結果,QF,regional,南北海道,北北海道,5,3,1023.8767,958.9287,0.641334,7.6,2.7259,1026.6025,956.2028,18.0046,-18.0046,135,current
2025|spring|2025-05-28|春季北海道大会 2025 日程・結果|1R|立命館慶祥|2|白樺学園|6,2025,spring,2025-05-28,春季北海道大会 2025 日程・結果,1R,regional,南北海道,北北海道,2,6,1026.6025,956.2028,0.653589,7.6,-4.9673,1021.6353,961.1701,19.9429,-19.9429,136,current
2025|spring|2025-05-28|春季北海道大会 2025 日程・結果|1R|士別翔雲|2|北海道栄|0,2025,spring,2025-05-28,春季北海道大会 2025 日程・結果,1R,regional,北北海道,南北海道,2,0,961.1701,1021.6353,0.368831,7.6,4.7969,965.967,1016.8384,-16.4311,16.4311,137,current
2025|spring|2025-05-28|春季北海道大会 2025 日程・結果|QF|知内|5|北見北斗|3,2025,spring,2025-05-28,春季北海道大会 2025 日程・結果,QF,regional,南北海道,北北海道,5,3,1016.8384,965.967,0.608958,7.6,2.9719,1019.8103,962.995,13.0371,-13.0371,138,current
2025|spring|2025-05-28|春季北海道大会 2025 日程・結果|1R|立命館慶祥|2|白樺学園|6,2025,spring,2025-05-28,春季北海道大会 2025 日程・結果,1R,regional,南北海道,北北海道,2,6,1019.8103,962.995,0.622806,7.6,-4.7333,1015.077,967.7284,15.1499,-15.1499,139,current
2025|spring|2025-05-28|春季北海道大会 2025 日程・結果|1R|士別翔雲|2|北海道栄|0,2025,spring,2025-05-28,春季北海道大会 2025 日程・結果,1R,regional,北北海道,南北海道,2,0,967.7284,1015.077,0.399299,7.6,4.5653,972.2937,1010.5116,-11.7977,11.7977,140,current
2025|spring|2025-05-29|春季北海道大会 2025 日程・結果|QF|旭川実業|7|札幌大谷|4,2025,spring,2025-05-29,春季北海道大会 2025 日程・結果,QF,regional,北北海道,南北海道,7,4,972.2937,1010.5116,0.421023,7.6,4.4002,976.6939,1006.1114,-8.562,8.562,141,current
2025|spring|2025-05-29|春季北海道大会 2025 日程・結果|QF|旭川実業|7|札幌大谷|4,2025,spring,2025-05-29,春季北海道大会 2025 日程・結果,QF,regional,北北海道,南北海道,7,4,976.6939,1006.1114,0.442263,7.6,4.2388,980.9327,1001.8726,-5.4411,5.4411,142,current
2025|spring|2025-05-31|春季北海道大会 2025 日程・結果|SF|北海|6|白樺学園|0,2025,spring,2025-05-31,春季北海道大会 2025 日程・結果,SF,regional,南北海道,北北海道,6,0,1001.8726,980.9327,0.537068,7.6,3.5183,1005.3909,977.4144,2.4325,-2.4325,143,current
2025|spring|2025-05-31|春季北海道大会 2025 日程・結果|SF|知内|0|旭川実業|4,2025,spring,2025-05-31,春季北海道大会 2025 日程・結果,SF,regional,南北海道,北北海道,0,4,1005.3909,977.4144,0.554246,7.6,-4.2123,1001.1786,981.6267,4.9332,-4.9332,144,current
2025|spring|2025-05-31|春季中国大会 2025 日程・結果|1R|倉敷商(岡山1)|5|鳥取城北(鳥取)|4,2025,spring,2025-05-31,春季中国大会 2025 日程・結果,1R,regional,岡山,鳥取,5,4,1011.1355,952.8017,0.566028,7.6,3.2982,1014.4337,949.5035,-6.0917,6.0917,17,current
2025|spring|2025-05-31|春季中国大会 2025 日程・結果|1R|岡山東商(岡山3)|6|英数学館(広島)|5,2025,spring,2025-05-31,春季中国大会 2025 日程・結果,1R,regional,岡山,広島,6,5,1014.4337,1065.9181,0.455383,7.6,4.1391,1018.5728,1061.779,10.1992,-10.1992,28,current
2025|spring|2025-05-31|春季中国大会 2025 日程・結果|1R|玉野光南(岡山4)|3|矢上(島根)|8,2025,spring,2025-05-31,春季中国大会 2025 日程・結果,1R,regional,岡山,島根,3,8,1018.5728,933.1936,0.655393,7.6,-4.981,1013.5918,938.1746,13.1459,-13.1459,12,current
2025|spring|2025-05-31|春季中国大会 2025 日程・結果|1R|創志学園(岡山2)|5|南陽工(山口)|3,2025,spring,2025-05-31,春季中国大会 2025 日程・結果,1R,regional,岡山,山口,5,3,1013.5918,993.1089,0.518742,7.6,3.6576,1017.2494,989.4513,-3.7268,3.7268,19,current
2025|spring|2025-05-31|春季北海道大会 2025 日程・結果|SF|北海|6|白樺学園|0,2025,spring,2025-05-31,春季北海道大会 2025 日程・結果,SF,regional,南北海道,北北海道,6,0,1001.1786,981.6267,0.533673,7.6,3.5441,1004.7227,978.0826,1.941,-1.941,145,current
2025|spring|2025-05-31|春季北海道大会 2025 日程・結果|SF|知内|0|旭川実業|4,2025,spring,2025-05-31,春季北海道大会 2025 日程・結果,SF,regional,南北海道,北北海道,0,4,1004.7227,978.0826,0.551002,7.6,-4.1876,1000.5351,982.2702,4.4616,-4.4616,146,current
2025|spring|2025-05-31|春季北信越大会 2025 日程・結果|1R|北越(新潟2)|2|長野商(長野)|4,2025,spring,2025-05-31,春季北信越大会 2025 日程・結果,1R,regional,新潟,長野,2,4,953.6433,957.4892,0.488279,7.6,-3.7109,949.9323,961.2001,-2.1501,2.1501,16,current
2025|spring|2025-05-31|春季北信越大会 2025 日程・結果|1R|小松工(石川)|0|関根学園(新潟3)|1,2025,spring,2025-05-31,春季北信越大会 2025 日程・結果,1R,regional,石川,新潟,0,1,1076.5007,949.9323,0.689696,7.6,-5.2417,1071.259,955.174,6.0898,-6.0898,19,current
2025|spring|2025-05-31|春季近畿大会 2025 日程・結果|SF|奈良大付(奈良2)|0|東洋大姫路(兵庫)|1,2025,spring,2025-05-31,春季近畿大会 2025 日程・結果,SF,regional,奈良,兵庫,0,1,1060.8147,1031.1263,0.554453,7.6,-4.2138,1056.6009,1035.3401,4.15,-4.15,9,current
2025|spring|2025-05-31|春季近畿大会 2025 日程・結果|SF|智弁和歌山(和歌山)|8|滋賀学園(滋賀)|1,2025,spring,2025-05-31,春季近畿大会 2025 日程・結果,SF,regional,和歌山,滋賀,8,1,1037.3913,1019.022,0.536787,7.6,3.5204,1040.9117,1015.5016,3.6195,-3.6195,9,current
2025|spring|2025-06-01|春季北海道大会 2025 日程・結果|F|旭川実業|4|北海|5,2025,spring,2025-06-01,春季北海道大会 2025 日程・結果,F,regional,北北海道,南北海道,4,5,982.2702,1000.5351,0.46948,7.6,-3.568,978.7022,1004.1032,-1.4846,1.4846,147,current
2025|spring|2025-06-01|春季中国大会 2025 日程・結果|SF|矢上(島根)|0|倉敷商(岡山1)|11,2025,spring,2025-06-01,春季中国大会 2025 日程・結果,SF,regional,島根,岡山,0,11,938.1746,1017.2494,0.357847,7.6,-2.7196,935.4549,1019.969,-11.2507,11.2507,13,current
2025|spring|2025-06-01|春季北海道大会 2025 日程・結果|F|旭川実業|4|北海|5,2025,spring,2025-06-01,春季北海道大会 2025 日程・結果,F,regional,北北海道,南北海道,4,5,978.7022,1004.1032,0.452011,7.6,-3.4353,975.2669,1007.5384,-4.0239,4.0239,148,current
2025|spring|2025-06-01|春季北信越大会 2025 日程・結果|1R|新潟明訓(新潟3)|1|富山第一(富山)|4,2025,spring,2025-06-01,春季北信越大会 2025 日程・結果,1R,regional,新潟,富山,1,4,955.174,904.7289,0.593355,7.6,-4.5095,950.6645,909.2384,7.5972,-7.5972,11,current
2025|spring|2025-06-01|春季北信越大会 2025 日程・結果|1R|中越(新潟1)|7|敦賀気比(福井)|3,2025,spring,2025-06-01,春季北信越大会 2025 日程・結果,1R,regional,新潟,福井,7,3,950.6645,1023.1526,0.350415,7.6,4.9368,955.6014,1018.2157,-17.3664,17.3664,20,current
2025|spring|2025-06-01|春季近畿大会 2025 日程・結果|F|智弁和歌山(和歌山)|0|東洋大姫路(兵庫)|1,2025,spring,2025-06-01,春季近畿大会 2025 日程・結果,F,regional,和歌山,兵庫,0,1,1040.9117,1035.3401,0.5314,7.6,-4.0386,1036.873,1039.3788,8.1382,-8.1382,16,current
2025|spring|2025-06-02|春季北信越大会 2025 日程・結果|SF|長野商(長野)|6|関根学園(新潟3)|4,2025,spring,2025-06-02,春季北信越大会 2025 日程・結果,SF,regional,長野,新潟,6,4,961.2001,955.6014,0.519807,7.6,3.6495,964.8496,951.9519,4.0857,-4.0857,17,current
2025|spring|2025-06-02|春季北信越大会 2025 日程・結果|SF|中越(新潟1)|6|富山第一(富山)|10,2025,spring,2025-06-02,春季北信越大会 2025 日程・結果,SF,regional,新潟,富山,6,10,951.9519,909.2384,0.577657,7.6,-4.3902,947.5617,913.6286,5.8442,-5.8442,12,current
2025|spring|2025-06-03|春季北信越大会 2025 日程・結果|F|長野商|6|富山第一|7,2025,spring,2025-06-03,春季北信越大会 2025 日程・結果,F,regional,長野,富山,6,7,964.8496,913.6286,0.574362,7.6,-4.3652,960.4844,917.9938,0.4187,-0.4187,9,current
2025|spring|2025-06-10|春季東北大会 2025 日程・結果|1R|学法石川(福島2)|4|酒田南(山形1)|3,2025,spring,2025-06-10,春季東北大会 2025 日程・結果,1R,regional,福島,山形,4,3,986.6012,989.8928,0.474915,7.6,3.9906,990.5919,985.9022,-7.0769,7.0769,13,current
2025|spring|2025-06-10|春季東北大会 2025 日程・結果|1R|盛岡大附(岩手1)|0|八戸学院光星(青森2)|2,2025,spring,2025-06-10,春季東北大会 2025 日程・結果,1R,regional,岩手,青森,0,2,1002.622,1054.0725,0.418101,7.6,-3.1776,999.4444,1057.25,-2.9881,2.9881,17,current
2025|spring|2025-06-10|春季東北大会 2025 日程・結果|1R|明桜(秋田2)|3|仙台育英(宮城1)|4,2025,spring,2025-06-10,春季東北大会 2025 日程・結果,1R,regional,秋田,宮城,3,4,950.9819,1044.2299,0.360537,7.6,-2.7401,948.2419,1046.97,-3.1492,3.1492,12,current
2025|spring|2025-06-10|春季東北大会 2025 日程・結果|1R|青森山田(青森1)|4|山形城北(山形3)|3,2025,spring,2025-06-10,春季東北大会 2025 日程・結果,1R,regional,青森,山形,4,3,1057.25,985.9022,0.627445,7.6,2.8314,1060.0815,983.0707,9.6031,-9.6031,17,current
2025|spring|2025-06-10|春季東北大会 2025 日程・結果|1R|久慈(岩手2)|6|山形中央(山形2)|5,2025,spring,2025-06-10,春季東北大会 2025 日程・結果,1R,regional,岩手,山形,6,5,999.4444,983.0707,0.525938,7.6,3.6029,1003.0473,979.4679,0.8329,-0.8329,17,current
2025|spring|2025-06-10|春季東北大会 2025 日程・結果|1R|聖和学園(宮城2)|3|青森北(青森3)|2,2025,spring,2025-06-10,春季東北大会 2025 日程・結果,1R,regional,宮城,青森,3,2,1046.97,1060.0815,0.472898,7.6,4.006,1050.976,1056.0755,-2.8699,2.8699,24,current
2025|spring|2025-06-11|春季東北大会 2025 日程・結果|QF|聖和学園(宮城2)|6|能代松陽(秋田1)|7,2025,spring,2025-06-11,春季東北大会 2025 日程・結果,QF,regional,宮城,秋田,6,7,1050.976,948.2419,0.65553,7.6,-4.982,1045.9939,953.2239,4.5214,-4.5214,13,current
2025|spring|2025-06-11|春季東北大会 2025 日程・結果|QF|八戸学院光星(青森2)|8|学法石川(福島2)|1,2025,spring,2025-06-11,春季東北大会 2025 日程・結果,QF,regional,青森,福島,8,1,1056.0755,990.5919,0.601007,7.6,3.0323,1059.1078,987.5595,2.8409,-2.8409,15,current
2025|spring|2025-06-11|春季東北大会 2025 日程・結果|QF|青森山田(青森1)|4|仙台育英(宮城1)|8,2025,spring,2025-06-11,春季東北大会 2025 日程・結果,QF,regional,青森,宮城,4,8,1059.1078,1045.9939,0.520653,7.6,-3.957,1055.1509,1049.9509,0.6227,-0.6227,25,current
2025|spring|2025-06-11|春季東北大会 2025 日程・結果|QF|聖光学院(福島1)|7|久慈(岩手2)|6,2025,spring,2025-06-11,春季東北大会 2025 日程・結果,QF,regional,福島,岩手,7,6,987.5595,1003.0473,0.479038,7.6,3.9593,991.5189,999.088,0.4566,-0.4566,14,current
2025|spring|2025-06-13|春季東北大会 2025 日程・結果|SF|八戸学院光星(青森2)|12|能代松陽(秋田1)|6,2025,spring,2025-06-13,春季東北大会 2025 日程・結果,SF,regional,青森,秋田,12,6,1055.1509,953.2239,0.665727,7.6,2.5405,1057.6913,950.6834,8.8755,-8.8755,14,current
2025|spring|2025-06-13|春季東北大会 2025 日程・結果|SF|聖光学院(福島1)|0|仙台育英(宮城1)|3,2025,spring,2025-06-13,春季東北大会 2025 日程・結果,SF,regional,福島,宮城,0,3,991.5189,1049.9509,0.417717,7.6,-3.1746,988.3442,1053.1256,0.3655,-0.3655,20,current
2025|spring|2025-06-14|春季東北大会 2025 日程・結果|F|仙台育英(宮城1)|7|八戸学院光星(青森2)|2,2025,spring,2025-06-14,春季東北大会 2025 日程・結果,F,regional,宮城,青森,7,2,1053.1256,1057.6913,0.498152,7.6,3.814,1056.9396,1053.8773,1.6408,-1.6408,26,current
2025|summer|2025-07-05|選手権兵庫大会 2025 日程・結果|1R|加古川西|18|千種|0,2025,summer,2025-07-05,選手権兵庫大会 2025 日程・結果,1R,prefecture,兵庫,愛知,18,0,1039.3788,1013.6251,0.54526,5.52,2.5102,1041.889,1011.115,2.8912,-2.8912,4,current
2025|summer|2025-07-06|選手権茨城大会 2025 日程・結果|1R|下館一|6|麻生|3,2025,summer,2025-07-06,選手権茨城大会 2025 日程・結果,1R,prefecture,茨城,神奈川,6,3,981.4996,1052.7928,0.376909,5.52,3.4395,984.9391,1049.3533,-8.0165,8.0165,11,current
2025|summer|2025-07-10|選手権福岡大会 2025 日程・結果|2R|若松|1|大和青藍|7,2025,summer,2025-07-10,選手権福岡大会 2025 日程・結果,2R,prefecture,千葉,福岡,1,7,1018.8004,1024.4552,0.491863,5.52,-2.7151,1016.0854,1027.1703,0.0,-0.0,0,current
2025|summer|2025-07-11|選手権秋田大会 2025 日程・結果|2R|横手|6|増田・羽後|2,2025,summer,2025-07-11,選手権秋田大会 2025 日程・結果,2R,prefecture,秋田,岩手,6,2,950.6834,999.088,0.422054,5.52,3.1903,953.8737,995.8977,-3.1017,3.1017,16,current
2025|summer|2025-07-11|選手権秋田大会 2025 日程・結果|1R|大曲工業|9|五城目・西目|0,2025,summer,2025-07-11,選手権秋田大会 2025 日程・結果,1R,prefecture,秋田,岩手,9,0,953.8737,995.8977,0.435462,5.52,3.1163,956.9899,992.7814,-1.5367,1.5367,17,current
2025|summer|2025-07-12|選手権西東京大会 2025 日程・結果|2R|多摩|0|福生|3,2025,summer,2025-07-12,選手権西東京大会 2025 日程・結果,2R,prefecture,神奈川,西東京,0,3,1049.3533,1013.0771,0.553436,5.52,-3.055,1046.2983,1016.1321,0.4988,-0.4988,3,current
2025|summer|2025-07-12|選手権岡山大会 2025 日程・結果|1R|瀬戸|3|倉敷南|11,2025,summer,2025-07-12,選手権岡山大会 2025 日程・結果,1R,prefecture,愛知,岡山,3,11,1011.115,1019.969,0.486736,5.52,-2.6868,1008.4282,1022.6558,-0.1824,0.1824,1,current
2025|summer|2025-07-12|選手権岡山大会 2025 日程・結果|1R|作陽学園|3|勝山|1,2025,summer,2025-07-12,選手権岡山大会 2025 日程・結果,1R,prefecture,岡山,鳥取,3,1,1022.6558,949.5035,0.591317,5.52,2.2559,1024.9117,947.2476,-4.4895,4.4895,18,current
2025|summer|2025-07-13|選手権神奈川大会 2025 日程・結果|2R|有馬|10|寒川|0,2025,summer,2025-07-13,選手権神奈川大会 2025 日程・結果,2R,prefecture,神奈川,香川,10,0,1046.2983,996.7357,0.570846,5.52,2.3689,1048.6673,994.3668,0.0,-0.0,0,current
2025|summer|2025-07-13|選手権東東京大会 2025 日程・結果|2R|日本ウエルネス|7|文京|10,2025,summer,2025-07-13,選手権東東京大会 2025 日程・結果,2R,prefecture,宮城,東東京,7,10,1056.9396,1040.8691,0.521859,5.52,-2.8807,1054.0589,1043.7497,-0.4358,0.4358,3,current
2025|summer|2025-07-13|選手権香川大会 2025 日程・結果|2R|香川高専高松|1|志度|8,2025,summer,2025-07-13,選手権香川大会 2025 日程・結果,2R,prefecture,香川,徳島,1,8,994.3668,965.2974,0.553132,5.52,-3.0533,991.3135,968.3507,3.9954,-3.9954,20,current
2025|summer|2025-07-13|選手権香川大会 2025 日程・結果|2R|多度津|4|高松北|5,2025,summer,2025-07-13,選手権香川大会 2025 日程・結果,2R,prefecture,徳島,香川,4,5,968.3507,991.3135,0.460153,5.52,-2.54,965.8106,993.8536,-2.3922,2.3922,21,current
2025|summer|2025-07-17|選手権香川大会 2025 日程・結果|3R|英明|11|志度|1,2025,summer,2025-07-17,選手権香川大会 2025 日程・結果,3R,prefecture,香川,徳島,11,1,993.8536,965.8106,0.551171,5.52,2.4775,996.3311,963.3331,3.8196,-3.8196,22,current
2025|summer|2025-07-19|選手権鳥取大会 2025 日程・結果|2R|倉吉北|6|米子東|9,2025,summer,2025-07-19,選手権鳥取大会 2025 日程・結果,2R,prefecture,岡山,鳥取,6,9,1024.9117,947.2476,0.600666,5.52,-3.3157,1021.596,950.5633,-3.3727,3.3727,19,current
2025|summer|2025-07-21|選手権鳥取大会 2025 日程・結果|2R|鳥取東|7|倉吉西|0,2025,summer,2025-07-21,選手権鳥取大会 2025 日程・結果,2R,prefecture,鳥取,岡山,7,0,950.5633,1021.596,0.413617,5.52,3.2368,953.8001,1018.3592,5.1997,-5.1997,20,current
2025|summer|2025-07-23|選手権鳥取大会 2025 日程・結果|QF|鳥取城北|5|倉吉東|1,2025,summer,2025-07-23,選手権鳥取大会 2025 日程・結果,QF,prefecture,鳥取,岡山,5,1,953.8001,1018.3592,0.427832,5.52,3.1584,956.9585,1015.2008,7.0294,-7.0294,21,current
2025|koshien|2025-08-05|第107回全国高等学校野球選手権大会|1R|創成館(長崎)|3|小松大谷(石川)|1,2025,koshien,2025-08-05,第107回全国高等学校野球選手権大会,1R,national,長崎,石川,3,1,979.1936,1071.259,0.372043,11.96,7.5104,986.704,1063.7487,0.5655,-0.5655,1,current
2025|koshien|2025-08-06|第107回全国高等学校野球選手権大会|1R|鳥取城北(鳥取)|0|仙台育英(宮城)|5,2025,koshien,2025-08-06,第107回全国高等学校野球選手権大会,1R,national,鳥取,宮城,0,5,956.9585,1054.0589,0.362799,11.96,-4.3391,952.6194,1058.398,-0.372,0.372,1,current
2025|koshien|2025-08-06|第107回全国高等学校野球選手権大会|1R|開星(島根)|6|宮崎商(宮崎)|5,2025,koshien,2025-08-06,第107回全国高等学校野球選手権大会,1R,national,島根,宮崎,6,5,935.4549,927.2251,0.511841,11.96,5.8384,941.2933,921.3867,-0.0,0.0,0,current
2025|koshien|2025-08-06|第107回全国高等学校野球選手権大会|1R|金足農(秋田)|0|沖縄尚学(沖縄)|1,2025,koshien,2025-08-06,第107回全国高等学校野球選手権大会,1R,national,秋田,沖縄,0,1,956.9899,1013.3638,0.419576,11.96,-5.0181,951.9718,1018.3819,-0.0,0.0,0,current
2025|koshien|2025-08-06|第107回全国高等学校野球選手権大会|1R|鳴門(徳島)|5|天理(奈良)|4,2025,koshien,2025-08-06,第107回全国高等学校野球選手権大会,1R,national,徳島,奈良,5,4,963.3331,1056.6009,0.367977,11.96,7.559,970.8921,1049.0419,-0.3484,0.3484,1,current
2025|koshien|2025-08-07|第107回全国高等学校野球選手権大会|1R|津田学園(三重)|5|叡明(埼玉)|4,2025,koshien,2025-08-07,第107回全国高等学校野球選手権大会,1R,national,三重,埼玉,5,4,974.4223,1008.267,0.451447,11.96,6.5607,980.983,1001.7063,0.0,-0.0,0,current
2025|koshien|2025-08-07|第107回全国高等学校野球選手権大会|1R|旭川志峯(北北海道)|1|広陵(広島)|3,2025,koshien,2025-08-07,第107回全国高等学校野球選手権大会,1R,national,北北海道,広島,1,3,975.2669,1061.779,0.37801,11.96,-4.521,970.7459,1066.3,0.0,-0.0,0,current
2025|koshien|2025-08-08|第107回全国高等学校野球選手権大会|1R|智弁和歌山(和歌山)|1|花巻東(岩手)|4,2025,koshien,2025-08-08,第107回全国高等学校野球選手権大会,1R,national,和歌山,岩手,1,4,1036.873,992.7814,0.564005,11.96,-6.7455,1030.1275,999.5269,0.3145,-0.3145,1,current
2025|koshien|2025-08-08|第107回全国高等学校野球選手権大会|1R|東洋大姫路(兵庫)|5|済美(愛媛)|3,2025,koshien,2025-08-08,第107回全国高等学校野球選手権大会,1R,national,兵庫,愛媛,5,3,1041.889,937.8809,0.644153,11.96,4.2559,1046.1449,933.625,-0.4588,0.4588,1,current
2025|koshien|2025-08-08|第107回全国高等学校野球選手権大会|1R|横浜(神奈川)|5|敦賀気比(福井)|0,2025,koshien,2025-08-08,第107回全国高等学校野球選手権大会,1R,national,神奈川,福井,5,0,1048.6673,1018.2157,0.546297,11.96,5.4263,1054.0936,1012.7895,0.9057,-0.9057,3,current
2025|koshien|2025-08-08|第107回全国高等学校野球選手権大会|1R|高知中央(高知)|4|綾羽(滋賀)|6,2025,koshien,2025-08-08,第107回全国高等学校野球選手権大会,1R,national,高知,滋賀,4,6,1056.1604,1015.5016,0.558247,11.96,-6.6766,1049.4837,1022.1782,-0.0,0.0,0,current
2025|koshien|2025-08-09|第107回全国高等学校野球選手権大会|1R|聖愛(青森)|3|西日本短大付(福岡)|4,2025,koshien,2025-08-09,第107回全国高等学校野球選手権大会,1R,national,青森,福岡,3,4,1053.8773,1027.1703,0.538359,11.96,-6.4388,1047.4385,1033.6091,-0.0,0.0,0,current
2025|koshien|2025-08-09|第107回全国高等学校野球選手権大会|1R|明秀日立(茨城)|1|聖隷クリストファー(静岡)|5,2025,koshien,2025-08-09,第107回全国高等学校野球選手権大会,1R,national,茨城,静岡,1,5,984.9391,980.2436,0.506757,11.96,-6.0608,978.8782,986.3044,0.0,-0.0,0,current
2025|koshien|2025-08-09|第107回全国高等学校野球選手権大会|1R|青藍泰斗(栃木)|4|佐賀北(佐賀)|5,2025,koshien,2025-08-09,第107回全国高等学校野球選手権大会,1R,national,栃木,佐賀,4,5,973.2681,915.8916,0.581829,11.96,-6.9587,966.3094,922.8503,-0.0,0.0,0,current
2025|koshien|2025-08-09|第107回全国高等学校野球選手権大会|1R|市立船橋(千葉)|2|明豊(大分)|6,2025,koshien,2025-08-09,第107回全国高等学校野球選手権大会,1R,national,千葉,大分,2,6,1016.0854,1031.8929,0.482197,11.96,-5.7671,1010.3183,1037.6599,1.7158,-1.7158,2,current
2025|koshien|2025-08-11|第107回全国高等学校野球選手権大会|2R|高川学園(山口)|8|未来富山(富山)|5,2025,koshien,2025-08-11,第107回全国高等学校野球選手権大会,2R,national,山口,富山,8,5,989.4513,917.9938,0.60141,11.96,4.7671,994.2185,913.2266,-0.0,0.0,0,current
2025|koshien|2025-08-11|第107回全国高等学校野球選手権大会|2R|豊橋中央(愛知)|2|日大三(西東京)|3,2025,koshien,2025-08-11,第107回全国高等学校野球選手権大会,2R,national,愛知,西東京,2,3,1008.4282,1016.1321,0.489451,11.96,-5.8538,1002.5743,1021.9859,0.1863,-0.1863,1,current
2025|koshien|2025-08-11|第107回全国高等学校野球選手権大会|1R|県岐阜商(岐阜)|6|日大山形(山形)|3,2025,koshien,2025-08-11,第107回全国高等学校野球選手権大会,1R,national,岐阜,山形,6,3,966.9847,979.4679,0.482043,11.96,6.1948,973.1795,973.2731,-0.0,0.0,0,current
2025|koshien|2025-08-11|第107回全国高等学校野球選手権大会|1R|北海(南北海道)|7|東海大星翔(熊本)|10,2025,koshien,2025-08-11,第107回全国高等学校野球選手権大会,1R,national,南北海道,熊本,7,10,1007.5384,964.662,0.561393,11.96,-6.7143,1000.8242,971.3762,0.0,-0.0,0,current
2025|koshien|2025-08-12|第107回全国高等学校野球選手権大会|2R|聖光学院(福島)|2|山梨学院(山梨)|6,2025,koshien,2025-08-12,第107回全国高等学校野球選手権大会,2R,national,福島,山梨,2,6,988.3442,1002.2417,0.480011,11.96,-5.7409,982.6033,1007.9826,-0.0,0.0,0,current
2025|koshien|2025-08-12|第107回全国高等学校野球選手権大会|2R|岡山学芸館(岡山)|3|松商学園(長野)|0,2025,koshien,2025-08-12,第107回全国高等学校野球選手権大会,2R,national,岡山,長野,3,0,1015.2008,960.4844,0.578099,11.96,5.0459,1020.2468,955.4385,0.0,-0.0,0,current
2025|koshien|2025-08-12|第107回全国高等学校野球選手権大会|2R|尽誠学園(香川)|3|東大阪大柏原(大阪)|0,2025,koshien,2025-08-12,第107回全国高等学校野球選手権大会,2R,national,香川,大阪,3,0,996.3311,1108.7078,0.34369,11.96,7.8495,1004.1806,1100.8583,-0.0,0.0,0,current
2025|koshien|2025-08-13|第107回全国高等学校野球選手権大会|2R|健大高崎(群馬)|3|京都国際(京都)|6,2025,koshien,2025-08-13,第107回全国高等学校野球選手権大会,2R,national,群馬,京,3,6,1050.2218,1051.7314,0.496309,11.96,-5.9359,1044.2859,1057.6673,-0.5275,0.5275,1,current
2025|koshien|2025-08-13|第107回全国高等学校野球選手権大会|2R|中越(新潟)|1|関東第一(東東京)|6,2025,koshien,2025-08-13,第107回全国高等学校野球選手権大会,2R,national,新潟,東東京,1,6,947.5617,1043.7497,0.364472,11.96,-4.3591,943.2026,1048.1088,-0.2,0.2,1,current
2025|koshien|2025-08-13|第107回全国高等学校野球選手権大会|2R|神村学園(鹿児島)|0|創成館(長崎)|1,2025,koshien,2025-08-13,第107回全国高等学校野球選手権大会,2R,national,鹿児島,長崎,0,1,1036.7779,986.704,0.572376,11.96,-6.8456,1029.9322,993.5496,0.287,-0.287,1,current
2025|koshien|2025-08-14|第107回全国高等学校野球選手権大会|2R|仙台育英(宮城)|6|開星(島根)|2,2025,koshien,2025-08-14,第107回全国高等学校野球選手権大会,2R,national,宮城,島根,6,2,1058.398,941.2933,0.662423,11.96,4.0374,1062.4354,937.2559,0.0,-0.0,0,current
2025|koshien|2025-08-14|第107回全国高等学校野球選手権大会|2R|沖縄尚学(沖縄)|3|鳴門(徳島)|0,2025,koshien,2025-08-14,第107回全国高等学校野球選手権大会,2R,national,沖縄,徳島,3,0,1018.3819,970.8921,0.56909,11.96,5.1537,1023.5356,965.7384,0.414,-0.414,1,current
2025|koshien|2025-08-14|第107回全国高等学校野球選手権大会|2R|横浜(神奈川)|5|綾羽(滋賀)|1,2025,koshien,2025-08-14,第107回全国高等学校野球選手権大会,2R,national,神奈川,滋賀,5,1,1054.0936,1022.1782,0.546209,11.96,5.4273,1059.5209,1016.7509,0.1431,-0.1431,2,current
2025|koshien|2025-08-15|第107回全国高等学校野球選手権大会|2R|花巻東(岩手)|4|東洋大姫路(兵庫)|8,2025,koshien,2025-08-15,第107回全国高等学校野球選手権大会,2R,national,岩手,兵庫,4,8,999.5269,1046.1449,0.433311,11.96,-5.1824,994.3445,1051.3273,-0.0,0.0,0,current
2025|koshien|2025-08-15|第107回全国高等学校野球選手権大会|2R|西日本短大付(福岡)|2|聖隷クリストファー(静岡)|1,2025,koshien,2025-08-15,第107回全国高等学校野球選手権大会,2R,national,福岡,静岡,2,1,1033.6091,986.3044,0.5686,11.96,5.1595,1038.7686,981.1449,0.3329,-0.3329,1,current
2025|koshien|2025-08-15|第107回全国高等学校野球選手権大会|2R|佐賀北(佐賀)|1|明豊(大分)|6,2025,koshien,2025-08-15,第107回全国高等学校野球選手権大会,2R,national,佐賀,大分,1,6,922.8503,1037.6599,0.325983,11.96,-3.8988,918.9515,1041.5587,-5.6904,5.6904,6,current
2025|koshien|2025-08-15|第107回全国高等学校野球選手権大会|2R|県岐阜商(岐阜)|4|東海大星翔(熊本)|3,2025,koshien,2025-08-15,第107回全国高等学校野球選手権大会,2R,national,岐阜,熊本,4,3,973.1795,971.3762,0.50408,11.96,5.9312,979.1107,965.445,0.5159,-0.5159,1,current
2025|koshien|2025-08-16|第107回全国高等学校野球選手権大会|3R|高川学園(山口)|4|日大三(西東京)|9,2025,koshien,2025-08-16,第107回全国高等学校野球選手権大会,3R,national,山口,西東京,4,9,994.2185,1021.9859,0.459507,11.96,-5.4957,988.7228,1027.4816,-0.2159,0.2159,1,current
2025|koshien|2025-08-16|第107回全国高等学校野球選手権大会|3R|山梨学院(山梨)|14|岡山学芸館(岡山)|0,2025,koshien,2025-08-16,第107回全国高等学校野球選手権大会,3R,national,山梨,岡山,14,0,1007.9826,1020.2468,0.483491,11.96,6.1774,1014.16,1014.0693,0.3943,-0.3943,1,current
2025|koshien|2025-08-16|第107回全国高等学校野球選手権大会|3R|尽誠学園(香川)|2|京都国際(京都)|3,2025,koshien,2025-08-16,第107回全国高等学校野球選手権大会,3R,national,香川,京,2,3,1004.1806,1057.6673,0.423629,11.96,-5.0666,999.114,1062.7339,-0.0,0.0,0,current
2025|koshien|2025-08-16|第107回全国高等学校野球選手権大会|3R|関東第一(東東京)|4|創成館(長崎)|1,2025,koshien,2025-08-16,第107回全国高等学校野球選手権大会,3R,national,東東京,長崎,4,1,1048.1088,993.5496,0.577878,11.96,5.0486,1053.1574,988.501,0.0,-0.0,0,current
2025|koshien|2025-08-17|第107回全国高等学校野球選手権大会|3R|仙台育英(宮城)|3|沖縄尚学(沖縄)|5,2025,koshien,2025-08-17,第107回全国高等学校野球選手権大会,3R,national,宮城,沖縄,3,5,1062.4354,1023.5356,0.556609,11.96,-6.657,1055.7784,1030.1926,0.3029,-0.3029,1,current
2025|koshien|2025-08-17|第107回全国高等学校野球選手権大会|3R|横浜(神奈川)|5|津田学園(三重)|0,2025,koshien,2025-08-17,第107回全国高等学校野球選手権大会,3R,national,神奈川,三重,5,0,1059.5209,980.983,0.612311,11.96,4.6368,1064.1577,976.3462,0.4286,-0.4286,1,current
2025|koshien|2025-08-17|第107回全国高等学校野球選手権大会|3R|東洋大姫路(兵庫)|3|西日本短大付(福岡)|2,2025,koshien,2025-08-17,第107回全国高等学校野球選手権大会,3R,national,兵庫,福岡,3,2,1051.3273,1038.7686,0.518055,11.96,5.7641,1057.0913,1033.0046,-0.0035,0.0035,2,current
2025|koshien|2025-08-17|第107回全国高等学校野球選手権大会|3R|明豊(大分)|1|県岐阜商(岐阜)|3,2025,koshien,2025-08-17,第107回全国高等学校野球選手権大会,3R,national,大分,岐阜,1,3,1041.5587,979.1107,0.588914,11.96,-7.0434,1034.5153,986.1541,0.0,-0.0,0,current
2025|koshien|2025-08-19|第107回全国高等学校野球選手権大会|QF|京都国際(京都)|4|山梨学院(山梨)|11,2025,koshien,2025-08-19,第107回全国高等学校野球選手権大会,QF,national,京,山梨,4,11,1062.7339,1014.16,0.568302,11.96,-6.7969,1055.937,1020.9569,-0.407,0.407,1,current
2025|koshien|2025-08-19|第107回全国高等学校野球選手権大会|QF|関東第一(東東京)|3|日大三(西東京)|5,2025,koshien,2025-08-19,第107回全国高等学校野球選手権大会,QF,national,東東京,西東京,3,5,1053.1574,1027.4816,0.516326,11.96,-6.1753,1046.9821,1033.6569,-7.1638,7.1638,335,current
2025|koshien|2025-08-19|第107回全国高等学校野球選手権大会|QF|県岐阜商(岐阜)|8|横浜(神奈川)|7,2025,koshien,2025-08-19,第107回全国高等学校野球選手権大会,QF,national,岐阜,神奈川,8,7,986.1541,1064.1577,0.391177,11.96,7.2815,993.4356,1056.8761,0.5781,-0.5781,1,current
2025|koshien|2025-08-19|第107回全国高等学校野球選手権大会|QF|沖縄尚学(沖縄)|2|東洋大姫路(兵庫)|1,2025,koshien,2025-08-19,第107回全国高等学校野球選手権大会,QF,national,沖縄,兵庫,2,1,1030.1926,1057.0913,0.461367,11.96,6.4421,1036.6347,1050.6493,-0.0,0.0,0,current
2025|koshien|2025-08-21|第107回全国高等学校野球選手権大会|SF|日大三(西東京)|4|県岐阜商(岐阜)|2,2025,koshien,2025-08-21,第107回全国高等学校野球選手権大会,SF,national,西東京,岐阜,4,2,1033.6569,993.4356,0.557626,11.96,5.2908,1038.9477,988.1448,-0.0,0.0,0,current
2025|koshien|2025-08-21|第107回全国高等学校野球選手権大会|SF|沖縄尚学(沖縄)|5|山梨学院(山梨)|4,2025,koshien,2025-08-21,第107回全国高等学校野球選手権大会,SF,national,沖縄,山梨,5,4,1036.6347,1020.9569,0.522547,11.96,5.7103,1042.345,1015.2466,-0.0,0.0,0,current
2025|koshien|2025-08-23|第107回全国高等学校野球選手権大会|F|日大三(西東京)|1|沖縄尚学(沖縄)|3,2025,koshien,2025-08-23,第107回全国高等学校野球選手権大会,F,national,西東京,沖縄,1,3,1038.9477,1042.345,0.495649,11.96,-5.928,1033.0197,1048.273,0.1869,-0.1869,1,current
2025|autumn|2025-09-12|秋季島根大会 2025 日程・結果|1R|情報・松西・浜商|1|平田|4,2025,autumn,2025-09-12,秋季島根大会 2025 日程・結果,1R,prefecture,広島,島根,1,4,1066.3,937.2559,0.706298,4.8,-3.3902,1062.9098,940.6461,11.6943,-11.6943,14,current
2025|autumn|2025-09-13|秋季島根大会 2025 日程・結果|2R|江津・江工・浜水|5|出雲北陵|3,2025,autumn,2025-09-13,秋季島根大会 2025 日程・結果,2R,prefecture,広島,島根,5,3,1062.9098,940.6461,0.694808,4.8,1.4649,1064.3747,939.1812,10.3266,-10.3266,15,current
2025|autumn|2025-09-13|秋季島根大会 2025 日程・結果|2R|大社|11|大東・出雲農林|0,2025,autumn,2025-09-13,秋季島根大会 2025 日程・結果,2R,prefecture,島根,広島,11,0,939.1812,1064.3747,0.2993,4.8,3.3634,942.5446,1061.0114,-11.2885,11.2885,16,current
2025|autumn|2025-09-13|秋季鳥取大会 2025 日程・結果|1R|倉吉西・倉吉農業|0|鳥取東|10,2025,autumn,2025-09-13,秋季鳥取大会 2025 日程・結果,1R,prefecture,岡山,鳥取,0,10,1014.0693,952.6194,0.562614,4.8,-2.7005,1011.3688,955.32,-8.8557,8.8557,22,current
2025|autumn|2025-09-13|秋季香川大会 2025 日程・結果|1R|多度津|3|丸亀|5,2025,autumn,2025-09-13,秋季香川大会 2025 日程・結果,1R,prefecture,徳島,香川,3,5,965.7384,999.114,0.437211,4.8,-2.0986,963.6398,1001.2126,-5.243,5.243,23,current
2025|autumn|2025-09-14|秋季徳島大会 2025 日程・結果|1R|小松島|28|穴吹･阿波西･池田辻|2,2025,autumn,2025-09-14,秋季徳島大会 2025 日程・結果,1R,prefecture,徳島,香川,28,2,963.6398,1001.2126,0.427785,4.8,2.7466,966.3864,998.4659,-6.4805,6.4805,24,current
2025|autumn|2025-09-15|秋季鳥取大会 2025 日程・結果|2R|鳥取東|13|倉吉東|9,2025,autumn,2025-09-15,秋季鳥取大会 2025 日程・結果,2R,prefecture,鳥取,岡山,13,9,955.32,1011.3688,0.449624,4.8,2.6418,957.9618,1008.727,10.4623,-10.4623,23,current
2025|autumn|2025-09-16|秋季鳥取大会 2025 日程・結果|2R|米子高専|2|倉吉北|9,2025,autumn,2025-09-16,秋季鳥取大会 2025 日程・結果,2R,prefecture,鳥取,岡山,2,9,957.9618,1008.727,0.461735,4.8,-2.2163,955.7454,1010.9433,12.0621,-12.0621,24,current
2025|autumn|2025-09-16|秋季鳥取大会 2025 日程・結果|2R|倉吉総合産業|9|米子工業|2,2025,autumn,2025-09-16,秋季鳥取大会 2025 日程・結果,2R,prefecture,岡山,鳥取,9,2,1010.9433,955.7454,0.547846,4.8,2.1703,1013.1137,953.5751,-10.9246,10.9246,25,current
2025|autumn|2025-09-20|秋季島根大会 2025 日程・結果|3R|島根中央|7|江津・江工・浜水|0,2025,autumn,2025-09-20,秋季島根大会 2025 日程・結果,3R,prefecture,島根,広島,7,0,942.5446,1061.0114,0.311147,4.8,3.3065,945.8511,1057.7049,-9.799,9.799,17,current
2025|autumn|2025-09-20|秋季鳥取大会 2025 日程・結果|QF|境|2|倉吉北|0,2025,autumn,2025-09-20,秋季鳥取大会 2025 日程・結果,QF,prefecture,鳥取,岡山,2,0,953.5751,1013.1137,0.442727,4.8,2.6749,956.25,1010.4387,9.7827,-9.7827,26,current
2025|autumn|2025-09-20|秋季鳥取大会 2025 日程・結果|QF|倉吉総合産業|0|米子松蔭|4,2025,autumn,2025-09-20,秋季鳥取大会 2025 日程・結果,QF,prefecture,岡山,鳥取,0,4,1010.4387,956.25,0.545003,4.8,-2.616,1007.8227,958.866,-11.4163,11.4163,27,current
2025|autumn|2025-09-20|秋季岡山大会 2025 日程・結果|1R|津山工業|2|勝山|1,2025,autumn,2025-09-20,秋季岡山大会 2025 日程・結果,1R,prefecture,岡山,鳥取,2,1,1007.8227,958.866,0.532885,4.8,2.2422,1010.0649,956.6239,-13.0363,13.0363,28,current
2025|autumn|2025-09-20|秋季香川大会 2025 日程・結果|2R|津田|2|志度|4,2025,autumn,2025-09-20,秋季香川大会 2025 日程・結果,2R,prefecture,香川,徳島,2,4,998.4659,966.3864,0.560221,4.8,-2.6891,995.7769,969.0755,4.9854,-4.9854,25,current
2025|autumn|2025-09-23|秋季香川大会 2025 日程・結果|3R|尽誠学園|6|志度|1,2025,autumn,2025-09-23,秋季香川大会 2025 日程・結果,3R,prefecture,香川,徳島,6,1,995.7769,969.0755,0.54832,4.8,2.1681,997.9449,966.9074,3.49,-3.49,26,current
2025|autumn|2025-10-09|秋季東北大会 2025 日程・結果|2R|日大山形(山形1)|9|学法石川(福島3)|4,2025,autumn,2025-10-09,秋季東北大会 2025 日程・結果,2R,regional,山形,福島,9,4,973.2731,982.6033,0.502029,8.0,3.9838,977.2569,978.6195,5.3702,-5.3702,14,current
2025|autumn|2025-10-09|秋季東北大会 2025 日程・結果|2R|日大東北(福島2)|0|東北(宮城2)|8,2025,autumn,2025-10-09,秋季東北大会 2025 日程・結果,2R,regional,福島,宮城,0,8,978.6195,1055.7784,0.387046,8.0,-3.0964,975.5232,1058.8748,-1.3537,1.3537,21,current
2025|autumn|2025-10-09|秋季東北大会 2025 日程・結果|2R|金足農業(秋田2)|5|東海大山形(山形2)|0,2025,autumn,2025-10-09,秋季東北大会 2025 日程・結果,2R,regional,秋田,山形,5,0,951.9718,977.2569,0.456314,8.0,4.3495,956.3213,972.9074,-2.5744,2.5744,8,current
2025|autumn|2025-10-09|秋季東北大会 2025 日程・結果|2R|一関学院(岩手2)|1|八学光星(青森1)|5,2025,autumn,2025-10-09,秋季東北大会 2025 日程・結果,2R,regional,岩手,青森,1,5,994.3445,1047.4385,0.411044,8.0,-3.2883,991.0562,1050.7269,-4.6921,4.6921,18,current
2025|autumn|2025-10-09|秋季東北大会 2025 日程・結果|1R|盛岡中央(岩手3)|6|青森山田(青森3)|4,2025,autumn,2025-10-09,秋季東北大会 2025 日程・結果,1R,regional,岩手,青森,6,4,991.0562,1050.7269,0.396904,8.0,4.8248,995.881,1045.9021,-6.5048,6.5048,19,current
2025|autumn|2025-10-09|秋季東北大会 2025 日程・結果|1R|鶴岡東(山形3)|3|名取北(宮城3)|1,2025,autumn,2025-10-09,秋季東北大会 2025 日程・結果,1R,regional,山形,宮城,3,1,972.9074,1058.8748,0.373693,8.0,5.0105,977.9178,1053.8643,-1.8708,1.8708,13,current
2025|autumn|2025-10-10|秋季東北大会 2025 日程・結果|2R|明桜(秋田1)|2|八工大一(青森2)|3,2025,autumn,2025-10-10,秋季東北大会 2025 日程・結果,2R,regional,秋田,青森,2,3,956.3213,1045.9021,0.346446,8.0,-2.7716,953.5497,1048.6737,-10.3386,10.3386,15,current
2025|autumn|2025-10-10|秋季東北大会 2025 日程・結果|2R|鶴岡東(山形3)|0|花巻東(岩手1)|7,2025,autumn,2025-10-10,秋季東北大会 2025 日程・結果,2R,regional,山形,岩手,0,7,977.9178,995.881,0.466375,8.0,-3.731,974.1868,999.612,-2.7187,2.7187,18,current
2025|autumn|2025-10-10|秋季東北大会 2025 日程・結果|2R|聖光学院(福島1)|9|盛岡中央(岩手3)|1,2025,autumn,2025-10-10,秋季東北大会 2025 日程・結果,2R,regional,福島,岩手,9,1,975.5232,999.612,0.472283,8.0,4.2217,979.7449,995.3902,2.4046,-2.4046,15,current
2025|autumn|2025-10-10|秋季東北大会 2025 日程・結果|2R|秋田中央(秋田3)|0|仙台育英(宮城1)|14,2025,autumn,2025-10-10,秋季東北大会 2025 日程・結果,2R,regional,秋田,宮城,0,14,953.5497,1053.8643,0.353522,8.0,-2.8282,950.7215,1056.6925,-2.27,2.27,14,current
2025|autumn|2025-10-11|秋季東京大会 2025 日程・結果|1R|葛飾野|2|狛江|5,2025,autumn,2025-10-11,秋季東京大会 2025 日程・結果,1R,prefecture,東東京,西東京,2,5,1046.9821,1033.0197,0.486456,4.8,-2.335,1044.6471,1035.3547,-11.688,11.688,336,current
2025|autumn|2025-10-11|秋季東京大会 2025 日程・結果|1R|駿台学園|4|八王子|5,2025,autumn,2025-10-11,秋季東京大会 2025 日程・結果,1R,prefecture,東東京,西東京,4,5,1044.6471,1035.3547,0.474827,4.8,-2.2792,1042.368,1037.6339,-13.3995,13.3995,337,current
2025|autumn|2025-10-11|秋季東京大会 2025 日程・結果|1R|町田|0|東海大高輪台|14,2025,autumn,2025-10-11,秋季東京大会 2025 日程・結果,1R,prefecture,西東京,東東京,0,14,1037.6339,1042.368,0.536498,4.8,-2.5752,1035.0587,1044.9432,15.0702,-15.0702,338,current
2025|autumn|2025-10-11|秋季北信越大会 2025 日程・結果|1R|新湊(富山4)|7|小松大谷(石川1)|9,2025,autumn,2025-10-11,秋季北信越大会 2025 日程・結果,1R,regional,富山,石川,7,9,913.2266,1063.7487,0.243794,8.0,-1.9504,911.2763,1065.699,-23.0624,23.0624,21,current
2025|autumn|2025-10-11|秋季北信越大会 2025 日程・結果|1R|日本航空石川(石川2)|10|氷見(富山3)|0,2025,autumn,2025-10-11,秋季北信越大会 2025 日程・結果,1R,regional,石川,富山,10,0,1065.699,911.2763,0.763175,8.0,1.8946,1067.5936,909.3817,24.4279,-24.4279,22,current
2025|autumn|2025-10-11|秋季北信越大会 2025 日程・結果|1R|中越(新潟2)|11|若狭(福井2)|3,2025,autumn,2025-10-11,秋季北信越大会 2025 日程・結果,1R,regional,新潟,福井,11,3,943.2026,1012.7895,0.360683,8.0,5.1145,948.3172,1007.6749,-14.9248,14.9248,21,current
2025|autumn|2025-10-11|秋季北信越大会 2025 日程・結果|1R|上田西(長野1)|2|帝京長岡(新潟3)|5,2025,autumn,2025-10-11,秋季北信越大会 2025 日程・結果,1R,regional,長野,新潟,2,5,955.4385,948.3172,0.527647,8.0,-4.2212,951.2173,952.5383,6.0546,-6.0546,18,current
2025|autumn|2025-10-11|秋季北信越大会 2025 日程・結果|1R|敦賀気比(福井1)|4|松本国際(長野3)|3,2025,autumn,2025-10-11,秋季北信越大会 2025 日程・結果,1R,regional,福井,長野,4,3,1007.6749,951.2173,0.601783,8.0,3.1857,1010.8607,948.0316,7.635,-7.635,20,current
2025|autumn|2025-10-11|秋季北信越大会 2025 日程・結果|1R|長野日大(長野2)|4|高岡第一(富山2)|5,2025,autumn,2025-10-11,秋季北信越大会 2025 日程・結果,1R,regional,長野,富山,4,5,948.0316,909.3817,0.551468,8.0,-4.4117,943.6198,913.7934,-1.3795,1.3795,10,current
2025|autumn|2025-10-11|秋季北信越大会 2025 日程・結果|1R|星稜(石川3)|5|富山商(富山1)|3,2025,autumn,2025-10-11,秋季北信越大会 2025 日程・結果,1R,regional,石川,富山,5,3,1067.5936,913.7934,0.76531,8.0,1.8775,1069.4711,911.9159,25.7687,-25.7687,23,current
2025|autumn|2025-10-11|秋季北信越大会 2025 日程・結果|1R|福井商(福井3)|2|日本文理(新潟1)|3,2025,autumn,2025-10-11,秋季北信越大会 2025 日程・結果,1R,regional,福井,新潟,2,3,1010.8607,952.5383,0.617123,8.0,-4.937,1005.9237,957.4753,12.3013,-12.3013,22,current
2025|autumn|2025-10-12|秋季東京大会 2025 日程・結果|1R|立正大立正|10|桜町|4,2025,autumn,2025-10-12,秋季東京大会 2025 日程・結果,1R,prefecture,東東京,西東京,10,4,1044.9432,1035.0587,0.476295,4.8,2.5138,1047.4569,1032.5449,-13.1844,13.1844,339,current
2025|autumn|2025-10-12|秋季東京大会 2025 日程・結果|1R|東海大菅生|2|修徳|6,2025,autumn,2025-10-12,秋季東京大会 2025 日程・結果,1R,prefecture,西東京,東東京,2,6,1032.5449,1047.4569,0.511187,4.8,-2.4537,1030.0912,1049.9106,11.3433,-11.3433,340,current
2025|autumn|2025-10-12|秋季東京大会 2025 日程・結果|1R|城東|5|明星|0,2025,autumn,2025-10-12,秋季東京大会 2025 日程・結果,1R,prefecture,東東京,西東京,5,0,1049.9106,1030.0912,0.501047,4.8,2.395,1052.3056,1027.6962,-9.546,9.546,341,current
2025|autumn|2025-10-12|秋季東京大会 2025 日程・結果|1R|日大三|9|大森学園|3,2025,autumn,2025-10-12,秋季東京大会 2025 日程・結果,1R,prefecture,西東京,東東京,9,3,1027.6962,1052.3056,0.487013,4.8,2.4623,1030.1586,1049.8433,7.7914,-7.7914,342,current
2025|autumn|2025-10-12|秋季東京大会 2025 日程・結果|1R|桜修館|2|世田谷学園|9,2025,autumn,2025-10-12,秋季東京大会 2025 日程・結果,1R,prefecture,東東京,西東京,2,9,1049.8433,1030.1586,0.500707,4.8,-2.4034,1047.4399,1032.562,-9.5966,9.5966,343,current
2025|autumn|2025-10-12|秋季東京大会 2025 日程・結果|1R|八王子実践|8|高島|1,2025,autumn,2025-10-12,秋季東京大会 2025 日程・結果,1R,prefecture,西東京,東東京,8,1,1032.562,1047.4399,0.51128,4.8,2.3459,1034.9078,1045.094,11.3588,-11.3588,344,current
2025|autumn|2025-10-12|秋季東京大会 2025 日程・結果|1R|実践学園|3|府中工科|5,2025,autumn,2025-10-12,秋季東京大会 2025 日程・結果,1R,prefecture,東東京,西東京,3,5,1045.094,1034.9078,0.477031,4.8,-2.2897,1042.8043,1037.1976,-13.0791,13.0791,345,current
2025|autumn|2025-10-12|秋季東京大会 2025 日程・結果|1R|早稲田実|3|岩倉|4,2025,autumn,2025-10-12,秋季東京大会 2025 日程・結果,1R,prefecture,西東京,東東京,3,4,1037.1976,1042.8043,0.534355,4.8,-2.5649,1034.6327,1045.3692,14.7585,-14.7585,346,current
2025|autumn|2025-10-12|秋季東京大会 2025 日程・結果|1R|武蔵丘|0|駒大高|7,2025,autumn,2025-10-12,秋季東京大会 2025 日程・結果,1R,prefecture,東東京,西東京,0,7,1045.3692,1034.6327,0.478396,4.8,-2.2963,1043.0729,1036.929,-12.8791,12.8791,347,current
2025|autumn|2025-10-12|秋季東京大会 2025 日程・結果|1R|帝京|6|専大附|2,2025,autumn,2025-10-12,秋季東京大会 2025 日程・結果,1R,prefecture,東東京,西東京,6,2,1043.0729,1036.929,0.466973,4.8,2.5585,1045.6314,1034.3704,-14.5634,14.5634,348,current
2025|autumn|2025-10-12|秋季東京大会 2025 日程・結果|1R|朋優学院|0|明大八王子|6,2025,autumn,2025-10-12,秋季東京大会 2025 日程・結果,1R,prefecture,東東京,西東京,0,6,1045.6314,1034.3704,0.479697,4.8,-2.3025,1043.3289,1036.673,-12.6885,12.6885,349,current
2025|autumn|2025-10-12|秋季北信越大会 2025 日程・結果|QF|敦賀気比(福井1)|1|日本航空石川(石川2)|0,2025,autumn,2025-10-12,秋季北信越大会 2025 日程・結果,QF,regional,福井,石川,1,0,1005.9237,1069.4711,0.402902,8.0,4.7768,1010.7005,1064.6943,-2.3955,2.3955,24,current
2025|autumn|2025-10-12|秋季北信越大会 2025 日程・結果|QF|帝京長岡(新潟3)|2|小松大谷(石川1)|1,2025,autumn,2025-10-12,秋季北信越大会 2025 日程・結果,QF,regional,新潟,石川,2,1,957.4753,1064.6943,0.34163,8.0,5.267,962.7423,1059.4274,-3.3734,3.3734,20,current
2025|autumn|2025-10-12|秋季北信越大会 2025 日程・結果|QF|日本文理(新潟1)|8|高岡第一(富山2)|5,2025,autumn,2025-10-12,秋季北信越大会 2025 日程・結果,QF,regional,新潟,富山,8,5,962.7423,911.9159,0.583834,8.0,3.3293,966.0716,908.5866,3.9914,-3.9914,13,current
2025|autumn|2025-10-12|秋季北信越大会 2025 日程・結果|QF|星稜(石川3)|2|中越(新潟2)|1,2025,autumn,2025-10-12,秋季北信越大会 2025 日程・結果,QF,regional,石川,新潟,2,1,1059.4274,966.0716,0.632705,8.0,2.9384,1062.3657,963.1332,0.5594,-0.5594,21,current
2025|autumn|2025-10-13|秋季北海道大会 2025 日程・結果|1R|東海大札幌|4|旭川東|1,2025,autumn,2025-10-13,秋季北海道大会 2025 日程・結果,1R,regional,南北海道,北北海道,4,1,1000.8242,970.7459,0.561595,8.0,3.5072,1004.3314,967.2387,6.4705,-6.4705,149,current
2025|autumn|2025-10-13|秋季東京大会 2025 日程・結果|1R|聖パウロ学園|6|豊南|2,2025,autumn,2025-10-13,秋季東京大会 2025 日程・結果,1R,prefecture,西東京,東東京,6,2,1036.673,1043.3289,0.531761,4.8,2.2475,1038.9205,1041.0813,14.3776,-14.3776,350,current
2025|autumn|2025-10-13|秋季東京大会 2025 日程・結果|1R|郁文館|4|工学院大附|11,2025,autumn,2025-10-13,秋季東京大会 2025 日程・結果,1R,prefecture,東東京,西東京,4,11,1041.0813,1038.9205,0.457087,4.8,-2.194,1038.8873,1041.1145,-16.0266,16.0266,351,current
2025|autumn|2025-10-13|秋季東京大会 2025 日程・結果|1R|江戸川|3|日大二|10,2025,autumn,2025-10-13,秋季東京大会 2025 日程・結果,1R,prefecture,東東京,西東京,3,10,1038.8873,1041.1145,0.446241,4.8,-2.142,1036.7453,1043.2565,-17.6366,17.6366,352,current
2025|autumn|2025-10-13|秋季東京大会 2025 日程・結果|1R|国士舘|5|安田学園|2,2025,autumn,2025-10-13,秋季東京大会 2025 日程・結果,1R,prefecture,西東京,東東京,5,2,1043.2565,1036.7453,0.564299,4.8,2.0914,1045.3479,1034.654,19.2086,-19.2086,353,current
2025|autumn|2025-10-13|秋季東北大会 2025 日程・結果|QF|八工大一(青森2)|3|花巻東(岩手1)|4,2025,autumn,2025-10-13,秋季東北大会 2025 日程・結果,QF,regional,青森,岩手,3,4,1048.6737,995.3902,0.587341,8.0,-4.6987,1043.9749,1000.0889,4.018,-4.018,20,current
2025|autumn|2025-10-13|秋季東北大会 2025 日程・結果|QF|日大山形(山形1)|1|東北(宮城2)|9,2025,autumn,2025-10-13,秋季東北大会 2025 日程・結果,QF,regional,山形,宮城,1,9,974.1868,1056.6925,0.384723,8.0,-3.0778,971.109,1059.7703,0.4682,-0.4682,14,current
2025|autumn|2025-10-13|秋季東北大会 2025 日程・結果|QF|金足農業(秋田2)|4|八学光星(青森1)|10,2025,autumn,2025-10-13,秋季東北大会 2025 日程・結果,QF,regional,秋田,青森,4,10,950.7215,1043.9749,0.337504,8.0,-2.7,948.0215,1046.675,-11.9541,11.9541,16,current
2025|autumn|2025-10-13|秋季東北大会 2025 日程・結果|QF|聖光学院(福島1)|4|仙台育英(宮城1)|1,2025,autumn,2025-10-13,秋季東北大会 2025 日程・結果,QF,regional,福島,宮城,4,1,979.7449,1059.7703,0.378469,8.0,4.9722,984.7171,1054.798,-3.0738,3.0738,22,current
2025|autumn|2025-10-14|秋季北海道大会 2025 日程・結果|2R|北広島|4|士別翔雲|10,2025,autumn,2025-10-14,秋季北海道大会 2025 日程・結果,2R,regional,南北海道,北北海道,4,10,1004.3314,967.2387,0.578543,8.0,-4.6283,999.7031,971.867,8.9699,-8.9699,150,current
2025|autumn|2025-10-14|秋季東北大会 2025 日程・結果|SF|東北(宮城2)|1|花巻東(岩手1)|4,2025,autumn,2025-10-14,秋季東北大会 2025 日程・結果,SF,regional,宮城,岩手,1,4,1054.798,1000.0889,0.600565,8.0,-4.8045,1049.9935,1004.8935,8.0684,-8.0684,14,current
2025|autumn|2025-10-14|秋季東北大会 2025 日程・結果|SF|聖光学院(福島1)|0|八学光星(青森1)|7,2025,autumn,2025-10-14,秋季東北大会 2025 日程・結果,SF,regional,福島,青森,0,7,984.7171,1046.675,0.3995,8.0,-3.196,981.5211,1049.871,-4.4203,4.4203,16,current
2025|autumn|2025-10-15|秋季北海道大会 2025 日程・結果|2R|東海大札幌|1|旭川実業|6,2025,autumn,2025-10-15,秋季北海道大会 2025 日程・結果,2R,regional,南北海道,北北海道,1,6,999.7031,971.867,0.556159,8.0,-4.4493,995.2538,976.3163,5.6764,-5.6764,151,current
2025|autumn|2025-10-17|秋季東北大会 2025 日程・結果|F|八学光星(青森1)|2|花巻東(岩手1)|3,2025,autumn,2025-10-17,秋季東北大会 2025 日程・結果,F,regional,青森,岩手,2,3,1049.871,1004.8935,0.56867,8.0,-4.5494,1045.3216,1009.4428,1.5215,-1.5215,21,current
2025|autumn|2025-10-18|秋季東京大会 2025 日程・結果|2R|岩倉|3|聖パウロ学園|4,2025,autumn,2025-10-18,秋季東京大会 2025 日程・結果,2R,prefecture,東東京,西東京,3,4,1034.654,1045.3479,0.425465,4.8,-2.0422,1032.6118,1047.3901,-20.7436,20.7436,354,current
2025|autumn|2025-10-18|秋季東京大会 2025 日程・結果|2R|修徳|1|桜美林|2,2025,autumn,2025-10-18,秋季東京大会 2025 日程・結果,2R,prefecture,東東京,西東京,1,2,1032.6118,1047.3901,0.41553,4.8,-1.9945,1030.6172,1049.3846,-22.2428,22.2428,355,current
2025|autumn|2025-10-18|秋季東京大会 2025 日程・結果|2R|府中工科|0|関東第一|9,2025,autumn,2025-10-18,秋季東京大会 2025 日程・結果,2R,prefecture,西東京,東東京,0,9,1049.3846,1030.6172,0.594108,4.8,-2.8517,1046.5329,1033.4689,23.7072,-23.7072,356,current
2025|autumn|2025-10-18|秋季東京大会 2025 日程・結果|2R|日野|9|立正大立正|2,2025,autumn,2025-10-18,秋季東京大会 2025 日程・結果,2R,prefecture,西東京,東東京,9,2,1046.5329,1033.4689,0.580317,4.8,2.0145,1048.5474,1031.4544,21.6168,-21.6168,357,current
2025|autumn|2025-10-18|秋季東京大会 2025 日程・結果|2R|狛江|3|東海大高輪台|10,2025,autumn,2025-10-18,秋季東京大会 2025 日程・結果,2R,prefecture,西東京,東東京,3,10,1048.5474,1031.4544,0.59008,4.8,-2.8324,1045.715,1034.2868,23.096,-23.096,358,current
2025|autumn|2025-10-18|秋季北信越大会 2025 日程・結果|SF|星稜(石川3)|1|帝京長岡(新潟3)|2,2025,autumn,2025-10-18,秋季北信越大会 2025 日程・結果,SF,regional,石川,新潟,1,2,1062.3657,963.1332,0.644822,8.0,-5.1586,1057.2072,968.2918,2.1826,-2.1826,22,current
2025|autumn|2025-10-18|秋季北信越大会 2025 日程・結果|SF|日本文理(新潟1)|7|敦賀気比(福井1)|6,2025,autumn,2025-10-18,秋季北信越大会 2025 日程・結果,SF,regional,新潟,福井,7,6,968.2918,1010.7005,0.411981,8.0,4.7041,972.996,1005.9963,-9.6984,9.6984,23,current
2025|autumn|2025-10-18|秋季関東大会 2025 日程・結果|1R|横浜(神奈川1)|5|高崎商大附(群馬2)|4,2025,autumn,2025-10-18,秋季関東大会 2025 日程・結果,1R,regional,神奈川,群馬,5,4,1056.8761,1044.2859,0.516567,8.0,3.8675,1060.7436,1040.4185,-0.5369,0.5369,10,current
2025|autumn|2025-10-18|秋季関東大会 2025 日程・結果|1R|下妻一(茨城2)|6|浦和学院(埼玉2)|12,2025,autumn,2025-10-18,秋季関東大会 2025 日程・結果,1R,regional,茨城,埼玉,6,12,978.8782,1001.7063,0.458697,8.0,-3.6696,975.2087,1005.3759,-2.9687,2.9687,7,current
2025|autumn|2025-10-18|秋季関東大会 2025 日程・結果|1R|専大松戸(千葉1)|11|文星芸大附(栃木2)|2,2025,autumn,2025-10-18,秋季関東大会 2025 日程・結果,1R,regional,千葉,栃木,11,2,1010.3183,966.3094,0.579484,8.0,3.3641,1013.6824,962.9453,5.8472,-5.8472,7,current
2025|autumn|2025-10-18|秋季近畿大会 2025 日程・結果|1R|滋賀学園(滋賀3)|5|乙訓(京都2)|2,2025,autumn,2025-10-18,秋季近畿大会 2025 日程・結果,1R,regional,滋賀,京,5,2,1016.7509,1055.937,0.438308,8.0,4.4935,1021.2444,1051.4434,-1.9508,1.9508,4,current
2025|autumn|2025-10-18|秋季近畿大会 2025 日程・結果|1R|智辯学園(奈良1)|8|近大付(大阪2)|6,2025,autumn,2025-10-18,秋季近畿大会 2025 日程・結果,1R,regional,奈良,大阪,8,6,1049.0419,1100.8583,0.424001,8.0,4.608,1053.6499,1096.2503,-0.7028,0.7028,16,current
2025|autumn|2025-10-18|秋季近畿大会 2025 日程・結果|1R|近大新宮(和歌山1)|1|東洋大姫路(兵庫3)|4,2025,autumn,2025-10-18,秋季近畿大会 2025 日程・結果,1R,regional,和歌山,兵庫,1,4,1030.1275,1050.6493,0.488433,8.0,-3.9075,1026.2201,1054.5568,6.2413,-6.2413,17,current
2025|autumn|2025-10-18|秋季四国大会 2025 日程・結果|1R|土佐(高知2)|5|海部(徳島3)|4,2025,autumn,2025-10-18,秋季四国大会 2025 日程・結果,1R,regional,高知,徳島,5,4,1049.4837,966.9074,0.643848,8.0,2.8492,1052.333,964.0582,10.1416,-10.1416,24,current
2025|autumn|2025-10-18|秋季四国大会 2025 日程・結果|1R|英明(香川2)|1|高知商業(高知3)|0,2025,autumn,2025-10-18,秋季四国大会 2025 日程・結果,1R,regional,香川,高知,1,0,997.9449,1052.333,0.455582,8.0,4.3553,1002.3003,1047.9776,11.7207,-11.7207,29,current
2025|autumn|2025-10-18|秋季四国大会 2025 日程・結果|1R|西条(愛媛2)|4|尽誠学園(香川3)|2,2025,autumn,2025-10-18,秋季四国大会 2025 日程・結果,1R,regional,愛媛,香川,4,2,933.625,1002.3003,0.405635,8.0,4.7549,938.3799,997.5454,1.1542,-1.1542,18,current
2025|autumn|2025-10-18|秋季四国大会 2025 日程・結果|1R|徳島商(徳島2)|4|新田(愛媛3)|3,2025,autumn,2025-10-18,秋季四国大会 2025 日程・結果,1R,regional,徳島,愛媛,4,3,964.0582,938.3799,0.549305,8.0,3.6056,967.6637,934.7743,4.3472,-4.3472,17,current
2025|autumn|2025-10-18|秋季東海大会 2025 日程・結果|1R|中京(岐阜2)|6|常葉大菊川(静岡3)|8,2025,autumn,2025-10-18,秋季東海大会 2025 日程・結果,1R,regional,岐阜,静岡,6,8,988.1448,981.1449,0.510804,8.0,-4.0864,984.0584,985.2313,0.2542,-0.2542,21,current
2025|autumn|2025-10-18|秋季東海大会 2025 日程・結果|1R|津田学園(三重2)|3|岐阜城北(岐阜3)|10,2025,autumn,2025-10-18,秋季東海大会 2025 日程・結果,1R,regional,三重,岐阜,3,10,976.3462,984.0584,0.520571,8.0,-4.1646,972.1816,988.223,11.0074,-11.0074,20,current
2025|autumn|2025-10-18|秋季東海大会 2025 日程・結果|1R|豊川(愛知2)|4|津商(三重3)|5,2025,autumn,2025-10-18,秋季東海大会 2025 日程・結果,1R,regional,愛知,三重,4,5,1002.5743,972.1816,0.575681,8.0,-4.6055,997.9689,976.7871,11.3017,-11.3017,22,current
2025|autumn|2025-10-18|秋季東海大会 2025 日程・結果|1R|掛川西(静岡2)|1|東邦(愛知3)|2,2025,autumn,2025-10-18,秋季東海大会 2025 日程・結果,1R,regional,静岡,愛知,1,2,985.2313,997.9689,0.474043,8.0,-3.7923,981.439,1001.7612,-2.6577,2.6577,27,current
2025|autumn|2025-10-19|秋季北海道大会 2025 日程・結果|SF|白樺学園|8|立命館慶祥|1,2025,autumn,2025-10-19,秋季北海道大会 2025 日程・結果,SF,regional,北北海道,南北海道,8,1,976.3163,995.2538,0.465582,8.0,4.2753,980.5916,990.9785,-2.5081,2.5081,152,current
2025|autumn|2025-10-19|秋季北海道大会 2025 日程・結果|SF|北照|7|旭川実業|0,2025,autumn,2025-10-19,秋季北海道大会 2025 日程・結果,SF,regional,南北海道,北北海道,7,0,990.9785,980.5916,0.513396,8.0,3.8928,994.8713,976.6988,-0.5382,0.5382,153,current
2025|autumn|2025-10-19|秋季東京大会 2025 日程・結果|2R|城東|6|駒大高|3,2025,autumn,2025-10-19,秋季東京大会 2025 日程・結果,2R,prefecture,東東京,西東京,6,3,1034.2868,1045.715,0.423657,4.8,2.7664,1037.0533,1042.9486,-21.0194,21.0194,359,current
2025|autumn|2025-10-19|秋季東京大会 2025 日程・結果|2R|成立学園|4|創価|3,2025,autumn,2025-10-19,秋季東京大会 2025 日程・結果,2R,prefecture,東東京,西東京,4,3,1037.0533,1042.9486,0.437189,4.8,2.7015,1039.7548,1040.2471,-18.9909,18.9909,360,current
2025|autumn|2025-10-19|秋季東京大会 2025 日程・結果|2R|日大櫻丘|0|帝京|11,2025,autumn,2025-10-19,秋季東京大会 2025 日程・結果,2R,prefecture,西東京,東東京,0,11,1040.2471,1039.7548,0.549504,4.8,-2.6376,1037.6094,1042.3924,17.0099,-17.0099,361,current
2025|autumn|2025-10-19|秋季関東大会 2025 日程・結果|1R|桐生第一(群馬1)|0|甲府工(山梨2)|1,2025,autumn,2025-10-19,秋季関東大会 2025 日程・結果,1R,regional,群馬,山梨,0,1,1040.4185,1015.2466,0.552558,8.0,-4.4205,1035.998,1019.6671,5.7424,-5.7424,16,current
2025|autumn|2025-10-19|秋季関東大会 2025 日程・結果|1R|下妻二(茨城1)|3|駿台甲府(山梨3)|9,2025,autumn,2025-10-19,秋季関東大会 2025 日程・結果,1R,regional,茨城,山梨,3,9,975.2087,1019.6671,0.446405,8.0,-3.5712,971.6374,1023.2383,3.5366,-3.5366,5,current
2025|autumn|2025-10-19|秋季関東大会 2025 日程・結果|1R|花咲徳栄(埼玉1)|10|法政二(神奈川2)|9,2025,autumn,2025-10-19,秋季関東大会 2025 日程・結果,1R,regional,埼玉,神奈川,10,9,1005.3759,1060.7436,0.393517,8.0,4.8519,1010.2277,1055.8917,-9.8873,9.8873,19,current
2025|autumn|2025-10-19|秋季関東大会 2025 日程・結果|1R|佐野日大(栃木1)|8|中央学院(千葉2)|7,2025,autumn,2025-10-19,秋季関東大会 2025 日程・結果,1R,regional,栃木,千葉,8,7,962.9453,1013.6824,0.406436,8.0,4.7485,967.6938,1008.9339,-7.5264,7.5264,8,current
2025|autumn|2025-10-19|秋季近畿大会 2025 日程・結果|1R|大阪桐蔭(大阪1)|7|市和歌山(和歌山2)|1,2025,autumn,2025-10-19,秋季近畿大会 2025 日程・結果,1R,regional,大阪,和歌山,7,1,1096.2503,1026.2201,0.60048,8.0,3.1962,1099.4465,1023.0239,0.3769,-0.3769,17,current
2025|autumn|2025-10-19|秋季近畿大会 2025 日程・結果|1R|彦根東(滋賀2)|0|天理(奈良2)|7,2025,autumn,2025-10-19,秋季近畿大会 2025 日程・結果,1R,regional,滋賀,奈良,0,7,1021.2444,1053.6499,0.443836,8.0,-3.5507,1017.6938,1057.2006,-3.3934,3.3934,9,current
2025|autumn|2025-10-19|秋季近畿大会 2025 日程・結果|1R|近江(滋賀1)|9|市尼崎(兵庫2)|1,2025,autumn,2025-10-19,秋季近畿大会 2025 日程・結果,1R,regional,滋賀,兵庫,9,1,1017.6938,1054.5568,0.456006,8.0,4.352,1022.0457,1050.2048,3.1067,-3.1067,6,current
2025|autumn|2025-10-19|秋季四国大会 2025 日程・結果|QF|藤井(香川1)|6|土佐(高知2)|0,2025,autumn,2025-10-19,秋季四国大会 2025 日程・結果,QF,regional,香川,高知,6,0,997.5454,1047.9776,0.468865,8.0,4.2491,1001.7944,1043.7285,14.3846,-14.3846,30,current
2025|autumn|2025-10-19|秋季四国大会 2025 日程・結果|QF|松山聖陵(愛媛1)|2|英明(香川2)|12,2025,autumn,2025-10-19,秋季四国大会 2025 日程・結果,QF,regional,愛媛,香川,2,12,934.7743,1001.7944,0.414984,8.0,-3.3199,931.4545,1005.1143,3.6827,-3.6827,19,current
2025|autumn|2025-10-19|秋季四国大会 2025 日程・結果|QF|明徳義塾(高知1)|3|徳島商(徳島2)|1,2025,autumn,2025-10-19,秋季四国大会 2025 日程・結果,QF,regional,高知,徳島,3,1,1043.7285,967.6637,0.639787,8.0,2.8817,1046.6102,964.782,11.8629,-11.8629,25,current
2025|autumn|2025-10-19|秋季四国大会 2025 日程・結果|QF|阿南光(徳島1)|3|西条(愛媛2)|0,2025,autumn,2025-10-19,秋季四国大会 2025 日程・結果,QF,regional,徳島,愛媛,3,0,964.782,931.4545,0.565707,8.0,3.4743,968.2564,927.9801,6.298,-6.298,18,current
2025|autumn|2025-10-19|秋季東海大会 2025 日程・結果|QF|大垣日大(岐阜1)|8|東邦(愛知3)|2,2025,autumn,2025-10-19,秋季東海大会 2025 日程・結果,QF,regional,岐阜,愛知,8,2,988.223,1001.7612,0.494415,8.0,4.0447,992.2677,997.7166,4.8287,-4.8287,25,current
2025|autumn|2025-10-19|秋季東海大会 2025 日程・結果|QF|三重(三重1)|8|常葉大菊川(静岡3)|4,2025,autumn,2025-10-19,秋季東海大会 2025 日程・結果,QF,regional,三重,静岡,8,4,976.7871,981.439,0.474798,8.0,4.2016,980.9887,977.2374,-6.4375,6.4375,20,current
2025|autumn|2025-10-19|秋季東海大会 2025 日程・結果|QF|聖隷クリストファー(静岡1)|5|津商(三重3)|3,2025,autumn,2025-10-19,秋季東海大会 2025 日程・結果,QF,regional,静岡,三重,5,3,977.2374,980.9887,0.506817,8.0,3.9455,981.1828,977.0432,4.2444,-4.2444,21,current
2025|autumn|2025-10-19|秋季東海大会 2025 日程・結果|QF|中京大中京(愛知1)|14|岐阜城北(岐阜3)|3,2025,autumn,2025-10-19,秋季東海大会 2025 日程・結果,QF,regional,愛知,岐阜,14,3,997.7166,992.2677,0.487139,8.0,4.1029,1001.8194,988.1648,-7.1938,7.1938,26,current
2025|autumn|2025-10-20|秋季北海道大会 2025 日程・結果|F|白樺学園|0|北照|2,2025,autumn,2025-10-20,秋季北海道大会 2025 日程・結果,F,regional,北北海道,南北海道,0,2,976.6988,994.8713,0.467455,8.0,-3.7396,972.9591,998.6109,-2.237,2.237,154,current
2025|autumn|2025-10-20|秋季関東大会 2025 日程・結果|QF|専大松戸(千葉1)|4|横浜(神奈川1)|2,2025,autumn,2025-10-20,秋季関東大会 2025 日程・結果,QF,regional,千葉,神奈川,4,2,1008.9339,1055.8917,0.460368,8.0,4.3171,1013.251,1051.5747,9.6805,-9.6805,16,current
2025|autumn|2025-10-20|秋季関東大会 2025 日程・結果|QF|山梨学院(山梨1)|6|浦和学院(埼玉2)|3,2025,autumn,2025-10-20,秋季関東大会 2025 日程・結果,QF,regional,山梨,埼玉,6,3,1023.2383,1010.2277,0.531014,8.0,3.7519,1026.9902,1006.4759,4.2839,-4.2839,12,current
2025|autumn|2025-10-21|秋季関東大会 2025 日程・結果|QF|佐野日大(栃木1)|7|駿台甲府(山梨3)|0,2025,autumn,2025-10-21,秋季関東大会 2025 日程・結果,QF,regional,栃木,山梨,7,0,967.6938,1026.9902,0.416509,8.0,4.6679,972.3618,1022.3223,0.3663,-0.3663,6,current
2025|autumn|2025-10-21|秋季関東大会 2025 日程・結果|QF|花咲徳栄(埼玉1)|10|甲府工(山梨2)|0,2025,autumn,2025-10-21,秋季関東大会 2025 日程・結果,QF,regional,埼玉,山梨,10,0,1006.4759,1022.3223,0.459549,8.0,4.3236,1010.7995,1017.9987,-6.1618,6.1618,13,current
2025|autumn|2025-10-24|秋季中国大会 2025 日程・結果|1R|桜ケ丘(山口2)|1|崇徳(広島2)|8,2025,autumn,2025-10-24,秋季中国大会 2025 日程・結果,1R,regional,山口,広島,1,8,988.7228,1057.7049,0.363006,8.0,-2.9041,985.8187,1060.6089,-14.3531,14.3531,21,current
2025|autumn|2025-10-24|秋季中国大会 2025 日程・結果|1R|石見智翠館(島根2)|5|玉島商(岡山2)|4,2025,autumn,2025-10-24,秋季中国大会 2025 日程・結果,1R,regional,島根,岡山,5,4,945.8511,1010.0649,0.373381,8.0,5.013,950.864,1005.0519,-12.8634,12.8634,14,current
2025|autumn|2025-10-24|秋季中国大会 2025 日程・結果|1R|下関国際(山口1)|6|鳥取商(鳥取3)|3,2025,autumn,2025-10-24,秋季中国大会 2025 日程・結果,1R,regional,山口,鳥取,6,3,985.8187,956.6239,0.551016,8.0,3.5919,989.4106,953.032,3.1893,-3.1893,9,current
2025|autumn|2025-10-24|秋季中国大会 2025 日程・結果|1R|島根中央(島根1)|4|関西(岡山3)|5,2025,autumn,2025-10-24,秋季中国大会 2025 日程・結果,1R,regional,島根,岡山,4,5,950.864,1005.0519,0.39282,8.0,-3.1426,947.7215,1008.1945,-10.731,10.731,15,current
2025|autumn|2025-10-25|秋季中国大会 2025 日程・結果|1R|山口県鴻城(山口3)|1|倉敷商(岡山1)|5,2025,autumn,2025-10-25,秋季中国大会 2025 日程・結果,1R,regional,山口,岡山,1,5,989.4106,1008.1945,0.47823,8.0,-3.8258,985.5848,1012.0203,1.8234,-1.8234,20,current
2025|autumn|2025-10-25|秋季中国大会 2025 日程・結果|1R|高川学園(山口4)|8|広陵(広島1)|2,2025,autumn,2025-10-25,秋季中国大会 2025 日程・結果,1R,regional,山口,広島,8,2,985.5848,1060.6089,0.350326,8.0,5.1974,990.7821,1055.4115,-16.1326,16.1326,22,current
2025|autumn|2025-10-25|秋季中国大会 2025 日程・結果|1R|広島商(広島3)|5|米子松蔭(鳥取2)|4,2025,autumn,2025-10-25,秋季中国大会 2025 日程・結果,1R,regional,広島,鳥取,5,4,1055.4115,953.032,0.687294,8.0,2.5016,1057.9132,950.5304,17.2115,-17.2115,22,current
2025|autumn|2025-10-25|秋季中国大会 2025 日程・結果|1R|鳥取城北(鳥取1)|4|立正大淞南(島根3)|3,2025,autumn,2025-10-25,秋季中国大会 2025 日程・結果,1R,regional,鳥取,島根,4,3,950.5304,947.7215,0.528907,8.0,3.7687,954.2991,943.9527,8.6502,-8.6502,10,current
2025|autumn|2025-10-25|秋季関東大会 2025 日程・結果|SF|花咲徳栄(埼玉1)|7|佐野日大(栃木1)|4,2025,autumn,2025-10-25,秋季関東大会 2025 日程・結果,SF,regional,埼玉,栃木,7,4,1010.7995,972.3618,0.570925,8.0,3.4326,1014.2321,968.9291,5.5901,-5.5901,9,current
2025|autumn|2025-10-25|秋季関東大会 2025 日程・結果|SF|山梨学院(山梨1)|11|専大松戸(千葉1)|4,2025,autumn,2025-10-25,秋季関東大会 2025 日程・結果,SF,regional,山梨,千葉,11,4,1017.9987,1013.251,0.498011,8.0,4.0159,1022.0146,1009.235,-3.0649,3.0649,10,current
2025|autumn|2025-10-25|秋季近畿大会 2025 日程・結果|1R|龍谷大平安(京都1)|2|橿原学院(奈良3)|3,2025,autumn,2025-10-25,秋季近畿大会 2025 日程・結果,1R,regional,京,奈良,2,3,1051.4434,1057.2006,0.497883,8.0,-3.9831,1047.4604,1061.1836,2.1432,-2.1432,12,current
2025|autumn|2025-10-25|秋季近畿大会 2025 日程・結果|1R|神戸国際大付(兵庫1)|3|金光大阪(大阪3)|1,2025,autumn,2025-10-25,秋季近畿大会 2025 日程・結果,1R,regional,兵庫,大阪,3,1,1050.2048,1099.4465,0.441669,8.0,4.4666,1054.6714,1094.9798,4.262,-4.262,17,current
2025|autumn|2025-10-25|秋季九州大会 2025 日程・結果|1R|日本ウェルネス沖縄(沖縄2)|7|明豊(大分1)|3,2025,autumn,2025-10-25,秋季九州大会 2025 日程・結果,1R,regional,沖縄,大分,7,3,1048.273,1034.5153,0.521319,8.0,3.8294,1052.1024,1030.6858,0.5328,-0.5328,6,current
2025|autumn|2025-10-25|秋季九州大会 2025 日程・結果|1R|小林西(宮崎1)|2|出水中央(鹿児島2)|1,2025,autumn,2025-10-25,秋季九州大会 2025 日程・結果,1R,regional,宮崎,鹿児島,2,1,921.3867,1029.9322,0.34418,8.0,5.2466,926.6333,1024.6857,-1.727,1.727,6,current
2025|autumn|2025-10-25|秋季九州大会 2025 日程・結果|1R|福岡大大濠(福岡2)|1|熊本工業(熊本1)|4,2025,autumn,2025-10-25,秋季九州大会 2025 日程・結果,1R,regional,福岡,熊本,1,4,1033.0046,965.445,0.591661,8.0,-4.7333,1028.2713,970.1783,-1.5694,1.5694,8,current
2025|autumn|2025-10-25|秋季九州大会 2025 日程・結果|1R|龍谷(佐賀2)|0|長崎日大(長崎1)|6,2025,autumn,2025-10-25,秋季九州大会 2025 日程・結果,1R,regional,佐賀,長崎,0,6,918.9515,988.501,0.397551,8.0,-3.1804,915.7711,991.6814,-1.3306,1.3306,4,current
2025|autumn|2025-10-25|秋季四国大会 2025 日程・結果|SF|明徳義塾(高知1)|1|英明(香川2)|2,2025,autumn,2025-10-25,秋季四国大会 2025 日程・結果,SF,regional,高知,香川,1,2,1046.6102,1005.1143,0.51074,8.0,-4.0859,1042.5243,1009.2002,-17.0161,17.0161,31,current
2025|autumn|2025-10-25|秋季四国大会 2025 日程・結果|SF|阿南光(徳島1)|6|藤井(香川1)|5,2025,autumn,2025-10-25,秋季四国大会 2025 日程・結果,SF,regional,徳島,香川,6,5,968.2564,1009.2002,0.427841,8.0,4.5773,972.8337,1004.623,-4.7751,4.7751,27,current
2025|autumn|2025-10-25|秋季東海大会 2025 日程・結果|SF|中京大中京(愛知1)|6|大垣日大(岐阜1)|4,2025,autumn,2025-10-25,秋季東海大会 2025 日程・結果,SF,regional,愛知,岐阜,6,4,1001.8194,988.1648,0.505595,8.0,3.9552,1005.7747,984.2095,-4.8833,4.8833,27,current
2025|autumn|2025-10-25|秋季東海大会 2025 日程・結果|SF|聖隷クリストファー(静岡1)|2|三重(三重1)|10,2025,autumn,2025-10-25,秋季東海大会 2025 日程・結果,SF,regional,静岡,三重,2,10,981.1828,977.0432,0.524555,8.0,-4.1964,976.9864,981.2397,6.4683,-6.4683,22,current
2025|autumn|2025-10-26|秋季中国大会 2025 日程・結果|QF|広島商(広島3)|4|倉敷商(岡山1)|5,2025,autumn,2025-10-26,秋季中国大会 2025 日程・結果,QF,regional,広島,岡山,4,5,1057.9132,1012.0203,0.529426,8.0,-4.2354,1053.6778,1016.2557,-12.711,12.711,29,current
2025|autumn|2025-10-26|秋季中国大会 2025 日程・結果|QF|鳥取城北(鳥取1)|0|高川学園(山口4)|10,2025,autumn,2025-10-26,秋季中国大会 2025 日程・結果,QF,regional,鳥取,山口,0,10,954.2991,990.7821,0.433944,8.0,-3.4716,950.8275,994.2537,-4.8435,4.8435,10,current
2025|autumn|2025-10-26|秋季中国大会 2025 日程・結果|QF|関西(岡山3)|0|崇徳(広島2)|5,2025,autumn,2025-10-26,秋季中国大会 2025 日程・結果,QF,regional,岡山,広島,0,5,1016.2557,1053.6778,0.490216,8.0,-3.9217,1012.334,1057.5995,15.3111,-15.3111,30,current
2025|autumn|2025-10-26|秋季中国大会 2025 日程・結果|QF|下関国際(山口1)|6|石見智翠館(島根2)|3,2025,autumn,2025-10-26,秋季中国大会 2025 日程・結果,QF,regional,山口,島根,6,3,994.2537,943.9527,0.586827,8.0,3.3054,997.5591,940.6473,5.325,-5.325,17,current
2025|autumn|2025-10-26|秋季関東大会 2025 日程・結果|F|山梨学院(山梨1)|14|花咲徳栄(埼玉1)|5,2025,autumn,2025-10-26,秋季関東大会 2025 日程・結果,F,regional,山梨,埼玉,14,5,1022.0146,1014.2321,0.523474,8.0,3.8122,1025.8268,1010.4199,4.2706,-4.2706,14,current
2025|autumn|2025-10-26|秋季近畿大会 2025 日程・結果|QF|神戸国際大付(兵庫1)|3|橿原学院(奈良3)|0,2025,autumn,2025-10-26,秋季近畿大会 2025 日程・結果,QF,regional,兵庫,奈良,3,0,1054.6714,1061.1836,0.483153,8.0,4.1348,1058.8062,1057.0489,-2.5992,2.5992,10,current
2025|autumn|2025-10-26|秋季近畿大会 2025 日程・結果|QF|天理(奈良2)|0|大阪桐蔭(大阪1)|10,2025,autumn,2025-10-26,秋季近畿大会 2025 日程・結果,QF,regional,奈良,大阪,0,10,1057.0489,1094.9798,0.450279,8.0,-3.6022,1053.4466,1098.5821,1.6333,-1.6333,17,current
2025|autumn|2025-10-26|秋季九州大会 2025 日程・結果|1R|神村学園(鹿児島1)|6|宮崎学園(宮崎2)|2,2025,autumn,2025-10-26,秋季九州大会 2025 日程・結果,1R,regional,鹿児島,宮崎,6,2,1024.6857,926.6333,0.637596,8.0,2.8992,1027.5849,923.734,0.0442,-0.0442,7,current
2025|autumn|2025-10-26|秋季九州大会 2025 日程・結果|1R|唐津商(佐賀1)|2|長崎西(長崎2)|9,2025,autumn,2025-10-26,秋季九州大会 2025 日程・結果,1R,regional,佐賀,長崎,2,9,915.7711,991.6814,0.38575,8.0,-3.086,912.6851,994.7674,-2.4527,2.4527,5,current
2025|autumn|2025-10-26|秋季九州大会 2025 日程・結果|1R|沖縄尚学(沖縄1)|1|有明(熊本2)|0,2025,autumn,2025-10-26,秋季九州大会 2025 日程・結果,1R,regional,沖縄,熊本,1,0,1052.1024,970.1783,0.625164,8.0,2.9987,1055.1011,967.1796,3.4683,-3.4683,7,current
2025|autumn|2025-10-26|秋季九州大会 2025 日程・結果|1R|杵築(大分2)|0|九州国際大付(福岡1)|7,2025,autumn,2025-10-26,秋季九州大会 2025 日程・結果,1R,regional,大分,福岡,0,7,1030.6858,1028.2713,0.515703,8.0,-4.1256,1026.5602,1032.3969,4.2503,-4.2503,22,current
2025|autumn|2025-10-26|秋季四国大会 2025 日程・結果|F|阿南光(徳島1)|2|英明(香川2)|7,2025,autumn,2025-10-26,秋季四国大会 2025 日程・結果,F,regional,徳島,香川,2,7,972.8337,1004.623,0.448265,8.0,-3.5861,969.2475,1008.2091,-2.1443,2.1443,28,current
2025|autumn|2025-10-27|秋季近畿大会 2025 日程・結果|QF|東洋大姫路(兵庫3)|5|智辯学園(奈良1)|6,2025,autumn,2025-10-27,秋季近畿大会 2025 日程・結果,QF,regional,兵庫,奈良,5,6,1058.8062,1053.4466,0.505084,8.0,-4.0407,1054.7655,1057.4873,-0.9133,0.9133,11,current
2025|autumn|2025-10-27|秋季東海大会 2025 日程・結果|F|三重(三重1)|7|中京大中京(愛知1)|8,2025,autumn,2025-10-27,秋季東海大会 2025 日程・結果,F,regional,三重,愛知,7,8,981.2397,1005.7747,0.439455,8.0,-3.5156,977.724,1009.2903,-8.8715,8.8715,23,current
2025|autumn|2025-10-28|秋季九州大会 2025 日程・結果|QF|九州国際大付(福岡1)|5|長崎西(長崎2)|0,2025,autumn,2025-10-28,秋季九州大会 2025 日程・結果,QF,regional,福岡,長崎,5,0,1032.3969,994.7674,0.577667,8.0,3.3787,1035.7756,991.3887,8.3898,-8.3898,10,current
2025|autumn|2025-10-28|秋季九州大会 2025 日程・結果|QF|沖縄尚学(沖縄1)|1|神村学園(鹿児島1)|4,2025,autumn,2025-10-28,秋季九州大会 2025 日程・結果,QF,regional,沖縄,鹿児島,1,4,1055.1011,1027.5849,0.544769,8.0,-4.3582,1050.743,1031.9431,1.8381,-1.8381,9,current
2025|autumn|2025-10-28|秋季九州大会 2025 日程・結果|QF|熊本工業(熊本1)|6|日本ウェルネス沖縄(沖縄2)|1,2025,autumn,2025-10-28,秋季九州大会 2025 日程・結果,QF,regional,熊本,沖縄,6,1,967.1796,1050.743,0.368942,8.0,5.0485,972.2281,1045.6945,-4.8405,4.8405,8,current
2025|autumn|2025-10-28|秋季九州大会 2025 日程・結果|QF|長崎日大(長崎1)|4|小林西(宮崎1)|1,2025,autumn,2025-10-28,秋季九州大会 2025 日程・結果,QF,regional,長崎,宮崎,4,1,991.3887,923.734,0.610472,8.0,3.1162,994.505,920.6178,5.1981,-5.1981,8,current
2025|autumn|2025-10-30|秋季九州大会 2025 日程・結果|SF|神村学園(鹿児島1)|4|九州国際大付(福岡1)|5,2025,autumn,2025-10-30,秋季九州大会 2025 日程・結果,SF,regional,鹿児島,福岡,4,5,1031.9431,1035.7756,0.50241,8.0,-4.0193,1027.9238,1039.7949,2.7537,-2.7537,13,current
2025|autumn|2025-10-30|秋季九州大会 2025 日程・結果|SF|熊本工業(熊本1)|3|長崎日大(長崎1)|4,2025,autumn,2025-10-30,秋季九州大会 2025 日程・結果,SF,regional,熊本,長崎,3,4,972.2281,994.505,0.452929,8.0,-3.6234,968.6047,998.1284,-5.2641,5.2641,8,current
2025|autumn|2025-11-01|秋季東京大会 2025 日程・結果|QF|日野|7|広尾|0,2025,autumn,2025-11-01,秋季東京大会 2025 日程・結果,QF,regional,西東京,東東京,7,0,1037.6094,1042.3924,0.536443,8.0,3.7085,1041.3179,1038.6839,15.0754,-15.0754,362,current
2025|autumn|2025-11-01|秋季東京大会 2025 日程・結果|QF|明大八王子|1|関東第一|11,2025,autumn,2025-11-01,秋季東京大会 2025 日程・結果,QF,regional,西東京,東東京,1,11,1041.3179,1038.6839,0.554796,8.0,-4.4384,1036.8795,1043.1223,17.7977,-17.7977,363,current
2025|autumn|2025-11-01|秋季中国大会 2025 日程・結果|SF|崇徳(広島2)|10|倉敷商(岡山1)|0,2025,autumn,2025-11-01,秋季中国大会 2025 日程・結果,SF,regional,広島,岡山,10,0,1057.5995,1012.334,0.527473,8.0,3.7802,1061.3797,1008.5538,-13.0779,13.0779,31,current
2025|autumn|2025-11-01|秋季九州大会 2025 日程・結果|F|長崎日大(長崎1)|2|九州国際大付(福岡1)|3,2025,autumn,2025-11-01,秋季九州大会 2025 日程・結果,F,regional,長崎,福岡,2,3,998.1284,1039.7949,0.411589,8.0,-3.2927,994.8357,1043.0876,-10.2101,10.2101,11,current
2025|autumn|2025-11-02|秋季東京大会 2025 日程・結果|QF|成立学園|0|国士舘|8,2025,autumn,2025-11-02,秋季東京大会 2025 日程・結果,QF,regional,東東京,西東京,0,8,1043.1223,1036.8795,0.467177,8.0,-3.7374,1039.3849,1040.617,-14.5416,14.5416,364,current
2025|autumn|2025-11-02|秋季東京大会 2025 日程・結果|QF|帝京|3|日大三|0,2025,autumn,2025-11-02,秋季東京大会 2025 日程・結果,QF,regional,東東京,西東京,3,0,1039.3849,1040.617,0.448657,8.0,4.4107,1043.7956,1036.2062,-17.2854,17.2854,365,current
2025|autumn|2025-11-02|秋季中国大会 2025 日程・結果|F|高川学園(山口4)|0|崇徳(広島2)|5,2025,autumn,2025-11-02,秋季中国大会 2025 日程・結果,F,regional,山口,広島,0,5,997.5591,1061.3797,0.372386,8.0,-2.9791,994.58,1064.3588,-13.4297,13.4297,23,current
2025|autumn|2025-11-02|秋季近畿大会 2025 日程・結果|SF|大阪桐蔭(大阪1)|1|神戸国際大付(兵庫1)|7,2025,autumn,2025-11-02,秋季近畿大会 2025 日程・結果,SF,regional,大阪,兵庫,1,7,1098.5821,1054.7655,0.54378,8.0,-4.3502,1094.2318,1059.1158,-6.6584,6.6584,18,current
2025|autumn|2025-11-02|秋季近畿大会 2025 日程・結果|SF|智辯学園(奈良1)|7|滋賀学園(滋賀3)|3,2025,autumn,2025-11-02,秋季近畿大会 2025 日程・結果,SF,regional,奈良,滋賀,7,3,1057.4873,1022.0457,0.56514,8.0,3.4789,1060.9662,1018.5668,5.0405,-5.0405,10,current
2025|autumn|2025-11-03|秋季近畿大会 2025 日程・結果|F|智辯学園(奈良1)|6|神戸国際大付(兵庫1)|7,2025,autumn,2025-11-03,秋季近畿大会 2025 日程・結果,F,regional,奈良,兵庫,6,7,1060.9662,1059.1158,0.510619,8.0,-4.085,1056.8812,1063.2007,2.7648,-2.7648,12,current
2025|autumn|2025-11-08|秋季東京大会 2025 日程・結果|SF|国士舘|0|帝京|9,2025,autumn,2025-11-08,秋季東京大会 2025 日程・結果,SF,regional,西東京,東東京,0,9,1036.2062,1043.7956,0.52948,8.0,-4.2358,1031.9704,1048.0315,14.0491,-14.0491,366,current
2025|autumn|2025-11-08|秋季東京大会 2025 日程・結果|SF|関東第一|9|桜美林|1,2025,autumn,2025-11-08,秋季東京大会 2025 日程・結果,SF,regional,東東京,西東京,9,1,1048.0315,1031.9704,0.491624,8.0,4.067,1052.0985,1027.9034,-10.9408,10.9408,367,current
2025|jingu|2025-11-14|明治神宮野球大会 2025|1R|山梨学院(山梨)|6|帝京(東京)|3,2025,jingu,2025-11-14,明治神宮野球大会 2025,1R,national,山梨,東東京,6,3,1025.8268,1052.0985,0.460205,9.2,4.9661,1030.7929,1047.1324,-0.7197,0.7197,4,current
2025|jingu|2025-11-14|明治神宮野球大会 2025|1R|英明(香川)|5|帝京長岡(新潟)|2,2025,jingu,2025-11-14,明治神宮野球大会 2025,1R,national,香川,新潟,5,2,1008.2091,972.996,0.550503,9.2,4.1354,1012.3445,968.8606,-0.0,0.0,0,current
2025|jingu|2025-11-15|明治神宮野球大会 2025|QF|花巻東(岩手)|3|崇徳(広島)|1,2025,jingu,2025-11-15,明治神宮野球大会 2025,QF,national,岩手,広島,3,1,1009.4428,1064.3588,0.420607,9.2,5.3304,1014.7733,1059.0284,-0.3615,0.3615,1,current
2025|jingu|2025-11-15|明治神宮野球大会 2025|QF|中京大中京(愛知)|0|神戸国際大付(兵庫)|7,2025,jingu,2025-11-15,明治神宮野球大会 2025,QF,national,愛知,兵庫,0,7,1009.2903,1063.2007,0.411668,9.2,-3.7873,1005.503,1066.9881,-4.06,4.06,5,current
2025|jingu|2025-11-16|明治神宮野球大会 2025|QF|山梨学院(山梨)|5|九州国際大付(福岡)|6,2025,jingu,2025-11-16,明治神宮野球大会 2025,QF,national,山梨,福岡,5,6,1030.7929,1043.0876,0.481408,9.2,-4.429,1026.3639,1047.5165,-0.3151,0.3151,1,current
2025|jingu|2025-11-16|明治神宮野球大会 2025|QF|北照(北海道)|1|英明(香川)|2,2025,jingu,2025-11-16,明治神宮野球大会 2025,QF,national,南北海道,香川,1,2,998.6109,1012.3445,0.480246,9.2,-4.4183,994.1927,1016.7627,0.0,-0.0,0,current
2025|jingu|2025-11-17|明治神宮野球大会 2025|SF|花巻東(岩手)|7|九州国際大付(福岡)|8,2025,jingu,2025-11-17,明治神宮野球大会 2025,SF,national,岩手,福岡,7,8,1014.7733,1047.5165,0.453018,9.2,-4.1678,1010.6055,1051.6843,0.0,-0.0,0,current
2025|jingu|2025-11-17|明治神宮野球大会 2025|SF|神戸国際大付(兵庫)|6|英明(香川)|2,2025,jingu,2025-11-17,明治神宮野球大会 2025,SF,national,兵庫,香川,6,2,1066.9881,1016.7627,0.571781,9.2,3.9396,1070.9277,1012.8231,0.0,-0.0,0,current
2025|jingu|2025-11-19|明治神宮野球大会 2025|F|神戸国際大付(兵庫)|1|九州国際大付(福岡)|11,2025,jingu,2025-11-19,明治神宮野球大会 2025,F,national,兵庫,福岡,1,11,1070.9277,1051.6843,0.531033,9.2,-4.8855,1066.0422,1056.5698,1.1742,-1.1742,3,current
2026|spring|2026-03-14|春季東京大会 2026 日程・結果|QUAL|東京高専|1|早稲田|11,2026,spring,2026-03-14,春季東京大会 2026 日程・結果,QUAL,prefecture,西東京,東東京,1,11,1027.9034,1047.1324,0.495227,4.56,-2.2582,1025.6451,1049.3906,7.9561,-7.9561,368,current
2026|spring|2026-03-14|春季東京大会 2026 日程・結果|QUAL|駒込|3|八王子北|13,2026,spring,2026-03-14,春季東京大会 2026 日程・結果,QUAL,prefecture,東東京,西東京,3,13,1049.3906,1025.6451,0.516038,4.56,-2.3531,1047.0375,1027.9983,-6.2988,6.2988,369,current
2026|spring|2026-03-14|春季東京大会 2026 日程・結果|QUAL|永山|1|足立西・荒川工科・大島・大島海洋国際・科学技術・北豊島工科|3,2026,spring,2026-03-14,春季東京大会 2026 日程・結果,QUAL,prefecture,西東京,東京,1,3,1027.9983,944.2595,0.628524,4.56,-2.8661,1025.1322,947.1255,3.8087,-3.8087,14,current
2026|spring|2026-03-14|春季東京大会 2026 日程・結果|QUAL|南平|10|大崎|12,2026,spring,2026-03-14,春季東京大会 2026 日程・結果,QUAL,prefecture,西東京,東東京,10,12,1025.1322,1047.0375,0.491579,4.56,-2.2416,1022.8906,1049.2791,8.0267,-8.0267,370,current
2026|spring|2026-03-14|春季東京大会 2026 日程・結果|QUAL|海城|19|足立工科・大田桜台・桐ヶ丘・三商・中野工科|0,2026,spring,2026-03-14,春季東京大会 2026 日程・結果,QUAL,prefecture,東東京,東京,19,0,1049.2791,947.1255,0.715426,4.56,1.2977,1050.5767,945.8279,28.9973,-28.9973,34,current
2026|spring|2026-03-14|春季東京大会 2026 日程・結果|QUAL|啓明学園|0|堀越|10,2026,spring,2026-03-14,春季東京大会 2026 日程・結果,QUAL,prefecture,西東京,東東京,0,10,1022.8906,1050.5767,0.478537,4.56,-2.1821,1020.7085,1052.7588,6.3814,-6.3814,371,current
2026|spring|2026-03-14|春季東京大会 2026 日程・結果|QUAL|中大杉並|6|本郷|4,2026,spring,2026-03-14,春季東京大会 2026 日程・結果,QUAL,prefecture,西東京,東東京,6,4,1020.7085,1052.7588,0.467678,4.56,2.4274,1023.1359,1050.3315,4.7796,-4.7796,372,current
2026|spring|2026-03-14|春季東京大会 2026 日程・結果|QUAL|田無工科|17|大森|9,2026,spring,2026-03-14,春季東京大会 2026 日程・結果,QUAL,prefecture,西東京,東東京,17,9,1023.1359,1050.3315,0.479761,4.56,2.3723,1025.5081,1047.9592,6.5622,-6.5622,373,current
2026|spring|2026-03-14|春季東京大会 2026 日程・結果|QUAL|中大附|10|品川翔英|0,2026,spring,2026-03-14,春季東京大会 2026 日程・結果,QUAL,prefecture,西東京,東東京,10,0,1025.5081,1047.9592,0.491594,4.56,2.3183,1027.8265,1045.6408,8.3045,-8.3045,374,current
2026|spring|2026-03-14|春季東京大会 2026 日程・結果|QUAL|秋留台|2|目白研心|19,2026,spring,2026-03-14,春季東京大会 2026 日程・結果,QUAL,prefecture,西東京,東東京,2,19,1027.8265,1045.6408,0.503167,4.56,-2.2944,1025.532,1047.9353,10.0074,-10.0074,375,current
2026|spring|2026-03-14|春季東京大会 2026 日程・結果|QUAL|新宿|22|翔陽|2,2026,spring,2026-03-14,春季東京大会 2026 日程・結果,QUAL,prefecture,東東京,西東京,22,2,1047.9353,1025.532,0.508285,4.56,2.2422,1050.1775,1023.2898,-8.323,8.323,376,current
2026|spring|2026-03-14|春季東京大会 2026 日程・結果|QUAL|高輪|2|昭和|11,2026,spring,2026-03-14,春季東京大会 2026 日程・結果,QUAL,prefecture,東東京,西東京,2,11,1050.1775,1023.2898,0.519467,4.56,-2.3688,1047.8087,1025.6586,-6.6768,6.6768,377,current
2026|spring|2026-03-14|春季東京大会 2026 日程・結果|QUAL|日大一|6|石神井|1,2026,spring,2026-03-14,春季東京大会 2026 日程・結果,QUAL,prefecture,東東京,西東京,6,1,1047.8087,1025.6586,0.50765,4.56,2.2451,1050.0538,1023.4135,-8.4169,8.4169,378,current
2026|spring|2026-03-14|春季東京大会 2026 日程・結果|QUAL|攻玉社|3|調布南|4,2026,spring,2026-03-14,春季東京大会 2026 日程・結果,QUAL,prefecture,東東京,西東京,3,4,1050.0538,1023.4135,0.518849,4.56,-2.366,1047.6879,1025.7794,-6.7683,6.7683,379,current
2026|spring|2026-03-14|春季東京大会 2026 日程・結果|QUAL|総合工科|6|昭和一|5,2026,spring,2026-03-14,春季東京大会 2026 日程・結果,QUAL,prefecture,西東京,東東京,6,5,1025.7794,1047.6879,0.492955,4.56,2.3121,1028.0915,1045.3758,8.5066,-8.5066,380,current
2026|spring|2026-03-14|春季東京大会 2026 日程・結果|QUAL|成城学園|11|豊島学院|1,2026,spring,2026-03-14,春季東京大会 2026 日程・結果,QUAL,prefecture,西東京,東東京,11,1,1028.0915,1045.3758,0.5045,4.56,2.2595,1030.351,1043.1163,10.2054,-10.2054,381,current
2026|spring|2026-03-14|春季東京大会 2026 日程・結果|QUAL|自由ヶ丘学園|6|帝京八王子|7,2026,spring,2026-03-14,春季東京大会 2026 日程・結果,QUAL,prefecture,東東京,西東京,6,7,1043.1163,1030.351,0.484223,4.56,-2.2081,1040.9082,1032.5591,-11.8658,11.8658,382,current
2026|spring|2026-03-14|春季東京大会 2026 日程・結果|QUAL|多摩大聖ヶ丘|6|多摩大目黒|15,2026,spring,2026-03-14,春季東京大会 2026 日程・結果,QUAL,prefecture,西東京,東東京,6,15,1032.5591,1040.9082,0.526782,4.56,-2.4021,1030.157,1043.3104,13.4886,-13.4886,383,current
2026|spring|2026-03-14|春季東京大会 2026 日程・結果|QUAL|明学東村山|12|雪谷|5,2026,spring,2026-03-14,春季東京大会 2026 日程・結果,QUAL,prefecture,西東京,東東京,12,5,1030.157,1043.3104,0.514812,4.56,2.2125,1032.3694,1041.0979,11.7245,-11.7245,384,current
2026|spring|2026-03-14|春季東京大会 2026 日程・結果|QUAL|竹台|14|小平西|3,2026,spring,2026-03-14,春季東京大会 2026 日程・結果,QUAL,prefecture,東東京,西東京,14,3,1041.0979,1032.3694,0.474158,4.56,2.3978,1043.4957,1029.9716,-13.3507,13.3507,385,current
2026|spring|2026-03-14|春季東京大会 2026 日程・結果|QUAL|板橋|7|国立|1,2026,spring,2026-03-14,春季東京大会 2026 日程・結果,QUAL,prefecture,東東京,西東京,7,1,1043.4957,1029.9716,0.486109,4.56,2.3433,1045.8391,1027.6282,-11.5896,11.5896,386,current
2026|spring|2026-03-15|春季東京大会 2026 日程・結果|QUAL|目黒|9|国分寺|2,2026,spring,2026-03-15,春季東京大会 2026 日程・結果,QUAL,prefecture,東東京,西東京,9,2,1045.8391,1027.6282,0.497804,4.56,2.29,1048.1291,1025.3382,-9.8683,9.8683,387,current
2026|spring|2026-03-15|春季東京大会 2026 日程・結果|QUAL|明法|21|日本橋|0,2026,spring,2026-03-15,春季東京大会 2026 日程・結果,QUAL,prefecture,西東京,東東京,21,0,1025.3382,1048.1291,0.490763,4.56,2.3221,1027.6603,1045.807,8.186,-8.186,388,current
2026|spring|2026-03-15|春季東京大会 2026 日程・結果|QUAL|足立学園|10|清瀬|3,2026,spring,2026-03-15,春季東京大会 2026 日程・結果,QUAL,prefecture,東東京,西東京,10,3,1045.807,1027.6603,0.497641,4.56,2.2908,1048.0977,1025.3696,-9.8929,9.8929,389,current
2026|spring|2026-03-15|春季東京大会 2026 日程・結果|QUAL|両国|1|久留米西|19,2026,spring,2026-03-15,春季東京大会 2026 日程・結果,QUAL,prefecture,東東京,西東京,1,19,1048.0977,1025.3696,0.509078,4.56,-2.3214,1045.7763,1027.691,-8.2099,8.2099,390,current
2026|spring|2026-03-15|春季東京大会 2026 日程・結果|QUAL|明大明治|2|足立新田|1,2026,spring,2026-03-15,春季東京大会 2026 日程・結果,QUAL,prefecture,西東京,東東京,2,1,1027.691,1045.7763,0.502515,4.56,2.2685,1029.9595,1043.5078,9.9164,-9.9164,391,current
2026|spring|2026-03-15|春季東京大会 2026 日程・結果|QUAL|明星学園・和光|0|聖学院|17,2026,spring,2026-03-15,春季東京大会 2026 日程・結果,QUAL,prefecture,東京,東東京,0,17,945.8279,1043.5078,0.287597,4.56,-1.3114,944.5164,1044.8192,-29.9482,29.9482,35,current
2026|spring|2026-03-15|春季東京大会 2026 日程・結果|QUAL|六郷工科|2|町田工科|23,2026,spring,2026-03-15,春季東京大会 2026 日程・結果,QUAL,prefecture,東東京,西東京,2,23,1044.8192,1029.9595,0.488045,4.56,-2.2255,1042.5938,1032.185,-11.5843,11.5843,392,current
2026|spring|2026-03-15|春季東京大会 2026 日程・結果|QUAL|渋谷教育渋谷|6|穎明館|17,2026,spring,2026-03-15,春季東京大会 2026 日程・結果,QUAL,prefecture,東東京,西東京,6,17,1042.5938,1032.185,0.476944,4.56,-2.1749,1040.4189,1034.3599,-13.2207,13.2207,393,current
2026|spring|2026-03-15|春季東京大会 2026 日程・結果|QUAL|深川|3|小平南|14,2026,spring,2026-03-15,春季東京大会 2026 日程・結果,QUAL,prefecture,東東京,西東京,3,14,1040.4189,1034.3599,0.466116,4.56,-2.1255,1038.2934,1036.4853,-14.82,14.82,394,current
2026|spring|2026-03-15|春季東京大会 2026 日程・結果|QUAL|拝島|12|葛飾商|1,2026,spring,2026-03-15,春季東京大会 2026 日程・結果,QUAL,prefecture,西東京,東東京,12,1,1036.4853,1038.2934,0.544435,4.56,2.0774,1038.5627,1036.216,16.3833,-16.3833,395,current
2026|spring|2026-03-15|春季東京大会 2026 日程・結果|QUAL|農産|0|九段中等|56,2026,spring,2026-03-15,春季東京大会 2026 日程・結果,QUAL,prefecture,東京,東東京,0,56,944.5164,1036.216,0.292409,4.56,-1.3334,943.1831,1037.5494,-30.9085,30.9085,36,current
2026|spring|2026-03-15|春季東京大会 2026 日程・結果|QUAL|日工大駒場|12|産技高専|2,2026,spring,2026-03-15,春季東京大会 2026 日程・結果,QUAL,prefecture,東東京,東京,12,2,1037.5494,943.1831,0.713059,4.56,1.3085,1038.8579,941.8746,31.8834,-31.8834,37,current
2026|spring|2026-03-15|春季東京大会 2026 日程・結果|QUAL|筑波大附|3|学芸大附|8,2026,spring,2026-03-15,春季東京大会 2026 日程・結果,QUAL,prefecture,東東京,西東京,3,8,1038.8579,1038.5627,0.449049,4.56,-2.0477,1036.8102,1040.6104,-17.9113,17.9113,396,current
2026|spring|2026-03-15|春季東京大会 2026 日程・結果|QUAL|上野学園|9|南多摩中等|8,2026,spring,2026-03-15,春季東京大会 2026 日程・結果,QUAL,prefecture,東東京,西東京,9,8,1036.8102,1040.6104,0.438949,4.56,2.5584,1039.3686,1038.052,-19.4176,19.4176,397,current
2026|spring|2026-03-15|春季東京大会 2026 日程・結果|QUAL|拓大一|19|淵江|2,2026,spring,2026-03-15,春季東京大会 2026 日程・結果,QUAL,prefecture,西東京,東東京,19,2,1038.052,1039.3686,0.54843,4.56,2.0592,1040.1112,1037.3094,17.5376,-17.5376,398,current
2026|spring|2026-03-15|春季東京大会 2026 日程・結果|QUAL|正則|3|大成|11,2026,spring,2026-03-15,春季東京大会 2026 日程・結果,QUAL,prefecture,東東京,西東京,3,11,1037.3094,1040.1112,0.441401,4.56,-2.0128,1035.2966,1042.1239,-19.0524,19.0524,399,current
2026|senbatsu|2026-03-19|第98回選抜高等学校野球大会|1R|帝京(東京)|4|沖縄尚学(沖縄)|3,2026,senbatsu,2026-03-19,第98回選抜高等学校野球大会,1R,national,東東京,沖縄,4,3,1035.2966,1045.6945,0.482329,9.12,4.7212,1040.0178,1040.9733,-0.943,0.943,3,current
2026|senbatsu|2026-03-19|第98回選抜高等学校野球大会|1R|阿南光(徳島)|1|中京大中京(愛知)|3,2026,senbatsu,2026-03-19,第98回選抜高等学校野球大会,1R,national,徳島,愛知,1,3,969.2475,1005.503,0.452928,9.12,-4.1307,965.1168,1009.6337,1.7247,-1.7247,3,current
2026|senbatsu|2026-03-19|第98回選抜高等学校野球大会|1R|八学光星(青森)|15|崇徳(広島)|6,2026,senbatsu,2026-03-19,第98回選抜高等学校野球大会,1R,national,青森,広島,15,6,1045.3216,1059.0284,0.480387,9.12,4.7389,1050.0605,1054.2895,0.0355,-0.0355,2,current
2026|spring|2026-03-20|春季東京大会 2026 日程・結果|QUAL|成蹊|2|篠崎|3,2026,spring,2026-03-20,春季東京大会 2026 日程・結果,QUAL,prefecture,西東京,東東京,2,3,1042.1239,1040.0178,0.561813,4.56,-2.5619,1039.5621,1042.5797,20.5334,-20.5334,400,current
2026|spring|2026-03-20|春季東京大会 2026 日程・結果|QUAL|立西・荒川工科・大島・大島海洋国際・科学技術・北豊島工科|2|目白研心|12,2026,spring,2026-03-20,春季東京大会 2026 日程・結果,QUAL,prefecture,東京,東東京,2,12,941.8746,1042.5797,0.277312,4.56,-1.2645,940.6101,1043.8442,-32.8439,32.8439,38,current
2026|spring|2026-03-20|春季東京大会 2026 日程・結果|QUAL|早稲田|10|東大和南|8,2026,spring,2026-03-20,春季東京大会 2026 日程・結果,QUAL,prefecture,東東京,西東京,10,8,1043.8442,1039.5621,0.452624,4.56,2.496,1046.3402,1037.066,-18.6505,18.6505,401,current
2026|spring|2026-03-20|春季東京大会 2026 日程・結果|QUAL|大崎|2|日本学園|5,2026,spring,2026-03-20,春季東京大会 2026 日程・結果,QUAL,prefecture,東東京,西東京,2,5,1046.3402,1037.066,0.465004,4.56,-2.1204,1044.2198,1039.1865,-16.816,16.816,402,current
2026|spring|2026-03-20|春季東京大会 2026 日程・結果|QUAL|紅葉川|4|昭和|11,2026,spring,2026-03-20,春季東京大会 2026 日程・結果,QUAL,prefecture,東東京,西東京,4,11,1044.2198,1039.1865,0.454479,4.56,-2.0724,1042.1474,1041.2589,-18.3761,18.3761,403,current
2026|spring|2026-03-20|春季東京大会 2026 日程・結果|QUAL|小山台|7|都市大高|6,2026,spring,2026-03-20,春季東京大会 2026 日程・結果,QUAL,prefecture,東東京,西東京,7,6,1042.1474,1041.2589,0.444232,4.56,2.5343,1044.6817,1038.7246,-19.9012,19.9012,404,current
2026|spring|2026-03-20|春季東京大会 2026 日程・結果|QUAL|久留米西|6|上野学園|5,2026,spring,2026-03-20,春季東京大会 2026 日程・結果,QUAL,prefecture,西東京,東東京,6,5,1038.7246,1044.6817,0.543237,4.56,2.0828,1040.8074,1042.5989,18.0382,-18.0382,405,current
2026|spring|2026-03-20|春季東京大会 2026 日程・結果|QUAL|聖徳学園|2|鷺宮・農大一・光丘・芦花|11,2026,spring,2026-03-20,春季東京大会 2026 日程・結果,QUAL,prefecture,西東京,東京,2,11,1040.8074,940.6101,0.646932,4.56,-2.95,1037.8574,943.5601,2.5015,-2.5015,15,current
2026|spring|2026-03-20|春季東京大会 2026 日程・結果|QUAL|明大明治|12|國學院|1,2026,spring,2026-03-20,春季東京大会 2026 日程・結果,QUAL,prefecture,西東京,東東京,12,1,1037.8574,1042.5989,0.549345,4.56,2.055,1039.9124,1040.5439,19.571,-19.571,406,current
2026|spring|2026-03-20|春季東京大会 2026 日程・結果|QUAL|目黒日大|4|成城学園|1,2026,spring,2026-03-20,春季東京大会 2026 日程・結果,QUAL,prefecture,東東京,西東京,4,1,1040.5439,1039.9124,0.440509,4.56,2.5513,1043.0952,1037.3611,-21.0835,21.0835,407,current
2026|spring|2026-03-20|春季東京大会 2026 日程・結果|QUAL|昭和鉄道|0|早大学院|8,2026,spring,2026-03-20,春季東京大会 2026 日程・結果,QUAL,prefecture,東東京,西東京,0,8,1043.0952,1037.3611,0.453106,4.56,-2.0662,1041.029,1039.4273,-19.2078,19.2078,408,current
2026|spring|2026-03-20|春季東京大会 2026 日程・結果|QUAL|八丈|3|明学東村山|14,2026,spring,2026-03-20,春季東京大会 2026 日程・結果,QUAL,prefecture,東東京,西東京,3,14,1041.029,1039.4273,0.442894,4.56,-2.0196,1039.0094,1041.4469,-20.7286,20.7286,409,current
2026|spring|2026-03-20|春季東京大会 2026 日程・結果|QUAL|正則学園|9|田無工科|0,2026,spring,2026-03-20,春季東京大会 2026 日程・結果,QUAL,prefecture,東東京,西東京,9,0,1039.0094,1041.4469,0.432958,4.56,2.5857,1041.5951,1038.8612,-22.2153,22.2153,410,current
2026|spring|2026-03-20|春季東京大会 2026 日程・結果|QUAL|府中西|1|海城|3,2026,spring,2026-03-20,春季東京大会 2026 日程・結果,QUAL,prefecture,西東京,東東京,1,3,1038.8612,1041.5951,0.554319,4.56,-2.5277,1036.3335,1044.1228,20.314,-20.314,411,current
2026|spring|2026-03-20|春季東京大会 2026 日程・結果|QUAL|富士森|11|目黒|6,2026,spring,2026-03-20,春季東京大会 2026 日程・結果,QUAL,prefecture,西東京,東東京,11,6,1036.3335,1044.1228,0.541811,4.56,2.0893,1038.4228,1042.0335,18.4553,-18.4553,412,current
2026|spring|2026-03-20|春季東京大会 2026 日程・結果|QUAL|日比谷|4|総合工科|3,2026,spring,2026-03-20,春季東京大会 2026 日程・結果,QUAL,prefecture,東東京,西東京,4,3,1042.0335,1038.4228,0.447841,4.56,2.5178,1044.5513,1035.905,-19.9934,19.9934,413,current
2026|spring|2026-03-20|春季東京大会 2026 日程・結果|QUAL|神代・調布北|1|松が谷|10,2026,spring,2026-03-20,春季東京大会 2026 日程・結果,QUAL,prefecture,東京,西東京,1,10,943.5601,1035.905,0.367249,4.56,-1.6747,941.8854,1037.5796,-1.0821,1.0821,16,current
2026|spring|2026-03-20|春季香川大会 2026 日程・結果|2R|蓬莱|1|観音寺総合|0,2026,spring,2026-03-20,春季香川大会 2026 日程・結果,2R,prefecture,徳島,香川,1,0,965.1168,1012.8231,0.419758,4.56,2.6459,967.7627,1010.1772,-4.2689,4.2689,29,current
2026|spring|2026-03-20|春季香川大会 2026 日程・結果|1R|多度津|6|高松|2,2026,spring,2026-03-20,春季香川大会 2026 日程・結果,1R,prefecture,徳島,香川,6,2,967.7627,1010.1772,0.431527,4.56,2.5922,970.355,1007.585,-2.7333,2.7333,30,current
2026|senbatsu|2026-03-20|第98回選抜高等学校野球大会|1R|滋賀学園(滋賀)|5|長崎西(長崎)|4,2026,senbatsu,2026-03-20,第98回選抜高等学校野球大会,1R,national,滋賀,長崎,5,4,1018.5668,994.8357,0.543716,9.12,4.1613,1022.7281,990.6744,3.362,-3.362,3,current
2026|senbatsu|2026-03-20|第98回選抜高等学校野球大会|1R|横浜(神奈川)|0|神村学園(鹿児島)|2,2026,senbatsu,2026-03-20,第98回選抜高等学校野球大会,1R,national,神奈川,鹿児島,0,2,1051.5747,1027.9238,0.533984,9.12,-4.8699,1046.7047,1032.7937,0.0,-0.0,0,current
2026|senbatsu|2026-03-20|第98回選抜高等学校野球大会|1R|花巻東(岩手)|0|智辯学園(奈良)|4,2026,senbatsu,2026-03-20,第98回選抜高等学校野球大会,1R,national,岩手,奈良,0,4,1010.6055,1056.8812,0.438837,9.12,-4.0022,1006.6033,1060.8834,1.7806,-1.7806,2,current
2026|spring|2026-03-21|春季東京大会 2026 日程・結果|QUAL|国際・駒場・東村山・府中|0|日本ウェルネス|12,2026,spring,2026-03-21,春季東京大会 2026 日程・結果,QUAL,prefecture,東京,東東京,0,12,941.8854,1044.5513,0.272916,4.56,-1.2445,940.6409,1045.7958,-33.778,33.778,39,current
2026|spring|2026-03-21|春季広島大会 2026 日程・結果|QUAL|国際学院|11|呉三津田|0,2026,spring,2026-03-21,春季広島大会 2026 日程・結果,QUAL,district_qualifier,埼玉,広島,11,0,1010.4199,1054.2895,0.438598,4.18,2.3467,1012.7665,1051.9428,0.4932,-0.4932,1,current
2026|senbatsu|2026-03-21|第98回選抜高等学校野球大会|1R|東洋大姫路(兵庫)|2|花咲徳栄(埼玉)|3,2026,senbatsu,2026-03-21,第98回選抜高等学校野球大会,1R,national,兵庫,埼玉,2,3,1066.0422,1012.7665,0.577589,9.12,-5.2676,1060.7746,1018.0341,0.5389,-0.5389,1,current
2026|senbatsu|2026-03-21|第98回選抜高等学校野球大会|1R|高知農業(高知)|1|日本文理(新潟)|8,2026,senbatsu,2026-03-21,第98回選抜高等学校野球大会,1R,national,高知,新潟,1,8,1042.5243,968.8606,0.60445,9.12,-5.5126,1037.0117,974.3732,-0.0,0.0,0,current
2026|senbatsu|2026-03-21|第98回選抜高等学校野球大会|1R|北照(北海道)|0|専大松戸(千葉)|4,2026,senbatsu,2026-03-21,第98回選抜高等学校野球大会,1R,national,南北海道,千葉,0,4,994.1927,1009.235,0.478366,9.12,-4.3627,989.83,1013.5977,-0.0,0.0,0,current
2026|spring|2026-03-22|春季香川大会 2026 日程・結果|2R|志度|7|高松北|1,2026,spring,2026-03-22,春季香川大会 2026 日程・結果,2R,prefecture,徳島,香川,7,1,970.355,1007.585,0.443195,4.56,2.539,972.894,1005.0459,-1.2066,1.2066,31,current
2026|spring|2026-03-22|春季香川大会 2026 日程・結果|2R|多度津|4|寒川|8,2026,spring,2026-03-22,春季香川大会 2026 日程・結果,2R,prefecture,徳島,香川,4,8,972.894,1005.0459,0.454743,4.56,-2.0736,970.8204,1007.1196,0.309,-0.309,32,current
2026|senbatsu|2026-03-22|第98回選抜高等学校野球大会|1R|神戸国際大付(兵庫)|3|九州国際大付(福岡)|4,2026,senbatsu,2026-03-22,第98回選抜高等学校野球大会,1R,national,兵庫,福岡,3,4,1060.7746,1056.5698,0.506666,9.12,-4.6208,1056.1538,1061.1906,0.2137,-0.2137,4,current
2026|senbatsu|2026-03-22|第98回選抜高等学校野球大会|1R|近江(滋賀)|1|大垣日大(岐阜)|2,2026,senbatsu,2026-03-22,第98回選抜高等学校野球大会,1R,national,滋賀,岐阜,1,2,1022.7281,984.2095,0.553572,9.12,-5.0486,1017.6796,989.2581,-0.5746,0.5746,1,current
2026|senbatsu|2026-03-22|第98回選抜高等学校野球大会|1R|山梨学院(山梨)|5|長崎日大(長崎)|3,2026,senbatsu,2026-03-22,第98回選抜高等学校野球大会,1R,national,山梨,長崎,5,3,1026.3639,990.6744,0.551181,9.12,4.0932,1030.4572,986.5812,0.0,-0.0,0,current
2026|senbatsu|2026-03-23|第98回選抜高等学校野球大会|1R|東北(宮城)|5|帝京長岡(新潟)|1,2026,senbatsu,2026-03-23,第98回選抜高等学校野球大会,1R,national,宮城,新潟,5,1,1049.9935,974.3732,0.608438,9.12,3.571,1053.5645,970.8021,0.4729,-0.4729,1,current
2026|senbatsu|2026-03-23|第98回選抜高等学校野球大会|1R|高川学園(山口)|3|英明(香川)|5,2026,senbatsu,2026-03-23,第98回選抜高等学校野球大会,1R,national,山口,香川,3,5,994.58,1007.1196,0.480533,9.12,-4.3825,990.1975,1011.502,-0.4973,0.4973,1,current
2026|senbatsu|2026-03-23|第98回選抜高等学校野球大会|1R|三重(三重)|2|佐野日大(栃木)|0,2026,senbatsu,2026-03-23,第98回選抜高等学校野球大会,1R,national,三重,栃木,2,0,977.724,968.9291,0.512654,9.12,4.4446,982.1686,964.4846,0.0,-0.0,0,current
2026|spring|2026-03-24|春季香川大会 2026 日程・結果|3R|蓬莱|9|坂出工|0,2026,spring,2026-03-24,春季香川大会 2026 日程・結果,3R,prefecture,徳島,香川,9,0,970.8204,1011.502,0.439051,4.56,2.5579,973.3783,1008.9441,-0.9408,0.9408,33,current
2026|senbatsu|2026-03-24|第98回選抜高等学校野球大会|2R|帝京(東京)|4|中京大中京(愛知)|9,2026,senbatsu,2026-03-24,第98回選抜高等学校野球大会,2R,national,東東京,愛知,4,9,1045.7958,1009.6337,0.551854,9.12,-5.0329,1040.7629,1014.6666,-0.0,0.0,0,current
2026|senbatsu|2026-03-24|第98回選抜高等学校野球大会|2R|八学光星(青森)|5|滋賀学園(滋賀)|4,2026,senbatsu,2026-03-24,第98回選抜高等学校野球大会,2R,national,青森,滋賀,5,4,1050.0605,1017.6796,0.551274,9.12,4.0924,1054.1529,1013.5872,1.6867,-1.6867,2,current
2026|senbatsu|2026-03-24|第98回選抜高等学校野球大会|1R|熊本工業(熊本)|0|大阪桐蔭(大阪)|4,2026,senbatsu,2026-03-24,第98回選抜高等学校野球大会,1R,national,熊本,大阪,0,4,968.6047,1094.2318,0.325834,9.12,-2.9716,965.633,1097.2034,-0.3404,0.3404,1,current
2026|senbatsu|2026-03-25|第98回選抜高等学校野球大会|2R|神村学園(鹿児島)|1|智辯学園(奈良)|2,2026,senbatsu,2026-03-25,第98回選抜高等学校野球大会,2R,national,鹿児島,奈良,1,2,1032.7937,1060.8834,0.459663,9.12,-4.1921,1028.6016,1065.0756,-0.0,0.0,0,current
2026|senbatsu|2026-03-25|第98回選抜高等学校野球大会|2R|花咲徳栄(埼玉)|17|日本文理(新潟)|0,2026,senbatsu,2026-03-25,第98回選抜高等学校野球大会,2R,national,埼玉,新潟,17,0,1018.0341,970.8021,0.565906,9.12,3.9589,1021.9931,966.8432,-0.5838,0.5838,1,current
2026|spring|2026-03-26|春季香川大会 2026 日程・結果|3R|高松南|1|志度|8,2026,spring,2026-03-26,春季香川大会 2026 日程・結果,3R,prefecture,香川,徳島,1,8,1008.9441,973.3783,0.549276,4.56,-2.5047,1006.4394,975.883,-0.6068,0.6068,34,current
2026|senbatsu|2026-03-26|第98回選抜高等学校野球大会|2R|大垣日大(岐阜)|1|山梨学院(山梨)|3,2026,senbatsu,2026-03-26,第98回選抜高等学校野球大会,2R,national,岐阜,山梨,1,3,989.2581,1030.4572,0.440986,9.12,-4.0218,985.2363,1034.4789,-0.0,0.0,0,current
2026|senbatsu|2026-03-26|第98回選抜高等学校野球大会|2R|東北(宮城)|3|英明(香川)|6,2026,senbatsu,2026-03-26,第98回選抜高等学校野球大会,2R,national,宮城,香川,3,6,1053.5645,1006.4394,0.567406,9.12,-5.1747,1048.3898,1011.6141,0.0,-0.0,0,current
2026|senbatsu|2026-03-26|第98回選抜高等学校野球大会|2R|三重(三重)|5|大阪桐蔭(大阪)|6,2026,senbatsu,2026-03-26,第98回選抜高等学校野球大会,2R,national,三重,大阪,5,6,982.1686,1097.2034,0.337091,9.12,-3.0743,979.0943,1100.2777,-1.2238,1.2238,2,current
2026|senbatsu|2026-03-26|第98回選抜高等学校野球大会|2R|専大松戸(千葉)|8|九州国際大付(福岡)|3,2026,senbatsu,2026-03-26,第98回選抜高等学校野球大会,2R,national,千葉,福岡,8,3,1013.5977,1061.1906,0.431295,9.12,5.1866,1018.7843,1056.004,-0.2263,0.2263,1,current
2026|senbatsu|2026-03-27|第98回選抜高等学校野球大会|QF|中京大中京(愛知)|2|八学光星(青森)|1,2026,senbatsu,2026-03-27,第98回選抜高等学校野球大会,QF,national,愛知,青森,2,1,1014.6666,1054.1529,0.44092,9.12,5.0988,1019.7654,1049.0541,-0.8798,0.8798,3,current
2026|senbatsu|2026-03-27|第98回選抜高等学校野球大会|QF|智辯学園(奈良)|12|花咲徳栄(埼玉)|8,2026,senbatsu,2026-03-27,第98回選抜高等学校野球大会,QF,national,奈良,埼玉,12,8,1065.0756,1021.9931,0.561685,9.12,3.9974,1069.073,1017.9956,-0.0,0.0,0,current
2026|senbatsu|2026-03-27|第98回選抜高等学校野球大会|QF|専大松戸(千葉)|2|山梨学院(山梨)|1,2026,senbatsu,2026-03-27,第98回選抜高等学校野球大会,QF,national,千葉,山梨,2,1,1018.7843,1034.4789,0.481596,9.12,4.7278,1023.5122,1029.7511,1.4502,-1.4502,11,current
2026|senbatsu|2026-03-27|第98回選抜高等学校野球大会|QF|英明(香川)|3|大阪桐蔭(大阪)|4,2026,senbatsu,2026-03-27,第98回選抜高等学校野球大会,QF,national,香川,大阪,3,4,1011.6141,1100.2777,0.376869,9.12,-3.437,1008.1771,1103.7147,0.6541,-0.6541,1,current
2026|spring|2026-03-29|春季香川大会 2026 日程・結果|QF|蓬莱|3|高松東|0,2026,spring,2026-03-29,春季香川大会 2026 日程・結果,QF,prefecture,徳島,香川,3,0,975.883,1008.1771,0.459769,4.56,2.4635,978.3465,1005.7136,2.1391,-2.1391,35,current
2026|senbatsu|2026-03-29|第98回選抜高等学校野球大会|SF|中京大中京(愛知)|1|智辯学園(奈良)|2,2026,senbatsu,2026-03-29,第98回選抜高等学校野球大会,SF,national,愛知,奈良,1,2,1019.7654,1069.073,0.43059,9.12,-3.927,1015.8384,1073.0,0.3816,-0.3816,1,current
2026|senbatsu|2026-03-29|第98回選抜高等学校野球大会|SF|専大松戸(千葉)|2|大阪桐蔭(大阪)|3,2026,senbatsu,2026-03-29,第98回選抜高等学校野球大会,SF,national,千葉,大阪,2,3,1023.5122,1103.7147,0.385918,9.12,-3.5196,1019.9926,1107.2343,-0.2451,0.2451,1,current
2026|spring|2026-03-30|春季香川大会 2026 日程・結果|QF|志度|1|高松商|4,2026,spring,2026-03-30,春季香川大会 2026 日程・結果,QF,prefecture,徳島,香川,1,4,978.3465,1005.7136,0.471187,4.56,-2.1486,976.1978,1007.8622,3.6619,-3.6619,36,current
2026|senbatsu|2026-03-31|第98回選抜高等学校野球大会|F|智辯学園(奈良)|3|大阪桐蔭(大阪)|7,2026,senbatsu,2026-03-31,第98回選抜高等学校野球大会,F,national,奈良,大阪,3,7,1073.0,1107.2343,0.4503,9.12,-4.1067,1068.8932,1111.3411,-0.2076,0.2076,18,current
2026|spring|2026-04-01|春季東京大会 2026 日程・結果|1R|松が谷|0|錦城学園|10,2026,spring,2026-04-01,春季東京大会 2026 日程・結果,1R,prefecture,西東京,東東京,0,10,1037.5796,1040.7629,0.547491,4.56,-2.4966,1035.0831,1043.2595,18.1417,-18.1417,414,current
2026|spring|2026-04-01|春季東京大会 2026 日程・結果|1R|日野台|0|大森学園|8,2026,spring,2026-04-01,春季東京大会 2026 日程・結果,1R,prefecture,西東京,東東京,0,8,1035.0831,1043.2595,0.535107,4.56,-2.4401,1032.643,1045.6995,16.3056,-16.3056,415,current
2026|spring|2026-04-01|春季東京大会 2026 日程・結果|1R|明星|6|城西大城西|1,2026,spring,2026-04-01,春季東京大会 2026 日程・結果,1R,prefecture,西東京,東東京,6,1,1032.643,1045.6995,0.522959,4.56,2.1753,1034.8183,1043.5242,14.5108,-14.5108,416,current
2026|spring|2026-04-01|春季東京大会 2026 日程・結果|1R|明大明治|6|朋優学院|9,2026,spring,2026-04-01,春季東京大会 2026 日程・結果,1R,prefecture,西東京,東東京,6,9,1034.8183,1043.5242,0.533794,4.56,-2.4341,1032.3842,1045.9583,16.1122,-16.1122,417,current
2026|spring|2026-04-01|春季東京大会 2026 日程・結果|1R|桐朋|5|小岩|0,2026,spring,2026-04-01,春季東京大会 2026 日程・結果,1R,prefecture,西東京,東東京,5,0,1032.3842,1045.9583,0.521673,4.56,2.1812,1034.5653,1043.7772,14.3216,-14.3216,418,current
2026|spring|2026-04-01|春季東京大会 2026 日程・結果|1R|鷺宮・農大一・光丘・芦花|4|多摩工科|2,2026,spring,2026-04-01,春季東京大会 2026 日程・結果,1R,prefecture,東京,西東京,4,2,940.6409,1034.5653,0.362805,4.56,2.9056,943.5465,1031.6597,-1.9578,1.9578,17,current
2026|spring|2026-04-01|春季東京大会 2026 日程・結果|1R|正則学園|5|狛江|15,2026,spring,2026-04-01,春季東京大会 2026 日程・結果,1R,prefecture,東東京,西東京,5,15,1043.7772,1031.6597,0.471626,4.56,-2.1506,1041.6266,1033.8104,-15.9275,15.9275,419,current
2026|spring|2026-04-02|春季東京大会 2026 日程・結果|1R|調布南|9|葛飾野|8,2026,spring,2026-04-02,春季東京大会 2026 日程・結果,1R,prefecture,西東京,東東京,9,8,1033.8104,1041.6266,0.539073,4.56,2.1018,1035.9122,1039.5247,17.511,-17.511,420,current
2026|spring|2026-04-02|春季東京大会 2026 日程・結果|1R|立川|2|豊南|8,2026,spring,2026-04-02,春季東京大会 2026 日程・結果,1R,prefecture,西東京,東東京,2,8,1035.9122,1039.5247,0.549494,4.56,-2.5057,1033.4065,1042.0304,19.0588,-19.0588,421,current
2026|spring|2026-04-02|春季東京大会 2026 日程・結果|1R|拝島|0|共栄学園|10,2026,spring,2026-04-02,春季東京大会 2026 日程・結果,1R,prefecture,西東京,東東京,0,10,1033.4065,1042.0304,0.537071,4.56,-2.449,1030.9574,1044.4795,17.2153,-17.2153,422,current
2026|spring|2026-04-02|春季東京大会 2026 日程・結果|1R|昭和|7|東京|8,2026,spring,2026-04-02,春季東京大会 2026 日程・結果,1R,prefecture,西東京,東東京,7,8,1030.9574,1044.4795,0.524883,4.56,-2.3935,1028.564,1046.8729,15.4134,-15.4134,423,current
2026|spring|2026-04-02|春季東京大会 2026 日程・結果|1R|青山|12|福生|13,2026,spring,2026-04-02,春季東京大会 2026 日程・結果,1R,prefecture,東東京,西東京,12,13,1046.8729,1028.564,0.487057,4.56,-2.221,1044.6519,1030.785,-13.6522,13.6522,424,current
2026|spring|2026-04-03|春季東京大会 2026 日程・結果|1R|日大櫻丘|4|目白研心|2,2026,spring,2026-04-03,春季東京大会 2026 日程・結果,1R,prefecture,西東京,東東京,4,2,1030.785,1044.6519,0.524027,4.56,2.1704,1032.9554,1042.4815,15.2877,-15.2877,425,current
2026|spring|2026-04-03|春季東京大会 2026 日程・結果|1R|青山学院|14|八王子北|15,2026,spring,2026-04-03,春季東京大会 2026 日程・結果,1R,prefecture,東東京,西東京,14,15,1042.4815,1032.9554,0.465163,4.56,-2.1211,1040.3604,1035.0765,-16.8862,16.8862,426,current
2026|spring|2026-04-03|春季東京大会 2026 日程・結果|1R|明大中野|10|豊多摩|1,2026,spring,2026-04-03,春季東京大会 2026 日程・結果,1R,prefecture,東東京,西東京,10,1,1040.3604,1035.0765,0.45463,4.56,2.4869,1042.8473,1032.5897,-18.4486,18.4486,427,current
2026|spring|2026-04-03|春季東京大会 2026 日程・結果|1R|岩倉|10|東村山西|0,2026,spring,2026-04-03,春季東京大会 2026 日程・結果,1R,prefecture,東東京,西東京,10,0,1042.8473,1032.5897,0.466978,4.56,2.4306,1045.2778,1030.1591,-16.6184,16.6184,428,current
2026|spring|2026-04-03|春季東京大会 2026 日程・結果|1R|成瀬|0|安田学園|9,2026,spring,2026-04-03,春季東京大会 2026 日程・結果,1R,prefecture,西東京,東東京,0,9,1030.1591,1045.2778,0.520913,4.56,-2.3754,1027.7837,1047.6532,14.8296,-14.8296,429,current
2026|spring|2026-04-03|春季東京大会 2026 日程・結果|1R|東大和|3|海城|4,2026,spring,2026-04-03,春季東京大会 2026 日程・結果,1R,prefecture,西東京,東東京,3,4,1027.7837,1047.6532,0.509055,4.56,-2.3213,1025.4624,1049.9745,13.0812,-13.0812,430,current
2026|spring|2026-04-03|春季東京大会 2026 日程・結果|1R|大東大一|7|府中工科|6,2026,spring,2026-04-03,春季東京大会 2026 日程・結果,1R,prefecture,東東京,西東京,7,6,1049.9745,1025.4624,0.502543,4.56,2.2684,1052.2429,1023.194,-11.3725,11.3725,431,current
2026|spring|2026-04-03|春季東京大会 2026 日程・結果|1R|目黒日大|11|専大附|1,2026,spring,2026-04-03,春季東京大会 2026 日程・結果,1R,prefecture,東東京,西東京,11,1,1052.2429,1023.194,0.513875,4.56,2.2167,1054.4596,1020.9773,-9.7026,9.7026,432,current
2026|spring|2026-04-03|春季東京大会 2026 日程・結果|1R|九段中等|8|片倉|7,2026,spring,2026-04-03,春季東京大会 2026 日程・結果,1R,prefecture,東東京,西東京,8,7,1054.4596,1020.9773,0.524935,4.56,2.1663,1056.6259,1018.811,-8.0707,8.0707,433,current
2026|spring|2026-04-03|春季東京大会 2026 日程・結果|1R|駿台学園|0|練馬|4,2026,spring,2026-04-03,春季東京大会 2026 日程・結果,1R,prefecture,東東京,西東京,0,4,1056.6259,1018.811,0.535721,4.56,-2.4429,1054.183,1021.2539,-6.4757,6.4757,434,current
2026|spring|2026-04-03|春季東京大会 2026 日程・結果|1R|穎明館|2|高島|4,2026,spring,2026-04-03,春季東京大会 2026 日程・結果,1R,prefecture,西東京,東東京,2,4,1021.2539,1054.183,0.476446,4.56,-2.1726,1019.0813,1056.3556,8.275,-8.275,435,current
2026|spring|2026-04-03|春季東京大会 2026 日程・結果|1R|小山台|4|杉並|6,2026,spring,2026-04-03,春季東京大会 2026 日程・結果,1R,prefecture,東東京,西東京,4,6,1056.3556,1019.0813,0.534375,4.56,-2.4367,1053.9189,1021.518,-6.6753,6.6753,436,current
2026|spring|2026-04-03|春季東京大会 2026 日程・結果|1R|篠崎|4|千歳丘|8,2026,spring,2026-04-03,春季東京大会 2026 日程・結果,1R,prefecture,東東京,西東京,4,8,1053.9189,1021.518,0.522235,4.56,-2.3814,1051.5375,1023.8994,-8.4703,8.4703,437,current
2026|spring|2026-04-04|春季東京大会 2026 日程・結果|2R|東亜学園|15|狛江|2,2026,spring,2026-04-04,春季東京大会 2026 日程・結果,2R,prefecture,東東京,西東京,15,2,1051.5375,1023.8994,0.510344,4.56,2.2328,1053.7703,1021.6666,-10.2246,10.2246,438,current
2026|spring|2026-04-04|春季東京大会 2026 日程・結果|2R|実践学園|4|八王子実践|5,2026,spring,2026-04-04,春季東京大会 2026 日程・結果,2R,prefecture,東東京,西東京,4,5,1053.7703,1021.6666,0.521491,4.56,-2.378,1051.3923,1024.0446,-8.5804,8.5804,439,current
2026|spring|2026-04-04|春季東京大会 2026 日程・結果|2R|桜美林|7|朋優学院|1,2026,spring,2026-04-04,春季東京大会 2026 日程・結果,2R,prefecture,西東京,東東京,7,1,1024.0446,1051.3923,0.490384,4.56,2.3239,1026.3684,1049.0685,10.3324,-10.3324,440,current
2026|spring|2026-04-04|春季東京大会 2026 日程・結果|2R|聖パウロ学園|19|錦城学園|5,2026,spring,2026-04-04,春季東京大会 2026 日程・結果,2R,prefecture,西東京,東東京,19,5,1026.3684,1049.0685,0.501999,4.56,2.2709,1028.6393,1046.7976,12.0446,-12.0446,441,current
2026|spring|2026-04-05|春季東京大会 2026 日程・結果|2R|福生|4|立正大立正|8,2026,spring,2026-04-05,春季東京大会 2026 日程・結果,2R,prefecture,西東京,東東京,4,8,1028.6393,1046.7976,0.513349,4.56,-2.3409,1026.2985,1049.1385,13.718,-13.718,442,current
2026|spring|2026-04-05|春季東京大会 2026 日程・結果|2R|八王子|7|広尾|0,2026,spring,2026-04-05,春季東京大会 2026 日程・結果,2R,prefecture,西東京,東東京,7,0,1026.2985,1049.1385,0.501652,4.56,2.2725,1028.5709,1046.866,11.994,-11.994,443,current
2026|spring|2026-04-05|春季東京大会 2026 日程・結果|2R|日体大荏原|8|鷺宮・農大一・光丘・芦花|0,2026,spring,2026-04-05,春季東京大会 2026 日程・結果,2R,prefecture,東東京,東京,8,0,1046.866,943.5465,0.729928,4.56,1.2315,1048.0975,942.315,34.7002,-34.7002,40,current
2026|spring|2026-04-05|春季東京大会 2026 日程・結果|2R|早稲田実|1|関東第一|5,2026,spring,2026-04-05,春季東京大会 2026 日程・結果,2R,prefecture,西東京,東東京,1,5,1028.5709,1048.0975,0.511239,4.56,-2.3312,1026.2397,1050.4288,13.6687,-13.6687,444,current
2026|spring|2026-04-05|春季東京大会 2026 日程・結果|2R|淑徳|4|日大鶴ヶ丘|3,2026,spring,2026-04-05,春季東京大会 2026 日程・結果,2R,prefecture,東東京,西東京,4,3,1050.4288,1026.2397,0.500411,4.56,2.2781,1052.7069,1023.9615,-11.9517,11.9517,445,current
2026|spring|2026-04-05|春季東京大会 2026 日程・結果|2R|成城|4|富士森|3,2026,spring,2026-04-05,春季東京大会 2026 日程・結果,2R,prefecture,東東京,西東京,4,3,1052.7069,1023.9615,0.511796,4.56,2.2262,1054.9331,1021.7353,-10.2737,10.2737,446,current
2026|spring|2026-04-05|春季東京大会 2026 日程・結果|2R|江戸川|13|桐朋|3,2026,spring,2026-04-05,春季東京大会 2026 日程・結果,2R,prefecture,東東京,西東京,13,3,1054.9331,1021.7353,0.522909,4.56,2.1755,1057.1086,1019.5598,-8.6338,8.6338,447,current
2026|spring|2026-04-05|春季東京大会 2026 日程・結果|2R|日大一|1|工学院大附|8,2026,spring,2026-04-05,春季東京大会 2026 日程・結果,2R,prefecture,東東京,西東京,1,8,1057.1086,1019.5598,0.533749,4.56,-2.4339,1054.6747,1021.9937,-7.0311,7.0311,448,current
2026|spring|2026-04-05|春季東京大会 2026 日程・結果|2R|文京|3|千歳丘|1,2026,spring,2026-04-05,春季東京大会 2026 日程・結果,2R,prefecture,東東京,西東京,3,1,1054.6747,1021.9937,0.521618,4.56,2.1814,1056.8562,1019.8123,-8.8248,8.8248,449,current
2026|spring|2026-04-05|春季東京大会 2026 日程・結果|2R|日野|3|共栄学園|6,2026,spring,2026-04-05,春季東京大会 2026 日程・結果,2R,prefecture,西東京,東東京,3,6,1019.8123,1056.8562,0.46751,4.56,-2.1318,1017.6804,1058.988,7.2177,-7.2177,450,current
2026|spring|2026-04-05|春季東京大会 2026 日程・結果|2R|明大中野|9|杉並|1,2026,spring,2026-04-05,春季東京大会 2026 日程・結果,2R,prefecture,東東京,西東京,9,1,1058.988,1017.6804,0.543086,4.56,2.0835,1061.0715,1015.5969,-5.647,5.647,451,current
2026|spring|2026-04-05|春季東京大会 2026 日程・結果|2R|早大学院|4|東海大高輪台|10,2026,spring,2026-04-05,春季東京大会 2026 日程・結果,2R,prefecture,西東京,東東京,4,10,1015.5969,1061.0715,0.446596,4.56,-2.0365,1013.5604,1063.108,4.1117,-4.1117,452,current
2026|spring|2026-04-05|春季香川大会 2026 日程・結果|SF|蓬莱|0|高松商|4,2026,spring,2026-04-05,春季香川大会 2026 日程・結果,SF,prefecture,徳島,香川,0,4,976.1978,1007.8622,0.461287,4.56,-2.1035,974.0944,1009.9657,2.355,-2.355,37,current
2026|spring|2026-04-06|春季東京大会 2026 日程・結果|2R|武蔵丘|6|駒大高|10,2026,spring,2026-04-06,春季東京大会 2026 日程・結果,2R,prefecture,東東京,西東京,6,10,1063.108,1013.5604,0.563446,4.56,-2.5693,1060.5387,1016.1297,-2.611,2.611,453,current
2026|spring|2026-04-06|春季東京大会 2026 日程・結果|2R|修徳|14|日大二|3,2026,spring,2026-04-06,春季東京大会 2026 日程・結果,2R,prefecture,東東京,西東京,14,3,1060.5387,1016.1297,0.550768,4.56,2.0485,1062.5872,1014.0812,-4.5047,4.5047,454,current
2026|spring|2026-04-06|春季東京大会 2026 日程・結果|2R|國學院久我山|3|大東大一|1,2026,spring,2026-04-06,春季東京大会 2026 日程・結果,2R,prefecture,西東京,東東京,3,1,1014.0812,1062.5872,0.439118,4.56,2.5576,1016.6389,1060.0296,2.9951,-2.9951,455,current
2026|spring|2026-04-07|春季東京大会 2026 日程・結果|3R|成城|3|八王子実践|6,2026,spring,2026-04-07,春季東京大会 2026 日程・結果,3R,prefecture,東東京,西東京,3,6,1060.0296,1016.6389,0.548247,4.56,-2.5,1057.5296,1019.1389,-4.8803,4.8803,456,current
2026|spring|2026-04-07|春季東京大会 2026 日程・結果|3R|聖パウロ学園|11|江戸川|1,2026,spring,2026-04-07,春季東京大会 2026 日程・結果,3R,prefecture,西東京,東東京,11,1,1019.1389,1057.5296,0.464164,4.56,2.4434,1021.5823,1055.0862,6.7233,-6.7233,457,current
2026|spring|2026-04-11|春季東京大会 2026 日程・結果|3R|帝京|6|工学院大附|1,2026,spring,2026-04-11,春季東京大会 2026 日程・結果,3R,prefecture,東東京,西東京,6,1,1055.0862,1021.5823,0.523662,4.56,2.1721,1057.2583,1019.4102,-8.5246,8.5246,458,current
2026|spring|2026-04-11|春季東京大会 2026 日程・結果|3R|調布南|0|淑徳|7,2026,spring,2026-04-11,春季東京大会 2026 日程・結果,3R,prefecture,西東京,東東京,0,7,1019.4102,1057.2583,0.465515,4.56,-2.1227,1017.2874,1059.381,6.9238,-6.9238,459,current
2026|spring|2026-04-11|春季岡山大会 2026 日程・結果|QUAL|岡山吉備|0|明誠|26,2026,spring,2026-04-11,春季岡山大会 2026 日程・結果,QUAL,district_qualifier,岡山,島根,0,26,1008.5538,940.6473,0.630714,4.18,-2.6364,1005.9174,943.2837,12.5407,-12.5407,16,current
2026|spring|2026-04-11|春季香川大会 2026 日程・結果|3P|蓬莱|10|三本松|3,2026,spring,2026-04-11,春季香川大会 2026 日程・結果,3P,prefecture,徳島,香川,10,3,974.0944,1009.9657,0.451588,4.56,2.5008,976.5951,1007.465,1.0628,-1.0628,38,current
2026|spring|2026-04-12|春季東京大会 2026 日程・結果|3R|桜美林|4|立正大立正|0,2026,spring,2026-04-12,春季東京大会 2026 日程・結果,3R,prefecture,西東京,東東京,4,0,1017.2874,1059.381,0.45497,4.56,2.4853,1019.7728,1056.8957,5.3592,-5.3592,460,current
2026|spring|2026-04-12|春季東京大会 2026 日程・結果|3R|豊南|1|国士舘|9,2026,spring,2026-04-12,春季東京大会 2026 日程・結果,3R,prefecture,東東京,西東京,1,9,1056.8957,1019.7728,0.532678,4.56,-2.429,1054.4667,1022.2018,-7.1916,7.1916,461,current
2026|spring|2026-04-12|春季東京大会 2026 日程・結果|3R|世田谷学園|5|二松学舎大附|3,2026,spring,2026-04-12,春季東京大会 2026 日程・結果,3R,prefecture,西東京,東東京,5,3,1022.2018,1054.4667,0.479433,4.56,2.3738,1024.5756,1052.0929,8.9826,-8.9826,462,current
2026|spring|2026-04-12|春季東京大会 2026 日程・結果|3R|城東|5|駒大高|9,2026,spring,2026-04-12,春季東京大会 2026 日程・結果,3R,prefecture,東東京,西東京,5,9,1052.0929,1024.5756,0.508708,4.56,-2.3197,1049.7732,1026.8953,-10.733,10.733,463,current
2026|spring|2026-04-12|春季岡山大会 2026 日程・結果|QUAL|勝山|8|津山高専|1,2026,spring,2026-04-12,春季岡山大会 2026 日程・結果,QUAL,district_qualifier,鳥取,岡山,8,1,950.8275,1005.9174,0.45486,4.18,2.2787,953.1062,1003.6387,11.819,-11.819,29,current
2026|spring|2026-04-18|春季東京大会 2026 日程・結果|4R|聖パウロ学園|1|岩倉|4,2026,spring,2026-04-18,春季東京大会 2026 日程・結果,4R,prefecture,西東京,東東京,1,4,1026.8953,1049.7732,0.502892,4.56,-2.2932,1024.6021,1052.0663,12.4437,-12.4437,464,current
2026|spring|2026-04-18|春季東京大会 2026 日程・結果|4R|共栄学園|5|世田谷学園|7,2026,spring,2026-04-18,春季東京大会 2026 日程・結果,4R,prefecture,東東京,西東京,5,7,1052.0663,1024.6021,0.508573,4.56,-2.3191,1049.7473,1026.9212,-10.7534,10.7534,465,current
2026|spring|2026-04-18|春季鳥取大会 2026 日程・結果|1R|米子北|5|倉吉東|4,2026,spring,2026-04-18,春季鳥取大会 2026 日程・結果,1R,prefecture,鳥取,岡山,5,4,953.1062,1003.6387,0.465481,4.56,2.4374,955.5436,1001.2013,13.254,-13.254,30,current
2026|spring|2026-04-18|春季鳥取大会 2026 日程・結果|1R|米子西|12|倉吉西・倉吉農業・境港総合技術|0,2026,spring,2026-04-18,春季鳥取大会 2026 日程・結果,1R,prefecture,鳥取,岡山,12,0,955.5436,1001.2013,0.476901,4.56,2.3853,957.929,998.816,14.7977,-14.7977,31,current
2026|spring|2026-04-18|春季鳥取大会 2026 日程・結果|1R|鳥取工業|1|倉吉総合産業|11,2026,spring,2026-04-18,春季鳥取大会 2026 日程・結果,1R,prefecture,鳥取,岡山,1,11,957.929,998.816,0.488146,4.56,-2.2259,955.703,1001.0419,16.3243,-16.3243,32,current
2026|spring|2026-04-18|春季岡山大会 2026 日程・結果|QUAL|勝山|4|津山東|5,2026,spring,2026-04-18,春季岡山大会 2026 日程・結果,QUAL,district_qualifier,鳥取,岡山,4,5,955.703,1001.0419,0.47817,4.18,-1.9988,953.7043,1003.0407,15.0802,-15.0802,33,current
2026|spring|2026-04-18|春季岡山大会 2026 日程・結果|QUAL|白陵|0|城東|20,2026,spring,2026-04-18,春季岡山大会 2026 日程・結果,QUAL,district_qualifier,兵庫,岡山,0,20,1056.1538,1003.0407,0.575328,4.18,-2.4049,1053.7489,1005.4456,-0.184,0.184,1,current
2026|spring|2026-04-18|春季岡山大会 2026 日程・結果|QUAL|西大寺|5|明誠|4,2026,spring,2026-04-18,春季岡山大会 2026 日程・結果,QUAL,district_qualifier,岡山,島根,5,4,1005.4456,943.2837,0.620017,4.18,1.5883,1007.0339,941.6954,11.447,-11.447,17,current
2026|spring|2026-04-19|春季東京大会 2026 日程・結果|4R|帝京|1|佼成学園|4,2026,spring,2026-04-19,春季東京大会 2026 日程・結果,4R,prefecture,東東京,西東京,1,4,1049.7473,1026.9212,0.496976,4.56,-2.2662,1047.481,1029.1874,-12.4637,12.4637,466,current
2026|spring|2026-04-19|春季東京大会 2026 日程・結果|4R|安田学園|8|國學院久我山|15,2026,spring,2026-04-19,春季東京大会 2026 日程・結果,4R,prefecture,東東京,西東京,8,15,1047.481,1029.1874,0.485646,4.56,-2.2145,1045.2665,1031.4019,-14.1352,14.1352,467,current
2026|spring|2026-04-19|春季鳥取大会 2026 日程・結果|2R|倉吉総合産業|0|米子松蔭|6,2026,spring,2026-04-19,春季鳥取大会 2026 日程・結果,2R,prefecture,岡山,鳥取,0,6,1007.0339,953.7043,0.53652,4.56,-2.4465,1004.5873,956.1508,-13.9537,13.9537,34,current
2026|spring|2026-04-19|春季鳥取大会 2026 日程・結果|1R|鳥取東|4|倉吉北|11,2026,spring,2026-04-19,春季鳥取大会 2026 日程・結果,1R,prefecture,鳥取,岡山,4,11,956.1508,1004.5873,0.474995,4.56,-2.166,953.9848,1006.7533,15.5236,-15.5236,35,current
2026|spring|2026-04-20|春季鳥取大会 2026 日程・結果|2R|鳥取中央育英|2|倉吉北|3,2026,spring,2026-04-20,春季鳥取大会 2026 日程・結果,2R,prefecture,鳥取,岡山,2,3,953.9848,1006.7533,0.465203,4.56,-2.1213,951.8635,1008.8747,14.2751,-14.2751,36,current
2026|spring|2026-04-25|春季東京大会 2026 日程・結果|QF|佼成学園|5|淑徳|4,2026,spring,2026-04-25,春季東京大会 2026 日程・結果,QF,prefecture,西東京,東東京,5,4,1031.4019,1045.2665,0.525411,4.56,2.1641,1033.5661,1043.1024,15.7687,-15.7687,468,current
2026|spring|2026-04-25|春季東京大会 2026 日程・結果|QF|國學院久我山|1|関東第一|4,2026,spring,2026-04-25,春季東京大会 2026 日程・結果,QF,prefecture,西東京,東東京,1,4,1033.5661,1043.1024,0.536194,4.56,-2.445,1031.121,1045.5474,17.3651,-17.3651,469,current
2026|spring|2026-04-25|春季鳥取大会 2026 日程・結果|QF|倉吉北|2|境|9,2026,spring,2026-04-25,春季鳥取大会 2026 日程・結果,QF,prefecture,岡山,鳥取,2,9,1008.8747,951.8635,0.544404,4.56,-2.4825,1006.3922,954.346,-13.0374,13.0374,37,current
2026|spring|2026-04-26|春季東京大会 2026 日程・結果|QF|桜美林|8|岩倉|9,2026,spring,2026-04-26,春季東京大会 2026 日程・結果,QF,prefecture,西東京,東東京,8,9,1031.121,1045.5474,0.524013,4.56,-2.3895,1028.7315,1047.9369,15.5627,-15.5627,470,current
2026|spring|2026-05-03|春季東京大会 2026 日程・結果|F|国士舘|2|関東一|5,2026,spring,2026-05-03,春季東京大会 2026 日程・結果,F,prefecture,西東京,東東京,2,5,1028.7315,1047.9369,0.512081,4.56,-2.3351,1026.3964,1050.272,13.801,-13.801,471,current
2026|spring|2026-05-08|春季秋田大会 2026 日程・結果|1R|仁賀保|0|男鹿工業|30,2026,spring,2026-05-08,春季秋田大会 2026 日程・結果,1R,prefecture,岩手,秋田,0,30,1006.6033,948.0215,0.583366,4.56,-2.6601,1003.9432,950.6817,-0.0536,0.0536,18,current
2026|spring|2026-05-09|春季北海道大会 2026 日程・結果|QUAL|帯広工業|10|更別農業・鹿追・広尾|0,2026,spring,2026-05-09,春季北海道大会 2026 日程・結果,QUAL,regional,北北海道,北海道,10,0,972.9591,938.2192,0.569504,7.6,3.2718,976.2309,934.9474,6.9357,-6.9357,14,current
2026|spring|2026-05-10|春季北海道大会 2026 日程・結果|QUAL|美幌・津別|5|網走南ヶ丘|24,2026,spring,2026-05-10,春季北海道大会 2026 日程・結果,QUAL,regional,北海道,北北海道,5,24,934.9474,976.2309,0.416318,7.6,-3.164,931.7834,979.3949,-8.7083,8.7083,15,current
2026|spring|2026-05-11|春季北海道大会 2026 日程・結果|QUAL|室蘭清水丘|16|室工・東翔|14,2026,spring,2026-05-11,春季北海道大会 2026 日程・結果,QUAL,regional,南北海道,北海道,16,14,989.83,931.7834,0.655481,7.6,2.6183,992.4483,929.165,26.846,-26.846,25,current
2026|spring|2026-05-11|春季北海道大会 2026 日程・結果|QUAL|苫小牧西・えりも・富川|0|北海道栄|11,2026,spring,2026-05-11,春季北海道大会 2026 日程・結果,QUAL,regional,北海道,南北海道,0,11,929.165,992.4483,0.333241,7.6,-2.5326,926.6324,994.981,-28.6004,28.6004,26,current
2026|spring|2026-05-11|春季北海道大会 2026 日程・結果|QUAL|七飯|7|江差・奥尻・大農|2,2026,spring,2026-05-11,春季北海道大会 2026 日程・結果,QUAL,regional,南北海道,北海道,7,2,994.981,926.6324,0.677539,7.6,2.4507,997.4317,924.1817,30.3171,-30.3171,27,current
2026|spring|2026-05-11|春季秋田大会 2026 日程・結果|2R|横手|11|増田・羽後|1,2026,spring,2026-05-11,春季秋田大会 2026 日程・結果,2R,prefecture,秋田,岩手,11,1,950.6817,1003.9432,0.428051,4.56,2.6081,953.2897,1001.3351,1.4584,-1.4584,19,current
2026|spring|2026-05-12|春季北海道大会 2026 日程・結果|QUAL|釧路高専|1|釧路工業・厚岸翔洋・標茶|12,2026,spring,2026-05-12,春季北海道大会 2026 日程・結果,QUAL,regional,北北海道,北海道,1,12,979.3949,924.1817,0.607909,7.6,-4.6201,974.7748,928.8018,10.4838,-10.4838,16,current
2026|spring|2026-05-13|春季北海道大会 2026 日程・結果|QUAL|札幌工業|10|北広島西・北斗・開成|0,2026,spring,2026-05-13,春季北海道大会 2026 日程・結果,QUAL,regional,南北海道,北海道,10,0,997.4317,928.8018,0.682099,7.6,2.416,999.8477,926.3857,31.9962,-31.9962,28,current
2026|spring|2026-05-13|春季北海道大会 2026 日程・結果|QUAL|小樽水産|0|寿都・岩内・蘭越|10,2026,spring,2026-05-13,春季北海道大会 2026 日程・結果,QUAL,regional,南北海道,北海道,0,10,999.8477,926.3857,0.692205,7.6,-5.2608,994.5869,931.6465,33.6635,-33.6635,29,current
2026|spring|2026-05-14|春季北海道大会 2026 日程・結果|QUAL|釧路工業・厚岸翔洋・標茶|3|釧路湖陵|6,2026,spring,2026-05-14,春季北海道大会 2026 日程・結果,QUAL,regional,北海道,北北海道,3,6,931.6465,974.7748,0.414777,7.6,-3.1523,928.4942,977.9271,-8.3372,8.3372,17,current
2026|spring|2026-05-16|春季北海道大会 2026 日程・結果|QUAL|北照|13|寿都・岩内・蘭越|1,2026,spring,2026-05-16,春季北海道大会 2026 日程・結果,QUAL,regional,南北海道,北海道,13,1,994.5869,928.4942,0.675897,7.6,2.4632,997.0501,926.031,30.793,-30.793,30,current
2026|spring|2026-05-25|春季北海道大会 2026 日程・結果|1R|北海|9|旭川東|0,2026,spring,2026-05-25,春季北海道大会 2026 日程・結果,1R,regional,南北海道,北北海道,9,0,997.0501,977.9271,0.541541,7.6,3.4843,1000.5344,974.4428,4.9048,-4.9048,155,current
2026|spring|2026-05-26|春季北海道大会 2026 日程・結果|1R|士別翔雲|6|東海大札幌|3,2026,spring,2026-05-26,春季北海道大会 2026 日程・結果,1R,regional,北北海道,南北海道,6,3,974.4428,1000.5344,0.441445,7.6,4.245,978.6879,996.2894,-7.3921,7.3921,156,current
2026|spring|2026-05-27|春季北海道大会 2026 日程・結果|QF|クラーク国際|5|北海|3,2026,spring,2026-05-27,春季北海道大会 2026 日程・結果,QF,regional,北北海道,南北海道,5,3,978.6879,996.2894,0.462178,7.6,4.0874,982.7753,992.202,-4.365,4.365,157,current
2026|spring|2026-05-27|春季北海道大会 2026 日程・結果|1R|網走南ヶ丘|4|倶知安|7,2026,spring,2026-05-27,春季北海道大会 2026 日程・結果,1R,regional,北北海道,南北海道,4,7,982.7753,992.202,0.482272,7.6,-3.6653,979.11,995.8672,-1.4485,1.4485,158,current
2026|spring|2026-05-28|春季北海道大会 2026 日程・結果|QF|倶知安|3|旭川志峯|5,2026,spring,2026-05-28,春季北海道大会 2026 日程・結果,QF,regional,南北海道,北北海道,3,5,995.8672,979.11,0.535758,7.6,-4.0718,991.7955,983.1818,4.0662,-4.0662,159,current
2026|spring|2026-05-28|春季北海道大会 2026 日程・結果|QF|士別翔雲|5|札幌龍谷|2,2026,spring,2026-05-28,春季北海道大会 2026 日程・結果,QF,regional,北北海道,南北海道,5,2,983.1818,991.7955,0.484273,7.6,3.9195,987.1013,987.8759,-1.159,1.159,160,current
2026|spring|2026-05-30|春季北海道大会 2026 日程・結果|SF|クラーク国際|6|札幌日大|4,2026,spring,2026-05-30,春季北海道大会 2026 日程・結果,SF,regional,北北海道,南北海道,6,4,987.1013,987.8759,0.503609,7.6,3.7726,990.8739,984.1034,1.6411,-1.6411,161,current
2026|summer|2026-07-10|選手権秋田大会 2026 日程・結果|2R|能代松陽|5|増田・羽後|1,2026,summer,2026-07-10,選手権秋田大会 2026 日程・結果,2R,prefecture,秋田,岩手,5,1,953.2897,1001.3351,0.439438,5.52,3.0943,956.384,998.2408,2.8775,-2.8775,20,current
2026|summer|2026-07-10|選手権秋田大会 2026 日程・結果|2R|仁賀保|0|大館国際|26,2026,summer,2026-07-10,選手権秋田大会 2026 日程・結果,2R,prefecture,岩手,秋田,0,26,998.2408,956.384,0.546865,5.52,-3.0187,995.2221,959.4027,-4.5978,4.5978,21,current
2026|summer|2026-07-11|選手権香川大会 2026 日程・結果|2R|蓬莱|7|高松第一|0,2026,summer,2026-07-11,選手権香川大会 2026 日程・結果,2R,prefecture,徳島,香川,7,0,976.5951,1007.465,0.463194,5.52,2.9632,979.5583,1004.5018,2.6239,-2.6239,39,current
2026|summer|2026-07-12|選手権鳥取大会 2026 日程・結果|1R|倉吉東|8|鳥取中央育英|1,2026,summer,2026-07-12,選手権鳥取大会 2026 日程・結果,1R,prefecture,岡山,鳥取,8,1,1006.3922,954.346,0.532726,5.52,2.5794,1008.9715,951.7666,-14.6368,14.6368,38,current
2026|summer|2026-07-12|選手権香川大会 2026 日程・結果|2R|志度|5|坂出商業|1,2026,summer,2026-07-12,選手権香川大会 2026 日程・結果,2R,prefecture,徳島,香川,5,1,979.5583,1004.5018,0.477035,5.52,2.8868,982.4451,1001.615,4.4871,-4.4871,40,current
2026|summer|2026-07-13|選手権香川大会 2026 日程・結果|2R|多度津|2|観音寺一|9,2026,summer,2026-07-13,選手権香川大会 2026 日程・結果,2R,prefecture,徳島,香川,2,9,982.4451,1001.615,0.490595,5.52,-2.7081,979.737,1004.3231,6.317,-6.317,41,current
2026|summer|2026-07-18|選手権鳥取大会 2026 日程・結果|2R|鳥取商業|4|倉吉東|1,2026,summer,2026-07-18,選手権鳥取大会 2026 日程・結果,2R,prefecture,鳥取,岡山,4,1,951.7666,1008.9715,0.45549,5.52,3.0057,954.7723,1005.9658,13.0971,-13.0971,39,current
2026|summer|2026-07-18|選手権香川大会 2026 日程・結果|3R|蓬莱|8|三木|0,2026,summer,2026-07-18,選手権香川大会 2026 日程・結果,3R,prefecture,徳島,香川,8,0,979.737,1004.3231,0.477974,5.52,2.8816,982.6186,1001.4415,4.6356,-4.6356,42,current
2026|summer|2026-07-19|選手権鳥取大会 2026 日程・結果|2R|米子東|13|倉吉西・倉吉農業・境港総合技術|2,2026,summer,2026-07-19,選手権鳥取大会 2026 日程・結果,2R,prefecture,鳥取,岡山,13,2,954.7723,1005.9658,0.469629,5.52,2.9277,957.7,1003.0382,15.0316,-15.0316,40,current
2026|summer|2026-07-19|選手権香川大会 2026 日程・結果|3R|志度|0|丸亀|11,2026,summer,2026-07-19,選手権香川大会 2026 日程・結果,3R,prefecture,徳島,香川,0,11,982.6186,1001.4415,0.491549,5.52,-2.7134,979.9052,1004.1549,6.4751,-6.4751,43,current
2026|summer|2026-07-20|選手権香川大会 2026 日程・結果|QF|蓬莱|5|丸亀|6,2026,summer,2026-07-20,選手権香川大会 2026 日程・結果,QF,prefecture,徳島,香川,5,6,979.9052,1004.1549,0.478862,5.52,-2.6433,977.2619,1006.7982,4.7763,-4.7763,44,current
2026|koshien|2026-08-05|第108回全国高等学校野球選手権大会|1R|札幌日大|1|仙台育英|3,2026,koshien,2026-08-05,第108回全国高等学校野球選手権大会,1R,prefecture,南北海道,宮城,1,3,984.1034,1048.3898,0.408526,5.52,-2.2551,981.8483,1050.6449,0.0,-0.0,0,current
2026|koshien|2026-08-06|第108回全国高等学校野球選手権大会|1R|東筑|1|神村学園|5,2026,koshien,2026-08-06,第108回全国高等学校野球選手権大会,1R,national,福岡,鹿児島,1,5,1056.004,1028.6016,0.536743,11.96,-6.4194,1049.5845,1035.021,-0.9124,0.9124,14,current
2026|koshien|2026-08-06|第108回全国高等学校野球選手権大会|1R|聖隷クリストファー|0|佐野日大|1,2026,koshien,2026-08-06,第108回全国高等学校野球選手権大会,1R,national,静岡,栃木,0,1,976.9864,964.4846,0.51638,11.96,-6.1759,970.8105,970.6605,-0.558,0.558,1,current
2026|koshien|2026-08-07|第108回全国高等学校野球選手権大会|1R|東海大甲府|5|鶴岡東|2,2026,koshien,2026-08-07,第108回全国高等学校野球選手権大会,1R,national,山梨,山形,5,2,1029.7511,971.109,0.5836,11.96,4.9801,1034.7312,966.1289,-0.0,0.0,0,current
2026|koshien|2026-08-07|第108回全国高等学校野球選手権大会|1R|八幡商|1|健大高崎|7,2026,koshien,2026-08-07,第108回全国高等学校野球選手権大会,1R,national,滋賀,群馬,1,7,1013.5872,1035.998,0.469327,11.96,-5.6132,1007.974,1041.6112,0.5353,-0.5353,1,current
2026|koshien|2026-08-07|第108回全国高等学校野球選手権大会|1R|立命館宇治|3|有明|6,2026,koshien,2026-08-07,第108回全国高等学校野球選手権大会,1R,national,京,熊本,3,6,1047.4604,965.633,0.615629,11.96,-7.3629,1040.0974,972.996,0.0,-0.0,0,current
2026|koshien|2026-08-07|第108回全国高等学校野球選手権大会|1R|立正大淞南|1|長崎日大|15,2026,koshien,2026-08-07,第108回全国高等学校野球選手権大会,1R,national,島根,長崎,1,15,941.6954,986.5812,0.437496,11.96,-5.2325,936.4629,991.8136,0.6127,-0.6127,1,current
2026|koshien|2026-08-08|第108回全国高等学校野球選手権大会|1R|遊学館|5|青森山田|6,2026,koshien,2026-08-08,第108回全国高等学校野球選手権大会,1R,national,石川,青森,5,6,1057.2072,1049.0541,0.515457,11.96,-6.1649,1051.0423,1055.2189,1.2956,-1.2956,2,current
2026|koshien|2026-08-08|第108回全国高等学校野球選手権大会|1R|白樺学園|1|東日大昌平|2,2026,koshien,2026-08-08,第108回全国高等学校野球選手権大会,1R,prefecture,北北海道,福島,1,2,990.8739,981.5211,0.513456,5.52,-2.8343,988.0396,984.3554,0.0,-0.0,0,current
2026|koshien|2026-08-08|第108回全国高等学校野球選手権大会|1R|日本文理|4|大分商|6,2026,koshien,2026-08-08,第108回全国高等学校野球選手権大会,1R,national,新潟,大分,4,6,966.8432,1026.5602,0.414897,11.96,-4.9622,961.881,1031.5224,-0.0,0.0,0,current
2026|koshien|2026-08-08|第108回全国高等学校野球選手権大会|1R|英明|4|関東第一|1,2026,koshien,2026-08-08,第108回全国高等学校野球選手権大会,1R,prefecture,香川,東東京,4,1,1006.7982,1050.272,0.43514,5.52,3.118,1009.9162,1047.154,-0.9256,0.9256,3,current
2026|koshien|2026-08-09|第108回全国高等学校野球選手権大会|1R|新田|2|花巻東|4,2026,koshien,2026-08-09,第108回全国高等学校野球選手権大会,1R,national,愛媛,岩手,2,4,927.9801,995.2221,0.403005,11.96,-4.8199,923.1602,1000.042,-0.5112,0.5112,1,current
2026|koshien|2026-08-09|第108回全国高等学校野球選手権大会|1R|岡山学芸館|7|鳥取城北|3,2026,koshien,2026-08-09,第108回全国高等学校野球選手権大会,1R,national,岡山,鳥取,7,3,1003.0382,957.7,0.516512,11.96,5.7825,1008.8207,951.9175,-16.9302,16.9302,41,current
2026|koshien|2026-08-09|第108回全国高等学校野球選手権大会|1R|鳴門渦潮|2|八王子実践|1,2026,koshien,2026-08-09,第108回全国高等学校野球選手権大会,1R,prefecture,徳島,西東京,2,1,977.2619,1026.3964,0.433036,5.52,3.1296,980.3915,1023.2668,1.161,-1.161,5,current
2026|koshien|2026-08-09|第108回全国高等学校野球選手権大会|1R|中京|3|霞ヶ浦|6,2026,koshien,2026-08-09,第108回全国高等学校野球選手権大会,1R,national,岐阜,茨城,3,6,985.2363,971.6374,0.51956,11.96,-6.2139,979.0224,977.8514,0.0,-0.0,0,current
2026|koshien|2026-08-10|第108回全国高等学校野球選手権大会|2R|高岡商|1|高川学園|7,2026,koshien,2026-08-10,第108回全国高等学校野球選手権大会,2R,national,富山,山口,1,7,908.5866,990.1975,0.383584,11.96,-4.5877,903.9989,994.7852,-0.3973,0.3973,1,current
2026|koshien|2026-08-10|第108回全国高等学校野球選手権大会|2R|天理|7|福山|2,2026,koshien,2026-08-10,第108回全国高等学校野球選手権大会,2R,national,奈良,広島,7,2,1068.8932,1051.9428,0.523762,11.96,5.6958,1074.5891,1046.247,-0.2133,0.2133,2,current
2026|koshien|2026-08-10|第108回全国高等学校野球選手権大会|1R|明徳義塾|1|日南学園|2,2026,koshien,2026-08-10,第108回全国高等学校野球選手権大会,1R,national,高知,宮崎,1,2,1037.0117,920.6178,0.661507,11.96,-7.9116,1029.1001,928.5294,-0.0,0.0,0,current
2026|koshien|2026-08-10|第108回全国高等学校野球選手権大会|1R|横浜|7|沖縄尚学|2,2026,koshien,2026-08-10,第108回全国高等学校野球選手権大会,1R,national,神奈川,沖縄,7,2,1046.7047,1040.9733,0.509645,11.96,5.8646,1052.5694,1035.1087,0.4857,-0.4857,1,current
2026|koshien|2026-08-11|第108回全国高等学校野球選手権大会|2R|横手|0|敦賀気比|10,2026,koshien,2026-08-11,第108回全国高等学校野球選手権大会,2R,national,秋田,福井,0,10,959.4027,1005.9963,0.433346,11.96,-5.1828,954.2199,1011.1791,-0.0,0.0,0,current
2026|koshien|2026-08-11|第108回全国高等学校野球選手権大会|2R|智辯和歌山|2|社|1,2026,koshien,2026-08-11,第108回全国高等学校野球選手権大会,2R,national,和歌山,兵庫,2,1,1023.0239,1053.7489,0.468275,11.96,6.3594,1029.3833,1047.3895,4.3253,-4.3253,18,current
2026|koshien|2026-08-11|第108回全国高等学校野球選手権大会|2R|履正社|6|享栄|2,2026,koshien,2026-08-11,第108回全国高等学校野球選手権大会,2R,national,大阪,愛知,6,2,1111.3411,1015.8384,0.634804,11.96,4.3677,1115.7088,1011.4707,0.2715,-0.2715,1,current
2026|koshien|2026-08-11|第108回全国高等学校野球選手権大会|2R|松商学園|3|三重|5,2026,koshien,2026-08-11,第108回全国高等学校野球選手権大会,2R,national,長野,三重,3,5,943.6198,979.0943,0.449125,11.96,-5.3715,938.2483,984.4659,-0.0,0.0,0,current
2026|koshien|2026-08-12|第108回全国高等学校野球選手権大会|2R|拓大紅陵|1|佐賀商|0,2026,koshien,2026-08-12,第108回全国高等学校野球選手権大会,2R,national,千葉,佐賀,1,0,1019.9926,912.6851,0.649698,11.96,4.1896,1024.1822,908.4955,-0.0,0.0,0,current
2026|koshien|2026-08-12|第108回全国高等学校野球選手権大会|2R|花咲徳栄|0|仙台育英|1,2026,koshien,2026-08-12,第108回全国高等学校野球選手権大会,2R,national,埼玉,宮城,0,1,1017.9956,1050.6449,0.454776,11.96,-5.4391,1012.5565,1056.084,0.5692,-0.5692,3,current
2026|koshien|2026-08-12|第108回全国高等学校野球選手権大会|2R|神村学園|1|佐野日大|3,2026,koshien,2026-08-12,第108回全国高等学校野球選手権大会,2R,national,鹿児島,栃木,1,3,1035.021,970.6605,0.59257,11.96,-7.0871,1027.9339,977.7476,0.3571,-0.3571,1,current
2026|koshien|2026-08-13|第108回全国高等学校野球選手権大会|2R|東海大甲府|0|健大高崎|1,2026,koshien,2026-08-13,第108回全国高等学校野球選手権大会,2R,national,山梨,群馬,0,1,1034.7312,1041.6112,0.47974,11.96,-5.7377,1028.9936,1047.3488,-3.6028,3.6028,17,current
2026|koshien|2026-08-13|第108回全国高等学校野球選手権大会|2R|有明|3|長崎日大|2,2026,koshien,2026-08-13,第108回全国高等学校野球選手権大会,2R,national,熊本,長崎,3,2,972.996,991.8136,0.452876,11.96,6.5436,979.5396,985.27,-7.0125,7.0125,9,current
2026|koshien|2026-08-13|第108回全国高等学校野球選手権大会|2R|青森山田|2|東日大昌平|6,2026,koshien,2026-08-13,第108回全国高等学校野球選手権大会,2R,national,青森,福島,2,6,1055.2189,984.3554,0.617416,11.96,-7.3843,1047.8346,991.7397,6.1386,-6.1386,17,current
2026|koshien|2026-08-13|第108回全国高等学校野球選手権大会|2R|大分商|1|英明|6,2026,koshien,2026-08-13,第108回全国高等学校野球選手権大会,2R,national,大分,香川,1,6,1031.5224,1009.9162,0.531054,11.96,-6.3514,1025.171,1016.2676,0.0,-0.0,0,current
2026|koshien|2026-08-14|第108回全国高等学校野球選手権大会|2R|花巻東|4|岡山学芸館|1,2026,koshien,2026-08-14,第108回全国高等学校野球選手権大会,2R,national,岩手,岡山,4,1,1000.042,1008.8207,0.487369,11.96,6.1311,1006.1731,1002.6896,-0.0,0.0,0,current
2026|koshien|2026-08-14|第108回全国高等学校野球選手権大会|2R|鳴門渦潮|1|霞ヶ浦|5,2026,koshien,2026-08-14,第108回全国高等学校野球選手権大会,2R,national,徳島,茨城,1,5,980.3915,977.8514,0.503656,11.96,-6.0237,974.3678,983.8751,0.0,-0.0,0,current
2026|koshien|2026-08-14|第108回全国高等学校野球選手権大会|2R|日南学園|1|横浜|10,2026,koshien,2026-08-14,第108回全国高等学校野球選手権大会,2R,national,宮崎,神奈川,1,10,928.5294,1052.5694,0.328709,11.96,-3.9314,924.5981,1056.5007,0.0,-0.0,0,current
2026|koshien|2026-08-15|第108回全国高等学校野球選手権大会|3R|高川学園|3|天理|6,2026,koshien,2026-08-15,第108回全国高等学校野球選手権大会,3R,national,山口,奈良,3,6,994.7852,1074.5891,0.387131,11.96,-4.6301,990.1551,1079.2191,-0.0,0.0,0,current
2026|koshien|2026-08-15|第108回全国高等学校野球選手権大会|3R|敦賀気比|3|智辯和歌山|7,2026,koshien,2026-08-15,第108回全国高等学校野球選手権大会,3R,national,福井,和歌山,3,7,1011.1791,1029.3833,0.472866,11.96,-5.6555,1005.5237,1035.0388,-0.3346,0.3346,1,current
2026|koshien|2026-08-15|第108回全国高等学校野球選手権大会|3R|履正社|2|三重|5,2026,koshien,2026-08-15,第108回全国高等学校野球選手権大会,3R,national,大阪,三重,2,5,1115.7088,984.4659,0.6861,11.96,-8.2058,1107.503,992.6716,2.2977,-2.2977,3,current
2026|koshien|2026-08-15|第108回全国高等学校野球選手権大会|3R|拓大紅陵|3|仙台育英|6,2026,koshien,2026-08-15,第108回全国高等学校野球選手権大会,3R,national,千葉,宮城,3,6,1024.1822,1056.084,0.454218,11.96,-5.4325,1018.7498,1061.5164,0.0,-0.0,0,current
2026|koshien|2026-08-16|第108回全国高等学校野球選手権大会|3R|佐野日大|1|健大高崎|4,2026,koshien,2026-08-16,第108回全国高等学校野球選手権大会,3R,national,栃木,群馬,1,4,977.7476,1047.3488,0.384659,11.96,-4.6005,973.1471,1051.9494,-6.0072,6.0072,9,current
2026|koshien|2026-08-16|第108回全国高等学校野球選手権大会|3R|有明|4|東日大昌平|1,2026,koshien,2026-08-16,第108回全国高等学校野球選手権大会,3R,national,熊本,福島,4,1,979.5396,991.7397,0.481163,11.96,6.2053,985.7449,985.5344,-0.4478,0.4478,1,current
2026|koshien|2026-08-16|第108回全国高等学校野球選手権大会|3R|英明|0|花巻東|4,2026,koshien,2026-08-16,第108回全国高等学校野球選手権大会,3R,national,香川,岩手,0,4,1016.2676,1006.1731,0.514523,11.96,-6.1537,1010.1139,1012.3268,-0.0,0.0,0,current
2026|koshien|2026-08-16|第108回全国高等学校野球選手権大会|3R|霞ヶ浦|2|横浜|5,2026,koshien,2026-08-16,第108回全国高等学校野球選手権大会,3R,national,茨城,神奈川,2,5,983.8751,1056.5007,0.378505,11.96,-4.5269,979.3482,1061.0277,-6.7602,6.7602,12,current
2026|koshien|2026-08-18|第108回全国高等学校野球選手権大会|QF|天理|7|三重|0,2026,koshien,2026-08-18,第108回全国高等学校野球選手権大会,QF,national,奈良,三重,7,0,1079.2191,992.6716,0.622038,11.96,4.5204,1083.7396,988.1512,-0.0,0.0,0,current
2026|koshien|2026-08-18|第108回全国高等学校野球選手権大会|QF|仙台育英|3|智辯和歌山|11,2026,koshien,2026-08-18,第108回全国高等学校野球選手権大会,QF,national,宮城,和歌山,3,11,1061.5164,1035.0388,0.538031,11.96,-6.4348,1055.0816,1041.4737,-0.0,0.0,0,current
2026|koshien|2026-08-18|第108回全国高等学校野球選手権大会|QF|花巻東|0|横浜|6,2026,koshien,2026-08-18,第108回全国高等学校野球選手権大会,QF,national,岩手,神奈川,0,6,1012.3268,1061.0277,0.430369,11.96,-5.1472,1007.1796,1066.1749,0.0,-0.0,0,current
2026|koshien|2026-08-18|第108回全国高等学校野球選手権大会|QF|健大高崎|1|有明|0,2026,koshien,2026-08-18,第108回全国高等学校野球選手権大会,QF,national,群馬,熊本,1,0,1051.9494,985.7449,0.593051,11.96,4.8671,1056.8165,980.8778,-0.3918,0.3918,1,current
2026|koshien|2026-08-20|第108回全国高等学校野球選手権大会|SF|智辯和歌山|7|横浜|1,2026,koshien,2026-08-20,第108回全国高等学校野球選手権大会,SF,national,和歌山,神奈川,7,1,1041.4737,1066.1749,0.465573,11.96,6.3917,1047.8654,1059.7831,0.3705,-0.3705,1,current
2026|koshien|2026-08-20|第108回全国高等学校野球選手権大会|SF|天理|0|健大高崎|1,2026,koshien,2026-08-20,第108回全国高等学校野球選手権大会,SF,national,奈良,群馬,0,1,1083.7396,1056.8165,0.542903,11.96,-6.4931,1077.2464,1063.3096,1.4813,-1.4813,2,current
2026|koshien|2026-08-22|第108回全国高等学校野球選手権大会|F|智辯和歌山|4|健大高崎|3,2026,koshien,2026-08-22,第108回全国高等学校野球選手権大会,F,national,和歌山,群馬,4,3,1047.8654,1063.3096,0.477789,11.96,6.2456,1054.1111,1057.064,0.0,-0.0,0,current
2026|autumn|2026-08-30|秋季北信越長野2026|地区予選|飯田風越|1|飯田|5,2026,autumn,2026-08-30,秋季北信越長野2026,地区予選,prefecture,長野,石川,1,5,938.2483,1051.0423,0.347345,4.8,-1.6673,936.5811,1052.7095,1.6125,-1.6125,19,current
2026|autumn|2026-08-31|秋季北信越長野2026|地区予選|飯田|2|伊那弥生ヶ丘|9,2026,autumn,2026-08-31,秋季北信越長野2026,地区予選,prefecture,石川,長野,2,9,1052.7095,936.5811,0.659244,4.8,-3.1644,1049.5452,939.7454,-0.7436,0.7436,20,current
